run_id,validation_version,condition,seed,topology,n_nodes,degree,episode_idx,hitting_time,path_entropy,accepted_moves,attempted_moves,accept_rate,start_node,final_node
v2_high_decay_s13,v2,high_decay,13,random_regular,100,4,0,34,2.484906649776,12,34,0.35294117647058826,41,74
v2_high_decay_s13,v2,high_decay,13,random_regular,100,4,1,12,1.791759469222055,6,12,0.5,71,52
v2_high_decay_s13,v2,high_decay,13,random_regular,100,4,2,59,2.966826759870555,29,59,0.4915254237288136,46,52
v2_high_decay_s13,v2,high_decay,13,random_regular,100,4,3,29,2.369382119683676,12,29,0.41379310344827586,68,74
v2_high_decay_s13,v2,high_decay,13,random_regular,100,4,4,0,0.0,0,0,,6,6
v2_high_decay_s13,v2,high_decay,13,random_regular,100,4,5,101,3.4761312408209912,35,101,0.3465346534653465,50,90
v2_high_decay_s13,v2,high_decay,13,random_regular,100,4,6,5,-1.000088900581841e-12,1,5,0.2,7,28
v2_high_decay_s13,v2,high_decay,13,random_regular,100,4,7,180,4.042978216918453,70,180,0.3888888888888889,57,28
v2_high_decay_s13,v2,high_decay,13,random_regular,100,4,8,10,1.3862943611158909,4,10,0.4,34,90
v2_high_decay_s13,v2,high_decay,13,random_regular,100,4,9,70,2.557507739061624,21,70,0.3,12,90
v2_high_decay_s13,v2,high_decay,13,random_regular,100,4,10,3,-1.000088900581841e-12,1,3,0.3333333333333333,14,28
v2_high_decay_s13,v2,high_decay,13,random_regular,100,4,11,5,1.0986122886651095,3,5,0.6,26,74
v2_high_decay_s13,v2,high_decay,13,random_regular,100,4,12,46,2.8341258765372603,23,46,0.5,99,6
v2_high_decay_s13,v2,high_decay,13,random_regular,100,4,13,14,1.9459101490483133,7,14,0.5,79,6
v2_high_decay_s13,v2,high_decay,13,random_regular,100,4,14,68,2.902002313186603,22,68,0.3235294117647059,19,90
v2_high_decay_s13,v2,high_decay,13,random_regular,100,4,15,7,1.0986122886651095,3,7,0.42857142857142855,71,6
v2_high_decay_s13,v2,high_decay,13,random_regular,100,4,16,33,2.302585092984045,10,33,0.30303030303030304,94,90
v2_high_decay_s13,v2,high_decay,13,random_regular,100,4,17,110,3.4502855905397403,39,110,0.35454545454545455,95,90
v2_high_decay_s13,v2,high_decay,13,random_regular,100,4,18,105,3.4186975763596656,38,105,0.3619047619047619,7,52
v2_high_decay_s13,v2,high_decay,13,random_regular,100,4,19,14,2.079441541671836,8,14,0.5714285714285714,17,6
v2_high_decay_s13,v2,high_decay,13,random_regular,100,4,20,369,4.5334487856876144,132,369,0.35772357723577236,49,90
v2_high_decay_s13,v2,high_decay,13,random_regular,100,4,21,186,3.9198409656311135,74,186,0.3978494623655914,13,90
v2_high_decay_s13,v2,high_decay,13,random_regular,100,4,22,5,1.3862943611158909,4,5,0.8,13,90
v2_high_decay_s13,v2,high_decay,13,random_regular,100,4,23,14,1.3862943611158909,4,14,0.2857142857142857,67,6
v2_high_decay_s13,v2,high_decay,13,random_regular,100,4,24,17,1.0986122886651095,3,17,0.17647058823529413,17,90
v2_high_decay_s13,v2,high_decay,13,random_regular,100,4,25,7,0.6931471805579453,2,7,0.2857142857142857,83,74
v2_high_decay_s13,v2,high_decay,13,random_regular,100,4,26,151,3.738555425452458,54,151,0.3576158940397351,34,28
v2_high_decay_s13,v2,high_decay,13,random_regular,100,4,27,209,4.209529949190862,88,209,0.42105263157894735,43,90
v2_high_decay_s13,v2,high_decay,13,random_regular,100,4,28,20,2.197224577327219,9,20,0.45,21,90
v2_high_decay_s13,v2,high_decay,13,random_regular,100,4,29,180,4.0426235218486495,66,180,0.36666666666666664,58,6
v2_high_decay_s13,v2,high_decay,13,random_regular,100,4,30,139,3.654807991279348,49,139,0.35251798561151076,30,90
v2_high_decay_s13,v2,high_decay,13,random_regular,100,4,31,80,3.031590575761233,25,80,0.3125,53,90
v2_high_decay_s13,v2,high_decay,13,random_regular,100,4,32,8,1.0986122886651095,3,8,0.375,56,90
v2_high_decay_s13,v2,high_decay,13,random_regular,100,4,33,43,2.639057329601259,14,43,0.32558139534883723,4,74
v2_high_decay_s13,v2,high_decay,13,random_regular,100,4,34,37,2.7080502010872096,15,37,0.40540540540540543,79,6
v2_high_decay_s13,v2,high_decay,13,random_regular,100,4,35,83,3.039115687997164,27,83,0.3253012048192771,79,52
v2_high_decay_s13,v2,high_decay,13,random_regular,100,4,36,8,1.0986122886651095,3,8,0.375,84,90
v2_high_decay_s13,v2,high_decay,13,random_regular,100,4,37,62,3.0047670351869598,24,62,0.3870967741935484,64,6
v2_high_decay_s13,v2,high_decay,13,random_regular,100,4,38,6,1.0986122886651095,3,6,0.5,26,90
v2_high_decay_s13,v2,high_decay,13,random_regular,100,4,39,238,4.180559797947409,82,238,0.3445378151260504,25,52
v2_high_decay_s13,v2,high_decay,13,random_regular,100,4,40,325,4.372838598478587,125,325,0.38461538461538464,55,52
v2_high_decay_s13,v2,high_decay,13,random_regular,100,4,41,0,0.0,0,0,,6,6
v2_high_decay_s13,v2,high_decay,13,random_regular,100,4,42,160,3.796266599551888,49,160,0.30625,38,74
v2_high_decay_s13,v2,high_decay,13,random_regular,100,4,43,47,2.447151308264912,18,47,0.3829787234042553,30,74
v2_high_decay_s13,v2,high_decay,13,random_regular,100,4,44,0,0.0,0,0,,6,6
v2_high_decay_s13,v2,high_decay,13,random_regular,100,4,45,124,3.632545289508276,47,124,0.3790322580645161,85,6
v2_high_decay_s13,v2,high_decay,13,random_regular,100,4,46,6,1.3862943611158909,4,6,0.6666666666666666,37,28
v2_high_decay_s13,v2,high_decay,13,random_regular,100,4,47,158,3.839303846158819,57,158,0.36075949367088606,8,52
v2_high_decay_s13,v2,high_decay,13,random_regular,100,4,48,139,3.425487595620984,46,139,0.33093525179856115,64,74
v2_high_decay_s13,v2,high_decay,13,random_regular,100,4,49,174,3.934098837134368,64,174,0.367816091954023,57,28
v2_high_decay_s13,v2,high_decay,13,random_regular,100,4,50,53,2.540036303807981,14,53,0.2641509433962264,23,52
v2_high_decay_s13,v2,high_decay,13,random_regular,100,4,51,9,1.0986122886651095,3,9,0.3333333333333333,39,28
v2_high_decay_s13,v2,high_decay,13,random_regular,100,4,52,59,2.6701198897918164,17,59,0.288135593220339,0,52
v2_high_decay_s13,v2,high_decay,13,random_regular,100,4,53,1,-1.000088900581841e-12,1,1,1.0,87,90
v2_high_decay_s13,v2,high_decay,13,random_regular,100,4,54,101,3.4544986414005443,33,101,0.32673267326732675,64,74
v2_high_decay_s13,v2,high_decay,13,random_regular,100,4,55,308,4.274367833249888,107,308,0.3474025974025974,99,90
v2_high_decay_s13,v2,high_decay,13,random_regular,100,4,56,235,4.13126812299455,81,235,0.3446808510638298,26,90
v2_high_decay_s13,v2,high_decay,13,random_regular,100,4,57,73,3.3549875695958247,30,73,0.410958904109589,79,74
v2_high_decay_s13,v2,high_decay,13,random_regular,100,4,58,66,2.725550395815721,19,66,0.2878787878787879,36,52
v2_high_decay_s13,v2,high_decay,13,random_regular,100,4,59,161,4.067427150062021,71,161,0.4409937888198758,66,90
v2_high_decay_s13,v2,high_decay,13,random_regular,100,4,60,77,3.4124897213676078,33,77,0.42857142857142855,91,74
v2_high_decay_s13,v2,high_decay,13,random_regular,100,4,61,7,1.6094379124291005,5,7,0.7142857142857143,76,74
v2_high_decay_s13,v2,high_decay,13,random_regular,100,4,62,82,3.14180415918923,27,82,0.32926829268292684,95,74
v2_high_decay_s13,v2,high_decay,13,random_regular,100,4,63,8,0.6931471805579453,2,8,0.25,85,90
v2_high_decay_s13,v2,high_decay,13,random_regular,100,4,64,25,2.0431918705371204,9,25,0.36,22,6
v2_high_decay_s13,v2,high_decay,13,random_regular,100,4,65,168,3.9090191343855087,62,168,0.36904761904761907,56,28
v2_high_decay_s13,v2,high_decay,13,random_regular,100,4,66,48,2.5649493574485365,13,48,0.2708333333333333,82,28
v2_high_decay_s13,v2,high_decay,13,random_regular,100,4,67,89,3.308777757559495,30,89,0.33707865168539325,33,90
v2_high_decay_s13,v2,high_decay,13,random_regular,100,4,68,100,3.16498553775291,28,100,0.28,9,52
v2_high_decay_s13,v2,high_decay,13,random_regular,100,4,69,133,3.59101670022478,45,133,0.3383458646616541,42,90
v2_high_decay_s13,v2,high_decay,13,random_regular,100,4,70,13,1.3862943611158909,4,13,0.3076923076923077,5,90
v2_high_decay_s13,v2,high_decay,13,random_regular,100,4,71,33,2.751666616915516,17,33,0.5151515151515151,35,28
v2_high_decay_s13,v2,high_decay,13,random_regular,100,4,72,283,4.537338757634992,119,283,0.4204946996466431,11,90
v2_high_decay_s13,v2,high_decay,13,random_regular,100,4,73,19,2.1639556568730565,10,19,0.5263157894736842,99,6
v2_high_decay_s13,v2,high_decay,13,random_regular,100,4,74,26,2.484906649776,12,26,0.46153846153846156,13,52
v2_high_decay_s13,v2,high_decay,13,random_regular,100,4,75,10,1.0986122886651095,3,10,0.3,43,6
v2_high_decay_s13,v2,high_decay,13,random_regular,100,4,76,0,0.0,0,0,,52,52
v2_high_decay_s13,v2,high_decay,13,random_regular,100,4,77,1,-1.000088900581841e-12,1,1,1.0,43,52
v2_high_decay_s13,v2,high_decay,13,random_regular,100,4,78,20,1.791759469222055,6,20,0.3,11,28
v2_high_decay_s13,v2,high_decay,13,random_regular,100,4,79,39,2.3516733018936304,13,39,0.3333333333333333,10,6
v2_high_decay_s13,v2,high_decay,13,random_regular,100,4,80,145,3.625991693406791,56,145,0.38620689655172413,92,52
v2_high_decay_s13,v2,high_decay,13,random_regular,100,4,81,205,3.97803954075338,72,205,0.35121951219512193,61,90
v2_high_decay_s13,v2,high_decay,13,random_regular,100,4,82,130,3.498515667114017,37,130,0.2846153846153846,91,90
v2_high_decay_s13,v2,high_decay,13,random_regular,100,4,83,244,4.2728409871224375,101,244,0.4139344262295082,72,74
v2_high_decay_s13,v2,high_decay,13,random_regular,100,4,84,20,1.7478680974607577,7,20,0.35,58,6
v2_high_decay_s13,v2,high_decay,13,random_regular,100,4,85,0,0.0,0,0,,90,90
v2_high_decay_s13,v2,high_decay,13,random_regular,100,4,86,19,2.079441541671836,8,19,0.42105263157894735,35,90
v2_high_decay_s13,v2,high_decay,13,random_regular,100,4,87,24,2.2718685126865625,11,24,0.4583333333333333,7,52
v2_high_decay_s13,v2,high_decay,13,random_regular,100,4,88,145,3.649743441409532,51,145,0.35172413793103446,56,28
v2_high_decay_s13,v2,high_decay,13,random_regular,100,4,89,33,2.106577333223116,14,33,0.42424242424242425,83,74
v2_high_decay_s13,v2,high_decay,13,random_regular,100,4,90,174,3.872739447637908,62,174,0.3563218390804598,39,52
v2_high_decay_s13,v2,high_decay,13,random_regular,100,4,91,69,3.0904599235931967,27,69,0.391304347826087,78,28
v2_high_decay_s13,v2,high_decay,13,random_regular,100,4,92,65,3.052520501511814,25,65,0.38461538461538464,45,28
v2_high_decay_s13,v2,high_decay,13,random_regular,100,4,93,3,-1.000088900581841e-12,1,3,0.3333333333333333,43,52
v2_high_decay_s13,v2,high_decay,13,random_regular,100,4,94,1,-1.000088900581841e-12,1,1,1.0,14,52
v2_high_decay_s13,v2,high_decay,13,random_regular,100,4,95,54,2.685945324654788,16,54,0.2962962962962963,93,90
v2_high_decay_s13,v2,high_decay,13,random_regular,100,4,96,114,3.5726345752559063,42,114,0.3684210526315789,91,90
v2_high_decay_s13,v2,high_decay,13,random_regular,100,4,97,133,3.795914420803827,51,133,0.38345864661654133,45,28
v2_high_decay_s13,v2,high_decay,13,random_regular,100,4,98,26,2.079441541671836,8,26,0.3076923076923077,85,74
v2_high_decay_s13,v2,high_decay,13,random_regular,100,4,99,27,2.2718685126865625,11,27,0.4074074074074074,56,52
v2_high_decay_s13,v2,high_decay,13,random_regular,100,4,100,69,3.0047670351869598,24,69,0.34782608695652173,85,90
v2_high_decay_s13,v2,high_decay,13,random_regular,100,4,101,22,2.0431918705371204,9,22,0.4090909090909091,97,52
v2_high_decay_s13,v2,high_decay,13,random_regular,100,4,102,3,0.6931471805579453,2,3,0.6666666666666666,91,28
v2_high_decay_s13,v2,high_decay,13,random_regular,100,4,103,3,-1.000088900581841e-12,1,3,0.3333333333333333,80,6
v2_high_decay_s13,v2,high_decay,13,random_regular,100,4,104,49,2.772588722223781,16,49,0.32653061224489793,2,6
v2_high_decay_s13,v2,high_decay,13,random_regular,100,4,105,59,3.098139496330803,26,59,0.4406779661016949,81,52
v2_high_decay_s13,v2,high_decay,13,random_regular,100,4,106,0,0.0,0,0,,28,28
v2_high_decay_s13,v2,high_decay,13,random_regular,100,4,107,5,0.6931471805579453,2,5,0.4,81,6
v2_high_decay_s13,v2,high_decay,13,random_regular,100,4,108,235,4.129176720269291,87,235,0.3702127659574468,26,90
v2_high_decay_s13,v2,high_decay,13,random_regular,100,4,109,70,3.1514585102190296,26,70,0.37142857142857144,94,28
v2_high_decay_s13,v2,high_decay,13,random_regular,100,4,110,23,2.197224577327219,9,23,0.391304347826087,39,6
v2_high_decay_s13,v2,high_decay,13,random_regular,100,4,111,68,3.028029073286411,22,68,0.3235294117647059,49,6
v2_high_decay_s13,v2,high_decay,13,random_regular,100,4,112,488,4.805460971604722,179,488,0.3668032786885246,73,6
v2_high_decay_s13,v2,high_decay,13,random_regular,100,4,113,109,3.3445488585774434,31,109,0.28440366972477066,29,6
v2_high_decay_s13,v2,high_decay,13,random_regular,100,4,114,42,2.1458417525857545,11,42,0.2619047619047619,24,6
v2_high_decay_s13,v2,high_decay,13,random_regular,100,4,115,84,3.418697576359666,38,84,0.4523809523809524,40,6
v2_high_decay_s13,v2,high_decay,13,random_regular,100,4,116,46,2.369382119683676,12,46,0.2608695652173913,43,6
v2_high_decay_s13,v2,high_decay,13,random_regular,100,4,117,43,2.772588722223781,16,43,0.37209302325581395,2,6
v2_high_decay_s13,v2,high_decay,13,random_regular,100,4,118,5,0.6931471805579453,2,5,0.4,81,6
v2_high_decay_s13,v2,high_decay,13,random_regular,100,4,119,5,1.0986122886651095,3,5,0.6,47,74
v2_high_decay_s13,v2,high_decay,13,random_regular,100,4,120,101,3.472414980727339,39,101,0.38613861386138615,42,90
v2_high_decay_s13,v2,high_decay,13,random_regular,100,4,121,107,3.349675945398848,42,107,0.3925233644859813,78,90
v2_high_decay_s13,v2,high_decay,13,random_regular,100,4,122,78,3.244492630381296,27,78,0.34615384615384615,21,28
v2_high_decay_s13,v2,high_decay,13,random_regular,100,4,123,1,-1.000088900581841e-12,1,1,1.0,54,28
v2_high_decay_s13,v2,high_decay,13,random_regular,100,4,124,12,1.3862943611158909,4,12,0.3333333333333333,53,90
v2_high_decay_s13,v2,high_decay,13,random_regular,100,4,125,54,2.8332133440392155,17,54,0.3148148148148148,16,90
v2_high_decay_s13,v2,high_decay,13,random_regular,100,4,126,0,0.0,0,0,,90,90
v2_high_decay_s13,v2,high_decay,13,random_regular,100,4,127,4,0.6931471805579453,2,4,0.5,15,52
v2_high_decay_s13,v2,high_decay,13,random_regular,100,4,128,9,1.3862943611158909,4,9,0.4444444444444444,34,28
v2_high_decay_s13,v2,high_decay,13,random_regular,100,4,129,87,3.139084278329093,39,87,0.4482758620689655,59,90
v2_high_decay_s13,v2,high_decay,13,random_regular,100,4,130,48,2.857102837424001,20,48,0.4166666666666667,30,74
v2_high_decay_s13,v2,high_decay,13,random_regular,100,4,131,33,2.1383330594990277,12,33,0.36363636363636365,59,74
v2_high_decay_s13,v2,high_decay,13,random_regular,100,4,132,19,2.079441541671836,8,19,0.42105263157894735,51,6
v2_high_decay_s13,v2,high_decay,13,random_regular,100,4,133,21,2.079441541671836,8,21,0.38095238095238093,84,52
v2_high_decay_s13,v2,high_decay,13,random_regular,100,4,134,182,3.940934875914119,58,182,0.31868131868131866,70,74
v2_high_decay_s13,v2,high_decay,13,random_regular,100,4,135,188,3.8294629561341695,68,188,0.3617021276595745,77,74
v2_high_decay_s13,v2,high_decay,13,random_regular,100,4,136,91,3.5065025850265608,36,91,0.3956043956043956,51,52
v2_high_decay_s13,v2,high_decay,13,random_regular,100,4,137,155,3.629250947686148,48,155,0.3096774193548387,51,28
v2_high_decay_s13,v2,high_decay,13,random_regular,100,4,138,212,3.9643793016562,74,212,0.3490566037735849,46,52
v2_high_decay_s13,v2,high_decay,13,random_regular,100,4,139,188,4.076800932646884,68,188,0.3617021276595745,70,6
v2_high_decay_s13,v2,high_decay,13,random_regular,100,4,140,19,2.197224577327219,9,19,0.47368421052631576,9,28
v2_high_decay_s13,v2,high_decay,13,random_regular,100,4,141,4,1.3862943611158909,4,4,1.0,68,74
v2_high_decay_s13,v2,high_decay,13,random_regular,100,4,142,215,4.227496740555894,81,215,0.3767441860465116,44,28
v2_high_decay_s13,v2,high_decay,13,random_regular,100,4,143,67,3.10797227595561,25,67,0.373134328358209,29,90
v2_high_decay_s13,v2,high_decay,13,random_regular,100,4,144,54,2.8903717578781647,18,54,0.3333333333333333,86,6
v2_high_decay_s13,v2,high_decay,13,random_regular,100,4,145,1,-1.000088900581841e-12,1,1,1.0,18,90
v2_high_decay_s13,v2,high_decay,13,random_regular,100,4,146,97,3.102810808003112,32,97,0.32989690721649484,12,52
v2_high_decay_s13,v2,high_decay,13,random_regular,100,4,147,22,2.302585092984045,10,22,0.45454545454545453,30,90
v2_high_decay_s13,v2,high_decay,13,random_regular,100,4,148,9,1.6094379124291005,5,9,0.5555555555555556,44,74
v2_high_decay_s13,v2,high_decay,13,random_regular,100,4,149,83,3.2285980368793616,33,83,0.39759036144578314,4,52
v2_high_decay_s13,v2,high_decay,13,random_regular,100,4,150,54,3.0910424533363146,22,54,0.4074074074074074,23,90
v2_high_decay_s13,v2,high_decay,13,random_regular,100,4,151,20,1.9459101490483133,7,20,0.35,26,90
v2_high_decay_s13,v2,high_decay,13,random_regular,100,4,152,9,1.0986122886651095,3,9,0.3333333333333333,93,6
v2_high_decay_s13,v2,high_decay,13,random_regular,100,4,153,166,3.766974429913653,61,166,0.3674698795180723,49,90
v2_high_decay_s13,v2,high_decay,13,random_regular,100,4,154,6,0.6931471805579453,2,6,0.3333333333333333,54,28
v2_high_decay_s13,v2,high_decay,13,random_regular,100,4,155,10,1.3862943611158909,4,10,0.4,73,28
v2_high_decay_s13,v2,high_decay,13,random_regular,100,4,156,27,2.3978952727873706,11,27,0.4074074074074074,39,52
v2_high_decay_s13,v2,high_decay,13,random_regular,100,4,157,4,1.0986122886651095,3,4,0.75,87,90
v2_high_decay_s13,v2,high_decay,13,random_regular,100,4,158,77,3.491660437469239,38,77,0.4935064935064935,62,90
v2_high_decay_s13,v2,high_decay,13,random_regular,100,4,159,226,4.164576800582741,84,226,0.37168141592920356,34,90
v2_high_decay_s13,v2,high_decay,13,random_regular,100,4,160,43,2.4762471329700326,17,43,0.3953488372093023,60,90
v2_high_decay_s13,v2,high_decay,13,random_regular,100,4,161,120,3.5910797779934107,52,120,0.43333333333333335,75,90
v2_high_decay_s13,v2,high_decay,13,random_regular,100,4,162,6,0.6931471805579453,2,6,0.3333333333333333,14,28
v2_high_decay_s13,v2,high_decay,13,random_regular,100,4,163,8,1.0986122886651095,3,8,0.375,73,74
v2_high_decay_s13,v2,high_decay,13,random_regular,100,4,164,150,3.789899661047492,54,150,0.36,78,52
v2_high_decay_s13,v2,high_decay,13,random_regular,100,4,165,12,1.3862943611158909,4,12,0.3333333333333333,95,74
v2_high_decay_s13,v2,high_decay,13,random_regular,100,4,166,9,1.0986122886651095,3,9,0.3333333333333333,95,6
v2_high_decay_s13,v2,high_decay,13,random_regular,100,4,167,8,0.6931471805579453,2,8,0.25,50,6
v2_high_decay_s13,v2,high_decay,13,random_regular,100,4,168,1,-1.000088900581841e-12,1,1,1.0,43,74
v2_high_decay_s13,v2,high_decay,13,random_regular,100,4,169,46,2.787788119369007,20,46,0.43478260869565216,53,52
v2_high_decay_s13,v2,high_decay,13,random_regular,100,4,170,118,3.5714886826414856,48,118,0.4067796610169492,65,90
v2_high_decay_s13,v2,high_decay,13,random_regular,100,4,171,0,0.0,0,0,,74,74
v2_high_decay_s13,v2,high_decay,13,random_regular,100,4,172,45,2.1535324566442537,15,45,0.3333333333333333,93,90
v2_high_decay_s13,v2,high_decay,13,random_regular,100,4,173,203,4.189101776617108,83,203,0.4088669950738916,38,52
v2_high_decay_s13,v2,high_decay,13,random_regular,100,4,174,10,1.791759469222055,6,10,0.6,80,6
v2_high_decay_s13,v2,high_decay,13,random_regular,100,4,175,318,4.436981944319981,109,318,0.34276729559748426,4,90
v2_high_decay_s13,v2,high_decay,13,random_regular,100,4,176,73,3.1836729714587872,28,73,0.3835616438356164,65,28
v2_high_decay_s13,v2,high_decay,13,random_regular,100,4,177,78,3.2958368659773285,27,78,0.34615384615384615,18,52
v2_high_decay_s13,v2,high_decay,13,random_regular,100,4,178,114,3.652313342929743,43,114,0.37719298245614036,32,52
v2_high_decay_s13,v2,high_decay,13,random_regular,100,4,179,329,4.497876273097046,123,329,0.3738601823708207,97,6
v2_high_decay_s13,v2,high_decay,13,random_regular,100,4,180,32,2.5070264355444176,17,32,0.53125,2,52
v2_high_decay_s13,v2,high_decay,13,random_regular,100,4,181,59,3.151458510219029,26,59,0.4406779661016949,31,74
v2_high_decay_s13,v2,high_decay,13,random_regular,100,4,182,30,1.9459101490483133,7,30,0.23333333333333334,27,90
v2_high_decay_s13,v2,high_decay,13,random_regular,100,4,183,142,3.750361689789087,49,142,0.34507042253521125,23,28
v2_high_decay_s13,v2,high_decay,13,random_regular,100,4,184,3,0.6931471805579453,2,3,0.6666666666666666,20,28
v2_high_decay_s13,v2,high_decay,13,random_regular,100,4,185,49,2.772588722223781,16,49,0.32653061224489793,80,90
v2_high_decay_s13,v2,high_decay,13,random_regular,100,4,186,411,4.449398871449182,136,411,0.3309002433090024,10,90
v2_high_decay_s13,v2,high_decay,13,random_regular,100,4,187,78,3.0752205480323718,23,78,0.2948717948717949,34,52
v2_high_decay_s13,v2,high_decay,13,random_regular,100,4,188,0,0.0,0,0,,28,28
v2_high_decay_s13,v2,high_decay,13,random_regular,100,4,189,13,1.9459101490483133,7,13,0.5384615384615384,18,6
v2_high_decay_s13,v2,high_decay,13,random_regular,100,4,190,43,2.889242505095635,24,43,0.5581395348837209,89,28
v2_high_decay_s13,v2,high_decay,13,random_regular,100,4,191,14,1.3862943611158909,4,14,0.2857142857142857,83,74
v2_high_decay_s13,v2,high_decay,13,random_regular,100,4,192,19,1.3862943611158909,4,19,0.21052631578947367,37,52
v2_high_decay_s13,v2,high_decay,13,random_regular,100,4,193,71,2.9650156932365066,22,71,0.30985915492957744,14,6
v2_high_decay_s13,v2,high_decay,13,random_regular,100,4,194,81,3.2491274088477446,32,81,0.3950617283950617,37,52
v2_high_decay_s13,v2,high_decay,13,random_regular,100,4,195,71,3.1282795608038727,29,71,0.4084507042253521,24,6
v2_high_decay_s13,v2,high_decay,13,random_regular,100,4,196,35,2.1458417525857545,11,35,0.3142857142857143,26,90
v2_high_decay_s13,v2,high_decay,13,random_regular,100,4,197,50,2.912494403312053,21,50,0.42,10,6
v2_high_decay_s13,v2,high_decay,13,random_regular,100,4,198,49,2.540036303807981,14,49,0.2857142857142857,25,74
v2_high_decay_s13,v2,high_decay,13,random_regular,100,4,199,21,2.441015278014703,14,21,0.6666666666666666,62,6
v2_high_decay_s13,v2,high_decay,13,random_regular,100,4,200,149,3.839509426606019,53,149,0.35570469798657717,36,6
v2_high_decay_s13,v2,high_decay,13,random_regular,100,4,201,50,2.926417555478996,20,50,0.4,14,6
v2_high_decay_s13,v2,high_decay,13,random_regular,100,4,202,87,3.544511778726858,41,87,0.47126436781609193,63,6
v2_high_decay_s13,v2,high_decay,13,random_regular,100,4,203,53,2.5649493574485365,13,53,0.24528301886792453,72,6
v2_high_decay_s13,v2,high_decay,13,random_regular,100,4,204,125,3.906511777100024,55,125,0.44,94,28
v2_high_decay_s13,v2,high_decay,13,random_regular,100,4,205,35,2.4583113296710835,13,35,0.37142857142857144,92,90
v2_high_decay_s13,v2,high_decay,13,random_regular,100,4,206,20,2.253857589591352,12,20,0.6,51,28
v2_high_decay_s13,v2,high_decay,13,random_regular,100,4,207,0,0.0,0,0,,90,90
v2_high_decay_s13,v2,high_decay,13,random_regular,100,4,208,53,2.813355404483615,18,53,0.33962264150943394,3,52
v2_high_decay_s13,v2,high_decay,13,random_regular,100,4,209,311,4.271844974105821,113,311,0.3633440514469453,91,90
v2_high_decay_s13,v2,high_decay,13,random_regular,100,4,210,119,3.370433343778708,44,119,0.3697478991596639,42,28
v2_high_decay_s13,v2,high_decay,13,random_regular,100,4,211,9,1.6094379124291005,5,9,0.5555555555555556,2,52
v2_high_decay_s13,v2,high_decay,13,random_regular,100,4,212,70,2.846480386116867,21,70,0.3,32,6
v2_high_decay_s13,v2,high_decay,13,random_regular,100,4,213,7,1.791759469222055,6,7,0.8571428571428571,82,74
v2_high_decay_s13,v2,high_decay,13,random_regular,100,4,214,66,2.925202764151108,24,66,0.36363636363636365,39,90
v2_high_decay_s13,v2,high_decay,13,random_regular,100,4,215,23,2.1639556568730565,10,23,0.43478260869565216,18,6
v2_high_decay_s13,v2,high_decay,13,random_regular,100,4,216,13,1.6094379124291005,5,13,0.38461538461538464,13,6
v2_high_decay_s13,v2,high_decay,13,random_regular,100,4,217,1,-1.000088900581841e-12,1,1,1.0,73,6
v2_high_decay_s13,v2,high_decay,13,random_regular,100,4,218,48,2.6593226976945163,18,48,0.375,51,90
v2_high_decay_s13,v2,high_decay,13,random_regular,100,4,219,26,2.369382119683676,12,26,0.46153846153846156,76,90
v2_high_decay_s13,v2,high_decay,13,random_regular,100,4,220,77,3.328471881301736,33,77,0.42857142857142855,17,90
v2_high_decay_s13,v2,high_decay,13,random_regular,100,4,221,17,1.3296613488507585,6,17,0.35294117647058826,13,74
v2_high_decay_s13,v2,high_decay,13,random_regular,100,4,222,155,4.0651187604263885,74,155,0.4774193548387097,9,28
v2_high_decay_s13,v2,high_decay,13,random_regular,100,4,223,0,0.0,0,0,,90,90
v2_high_decay_s13,v2,high_decay,13,random_regular,100,4,224,101,3.2828949078452725,37,101,0.36633663366336633,13,6
v2_high_decay_s13,v2,high_decay,13,random_regular,100,4,225,106,3.6462708705090767,44,106,0.41509433962264153,56,28
v2_high_decay_s13,v2,high_decay,13,random_regular,100,4,226,36,2.3046193848096714,14,36,0.3888888888888889,69,90
v2_high_decay_s13,v2,high_decay,13,random_regular,100,4,227,79,3.299829685639092,31,79,0.3924050632911392,89,6
v2_high_decay_s13,v2,high_decay,13,random_regular,100,4,228,14,1.0986122886651095,3,14,0.21428571428571427,68,74
v2_high_decay_s13,v2,high_decay,13,random_regular,100,4,229,124,3.534609643599159,55,124,0.4435483870967742,5,52
v2_high_decay_s13,v2,high_decay,13,random_regular,100,4,230,3,0.6931471805579453,2,3,0.6666666666666666,34,28
v2_high_decay_s13,v2,high_decay,13,random_regular,100,4,231,16,1.3321790402061222,5,16,0.3125,26,74
v2_high_decay_s13,v2,high_decay,13,random_regular,100,4,232,6,1.0986122886651095,3,6,0.5,91,74
v2_high_decay_s13,v2,high_decay,13,random_regular,100,4,233,102,3.3985393782638447,40,102,0.39215686274509803,10,90
v2_high_decay_s13,v2,high_decay,13,random_regular,100,4,234,243,4.084118925344082,81,243,0.3333333333333333,7,6
v2_high_decay_s13,v2,high_decay,13,random_regular,100,4,235,174,3.783607104130143,54,174,0.3103448275862069,83,52
v2_high_decay_s13,v2,high_decay,13,random_regular,100,4,236,17,1.5498260458732018,7,17,0.4117647058823529,7,28
v2_high_decay_s13,v2,high_decay,13,random_regular,100,4,237,87,3.5065025850265608,36,87,0.41379310344827586,73,52
v2_high_decay_s13,v2,high_decay,13,random_regular,100,4,238,40,2.430791328866232,15,40,0.375,40,28
v2_high_decay_s13,v2,high_decay,13,random_regular,100,4,239,40,2.813355404483615,18,40,0.45,96,52
v2_high_decay_s13,v2,high_decay,13,random_regular,100,4,240,39,2.4762471329700326,17,39,0.4358974358974359,83,6
v2_high_decay_s13,v2,high_decay,13,random_regular,100,4,241,178,3.946786016322238,68,178,0.38202247191011235,94,52
v2_high_decay_s13,v2,high_decay,13,random_regular,100,4,242,5,0.6931471805579453,2,5,0.4,80,6
v2_high_decay_s13,v2,high_decay,13,random_regular,100,4,243,0,0.0,0,0,,52,52
v2_high_decay_s13,v2,high_decay,13,random_regular,100,4,244,301,4.245258988752589,103,301,0.34219269102990035,62,52
v2_high_decay_s13,v2,high_decay,13,random_regular,100,4,245,90,3.0267861002338323,32,90,0.35555555555555557,87,52
v2_high_decay_s13,v2,high_decay,13,random_regular,100,4,246,3,0.6931471805579453,2,3,0.6666666666666666,14,28
v2_high_decay_s13,v2,high_decay,13,random_regular,100,4,247,86,3.444813797459462,34,86,0.3953488372093023,23,90
v2_high_decay_s13,v2,high_decay,13,random_regular,100,4,248,252,4.04291286959519,85,252,0.3373015873015873,35,6
v2_high_decay_s13,v2,high_decay,13,random_regular,100,4,249,103,3.342305863801964,40,103,0.3883495145631068,25,90
v2_high_decay_s13,v2,high_decay,13,random_regular,100,4,250,41,2.1458417525857545,11,41,0.2682926829268293,1,74
v2_high_decay_s13,v2,high_decay,13,random_regular,100,4,251,3,-1.000088900581841e-12,1,3,0.3333333333333333,73,74
v2_high_decay_s13,v2,high_decay,13,random_regular,100,4,252,3,1.0986122886651095,3,3,1.0,24,28
v2_high_decay_s13,v2,high_decay,13,random_regular,100,4,253,20,1.7478680974607577,7,20,0.35,82,52
v2_high_decay_s13,v2,high_decay,13,random_regular,100,4,254,130,3.614182604033629,47,130,0.36153846153846153,25,90
v2_high_decay_s13,v2,high_decay,13,random_regular,100,4,255,20,1.6094379124291005,5,20,0.25,41,28
v2_high_decay_s13,v2,high_decay,13,random_regular,100,4,256,5,-1.000088900581841e-12,1,5,0.2,98,52
v2_high_decay_s13,v2,high_decay,13,random_regular,100,4,257,71,3.205805710063748,32,71,0.4507042253521127,32,90
v2_high_decay_s13,v2,high_decay,13,random_regular,100,4,258,80,3.238231540321239,31,80,0.3875,45,90
v2_high_decay_s13,v2,high_decay,13,random_regular,100,4,259,35,2.4583113296710835,13,35,0.37142857142857144,27,6
v2_high_decay_s13,v2,high_decay,13,random_regular,100,4,260,17,2.079441541671836,8,17,0.47058823529411764,61,52
v2_high_decay_s13,v2,high_decay,13,random_regular,100,4,261,10,1.039720770836918,4,10,0.4,30,74
v2_high_decay_s13,v2,high_decay,13,random_regular,100,4,262,38,1.9251211907838184,13,38,0.34210526315789475,87,90
v2_high_decay_s13,v2,high_decay,13,random_regular,100,4,263,16,1.9459101490483133,7,16,0.4375,83,28
v2_high_decay_s13,v2,high_decay,13,random_regular,100,4,264,47,2.540036303807981,14,47,0.2978723404255319,15,74
v2_high_decay_s13,v2,high_decay,13,random_regular,100,4,265,15,1.9459101490483133,7,15,0.4666666666666667,58,52
v2_high_decay_s13,v2,high_decay,13,random_regular,100,4,266,231,4.332495660278973,99,231,0.42857142857142855,11,6
v2_high_decay_s13,v2,high_decay,13,random_regular,100,4,267,4,1.3862943611158909,4,4,1.0,61,74
v2_high_decay_s13,v2,high_decay,13,random_regular,100,4,268,3,0.6931471805579453,2,3,0.6666666666666666,18,6
v2_high_decay_s13,v2,high_decay,13,random_regular,100,4,269,109,3.4502855905397403,39,109,0.3577981651376147,37,52
v2_high_decay_s13,v2,high_decay,13,random_regular,100,4,270,54,2.736339051089065,18,54,0.3333333333333333,93,28
v2_high_decay_s13,v2,high_decay,13,random_regular,100,4,271,77,2.787093739156932,33,77,0.42857142857142855,84,28
v2_high_decay_s13,v2,high_decay,13,random_regular,100,4,272,34,2.8332133440392155,17,34,0.5,96,74
v2_high_decay_s13,v2,high_decay,13,random_regular,100,4,273,6,0.6931471805579453,2,6,0.3333333333333333,85,90
v2_high_decay_s13,v2,high_decay,13,random_regular,100,4,274,103,3.1938182357931018,37,103,0.3592233009708738,95,90
v2_high_decay_s13,v2,high_decay,13,random_regular,100,4,275,26,1.3296613488507585,6,26,0.23076923076923078,95,52
v2_high_decay_s13,v2,high_decay,13,random_regular,100,4,276,146,3.86566592398464,53,146,0.363013698630137,61,28
v2_high_decay_s13,v2,high_decay,13,random_regular,100,4,277,159,3.880696714486521,59,159,0.3710691823899371,49,28
v2_high_decay_s13,v2,high_decay,13,random_regular,100,4,278,34,2.639057329601259,14,34,0.4117647058823529,34,90
v2_high_decay_s13,v2,high_decay,13,random_regular,100,4,279,89,3.152706716658355,30,89,0.33707865168539325,33,52
v2_high_decay_s13,v2,high_decay,13,random_regular,100,4,280,144,3.5137264175968235,48,144,0.3333333333333333,1,28
v2_high_decay_s13,v2,high_decay,13,random_regular,100,4,281,316,4.344269981602014,110,316,0.34810126582278483,25,74
v2_high_decay_s13,v2,high_decay,13,random_regular,100,4,282,121,3.621412350279243,47,121,0.3884297520661157,58,52
v2_high_decay_s13,v2,high_decay,13,random_regular,100,4,283,63,3.0280290732864104,22,63,0.3492063492063492,96,28
v2_high_decay_s13,v2,high_decay,13,random_regular,100,4,284,44,2.871476118036867,19,44,0.4318181818181818,84,28
v2_high_decay_s13,v2,high_decay,13,random_regular,100,4,285,8,1.791759469222055,6,8,0.75,58,52
v2_high_decay_s13,v2,high_decay,13,random_regular,100,4,286,88,3.1184272811360554,33,88,0.375,3,90
v2_high_decay_s13,v2,high_decay,13,random_regular,100,4,287,0,0.0,0,0,,90,90
v2_high_decay_s13,v2,high_decay,13,random_regular,100,4,288,42,2.8332133440392155,17,42,0.40476190476190477,42,52
v2_high_decay_s13,v2,high_decay,13,random_regular,100,4,289,9,1.0986122886651095,3,9,0.3333333333333333,46,52
v2_high_decay_s13,v2,high_decay,13,random_regular,100,4,290,149,3.821004542469102,61,149,0.40939597315436244,19,28
v2_high_decay_s13,v2,high_decay,13,random_regular,100,4,291,6,1.0986122886651095,3,6,0.5,60,28
v2_high_decay_s13,v2,high_decay,13,random_regular,100,4,292,40,2.871476118036867,19,40,0.475,56,52
v2_high_decay_s13,v2,high_decay,13,random_regular,100,4,293,29,2.7080502010872096,15,29,0.5172413793103449,9,52
v2_high_decay_s13,v2,high_decay,13,random_regular,100,4,294,64,2.685945324654788,16,64,0.25,89,90
v2_high_decay_s13,v2,high_decay,13,random_regular,100,4,295,173,3.890777138351372,64,173,0.3699421965317919,3,28
v2_high_decay_s13,v2,high_decay,13,random_regular,100,4,296,49,2.553237002979714,18,49,0.3673469387755102,20,52
v2_high_decay_s13,v2,high_decay,13,random_regular,100,4,297,40,2.4583113296710835,13,40,0.325,83,6
v2_high_decay_s13,v2,high_decay,13,random_regular,100,4,298,90,2.8243648409045026,33,90,0.36666666666666664,23,6
v2_high_decay_s13,v2,high_decay,13,random_regular,100,4,299,16,1.0986122886651095,3,16,0.1875,35,28
v2_high_decay_s13,v2,high_decay,13,random_regular,100,4,300,53,2.9650156932365066,22,53,0.41509433962264153,53,74
v2_high_decay_s13,v2,high_decay,13,random_regular,100,4,301,13,1.0986122886651095,3,13,0.23076923076923078,43,52
v2_high_decay_s13,v2,high_decay,13,random_regular,100,4,302,4,1.039720770836918,4,4,1.0,83,74
v2_high_decay_s13,v2,high_decay,13,random_regular,100,4,303,12,1.791759469222055,6,12,0.5,91,28
v2_high_decay_s13,v2,high_decay,13,random_regular,100,4,304,12,1.3862943611158909,4,12,0.3333333333333333,30,74
v2_high_decay_s13,v2,high_decay,13,random_regular,100,4,305,28,2.484906649776,12,28,0.42857142857142855,46,6
v2_high_decay_s13,v2,high_decay,13,random_regular,100,4,306,92,3.3176975995541462,35,92,0.3804347826086957,59,52
v2_high_decay_s13,v2,high_decay,13,random_regular,100,4,307,133,3.738230894633928,46,133,0.3458646616541353,92,52
v2_high_decay_s13,v2,high_decay,13,random_regular,100,4,308,31,2.3978952727873706,11,31,0.3548387096774194,85,6
v2_high_decay_s13,v2,high_decay,13,random_regular,100,4,309,7,0.6931471805579453,2,7,0.2857142857142857,79,90
v2_high_decay_s13,v2,high_decay,13,random_regular,100,4,310,14,1.791759469222055,6,14,0.42857142857142855,95,90
v2_high_decay_s13,v2,high_decay,13,random_regular,100,4,311,39,2.5993019270857944,16,39,0.41025641025641024,20,90
v2_high_decay_s13,v2,high_decay,13,random_regular,100,4,312,63,3.163424050399405,25,63,0.3968253968253968,44,52
v2_high_decay_s13,v2,high_decay,13,random_regular,100,4,313,30,2.3046193848096714,14,30,0.4666666666666667,61,74
v2_high_decay_s13,v2,high_decay,13,random_regular,100,4,314,20,1.3862943611158909,4,20,0.2,85,90
v2_high_decay_s13,v2,high_decay,13,random_regular,100,4,315,70,3.151458510219029,26,70,0.37142857142857144,30,6
v2_high_decay_s13,v2,high_decay,13,random_regular,100,4,316,160,3.7258202336793778,58,160,0.3625,3,52
v2_high_decay_s13,v2,high_decay,13,random_regular,100,4,317,47,2.76162571218078,20,47,0.425531914893617,73,6
v2_high_decay_s13,v2,high_decay,13,random_regular,100,4,318,152,3.750361689789087,49,152,0.3223684210526316,96,52
v2_high_decay_s13,v2,high_decay,13,random_regular,100,4,319,31,2.5126585295168016,16,31,0.5161290322580645,7,28
v2_high_decay_s13,v2,high_decay,13,random_regular,100,4,320,327,4.4671957597481855,122,327,0.3730886850152905,80,28
v2_high_decay_s13,v2,high_decay,13,random_regular,100,4,321,96,3.39529715333848,37,96,0.3854166666666667,67,52
v2_high_decay_s13,v2,high_decay,13,random_regular,100,4,322,181,3.855631191814696,64,181,0.35359116022099446,18,52
v2_high_decay_s13,v2,high_decay,13,random_regular,100,4,323,167,4.096111988483007,72,167,0.4311377245508982,57,6
v2_high_decay_s13,v2,high_decay,13,random_regular,100,4,324,101,3.5761717653049288,46,101,0.45544554455445546,97,28
v2_high_decay_s13,v2,high_decay,13,random_regular,100,4,325,9,0.6931471805579453,2,9,0.2222222222222222,0,90
v2_high_decay_s13,v2,high_decay,13,random_regular,100,4,326,348,4.482751195537936,126,348,0.3620689655172414,10,6
v2_high_decay_s13,v2,high_decay,13,random_regular,100,4,327,114,3.732165102848344,47,114,0.41228070175438597,66,90
v2_high_decay_s13,v2,high_decay,13,random_regular,100,4,328,1,-1.000088900581841e-12,1,1,1.0,14,28
v2_high_decay_s13,v2,high_decay,13,random_regular,100,4,329,31,2.253857589591352,12,31,0.3870967741935484,41,52
v2_high_decay_s13,v2,high_decay,13,random_regular,100,4,330,26,2.197224577327219,9,26,0.34615384615384615,0,28
v2_high_decay_s13,v2,high_decay,13,random_regular,100,4,331,22,1.9459101490483133,7,22,0.3181818181818182,60,28
v2_high_decay_s13,v2,high_decay,13,random_regular,100,4,332,80,3.2163581334868363,30,80,0.375,72,90
v2_high_decay_s13,v2,high_decay,13,random_regular,100,4,333,36,2.685945324654788,16,36,0.4444444444444444,25,74
v2_high_decay_s13,v2,high_decay,13,random_regular,100,4,334,148,3.8487684590665623,63,148,0.42567567567567566,24,90
v2_high_decay_s13,v2,high_decay,13,random_regular,100,4,335,253,4.275353928171953,98,253,0.38735177865612647,63,74
v2_high_decay_s13,v2,high_decay,13,random_regular,100,4,336,93,3.389268031515795,31,93,0.3333333333333333,16,74
v2_high_decay_s13,v2,high_decay,13,random_regular,100,4,337,159,4.0216190618326815,66,159,0.41509433962264153,37,52
v2_high_decay_s13,v2,high_decay,13,random_regular,100,4,338,0,0.0,0,0,,90,90
v2_high_decay_s13,v2,high_decay,13,random_regular,100,4,339,45,2.7985132569262934,19,45,0.4222222222222222,47,74
v2_high_decay_s13,v2,high_decay,13,random_regular,100,4,340,161,4.003369806602741,70,161,0.43478260869565216,97,28
v2_high_decay_s13,v2,high_decay,13,random_regular,100,4,341,12,1.6094379124291005,5,12,0.4166666666666667,68,74
v2_high_decay_s13,v2,high_decay,13,random_regular,100,4,342,275,4.428556327509228,108,275,0.3927272727272727,46,74
v2_high_decay_s13,v2,high_decay,13,random_regular,100,4,343,66,2.588573162668117,17,66,0.25757575757575757,36,28
v2_high_decay_s13,v2,high_decay,13,random_regular,100,4,344,48,2.751666616915516,17,48,0.3541666666666667,3,52
v2_high_decay_s13,v2,high_decay,13,random_regular,100,4,345,62,2.894399544411038,23,62,0.3709677419354839,13,90
v2_high_decay_s13,v2,high_decay,13,random_regular,100,4,346,31,2.369382119683676,12,31,0.3870967741935484,85,74
v2_high_decay_s13,v2,high_decay,13,random_regular,100,4,347,0,0.0,0,0,,90,90
v2_high_decay_s13,v2,high_decay,13,random_regular,100,4,348,99,3.5592542927696083,49,99,0.494949494949495,82,74
v2_high_decay_s13,v2,high_decay,13,random_regular,100,4,349,70,3.062529300232621,24,70,0.34285714285714286,8,52
v2_high_decay_s13,v2,high_decay,13,random_regular,100,4,350,42,2.736339051089065,18,42,0.42857142857142855,11,90
v2_high_decay_s13,v2,high_decay,13,random_regular,100,4,351,20,1.9459101490483133,7,20,0.35,17,28
v2_high_decay_s13,v2,high_decay,13,random_regular,100,4,352,78,3.0752205480323718,23,78,0.2948717948717949,7,90
v2_high_decay_s13,v2,high_decay,13,random_regular,100,4,353,4,0.6931471805579453,2,4,0.5,55,6
v2_high_decay_s13,v2,high_decay,13,random_regular,100,4,354,18,2.079441541671836,8,18,0.4444444444444444,71,74
v2_high_decay_s13,v2,high_decay,13,random_regular,100,4,355,60,3.1656721668240384,31,60,0.5166666666666667,11,28
v2_high_decay_s13,v2,high_decay,13,random_regular,100,4,356,0,0.0,0,0,,6,6
v2_high_decay_s13,v2,high_decay,13,random_regular,100,4,357,125,3.757934986332627,54,125,0.432,84,28
v2_high_decay_s13,v2,high_decay,13,random_regular,100,4,358,47,2.441015278014703,14,47,0.2978723404255319,61,6
v2_high_decay_s13,v2,high_decay,13,random_regular,100,4,359,233,4.154497466159986,78,233,0.33476394849785407,79,74
v2_high_decay_s13,v2,high_decay,13,random_regular,100,4,360,38,2.557793860093732,17,38,0.4473684210526316,83,74
v2_high_decay_s13,v2,high_decay,13,random_regular,100,4,361,10,1.6094379124291005,5,10,0.5,91,74
v2_high_decay_s13,v2,high_decay,13,random_regular,100,4,362,15,1.9459101490483133,7,15,0.4666666666666667,41,28
v2_high_decay_s13,v2,high_decay,13,random_regular,100,4,363,21,2.079441541671836,8,21,0.38095238095238093,42,90
v2_high_decay_s13,v2,high_decay,13,random_regular,100,4,364,140,3.693778246480071,49,140,0.35,14,6
v2_high_decay_s13,v2,high_decay,13,random_regular,100,4,365,86,3.5157396511377024,35,86,0.4069767441860465,76,6
v2_high_decay_s13,v2,high_decay,13,random_regular,100,4,366,7,1.6094379124291005,5,7,0.7142857142857143,17,90
v2_high_decay_s13,v2,high_decay,13,random_regular,100,4,367,240,4.251009696683204,95,240,0.3958333333333333,99,90
v2_high_decay_s13,v2,high_decay,13,random_regular,100,4,368,75,3.422414203983732,32,75,0.4266666666666667,70,28
v2_high_decay_s13,v2,high_decay,13,random_regular,100,4,369,28,1.9459101490483133,7,28,0.25,56,90
v2_high_decay_s13,v2,high_decay,13,random_regular,100,4,370,246,4.236819962343553,84,246,0.34146341463414637,17,74
v2_high_decay_s13,v2,high_decay,13,random_regular,100,4,371,0,0.0,0,0,,74,74
v2_high_decay_s13,v2,high_decay,13,random_regular,100,4,372,81,3.090459923593197,27,81,0.3333333333333333,53,90
v2_high_decay_s13,v2,high_decay,13,random_regular,100,4,373,17,1.3862943611158909,4,17,0.23529411764705882,80,6
v2_high_decay_s13,v2,high_decay,13,random_regular,100,4,374,31,2.369382119683676,12,31,0.3870967741935484,2,52
v2_high_decay_s13,v2,high_decay,13,random_regular,100,4,375,68,2.813355404483615,18,68,0.2647058823529412,56,52
v2_high_decay_s13,v2,high_decay,13,random_regular,100,4,376,39,2.5649493574485365,13,39,0.3333333333333333,22,90
v2_high_decay_s13,v2,high_decay,13,random_regular,100,4,377,153,3.720560710350592,55,153,0.35947712418300654,19,74
v2_high_decay_s13,v2,high_decay,13,random_regular,100,4,378,76,3.160436201169992,33,76,0.4342105263157895,2,6
v2_high_decay_s13,v2,high_decay,13,random_regular,100,4,379,32,2.369382119683676,12,32,0.375,93,74
v2_high_decay_s13,v2,high_decay,13,random_regular,100,4,380,0,0.0,0,0,,28,28
v2_high_decay_s13,v2,high_decay,13,random_regular,100,4,381,1,-1.000088900581841e-12,1,1,1.0,26,28
v2_high_decay_s13,v2,high_decay,13,random_regular,100,4,382,0,0.0,0,0,,6,6
v2_high_decay_s13,v2,high_decay,13,random_regular,100,4,383,161,4.042978216918452,70,161,0.43478260869565216,79,52
v2_high_decay_s13,v2,high_decay,13,random_regular,100,4,384,140,3.821426741339817,58,140,0.4142857142857143,82,52
v2_high_decay_s13,v2,high_decay,13,random_regular,100,4,385,197,4.106554607849871,82,197,0.41624365482233505,27,74
v2_high_decay_s13,v2,high_decay,13,random_regular,100,4,386,34,2.7080502010872096,15,34,0.4411764705882353,98,90
v2_high_decay_s13,v2,high_decay,13,random_regular,100,4,387,47,2.736339051089065,18,47,0.3829787234042553,47,90
v2_high_decay_s13,v2,high_decay,13,random_regular,100,4,388,29,2.302585092984045,10,29,0.3448275862068966,65,52
v2_high_decay_s13,v2,high_decay,13,random_regular,100,4,389,7,1.0986122886651095,3,7,0.42857142857142855,47,90
v2_high_decay_s13,v2,high_decay,13,random_regular,100,4,390,5,-1.000088900581841e-12,1,5,0.2,98,52
v2_high_decay_s13,v2,high_decay,13,random_regular,100,4,391,0,0.0,0,0,,74,74
v2_high_decay_s13,v2,high_decay,13,random_regular,100,4,392,0,0.0,0,0,,52,52
v2_high_decay_s13,v2,high_decay,13,random_regular,100,4,393,66,3.120291565278284,24,66,0.36363636363636365,88,90
v2_high_decay_s13,v2,high_decay,13,random_regular,100,4,394,5,0.6931471805579453,2,5,0.4,23,52
v2_high_decay_s13,v2,high_decay,13,random_regular,100,4,395,196,4.022605899775065,85,196,0.4336734693877551,35,90
v2_high_decay_s13,v2,high_decay,13,random_regular,100,4,396,9,1.791759469222055,6,9,0.6666666666666666,46,52
v2_high_decay_s13,v2,high_decay,13,random_regular,100,4,397,23,2.197224577327219,9,23,0.391304347826087,86,90
v2_high_decay_s13,v2,high_decay,13,random_regular,100,4,398,15,1.054920167983144,5,15,0.3333333333333333,47,90
v2_high_decay_s13,v2,high_decay,13,random_regular,100,4,399,25,2.4583113296710835,13,25,0.52,97,90
v2_high_decay_s13,v2,high_decay,13,random_regular,100,4,400,6,1.3862943611158909,4,6,0.6666666666666666,68,74
v2_high_decay_s13,v2,high_decay,13,random_regular,100,4,401,15,1.791759469222055,6,15,0.4,88,28
v2_high_decay_s13,v2,high_decay,13,random_regular,100,4,402,1,-1.000088900581841e-12,1,1,1.0,47,90
v2_high_decay_s13,v2,high_decay,13,random_regular,100,4,403,34,2.079441541671836,8,34,0.23529411764705882,14,74
v2_high_decay_s13,v2,high_decay,13,random_regular,100,4,404,7,1.3862943611158909,4,7,0.5714285714285714,75,6
v2_high_decay_s13,v2,high_decay,13,random_regular,100,4,405,96,3.491660437469239,38,96,0.3958333333333333,79,74
v2_high_decay_s13,v2,high_decay,13,random_regular,100,4,406,50,2.813355404483615,18,50,0.36,39,90
v2_high_decay_s13,v2,high_decay,13,random_regular,100,4,407,7,1.3862943611158909,4,7,0.5714285714285714,96,28
v2_high_decay_s13,v2,high_decay,13,random_regular,100,4,408,79,3.2551105127007407,31,79,0.3924050632911392,89,6
v2_high_decay_s13,v2,high_decay,13,random_regular,100,4,409,322,4.496605151118045,123,322,0.38198757763975155,42,90
v2_high_decay_s13,v2,high_decay,13,random_regular,100,4,410,85,3.414951560972885,36,85,0.4235294117647059,26,90
v2_high_decay_s13,v2,high_decay,13,random_regular,100,4,411,30,2.197224577327219,9,30,0.3,46,74
v2_high_decay_s13,v2,high_decay,13,random_regular,100,4,412,16,1.791759469222055,6,16,0.375,20,74
v2_high_decay_s13,v2,high_decay,13,random_regular,100,4,413,247,4.151603140523764,83,247,0.3360323886639676,51,74
v2_high_decay_s13,v2,high_decay,13,random_regular,100,4,414,98,3.595149493727549,44,98,0.4489795918367347,92,6
v2_high_decay_s13,v2,high_decay,13,random_regular,100,4,415,259,4.489391757681379,112,259,0.43243243243243246,58,90
v2_high_decay_s13,v2,high_decay,13,random_regular,100,4,416,126,3.725012719197069,56,126,0.4444444444444444,5,28
v2_high_decay_s13,v2,high_decay,13,random_regular,100,4,417,71,3.2625679455231658,30,71,0.4225352112676056,0,28
v2_high_decay_s13,v2,high_decay,13,random_regular,100,4,418,350,4.545455698466957,122,350,0.3485714285714286,94,6
v2_high_decay_s13,v2,high_decay,13,random_regular,100,4,419,43,2.4914937218654387,21,43,0.4883720930232558,64,90
v2_high_decay_s13,v2,high_decay,13,random_regular,100,4,420,27,2.0431918705371204,9,27,0.3333333333333333,26,6
v2_high_decay_s13,v2,high_decay,13,random_regular,100,4,421,10,1.0986122886651095,3,10,0.3,71,74
v2_high_decay_s13,v2,high_decay,13,random_regular,100,4,422,84,3.444813797459462,34,84,0.40476190476190477,64,74
v2_high_decay_s13,v2,high_decay,13,random_regular,100,4,423,68,2.736339051089065,18,68,0.2647058823529412,21,52
v2_high_decay_s13,v2,high_decay,13,random_regular,100,4,424,5,0.6931471805579453,2,5,0.4,55,6
v2_high_decay_s13,v2,high_decay,13,random_regular,100,4,425,150,3.956922481138748,55,150,0.36666666666666664,59,28
v2_high_decay_s13,v2,high_decay,13,random_regular,100,4,426,513,4.834288553585576,193,513,0.3762183235867446,88,74
v2_high_decay_s13,v2,high_decay,13,random_regular,100,4,427,149,3.65074694985436,56,149,0.37583892617449666,99,74
v2_high_decay_s13,v2,high_decay,13,random_regular,100,4,428,62,2.5126585295168016,16,62,0.25806451612903225,32,52
v2_high_decay_s13,v2,high_decay,13,random_regular,100,4,429,237,4.161045556155104,87,237,0.3670886075949367,51,90
v2_high_decay_s13,v2,high_decay,13,random_regular,100,4,430,23,2.253857589591352,12,23,0.5217391304347826,4,90
v2_high_decay_s13,v2,high_decay,13,random_regular,100,4,431,123,3.658162873776453,44,123,0.35772357723577236,17,74
v2_high_decay_s13,v2,high_decay,13,random_regular,100,4,432,20,1.791759469222055,6,20,0.3,12,6
v2_high_decay_s13,v2,high_decay,13,random_regular,100,4,433,234,4.08888772642067,83,234,0.3547008547008547,58,6
v2_high_decay_s13,v2,high_decay,13,random_regular,100,4,434,21,1.9459101490483133,7,21,0.3333333333333333,25,52
v2_high_decay_s13,v2,high_decay,13,random_regular,100,4,435,68,3.308777757559495,30,68,0.4411764705882353,62,74
v2_high_decay_s13,v2,high_decay,13,random_regular,100,4,436,0,0.0,0,0,,28,28
v2_high_decay_s13,v2,high_decay,13,random_regular,100,4,437,140,3.4857612634957618,46,140,0.32857142857142857,36,6
v2_high_decay_s13,v2,high_decay,13,random_regular,100,4,438,15,1.791759469222055,6,15,0.4,5,28
v2_high_decay_s13,v2,high_decay,13,random_regular,100,4,439,1,-1.000088900581841e-12,1,1,1.0,48,52
v2_high_decay_s13,v2,high_decay,13,random_regular,100,4,440,0,0.0,0,0,,90,90
v2_high_decay_s13,v2,high_decay,13,random_regular,100,4,441,96,3.5924696275736783,39,96,0.40625,24,6
v2_high_decay_s13,v2,high_decay,13,random_regular,100,4,442,53,2.4583113296710835,13,53,0.24528301886792453,87,90
v2_high_decay_s13,v2,high_decay,13,random_regular,100,4,443,196,4.014768674521541,75,196,0.3826530612244898,25,74
v2_high_decay_s13,v2,high_decay,13,random_regular,100,4,444,2,-1.000088900581841e-12,1,2,0.5,71,6
v2_high_decay_s13,v2,high_decay,13,random_regular,100,4,445,58,2.8943995444110384,23,58,0.39655172413793105,84,90
v2_high_decay_s13,v2,high_decay,13,random_regular,100,4,446,23,2.302585092984045,10,23,0.43478260869565216,79,74
v2_high_decay_s13,v2,high_decay,13,random_regular,100,4,447,94,3.3445488585774434,31,94,0.32978723404255317,10,90
v2_high_decay_s13,v2,high_decay,13,random_regular,100,4,448,5,-1.000088900581841e-12,1,5,0.2,26,28
v2_high_decay_s13,v2,high_decay,13,random_regular,100,4,449,1,-1.000088900581841e-12,1,1,1.0,87,90
v2_high_decay_s13,v2,high_decay,13,random_regular,100,4,450,67,2.6023807799174823,22,67,0.3283582089552239,2,90
v2_high_decay_s13,v2,high_decay,13,random_regular,100,4,451,11,1.6094379124291005,5,11,0.45454545454545453,97,90
v2_high_decay_s13,v2,high_decay,13,random_regular,100,4,452,23,2.369382119683676,12,23,0.5217391304347826,1,52
v2_high_decay_s13,v2,high_decay,13,random_regular,100,4,453,220,4.230797574406783,87,220,0.39545454545454545,42,6
v2_high_decay_s13,v2,high_decay,13,random_regular,100,4,454,0,0.0,0,0,,6,6
v2_high_decay_s13,v2,high_decay,13,random_regular,100,4,455,6,1.0986122886651095,3,6,0.5,17,90
v2_high_decay_s13,v2,high_decay,13,random_regular,100,4,456,4,-1.000088900581841e-12,1,4,0.25,47,90
v2_high_decay_s13,v2,high_decay,13,random_regular,100,4,457,10,1.5607104090364066,6,10,0.6,16,6
v2_high_decay_s13,v2,high_decay,13,random_regular,100,4,458,86,3.319492576126754,29,86,0.3372093023255814,17,74
v2_high_decay_s13,v2,high_decay,13,random_regular,100,4,459,25,2.079441541671836,8,25,0.32,16,74
v2_high_decay_s13,v2,high_decay,13,random_regular,100,4,460,117,3.556923618315194,39,117,0.3333333333333333,44,6
v2_high_decay_s13,v2,high_decay,13,random_regular,100,4,461,78,3.119162312493754,32,78,0.41025641025641024,27,28
v2_high_decay_s13,v2,high_decay,13,random_regular,100,4,462,63,2.8332133440392155,17,63,0.2698412698412698,32,52
v2_high_decay_s13,v2,high_decay,13,random_regular,100,4,463,61,2.4583113296710835,13,61,0.21311475409836064,89,90
v2_high_decay_s13,v2,high_decay,13,random_regular,100,4,464,41,2.302585092984045,10,41,0.24390243902439024,21,90
v2_high_decay_s13,v2,high_decay,13,random_regular,100,4,465,323,4.30836534148332,114,323,0.35294117647058826,81,28
v2_high_decay_s13,v2,high_decay,13,random_regular,100,4,466,21,1.7478680974607577,7,21,0.3333333333333333,78,90
v2_high_decay_s13,v2,high_decay,13,random_regular,100,4,467,140,3.523355727944846,43,140,0.30714285714285716,91,52
v2_high_decay_s13,v2,high_decay,13,random_regular,100,4,468,49,2.639057329601259,14,49,0.2857142857142857,42,52
v2_high_decay_s13,v2,high_decay,13,random_regular,100,4,469,3,-1.000088900581841e-12,1,3,0.3333333333333333,73,6
v2_high_decay_s13,v2,high_decay,13,random_regular,100,4,470,6,-1.000088900581841e-12,1,6,0.16666666666666666,43,74
v2_high_decay_s13,v2,high_decay,13,random_regular,100,4,471,17,1.5498260458732018,7,17,0.4117647058823529,31,74
v2_high_decay_s13,v2,high_decay,13,random_regular,100,4,472,5,1.0986122886651095,3,5,0.6,39,28
v2_high_decay_s13,v2,high_decay,13,random_regular,100,4,473,118,3.600003096920692,43,118,0.3644067796610169,96,74
v2_high_decay_s13,v2,high_decay,13,random_regular,100,4,474,47,2.670119889791816,17,47,0.3617021276595745,82,28
v2_high_decay_s13,v2,high_decay,13,random_regular,100,4,475,30,2.302585092984045,10,30,0.3333333333333333,71,28
v2_high_decay_s13,v2,high_decay,13,random_regular,100,4,476,142,3.764627169924135,52,142,0.36619718309859156,13,90
v2_high_decay_s13,v2,high_decay,13,random_regular,100,4,477,263,4.203357798132568,92,263,0.34980988593155893,81,90
v2_high_decay_s13,v2,high_decay,13,random_regular,100,4,478,118,3.352360333881,39,118,0.3305084745762712,22,90
v2_high_decay_s13,v2,high_decay,13,random_regular,100,4,479,287,4.4057822714887305,112,287,0.3902439024390244,25,52
v2_high_decay_s13,v2,high_decay,13,random_regular,100,4,480,12,1.0986122886651095,3,12,0.25,63,90
v2_high_decay_s13,v2,high_decay,13,random_regular,100,4,481,266,4.240820469042492,94,266,0.3533834586466165,34,52
v2_high_decay_s13,v2,high_decay,13,random_regular,100,4,482,10,1.3862943611158909,4,10,0.4,93,6
v2_high_decay_s13,v2,high_decay,13,random_regular,100,4,483,1,-1.000088900581841e-12,1,1,1.0,73,74
v2_high_decay_s13,v2,high_decay,13,random_regular,100,4,484,121,3.222520735591929,38,121,0.3140495867768595,79,52
v2_high_decay_s13,v2,high_decay,13,random_regular,100,4,485,3,0.6931471805579453,2,3,0.6666666666666666,29,28
v2_high_decay_s13,v2,high_decay,13,random_regular,100,4,486,14,1.6094379124291005,5,14,0.35714285714285715,33,28
v2_high_decay_s13,v2,high_decay,13,random_regular,100,4,487,42,2.670119889791816,17,42,0.40476190476190477,99,52
v2_high_decay_s13,v2,high_decay,13,random_regular,100,4,488,54,2.5393673998675785,22,54,0.4074074074074074,68,74
v2_high_decay_s13,v2,high_decay,13,random_regular,100,4,489,283,4.289369280500988,111,283,0.392226148409894,84,90
v2_high_decay_s13,v2,high_decay,13,random_regular,100,4,490,11,1.0986122886651095,3,11,0.2727272727272727,70,52
v2_high_decay_s13,v2,high_decay,13,random_regular,100,4,491,1,-1.000088900581841e-12,1,1,1.0,14,28
v2_high_decay_s13,v2,high_decay,13,random_regular,100,4,492,74,3.233183484354926,28,74,0.3783783783783784,47,90
v2_high_decay_s13,v2,high_decay,13,random_regular,100,4,493,23,1.791759469222055,6,23,0.2608695652173913,16,28
v2_high_decay_s13,v2,high_decay,13,random_regular,100,4,494,30,2.61563057701355,15,30,0.5,15,74
v2_high_decay_s13,v2,high_decay,13,random_regular,100,4,495,97,3.2924491076317413,32,97,0.32989690721649484,40,74
v2_high_decay_s13,v2,high_decay,13,random_regular,100,4,496,4,-1.000088900581841e-12,1,4,0.25,71,6
v2_high_decay_s13,v2,high_decay,13,random_regular,100,4,497,29,2.2718685126865625,11,29,0.3793103448275862,23,52
v2_high_decay_s13,v2,high_decay,13,random_regular,100,4,498,31,2.484906649776,12,31,0.3870967741935484,71,74
v2_high_decay_s13,v2,high_decay,13,random_regular,100,4,499,86,3.183922421639312,35,86,0.4069767441860465,36,28
v2_high_decay_s13,v2,high_decay,13,random_regular,100,4,500,36,2.0431918705371204,9,36,0.25,99,74
v2_high_decay_s13,v2,high_decay,13,random_regular,100,4,501,7,1.3862943611158909,4,7,0.5714285714285714,8,28
v2_high_decay_s13,v2,high_decay,13,random_regular,100,4,502,115,3.3487945559086416,54,115,0.46956521739130436,82,28
v2_high_decay_s13,v2,high_decay,13,random_regular,100,4,503,7,0.6931471805579453,2,7,0.2857142857142857,5,28
v2_high_decay_s13,v2,high_decay,13,random_regular,100,4,504,153,3.709601179602438,56,153,0.3660130718954248,51,74
v2_high_decay_s13,v2,high_decay,13,random_regular,100,4,505,1,-1.000088900581841e-12,1,1,1.0,80,6
v2_high_decay_s13,v2,high_decay,13,random_regular,100,4,506,9,0.6931471805579453,2,9,0.2222222222222222,64,90
v2_high_decay_s13,v2,high_decay,13,random_regular,100,4,507,115,3.6552073074670393,46,115,0.4,82,28
v2_high_decay_s13,v2,high_decay,13,random_regular,100,4,508,9,1.7478680974607577,7,9,0.7777777777777778,79,52
v2_high_decay_s13,v2,high_decay,13,random_regular,100,4,509,219,3.889036434344007,72,219,0.3287671232876712,82,74
v2_high_decay_s13,v2,high_decay,13,random_regular,100,4,510,80,3.204777524107256,26,80,0.325,10,28
v2_high_decay_s13,v2,high_decay,13,random_regular,100,4,511,3,1.0986122886651095,3,3,1.0,71,6
v2_high_decay_s13,v2,high_decay,13,random_regular,100,4,512,75,3.308777757559495,30,75,0.4,55,74
v2_high_decay_s13,v2,high_decay,13,random_regular,100,4,513,141,3.7087269397119167,53,141,0.375886524822695,33,90
v2_high_decay_s13,v2,high_decay,13,random_regular,100,4,514,84,3.2625679455231658,30,84,0.35714285714285715,16,52
v2_high_decay_s13,v2,high_decay,13,random_regular,100,4,515,1,-1.000088900581841e-12,1,1,1.0,87,90
v2_high_decay_s13,v2,high_decay,13,random_regular,100,4,516,0,0.0,0,0,,6,6
v2_high_decay_s13,v2,high_decay,13,random_regular,100,4,517,152,3.507765148514602,63,152,0.4144736842105263,69,6
v2_high_decay_s13,v2,high_decay,13,random_regular,100,4,518,39,2.3034884952082693,15,39,0.38461538461538464,93,52
v2_high_decay_s13,v2,high_decay,13,random_regular,100,4,519,38,2.16822349160464,14,38,0.3684210526315789,29,6
v2_high_decay_s13,v2,high_decay,13,random_regular,100,4,520,151,3.978820032073776,60,151,0.3973509933774834,56,28
v2_high_decay_s13,v2,high_decay,13,random_regular,100,4,521,204,3.982438819838421,65,204,0.31862745098039214,99,28
v2_high_decay_s13,v2,high_decay,13,random_regular,100,4,522,61,2.630253356374264,18,61,0.29508196721311475,24,28
v2_high_decay_s13,v2,high_decay,13,random_regular,100,4,523,156,3.9376627749305553,69,156,0.4423076923076923,18,74
v2_high_decay_s13,v2,high_decay,13,random_regular,100,4,524,114,3.485587161020812,34,114,0.2982456140350877,75,90
v2_high_decay_s13,v2,high_decay,13,random_regular,100,4,525,3,1.0986122886651095,3,3,1.0,61,6
v2_high_decay_s13,v2,high_decay,13,random_regular,100,4,526,188,3.8761667516790186,63,188,0.3351063829787234,70,52
v2_high_decay_s13,v2,high_decay,13,random_regular,100,4,527,14,1.791759469222055,6,14,0.42857142857142855,98,6
v2_high_decay_s13,v2,high_decay,13,random_regular,100,4,528,15,1.0986122886651095,3,15,0.2,43,74
v2_high_decay_s13,v2,high_decay,13,random_regular,100,4,529,21,2.079441541671836,8,21,0.38095238095238093,60,74
v2_high_decay_s13,v2,high_decay,13,random_regular,100,4,530,185,3.702557915935542,57,185,0.3081081081081081,48,90
v2_high_decay_s13,v2,high_decay,13,random_regular,100,4,531,23,2.302585092984045,10,23,0.43478260869565216,12,28
v2_high_decay_s13,v2,high_decay,13,random_regular,100,4,532,412,4.584082760645579,145,412,0.35194174757281554,36,52
v2_high_decay_s13,v2,high_decay,13,random_regular,100,4,533,83,3.2238860684653137,29,83,0.3493975903614458,27,52
v2_high_decay_s13,v2,high_decay,13,random_regular,100,4,534,100,3.3486460064554078,37,100,0.37,4,74
v2_high_decay_s13,v2,high_decay,13,random_regular,100,4,535,199,3.926911886491797,74,199,0.37185929648241206,95,6
v2_high_decay_s13,v2,high_decay,13,random_regular,100,4,536,6,1.3862943611158909,4,6,0.6666666666666666,60,90
v2_high_decay_s13,v2,high_decay,13,random_regular,100,4,537,46,2.751666616915516,17,46,0.3695652173913043,9,6
v2_high_decay_s13,v2,high_decay,13,random_regular,100,4,538,133,3.4743791278060843,49,133,0.3684210526315789,87,90
v2_high_decay_s13,v2,high_decay,13,random_regular,100,4,539,218,4.092980615639383,79,218,0.3623853211009174,36,52
v2_high_decay_s13,v2,high_decay,13,random_regular,100,4,540,373,4.618115883171061,145,373,0.38873994638069703,20,74
v2_high_decay_s13,v2,high_decay,13,random_regular,100,4,541,52,2.7804663689216818,21,52,0.40384615384615385,81,28
v2_high_decay_s13,v2,high_decay,13,random_regular,100,4,542,30,2.197224577327219,9,30,0.3,42,52
v2_high_decay_s13,v2,high_decay,13,random_regular,100,4,543,31,2.5993019270857944,16,31,0.5161290322580645,9,52
v2_high_decay_s13,v2,high_decay,13,random_regular,100,4,544,6,1.0986122886651095,3,6,0.5,31,6
v2_high_decay_s13,v2,high_decay,13,random_regular,100,4,545,74,2.940142702665839,32,74,0.43243243243243246,24,6
v2_high_decay_s13,v2,high_decay,13,random_regular,100,4,546,0,0.0,0,0,,28,28
v2_high_decay_s13,v2,high_decay,13,random_regular,100,4,547,15,1.6094379124291005,5,15,0.3333333333333333,29,6
v2_high_decay_s13,v2,high_decay,13,random_regular,100,4,548,16,2.302585092984045,10,16,0.625,42,90
v2_high_decay_s13,v2,high_decay,13,random_regular,100,4,549,53,2.197224577327219,9,53,0.16981132075471697,67,90
v2_high_decay_s13,v2,high_decay,13,random_regular,100,4,550,102,3.291714404201028,34,102,0.3333333333333333,21,6
v2_high_decay_s13,v2,high_decay,13,random_regular,100,4,551,0,0.0,0,0,,6,6
v2_high_decay_s13,v2,high_decay,13,random_regular,100,4,552,3,0.6931471805579453,2,3,0.6666666666666666,83,74
v2_high_decay_s13,v2,high_decay,13,random_regular,100,4,553,158,3.786710656109511,59,158,0.37341772151898733,73,74
v2_high_decay_s13,v2,high_decay,13,random_regular,100,4,554,7,0.6931471805579453,2,7,0.2857142857142857,91,28
v2_high_decay_s13,v2,high_decay,13,random_regular,100,4,555,31,2.369382119683676,12,31,0.3870967741935484,2,28
v2_high_decay_s13,v2,high_decay,13,random_regular,100,4,556,164,3.88411010236432,58,164,0.35365853658536583,64,74
v2_high_decay_s13,v2,high_decay,13,random_regular,100,4,557,67,3.2958368659773285,27,67,0.40298507462686567,2,52
v2_high_decay_s13,v2,high_decay,13,random_regular,100,4,558,19,2.197224577327219,9,19,0.47368421052631576,60,74
v2_high_decay_s13,v2,high_decay,13,random_regular,100,4,559,14,1.9061547465328492,8,14,0.5714285714285714,79,90
v2_high_decay_s13,v2,high_decay,13,random_regular,100,4,560,3,-1.000088900581841e-12,1,3,0.3333333333333333,35,90
v2_high_decay_s13,v2,high_decay,13,random_regular,100,4,561,68,2.9785084205072385,21,68,0.3088235294117647,15,90
v2_high_decay_s13,v2,high_decay,13,random_regular,100,4,562,154,3.658132080208479,48,154,0.3116883116883117,86,28
v2_high_decay_s13,v2,high_decay,13,random_regular,100,4,563,8,0.6931471805579453,2,8,0.25,34,28
v2_high_decay_s13,v2,high_decay,13,random_regular,100,4,564,115,3.4817039797872185,42,115,0.3652173913043478,42,6
v2_high_decay_s13,v2,high_decay,13,random_regular,100,4,565,7,1.6094379124291005,5,7,0.7142857142857143,53,52
v2_high_decay_s13,v2,high_decay,13,random_regular,100,4,566,1,-1.000088900581841e-12,1,1,1.0,43,52
v2_high_decay_s13,v2,high_decay,13,random_regular,100,4,567,51,2.36060911397724,16,51,0.3137254901960784,8,52
v2_high_decay_s13,v2,high_decay,13,random_regular,100,4,568,44,2.3221879427950656,18,44,0.4090909090909091,98,52
v2_high_decay_s13,v2,high_decay,13,random_regular,100,4,569,38,2.302585092984045,10,38,0.2631578947368421,12,28
v2_high_decay_s13,v2,high_decay,13,random_regular,100,4,570,15,1.3862943611158909,4,15,0.26666666666666666,76,6
v2_high_decay_s13,v2,high_decay,13,random_regular,100,4,571,109,3.352360333881,39,109,0.3577981651376147,48,74
v2_high_decay_s13,v2,high_decay,13,random_regular,100,4,572,196,3.804759114270106,63,196,0.32142857142857145,22,52
v2_high_decay_s13,v2,high_decay,13,random_regular,100,4,573,322,4.423941510505973,131,322,0.40683229813664595,75,6
v2_high_decay_s13,v2,high_decay,13,random_regular,100,4,574,61,2.7804663689216818,21,61,0.3442622950819672,23,90
v2_high_decay_s13,v2,high_decay,13,random_regular,100,4,575,27,2.302585092984045,10,27,0.37037037037037035,56,6
v2_high_decay_s13,v2,high_decay,13,random_regular,100,4,576,277,4.2586658035037015,104,277,0.37545126353790614,84,28
v2_high_decay_s13,v2,high_decay,13,random_regular,100,4,577,63,2.7985132569262934,19,63,0.30158730158730157,86,74
v2_high_decay_s13,v2,high_decay,13,random_regular,100,4,578,289,4.2156201197043615,93,289,0.3217993079584775,40,74
v2_high_decay_s13,v2,high_decay,13,random_regular,100,4,579,65,2.751666616915516,17,65,0.26153846153846155,84,52
v2_high_decay_s13,v2,high_decay,13,random_regular,100,4,580,26,2.1639556568730565,10,26,0.38461538461538464,96,74
v2_high_decay_s13,v2,high_decay,13,random_regular,100,4,581,199,3.915019170743751,67,199,0.33668341708542715,97,90
v2_high_decay_s13,v2,high_decay,13,random_regular,100,4,582,97,3.322493706775413,34,97,0.35051546391752575,45,28
v2_high_decay_s13,v2,high_decay,13,random_regular,100,4,583,113,3.6101955050538983,45,113,0.39823008849557523,62,28
v2_high_decay_s13,v2,high_decay,13,random_regular,100,4,584,4,0.6931471805579453,2,4,0.5,73,90
v2_high_decay_s13,v2,high_decay,13,random_regular,100,4,585,167,3.8823137168199633,69,167,0.41317365269461076,59,90
v2_high_decay_s13,v2,high_decay,13,random_regular,100,4,586,0,0.0,0,0,,74,74
v2_high_decay_s13,v2,high_decay,13,random_regular,100,4,587,3,-1.000088900581841e-12,1,3,0.3333333333333333,87,90
v2_high_decay_s13,v2,high_decay,13,random_regular,100,4,588,125,3.4768454171194407,44,125,0.352,88,74
v2_high_decay_s13,v2,high_decay,13,random_regular,100,4,589,113,3.370480801334671,33,113,0.2920353982300885,86,28
v2_high_decay_s13,v2,high_decay,13,random_regular,100,4,590,30,2.441015278014703,14,30,0.4666666666666667,73,90
v2_high_decay_s13,v2,high_decay,13,random_regular,100,4,591,22,2.302585092984045,10,22,0.45454545454545453,63,90
v2_high_decay_s13,v2,high_decay,13,random_regular,100,4,592,146,3.781482146757235,57,146,0.3904109589041096,38,52
v2_high_decay_s13,v2,high_decay,13,random_regular,100,4,593,46,2.5649493574485365,13,46,0.2826086956521739,13,52
v2_high_decay_s13,v2,high_decay,13,random_regular,100,4,594,58,3.10797227595561,25,58,0.43103448275862066,51,90
v2_high_decay_s13,v2,high_decay,13,random_regular,100,4,595,25,2.0253262207620675,10,25,0.4,96,6
v2_high_decay_s13,v2,high_decay,13,random_regular,100,4,596,41,2.3978952727873706,11,41,0.2682926829268293,82,74
v2_high_decay_s13,v2,high_decay,13,random_regular,100,4,597,87,3.446277940884956,40,87,0.45977011494252873,65,52
v2_high_decay_s13,v2,high_decay,13,random_regular,100,4,598,28,2.0431918705371204,9,28,0.32142857142857145,94,28
v2_high_decay_s13,v2,high_decay,13,random_regular,100,4,599,233,4.099604009864251,79,233,0.33905579399141633,19,74
v2_high_decay_s13,v2,high_decay,13,random_regular,100,4,600,24,2.0431918705371204,9,24,0.375,86,28
v2_high_decay_s13,v2,high_decay,13,random_regular,100,4,601,20,1.5229550675263184,9,20,0.45,36,52
v2_high_decay_s13,v2,high_decay,13,random_regular,100,4,602,20,1.9061547465328492,8,20,0.4,65,52
v2_high_decay_s13,v2,high_decay,13,random_regular,100,4,603,63,2.912494403312053,21,63,0.3333333333333333,62,90
v2_high_decay_s13,v2,high_decay,13,random_regular,100,4,604,99,3.335770806415738,32,99,0.32323232323232326,61,52
v2_high_decay_s13,v2,high_decay,13,random_regular,100,4,605,57,2.912494403312053,21,57,0.3684210526315789,19,90
v2_high_decay_s13,v2,high_decay,13,random_regular,100,4,606,124,3.3420878669528977,43,124,0.3467741935483871,97,74
v2_high_decay_s13,v2,high_decay,13,random_regular,100,4,607,5,1.3862943611158909,4,5,0.8,34,90
v2_high_decay_s13,v2,high_decay,13,random_regular,100,4,608,25,2.5649493574485365,13,25,0.52,84,52
v2_high_decay_s13,v2,high_decay,13,random_regular,100,4,609,389,4.654283372552045,154,389,0.39588688946015427,59,90
v2_high_decay_s13,v2,high_decay,13,random_regular,100,4,610,45,2.813355404483615,18,45,0.4,75,52
v2_high_decay_s13,v2,high_decay,13,random_regular,100,4,611,88,3.176082814634593,29,88,0.32954545454545453,19,6
v2_high_decay_s13,v2,high_decay,13,random_regular,100,4,612,1,-1.000088900581841e-12,1,1,1.0,48,52
v2_high_decay_s13,v2,high_decay,13,random_regular,100,4,613,51,3.0047670351869598,24,51,0.47058823529411764,16,74
v2_high_decay_s13,v2,high_decay,13,random_regular,100,4,614,105,3.555191354626273,47,105,0.44761904761904764,60,6
v2_high_decay_s13,v2,high_decay,13,random_regular,100,4,615,1,-1.000088900581841e-12,1,1,1.0,73,74
v2_high_decay_s13,v2,high_decay,13,random_regular,100,4,616,261,4.290630375711025,94,261,0.36015325670498083,85,6
v2_high_decay_s13,v2,high_decay,13,random_regular,100,4,617,33,2.5649493574485365,13,33,0.3939393939393939,97,52
v2_high_decay_s13,v2,high_decay,13,random_regular,100,4,618,0,0.0,0,0,,52,52
v2_high_decay_s13,v2,high_decay,13,random_regular,100,4,619,55,2.8464803861168675,21,55,0.38181818181818183,87,90
v2_high_decay_s13,v2,high_decay,13,random_regular,100,4,620,10,1.6094379124291005,5,10,0.5,14,6
v2_high_decay_s13,v2,high_decay,13,random_regular,100,4,621,174,3.9926865996384624,66,174,0.3793103448275862,62,90
v2_high_decay_s13,v2,high_decay,13,random_regular,100,4,622,81,3.1836729714587872,28,81,0.345679012345679,66,90
v2_high_decay_s13,v2,high_decay,13,random_regular,100,4,623,5,1.0986122886651095,3,5,0.6,59,6
v2_high_decay_s13,v2,high_decay,13,random_regular,100,4,624,181,3.955759686525867,64,181,0.35359116022099446,67,90
v2_high_decay_s13,v2,high_decay,13,random_regular,100,4,625,46,2.9957322735339904,20,46,0.43478260869565216,62,52
v2_high_decay_s13,v2,high_decay,13,random_regular,100,4,626,153,3.6599739404105,58,153,0.3790849673202614,27,52
v2_high_decay_s13,v2,high_decay,13,random_regular,100,4,627,19,1.6094379124291005,5,19,0.2631578947368421,20,90
v2_high_decay_s13,v2,high_decay,13,random_regular,100,4,628,8,1.0986122886651095,3,8,0.375,12,28
v2_high_decay_s13,v2,high_decay,13,random_regular,100,4,629,7,1.0986122886651095,3,7,0.42857142857142855,87,90
v2_high_decay_s13,v2,high_decay,13,random_regular,100,4,630,17,1.6094379124291005,5,17,0.29411764705882354,88,52
v2_high_decay_s13,v2,high_decay,13,random_regular,100,4,631,126,3.583257490460173,44,126,0.3492063492063492,70,6
v2_high_decay_s13,v2,high_decay,13,random_regular,100,4,632,85,3.3969144201875685,35,85,0.4117647058823529,85,90
v2_high_decay_s13,v2,high_decay,13,random_regular,100,4,633,114,3.480935299911953,40,114,0.3508771929824561,31,6
v2_high_decay_s13,v2,high_decay,13,random_regular,100,4,634,40,2.61563057701355,15,40,0.375,9,6
v2_high_decay_s13,v2,high_decay,13,random_regular,100,4,635,35,2.430791328866232,15,35,0.42857142857142855,53,52
v2_high_decay_s13,v2,high_decay,13,random_regular,100,4,636,135,3.4768454171194403,44,135,0.32592592592592595,9,90
v2_high_decay_s13,v2,high_decay,13,random_regular,100,4,637,18,2.0431918705371204,9,18,0.5,23,90
v2_high_decay_s13,v2,high_decay,13,random_regular,100,4,638,132,3.6579891421496815,52,132,0.3939393939393939,81,52
v2_high_decay_s13,v2,high_decay,13,random_regular,100,4,639,2,0.6931471805579453,2,2,1.0,64,90
v2_high_decay_s13,v2,high_decay,13,random_regular,100,4,640,102,3.106496904622025,30,102,0.29411764705882354,33,6
v2_high_decay_s13,v2,high_decay,13,random_regular,100,4,641,35,2.4583113296710835,13,35,0.37142857142857144,59,52
v2_high_decay_s13,v2,high_decay,13,random_regular,100,4,642,30,2.772588722223781,16,30,0.5333333333333333,65,90
v2_high_decay_s13,v2,high_decay,13,random_regular,100,4,643,90,3.485587161020812,34,90,0.37777777777777777,22,28
v2_high_decay_s13,v2,high_decay,13,random_regular,100,4,644,7,0.6931471805579453,2,7,0.2857142857142857,81,6
v2_high_decay_s13,v2,high_decay,13,random_regular,100,4,645,210,3.962431094441176,71,210,0.3380952380952381,98,90
v2_high_decay_s13,v2,high_decay,13,random_regular,100,4,646,10,-1.000088900581841e-12,1,10,0.1,73,74
v2_high_decay_s13,v2,high_decay,13,random_regular,100,4,647,77,3.0904599235931967,27,77,0.35064935064935066,44,28
v2_high_decay_s13,v2,high_decay,13,random_regular,100,4,648,9,1.3862943611158909,4,9,0.4444444444444444,22,28
v2_high_decay_s13,v2,high_decay,13,random_regular,100,4,649,79,3.396914420187568,35,79,0.4430379746835443,17,6
v2_high_decay_s13,v2,high_decay,13,random_regular,100,4,650,412,4.796768379942263,160,412,0.3883495145631068,65,52
v2_high_decay_s13,v2,high_decay,13,random_regular,100,4,651,73,3.1209529938856866,31,73,0.4246575342465753,44,6
v2_high_decay_s13,v2,high_decay,13,random_regular,100,4,652,107,3.183922421638312,35,107,0.32710280373831774,3,52
v2_high_decay_s13,v2,high_decay,13,random_regular,100,4,653,161,3.881306425080663,55,161,0.3416149068322981,12,52
v2_high_decay_s13,v2,high_decay,13,random_regular,100,4,654,122,3.409438995061846,37,122,0.30327868852459017,38,90
v2_high_decay_s13,v2,high_decay,13,random_regular,100,4,655,58,2.7144523517264965,21,58,0.3620689655172414,70,52
v2_high_decay_s13,v2,high_decay,13,random_regular,100,4,656,123,3.414468955225028,43,123,0.34959349593495936,24,52
v2_high_decay_s13,v2,high_decay,13,random_regular,100,4,657,76,3.286462961268799,33,76,0.4342105263157895,41,52
v2_high_decay_s13,v2,high_decay,13,random_regular,100,4,658,0,0.0,0,0,,6,6
v2_high_decay_s13,v2,high_decay,13,random_regular,100,4,659,152,3.5688473958460807,50,152,0.32894736842105265,4,90
v2_high_decay_s13,v2,high_decay,13,random_regular,100,4,660,29,2.1639556568730565,10,29,0.3448275862068966,55,28
v2_high_decay_s13,v2,high_decay,13,random_regular,100,4,661,21,2.484906649776,12,21,0.5714285714285714,55,28
v2_high_decay_s13,v2,high_decay,13,random_regular,100,4,662,4,-1.000088900581841e-12,1,4,0.25,87,90
v2_high_decay_s13,v2,high_decay,13,random_regular,100,4,663,11,1.791759469222055,6,11,0.5454545454545454,34,90
v2_high_decay_s13,v2,high_decay,13,random_regular,100,4,664,36,2.685945324654788,16,36,0.4444444444444444,38,28
v2_high_decay_s13,v2,high_decay,13,random_regular,100,4,665,39,1.9061547465328492,8,39,0.20512820512820512,98,6
v2_high_decay_s13,v2,high_decay,13,random_regular,100,4,666,29,2.079441541671836,8,29,0.27586206896551724,23,74
v2_high_decay_s13,v2,high_decay,13,random_regular,100,4,667,196,3.664624336213487,57,196,0.29081632653061223,29,90
v2_high_decay_s13,v2,high_decay,13,random_regular,100,4,668,88,3.3445488585774434,31,88,0.3522727272727273,60,52
v2_high_decay_s13,v2,high_decay,13,random_regular,100,4,669,84,3.308777757559495,30,84,0.35714285714285715,65,6
v2_high_decay_s13,v2,high_decay,13,random_regular,100,4,670,130,3.4186975763596656,38,130,0.2923076923076923,57,52
v2_high_decay_s13,v2,high_decay,13,random_regular,100,4,671,107,3.1487931944445364,31,107,0.2897196261682243,78,90
v2_high_decay_s13,v2,high_decay,13,random_regular,100,4,672,12,1.9459101490483133,7,12,0.5833333333333334,4,74
v2_high_decay_s13,v2,high_decay,13,random_regular,100,4,673,18,1.6094379124291005,5,18,0.2777777777777778,26,90
v2_high_decay_s13,v2,high_decay,13,random_regular,100,4,674,15,2.0431918705371204,9,15,0.6,40,28
v2_high_decay_s13,v2,high_decay,13,random_regular,100,4,675,8,1.3862943611158909,4,8,0.5,46,52
v2_high_decay_s13,v2,high_decay,13,random_regular,100,4,676,20,2.0431918705371204,9,20,0.45,85,52
v2_high_decay_s13,v2,high_decay,13,random_regular,100,4,677,13,1.6094379124291005,5,13,0.38461538461538464,92,74
v2_high_decay_s13,v2,high_decay,13,random_regular,100,4,678,116,3.494504214522122,52,116,0.4482758620689655,97,6
v2_high_decay_s13,v2,high_decay,13,random_regular,100,4,679,32,2.369382119683676,12,32,0.375,93,6
v2_high_decay_s13,v2,high_decay,13,random_regular,100,4,680,243,4.061723715169348,84,243,0.345679012345679,47,90
v2_high_decay_s13,v2,high_decay,13,random_regular,100,4,681,78,3.1514585102190296,26,78,0.3333333333333333,24,6
v2_high_decay_s13,v2,high_decay,13,random_regular,100,4,682,50,2.736339051089065,18,50,0.36,33,74
v2_high_decay_s13,v2,high_decay,13,random_regular,100,4,683,43,2.813355404483615,18,43,0.4186046511627907,51,28
v2_high_decay_s13,v2,high_decay,13,random_regular,100,4,684,11,1.0986122886651095,3,11,0.2727272727272727,34,74
v2_high_decay_s13,v2,high_decay,13,random_regular,100,4,685,315,4.504990039760735,111,315,0.3523809523809524,61,6
v2_high_decay_s13,v2,high_decay,13,random_regular,100,4,686,10,1.9459101490483133,7,10,0.7,68,6
v2_high_decay_s13,v2,high_decay,13,random_regular,100,4,687,130,3.6988543332267927,53,130,0.4076923076923077,60,90
v2_high_decay_s13,v2,high_decay,13,random_regular,100,4,688,241,4.353783584214915,110,241,0.45643153526970953,8,28
v2_high_decay_s13,v2,high_decay,13,random_regular,100,4,689,7,1.6094379124291005,5,7,0.7142857142857143,17,74
v2_high_decay_s13,v2,high_decay,13,random_regular,100,4,690,662,4.918623538197782,216,662,0.32628398791540786,21,28
v2_high_decay_s13,v2,high_decay,13,random_regular,100,4,691,207,4.0702573955586585,70,207,0.33816425120772947,66,74
v2_high_decay_s13,v2,high_decay,13,random_regular,100,4,692,16,1.9459101490483133,7,16,0.4375,57,52
v2_high_decay_s13,v2,high_decay,13,random_regular,100,4,693,57,2.772588722223781,16,57,0.2807017543859649,60,74
v2_high_decay_s13,v2,high_decay,13,random_regular,100,4,694,22,1.9459101490483133,7,22,0.3181818181818182,55,52
v2_high_decay_s13,v2,high_decay,13,random_regular,100,4,695,62,2.8332133440392155,17,62,0.27419354838709675,20,28
v2_high_decay_s13,v2,high_decay,13,random_regular,100,4,696,53,2.926417555478996,20,53,0.37735849056603776,10,52
v2_high_decay_s13,v2,high_decay,13,random_regular,100,4,697,30,2.4583113296710835,13,30,0.43333333333333335,56,28
v2_high_decay_s13,v2,high_decay,13,random_regular,100,4,698,154,3.541146109547681,56,154,0.36363636363636365,65,74
v2_high_decay_s13,v2,high_decay,13,random_regular,100,4,699,45,2.3046193848096714,14,45,0.3111111111111111,99,52
v2_high_decay_s13,v2,high_decay,13,random_regular,100,4,700,79,3.0904599235931967,27,79,0.34177215189873417,88,90
v2_high_decay_s13,v2,high_decay,13,random_regular,100,4,701,69,2.7985132569262934,19,69,0.2753623188405797,78,74
v2_high_decay_s13,v2,high_decay,13,random_regular,100,4,702,34,2.5649493574485365,13,34,0.38235294117647056,13,74
v2_high_decay_s13,v2,high_decay,13,random_regular,100,4,703,59,2.846480386116867,21,59,0.3559322033898305,58,6
v2_high_decay_s13,v2,high_decay,13,random_regular,100,4,704,52,2.736339051089065,18,52,0.34615384615384615,4,52
v2_high_decay_s13,v2,high_decay,13,random_regular,100,4,705,265,4.370072864301376,102,265,0.3849056603773585,70,90
v2_high_decay_s13,v2,high_decay,13,random_regular,100,4,706,252,4.2303042291445525,96,252,0.38095238095238093,63,52
v2_high_decay_s13,v2,high_decay,13,random_regular,100,4,707,29,1.3321790402061222,5,29,0.1724137931034483,17,90
v2_high_decay_s13,v2,high_decay,13,random_regular,100,4,708,170,3.8170856899491215,60,170,0.35294117647058826,41,74
v2_high_decay_s13,v2,high_decay,13,random_regular,100,4,709,197,3.89631720123238,73,197,0.37055837563451777,99,6
v2_high_decay_s13,v2,high_decay,13,random_regular,100,4,710,0,0.0,0,0,,74,74
v2_high_decay_s13,v2,high_decay,13,random_regular,100,4,711,8,1.0986122886651095,3,8,0.375,24,28
v2_high_decay_s13,v2,high_decay,13,random_regular,100,4,712,191,3.946120419579997,73,191,0.38219895287958117,99,74
v2_high_decay_s13,v2,high_decay,13,random_regular,100,4,713,12,1.0986122886651095,3,12,0.25,17,90
v2_high_decay_s13,v2,high_decay,13,random_regular,100,4,714,129,3.5951494937275497,44,129,0.34108527131782945,84,6
v2_high_decay_s13,v2,high_decay,13,random_regular,100,4,715,45,2.736339051089065,18,45,0.4,59,90
v2_high_decay_s13,v2,high_decay,13,random_regular,100,4,716,528,4.597850794261883,202,528,0.38257575757575757,53,52
v2_high_decay_s13,v2,high_decay,13,random_regular,100,4,717,43,3.1780538303239454,24,43,0.5581395348837209,94,28
v2_high_decay_s13,v2,high_decay,13,random_regular,100,4,718,115,3.728960711904589,43,115,0.3739130434782609,45,6
v2_high_decay_s13,v2,high_decay,13,random_regular,100,4,719,1,-1.000088900581841e-12,1,1,1.0,98,52
v2_high_decay_s13,v2,high_decay,13,random_regular,100,4,720,4,-1.000088900581841e-12,1,4,0.25,35,90
v2_high_decay_s13,v2,high_decay,13,random_regular,100,4,721,29,2.9444389791474395,19,29,0.6551724137931034,11,28
v2_high_decay_s13,v2,high_decay,13,random_regular,100,4,722,2,-1.000088900581841e-12,1,2,0.5,50,6
v2_high_decay_s13,v2,high_decay,13,random_regular,100,4,723,28,2.3978952727873706,11,28,0.39285714285714285,91,28
v2_high_decay_s13,v2,high_decay,13,random_regular,100,4,724,40,2.736339051089065,18,40,0.45,25,6
v2_high_decay_s13,v2,high_decay,13,random_regular,100,4,725,155,3.797525114424959,58,155,0.3741935483870968,45,90
v2_high_decay_s13,v2,high_decay,13,random_regular,100,4,726,129,3.6579891421496815,52,129,0.40310077519379844,96,90
v2_high_decay_s13,v2,high_decay,13,random_regular,100,4,727,51,2.871476118036867,19,51,0.37254901960784315,22,52
v2_high_decay_s13,v2,high_decay,13,random_regular,100,4,728,2,0.6931471805579453,2,2,1.0,15,52
v2_high_decay_s13,v2,high_decay,13,random_regular,100,4,729,3,0.6931471805579453,2,3,0.6666666666666666,1,90
v2_high_decay_s13,v2,high_decay,13,random_regular,100,4,730,30,1.9459101490483133,7,30,0.23333333333333334,53,90
v2_high_decay_s13,v2,high_decay,13,random_regular,100,4,731,91,3.494162268924469,42,91,0.46153846153846156,50,74
v2_high_decay_s13,v2,high_decay,13,random_regular,100,4,732,186,4.1537416140325565,69,186,0.3709677419354839,17,6
v2_high_decay_s13,v2,high_decay,13,random_regular,100,4,733,32,2.0253262207620675,10,32,0.3125,0,90
v2_high_decay_s13,v2,high_decay,13,random_regular,100,4,734,69,3.2551105127007407,31,69,0.4492753623188406,26,6
v2_high_decay_s13,v2,high_decay,13,random_regular,100,4,735,128,3.5233557279458467,43,128,0.3359375,2,28
v2_high_decay_s13,v2,high_decay,13,random_regular,100,4,736,144,3.799589441487576,54,144,0.375,70,90
v2_high_decay_s13,v2,high_decay,13,random_regular,100,4,737,121,3.614764180484625,44,121,0.36363636363636365,31,90
v2_high_decay_s13,v2,high_decay,13,random_regular,100,4,738,106,3.5924696275736783,39,106,0.36792452830188677,81,90
v2_high_decay_s13,v2,high_decay,13,random_regular,100,4,739,0,0.0,0,0,,74,74
v2_high_decay_s13,v2,high_decay,13,random_regular,100,4,740,104,3.658162873776453,44,104,0.4230769230769231,32,52
v2_high_decay_s13,v2,high_decay,13,random_regular,100,4,741,49,2.273965716408247,16,49,0.32653061224489793,96,74
v2_high_decay_s13,v2,high_decay,13,random_regular,100,4,742,179,3.824465925639189,68,179,0.37988826815642457,35,28
v2_high_decay_s13,v2,high_decay,13,random_regular,100,4,743,159,3.5176269507625744,56,159,0.3522012578616352,21,6
v2_high_decay_s13,v2,high_decay,13,random_regular,100,4,744,25,2.079441541671836,8,25,0.32,83,28
v2_high_decay_s13,v2,high_decay,13,random_regular,100,4,745,69,3.1836729714587872,28,69,0.4057971014492754,40,52
v2_high_decay_s13,v2,high_decay,13,random_regular,100,4,746,116,3.2631392422727337,35,116,0.3017241379310345,97,52
v2_high_decay_s13,v2,high_decay,13,random_regular,100,4,747,0,0.0,0,0,,74,74
v2_high_decay_s13,v2,high_decay,13,random_regular,100,4,748,93,3.233183484354926,28,93,0.3010752688172043,55,6
v2_high_decay_s13,v2,high_decay,13,random_regular,100,4,749,106,3.323400536919209,36,106,0.33962264150943394,41,6
v2_high_decay_s13,v2,high_decay,13,random_regular,100,4,750,301,4.350260528317518,121,301,0.4019933554817276,93,90
v2_high_decay_s13,v2,high_decay,13,random_regular,100,4,751,9,1.0986122886651095,3,9,0.3333333333333333,20,28
v2_high_decay_s13,v2,high_decay,13,random_regular,100,4,752,11,0.6931471805579453,2,11,0.18181818181818182,38,28
v2_high_decay_s13,v2,high_decay,13,random_regular,100,4,753,101,3.2970367495686386,37,101,0.36633663366336633,68,90
v2_high_decay_s13,v2,high_decay,13,random_regular,100,4,754,0,0.0,0,0,,90,90
v2_high_decay_s13,v2,high_decay,13,random_regular,100,4,755,168,4.000614601815713,66,168,0.39285714285714285,24,6
v2_high_decay_s13,v2,high_decay,13,random_regular,100,4,756,0,0.0,0,0,,74,74
v2_high_decay_s13,v2,high_decay,13,random_regular,100,4,757,4,1.3862943611158909,4,4,1.0,91,52
v2_high_decay_s13,v2,high_decay,13,random_regular,100,4,758,68,3.0149468801585937,23,68,0.3382352941176471,22,28
v2_high_decay_s13,v2,high_decay,13,random_regular,100,4,759,74,2.966826759871555,29,74,0.3918918918918919,5,90
v2_high_decay_s13,v2,high_decay,13,random_regular,100,4,760,8,-1.000088900581841e-12,1,8,0.125,31,74
v2_high_decay_s13,v2,high_decay,13,random_regular,100,4,761,6,1.0986122886651095,3,6,0.5,26,28
v2_high_decay_s13,v2,high_decay,13,random_regular,100,4,762,22,1.5607104090364066,6,22,0.2727272727272727,1,74
v2_high_decay_s13,v2,high_decay,13,random_regular,100,4,763,303,4.123216786358198,98,303,0.3234323432343234,9,52
v2_high_decay_s13,v2,high_decay,13,random_regular,100,4,764,59,3.0149468801585937,23,59,0.3898305084745763,62,6
v2_high_decay_s13,v2,high_decay,13,random_regular,100,4,765,80,3.052520501511814,25,80,0.3125,60,6
v2_high_decay_s13,v2,high_decay,13,random_regular,100,4,766,52,3.1836729714587872,28,52,0.5384615384615384,49,52
v2_high_decay_s13,v2,high_decay,13,random_regular,100,4,767,24,2.302585092984045,10,24,0.4166666666666667,24,90
v2_high_decay_s13,v2,high_decay,13,random_regular,100,4,768,40,2.205598359016394,14,40,0.35,13,74
v2_high_decay_s13,v2,high_decay,13,random_regular,100,4,769,65,3.1931483947852626,27,65,0.4153846153846154,65,6
v2_high_decay_s13,v2,high_decay,13,random_regular,100,4,770,11,1.3862943611158909,4,11,0.36363636363636365,55,6
v2_high_decay_s13,v2,high_decay,13,random_regular,100,4,771,58,3.062529300232621,24,58,0.41379310344827586,7,6
v2_high_decay_s13,v2,high_decay,13,random_regular,100,4,772,239,4.141441343444496,76,239,0.3179916317991632,51,6
v2_high_decay_s13,v2,high_decay,13,random_regular,100,4,773,4,1.039720770836918,4,4,1.0,18,6
v2_high_decay_s13,v2,high_decay,13,random_regular,100,4,774,3,-1.000088900581841e-12,1,3,0.3333333333333333,7,28
v2_high_decay_s13,v2,high_decay,13,random_regular,100,4,775,16,1.6094379124291005,5,16,0.3125,97,52
v2_high_decay_s13,v2,high_decay,13,random_regular,100,4,776,67,3.065964511960632,28,67,0.417910447761194,99,6
v2_high_decay_s13,v2,high_decay,13,random_regular,100,4,777,253,4.166131255900034,88,253,0.34782608695652173,22,28
v2_high_decay_s13,v2,high_decay,13,random_regular,100,4,778,23,1.834371970274624,10,23,0.43478260869565216,23,52
v2_high_decay_s13,v2,high_decay,13,random_regular,100,4,779,80,3.335770806415738,32,80,0.4,38,74
v2_high_decay_s13,v2,high_decay,13,random_regular,100,4,780,16,1.5498260458732018,7,16,0.4375,48,52
v2_high_decay_s13,v2,high_decay,13,random_regular,100,4,781,19,2.079441541671836,8,19,0.42105263157894735,51,6
v2_high_decay_s13,v2,high_decay,13,random_regular,100,4,782,51,2.871476118036867,19,51,0.37254901960784315,23,52
v2_high_decay_s13,v2,high_decay,13,random_regular,100,4,783,236,4.145939820237395,86,236,0.3644067796610169,3,52
v2_high_decay_s13,v2,high_decay,13,random_regular,100,4,784,102,3.415689962593033,42,102,0.4117647058823529,8,74
v2_high_decay_s13,v2,high_decay,13,random_regular,100,4,785,12,1.9459101490483133,7,12,0.5833333333333334,87,90
v2_high_decay_s13,v2,high_decay,13,random_regular,100,4,786,127,3.617683558888374,46,127,0.36220472440944884,55,90
v2_high_decay_s13,v2,high_decay,13,random_regular,100,4,787,12,0.6931471805579453,2,12,0.16666666666666666,71,6
v2_high_decay_s13,v2,high_decay,13,random_regular,100,4,788,50,2.8332133440392155,17,50,0.34,56,28
v2_high_decay_s13,v2,high_decay,13,random_regular,100,4,789,76,3.163424050399405,25,76,0.32894736842105265,88,52
v2_high_decay_s13,v2,high_decay,13,random_regular,100,4,790,188,3.9506776796065255,66,188,0.35106382978723405,15,52
v2_high_decay_s13,v2,high_decay,13,random_regular,100,4,791,38,2.540036303807981,14,38,0.3684210526315789,4,52
v2_high_decay_s13,v2,high_decay,13,random_regular,100,4,792,161,3.9376627749305553,69,161,0.42857142857142855,24,28
v2_high_decay_s13,v2,high_decay,13,random_regular,100,4,793,69,3.271689322296034,29,69,0.42028985507246375,22,28
v2_high_decay_s13,v2,high_decay,13,random_regular,100,4,794,11,1.7478680974607577,7,11,0.6363636363636364,60,28
v2_high_decay_s13,v2,high_decay,13,random_regular,100,4,795,5,1.0986122886651095,3,5,0.6,25,52
v2_high_decay_s13,v2,high_decay,13,random_regular,100,4,796,7,1.0986122886651095,3,7,0.42857142857142855,43,52
v2_high_decay_s13,v2,high_decay,13,random_regular,100,4,797,15,1.6094379124291005,5,15,0.3333333333333333,36,52
v2_high_decay_s13,v2,high_decay,13,random_regular,100,4,798,0,0.0,0,0,,52,52
v2_high_decay_s13,v2,high_decay,13,random_regular,100,4,799,264,4.44925081174204,106,264,0.4015151515151515,62,52
v2_high_decay_s13,v2,high_decay,13,random_regular,100,4,800,15,0.6931471805579453,2,15,0.13333333333333333,13,74
v2_high_decay_s13,v2,high_decay,13,random_regular,100,4,801,111,3.444813797459462,34,111,0.3063063063063063,54,52
v2_high_decay_s13,v2,high_decay,13,random_regular,100,4,802,0,0.0,0,0,,74,74
v2_high_decay_s13,v2,high_decay,13,random_regular,100,4,803,94,3.2463841835256595,36,94,0.3829787234042553,70,74
v2_high_decay_s13,v2,high_decay,13,random_regular,100,4,804,10,1.9061547465328492,8,10,0.8,44,74
v2_high_decay_s13,v2,high_decay,13,random_regular,100,4,805,241,4.137477496768556,91,241,0.3775933609958506,49,90
v2_high_decay_s13,v2,high_decay,13,random_regular,100,4,806,22,1.9061547465328492,8,22,0.36363636363636365,10,52
v2_high_decay_s13,v2,high_decay,13,random_regular,100,4,807,4,0.6931471805579453,2,4,0.5,95,52
v2_high_decay_s13,v2,high_decay,13,random_regular,100,4,808,0,0.0,0,0,,52,52
v2_high_decay_s13,v2,high_decay,13,random_regular,100,4,809,180,4.036027569086533,68,180,0.37777777777777777,63,28
v2_high_decay_s13,v2,high_decay,13,random_regular,100,4,810,45,2.857102837424001,20,45,0.4444444444444444,51,52
v2_high_decay_s13,v2,high_decay,13,random_regular,100,4,811,23,2.1639556568730565,10,23,0.43478260869565216,0,28
v2_high_decay_s13,v2,high_decay,13,random_regular,100,4,812,69,3.4224142039837315,32,69,0.463768115942029,99,74
v2_high_decay_s13,v2,high_decay,13,random_regular,100,4,813,182,4.028917986946682,64,182,0.3516483516483517,25,52
v2_high_decay_s13,v2,high_decay,13,random_regular,100,4,814,0,0.0,0,0,,52,52
v2_high_decay_s13,v2,high_decay,13,random_regular,100,4,815,56,2.912494403312053,21,56,0.375,98,28
v2_high_decay_s13,v2,high_decay,13,random_regular,100,4,816,136,3.732165102848344,47,136,0.34558823529411764,96,74
v2_high_decay_s13,v2,high_decay,13,random_regular,100,4,817,73,3.135494215906149,23,73,0.3150684931506849,82,52
v2_high_decay_s13,v2,high_decay,13,random_regular,100,4,818,24,2.079441541671836,8,24,0.3333333333333333,59,6
v2_high_decay_s13,v2,high_decay,13,random_regular,100,4,819,91,3.3657769529518857,39,91,0.42857142857142855,97,74
v2_high_decay_s13,v2,high_decay,13,random_regular,100,4,820,56,2.6525875347051477,19,56,0.3392857142857143,87,74
v2_high_decay_s13,v2,high_decay,13,random_regular,100,4,821,18,1.3862943611158909,4,18,0.2222222222222222,92,90
v2_high_decay_s13,v2,high_decay,13,random_regular,100,4,822,60,3.062529300232621,24,60,0.4,20,90
v2_high_decay_s13,v2,high_decay,13,random_regular,100,4,823,314,4.511366492868648,122,314,0.3885350318471338,60,90
v2_high_decay_s13,v2,high_decay,13,random_regular,100,4,824,35,2.369382119683676,12,35,0.34285714285714286,79,6
v2_high_decay_s13,v2,high_decay,13,random_regular,100,4,825,24,1.7478680974607577,7,24,0.2916666666666667,86,74
v2_high_decay_s13,v2,high_decay,13,random_regular,100,4,826,12,1.3862943611158909,4,12,0.3333333333333333,32,52
v2_high_decay_s13,v2,high_decay,13,random_regular,100,4,827,218,4.163234148077645,85,218,0.38990825688073394,76,6
v2_high_decay_s13,v2,high_decay,13,random_regular,100,4,828,290,4.506510184565955,122,290,0.4206896551724138,31,6
v2_high_decay_s13,v2,high_decay,13,random_regular,100,4,829,254,4.204624624038183,98,254,0.3858267716535433,10,74
v2_high_decay_s13,v2,high_decay,13,random_regular,100,4,830,52,2.9785084205072385,21,52,0.40384615384615385,78,6
v2_high_decay_s13,v2,high_decay,13,random_regular,100,4,831,144,3.931717129119386,55,144,0.3819444444444444,5,90
v2_high_decay_s13,v2,high_decay,13,random_regular,100,4,832,19,1.791759469222055,6,19,0.3157894736842105,30,90
v2_high_decay_s13,v2,high_decay,13,random_regular,100,4,833,320,4.314809743991805,127,320,0.396875,12,28
v2_high_decay_s13,v2,high_decay,13,random_regular,100,4,834,78,3.14180415918923,27,78,0.34615384615384615,65,90
v2_high_decay_s13,v2,high_decay,13,random_regular,100,4,835,261,3.975450256449941,82,261,0.31417624521072796,84,6
v2_high_decay_s13,v2,high_decay,13,random_regular,100,4,836,0,0.0,0,0,,74,74
v2_high_decay_s13,v2,high_decay,13,random_regular,100,4,837,124,3.6654865248255626,49,124,0.3951612903225806,40,28
v2_high_decay_s13,v2,high_decay,13,random_regular,100,4,838,44,2.6235217562568094,21,44,0.4772727272727273,41,6
v2_high_decay_s13,v2,high_decay,13,random_regular,100,4,839,86,3.1836729714587872,28,86,0.32558139534883723,53,74
v2_high_decay_s13,v2,high_decay,13,random_regular,100,4,840,44,2.772588722223781,16,44,0.36363636363636365,37,90
v2_high_decay_s13,v2,high_decay,13,random_regular,100,4,841,78,3.2058430290251567,29,78,0.3717948717948718,92,28
v2_high_decay_s13,v2,high_decay,13,random_regular,100,4,842,56,3.0047670351869598,24,56,0.42857142857142855,69,90
v2_high_decay_s13,v2,high_decay,13,random_regular,100,4,843,10,1.3862943611158909,4,10,0.4,86,28
v2_high_decay_s13,v2,high_decay,13,random_regular,100,4,844,0,0.0,0,0,,90,90
v2_high_decay_s13,v2,high_decay,13,random_regular,100,4,845,15,1.0986122886651095,3,15,0.2,43,6
v2_high_decay_s13,v2,high_decay,13,random_regular,100,4,846,74,3.4339872044541457,31,74,0.4189189189189189,84,52
v2_high_decay_s13,v2,high_decay,13,random_regular,100,4,847,101,3.578323836314148,41,101,0.40594059405940597,42,28
v2_high_decay_s13,v2,high_decay,13,random_regular,100,4,848,74,3.062529300232621,24,74,0.32432432432432434,71,52
v2_high_decay_s13,v2,high_decay,13,random_regular,100,4,849,17,1.3862943611158909,4,17,0.23529411764705882,34,90
v2_high_decay_s13,v2,high_decay,13,random_regular,100,4,850,17,1.791759469222055,6,17,0.35294117647058826,83,28
v2_high_decay_s13,v2,high_decay,13,random_regular,100,4,851,21,1.9459101490483133,7,21,0.3333333333333333,21,52
v2_high_decay_s13,v2,high_decay,13,random_regular,100,4,852,77,3.3445488585774434,31,77,0.4025974025974026,19,52
v2_high_decay_s13,v2,high_decay,13,random_regular,100,4,853,129,3.4235808367852125,37,129,0.2868217054263566,94,90
v2_high_decay_s13,v2,high_decay,13,random_regular,100,4,854,0,0.0,0,0,,52,52
v2_high_decay_s13,v2,high_decay,13,random_regular,100,4,855,0,0.0,0,0,,28,28
v2_high_decay_s13,v2,high_decay,13,random_regular,100,4,856,6,1.3862943611158909,4,6,0.6666666666666666,91,6
v2_high_decay_s13,v2,high_decay,13,random_regular,100,4,857,136,3.670150006310868,55,136,0.40441176470588236,16,28
v2_high_decay_s13,v2,high_decay,13,random_regular,100,4,858,145,3.897125545560404,57,145,0.3931034482758621,45,90
v2_high_decay_s13,v2,high_decay,13,random_regular,100,4,859,59,2.725550395815721,19,59,0.3220338983050847,39,90
v2_high_decay_s13,v2,high_decay,13,random_regular,100,4,860,160,3.7887817158523793,62,160,0.3875,27,28
v2_high_decay_s13,v2,high_decay,13,random_regular,100,4,861,220,4.081418529205716,88,220,0.4,32,6
v2_high_decay_s13,v2,high_decay,13,random_regular,100,4,862,88,3.3549875695958247,30,88,0.3409090909090909,48,90
v2_high_decay_s13,v2,high_decay,13,random_regular,100,4,863,72,3.078014567724474,26,72,0.3611111111111111,91,90
v2_high_decay_s13,v2,high_decay,13,random_regular,100,4,864,40,2.8332133440392155,17,40,0.425,5,28
v2_high_decay_s13,v2,high_decay,13,random_regular,100,4,865,120,3.732165102848344,47,120,0.39166666666666666,91,28
v2_high_decay_s13,v2,high_decay,13,random_regular,100,4,866,160,4.001924938091442,60,160,0.375,16,6
v2_high_decay_s13,v2,high_decay,13,random_regular,100,4,867,0,0.0,0,0,,28,28
v2_high_decay_s13,v2,high_decay,13,random_regular,100,4,868,212,4.07178491936209,84,212,0.39622641509433965,81,74
v2_high_decay_s13,v2,high_decay,13,random_regular,100,4,869,2,-1.000088900581841e-12,1,2,0.5,73,6
v2_high_decay_s13,v2,high_decay,13,random_regular,100,4,870,23,2.197224577327219,9,23,0.391304347826087,76,90
v2_high_decay_s13,v2,high_decay,13,random_regular,100,4,871,10,1.6094379124291005,5,10,0.5,78,28
v2_high_decay_s13,v2,high_decay,13,random_regular,100,4,872,94,3.422414203983732,32,94,0.3404255319148936,99,28
v2_high_decay_s13,v2,high_decay,13,random_regular,100,4,873,112,3.5646232985788124,38,112,0.3392857142857143,63,74
v2_high_decay_s13,v2,high_decay,13,random_regular,100,4,874,46,2.978508420507238,21,46,0.45652173913043476,84,74
v2_high_decay_s13,v2,high_decay,13,random_regular,100,4,875,0,0.0,0,0,,28,28
v2_high_decay_s13,v2,high_decay,13,random_regular,100,4,876,14,1.791759469222055,6,14,0.42857142857142855,61,6
v2_high_decay_s13,v2,high_decay,13,random_regular,100,4,877,44,2.5649493574485365,13,44,0.29545454545454547,29,28
v2_high_decay_s13,v2,high_decay,13,random_regular,100,4,878,9,-1.000088900581841e-12,1,9,0.1111111111111111,43,74
v2_high_decay_s13,v2,high_decay,13,random_regular,100,4,879,8,-1.000088900581841e-12,1,8,0.125,50,6
v2_high_decay_s13,v2,high_decay,13,random_regular,100,4,880,65,2.8307134037366315,25,65,0.38461538461538464,42,6
v2_high_decay_s13,v2,high_decay,13,random_regular,100,4,881,10,1.6094379124291005,5,10,0.5,62,52
v2_high_decay_s13,v2,high_decay,13,random_regular,100,4,882,115,3.728960711904589,43,115,0.3739130434782609,11,28
v2_high_decay_s13,v2,high_decay,13,random_regular,100,4,883,11,1.9459101490483133,7,11,0.6363636363636364,41,90
v2_high_decay_s13,v2,high_decay,13,random_regular,100,4,884,19,1.3862943611158909,4,19,0.21052631578947367,71,6
v2_high_decay_s13,v2,high_decay,13,random_regular,100,4,885,53,2.5823063442999667,18,53,0.33962264150943394,58,90
v2_high_decay_s13,v2,high_decay,13,random_regular,100,4,886,80,3.297036749567639,37,80,0.4625,39,52
v2_high_decay_s13,v2,high_decay,13,random_regular,100,4,887,381,4.42138600318154,125,381,0.32808398950131235,35,6
v2_high_decay_s13,v2,high_decay,13,random_regular,100,4,888,103,3.5735540401009183,47,103,0.4563106796116505,27,52
v2_high_decay_s13,v2,high_decay,13,random_regular,100,4,889,1,-1.000088900581841e-12,1,1,1.0,26,28
v2_high_decay_s13,v2,high_decay,13,random_regular,100,4,890,68,2.4762471329700326,17,68,0.25,93,90
v2_high_decay_s13,v2,high_decay,13,random_regular,100,4,891,599,4.967784357339861,218,599,0.3639398998330551,60,28
v2_high_decay_s13,v2,high_decay,13,random_regular,100,4,892,138,3.817946183811361,52,138,0.37681159420289856,11,6
v2_high_decay_s13,v2,high_decay,13,random_regular,100,4,893,0,0.0,0,0,,74,74
v2_high_decay_s13,v2,high_decay,13,random_regular,100,4,894,8,1.6094379124291005,5,8,0.625,27,90
v2_high_decay_s13,v2,high_decay,13,random_regular,100,4,895,122,3.5155926589389503,40,122,0.32786885245901637,29,52
v2_high_decay_s13,v2,high_decay,13,random_regular,100,4,896,9,1.0986122886651095,3,9,0.3333333333333333,33,52
v2_high_decay_s13,v2,high_decay,13,random_regular,100,4,897,61,2.9650156932365066,22,61,0.36065573770491804,24,74
v2_high_decay_s13,v2,high_decay,13,random_regular,100,4,898,93,3.087847586394279,34,93,0.3655913978494624,44,74
v2_high_decay_s13,v2,high_decay,13,random_regular,100,4,899,29,2.540036303807981,14,29,0.4827586206896552,84,52
v2_high_decay_s13,v2,high_decay,13,random_regular,100,4,900,2,-1.000088900581841e-12,1,2,0.5,50,6
v2_high_decay_s13,v2,high_decay,13,random_regular,100,4,901,113,3.5756659739548984,43,113,0.3805309734513274,29,74
v2_high_decay_s13,v2,high_decay,13,random_regular,100,4,902,176,3.921745217412307,66,176,0.375,11,52
v2_high_decay_s13,v2,high_decay,13,random_regular,100,4,903,13,1.791759469222055,6,13,0.46153846153846156,60,52
v2_high_decay_s13,v2,high_decay,13,random_regular,100,4,904,130,3.548575759223393,49,130,0.3769230769230769,86,28
v2_high_decay_s13,v2,high_decay,13,random_regular,100,4,905,35,2.6701198897918164,17,35,0.4857142857142857,41,52
v2_high_decay_s13,v2,high_decay,13,random_regular,100,4,906,50,2.9957322735339904,20,50,0.4,60,6
v2_high_decay_s13,v2,high_decay,13,random_regular,100,4,907,229,4.297613384327298,101,229,0.4410480349344978,13,28
v2_high_decay_s13,v2,high_decay,13,random_regular,100,4,908,83,3.319492576126754,29,83,0.3493975903614458,10,52
v2_high_decay_s13,v2,high_decay,13,random_regular,100,4,909,0,0.0,0,0,,6,6
v2_high_decay_s13,v2,high_decay,13,random_regular,100,4,910,31,2.253857589591352,12,31,0.3870967741935484,45,74
v2_high_decay_s13,v2,high_decay,13,random_regular,100,4,911,7,1.3862943611158909,4,7,0.5714285714285714,38,52
v2_high_decay_s13,v2,high_decay,13,random_regular,100,4,912,9,1.0986122886651095,3,9,0.3333333333333333,98,52
v2_high_decay_s13,v2,high_decay,13,random_regular,100,4,913,128,3.606308599241318,46,128,0.359375,57,28
v2_high_decay_s13,v2,high_decay,13,random_regular,100,4,914,13,1.3862943611158909,4,13,0.3076923076923077,72,28
v2_high_decay_s13,v2,high_decay,13,random_regular,100,4,915,145,3.916986948035932,56,145,0.38620689655172413,39,6
v2_high_decay_s13,v2,high_decay,13,random_regular,100,4,916,112,3.5985677685257977,45,112,0.4017857142857143,3,6
v2_high_decay_s13,v2,high_decay,13,random_regular,100,4,917,143,3.4588769204538985,43,143,0.3006993006993007,21,90
v2_high_decay_s13,v2,high_decay,13,random_regular,100,4,918,34,2.5649493574485365,13,34,0.38235294117647056,48,90
v2_high_decay_s13,v2,high_decay,13,random_regular,100,4,919,244,4.1300161519958,78,244,0.319672131147541,89,52
v2_high_decay_s13,v2,high_decay,13,random_regular,100,4,920,257,4.268760610068616,90,257,0.35019455252918286,1,28
v2_high_decay_s13,v2,high_decay,13,random_regular,100,4,921,0,0.0,0,0,,90,90
v2_high_decay_s13,v2,high_decay,13,random_regular,100,4,922,440,4.744344359695712,172,440,0.39090909090909093,86,6
v2_high_decay_s13,v2,high_decay,13,random_regular,100,4,923,0,0.0,0,0,,6,6
v2_high_decay_s13,v2,high_decay,13,random_regular,100,4,924,18,1.6094379124291005,5,18,0.2777777777777778,58,6
v2_high_decay_s13,v2,high_decay,13,random_regular,100,4,925,102,3.467994408329786,36,102,0.35294117647058826,21,74
v2_high_decay_s13,v2,high_decay,13,random_regular,100,4,926,36,2.3978952727873706,11,36,0.3055555555555556,4,74
v2_high_decay_s13,v2,high_decay,13,random_regular,100,4,927,109,3.368446457810076,38,109,0.3486238532110092,22,74
v2_high_decay_s13,v2,high_decay,13,random_regular,100,4,928,11,2.1639556568730565,10,11,0.9090909090909091,81,6
v2_high_decay_s13,v2,high_decay,13,random_regular,100,4,929,40,2.639057329601259,14,40,0.35,77,28
v2_high_decay_s13,v2,high_decay,13,random_regular,100,4,930,138,3.717941794828361,50,138,0.36231884057971014,45,6
v2_high_decay_s13,v2,high_decay,13,random_regular,100,4,931,197,4.055307448593957,70,197,0.3553299492385787,55,90
v2_high_decay_s13,v2,high_decay,13,random_regular,100,4,932,4,0.6931471805579453,2,4,0.5,30,74
v2_high_decay_s13,v2,high_decay,13,random_regular,100,4,933,449,4.528275676661632,171,449,0.38084632516703787,25,90
v2_high_decay_s13,v2,high_decay,13,random_regular,100,4,934,29,2.253857589591352,12,29,0.41379310344827586,61,28
v2_high_decay_s13,v2,high_decay,13,random_regular,100,4,935,126,3.5951494937275488,44,126,0.3492063492063492,95,90
v2_high_decay_s13,v2,high_decay,13,random_regular,100,4,936,77,3.03514143277037,28,77,0.36363636363636365,5,52
v2_high_decay_s13,v2,high_decay,13,random_regular,100,4,937,119,3.544511778726858,41,119,0.3445378151260504,20,90
v2_high_decay_s13,v2,high_decay,13,random_regular,100,4,938,196,4.1034732476145335,82,196,0.41836734693877553,59,74
v2_high_decay_s13,v2,high_decay,13,random_regular,100,4,939,129,3.5726345752559063,42,129,0.32558139534883723,33,28
v2_high_decay_s13,v2,high_decay,13,random_regular,100,4,940,43,2.670119889791817,17,43,0.3953488372093023,67,52
v2_high_decay_s13,v2,high_decay,13,random_regular,100,4,941,16,1.3862943611158909,4,16,0.25,85,74
v2_high_decay_s13,v2,high_decay,13,random_regular,100,4,942,32,2.685945324654788,16,32,0.5,10,52
v2_high_decay_s13,v2,high_decay,13,random_regular,100,4,943,111,3.5233557279458467,43,111,0.38738738738738737,9,28
v2_high_decay_s13,v2,high_decay,13,random_regular,100,4,944,88,3.349675945398848,42,88,0.4772727272727273,55,74
v2_high_decay_s13,v2,high_decay,13,random_regular,100,4,945,25,2.079441541671836,8,25,0.32,11,28
v2_high_decay_s13,v2,high_decay,13,random_regular,100,4,946,28,2.639057329601259,14,28,0.5,49,74
v2_high_decay_s13,v2,high_decay,13,random_regular,100,4,947,113,3.461048251949615,37,113,0.3274336283185841,26,28
v2_high_decay_s13,v2,high_decay,13,random_regular,100,4,948,61,3.120291565278284,24,61,0.39344262295081966,47,90
v2_high_decay_s13,v2,high_decay,13,random_regular,100,4,949,37,2.484906649776,12,37,0.32432432432432434,82,52
v2_high_decay_s13,v2,high_decay,13,random_regular,100,4,950,1,-1.000088900581841e-12,1,1,1.0,35,90
v2_high_decay_s13,v2,high_decay,13,random_regular,100,4,951,42,2.4260151319478083,16,42,0.38095238095238093,57,6
v2_high_decay_s13,v2,high_decay,13,random_regular,100,4,952,49,2.813355404483615,18,49,0.3673469387755102,17,74
v2_high_decay_s13,v2,high_decay,13,random_regular,100,4,953,44,2.8332133440392155,17,44,0.38636363636363635,20,28
v2_high_decay_s13,v2,high_decay,13,random_regular,100,4,954,21,2.369382119683676,12,21,0.5714285714285714,12,52
v2_high_decay_s13,v2,high_decay,13,random_regular,100,4,955,35,2.3959081192819283,15,35,0.42857142857142855,30,74
v2_high_decay_s13,v2,high_decay,13,random_regular,100,4,956,22,2.3978952727873706,11,22,0.5,71,28
v2_high_decay_s13,v2,high_decay,13,random_regular,100,4,957,29,2.5649493574485365,13,29,0.4482758620689655,23,28
v2_high_decay_s13,v2,high_decay,13,random_regular,100,4,958,69,3.0752205480323718,23,69,0.3333333333333333,82,74
v2_high_decay_s13,v2,high_decay,13,random_regular,100,4,959,156,3.777842043503333,59,156,0.3782051282051282,94,52
v2_high_decay_s13,v2,high_decay,13,random_regular,100,4,960,28,2.639057329601259,14,28,0.5,53,28
v2_high_decay_s13,v2,high_decay,13,random_regular,100,4,961,68,3.0752205480323718,23,68,0.3382352941176471,70,90
v2_high_decay_s13,v2,high_decay,13,random_regular,100,4,962,30,2.61563057701355,15,30,0.5,61,74
v2_high_decay_s13,v2,high_decay,13,random_regular,100,4,963,80,3.281720343214064,34,80,0.425,62,6
v2_high_decay_s13,v2,high_decay,13,random_regular,100,4,964,77,3.233183484354926,28,77,0.36363636363636365,75,90
v2_high_decay_s13,v2,high_decay,13,random_regular,100,4,965,185,3.808995666627992,65,185,0.35135135135135137,62,90
v2_high_decay_s13,v2,high_decay,13,random_regular,100,4,966,217,4.112378654867356,73,217,0.33640552995391704,44,90
v2_high_decay_s13,v2,high_decay,13,random_regular,100,4,967,173,3.86566592398464,53,173,0.3063583815028902,20,74
v2_high_decay_s13,v2,high_decay,13,random_regular,100,4,968,54,2.871476118036867,19,54,0.35185185185185186,50,74
v2_high_decay_s13,v2,high_decay,13,random_regular,100,4,969,264,4.115220545652311,93,264,0.3522727272727273,92,90
v2_high_decay_s13,v2,high_decay,13,random_regular,100,4,970,123,3.328471881301735,33,123,0.2682926829268293,5,28
v2_high_decay_s13,v2,high_decay,13,random_regular,100,4,971,73,3.000356566236827,27,73,0.3698630136986301,62,90
v2_high_decay_s13,v2,high_decay,13,random_regular,100,4,972,224,3.922349050449881,75,224,0.33482142857142855,33,90
v2_high_decay_s13,v2,high_decay,13,random_regular,100,4,973,68,2.692310994125785,20,68,0.29411764705882354,84,52
v2_high_decay_s13,v2,high_decay,13,random_regular,100,4,974,3,-1.000088900581841e-12,1,3,0.3333333333333333,73,74
v2_high_decay_s13,v2,high_decay,13,random_regular,100,4,975,0,0.0,0,0,,52,52
v2_high_decay_s13,v2,high_decay,13,random_regular,100,4,976,128,3.5213776090567093,39,128,0.3046875,72,74
v2_high_decay_s13,v2,high_decay,13,random_regular,100,4,977,94,3.330230943692402,39,94,0.4148936170212766,5,74
v2_high_decay_s13,v2,high_decay,13,random_regular,100,4,978,187,3.9156679161238768,76,187,0.40641711229946526,8,52
v2_high_decay_s13,v2,high_decay,13,random_regular,100,4,979,42,2.3978952727873706,11,42,0.2619047619047619,36,28
v2_high_decay_s13,v2,high_decay,13,random_regular,100,4,980,121,3.68343632429644,45,121,0.371900826446281,63,90
v2_high_decay_s13,v2,high_decay,13,random_regular,100,4,981,159,3.816722917331467,66,159,0.41509433962264153,56,6
v2_high_decay_s13,v2,high_decay,13,random_regular,100,4,982,267,4.173695484305065,91,267,0.3408239700374532,58,90
v2_high_decay_s13,v2,high_decay,13,random_regular,100,4,983,110,3.5155926589389503,40,110,0.36363636363636365,3,6
v2_high_decay_s13,v2,high_decay,13,random_regular,100,4,984,26,2.0431918705371204,9,26,0.34615384615384615,31,28
v2_high_decay_s13,v2,high_decay,13,random_regular,100,4,985,241,4.09214768550962,83,241,0.34439834024896265,79,52
v2_high_decay_s13,v2,high_decay,13,random_regular,100,4,986,72,3.019736127116996,27,72,0.375,40,52
v2_high_decay_s13,v2,high_decay,13,random_regular,100,4,987,63,3.062529300232621,24,63,0.38095238095238093,56,90
v2_high_decay_s13,v2,high_decay,13,random_regular,100,4,988,116,3.5696508471174977,47,116,0.4051724137931034,11,90
v2_high_decay_s13,v2,high_decay,13,random_regular,100,4,989,22,2.079441541671836,8,22,0.36363636363636365,61,90
v2_high_decay_s13,v2,high_decay,13,random_regular,100,4,990,36,2.639057329601259,14,36,0.3888888888888889,23,28
v2_high_decay_s13,v2,high_decay,13,random_regular,100,4,991,37,1.8866967846510787,10,37,0.2702702702702703,51,6
v2_high_decay_s13,v2,high_decay,13,random_regular,100,4,992,29,2.3516733018936304,13,29,0.4482758620689655,57,74
v2_high_decay_s13,v2,high_decay,13,random_regular,100,4,993,82,3.060287092584696,30,82,0.36585365853658536,92,90
v2_high_decay_s13,v2,high_decay,13,random_regular,100,4,994,10,1.3862943611158909,4,10,0.4,50,74
v2_high_decay_s13,v2,high_decay,13,random_regular,100,4,995,0,0.0,0,0,,74,74
v2_high_decay_s13,v2,high_decay,13,random_regular,100,4,996,47,2.813355404483615,18,47,0.3829787234042553,49,28
v2_high_decay_s13,v2,high_decay,13,random_regular,100,4,997,79,3.1931483947852626,27,79,0.34177215189873417,17,90
v2_high_decay_s13,v2,high_decay,13,random_regular,100,4,998,1,-1.000088900581841e-12,1,1,1.0,35,90
v2_high_decay_s13,v2,high_decay,13,random_regular,100,4,999,57,2.813355404483615,18,57,0.3157894736842105,42,28
