run_id,validation_version,condition,seed,topology,n_nodes,degree,episode_idx,hitting_time,path_entropy,accepted_moves,attempted_moves,accept_rate,start_node,final_node
v2_high_decay_s23,v2,high_decay,23,random_regular,100,4,0,108,3.3445488585774434,31,108,0.28703703703703703,28,69
v2_high_decay_s23,v2,high_decay,23,random_regular,100,4,1,57,2.9785084205072385,21,57,0.3684210526315789,78,69
v2_high_decay_s23,v2,high_decay,23,random_regular,100,4,2,94,3.5079609899858237,39,94,0.4148936170212766,93,69
v2_high_decay_s23,v2,high_decay,23,random_regular,100,4,3,12,1.6094379124291005,5,12,0.4166666666666667,64,43
v2_high_decay_s23,v2,high_decay,23,random_regular,100,4,4,138,3.827309639098592,56,138,0.4057971014492754,72,43
v2_high_decay_s23,v2,high_decay,23,random_regular,100,4,5,59,2.6525875347051477,19,59,0.3220338983050847,4,2
v2_high_decay_s23,v2,high_decay,23,random_regular,100,4,6,109,3.4678540963178395,40,109,0.3669724770642202,89,2
v2_high_decay_s23,v2,high_decay,23,random_regular,100,4,7,21,2.1458417525857545,11,21,0.5238095238095238,86,94
v2_high_decay_s23,v2,high_decay,23,random_regular,100,4,8,200,4.132773693350457,85,200,0.425,57,43
v2_high_decay_s23,v2,high_decay,23,random_regular,100,4,9,17,2.0431918705371204,9,17,0.5294117647058824,57,43
v2_high_decay_s23,v2,high_decay,23,random_regular,100,4,10,10,2.079441541671836,8,10,0.8,40,37
v2_high_decay_s23,v2,high_decay,23,random_regular,100,4,11,77,3.2864629612688,33,77,0.42857142857142855,66,43
v2_high_decay_s23,v2,high_decay,23,random_regular,100,4,12,10,1.6094379124291005,5,10,0.5,26,43
v2_high_decay_s23,v2,high_decay,23,random_regular,100,4,13,3,-1.000088900581841e-12,1,3,0.3333333333333333,39,43
v2_high_decay_s23,v2,high_decay,23,random_regular,100,4,14,36,2.4583113296710835,13,36,0.3611111111111111,75,2
v2_high_decay_s23,v2,high_decay,23,random_regular,100,4,15,138,3.880696714486521,59,138,0.427536231884058,18,94
v2_high_decay_s23,v2,high_decay,23,random_regular,100,4,16,211,4.175545869107399,85,211,0.4028436018957346,40,69
v2_high_decay_s23,v2,high_decay,23,random_regular,100,4,17,13,1.9061547465328492,8,13,0.6153846153846154,29,69
v2_high_decay_s23,v2,high_decay,23,random_regular,100,4,18,121,3.6214123502792432,47,121,0.3884297520661157,3,43
v2_high_decay_s23,v2,high_decay,23,random_regular,100,4,19,25,2.2718685126865625,11,25,0.44,96,2
v2_high_decay_s23,v2,high_decay,23,random_regular,100,4,20,73,3.052520501511814,25,73,0.3424657534246575,33,2
v2_high_decay_s23,v2,high_decay,23,random_regular,100,4,21,87,3.2058430290251567,29,87,0.3333333333333333,3,69
v2_high_decay_s23,v2,high_decay,23,random_regular,100,4,22,7,0.6931471805579453,2,7,0.2857142857142857,72,94
v2_high_decay_s23,v2,high_decay,23,random_regular,100,4,23,0,0.0,0,0,,2,2
v2_high_decay_s23,v2,high_decay,23,random_regular,100,4,24,21,1.834371970274624,10,21,0.47619047619047616,17,2
v2_high_decay_s23,v2,high_decay,23,random_regular,100,4,25,204,4.207816480046213,78,204,0.38235294117647056,97,69
v2_high_decay_s23,v2,high_decay,23,random_regular,100,4,26,0,0.0,0,0,,37,37
v2_high_decay_s23,v2,high_decay,23,random_regular,100,4,27,22,2.3978952727873706,11,22,0.5,55,37
v2_high_decay_s23,v2,high_decay,23,random_regular,100,4,28,71,3.396914420187568,35,71,0.49295774647887325,10,2
v2_high_decay_s23,v2,high_decay,23,random_regular,100,4,29,117,3.5346599717214846,46,117,0.39316239316239315,95,43
v2_high_decay_s23,v2,high_decay,23,random_regular,100,4,30,155,3.937639810915242,54,155,0.34838709677419355,75,43
v2_high_decay_s23,v2,high_decay,23,random_regular,100,4,31,87,3.2551105127007407,31,87,0.3563218390804598,42,37
v2_high_decay_s23,v2,high_decay,23,random_regular,100,4,32,0,0.0,0,0,,69,69
v2_high_decay_s23,v2,high_decay,23,random_regular,100,4,33,19,1.791759469222055,6,19,0.3157894736842105,25,43
v2_high_decay_s23,v2,high_decay,23,random_regular,100,4,34,145,3.59076702163256,53,145,0.36551724137931035,67,94
v2_high_decay_s23,v2,high_decay,23,random_regular,100,4,35,18,2.079441541671836,8,18,0.4444444444444444,11,94
v2_high_decay_s23,v2,high_decay,23,random_regular,100,4,36,163,3.9659392032907057,61,163,0.37423312883435583,32,69
v2_high_decay_s23,v2,high_decay,23,random_regular,100,4,37,106,3.362689340942492,41,106,0.3867924528301887,51,69
v2_high_decay_s23,v2,high_decay,23,random_regular,100,4,38,128,3.4858315997982245,39,128,0.3046875,29,2
v2_high_decay_s23,v2,high_decay,23,random_regular,100,4,39,198,3.990183930099584,74,198,0.37373737373737376,67,2
v2_high_decay_s23,v2,high_decay,23,random_regular,100,4,40,16,1.3862943611158909,4,16,0.25,81,69
v2_high_decay_s23,v2,high_decay,23,random_regular,100,4,41,48,2.813355404483615,18,48,0.375,11,69
v2_high_decay_s23,v2,high_decay,23,random_regular,100,4,42,92,3.3861134216208097,37,92,0.40217391304347827,49,43
v2_high_decay_s23,v2,high_decay,23,random_regular,100,4,43,130,3.798504562506707,46,130,0.35384615384615387,67,43
v2_high_decay_s23,v2,high_decay,23,random_regular,100,4,44,86,3.370480801334671,33,86,0.38372093023255816,29,43
v2_high_decay_s23,v2,high_decay,23,random_regular,100,4,45,87,3.2551105127007407,31,87,0.3563218390804598,58,69
v2_high_decay_s23,v2,high_decay,23,random_regular,100,4,46,69,3.028850348034614,33,69,0.4782608695652174,61,94
v2_high_decay_s23,v2,high_decay,23,random_regular,100,4,47,49,2.61563057701355,15,49,0.30612244897959184,19,43
v2_high_decay_s23,v2,high_decay,23,random_regular,100,4,48,203,4.034158494170539,88,203,0.43349753694581283,30,69
v2_high_decay_s23,v2,high_decay,23,random_regular,100,4,49,65,3.028029073286411,22,65,0.3384615384615385,29,2
v2_high_decay_s23,v2,high_decay,23,random_regular,100,4,50,18,2.197224577327219,9,18,0.5,55,43
v2_high_decay_s23,v2,high_decay,23,random_regular,100,4,51,93,3.4761312408209912,35,93,0.3763440860215054,98,37
v2_high_decay_s23,v2,high_decay,23,random_regular,100,4,52,11,1.6094379124291005,5,11,0.45454545454545453,7,37
v2_high_decay_s23,v2,high_decay,23,random_regular,100,4,53,42,2.484906649776,12,42,0.2857142857142857,98,43
v2_high_decay_s23,v2,high_decay,23,random_regular,100,4,54,72,2.7646927366202907,32,72,0.4444444444444444,72,43
v2_high_decay_s23,v2,high_decay,23,random_regular,100,4,55,36,2.445467830395647,17,36,0.4722222222222222,10,94
v2_high_decay_s23,v2,high_decay,23,random_regular,100,4,56,35,2.302585092984045,10,35,0.2857142857142857,51,43
v2_high_decay_s23,v2,high_decay,23,random_regular,100,4,57,88,3.2826939972510645,28,88,0.3181818181818182,19,2
v2_high_decay_s23,v2,high_decay,23,random_regular,100,4,58,97,3.587834535437795,43,97,0.44329896907216493,77,2
v2_high_decay_s23,v2,high_decay,23,random_regular,100,4,59,163,3.752636289755061,64,163,0.39263803680981596,11,43
v2_high_decay_s23,v2,high_decay,23,random_regular,100,4,60,0,0.0,0,0,,69,69
v2_high_decay_s23,v2,high_decay,23,random_regular,100,4,61,118,3.2848923602224342,36,118,0.3050847457627119,58,94
v2_high_decay_s23,v2,high_decay,23,random_regular,100,4,62,3,-1.000088900581841e-12,1,3,0.3333333333333333,70,69
v2_high_decay_s23,v2,high_decay,23,random_regular,100,4,63,111,3.638648592450092,42,111,0.3783783783783784,13,43
v2_high_decay_s23,v2,high_decay,23,random_regular,100,4,64,115,3.5006294236541926,44,115,0.3826086956521739,47,37
v2_high_decay_s23,v2,high_decay,23,random_regular,100,4,65,0,0.0,0,0,,37,37
v2_high_decay_s23,v2,high_decay,23,random_regular,100,4,66,17,2.197224577327219,9,17,0.5294117647058824,39,43
v2_high_decay_s23,v2,high_decay,23,random_regular,100,4,67,14,1.3862943611158909,4,14,0.2857142857142857,92,2
v2_high_decay_s23,v2,high_decay,23,random_regular,100,4,68,12,1.791759469222055,6,12,0.5,31,94
v2_high_decay_s23,v2,high_decay,23,random_regular,100,4,69,286,4.410875378390928,108,286,0.3776223776223776,46,37
v2_high_decay_s23,v2,high_decay,23,random_regular,100,4,70,19,1.3296613488507585,6,19,0.3157894736842105,8,43
v2_high_decay_s23,v2,high_decay,23,random_regular,100,4,71,14,1.0986122886651095,3,14,0.21428571428571427,83,69
v2_high_decay_s23,v2,high_decay,23,random_regular,100,4,72,106,3.539627566658813,42,106,0.39622641509433965,46,37
v2_high_decay_s23,v2,high_decay,23,random_regular,100,4,73,330,4.6102428699307865,139,330,0.4212121212121212,48,94
v2_high_decay_s23,v2,high_decay,23,random_regular,100,4,74,96,3.59101670022478,45,96,0.46875,34,37
v2_high_decay_s23,v2,high_decay,23,random_regular,100,4,75,55,2.9957322735339904,20,55,0.36363636363636365,96,37
v2_high_decay_s23,v2,high_decay,23,random_regular,100,4,76,10,1.0986122886651095,3,10,0.3,45,2
v2_high_decay_s23,v2,high_decay,23,random_regular,100,4,77,72,3.0517008018328595,27,72,0.375,30,37
v2_high_decay_s23,v2,high_decay,23,random_regular,100,4,78,96,3.163424050399405,25,96,0.2604166666666667,41,37
v2_high_decay_s23,v2,high_decay,23,random_regular,100,4,79,4,0.6931471805579453,2,4,0.5,21,43
v2_high_decay_s23,v2,high_decay,23,random_regular,100,4,80,148,3.78850359470488,58,148,0.3918918918918919,80,43
v2_high_decay_s23,v2,high_decay,23,random_regular,100,4,81,159,3.987666482508049,65,159,0.4088050314465409,14,69
v2_high_decay_s23,v2,high_decay,23,random_regular,100,4,82,61,3.10797227595561,25,61,0.4098360655737705,47,69
v2_high_decay_s23,v2,high_decay,23,random_regular,100,4,83,17,1.791759469222055,6,17,0.35294117647058826,4,94
v2_high_decay_s23,v2,high_decay,23,random_regular,100,4,84,204,4.06015721783938,77,204,0.37745098039215685,63,43
v2_high_decay_s23,v2,high_decay,23,random_regular,100,4,85,0,0.0,0,0,,69,69
v2_high_decay_s23,v2,high_decay,23,random_regular,100,4,86,3,-1.000088900581841e-12,1,3,0.3333333333333333,54,43
v2_high_decay_s23,v2,high_decay,23,random_regular,100,4,87,223,4.282285260076896,84,223,0.37668161434977576,55,69
v2_high_decay_s23,v2,high_decay,23,random_regular,100,4,88,74,3.1931483947852626,27,74,0.36486486486486486,83,69
v2_high_decay_s23,v2,high_decay,23,random_regular,100,4,89,46,2.540036303807981,14,46,0.30434782608695654,96,37
v2_high_decay_s23,v2,high_decay,23,random_regular,100,4,90,216,4.141323463862305,79,216,0.36574074074074076,88,69
v2_high_decay_s23,v2,high_decay,23,random_regular,100,4,91,0,0.0,0,0,,69,69
v2_high_decay_s23,v2,high_decay,23,random_regular,100,4,92,107,3.5213776090567093,39,107,0.3644859813084112,95,43
v2_high_decay_s23,v2,high_decay,23,random_regular,100,4,93,10,1.6094379124291005,5,10,0.5,8,37
v2_high_decay_s23,v2,high_decay,23,random_regular,100,4,94,14,1.7478680974607577,7,14,0.5,54,37
v2_high_decay_s23,v2,high_decay,23,random_regular,100,4,95,0,0.0,0,0,,2,2
v2_high_decay_s23,v2,high_decay,23,random_regular,100,4,96,0,0.0,0,0,,2,2
v2_high_decay_s23,v2,high_decay,23,random_regular,100,4,97,88,2.937066545480992,29,88,0.32954545454545453,41,69
v2_high_decay_s23,v2,high_decay,23,random_regular,100,4,98,2,-1.000088900581841e-12,1,2,0.5,53,43
v2_high_decay_s23,v2,high_decay,23,random_regular,100,4,99,202,4.039234543374773,81,202,0.400990099009901,31,2
v2_high_decay_s23,v2,high_decay,23,random_regular,100,4,100,10,1.0986122886651095,3,10,0.3,48,2
v2_high_decay_s23,v2,high_decay,23,random_regular,100,4,101,130,3.7786534114435946,49,130,0.3769230769230769,63,94
v2_high_decay_s23,v2,high_decay,23,random_regular,100,4,102,58,3.0047670351869598,24,58,0.41379310344827586,36,94
v2_high_decay_s23,v2,high_decay,23,random_regular,100,4,103,40,2.772588722223781,16,40,0.4,80,43
v2_high_decay_s23,v2,high_decay,23,random_regular,100,4,104,0,0.0,0,0,,43,43
v2_high_decay_s23,v2,high_decay,23,random_regular,100,4,105,84,3.319492576126754,29,84,0.34523809523809523,73,37
v2_high_decay_s23,v2,high_decay,23,random_regular,100,4,106,18,1.791759469222055,6,18,0.3333333333333333,67,69
v2_high_decay_s23,v2,high_decay,23,random_regular,100,4,107,7,1.0986122886651095,3,7,0.42857142857142855,51,94
v2_high_decay_s23,v2,high_decay,23,random_regular,100,4,108,257,3.924215134412167,86,257,0.3346303501945525,16,69
v2_high_decay_s23,v2,high_decay,23,random_regular,100,4,109,17,2.0253262207620675,10,17,0.5882352941176471,55,43
v2_high_decay_s23,v2,high_decay,23,random_regular,100,4,110,82,3.0164539990634927,28,82,0.34146341463414637,81,43
v2_high_decay_s23,v2,high_decay,23,random_regular,100,4,111,30,2.3978952727873706,11,30,0.36666666666666664,54,43
v2_high_decay_s23,v2,high_decay,23,random_regular,100,4,112,69,2.694153703967459,24,69,0.34782608695652173,72,2
v2_high_decay_s23,v2,high_decay,23,random_regular,100,4,113,197,4.007257137555183,64,197,0.3248730964467005,88,94
v2_high_decay_s23,v2,high_decay,23,random_regular,100,4,114,77,2.9444389791474395,19,77,0.24675324675324675,11,94
v2_high_decay_s23,v2,high_decay,23,random_regular,100,4,115,54,2.76162571218078,20,54,0.37037037037037035,67,69
v2_high_decay_s23,v2,high_decay,23,random_regular,100,4,116,24,1.8866967846510785,10,24,0.4166666666666667,93,2
v2_high_decay_s23,v2,high_decay,23,random_regular,100,4,117,14,1.3296613488507585,6,14,0.42857142857142855,67,94
v2_high_decay_s23,v2,high_decay,23,random_regular,100,4,118,239,4.345172238029219,100,239,0.41841004184100417,64,37
v2_high_decay_s23,v2,high_decay,23,random_regular,100,4,119,135,3.414468955225028,43,135,0.31851851851851853,24,2
v2_high_decay_s23,v2,high_decay,23,random_regular,100,4,120,0,0.0,0,0,,43,43
v2_high_decay_s23,v2,high_decay,23,random_regular,100,4,121,16,1.3862943611158909,4,16,0.25,60,43
v2_high_decay_s23,v2,high_decay,23,random_regular,100,4,122,84,3.089055299829874,30,84,0.35714285714285715,73,94
v2_high_decay_s23,v2,high_decay,23,random_regular,100,4,123,33,2.197224577327219,9,33,0.2727272727272727,4,69
v2_high_decay_s23,v2,high_decay,23,random_regular,100,4,124,11,1.9459101490483133,7,11,0.6363636363636364,35,94
v2_high_decay_s23,v2,high_decay,23,random_regular,100,4,125,30,2.3978952727873706,11,30,0.36666666666666664,64,69
v2_high_decay_s23,v2,high_decay,23,random_regular,100,4,126,24,1.6094379124291005,5,24,0.20833333333333334,9,69
v2_high_decay_s23,v2,high_decay,23,random_regular,100,4,127,109,3.595149493727549,44,109,0.4036697247706422,41,69
v2_high_decay_s23,v2,high_decay,23,random_regular,100,4,128,4,1.3862943611158909,4,4,1.0,14,37
v2_high_decay_s23,v2,high_decay,23,random_regular,100,4,129,12,1.9459101490483133,7,12,0.5833333333333334,32,2
v2_high_decay_s23,v2,high_decay,23,random_regular,100,4,130,75,3.1418041591892294,27,75,0.36,13,94
v2_high_decay_s23,v2,high_decay,23,random_regular,100,4,131,0,0.0,0,0,,69,69
v2_high_decay_s23,v2,high_decay,23,random_regular,100,4,132,1,-1.000088900581841e-12,1,1,1.0,47,2
v2_high_decay_s23,v2,high_decay,23,random_regular,100,4,133,0,0.0,0,0,,37,37
v2_high_decay_s23,v2,high_decay,23,random_regular,100,4,134,92,3.4124897213676078,33,92,0.358695652173913,13,37
v2_high_decay_s23,v2,high_decay,23,random_regular,100,4,135,44,2.5070264355444176,17,44,0.38636363636363635,85,2
v2_high_decay_s23,v2,high_decay,23,random_regular,100,4,136,34,2.1458417525857545,11,34,0.3235294117647059,40,43
v2_high_decay_s23,v2,high_decay,23,random_regular,100,4,137,183,4.015336452639713,62,183,0.33879781420765026,58,43
v2_high_decay_s23,v2,high_decay,23,random_regular,100,4,138,3,-1.000088900581841e-12,1,3,0.3333333333333333,54,43
v2_high_decay_s23,v2,high_decay,23,random_regular,100,4,139,22,1.791759469222055,6,22,0.2727272727272727,82,2
v2_high_decay_s23,v2,high_decay,23,random_regular,100,4,140,205,3.885625970981713,68,205,0.33170731707317075,25,2
v2_high_decay_s23,v2,high_decay,23,random_regular,100,4,141,187,3.967172698102412,68,187,0.36363636363636365,22,43
v2_high_decay_s23,v2,high_decay,23,random_regular,100,4,142,50,2.871476118036867,19,50,0.38,31,2
v2_high_decay_s23,v2,high_decay,23,random_regular,100,4,143,66,2.247927730738143,25,66,0.3787878787878788,61,69
v2_high_decay_s23,v2,high_decay,23,random_regular,100,4,144,58,2.9970687270680187,25,58,0.43103448275862066,85,94
v2_high_decay_s23,v2,high_decay,23,random_regular,100,4,145,239,4.121783714232457,93,239,0.3891213389121339,31,43
v2_high_decay_s23,v2,high_decay,23,random_regular,100,4,146,4,0.6931471805579453,2,4,0.5,17,2
v2_high_decay_s23,v2,high_decay,23,random_regular,100,4,147,4,-1.000088900581841e-12,1,4,0.25,53,43
v2_high_decay_s23,v2,high_decay,23,random_regular,100,4,148,279,4.231639126305669,94,279,0.33691756272401435,96,94
v2_high_decay_s23,v2,high_decay,23,random_regular,100,4,149,50,2.7080502010872096,15,50,0.3,20,2
v2_high_decay_s23,v2,high_decay,23,random_regular,100,4,150,83,3.2058430290251567,29,83,0.3493975903614458,68,69
v2_high_decay_s23,v2,high_decay,23,random_regular,100,4,151,47,2.787788119369007,20,47,0.425531914893617,15,37
v2_high_decay_s23,v2,high_decay,23,random_regular,100,4,152,31,2.484906649776,12,31,0.3870967741935484,92,69
v2_high_decay_s23,v2,high_decay,23,random_regular,100,4,153,7,1.0986122886651095,3,7,0.42857142857142855,38,94
v2_high_decay_s23,v2,high_decay,23,random_regular,100,4,154,4,1.0986122886651095,3,4,0.75,56,43
v2_high_decay_s23,v2,high_decay,23,random_regular,100,4,155,41,2.751666616915516,17,41,0.4146341463414634,25,43
v2_high_decay_s23,v2,high_decay,23,random_regular,100,4,156,1,-1.000088900581841e-12,1,1,1.0,38,94
v2_high_decay_s23,v2,high_decay,23,random_regular,100,4,157,29,2.079441541671836,8,29,0.27586206896551724,51,94
v2_high_decay_s23,v2,high_decay,23,random_regular,100,4,158,34,2.302585092984045,10,34,0.29411764705882354,41,69
v2_high_decay_s23,v2,high_decay,23,random_regular,100,4,159,103,3.342305863803964,40,103,0.3883495145631068,89,2
v2_high_decay_s23,v2,high_decay,23,random_regular,100,4,160,45,2.772588722223781,16,45,0.35555555555555557,82,43
v2_high_decay_s23,v2,high_decay,23,random_regular,100,4,161,9,1.0986122886651095,3,9,0.3333333333333333,28,2
v2_high_decay_s23,v2,high_decay,23,random_regular,100,4,162,9,1.6094379124291005,5,9,0.5555555555555556,27,94
v2_high_decay_s23,v2,high_decay,23,random_regular,100,4,163,11,1.3862943611158909,4,11,0.36363636363636365,90,37
v2_high_decay_s23,v2,high_decay,23,random_regular,100,4,164,1,-1.000088900581841e-12,1,1,1.0,70,69
v2_high_decay_s23,v2,high_decay,23,random_regular,100,4,165,265,4.143432771066687,78,265,0.2943396226415094,72,43
v2_high_decay_s23,v2,high_decay,23,random_regular,100,4,166,145,3.701245691733744,52,145,0.3586206896551724,34,94
v2_high_decay_s23,v2,high_decay,23,random_regular,100,4,167,14,1.6094379124291005,5,14,0.35714285714285715,71,94
v2_high_decay_s23,v2,high_decay,23,random_regular,100,4,168,2,0.6931471805579453,2,2,1.0,8,43
v2_high_decay_s23,v2,high_decay,23,random_regular,100,4,169,0,0.0,0,0,,37,37
v2_high_decay_s23,v2,high_decay,23,random_regular,100,4,170,24,2.197224577327219,9,24,0.375,78,2
v2_high_decay_s23,v2,high_decay,23,random_regular,100,4,171,0,0.0,0,0,,43,43
v2_high_decay_s23,v2,high_decay,23,random_regular,100,4,172,128,3.4116205818579584,40,128,0.3125,25,2
v2_high_decay_s23,v2,high_decay,23,random_regular,100,4,173,54,3.0752205480323718,23,54,0.42592592592592593,50,43
v2_high_decay_s23,v2,high_decay,23,random_regular,100,4,174,44,2.4583113296710835,13,44,0.29545454545454547,58,43
v2_high_decay_s23,v2,high_decay,23,random_regular,100,4,175,386,4.407622860902311,144,386,0.37305699481865284,10,43
v2_high_decay_s23,v2,high_decay,23,random_regular,100,4,176,46,2.5649493574485365,13,46,0.2826086956521739,36,69
v2_high_decay_s23,v2,high_decay,23,random_regular,100,4,177,19,1.791759469222055,6,19,0.3157894736842105,33,2
v2_high_decay_s23,v2,high_decay,23,random_regular,100,4,178,12,1.791759469222055,6,12,0.5,44,69
v2_high_decay_s23,v2,high_decay,23,random_regular,100,4,179,48,2.725550395815721,19,48,0.3958333333333333,56,94
v2_high_decay_s23,v2,high_decay,23,random_regular,100,4,180,10,1.0986122886651095,3,10,0.3,45,69
v2_high_decay_s23,v2,high_decay,23,random_regular,100,4,181,63,2.787788119369007,20,63,0.31746031746031744,10,69
v2_high_decay_s23,v2,high_decay,23,random_regular,100,4,182,13,1.7328679513938632,8,13,0.6153846153846154,47,69
v2_high_decay_s23,v2,high_decay,23,random_regular,100,4,183,65,2.3066687253935307,16,65,0.24615384615384617,85,37
v2_high_decay_s23,v2,high_decay,23,random_regular,100,4,184,41,2.484906649776,12,41,0.2926829268292683,52,2
v2_high_decay_s23,v2,high_decay,23,random_regular,100,4,185,83,3.485587161020812,34,83,0.40963855421686746,41,2
v2_high_decay_s23,v2,high_decay,23,random_regular,100,4,186,24,1.9459101490483133,7,24,0.2916666666666667,22,69
v2_high_decay_s23,v2,high_decay,23,random_regular,100,4,187,12,1.3862943611158909,4,12,0.3333333333333333,23,2
v2_high_decay_s23,v2,high_decay,23,random_regular,100,4,188,102,3.461048251949615,37,102,0.3627450980392157,97,94
v2_high_decay_s23,v2,high_decay,23,random_regular,100,4,189,71,3.271689322296034,29,71,0.4084507042253521,49,94
v2_high_decay_s23,v2,high_decay,23,random_regular,100,4,190,9,1.0986122886651095,3,9,0.3333333333333333,39,69
v2_high_decay_s23,v2,high_decay,23,random_regular,100,4,191,70,3.2238860684653137,29,70,0.4142857142857143,16,94
v2_high_decay_s23,v2,high_decay,23,random_regular,100,4,192,17,1.9459101490483133,7,17,0.4117647058823529,4,2
v2_high_decay_s23,v2,high_decay,23,random_regular,100,4,193,6,1.3862943611158909,4,6,0.6666666666666666,17,37
v2_high_decay_s23,v2,high_decay,23,random_regular,100,4,194,14,1.039720770836918,4,14,0.2857142857142857,32,2
v2_high_decay_s23,v2,high_decay,23,random_regular,100,4,195,27,1.791759469222055,6,27,0.2222222222222222,30,43
v2_high_decay_s23,v2,high_decay,23,random_regular,100,4,196,131,3.453573250330085,53,131,0.40458015267175573,58,2
v2_high_decay_s23,v2,high_decay,23,random_regular,100,4,197,20,1.9459101490483133,7,20,0.35,12,94
v2_high_decay_s23,v2,high_decay,23,random_regular,100,4,198,26,2.079441541671836,8,26,0.3076923076923077,65,69
v2_high_decay_s23,v2,high_decay,23,random_regular,100,4,199,65,3.031518885340517,30,65,0.46153846153846156,14,37
v2_high_decay_s23,v2,high_decay,23,random_regular,100,4,200,24,1.6094379124291005,5,24,0.20833333333333334,14,43
v2_high_decay_s23,v2,high_decay,23,random_regular,100,4,201,2,-1.000088900581841e-12,1,2,0.5,20,37
v2_high_decay_s23,v2,high_decay,23,random_regular,100,4,202,40,2.56315140640133,22,40,0.55,5,2
v2_high_decay_s23,v2,high_decay,23,random_regular,100,4,203,115,3.3965013985297823,41,115,0.3565217391304348,58,94
v2_high_decay_s23,v2,high_decay,23,random_regular,100,4,204,35,1.3296613488507585,6,35,0.17142857142857143,59,37
v2_high_decay_s23,v2,high_decay,23,random_regular,100,4,205,0,0.0,0,0,,43,43
v2_high_decay_s23,v2,high_decay,23,random_regular,100,4,206,11,1.7478680974607577,7,11,0.6363636363636364,26,94
v2_high_decay_s23,v2,high_decay,23,random_regular,100,4,207,3,1.0986122886651095,3,3,1.0,4,43
v2_high_decay_s23,v2,high_decay,23,random_regular,100,4,208,28,2.369382119683676,12,28,0.42857142857142855,77,37
v2_high_decay_s23,v2,high_decay,23,random_regular,100,4,209,51,2.751915969013121,24,51,0.47058823529411764,13,43
v2_high_decay_s23,v2,high_decay,23,random_regular,100,4,210,96,3.414739581281256,39,96,0.40625,67,69
v2_high_decay_s23,v2,high_decay,23,random_regular,100,4,211,27,2.3978952727873706,11,27,0.4074074074074074,30,2
v2_high_decay_s23,v2,high_decay,23,random_regular,100,4,212,40,2.8332133440392155,17,40,0.425,29,69
v2_high_decay_s23,v2,high_decay,23,random_regular,100,4,213,103,3.2551105127007407,31,103,0.30097087378640774,79,2
v2_high_decay_s23,v2,high_decay,23,random_regular,100,4,214,22,1.791759469222055,6,22,0.2727272727272727,55,94
v2_high_decay_s23,v2,high_decay,23,random_regular,100,4,215,0,0.0,0,0,,43,43
v2_high_decay_s23,v2,high_decay,23,random_regular,100,4,216,48,2.7080502010872096,15,48,0.3125,81,94
v2_high_decay_s23,v2,high_decay,23,random_regular,100,4,217,190,3.808364887554047,60,190,0.3157894736842105,29,94
v2_high_decay_s23,v2,high_decay,23,random_regular,100,4,218,51,2.369382119683676,12,51,0.23529411764705882,15,94
v2_high_decay_s23,v2,high_decay,23,random_regular,100,4,219,6,0.6931471805579453,2,6,0.3333333333333333,92,69
v2_high_decay_s23,v2,high_decay,23,random_regular,100,4,220,12,1.7478680974607577,7,12,0.5833333333333334,18,69
v2_high_decay_s23,v2,high_decay,23,random_regular,100,4,221,264,4.44271549504073,105,264,0.3977272727272727,5,94
v2_high_decay_s23,v2,high_decay,23,random_regular,100,4,222,20,2.197224577327219,9,20,0.45,99,37
v2_high_decay_s23,v2,high_decay,23,random_regular,100,4,223,0,0.0,0,0,,43,43
v2_high_decay_s23,v2,high_decay,23,random_regular,100,4,224,74,3.2625679455231658,30,74,0.40540540540540543,8,43
v2_high_decay_s23,v2,high_decay,23,random_regular,100,4,225,131,3.4329073252115982,45,131,0.3435114503816794,41,37
v2_high_decay_s23,v2,high_decay,23,random_regular,100,4,226,0,0.0,0,0,,2,2
v2_high_decay_s23,v2,high_decay,23,random_regular,100,4,227,102,3.565561686466232,41,102,0.4019607843137255,25,43
v2_high_decay_s23,v2,high_decay,23,random_regular,100,4,228,10,1.791759469222055,6,10,0.6,79,69
v2_high_decay_s23,v2,high_decay,23,random_regular,100,4,229,45,2.540036303807981,14,45,0.3111111111111111,47,69
v2_high_decay_s23,v2,high_decay,23,random_regular,100,4,230,130,3.871265197698588,52,130,0.4,11,2
v2_high_decay_s23,v2,high_decay,23,random_regular,100,4,231,36,2.772588722223781,16,36,0.4444444444444444,78,94
v2_high_decay_s23,v2,high_decay,23,random_regular,100,4,232,9,1.0986122886651095,3,9,0.3333333333333333,75,43
v2_high_decay_s23,v2,high_decay,23,random_regular,100,4,233,41,2.8332133440392155,17,41,0.4146341463414634,56,69
v2_high_decay_s23,v2,high_decay,23,random_regular,100,4,234,161,3.8744256338587295,64,161,0.39751552795031053,40,69
v2_high_decay_s23,v2,high_decay,23,random_regular,100,4,235,52,2.772588722223781,16,52,0.3076923076923077,26,94
v2_high_decay_s23,v2,high_decay,23,random_regular,100,4,236,204,4.163172735185756,79,204,0.3872549019607843,24,69
v2_high_decay_s23,v2,high_decay,23,random_regular,100,4,237,131,3.432874510265262,46,131,0.3511450381679389,86,69
v2_high_decay_s23,v2,high_decay,23,random_regular,100,4,238,215,4.101233670543094,81,215,0.3767441860465116,42,2
v2_high_decay_s23,v2,high_decay,23,random_regular,100,4,239,27,2.5649493574485365,13,27,0.48148148148148145,3,43
v2_high_decay_s23,v2,high_decay,23,random_regular,100,4,240,197,3.999350318787818,77,197,0.39086294416243655,38,37
v2_high_decay_s23,v2,high_decay,23,random_regular,100,4,241,91,3.291752358527253,42,91,0.46153846153846156,77,94
v2_high_decay_s23,v2,high_decay,23,random_regular,100,4,242,158,3.7579349863326255,54,158,0.34177215189873417,99,69
v2_high_decay_s23,v2,high_decay,23,random_regular,100,4,243,181,4.056414250866708,68,181,0.3756906077348066,38,37
v2_high_decay_s23,v2,high_decay,23,random_regular,100,4,244,55,2.6701198897918164,17,55,0.3090909090909091,14,43
v2_high_decay_s23,v2,high_decay,23,random_regular,100,4,245,24,2.302585092984045,10,24,0.4166666666666667,15,94
v2_high_decay_s23,v2,high_decay,23,random_regular,100,4,246,5,1.0986122886651095,3,5,0.6,64,94
v2_high_decay_s23,v2,high_decay,23,random_regular,100,4,247,249,4.171230354311,89,249,0.357429718875502,51,43
v2_high_decay_s23,v2,high_decay,23,random_regular,100,4,248,83,3.0904599235931967,27,83,0.3253012048192771,36,94
v2_high_decay_s23,v2,high_decay,23,random_regular,100,4,249,113,3.444813797459462,34,113,0.3008849557522124,34,2
v2_high_decay_s23,v2,high_decay,23,random_regular,100,4,250,26,1.6094379124291005,5,26,0.19230769230769232,41,69
v2_high_decay_s23,v2,high_decay,23,random_regular,100,4,251,43,2.752191546552043,22,43,0.5116279069767442,10,37
v2_high_decay_s23,v2,high_decay,23,random_regular,100,4,252,12,1.791759469222055,6,12,0.5,52,69
v2_high_decay_s23,v2,high_decay,23,random_regular,100,4,253,12,1.791759469222055,6,12,0.5,50,94
v2_high_decay_s23,v2,high_decay,23,random_regular,100,4,254,1,-1.000088900581841e-12,1,1,1.0,48,2
v2_high_decay_s23,v2,high_decay,23,random_regular,100,4,255,55,2.954673212284816,23,55,0.41818181818181815,87,2
v2_high_decay_s23,v2,high_decay,23,random_regular,100,4,256,9,1.6094379124291005,5,9,0.5555555555555556,89,2
v2_high_decay_s23,v2,high_decay,23,random_regular,100,4,257,54,2.4583113296710835,13,54,0.24074074074074073,98,2
v2_high_decay_s23,v2,high_decay,23,random_regular,100,4,258,167,4.0079460616627625,68,167,0.40718562874251496,65,69
v2_high_decay_s23,v2,high_decay,23,random_regular,100,4,259,1,-1.000088900581841e-12,1,1,1.0,91,2
v2_high_decay_s23,v2,high_decay,23,random_regular,100,4,260,43,2.068513497350536,17,43,0.3953488372093023,0,94
v2_high_decay_s23,v2,high_decay,23,random_regular,100,4,261,5,1.6094379124291005,5,5,1.0,28,94
v2_high_decay_s23,v2,high_decay,23,random_regular,100,4,262,48,2.639057329601259,14,48,0.2916666666666667,64,2
v2_high_decay_s23,v2,high_decay,23,random_regular,100,4,263,6,1.0986122886651095,3,6,0.5,27,94
v2_high_decay_s23,v2,high_decay,23,random_regular,100,4,264,76,3.271689322296034,29,76,0.3815789473684211,41,37
v2_high_decay_s23,v2,high_decay,23,random_regular,100,4,265,0,0.0,0,0,,94,94
v2_high_decay_s23,v2,high_decay,23,random_regular,100,4,266,17,2.197224577327219,9,17,0.5294117647058824,73,69
v2_high_decay_s23,v2,high_decay,23,random_regular,100,4,267,54,2.846480386116867,21,54,0.3888888888888889,58,94
v2_high_decay_s23,v2,high_decay,23,random_regular,100,4,268,15,1.791759469222055,6,15,0.4,7,94
v2_high_decay_s23,v2,high_decay,23,random_regular,100,4,269,31,1.4941751382843085,8,31,0.25806451612903225,21,43
v2_high_decay_s23,v2,high_decay,23,random_regular,100,4,270,142,3.881306425080663,55,142,0.3873239436619718,29,37
v2_high_decay_s23,v2,high_decay,23,random_regular,100,4,271,60,2.752191546552043,22,60,0.36666666666666664,95,2
v2_high_decay_s23,v2,high_decay,23,random_regular,100,4,272,16,1.791759469222055,6,16,0.375,57,37
v2_high_decay_s23,v2,high_decay,23,random_regular,100,4,273,34,2.540036303807981,14,34,0.4117647058823529,39,94
v2_high_decay_s23,v2,high_decay,23,random_regular,100,4,274,212,4.18188460091176,88,212,0.41509433962264153,74,69
v2_high_decay_s23,v2,high_decay,23,random_regular,100,4,275,285,4.0686890729658725,92,285,0.32280701754385965,57,43
v2_high_decay_s23,v2,high_decay,23,random_regular,100,4,276,0,0.0,0,0,,43,43
v2_high_decay_s23,v2,high_decay,23,random_regular,100,4,277,55,2.9957322735339904,20,55,0.36363636363636365,23,94
v2_high_decay_s23,v2,high_decay,23,random_regular,100,4,278,24,2.302585092984045,10,24,0.4166666666666667,47,94
v2_high_decay_s23,v2,high_decay,23,random_regular,100,4,279,9,1.0986122886651095,3,9,0.3333333333333333,78,2
v2_high_decay_s23,v2,high_decay,23,random_regular,100,4,280,45,2.5993019270857944,16,45,0.35555555555555557,8,94
v2_high_decay_s23,v2,high_decay,23,random_regular,100,4,281,241,4.254586518510477,95,241,0.3941908713692946,29,69
v2_high_decay_s23,v2,high_decay,23,random_regular,100,4,282,2,-1.000088900581841e-12,1,2,0.5,24,94
v2_high_decay_s23,v2,high_decay,23,random_regular,100,4,283,48,2.751666616915516,17,48,0.3541666666666667,59,2
v2_high_decay_s23,v2,high_decay,23,random_regular,100,4,284,55,2.871476118036867,19,55,0.34545454545454546,60,37
v2_high_decay_s23,v2,high_decay,23,random_regular,100,4,285,324,4.289068372274276,101,324,0.3117283950617284,24,69
v2_high_decay_s23,v2,high_decay,23,random_regular,100,4,286,47,2.751666616915516,17,47,0.3617021276595745,85,2
v2_high_decay_s23,v2,high_decay,23,random_regular,100,4,287,0,0.0,0,0,,43,43
v2_high_decay_s23,v2,high_decay,23,random_regular,100,4,288,63,2.6980110198281126,19,63,0.30158730158730157,3,43
v2_high_decay_s23,v2,high_decay,23,random_regular,100,4,289,52,2.9785084205072385,21,52,0.40384615384615385,27,43
v2_high_decay_s23,v2,high_decay,23,random_regular,100,4,290,33,2.0431918705371204,9,33,0.2727272727272727,26,94
v2_high_decay_s23,v2,high_decay,23,random_regular,100,4,291,154,3.817965922245654,56,154,0.36363636363636365,47,2
v2_high_decay_s23,v2,high_decay,23,random_regular,100,4,292,24,2.3046193848096714,14,24,0.5833333333333334,36,2
v2_high_decay_s23,v2,high_decay,23,random_regular,100,4,293,17,2.0431918705371204,9,17,0.5294117647058824,72,94
v2_high_decay_s23,v2,high_decay,23,random_regular,100,4,294,317,4.389505989313676,114,317,0.35962145110410093,77,43
v2_high_decay_s23,v2,high_decay,23,random_regular,100,4,295,15,1.9459101490483133,7,15,0.4666666666666667,27,69
v2_high_decay_s23,v2,high_decay,23,random_regular,100,4,296,173,3.831469793571712,60,173,0.3468208092485549,4,43
v2_high_decay_s23,v2,high_decay,23,random_regular,100,4,297,90,2.838988933136699,22,90,0.24444444444444444,35,2
v2_high_decay_s23,v2,high_decay,23,random_regular,100,4,298,170,4.036027569086533,68,170,0.4,71,94
v2_high_decay_s23,v2,high_decay,23,random_regular,100,4,299,3,-1.000088900581841e-12,1,3,0.3333333333333333,78,2
v2_high_decay_s23,v2,high_decay,23,random_regular,100,4,300,13,2.079441541671836,8,13,0.6153846153846154,31,94
v2_high_decay_s23,v2,high_decay,23,random_regular,100,4,301,443,4.756009554315992,159,443,0.35891647855530473,81,2
v2_high_decay_s23,v2,high_decay,23,random_regular,100,4,302,49,2.5993019270857944,16,49,0.32653061224489793,16,2
v2_high_decay_s23,v2,high_decay,23,random_regular,100,4,303,399,4.610289062152264,154,399,0.38596491228070173,30,37
v2_high_decay_s23,v2,high_decay,23,random_regular,100,4,304,45,2.9957322735339904,20,45,0.4444444444444444,98,37
v2_high_decay_s23,v2,high_decay,23,random_regular,100,4,305,38,2.369382119683676,12,38,0.3157894736842105,8,37
v2_high_decay_s23,v2,high_decay,23,random_regular,100,4,306,71,3.0164539990644927,28,71,0.39436619718309857,96,43
v2_high_decay_s23,v2,high_decay,23,random_regular,100,4,307,4,0.6931471805579453,2,4,0.5,60,69
v2_high_decay_s23,v2,high_decay,23,random_regular,100,4,308,27,2.484906649776,12,27,0.4444444444444444,84,2
v2_high_decay_s23,v2,high_decay,23,random_regular,100,4,309,26,2.2718685126865625,11,26,0.4230769230769231,41,94
v2_high_decay_s23,v2,high_decay,23,random_regular,100,4,310,230,4.22447390537822,85,230,0.3695652173913043,93,37
v2_high_decay_s23,v2,high_decay,23,random_regular,100,4,311,21,1.6094379124291005,5,21,0.23809523809523808,51,94
v2_high_decay_s23,v2,high_decay,23,random_regular,100,4,312,30,1.9459101490483133,7,30,0.23333333333333334,65,43
v2_high_decay_s23,v2,high_decay,23,random_regular,100,4,313,114,3.547717996981404,42,114,0.3684210526315789,41,2
v2_high_decay_s23,v2,high_decay,23,random_regular,100,4,314,16,0.6931471805579453,2,16,0.125,32,2
v2_high_decay_s23,v2,high_decay,23,random_regular,100,4,315,262,4.107227955846331,87,262,0.3320610687022901,18,94
v2_high_decay_s23,v2,high_decay,23,random_regular,100,4,316,34,1.9459101490483133,7,34,0.20588235294117646,1,2
v2_high_decay_s23,v2,high_decay,23,random_regular,100,4,317,74,3.2625679455231658,30,74,0.40540540540540543,82,37
v2_high_decay_s23,v2,high_decay,23,random_regular,100,4,318,23,2.197224577327219,9,23,0.391304347826087,7,43
v2_high_decay_s23,v2,high_decay,23,random_regular,100,4,319,143,3.658132080208479,48,143,0.3356643356643357,16,2
v2_high_decay_s23,v2,high_decay,23,random_regular,100,4,320,35,2.3978952727873706,11,35,0.3142857142857143,74,69
v2_high_decay_s23,v2,high_decay,23,random_regular,100,4,321,214,4.206186957413317,81,214,0.37850467289719625,66,2
v2_high_decay_s23,v2,high_decay,23,random_regular,100,4,322,89,3.389268031515795,31,89,0.34831460674157305,32,43
v2_high_decay_s23,v2,high_decay,23,random_regular,100,4,323,107,3.5359830822784195,37,107,0.34579439252336447,84,2
v2_high_decay_s23,v2,high_decay,23,random_regular,100,4,324,171,3.814982892455961,57,171,0.3333333333333333,52,37
v2_high_decay_s23,v2,high_decay,23,random_regular,100,4,325,64,3.098139496330803,26,64,0.40625,29,2
v2_high_decay_s23,v2,high_decay,23,random_regular,100,4,326,51,2.871476118036867,19,51,0.37254901960784315,18,43
v2_high_decay_s23,v2,high_decay,23,random_regular,100,4,327,73,2.954673212284816,23,73,0.3150684931506849,95,37
v2_high_decay_s23,v2,high_decay,23,random_regular,100,4,328,39,2.813355404483615,18,39,0.46153846153846156,40,43
v2_high_decay_s23,v2,high_decay,23,random_regular,100,4,329,43,2.8903717578781647,18,43,0.4186046511627907,8,43
v2_high_decay_s23,v2,high_decay,23,random_regular,100,4,330,25,2.61563057701355,15,25,0.6,23,69
v2_high_decay_s23,v2,high_decay,23,random_regular,100,4,331,99,3.485587161020812,34,99,0.3434343434343434,30,37
v2_high_decay_s23,v2,high_decay,23,random_regular,100,4,332,73,3.14180415918923,27,73,0.3698630136986301,99,2
v2_high_decay_s23,v2,high_decay,23,random_regular,100,4,333,54,2.894399544411038,23,54,0.42592592592592593,26,43
v2_high_decay_s23,v2,high_decay,23,random_regular,100,4,334,58,3.2491274088477446,32,58,0.5517241379310345,19,43
v2_high_decay_s23,v2,high_decay,23,random_regular,100,4,335,270,4.41001606567561,106,270,0.3925925925925926,62,94
v2_high_decay_s23,v2,high_decay,23,random_regular,100,4,336,112,3.5359830822784195,37,112,0.33035714285714285,84,37
v2_high_decay_s23,v2,high_decay,23,random_regular,100,4,337,180,3.845655379525686,66,180,0.36666666666666664,89,2
v2_high_decay_s23,v2,high_decay,23,random_regular,100,4,338,73,3.4124897213676078,33,73,0.4520547945205479,95,2
v2_high_decay_s23,v2,high_decay,23,random_regular,100,4,339,325,4.251631472049564,107,325,0.3292307692307692,5,94
v2_high_decay_s23,v2,high_decay,23,random_regular,100,4,340,2,-1.000088900581841e-12,1,2,0.5,71,37
v2_high_decay_s23,v2,high_decay,23,random_regular,100,4,341,57,3.0752205480323718,23,57,0.40350877192982454,3,69
v2_high_decay_s23,v2,high_decay,23,random_regular,100,4,342,3,-1.000088900581841e-12,1,3,0.3333333333333333,53,43
v2_high_decay_s23,v2,high_decay,23,random_regular,100,4,343,163,3.9979364428023354,69,163,0.4233128834355828,9,2
v2_high_decay_s23,v2,high_decay,23,random_regular,100,4,344,213,4.174097370847481,79,213,0.37089201877934275,10,2
v2_high_decay_s23,v2,high_decay,23,random_regular,100,4,345,79,3.2551105127007407,31,79,0.3924050632911392,11,43
v2_high_decay_s23,v2,high_decay,23,random_regular,100,4,346,298,4.467058746417185,114,298,0.3825503355704698,49,94
v2_high_decay_s23,v2,high_decay,23,random_regular,100,4,347,65,3.1780538303239454,24,65,0.36923076923076925,15,94
v2_high_decay_s23,v2,high_decay,23,random_regular,100,4,348,97,3.5065025850265608,36,97,0.3711340206185567,20,69
v2_high_decay_s23,v2,high_decay,23,random_regular,100,4,349,0,0.0,0,0,,94,94
v2_high_decay_s23,v2,high_decay,23,random_regular,100,4,350,0,0.0,0,0,,37,37
v2_high_decay_s23,v2,high_decay,23,random_regular,100,4,351,71,3.1836729714587872,28,71,0.39436619718309857,27,94
v2_high_decay_s23,v2,high_decay,23,random_regular,100,4,352,82,3.363267070336762,34,82,0.4146341463414634,36,94
v2_high_decay_s23,v2,high_decay,23,random_regular,100,4,353,52,2.4583113296710835,13,52,0.25,80,2
v2_high_decay_s23,v2,high_decay,23,random_regular,100,4,354,9,1.3862943611158909,4,9,0.4444444444444444,21,37
v2_high_decay_s23,v2,high_decay,23,random_regular,100,4,355,105,3.6121358939014394,41,105,0.3904761904761905,58,94
v2_high_decay_s23,v2,high_decay,23,random_regular,100,4,356,198,4.018473973809399,67,198,0.3383838383838384,50,94
v2_high_decay_s23,v2,high_decay,23,random_regular,100,4,357,1,-1.000088900581841e-12,1,1,1.0,47,2
v2_high_decay_s23,v2,high_decay,23,random_regular,100,4,358,41,2.751666616915516,17,41,0.4146341463414634,63,69
v2_high_decay_s23,v2,high_decay,23,random_regular,100,4,359,29,2.253857589591352,12,29,0.41379310344827586,79,94
v2_high_decay_s23,v2,high_decay,23,random_regular,100,4,360,319,4.39097203184276,107,319,0.335423197492163,18,43
v2_high_decay_s23,v2,high_decay,23,random_regular,100,4,361,340,4.463356443536341,128,340,0.3764705882352941,99,43
v2_high_decay_s23,v2,high_decay,23,random_regular,100,4,362,164,3.6745861847901296,52,164,0.3170731707317073,0,2
v2_high_decay_s23,v2,high_decay,23,random_regular,100,4,363,58,3.1836729714587872,28,58,0.4827586206896552,19,2
v2_high_decay_s23,v2,high_decay,23,random_regular,100,4,364,1,-1.000088900581841e-12,1,1,1.0,47,2
v2_high_decay_s23,v2,high_decay,23,random_regular,100,4,365,0,0.0,0,0,,43,43
v2_high_decay_s23,v2,high_decay,23,random_regular,100,4,366,66,2.926417555478996,20,66,0.30303030303030304,46,37
v2_high_decay_s23,v2,high_decay,23,random_regular,100,4,367,100,3.3969144201875685,35,100,0.35,21,94
v2_high_decay_s23,v2,high_decay,23,random_regular,100,4,368,39,2.857102837424001,20,39,0.5128205128205128,6,69
v2_high_decay_s23,v2,high_decay,23,random_regular,100,4,369,3,0.6931471805579453,2,3,0.6666666666666666,17,2
v2_high_decay_s23,v2,high_decay,23,random_regular,100,4,370,32,2.197224577327219,9,32,0.28125,40,94
v2_high_decay_s23,v2,high_decay,23,random_regular,100,4,371,85,3.3027476525884447,35,85,0.4117647058823529,34,37
v2_high_decay_s23,v2,high_decay,23,random_regular,100,4,372,6,1.0986122886651095,3,6,0.5,53,43
v2_high_decay_s23,v2,high_decay,23,random_regular,100,4,373,77,2.791294569677012,26,77,0.33766233766233766,9,43
v2_high_decay_s23,v2,high_decay,23,random_regular,100,4,374,347,4.672775039606219,134,347,0.3861671469740634,28,94
v2_high_decay_s23,v2,high_decay,23,random_regular,100,4,375,48,2.894399544411038,23,48,0.4791666666666667,92,37
v2_high_decay_s23,v2,high_decay,23,random_regular,100,4,376,0,0.0,0,0,,37,37
v2_high_decay_s23,v2,high_decay,23,random_regular,100,4,377,250,4.214371855533699,82,250,0.328,56,2
v2_high_decay_s23,v2,high_decay,23,random_regular,100,4,378,40,2.302585092984045,10,40,0.25,11,69
v2_high_decay_s23,v2,high_decay,23,random_regular,100,4,379,65,2.871476118036867,19,65,0.2923076923076923,61,69
v2_high_decay_s23,v2,high_decay,23,random_regular,100,4,380,51,2.8215638078423653,21,51,0.4117647058823529,41,69
v2_high_decay_s23,v2,high_decay,23,random_regular,100,4,381,248,4.037605211484928,92,248,0.3709677419354839,63,94
v2_high_decay_s23,v2,high_decay,23,random_regular,100,4,382,23,2.484906649776,12,23,0.5217391304347826,81,94
v2_high_decay_s23,v2,high_decay,23,random_regular,100,4,383,42,2.6593226976945163,18,42,0.42857142857142855,64,94
v2_high_decay_s23,v2,high_decay,23,random_regular,100,4,384,15,1.3321790402061222,5,15,0.3333333333333333,88,37
v2_high_decay_s23,v2,high_decay,23,random_regular,100,4,385,106,3.498515667114017,37,106,0.3490566037735849,88,94
v2_high_decay_s23,v2,high_decay,23,random_regular,100,4,386,117,3.5982245479693318,49,117,0.4188034188034188,23,94
v2_high_decay_s23,v2,high_decay,23,random_regular,100,4,387,32,2.0431918705371204,9,32,0.28125,90,69
v2_high_decay_s23,v2,high_decay,23,random_regular,100,4,388,28,2.484906649776,12,28,0.42857142857142855,47,69
v2_high_decay_s23,v2,high_decay,23,random_regular,100,4,389,3,1.0986122886651095,3,3,1.0,17,69
v2_high_decay_s23,v2,high_decay,23,random_regular,100,4,390,13,1.791759469222055,6,13,0.46153846153846156,92,94
v2_high_decay_s23,v2,high_decay,23,random_regular,100,4,391,98,3.550250017965948,40,98,0.40816326530612246,82,94
v2_high_decay_s23,v2,high_decay,23,random_regular,100,4,392,21,2.0431918705371204,9,21,0.42857142857142855,46,69
v2_high_decay_s23,v2,high_decay,23,random_regular,100,4,393,79,3.4502855905397403,39,79,0.4936708860759494,97,37
v2_high_decay_s23,v2,high_decay,23,random_regular,100,4,394,45,2.5649493574485365,13,45,0.28888888888888886,30,94
v2_high_decay_s23,v2,high_decay,23,random_regular,100,4,395,120,3.691536538915632,47,120,0.39166666666666666,17,94
v2_high_decay_s23,v2,high_decay,23,random_regular,100,4,396,20,2.0431918705371204,9,20,0.45,85,43
v2_high_decay_s23,v2,high_decay,23,random_regular,100,4,397,9,1.6094379124291005,5,9,0.5555555555555556,1,43
v2_high_decay_s23,v2,high_decay,23,random_regular,100,4,398,36,2.61563057701355,15,36,0.4166666666666667,50,2
v2_high_decay_s23,v2,high_decay,23,random_regular,100,4,399,8,1.0986122886651095,3,8,0.375,20,43
v2_high_decay_s23,v2,high_decay,23,random_regular,100,4,400,225,4.1695275068765385,92,225,0.4088888888888889,77,2
v2_high_decay_s23,v2,high_decay,23,random_regular,100,4,401,0,0.0,0,0,,37,37
v2_high_decay_s23,v2,high_decay,23,random_regular,100,4,402,2,-1.000088900581841e-12,1,2,0.5,47,2
v2_high_decay_s23,v2,high_decay,23,random_regular,100,4,403,0,0.0,0,0,,43,43
v2_high_decay_s23,v2,high_decay,23,random_regular,100,4,404,67,3.0149468801585937,23,67,0.34328358208955223,83,2
v2_high_decay_s23,v2,high_decay,23,random_regular,100,4,405,253,4.122292409820149,83,253,0.32806324110671936,64,69
v2_high_decay_s23,v2,high_decay,23,random_regular,100,4,406,0,0.0,0,0,,94,94
v2_high_decay_s23,v2,high_decay,23,random_regular,100,4,407,33,2.079441541671836,8,33,0.24242424242424243,28,2
v2_high_decay_s23,v2,high_decay,23,random_regular,100,4,408,66,3.10797227595561,25,66,0.3787878787878788,29,37
v2_high_decay_s23,v2,high_decay,23,random_regular,100,4,409,35,2.245035274116177,13,35,0.37142857142857144,31,37
v2_high_decay_s23,v2,high_decay,23,random_regular,100,4,410,21,2.197224577327219,9,21,0.42857142857142855,89,43
v2_high_decay_s23,v2,high_decay,23,random_regular,100,4,411,0,0.0,0,0,,2,2
v2_high_decay_s23,v2,high_decay,23,random_regular,100,4,412,68,3.308777757559495,30,68,0.4411764705882353,33,2
v2_high_decay_s23,v2,high_decay,23,random_regular,100,4,413,11,1.6094379124291005,5,11,0.45454545454545453,40,69
v2_high_decay_s23,v2,high_decay,23,random_regular,100,4,414,17,2.197224577327219,9,17,0.5294117647058824,41,2
v2_high_decay_s23,v2,high_decay,23,random_regular,100,4,415,22,2.369382119683676,12,22,0.5454545454545454,58,43
v2_high_decay_s23,v2,high_decay,23,random_regular,100,4,416,0,0.0,0,0,,2,2
v2_high_decay_s23,v2,high_decay,23,random_regular,100,4,417,120,3.5281418680240253,38,120,0.31666666666666665,79,2
v2_high_decay_s23,v2,high_decay,23,random_regular,100,4,418,76,3.134162458562648,28,76,0.3684210526315789,20,2
v2_high_decay_s23,v2,high_decay,23,random_regular,100,4,419,2,-1.000088900581841e-12,1,2,0.5,48,69
v2_high_decay_s23,v2,high_decay,23,random_regular,100,4,420,44,2.8903717578781647,18,44,0.4090909090909091,26,37
v2_high_decay_s23,v2,high_decay,23,random_regular,100,4,421,441,4.667930877907766,161,441,0.36507936507936506,58,2
v2_high_decay_s23,v2,high_decay,23,random_regular,100,4,422,35,2.61563057701355,15,35,0.42857142857142855,13,94
v2_high_decay_s23,v2,high_decay,23,random_regular,100,4,423,258,4.441392386407486,108,258,0.4186046511627907,4,69
v2_high_decay_s23,v2,high_decay,23,random_regular,100,4,424,95,3.556923618315193,39,95,0.4105263157894737,44,94
v2_high_decay_s23,v2,high_decay,23,random_regular,100,4,425,106,3.461048251949615,37,106,0.3490566037735849,1,37
v2_high_decay_s23,v2,high_decay,23,random_regular,100,4,426,14,-1.000088900581841e-12,1,14,0.07142857142857142,71,37
v2_high_decay_s23,v2,high_decay,23,random_regular,100,4,427,100,3.422414203983732,32,100,0.32,19,69
v2_high_decay_s23,v2,high_decay,23,random_regular,100,4,428,203,4.169796129410623,79,203,0.3891625615763547,8,94
v2_high_decay_s23,v2,high_decay,23,random_regular,100,4,429,28,2.197224577327219,9,28,0.32142857142857145,61,43
v2_high_decay_s23,v2,high_decay,23,random_regular,100,4,430,318,4.472542479330186,138,318,0.4339622641509434,81,37
v2_high_decay_s23,v2,high_decay,23,random_regular,100,4,431,19,1.9459101490483133,7,19,0.3684210526315789,44,94
v2_high_decay_s23,v2,high_decay,23,random_regular,100,4,432,4,0.6931471805579453,2,4,0.5,83,37
v2_high_decay_s23,v2,high_decay,23,random_regular,100,4,433,67,2.6525875347051464,19,67,0.2835820895522388,41,69
v2_high_decay_s23,v2,high_decay,23,random_regular,100,4,434,0,0.0,0,0,,2,2
v2_high_decay_s23,v2,high_decay,23,random_regular,100,4,435,55,3.098139496330803,26,55,0.4727272727272727,22,37
v2_high_decay_s23,v2,high_decay,23,random_regular,100,4,436,73,3.3445488585774434,31,73,0.4246575342465753,14,69
v2_high_decay_s23,v2,high_decay,23,random_regular,100,4,437,30,2.3978952727873706,11,30,0.36666666666666664,72,94
v2_high_decay_s23,v2,high_decay,23,random_regular,100,4,438,100,3.3861134216208097,37,100,0.37,90,69
v2_high_decay_s23,v2,high_decay,23,random_regular,100,4,439,12,1.791759469222055,6,12,0.5,90,43
v2_high_decay_s23,v2,high_decay,23,random_regular,100,4,440,14,1.0986122886651095,3,14,0.21428571428571427,28,37
v2_high_decay_s23,v2,high_decay,23,random_regular,100,4,441,132,3.6791091202545454,53,132,0.4015151515151515,34,94
v2_high_decay_s23,v2,high_decay,23,random_regular,100,4,442,257,4.419382291269643,103,257,0.40077821011673154,45,94
v2_high_decay_s23,v2,high_decay,23,random_regular,100,4,443,114,3.592469627573678,39,114,0.34210526315789475,85,2
v2_high_decay_s23,v2,high_decay,23,random_regular,100,4,444,145,3.627610229313849,61,145,0.4206896551724138,82,94
v2_high_decay_s23,v2,high_decay,23,random_regular,100,4,445,20,2.3978952727873706,11,20,0.55,49,94
v2_high_decay_s23,v2,high_decay,23,random_regular,100,4,446,20,1.6094379124291005,5,20,0.25,53,43
v2_high_decay_s23,v2,high_decay,23,random_regular,100,4,447,189,3.9427496774282735,66,189,0.3492063492063492,63,43
v2_high_decay_s23,v2,high_decay,23,random_regular,100,4,448,131,3.576171765304929,46,131,0.3511450381679389,90,43
v2_high_decay_s23,v2,high_decay,23,random_regular,100,4,449,60,2.625048158717539,19,60,0.31666666666666665,83,43
v2_high_decay_s23,v2,high_decay,23,random_regular,100,4,450,159,3.860208475449459,58,159,0.36477987421383645,59,69
v2_high_decay_s23,v2,high_decay,23,random_regular,100,4,451,167,3.839509426606019,53,167,0.31736526946107785,84,43
v2_high_decay_s23,v2,high_decay,23,random_regular,100,4,452,60,3.1931483947852626,27,60,0.45,66,94
v2_high_decay_s23,v2,high_decay,23,random_regular,100,4,453,374,4.493646522537818,137,374,0.3663101604278075,31,69
v2_high_decay_s23,v2,high_decay,23,random_regular,100,4,454,88,3.1865891168464264,33,88,0.375,66,37
v2_high_decay_s23,v2,high_decay,23,random_regular,100,4,455,69,3.1780538303239454,24,69,0.34782608695652173,57,2
v2_high_decay_s23,v2,high_decay,23,random_regular,100,4,456,13,2.079441541671836,8,13,0.6153846153846154,57,69
v2_high_decay_s23,v2,high_decay,23,random_regular,100,4,457,15,1.6094379124291005,5,15,0.3333333333333333,29,43
v2_high_decay_s23,v2,high_decay,23,random_regular,100,4,458,15,1.791759469222055,6,15,0.4,0,69
v2_high_decay_s23,v2,high_decay,23,random_regular,100,4,459,18,1.791759469222055,6,18,0.3333333333333333,38,94
v2_high_decay_s23,v2,high_decay,23,random_regular,100,4,460,97,3.605641583852999,42,97,0.4329896907216495,95,43
v2_high_decay_s23,v2,high_decay,23,random_regular,100,4,461,168,3.893131622084398,58,168,0.34523809523809523,72,43
v2_high_decay_s23,v2,high_decay,23,random_regular,100,4,462,0,0.0,0,0,,94,94
v2_high_decay_s23,v2,high_decay,23,random_regular,100,4,463,47,2.7985132569262934,19,47,0.40425531914893614,35,2
v2_high_decay_s23,v2,high_decay,23,random_regular,100,4,464,122,3.4858315997982245,39,122,0.319672131147541,39,94
v2_high_decay_s23,v2,high_decay,23,random_regular,100,4,465,25,2.772588722223781,16,25,0.64,66,43
v2_high_decay_s23,v2,high_decay,23,random_regular,100,4,466,1,-1.000088900581841e-12,1,1,1.0,71,37
v2_high_decay_s23,v2,high_decay,23,random_regular,100,4,467,27,2.302585092984045,10,27,0.37037037037037035,0,2
v2_high_decay_s23,v2,high_decay,23,random_regular,100,4,468,106,3.583257490460173,44,106,0.41509433962264153,6,2
v2_high_decay_s23,v2,high_decay,23,random_regular,100,4,469,127,3.911967693117725,54,127,0.4251968503937008,79,37
v2_high_decay_s23,v2,high_decay,23,random_regular,100,4,470,0,0.0,0,0,,69,69
v2_high_decay_s23,v2,high_decay,23,random_regular,100,4,471,112,3.322493706775413,34,112,0.30357142857142855,80,69
v2_high_decay_s23,v2,high_decay,23,random_regular,100,4,472,204,4.000057602581198,86,204,0.4215686274509804,36,94
v2_high_decay_s23,v2,high_decay,23,random_regular,100,4,473,120,3.696721308158614,43,120,0.35833333333333334,88,43
v2_high_decay_s23,v2,high_decay,23,random_regular,100,4,474,22,2.197224577327219,9,22,0.4090909090909091,68,94
v2_high_decay_s23,v2,high_decay,23,random_regular,100,4,475,71,3.271689322296034,29,71,0.4084507042253521,44,94
v2_high_decay_s23,v2,high_decay,23,random_regular,100,4,476,58,2.751915969013121,24,58,0.41379310344827586,97,43
v2_high_decay_s23,v2,high_decay,23,random_regular,100,4,477,5,0.6931471805579453,2,5,0.4,21,43
v2_high_decay_s23,v2,high_decay,23,random_regular,100,4,478,159,3.734356436050007,56,159,0.3522012578616352,62,69
v2_high_decay_s23,v2,high_decay,23,random_regular,100,4,479,46,2.5649493574485365,13,46,0.2826086956521739,17,69
v2_high_decay_s23,v2,high_decay,23,random_regular,100,4,480,57,3.0047670351869598,24,57,0.42105263157894735,36,69
v2_high_decay_s23,v2,high_decay,23,random_regular,100,4,481,116,3.5677636931747174,43,116,0.3706896551724138,4,2
v2_high_decay_s23,v2,high_decay,23,random_regular,100,4,482,189,4.163653769154264,82,189,0.43386243386243384,64,69
v2_high_decay_s23,v2,high_decay,23,random_regular,100,4,483,58,3.14180415918923,27,58,0.46551724137931033,56,69
v2_high_decay_s23,v2,high_decay,23,random_regular,100,4,484,70,3.1514585102190296,26,70,0.37142857142857144,18,69
v2_high_decay_s23,v2,high_decay,23,random_regular,100,4,485,0,0.0,0,0,,43,43
v2_high_decay_s23,v2,high_decay,23,random_regular,100,4,486,123,3.728960711904589,43,123,0.34959349593495936,54,94
v2_high_decay_s23,v2,high_decay,23,random_regular,100,4,487,26,2.079441541671836,8,26,0.3076923076923077,49,43
v2_high_decay_s23,v2,high_decay,23,random_regular,100,4,488,17,1.6094379124291005,5,17,0.29411764705882354,54,43
v2_high_decay_s23,v2,high_decay,23,random_regular,100,4,489,22,1.7478680974607577,7,22,0.3181818181818182,73,94
v2_high_decay_s23,v2,high_decay,23,random_regular,100,4,490,383,4.6785757071127225,138,383,0.360313315926893,63,94
v2_high_decay_s23,v2,high_decay,23,random_regular,100,4,491,18,1.791759469222055,6,18,0.3333333333333333,28,69
v2_high_decay_s23,v2,high_decay,23,random_regular,100,4,492,44,2.557793860093732,17,44,0.38636363636363635,47,43
v2_high_decay_s23,v2,high_decay,23,random_regular,100,4,493,48,2.4762471329700326,17,48,0.3541666666666667,85,37
v2_high_decay_s23,v2,high_decay,23,random_regular,100,4,494,58,3.135494215906149,23,58,0.39655172413793105,17,43
v2_high_decay_s23,v2,high_decay,23,random_regular,100,4,495,25,2.197224577327219,9,25,0.36,6,2
v2_high_decay_s23,v2,high_decay,23,random_regular,100,4,496,15,1.791759469222055,6,15,0.4,87,2
v2_high_decay_s23,v2,high_decay,23,random_regular,100,4,497,30,1.6094379124291005,5,30,0.16666666666666666,14,94
v2_high_decay_s23,v2,high_decay,23,random_regular,100,4,498,27,2.3978952727873706,11,27,0.4074074074074074,29,43
v2_high_decay_s23,v2,high_decay,23,random_regular,100,4,499,26,2.2718685126865625,11,26,0.4230769230769231,18,37
v2_high_decay_s23,v2,high_decay,23,random_regular,100,4,500,67,2.912494403312053,21,67,0.31343283582089554,46,37
v2_high_decay_s23,v2,high_decay,23,random_regular,100,4,501,143,3.951186258269278,59,143,0.4125874125874126,38,94
v2_high_decay_s23,v2,high_decay,23,random_regular,100,4,502,25,1.6094379124291005,5,25,0.2,19,43
v2_high_decay_s23,v2,high_decay,23,random_regular,100,4,503,11,1.0986122886651095,3,11,0.2727272727272727,71,94
v2_high_decay_s23,v2,high_decay,23,random_regular,100,4,504,112,3.4678540963178395,40,112,0.35714285714285715,18,37
v2_high_decay_s23,v2,high_decay,23,random_regular,100,4,505,70,2.991501468554349,26,70,0.37142857142857144,87,37
v2_high_decay_s23,v2,high_decay,23,random_regular,100,4,506,55,2.83412587653726,23,55,0.41818181818181815,15,37
v2_high_decay_s23,v2,high_decay,23,random_regular,100,4,507,1,-1.000088900581841e-12,1,1,1.0,48,69
v2_high_decay_s23,v2,high_decay,23,random_regular,100,4,508,95,3.5359830822784195,37,95,0.3894736842105263,15,37
v2_high_decay_s23,v2,high_decay,23,random_regular,100,4,509,73,3.0047670351869598,24,73,0.3287671232876712,16,37
v2_high_decay_s23,v2,high_decay,23,random_regular,100,4,510,15,1.6094379124291005,5,15,0.3333333333333333,42,43
v2_high_decay_s23,v2,high_decay,23,random_regular,100,4,511,7,1.0986122886651095,3,7,0.42857142857142855,61,94
v2_high_decay_s23,v2,high_decay,23,random_regular,100,4,512,80,3.1418041591892294,27,80,0.3375,79,2
v2_high_decay_s23,v2,high_decay,23,random_regular,100,4,513,206,4.016165101867141,79,206,0.38349514563106796,72,94
v2_high_decay_s23,v2,high_decay,23,random_regular,100,4,514,18,1.791759469222055,6,18,0.3333333333333333,23,2
v2_high_decay_s23,v2,high_decay,23,random_regular,100,4,515,78,3.1418041591892294,27,78,0.34615384615384615,30,94
v2_high_decay_s23,v2,high_decay,23,random_regular,100,4,516,183,3.82951726754497,67,183,0.366120218579235,19,2
v2_high_decay_s23,v2,high_decay,23,random_regular,100,4,517,42,2.484906649776,12,42,0.2857142857142857,60,69
v2_high_decay_s23,v2,high_decay,23,random_regular,100,4,518,36,2.725550395815721,19,36,0.5277777777777778,96,94
v2_high_decay_s23,v2,high_decay,23,random_regular,100,4,519,58,2.639057329601259,14,58,0.2413793103448276,83,94
v2_high_decay_s23,v2,high_decay,23,random_regular,100,4,520,10,1.3862943611158909,4,10,0.4,21,43
v2_high_decay_s23,v2,high_decay,23,random_regular,100,4,521,26,1.6094379124291005,5,26,0.19230769230769232,11,69
v2_high_decay_s23,v2,high_decay,23,random_regular,100,4,522,10,1.0986122886651095,3,10,0.3,42,37
v2_high_decay_s23,v2,high_decay,23,random_regular,100,4,523,192,4.038881895779039,76,192,0.3958333333333333,98,43
v2_high_decay_s23,v2,high_decay,23,random_regular,100,4,524,39,2.736339051089065,18,39,0.46153846153846156,22,43
v2_high_decay_s23,v2,high_decay,23,random_regular,100,4,525,34,2.484906649776,12,34,0.35294117647058826,83,69
v2_high_decay_s23,v2,high_decay,23,random_regular,100,4,526,3,0.6931471805579453,2,3,0.6666666666666666,99,43
v2_high_decay_s23,v2,high_decay,23,random_regular,100,4,527,0,0.0,0,0,,2,2
v2_high_decay_s23,v2,high_decay,23,random_regular,100,4,528,27,2.1639556568730565,10,27,0.37037037037037035,77,2
v2_high_decay_s23,v2,high_decay,23,random_regular,100,4,529,173,3.6928403574637225,60,173,0.3468208092485549,86,94
v2_high_decay_s23,v2,high_decay,23,random_regular,100,4,530,12,1.3862943611158909,4,12,0.3333333333333333,12,37
v2_high_decay_s23,v2,high_decay,23,random_regular,100,4,531,80,3.222101919239834,37,80,0.4625,11,37
v2_high_decay_s23,v2,high_decay,23,random_regular,100,4,532,130,3.467994408329786,36,130,0.27692307692307694,79,43
v2_high_decay_s23,v2,high_decay,23,random_regular,100,4,533,43,2.639057329601259,14,43,0.32558139534883723,81,37
v2_high_decay_s23,v2,high_decay,23,random_regular,100,4,534,1,-1.000088900581841e-12,1,1,1.0,70,69
v2_high_decay_s23,v2,high_decay,23,random_regular,100,4,535,67,2.9444389791474395,19,67,0.2835820895522388,0,43
v2_high_decay_s23,v2,high_decay,23,random_regular,100,4,536,66,3.1780538303239454,24,66,0.36363636363636365,34,43
v2_high_decay_s23,v2,high_decay,23,random_regular,100,4,537,109,3.152706716658355,30,109,0.27522935779816515,22,43
v2_high_decay_s23,v2,high_decay,23,random_regular,100,4,538,70,3.2625679455231658,30,70,0.42857142857142855,87,69
v2_high_decay_s23,v2,high_decay,23,random_regular,100,4,539,65,3.299829685639092,31,65,0.47692307692307695,53,94
v2_high_decay_s23,v2,high_decay,23,random_regular,100,4,540,36,2.5649493574485365,13,36,0.3611111111111111,82,2
v2_high_decay_s23,v2,high_decay,23,random_regular,100,4,541,22,2.197224577327219,9,22,0.4090909090909091,70,37
v2_high_decay_s23,v2,high_decay,23,random_regular,100,4,542,82,3.222410677489011,36,82,0.43902439024390244,5,43
v2_high_decay_s23,v2,high_decay,23,random_regular,100,4,543,93,3.165672166824038,31,93,0.3333333333333333,79,94
v2_high_decay_s23,v2,high_decay,23,random_regular,100,4,544,58,2.7804663689216818,21,58,0.3620689655172414,63,37
v2_high_decay_s23,v2,high_decay,23,random_regular,100,4,545,5,1.0986122886651095,3,5,0.6,13,37
v2_high_decay_s23,v2,high_decay,23,random_regular,100,4,546,99,3.119162312495754,32,99,0.32323232323232326,82,69
v2_high_decay_s23,v2,high_decay,23,random_regular,100,4,547,10,1.0986122886651095,3,10,0.3,71,37
v2_high_decay_s23,v2,high_decay,23,random_regular,100,4,548,193,4.069590564805057,72,193,0.37305699481865284,57,94
v2_high_decay_s23,v2,high_decay,23,random_regular,100,4,549,15,1.6094379124291005,5,15,0.3333333333333333,28,37
v2_high_decay_s23,v2,high_decay,23,random_regular,100,4,550,130,3.731290168531232,51,130,0.3923076923076923,29,69
v2_high_decay_s23,v2,high_decay,23,random_regular,100,4,551,7,1.0986122886651095,3,7,0.42857142857142855,36,94
v2_high_decay_s23,v2,high_decay,23,random_regular,100,4,552,56,2.5649493574485365,13,56,0.23214285714285715,60,69
v2_high_decay_s23,v2,high_decay,23,random_regular,100,4,553,16,2.197224577327219,9,16,0.5625,45,94
v2_high_decay_s23,v2,high_decay,23,random_regular,100,4,554,56,3.1836729714587872,28,56,0.5,14,2
v2_high_decay_s23,v2,high_decay,23,random_regular,100,4,555,24,2.079441541671836,8,24,0.3333333333333333,1,69
v2_high_decay_s23,v2,high_decay,23,random_regular,100,4,556,24,2.484906649776,12,24,0.5,11,94
v2_high_decay_s23,v2,high_decay,23,random_regular,100,4,557,66,3.163424050399405,25,66,0.3787878787878788,80,2
v2_high_decay_s23,v2,high_decay,23,random_regular,100,4,558,696,5.009361672390929,239,696,0.34339080459770116,25,94
v2_high_decay_s23,v2,high_decay,23,random_regular,100,4,559,39,2.772588722223781,16,39,0.41025641025641024,26,43
v2_high_decay_s23,v2,high_decay,23,random_regular,100,4,560,12,1.6094379124291005,5,12,0.4166666666666667,52,37
v2_high_decay_s23,v2,high_decay,23,random_regular,100,4,561,87,3.2163581334868363,30,87,0.3448275862068966,34,37
v2_high_decay_s23,v2,high_decay,23,random_regular,100,4,562,81,3.0864593035104697,32,81,0.3950617283950617,36,69
v2_high_decay_s23,v2,high_decay,23,random_regular,100,4,563,62,3.120291565278284,24,62,0.3870967741935484,38,43
v2_high_decay_s23,v2,high_decay,23,random_regular,100,4,564,139,3.895099034106584,62,139,0.4460431654676259,5,43
v2_high_decay_s23,v2,high_decay,23,random_regular,100,4,565,52,2.7985132569262934,19,52,0.36538461538461536,23,94
v2_high_decay_s23,v2,high_decay,23,random_regular,100,4,566,0,0.0,0,0,,43,43
v2_high_decay_s23,v2,high_decay,23,random_regular,100,4,567,103,3.480935299911953,40,103,0.3883495145631068,40,2
v2_high_decay_s23,v2,high_decay,23,random_regular,100,4,568,83,3.2826939972510645,28,83,0.3373493975903614,19,2
v2_high_decay_s23,v2,high_decay,23,random_regular,100,4,569,25,2.302585092984045,10,25,0.4,38,69
v2_high_decay_s23,v2,high_decay,23,random_regular,100,4,570,72,3.152706716658356,30,72,0.4166666666666667,87,94
v2_high_decay_s23,v2,high_decay,23,random_regular,100,4,571,255,4.0492216090024735,86,255,0.33725490196078434,70,94
v2_high_decay_s23,v2,high_decay,23,random_regular,100,4,572,27,2.0253262207620675,10,27,0.37037037037037035,81,37
v2_high_decay_s23,v2,high_decay,23,random_regular,100,4,573,1,-1.000088900581841e-12,1,1,1.0,48,69
v2_high_decay_s23,v2,high_decay,23,random_regular,100,4,574,57,3.044522437702424,21,57,0.3684210526315789,25,2
v2_high_decay_s23,v2,high_decay,23,random_regular,100,4,575,59,2.857102837424001,20,59,0.3389830508474576,68,69
v2_high_decay_s23,v2,high_decay,23,random_regular,100,4,576,2,-1.000088900581841e-12,1,2,0.5,20,37
v2_high_decay_s23,v2,high_decay,23,random_regular,100,4,577,188,4.181080304880788,84,188,0.44680851063829785,26,43
v2_high_decay_s23,v2,high_decay,23,random_regular,100,4,578,3,0.6931471805579453,2,3,0.6666666666666666,98,94
v2_high_decay_s23,v2,high_decay,23,random_regular,100,4,579,5,0.6931471805579453,2,5,0.4,84,69
v2_high_decay_s23,v2,high_decay,23,random_regular,100,4,580,4,-1.000088900581841e-12,1,4,0.25,83,69
v2_high_decay_s23,v2,high_decay,23,random_regular,100,4,581,3,-1.000088900581841e-12,1,3,0.3333333333333333,20,37
v2_high_decay_s23,v2,high_decay,23,random_regular,100,4,582,0,0.0,0,0,,94,94
v2_high_decay_s23,v2,high_decay,23,random_regular,100,4,583,70,3.204777524107256,26,70,0.37142857142857144,18,43
v2_high_decay_s23,v2,high_decay,23,random_regular,100,4,584,48,2.9444389791474395,19,48,0.3958333333333333,13,37
v2_high_decay_s23,v2,high_decay,23,random_regular,100,4,585,15,1.6094379124291005,5,15,0.3333333333333333,28,43
v2_high_decay_s23,v2,high_decay,23,random_regular,100,4,586,18,1.6094379124291005,5,18,0.2777777777777778,71,43
v2_high_decay_s23,v2,high_decay,23,random_regular,100,4,587,57,2.725550395815721,19,57,0.3333333333333333,63,69
v2_high_decay_s23,v2,high_decay,23,random_regular,100,4,588,60,2.871476118036867,19,60,0.31666666666666665,0,2
v2_high_decay_s23,v2,high_decay,23,random_regular,100,4,589,47,2.639057329601259,14,47,0.2978723404255319,89,2
v2_high_decay_s23,v2,high_decay,23,random_regular,100,4,590,177,3.80350728613799,73,177,0.4124293785310734,52,2
v2_high_decay_s23,v2,high_decay,23,random_regular,100,4,591,16,1.6094379124291005,5,16,0.3125,71,37
v2_high_decay_s23,v2,high_decay,23,random_regular,100,4,592,88,3.423580836785212,37,88,0.42045454545454547,22,69
v2_high_decay_s23,v2,high_decay,23,random_regular,100,4,593,24,2.3978952727873706,11,24,0.4583333333333333,89,2
v2_high_decay_s23,v2,high_decay,23,random_regular,100,4,594,28,2.0431918705371204,9,28,0.32142857142857145,21,43
v2_high_decay_s23,v2,high_decay,23,random_regular,100,4,595,63,2.871476118036867,19,63,0.30158730158730157,75,2
v2_high_decay_s23,v2,high_decay,23,random_regular,100,4,596,39,2.5400363038079807,14,39,0.358974358974359,87,94
v2_high_decay_s23,v2,high_decay,23,random_regular,100,4,597,89,3.3176975995541462,35,89,0.39325842696629215,40,43
v2_high_decay_s23,v2,high_decay,23,random_regular,100,4,598,46,2.430791328866232,15,46,0.32608695652173914,50,69
v2_high_decay_s23,v2,high_decay,23,random_regular,100,4,599,8,1.6094379124291005,5,8,0.625,0,43
v2_high_decay_s23,v2,high_decay,23,random_regular,100,4,600,146,3.6889817267406695,53,146,0.363013698630137,74,69
v2_high_decay_s23,v2,high_decay,23,random_regular,100,4,601,44,2.772588722223781,16,44,0.36363636363636365,38,37
v2_high_decay_s23,v2,high_decay,23,random_regular,100,4,602,114,3.61120470659974,52,114,0.45614035087719296,44,37
v2_high_decay_s23,v2,high_decay,23,random_regular,100,4,603,85,3.154022527709909,35,85,0.4117647058823529,73,2
v2_high_decay_s23,v2,high_decay,23,random_regular,100,4,604,131,3.714367693682128,51,131,0.3893129770992366,33,2
v2_high_decay_s23,v2,high_decay,23,random_regular,100,4,605,115,3.3965802918788475,47,115,0.40869565217391307,11,69
v2_high_decay_s23,v2,high_decay,23,random_regular,100,4,606,4,0.6931471805579453,2,4,0.5,12,94
v2_high_decay_s23,v2,high_decay,23,random_regular,100,4,607,20,2.197224577327219,9,20,0.45,80,43
v2_high_decay_s23,v2,high_decay,23,random_regular,100,4,608,645,4.783697439290663,221,645,0.3426356589147287,52,69
v2_high_decay_s23,v2,high_decay,23,random_regular,100,4,609,9,1.0986122886651095,3,9,0.3333333333333333,75,94
v2_high_decay_s23,v2,high_decay,23,random_regular,100,4,610,215,4.1612057756954295,78,215,0.3627906976744186,84,37
v2_high_decay_s23,v2,high_decay,23,random_regular,100,4,611,9,2.079441541671836,8,9,0.8888888888888888,50,37
v2_high_decay_s23,v2,high_decay,23,random_regular,100,4,612,0,0.0,0,0,,69,69
v2_high_decay_s23,v2,high_decay,23,random_regular,100,4,613,8,1.3862943611158909,4,8,0.5,45,94
v2_high_decay_s23,v2,high_decay,23,random_regular,100,4,614,8,0.6931471805579453,2,8,0.25,99,2
v2_high_decay_s23,v2,high_decay,23,random_regular,100,4,615,30,2.484906649776,12,30,0.4,93,37
v2_high_decay_s23,v2,high_decay,23,random_regular,100,4,616,4,-1.000088900581841e-12,1,4,0.25,16,94
v2_high_decay_s23,v2,high_decay,23,random_regular,100,4,617,17,2.079441541671836,8,17,0.47058823529411764,18,37
v2_high_decay_s23,v2,high_decay,23,random_regular,100,4,618,191,4.028917986946682,64,191,0.33507853403141363,81,94
v2_high_decay_s23,v2,high_decay,23,random_regular,100,4,619,86,3.422414203983732,32,86,0.37209302325581395,64,94
v2_high_decay_s23,v2,high_decay,23,random_regular,100,4,620,19,1.3862943611158909,4,19,0.21052631578947367,83,2
v2_high_decay_s23,v2,high_decay,23,random_regular,100,4,621,516,4.694840543317583,194,516,0.375968992248062,18,37
v2_high_decay_s23,v2,high_decay,23,random_regular,100,4,622,90,3.4544986414005443,33,90,0.36666666666666664,15,2
v2_high_decay_s23,v2,high_decay,23,random_regular,100,4,623,425,4.681038011992815,138,425,0.3247058823529412,68,43
v2_high_decay_s23,v2,high_decay,23,random_regular,100,4,624,65,3.335770806415738,32,65,0.49230769230769234,92,94
v2_high_decay_s23,v2,high_decay,23,random_regular,100,4,625,412,4.537109778037317,147,412,0.3567961165048544,89,94
v2_high_decay_s23,v2,high_decay,23,random_regular,100,4,626,176,3.9899733394091386,67,176,0.3806818181818182,31,69
v2_high_decay_s23,v2,high_decay,23,random_regular,100,4,627,46,2.813355404483615,18,46,0.391304347826087,42,69
v2_high_decay_s23,v2,high_decay,23,random_regular,100,4,628,63,3.467994408329786,36,63,0.5714285714285714,56,37
v2_high_decay_s23,v2,high_decay,23,random_regular,100,4,629,174,4.0032531956170185,78,174,0.4482758620689655,45,94
v2_high_decay_s23,v2,high_decay,23,random_regular,100,4,630,115,3.169394313516978,34,115,0.2956521739130435,40,43
v2_high_decay_s23,v2,high_decay,23,random_regular,100,4,631,37,2.61563057701355,15,37,0.40540540540540543,86,43
v2_high_decay_s23,v2,high_decay,23,random_regular,100,4,632,0,0.0,0,0,,37,37
v2_high_decay_s23,v2,high_decay,23,random_regular,100,4,633,104,3.363267070336762,34,104,0.3269230769230769,32,94
v2_high_decay_s23,v2,high_decay,23,random_regular,100,4,634,40,2.3978952727873706,11,40,0.275,52,37
v2_high_decay_s23,v2,high_decay,23,random_regular,100,4,635,71,3.4544986414005443,33,71,0.4647887323943662,89,69
v2_high_decay_s23,v2,high_decay,23,random_regular,100,4,636,200,4.174228083592779,86,200,0.43,90,94
v2_high_decay_s23,v2,high_decay,23,random_regular,100,4,637,200,3.9187045088984656,68,200,0.34,24,2
v2_high_decay_s23,v2,high_decay,23,random_regular,100,4,638,8,0.6931471805579453,2,8,0.25,24,37
v2_high_decay_s23,v2,high_decay,23,random_regular,100,4,639,236,4.309775048375183,99,236,0.4194915254237288,17,2
v2_high_decay_s23,v2,high_decay,23,random_regular,100,4,640,47,2.4583113296710835,13,47,0.2765957446808511,86,94
v2_high_decay_s23,v2,high_decay,23,random_regular,100,4,641,66,2.664619195177492,21,66,0.3181818181818182,60,2
v2_high_decay_s23,v2,high_decay,23,random_regular,100,4,642,22,1.5229550675263184,9,22,0.4090909090909091,42,43
v2_high_decay_s23,v2,high_decay,23,random_regular,100,4,643,360,4.445824670889917,134,360,0.37222222222222223,77,2
v2_high_decay_s23,v2,high_decay,23,random_regular,100,4,644,223,4.053477767676579,89,223,0.3991031390134529,60,2
v2_high_decay_s23,v2,high_decay,23,random_regular,100,4,645,21,2.197224577327219,9,21,0.42857142857142855,49,69
v2_high_decay_s23,v2,high_decay,23,random_regular,100,4,646,22,2.0253262207620675,10,22,0.45454545454545453,72,94
v2_high_decay_s23,v2,high_decay,23,random_regular,100,4,647,168,3.610512234604807,53,168,0.31547619047619047,50,43
v2_high_decay_s23,v2,high_decay,23,random_regular,100,4,648,25,2.369382119683676,12,25,0.48,88,2
v2_high_decay_s23,v2,high_decay,23,random_regular,100,4,649,38,2.302585092984045,10,38,0.2631578947368421,42,2
v2_high_decay_s23,v2,high_decay,23,random_regular,100,4,650,82,3.2238860684653137,29,82,0.35365853658536583,49,37
v2_high_decay_s23,v2,high_decay,23,random_regular,100,4,651,96,3.2058430290251567,29,96,0.3020833333333333,56,69
v2_high_decay_s23,v2,high_decay,23,random_regular,100,4,652,43,2.5649493574485365,13,43,0.3023255813953488,66,94
v2_high_decay_s23,v2,high_decay,23,random_regular,100,4,653,38,2.3516733018936304,13,38,0.34210526315789475,89,43
v2_high_decay_s23,v2,high_decay,23,random_regular,100,4,654,168,3.9706172797023616,62,168,0.36904761904761907,11,37
v2_high_decay_s23,v2,high_decay,23,random_regular,100,4,655,20,1.9459101490483133,7,20,0.35,22,37
v2_high_decay_s23,v2,high_decay,23,random_regular,100,4,656,17,2.079441541671836,8,17,0.47058823529411764,29,69
v2_high_decay_s23,v2,high_decay,23,random_regular,100,4,657,82,3.2491274088477446,32,82,0.3902439024390244,3,43
v2_high_decay_s23,v2,high_decay,23,random_regular,100,4,658,216,4.034722266124669,74,216,0.3425925925925926,25,69
v2_high_decay_s23,v2,high_decay,23,random_regular,100,4,659,147,3.855793317498516,53,147,0.36054421768707484,62,69
v2_high_decay_s23,v2,high_decay,23,random_regular,100,4,660,131,3.596573283066479,50,131,0.3816793893129771,72,2
v2_high_decay_s23,v2,high_decay,23,random_regular,100,4,661,134,3.773393569271156,50,134,0.373134328358209,73,69
v2_high_decay_s23,v2,high_decay,23,random_regular,100,4,662,110,3.658162873776453,44,110,0.4,55,43
v2_high_decay_s23,v2,high_decay,23,random_regular,100,4,663,38,2.588573162668117,17,38,0.4473684210526316,79,94
v2_high_decay_s23,v2,high_decay,23,random_regular,100,4,664,77,3.1102365213637158,29,77,0.37662337662337664,50,37
v2_high_decay_s23,v2,high_decay,23,random_regular,100,4,665,157,3.823096663177728,51,157,0.3248407643312102,44,2
v2_high_decay_s23,v2,high_decay,23,random_regular,100,4,666,20,2.079441541671836,8,20,0.4,11,69
v2_high_decay_s23,v2,high_decay,23,random_regular,100,4,667,20,2.1639556568730565,10,20,0.5,51,37
v2_high_decay_s23,v2,high_decay,23,random_regular,100,4,668,129,3.886295575320209,54,129,0.4186046511627907,92,94
v2_high_decay_s23,v2,high_decay,23,random_regular,100,4,669,68,3.2238860684653137,29,68,0.4264705882352941,26,43
v2_high_decay_s23,v2,high_decay,23,random_regular,100,4,670,85,3.555348061454413,35,85,0.4117647058823529,83,94
v2_high_decay_s23,v2,high_decay,23,random_regular,100,4,671,53,2.6525875347051477,19,53,0.3584905660377358,92,94
v2_high_decay_s23,v2,high_decay,23,random_regular,100,4,672,78,3.2238860684653137,29,78,0.3717948717948718,33,43
v2_high_decay_s23,v2,high_decay,23,random_regular,100,4,673,121,3.644129457733132,49,121,0.4049586776859504,86,94
v2_high_decay_s23,v2,high_decay,23,random_regular,100,4,674,65,2.9970687270680187,25,65,0.38461538461538464,67,43
v2_high_decay_s23,v2,high_decay,23,random_regular,100,4,675,96,3.2127420325228613,33,96,0.34375,68,43
v2_high_decay_s23,v2,high_decay,23,random_regular,100,4,676,0,0.0,0,0,,37,37
v2_high_decay_s23,v2,high_decay,23,random_regular,100,4,677,55,2.772588722223781,16,55,0.2909090909090909,23,94
v2_high_decay_s23,v2,high_decay,23,random_regular,100,4,678,128,3.817946183811361,52,128,0.40625,48,37
v2_high_decay_s23,v2,high_decay,23,random_regular,100,4,679,92,3.3549875695958247,30,92,0.32608695652173914,75,2
v2_high_decay_s23,v2,high_decay,23,random_regular,100,4,680,5,1.0986122886651095,3,5,0.6,10,94
v2_high_decay_s23,v2,high_decay,23,random_regular,100,4,681,23,2.369382119683676,12,23,0.5217391304347826,87,94
v2_high_decay_s23,v2,high_decay,23,random_regular,100,4,682,61,2.4665771435919366,21,61,0.3442622950819672,16,94
v2_high_decay_s23,v2,high_decay,23,random_regular,100,4,683,28,2.302585092984045,10,28,0.35714285714285715,35,37
v2_high_decay_s23,v2,high_decay,23,random_regular,100,4,684,58,2.7555497906471795,21,58,0.3620689655172414,49,69
v2_high_decay_s23,v2,high_decay,23,random_regular,100,4,685,41,2.8332133440392155,17,41,0.4146341463414634,20,69
v2_high_decay_s23,v2,high_decay,23,random_regular,100,4,686,45,2.523210952939891,15,45,0.3333333333333333,73,69
v2_high_decay_s23,v2,high_decay,23,random_regular,100,4,687,22,2.2718685126865625,11,22,0.5,27,37
v2_high_decay_s23,v2,high_decay,23,random_regular,100,4,688,28,2.685945324654788,16,28,0.5714285714285714,22,69
v2_high_decay_s23,v2,high_decay,23,random_regular,100,4,689,100,3.467994408329786,36,100,0.36,91,43
v2_high_decay_s23,v2,high_decay,23,random_regular,100,4,690,117,3.281720343214063,34,117,0.2905982905982906,11,37
v2_high_decay_s23,v2,high_decay,23,random_regular,100,4,691,1,-1.000088900581841e-12,1,1,1.0,70,69
v2_high_decay_s23,v2,high_decay,23,random_regular,100,4,692,177,3.863295501985452,60,177,0.3389830508474576,33,37
v2_high_decay_s23,v2,high_decay,23,random_regular,100,4,693,54,3.062529300232621,24,54,0.4444444444444444,92,94
v2_high_decay_s23,v2,high_decay,23,random_regular,100,4,694,89,3.3573060098708574,35,89,0.39325842696629215,3,43
v2_high_decay_s23,v2,high_decay,23,random_regular,100,4,695,143,3.734356436049007,56,143,0.3916083916083916,3,94
v2_high_decay_s23,v2,high_decay,23,random_regular,100,4,696,29,2.5649493574485365,13,29,0.4482758620689655,81,69
v2_high_decay_s23,v2,high_decay,23,random_regular,100,4,697,106,3.5734504974428223,37,106,0.3490566037735849,93,69
v2_high_decay_s23,v2,high_decay,23,random_regular,100,4,698,124,3.5592542927696083,49,124,0.3951612903225806,61,37
v2_high_decay_s23,v2,high_decay,23,random_regular,100,4,699,20,2.079441541671836,8,20,0.4,49,37
v2_high_decay_s23,v2,high_decay,23,random_regular,100,4,700,41,2.1639556568730565,10,41,0.24390243902439024,74,43
v2_high_decay_s23,v2,high_decay,23,random_regular,100,4,701,166,3.721030401006437,51,166,0.3072289156626506,62,69
v2_high_decay_s23,v2,high_decay,23,random_regular,100,4,702,73,3.3322045101472035,28,73,0.3835616438356164,76,94
v2_high_decay_s23,v2,high_decay,23,random_regular,100,4,703,9,1.6094379124291005,5,9,0.5555555555555556,30,43
v2_high_decay_s23,v2,high_decay,23,random_regular,100,4,704,100,3.3549875695958247,30,100,0.3,14,37
v2_high_decay_s23,v2,high_decay,23,random_regular,100,4,705,21,1.9061547465328492,8,21,0.38095238095238093,45,69
v2_high_decay_s23,v2,high_decay,23,random_regular,100,4,706,45,2.540036303807981,14,45,0.3111111111111111,63,94
v2_high_decay_s23,v2,high_decay,23,random_regular,100,4,707,34,2.098147389126067,13,34,0.38235294117647056,8,94
v2_high_decay_s23,v2,high_decay,23,random_regular,100,4,708,156,3.786710656109511,59,156,0.3782051282051282,3,94
v2_high_decay_s23,v2,high_decay,23,random_regular,100,4,709,176,3.894328210133021,67,176,0.3806818181818182,79,69
v2_high_decay_s23,v2,high_decay,23,random_regular,100,4,710,29,1.9459101490483133,7,29,0.2413793103448276,9,43
v2_high_decay_s23,v2,high_decay,23,random_regular,100,4,711,27,2.302585092984045,10,27,0.37037037037037035,64,69
v2_high_decay_s23,v2,high_decay,23,random_regular,100,4,712,13,1.9459101490483133,7,13,0.5384615384615384,39,2
v2_high_decay_s23,v2,high_decay,23,random_regular,100,4,713,44,2.625048158717539,19,44,0.4318181818181818,29,37
v2_high_decay_s23,v2,high_decay,23,random_regular,100,4,714,3,0.6931471805579453,2,3,0.6666666666666666,98,94
v2_high_decay_s23,v2,high_decay,23,random_regular,100,4,715,167,3.90097196936376,73,167,0.437125748502994,87,69
v2_high_decay_s23,v2,high_decay,23,random_regular,100,4,716,28,2.3978952727873706,11,28,0.39285714285714285,72,2
v2_high_decay_s23,v2,high_decay,23,random_regular,100,4,717,30,2.3978952727873706,11,30,0.36666666666666664,65,69
v2_high_decay_s23,v2,high_decay,23,random_regular,100,4,718,24,2.197224577327219,9,24,0.375,11,37
v2_high_decay_s23,v2,high_decay,23,random_regular,100,4,719,6,-1.000088900581841e-12,1,6,0.16666666666666666,48,69
v2_high_decay_s23,v2,high_decay,23,random_regular,100,4,720,23,2.302585092984045,10,23,0.43478260869565216,40,37
v2_high_decay_s23,v2,high_decay,23,random_regular,100,4,721,19,1.3862943611158909,4,19,0.21052631578947367,93,2
v2_high_decay_s23,v2,high_decay,23,random_regular,100,4,722,17,2.079441541671836,8,17,0.47058823529411764,0,69
v2_high_decay_s23,v2,high_decay,23,random_regular,100,4,723,0,0.0,0,0,,37,37
v2_high_decay_s23,v2,high_decay,23,random_regular,100,4,724,44,2.2718685126865625,11,44,0.25,38,94
v2_high_decay_s23,v2,high_decay,23,random_regular,100,4,725,43,2.5649493574485365,13,43,0.3023255813953488,1,69
v2_high_decay_s23,v2,high_decay,23,random_regular,100,4,726,19,2.197224577327219,9,19,0.47368421052631576,66,94
v2_high_decay_s23,v2,high_decay,23,random_regular,100,4,727,34,2.540036303807981,14,34,0.4117647058823529,79,94
v2_high_decay_s23,v2,high_decay,23,random_regular,100,4,728,111,3.404927888365862,38,111,0.34234234234234234,49,37
v2_high_decay_s23,v2,high_decay,23,random_regular,100,4,729,48,2.61563057701355,15,48,0.3125,36,37
v2_high_decay_s23,v2,high_decay,23,random_regular,100,4,730,86,3.233183484354926,28,86,0.32558139534883723,9,43
v2_high_decay_s23,v2,high_decay,23,random_regular,100,4,731,243,4.335280093521179,92,243,0.3786008230452675,9,69
v2_high_decay_s23,v2,high_decay,23,random_regular,100,4,732,0,0.0,0,0,,94,94
v2_high_decay_s23,v2,high_decay,23,random_regular,100,4,733,57,2.736339051089065,18,57,0.3157894736842105,5,2
v2_high_decay_s23,v2,high_decay,23,random_regular,100,4,734,63,3.044522437702424,21,63,0.3333333333333333,33,37
v2_high_decay_s23,v2,high_decay,23,random_regular,100,4,735,61,2.921657656475706,30,61,0.4918032786885246,46,37
v2_high_decay_s23,v2,high_decay,23,random_regular,100,4,736,8,1.3862943611158909,4,8,0.5,97,69
v2_high_decay_s23,v2,high_decay,23,random_regular,100,4,737,86,2.9970687270680187,25,86,0.29069767441860467,77,43
v2_high_decay_s23,v2,high_decay,23,random_regular,100,4,738,41,2.871476118036867,19,41,0.4634146341463415,20,69
v2_high_decay_s23,v2,high_decay,23,random_regular,100,4,739,7,0.6931471805579453,2,7,0.2857142857142857,90,37
v2_high_decay_s23,v2,high_decay,23,random_regular,100,4,740,73,3.135494215906149,23,73,0.3150684931506849,29,69
v2_high_decay_s23,v2,high_decay,23,random_regular,100,4,741,31,2.197224577327219,9,31,0.2903225806451613,82,37
v2_high_decay_s23,v2,high_decay,23,random_regular,100,4,742,125,3.5951494937275497,44,125,0.352,13,43
v2_high_decay_s23,v2,high_decay,23,random_regular,100,4,743,41,2.751666616915516,17,41,0.4146341463414634,15,2
v2_high_decay_s23,v2,high_decay,23,random_regular,100,4,744,78,3.134162458562648,28,78,0.358974358974359,60,94
v2_high_decay_s23,v2,high_decay,23,random_regular,100,4,745,212,4.097996766381886,85,212,0.4009433962264151,99,37
v2_high_decay_s23,v2,high_decay,23,random_regular,100,4,746,72,3.019736127116995,27,72,0.375,73,43
v2_high_decay_s23,v2,high_decay,23,random_regular,100,4,747,82,3.2625679455231658,30,82,0.36585365853658536,95,94
v2_high_decay_s23,v2,high_decay,23,random_regular,100,4,748,38,2.441015278014703,14,38,0.3684210526315789,34,69
v2_high_decay_s23,v2,high_decay,23,random_regular,100,4,749,5,-1.000088900581841e-12,1,5,0.2,27,94
v2_high_decay_s23,v2,high_decay,23,random_regular,100,4,750,57,3.0752205480323718,23,57,0.40350877192982454,87,37
v2_high_decay_s23,v2,high_decay,23,random_regular,100,4,751,25,2.079441541671836,8,25,0.32,15,37
v2_high_decay_s23,v2,high_decay,23,random_regular,100,4,752,7,-1.000088900581841e-12,1,7,0.14285714285714285,24,94
v2_high_decay_s23,v2,high_decay,23,random_regular,100,4,753,80,2.966943486167354,28,80,0.35,66,43
v2_high_decay_s23,v2,high_decay,23,random_regular,100,4,754,39,2.4583113296710835,13,39,0.3333333333333333,23,43
v2_high_decay_s23,v2,high_decay,23,random_regular,100,4,755,242,4.01583123894074,80,242,0.3305785123966942,44,2
v2_high_decay_s23,v2,high_decay,23,random_regular,100,4,756,120,3.498515667114017,37,120,0.30833333333333335,90,94
v2_high_decay_s23,v2,high_decay,23,random_regular,100,4,757,22,2.079441541671836,8,22,0.36363636363636365,91,69
v2_high_decay_s23,v2,high_decay,23,random_regular,100,4,758,127,3.679750944731672,50,127,0.3937007874015748,26,69
v2_high_decay_s23,v2,high_decay,23,random_regular,100,4,759,121,3.551750800435721,44,121,0.36363636363636365,64,2
v2_high_decay_s23,v2,high_decay,23,random_regular,100,4,760,6,1.0986122886651095,3,6,0.5,21,69
v2_high_decay_s23,v2,high_decay,23,random_regular,100,4,761,54,2.954673212284816,23,54,0.42592592592592593,10,37
v2_high_decay_s23,v2,high_decay,23,random_regular,100,4,762,106,3.6718085877683393,45,106,0.42452830188679247,61,94
v2_high_decay_s23,v2,high_decay,23,random_regular,100,4,763,0,0.0,0,0,,94,94
v2_high_decay_s23,v2,high_decay,23,random_regular,100,4,764,101,3.4678540963178395,40,101,0.39603960396039606,33,94
v2_high_decay_s23,v2,high_decay,23,random_regular,100,4,765,39,2.639057329601259,14,39,0.358974358974359,67,37
v2_high_decay_s23,v2,high_decay,23,random_regular,100,4,766,18,1.3862943611158909,4,18,0.2222222222222222,10,37
v2_high_decay_s23,v2,high_decay,23,random_regular,100,4,767,110,3.418697576359666,38,110,0.34545454545454546,93,69
v2_high_decay_s23,v2,high_decay,23,random_regular,100,4,768,294,4.288856293781755,116,294,0.3945578231292517,61,94
v2_high_decay_s23,v2,high_decay,23,random_regular,100,4,769,8,1.0986122886651095,3,8,0.375,17,69
v2_high_decay_s23,v2,high_decay,23,random_regular,100,4,770,8,1.6094379124291005,5,8,0.625,16,94
v2_high_decay_s23,v2,high_decay,23,random_regular,100,4,771,4,-1.000088900581841e-12,1,4,0.25,39,43
v2_high_decay_s23,v2,high_decay,23,random_regular,100,4,772,97,3.444813797459462,34,97,0.35051546391752575,90,37
v2_high_decay_s23,v2,high_decay,23,random_regular,100,4,773,233,3.959477872458816,68,233,0.2918454935622318,38,37
v2_high_decay_s23,v2,high_decay,23,random_regular,100,4,774,245,4.307031046977782,93,245,0.3795918367346939,4,94
v2_high_decay_s23,v2,high_decay,23,random_regular,100,4,775,74,3.308777757559495,30,74,0.40540540540540543,68,94
v2_high_decay_s23,v2,high_decay,23,random_regular,100,4,776,27,2.302585092984045,10,27,0.37037037037037035,61,43
v2_high_decay_s23,v2,high_decay,23,random_regular,100,4,777,291,4.449383555084703,108,291,0.3711340206185567,18,37
v2_high_decay_s23,v2,high_decay,23,random_regular,100,4,778,59,2.9650156932365066,22,59,0.3728813559322034,75,94
v2_high_decay_s23,v2,high_decay,23,random_regular,100,4,779,134,3.727905198677357,52,134,0.3880597014925373,35,43
v2_high_decay_s23,v2,high_decay,23,random_regular,100,4,780,79,3.233183484354926,28,79,0.35443037974683544,9,43
v2_high_decay_s23,v2,high_decay,23,random_regular,100,4,781,288,4.0424551566481455,90,288,0.3125,29,2
v2_high_decay_s23,v2,high_decay,23,random_regular,100,4,782,66,2.991501468554349,26,66,0.3939393939393939,38,37
v2_high_decay_s23,v2,high_decay,23,random_regular,100,4,783,20,2.197224577327219,9,20,0.45,81,37
v2_high_decay_s23,v2,high_decay,23,random_regular,100,4,784,14,1.9459101490483133,7,14,0.5,42,69
v2_high_decay_s23,v2,high_decay,23,random_regular,100,4,785,41,2.253857589591352,12,41,0.2926829268292683,51,2
v2_high_decay_s23,v2,high_decay,23,random_regular,100,4,786,42,2.302585092984045,10,42,0.23809523809523808,61,2
v2_high_decay_s23,v2,high_decay,23,random_regular,100,4,787,71,3.2551105127007407,31,71,0.43661971830985913,36,37
v2_high_decay_s23,v2,high_decay,23,random_regular,100,4,788,60,3.1418041591892294,27,60,0.45,51,43
v2_high_decay_s23,v2,high_decay,23,random_regular,100,4,789,35,2.523210952939891,15,35,0.42857142857142855,30,43
v2_high_decay_s23,v2,high_decay,23,random_regular,100,4,790,58,3.233183484354926,28,58,0.4827586206896552,0,43
v2_high_decay_s23,v2,high_decay,23,random_regular,100,4,791,13,1.3862943611158909,4,13,0.3076923076923077,83,69
v2_high_decay_s23,v2,high_decay,23,random_regular,100,4,792,60,2.772588722223781,16,60,0.26666666666666666,0,94
v2_high_decay_s23,v2,high_decay,23,random_regular,100,4,793,38,2.6593226976945163,18,38,0.47368421052631576,17,94
v2_high_decay_s23,v2,high_decay,23,random_regular,100,4,794,42,2.2718685126865625,11,42,0.2619047619047619,26,94
v2_high_decay_s23,v2,high_decay,23,random_regular,100,4,795,87,3.5281418680240257,38,87,0.4367816091954023,74,2
v2_high_decay_s23,v2,high_decay,23,random_regular,100,4,796,180,4.035357964530192,77,180,0.42777777777777776,21,2
v2_high_decay_s23,v2,high_decay,23,random_regular,100,4,797,44,2.197224577327219,9,44,0.20454545454545456,27,94
v2_high_decay_s23,v2,high_decay,23,random_regular,100,4,798,80,2.857102837424001,20,80,0.25,75,37
v2_high_decay_s23,v2,high_decay,23,random_regular,100,4,799,74,3.4544986414005443,33,74,0.44594594594594594,41,94
v2_high_decay_s23,v2,high_decay,23,random_regular,100,4,800,49,2.7184734013140126,20,49,0.40816326530612246,34,43
v2_high_decay_s23,v2,high_decay,23,random_regular,100,4,801,15,1.791759469222055,6,15,0.4,88,94
v2_high_decay_s23,v2,high_decay,23,random_regular,100,4,802,4,0.6931471805579453,2,4,0.5,60,69
v2_high_decay_s23,v2,high_decay,23,random_regular,100,4,803,186,3.8371577817767673,68,186,0.3655913978494624,80,94
v2_high_decay_s23,v2,high_decay,23,random_regular,100,4,804,243,4.192914392040918,87,243,0.35802469135802467,0,43
v2_high_decay_s23,v2,high_decay,23,random_regular,100,4,805,65,2.937066545480992,29,65,0.4461538461538462,85,69
v2_high_decay_s23,v2,high_decay,23,random_regular,100,4,806,67,3.0280290732864104,22,67,0.3283582089552239,73,43
v2_high_decay_s23,v2,high_decay,23,random_regular,100,4,807,170,4.101237816260317,67,170,0.3941176470588235,75,37
v2_high_decay_s23,v2,high_decay,23,random_regular,100,4,808,9,1.0986122886651095,3,9,0.3333333333333333,78,2
v2_high_decay_s23,v2,high_decay,23,random_regular,100,4,809,184,4.090061600716513,70,184,0.3804347826086957,98,2
v2_high_decay_s23,v2,high_decay,23,random_regular,100,4,810,9,1.3862943611158909,4,9,0.4444444444444444,7,69
v2_high_decay_s23,v2,high_decay,23,random_regular,100,4,811,88,3.0594891092191165,32,88,0.36363636363636365,51,69
v2_high_decay_s23,v2,high_decay,23,random_regular,100,4,812,24,2.484906649776,12,24,0.5,11,94
v2_high_decay_s23,v2,high_decay,23,random_regular,100,4,813,603,4.9689981954791005,234,603,0.3880597014925373,65,2
v2_high_decay_s23,v2,high_decay,23,random_regular,100,4,814,28,1.9459101490483133,7,28,0.25,66,2
v2_high_decay_s23,v2,high_decay,23,random_regular,100,4,815,127,3.583257490460173,44,127,0.3464566929133858,7,37
v2_high_decay_s23,v2,high_decay,23,random_regular,100,4,816,237,4.229036207709983,100,237,0.4219409282700422,22,69
v2_high_decay_s23,v2,high_decay,23,random_regular,100,4,817,50,2.76162571218078,20,50,0.4,0,37
v2_high_decay_s23,v2,high_decay,23,random_regular,100,4,818,25,2.0253262207620675,10,25,0.4,99,43
v2_high_decay_s23,v2,high_decay,23,random_regular,100,4,819,106,3.480935299911953,40,106,0.37735849056603776,75,43
v2_high_decay_s23,v2,high_decay,23,random_regular,100,4,820,12,1.3862943611158909,4,12,0.3333333333333333,74,69
v2_high_decay_s23,v2,high_decay,23,random_regular,100,4,821,99,3.374602663554384,44,99,0.4444444444444444,65,69
v2_high_decay_s23,v2,high_decay,23,random_regular,100,4,822,312,4.203158884725761,108,312,0.34615384615384615,64,43
v2_high_decay_s23,v2,high_decay,23,random_regular,100,4,823,2,-1.000088900581841e-12,1,2,0.5,78,2
v2_high_decay_s23,v2,high_decay,23,random_regular,100,4,824,0,0.0,0,0,,43,43
v2_high_decay_s23,v2,high_decay,23,random_regular,100,4,825,52,2.8903717578781647,18,52,0.34615384615384615,44,69
v2_high_decay_s23,v2,high_decay,23,random_regular,100,4,826,136,3.755580448069941,58,136,0.4264705882352941,26,2
v2_high_decay_s23,v2,high_decay,23,random_regular,100,4,827,116,3.612135893901438,41,116,0.35344827586206895,57,94
v2_high_decay_s23,v2,high_decay,23,random_regular,100,4,828,339,4.35303545201934,115,339,0.3392330383480826,25,69
v2_high_decay_s23,v2,high_decay,23,random_regular,100,4,829,77,3.062529300232621,24,77,0.3116883116883117,77,37
v2_high_decay_s23,v2,high_decay,23,random_regular,100,4,830,201,3.95628642280468,70,201,0.3482587064676617,31,94
v2_high_decay_s23,v2,high_decay,23,random_regular,100,4,831,5,1.0986122886651095,3,5,0.6,70,43
v2_high_decay_s23,v2,high_decay,23,random_regular,100,4,832,0,0.0,0,0,,2,2
v2_high_decay_s23,v2,high_decay,23,random_regular,100,4,833,204,4.0289124425358525,80,204,0.39215686274509803,25,37
v2_high_decay_s23,v2,high_decay,23,random_regular,100,4,834,119,3.461048251949615,37,119,0.31092436974789917,6,37
v2_high_decay_s23,v2,high_decay,23,random_regular,100,4,835,4,0.6931471805579453,2,4,0.5,12,94
v2_high_decay_s23,v2,high_decay,23,random_regular,100,4,836,42,2.484906649776,12,42,0.2857142857142857,39,37
v2_high_decay_s23,v2,high_decay,23,random_regular,100,4,837,43,2.4583113296710835,13,43,0.3023255813953488,50,69
v2_high_decay_s23,v2,high_decay,23,random_regular,100,4,838,122,3.6000030969206915,43,122,0.3524590163934426,66,69
v2_high_decay_s23,v2,high_decay,23,random_regular,100,4,839,105,3.612135893901438,41,105,0.3904761904761905,66,43
v2_high_decay_s23,v2,high_decay,23,random_regular,100,4,840,108,3.3273217097432397,45,108,0.4166666666666667,30,94
v2_high_decay_s23,v2,high_decay,23,random_regular,100,4,841,49,2.3978952727873706,11,49,0.22448979591836735,0,94
v2_high_decay_s23,v2,high_decay,23,random_regular,100,4,842,31,2.540036303807981,14,31,0.45161290322580644,44,69
v2_high_decay_s23,v2,high_decay,23,random_regular,100,4,843,110,3.414112635974928,46,110,0.41818181818181815,12,2
v2_high_decay_s23,v2,high_decay,23,random_regular,100,4,844,11,1.0986122886651095,3,11,0.2727272727272727,19,43
v2_high_decay_s23,v2,high_decay,23,random_regular,100,4,845,64,3.0164539990644927,28,64,0.4375,57,37
v2_high_decay_s23,v2,high_decay,23,random_regular,100,4,846,96,3.10797227595561,25,96,0.2604166666666667,53,2
v2_high_decay_s23,v2,high_decay,23,random_regular,100,4,847,79,3.370480801334671,33,79,0.4177215189873418,61,37
v2_high_decay_s23,v2,high_decay,23,random_regular,100,4,848,29,2.4583113296710835,13,29,0.4482758620689655,18,69
v2_high_decay_s23,v2,high_decay,23,random_regular,100,4,849,31,2.484906649776,12,31,0.3870967741935484,24,94
v2_high_decay_s23,v2,high_decay,23,random_regular,100,4,850,74,2.7080502010872096,15,74,0.20270270270270271,4,94
v2_high_decay_s23,v2,high_decay,23,random_regular,100,4,851,14,1.6094379124291005,5,14,0.35714285714285715,75,37
v2_high_decay_s23,v2,high_decay,23,random_regular,100,4,852,149,3.8465874704474,55,149,0.3691275167785235,1,94
v2_high_decay_s23,v2,high_decay,23,random_regular,100,4,853,21,1.5607104090364068,6,21,0.2857142857142857,56,69
v2_high_decay_s23,v2,high_decay,23,random_regular,100,4,854,93,3.233183484354926,28,93,0.3010752688172043,55,37
v2_high_decay_s23,v2,high_decay,23,random_regular,100,4,855,9,1.6094379124291005,5,9,0.5555555555555556,87,94
v2_high_decay_s23,v2,high_decay,23,random_regular,100,4,856,2,-1.000088900581841e-12,1,2,0.5,47,2
v2_high_decay_s23,v2,high_decay,23,random_regular,100,4,857,42,3.163424050399405,25,42,0.5952380952380952,36,43
v2_high_decay_s23,v2,high_decay,23,random_regular,100,4,858,4,0.6931471805579453,2,4,0.5,83,43
v2_high_decay_s23,v2,high_decay,23,random_regular,100,4,859,27,2.639057329601259,14,27,0.5185185185185185,51,43
v2_high_decay_s23,v2,high_decay,23,random_regular,100,4,860,47,2.846480386116867,21,47,0.44680851063829785,1,43
v2_high_decay_s23,v2,high_decay,23,random_regular,100,4,861,33,2.197224577327219,9,33,0.2727272727272727,4,2
v2_high_decay_s23,v2,high_decay,23,random_regular,100,4,862,44,2.751666616915516,17,44,0.38636363636363635,78,94
v2_high_decay_s23,v2,high_decay,23,random_regular,100,4,863,213,4.247543471126456,90,213,0.4225352112676056,95,2
v2_high_decay_s23,v2,high_decay,23,random_regular,100,4,864,68,2.902002313186603,22,68,0.3235294117647059,20,94
v2_high_decay_s23,v2,high_decay,23,random_regular,100,4,865,80,3.1780538303239454,24,80,0.3,85,69
v2_high_decay_s23,v2,high_decay,23,random_regular,100,4,866,62,2.7353131915928643,26,62,0.41935483870967744,87,37
v2_high_decay_s23,v2,high_decay,23,random_regular,100,4,867,101,3.2285980368793625,33,101,0.32673267326732675,38,43
v2_high_decay_s23,v2,high_decay,23,random_regular,100,4,868,151,3.7456676820497594,50,151,0.33112582781456956,63,94
v2_high_decay_s23,v2,high_decay,23,random_regular,100,4,869,220,3.9217452174123055,66,220,0.3,76,69
v2_high_decay_s23,v2,high_decay,23,random_regular,100,4,870,109,3.1144141173931983,35,109,0.3211009174311927,77,2
v2_high_decay_s23,v2,high_decay,23,random_regular,100,4,871,72,3.1836729714587872,28,72,0.3888888888888889,32,2
v2_high_decay_s23,v2,high_decay,23,random_regular,100,4,872,9,1.0986122886651095,3,9,0.3333333333333333,96,2
v2_high_decay_s23,v2,high_decay,23,random_regular,100,4,873,69,3.233183484354926,28,69,0.4057971014492754,31,94
v2_high_decay_s23,v2,high_decay,23,random_regular,100,4,874,15,1.9459101490483133,7,15,0.4666666666666667,41,43
v2_high_decay_s23,v2,high_decay,23,random_regular,100,4,875,34,2.5232109529398907,15,34,0.4411764705882353,34,94
v2_high_decay_s23,v2,high_decay,23,random_regular,100,4,876,52,2.813355404483615,18,52,0.34615384615384615,80,37
v2_high_decay_s23,v2,high_decay,23,random_regular,100,4,877,4,-1.000088900581841e-12,1,4,0.25,62,43
v2_high_decay_s23,v2,high_decay,23,random_regular,100,4,878,19,1.6094379124291005,5,19,0.2631578947368421,31,37
v2_high_decay_s23,v2,high_decay,23,random_regular,100,4,879,178,4.191411159950896,80,178,0.449438202247191,25,94
v2_high_decay_s23,v2,high_decay,23,random_regular,100,4,880,23,1.6434177197871802,10,23,0.43478260869565216,91,43
v2_high_decay_s23,v2,high_decay,23,random_regular,100,4,881,30,2.197224577327219,9,30,0.3,23,69
v2_high_decay_s23,v2,high_decay,23,random_regular,100,4,882,32,2.197224577327219,9,32,0.28125,19,2
v2_high_decay_s23,v2,high_decay,23,random_regular,100,4,883,43,2.926417555478996,20,43,0.46511627906976744,14,37
v2_high_decay_s23,v2,high_decay,23,random_regular,100,4,884,93,3.2551105127007407,31,93,0.3333333333333333,99,94
v2_high_decay_s23,v2,high_decay,23,random_regular,100,4,885,271,4.02093334564709,86,271,0.3173431734317343,24,43
v2_high_decay_s23,v2,high_decay,23,random_regular,100,4,886,59,2.9785084205072385,21,59,0.3559322033898305,21,94
v2_high_decay_s23,v2,high_decay,23,random_regular,100,4,887,199,3.965337303985853,69,199,0.34673366834170855,98,37
v2_high_decay_s23,v2,high_decay,23,random_regular,100,4,888,2,-1.000088900581841e-12,1,2,0.5,48,69
v2_high_decay_s23,v2,high_decay,23,random_regular,100,4,889,256,4.278088468014762,97,256,0.37890625,22,94
v2_high_decay_s23,v2,high_decay,23,random_regular,100,4,890,156,3.703193527214857,54,156,0.34615384615384615,96,94
v2_high_decay_s23,v2,high_decay,23,random_regular,100,4,891,79,3.1836729714587872,28,79,0.35443037974683544,36,37
v2_high_decay_s23,v2,high_decay,23,random_regular,100,4,892,5,0.6931471805579453,2,5,0.4,68,43
v2_high_decay_s23,v2,high_decay,23,random_regular,100,4,893,14,1.5607104090364068,6,14,0.42857142857142855,31,37
v2_high_decay_s23,v2,high_decay,23,random_regular,100,4,894,3,0.6931471805579453,2,3,0.6666666666666666,83,43
v2_high_decay_s23,v2,high_decay,23,random_regular,100,4,895,7,1.3862943611158909,4,7,0.5714285714285714,49,43
v2_high_decay_s23,v2,high_decay,23,random_regular,100,4,896,82,3.2491274088477446,32,82,0.3902439024390244,29,69
v2_high_decay_s23,v2,high_decay,23,random_regular,100,4,897,94,3.465735902767727,32,94,0.3404255319148936,19,2
v2_high_decay_s23,v2,high_decay,23,random_regular,100,4,898,11,1.3862943611158909,4,11,0.36363636363636365,98,94
v2_high_decay_s23,v2,high_decay,23,random_regular,100,4,899,62,2.857102837424001,20,62,0.3225806451612903,6,43
v2_high_decay_s23,v2,high_decay,23,random_regular,100,4,900,76,3.176082814634593,29,76,0.3815789473684211,52,69
v2_high_decay_s23,v2,high_decay,23,random_regular,100,4,901,89,3.3684464578110758,38,89,0.42696629213483145,97,94
v2_high_decay_s23,v2,high_decay,23,random_regular,100,4,902,0,0.0,0,0,,69,69
v2_high_decay_s23,v2,high_decay,23,random_regular,100,4,903,78,3.2163581334868363,30,78,0.38461538461538464,51,94
v2_high_decay_s23,v2,high_decay,23,random_regular,100,4,904,99,3.65422209504694,40,99,0.40404040404040403,70,37
v2_high_decay_s23,v2,high_decay,23,random_regular,100,4,905,180,3.972278536084264,73,180,0.40555555555555556,0,69
v2_high_decay_s23,v2,high_decay,23,random_regular,100,4,906,9,1.791759469222055,6,9,0.6666666666666666,73,94
v2_high_decay_s23,v2,high_decay,23,random_regular,100,4,907,34,2.5126585295168016,16,34,0.47058823529411764,42,69
v2_high_decay_s23,v2,high_decay,23,random_regular,100,4,908,24,2.1458417525857545,11,24,0.4583333333333333,88,37
v2_high_decay_s23,v2,high_decay,23,random_regular,100,4,909,62,2.846480386116867,21,62,0.3387096774193548,81,43
v2_high_decay_s23,v2,high_decay,23,random_regular,100,4,910,72,3.2580965379954825,26,72,0.3611111111111111,28,69
v2_high_decay_s23,v2,high_decay,23,random_regular,100,4,911,20,1.5498260458732018,7,20,0.35,62,43
v2_high_decay_s23,v2,high_decay,23,random_regular,100,4,912,170,3.7225730880950256,54,170,0.3176470588235294,72,43
v2_high_decay_s23,v2,high_decay,23,random_regular,100,4,913,154,3.802554382651022,56,154,0.36363636363636365,93,43
v2_high_decay_s23,v2,high_decay,23,random_regular,100,4,914,116,3.658162873776453,44,116,0.3793103448275862,22,94
v2_high_decay_s23,v2,high_decay,23,random_regular,100,4,915,9,0.6931471805579453,2,9,0.2222222222222222,7,69
v2_high_decay_s23,v2,high_decay,23,random_regular,100,4,916,242,4.182612358588583,81,242,0.3347107438016529,48,2
v2_high_decay_s23,v2,high_decay,23,random_regular,100,4,917,101,3.6011047291335987,38,101,0.37623762376237624,64,94
v2_high_decay_s23,v2,high_decay,23,random_regular,100,4,918,51,2.902002313186603,22,51,0.43137254901960786,73,94
v2_high_decay_s23,v2,high_decay,23,random_regular,100,4,919,32,2.772588722223781,16,32,0.5,90,43
v2_high_decay_s23,v2,high_decay,23,random_regular,100,4,920,53,3.044522437702424,21,53,0.39622641509433965,76,43
v2_high_decay_s23,v2,high_decay,23,random_regular,100,4,921,16,1.791759469222055,6,16,0.375,83,69
v2_high_decay_s23,v2,high_decay,23,random_regular,100,4,922,14,1.0986122886651095,3,14,0.21428571428571427,32,43
v2_high_decay_s23,v2,high_decay,23,random_regular,100,4,923,29,2.4583113296710835,13,29,0.4482758620689655,99,2
v2_high_decay_s23,v2,high_decay,23,random_regular,100,4,924,24,2.019814992484946,11,24,0.4583333333333333,78,69
v2_high_decay_s23,v2,high_decay,23,random_regular,100,4,925,51,2.9957322735339904,20,51,0.39215686274509803,3,37
v2_high_decay_s23,v2,high_decay,23,random_regular,100,4,926,138,3.616403846450804,55,138,0.39855072463768115,50,37
v2_high_decay_s23,v2,high_decay,23,random_regular,100,4,927,0,0.0,0,0,,69,69
v2_high_decay_s23,v2,high_decay,23,random_regular,100,4,928,166,3.6112354708372303,57,166,0.3433734939759036,30,94
v2_high_decay_s23,v2,high_decay,23,random_regular,100,4,929,12,1.0986122886651095,3,12,0.25,60,2
v2_high_decay_s23,v2,high_decay,23,random_regular,100,4,930,81,3.379193572022772,39,81,0.48148148148148145,86,69
v2_high_decay_s23,v2,high_decay,23,random_regular,100,4,931,22,1.9459101490483133,7,22,0.3181818181818182,89,94
v2_high_decay_s23,v2,high_decay,23,random_regular,100,4,932,27,2.4583113296710835,13,27,0.48148148148148145,71,43
v2_high_decay_s23,v2,high_decay,23,random_regular,100,4,933,97,3.2970367495686386,37,97,0.38144329896907214,31,69
v2_high_decay_s23,v2,high_decay,23,random_regular,100,4,934,6,-1.000088900581841e-12,1,6,0.16666666666666666,70,69
v2_high_decay_s23,v2,high_decay,23,random_regular,100,4,935,108,3.539627566658813,42,108,0.3888888888888889,55,2
v2_high_decay_s23,v2,high_decay,23,random_regular,100,4,936,0,0.0,0,0,,43,43
v2_high_decay_s23,v2,high_decay,23,random_regular,100,4,937,98,3.077853525406314,34,98,0.3469387755102041,16,37
v2_high_decay_s23,v2,high_decay,23,random_regular,100,4,938,123,3.5602101588675605,45,123,0.36585365853658536,88,94
v2_high_decay_s23,v2,high_decay,23,random_regular,100,4,939,53,2.5126585295168016,16,53,0.3018867924528302,79,94
v2_high_decay_s23,v2,high_decay,23,random_regular,100,4,940,70,3.389268031515795,31,70,0.44285714285714284,59,2
v2_high_decay_s23,v2,high_decay,23,random_regular,100,4,941,21,2.079441541671836,8,21,0.38095238095238093,11,37
v2_high_decay_s23,v2,high_decay,23,random_regular,100,4,942,114,3.693778246480071,49,114,0.4298245614035088,77,94
v2_high_decay_s23,v2,high_decay,23,random_regular,100,4,943,103,3.728960711904589,43,103,0.4174757281553398,88,43
v2_high_decay_s23,v2,high_decay,23,random_regular,100,4,944,23,2.079441541671836,8,23,0.34782608695652173,99,43
v2_high_decay_s23,v2,high_decay,23,random_regular,100,4,945,176,3.7811227285578233,61,176,0.3465909090909091,3,37
v2_high_decay_s23,v2,high_decay,23,random_regular,100,4,946,73,3.2580965379954825,26,73,0.3561643835616438,90,2
v2_high_decay_s23,v2,high_decay,23,random_regular,100,4,947,0,0.0,0,0,,69,69
v2_high_decay_s23,v2,high_decay,23,random_regular,100,4,948,6,0.6931471805579453,2,6,0.3333333333333333,8,43
v2_high_decay_s23,v2,high_decay,23,random_regular,100,4,949,3,-1.000088900581841e-12,1,3,0.3333333333333333,38,94
v2_high_decay_s23,v2,high_decay,23,random_regular,100,4,950,56,2.912494403312053,21,56,0.375,54,94
v2_high_decay_s23,v2,high_decay,23,random_regular,100,4,951,6,1.0986122886651095,3,6,0.5,83,69
v2_high_decay_s23,v2,high_decay,23,random_regular,100,4,952,32,2.1458417525857545,11,32,0.34375,8,43
v2_high_decay_s23,v2,high_decay,23,random_regular,100,4,953,55,2.846323859448728,27,55,0.4909090909090909,64,2
v2_high_decay_s23,v2,high_decay,23,random_regular,100,4,954,43,2.079441541671836,8,43,0.18604651162790697,29,37
v2_high_decay_s23,v2,high_decay,23,random_regular,100,4,955,242,4.173074249115208,87,242,0.359504132231405,60,2
v2_high_decay_s23,v2,high_decay,23,random_regular,100,4,956,61,2.557507739061624,21,61,0.3442622950819672,27,94
v2_high_decay_s23,v2,high_decay,23,random_regular,100,4,957,65,3.2163581334868363,30,65,0.46153846153846156,20,94
v2_high_decay_s23,v2,high_decay,23,random_regular,100,4,958,53,2.7080502010872096,15,53,0.2830188679245283,86,37
v2_high_decay_s23,v2,high_decay,23,random_regular,100,4,959,164,3.936787148657477,63,164,0.38414634146341464,3,43
v2_high_decay_s23,v2,high_decay,23,random_regular,100,4,960,64,2.692310994125785,20,64,0.3125,50,37
v2_high_decay_s23,v2,high_decay,23,random_regular,100,4,961,50,2.8332133440392155,17,50,0.34,81,69
v2_high_decay_s23,v2,high_decay,23,random_regular,100,4,962,14,1.791759469222055,6,14,0.42857142857142855,98,69
v2_high_decay_s23,v2,high_decay,23,random_regular,100,4,963,0,0.0,0,0,,2,2
v2_high_decay_s23,v2,high_decay,23,random_regular,100,4,964,26,2.197224577327219,9,26,0.34615384615384615,10,69
v2_high_decay_s23,v2,high_decay,23,random_regular,100,4,965,44,2.484906649776,12,44,0.2727272727272727,23,43
v2_high_decay_s23,v2,high_decay,23,random_regular,100,4,966,217,4.000140693837248,85,217,0.391705069124424,84,37
v2_high_decay_s23,v2,high_decay,23,random_regular,100,4,967,39,3.135494215906149,23,39,0.5897435897435898,36,37
v2_high_decay_s23,v2,high_decay,23,random_regular,100,4,968,1,-1.000088900581841e-12,1,1,1.0,39,43
v2_high_decay_s23,v2,high_decay,23,random_regular,100,4,969,15,1.791759469222055,6,15,0.4,92,2
v2_high_decay_s23,v2,high_decay,23,random_regular,100,4,970,1,-1.000088900581841e-12,1,1,1.0,39,43
v2_high_decay_s23,v2,high_decay,23,random_regular,100,4,971,242,4.349580880407137,95,242,0.3925619834710744,66,43
v2_high_decay_s23,v2,high_decay,23,random_regular,100,4,972,0,0.0,0,0,,2,2
v2_high_decay_s23,v2,high_decay,23,random_regular,100,4,973,35,2.245035274116177,13,35,0.37142857142857144,52,43
v2_high_decay_s23,v2,high_decay,23,random_regular,100,4,974,34,2.4583113296710835,13,34,0.38235294117647056,95,69
v2_high_decay_s23,v2,high_decay,23,random_regular,100,4,975,58,3.218875824843201,25,58,0.43103448275862066,17,94
v2_high_decay_s23,v2,high_decay,23,random_regular,100,4,976,184,4.025112207785235,76,184,0.41304347826086957,73,94
v2_high_decay_s23,v2,high_decay,23,random_regular,100,4,977,87,3.550250017965948,40,87,0.45977011494252873,97,43
v2_high_decay_s23,v2,high_decay,23,random_regular,100,4,978,1,-1.000088900581841e-12,1,1,1.0,78,2
v2_high_decay_s23,v2,high_decay,23,random_regular,100,4,979,56,3.0149468801585937,23,56,0.4107142857142857,65,94
v2_high_decay_s23,v2,high_decay,23,random_regular,100,4,980,163,3.860940536713552,64,163,0.39263803680981596,30,37
v2_high_decay_s23,v2,high_decay,23,random_regular,100,4,981,372,4.398858217056576,119,372,0.31989247311827956,48,43
v2_high_decay_s23,v2,high_decay,23,random_regular,100,4,982,92,3.4294862316330117,36,92,0.391304347826087,99,94
v2_high_decay_s23,v2,high_decay,23,random_regular,100,4,983,22,1.9722469794154416,11,22,0.5,90,2
v2_high_decay_s23,v2,high_decay,23,random_regular,100,4,984,89,3.4414093189206487,38,89,0.42696629213483145,0,37
v2_high_decay_s23,v2,high_decay,23,random_regular,100,4,985,19,1.791759469222055,6,19,0.3157894736842105,7,43
v2_high_decay_s23,v2,high_decay,23,random_regular,100,4,986,49,2.540036303807981,14,49,0.2857142857142857,29,2
v2_high_decay_s23,v2,high_decay,23,random_regular,100,4,987,110,3.539627566658813,42,110,0.38181818181818183,78,37
v2_high_decay_s23,v2,high_decay,23,random_regular,100,4,988,8,1.3862943611158909,4,8,0.5,83,37
v2_high_decay_s23,v2,high_decay,23,random_regular,100,4,989,52,2.5649493574485365,13,52,0.25,68,94
v2_high_decay_s23,v2,high_decay,23,random_regular,100,4,990,213,3.909991720473842,68,213,0.3192488262910798,28,69
v2_high_decay_s23,v2,high_decay,23,random_regular,100,4,991,172,4.062782422076308,70,172,0.4069767441860465,65,37
v2_high_decay_s23,v2,high_decay,23,random_regular,100,4,992,303,4.431114843496466,104,303,0.3432343234323432,0,43
v2_high_decay_s23,v2,high_decay,23,random_regular,100,4,993,29,2.197224577327219,9,29,0.3103448275862069,27,43
v2_high_decay_s23,v2,high_decay,23,random_regular,100,4,994,52,2.7985132569262934,19,52,0.36538461538461536,17,37
v2_high_decay_s23,v2,high_decay,23,random_regular,100,4,995,474,4.690512461381512,161,474,0.339662447257384,52,94
v2_high_decay_s23,v2,high_decay,23,random_regular,100,4,996,18,1.9459101490483133,7,18,0.3888888888888889,5,69
v2_high_decay_s23,v2,high_decay,23,random_regular,100,4,997,3,-1.000088900581841e-12,1,3,0.3333333333333333,59,37
v2_high_decay_s23,v2,high_decay,23,random_regular,100,4,998,41,2.1639556568730565,10,41,0.24390243902439024,6,37
v2_high_decay_s23,v2,high_decay,23,random_regular,100,4,999,0,0.0,0,0,,2,2
