run_id,validation_version,condition,seed,topology,n_nodes,degree,episode_idx,hitting_time,path_entropy,accepted_moves,attempted_moves,accept_rate,start_node,final_node
v2_high_decay_s16,v2,high_decay,16,random_regular,100,4,0,224,4.135904399107356,86,224,0.38392857142857145,34,40
v2_high_decay_s16,v2,high_decay,16,random_regular,100,4,1,28,2.4583113296710835,13,28,0.4642857142857143,17,80
v2_high_decay_s16,v2,high_decay,16,random_regular,100,4,2,102,3.4544986414005443,33,102,0.3235294117647059,3,48
v2_high_decay_s16,v2,high_decay,16,random_regular,100,4,3,93,3.367295829957475,29,93,0.3118279569892473,25,80
v2_high_decay_s16,v2,high_decay,16,random_regular,100,4,4,132,3.576171765304929,46,132,0.3484848484848485,4,51
v2_high_decay_s16,v2,high_decay,16,random_regular,100,4,5,26,2.2718685126865625,11,26,0.4230769230769231,0,80
v2_high_decay_s16,v2,high_decay,16,random_regular,100,4,6,359,4.511366492867648,122,359,0.3398328690807799,90,40
v2_high_decay_s16,v2,high_decay,16,random_regular,100,4,7,33,2.0253262207620675,10,33,0.30303030303030304,7,99
v2_high_decay_s16,v2,high_decay,16,random_regular,100,4,8,308,4.417200018032423,125,308,0.40584415584415584,91,51
v2_high_decay_s16,v2,high_decay,16,random_regular,100,4,9,207,4.086104494253306,84,207,0.4057971014492754,38,80
v2_high_decay_s16,v2,high_decay,16,random_regular,100,4,10,0,0.0,0,0,,99,99
v2_high_decay_s16,v2,high_decay,16,random_regular,100,4,11,27,2.079441541671836,8,27,0.2962962962962963,83,48
v2_high_decay_s16,v2,high_decay,16,random_regular,100,4,12,131,3.596573283066479,50,131,0.3816793893129771,46,40
v2_high_decay_s16,v2,high_decay,16,random_regular,100,4,13,27,2.2718685126865625,11,27,0.4074074074074074,10,40
v2_high_decay_s16,v2,high_decay,16,random_regular,100,4,14,95,3.544511778726858,41,95,0.43157894736842106,36,51
v2_high_decay_s16,v2,high_decay,16,random_regular,100,4,15,0,0.0,0,0,,48,48
v2_high_decay_s16,v2,high_decay,16,random_regular,100,4,16,7,1.3862943611158909,4,7,0.5714285714285714,16,99
v2_high_decay_s16,v2,high_decay,16,random_regular,100,4,17,105,3.5155926589389503,40,105,0.38095238095238093,66,48
v2_high_decay_s16,v2,high_decay,16,random_regular,100,4,18,34,2.670119889791816,17,34,0.5,93,40
v2_high_decay_s16,v2,high_decay,16,random_regular,100,4,19,261,4.37495433432208,105,261,0.40229885057471265,52,99
v2_high_decay_s16,v2,high_decay,16,random_regular,100,4,20,42,2.540036303807981,14,42,0.3333333333333333,97,40
v2_high_decay_s16,v2,high_decay,16,random_regular,100,4,21,23,2.302585092984045,10,23,0.43478260869565216,12,80
v2_high_decay_s16,v2,high_decay,16,random_regular,100,4,22,67,2.864738512170568,26,67,0.3880597014925373,65,99
v2_high_decay_s16,v2,high_decay,16,random_regular,100,4,23,48,3.052520501511814,25,48,0.5208333333333334,90,51
v2_high_decay_s16,v2,high_decay,16,random_regular,100,4,24,7,0.6931471805579453,2,7,0.2857142857142857,24,80
v2_high_decay_s16,v2,high_decay,16,random_regular,100,4,25,4,0.6931471805579453,2,4,0.5,59,51
v2_high_decay_s16,v2,high_decay,16,random_regular,100,4,26,99,3.126585024393572,34,99,0.3434343434343434,49,99
v2_high_decay_s16,v2,high_decay,16,random_regular,100,4,27,0,0.0,0,0,,51,51
v2_high_decay_s16,v2,high_decay,16,random_regular,100,4,28,141,3.645556734702476,54,141,0.3829787234042553,3,80
v2_high_decay_s16,v2,high_decay,16,random_regular,100,4,29,24,2.3978952727873706,11,24,0.4583333333333333,34,48
v2_high_decay_s16,v2,high_decay,16,random_regular,100,4,30,45,2.772588722223781,16,45,0.35555555555555557,43,51
v2_high_decay_s16,v2,high_decay,16,random_regular,100,4,31,7,1.0986122886651095,3,7,0.42857142857142855,83,48
v2_high_decay_s16,v2,high_decay,16,random_regular,100,4,32,54,2.838988933136699,22,54,0.4074074074074074,35,40
v2_high_decay_s16,v2,high_decay,16,random_regular,100,4,33,81,3.104074021506185,31,81,0.38271604938271603,20,51
v2_high_decay_s16,v2,high_decay,16,random_regular,100,4,34,48,2.484906649776,12,48,0.25,50,40
v2_high_decay_s16,v2,high_decay,16,random_regular,100,4,35,71,2.8979325974534653,26,71,0.36619718309859156,67,99
v2_high_decay_s16,v2,high_decay,16,random_regular,100,4,36,127,3.673173853440987,47,127,0.3700787401574803,50,51
v2_high_decay_s16,v2,high_decay,16,random_regular,100,4,37,78,3.1836729714587872,28,78,0.358974358974359,78,80
v2_high_decay_s16,v2,high_decay,16,random_regular,100,4,38,102,3.467994408329786,36,102,0.35294117647058826,88,51
v2_high_decay_s16,v2,high_decay,16,random_regular,100,4,39,66,3.218875824843201,25,66,0.3787878787878788,43,99
v2_high_decay_s16,v2,high_decay,16,random_regular,100,4,40,6,1.0986122886651095,3,6,0.5,41,51
v2_high_decay_s16,v2,high_decay,16,random_regular,100,4,41,47,2.5232109529398907,15,47,0.3191489361702128,87,80
v2_high_decay_s16,v2,high_decay,16,random_regular,100,4,42,23,1.6094379124291005,5,23,0.21739130434782608,61,40
v2_high_decay_s16,v2,high_decay,16,random_regular,100,4,43,5,1.0986122886651095,3,5,0.6,95,48
v2_high_decay_s16,v2,high_decay,16,random_regular,100,4,44,39,2.751666616915516,17,39,0.4358974358974359,1,99
v2_high_decay_s16,v2,high_decay,16,random_regular,100,4,45,52,2.838988933136699,22,52,0.4230769230769231,5,48
v2_high_decay_s16,v2,high_decay,16,random_regular,100,4,46,47,3.0149468801585937,23,47,0.48936170212765956,66,99
v2_high_decay_s16,v2,high_decay,16,random_regular,100,4,47,37,2.2047854169035195,13,37,0.35135135135135137,0,40
v2_high_decay_s16,v2,high_decay,16,random_regular,100,4,48,27,2.639057329601259,14,27,0.5185185185185185,14,51
v2_high_decay_s16,v2,high_decay,16,random_regular,100,4,49,68,3.0047670351869598,24,68,0.35294117647058826,0,40
v2_high_decay_s16,v2,high_decay,16,random_regular,100,4,50,76,3.0149468801585937,23,76,0.3026315789473684,41,40
v2_high_decay_s16,v2,high_decay,16,random_regular,100,4,51,57,2.736339051089065,18,57,0.3157894736842105,26,99
v2_high_decay_s16,v2,high_decay,16,random_regular,100,4,52,0,0.0,0,0,,40,40
v2_high_decay_s16,v2,high_decay,16,random_regular,100,4,53,11,2.079441541671836,8,11,0.7272727272727273,47,99
v2_high_decay_s16,v2,high_decay,16,random_regular,100,4,54,58,3.134162458562648,28,58,0.4827586206896552,61,80
v2_high_decay_s16,v2,high_decay,16,random_regular,100,4,55,71,2.976138801317437,25,71,0.352112676056338,1,99
v2_high_decay_s16,v2,high_decay,16,random_regular,100,4,56,17,1.3862943611158909,4,17,0.23529411764705882,79,80
v2_high_decay_s16,v2,high_decay,16,random_regular,100,4,57,117,3.510699721139568,41,117,0.3504273504273504,62,80
v2_high_decay_s16,v2,high_decay,16,random_regular,100,4,58,1,-1.000088900581841e-12,1,1,1.0,10,40
v2_high_decay_s16,v2,high_decay,16,random_regular,100,4,59,2,-1.000088900581841e-12,1,2,0.5,15,40
v2_high_decay_s16,v2,high_decay,16,random_regular,100,4,60,13,1.791759469222055,6,13,0.46153846153846156,46,80
v2_high_decay_s16,v2,high_decay,16,random_regular,100,4,61,20,2.197224577327219,9,20,0.45,9,80
v2_high_decay_s16,v2,high_decay,16,random_regular,100,4,62,30,2.4583113296710835,13,30,0.43333333333333335,69,48
v2_high_decay_s16,v2,high_decay,16,random_regular,100,4,63,85,3.2491274088477446,32,85,0.3764705882352941,22,80
v2_high_decay_s16,v2,high_decay,16,random_regular,100,4,64,286,4.212324099616316,96,286,0.3356643356643357,24,51
v2_high_decay_s16,v2,high_decay,16,random_regular,100,4,65,78,3.2625679455231658,30,78,0.38461538461538464,67,40
v2_high_decay_s16,v2,high_decay,16,random_regular,100,4,66,59,2.965015693236507,22,59,0.3728813559322034,60,51
v2_high_decay_s16,v2,high_decay,16,random_regular,100,4,67,11,1.6094379124291005,5,11,0.45454545454545453,88,48
v2_high_decay_s16,v2,high_decay,16,random_regular,100,4,68,84,3.370480801334671,33,84,0.39285714285714285,90,48
v2_high_decay_s16,v2,high_decay,16,random_regular,100,4,69,73,3.120291565278284,24,73,0.3287671232876712,55,40
v2_high_decay_s16,v2,high_decay,16,random_regular,100,4,70,14,1.0986122886651095,3,14,0.21428571428571427,31,51
v2_high_decay_s16,v2,high_decay,16,random_regular,100,4,71,11,1.0986122886651095,3,11,0.2727272727272727,37,40
v2_high_decay_s16,v2,high_decay,16,random_regular,100,4,72,186,4.0002512360191655,68,186,0.3655913978494624,10,51
v2_high_decay_s16,v2,high_decay,16,random_regular,100,4,73,16,1.3862943611158909,4,16,0.25,15,99
v2_high_decay_s16,v2,high_decay,16,random_regular,100,4,74,16,1.791759469222055,6,16,0.375,67,51
v2_high_decay_s16,v2,high_decay,16,random_regular,100,4,75,4,-1.000088900581841e-12,1,4,0.25,87,51
v2_high_decay_s16,v2,high_decay,16,random_regular,100,4,76,71,2.954673212284816,23,71,0.323943661971831,53,80
v2_high_decay_s16,v2,high_decay,16,random_regular,100,4,77,3,-1.000088900581841e-12,1,3,0.3333333333333333,9,80
v2_high_decay_s16,v2,high_decay,16,random_regular,100,4,78,0,0.0,0,0,,40,40
v2_high_decay_s16,v2,high_decay,16,random_regular,100,4,79,18,1.791759469222055,6,18,0.3333333333333333,31,99
v2_high_decay_s16,v2,high_decay,16,random_regular,100,4,80,51,3.044522437702424,21,51,0.4117647058823529,59,99
v2_high_decay_s16,v2,high_decay,16,random_regular,100,4,81,39,2.5070264355444176,17,39,0.4358974358974359,96,99
v2_high_decay_s16,v2,high_decay,16,random_regular,100,4,82,28,2.369382119683676,12,28,0.42857142857142855,70,40
v2_high_decay_s16,v2,high_decay,16,random_regular,100,4,83,3,-1.000088900581841e-12,1,3,0.3333333333333333,84,48
v2_high_decay_s16,v2,high_decay,16,random_regular,100,4,84,76,3.3445488585774434,31,76,0.40789473684210525,91,48
v2_high_decay_s16,v2,high_decay,16,random_regular,100,4,85,190,3.9341304577445713,77,190,0.4052631578947368,88,48
v2_high_decay_s16,v2,high_decay,16,random_regular,100,4,86,0,0.0,0,0,,51,51
v2_high_decay_s16,v2,high_decay,16,random_regular,100,4,87,25,2.302585092984045,10,25,0.4,4,80
v2_high_decay_s16,v2,high_decay,16,random_regular,100,4,88,177,4.134620165178781,72,177,0.4067796610169492,12,99
v2_high_decay_s16,v2,high_decay,16,random_regular,100,4,89,48,2.912494403312053,21,48,0.4375,46,51
v2_high_decay_s16,v2,high_decay,16,random_regular,100,4,90,190,3.939091190678642,68,190,0.35789473684210527,1,51
v2_high_decay_s16,v2,high_decay,16,random_regular,100,4,91,149,3.8922316915883615,56,149,0.37583892617449666,8,51
v2_high_decay_s16,v2,high_decay,16,random_regular,100,4,92,114,3.813438745815229,48,114,0.42105263157894735,29,51
v2_high_decay_s16,v2,high_decay,16,random_regular,100,4,93,170,3.979610141800745,66,170,0.38823529411764707,87,40
v2_high_decay_s16,v2,high_decay,16,random_regular,100,4,94,133,3.726795348248236,48,133,0.3609022556390977,19,48
v2_high_decay_s16,v2,high_decay,16,random_regular,100,4,95,0,0.0,0,0,,40,40
v2_high_decay_s16,v2,high_decay,16,random_regular,100,4,96,82,3.2958368659773285,27,82,0.32926829268292684,98,40
v2_high_decay_s16,v2,high_decay,16,random_regular,100,4,97,197,4.15224809952403,79,197,0.4010152284263959,4,51
v2_high_decay_s16,v2,high_decay,16,random_regular,100,4,98,20,2.197224577327219,9,20,0.45,37,48
v2_high_decay_s16,v2,high_decay,16,random_regular,100,4,99,109,3.3445488585774434,31,109,0.28440366972477066,73,99
v2_high_decay_s16,v2,high_decay,16,random_regular,100,4,100,305,4.419062074391739,113,305,0.3704918032786885,39,80
v2_high_decay_s16,v2,high_decay,16,random_regular,100,4,101,31,1.9459101490483133,7,31,0.22580645161290322,64,48
v2_high_decay_s16,v2,high_decay,16,random_regular,100,4,102,9,1.791759469222055,6,9,0.6666666666666666,9,48
v2_high_decay_s16,v2,high_decay,16,random_regular,100,4,103,76,3.163424050399405,25,76,0.32894736842105265,68,48
v2_high_decay_s16,v2,high_decay,16,random_regular,100,4,104,1,-1.000088900581841e-12,1,1,1.0,37,80
v2_high_decay_s16,v2,high_decay,16,random_regular,100,4,105,52,3.0280290732864104,22,52,0.4230769230769231,25,99
v2_high_decay_s16,v2,high_decay,16,random_regular,100,4,106,232,4.103905251300108,79,232,0.34051724137931033,0,99
v2_high_decay_s16,v2,high_decay,16,random_regular,100,4,107,32,2.639057329601259,14,32,0.4375,91,80
v2_high_decay_s16,v2,high_decay,16,random_regular,100,4,108,20,2.369382119683676,12,20,0.6,57,99
v2_high_decay_s16,v2,high_decay,16,random_regular,100,4,109,340,4.388898783443889,114,340,0.3352941176470588,7,99
v2_high_decay_s16,v2,high_decay,16,random_regular,100,4,110,183,3.798278405402563,61,183,0.3333333333333333,31,51
v2_high_decay_s16,v2,high_decay,16,random_regular,100,4,111,77,3.4761312408209912,35,77,0.45454545454545453,96,99
v2_high_decay_s16,v2,high_decay,16,random_regular,100,4,112,172,3.94859141818368,67,172,0.38953488372093026,2,48
v2_high_decay_s16,v2,high_decay,16,random_regular,100,4,113,132,3.5875467249519843,46,132,0.3484848484848485,81,48
v2_high_decay_s16,v2,high_decay,16,random_regular,100,4,114,25,1.791759469222055,6,25,0.24,18,51
v2_high_decay_s16,v2,high_decay,16,random_regular,100,4,115,94,3.1931483947852626,27,94,0.2872340425531915,62,80
v2_high_decay_s16,v2,high_decay,16,random_regular,100,4,116,8,1.3862943611158909,4,8,0.5,93,48
v2_high_decay_s16,v2,high_decay,16,random_regular,100,4,117,3,1.0986122886651095,3,3,1.0,85,80
v2_high_decay_s16,v2,high_decay,16,random_regular,100,4,118,80,3.2924491076317413,32,80,0.4,32,99
v2_high_decay_s16,v2,high_decay,16,random_regular,100,4,119,0,0.0,0,0,,40,40
v2_high_decay_s16,v2,high_decay,16,random_regular,100,4,120,1,-1.000088900581841e-12,1,1,1.0,21,99
v2_high_decay_s16,v2,high_decay,16,random_regular,100,4,121,28,2.751666616915516,17,28,0.6071428571428571,63,99
v2_high_decay_s16,v2,high_decay,16,random_regular,100,4,122,6,1.3862943611158909,4,6,0.6666666666666666,53,99
v2_high_decay_s16,v2,high_decay,16,random_regular,100,4,123,10,1.9459101490483133,7,10,0.7,83,48
v2_high_decay_s16,v2,high_decay,16,random_regular,100,4,124,126,3.375451490788408,41,126,0.3253968253968254,75,80
v2_high_decay_s16,v2,high_decay,16,random_regular,100,4,125,4,0.6931471805579453,2,4,0.5,69,40
v2_high_decay_s16,v2,high_decay,16,random_regular,100,4,126,43,2.253857589591352,12,43,0.27906976744186046,19,40
v2_high_decay_s16,v2,high_decay,16,random_regular,100,4,127,25,2.302585092984045,10,25,0.4,77,48
v2_high_decay_s16,v2,high_decay,16,random_regular,100,4,128,121,3.5783238363141483,41,121,0.33884297520661155,25,51
v2_high_decay_s16,v2,high_decay,16,random_regular,100,4,129,87,3.2285980368793616,33,87,0.3793103448275862,47,40
v2_high_decay_s16,v2,high_decay,16,random_regular,100,4,130,55,2.8332133440392155,17,55,0.3090909090909091,71,99
v2_high_decay_s16,v2,high_decay,16,random_regular,100,4,131,52,2.5126585295168016,16,52,0.3076923076923077,47,48
v2_high_decay_s16,v2,high_decay,16,random_regular,100,4,132,59,2.625048158717539,19,59,0.3220338983050847,94,99
v2_high_decay_s16,v2,high_decay,16,random_regular,100,4,133,15,2.197224577327219,9,15,0.6,32,51
v2_high_decay_s16,v2,high_decay,16,random_regular,100,4,134,161,3.86020847544946,58,161,0.36024844720496896,83,99
v2_high_decay_s16,v2,high_decay,16,random_regular,100,4,135,91,3.498515667114017,37,91,0.4065934065934066,18,48
v2_high_decay_s16,v2,high_decay,16,random_regular,100,4,136,70,3.0752205480323718,23,70,0.32857142857142857,74,51
v2_high_decay_s16,v2,high_decay,16,random_regular,100,4,137,144,3.801338558097586,59,144,0.4097222222222222,68,80
v2_high_decay_s16,v2,high_decay,16,random_regular,100,4,138,5,0.6931471805579453,2,5,0.4,34,51
v2_high_decay_s16,v2,high_decay,16,random_regular,100,4,139,46,2.751666616915516,17,46,0.3695652173913043,95,51
v2_high_decay_s16,v2,high_decay,16,random_regular,100,4,140,78,3.1239385094141774,30,78,0.38461538461538464,75,48
v2_high_decay_s16,v2,high_decay,16,random_regular,100,4,141,24,2.639057329601259,14,24,0.5833333333333334,4,40
v2_high_decay_s16,v2,high_decay,16,random_regular,100,4,142,8,0.6931471805579453,2,8,0.25,6,51
v2_high_decay_s16,v2,high_decay,16,random_regular,100,4,143,81,3.2451263407310145,30,81,0.37037037037037035,43,48
v2_high_decay_s16,v2,high_decay,16,random_regular,100,4,144,96,3.232775904355102,32,96,0.3333333333333333,83,99
v2_high_decay_s16,v2,high_decay,16,random_regular,100,4,145,21,1.8891591637470213,9,21,0.42857142857142855,88,48
v2_high_decay_s16,v2,high_decay,16,random_regular,100,4,146,77,2.838988933136699,22,77,0.2857142857142857,85,51
v2_high_decay_s16,v2,high_decay,16,random_regular,100,4,147,319,4.692888620174792,130,319,0.40752351097178685,22,48
v2_high_decay_s16,v2,high_decay,16,random_regular,100,4,148,56,2.9957322735339904,20,56,0.35714285714285715,61,80
v2_high_decay_s16,v2,high_decay,16,random_regular,100,4,149,76,3.170148321450507,30,76,0.39473684210526316,11,80
v2_high_decay_s16,v2,high_decay,16,random_regular,100,4,150,1,-1.000088900581841e-12,1,1,1.0,87,51
v2_high_decay_s16,v2,high_decay,16,random_regular,100,4,151,19,1.3862943611158909,4,19,0.21052631578947367,76,99
v2_high_decay_s16,v2,high_decay,16,random_regular,100,4,152,28,2.2718685126865625,11,28,0.39285714285714285,33,51
v2_high_decay_s16,v2,high_decay,16,random_regular,100,4,153,56,2.8997571011230594,25,56,0.44642857142857145,85,48
v2_high_decay_s16,v2,high_decay,16,random_regular,100,4,154,61,2.894399544411038,23,61,0.3770491803278688,88,51
v2_high_decay_s16,v2,high_decay,16,random_regular,100,4,155,182,4.037696039108388,62,182,0.34065934065934067,2,99
v2_high_decay_s16,v2,high_decay,16,random_regular,100,4,156,74,3.165672166824038,31,74,0.4189189189189189,31,48
v2_high_decay_s16,v2,high_decay,16,random_regular,100,4,157,86,3.4544986414005443,33,86,0.38372093023255816,56,99
v2_high_decay_s16,v2,high_decay,16,random_regular,100,4,158,150,3.897125545560404,57,150,0.38,32,48
v2_high_decay_s16,v2,high_decay,16,random_regular,100,4,159,90,3.245126340731014,30,90,0.3333333333333333,88,40
v2_high_decay_s16,v2,high_decay,16,random_regular,100,4,160,2,-1.000088900581841e-12,1,2,0.5,15,40
v2_high_decay_s16,v2,high_decay,16,random_regular,100,4,161,22,1.5607104090364066,6,22,0.2727272727272727,13,80
v2_high_decay_s16,v2,high_decay,16,random_regular,100,4,162,396,4.681431830639438,145,396,0.3661616161616162,53,51
v2_high_decay_s16,v2,high_decay,16,random_regular,100,4,163,12,1.6094379124291005,5,12,0.4166666666666667,0,99
v2_high_decay_s16,v2,high_decay,16,random_regular,100,4,164,2,0.6931471805579453,2,2,1.0,76,99
v2_high_decay_s16,v2,high_decay,16,random_regular,100,4,165,89,3.3457347152500923,38,89,0.42696629213483145,21,48
v2_high_decay_s16,v2,high_decay,16,random_regular,100,4,166,78,3.0280290732864104,22,78,0.28205128205128205,89,80
v2_high_decay_s16,v2,high_decay,16,random_regular,100,4,167,16,1.791759469222055,6,16,0.375,57,80
v2_high_decay_s16,v2,high_decay,16,random_regular,100,4,168,29,2.0431918705371204,9,29,0.3103448275862069,77,51
v2_high_decay_s16,v2,high_decay,16,random_regular,100,4,169,21,1.791759469222055,6,21,0.2857142857142857,22,80
v2_high_decay_s16,v2,high_decay,16,random_regular,100,4,170,37,2.540036303807981,14,37,0.3783783783783784,34,99
v2_high_decay_s16,v2,high_decay,16,random_regular,100,4,171,2,0.6931471805579453,2,2,1.0,41,51
v2_high_decay_s16,v2,high_decay,16,random_regular,100,4,172,44,2.639057329601259,14,44,0.3181818181818182,24,40
v2_high_decay_s16,v2,high_decay,16,random_regular,100,4,173,14,1.9061547465328492,8,14,0.5714285714285714,93,80
v2_high_decay_s16,v2,high_decay,16,random_regular,100,4,174,45,2.3516733018936304,13,45,0.28888888888888886,22,51
v2_high_decay_s16,v2,high_decay,16,random_regular,100,4,175,47,2.7985132569262934,19,47,0.40425531914893614,38,99
v2_high_decay_s16,v2,high_decay,16,random_regular,100,4,176,80,3.014630013702276,29,80,0.3625,43,40
v2_high_decay_s16,v2,high_decay,16,random_regular,100,4,177,22,2.3978952727873706,11,22,0.5,26,40
v2_high_decay_s16,v2,high_decay,16,random_regular,100,4,178,0,0.0,0,0,,48,48
v2_high_decay_s16,v2,high_decay,16,random_regular,100,4,179,134,3.649743441409532,51,134,0.3805970149253731,95,99
v2_high_decay_s16,v2,high_decay,16,random_regular,100,4,180,67,2.7630149491358305,27,67,0.40298507462686567,65,48
v2_high_decay_s16,v2,high_decay,16,random_regular,100,4,181,242,4.092980615639382,79,242,0.32644628099173556,92,51
v2_high_decay_s16,v2,high_decay,16,random_regular,100,4,182,4,0.6931471805579453,2,4,0.5,74,40
v2_high_decay_s16,v2,high_decay,16,random_regular,100,4,183,34,1.8891591637470213,9,34,0.2647058823529412,84,40
v2_high_decay_s16,v2,high_decay,16,random_regular,100,4,184,86,3.4761312408209912,35,86,0.4069767441860465,81,99
v2_high_decay_s16,v2,high_decay,16,random_regular,100,4,185,13,1.5498260458732018,7,13,0.5384615384615384,27,99
v2_high_decay_s16,v2,high_decay,16,random_regular,100,4,186,155,3.696900970296509,54,155,0.34838709677419355,67,80
v2_high_decay_s16,v2,high_decay,16,random_regular,100,4,187,34,2.3383717047925723,15,34,0.4411764705882353,6,51
v2_high_decay_s16,v2,high_decay,16,random_regular,100,4,188,190,3.732840239351519,57,190,0.3,66,51
v2_high_decay_s16,v2,high_decay,16,random_regular,100,4,189,59,2.7555497906471795,21,59,0.3559322033898305,84,99
v2_high_decay_s16,v2,high_decay,16,random_regular,100,4,190,49,2.61563057701355,15,49,0.30612244897959184,59,51
v2_high_decay_s16,v2,high_decay,16,random_regular,100,4,191,3,-1.000088900581841e-12,1,3,0.3333333333333333,15,51
v2_high_decay_s16,v2,high_decay,16,random_regular,100,4,192,129,3.7579349863326255,54,129,0.4186046511627907,65,51
v2_high_decay_s16,v2,high_decay,16,random_regular,100,4,193,19,2.2718685126865625,11,19,0.5789473684210527,86,51
v2_high_decay_s16,v2,high_decay,16,random_regular,100,4,194,23,2.1639556568730565,10,23,0.43478260869565216,3,51
v2_high_decay_s16,v2,high_decay,16,random_regular,100,4,195,67,3.485587161020812,34,67,0.5074626865671642,85,48
v2_high_decay_s16,v2,high_decay,16,random_regular,100,4,196,31,2.302585092984045,10,31,0.3225806451612903,44,48
v2_high_decay_s16,v2,high_decay,16,random_regular,100,4,197,1,-1.000088900581841e-12,1,1,1.0,18,48
v2_high_decay_s16,v2,high_decay,16,random_regular,100,4,198,68,3.151458510219029,26,68,0.38235294117647056,9,99
v2_high_decay_s16,v2,high_decay,16,random_regular,100,4,199,10,1.3862943611158909,4,10,0.4,73,48
v2_high_decay_s16,v2,high_decay,16,random_regular,100,4,200,28,2.484906649776,12,28,0.42857142857142855,11,51
v2_high_decay_s16,v2,high_decay,16,random_regular,100,4,201,17,1.6094379124291005,5,17,0.29411764705882354,66,51
v2_high_decay_s16,v2,high_decay,16,random_regular,100,4,202,156,3.812426704046732,61,156,0.391025641025641,50,40
v2_high_decay_s16,v2,high_decay,16,random_regular,100,4,203,49,3.044522437702424,21,49,0.42857142857142855,57,80
v2_high_decay_s16,v2,high_decay,16,random_regular,100,4,204,9,0.6931471805579453,2,9,0.2222222222222222,27,80
v2_high_decay_s16,v2,high_decay,16,random_regular,100,4,205,14,1.6094379124291005,5,14,0.35714285714285715,46,99
v2_high_decay_s16,v2,high_decay,16,random_regular,100,4,206,14,1.3862943611158909,4,14,0.2857142857142857,81,40
v2_high_decay_s16,v2,high_decay,16,random_regular,100,4,207,60,2.947004770141297,24,60,0.4,91,51
v2_high_decay_s16,v2,high_decay,16,random_regular,100,4,208,18,2.079441541671836,8,18,0.4444444444444444,92,51
v2_high_decay_s16,v2,high_decay,16,random_regular,100,4,209,13,1.3862943611158909,4,13,0.3076923076923077,84,51
v2_high_decay_s16,v2,high_decay,16,random_regular,100,4,210,274,4.373258149652245,95,274,0.3467153284671533,31,40
v2_high_decay_s16,v2,high_decay,16,random_regular,100,4,211,5,1.0986122886651095,3,5,0.6,88,40
v2_high_decay_s16,v2,high_decay,16,random_regular,100,4,212,238,4.236811920886836,87,238,0.36554621848739494,63,40
v2_high_decay_s16,v2,high_decay,16,random_regular,100,4,213,42,2.639057329601259,14,42,0.3333333333333333,53,99
v2_high_decay_s16,v2,high_decay,16,random_regular,100,4,214,16,2.197224577327219,9,16,0.5625,64,80
v2_high_decay_s16,v2,high_decay,16,random_regular,100,4,215,69,3.000356566236827,27,69,0.391304347826087,4,48
v2_high_decay_s16,v2,high_decay,16,random_regular,100,4,216,93,3.444813797459462,34,93,0.3655913978494624,72,48
v2_high_decay_s16,v2,high_decay,16,random_regular,100,4,217,121,3.415689962593033,42,121,0.34710743801652894,45,99
v2_high_decay_s16,v2,high_decay,16,random_regular,100,4,218,21,2.197224577327219,9,21,0.42857142857142855,83,48
v2_high_decay_s16,v2,high_decay,16,random_regular,100,4,219,4,0.6931471805579453,2,4,0.5,91,48
v2_high_decay_s16,v2,high_decay,16,random_regular,100,4,220,8,0.6931471805579453,2,8,0.25,78,40
v2_high_decay_s16,v2,high_decay,16,random_regular,100,4,221,37,2.61563057701355,15,37,0.40540540540540543,5,99
v2_high_decay_s16,v2,high_decay,16,random_regular,100,4,222,195,3.986742255492439,71,195,0.3641025641025641,69,51
v2_high_decay_s16,v2,high_decay,16,random_regular,100,4,223,26,2.302585092984045,10,26,0.38461538461538464,77,48
v2_high_decay_s16,v2,high_decay,16,random_regular,100,4,224,116,3.6654865248255626,49,116,0.4224137931034483,33,48
v2_high_decay_s16,v2,high_decay,16,random_regular,100,4,225,216,4.106554607848872,82,216,0.37962962962962965,54,99
v2_high_decay_s16,v2,high_decay,16,random_regular,100,4,226,41,2.484906649776,12,41,0.2926829268292683,86,99
v2_high_decay_s16,v2,high_decay,16,random_regular,100,4,227,147,3.824162684451831,57,147,0.3877551020408163,52,40
v2_high_decay_s16,v2,high_decay,16,random_regular,100,4,228,122,3.531749628878942,41,122,0.3360655737704918,19,48
v2_high_decay_s16,v2,high_decay,16,random_regular,100,4,229,54,2.8464803861168675,21,54,0.3888888888888889,2,51
v2_high_decay_s16,v2,high_decay,16,random_regular,100,4,230,3,0.6931471805579453,2,3,0.6666666666666666,19,48
v2_high_decay_s16,v2,high_decay,16,random_regular,100,4,231,63,3.319492576126754,29,63,0.4603174603174603,39,80
v2_high_decay_s16,v2,high_decay,16,random_regular,100,4,232,11,1.6094379124291005,5,11,0.45454545454545453,89,80
v2_high_decay_s16,v2,high_decay,16,random_regular,100,4,233,20,1.7328679513938632,8,20,0.4,41,51
v2_high_decay_s16,v2,high_decay,16,random_regular,100,4,234,12,2.079441541671836,8,12,0.6666666666666666,38,80
v2_high_decay_s16,v2,high_decay,16,random_regular,100,4,235,80,3.6322425006666657,43,80,0.5375,55,48
v2_high_decay_s16,v2,high_decay,16,random_regular,100,4,236,11,1.3862943611158909,4,11,0.36363636363636365,2,99
v2_high_decay_s16,v2,high_decay,16,random_regular,100,4,237,167,3.838160219313841,61,167,0.3652694610778443,35,99
v2_high_decay_s16,v2,high_decay,16,random_regular,100,4,238,50,2.3131536787226343,17,50,0.34,92,51
v2_high_decay_s16,v2,high_decay,16,random_regular,100,4,239,3,-1.000088900581841e-12,1,3,0.3333333333333333,10,40
v2_high_decay_s16,v2,high_decay,16,random_regular,100,4,240,61,2.991501468554349,26,61,0.4262295081967213,14,80
v2_high_decay_s16,v2,high_decay,16,random_regular,100,4,241,6,0.6931471805579453,2,6,0.3333333333333333,25,48
v2_high_decay_s16,v2,high_decay,16,random_regular,100,4,242,62,3.183672971458787,28,62,0.45161290322580644,72,80
v2_high_decay_s16,v2,high_decay,16,random_regular,100,4,243,30,2.61563057701355,15,30,0.5,75,40
v2_high_decay_s16,v2,high_decay,16,random_regular,100,4,244,410,4.754384659951205,144,410,0.35121951219512193,50,48
v2_high_decay_s16,v2,high_decay,16,random_regular,100,4,245,52,3.0280290732864104,22,52,0.4230769230769231,95,48
v2_high_decay_s16,v2,high_decay,16,random_regular,100,4,246,96,3.322493706775413,34,96,0.3541666666666667,71,80
v2_high_decay_s16,v2,high_decay,16,random_regular,100,4,247,4,-1.000088900581841e-12,1,4,0.25,10,40
v2_high_decay_s16,v2,high_decay,16,random_regular,100,4,248,2,-1.000088900581841e-12,1,2,0.5,18,48
v2_high_decay_s16,v2,high_decay,16,random_regular,100,4,249,24,2.197224577327219,9,24,0.375,61,48
v2_high_decay_s16,v2,high_decay,16,random_regular,100,4,250,171,3.720560710350592,55,171,0.3216374269005848,53,48
v2_high_decay_s16,v2,high_decay,16,random_regular,100,4,251,103,2.9490123306407936,27,103,0.2621359223300971,3,40
v2_high_decay_s16,v2,high_decay,16,random_regular,100,4,252,55,3.062529300232621,24,55,0.43636363636363634,89,80
v2_high_decay_s16,v2,high_decay,16,random_regular,100,4,253,43,2.813355404483615,18,43,0.4186046511627907,92,51
v2_high_decay_s16,v2,high_decay,16,random_regular,100,4,254,55,2.4583113296710835,13,55,0.23636363636363636,82,40
v2_high_decay_s16,v2,high_decay,16,random_regular,100,4,255,9,1.0986122886651095,3,9,0.3333333333333333,37,40
v2_high_decay_s16,v2,high_decay,16,random_regular,100,4,256,106,3.619564736019943,40,106,0.37735849056603776,15,80
v2_high_decay_s16,v2,high_decay,16,random_regular,100,4,257,207,4.120964116889941,77,207,0.3719806763285024,66,40
v2_high_decay_s16,v2,high_decay,16,random_regular,100,4,258,25,1.9459101490483133,7,25,0.28,36,99
v2_high_decay_s16,v2,high_decay,16,random_regular,100,4,259,26,2.3978952727873706,11,26,0.4230769230769231,26,40
v2_high_decay_s16,v2,high_decay,16,random_regular,100,4,260,138,3.4678540963178395,40,138,0.2898550724637681,75,99
v2_high_decay_s16,v2,high_decay,16,random_regular,100,4,261,16,1.9459101490483133,7,16,0.4375,17,48
v2_high_decay_s16,v2,high_decay,16,random_regular,100,4,262,22,2.484906649776,12,22,0.5454545454545454,74,48
v2_high_decay_s16,v2,high_decay,16,random_regular,100,4,263,50,2.736339051089065,18,50,0.36,82,99
v2_high_decay_s16,v2,high_decay,16,random_regular,100,4,264,15,1.9459101490483133,7,15,0.4666666666666667,91,40
v2_high_decay_s16,v2,high_decay,16,random_regular,100,4,265,132,3.876820151993732,56,132,0.42424242424242425,20,48
v2_high_decay_s16,v2,high_decay,16,random_regular,100,4,266,187,4.018473973808399,67,187,0.3582887700534759,92,51
v2_high_decay_s16,v2,high_decay,16,random_regular,100,4,267,162,3.742020031347389,57,162,0.35185185185185186,83,99
v2_high_decay_s16,v2,high_decay,16,random_regular,100,4,268,62,2.846480386116867,21,62,0.3387096774193548,31,80
v2_high_decay_s16,v2,high_decay,16,random_regular,100,4,269,15,1.791759469222055,6,15,0.4,35,80
v2_high_decay_s16,v2,high_decay,16,random_regular,100,4,270,341,4.608396280276725,148,341,0.4340175953079179,47,80
v2_high_decay_s16,v2,high_decay,16,random_regular,100,4,271,107,3.4414093189206487,38,107,0.35514018691588783,74,99
v2_high_decay_s16,v2,high_decay,16,random_regular,100,4,272,87,3.134162458562648,28,87,0.3218390804597701,14,80
v2_high_decay_s16,v2,high_decay,16,random_regular,100,4,273,24,2.1639556568730565,10,24,0.4166666666666667,83,51
v2_high_decay_s16,v2,high_decay,16,random_regular,100,4,274,72,3.134162458562648,28,72,0.3888888888888889,44,48
v2_high_decay_s16,v2,high_decay,16,random_regular,100,4,275,12,1.9459101490483133,7,12,0.5833333333333334,39,99
v2_high_decay_s16,v2,high_decay,16,random_regular,100,4,276,214,3.982862688214433,87,214,0.40654205607476634,91,48
v2_high_decay_s16,v2,high_decay,16,random_regular,100,4,277,0,0.0,0,0,,40,40
v2_high_decay_s16,v2,high_decay,16,random_regular,100,4,278,244,3.914840306702217,84,244,0.3442622950819672,39,48
v2_high_decay_s16,v2,high_decay,16,random_regular,100,4,279,115,3.207960077516468,37,115,0.3217391304347826,10,40
v2_high_decay_s16,v2,high_decay,16,random_regular,100,4,280,42,2.3516733018936304,13,42,0.30952380952380953,67,48
v2_high_decay_s16,v2,high_decay,16,random_regular,100,4,281,108,3.461048251949615,37,108,0.3425925925925926,66,48
v2_high_decay_s16,v2,high_decay,16,random_regular,100,4,282,25,2.197224577327219,9,25,0.36,92,48
v2_high_decay_s16,v2,high_decay,16,random_regular,100,4,283,125,3.43652283050428,35,125,0.28,59,80
v2_high_decay_s16,v2,high_decay,16,random_regular,100,4,284,30,2.079441541671836,8,30,0.26666666666666666,73,51
v2_high_decay_s16,v2,high_decay,16,random_regular,100,4,285,21,2.079441541671836,8,21,0.38095238095238093,5,99
v2_high_decay_s16,v2,high_decay,16,random_regular,100,4,286,142,3.738230894633928,46,142,0.323943661971831,55,48
v2_high_decay_s16,v2,high_decay,16,random_regular,100,4,287,40,2.61563057701355,15,40,0.375,96,48
v2_high_decay_s16,v2,high_decay,16,random_regular,100,4,288,171,3.9422745893806894,64,171,0.3742690058479532,8,51
v2_high_decay_s16,v2,high_decay,16,random_regular,100,4,289,99,3.4513633638564465,41,99,0.41414141414141414,37,48
v2_high_decay_s16,v2,high_decay,16,random_regular,100,4,290,16,1.9459101490483133,7,16,0.4375,21,51
v2_high_decay_s16,v2,high_decay,16,random_regular,100,4,291,14,1.9459101490483133,7,14,0.5,90,48
v2_high_decay_s16,v2,high_decay,16,random_regular,100,4,292,74,3.1418041591892294,27,74,0.36486486486486486,61,80
v2_high_decay_s16,v2,high_decay,16,random_regular,100,4,293,103,3.4551790069144523,38,103,0.36893203883495146,60,80
v2_high_decay_s16,v2,high_decay,16,random_regular,100,4,294,1,-1.000088900581841e-12,1,1,1.0,15,51
v2_high_decay_s16,v2,high_decay,16,random_regular,100,4,295,6,0.6931471805579453,2,6,0.3333333333333333,57,99
v2_high_decay_s16,v2,high_decay,16,random_regular,100,4,296,48,2.736339051089065,18,48,0.375,27,40
v2_high_decay_s16,v2,high_decay,16,random_regular,100,4,297,16,1.6094379124291005,5,16,0.3125,37,40
v2_high_decay_s16,v2,high_decay,16,random_regular,100,4,298,69,2.884863440777896,26,69,0.37681159420289856,69,40
v2_high_decay_s16,v2,high_decay,16,random_regular,100,4,299,4,0.6931471805579453,2,4,0.5,34,51
v2_high_decay_s16,v2,high_decay,16,random_regular,100,4,300,18,1.6094379124291005,5,18,0.2777777777777778,84,51
v2_high_decay_s16,v2,high_decay,16,random_regular,100,4,301,57,3.052520501511814,25,57,0.43859649122807015,38,40
v2_high_decay_s16,v2,high_decay,16,random_regular,100,4,302,21,2.369382119683676,12,21,0.5714285714285714,23,48
v2_high_decay_s16,v2,high_decay,16,random_regular,100,4,303,105,3.550250017965948,40,105,0.38095238095238093,8,51
v2_high_decay_s16,v2,high_decay,16,random_regular,100,4,304,22,1.791759469222055,6,22,0.2727272727272727,39,40
v2_high_decay_s16,v2,high_decay,16,random_regular,100,4,305,0,0.0,0,0,,80,80
v2_high_decay_s16,v2,high_decay,16,random_regular,100,4,306,14,1.791759469222055,6,14,0.42857142857142855,10,48
v2_high_decay_s16,v2,high_decay,16,random_regular,100,4,307,48,2.61563057701355,15,48,0.3125,83,80
v2_high_decay_s16,v2,high_decay,16,random_regular,100,4,308,53,2.9444389791474395,19,53,0.3584905660377358,62,80
v2_high_decay_s16,v2,high_decay,16,random_regular,100,4,309,107,3.379092505199735,32,107,0.29906542056074764,77,99
v2_high_decay_s16,v2,high_decay,16,random_regular,100,4,310,0,0.0,0,0,,40,40
v2_high_decay_s16,v2,high_decay,16,random_regular,100,4,311,222,4.1088500272098605,83,222,0.3738738738738739,23,48
v2_high_decay_s16,v2,high_decay,16,random_regular,100,4,312,54,2.540036303807981,14,54,0.25925925925925924,29,99
v2_high_decay_s16,v2,high_decay,16,random_regular,100,4,313,9,1.791759469222055,6,9,0.6666666666666666,94,99
v2_high_decay_s16,v2,high_decay,16,random_regular,100,4,314,25,2.0253262207620675,10,25,0.4,71,51
v2_high_decay_s16,v2,high_decay,16,random_regular,100,4,315,1,-1.000088900581841e-12,1,1,1.0,21,99
v2_high_decay_s16,v2,high_decay,16,random_regular,100,4,316,9,1.3862943611158909,4,9,0.4444444444444444,5,51
v2_high_decay_s16,v2,high_decay,16,random_regular,100,4,317,18,1.791759469222055,6,18,0.3333333333333333,16,99
v2_high_decay_s16,v2,high_decay,16,random_regular,100,4,318,129,3.5579369467630384,51,129,0.3953488372093023,33,51
v2_high_decay_s16,v2,high_decay,16,random_regular,100,4,319,42,2.61563057701355,15,42,0.35714285714285715,49,48
v2_high_decay_s16,v2,high_decay,16,random_regular,100,4,320,35,2.685945324654788,16,35,0.45714285714285713,7,40
v2_high_decay_s16,v2,high_decay,16,random_regular,100,4,321,53,2.9650156932365066,22,53,0.41509433962264153,91,99
v2_high_decay_s16,v2,high_decay,16,random_regular,100,4,322,110,3.38865078261092,34,110,0.3090909090909091,5,80
v2_high_decay_s16,v2,high_decay,16,random_regular,100,4,323,42,2.751666616915516,17,42,0.40476190476190477,90,40
v2_high_decay_s16,v2,high_decay,16,random_regular,100,4,324,4,-1.000088900581841e-12,1,4,0.25,54,99
v2_high_decay_s16,v2,high_decay,16,random_regular,100,4,325,94,3.2625679455231658,30,94,0.3191489361702128,59,48
v2_high_decay_s16,v2,high_decay,16,random_regular,100,4,326,70,3.0752205480323718,23,70,0.32857142857142857,44,48
v2_high_decay_s16,v2,high_decay,16,random_regular,100,4,327,136,3.637864213543352,52,136,0.38235294117647056,78,48
v2_high_decay_s16,v2,high_decay,16,random_regular,100,4,328,203,4.203048333272078,76,203,0.37438423645320196,62,51
v2_high_decay_s16,v2,high_decay,16,random_regular,100,4,329,358,4.448228772318981,113,358,0.31564245810055863,97,40
v2_high_decay_s16,v2,high_decay,16,random_regular,100,4,330,19,2.302585092984045,10,19,0.5263157894736842,13,51
v2_high_decay_s16,v2,high_decay,16,random_regular,100,4,331,96,3.605641583852999,42,96,0.4375,34,99
v2_high_decay_s16,v2,high_decay,16,random_regular,100,4,332,0,0.0,0,0,,80,80
v2_high_decay_s16,v2,high_decay,16,random_regular,100,4,333,77,3.098139496330803,26,77,0.33766233766233766,61,99
v2_high_decay_s16,v2,high_decay,16,random_regular,100,4,334,65,3.319492576126754,29,65,0.4461538461538462,89,99
v2_high_decay_s16,v2,high_decay,16,random_regular,100,4,335,2,-1.000088900581841e-12,1,2,0.5,19,99
v2_high_decay_s16,v2,high_decay,16,random_regular,100,4,336,88,3.4339872044541457,31,88,0.3522727272727273,55,80
v2_high_decay_s16,v2,high_decay,16,random_regular,100,4,337,29,2.3978952727873706,11,29,0.3793103448275862,98,40
v2_high_decay_s16,v2,high_decay,16,random_regular,100,4,338,13,1.9459101490483133,7,13,0.5384615384615384,66,51
v2_high_decay_s16,v2,high_decay,16,random_regular,100,4,339,54,2.736339051089065,18,54,0.3333333333333333,73,51
v2_high_decay_s16,v2,high_decay,16,random_regular,100,4,340,25,2.0431918705371204,9,25,0.36,71,40
v2_high_decay_s16,v2,high_decay,16,random_regular,100,4,341,51,2.9444389791474395,19,51,0.37254901960784315,52,40
v2_high_decay_s16,v2,high_decay,16,random_regular,100,4,342,26,2.5649493574485365,13,26,0.5,66,80
v2_high_decay_s16,v2,high_decay,16,random_regular,100,4,343,101,3.320362323009675,37,101,0.36633663366336633,6,48
v2_high_decay_s16,v2,high_decay,16,random_regular,100,4,344,102,3.467994408329786,36,102,0.35294117647058826,49,48
v2_high_decay_s16,v2,high_decay,16,random_regular,100,4,345,70,3.019736127116995,27,70,0.38571428571428573,33,51
v2_high_decay_s16,v2,high_decay,16,random_regular,100,4,346,120,3.5155926589389503,40,120,0.3333333333333333,2,80
v2_high_decay_s16,v2,high_decay,16,random_regular,100,4,347,2,-1.000088900581841e-12,1,2,0.5,15,51
v2_high_decay_s16,v2,high_decay,16,random_regular,100,4,348,0,0.0,0,0,,40,40
v2_high_decay_s16,v2,high_decay,16,random_regular,100,4,349,39,2.430791328866232,15,39,0.38461538461538464,74,51
v2_high_decay_s16,v2,high_decay,16,random_regular,100,4,350,76,3.3892680315157944,31,76,0.40789473684210525,31,51
v2_high_decay_s16,v2,high_decay,16,random_regular,100,4,351,35,2.5649493574485365,13,35,0.37142857142857144,61,51
v2_high_decay_s16,v2,high_decay,16,random_regular,100,4,352,94,3.68343632429644,45,94,0.4787234042553192,82,99
v2_high_decay_s16,v2,high_decay,16,random_regular,100,4,353,8,1.0986122886651095,3,8,0.375,7,40
v2_high_decay_s16,v2,high_decay,16,random_regular,100,4,354,53,2.9957322735339904,20,53,0.37735849056603776,11,99
v2_high_decay_s16,v2,high_decay,16,random_regular,100,4,355,98,3.1846345040744315,37,98,0.37755102040816324,46,99
v2_high_decay_s16,v2,high_decay,16,random_regular,100,4,356,140,3.956922481138748,55,140,0.39285714285714285,88,99
v2_high_decay_s16,v2,high_decay,16,random_regular,100,4,357,19,1.834371970274624,10,19,0.5263157894736842,83,48
v2_high_decay_s16,v2,high_decay,16,random_regular,100,4,358,6,0.6931471805579453,2,6,0.3333333333333333,15,51
v2_high_decay_s16,v2,high_decay,16,random_regular,100,4,359,94,3.363267070336762,34,94,0.3617021276595745,7,80
v2_high_decay_s16,v2,high_decay,16,random_regular,100,4,360,1,-1.000088900581841e-12,1,1,1.0,28,40
v2_high_decay_s16,v2,high_decay,16,random_regular,100,4,361,186,3.8359935869881054,72,186,0.3870967741935484,91,40
v2_high_decay_s16,v2,high_decay,16,random_regular,100,4,362,69,3.2551105127007407,31,69,0.4492753623188406,43,40
v2_high_decay_s16,v2,high_decay,16,random_regular,100,4,363,96,3.6195647360199423,40,96,0.4166666666666667,47,99
v2_high_decay_s16,v2,high_decay,16,random_regular,100,4,364,1,-1.000088900581841e-12,1,1,1.0,86,48
v2_high_decay_s16,v2,high_decay,16,random_regular,100,4,365,13,1.0986122886651095,3,13,0.23076923076923078,86,48
v2_high_decay_s16,v2,high_decay,16,random_regular,100,4,366,99,3.813438745815229,48,99,0.48484848484848486,79,80
v2_high_decay_s16,v2,high_decay,16,random_regular,100,4,367,13,1.9459101490483133,7,13,0.5384615384615384,10,80
v2_high_decay_s16,v2,high_decay,16,random_regular,100,4,368,0,0.0,0,0,,48,48
v2_high_decay_s16,v2,high_decay,16,random_regular,100,4,369,8,0.6931471805579453,2,8,0.25,83,99
v2_high_decay_s16,v2,high_decay,16,random_regular,100,4,370,164,3.8636247998616766,57,164,0.3475609756097561,18,99
v2_high_decay_s16,v2,high_decay,16,random_regular,100,4,371,0,0.0,0,0,,99,99
v2_high_decay_s16,v2,high_decay,16,random_regular,100,4,372,33,2.302585092984045,10,33,0.30303030303030304,37,40
v2_high_decay_s16,v2,high_decay,16,random_regular,100,4,373,94,3.5924696275736783,39,94,0.4148936170212766,47,99
v2_high_decay_s16,v2,high_decay,16,random_regular,100,4,374,36,2.5232109529398907,15,36,0.4166666666666667,97,48
v2_high_decay_s16,v2,high_decay,16,random_regular,100,4,375,12,1.3862943611158909,4,12,0.3333333333333333,33,80
v2_high_decay_s16,v2,high_decay,16,random_regular,100,4,376,2,0.6931471805579453,2,2,1.0,69,40
v2_high_decay_s16,v2,high_decay,16,random_regular,100,4,377,73,2.941616952624223,25,73,0.3424657534246575,70,99
v2_high_decay_s16,v2,high_decay,16,random_regular,100,4,378,22,2.369382119683676,12,22,0.5454545454545454,94,80
v2_high_decay_s16,v2,high_decay,16,random_regular,100,4,379,71,2.838988933136699,22,71,0.30985915492957744,77,40
v2_high_decay_s16,v2,high_decay,16,random_regular,100,4,380,30,2.2718685126865625,11,30,0.36666666666666664,91,48
v2_high_decay_s16,v2,high_decay,16,random_regular,100,4,381,266,4.4343821326646085,104,266,0.39097744360902253,69,80
v2_high_decay_s16,v2,high_decay,16,random_regular,100,4,382,149,3.658162873776453,44,149,0.2953020134228188,81,48
v2_high_decay_s16,v2,high_decay,16,random_regular,100,4,383,82,2.8152049266019468,22,82,0.2682926829268293,77,48
v2_high_decay_s16,v2,high_decay,16,random_regular,100,4,384,20,1.8891591637470213,9,20,0.45,78,99
v2_high_decay_s16,v2,high_decay,16,random_regular,100,4,385,67,3.14180415918923,27,67,0.40298507462686567,33,48
v2_high_decay_s16,v2,high_decay,16,random_regular,100,4,386,11,1.0986122886651095,3,11,0.2727272727272727,32,80
v2_high_decay_s16,v2,high_decay,16,random_regular,100,4,387,41,2.3046193848096714,14,41,0.34146341463414637,82,40
v2_high_decay_s16,v2,high_decay,16,random_regular,100,4,388,42,2.5520852976069657,19,42,0.4523809523809524,57,48
v2_high_decay_s16,v2,high_decay,16,random_regular,100,4,389,21,1.7478680974607577,7,21,0.3333333333333333,86,99
v2_high_decay_s16,v2,high_decay,16,random_regular,100,4,390,59,2.871476118036867,19,59,0.3220338983050847,63,51
v2_high_decay_s16,v2,high_decay,16,random_regular,100,4,391,68,3.2625679455231658,30,68,0.4411764705882353,88,80
v2_high_decay_s16,v2,high_decay,16,random_regular,100,4,392,0,0.0,0,0,,48,48
v2_high_decay_s16,v2,high_decay,16,random_regular,100,4,393,39,2.245035274116177,13,39,0.3333333333333333,38,99
v2_high_decay_s16,v2,high_decay,16,random_regular,100,4,394,240,3.9452460813619257,69,240,0.2875,56,80
v2_high_decay_s16,v2,high_decay,16,random_regular,100,4,395,183,3.953288202372293,73,183,0.3989071038251366,38,40
v2_high_decay_s16,v2,high_decay,16,random_regular,100,4,396,22,2.0431918705371204,9,22,0.4090909090909091,20,40
v2_high_decay_s16,v2,high_decay,16,random_regular,100,4,397,209,4.095681015694129,75,209,0.3588516746411483,44,99
v2_high_decay_s16,v2,high_decay,16,random_regular,100,4,398,159,3.9317171291193858,55,159,0.34591194968553457,33,80
v2_high_decay_s16,v2,high_decay,16,random_regular,100,4,399,0,0.0,0,0,,99,99
v2_high_decay_s16,v2,high_decay,16,random_regular,100,4,400,34,2.302585092984045,10,34,0.29411764705882354,30,99
v2_high_decay_s16,v2,high_decay,16,random_regular,100,4,401,52,2.772588722223781,16,52,0.3076923076923077,71,40
v2_high_decay_s16,v2,high_decay,16,random_regular,100,4,402,152,3.920486929157628,61,152,0.40131578947368424,53,40
v2_high_decay_s16,v2,high_decay,16,random_regular,100,4,403,39,2.3978952727873706,11,39,0.28205128205128205,67,99
v2_high_decay_s16,v2,high_decay,16,random_regular,100,4,404,147,3.693848158632537,51,147,0.3469387755102041,94,48
v2_high_decay_s16,v2,high_decay,16,random_regular,100,4,405,50,2.3947004058463333,17,50,0.34,98,51
v2_high_decay_s16,v2,high_decay,16,random_regular,100,4,406,28,2.0431918705371204,9,28,0.32142857142857145,31,99
v2_high_decay_s16,v2,high_decay,16,random_regular,100,4,407,0,0.0,0,0,,99,99
v2_high_decay_s16,v2,high_decay,16,random_regular,100,4,408,110,3.6121358939014376,41,110,0.37272727272727274,3,40
v2_high_decay_s16,v2,high_decay,16,random_regular,100,4,409,133,3.7151382241192903,53,133,0.39849624060150374,12,99
v2_high_decay_s16,v2,high_decay,16,random_regular,100,4,410,34,2.1458417525857545,11,34,0.3235294117647059,22,51
v2_high_decay_s16,v2,high_decay,16,random_regular,100,4,411,53,2.5232109529398907,15,53,0.2830188679245283,77,48
v2_high_decay_s16,v2,high_decay,16,random_regular,100,4,412,143,3.909505314020782,60,143,0.4195804195804196,27,40
v2_high_decay_s16,v2,high_decay,16,random_regular,100,4,413,1,-1.000088900581841e-12,1,1,1.0,9,80
v2_high_decay_s16,v2,high_decay,16,random_regular,100,4,414,47,3.0280290732864104,22,47,0.46808510638297873,64,48
v2_high_decay_s16,v2,high_decay,16,random_regular,100,4,415,21,2.197224577327219,9,21,0.42857142857142855,96,80
v2_high_decay_s16,v2,high_decay,16,random_regular,100,4,416,0,0.0,0,0,,99,99
v2_high_decay_s16,v2,high_decay,16,random_regular,100,4,417,20,1.7478680974607577,7,20,0.35,87,99
v2_high_decay_s16,v2,high_decay,16,random_regular,100,4,418,257,4.233122735439936,96,257,0.3735408560311284,13,80
v2_high_decay_s16,v2,high_decay,16,random_regular,100,4,419,7,1.0986122886651095,3,7,0.42857142857142855,62,99
v2_high_decay_s16,v2,high_decay,16,random_regular,100,4,420,11,1.0986122886651095,3,11,0.2727272727272727,43,48
v2_high_decay_s16,v2,high_decay,16,random_regular,100,4,421,58,2.772588722223781,16,58,0.27586206896551724,6,40
v2_high_decay_s16,v2,high_decay,16,random_regular,100,4,422,28,2.253857589591352,12,28,0.42857142857142855,50,99
v2_high_decay_s16,v2,high_decay,16,random_regular,100,4,423,200,4.074397987440413,73,200,0.365,91,99
v2_high_decay_s16,v2,high_decay,16,random_regular,100,4,424,5,1.0986122886651095,3,5,0.6,67,51
v2_high_decay_s16,v2,high_decay,16,random_regular,100,4,425,67,2.931923292990705,23,67,0.34328358208955223,54,40
v2_high_decay_s16,v2,high_decay,16,random_regular,100,4,426,19,2.079441541671836,8,19,0.42105263157894735,55,80
v2_high_decay_s16,v2,high_decay,16,random_regular,100,4,427,28,2.3978952727873706,11,28,0.39285714285714285,98,40
v2_high_decay_s16,v2,high_decay,16,random_regular,100,4,428,39,2.639057329601259,14,39,0.358974358974359,52,99
v2_high_decay_s16,v2,high_decay,16,random_regular,100,4,429,24,2.302585092984045,10,24,0.4166666666666667,46,99
v2_high_decay_s16,v2,high_decay,16,random_regular,100,4,430,38,2.484906649776,12,38,0.3157894736842105,20,40
v2_high_decay_s16,v2,high_decay,16,random_regular,100,4,431,0,0.0,0,0,,51,51
v2_high_decay_s16,v2,high_decay,16,random_regular,100,4,432,77,3.0870423502050284,25,77,0.3246753246753247,54,99
v2_high_decay_s16,v2,high_decay,16,random_regular,100,4,433,0,0.0,0,0,,99,99
v2_high_decay_s16,v2,high_decay,16,random_regular,100,4,434,6,1.0986122886651095,3,6,0.5,55,51
v2_high_decay_s16,v2,high_decay,16,random_regular,100,4,435,41,2.751666616915516,17,41,0.4146341463414634,91,48
v2_high_decay_s16,v2,high_decay,16,random_regular,100,4,436,19,2.302585092984045,10,19,0.5263157894736842,8,99
v2_high_decay_s16,v2,high_decay,16,random_regular,100,4,437,3,0.6931471805579453,2,3,0.6666666666666666,83,99
v2_high_decay_s16,v2,high_decay,16,random_regular,100,4,438,133,3.563642803703097,44,133,0.3308270676691729,21,51
v2_high_decay_s16,v2,high_decay,16,random_regular,100,4,439,151,3.652952622875925,53,151,0.3509933774834437,13,51
v2_high_decay_s16,v2,high_decay,16,random_regular,100,4,440,0,0.0,0,0,,51,51
v2_high_decay_s16,v2,high_decay,16,random_regular,100,4,441,29,1.951259504135956,13,29,0.4482758620689655,39,99
v2_high_decay_s16,v2,high_decay,16,random_regular,100,4,442,14,1.0114042647043515,6,14,0.42857142857142855,57,99
v2_high_decay_s16,v2,high_decay,16,random_regular,100,4,443,151,3.9365583562812048,59,151,0.39072847682119205,53,51
v2_high_decay_s16,v2,high_decay,16,random_regular,100,4,444,110,3.689669563800905,44,110,0.4,53,48
v2_high_decay_s16,v2,high_decay,16,random_regular,100,4,445,94,3.4294862316330117,36,94,0.3829787234042553,0,80
v2_high_decay_s16,v2,high_decay,16,random_regular,100,4,446,3,-1.000088900581841e-12,1,3,0.3333333333333333,15,51
v2_high_decay_s16,v2,high_decay,16,random_regular,100,4,447,211,4.1440280811229,84,211,0.3981042654028436,41,99
v2_high_decay_s16,v2,high_decay,16,random_regular,100,4,448,10,1.6094379124291005,5,10,0.5,0,51
v2_high_decay_s16,v2,high_decay,16,random_regular,100,4,449,135,3.551750800435721,44,135,0.32592592592592595,88,40
v2_high_decay_s16,v2,high_decay,16,random_regular,100,4,450,243,4.202199237666838,80,243,0.3292181069958848,11,51
v2_high_decay_s16,v2,high_decay,16,random_regular,100,4,451,211,3.98410108700694,73,211,0.3459715639810427,35,48
v2_high_decay_s16,v2,high_decay,16,random_regular,100,4,452,120,3.612301431509837,51,120,0.425,31,99
v2_high_decay_s16,v2,high_decay,16,random_regular,100,4,453,8,1.0986122886651095,3,8,0.375,66,80
v2_high_decay_s16,v2,high_decay,16,random_regular,100,4,454,199,4.0433529230621295,76,199,0.38190954773869346,52,40
v2_high_decay_s16,v2,high_decay,16,random_regular,100,4,455,8,1.6094379124291005,5,8,0.625,83,99
v2_high_decay_s16,v2,high_decay,16,random_regular,100,4,456,33,2.685945324654788,16,33,0.48484848484848486,78,80
v2_high_decay_s16,v2,high_decay,16,random_regular,100,4,457,163,3.537452507220208,50,163,0.3067484662576687,97,51
v2_high_decay_s16,v2,high_decay,16,random_regular,100,4,458,1,-1.000088900581841e-12,1,1,1.0,21,99
v2_high_decay_s16,v2,high_decay,16,random_regular,100,4,459,108,3.455179006914453,38,108,0.35185185185185186,73,99
v2_high_decay_s16,v2,high_decay,16,random_regular,100,4,460,81,3.299829685639092,31,81,0.38271604938271603,86,99
v2_high_decay_s16,v2,high_decay,16,random_regular,100,4,461,80,3.163424050399405,25,80,0.3125,41,80
v2_high_decay_s16,v2,high_decay,16,random_regular,100,4,462,36,2.484906649776,12,36,0.3333333333333333,59,99
v2_high_decay_s16,v2,high_decay,16,random_regular,100,4,463,144,3.98873812974384,58,144,0.4027777777777778,50,80
v2_high_decay_s16,v2,high_decay,16,random_regular,100,4,464,58,2.871476118036867,19,58,0.3275862068965517,87,51
v2_high_decay_s16,v2,high_decay,16,random_regular,100,4,465,7,-1.000088900581841e-12,1,7,0.14285714285714285,58,80
v2_high_decay_s16,v2,high_decay,16,random_regular,100,4,466,56,2.8782183066518505,22,56,0.39285714285714285,45,40
v2_high_decay_s16,v2,high_decay,16,random_regular,100,4,467,1,-1.000088900581841e-12,1,1,1.0,84,48
v2_high_decay_s16,v2,high_decay,16,random_regular,100,4,468,189,4.003369806602741,70,189,0.37037037037037035,39,80
v2_high_decay_s16,v2,high_decay,16,random_regular,100,4,469,355,4.470701751529226,142,355,0.4,93,48
v2_high_decay_s16,v2,high_decay,16,random_regular,100,4,470,29,2.3978952727873706,11,29,0.3793103448275862,5,80
v2_high_decay_s16,v2,high_decay,16,random_regular,100,4,471,299,4.5473299298231264,117,299,0.391304347826087,31,40
v2_high_decay_s16,v2,high_decay,16,random_regular,100,4,472,70,3.2826939972510645,28,70,0.4,53,40
v2_high_decay_s16,v2,high_decay,16,random_regular,100,4,473,7,1.0986122886651095,3,7,0.42857142857142855,89,99
v2_high_decay_s16,v2,high_decay,16,random_regular,100,4,474,50,2.9785084205072385,21,50,0.42,24,80
v2_high_decay_s16,v2,high_decay,16,random_regular,100,4,475,36,2.197224577327219,9,36,0.25,8,51
v2_high_decay_s16,v2,high_decay,16,random_regular,100,4,476,60,3.163424050399405,25,60,0.4166666666666667,56,51
v2_high_decay_s16,v2,high_decay,16,random_regular,100,4,477,33,1.9459101490483133,7,33,0.21212121212121213,76,40
v2_high_decay_s16,v2,high_decay,16,random_regular,100,4,478,31,2.7985132569262934,19,31,0.6129032258064516,59,48
v2_high_decay_s16,v2,high_decay,16,random_regular,100,4,479,216,3.991040574927237,70,216,0.32407407407407407,37,99
v2_high_decay_s16,v2,high_decay,16,random_regular,100,4,480,131,3.693778246480071,49,131,0.37404580152671757,93,51
v2_high_decay_s16,v2,high_decay,16,random_regular,100,4,481,229,4.226326332184296,90,229,0.3930131004366812,12,48
v2_high_decay_s16,v2,high_decay,16,random_regular,100,4,482,9,1.3862943611158909,4,9,0.4444444444444444,13,40
v2_high_decay_s16,v2,high_decay,16,random_regular,100,4,483,24,2.4583113296710835,13,24,0.5416666666666666,77,40
v2_high_decay_s16,v2,high_decay,16,random_regular,100,4,484,44,2.926417555478996,20,44,0.45454545454545453,57,80
v2_high_decay_s16,v2,high_decay,16,random_regular,100,4,485,64,2.871476118036867,19,64,0.296875,4,40
v2_high_decay_s16,v2,high_decay,16,random_regular,100,4,486,126,3.795914420803827,51,126,0.40476190476190477,70,80
v2_high_decay_s16,v2,high_decay,16,random_regular,100,4,487,27,1.6769877743164172,9,27,0.3333333333333333,39,51
v2_high_decay_s16,v2,high_decay,16,random_regular,100,4,488,0,0.0,0,0,,48,48
v2_high_decay_s16,v2,high_decay,16,random_regular,100,4,489,153,3.796176766408677,55,153,0.35947712418300654,30,40
v2_high_decay_s16,v2,high_decay,16,random_regular,100,4,490,127,3.606308599241318,46,127,0.36220472440944884,13,48
v2_high_decay_s16,v2,high_decay,16,random_regular,100,4,491,39,2.197224577327219,9,39,0.23076923076923078,31,80
v2_high_decay_s16,v2,high_decay,16,random_regular,100,4,492,81,3.090459923593197,27,81,0.3333333333333333,20,99
v2_high_decay_s16,v2,high_decay,16,random_regular,100,4,493,122,3.6000030969206915,43,122,0.3524590163934426,69,48
v2_high_decay_s16,v2,high_decay,16,random_regular,100,4,494,0,0.0,0,0,,99,99
v2_high_decay_s16,v2,high_decay,16,random_regular,100,4,495,66,3.0904599235931967,27,66,0.4090909090909091,78,40
v2_high_decay_s16,v2,high_decay,16,random_regular,100,4,496,90,3.104074021506185,31,90,0.34444444444444444,95,48
v2_high_decay_s16,v2,high_decay,16,random_regular,100,4,497,42,2.61563057701355,15,42,0.35714285714285715,42,99
v2_high_decay_s16,v2,high_decay,16,random_regular,100,4,498,225,3.985428526609778,69,225,0.30666666666666664,52,40
v2_high_decay_s16,v2,high_decay,16,random_regular,100,4,499,76,3.271689322296034,29,76,0.3815789473684211,9,99
v2_high_decay_s16,v2,high_decay,16,random_regular,100,4,500,126,3.708094060697539,46,126,0.36507936507936506,69,51
v2_high_decay_s16,v2,high_decay,16,random_regular,100,4,501,45,2.670119889791816,17,45,0.37777777777777777,67,48
v2_high_decay_s16,v2,high_decay,16,random_regular,100,4,502,190,3.806856243824933,61,190,0.32105263157894737,98,40
v2_high_decay_s16,v2,high_decay,16,random_regular,100,4,503,101,3.3291272259390063,42,101,0.4158415841584158,36,40
v2_high_decay_s16,v2,high_decay,16,random_regular,100,4,504,13,1.791759469222055,6,13,0.46153846153846156,38,80
v2_high_decay_s16,v2,high_decay,16,random_regular,100,4,505,9,0.6931471805579453,2,9,0.2222222222222222,17,48
v2_high_decay_s16,v2,high_decay,16,random_regular,100,4,506,44,2.813355404483615,18,44,0.4090909090909091,44,80
v2_high_decay_s16,v2,high_decay,16,random_regular,100,4,507,20,2.079441541671836,8,20,0.4,83,40
v2_high_decay_s16,v2,high_decay,16,random_regular,100,4,508,54,2.7985132569262934,19,54,0.35185185185185186,41,40
v2_high_decay_s16,v2,high_decay,16,random_regular,100,4,509,80,3.5065025850265608,36,80,0.45,91,48
v2_high_decay_s16,v2,high_decay,16,random_regular,100,4,510,18,2.197224577327219,9,18,0.5,93,51
v2_high_decay_s16,v2,high_decay,16,random_regular,100,4,511,40,2.369382119683676,12,40,0.3,68,48
v2_high_decay_s16,v2,high_decay,16,random_regular,100,4,512,19,2.079441541671836,8,19,0.42105263157894735,90,51
v2_high_decay_s16,v2,high_decay,16,random_regular,100,4,513,24,2.302585092984045,10,24,0.4166666666666667,75,40
v2_high_decay_s16,v2,high_decay,16,random_regular,100,4,514,155,3.8363068485346,58,155,0.3741935483870968,64,99
v2_high_decay_s16,v2,high_decay,16,random_regular,100,4,515,52,2.61563057701355,15,52,0.28846153846153844,66,48
v2_high_decay_s16,v2,high_decay,16,random_regular,100,4,516,49,2.8332133440392155,17,49,0.3469387755102041,62,80
v2_high_decay_s16,v2,high_decay,16,random_regular,100,4,517,48,2.4583113296710835,13,48,0.2708333333333333,66,48
v2_high_decay_s16,v2,high_decay,16,random_regular,100,4,518,56,2.5649493574485365,13,56,0.23214285714285715,7,48
v2_high_decay_s16,v2,high_decay,16,random_regular,100,4,519,76,3.4544986414005443,33,76,0.4342105263157895,90,51
v2_high_decay_s16,v2,high_decay,16,random_regular,100,4,520,41,2.4799555205315174,16,41,0.3902439024390244,73,40
v2_high_decay_s16,v2,high_decay,16,random_regular,100,4,521,239,4.387850721873559,95,239,0.39748953974895396,16,99
v2_high_decay_s16,v2,high_decay,16,random_regular,100,4,522,182,3.7796180896307705,65,182,0.35714285714285715,77,40
v2_high_decay_s16,v2,high_decay,16,random_regular,100,4,523,32,2.61563057701355,15,32,0.46875,25,40
v2_high_decay_s16,v2,high_decay,16,random_regular,100,4,524,5,0.6931471805579453,2,5,0.4,78,40
v2_high_decay_s16,v2,high_decay,16,random_regular,100,4,525,21,2.079441541671836,8,21,0.38095238095238093,58,80
v2_high_decay_s16,v2,high_decay,16,random_regular,100,4,526,316,4.448836258671493,120,316,0.379746835443038,73,80
v2_high_decay_s16,v2,high_decay,16,random_regular,100,4,527,0,0.0,0,0,,80,80
v2_high_decay_s16,v2,high_decay,16,random_regular,100,4,528,139,3.371294242497159,45,139,0.3237410071942446,97,99
v2_high_decay_s16,v2,high_decay,16,random_regular,100,4,529,40,2.736339051089065,18,40,0.45,37,80
v2_high_decay_s16,v2,high_decay,16,random_regular,100,4,530,71,3.204777524107256,26,71,0.36619718309859156,23,51
v2_high_decay_s16,v2,high_decay,16,random_regular,100,4,531,69,2.991501468554349,26,69,0.37681159420289856,50,48
v2_high_decay_s16,v2,high_decay,16,random_regular,100,4,532,139,3.679750944731672,50,139,0.3597122302158273,94,99
v2_high_decay_s16,v2,high_decay,16,random_regular,100,4,533,35,2.253857589591352,12,35,0.34285714285714286,26,99
v2_high_decay_s16,v2,high_decay,16,random_regular,100,4,534,68,3.176082814634593,29,68,0.4264705882352941,3,80
v2_high_decay_s16,v2,high_decay,16,random_regular,100,4,535,10,1.0986122886651095,3,10,0.3,96,51
v2_high_decay_s16,v2,high_decay,16,random_regular,100,4,536,38,2.2718685126865625,11,38,0.2894736842105263,85,51
v2_high_decay_s16,v2,high_decay,16,random_regular,100,4,537,57,2.772588722223781,16,57,0.2807017543859649,1,51
v2_high_decay_s16,v2,high_decay,16,random_regular,100,4,538,52,2.630554953621816,23,52,0.4423076923076923,65,80
v2_high_decay_s16,v2,high_decay,16,random_regular,100,4,539,119,3.6280156368321625,39,119,0.3277310924369748,61,99
v2_high_decay_s16,v2,high_decay,16,random_regular,100,4,540,128,3.5158980974321508,46,128,0.359375,18,48
v2_high_decay_s16,v2,high_decay,16,random_regular,100,4,541,89,3.024773958720533,36,89,0.4044943820224719,41,80
v2_high_decay_s16,v2,high_decay,16,random_regular,100,4,542,132,3.428474218042284,49,132,0.3712121212121212,71,48
v2_high_decay_s16,v2,high_decay,16,random_regular,100,4,543,212,4.101178452273759,78,212,0.36792452830188677,74,48
v2_high_decay_s16,v2,high_decay,16,random_regular,100,4,544,44,2.1458417525857545,11,44,0.25,96,99
v2_high_decay_s16,v2,high_decay,16,random_regular,100,4,545,2,0.6931471805579453,2,2,1.0,93,40
v2_high_decay_s16,v2,high_decay,16,random_regular,100,4,546,0,0.0,0,0,,99,99
v2_high_decay_s16,v2,high_decay,16,random_regular,100,4,547,80,3.090459923593197,27,80,0.3375,47,40
v2_high_decay_s16,v2,high_decay,16,random_regular,100,4,548,156,3.936558356281204,59,156,0.3782051282051282,89,40
v2_high_decay_s16,v2,high_decay,16,random_regular,100,4,549,63,2.991501468554349,26,63,0.4126984126984127,74,80
v2_high_decay_s16,v2,high_decay,16,random_regular,100,4,550,329,4.226986956225273,114,329,0.3465045592705167,36,99
v2_high_decay_s16,v2,high_decay,16,random_regular,100,4,551,459,4.634327523391472,191,459,0.41612200435729846,66,40
v2_high_decay_s16,v2,high_decay,16,random_regular,100,4,552,37,2.302585092984045,10,37,0.2702702702702703,49,99
v2_high_decay_s16,v2,high_decay,16,random_regular,100,4,553,90,3.2164243998624604,32,90,0.35555555555555557,95,99
v2_high_decay_s16,v2,high_decay,16,random_regular,100,4,554,42,3.044522437702424,21,42,0.5,30,51
v2_high_decay_s16,v2,high_decay,16,random_regular,100,4,555,195,4.090923388869773,74,195,0.37948717948717947,45,51
v2_high_decay_s16,v2,high_decay,16,random_regular,100,4,556,67,2.925202764151108,24,67,0.3582089552238806,85,48
v2_high_decay_s16,v2,high_decay,16,random_regular,100,4,557,37,2.7080502010872096,15,37,0.40540540540540543,67,80
v2_high_decay_s16,v2,high_decay,16,random_regular,100,4,558,37,2.0253262207620675,10,37,0.2702702702702703,26,80
v2_high_decay_s16,v2,high_decay,16,random_regular,100,4,559,36,2.5993019270857944,16,36,0.4444444444444444,79,40
v2_high_decay_s16,v2,high_decay,16,random_regular,100,4,560,62,2.9444389791474395,19,62,0.3064516129032258,62,80
v2_high_decay_s16,v2,high_decay,16,random_regular,100,4,561,141,3.6988543332267927,53,141,0.375886524822695,18,51
v2_high_decay_s16,v2,high_decay,16,random_regular,100,4,562,157,3.7456676820497594,50,157,0.3184713375796178,64,40
v2_high_decay_s16,v2,high_decay,16,random_regular,100,4,563,4,1.3862943611158909,4,4,1.0,6,51
v2_high_decay_s16,v2,high_decay,16,random_regular,100,4,564,16,2.079441541671836,8,16,0.5,98,80
v2_high_decay_s16,v2,high_decay,16,random_regular,100,4,565,121,3.823096663177728,51,121,0.4214876033057851,77,99
v2_high_decay_s16,v2,high_decay,16,random_regular,100,4,566,67,3.0710803627130283,27,67,0.40298507462686567,74,51
v2_high_decay_s16,v2,high_decay,16,random_regular,100,4,567,37,2.61563057701355,15,37,0.40540540540540543,1,48
v2_high_decay_s16,v2,high_decay,16,random_regular,100,4,568,33,2.61563057701355,15,33,0.45454545454545453,77,48
v2_high_decay_s16,v2,high_decay,16,random_regular,100,4,569,56,3.1780538303239454,24,56,0.42857142857142855,2,99
v2_high_decay_s16,v2,high_decay,16,random_regular,100,4,570,53,3.10797227595561,25,53,0.4716981132075472,10,48
v2_high_decay_s16,v2,high_decay,16,random_regular,100,4,571,113,3.6000030969206915,43,113,0.3805309734513274,88,99
v2_high_decay_s16,v2,high_decay,16,random_regular,100,4,572,129,3.480935299911953,40,129,0.31007751937984496,95,48
v2_high_decay_s16,v2,high_decay,16,random_regular,100,4,573,5,1.0986122886651095,3,5,0.6,95,48
v2_high_decay_s16,v2,high_decay,16,random_regular,100,4,574,29,2.079441541671836,8,29,0.27586206896551724,49,51
v2_high_decay_s16,v2,high_decay,16,random_regular,100,4,575,6,1.0986122886651095,3,6,0.5,41,80
v2_high_decay_s16,v2,high_decay,16,random_regular,100,4,576,128,3.5951494937275497,44,128,0.34375,0,51
v2_high_decay_s16,v2,high_decay,16,random_regular,100,4,577,3,-1.000088900581841e-12,1,3,0.3333333333333333,9,80
v2_high_decay_s16,v2,high_decay,16,random_regular,100,4,578,4,1.3862943611158909,4,4,1.0,89,51
v2_high_decay_s16,v2,high_decay,16,random_regular,100,4,579,119,3.2706069569122977,33,119,0.2773109243697479,87,99
v2_high_decay_s16,v2,high_decay,16,random_regular,100,4,580,11,1.791759469222055,6,11,0.5454545454545454,82,80
v2_high_decay_s16,v2,high_decay,16,random_regular,100,4,581,103,3.299829685639092,31,103,0.30097087378640774,98,51
v2_high_decay_s16,v2,high_decay,16,random_regular,100,4,582,160,3.6889817267406695,53,160,0.33125,79,40
v2_high_decay_s16,v2,high_decay,16,random_regular,100,4,583,47,2.430791328866232,15,47,0.3191489361702128,82,51
v2_high_decay_s16,v2,high_decay,16,random_regular,100,4,584,445,4.705708118544155,160,445,0.3595505617977528,94,40
v2_high_decay_s16,v2,high_decay,16,random_regular,100,4,585,5,1.0986122886651095,3,5,0.6,7,40
v2_high_decay_s16,v2,high_decay,16,random_regular,100,4,586,78,3.14180415918923,27,78,0.34615384615384615,41,99
v2_high_decay_s16,v2,high_decay,16,random_regular,100,4,587,79,3.4124897213676078,33,79,0.4177215189873418,62,99
v2_high_decay_s16,v2,high_decay,16,random_regular,100,4,588,5,-1.000088900581841e-12,1,5,0.2,58,80
v2_high_decay_s16,v2,high_decay,16,random_regular,100,4,589,4,0.6931471805579453,2,4,0.5,78,40
v2_high_decay_s16,v2,high_decay,16,random_regular,100,4,590,0,0.0,0,0,,99,99
v2_high_decay_s16,v2,high_decay,16,random_regular,100,4,591,74,2.9650156932365066,22,74,0.2972972972972973,77,40
v2_high_decay_s16,v2,high_decay,16,random_regular,100,4,592,60,2.430791328866232,15,60,0.25,71,80
v2_high_decay_s16,v2,high_decay,16,random_regular,100,4,593,153,3.923889417642371,60,153,0.39215686274509803,98,99
v2_high_decay_s16,v2,high_decay,16,random_regular,100,4,594,8,1.3862943611158909,4,8,0.5,82,40
v2_high_decay_s16,v2,high_decay,16,random_regular,100,4,595,122,3.443075605964988,41,122,0.3360655737704918,14,99
v2_high_decay_s16,v2,high_decay,16,random_regular,100,4,596,4,1.0986122886651095,3,4,0.75,62,99
v2_high_decay_s16,v2,high_decay,16,random_regular,100,4,597,52,2.751666616915516,17,52,0.3269230769230769,97,40
v2_high_decay_s16,v2,high_decay,16,random_regular,100,4,598,72,3.2826939972510645,28,72,0.3888888888888889,75,99
v2_high_decay_s16,v2,high_decay,16,random_regular,100,4,599,262,4.314414351422849,104,262,0.3969465648854962,73,48
v2_high_decay_s16,v2,high_decay,16,random_regular,100,4,600,48,2.857102837424001,20,48,0.4166666666666667,38,99
v2_high_decay_s16,v2,high_decay,16,random_regular,100,4,601,27,2.3516733018936304,13,27,0.48148148148148145,36,99
v2_high_decay_s16,v2,high_decay,16,random_regular,100,4,602,0,0.0,0,0,,99,99
v2_high_decay_s16,v2,high_decay,16,random_regular,100,4,603,154,3.781482146757235,57,154,0.37012987012987014,9,51
v2_high_decay_s16,v2,high_decay,16,random_regular,100,4,604,60,3.2580965379954825,26,60,0.43333333333333335,64,48
v2_high_decay_s16,v2,high_decay,16,random_regular,100,4,605,58,2.871476118036867,19,58,0.3275862068965517,59,99
v2_high_decay_s16,v2,high_decay,16,random_regular,100,4,606,21,1.9459101490483133,7,21,0.3333333333333333,30,99
v2_high_decay_s16,v2,high_decay,16,random_regular,100,4,607,18,1.6094379124291005,5,18,0.2777777777777778,10,40
v2_high_decay_s16,v2,high_decay,16,random_regular,100,4,608,210,4.100556103945681,73,210,0.3476190476190476,33,80
v2_high_decay_s16,v2,high_decay,16,random_regular,100,4,609,4,0.6931471805579453,2,4,0.5,17,48
v2_high_decay_s16,v2,high_decay,16,random_regular,100,4,610,255,4.2066299957950894,97,255,0.3803921568627451,2,51
v2_high_decay_s16,v2,high_decay,16,random_regular,100,4,611,83,3.2829507132595905,31,83,0.37349397590361444,30,80
v2_high_decay_s16,v2,high_decay,16,random_regular,100,4,612,0,0.0,0,0,,99,99
v2_high_decay_s16,v2,high_decay,16,random_regular,100,4,613,62,2.9412316867017543,22,62,0.3548387096774194,35,99
v2_high_decay_s16,v2,high_decay,16,random_regular,100,4,614,50,2.61563057701355,15,50,0.3,55,51
v2_high_decay_s16,v2,high_decay,16,random_regular,100,4,615,26,2.197224577327219,9,26,0.34615384615384615,0,40
v2_high_decay_s16,v2,high_decay,16,random_regular,100,4,616,18,1.791759469222055,6,18,0.3333333333333333,50,99
v2_high_decay_s16,v2,high_decay,16,random_regular,100,4,617,12,1.6094379124291005,5,12,0.4166666666666667,26,80
v2_high_decay_s16,v2,high_decay,16,random_regular,100,4,618,96,3.1766333950033863,31,96,0.3229166666666667,28,48
v2_high_decay_s16,v2,high_decay,16,random_regular,100,4,619,39,2.902002313186603,22,39,0.5641025641025641,46,99
v2_high_decay_s16,v2,high_decay,16,random_regular,100,4,620,83,3.4040404338981127,34,83,0.40963855421686746,25,51
v2_high_decay_s16,v2,high_decay,16,random_regular,100,4,621,90,3.379092505199735,32,90,0.35555555555555557,50,40
v2_high_decay_s16,v2,high_decay,16,random_regular,100,4,622,51,2.692310994125785,20,51,0.39215686274509803,33,48
v2_high_decay_s16,v2,high_decay,16,random_regular,100,4,623,1,-1.000088900581841e-12,1,1,1.0,19,99
v2_high_decay_s16,v2,high_decay,16,random_regular,100,4,624,75,2.931923292990705,23,75,0.30666666666666664,26,80
v2_high_decay_s16,v2,high_decay,16,random_regular,100,4,625,169,3.86566592398464,53,169,0.3136094674556213,6,80
v2_high_decay_s16,v2,high_decay,16,random_regular,100,4,626,181,3.931733637286508,65,181,0.35911602209944754,63,40
v2_high_decay_s16,v2,high_decay,16,random_regular,100,4,627,49,2.5070264355444176,17,49,0.3469387755102041,27,48
v2_high_decay_s16,v2,high_decay,16,random_regular,100,4,628,47,2.441015278014703,14,47,0.2978723404255319,16,48
v2_high_decay_s16,v2,high_decay,16,random_regular,100,4,629,17,1.8866967846510785,10,17,0.5882352941176471,38,80
v2_high_decay_s16,v2,high_decay,16,random_regular,100,4,630,90,3.4124897213676078,33,90,0.36666666666666664,5,40
v2_high_decay_s16,v2,high_decay,16,random_regular,100,4,631,19,2.0431918705371204,9,19,0.47368421052631576,96,99
v2_high_decay_s16,v2,high_decay,16,random_regular,100,4,632,171,3.504566678824286,52,171,0.30409356725146197,3,80
v2_high_decay_s16,v2,high_decay,16,random_regular,100,4,633,113,3.43652283050428,35,113,0.30973451327433627,68,51
v2_high_decay_s16,v2,high_decay,16,random_regular,100,4,634,58,2.978508420507238,21,58,0.3620689655172414,45,80
v2_high_decay_s16,v2,high_decay,16,random_regular,100,4,635,24,2.2718685126865625,11,24,0.4583333333333333,42,51
v2_high_decay_s16,v2,high_decay,16,random_regular,100,4,636,86,2.853177212768957,29,86,0.3372093023255814,26,99
v2_high_decay_s16,v2,high_decay,16,random_regular,100,4,637,71,2.5105292471480287,20,71,0.28169014084507044,98,99
v2_high_decay_s16,v2,high_decay,16,random_regular,100,4,638,3,0.6931471805579453,2,3,0.6666666666666666,23,48
v2_high_decay_s16,v2,high_decay,16,random_regular,100,4,639,123,3.5924696275736783,39,123,0.3170731707317073,41,48
v2_high_decay_s16,v2,high_decay,16,random_regular,100,4,640,20,1.9459101490483133,7,20,0.35,47,80
v2_high_decay_s16,v2,high_decay,16,random_regular,100,4,641,64,2.947004770141297,24,64,0.375,85,80
v2_high_decay_s16,v2,high_decay,16,random_regular,100,4,642,10,2.079441541671836,8,10,0.8,36,40
v2_high_decay_s16,v2,high_decay,16,random_regular,100,4,643,33,2.441015278014703,14,33,0.42424242424242425,73,48
v2_high_decay_s16,v2,high_decay,16,random_regular,100,4,644,3,-1.000088900581841e-12,1,3,0.3333333333333333,84,48
v2_high_decay_s16,v2,high_decay,16,random_regular,100,4,645,27,2.639057329601259,14,27,0.5185185185185185,89,51
v2_high_decay_s16,v2,high_decay,16,random_regular,100,4,646,39,2.2718685126865625,11,39,0.28205128205128205,23,80
v2_high_decay_s16,v2,high_decay,16,random_regular,100,4,647,186,4.045318073564928,71,186,0.3817204301075269,3,99
v2_high_decay_s16,v2,high_decay,16,random_regular,100,4,648,55,2.838988933136699,22,55,0.4,22,51
v2_high_decay_s16,v2,high_decay,16,random_regular,100,4,649,2,0.6931471805579453,2,2,1.0,72,80
v2_high_decay_s16,v2,high_decay,16,random_regular,100,4,650,64,3.0910424533363146,22,64,0.34375,81,40
v2_high_decay_s16,v2,high_decay,16,random_regular,100,4,651,2,0.6931471805579453,2,2,1.0,45,51
v2_high_decay_s16,v2,high_decay,16,random_regular,100,4,652,143,3.673062503446927,61,143,0.42657342657342656,67,48
v2_high_decay_s16,v2,high_decay,16,random_regular,100,4,653,123,3.5714886826414856,48,123,0.3902439024390244,50,40
v2_high_decay_s16,v2,high_decay,16,random_regular,100,4,654,111,3.16902991947904,46,111,0.4144144144144144,79,51
v2_high_decay_s16,v2,high_decay,16,random_regular,100,4,655,10,0.6931471805579453,2,10,0.2,82,40
v2_high_decay_s16,v2,high_decay,16,random_regular,100,4,656,1,-1.000088900581841e-12,1,1,1.0,15,51
v2_high_decay_s16,v2,high_decay,16,random_regular,100,4,657,71,3.110236521363716,29,71,0.4084507042253521,69,51
v2_high_decay_s16,v2,high_decay,16,random_regular,100,4,658,60,2.6701198897918164,17,60,0.2833333333333333,66,80
v2_high_decay_s16,v2,high_decay,16,random_regular,100,4,659,41,2.912494403312053,21,41,0.5121951219512195,49,51
v2_high_decay_s16,v2,high_decay,16,random_regular,100,4,660,147,3.6870132127308097,48,147,0.32653061224489793,97,40
v2_high_decay_s16,v2,high_decay,16,random_regular,100,4,661,76,3.0149468801585937,23,76,0.3026315789473684,12,51
v2_high_decay_s16,v2,high_decay,16,random_regular,100,4,662,117,3.54603493136854,46,117,0.39316239316239315,11,99
v2_high_decay_s16,v2,high_decay,16,random_regular,100,4,663,139,3.676112209735715,48,139,0.34532374100719426,75,40
v2_high_decay_s16,v2,high_decay,16,random_regular,100,4,664,235,3.9754502564489416,82,235,0.34893617021276596,56,40
v2_high_decay_s16,v2,high_decay,16,random_regular,100,4,665,63,3.098139496330803,26,63,0.4126984126984127,73,80
v2_high_decay_s16,v2,high_decay,16,random_regular,100,4,666,278,4.414904337892628,115,278,0.4136690647482014,70,80
v2_high_decay_s16,v2,high_decay,16,random_regular,100,4,667,50,2.639057329601259,14,50,0.28,20,80
v2_high_decay_s16,v2,high_decay,16,random_regular,100,4,668,94,3.5157396511377024,35,94,0.3723404255319149,71,99
v2_high_decay_s16,v2,high_decay,16,random_regular,100,4,669,51,2.253857589591352,12,51,0.23529411764705882,70,99
v2_high_decay_s16,v2,high_decay,16,random_regular,100,4,670,242,4.155697093218629,83,242,0.34297520661157027,21,80
v2_high_decay_s16,v2,high_decay,16,random_regular,100,4,671,86,3.1931483947852626,27,86,0.313953488372093,92,80
v2_high_decay_s16,v2,high_decay,16,random_regular,100,4,672,0,0.0,0,0,,51,51
v2_high_decay_s16,v2,high_decay,16,random_regular,100,4,673,91,3.3176975995541462,35,91,0.38461538461538464,6,48
v2_high_decay_s16,v2,high_decay,16,random_regular,100,4,674,41,2.8332133440392155,17,41,0.4146341463414634,72,48
v2_high_decay_s16,v2,high_decay,16,random_regular,100,4,675,18,2.197224577327219,9,18,0.5,88,99
v2_high_decay_s16,v2,high_decay,16,random_regular,100,4,676,35,2.253857589591352,12,35,0.34285714285714286,94,48
v2_high_decay_s16,v2,high_decay,16,random_regular,100,4,677,1,-1.000088900581841e-12,1,1,1.0,15,40
v2_high_decay_s16,v2,high_decay,16,random_regular,100,4,678,161,3.8578789781798095,61,161,0.37888198757763975,25,40
v2_high_decay_s16,v2,high_decay,16,random_regular,100,4,679,19,2.302585092984045,10,19,0.5263157894736842,82,40
v2_high_decay_s16,v2,high_decay,16,random_regular,100,4,680,227,3.957753997554482,69,227,0.3039647577092511,84,48
v2_high_decay_s16,v2,high_decay,16,random_regular,100,4,681,53,2.6895357734519942,21,53,0.39622641509433965,43,80
v2_high_decay_s16,v2,high_decay,16,random_regular,100,4,682,22,1.3862943611158909,4,22,0.18181818181818182,63,51
v2_high_decay_s16,v2,high_decay,16,random_regular,100,4,683,62,2.787788119369007,20,62,0.3225806451612903,26,99
v2_high_decay_s16,v2,high_decay,16,random_regular,100,4,684,53,2.441015278014703,14,53,0.2641509433962264,22,80
v2_high_decay_s16,v2,high_decay,16,random_regular,100,4,685,110,3.208580884991321,35,110,0.3181818181818182,24,99
v2_high_decay_s16,v2,high_decay,16,random_regular,100,4,686,42,2.857102837424001,20,42,0.47619047619047616,20,80
v2_high_decay_s16,v2,high_decay,16,random_regular,100,4,687,38,2.6701198897918164,17,38,0.4473684210526316,42,51
v2_high_decay_s16,v2,high_decay,16,random_regular,100,4,688,71,3.2580965379954825,26,71,0.36619718309859156,9,80
v2_high_decay_s16,v2,high_decay,16,random_regular,100,4,689,6,1.6094379124291005,5,6,0.8333333333333334,35,99
v2_high_decay_s16,v2,high_decay,16,random_regular,100,4,690,71,2.925202764151108,24,71,0.3380281690140845,61,51
v2_high_decay_s16,v2,high_decay,16,random_regular,100,4,691,66,3.2551105127007407,31,66,0.4696969696969697,11,48
v2_high_decay_s16,v2,high_decay,16,random_regular,100,4,692,20,2.2718685126865625,11,20,0.55,41,80
v2_high_decay_s16,v2,high_decay,16,random_regular,100,4,693,37,1.9722469794154416,11,37,0.2972972972972973,6,51
v2_high_decay_s16,v2,high_decay,16,random_regular,100,4,694,163,3.980796493452934,63,163,0.38650306748466257,97,99
v2_high_decay_s16,v2,high_decay,16,random_regular,100,4,695,18,1.6094379124291005,5,18,0.2777777777777778,12,51
v2_high_decay_s16,v2,high_decay,16,random_regular,100,4,696,127,3.693778246480071,49,127,0.3858267716535433,56,40
v2_high_decay_s16,v2,high_decay,16,random_regular,100,4,697,7,0.6931471805579453,2,7,0.2857142857142857,38,80
v2_high_decay_s16,v2,high_decay,16,random_regular,100,4,698,72,3.1931483947852626,27,72,0.375,75,40
v2_high_decay_s16,v2,high_decay,16,random_regular,100,4,699,7,1.0986122886651095,3,7,0.42857142857142855,32,51
v2_high_decay_s16,v2,high_decay,16,random_regular,100,4,700,142,3.6322425006666657,43,142,0.3028169014084507,42,99
v2_high_decay_s16,v2,high_decay,16,random_regular,100,4,701,29,2.2718685126865625,11,29,0.3793103448275862,62,80
v2_high_decay_s16,v2,high_decay,16,random_regular,100,4,702,51,2.6593226976945163,18,51,0.35294117647058826,19,48
v2_high_decay_s16,v2,high_decay,16,random_regular,100,4,703,71,3.176082814634593,29,71,0.4084507042253521,27,48
v2_high_decay_s16,v2,high_decay,16,random_regular,100,4,704,26,2.079441541671836,8,26,0.3076923076923077,9,99
v2_high_decay_s16,v2,high_decay,16,random_regular,100,4,705,1,-1.000088900581841e-12,1,1,1.0,54,99
v2_high_decay_s16,v2,high_decay,16,random_regular,100,4,706,14,1.791759469222055,6,14,0.42857142857142855,37,99
v2_high_decay_s16,v2,high_decay,16,random_regular,100,4,707,51,3.044522437702424,21,51,0.4117647058823529,33,80
v2_high_decay_s16,v2,high_decay,16,random_regular,100,4,708,23,2.0431918705371204,9,23,0.391304347826087,56,51
v2_high_decay_s16,v2,high_decay,16,random_regular,100,4,709,115,3.4368689714688543,39,115,0.3391304347826087,69,80
v2_high_decay_s16,v2,high_decay,16,random_regular,100,4,710,45,2.751666616915516,17,45,0.37777777777777777,21,99
v2_high_decay_s16,v2,high_decay,16,random_regular,100,4,711,51,2.540036303807981,14,51,0.27450980392156865,0,48
v2_high_decay_s16,v2,high_decay,16,random_regular,100,4,712,94,3.2491274088477446,32,94,0.3404255319148936,39,40
v2_high_decay_s16,v2,high_decay,16,random_regular,100,4,713,0,0.0,0,0,,40,40
v2_high_decay_s16,v2,high_decay,16,random_regular,100,4,714,18,1.6094379124291005,5,18,0.2777777777777778,53,51
v2_high_decay_s16,v2,high_decay,16,random_regular,100,4,715,6,-1.000088900581841e-12,1,6,0.16666666666666666,23,51
v2_high_decay_s16,v2,high_decay,16,random_regular,100,4,716,42,2.8332133440392155,17,42,0.40476190476190477,14,48
v2_high_decay_s16,v2,high_decay,16,random_regular,100,4,717,166,3.75434552890908,59,166,0.35542168674698793,78,99
v2_high_decay_s16,v2,high_decay,16,random_regular,100,4,718,32,2.685945324654788,16,32,0.5,82,48
v2_high_decay_s16,v2,high_decay,16,random_regular,100,4,719,112,3.2828949078452725,37,112,0.33035714285714285,62,40
v2_high_decay_s16,v2,high_decay,16,random_regular,100,4,720,40,2.5649493574485365,13,40,0.325,55,99
v2_high_decay_s16,v2,high_decay,16,random_regular,100,4,721,80,3.1931483947852626,27,80,0.3375,46,51
v2_high_decay_s16,v2,high_decay,16,random_regular,100,4,722,41,2.685945324654788,16,41,0.3902439024390244,24,51
v2_high_decay_s16,v2,high_decay,16,random_regular,100,4,723,105,3.414112635975928,46,105,0.4380952380952381,55,80
v2_high_decay_s16,v2,high_decay,16,random_regular,100,4,724,20,2.302585092984045,10,20,0.5,61,51
v2_high_decay_s16,v2,high_decay,16,random_regular,100,4,725,1,-1.000088900581841e-12,1,1,1.0,15,51
v2_high_decay_s16,v2,high_decay,16,random_regular,100,4,726,35,1.791759469222055,6,35,0.17142857142857143,73,51
v2_high_decay_s16,v2,high_decay,16,random_regular,100,4,727,4,1.0986122886651095,3,4,0.75,63,40
v2_high_decay_s16,v2,high_decay,16,random_regular,100,4,728,9,1.3862943611158909,4,9,0.4444444444444444,47,80
v2_high_decay_s16,v2,high_decay,16,random_regular,100,4,729,237,4.332495660278973,99,237,0.4177215189873418,8,99
v2_high_decay_s16,v2,high_decay,16,random_regular,100,4,730,11,1.6094379124291005,5,11,0.45454545454545453,26,48
v2_high_decay_s16,v2,high_decay,16,random_regular,100,4,731,9,1.3862943611158909,4,9,0.4444444444444444,5,48
v2_high_decay_s16,v2,high_decay,16,random_regular,100,4,732,79,2.9683918915209624,27,79,0.34177215189873417,83,51
v2_high_decay_s16,v2,high_decay,16,random_regular,100,4,733,103,3.65422209504694,40,103,0.3883495145631068,73,80
v2_high_decay_s16,v2,high_decay,16,random_regular,100,4,734,227,4.1612057756954295,78,227,0.3436123348017621,79,51
v2_high_decay_s16,v2,high_decay,16,random_regular,100,4,735,104,3.308777757559495,30,104,0.28846153846153844,96,48
v2_high_decay_s16,v2,high_decay,16,random_regular,100,4,736,11,1.5607104090364068,6,11,0.5454545454545454,96,48
v2_high_decay_s16,v2,high_decay,16,random_regular,100,4,737,64,3.379092505199735,32,64,0.5,26,48
v2_high_decay_s16,v2,high_decay,16,random_regular,100,4,738,78,3.286462961268799,33,78,0.4230769230769231,72,40
v2_high_decay_s16,v2,high_decay,16,random_regular,100,4,739,49,2.736339051089065,18,49,0.3673469387755102,85,80
v2_high_decay_s16,v2,high_decay,16,random_regular,100,4,740,18,2.0431918705371204,9,18,0.5,96,99
v2_high_decay_s16,v2,high_decay,16,random_regular,100,4,741,22,2.197224577327219,9,22,0.4090909090909091,49,80
v2_high_decay_s16,v2,high_decay,16,random_regular,100,4,742,86,3.193512367382888,31,86,0.36046511627906974,74,80
v2_high_decay_s16,v2,high_decay,16,random_regular,100,4,743,2,-1.000088900581841e-12,1,2,0.5,23,51
v2_high_decay_s16,v2,high_decay,16,random_regular,100,4,744,45,2.9444389791474395,19,45,0.4222222222222222,6,40
v2_high_decay_s16,v2,high_decay,16,random_regular,100,4,745,350,4.565506967274065,131,350,0.3742857142857143,26,48
v2_high_decay_s16,v2,high_decay,16,random_regular,100,4,746,22,1.9459101490483133,7,22,0.3181818181818182,70,99
v2_high_decay_s16,v2,high_decay,16,random_regular,100,4,747,12,2.079441541671836,8,12,0.6666666666666666,53,48
v2_high_decay_s16,v2,high_decay,16,random_regular,100,4,748,32,2.639057329601259,14,32,0.4375,33,48
v2_high_decay_s16,v2,high_decay,16,random_regular,100,4,749,194,4.034722266124669,74,194,0.38144329896907214,35,80
v2_high_decay_s16,v2,high_decay,16,random_regular,100,4,750,7,-1.000088900581841e-12,1,7,0.14285714285714285,87,51
v2_high_decay_s16,v2,high_decay,16,random_regular,100,4,751,80,3.335770806415738,32,80,0.4,63,40
v2_high_decay_s16,v2,high_decay,16,random_regular,100,4,752,8,1.3862943611158909,4,8,0.5,96,48
v2_high_decay_s16,v2,high_decay,16,random_regular,100,4,753,16,2.079441541671836,8,16,0.5,82,40
v2_high_decay_s16,v2,high_decay,16,random_regular,100,4,754,2,-1.000088900581841e-12,1,2,0.5,15,40
v2_high_decay_s16,v2,high_decay,16,random_regular,100,4,755,129,3.282303075918996,41,129,0.3178294573643411,19,40
v2_high_decay_s16,v2,high_decay,16,random_regular,100,4,756,227,4.203357798132568,92,227,0.4052863436123348,6,99
v2_high_decay_s16,v2,high_decay,16,random_regular,100,4,757,0,0.0,0,0,,51,51
v2_high_decay_s16,v2,high_decay,16,random_regular,100,4,758,83,3.089755654040188,35,83,0.42168674698795183,82,99
v2_high_decay_s16,v2,high_decay,16,random_regular,100,4,759,413,4.801711670730792,154,413,0.3728813559322034,32,99
v2_high_decay_s16,v2,high_decay,16,random_regular,100,4,760,4,1.3862943611158909,4,4,1.0,95,48
v2_high_decay_s16,v2,high_decay,16,random_regular,100,4,761,92,3.3319650272562886,38,92,0.41304347826086957,4,40
v2_high_decay_s16,v2,high_decay,16,random_regular,100,4,762,83,3.198916528694685,30,83,0.3614457831325301,44,48
v2_high_decay_s16,v2,high_decay,16,random_regular,100,4,763,58,3.065964511960632,28,58,0.4827586206896552,46,48
v2_high_decay_s16,v2,high_decay,16,random_regular,100,4,764,98,3.467994408329786,36,98,0.3673469387755102,68,99
v2_high_decay_s16,v2,high_decay,16,random_regular,100,4,765,129,3.773393569271156,50,129,0.3875968992248062,76,40
v2_high_decay_s16,v2,high_decay,16,random_regular,100,4,766,4,1.0986122886651095,3,4,0.75,33,48
v2_high_decay_s16,v2,high_decay,16,random_regular,100,4,767,34,2.61563057701355,15,34,0.4411764705882353,4,51
v2_high_decay_s16,v2,high_decay,16,random_regular,100,4,768,117,3.4641255137043623,41,117,0.3504273504273504,58,99
v2_high_decay_s16,v2,high_decay,16,random_regular,100,4,769,47,2.639057329601259,14,47,0.2978723404255319,82,48
v2_high_decay_s16,v2,high_decay,16,random_regular,100,4,770,34,2.7080502010872096,15,34,0.4411764705882353,36,48
v2_high_decay_s16,v2,high_decay,16,random_regular,100,4,771,48,2.5823063442999667,18,48,0.375,28,40
v2_high_decay_s16,v2,high_decay,16,random_regular,100,4,772,68,2.6701198897918164,17,68,0.25,78,99
v2_high_decay_s16,v2,high_decay,16,random_regular,100,4,773,57,2.9957322735339904,20,57,0.3508771929824561,24,40
v2_high_decay_s16,v2,high_decay,16,random_regular,100,4,774,167,3.8692299951695377,58,167,0.3473053892215569,3,80
v2_high_decay_s16,v2,high_decay,16,random_regular,100,4,775,173,3.650697586247076,57,173,0.32947976878612717,60,80
v2_high_decay_s16,v2,high_decay,16,random_regular,100,4,776,30,2.079441541671836,8,30,0.26666666666666666,70,80
v2_high_decay_s16,v2,high_decay,16,random_regular,100,4,777,78,3.10797227595561,25,78,0.32051282051282054,1,80
v2_high_decay_s16,v2,high_decay,16,random_regular,100,4,778,168,3.9706172797023616,62,168,0.36904761904761907,72,48
v2_high_decay_s16,v2,high_decay,16,random_regular,100,4,779,24,2.1639556568730565,10,24,0.4166666666666667,62,80
v2_high_decay_s16,v2,high_decay,16,random_regular,100,4,780,37,2.751666616915516,17,37,0.4594594594594595,8,99
v2_high_decay_s16,v2,high_decay,16,random_regular,100,4,781,132,3.6436782287373086,47,132,0.3560606060606061,57,48
v2_high_decay_s16,v2,high_decay,16,random_regular,100,4,782,98,3.4013229622093704,39,98,0.3979591836734694,78,48
v2_high_decay_s16,v2,high_decay,16,random_regular,100,4,783,68,3.14180415918923,27,68,0.39705882352941174,0,80
v2_high_decay_s16,v2,high_decay,16,random_regular,100,4,784,260,4.104152626896765,85,260,0.3269230769230769,68,99
v2_high_decay_s16,v2,high_decay,16,random_regular,100,4,785,23,2.1639556568730565,10,23,0.43478260869565216,11,48
v2_high_decay_s16,v2,high_decay,16,random_regular,100,4,786,25,2.484906649776,12,25,0.48,19,48
v2_high_decay_s16,v2,high_decay,16,random_regular,100,4,787,19,1.6094379124291005,5,19,0.2631578947368421,31,48
v2_high_decay_s16,v2,high_decay,16,random_regular,100,4,788,66,3.2491274088477446,32,66,0.48484848484848486,82,40
v2_high_decay_s16,v2,high_decay,16,random_regular,100,4,789,3,1.0986122886651095,3,3,1.0,63,40
v2_high_decay_s16,v2,high_decay,16,random_regular,100,4,790,14,1.3862943611158909,4,14,0.2857142857142857,63,80
v2_high_decay_s16,v2,high_decay,16,random_regular,100,4,791,2,-1.000088900581841e-12,1,2,0.5,8,99
v2_high_decay_s16,v2,high_decay,16,random_regular,100,4,792,160,3.943213066224167,61,160,0.38125,18,40
v2_high_decay_s16,v2,high_decay,16,random_regular,100,4,793,127,3.68343632429644,45,127,0.3543307086614173,12,48
v2_high_decay_s16,v2,high_decay,16,random_regular,100,4,794,144,3.708094060697539,46,144,0.3194444444444444,33,40
v2_high_decay_s16,v2,high_decay,16,random_regular,100,4,795,92,3.4116205818579584,40,92,0.43478260869565216,10,99
v2_high_decay_s16,v2,high_decay,16,random_regular,100,4,796,10,1.6094379124291005,5,10,0.5,67,40
v2_high_decay_s16,v2,high_decay,16,random_regular,100,4,797,48,2.3419942522214248,14,48,0.2916666666666667,92,51
v2_high_decay_s16,v2,high_decay,16,random_regular,100,4,798,34,2.5649493574485365,13,34,0.38235294117647056,67,51
v2_high_decay_s16,v2,high_decay,16,random_regular,100,4,799,50,2.736339051089065,18,50,0.36,2,99
v2_high_decay_s16,v2,high_decay,16,random_regular,100,4,800,24,2.4583113296710835,13,24,0.5416666666666666,43,48
v2_high_decay_s16,v2,high_decay,16,random_regular,100,4,801,157,3.960054870875457,59,157,0.37579617834394907,45,99
v2_high_decay_s16,v2,high_decay,16,random_regular,100,4,802,0,0.0,0,0,,51,51
v2_high_decay_s16,v2,high_decay,16,random_regular,100,4,803,106,3.638648592450092,42,106,0.39622641509433965,90,40
v2_high_decay_s16,v2,high_decay,16,random_regular,100,4,804,65,2.9170476559249296,27,65,0.4153846153846154,96,40
v2_high_decay_s16,v2,high_decay,16,random_regular,100,4,805,71,3.328471881301735,33,71,0.4647887323943662,16,40
v2_high_decay_s16,v2,high_decay,16,random_regular,100,4,806,26,2.2718685126865625,11,26,0.4230769230769231,60,99
v2_high_decay_s16,v2,high_decay,16,random_regular,100,4,807,5,-1.000088900581841e-12,1,5,0.2,9,80
v2_high_decay_s16,v2,high_decay,16,random_regular,100,4,808,128,3.4761312408209912,35,128,0.2734375,47,40
v2_high_decay_s16,v2,high_decay,16,random_regular,100,4,809,0,0.0,0,0,,51,51
v2_high_decay_s16,v2,high_decay,16,random_regular,100,4,810,190,3.675018539948934,57,190,0.3,91,48
v2_high_decay_s16,v2,high_decay,16,random_regular,100,4,811,190,4.10647769544368,71,190,0.3736842105263158,79,51
v2_high_decay_s16,v2,high_decay,16,random_regular,100,4,812,140,3.955715126056111,60,140,0.42857142857142855,46,80
v2_high_decay_s16,v2,high_decay,16,random_regular,100,4,813,41,2.751666616915516,17,41,0.4146341463414634,87,48
v2_high_decay_s16,v2,high_decay,16,random_regular,100,4,814,34,2.0253262207620675,10,34,0.29411764705882354,47,40
v2_high_decay_s16,v2,high_decay,16,random_regular,100,4,815,159,3.503235496726325,52,159,0.3270440251572327,13,99
v2_high_decay_s16,v2,high_decay,16,random_regular,100,4,816,93,3.4175513062691563,41,93,0.44086021505376344,43,99
v2_high_decay_s16,v2,high_decay,16,random_regular,100,4,817,26,2.639057329601259,14,26,0.5384615384615384,26,48
v2_high_decay_s16,v2,high_decay,16,random_regular,100,4,818,11,1.791759469222055,6,11,0.5454545454545454,24,99
v2_high_decay_s16,v2,high_decay,16,random_regular,100,4,819,33,2.1639556568730565,10,33,0.30303030303030304,36,99
v2_high_decay_s16,v2,high_decay,16,random_regular,100,4,820,65,2.947004770141297,24,65,0.36923076923076925,92,51
v2_high_decay_s16,v2,high_decay,16,random_regular,100,4,821,0,0.0,0,0,,48,48
v2_high_decay_s16,v2,high_decay,16,random_regular,100,4,822,26,2.5649493574485365,13,26,0.5,66,80
v2_high_decay_s16,v2,high_decay,16,random_regular,100,4,823,27,1.7478680974607577,7,27,0.25925925925925924,68,40
v2_high_decay_s16,v2,high_decay,16,random_regular,100,4,824,8,1.3862943611158909,4,8,0.5,14,48
v2_high_decay_s16,v2,high_decay,16,random_regular,100,4,825,364,4.418243579307126,130,364,0.35714285714285715,64,48
v2_high_decay_s16,v2,high_decay,16,random_regular,100,4,826,144,3.595149493727549,44,144,0.3055555555555556,72,51
v2_high_decay_s16,v2,high_decay,16,random_regular,100,4,827,177,3.967172698102412,68,177,0.384180790960452,22,48
v2_high_decay_s16,v2,high_decay,16,random_regular,100,4,828,21,1.791759469222055,6,21,0.2857142857142857,64,48
v2_high_decay_s16,v2,high_decay,16,random_regular,100,4,829,38,2.7080502010872096,15,38,0.39473684210526316,22,80
v2_high_decay_s16,v2,high_decay,16,random_regular,100,4,830,1,-1.000088900581841e-12,1,1,1.0,58,80
v2_high_decay_s16,v2,high_decay,16,random_regular,100,4,831,31,2.484906649776,12,31,0.3870967741935484,36,80
v2_high_decay_s16,v2,high_decay,16,random_regular,100,4,832,29,2.302585092984045,10,29,0.3448275862068966,3,99
v2_high_decay_s16,v2,high_decay,16,random_regular,100,4,833,162,3.839509426606019,53,162,0.3271604938271605,66,40
v2_high_decay_s16,v2,high_decay,16,random_regular,100,4,834,29,2.302585092984045,10,29,0.3448275862068966,15,99
v2_high_decay_s16,v2,high_decay,16,random_regular,100,4,835,60,2.9650156932365066,22,60,0.36666666666666664,91,51
v2_high_decay_s16,v2,high_decay,16,random_regular,100,4,836,8,1.0986122886651095,3,8,0.375,37,80
v2_high_decay_s16,v2,high_decay,16,random_regular,100,4,837,141,3.7226573014350026,58,141,0.41134751773049644,53,99
v2_high_decay_s16,v2,high_decay,16,random_regular,100,4,838,35,2.7985132569262934,19,35,0.5428571428571428,1,80
v2_high_decay_s16,v2,high_decay,16,random_regular,100,4,839,40,2.751666616915516,17,40,0.425,61,40
v2_high_decay_s16,v2,high_decay,16,random_regular,100,4,840,78,3.43652283050428,35,78,0.44871794871794873,22,51
v2_high_decay_s16,v2,high_decay,16,random_regular,100,4,841,10,1.6094379124291005,5,10,0.5,33,48
v2_high_decay_s16,v2,high_decay,16,random_regular,100,4,842,8,0.6931471805579453,2,8,0.25,1,99
v2_high_decay_s16,v2,high_decay,16,random_regular,100,4,843,31,2.1639556568730565,10,31,0.3225806451612903,33,99
v2_high_decay_s16,v2,high_decay,16,random_regular,100,4,844,4,-1.000088900581841e-12,1,4,0.25,7,40
v2_high_decay_s16,v2,high_decay,16,random_regular,100,4,845,210,4.195405971120295,83,210,0.3952380952380952,32,48
v2_high_decay_s16,v2,high_decay,16,random_regular,100,4,846,52,2.918057526059794,26,52,0.5,72,51
v2_high_decay_s16,v2,high_decay,16,random_regular,100,4,847,49,2.4762471329700326,17,49,0.3469387755102041,79,80
v2_high_decay_s16,v2,high_decay,16,random_regular,100,4,848,7,1.0986122886651095,3,7,0.42857142857142855,68,51
v2_high_decay_s16,v2,high_decay,16,random_regular,100,4,849,284,4.529968316535667,111,284,0.3908450704225352,52,40
v2_high_decay_s16,v2,high_decay,16,random_regular,100,4,850,43,2.557793860093732,17,43,0.3953488372093023,95,40
v2_high_decay_s16,v2,high_decay,16,random_regular,100,4,851,180,4.135461724894859,74,180,0.4111111111111111,55,80
v2_high_decay_s16,v2,high_decay,16,random_regular,100,4,852,134,3.664523720486966,52,134,0.3880597014925373,25,51
v2_high_decay_s16,v2,high_decay,16,random_regular,100,4,853,56,2.253857589591352,12,56,0.21428571428571427,30,40
v2_high_decay_s16,v2,high_decay,16,random_regular,100,4,854,57,2.838988933136699,22,57,0.38596491228070173,95,99
v2_high_decay_s16,v2,high_decay,16,random_regular,100,4,855,486,4.823542062244377,191,486,0.39300411522633744,56,99
v2_high_decay_s16,v2,high_decay,16,random_regular,100,4,856,8,1.3862943611158909,4,8,0.5,46,99
v2_high_decay_s16,v2,high_decay,16,random_regular,100,4,857,75,3.363267070336762,34,75,0.4533333333333333,56,80
v2_high_decay_s16,v2,high_decay,16,random_regular,100,4,858,7,1.0986122886651095,3,7,0.42857142857142855,97,80
v2_high_decay_s16,v2,high_decay,16,random_regular,100,4,859,109,3.152706716658356,30,109,0.27522935779816515,17,99
v2_high_decay_s16,v2,high_decay,16,random_regular,100,4,860,38,2.4583113296710835,13,38,0.34210526315789475,82,40
v2_high_decay_s16,v2,high_decay,16,random_regular,100,4,861,55,2.6701198897918164,17,55,0.3090909090909091,14,48
v2_high_decay_s16,v2,high_decay,16,random_regular,100,4,862,34,2.341994252221425,14,34,0.4117647058823529,34,80
v2_high_decay_s16,v2,high_decay,16,random_regular,100,4,863,34,2.9444389791474395,19,34,0.5588235294117647,7,48
v2_high_decay_s16,v2,high_decay,16,random_regular,100,4,864,38,2.523210952939891,15,38,0.39473684210526316,10,99
v2_high_decay_s16,v2,high_decay,16,random_regular,100,4,865,37,2.484906649776,12,37,0.32432432432432434,93,99
v2_high_decay_s16,v2,high_decay,16,random_regular,100,4,866,65,3.0149468801585937,23,65,0.35384615384615387,41,99
v2_high_decay_s16,v2,high_decay,16,random_regular,100,4,867,2,-1.000088900581841e-12,1,2,0.5,84,48
v2_high_decay_s16,v2,high_decay,16,random_regular,100,4,868,111,3.755676480770567,48,111,0.43243243243243246,3,48
v2_high_decay_s16,v2,high_decay,16,random_regular,100,4,869,152,3.5894688121687217,48,152,0.3157894736842105,26,99
v2_high_decay_s16,v2,high_decay,16,random_regular,100,4,870,10,1.3862943611158909,4,10,0.4,31,48
v2_high_decay_s16,v2,high_decay,16,random_regular,100,4,871,0,0.0,0,0,,80,80
v2_high_decay_s16,v2,high_decay,16,random_regular,100,4,872,296,4.521801722055717,115,296,0.3885135135135135,45,40
v2_high_decay_s16,v2,high_decay,16,random_regular,100,4,873,50,2.7080502010872096,15,50,0.3,90,51
v2_high_decay_s16,v2,high_decay,16,random_regular,100,4,874,99,3.658162873776453,44,99,0.4444444444444444,12,80
v2_high_decay_s16,v2,high_decay,16,random_regular,100,4,875,338,4.5220671281988425,127,338,0.3757396449704142,67,80
v2_high_decay_s16,v2,high_decay,16,random_regular,100,4,876,87,3.2285980368793625,33,87,0.3793103448275862,36,40
v2_high_decay_s16,v2,high_decay,16,random_regular,100,4,877,69,3.218875824843201,25,69,0.36231884057971014,14,80
v2_high_decay_s16,v2,high_decay,16,random_regular,100,4,878,6,0.6931471805579453,2,6,0.3333333333333333,29,48
v2_high_decay_s16,v2,high_decay,16,random_regular,100,4,879,268,4.362106548330382,109,268,0.40671641791044777,69,48
v2_high_decay_s16,v2,high_decay,16,random_regular,100,4,880,144,3.786663163794776,55,144,0.3819444444444444,35,80
v2_high_decay_s16,v2,high_decay,16,random_regular,100,4,881,80,2.6988799290974583,25,80,0.3125,88,51
v2_high_decay_s16,v2,high_decay,16,random_regular,100,4,882,0,0.0,0,0,,48,48
v2_high_decay_s16,v2,high_decay,16,random_regular,100,4,883,13,1.3862943611158909,4,13,0.3076923076923077,60,40
v2_high_decay_s16,v2,high_decay,16,random_regular,100,4,884,62,3.044522437702424,21,62,0.3387096774193548,68,51
v2_high_decay_s16,v2,high_decay,16,random_regular,100,4,885,229,4.030806598398823,75,229,0.32751091703056767,91,51
v2_high_decay_s16,v2,high_decay,16,random_regular,100,4,886,0,0.0,0,0,,99,99
v2_high_decay_s16,v2,high_decay,16,random_regular,100,4,887,11,1.791759469222055,6,11,0.5454545454545454,52,99
v2_high_decay_s16,v2,high_decay,16,random_regular,100,4,888,20,1.791759469222055,6,20,0.3,95,40
v2_high_decay_s16,v2,high_decay,16,random_regular,100,4,889,31,2.079441541671836,8,31,0.25806451612903225,24,80
v2_high_decay_s16,v2,high_decay,16,random_regular,100,4,890,266,4.264348591161284,105,266,0.39473684210526316,6,51
v2_high_decay_s16,v2,high_decay,16,random_regular,100,4,891,43,2.5232109529398907,15,43,0.3488372093023256,29,99
v2_high_decay_s16,v2,high_decay,16,random_regular,100,4,892,74,2.7381699431819646,31,74,0.4189189189189189,38,48
v2_high_decay_s16,v2,high_decay,16,random_regular,100,4,893,31,2.302585092984045,10,31,0.3225806451612903,53,99
v2_high_decay_s16,v2,high_decay,16,random_regular,100,4,894,34,2.2718685126865625,11,34,0.3235294117647059,91,40
v2_high_decay_s16,v2,high_decay,16,random_regular,100,4,895,60,3.1780538303239454,24,60,0.4,34,99
v2_high_decay_s16,v2,high_decay,16,random_regular,100,4,896,35,2.6235217562568094,21,35,0.6,98,99
v2_high_decay_s16,v2,high_decay,16,random_regular,100,4,897,13,1.6094379124291005,5,13,0.38461538461538464,65,51
v2_high_decay_s16,v2,high_decay,16,random_regular,100,4,898,132,3.750361689789087,49,132,0.3712121212121212,84,48
v2_high_decay_s16,v2,high_decay,16,random_regular,100,4,899,34,2.1383330594990277,12,34,0.35294117647058826,32,40
v2_high_decay_s16,v2,high_decay,16,random_regular,100,4,900,1,-1.000088900581841e-12,1,1,1.0,21,99
v2_high_decay_s16,v2,high_decay,16,random_regular,100,4,901,158,3.82416268445183,57,158,0.36075949367088606,9,48
v2_high_decay_s16,v2,high_decay,16,random_regular,100,4,902,15,1.791759469222055,6,15,0.4,57,80
v2_high_decay_s16,v2,high_decay,16,random_regular,100,4,903,97,3.204777524107256,26,97,0.26804123711340205,50,80
v2_high_decay_s16,v2,high_decay,16,random_regular,100,4,904,32,2.4583113296710835,13,32,0.40625,35,40
v2_high_decay_s16,v2,high_decay,16,random_regular,100,4,905,49,2.7985132569262934,19,49,0.3877551020408163,73,51
v2_high_decay_s16,v2,high_decay,16,random_regular,100,4,906,0,0.0,0,0,,80,80
v2_high_decay_s16,v2,high_decay,16,random_regular,100,4,907,69,2.630554953620816,23,69,0.3333333333333333,16,99
v2_high_decay_s16,v2,high_decay,16,random_regular,100,4,908,7,1.6094379124291005,5,7,0.7142857142857143,67,51
v2_high_decay_s16,v2,high_decay,16,random_regular,100,4,909,145,3.795914420803828,51,145,0.35172413793103446,9,51
v2_high_decay_s16,v2,high_decay,16,random_regular,100,4,910,69,2.920687026873641,25,69,0.36231884057971014,69,40
v2_high_decay_s16,v2,high_decay,16,random_regular,100,4,911,3,-1.000088900581841e-12,1,3,0.3333333333333333,15,51
v2_high_decay_s16,v2,high_decay,16,random_regular,100,4,912,237,4.286083491679326,91,237,0.38396624472573837,69,40
v2_high_decay_s16,v2,high_decay,16,random_regular,100,4,913,36,2.302585092984045,10,36,0.2777777777777778,81,40
v2_high_decay_s16,v2,high_decay,16,random_regular,100,4,914,0,0.0,0,0,,99,99
v2_high_decay_s16,v2,high_decay,16,random_regular,100,4,915,22,2.0431918705371204,9,22,0.4090909090909091,58,48
v2_high_decay_s16,v2,high_decay,16,random_regular,100,4,916,63,3.134162458562648,28,63,0.4444444444444444,17,99
v2_high_decay_s16,v2,high_decay,16,random_regular,100,4,917,31,2.430791328866232,15,31,0.4838709677419355,66,48
v2_high_decay_s16,v2,high_decay,16,random_regular,100,4,918,0,0.0,0,0,,51,51
v2_high_decay_s16,v2,high_decay,16,random_regular,100,4,919,185,4.0383716650599615,65,185,0.35135135135135137,27,80
v2_high_decay_s16,v2,high_decay,16,random_regular,100,4,920,222,4.1371319955337285,80,222,0.36036036036036034,29,99
v2_high_decay_s16,v2,high_decay,16,random_regular,100,4,921,41,2.5649493574485365,13,41,0.3170731707317073,66,80
v2_high_decay_s16,v2,high_decay,16,random_regular,100,4,922,87,3.308777757559495,30,87,0.3448275862068966,94,51
v2_high_decay_s16,v2,high_decay,16,random_regular,100,4,923,6,1.0986122886651095,3,6,0.5,39,40
v2_high_decay_s16,v2,high_decay,16,random_regular,100,4,924,71,2.857102837424001,20,71,0.28169014084507044,64,99
v2_high_decay_s16,v2,high_decay,16,random_regular,100,4,925,146,3.712944317358205,61,146,0.4178082191780822,18,51
v2_high_decay_s16,v2,high_decay,16,random_regular,100,4,926,317,4.465535951618178,109,317,0.3438485804416404,68,51
v2_high_decay_s16,v2,high_decay,16,random_regular,100,4,927,318,4.464389241556997,117,318,0.36792452830188677,24,48
v2_high_decay_s16,v2,high_decay,16,random_regular,100,4,928,76,3.0752205480323718,23,76,0.3026315789473684,62,99
v2_high_decay_s16,v2,high_decay,16,random_regular,100,4,929,97,3.1847839648031715,34,97,0.35051546391752575,27,99
v2_high_decay_s16,v2,high_decay,16,random_regular,100,4,930,180,3.963847541059956,75,180,0.4166666666666667,39,99
v2_high_decay_s16,v2,high_decay,16,random_regular,100,4,931,3,0.6931471805579453,2,3,0.6666666666666666,59,80
v2_high_decay_s16,v2,high_decay,16,random_regular,100,4,932,26,1.791759469222055,6,26,0.23076923076923078,45,48
v2_high_decay_s16,v2,high_decay,16,random_regular,100,4,933,146,3.777842043503332,59,146,0.4041095890410959,65,48
v2_high_decay_s16,v2,high_decay,16,random_regular,100,4,934,149,3.5309625711151003,49,149,0.3288590604026846,41,99
v2_high_decay_s16,v2,high_decay,16,random_regular,100,4,935,406,4.457602678481793,136,406,0.33497536945812806,41,99
v2_high_decay_s16,v2,high_decay,16,random_regular,100,4,936,51,2.857102837424001,20,51,0.39215686274509803,35,80
v2_high_decay_s16,v2,high_decay,16,random_regular,100,4,937,8,1.6094379124291005,5,8,0.625,36,48
v2_high_decay_s16,v2,high_decay,16,random_regular,100,4,938,104,3.395141243133191,42,104,0.40384615384615385,93,80
v2_high_decay_s16,v2,high_decay,16,random_regular,100,4,939,51,3.151458510219029,26,51,0.5098039215686274,41,40
v2_high_decay_s16,v2,high_decay,16,random_regular,100,4,940,9,1.3862943611158909,4,9,0.4444444444444444,94,40
v2_high_decay_s16,v2,high_decay,16,random_regular,100,4,941,11,1.3862943611158909,4,11,0.36363636363636365,45,51
v2_high_decay_s16,v2,high_decay,16,random_regular,100,4,942,131,3.683099712933856,49,131,0.37404580152671757,85,99
v2_high_decay_s16,v2,high_decay,16,random_regular,100,4,943,205,4.083852468008089,74,205,0.36097560975609755,30,51
v2_high_decay_s16,v2,high_decay,16,random_regular,100,4,944,82,3.5065025850265608,36,82,0.43902439024390244,74,99
v2_high_decay_s16,v2,high_decay,16,random_regular,100,4,945,66,2.816708127593936,33,66,0.5,25,48
v2_high_decay_s16,v2,high_decay,16,random_regular,100,4,946,27,1.791759469222055,6,27,0.2222222222222222,75,80
v2_high_decay_s16,v2,high_decay,16,random_regular,100,4,947,114,3.4544986414005443,33,114,0.2894736842105263,21,48
v2_high_decay_s16,v2,high_decay,16,random_regular,100,4,948,27,2.1458417525857545,11,27,0.4074074074074074,14,80
v2_high_decay_s16,v2,high_decay,16,random_regular,100,4,949,42,2.8332133440392155,17,42,0.40476190476190477,26,99
v2_high_decay_s16,v2,high_decay,16,random_regular,100,4,950,30,2.2718685126865625,11,30,0.36666666666666664,88,99
v2_high_decay_s16,v2,high_decay,16,random_regular,100,4,951,143,3.8349513397251753,54,143,0.3776223776223776,21,99
v2_high_decay_s16,v2,high_decay,16,random_regular,100,4,952,13,1.791759469222055,6,13,0.46153846153846156,6,48
v2_high_decay_s16,v2,high_decay,16,random_regular,100,4,953,5,0.6931471805579453,2,5,0.4,16,99
v2_high_decay_s16,v2,high_decay,16,random_regular,100,4,954,2,-1.000088900581841e-12,1,2,0.5,58,80
v2_high_decay_s16,v2,high_decay,16,random_regular,100,4,955,60,3.271689322296034,29,60,0.48333333333333334,91,99
v2_high_decay_s16,v2,high_decay,16,random_regular,100,4,956,47,2.9957322735339904,20,47,0.425531914893617,79,51
v2_high_decay_s16,v2,high_decay,16,random_regular,100,4,957,85,3.14180415918923,27,85,0.3176470588235294,97,48
v2_high_decay_s16,v2,high_decay,16,random_regular,100,4,958,98,3.43652283050428,35,98,0.35714285714285715,34,40
v2_high_decay_s16,v2,high_decay,16,random_regular,100,4,959,34,2.6593226976945163,18,34,0.5294117647058824,4,80
v2_high_decay_s16,v2,high_decay,16,random_regular,100,4,960,91,3.233183484354926,28,91,0.3076923076923077,68,99
v2_high_decay_s16,v2,high_decay,16,random_regular,100,4,961,11,0.6931471805579453,2,11,0.18181818181818182,59,80
v2_high_decay_s16,v2,high_decay,16,random_regular,100,4,962,22,2.369382119683676,12,22,0.5454545454545454,57,99
v2_high_decay_s16,v2,high_decay,16,random_regular,100,4,963,107,3.595149493727549,44,107,0.411214953271028,73,80
v2_high_decay_s16,v2,high_decay,16,random_regular,100,4,964,128,3.539627566658813,42,128,0.328125,22,51
v2_high_decay_s16,v2,high_decay,16,random_regular,100,4,965,0,0.0,0,0,,99,99
v2_high_decay_s16,v2,high_decay,16,random_regular,100,4,966,98,3.0146356756294823,31,98,0.3163265306122449,65,51
v2_high_decay_s16,v2,high_decay,16,random_regular,100,4,967,89,3.2625679455231658,30,89,0.33707865168539325,7,40
v2_high_decay_s16,v2,high_decay,16,random_regular,100,4,968,63,2.7985132569262934,19,63,0.30158730158730157,43,48
v2_high_decay_s16,v2,high_decay,16,random_regular,100,4,969,89,3.177514020506748,40,89,0.449438202247191,23,51
v2_high_decay_s16,v2,high_decay,16,random_regular,100,4,970,106,3.620073939183769,43,106,0.4056603773584906,12,99
v2_high_decay_s16,v2,high_decay,16,random_regular,100,4,971,60,2.902002313186603,22,60,0.36666666666666664,53,99
v2_high_decay_s16,v2,high_decay,16,random_regular,100,4,972,1,-1.000088900581841e-12,1,1,1.0,8,99
v2_high_decay_s16,v2,high_decay,16,random_regular,100,4,973,148,3.4077132311058804,47,148,0.31756756756756754,94,51
v2_high_decay_s16,v2,high_decay,16,random_regular,100,4,974,198,3.8927373264452494,81,198,0.4090909090909091,21,40
v2_high_decay_s16,v2,high_decay,16,random_regular,100,4,975,173,3.796453588177605,63,173,0.36416184971098264,32,48
v2_high_decay_s16,v2,high_decay,16,random_regular,100,4,976,61,2.214810368039709,19,61,0.3114754098360656,13,99
v2_high_decay_s16,v2,high_decay,16,random_regular,100,4,977,42,2.9444389791474395,19,42,0.4523809523809524,79,48
v2_high_decay_s16,v2,high_decay,16,random_regular,100,4,978,105,3.5849073769929456,40,105,0.38095238095238093,60,80
v2_high_decay_s16,v2,high_decay,16,random_regular,100,4,979,30,2.0431918705371204,9,30,0.3,32,99
v2_high_decay_s16,v2,high_decay,16,random_regular,100,4,980,135,3.839509426606019,53,135,0.3925925925925926,58,99
v2_high_decay_s16,v2,high_decay,16,random_regular,100,4,981,17,1.5607104090364066,6,17,0.35294117647058826,60,40
v2_high_decay_s16,v2,high_decay,16,random_regular,100,4,982,201,3.75434552890908,59,201,0.2935323383084577,65,99
v2_high_decay_s16,v2,high_decay,16,random_regular,100,4,983,33,2.5649493574485365,13,33,0.3939393939393939,19,99
v2_high_decay_s16,v2,high_decay,16,random_regular,100,4,984,12,1.3321790402061222,5,12,0.4166666666666667,12,51
v2_high_decay_s16,v2,high_decay,16,random_regular,100,4,985,125,3.378825429295345,49,125,0.392,36,48
v2_high_decay_s16,v2,high_decay,16,random_regular,100,4,986,8,0.6931471805579453,2,8,0.25,41,51
v2_high_decay_s16,v2,high_decay,16,random_regular,100,4,987,63,3.218875824843201,25,63,0.3968253968253968,3,80
v2_high_decay_s16,v2,high_decay,16,random_regular,100,4,988,16,2.079441541671836,8,16,0.5,44,40
v2_high_decay_s16,v2,high_decay,16,random_regular,100,4,989,126,3.5355242894287437,43,126,0.3412698412698413,78,99
v2_high_decay_s16,v2,high_decay,16,random_regular,100,4,990,38,2.772588722223781,16,38,0.42105263157894735,37,99
v2_high_decay_s16,v2,high_decay,16,random_regular,100,4,991,73,2.9785084205072385,21,73,0.2876712328767123,66,99
v2_high_decay_s16,v2,high_decay,16,random_regular,100,4,992,48,2.736339051089065,18,48,0.375,20,99
v2_high_decay_s16,v2,high_decay,16,random_regular,100,4,993,31,2.3516733018936304,13,31,0.41935483870967744,43,51
v2_high_decay_s16,v2,high_decay,16,random_regular,100,4,994,134,3.5485824223394595,45,134,0.3358208955223881,0,48
v2_high_decay_s16,v2,high_decay,16,random_regular,100,4,995,20,0.6931471805579453,2,20,0.1,64,80
v2_high_decay_s16,v2,high_decay,16,random_regular,100,4,996,2,-1.000088900581841e-12,1,2,0.5,86,48
v2_high_decay_s16,v2,high_decay,16,random_regular,100,4,997,181,3.774861615573456,62,181,0.3425414364640884,15,99
v2_high_decay_s16,v2,high_decay,16,random_regular,100,4,998,49,2.813355404483615,18,49,0.3673469387755102,22,51
v2_high_decay_s16,v2,high_decay,16,random_regular,100,4,999,158,3.969282378796409,67,158,0.4240506329113924,96,99
