run_id,validation_version,condition,seed,topology,n_nodes,degree,episode_idx,hitting_time,path_entropy,accepted_moves,attempted_moves,accept_rate,start_node,final_node
v2_high_decay_s22,v2,high_decay,22,random_regular,100,4,0,75,3.319492576126754,29,75,0.38666666666666666,31,33
v2_high_decay_s22,v2,high_decay,22,random_regular,100,4,1,212,4.099108003277982,71,212,0.33490566037735847,37,99
v2_high_decay_s22,v2,high_decay,22,random_regular,100,4,2,45,2.7804663689216818,21,45,0.4666666666666667,12,54
v2_high_decay_s22,v2,high_decay,22,random_regular,100,4,3,116,3.485587161020812,34,116,0.29310344827586204,46,33
v2_high_decay_s22,v2,high_decay,22,random_regular,100,4,4,163,3.830895721041939,55,163,0.3374233128834356,58,71
v2_high_decay_s22,v2,high_decay,22,random_regular,100,4,5,31,2.369382119683676,12,31,0.3870967741935484,62,33
v2_high_decay_s22,v2,high_decay,22,random_regular,100,4,6,312,4.476238538413053,114,312,0.36538461538461536,46,26
v2_high_decay_s22,v2,high_decay,22,random_regular,100,4,7,9,1.3862943611158909,4,9,0.4444444444444444,72,54
v2_high_decay_s22,v2,high_decay,22,random_regular,100,4,8,6,1.0986122886651095,3,6,0.5,69,26
v2_high_decay_s22,v2,high_decay,22,random_regular,100,4,9,363,4.3848690499063965,122,363,0.33608815426997246,47,33
v2_high_decay_s22,v2,high_decay,22,random_regular,100,4,10,110,3.323400536919209,36,110,0.32727272727272727,23,33
v2_high_decay_s22,v2,high_decay,22,random_regular,100,4,11,42,2.639057329601259,14,42,0.3333333333333333,22,33
v2_high_decay_s22,v2,high_decay,22,random_regular,100,4,12,186,3.79722120204213,62,186,0.3333333333333333,30,33
v2_high_decay_s22,v2,high_decay,22,random_regular,100,4,13,155,3.75434552890908,59,155,0.38064516129032255,18,33
v2_high_decay_s22,v2,high_decay,22,random_regular,100,4,14,0,0.0,0,0,,26,26
v2_high_decay_s22,v2,high_decay,22,random_regular,100,4,15,192,4.042978216918452,70,192,0.3645833333333333,34,99
v2_high_decay_s22,v2,high_decay,22,random_regular,100,4,16,17,2.302585092984045,10,17,0.5882352941176471,92,71
v2_high_decay_s22,v2,high_decay,22,random_regular,100,4,17,18,1.791759469222055,6,18,0.3333333333333333,91,71
v2_high_decay_s22,v2,high_decay,22,random_regular,100,4,18,12,1.3862943611158909,4,12,0.3333333333333333,86,71
v2_high_decay_s22,v2,high_decay,22,random_regular,100,4,19,61,3.233183484354926,28,61,0.45901639344262296,19,33
v2_high_decay_s22,v2,high_decay,22,random_regular,100,4,20,95,3.461048251949615,37,95,0.3894736842105263,36,71
v2_high_decay_s22,v2,high_decay,22,random_regular,100,4,21,201,4.271790130293936,77,201,0.38308457711442784,5,33
v2_high_decay_s22,v2,high_decay,22,random_regular,100,4,22,89,3.1064969046220257,30,89,0.33707865168539325,77,71
v2_high_decay_s22,v2,high_decay,22,random_regular,100,4,23,14,2.079441541671836,8,14,0.5714285714285714,93,33
v2_high_decay_s22,v2,high_decay,22,random_regular,100,4,24,396,4.636085784004386,136,396,0.3434343434343434,84,71
v2_high_decay_s22,v2,high_decay,22,random_regular,100,4,25,261,4.226538329600831,86,261,0.32950191570881227,64,33
v2_high_decay_s22,v2,high_decay,22,random_regular,100,4,26,0,0.0,0,0,,33,33
v2_high_decay_s22,v2,high_decay,22,random_regular,100,4,27,57,2.7738522086634823,23,57,0.40350877192982454,52,99
v2_high_decay_s22,v2,high_decay,22,random_regular,100,4,28,112,3.6280156368321625,39,112,0.3482142857142857,20,71
v2_high_decay_s22,v2,high_decay,22,random_regular,100,4,29,2,0.6931471805579453,2,2,1.0,12,54
v2_high_decay_s22,v2,high_decay,22,random_regular,100,4,30,0,0.0,0,0,,26,26
v2_high_decay_s22,v2,high_decay,22,random_regular,100,4,31,56,2.775975553086795,22,56,0.39285714285714285,70,33
v2_high_decay_s22,v2,high_decay,22,random_regular,100,4,32,55,2.8332133440392155,17,55,0.3090909090909091,80,99
v2_high_decay_s22,v2,high_decay,22,random_regular,100,4,33,22,1.9459101490483133,7,22,0.3181818181818182,58,26
v2_high_decay_s22,v2,high_decay,22,random_regular,100,4,34,40,2.8332133440392155,17,40,0.425,4,71
v2_high_decay_s22,v2,high_decay,22,random_regular,100,4,35,31,2.3516733018936304,13,31,0.41935483870967744,19,71
v2_high_decay_s22,v2,high_decay,22,random_regular,100,4,36,150,4.028332743442937,68,150,0.4533333333333333,24,26
v2_high_decay_s22,v2,high_decay,22,random_regular,100,4,37,187,3.69535535833123,55,187,0.29411764705882354,1,99
v2_high_decay_s22,v2,high_decay,22,random_regular,100,4,38,377,4.704975480262334,144,377,0.3819628647214854,36,71
v2_high_decay_s22,v2,high_decay,22,random_regular,100,4,39,8,0.6931471805579453,2,8,0.25,40,99
v2_high_decay_s22,v2,high_decay,22,random_regular,100,4,40,22,2.197224577327219,9,22,0.4090909090909091,57,26
v2_high_decay_s22,v2,high_decay,22,random_regular,100,4,41,79,3.2238860684653137,29,79,0.3670886075949367,18,71
v2_high_decay_s22,v2,high_decay,22,random_regular,100,4,42,19,2.197224577327219,9,19,0.47368421052631576,95,99
v2_high_decay_s22,v2,high_decay,22,random_regular,100,4,43,0,0.0,0,0,,54,54
v2_high_decay_s22,v2,high_decay,22,random_regular,100,4,44,69,2.788853552235468,25,69,0.36231884057971014,45,71
v2_high_decay_s22,v2,high_decay,22,random_regular,100,4,45,128,3.801119456492554,50,128,0.390625,18,33
v2_high_decay_s22,v2,high_decay,22,random_regular,100,4,46,0,0.0,0,0,,26,26
v2_high_decay_s22,v2,high_decay,22,random_regular,100,4,47,18,2.079441541671836,8,18,0.4444444444444444,50,26
v2_high_decay_s22,v2,high_decay,22,random_regular,100,4,48,44,2.7985132569262934,19,44,0.4318181818181818,7,99
v2_high_decay_s22,v2,high_decay,22,random_regular,100,4,49,93,3.317697599554146,35,93,0.3763440860215054,20,71
v2_high_decay_s22,v2,high_decay,22,random_regular,100,4,50,129,3.413832037070536,44,129,0.34108527131782945,22,33
v2_high_decay_s22,v2,high_decay,22,random_regular,100,4,51,11,1.3321790402061222,5,11,0.45454545454545453,50,99
v2_high_decay_s22,v2,high_decay,22,random_regular,100,4,52,151,3.876820151993732,56,151,0.3708609271523179,43,33
v2_high_decay_s22,v2,high_decay,22,random_regular,100,4,53,215,4.193967553522085,79,215,0.3674418604651163,72,99
v2_high_decay_s22,v2,high_decay,22,random_regular,100,4,54,188,4.166566902718292,76,188,0.40425531914893614,42,26
v2_high_decay_s22,v2,high_decay,22,random_regular,100,4,55,226,4.02636297042152,72,226,0.3185840707964602,84,71
v2_high_decay_s22,v2,high_decay,22,random_regular,100,4,56,80,3.062433267532996,29,80,0.3625,25,99
v2_high_decay_s22,v2,high_decay,22,random_regular,100,4,57,59,3.0904599235931967,27,59,0.4576271186440678,69,71
v2_high_decay_s22,v2,high_decay,22,random_regular,100,4,58,10,1.791759469222055,6,10,0.6,91,71
v2_high_decay_s22,v2,high_decay,22,random_regular,100,4,59,405,4.6802409888089365,164,405,0.4049382716049383,64,54
v2_high_decay_s22,v2,high_decay,22,random_regular,100,4,60,15,1.791759469222055,6,15,0.4,25,26
v2_high_decay_s22,v2,high_decay,22,random_regular,100,4,61,63,2.846480386116867,21,63,0.3333333333333333,40,33
v2_high_decay_s22,v2,high_decay,22,random_regular,100,4,62,3,0.6931471805579453,2,3,0.6666666666666666,56,26
v2_high_decay_s22,v2,high_decay,22,random_regular,100,4,63,4,0.6931471805579453,2,4,0.5,75,54
v2_high_decay_s22,v2,high_decay,22,random_regular,100,4,64,19,2.197224577327219,9,19,0.47368421052631576,21,99
v2_high_decay_s22,v2,high_decay,22,random_regular,100,4,65,12,1.6094379124291005,5,12,0.4166666666666667,51,26
v2_high_decay_s22,v2,high_decay,22,random_regular,100,4,66,3,0.6931471805579453,2,3,0.6666666666666666,55,99
v2_high_decay_s22,v2,high_decay,22,random_regular,100,4,67,0,0.0,0,0,,54,54
v2_high_decay_s22,v2,high_decay,22,random_regular,100,4,68,199,4.107373256012939,77,199,0.3869346733668342,9,26
v2_high_decay_s22,v2,high_decay,22,random_regular,100,4,69,227,4.158871493748898,79,227,0.34801762114537443,97,71
v2_high_decay_s22,v2,high_decay,22,random_regular,100,4,70,21,2.2718685126865625,11,21,0.5238095238095238,16,26
v2_high_decay_s22,v2,high_decay,22,random_regular,100,4,71,34,2.4799555205315174,16,34,0.47058823529411764,66,33
v2_high_decay_s22,v2,high_decay,22,random_regular,100,4,72,55,2.9957322735339904,20,55,0.36363636363636365,93,26
v2_high_decay_s22,v2,high_decay,22,random_regular,100,4,73,8,1.3862943611158909,4,8,0.5,12,54
v2_high_decay_s22,v2,high_decay,22,random_regular,100,4,74,231,4.286083491679326,91,231,0.3939393939393939,23,26
v2_high_decay_s22,v2,high_decay,22,random_regular,100,4,75,73,3.354987569595825,30,73,0.410958904109589,53,99
v2_high_decay_s22,v2,high_decay,22,random_regular,100,4,76,170,3.78850359470488,58,170,0.3411764705882353,43,99
v2_high_decay_s22,v2,high_decay,22,random_regular,100,4,77,118,3.812836895652932,51,118,0.4322033898305085,16,71
v2_high_decay_s22,v2,high_decay,22,random_regular,100,4,78,72,3.276097603139099,32,72,0.4444444444444444,31,54
v2_high_decay_s22,v2,high_decay,22,random_regular,100,4,79,157,3.8866595479168335,62,157,0.39490445859872614,44,71
v2_high_decay_s22,v2,high_decay,22,random_regular,100,4,80,38,2.5232109529398907,15,38,0.39473684210526316,73,71
v2_high_decay_s22,v2,high_decay,22,random_regular,100,4,81,123,3.358541340511332,44,123,0.35772357723577236,23,71
v2_high_decay_s22,v2,high_decay,22,random_regular,100,4,82,0,0.0,0,0,,54,54
v2_high_decay_s22,v2,high_decay,22,random_regular,100,4,83,4,0.6931471805579453,2,4,0.5,23,54
v2_high_decay_s22,v2,high_decay,22,random_regular,100,4,84,0,0.0,0,0,,26,26
v2_high_decay_s22,v2,high_decay,22,random_regular,100,4,85,89,3.4761312408209912,35,89,0.39325842696629215,6,26
v2_high_decay_s22,v2,high_decay,22,random_regular,100,4,86,10,1.3862943611158909,4,10,0.4,21,26
v2_high_decay_s22,v2,high_decay,22,random_regular,100,4,87,1,-1.000088900581841e-12,1,1,1.0,32,71
v2_high_decay_s22,v2,high_decay,22,random_regular,100,4,88,20,2.2718685126865625,11,20,0.55,81,71
v2_high_decay_s22,v2,high_decay,22,random_regular,100,4,89,686,4.943563387056706,256,686,0.37317784256559766,2,99
v2_high_decay_s22,v2,high_decay,22,random_regular,100,4,90,33,2.484906649776,12,33,0.36363636363636365,55,99
v2_high_decay_s22,v2,high_decay,22,random_regular,100,4,91,2,-1.000088900581841e-12,1,2,0.5,89,71
v2_high_decay_s22,v2,high_decay,22,random_regular,100,4,92,0,0.0,0,0,,71,71
v2_high_decay_s22,v2,high_decay,22,random_regular,100,4,93,77,3.204777524107256,26,77,0.33766233766233766,3,71
v2_high_decay_s22,v2,high_decay,22,random_regular,100,4,94,113,3.6089030815165466,49,113,0.4336283185840708,82,26
v2_high_decay_s22,v2,high_decay,22,random_regular,100,4,95,0,0.0,0,0,,26,26
v2_high_decay_s22,v2,high_decay,22,random_regular,100,4,96,2,-1.000088900581841e-12,1,2,0.5,32,71
v2_high_decay_s22,v2,high_decay,22,random_regular,100,4,97,56,2.8464803861168675,21,56,0.375,84,71
v2_high_decay_s22,v2,high_decay,22,random_regular,100,4,98,32,2.253857589591352,12,32,0.375,55,99
v2_high_decay_s22,v2,high_decay,22,random_regular,100,4,99,225,4.118951456902502,78,225,0.3466666666666667,21,33
v2_high_decay_s22,v2,high_decay,22,random_regular,100,4,100,42,2.8332133440392155,17,42,0.40476190476190477,27,71
v2_high_decay_s22,v2,high_decay,22,random_regular,100,4,101,49,2.7184734013140126,20,49,0.40816326530612246,21,71
v2_high_decay_s22,v2,high_decay,22,random_regular,100,4,102,44,2.5649493574485365,13,44,0.29545454545454547,19,33
v2_high_decay_s22,v2,high_decay,22,random_regular,100,4,103,290,4.360820602042551,118,290,0.4068965517241379,19,33
v2_high_decay_s22,v2,high_decay,22,random_regular,100,4,104,20,2.079441541671836,8,20,0.4,43,26
v2_high_decay_s22,v2,high_decay,22,random_regular,100,4,105,142,3.8636247998616766,57,142,0.4014084507042254,66,26
v2_high_decay_s22,v2,high_decay,22,random_regular,100,4,106,163,4.077120709135348,63,163,0.38650306748466257,38,99
v2_high_decay_s22,v2,high_decay,22,random_regular,100,4,107,87,3.3345041647330413,37,87,0.42528735632183906,60,71
v2_high_decay_s22,v2,high_decay,22,random_regular,100,4,108,8,1.0986122886651095,3,8,0.375,20,54
v2_high_decay_s22,v2,high_decay,22,random_regular,100,4,109,47,2.523210952939891,15,47,0.3191489361702128,61,99
v2_high_decay_s22,v2,high_decay,22,random_regular,100,4,110,36,2.5993019270857944,16,36,0.4444444444444444,90,99
v2_high_decay_s22,v2,high_decay,22,random_regular,100,4,111,88,3.1282795608038727,29,88,0.32954545454545453,37,26
v2_high_decay_s22,v2,high_decay,22,random_regular,100,4,112,82,3.370480801334671,33,82,0.4024390243902439,21,71
v2_high_decay_s22,v2,high_decay,22,random_regular,100,4,113,3,0.6931471805579453,2,3,0.6666666666666666,17,26
v2_high_decay_s22,v2,high_decay,22,random_regular,100,4,114,53,2.9957322735339904,20,53,0.37735849056603776,67,71
v2_high_decay_s22,v2,high_decay,22,random_regular,100,4,115,0,0.0,0,0,,99,99
v2_high_decay_s22,v2,high_decay,22,random_regular,100,4,116,35,2.2429732264281474,14,35,0.4,88,71
v2_high_decay_s22,v2,high_decay,22,random_regular,100,4,117,53,2.484906649776,12,53,0.22641509433962265,36,26
v2_high_decay_s22,v2,high_decay,22,random_regular,100,4,118,42,2.588573162668117,17,42,0.40476190476190477,90,71
v2_high_decay_s22,v2,high_decay,22,random_regular,100,4,119,65,3.2580965379954825,26,65,0.4,88,33
v2_high_decay_s22,v2,high_decay,22,random_regular,100,4,120,111,3.645947951488728,41,111,0.36936936936936937,31,33
v2_high_decay_s22,v2,high_decay,22,random_regular,100,4,121,21,2.197224577327219,9,21,0.42857142857142855,55,54
v2_high_decay_s22,v2,high_decay,22,random_regular,100,4,122,152,3.726795348248236,48,152,0.3157894736842105,1,71
v2_high_decay_s22,v2,high_decay,22,random_regular,100,4,123,4,0.6931471805579453,2,4,0.5,23,26
v2_high_decay_s22,v2,high_decay,22,random_regular,100,4,124,0,0.0,0,0,,99,99
v2_high_decay_s22,v2,high_decay,22,random_regular,100,4,125,196,4.025094030947803,65,196,0.33163265306122447,80,71
v2_high_decay_s22,v2,high_decay,22,random_regular,100,4,126,112,3.205805710063748,32,112,0.2857142857142857,45,26
v2_high_decay_s22,v2,high_decay,22,random_regular,100,4,127,64,3.0047670351869598,24,64,0.375,53,71
v2_high_decay_s22,v2,high_decay,22,random_regular,100,4,128,35,2.2718685126865625,11,35,0.3142857142857143,10,26
v2_high_decay_s22,v2,high_decay,22,random_regular,100,4,129,67,2.813355404483615,18,67,0.26865671641791045,22,26
v2_high_decay_s22,v2,high_decay,22,random_regular,100,4,130,205,3.877931145337117,68,205,0.33170731707317075,10,33
v2_high_decay_s22,v2,high_decay,22,random_regular,100,4,131,26,2.3516733018936304,13,26,0.5,70,54
v2_high_decay_s22,v2,high_decay,22,random_regular,100,4,132,4,1.0986122886651095,3,4,0.75,73,71
v2_high_decay_s22,v2,high_decay,22,random_regular,100,4,133,12,1.791759469222055,6,12,0.5,87,33
v2_high_decay_s22,v2,high_decay,22,random_regular,100,4,134,370,4.5585583854387135,139,370,0.37567567567567567,31,26
v2_high_decay_s22,v2,high_decay,22,random_regular,100,4,135,5,0.6931471805579453,2,5,0.4,43,71
v2_high_decay_s22,v2,high_decay,22,random_regular,100,4,136,40,2.7080502010872096,15,40,0.375,44,33
v2_high_decay_s22,v2,high_decay,22,random_regular,100,4,137,0,0.0,0,0,,71,71
v2_high_decay_s22,v2,high_decay,22,random_regular,100,4,138,228,3.781988207207204,84,228,0.3684210526315789,36,71
v2_high_decay_s22,v2,high_decay,22,random_regular,100,4,139,28,2.197224577327219,9,28,0.32142857142857145,55,54
v2_high_decay_s22,v2,high_decay,22,random_regular,100,4,140,232,4.033162493039796,71,232,0.30603448275862066,59,99
v2_high_decay_s22,v2,high_decay,22,random_regular,100,4,141,41,2.4583113296710835,13,41,0.3170731707317073,5,54
v2_high_decay_s22,v2,high_decay,22,random_regular,100,4,142,52,3.163424050399405,25,52,0.4807692307692308,56,26
v2_high_decay_s22,v2,high_decay,22,random_regular,100,4,143,158,3.6854232696967526,62,158,0.3924050632911392,4,33
v2_high_decay_s22,v2,high_decay,22,random_regular,100,4,144,30,2.302585092984045,10,30,0.3333333333333333,76,33
v2_high_decay_s22,v2,high_decay,22,random_regular,100,4,145,4,1.0986122886651095,3,4,0.75,37,71
v2_high_decay_s22,v2,high_decay,22,random_regular,100,4,146,16,1.791759469222055,6,16,0.375,22,54
v2_high_decay_s22,v2,high_decay,22,random_regular,100,4,147,0,0.0,0,0,,33,33
v2_high_decay_s22,v2,high_decay,22,random_regular,100,4,148,12,1.6094379124291005,5,12,0.4166666666666667,19,71
v2_high_decay_s22,v2,high_decay,22,random_regular,100,4,149,2,0.6931471805579453,2,2,1.0,16,33
v2_high_decay_s22,v2,high_decay,22,random_regular,100,4,150,97,3.423580836785212,37,97,0.38144329896907214,7,71
v2_high_decay_s22,v2,high_decay,22,random_regular,100,4,151,4,-1.000088900581841e-12,1,4,0.25,16,99
v2_high_decay_s22,v2,high_decay,22,random_regular,100,4,152,0,0.0,0,0,,99,99
v2_high_decay_s22,v2,high_decay,22,random_regular,100,4,153,471,4.711587648180674,177,471,0.37579617834394907,12,71
v2_high_decay_s22,v2,high_decay,22,random_regular,100,4,154,122,3.282303075918996,41,122,0.3360655737704918,38,26
v2_high_decay_s22,v2,high_decay,22,random_regular,100,4,155,117,3.2712036390674117,42,117,0.358974358974359,62,99
v2_high_decay_s22,v2,high_decay,22,random_regular,100,4,156,2,-1.000088900581841e-12,1,2,0.5,68,99
v2_high_decay_s22,v2,high_decay,22,random_regular,100,4,157,85,3.485587161020812,34,85,0.4,94,26
v2_high_decay_s22,v2,high_decay,22,random_regular,100,4,158,70,3.120952993885687,31,70,0.44285714285714284,63,71
v2_high_decay_s22,v2,high_decay,22,random_regular,100,4,159,18,1.5607104090364066,6,18,0.3333333333333333,10,26
v2_high_decay_s22,v2,high_decay,22,random_regular,100,4,160,97,3.0598557601117857,35,97,0.36082474226804123,17,99
v2_high_decay_s22,v2,high_decay,22,random_regular,100,4,161,9,1.3862943611158909,4,9,0.4444444444444444,5,26
v2_high_decay_s22,v2,high_decay,22,random_regular,100,4,162,43,2.4583113296710835,13,43,0.3023255813953488,56,33
v2_high_decay_s22,v2,high_decay,22,random_regular,100,4,163,41,2.751666616915516,17,41,0.4146341463414634,7,71
v2_high_decay_s22,v2,high_decay,22,random_regular,100,4,164,8,1.3862943611158909,4,8,0.5,17,26
v2_high_decay_s22,v2,high_decay,22,random_regular,100,4,165,148,3.906511777100024,55,148,0.3716216216216216,34,99
v2_high_decay_s22,v2,high_decay,22,random_regular,100,4,166,13,1.6094379124291005,5,13,0.38461538461538464,56,26
v2_high_decay_s22,v2,high_decay,22,random_regular,100,4,167,44,2.787788119369007,20,44,0.45454545454545453,64,33
v2_high_decay_s22,v2,high_decay,22,random_regular,100,4,168,92,3.328471881301735,33,92,0.358695652173913,4,26
v2_high_decay_s22,v2,high_decay,22,random_regular,100,4,169,170,3.612541306578296,69,170,0.40588235294117647,13,33
v2_high_decay_s22,v2,high_decay,22,random_regular,100,4,170,9,1.0986122886651095,3,9,0.3333333333333333,22,26
v2_high_decay_s22,v2,high_decay,22,random_regular,100,4,171,233,3.972278536084264,73,233,0.3133047210300429,95,33
v2_high_decay_s22,v2,high_decay,22,random_regular,100,4,172,49,2.369382119683676,12,49,0.24489795918367346,22,33
v2_high_decay_s22,v2,high_decay,22,random_regular,100,4,173,17,1.9459101490483133,7,17,0.4117647058823529,15,33
v2_high_decay_s22,v2,high_decay,22,random_regular,100,4,174,50,2.920687026873641,25,50,0.5,57,99
v2_high_decay_s22,v2,high_decay,22,random_regular,100,4,175,30,2.61563057701355,15,30,0.5,38,33
v2_high_decay_s22,v2,high_decay,22,random_regular,100,4,176,155,3.645556734702476,54,155,0.34838709677419355,38,33
v2_high_decay_s22,v2,high_decay,22,random_regular,100,4,177,12,1.3862943611158909,4,12,0.3333333333333333,38,33
v2_high_decay_s22,v2,high_decay,22,random_regular,100,4,178,211,3.6918238464056894,63,211,0.2985781990521327,92,99
v2_high_decay_s22,v2,high_decay,22,random_regular,100,4,179,64,2.966826759871555,29,64,0.453125,9,71
v2_high_decay_s22,v2,high_decay,22,random_regular,100,4,180,56,2.3978952727873706,11,56,0.19642857142857142,96,26
v2_high_decay_s22,v2,high_decay,22,random_regular,100,4,181,2,0.6931471805579453,2,2,1.0,74,33
v2_high_decay_s22,v2,high_decay,22,random_regular,100,4,182,265,4.346498633622618,99,265,0.37358490566037733,50,33
v2_high_decay_s22,v2,high_decay,22,random_regular,100,4,183,165,3.781122728557824,61,165,0.3696969696969697,70,71
v2_high_decay_s22,v2,high_decay,22,random_regular,100,4,184,11,1.9459101490483133,7,11,0.6363636363636364,91,99
v2_high_decay_s22,v2,high_decay,22,random_regular,100,4,185,3,-1.000088900581841e-12,1,3,0.3333333333333333,59,26
v2_high_decay_s22,v2,high_decay,22,random_regular,100,4,186,69,3.163424050399405,25,69,0.36231884057971014,32,99
v2_high_decay_s22,v2,high_decay,22,random_regular,100,4,187,321,4.26980513223283,102,321,0.3177570093457944,35,99
v2_high_decay_s22,v2,high_decay,22,random_regular,100,4,188,112,3.484373825390651,37,112,0.33035714285714285,60,71
v2_high_decay_s22,v2,high_decay,22,random_regular,100,4,189,0,0.0,0,0,,71,71
v2_high_decay_s22,v2,high_decay,22,random_regular,100,4,190,78,2.966943486168354,28,78,0.358974358974359,73,71
v2_high_decay_s22,v2,high_decay,22,random_regular,100,4,191,118,3.673173853440987,47,118,0.3983050847457627,87,33
v2_high_decay_s22,v2,high_decay,22,random_regular,100,4,192,248,4.289711287074978,85,248,0.34274193548387094,44,99
v2_high_decay_s22,v2,high_decay,22,random_regular,100,4,193,147,3.731290168531232,51,147,0.3469387755102041,51,71
v2_high_decay_s22,v2,high_decay,22,random_regular,100,4,194,215,3.976861117673408,85,215,0.3953488372093023,36,99
v2_high_decay_s22,v2,high_decay,22,random_regular,100,4,195,188,3.915557858019956,72,188,0.3829787234042553,9,26
v2_high_decay_s22,v2,high_decay,22,random_regular,100,4,196,120,3.341639433201117,41,120,0.3416666666666667,25,71
v2_high_decay_s22,v2,high_decay,22,random_regular,100,4,197,72,3.204777524107256,26,72,0.3611111111111111,41,26
v2_high_decay_s22,v2,high_decay,22,random_regular,100,4,198,101,3.5849073769929456,40,101,0.39603960396039606,69,71
v2_high_decay_s22,v2,high_decay,22,random_regular,100,4,199,75,2.98296502919677,24,75,0.32,1,26
v2_high_decay_s22,v2,high_decay,22,random_regular,100,4,200,61,2.5823063442999667,18,61,0.29508196721311475,13,26
v2_high_decay_s22,v2,high_decay,22,random_regular,100,4,201,52,3.062529300232621,24,52,0.46153846153846156,74,26
v2_high_decay_s22,v2,high_decay,22,random_regular,100,4,202,432,4.712009189116654,165,432,0.3819444444444444,76,71
v2_high_decay_s22,v2,high_decay,22,random_regular,100,4,203,37,2.36060911397724,16,37,0.43243243243243246,5,71
v2_high_decay_s22,v2,high_decay,22,random_regular,100,4,204,36,2.813355404483615,18,36,0.5,0,26
v2_high_decay_s22,v2,high_decay,22,random_regular,100,4,205,64,2.7511022893693715,23,64,0.359375,8,33
v2_high_decay_s22,v2,high_decay,22,random_regular,100,4,206,143,3.55838243297079,50,143,0.34965034965034963,52,54
v2_high_decay_s22,v2,high_decay,22,random_regular,100,4,207,6,1.0986122886651095,3,6,0.5,72,54
v2_high_decay_s22,v2,high_decay,22,random_regular,100,4,208,7,1.3862943611158909,4,7,0.5714285714285714,13,33
v2_high_decay_s22,v2,high_decay,22,random_regular,100,4,209,65,2.668078702201483,23,65,0.35384615384615387,18,26
v2_high_decay_s22,v2,high_decay,22,random_regular,100,4,210,15,2.1639556568730565,10,15,0.6666666666666666,98,99
v2_high_decay_s22,v2,high_decay,22,random_regular,100,4,211,11,1.3862943611158909,4,11,0.36363636363636365,68,54
v2_high_decay_s22,v2,high_decay,22,random_regular,100,4,212,74,3.2924491076317413,32,74,0.43243243243243246,86,54
v2_high_decay_s22,v2,high_decay,22,random_regular,100,4,213,131,3.5478232284093485,52,131,0.3969465648854962,81,71
v2_high_decay_s22,v2,high_decay,22,random_regular,100,4,214,45,2.772588722223781,16,45,0.35555555555555557,30,99
v2_high_decay_s22,v2,high_decay,22,random_regular,100,4,215,4,0.6931471805579453,2,4,0.5,55,99
v2_high_decay_s22,v2,high_decay,22,random_regular,100,4,216,31,2.2718685126865625,11,31,0.3548387096774194,40,71
v2_high_decay_s22,v2,high_decay,22,random_regular,100,4,217,78,3.0047670351869598,24,78,0.3076923076923077,16,71
v2_high_decay_s22,v2,high_decay,22,random_regular,100,4,218,21,1.791759469222055,6,21,0.2857142857142857,35,99
v2_high_decay_s22,v2,high_decay,22,random_regular,100,4,219,0,0.0,0,0,,54,54
v2_high_decay_s22,v2,high_decay,22,random_regular,100,4,220,48,2.9650156932365066,22,48,0.4583333333333333,4,26
v2_high_decay_s22,v2,high_decay,22,random_regular,100,4,221,86,3.319492576126754,29,86,0.3372093023255814,91,26
v2_high_decay_s22,v2,high_decay,22,random_regular,100,4,222,3,-1.000088900581841e-12,1,3,0.3333333333333333,32,71
v2_high_decay_s22,v2,high_decay,22,random_regular,100,4,223,66,3.204777524107256,26,66,0.3939393939393939,13,71
v2_high_decay_s22,v2,high_decay,22,random_regular,100,4,224,7,0.6931471805579453,2,7,0.2857142857142857,16,33
v2_high_decay_s22,v2,high_decay,22,random_regular,100,4,225,284,4.417859103747939,115,284,0.40492957746478875,29,33
v2_high_decay_s22,v2,high_decay,22,random_regular,100,4,226,255,4.219397496208117,91,255,0.3568627450980392,49,54
v2_high_decay_s22,v2,high_decay,22,random_regular,100,4,227,65,2.6593226976945163,18,65,0.27692307692307694,86,54
v2_high_decay_s22,v2,high_decay,22,random_regular,100,4,228,82,3.2580965379954825,26,82,0.3170731707317073,17,33
v2_high_decay_s22,v2,high_decay,22,random_regular,100,4,229,102,3.328471881301735,33,102,0.3235294117647059,67,71
v2_high_decay_s22,v2,high_decay,22,random_regular,100,4,230,87,2.692291152659629,27,87,0.3103448275862069,45,33
v2_high_decay_s22,v2,high_decay,22,random_regular,100,4,231,599,4.795987993308528,230,599,0.38397328881469117,21,71
v2_high_decay_s22,v2,high_decay,22,random_regular,100,4,232,1,-1.000088900581841e-12,1,1,1.0,68,99
v2_high_decay_s22,v2,high_decay,22,random_regular,100,4,233,185,3.6685442973182503,62,185,0.33513513513513515,53,33
v2_high_decay_s22,v2,high_decay,22,random_regular,100,4,234,70,3.244492630381296,27,70,0.38571428571428573,5,54
v2_high_decay_s22,v2,high_decay,22,random_regular,100,4,235,11,1.3862943611158909,4,11,0.36363636363636365,65,33
v2_high_decay_s22,v2,high_decay,22,random_regular,100,4,236,139,3.788148062088105,63,139,0.45323741007194246,77,99
v2_high_decay_s22,v2,high_decay,22,random_regular,100,4,237,150,3.845853897193301,60,150,0.4,58,54
v2_high_decay_s22,v2,high_decay,22,random_regular,100,4,238,26,1.791759469222055,6,26,0.23076923076923078,19,99
v2_high_decay_s22,v2,high_decay,22,random_regular,100,4,239,6,1.0986122886651095,3,6,0.5,6,99
v2_high_decay_s22,v2,high_decay,22,random_regular,100,4,240,140,3.777323825362656,53,140,0.37857142857142856,48,71
v2_high_decay_s22,v2,high_decay,22,random_regular,100,4,241,252,4.114153377795539,81,252,0.32142857142857145,18,26
v2_high_decay_s22,v2,high_decay,22,random_regular,100,4,242,98,3.2285980368793616,33,98,0.336734693877551,29,71
v2_high_decay_s22,v2,high_decay,22,random_regular,100,4,243,0,0.0,0,0,,26,26
v2_high_decay_s22,v2,high_decay,22,random_regular,100,4,244,182,4.063627981864617,66,182,0.3626373626373626,19,26
v2_high_decay_s22,v2,high_decay,22,random_regular,100,4,245,0,0.0,0,0,,71,71
v2_high_decay_s22,v2,high_decay,22,random_regular,100,4,246,9,1.3862943611158909,4,9,0.4444444444444444,10,26
v2_high_decay_s22,v2,high_decay,22,random_regular,100,4,247,1,-1.000088900581841e-12,1,1,1.0,35,54
v2_high_decay_s22,v2,high_decay,22,random_regular,100,4,248,198,4.097580714619935,86,198,0.43434343434343436,43,54
v2_high_decay_s22,v2,high_decay,22,random_regular,100,4,249,25,2.302585092984045,10,25,0.4,48,71
v2_high_decay_s22,v2,high_decay,22,random_regular,100,4,250,73,3.2580965379954825,26,73,0.3561643835616438,79,33
v2_high_decay_s22,v2,high_decay,22,random_regular,100,4,251,121,3.2878052769727284,44,121,0.36363636363636365,1,26
v2_high_decay_s22,v2,high_decay,22,random_regular,100,4,252,38,2.61563057701355,15,38,0.39473684210526316,48,99
v2_high_decay_s22,v2,high_decay,22,random_regular,100,4,253,97,3.3478774190495706,34,97,0.35051546391752575,89,54
v2_high_decay_s22,v2,high_decay,22,random_regular,100,4,254,118,3.587834535437795,43,118,0.3644067796610169,81,71
v2_high_decay_s22,v2,high_decay,22,random_regular,100,4,255,6,1.0986122886651095,3,6,0.5,87,26
v2_high_decay_s22,v2,high_decay,22,random_regular,100,4,256,51,3.0752205480323718,23,51,0.45098039215686275,85,33
v2_high_decay_s22,v2,high_decay,22,random_regular,100,4,257,105,3.4858315997982245,39,105,0.37142857142857144,19,26
v2_high_decay_s22,v2,high_decay,22,random_regular,100,4,258,17,1.3862943611158909,4,17,0.23529411764705882,97,54
v2_high_decay_s22,v2,high_decay,22,random_regular,100,4,259,179,3.87180829520212,66,179,0.3687150837988827,96,71
v2_high_decay_s22,v2,high_decay,22,random_regular,100,4,260,0,0.0,0,0,,26,26
v2_high_decay_s22,v2,high_decay,22,random_regular,100,4,261,21,2.302585092984045,10,21,0.47619047619047616,91,99
v2_high_decay_s22,v2,high_decay,22,random_regular,100,4,262,160,3.826763786666835,63,160,0.39375,90,54
v2_high_decay_s22,v2,high_decay,22,random_regular,100,4,263,16,2.079441541671836,8,16,0.5,2,26
v2_high_decay_s22,v2,high_decay,22,random_regular,100,4,264,40,2.787788119369007,20,40,0.5,70,71
v2_high_decay_s22,v2,high_decay,22,random_regular,100,4,265,43,2.736339051089065,18,43,0.4186046511627907,40,33
v2_high_decay_s22,v2,high_decay,22,random_regular,100,4,266,105,3.5317496288789423,41,105,0.3904761904761905,98,71
v2_high_decay_s22,v2,high_decay,22,random_regular,100,4,267,4,-1.000088900581841e-12,1,4,0.25,2,33
v2_high_decay_s22,v2,high_decay,22,random_regular,100,4,268,89,3.309253284693306,38,89,0.42696629213483145,51,26
v2_high_decay_s22,v2,high_decay,22,random_regular,100,4,269,8,1.0986122886651095,3,8,0.375,27,71
v2_high_decay_s22,v2,high_decay,22,random_regular,100,4,270,0,0.0,0,0,,99,99
v2_high_decay_s22,v2,high_decay,22,random_regular,100,4,271,43,2.670119889791816,17,43,0.3953488372093023,74,71
v2_high_decay_s22,v2,high_decay,22,random_regular,100,4,272,29,1.9459101490483133,7,29,0.2413793103448276,2,99
v2_high_decay_s22,v2,high_decay,22,random_regular,100,4,273,146,3.521792536939174,47,146,0.3219178082191781,17,71
v2_high_decay_s22,v2,high_decay,22,random_regular,100,4,274,34,2.484906649776,12,34,0.35294117647058826,79,33
v2_high_decay_s22,v2,high_decay,22,random_regular,100,4,275,414,4.479228908292932,146,414,0.3526570048309179,59,26
v2_high_decay_s22,v2,high_decay,22,random_regular,100,4,276,25,2.61563057701355,15,25,0.6,29,33
v2_high_decay_s22,v2,high_decay,22,random_regular,100,4,277,38,2.5232109529398907,15,38,0.39473684210526316,67,99
v2_high_decay_s22,v2,high_decay,22,random_regular,100,4,278,5,1.3862943611158909,4,5,0.8,0,26
v2_high_decay_s22,v2,high_decay,22,random_regular,100,4,279,36,2.540036303807981,14,36,0.3888888888888889,15,54
v2_high_decay_s22,v2,high_decay,22,random_regular,100,4,280,5,1.0986122886651095,3,5,0.6,92,26
v2_high_decay_s22,v2,high_decay,22,random_regular,100,4,281,2,-1.000088900581841e-12,1,2,0.5,68,99
v2_high_decay_s22,v2,high_decay,22,random_regular,100,4,282,0,0.0,0,0,,26,26
v2_high_decay_s22,v2,high_decay,22,random_regular,100,4,283,319,4.501041642271646,116,319,0.36363636363636365,63,99
v2_high_decay_s22,v2,high_decay,22,random_regular,100,4,284,34,2.4762471329700326,17,34,0.5,92,71
v2_high_decay_s22,v2,high_decay,22,random_regular,100,4,285,0,0.0,0,0,,71,71
v2_high_decay_s22,v2,high_decay,22,random_regular,100,4,286,211,4.080898481074849,80,211,0.3791469194312796,90,26
v2_high_decay_s22,v2,high_decay,22,random_regular,100,4,287,0,0.0,0,0,,26,26
v2_high_decay_s22,v2,high_decay,22,random_regular,100,4,288,130,3.551750800435721,44,130,0.3384615384615385,19,99
v2_high_decay_s22,v2,high_decay,22,random_regular,100,4,289,4,-1.000088900581841e-12,1,4,0.25,59,26
v2_high_decay_s22,v2,high_decay,22,random_regular,100,4,290,33,2.639057329601259,14,33,0.42424242424242425,95,99
v2_high_decay_s22,v2,high_decay,22,random_regular,100,4,291,63,3.0149468801585937,23,63,0.36507936507936506,68,71
v2_high_decay_s22,v2,high_decay,22,random_regular,100,4,292,455,4.825060831534037,164,455,0.36043956043956044,48,26
v2_high_decay_s22,v2,high_decay,22,random_regular,100,4,293,0,0.0,0,0,,71,71
v2_high_decay_s22,v2,high_decay,22,random_regular,100,4,294,49,2.9444389791474395,19,49,0.3877551020408163,10,54
v2_high_decay_s22,v2,high_decay,22,random_regular,100,4,295,157,3.866068812498448,59,157,0.37579617834394907,18,99
v2_high_decay_s22,v2,high_decay,22,random_regular,100,4,296,47,2.9957322735339904,20,47,0.425531914893617,7,26
v2_high_decay_s22,v2,high_decay,22,random_regular,100,4,297,25,2.484906649776,12,25,0.48,70,54
v2_high_decay_s22,v2,high_decay,22,random_regular,100,4,298,113,3.563642803703097,44,113,0.3893805309734513,94,54
v2_high_decay_s22,v2,high_decay,22,random_regular,100,4,299,17,1.6094379124291005,5,17,0.29411764705882354,27,33
v2_high_decay_s22,v2,high_decay,22,random_regular,100,4,300,9,1.3862943611158909,4,9,0.4444444444444444,29,99
v2_high_decay_s22,v2,high_decay,22,random_regular,100,4,301,162,3.963935438772188,64,162,0.3950617283950617,20,71
v2_high_decay_s22,v2,high_decay,22,random_regular,100,4,302,99,3.368446457811075,38,99,0.3838383838383838,10,54
v2_high_decay_s22,v2,high_decay,22,random_regular,100,4,303,58,3.148793194444537,31,58,0.5344827586206896,42,99
v2_high_decay_s22,v2,high_decay,22,random_regular,100,4,304,37,2.540036303807981,14,37,0.3783783783783784,36,26
v2_high_decay_s22,v2,high_decay,22,random_regular,100,4,305,58,3.0280290732864104,22,58,0.3793103448275862,46,54
v2_high_decay_s22,v2,high_decay,22,random_regular,100,4,306,285,4.344341147533604,104,285,0.3649122807017544,11,71
v2_high_decay_s22,v2,high_decay,22,random_regular,100,4,307,15,2.302585092984045,10,15,0.6666666666666666,70,26
v2_high_decay_s22,v2,high_decay,22,random_regular,100,4,308,32,2.61563057701355,15,32,0.46875,6,54
v2_high_decay_s22,v2,high_decay,22,random_regular,100,4,309,0,0.0,0,0,,54,54
v2_high_decay_s22,v2,high_decay,22,random_regular,100,4,310,139,3.672697835848172,53,139,0.381294964028777,91,33
v2_high_decay_s22,v2,high_decay,22,random_regular,100,4,311,14,1.3862943611158909,4,14,0.2857142857142857,76,99
v2_high_decay_s22,v2,high_decay,22,random_regular,100,4,312,210,4.254564988043948,82,210,0.3904761904761905,77,33
v2_high_decay_s22,v2,high_decay,22,random_regular,100,4,313,44,2.8113759572431496,23,44,0.5227272727272727,58,26
v2_high_decay_s22,v2,high_decay,22,random_regular,100,4,314,113,3.318195339262485,38,113,0.336283185840708,75,26
v2_high_decay_s22,v2,high_decay,22,random_regular,100,4,315,4,1.0986122886651095,3,4,0.75,74,99
v2_high_decay_s22,v2,high_decay,22,random_regular,100,4,316,62,2.751666616915516,17,62,0.27419354838709675,24,99
v2_high_decay_s22,v2,high_decay,22,random_regular,100,4,317,202,4.007946061662762,68,202,0.33663366336633666,30,54
v2_high_decay_s22,v2,high_decay,22,random_regular,100,4,318,3,-1.000088900581841e-12,1,3,0.3333333333333333,89,71
v2_high_decay_s22,v2,high_decay,22,random_regular,100,4,319,89,3.4339872044541457,31,89,0.34831460674157305,80,26
v2_high_decay_s22,v2,high_decay,22,random_regular,100,4,320,55,3.0280290732864104,22,55,0.4,0,71
v2_high_decay_s22,v2,high_decay,22,random_regular,100,4,321,5,-1.000088900581841e-12,1,5,0.2,16,99
v2_high_decay_s22,v2,high_decay,22,random_regular,100,4,322,38,2.772588722223781,16,38,0.42105263157894735,10,54
v2_high_decay_s22,v2,high_decay,22,random_regular,100,4,323,100,3.3573060098708574,35,100,0.35,37,33
v2_high_decay_s22,v2,high_decay,22,random_regular,100,4,324,44,2.079441541671836,8,44,0.18181818181818182,74,71
v2_high_decay_s22,v2,high_decay,22,random_regular,100,4,325,6,1.0986122886651095,3,6,0.5,25,54
v2_high_decay_s22,v2,high_decay,22,random_regular,100,4,326,105,3.726795348248236,48,105,0.45714285714285713,63,33
v2_high_decay_s22,v2,high_decay,22,random_regular,100,4,327,422,4.674416177609029,147,422,0.34834123222748814,98,26
v2_high_decay_s22,v2,high_decay,22,random_regular,100,4,328,27,2.369382119683676,12,27,0.4444444444444444,37,71
v2_high_decay_s22,v2,high_decay,22,random_regular,100,4,329,191,3.931627959451669,70,191,0.36649214659685864,60,26
v2_high_decay_s22,v2,high_decay,22,random_regular,100,4,330,27,2.079441541671836,8,27,0.2962962962962963,1,54
v2_high_decay_s22,v2,high_decay,22,random_regular,100,4,331,6,1.0986122886651095,3,6,0.5,7,71
v2_high_decay_s22,v2,high_decay,22,random_regular,100,4,332,9,1.3862943611158909,4,9,0.4444444444444444,86,71
v2_high_decay_s22,v2,high_decay,22,random_regular,100,4,333,112,3.4013229622103696,39,112,0.3482142857142857,48,71
v2_high_decay_s22,v2,high_decay,22,random_regular,100,4,334,151,3.504566678824286,52,151,0.3443708609271523,82,54
v2_high_decay_s22,v2,high_decay,22,random_regular,100,4,335,7,0.6931471805579453,2,7,0.2857142857142857,86,71
v2_high_decay_s22,v2,high_decay,22,random_regular,100,4,336,86,3.2826939972510645,28,86,0.32558139534883723,60,33
v2_high_decay_s22,v2,high_decay,22,random_regular,100,4,337,513,4.849337640099194,192,513,0.3742690058479532,56,54
v2_high_decay_s22,v2,high_decay,22,random_regular,100,4,338,169,3.913061841686952,59,169,0.34911242603550297,69,54
v2_high_decay_s22,v2,high_decay,22,random_regular,100,4,339,53,2.7080502010872096,15,53,0.2830188679245283,10,54
v2_high_decay_s22,v2,high_decay,22,random_regular,100,4,340,104,3.5213776090567093,39,104,0.375,48,33
v2_high_decay_s22,v2,high_decay,22,random_regular,100,4,341,2,0.6931471805579453,2,2,1.0,17,26
v2_high_decay_s22,v2,high_decay,22,random_regular,100,4,342,77,3.120291565278284,24,77,0.3116883116883117,86,71
v2_high_decay_s22,v2,high_decay,22,random_regular,100,4,343,6,1.6094379124291005,5,6,0.8333333333333334,78,99
v2_high_decay_s22,v2,high_decay,22,random_regular,100,4,344,142,3.839509426606019,53,142,0.3732394366197183,27,26
v2_high_decay_s22,v2,high_decay,22,random_regular,100,4,345,0,0.0,0,0,,99,99
v2_high_decay_s22,v2,high_decay,22,random_regular,100,4,346,112,3.5213776090567093,39,112,0.3482142857142857,63,26
v2_high_decay_s22,v2,high_decay,22,random_regular,100,4,347,81,3.389268031515795,31,81,0.38271604938271603,45,26
v2_high_decay_s22,v2,high_decay,22,random_regular,100,4,348,10,1.3862943611158909,4,10,0.4,28,33
v2_high_decay_s22,v2,high_decay,22,random_regular,100,4,349,97,3.467994408329786,36,97,0.3711340206185567,1,71
v2_high_decay_s22,v2,high_decay,22,random_regular,100,4,350,24,1.9061547465328492,8,24,0.3333333333333333,5,33
v2_high_decay_s22,v2,high_decay,22,random_regular,100,4,351,111,3.507960989985824,39,111,0.35135135135135137,46,71
v2_high_decay_s22,v2,high_decay,22,random_regular,100,4,352,100,3.313961701542687,36,100,0.36,81,71
v2_high_decay_s22,v2,high_decay,22,random_regular,100,4,353,2,-1.000088900581841e-12,1,2,0.5,16,99
v2_high_decay_s22,v2,high_decay,22,random_regular,100,4,354,54,2.6593226976945163,18,54,0.3333333333333333,73,71
v2_high_decay_s22,v2,high_decay,22,random_regular,100,4,355,273,4.2711802593685775,98,273,0.358974358974359,97,99
v2_high_decay_s22,v2,high_decay,22,random_regular,100,4,356,4,-1.000088900581841e-12,1,4,0.25,11,54
v2_high_decay_s22,v2,high_decay,22,random_regular,100,4,357,48,2.670119889791816,17,48,0.3541666666666667,39,71
v2_high_decay_s22,v2,high_decay,22,random_regular,100,4,358,489,4.765862742735518,168,489,0.34355828220858897,25,33
v2_high_decay_s22,v2,high_decay,22,random_regular,100,4,359,146,3.8133529292274,53,146,0.363013698630137,92,99
v2_high_decay_s22,v2,high_decay,22,random_regular,100,4,360,26,2.079441541671836,8,26,0.3076923076923077,32,99
v2_high_decay_s22,v2,high_decay,22,random_regular,100,4,361,1,-1.000088900581841e-12,1,1,1.0,79,26
v2_high_decay_s22,v2,high_decay,22,random_regular,100,4,362,95,3.491660437469239,38,95,0.4,38,33
v2_high_decay_s22,v2,high_decay,22,random_regular,100,4,363,28,2.0253262207620675,10,28,0.35714285714285715,74,33
v2_high_decay_s22,v2,high_decay,22,random_regular,100,4,364,67,2.846480386116867,21,67,0.31343283582089554,21,99
v2_high_decay_s22,v2,high_decay,22,random_regular,100,4,365,251,4.249112059988892,89,251,0.3545816733067729,50,54
v2_high_decay_s22,v2,high_decay,22,random_regular,100,4,366,40,2.5400363038079807,14,40,0.35,23,71
v2_high_decay_s22,v2,high_decay,22,random_regular,100,4,367,66,3.062529300232621,24,66,0.36363636363636365,9,71
v2_high_decay_s22,v2,high_decay,22,random_regular,100,4,368,94,3.5783238363141483,41,94,0.43617021276595747,50,26
v2_high_decay_s22,v2,high_decay,22,random_regular,100,4,369,90,3.2625679455231658,30,90,0.3333333333333333,21,99
v2_high_decay_s22,v2,high_decay,22,random_regular,100,4,370,243,4.3585194667523455,91,243,0.37448559670781895,84,54
v2_high_decay_s22,v2,high_decay,22,random_regular,100,4,371,132,3.350818657020632,44,132,0.3333333333333333,21,33
v2_high_decay_s22,v2,high_decay,22,random_regular,100,4,372,56,2.177484487098498,20,56,0.35714285714285715,15,33
v2_high_decay_s22,v2,high_decay,22,random_regular,100,4,373,15,1.6094379124291005,5,15,0.3333333333333333,16,71
v2_high_decay_s22,v2,high_decay,22,random_regular,100,4,374,25,1.791759469222055,6,25,0.24,48,71
v2_high_decay_s22,v2,high_decay,22,random_regular,100,4,375,140,3.795914420803827,51,140,0.36428571428571427,51,71
v2_high_decay_s22,v2,high_decay,22,random_regular,100,4,376,127,3.2924491076317413,32,127,0.25196850393700787,50,54
v2_high_decay_s22,v2,high_decay,22,random_regular,100,4,377,1,-1.000088900581841e-12,1,1,1.0,11,54
v2_high_decay_s22,v2,high_decay,22,random_regular,100,4,378,1,-1.000088900581841e-12,1,1,1.0,81,33
v2_high_decay_s22,v2,high_decay,22,random_regular,100,4,379,41,2.441015278014703,14,41,0.34146341463414637,21,99
v2_high_decay_s22,v2,high_decay,22,random_regular,100,4,380,198,3.9385434197382567,77,198,0.3888888888888889,23,26
v2_high_decay_s22,v2,high_decay,22,random_regular,100,4,381,503,4.681814251788046,159,503,0.31610337972166996,8,54
v2_high_decay_s22,v2,high_decay,22,random_regular,100,4,382,139,3.735202719174468,50,139,0.3597122302158273,36,33
v2_high_decay_s22,v2,high_decay,22,random_regular,100,4,383,47,2.5070264355444176,17,47,0.3617021276595745,5,71
v2_high_decay_s22,v2,high_decay,22,random_regular,100,4,384,61,2.9785084205072385,21,61,0.3442622950819672,50,33
v2_high_decay_s22,v2,high_decay,22,random_regular,100,4,385,1,-1.000088900581841e-12,1,1,1.0,34,99
v2_high_decay_s22,v2,high_decay,22,random_regular,100,4,386,42,2.553681558015796,20,42,0.47619047619047616,42,71
v2_high_decay_s22,v2,high_decay,22,random_regular,100,4,387,314,4.459662657229701,120,314,0.3821656050955414,25,33
v2_high_decay_s22,v2,high_decay,22,random_regular,100,4,388,24,2.079441541671836,8,24,0.3333333333333333,4,33
v2_high_decay_s22,v2,high_decay,22,random_regular,100,4,389,86,3.1239385094141774,30,86,0.3488372093023256,32,54
v2_high_decay_s22,v2,high_decay,22,random_regular,100,4,390,0,0.0,0,0,,54,54
v2_high_decay_s22,v2,high_decay,22,random_regular,100,4,391,107,3.617683558888374,46,107,0.42990654205607476,88,26
v2_high_decay_s22,v2,high_decay,22,random_regular,100,4,392,15,1.0986122886651095,3,15,0.2,76,99
v2_high_decay_s22,v2,high_decay,22,random_regular,100,4,393,4,0.6931471805579453,2,4,0.5,18,71
v2_high_decay_s22,v2,high_decay,22,random_regular,100,4,394,241,4.119043117553822,98,241,0.4066390041493776,46,99
v2_high_decay_s22,v2,high_decay,22,random_regular,100,4,395,49,2.947004770141297,24,49,0.4897959183673469,41,71
v2_high_decay_s22,v2,high_decay,22,random_regular,100,4,396,101,3.444813797459462,34,101,0.33663366336633666,37,26
v2_high_decay_s22,v2,high_decay,22,random_regular,100,4,397,233,4.228810654518775,83,233,0.3562231759656652,80,71
v2_high_decay_s22,v2,high_decay,22,random_regular,100,4,398,122,3.7113914345883634,49,122,0.4016393442622951,4,26
v2_high_decay_s22,v2,high_decay,22,random_regular,100,4,399,25,2.3978952727873706,11,25,0.44,68,99
v2_high_decay_s22,v2,high_decay,22,random_regular,100,4,400,19,1.7328679513938632,8,19,0.42105263157894735,46,71
v2_high_decay_s22,v2,high_decay,22,random_regular,100,4,401,172,3.7467534250920496,67,172,0.38953488372093026,20,26
v2_high_decay_s22,v2,high_decay,22,random_regular,100,4,402,142,3.658162873776453,44,142,0.30985915492957744,43,54
v2_high_decay_s22,v2,high_decay,22,random_regular,100,4,403,240,4.284526930921643,96,240,0.4,72,99
v2_high_decay_s22,v2,high_decay,22,random_regular,100,4,404,17,1.791759469222055,6,17,0.35294117647058826,74,33
v2_high_decay_s22,v2,high_decay,22,random_regular,100,4,405,3,-1.000088900581841e-12,1,3,0.3333333333333333,81,33
v2_high_decay_s22,v2,high_decay,22,random_regular,100,4,406,128,3.732165102848344,47,128,0.3671875,8,71
v2_high_decay_s22,v2,high_decay,22,random_regular,100,4,407,0,0.0,0,0,,54,54
v2_high_decay_s22,v2,high_decay,22,random_regular,100,4,408,85,3.146132506787109,32,85,0.3764705882352941,61,99
v2_high_decay_s22,v2,high_decay,22,random_regular,100,4,409,225,4.115814439949874,95,225,0.4222222222222222,72,99
v2_high_decay_s22,v2,high_decay,22,random_regular,100,4,410,17,2.197224577327219,9,17,0.5294117647058824,57,99
v2_high_decay_s22,v2,high_decay,22,random_regular,100,4,411,4,0.6931471805579453,2,4,0.5,55,99
v2_high_decay_s22,v2,high_decay,22,random_regular,100,4,412,77,3.134162458562648,28,77,0.36363636363636365,82,33
v2_high_decay_s22,v2,high_decay,22,random_regular,100,4,413,98,3.480935299911953,40,98,0.40816326530612246,5,33
v2_high_decay_s22,v2,high_decay,22,random_regular,100,4,414,36,2.5649493574485365,13,36,0.3611111111111111,2,33
v2_high_decay_s22,v2,high_decay,22,random_regular,100,4,415,77,3.4276396309268446,38,77,0.4935064935064935,23,33
v2_high_decay_s22,v2,high_decay,22,random_regular,100,4,416,178,3.664523720486966,52,178,0.29213483146067415,16,33
v2_high_decay_s22,v2,high_decay,22,random_regular,100,4,417,92,3.5213776090567093,39,92,0.42391304347826086,37,26
v2_high_decay_s22,v2,high_decay,22,random_regular,100,4,418,137,3.975841177784009,56,137,0.40875912408759124,14,33
v2_high_decay_s22,v2,high_decay,22,random_regular,100,4,419,17,1.791759469222055,6,17,0.35294117647058826,83,71
v2_high_decay_s22,v2,high_decay,22,random_regular,100,4,420,57,2.926417555478996,20,57,0.3508771929824561,65,71
v2_high_decay_s22,v2,high_decay,22,random_regular,100,4,421,7,1.6094379124291005,5,7,0.7142857142857143,90,71
v2_high_decay_s22,v2,high_decay,22,random_regular,100,4,422,36,2.3516733018936304,13,36,0.3611111111111111,32,33
v2_high_decay_s22,v2,high_decay,22,random_regular,100,4,423,350,4.488774966369909,127,350,0.3628571428571429,46,26
v2_high_decay_s22,v2,high_decay,22,random_regular,100,4,424,47,3.044522437702424,21,47,0.44680851063829785,64,54
v2_high_decay_s22,v2,high_decay,22,random_regular,100,4,425,19,1.7478680974607577,7,19,0.3684210526315789,3,33
v2_high_decay_s22,v2,high_decay,22,random_regular,100,4,426,69,3.244492630381296,27,69,0.391304347826087,97,71
v2_high_decay_s22,v2,high_decay,22,random_regular,100,4,427,187,4.026275957417611,75,187,0.40106951871657753,29,71
v2_high_decay_s22,v2,high_decay,22,random_regular,100,4,428,250,4.195852838925525,85,250,0.34,12,71
v2_high_decay_s22,v2,high_decay,22,random_regular,100,4,429,53,3.218875824843201,25,53,0.4716981132075472,66,99
v2_high_decay_s22,v2,high_decay,22,random_regular,100,4,430,0,0.0,0,0,,71,71
v2_high_decay_s22,v2,high_decay,22,random_regular,100,4,431,223,4.322189103216527,82,223,0.36771300448430494,32,33
v2_high_decay_s22,v2,high_decay,22,random_regular,100,4,432,274,4.336838694466758,96,274,0.35036496350364965,13,33
v2_high_decay_s22,v2,high_decay,22,random_regular,100,4,433,25,2.484906649776,12,25,0.48,80,26
v2_high_decay_s22,v2,high_decay,22,random_regular,100,4,434,90,3.3071040554882205,34,90,0.37777777777777777,30,26
v2_high_decay_s22,v2,high_decay,22,random_regular,100,4,435,55,2.838988933136699,22,55,0.4,79,33
v2_high_decay_s22,v2,high_decay,22,random_regular,100,4,436,207,4.023815052779218,72,207,0.34782608695652173,96,33
v2_high_decay_s22,v2,high_decay,22,random_regular,100,4,437,11,1.9459101490483133,7,11,0.6363636363636364,69,71
v2_high_decay_s22,v2,high_decay,22,random_regular,100,4,438,79,2.912494403312053,21,79,0.26582278481012656,13,26
v2_high_decay_s22,v2,high_decay,22,random_regular,100,4,439,527,4.720652057677158,183,527,0.34724857685009486,17,26
v2_high_decay_s22,v2,high_decay,22,random_regular,100,4,440,12,1.6094379124291005,5,12,0.4166666666666667,55,71
v2_high_decay_s22,v2,high_decay,22,random_regular,100,4,441,36,2.3978952727873706,11,36,0.3055555555555556,44,71
v2_high_decay_s22,v2,high_decay,22,random_regular,100,4,442,0,0.0,0,0,,99,99
v2_high_decay_s22,v2,high_decay,22,random_regular,100,4,443,24,2.0431918705371204,9,24,0.375,92,54
v2_high_decay_s22,v2,high_decay,22,random_regular,100,4,444,120,3.721176253825357,44,120,0.36666666666666664,56,26
v2_high_decay_s22,v2,high_decay,22,random_regular,100,4,445,0,0.0,0,0,,54,54
v2_high_decay_s22,v2,high_decay,22,random_regular,100,4,446,361,4.553677887200769,121,361,0.33518005540166207,58,99
v2_high_decay_s22,v2,high_decay,22,random_regular,100,4,447,300,4.242473970856342,111,300,0.37,4,54
v2_high_decay_s22,v2,high_decay,22,random_regular,100,4,448,88,3.2238860684653137,29,88,0.32954545454545453,17,26
v2_high_decay_s22,v2,high_decay,22,random_regular,100,4,449,138,3.5137264175968235,48,138,0.34782608695652173,15,71
v2_high_decay_s22,v2,high_decay,22,random_regular,100,4,450,2,-1.000088900581841e-12,1,2,0.5,11,54
v2_high_decay_s22,v2,high_decay,22,random_regular,100,4,451,150,3.791286676867748,52,150,0.3466666666666667,37,54
v2_high_decay_s22,v2,high_decay,22,random_regular,100,4,452,133,3.6280156368321625,39,133,0.2932330827067669,7,33
v2_high_decay_s22,v2,high_decay,22,random_regular,100,4,453,53,2.9444389791474395,19,53,0.3584905660377358,45,99
v2_high_decay_s22,v2,high_decay,22,random_regular,100,4,454,162,3.931733637286508,65,162,0.4012345679012346,44,71
v2_high_decay_s22,v2,high_decay,22,random_regular,100,4,455,17,1.7478680974607577,7,17,0.4117647058823529,12,26
v2_high_decay_s22,v2,high_decay,22,random_regular,100,4,456,93,3.5155926589389503,40,93,0.43010752688172044,41,71
v2_high_decay_s22,v2,high_decay,22,random_regular,100,4,457,92,3.134162458562648,28,92,0.30434782608695654,37,71
v2_high_decay_s22,v2,high_decay,22,random_regular,100,4,458,14,1.5607104090364068,6,14,0.42857142857142855,55,99
v2_high_decay_s22,v2,high_decay,22,random_regular,100,4,459,3,1.0986122886651095,3,3,1.0,46,71
v2_high_decay_s22,v2,high_decay,22,random_regular,100,4,460,7,1.0986122886651095,3,7,0.42857142857142855,48,99
v2_high_decay_s22,v2,high_decay,22,random_regular,100,4,461,230,4.150213199127842,80,230,0.34782608695652173,85,54
v2_high_decay_s22,v2,high_decay,22,random_regular,100,4,462,40,2.685945324654788,16,40,0.4,38,54
v2_high_decay_s22,v2,high_decay,22,random_regular,100,4,463,123,3.55838243297079,50,123,0.4065040650406504,47,54
v2_high_decay_s22,v2,high_decay,22,random_regular,100,4,464,49,2.562305195739483,23,49,0.46938775510204084,39,99
v2_high_decay_s22,v2,high_decay,22,random_regular,100,4,465,168,3.925923084888047,64,168,0.38095238095238093,89,99
v2_high_decay_s22,v2,high_decay,22,random_regular,100,4,466,118,3.6401519506812425,48,118,0.4067796610169492,3,26
v2_high_decay_s22,v2,high_decay,22,random_regular,100,4,467,8,1.0986122886651095,3,8,0.375,17,71
v2_high_decay_s22,v2,high_decay,22,random_regular,100,4,468,149,3.7545647056209694,52,149,0.348993288590604,43,71
v2_high_decay_s22,v2,high_decay,22,random_regular,100,4,469,100,3.728960711904589,43,100,0.43,5,54
v2_high_decay_s22,v2,high_decay,22,random_regular,100,4,470,223,3.952134280614258,77,223,0.3452914798206278,87,99
v2_high_decay_s22,v2,high_decay,22,random_regular,100,4,471,166,3.690218180291666,61,166,0.3674698795180723,80,26
v2_high_decay_s22,v2,high_decay,22,random_regular,100,4,472,48,2.9444389791474395,19,48,0.3958333333333333,89,26
v2_high_decay_s22,v2,high_decay,22,random_regular,100,4,473,60,2.857102837424001,20,60,0.3333333333333333,21,54
v2_high_decay_s22,v2,high_decay,22,random_regular,100,4,474,73,3.039115687997164,27,73,0.3698630136986301,84,54
v2_high_decay_s22,v2,high_decay,22,random_regular,100,4,475,25,2.197224577327219,9,25,0.36,93,26
v2_high_decay_s22,v2,high_decay,22,random_regular,100,4,476,6,1.3862943611158909,4,6,0.6666666666666666,88,71
v2_high_decay_s22,v2,high_decay,22,random_regular,100,4,477,92,3.2551105127007407,31,92,0.33695652173913043,6,33
v2_high_decay_s22,v2,high_decay,22,random_regular,100,4,478,244,3.949999129151612,98,244,0.4016393442622951,5,33
v2_high_decay_s22,v2,high_decay,22,random_regular,100,4,479,220,4.1283908040331765,74,220,0.33636363636363636,57,33
v2_high_decay_s22,v2,high_decay,22,random_regular,100,4,480,194,4.028332743442937,68,194,0.35051546391752575,4,71
v2_high_decay_s22,v2,high_decay,22,random_regular,100,4,481,27,2.253857589591352,12,27,0.4444444444444444,69,71
v2_high_decay_s22,v2,high_decay,22,random_regular,100,4,482,63,2.476220649585165,18,63,0.2857142857142857,47,71
v2_high_decay_s22,v2,high_decay,22,random_regular,100,4,483,27,1.6094379124291005,5,27,0.18518518518518517,47,33
v2_high_decay_s22,v2,high_decay,22,random_regular,100,4,484,28,1.9459101490483133,7,28,0.25,38,26
v2_high_decay_s22,v2,high_decay,22,random_regular,100,4,485,44,2.5232109529398907,15,44,0.3409090909090909,62,71
v2_high_decay_s22,v2,high_decay,22,random_regular,100,4,486,24,2.369382119683676,12,24,0.5,64,54
v2_high_decay_s22,v2,high_decay,22,random_regular,100,4,487,53,2.8903717578781647,18,53,0.33962264150943394,19,71
v2_high_decay_s22,v2,high_decay,22,random_regular,100,4,488,73,3.370480801334671,33,73,0.4520547945205479,21,33
v2_high_decay_s22,v2,high_decay,22,random_regular,100,4,489,370,4.426407467793213,116,370,0.31351351351351353,58,54
v2_high_decay_s22,v2,high_decay,22,random_regular,100,4,490,32,2.5649493574485365,13,32,0.40625,84,26
v2_high_decay_s22,v2,high_decay,22,random_regular,100,4,491,32,2.369382119683676,12,32,0.375,60,26
v2_high_decay_s22,v2,high_decay,22,random_regular,100,4,492,139,3.7871964318487783,53,139,0.381294964028777,34,71
v2_high_decay_s22,v2,high_decay,22,random_regular,100,4,493,201,4.1994999238131605,83,201,0.4129353233830846,66,54
v2_high_decay_s22,v2,high_decay,22,random_regular,100,4,494,43,2.912494403312053,21,43,0.4883720930232558,1,71
v2_high_decay_s22,v2,high_decay,22,random_regular,100,4,495,51,2.7985132569262934,19,51,0.37254901960784315,0,71
v2_high_decay_s22,v2,high_decay,22,random_regular,100,4,496,3,1.0986122886651095,3,3,1.0,16,99
v2_high_decay_s22,v2,high_decay,22,random_regular,100,4,497,142,3.5744827353519617,52,142,0.36619718309859156,41,71
v2_high_decay_s22,v2,high_decay,22,random_regular,100,4,498,174,4.116728017313157,74,174,0.42528735632183906,13,71
v2_high_decay_s22,v2,high_decay,22,random_regular,100,4,499,12,1.0986122886651095,3,12,0.25,60,33
v2_high_decay_s22,v2,high_decay,22,random_regular,100,4,500,7,1.0986122886651095,3,7,0.42857142857142855,19,71
v2_high_decay_s22,v2,high_decay,22,random_regular,100,4,501,275,4.400843043650405,103,275,0.37454545454545457,34,71
v2_high_decay_s22,v2,high_decay,22,random_regular,100,4,502,2,-1.000088900581841e-12,1,2,0.5,89,71
v2_high_decay_s22,v2,high_decay,22,random_regular,100,4,503,329,4.529803710724003,122,329,0.3708206686930091,89,99
v2_high_decay_s22,v2,high_decay,22,random_regular,100,4,504,6,0.6931471805579453,2,6,0.3333333333333333,9,33
v2_high_decay_s22,v2,high_decay,22,random_regular,100,4,505,37,2.369382119683676,12,37,0.32432432432432434,91,26
v2_high_decay_s22,v2,high_decay,22,random_regular,100,4,506,53,3.028029073286411,22,53,0.41509433962264153,63,71
v2_high_decay_s22,v2,high_decay,22,random_regular,100,4,507,173,3.7633848652395816,73,173,0.42196531791907516,80,26
v2_high_decay_s22,v2,high_decay,22,random_regular,100,4,508,12,2.079441541671836,8,12,0.6666666666666666,50,71
v2_high_decay_s22,v2,high_decay,22,random_regular,100,4,509,198,4.218318044864343,85,198,0.4292929292929293,56,99
v2_high_decay_s22,v2,high_decay,22,random_regular,100,4,510,172,3.784119836416447,71,172,0.4127906976744186,32,54
v2_high_decay_s22,v2,high_decay,22,random_regular,100,4,511,20,1.9459101490483133,7,20,0.35,37,54
v2_high_decay_s22,v2,high_decay,22,random_regular,100,4,512,167,3.713635781714924,58,167,0.3473053892215569,13,33
v2_high_decay_s22,v2,high_decay,22,random_regular,100,4,513,35,2.685945324654788,16,35,0.45714285714285713,87,99
v2_high_decay_s22,v2,high_decay,22,random_regular,100,4,514,63,3.062529300232621,24,63,0.38095238095238093,75,26
v2_high_decay_s22,v2,high_decay,22,random_regular,100,4,515,74,3.098139496330803,26,74,0.35135135135135137,64,71
v2_high_decay_s22,v2,high_decay,22,random_regular,100,4,516,76,2.858006239648225,30,76,0.39473684210526316,44,99
v2_high_decay_s22,v2,high_decay,22,random_regular,100,4,517,40,2.197224577327219,9,40,0.225,3,99
v2_high_decay_s22,v2,high_decay,22,random_regular,100,4,518,54,3.0752205480323718,23,54,0.42592592592592593,43,71
v2_high_decay_s22,v2,high_decay,22,random_regular,100,4,519,158,3.8124052216187394,58,158,0.3670886075949367,24,99
v2_high_decay_s22,v2,high_decay,22,random_regular,100,4,520,105,3.3176975995541467,35,105,0.3333333333333333,50,26
v2_high_decay_s22,v2,high_decay,22,random_regular,100,4,521,147,3.660636403696968,55,147,0.3741496598639456,94,26
v2_high_decay_s22,v2,high_decay,22,random_regular,100,4,522,228,4.175545869107399,85,228,0.37280701754385964,89,54
v2_high_decay_s22,v2,high_decay,22,random_regular,100,4,523,172,3.869229995169538,58,172,0.3372093023255814,68,33
v2_high_decay_s22,v2,high_decay,22,random_regular,100,4,524,29,2.4762471329700326,17,29,0.5862068965517241,34,71
v2_high_decay_s22,v2,high_decay,22,random_regular,100,4,525,29,2.1639556568730565,10,29,0.3448275862068966,42,26
v2_high_decay_s22,v2,high_decay,22,random_regular,100,4,526,1,-1.000088900581841e-12,1,1,1.0,34,99
v2_high_decay_s22,v2,high_decay,22,random_regular,100,4,527,88,3.3965013985297823,41,88,0.4659090909090909,46,26
v2_high_decay_s22,v2,high_decay,22,random_regular,100,4,528,82,2.865235252429845,25,82,0.3048780487804878,80,54
v2_high_decay_s22,v2,high_decay,22,random_regular,100,4,529,6,1.0986122886651095,3,6,0.5,24,71
v2_high_decay_s22,v2,high_decay,22,random_regular,100,4,530,43,2.772588722223781,16,43,0.37209302325581395,74,33
v2_high_decay_s22,v2,high_decay,22,random_regular,100,4,531,130,3.763214141514259,59,130,0.45384615384615384,70,33
v2_high_decay_s22,v2,high_decay,22,random_regular,100,4,532,152,3.9550953008842975,69,152,0.45394736842105265,85,71
v2_high_decay_s22,v2,high_decay,22,random_regular,100,4,533,21,2.302585092984045,10,21,0.47619047619047616,92,71
v2_high_decay_s22,v2,high_decay,22,random_regular,100,4,534,29,2.341994252221425,14,29,0.4827586206896552,97,26
v2_high_decay_s22,v2,high_decay,22,random_regular,100,4,535,196,4.093467946160779,69,196,0.3520408163265306,27,99
v2_high_decay_s22,v2,high_decay,22,random_regular,100,4,536,40,2.3978952727873706,11,40,0.275,97,71
v2_high_decay_s22,v2,high_decay,22,random_regular,100,4,537,67,2.630253356374264,18,67,0.26865671641791045,42,33
v2_high_decay_s22,v2,high_decay,22,random_regular,100,4,538,3,0.6931471805579453,2,3,0.6666666666666666,16,33
v2_high_decay_s22,v2,high_decay,22,random_regular,100,4,539,51,3.052520501511814,25,51,0.49019607843137253,36,26
v2_high_decay_s22,v2,high_decay,22,random_regular,100,4,540,247,4.104791927959183,84,247,0.340080971659919,42,99
v2_high_decay_s22,v2,high_decay,22,random_regular,100,4,541,198,4.074397987441414,73,198,0.3686868686868687,59,71
v2_high_decay_s22,v2,high_decay,22,random_regular,100,4,542,277,3.965846122218743,102,277,0.36823104693140796,50,26
v2_high_decay_s22,v2,high_decay,22,random_regular,100,4,543,116,3.4768876635522776,41,116,0.35344827586206895,2,71
v2_high_decay_s22,v2,high_decay,22,random_regular,100,4,544,0,0.0,0,0,,99,99
v2_high_decay_s22,v2,high_decay,22,random_regular,100,4,545,42,2.61563057701355,15,42,0.35714285714285715,96,26
v2_high_decay_s22,v2,high_decay,22,random_regular,100,4,546,81,2.3968108529161274,27,81,0.3333333333333333,61,33
v2_high_decay_s22,v2,high_decay,22,random_regular,100,4,547,47,2.857102837424001,20,47,0.425531914893617,79,26
v2_high_decay_s22,v2,high_decay,22,random_regular,100,4,548,81,3.039115687997164,27,81,0.3333333333333333,72,26
v2_high_decay_s22,v2,high_decay,22,random_regular,100,4,549,67,2.6229962760707903,20,67,0.29850746268656714,84,71
v2_high_decay_s22,v2,high_decay,22,random_regular,100,4,550,113,3.2695409260720805,41,113,0.36283185840707965,76,54
v2_high_decay_s22,v2,high_decay,22,random_regular,100,4,551,0,0.0,0,0,,33,33
v2_high_decay_s22,v2,high_decay,22,random_regular,100,4,552,40,2.670119889791816,17,40,0.425,96,33
v2_high_decay_s22,v2,high_decay,22,random_regular,100,4,553,292,4.156124887942331,103,292,0.3527397260273973,22,71
v2_high_decay_s22,v2,high_decay,22,random_regular,100,4,554,2,-1.000088900581841e-12,1,2,0.5,24,71
v2_high_decay_s22,v2,high_decay,22,random_regular,100,4,555,89,3.2451263407310145,30,89,0.33707865168539325,87,33
v2_high_decay_s22,v2,high_decay,22,random_regular,100,4,556,38,2.441015278014703,14,38,0.3684210526315789,42,33
v2_high_decay_s22,v2,high_decay,22,random_regular,100,4,557,191,3.955759686525867,64,191,0.33507853403141363,75,71
v2_high_decay_s22,v2,high_decay,22,random_regular,100,4,558,62,3.10797227595561,25,62,0.4032258064516129,72,71
v2_high_decay_s22,v2,high_decay,22,random_regular,100,4,559,215,4.042874654016815,83,215,0.386046511627907,30,71
v2_high_decay_s22,v2,high_decay,22,random_regular,100,4,560,6,0.6931471805579453,2,6,0.3333333333333333,55,99
v2_high_decay_s22,v2,high_decay,22,random_regular,100,4,561,76,3.2463841835256595,36,76,0.47368421052631576,92,26
v2_high_decay_s22,v2,high_decay,22,random_regular,100,4,562,281,4.2519534082715245,94,281,0.33451957295373663,52,71
v2_high_decay_s22,v2,high_decay,22,random_regular,100,4,563,39,2.5649493574485365,13,39,0.3333333333333333,78,71
v2_high_decay_s22,v2,high_decay,22,random_regular,100,4,564,27,2.3978952727873706,11,27,0.4074074074074074,76,26
v2_high_decay_s22,v2,high_decay,22,random_regular,100,4,565,48,2.7985132569262934,19,48,0.3958333333333333,61,54
v2_high_decay_s22,v2,high_decay,22,random_regular,100,4,566,2,-1.000088900581841e-12,1,2,0.5,79,26
v2_high_decay_s22,v2,high_decay,22,random_regular,100,4,567,218,3.9744456478700863,79,218,0.3623853211009174,23,26
v2_high_decay_s22,v2,high_decay,22,random_regular,100,4,568,195,3.710407610296071,65,195,0.3333333333333333,72,71
v2_high_decay_s22,v2,high_decay,22,random_regular,100,4,569,0,0.0,0,0,,71,71
v2_high_decay_s22,v2,high_decay,22,random_regular,100,4,570,127,3.639483673884737,51,127,0.4015748031496063,76,26
v2_high_decay_s22,v2,high_decay,22,random_regular,100,4,571,103,3.444813797459462,34,103,0.3300970873786408,98,54
v2_high_decay_s22,v2,high_decay,22,random_regular,100,4,572,8,-1.000088900581841e-12,1,8,0.125,2,33
v2_high_decay_s22,v2,high_decay,22,random_regular,100,4,573,18,1.791759469222055,6,18,0.3333333333333333,93,71
v2_high_decay_s22,v2,high_decay,22,random_regular,100,4,574,13,1.3862943611158909,4,13,0.3076923076923077,23,54
v2_high_decay_s22,v2,high_decay,22,random_regular,100,4,575,18,1.0986122886651095,3,18,0.16666666666666666,98,71
v2_high_decay_s22,v2,high_decay,22,random_regular,100,4,576,33,2.302585092984045,10,33,0.30303030303030304,92,71
v2_high_decay_s22,v2,high_decay,22,random_regular,100,4,577,28,2.3516733018936304,13,28,0.4642857142857143,68,33
v2_high_decay_s22,v2,high_decay,22,random_regular,100,4,578,103,3.66448190441264,43,103,0.4174757281553398,79,99
v2_high_decay_s22,v2,high_decay,22,random_regular,100,4,579,48,2.540036303807981,14,48,0.2916666666666667,0,26
v2_high_decay_s22,v2,high_decay,22,random_regular,100,4,580,101,3.4761312408209912,35,101,0.3465346534653465,29,99
v2_high_decay_s22,v2,high_decay,22,random_regular,100,4,581,26,2.639057329601259,14,26,0.5384615384615384,39,33
v2_high_decay_s22,v2,high_decay,22,random_regular,100,4,582,256,4.139096791732145,87,256,0.33984375,95,33
v2_high_decay_s22,v2,high_decay,22,random_regular,100,4,583,64,2.894399544411038,23,64,0.359375,25,26
v2_high_decay_s22,v2,high_decay,22,random_regular,100,4,584,0,0.0,0,0,,99,99
v2_high_decay_s22,v2,high_decay,22,random_regular,100,4,585,96,3.6280156368321625,39,96,0.40625,90,33
v2_high_decay_s22,v2,high_decay,22,random_regular,100,4,586,30,2.0253262207620675,10,30,0.3333333333333333,70,26
v2_high_decay_s22,v2,high_decay,22,random_regular,100,4,587,108,3.2970367495686386,37,108,0.3425925925925926,61,71
v2_high_decay_s22,v2,high_decay,22,random_regular,100,4,588,25,2.302585092984045,10,25,0.4,47,26
v2_high_decay_s22,v2,high_decay,22,random_regular,100,4,589,2,-1.000088900581841e-12,1,2,0.5,59,26
v2_high_decay_s22,v2,high_decay,22,random_regular,100,4,590,67,3.299829685639092,31,67,0.4626865671641791,72,33
v2_high_decay_s22,v2,high_decay,22,random_regular,100,4,591,91,3.5434265702089243,43,91,0.4725274725274725,1,71
v2_high_decay_s22,v2,high_decay,22,random_regular,100,4,592,62,3.299829685639092,31,62,0.5,28,54
v2_high_decay_s22,v2,high_decay,22,random_regular,100,4,593,72,2.947004770141297,24,72,0.3333333333333333,84,99
v2_high_decay_s22,v2,high_decay,22,random_regular,100,4,594,15,1.3321790402061222,5,15,0.3333333333333333,62,99
v2_high_decay_s22,v2,high_decay,22,random_regular,100,4,595,111,3.5636428037030967,44,111,0.3963963963963964,76,33
v2_high_decay_s22,v2,high_decay,22,random_regular,100,4,596,65,2.625048158717539,19,65,0.2923076923076923,61,33
v2_high_decay_s22,v2,high_decay,22,random_regular,100,4,597,90,3.381964473222867,35,90,0.3888888888888889,25,99
v2_high_decay_s22,v2,high_decay,22,random_regular,100,4,598,31,2.1639556568730565,10,31,0.3225806451612903,0,33
v2_high_decay_s22,v2,high_decay,22,random_regular,100,4,599,48,2.751666616915516,17,48,0.3541666666666667,12,71
v2_high_decay_s22,v2,high_decay,22,random_regular,100,4,600,95,3.128724192456989,33,95,0.3473684210526316,91,54
v2_high_decay_s22,v2,high_decay,22,random_regular,100,4,601,121,3.632545289508276,47,121,0.3884297520661157,87,26
v2_high_decay_s22,v2,high_decay,22,random_regular,100,4,602,570,4.8915324998574565,204,570,0.35789473684210527,44,33
v2_high_decay_s22,v2,high_decay,22,random_regular,100,4,603,99,3.6011047291335987,38,99,0.3838383838383838,9,54
v2_high_decay_s22,v2,high_decay,22,random_regular,100,4,604,92,3.4040404338981127,34,92,0.3695652173913043,63,54
v2_high_decay_s22,v2,high_decay,22,random_regular,100,4,605,394,4.576550927586265,147,394,0.3730964467005076,81,99
v2_high_decay_s22,v2,high_decay,22,random_regular,100,4,606,235,4.079123625188539,82,235,0.34893617021276596,68,54
v2_high_decay_s22,v2,high_decay,22,random_regular,100,4,607,103,3.3985393782638447,40,103,0.3883495145631068,23,54
v2_high_decay_s22,v2,high_decay,22,random_regular,100,4,608,77,3.10797227595561,25,77,0.3246753246753247,95,71
v2_high_decay_s22,v2,high_decay,22,random_regular,100,4,609,507,4.675478646375833,150,507,0.2958579881656805,88,54
v2_high_decay_s22,v2,high_decay,22,random_regular,100,4,610,38,2.4410152780147034,14,38,0.3684210526315789,66,26
v2_high_decay_s22,v2,high_decay,22,random_regular,100,4,611,15,1.3862943611158909,4,15,0.26666666666666666,73,71
v2_high_decay_s22,v2,high_decay,22,random_regular,100,4,612,5,1.0986122886651095,3,5,0.6,48,99
v2_high_decay_s22,v2,high_decay,22,random_regular,100,4,613,5,1.0986122886651095,3,5,0.6,79,26
v2_high_decay_s22,v2,high_decay,22,random_regular,100,4,614,151,4.134620165178781,72,151,0.4768211920529801,5,71
v2_high_decay_s22,v2,high_decay,22,random_regular,100,4,615,136,3.721030401006437,51,136,0.375,30,33
v2_high_decay_s22,v2,high_decay,22,random_regular,100,4,616,136,3.669285981856381,50,136,0.36764705882352944,28,33
v2_high_decay_s22,v2,high_decay,22,random_regular,100,4,617,143,3.6322425006666657,43,143,0.3006993006993007,58,33
v2_high_decay_s22,v2,high_decay,22,random_regular,100,4,618,32,2.197224577327219,9,32,0.28125,0,33
v2_high_decay_s22,v2,high_decay,22,random_regular,100,4,619,4,0.6931471805579453,2,4,0.5,68,99
v2_high_decay_s22,v2,high_decay,22,random_regular,100,4,620,98,3.4761312408209912,35,98,0.35714285714285715,8,26
v2_high_decay_s22,v2,high_decay,22,random_regular,100,4,621,47,2.430791328866232,15,47,0.3191489361702128,95,99
v2_high_decay_s22,v2,high_decay,22,random_regular,100,4,622,134,3.5726345752559063,42,134,0.31343283582089554,16,26
v2_high_decay_s22,v2,high_decay,22,random_regular,100,4,623,38,2.751666616915516,17,38,0.4473684210526316,61,71
v2_high_decay_s22,v2,high_decay,22,random_regular,100,4,624,2,0.6931471805579453,2,2,1.0,23,26
v2_high_decay_s22,v2,high_decay,22,random_regular,100,4,625,101,3.4149515609728844,36,101,0.3564356435643564,45,33
v2_high_decay_s22,v2,high_decay,22,random_regular,100,4,626,141,3.750361689789087,49,141,0.3475177304964539,24,26
v2_high_decay_s22,v2,high_decay,22,random_regular,100,4,627,27,2.302585092984045,10,27,0.37037037037037035,22,26
v2_high_decay_s22,v2,high_decay,22,random_regular,100,4,628,51,2.9785084205072385,21,51,0.4117647058823529,30,99
v2_high_decay_s22,v2,high_decay,22,random_regular,100,4,629,165,3.692897087045439,58,165,0.3515151515151515,15,71
v2_high_decay_s22,v2,high_decay,22,random_regular,100,4,630,4,0.6931471805579453,2,4,0.5,8,71
v2_high_decay_s22,v2,high_decay,22,random_regular,100,4,631,0,0.0,0,0,,71,71
v2_high_decay_s22,v2,high_decay,22,random_regular,100,4,632,67,3.2958368659773285,27,67,0.40298507462686567,16,54
v2_high_decay_s22,v2,high_decay,22,random_regular,100,4,633,30,2.639057329601259,14,30,0.4666666666666667,44,33
v2_high_decay_s22,v2,high_decay,22,random_regular,100,4,634,36,2.369382119683676,12,36,0.3333333333333333,38,71
v2_high_decay_s22,v2,high_decay,22,random_regular,100,4,635,75,3.170148321450507,30,75,0.4,45,26
v2_high_decay_s22,v2,high_decay,22,random_regular,100,4,636,25,2.1639556568730565,10,25,0.4,14,99
v2_high_decay_s22,v2,high_decay,22,random_regular,100,4,637,0,0.0,0,0,,71,71
v2_high_decay_s22,v2,high_decay,22,random_regular,100,4,638,49,2.5126585295168016,16,49,0.32653061224489793,13,33
v2_high_decay_s22,v2,high_decay,22,random_regular,100,4,639,138,3.936558356281205,59,138,0.427536231884058,89,26
v2_high_decay_s22,v2,high_decay,22,random_regular,100,4,640,440,4.65372208000616,160,440,0.36363636363636365,16,71
v2_high_decay_s22,v2,high_decay,22,random_regular,100,4,641,91,3.379092505199735,32,91,0.3516483516483517,6,99
v2_high_decay_s22,v2,high_decay,22,random_regular,100,4,642,270,4.324559824517007,90,270,0.3333333333333333,53,99
v2_high_decay_s22,v2,high_decay,22,random_regular,100,4,643,25,2.197224577327219,9,25,0.36,16,33
v2_high_decay_s22,v2,high_decay,22,random_regular,100,4,644,165,3.90720949695822,67,165,0.40606060606060607,27,33
v2_high_decay_s22,v2,high_decay,22,random_regular,100,4,645,112,3.5065025850265608,36,112,0.32142857142857145,25,26
v2_high_decay_s22,v2,high_decay,22,random_regular,100,4,646,57,3.0280290732864104,22,57,0.38596491228070173,3,33
v2_high_decay_s22,v2,high_decay,22,random_regular,100,4,647,106,3.1613089306343958,37,106,0.3490566037735849,47,54
v2_high_decay_s22,v2,high_decay,22,random_regular,100,4,648,82,3.120291565278284,24,82,0.2926829268292683,2,71
v2_high_decay_s22,v2,high_decay,22,random_regular,100,4,649,2,-1.000088900581841e-12,1,2,0.5,79,26
v2_high_decay_s22,v2,high_decay,22,random_regular,100,4,650,22,2.197224577327219,9,22,0.4090909090909091,70,99
v2_high_decay_s22,v2,high_decay,22,random_regular,100,4,651,79,3.2238860684653137,29,79,0.3670886075949367,72,26
v2_high_decay_s22,v2,high_decay,22,random_regular,100,4,652,24,2.369382119683676,12,24,0.5,8,71
v2_high_decay_s22,v2,high_decay,22,random_regular,100,4,653,26,2.484906649776,12,26,0.46153846153846156,80,54
v2_high_decay_s22,v2,high_decay,22,random_regular,100,4,654,16,2.079441541671836,8,16,0.5,55,33
v2_high_decay_s22,v2,high_decay,22,random_regular,100,4,655,123,3.750361689789087,49,123,0.3983739837398374,90,54
v2_high_decay_s22,v2,high_decay,22,random_regular,100,4,656,8,0.6931471805579453,2,8,0.25,88,71
v2_high_decay_s22,v2,high_decay,22,random_regular,100,4,657,40,2.4583113296710835,13,40,0.325,15,71
v2_high_decay_s22,v2,high_decay,22,random_regular,100,4,658,98,3.471045481936794,43,98,0.4387755102040816,93,54
v2_high_decay_s22,v2,high_decay,22,random_regular,100,4,659,440,4.693354433713767,173,440,0.3931818181818182,0,71
v2_high_decay_s22,v2,high_decay,22,random_regular,100,4,660,3,1.0986122886651095,3,3,1.0,85,71
v2_high_decay_s22,v2,high_decay,22,random_regular,100,4,661,8,0.6931471805579453,2,8,0.25,82,33
v2_high_decay_s22,v2,high_decay,22,random_regular,100,4,662,143,3.9457674529661193,57,143,0.3986013986013986,30,26
v2_high_decay_s22,v2,high_decay,22,random_regular,100,4,663,36,2.5649493574485365,13,36,0.3611111111111111,73,99
v2_high_decay_s22,v2,high_decay,22,random_regular,100,4,664,45,2.1458417525857545,11,45,0.24444444444444444,21,99
v2_high_decay_s22,v2,high_decay,22,random_regular,100,4,665,69,3.198916528694685,30,69,0.43478260869565216,22,71
v2_high_decay_s22,v2,high_decay,22,random_regular,100,4,666,11,0.6931471805579453,2,11,0.18181818181818182,23,54
v2_high_decay_s22,v2,high_decay,22,random_regular,100,4,667,4,1.0986122886651095,3,4,0.75,92,26
v2_high_decay_s22,v2,high_decay,22,random_regular,100,4,668,286,4.271198432118892,99,286,0.34615384615384615,30,99
v2_high_decay_s22,v2,high_decay,22,random_regular,100,4,669,165,3.906511777100024,55,165,0.3333333333333333,98,26
v2_high_decay_s22,v2,high_decay,22,random_regular,100,4,670,6,0.6931471805579453,2,6,0.3333333333333333,8,71
v2_high_decay_s22,v2,high_decay,22,random_regular,100,4,671,89,3.5646232985788124,38,89,0.42696629213483145,97,71
v2_high_decay_s22,v2,high_decay,22,random_regular,100,4,672,398,4.513420690890428,128,398,0.32160804020100503,31,33
v2_high_decay_s22,v2,high_decay,22,random_regular,100,4,673,18,1.791759469222055,6,18,0.3333333333333333,31,54
v2_high_decay_s22,v2,high_decay,22,random_regular,100,4,674,16,1.7478680974607577,7,16,0.4375,38,71
v2_high_decay_s22,v2,high_decay,22,random_regular,100,4,675,45,2.9785084205072385,21,45,0.4666666666666667,94,26
v2_high_decay_s22,v2,high_decay,22,random_regular,100,4,676,92,3.4678540963178395,40,92,0.43478260869565216,94,71
v2_high_decay_s22,v2,high_decay,22,random_regular,100,4,677,33,1.791759469222055,6,33,0.18181818181818182,46,26
v2_high_decay_s22,v2,high_decay,22,random_regular,100,4,678,132,3.7026694781446654,47,132,0.3560606060606061,96,26
v2_high_decay_s22,v2,high_decay,22,random_regular,100,4,679,99,3.5924696275736783,39,99,0.3939393939393939,61,26
v2_high_decay_s22,v2,high_decay,22,random_regular,100,4,680,0,0.0,0,0,,54,54
v2_high_decay_s22,v2,high_decay,22,random_regular,100,4,681,0,0.0,0,0,,26,26
v2_high_decay_s22,v2,high_decay,22,random_regular,100,4,682,138,3.666665916258637,51,138,0.3695652173913043,36,71
v2_high_decay_s22,v2,high_decay,22,random_regular,100,4,683,179,3.924584211585814,52,179,0.2905027932960894,69,71
v2_high_decay_s22,v2,high_decay,22,random_regular,100,4,684,107,3.5213776090567093,39,107,0.3644859813084112,76,54
v2_high_decay_s22,v2,high_decay,22,random_regular,100,4,685,265,4.158899381207806,90,265,0.33962264150943394,96,99
v2_high_decay_s22,v2,high_decay,22,random_regular,100,4,686,126,3.704107926157332,51,126,0.40476190476190477,41,71
v2_high_decay_s22,v2,high_decay,22,random_regular,100,4,687,157,3.9845373799812855,62,157,0.39490445859872614,25,99
v2_high_decay_s22,v2,high_decay,22,random_regular,100,4,688,5,1.0986122886651095,3,5,0.6,81,33
v2_high_decay_s22,v2,high_decay,22,random_regular,100,4,689,58,2.736339051089065,18,58,0.3103448275862069,31,26
v2_high_decay_s22,v2,high_decay,22,random_regular,100,4,690,10,1.0986122886651095,3,10,0.3,43,33
v2_high_decay_s22,v2,high_decay,22,random_regular,100,4,691,111,3.3657769529518857,39,111,0.35135135135135137,91,71
v2_high_decay_s22,v2,high_decay,22,random_regular,100,4,692,99,3.5281418680240257,38,99,0.3838383838383838,81,26
v2_high_decay_s22,v2,high_decay,22,random_regular,100,4,693,235,4.295841083394427,89,235,0.37872340425531914,21,33
v2_high_decay_s22,v2,high_decay,22,random_regular,100,4,694,73,3.218875824843201,25,73,0.3424657534246575,82,54
v2_high_decay_s22,v2,high_decay,22,random_regular,100,4,695,22,2.079441541671836,8,22,0.36363636363636365,75,26
v2_high_decay_s22,v2,high_decay,22,random_regular,100,4,696,29,2.1639556568730565,10,29,0.3448275862068966,70,33
v2_high_decay_s22,v2,high_decay,22,random_regular,100,4,697,0,0.0,0,0,,71,71
v2_high_decay_s22,v2,high_decay,22,random_regular,100,4,698,7,1.3862943611158909,4,7,0.5714285714285714,6,33
v2_high_decay_s22,v2,high_decay,22,random_regular,100,4,699,38,2.2718685126865625,11,38,0.2894736842105263,28,26
v2_high_decay_s22,v2,high_decay,22,random_regular,100,4,700,14,1.791759469222055,6,14,0.42857142857142855,92,26
v2_high_decay_s22,v2,high_decay,22,random_regular,100,4,701,341,4.400752370978546,107,341,0.31378299120234604,48,26
v2_high_decay_s22,v2,high_decay,22,random_regular,100,4,702,54,2.630253356374264,18,54,0.3333333333333333,58,71
v2_high_decay_s22,v2,high_decay,22,random_regular,100,4,703,141,3.7786534114435946,49,141,0.3475177304964539,12,71
v2_high_decay_s22,v2,high_decay,22,random_regular,100,4,704,120,3.382216145804879,38,120,0.31666666666666665,35,71
v2_high_decay_s22,v2,high_decay,22,random_regular,100,4,705,20,1.7478680974607577,7,20,0.35,91,71
v2_high_decay_s22,v2,high_decay,22,random_regular,100,4,706,22,1.9459101490483133,7,22,0.3181818181818182,28,33
v2_high_decay_s22,v2,high_decay,22,random_regular,100,4,707,55,2.5649493574485365,13,55,0.23636363636363636,76,26
v2_high_decay_s22,v2,high_decay,22,random_regular,100,4,708,27,2.3516733018936304,13,27,0.48148148148148145,30,26
v2_high_decay_s22,v2,high_decay,22,random_regular,100,4,709,33,2.197224577327219,9,33,0.2727272727272727,62,99
v2_high_decay_s22,v2,high_decay,22,random_regular,100,4,710,15,1.9459101490483133,7,15,0.4666666666666667,40,26
v2_high_decay_s22,v2,high_decay,22,random_regular,100,4,711,158,3.693848158632537,51,158,0.3227848101265823,46,71
v2_high_decay_s22,v2,high_decay,22,random_regular,100,4,712,187,4.005519749233704,69,187,0.3689839572192513,22,33
v2_high_decay_s22,v2,high_decay,22,random_regular,100,4,713,66,3.2580965379954825,26,66,0.3939393939393939,50,33
v2_high_decay_s22,v2,high_decay,22,random_regular,100,4,714,165,3.8636247998616766,57,165,0.34545454545454546,76,71
v2_high_decay_s22,v2,high_decay,22,random_regular,100,4,715,35,2.4583113296710835,13,35,0.37142857142857144,40,71
v2_high_decay_s22,v2,high_decay,22,random_regular,100,4,716,16,1.8891591637470213,9,16,0.5625,2,33
v2_high_decay_s22,v2,high_decay,22,random_regular,100,4,717,101,3.6280156368321625,39,101,0.38613861386138615,0,33
v2_high_decay_s22,v2,high_decay,22,random_regular,100,4,718,99,3.5450107617233355,36,99,0.36363636363636365,15,71
v2_high_decay_s22,v2,high_decay,22,random_regular,100,4,719,5,-1.000088900581841e-12,1,5,0.2,95,26
v2_high_decay_s22,v2,high_decay,22,random_regular,100,4,720,137,3.731678821155081,58,137,0.4233576642335766,77,33
v2_high_decay_s22,v2,high_decay,22,random_regular,100,4,721,82,3.098139496330803,26,82,0.3170731707317073,13,71
v2_high_decay_s22,v2,high_decay,22,random_regular,100,4,722,51,2.8332133440392155,17,51,0.3333333333333333,12,26
v2_high_decay_s22,v2,high_decay,22,random_regular,100,4,723,58,3.151458510219029,26,58,0.4482758620689655,66,26
v2_high_decay_s22,v2,high_decay,22,random_regular,100,4,724,278,4.075376732005998,86,278,0.30935251798561153,56,33
v2_high_decay_s22,v2,high_decay,22,random_regular,100,4,725,72,2.991501468554349,26,72,0.3611111111111111,28,71
v2_high_decay_s22,v2,high_decay,22,random_regular,100,4,726,174,3.731678821155081,58,174,0.3333333333333333,84,54
v2_high_decay_s22,v2,high_decay,22,random_regular,100,4,727,0,0.0,0,0,,99,99
v2_high_decay_s22,v2,high_decay,22,random_regular,100,4,728,5,1.3862943611158909,4,5,0.8,83,71
v2_high_decay_s22,v2,high_decay,22,random_regular,100,4,729,30,2.0431918705371204,9,30,0.3,5,71
v2_high_decay_s22,v2,high_decay,22,random_regular,100,4,730,20,1.791759469222055,6,20,0.3,37,71
v2_high_decay_s22,v2,high_decay,22,random_regular,100,4,731,509,4.833477630980433,195,509,0.3831041257367387,27,71
v2_high_decay_s22,v2,high_decay,22,random_regular,100,4,732,9,1.3862943611158909,4,9,0.4444444444444444,92,26
v2_high_decay_s22,v2,high_decay,22,random_regular,100,4,733,475,4.672821480595967,170,475,0.35789473684210527,13,33
v2_high_decay_s22,v2,high_decay,22,random_regular,100,4,734,140,3.8349513397251753,54,140,0.38571428571428573,12,26
v2_high_decay_s22,v2,high_decay,22,random_regular,100,4,735,116,3.5155926589389503,40,116,0.3448275862068966,60,71
v2_high_decay_s22,v2,high_decay,22,random_regular,100,4,736,34,2.523210952939891,15,34,0.4411764705882353,49,71
v2_high_decay_s22,v2,high_decay,22,random_regular,100,4,737,140,3.5478232284093485,52,140,0.37142857142857144,1,33
v2_high_decay_s22,v2,high_decay,22,random_regular,100,4,738,0,0.0,0,0,,26,26
v2_high_decay_s22,v2,high_decay,22,random_regular,100,4,739,51,2.5400363038079807,14,51,0.27450980392156865,40,54
v2_high_decay_s22,v2,high_decay,22,random_regular,100,4,740,38,2.6593226976945163,18,38,0.47368421052631576,63,71
v2_high_decay_s22,v2,high_decay,22,random_regular,100,4,741,155,3.622561199035632,51,155,0.32903225806451614,74,71
v2_high_decay_s22,v2,high_decay,22,random_regular,100,4,742,2,-1.000088900581841e-12,1,2,0.5,79,26
v2_high_decay_s22,v2,high_decay,22,random_regular,100,4,743,6,1.0986122886651095,3,6,0.5,95,26
v2_high_decay_s22,v2,high_decay,22,random_regular,100,4,744,116,3.2238860684653137,29,116,0.25,23,54
v2_high_decay_s22,v2,high_decay,22,random_regular,100,4,745,15,1.6094379124291005,5,15,0.3333333333333333,72,26
v2_high_decay_s22,v2,high_decay,22,random_regular,100,4,746,14,2.197224577327219,9,14,0.6428571428571429,86,33
v2_high_decay_s22,v2,high_decay,22,random_regular,100,4,747,172,3.6261771738223074,54,172,0.313953488372093,31,71
v2_high_decay_s22,v2,high_decay,22,random_regular,100,4,748,62,2.912494403312053,21,62,0.3387096774193548,25,33
v2_high_decay_s22,v2,high_decay,22,random_regular,100,4,749,26,2.639057329601259,14,26,0.5384615384615384,81,26
v2_high_decay_s22,v2,high_decay,22,random_regular,100,4,750,7,-1.000088900581841e-12,1,7,0.14285714285714285,90,71
v2_high_decay_s22,v2,high_decay,22,random_regular,100,4,751,78,3.110236521363716,29,78,0.3717948717948718,88,71
v2_high_decay_s22,v2,high_decay,22,random_regular,100,4,752,7,1.0986122886651095,3,7,0.42857142857142855,91,26
v2_high_decay_s22,v2,high_decay,22,random_regular,100,4,753,244,4.339963095195116,90,244,0.36885245901639346,37,71
v2_high_decay_s22,v2,high_decay,22,random_regular,100,4,754,92,3.2828949078452725,37,92,0.40217391304347827,25,99
v2_high_decay_s22,v2,high_decay,22,random_regular,100,4,755,38,2.5993019270857944,16,38,0.42105263157894735,74,71
v2_high_decay_s22,v2,high_decay,22,random_regular,100,4,756,43,3.044522437702424,21,43,0.4883720930232558,78,26
v2_high_decay_s22,v2,high_decay,22,random_regular,100,4,757,7,1.6094379124291005,5,7,0.7142857142857143,20,54
v2_high_decay_s22,v2,high_decay,22,random_regular,100,4,758,90,3.454772892723726,40,90,0.4444444444444444,5,33
v2_high_decay_s22,v2,high_decay,22,random_regular,100,4,759,154,3.428474218041284,49,154,0.3181818181818182,57,33
v2_high_decay_s22,v2,high_decay,22,random_regular,100,4,760,10,1.3862943611158909,4,10,0.4,13,99
v2_high_decay_s22,v2,high_decay,22,random_regular,100,4,761,46,2.871476118036867,19,46,0.41304347826086957,30,26
v2_high_decay_s22,v2,high_decay,22,random_regular,100,4,762,8,1.0986122886651095,3,8,0.375,96,26
v2_high_decay_s22,v2,high_decay,22,random_regular,100,4,763,137,3.489430251750723,40,137,0.291970802919708,42,99
v2_high_decay_s22,v2,high_decay,22,random_regular,100,4,764,27,1.9061547465328492,8,27,0.2962962962962963,20,71
v2_high_decay_s22,v2,high_decay,22,random_regular,100,4,765,60,2.926417555478996,20,60,0.3333333333333333,27,26
v2_high_decay_s22,v2,high_decay,22,random_regular,100,4,766,67,2.9650156932365066,22,67,0.3283582089552239,6,71
v2_high_decay_s22,v2,high_decay,22,random_regular,100,4,767,27,2.079441541671836,8,27,0.2962962962962963,79,33
v2_high_decay_s22,v2,high_decay,22,random_regular,100,4,768,0,0.0,0,0,,99,99
v2_high_decay_s22,v2,high_decay,22,random_regular,100,4,769,260,4.392125222911878,102,260,0.3923076923076923,40,33
v2_high_decay_s22,v2,high_decay,22,random_regular,100,4,770,155,3.781482146757235,57,155,0.36774193548387096,74,71
v2_high_decay_s22,v2,high_decay,22,random_regular,100,4,771,0,0.0,0,0,,71,71
v2_high_decay_s22,v2,high_decay,22,random_regular,100,4,772,71,3.0149468801585937,23,71,0.323943661971831,0,71
v2_high_decay_s22,v2,high_decay,22,random_regular,100,4,773,148,3.693778246480071,49,148,0.3310810810810811,87,71
v2_high_decay_s22,v2,high_decay,22,random_regular,100,4,774,16,2.079441541671836,8,16,0.5,87,26
v2_high_decay_s22,v2,high_decay,22,random_regular,100,4,775,48,2.736339051089065,18,48,0.375,66,26
v2_high_decay_s22,v2,high_decay,22,random_regular,100,4,776,36,2.369382119683676,12,36,0.3333333333333333,13,54
v2_high_decay_s22,v2,high_decay,22,random_regular,100,4,777,24,2.2718685126865625,11,24,0.4583333333333333,65,54
v2_high_decay_s22,v2,high_decay,22,random_regular,100,4,778,102,3.2625679455231658,30,102,0.29411764705882354,63,33
v2_high_decay_s22,v2,high_decay,22,random_regular,100,4,779,85,3.342356062906156,35,85,0.4117647058823529,66,71
v2_high_decay_s22,v2,high_decay,22,random_regular,100,4,780,68,3.299829685639092,31,68,0.45588235294117646,31,99
v2_high_decay_s22,v2,high_decay,22,random_regular,100,4,781,94,3.5025114553448367,40,94,0.425531914893617,0,26
v2_high_decay_s22,v2,high_decay,22,random_regular,100,4,782,65,3.2491274088477446,32,65,0.49230769230769234,64,33
v2_high_decay_s22,v2,high_decay,22,random_regular,100,4,783,117,3.5985677685257977,45,117,0.38461538461538464,70,71
v2_high_decay_s22,v2,high_decay,22,random_regular,100,4,784,230,3.782902834576133,70,230,0.30434782608695654,64,26
v2_high_decay_s22,v2,high_decay,22,random_regular,100,4,785,14,1.5607104090364068,6,14,0.42857142857142855,63,26
v2_high_decay_s22,v2,high_decay,22,random_regular,100,4,786,183,4.001481639823835,71,183,0.3879781420765027,88,33
v2_high_decay_s22,v2,high_decay,22,random_regular,100,4,787,227,4.24041644780934,81,227,0.3568281938325991,53,33
v2_high_decay_s22,v2,high_decay,22,random_regular,100,4,788,321,4.524616974081656,120,321,0.37383177570093457,0,33
v2_high_decay_s22,v2,high_decay,22,random_regular,100,4,789,0,0.0,0,0,,54,54
v2_high_decay_s22,v2,high_decay,22,random_regular,100,4,790,32,2.484906649776,12,32,0.375,69,33
v2_high_decay_s22,v2,high_decay,22,random_regular,100,4,791,22,1.791759469222055,6,22,0.2727272727272727,88,71
v2_high_decay_s22,v2,high_decay,22,random_regular,100,4,792,377,4.579922769159843,136,377,0.36074270557029176,78,71
v2_high_decay_s22,v2,high_decay,22,random_regular,100,4,793,108,3.3684464578110758,38,108,0.35185185185185186,82,71
v2_high_decay_s22,v2,high_decay,22,random_regular,100,4,794,43,2.926417555478996,20,43,0.46511627906976744,64,99
v2_high_decay_s22,v2,high_decay,22,random_regular,100,4,795,107,3.5646232985788124,38,107,0.35514018691588783,3,54
v2_high_decay_s22,v2,high_decay,22,random_regular,100,4,796,34,2.61563057701355,15,34,0.4411764705882353,13,54
v2_high_decay_s22,v2,high_decay,22,random_regular,100,4,797,0,0.0,0,0,,33,33
v2_high_decay_s22,v2,high_decay,22,random_regular,100,4,798,77,3.176082814634593,29,77,0.37662337662337664,72,99
v2_high_decay_s22,v2,high_decay,22,random_regular,100,4,799,156,3.808622205392716,56,156,0.358974358974359,79,26
v2_high_decay_s22,v2,high_decay,22,random_regular,100,4,800,75,3.1766333950033863,31,75,0.41333333333333333,61,99
v2_high_decay_s22,v2,high_decay,22,random_regular,100,4,801,35,2.813355404483615,18,35,0.5142857142857142,22,71
v2_high_decay_s22,v2,high_decay,22,random_regular,100,4,802,51,3.3322045101472035,28,51,0.5490196078431373,57,99
v2_high_decay_s22,v2,high_decay,22,random_regular,100,4,803,71,3.098139496330803,26,71,0.36619718309859156,57,26
v2_high_decay_s22,v2,high_decay,22,random_regular,100,4,804,22,2.197224577327219,9,22,0.4090909090909091,90,71
v2_high_decay_s22,v2,high_decay,22,random_regular,100,4,805,46,2.540036303807981,14,46,0.30434782608695654,20,54
v2_high_decay_s22,v2,high_decay,22,random_regular,100,4,806,181,3.982438819838421,65,181,0.35911602209944754,65,71
v2_high_decay_s22,v2,high_decay,22,random_regular,100,4,807,4,-1.000088900581841e-12,1,4,0.25,11,54
v2_high_decay_s22,v2,high_decay,22,random_regular,100,4,808,244,4.118622138279895,89,244,0.36475409836065575,14,33
v2_high_decay_s22,v2,high_decay,22,random_regular,100,4,809,290,4.426310566875718,110,290,0.3793103448275862,82,54
v2_high_decay_s22,v2,high_decay,22,random_regular,100,4,810,112,3.476887663552278,41,112,0.36607142857142855,74,26
v2_high_decay_s22,v2,high_decay,22,random_regular,100,4,811,91,3.135788186488552,38,91,0.4175824175824176,4,54
v2_high_decay_s22,v2,high_decay,22,random_regular,100,4,812,153,3.5139795439791515,61,153,0.39869281045751637,34,71
v2_high_decay_s22,v2,high_decay,22,random_regular,100,4,813,79,3.205805710063748,32,79,0.4050632911392405,87,71
v2_high_decay_s22,v2,high_decay,22,random_regular,100,4,814,39,2.3419942522214248,14,39,0.358974358974359,45,99
v2_high_decay_s22,v2,high_decay,22,random_regular,100,4,815,122,3.37644338427611,36,122,0.29508196721311475,32,71
v2_high_decay_s22,v2,high_decay,22,random_regular,100,4,816,136,3.726795348248236,48,136,0.35294117647058826,70,54
v2_high_decay_s22,v2,high_decay,22,random_regular,100,4,817,215,3.9676561608640175,81,215,0.3767441860465116,80,33
v2_high_decay_s22,v2,high_decay,22,random_regular,100,4,818,81,3.2551105127007407,31,81,0.38271604938271603,0,99
v2_high_decay_s22,v2,high_decay,22,random_regular,100,4,819,252,4.011621448187891,87,252,0.34523809523809523,58,99
v2_high_decay_s22,v2,high_decay,22,random_regular,100,4,820,15,1.9061547465328492,8,15,0.5333333333333333,60,26
v2_high_decay_s22,v2,high_decay,22,random_regular,100,4,821,107,3.578323836314148,41,107,0.38317757009345793,97,26
v2_high_decay_s22,v2,high_decay,22,random_regular,100,4,822,224,4.0220817544328815,73,224,0.32589285714285715,37,71
v2_high_decay_s22,v2,high_decay,22,random_regular,100,4,823,5,1.3862943611158909,4,5,0.8,0,26
v2_high_decay_s22,v2,high_decay,22,random_regular,100,4,824,9,-1.000088900581841e-12,1,9,0.1111111111111111,11,26
v2_high_decay_s22,v2,high_decay,22,random_regular,100,4,825,103,3.4365228305042805,35,103,0.33980582524271846,47,99
v2_high_decay_s22,v2,high_decay,22,random_regular,100,4,826,35,2.484906649776,12,35,0.34285714285714286,31,99
v2_high_decay_s22,v2,high_decay,22,random_regular,100,4,827,14,1.6094379124291005,5,14,0.35714285714285715,72,54
v2_high_decay_s22,v2,high_decay,22,random_regular,100,4,828,203,4.019299315501751,75,203,0.3694581280788177,28,26
v2_high_decay_s22,v2,high_decay,22,random_regular,100,4,829,91,3.1487931944445364,31,91,0.34065934065934067,17,99
v2_high_decay_s22,v2,high_decay,22,random_regular,100,4,830,54,2.813355404483615,18,54,0.3333333333333333,88,99
v2_high_decay_s22,v2,high_decay,22,random_regular,100,4,831,56,2.76162571218078,20,56,0.35714285714285715,80,71
v2_high_decay_s22,v2,high_decay,22,random_regular,100,4,832,41,2.540036303807981,14,41,0.34146341463414637,72,26
v2_high_decay_s22,v2,high_decay,22,random_regular,100,4,833,43,2.343932981296019,17,43,0.3953488372093023,95,26
v2_high_decay_s22,v2,high_decay,22,random_regular,100,4,834,94,3.260918854185786,36,94,0.3829787234042553,57,26
v2_high_decay_s22,v2,high_decay,22,random_regular,100,4,835,10,1.0986122886651095,3,10,0.3,49,71
v2_high_decay_s22,v2,high_decay,22,random_regular,100,4,836,6,0.6931471805579453,2,6,0.3333333333333333,75,54
v2_high_decay_s22,v2,high_decay,22,random_regular,100,4,837,39,2.639057329601259,14,39,0.358974358974359,2,33
v2_high_decay_s22,v2,high_decay,22,random_regular,100,4,838,78,3.1154750248567717,28,78,0.358974358974359,52,26
v2_high_decay_s22,v2,high_decay,22,random_regular,100,4,839,21,1.9459101490483133,7,21,0.3333333333333333,3,26
v2_high_decay_s22,v2,high_decay,22,random_regular,100,4,840,0,0.0,0,0,,71,71
v2_high_decay_s22,v2,high_decay,22,random_regular,100,4,841,100,3.4294862316330117,36,100,0.36,69,26
v2_high_decay_s22,v2,high_decay,22,random_regular,100,4,842,59,2.9957322735339904,20,59,0.3389830508474576,69,33
v2_high_decay_s22,v2,high_decay,22,random_regular,100,4,843,0,0.0,0,0,,54,54
v2_high_decay_s22,v2,high_decay,22,random_regular,100,4,844,102,3.162484011279751,32,102,0.3137254901960784,57,71
v2_high_decay_s22,v2,high_decay,22,random_regular,100,4,845,12,1.6769877743164172,9,12,0.75,36,71
v2_high_decay_s22,v2,high_decay,22,random_regular,100,4,846,10,1.3862943611158909,4,10,0.4,1,26
v2_high_decay_s22,v2,high_decay,22,random_regular,100,4,847,1,-1.000088900581841e-12,1,1,1.0,11,26
v2_high_decay_s22,v2,high_decay,22,random_regular,100,4,848,83,3.163424050399405,25,83,0.30120481927710846,93,99
v2_high_decay_s22,v2,high_decay,22,random_regular,100,4,849,98,3.696721308158614,43,98,0.4387755102040816,69,99
v2_high_decay_s22,v2,high_decay,22,random_regular,100,4,850,1,-1.000088900581841e-12,1,1,1.0,24,71
v2_high_decay_s22,v2,high_decay,22,random_regular,100,4,851,21,2.302585092984045,10,21,0.47619047619047616,74,33
v2_high_decay_s22,v2,high_decay,22,random_regular,100,4,852,33,2.5649493574485365,13,33,0.3939393939393939,66,33
v2_high_decay_s22,v2,high_decay,22,random_regular,100,4,853,26,2.1639556568730565,10,26,0.38461538461538464,23,54
v2_high_decay_s22,v2,high_decay,22,random_regular,100,4,854,310,4.349801428370888,120,310,0.3870967741935484,75,99
v2_high_decay_s22,v2,high_decay,22,random_regular,100,4,855,124,3.6911832274305794,52,124,0.41935483870967744,72,71
v2_high_decay_s22,v2,high_decay,22,random_regular,100,4,856,96,3.184783964804171,34,96,0.3541666666666667,61,26
v2_high_decay_s22,v2,high_decay,22,random_regular,100,4,857,333,4.620315378893804,125,333,0.37537537537537535,31,33
v2_high_decay_s22,v2,high_decay,22,random_regular,100,4,858,101,3.498515667114017,37,101,0.36633663366336633,51,99
v2_high_decay_s22,v2,high_decay,22,random_regular,100,4,859,187,3.897125545560404,57,187,0.3048128342245989,17,99
v2_high_decay_s22,v2,high_decay,22,random_regular,100,4,860,196,3.935940973392513,75,196,0.3826530612244898,15,99
v2_high_decay_s22,v2,high_decay,22,random_regular,100,4,861,84,3.5359830822784195,37,84,0.44047619047619047,6,99
v2_high_decay_s22,v2,high_decay,22,random_regular,100,4,862,139,3.8011194564925535,50,139,0.3597122302158273,18,99
v2_high_decay_s22,v2,high_decay,22,random_regular,100,4,863,48,2.813355404483615,18,48,0.375,46,26
v2_high_decay_s22,v2,high_decay,22,random_regular,100,4,864,31,1.9061547465328492,8,31,0.25806451612903225,65,54
v2_high_decay_s22,v2,high_decay,22,random_regular,100,4,865,0,0.0,0,0,,33,33
v2_high_decay_s22,v2,high_decay,22,random_regular,100,4,866,37,2.3516733018936304,13,37,0.35135135135135137,32,33
v2_high_decay_s22,v2,high_decay,22,random_regular,100,4,867,58,2.938182454666123,26,58,0.4482758620689655,90,33
v2_high_decay_s22,v2,high_decay,22,random_regular,100,4,868,9,-1.000088900581841e-12,1,9,0.1111111111111111,35,54
v2_high_decay_s22,v2,high_decay,22,random_regular,100,4,869,0,0.0,0,0,,71,71
v2_high_decay_s22,v2,high_decay,22,random_regular,100,4,870,1,-1.000088900581841e-12,1,1,1.0,2,33
v2_high_decay_s22,v2,high_decay,22,random_regular,100,4,871,50,2.4583113296710835,13,50,0.26,17,54
v2_high_decay_s22,v2,high_decay,22,random_regular,100,4,872,1,-1.000088900581841e-12,1,1,1.0,59,26
v2_high_decay_s22,v2,high_decay,22,random_regular,100,4,873,22,2.1639556568730565,10,22,0.45454545454545453,64,71
v2_high_decay_s22,v2,high_decay,22,random_regular,100,4,874,8,1.3321790402061222,5,8,0.625,97,26
v2_high_decay_s22,v2,high_decay,22,random_regular,100,4,875,42,2.772588722223781,16,42,0.38095238095238093,6,54
v2_high_decay_s22,v2,high_decay,22,random_regular,100,4,876,72,3.062529300232621,24,72,0.3333333333333333,15,71
v2_high_decay_s22,v2,high_decay,22,random_regular,100,4,877,0,0.0,0,0,,26,26
v2_high_decay_s22,v2,high_decay,22,random_regular,100,4,878,24,1.791759469222055,6,24,0.25,7,26
v2_high_decay_s22,v2,high_decay,22,random_regular,100,4,879,86,3.233183484354926,28,86,0.32558139534883723,22,99
v2_high_decay_s22,v2,high_decay,22,random_regular,100,4,880,172,4.079582730587153,71,172,0.4127906976744186,22,71
v2_high_decay_s22,v2,high_decay,22,random_regular,100,4,881,66,3.0047670351869598,24,66,0.36363636363636365,41,54
v2_high_decay_s22,v2,high_decay,22,random_regular,100,4,882,135,3.471045481936794,43,135,0.31851851851851853,45,33
v2_high_decay_s22,v2,high_decay,22,random_regular,100,4,883,2,0.6931471805579453,2,2,1.0,88,71
v2_high_decay_s22,v2,high_decay,22,random_regular,100,4,884,0,0.0,0,0,,54,54
v2_high_decay_s22,v2,high_decay,22,random_regular,100,4,885,329,4.512806649914783,130,329,0.3951367781155015,35,54
v2_high_decay_s22,v2,high_decay,22,random_regular,100,4,886,5,1.3862943611158909,4,5,0.8,77,33
v2_high_decay_s22,v2,high_decay,22,random_regular,100,4,887,34,2.0431918705371204,9,34,0.2647058823529412,8,99
v2_high_decay_s22,v2,high_decay,22,random_regular,100,4,888,37,2.61563057701355,15,37,0.40540540540540543,6,26
v2_high_decay_s22,v2,high_decay,22,random_regular,100,4,889,142,3.8349513397251753,54,142,0.38028169014084506,91,26
v2_high_decay_s22,v2,high_decay,22,random_regular,100,4,890,79,3.335770806415738,32,79,0.4050632911392405,37,99
v2_high_decay_s22,v2,high_decay,22,random_regular,100,4,891,82,3.422414203983732,32,82,0.3902439024390244,42,26
v2_high_decay_s22,v2,high_decay,22,random_regular,100,4,892,301,4.303315505564254,109,301,0.36212624584717606,43,54
v2_high_decay_s22,v2,high_decay,22,random_regular,100,4,893,42,2.3978952727873706,11,42,0.2619047619047619,53,33
v2_high_decay_s22,v2,high_decay,22,random_regular,100,4,894,0,0.0,0,0,,26,26
v2_high_decay_s22,v2,high_decay,22,random_regular,100,4,895,89,3.645947951488728,41,89,0.4606741573033708,44,71
v2_high_decay_s22,v2,high_decay,22,random_regular,100,4,896,6,1.0986122886651095,3,6,0.5,50,26
v2_high_decay_s22,v2,high_decay,22,random_regular,100,4,897,2,0.6931471805579453,2,2,1.0,16,99
v2_high_decay_s22,v2,high_decay,22,random_regular,100,4,898,77,3.0149468801585937,23,77,0.2987012987012987,66,26
v2_high_decay_s22,v2,high_decay,22,random_regular,100,4,899,108,3.550250017965948,40,108,0.37037037037037035,84,99
v2_high_decay_s22,v2,high_decay,22,random_regular,100,4,900,21,2.3978952727873706,11,21,0.5238095238095238,28,26
v2_high_decay_s22,v2,high_decay,22,random_regular,100,4,901,28,1.9459101490483133,7,28,0.25,3,33
v2_high_decay_s22,v2,high_decay,22,random_regular,100,4,902,51,2.5520852976069657,19,51,0.37254901960784315,53,99
v2_high_decay_s22,v2,high_decay,22,random_regular,100,4,903,233,4.08622053836309,73,233,0.3133047210300429,57,26
v2_high_decay_s22,v2,high_decay,22,random_regular,100,4,904,119,3.478947762716976,43,119,0.36134453781512604,12,26
v2_high_decay_s22,v2,high_decay,22,random_regular,100,4,905,15,1.6094379124291005,5,15,0.3333333333333333,91,54
v2_high_decay_s22,v2,high_decay,22,random_regular,100,4,906,73,3.098139496330803,26,73,0.3561643835616438,83,33
v2_high_decay_s22,v2,high_decay,22,random_regular,100,4,907,145,3.923088002351249,63,145,0.43448275862068964,27,33
v2_high_decay_s22,v2,high_decay,22,random_regular,100,4,908,7,1.3862943611158909,4,7,0.5714285714285714,6,99
v2_high_decay_s22,v2,high_decay,22,random_regular,100,4,909,50,2.772588722223781,16,50,0.32,30,99
v2_high_decay_s22,v2,high_decay,22,random_regular,100,4,910,49,2.751666616915516,17,49,0.3469387755102041,80,99
v2_high_decay_s22,v2,high_decay,22,random_regular,100,4,911,55,2.7985132569262934,19,55,0.34545454545454546,38,99
v2_high_decay_s22,v2,high_decay,22,random_regular,100,4,912,146,3.610194836464875,54,146,0.3698630136986301,23,33
v2_high_decay_s22,v2,high_decay,22,random_regular,100,4,913,29,1.791759469222055,6,29,0.20689655172413793,63,99
v2_high_decay_s22,v2,high_decay,22,random_regular,100,4,914,14,1.3862943611158909,4,14,0.2857142857142857,56,26
v2_high_decay_s22,v2,high_decay,22,random_regular,100,4,915,65,3.0280290732864104,22,65,0.3384615384615385,43,26
v2_high_decay_s22,v2,high_decay,22,random_regular,100,4,916,0,0.0,0,0,,33,33
v2_high_decay_s22,v2,high_decay,22,random_regular,100,4,917,67,2.954673212284816,23,67,0.34328358208955223,58,33
v2_high_decay_s22,v2,high_decay,22,random_regular,100,4,918,12,1.5607104090364068,6,12,0.5,63,71
v2_high_decay_s22,v2,high_decay,22,random_regular,100,4,919,25,2.369382119683676,12,25,0.48,37,54
v2_high_decay_s22,v2,high_decay,22,random_regular,100,4,920,25,2.197224577327219,9,25,0.36,44,33
v2_high_decay_s22,v2,high_decay,22,random_regular,100,4,921,67,2.7738522086634823,23,67,0.34328358208955223,18,26
v2_high_decay_s22,v2,high_decay,22,random_regular,100,4,922,63,3.151458510219029,26,63,0.4126984126984127,55,99
v2_high_decay_s22,v2,high_decay,22,random_regular,100,4,923,10,1.0986122886651095,3,10,0.3,13,54
v2_high_decay_s22,v2,high_decay,22,random_regular,100,4,924,89,3.485587161020812,34,89,0.38202247191011235,90,71
v2_high_decay_s22,v2,high_decay,22,random_regular,100,4,925,65,3.163424050399405,25,65,0.38461538461538464,10,71
v2_high_decay_s22,v2,high_decay,22,random_regular,100,4,926,0,0.0,0,0,,71,71
v2_high_decay_s22,v2,high_decay,22,random_regular,100,4,927,4,0.6931471805579453,2,4,0.5,40,99
v2_high_decay_s22,v2,high_decay,22,random_regular,100,4,928,24,1.791759469222055,6,24,0.25,98,54
v2_high_decay_s22,v2,high_decay,22,random_regular,100,4,929,27,2.369382119683676,12,27,0.4444444444444444,42,71
v2_high_decay_s22,v2,high_decay,22,random_regular,100,4,930,142,3.693848158632537,51,142,0.3591549295774648,32,71
v2_high_decay_s22,v2,high_decay,22,random_regular,100,4,931,111,3.204777524107256,26,111,0.23423423423423423,62,99
v2_high_decay_s22,v2,high_decay,22,random_regular,100,4,932,2,0.6931471805579453,2,2,1.0,80,26
v2_high_decay_s22,v2,high_decay,22,random_regular,100,4,933,30,1.791759469222055,6,30,0.2,97,71
v2_high_decay_s22,v2,high_decay,22,random_regular,100,4,934,587,4.908765821905996,213,587,0.3628620102214651,58,99
v2_high_decay_s22,v2,high_decay,22,random_regular,100,4,935,52,2.813355404483615,18,52,0.34615384615384615,37,54
v2_high_decay_s22,v2,high_decay,22,random_regular,100,4,936,60,3.1836729714587872,28,60,0.4666666666666667,70,26
v2_high_decay_s22,v2,high_decay,22,random_regular,100,4,937,141,3.7420200313463887,57,141,0.40425531914893614,93,71
v2_high_decay_s22,v2,high_decay,22,random_regular,100,4,938,56,2.912494403312053,21,56,0.375,30,99
v2_high_decay_s22,v2,high_decay,22,random_regular,100,4,939,227,4.124808269367827,81,227,0.3568281938325991,87,99
v2_high_decay_s22,v2,high_decay,22,random_regular,100,4,940,32,2.5993019270857944,16,32,0.5,5,71
v2_high_decay_s22,v2,high_decay,22,random_regular,100,4,941,157,3.839509426606019,53,157,0.3375796178343949,3,33
v2_high_decay_s22,v2,high_decay,22,random_regular,100,4,942,97,3.503284885682769,43,97,0.44329896907216493,39,26
v2_high_decay_s22,v2,high_decay,22,random_regular,100,4,943,44,2.9444389791474395,19,44,0.4318181818181818,85,33
v2_high_decay_s22,v2,high_decay,22,random_regular,100,4,944,176,3.931733637286508,65,176,0.3693181818181818,73,99
v2_high_decay_s22,v2,high_decay,22,random_regular,100,4,945,88,3.134162458562648,28,88,0.3181818181818182,14,33
v2_high_decay_s22,v2,high_decay,22,random_regular,100,4,946,0,0.0,0,0,,71,71
v2_high_decay_s22,v2,high_decay,22,random_regular,100,4,947,11,1.0986122886651095,3,11,0.2727272727272727,24,71
v2_high_decay_s22,v2,high_decay,22,random_regular,100,4,948,218,4.125672223405132,75,218,0.3440366972477064,93,33
v2_high_decay_s22,v2,high_decay,22,random_regular,100,4,949,5,-1.000088900581841e-12,1,5,0.2,59,26
v2_high_decay_s22,v2,high_decay,22,random_regular,100,4,950,89,3.6834363242964407,45,89,0.5056179775280899,14,33
v2_high_decay_s22,v2,high_decay,22,random_regular,100,4,951,0,0.0,0,0,,99,99
v2_high_decay_s22,v2,high_decay,22,random_regular,100,4,952,28,2.197224577327219,9,28,0.32142857142857145,5,71
v2_high_decay_s22,v2,high_decay,22,random_regular,100,4,953,160,4.02636297042152,72,160,0.45,14,54
v2_high_decay_s22,v2,high_decay,22,random_regular,100,4,954,72,3.098139496330803,26,72,0.3611111111111111,17,71
v2_high_decay_s22,v2,high_decay,22,random_regular,100,4,955,100,3.308777757559495,30,100,0.3,20,26
v2_high_decay_s22,v2,high_decay,22,random_regular,100,4,956,33,2.484906649776,12,33,0.36363636363636365,60,54
v2_high_decay_s22,v2,high_decay,22,random_regular,100,4,957,138,3.777799126203453,56,138,0.4057971014492754,97,33
v2_high_decay_s22,v2,high_decay,22,random_regular,100,4,958,26,2.3978952727873706,11,26,0.4230769230769231,67,71
v2_high_decay_s22,v2,high_decay,22,random_regular,100,4,959,2,0.6931471805579453,2,2,1.0,92,26
v2_high_decay_s22,v2,high_decay,22,random_regular,100,4,960,82,3.319492576126754,29,82,0.35365853658536583,90,33
v2_high_decay_s22,v2,high_decay,22,random_regular,100,4,961,10,1.0986122886651095,3,10,0.3,29,99
v2_high_decay_s22,v2,high_decay,22,random_regular,100,4,962,121,3.5647968056578736,46,121,0.38016528925619836,97,33
v2_high_decay_s22,v2,high_decay,22,random_regular,100,4,963,22,1.6094379124291005,5,22,0.22727272727272727,21,54
v2_high_decay_s22,v2,high_decay,22,random_regular,100,4,964,168,4.145528240825339,71,168,0.4226190476190476,19,99
v2_high_decay_s22,v2,high_decay,22,random_regular,100,4,965,35,2.670119889791816,17,35,0.4857142857142857,7,99
v2_high_decay_s22,v2,high_decay,22,random_regular,100,4,966,40,2.21106887113461,15,40,0.375,80,99
v2_high_decay_s22,v2,high_decay,22,random_regular,100,4,967,378,4.483524988568429,140,378,0.37037037037037035,19,54
v2_high_decay_s22,v2,high_decay,22,random_regular,100,4,968,79,3.043137604725473,32,79,0.4050632911392405,9,71
v2_high_decay_s22,v2,high_decay,22,random_regular,100,4,969,87,3.098139496330803,26,87,0.2988505747126437,21,54
v2_high_decay_s22,v2,high_decay,22,random_regular,100,4,970,60,2.902002313186603,22,60,0.36666666666666664,50,71
v2_high_decay_s22,v2,high_decay,22,random_regular,100,4,971,17,1.6094379124291005,5,17,0.29411764705882354,70,71
v2_high_decay_s22,v2,high_decay,22,random_regular,100,4,972,239,4.100726954204712,86,239,0.3598326359832636,9,54
v2_high_decay_s22,v2,high_decay,22,random_regular,100,4,973,0,0.0,0,0,,26,26
v2_high_decay_s22,v2,high_decay,22,random_regular,100,4,974,0,0.0,0,0,,26,26
v2_high_decay_s22,v2,high_decay,22,random_regular,100,4,975,86,3.4040404338981127,34,86,0.3953488372093023,49,33
v2_high_decay_s22,v2,high_decay,22,random_regular,100,4,976,152,3.876820151993731,56,152,0.3684210526315789,65,33
v2_high_decay_s22,v2,high_decay,22,random_regular,100,4,977,217,3.892258782285708,78,217,0.35944700460829493,49,71
v2_high_decay_s22,v2,high_decay,22,random_regular,100,4,978,8,1.0986122886651095,3,8,0.375,60,33
v2_high_decay_s22,v2,high_decay,22,random_regular,100,4,979,11,1.6094379124291005,5,11,0.45454545454545453,98,71
v2_high_decay_s22,v2,high_decay,22,random_regular,100,4,980,47,2.540036303807981,14,47,0.2978723404255319,77,26
v2_high_decay_s22,v2,high_decay,22,random_regular,100,4,981,140,4.0383716650599615,65,140,0.4642857142857143,17,99
v2_high_decay_s22,v2,high_decay,22,random_regular,100,4,982,230,3.974970600530295,81,230,0.3521739130434783,32,99
v2_high_decay_s22,v2,high_decay,22,random_regular,100,4,983,15,1.9459101490483133,7,15,0.4666666666666667,48,54
v2_high_decay_s22,v2,high_decay,22,random_regular,100,4,984,96,3.3549875695958247,30,96,0.3125,27,71
v2_high_decay_s22,v2,high_decay,22,random_regular,100,4,985,12,2.079441541671836,8,12,0.6666666666666666,43,99
v2_high_decay_s22,v2,high_decay,22,random_regular,100,4,986,343,4.385545722415479,129,343,0.3760932944606414,88,71
v2_high_decay_s22,v2,high_decay,22,random_regular,100,4,987,69,2.752191546552043,22,69,0.3188405797101449,28,54
v2_high_decay_s22,v2,high_decay,22,random_regular,100,4,988,3,-1.000088900581841e-12,1,3,0.3333333333333333,34,99
v2_high_decay_s22,v2,high_decay,22,random_regular,100,4,989,271,4.114168671493852,95,271,0.3505535055350554,34,26
v2_high_decay_s22,v2,high_decay,22,random_regular,100,4,990,40,2.253857589591352,12,40,0.3,8,26
v2_high_decay_s22,v2,high_decay,22,random_regular,100,4,991,68,3.14180415918923,27,68,0.39705882352941174,44,26
v2_high_decay_s22,v2,high_decay,22,random_regular,100,4,992,70,3.016453999064493,28,70,0.4,25,54
v2_high_decay_s22,v2,high_decay,22,random_regular,100,4,993,30,2.2316069515979344,17,30,0.5666666666666667,29,71
v2_high_decay_s22,v2,high_decay,22,random_regular,100,4,994,25,2.079441541671836,8,25,0.32,43,54
v2_high_decay_s22,v2,high_decay,22,random_regular,100,4,995,38,1.9915093613486137,13,38,0.34210526315789475,73,71
v2_high_decay_s22,v2,high_decay,22,random_regular,100,4,996,200,4.045617058769408,72,200,0.36,91,26
v2_high_decay_s22,v2,high_decay,22,random_regular,100,4,997,55,3.0280290732864104,22,55,0.4,30,33
v2_high_decay_s22,v2,high_decay,22,random_regular,100,4,998,8,1.791759469222055,6,8,0.75,39,99
v2_high_decay_s22,v2,high_decay,22,random_regular,100,4,999,0,0.0,0,0,,26,26
