run_id,validation_version,condition,seed,topology,n_nodes,degree,episode_idx,hitting_time,path_entropy,accepted_moves,attempted_moves,accept_rate,start_node,final_node
v2_small_world_baseline_s14,v2,small_world_baseline,14,watts_strogatz,100,4,0,325,4.196170427593903,140,325,0.4307692307692308,15,31
v2_small_world_baseline_s14,v2,small_world_baseline,14,watts_strogatz,100,4,1,140,3.5928758868454915,57,140,0.40714285714285714,84,49
v2_small_world_baseline_s14,v2,small_world_baseline,14,watts_strogatz,100,4,2,31,2.3978952727873706,11,31,0.3548387096774194,8,49
v2_small_world_baseline_s14,v2,small_world_baseline,14,watts_strogatz,100,4,3,52,2.4416605653174344,21,52,0.40384615384615385,69,31
v2_small_world_baseline_s14,v2,small_world_baseline,14,watts_strogatz,100,4,4,174,3.911859161863748,80,174,0.45977011494252873,55,49
v2_small_world_baseline_s14,v2,small_world_baseline,14,watts_strogatz,100,4,5,440,4.017391576754991,174,440,0.39545454545454545,5,91
v2_small_world_baseline_s14,v2,small_world_baseline,14,watts_strogatz,100,4,6,33,2.302585092984045,10,33,0.30303030303030304,37,49
v2_small_world_baseline_s14,v2,small_world_baseline,14,watts_strogatz,100,4,7,0,0.0,0,0,,91,91
v2_small_world_baseline_s14,v2,small_world_baseline,14,watts_strogatz,100,4,8,192,3.898317827118292,68,192,0.3541666666666667,88,60
v2_small_world_baseline_s14,v2,small_world_baseline,14,watts_strogatz,100,4,9,255,3.973637497890435,91,255,0.3568627450980392,87,66
v2_small_world_baseline_s14,v2,small_world_baseline,14,watts_strogatz,100,4,10,40,2.094729047518648,12,40,0.3,44,49
v2_small_world_baseline_s14,v2,small_world_baseline,14,watts_strogatz,100,4,11,93,3.4049278883658625,38,93,0.40860215053763443,2,49
v2_small_world_baseline_s14,v2,small_world_baseline,14,watts_strogatz,100,4,12,23,1.8891591637470213,9,23,0.391304347826087,44,49
v2_small_world_baseline_s14,v2,small_world_baseline,14,watts_strogatz,100,4,13,137,3.8666598395426544,66,137,0.48175182481751827,19,60
v2_small_world_baseline_s14,v2,small_world_baseline,14,watts_strogatz,100,4,14,24,2.369382119683676,12,24,0.5,33,31
v2_small_world_baseline_s14,v2,small_world_baseline,14,watts_strogatz,100,4,15,32,2.540036303807981,14,32,0.4375,18,60
v2_small_world_baseline_s14,v2,small_world_baseline,14,watts_strogatz,100,4,16,0,0.0,0,0,,60,60
v2_small_world_baseline_s14,v2,small_world_baseline,14,watts_strogatz,100,4,17,2,-1.000088900581841e-12,1,2,0.5,47,49
v2_small_world_baseline_s14,v2,small_world_baseline,14,watts_strogatz,100,4,18,189,3.8511687510161416,73,189,0.3862433862433862,14,49
v2_small_world_baseline_s14,v2,small_world_baseline,14,watts_strogatz,100,4,19,280,4.099412741306994,108,280,0.38571428571428573,87,91
v2_small_world_baseline_s14,v2,small_world_baseline,14,watts_strogatz,100,4,20,39,2.630253356374264,18,39,0.46153846153846156,9,66
v2_small_world_baseline_s14,v2,small_world_baseline,14,watts_strogatz,100,4,21,67,2.912494403312053,21,67,0.31343283582089554,24,49
v2_small_world_baseline_s14,v2,small_world_baseline,14,watts_strogatz,100,4,22,255,4.196587430444635,105,255,0.4117647058823529,74,66
v2_small_world_baseline_s14,v2,small_world_baseline,14,watts_strogatz,100,4,23,26,2.302585092984045,10,26,0.38461538461538464,20,66
v2_small_world_baseline_s14,v2,small_world_baseline,14,watts_strogatz,100,4,24,65,2.7631996103768763,31,65,0.47692307692307695,21,31
v2_small_world_baseline_s14,v2,small_world_baseline,14,watts_strogatz,100,4,25,46,2.6593226976945163,18,46,0.391304347826087,16,66
v2_small_world_baseline_s14,v2,small_world_baseline,14,watts_strogatz,100,4,26,349,4.388693132927846,151,349,0.4326647564469914,34,49
v2_small_world_baseline_s14,v2,small_world_baseline,14,watts_strogatz,100,4,27,3,0.6931471805579453,2,3,0.6666666666666666,52,49
v2_small_world_baseline_s14,v2,small_world_baseline,14,watts_strogatz,100,4,28,44,2.639057329601259,14,44,0.3181818181818182,55,31
v2_small_world_baseline_s14,v2,small_world_baseline,14,watts_strogatz,100,4,29,296,4.344221771886601,128,296,0.43243243243243246,11,60
v2_small_world_baseline_s14,v2,small_world_baseline,14,watts_strogatz,100,4,30,201,3.8047943948786,88,201,0.43781094527363185,89,49
v2_small_world_baseline_s14,v2,small_world_baseline,14,watts_strogatz,100,4,31,22,2.079441541671836,8,22,0.36363636363636365,56,60
v2_small_world_baseline_s14,v2,small_world_baseline,14,watts_strogatz,100,4,32,47,2.7080502010872096,15,47,0.3191489361702128,83,31
v2_small_world_baseline_s14,v2,small_world_baseline,14,watts_strogatz,100,4,33,193,3.8841746120299,92,193,0.47668393782383417,36,66
v2_small_world_baseline_s14,v2,small_world_baseline,14,watts_strogatz,100,4,34,28,2.197224577327219,9,28,0.32142857142857145,89,91
v2_small_world_baseline_s14,v2,small_world_baseline,14,watts_strogatz,100,4,35,8,1.3321790402061222,5,8,0.625,70,91
v2_small_world_baseline_s14,v2,small_world_baseline,14,watts_strogatz,100,4,36,17,1.0986122886651095,3,17,0.17647058823529413,71,66
v2_small_world_baseline_s14,v2,small_world_baseline,14,watts_strogatz,100,4,37,33,2.6701198897918164,17,33,0.5151515151515151,70,66
v2_small_world_baseline_s14,v2,small_world_baseline,14,watts_strogatz,100,4,38,42,2.245035274116177,13,42,0.30952380952380953,24,31
v2_small_world_baseline_s14,v2,small_world_baseline,14,watts_strogatz,100,4,39,3,-1.000088900581841e-12,1,3,0.3333333333333333,48,49
v2_small_world_baseline_s14,v2,small_world_baseline,14,watts_strogatz,100,4,40,147,3.5903358100121925,67,147,0.4557823129251701,43,31
v2_small_world_baseline_s14,v2,small_world_baseline,14,watts_strogatz,100,4,41,1,-1.000088900581841e-12,1,1,1.0,67,66
v2_small_world_baseline_s14,v2,small_world_baseline,14,watts_strogatz,100,4,42,198,4.043965837549576,88,198,0.4444444444444444,73,49
v2_small_world_baseline_s14,v2,small_world_baseline,14,watts_strogatz,100,4,43,5,0.6931471805579453,2,5,0.4,72,91
v2_small_world_baseline_s14,v2,small_world_baseline,14,watts_strogatz,100,4,44,182,4.086719197613817,76,182,0.4175824175824176,10,31
v2_small_world_baseline_s14,v2,small_world_baseline,14,watts_strogatz,100,4,45,50,2.670119889791816,17,50,0.34,18,31
v2_small_world_baseline_s14,v2,small_world_baseline,14,watts_strogatz,100,4,46,172,3.500068922853865,72,172,0.4186046511627907,8,49
v2_small_world_baseline_s14,v2,small_world_baseline,14,watts_strogatz,100,4,47,107,3.40194003380316,44,107,0.411214953271028,41,66
v2_small_world_baseline_s14,v2,small_world_baseline,14,watts_strogatz,100,4,48,19,1.8891591637470213,9,19,0.47368421052631576,62,66
v2_small_world_baseline_s14,v2,small_world_baseline,14,watts_strogatz,100,4,49,11,1.6094379124291005,5,11,0.45454545454545453,64,66
v2_small_world_baseline_s14,v2,small_world_baseline,14,watts_strogatz,100,4,50,47,2.8332133440392155,17,47,0.3617021276595745,3,31
v2_small_world_baseline_s14,v2,small_world_baseline,14,watts_strogatz,100,4,51,218,3.8827272687180105,96,218,0.44036697247706424,58,91
v2_small_world_baseline_s14,v2,small_world_baseline,14,watts_strogatz,100,4,52,44,2.813355404483615,18,44,0.4090909090909091,59,66
v2_small_world_baseline_s14,v2,small_world_baseline,14,watts_strogatz,100,4,53,212,3.7463720456155594,85,212,0.4009433962264151,86,49
v2_small_world_baseline_s14,v2,small_world_baseline,14,watts_strogatz,100,4,54,415,4.3012923853868905,174,415,0.41927710843373495,72,91
v2_small_world_baseline_s14,v2,small_world_baseline,14,watts_strogatz,100,4,55,0,0.0,0,0,,60,60
v2_small_world_baseline_s14,v2,small_world_baseline,14,watts_strogatz,100,4,56,2,-1.000088900581841e-12,1,2,0.5,33,31
v2_small_world_baseline_s14,v2,small_world_baseline,14,watts_strogatz,100,4,57,61,3.1418041591892294,27,61,0.4426229508196721,25,49
v2_small_world_baseline_s14,v2,small_world_baseline,14,watts_strogatz,100,4,58,175,4.030312221775606,82,175,0.4685714285714286,51,31
v2_small_world_baseline_s14,v2,small_world_baseline,14,watts_strogatz,100,4,59,57,3.0752205480323718,23,57,0.40350877192982454,52,60
v2_small_world_baseline_s14,v2,small_world_baseline,14,watts_strogatz,100,4,60,40,2.505289990905417,18,40,0.45,74,31
v2_small_world_baseline_s14,v2,small_world_baseline,14,watts_strogatz,100,4,61,161,3.838160219313841,61,161,0.37888198757763975,12,49
v2_small_world_baseline_s14,v2,small_world_baseline,14,watts_strogatz,100,4,62,61,2.925202764151108,24,61,0.39344262295081966,98,91
v2_small_world_baseline_s14,v2,small_world_baseline,14,watts_strogatz,100,4,63,142,3.686257695968476,65,142,0.45774647887323944,3,31
v2_small_world_baseline_s14,v2,small_world_baseline,14,watts_strogatz,100,4,64,109,3.761457811775414,55,109,0.5045871559633027,89,66
v2_small_world_baseline_s14,v2,small_world_baseline,14,watts_strogatz,100,4,65,89,3.3621342345361,42,89,0.47191011235955055,36,31
v2_small_world_baseline_s14,v2,small_world_baseline,14,watts_strogatz,100,4,66,1,-1.000088900581841e-12,1,1,1.0,59,60
v2_small_world_baseline_s14,v2,small_world_baseline,14,watts_strogatz,100,4,67,84,2.791294569677012,26,84,0.30952380952380953,98,91
v2_small_world_baseline_s14,v2,small_world_baseline,14,watts_strogatz,100,4,68,42,2.7184734013140126,20,42,0.47619047619047616,41,31
v2_small_world_baseline_s14,v2,small_world_baseline,14,watts_strogatz,100,4,69,1,-1.000088900581841e-12,1,1,1.0,61,60
v2_small_world_baseline_s14,v2,small_world_baseline,14,watts_strogatz,100,4,70,154,3.495723836989432,67,154,0.43506493506493504,36,49
v2_small_world_baseline_s14,v2,small_world_baseline,14,watts_strogatz,100,4,71,85,3.0140772805483653,30,85,0.35294117647058826,57,31
v2_small_world_baseline_s14,v2,small_world_baseline,14,watts_strogatz,100,4,72,100,3.177514020506748,40,100,0.4,24,66
v2_small_world_baseline_s14,v2,small_world_baseline,14,watts_strogatz,100,4,73,71,3.184783964804171,34,71,0.4788732394366197,72,91
v2_small_world_baseline_s14,v2,small_world_baseline,14,watts_strogatz,100,4,74,43,2.8716496251169272,23,43,0.5348837209302325,75,60
v2_small_world_baseline_s14,v2,small_world_baseline,14,watts_strogatz,100,4,75,3,0.6931471805579453,2,3,0.6666666666666666,95,91
v2_small_world_baseline_s14,v2,small_world_baseline,14,watts_strogatz,100,4,76,0,0.0,0,0,,31,31
v2_small_world_baseline_s14,v2,small_world_baseline,14,watts_strogatz,100,4,77,26,2.1639556568730565,10,26,0.38461538461538464,41,49
v2_small_world_baseline_s14,v2,small_world_baseline,14,watts_strogatz,100,4,78,35,2.476220649585165,18,35,0.5142857142857142,97,91
v2_small_world_baseline_s14,v2,small_world_baseline,14,watts_strogatz,100,4,79,48,2.857102837424001,20,48,0.4166666666666667,38,31
v2_small_world_baseline_s14,v2,small_world_baseline,14,watts_strogatz,100,4,80,8,1.3862943611158909,4,8,0.5,32,31
v2_small_world_baseline_s14,v2,small_world_baseline,14,watts_strogatz,100,4,81,20,2.0431918705371204,9,20,0.45,99,91
v2_small_world_baseline_s14,v2,small_world_baseline,14,watts_strogatz,100,4,82,166,3.78850359470488,58,166,0.3493975903614458,37,49
v2_small_world_baseline_s14,v2,small_world_baseline,14,watts_strogatz,100,4,83,96,3.394549715553361,45,96,0.46875,92,49
v2_small_world_baseline_s14,v2,small_world_baseline,14,watts_strogatz,100,4,84,0,0.0,0,0,,31,31
v2_small_world_baseline_s14,v2,small_world_baseline,14,watts_strogatz,100,4,85,213,4.232297794210399,78,213,0.36619718309859156,84,49
v2_small_world_baseline_s14,v2,small_world_baseline,14,watts_strogatz,100,4,86,59,2.7184734013140126,20,59,0.3389830508474576,3,91
v2_small_world_baseline_s14,v2,small_world_baseline,14,watts_strogatz,100,4,87,31,2.5232109529398907,15,31,0.4838709677419355,85,49
v2_small_world_baseline_s14,v2,small_world_baseline,14,watts_strogatz,100,4,88,319,4.2460934193826505,126,319,0.3949843260188088,94,31
v2_small_world_baseline_s14,v2,small_world_baseline,14,watts_strogatz,100,4,89,128,3.693848158632537,51,128,0.3984375,23,31
v2_small_world_baseline_s14,v2,small_world_baseline,14,watts_strogatz,100,4,90,0,0.0,0,0,,91,91
v2_small_world_baseline_s14,v2,small_world_baseline,14,watts_strogatz,100,4,91,13,1.6094379124291005,5,13,0.38461538461538464,32,31
v2_small_world_baseline_s14,v2,small_world_baseline,14,watts_strogatz,100,4,92,3,0.6931471805579453,2,3,0.6666666666666666,51,49
v2_small_world_baseline_s14,v2,small_world_baseline,14,watts_strogatz,100,4,93,22,2.1458417525857545,11,22,0.5,70,66
v2_small_world_baseline_s14,v2,small_world_baseline,14,watts_strogatz,100,4,94,103,2.96552749570923,34,103,0.3300970873786408,77,91
v2_small_world_baseline_s14,v2,small_world_baseline,14,watts_strogatz,100,4,95,41,2.685945324654788,16,41,0.3902439024390244,87,91
v2_small_world_baseline_s14,v2,small_world_baseline,14,watts_strogatz,100,4,96,131,3.704107926156333,51,131,0.3893129770992366,3,49
v2_small_world_baseline_s14,v2,small_world_baseline,14,watts_strogatz,100,4,97,14,1.6094379124291005,5,14,0.35714285714285715,55,60
v2_small_world_baseline_s14,v2,small_world_baseline,14,watts_strogatz,100,4,98,56,2.7886260379490384,23,56,0.4107142857142857,42,60
v2_small_world_baseline_s14,v2,small_world_baseline,14,watts_strogatz,100,4,99,14,2.079441541671836,8,14,0.5714285714285714,50,49
v2_small_world_baseline_s14,v2,small_world_baseline,14,watts_strogatz,100,4,100,595,4.70129069386182,241,595,0.4050420168067227,58,49
v2_small_world_baseline_s14,v2,small_world_baseline,14,watts_strogatz,100,4,101,171,3.789129310951716,76,171,0.4444444444444444,26,31
v2_small_world_baseline_s14,v2,small_world_baseline,14,watts_strogatz,100,4,102,233,3.839874394226616,96,233,0.41201716738197425,81,91
v2_small_world_baseline_s14,v2,small_world_baseline,14,watts_strogatz,100,4,103,0,0.0,0,0,,49,49
v2_small_world_baseline_s14,v2,small_world_baseline,14,watts_strogatz,100,4,104,148,3.542876897557809,59,148,0.39864864864864863,22,31
v2_small_world_baseline_s14,v2,small_world_baseline,14,watts_strogatz,100,4,105,136,3.521163721465735,52,136,0.38235294117647056,58,60
v2_small_world_baseline_s14,v2,small_world_baseline,14,watts_strogatz,100,4,106,12,1.7478680974607577,7,12,0.5833333333333334,59,66
v2_small_world_baseline_s14,v2,small_world_baseline,14,watts_strogatz,100,4,107,0,0.0,0,0,,91,91
v2_small_world_baseline_s14,v2,small_world_baseline,14,watts_strogatz,100,4,108,234,3.912942434800695,111,234,0.47435897435897434,87,66
v2_small_world_baseline_s14,v2,small_world_baseline,14,watts_strogatz,100,4,109,369,4.393933392009639,163,369,0.44173441734417346,6,60
v2_small_world_baseline_s14,v2,small_world_baseline,14,watts_strogatz,100,4,110,4,0.6931471805579453,2,4,0.5,34,31
v2_small_world_baseline_s14,v2,small_world_baseline,14,watts_strogatz,100,4,111,11,1.6094379124291005,5,11,0.45454545454545453,83,91
v2_small_world_baseline_s14,v2,small_world_baseline,14,watts_strogatz,100,4,112,0,0.0,0,0,,91,91
v2_small_world_baseline_s14,v2,small_world_baseline,14,watts_strogatz,100,4,113,52,2.62299627607079,20,52,0.38461538461538464,90,91
v2_small_world_baseline_s14,v2,small_world_baseline,14,watts_strogatz,100,4,114,12,1.9459101490483133,7,12,0.5833333333333334,23,49
v2_small_world_baseline_s14,v2,small_world_baseline,14,watts_strogatz,100,4,115,112,3.5312261857678995,52,112,0.4642857142857143,28,31
v2_small_world_baseline_s14,v2,small_world_baseline,14,watts_strogatz,100,4,116,15,2.079441541671836,8,15,0.5333333333333333,2,66
v2_small_world_baseline_s14,v2,small_world_baseline,14,watts_strogatz,100,4,117,0,0.0,0,0,,66,66
v2_small_world_baseline_s14,v2,small_world_baseline,14,watts_strogatz,100,4,118,56,3.0870423502050284,25,56,0.44642857142857145,46,49
v2_small_world_baseline_s14,v2,small_world_baseline,14,watts_strogatz,100,4,119,42,2.6593226976945163,18,42,0.42857142857142855,0,66
v2_small_world_baseline_s14,v2,small_world_baseline,14,watts_strogatz,100,4,120,2,0.6931471805579453,2,2,1.0,46,49
v2_small_world_baseline_s14,v2,small_world_baseline,14,watts_strogatz,100,4,121,34,2.61563057701355,15,34,0.4411764705882353,38,49
v2_small_world_baseline_s14,v2,small_world_baseline,14,watts_strogatz,100,4,122,5,1.3862943611158909,4,5,0.8,57,60
v2_small_world_baseline_s14,v2,small_world_baseline,14,watts_strogatz,100,4,123,130,3.701245691733744,52,130,0.4,15,91
v2_small_world_baseline_s14,v2,small_world_baseline,14,watts_strogatz,100,4,124,146,3.696900970297509,54,146,0.3698630136986301,74,91
v2_small_world_baseline_s14,v2,small_world_baseline,14,watts_strogatz,100,4,125,135,3.378783503496249,55,135,0.4074074074074074,92,91
v2_small_world_baseline_s14,v2,small_world_baseline,14,watts_strogatz,100,4,126,250,4.0800728623541,98,250,0.392,32,49
v2_small_world_baseline_s14,v2,small_world_baseline,14,watts_strogatz,100,4,127,7,1.0986122886651095,3,7,0.42857142857142855,30,31
v2_small_world_baseline_s14,v2,small_world_baseline,14,watts_strogatz,100,4,128,121,3.753043869755884,56,121,0.4628099173553719,76,31
v2_small_world_baseline_s14,v2,small_world_baseline,14,watts_strogatz,100,4,129,3,0.6931471805579453,2,3,0.6666666666666666,10,66
v2_small_world_baseline_s14,v2,small_world_baseline,14,watts_strogatz,100,4,130,166,3.808364887554047,60,166,0.3614457831325301,16,31
v2_small_world_baseline_s14,v2,small_world_baseline,14,watts_strogatz,100,4,131,31,2.430791328866232,15,31,0.4838709677419355,2,49
v2_small_world_baseline_s14,v2,small_world_baseline,14,watts_strogatz,100,4,132,157,3.7437001529029454,56,157,0.35668789808917195,20,66
v2_small_world_baseline_s14,v2,small_world_baseline,14,watts_strogatz,100,4,133,87,3.232775904355102,32,87,0.367816091954023,5,31
v2_small_world_baseline_s14,v2,small_world_baseline,14,watts_strogatz,100,4,134,73,3.183922421639312,35,73,0.4794520547945205,18,31
v2_small_world_baseline_s14,v2,small_world_baseline,14,watts_strogatz,100,4,135,16,1.8866967846510787,10,16,0.625,26,31
v2_small_world_baseline_s14,v2,small_world_baseline,14,watts_strogatz,100,4,136,20,1.8891591637470213,9,20,0.45,24,31
v2_small_world_baseline_s14,v2,small_world_baseline,14,watts_strogatz,100,4,137,147,3.8587318373644033,66,147,0.4489795918367347,41,60
v2_small_world_baseline_s14,v2,small_world_baseline,14,watts_strogatz,100,4,138,9,1.791759469222055,6,9,0.6666666666666666,36,60
v2_small_world_baseline_s14,v2,small_world_baseline,14,watts_strogatz,100,4,139,46,2.6593226976945163,18,46,0.391304347826087,85,66
v2_small_world_baseline_s14,v2,small_world_baseline,14,watts_strogatz,100,4,140,529,4.49999936583159,207,529,0.391304347826087,94,31
v2_small_world_baseline_s14,v2,small_world_baseline,14,watts_strogatz,100,4,141,77,3.328471881301736,33,77,0.42857142857142855,4,91
v2_small_world_baseline_s14,v2,small_world_baseline,14,watts_strogatz,100,4,142,4,-1.000088900581841e-12,1,4,0.25,47,49
v2_small_world_baseline_s14,v2,small_world_baseline,14,watts_strogatz,100,4,143,12,1.0986122886651095,3,12,0.25,68,66
v2_small_world_baseline_s14,v2,small_world_baseline,14,watts_strogatz,100,4,144,56,2.8114194982833407,26,56,0.4642857142857143,99,49
v2_small_world_baseline_s14,v2,small_world_baseline,14,watts_strogatz,100,4,145,4,1.0986122886651095,3,4,0.75,65,66
v2_small_world_baseline_s14,v2,small_world_baseline,14,watts_strogatz,100,4,146,165,3.9035711050031336,72,165,0.43636363636363634,75,31
v2_small_world_baseline_s14,v2,small_world_baseline,14,watts_strogatz,100,4,147,3,-1.000088900581841e-12,1,3,0.3333333333333333,33,31
v2_small_world_baseline_s14,v2,small_world_baseline,14,watts_strogatz,100,4,148,164,3.8585319535803833,76,164,0.4634146341463415,83,91
v2_small_world_baseline_s14,v2,small_world_baseline,14,watts_strogatz,100,4,149,112,3.3295386194667422,48,112,0.42857142857142855,89,31
v2_small_world_baseline_s14,v2,small_world_baseline,14,watts_strogatz,100,4,150,139,3.5871941046317746,63,139,0.45323741007194246,74,49
v2_small_world_baseline_s14,v2,small_world_baseline,14,watts_strogatz,100,4,151,32,2.772588722223781,16,32,0.5,0,60
v2_small_world_baseline_s14,v2,small_world_baseline,14,watts_strogatz,100,4,152,14,1.0986122886651095,3,14,0.21428571428571427,27,31
v2_small_world_baseline_s14,v2,small_world_baseline,14,watts_strogatz,100,4,153,60,2.772588722223781,16,60,0.26666666666666666,23,31
v2_small_world_baseline_s14,v2,small_world_baseline,14,watts_strogatz,100,4,154,248,3.811062575964343,104,248,0.41935483870967744,6,91
v2_small_world_baseline_s14,v2,small_world_baseline,14,watts_strogatz,100,4,155,138,3.773623487508097,58,138,0.42028985507246375,4,31
v2_small_world_baseline_s14,v2,small_world_baseline,14,watts_strogatz,100,4,156,68,3.130859653434335,36,68,0.5294117647058824,5,60
v2_small_world_baseline_s14,v2,small_world_baseline,14,watts_strogatz,100,4,157,43,2.4410152780147034,14,43,0.32558139534883723,92,91
v2_small_world_baseline_s14,v2,small_world_baseline,14,watts_strogatz,100,4,158,113,3.3985393782638447,40,113,0.35398230088495575,20,31
v2_small_world_baseline_s14,v2,small_world_baseline,14,watts_strogatz,100,4,159,73,3.176082814634593,29,73,0.3972602739726027,42,49
v2_small_world_baseline_s14,v2,small_world_baseline,14,watts_strogatz,100,4,160,135,3.951790904646536,61,135,0.45185185185185184,45,49
v2_small_world_baseline_s14,v2,small_world_baseline,14,watts_strogatz,100,4,161,71,3.276097603139099,32,71,0.4507042253521127,78,31
v2_small_world_baseline_s14,v2,small_world_baseline,14,watts_strogatz,100,4,162,138,3.675398752673571,60,138,0.43478260869565216,7,49
v2_small_world_baseline_s14,v2,small_world_baseline,14,watts_strogatz,100,4,163,13,1.0986122886651095,3,13,0.23076923076923078,34,31
v2_small_world_baseline_s14,v2,small_world_baseline,14,watts_strogatz,100,4,164,82,3.281720343214064,34,82,0.4146341463414634,71,49
v2_small_world_baseline_s14,v2,small_world_baseline,14,watts_strogatz,100,4,165,9,1.791759469222055,6,9,0.6666666666666666,13,49
v2_small_world_baseline_s14,v2,small_world_baseline,14,watts_strogatz,100,4,166,201,3.873663554837915,85,201,0.4228855721393035,26,91
v2_small_world_baseline_s14,v2,small_world_baseline,14,watts_strogatz,100,4,167,257,4.191604114789734,105,257,0.4085603112840467,33,66
v2_small_world_baseline_s14,v2,small_world_baseline,14,watts_strogatz,100,4,168,200,3.719954545006005,90,200,0.45,84,91
v2_small_world_baseline_s14,v2,small_world_baseline,14,watts_strogatz,100,4,169,118,3.4445350617397,45,118,0.3813559322033898,87,60
v2_small_world_baseline_s14,v2,small_world_baseline,14,watts_strogatz,100,4,170,61,3.044820482442576,26,61,0.4262295081967213,81,49
v2_small_world_baseline_s14,v2,small_world_baseline,14,watts_strogatz,100,4,171,117,3.664523720486966,52,117,0.4444444444444444,14,60
v2_small_world_baseline_s14,v2,small_world_baseline,14,watts_strogatz,100,4,172,14,1.8891591637470213,9,14,0.6428571428571429,28,31
v2_small_world_baseline_s14,v2,small_world_baseline,14,watts_strogatz,100,4,173,10,1.0986122886651095,3,10,0.3,51,49
v2_small_world_baseline_s14,v2,small_world_baseline,14,watts_strogatz,100,4,174,182,3.9023560602892857,65,182,0.35714285714285715,50,66
v2_small_world_baseline_s14,v2,small_world_baseline,14,watts_strogatz,100,4,175,2,-1.000088900581841e-12,1,2,0.5,47,49
v2_small_world_baseline_s14,v2,small_world_baseline,14,watts_strogatz,100,4,176,183,3.636185368178168,72,183,0.39344262295081966,85,91
v2_small_world_baseline_s14,v2,small_world_baseline,14,watts_strogatz,100,4,177,99,3.4985970761531213,45,99,0.45454545454545453,82,49
v2_small_world_baseline_s14,v2,small_world_baseline,14,watts_strogatz,100,4,178,27,2.369382119683676,12,27,0.4444444444444444,84,60
v2_small_world_baseline_s14,v2,small_world_baseline,14,watts_strogatz,100,4,179,261,4.2495449630095,112,261,0.42911877394636017,81,31
v2_small_world_baseline_s14,v2,small_world_baseline,14,watts_strogatz,100,4,180,0,0.0,0,0,,31,31
v2_small_world_baseline_s14,v2,small_world_baseline,14,watts_strogatz,100,4,181,64,3.014630013702276,29,64,0.453125,42,31
v2_small_world_baseline_s14,v2,small_world_baseline,14,watts_strogatz,100,4,182,230,3.966565322323337,99,230,0.43043478260869567,82,31
v2_small_world_baseline_s14,v2,small_world_baseline,14,watts_strogatz,100,4,183,92,3.498597076152121,45,92,0.4891304347826087,74,60
v2_small_world_baseline_s14,v2,small_world_baseline,14,watts_strogatz,100,4,184,28,1.4941751382843085,8,28,0.2857142857142857,27,31
v2_small_world_baseline_s14,v2,small_world_baseline,14,watts_strogatz,100,4,185,225,3.849701865492812,89,225,0.39555555555555555,79,31
v2_small_world_baseline_s14,v2,small_world_baseline,14,watts_strogatz,100,4,186,82,3.2924491076317413,32,82,0.3902439024390244,18,31
v2_small_world_baseline_s14,v2,small_world_baseline,14,watts_strogatz,100,4,187,1,-1.000088900581841e-12,1,1,1.0,30,31
v2_small_world_baseline_s14,v2,small_world_baseline,14,watts_strogatz,100,4,188,96,3.436983993438682,45,96,0.46875,8,31
v2_small_world_baseline_s14,v2,small_world_baseline,14,watts_strogatz,100,4,189,110,3.726795348248236,48,110,0.43636363636363634,81,60
v2_small_world_baseline_s14,v2,small_world_baseline,14,watts_strogatz,100,4,190,113,3.5158980974321508,46,113,0.40707964601769914,78,49
v2_small_world_baseline_s14,v2,small_world_baseline,14,watts_strogatz,100,4,191,537,4.938461335007854,223,537,0.41527001862197394,61,31
v2_small_world_baseline_s14,v2,small_world_baseline,14,watts_strogatz,100,4,192,81,3.3969144201875685,35,81,0.43209876543209874,75,91
v2_small_world_baseline_s14,v2,small_world_baseline,14,watts_strogatz,100,4,193,13,1.3862943611158909,4,13,0.3076923076923077,61,60
v2_small_world_baseline_s14,v2,small_world_baseline,14,watts_strogatz,100,4,194,252,4.192017036147169,104,252,0.4126984126984127,75,49
v2_small_world_baseline_s14,v2,small_world_baseline,14,watts_strogatz,100,4,195,0,0.0,0,0,,66,66
v2_small_world_baseline_s14,v2,small_world_baseline,14,watts_strogatz,100,4,196,87,2.966943486168354,28,87,0.3218390804597701,45,31
v2_small_world_baseline_s14,v2,small_world_baseline,14,watts_strogatz,100,4,197,10,1.0986122886651095,3,10,0.3,56,60
v2_small_world_baseline_s14,v2,small_world_baseline,14,watts_strogatz,100,4,198,41,2.6593226976945163,18,41,0.43902439024390244,47,49
v2_small_world_baseline_s14,v2,small_world_baseline,14,watts_strogatz,100,4,199,252,4.115605943433234,100,252,0.3968253968253968,84,91
v2_small_world_baseline_s14,v2,small_world_baseline,14,watts_strogatz,100,4,200,0,0.0,0,0,,91,91
v2_small_world_baseline_s14,v2,small_world_baseline,14,watts_strogatz,100,4,201,91,3.1068861473976868,36,91,0.3956043956043956,72,49
v2_small_world_baseline_s14,v2,small_world_baseline,14,watts_strogatz,100,4,202,234,4.222609423308405,104,234,0.4444444444444444,98,60
v2_small_world_baseline_s14,v2,small_world_baseline,14,watts_strogatz,100,4,203,41,2.736339051089065,18,41,0.43902439024390244,3,91
v2_small_world_baseline_s14,v2,small_world_baseline,14,watts_strogatz,100,4,204,43,2.813355404483615,18,43,0.4186046511627907,36,49
v2_small_world_baseline_s14,v2,small_world_baseline,14,watts_strogatz,100,4,205,2,-1.000088900581841e-12,1,2,0.5,59,60
v2_small_world_baseline_s14,v2,small_world_baseline,14,watts_strogatz,100,4,206,42,2.150060224474235,17,42,0.40476190476190477,27,31
v2_small_world_baseline_s14,v2,small_world_baseline,14,watts_strogatz,100,4,207,72,3.044522437702424,21,72,0.2916666666666667,78,31
v2_small_world_baseline_s14,v2,small_world_baseline,14,watts_strogatz,100,4,208,6,1.3862943611158909,4,6,0.6666666666666666,29,31
v2_small_world_baseline_s14,v2,small_world_baseline,14,watts_strogatz,100,4,209,75,3.165672166824038,31,75,0.41333333333333333,76,31
v2_small_world_baseline_s14,v2,small_world_baseline,14,watts_strogatz,100,4,210,120,3.290206385348684,49,120,0.4083333333333333,88,60
v2_small_world_baseline_s14,v2,small_world_baseline,14,watts_strogatz,100,4,211,203,4.04945544654748,82,203,0.4039408866995074,65,31
v2_small_world_baseline_s14,v2,small_world_baseline,14,watts_strogatz,100,4,212,220,3.383933330179942,84,220,0.38181818181818183,77,66
v2_small_world_baseline_s14,v2,small_world_baseline,14,watts_strogatz,100,4,213,22,2.540036303807981,14,22,0.6363636363636364,6,66
v2_small_world_baseline_s14,v2,small_world_baseline,14,watts_strogatz,100,4,214,143,3.936558356281204,59,143,0.4125874125874126,75,60
v2_small_world_baseline_s14,v2,small_world_baseline,14,watts_strogatz,100,4,215,39,2.8152049266019468,22,39,0.5641025641025641,41,60
v2_small_world_baseline_s14,v2,small_world_baseline,14,watts_strogatz,100,4,216,275,4.0252887499115175,121,275,0.44,8,66
v2_small_world_baseline_s14,v2,small_world_baseline,14,watts_strogatz,100,4,217,25,1.9459101490483133,7,25,0.28,22,31
v2_small_world_baseline_s14,v2,small_world_baseline,14,watts_strogatz,100,4,218,1,-1.000088900581841e-12,1,1,1.0,32,31
v2_small_world_baseline_s14,v2,small_world_baseline,14,watts_strogatz,100,4,219,169,3.8770696021732576,70,169,0.41420118343195267,17,49
v2_small_world_baseline_s14,v2,small_world_baseline,14,watts_strogatz,100,4,220,94,2.9868414280016777,33,94,0.35106382978723405,18,66
v2_small_world_baseline_s14,v2,small_world_baseline,14,watts_strogatz,100,4,221,218,4.148382868192561,81,218,0.37155963302752293,77,49
v2_small_world_baseline_s14,v2,small_world_baseline,14,watts_strogatz,100,4,222,0,0.0,0,0,,31,31
v2_small_world_baseline_s14,v2,small_world_baseline,14,watts_strogatz,100,4,223,21,2.3516733018936304,13,21,0.6190476190476191,67,49
v2_small_world_baseline_s14,v2,small_world_baseline,14,watts_strogatz,100,4,224,331,4.29346448905413,135,331,0.4078549848942598,74,49
v2_small_world_baseline_s14,v2,small_world_baseline,14,watts_strogatz,100,4,225,199,3.848826289511031,84,199,0.4221105527638191,15,91
v2_small_world_baseline_s14,v2,small_world_baseline,14,watts_strogatz,100,4,226,205,3.861351833809161,85,205,0.4146341463414634,78,49
v2_small_world_baseline_s14,v2,small_world_baseline,14,watts_strogatz,100,4,227,331,4.52958363964941,143,331,0.43202416918429004,5,60
v2_small_world_baseline_s14,v2,small_world_baseline,14,watts_strogatz,100,4,228,11,1.5607104090364068,6,11,0.5454545454545454,29,31
v2_small_world_baseline_s14,v2,small_world_baseline,14,watts_strogatz,100,4,229,231,4.089226175148057,89,231,0.3852813852813853,20,91
v2_small_world_baseline_s14,v2,small_world_baseline,14,watts_strogatz,100,4,230,199,3.754431130812628,78,199,0.39195979899497485,99,66
v2_small_world_baseline_s14,v2,small_world_baseline,14,watts_strogatz,100,4,231,158,3.58516533338034,61,158,0.3860759493670886,77,49
v2_small_world_baseline_s14,v2,small_world_baseline,14,watts_strogatz,100,4,232,67,2.293118601475813,18,67,0.26865671641791045,96,91
v2_small_world_baseline_s14,v2,small_world_baseline,14,watts_strogatz,100,4,233,40,2.476220649585165,18,40,0.45,70,66
v2_small_world_baseline_s14,v2,small_world_baseline,14,watts_strogatz,100,4,234,13,1.6094379124291005,5,13,0.38461538461538464,97,91
v2_small_world_baseline_s14,v2,small_world_baseline,14,watts_strogatz,100,4,235,6,1.0986122886651095,3,6,0.5,28,31
v2_small_world_baseline_s14,v2,small_world_baseline,14,watts_strogatz,100,4,236,68,3.10797227595561,25,68,0.36764705882352944,80,49
v2_small_world_baseline_s14,v2,small_world_baseline,14,watts_strogatz,100,4,237,129,3.6197393022721456,55,129,0.4263565891472868,81,31
v2_small_world_baseline_s14,v2,small_world_baseline,14,watts_strogatz,100,4,238,0,0.0,0,0,,66,66
v2_small_world_baseline_s14,v2,small_world_baseline,14,watts_strogatz,100,4,239,37,2.3516733018936304,13,37,0.35135135135135137,45,49
v2_small_world_baseline_s14,v2,small_world_baseline,14,watts_strogatz,100,4,240,476,4.710089458037364,198,476,0.41596638655462187,27,49
v2_small_world_baseline_s14,v2,small_world_baseline,14,watts_strogatz,100,4,241,148,3.72366044735565,57,148,0.38513513513513514,17,49
v2_small_world_baseline_s14,v2,small_world_baseline,14,watts_strogatz,100,4,242,124,3.777323825362656,53,124,0.4274193548387097,4,49
v2_small_world_baseline_s14,v2,small_world_baseline,14,watts_strogatz,100,4,243,15,2.079441541671836,8,15,0.5333333333333333,61,66
v2_small_world_baseline_s14,v2,small_world_baseline,14,watts_strogatz,100,4,244,163,3.730100921263632,67,163,0.4110429447852761,40,49
v2_small_world_baseline_s14,v2,small_world_baseline,14,watts_strogatz,100,4,245,336,4.576468826411945,165,336,0.49107142857142855,83,49
v2_small_world_baseline_s14,v2,small_world_baseline,14,watts_strogatz,100,4,246,330,4.3971671529523455,139,330,0.4212121212121212,83,31
v2_small_world_baseline_s14,v2,small_world_baseline,14,watts_strogatz,100,4,247,45,2.9785084205072385,21,45,0.4666666666666667,9,49
v2_small_world_baseline_s14,v2,small_world_baseline,14,watts_strogatz,100,4,248,205,3.904565946971796,84,205,0.4097560975609756,20,49
v2_small_world_baseline_s14,v2,small_world_baseline,14,watts_strogatz,100,4,249,275,4.005704505609365,115,275,0.41818181818181815,4,66
v2_small_world_baseline_s14,v2,small_world_baseline,14,watts_strogatz,100,4,250,4,1.0986122886651095,3,4,0.75,9,49
v2_small_world_baseline_s14,v2,small_world_baseline,14,watts_strogatz,100,4,251,139,3.9506776796065255,66,139,0.4748201438848921,80,60
v2_small_world_baseline_s14,v2,small_world_baseline,14,watts_strogatz,100,4,252,112,3.3538389681031515,46,112,0.4107142857142857,77,91
v2_small_world_baseline_s14,v2,small_world_baseline,14,watts_strogatz,100,4,253,40,2.5232109529398907,15,40,0.375,59,60
v2_small_world_baseline_s14,v2,small_world_baseline,14,watts_strogatz,100,4,254,46,3.052520501511814,25,46,0.5434782608695652,47,49
v2_small_world_baseline_s14,v2,small_world_baseline,14,watts_strogatz,100,4,255,678,4.659534897087344,275,678,0.4056047197640118,2,66
v2_small_world_baseline_s14,v2,small_world_baseline,14,watts_strogatz,100,4,256,248,4.341850193679594,108,248,0.43548387096774194,42,49
v2_small_world_baseline_s14,v2,small_world_baseline,14,watts_strogatz,100,4,257,239,4.127171788353804,111,239,0.46443514644351463,89,49
v2_small_world_baseline_s14,v2,small_world_baseline,14,watts_strogatz,100,4,258,69,2.945875517357768,32,69,0.463768115942029,20,91
v2_small_world_baseline_s14,v2,small_world_baseline,14,watts_strogatz,100,4,259,130,3.827309639098593,56,130,0.4307692307692308,30,49
v2_small_world_baseline_s14,v2,small_world_baseline,14,watts_strogatz,100,4,260,119,3.798504562506707,46,119,0.3865546218487395,73,49
v2_small_world_baseline_s14,v2,small_world_baseline,14,watts_strogatz,100,4,261,24,1.9061547465328492,8,24,0.3333333333333333,37,60
v2_small_world_baseline_s14,v2,small_world_baseline,14,watts_strogatz,100,4,262,3,0.6931471805579453,2,3,0.6666666666666666,63,60
v2_small_world_baseline_s14,v2,small_world_baseline,14,watts_strogatz,100,4,263,452,4.382178994681846,182,452,0.4026548672566372,16,66
v2_small_world_baseline_s14,v2,small_world_baseline,14,watts_strogatz,100,4,264,1,-1.000088900581841e-12,1,1,1.0,68,66
v2_small_world_baseline_s14,v2,small_world_baseline,14,watts_strogatz,100,4,265,58,2.8215638078423653,21,58,0.3620689655172414,52,31
v2_small_world_baseline_s14,v2,small_world_baseline,14,watts_strogatz,100,4,266,5,0.6931471805579453,2,5,0.4,63,60
v2_small_world_baseline_s14,v2,small_world_baseline,14,watts_strogatz,100,4,267,22,2.079441541671836,8,22,0.36363636363636365,80,91
v2_small_world_baseline_s14,v2,small_world_baseline,14,watts_strogatz,100,4,268,10,1.6094379124291005,5,10,0.5,51,49
v2_small_world_baseline_s14,v2,small_world_baseline,14,watts_strogatz,100,4,269,107,3.473613549464628,42,107,0.3925233644859813,22,49
v2_small_world_baseline_s14,v2,small_world_baseline,14,watts_strogatz,100,4,270,177,3.790332408091091,77,177,0.4350282485875706,3,31
v2_small_world_baseline_s14,v2,small_world_baseline,14,watts_strogatz,100,4,271,574,4.797765547014008,240,574,0.4181184668989547,7,66
v2_small_world_baseline_s14,v2,small_world_baseline,14,watts_strogatz,100,4,272,9,1.3862943611158909,4,9,0.4444444444444444,64,66
v2_small_world_baseline_s14,v2,small_world_baseline,14,watts_strogatz,100,4,273,11,1.0986122886651095,3,11,0.2727272727272727,92,91
v2_small_world_baseline_s14,v2,small_world_baseline,14,watts_strogatz,100,4,274,7,1.3862943611158909,4,7,0.5714285714285714,92,91
v2_small_world_baseline_s14,v2,small_world_baseline,14,watts_strogatz,100,4,275,36,2.61563057701355,15,36,0.4166666666666667,81,49
v2_small_world_baseline_s14,v2,small_world_baseline,14,watts_strogatz,100,4,276,58,3.0910424533363146,22,58,0.3793103448275862,10,91
v2_small_world_baseline_s14,v2,small_world_baseline,14,watts_strogatz,100,4,277,14,1.9459101490483133,7,14,0.5,14,66
v2_small_world_baseline_s14,v2,small_world_baseline,14,watts_strogatz,100,4,278,54,2.363921103271948,17,54,0.3148148148148148,96,91
v2_small_world_baseline_s14,v2,small_world_baseline,14,watts_strogatz,100,4,279,3,0.6931471805579453,2,3,0.6666666666666666,7,49
v2_small_world_baseline_s14,v2,small_world_baseline,14,watts_strogatz,100,4,280,23,2.369382119683676,12,23,0.5217391304347826,94,91
v2_small_world_baseline_s14,v2,small_world_baseline,14,watts_strogatz,100,4,281,38,2.484906649776,12,38,0.3157894736842105,28,49
v2_small_world_baseline_s14,v2,small_world_baseline,14,watts_strogatz,100,4,282,136,3.764627169924135,52,136,0.38235294117647056,46,31
v2_small_world_baseline_s14,v2,small_world_baseline,14,watts_strogatz,100,4,283,338,4.5484233072204345,151,338,0.4467455621301775,77,91
v2_small_world_baseline_s14,v2,small_world_baseline,14,watts_strogatz,100,4,284,194,3.8836948733026495,82,194,0.422680412371134,4,60
v2_small_world_baseline_s14,v2,small_world_baseline,14,watts_strogatz,100,4,285,4,1.3862943611158909,4,4,1.0,92,91
v2_small_world_baseline_s14,v2,small_world_baseline,14,watts_strogatz,100,4,286,184,3.742709938818765,90,184,0.4891304347826087,12,66
v2_small_world_baseline_s14,v2,small_world_baseline,14,watts_strogatz,100,4,287,68,3.0351414327703696,28,68,0.4117647058823529,7,91
v2_small_world_baseline_s14,v2,small_world_baseline,14,watts_strogatz,100,4,288,105,3.7220699681345786,49,105,0.4666666666666667,22,66
v2_small_world_baseline_s14,v2,small_world_baseline,14,watts_strogatz,100,4,289,688,4.829108850156427,266,688,0.3866279069767442,68,91
v2_small_world_baseline_s14,v2,small_world_baseline,14,watts_strogatz,100,4,290,47,2.3034884952082693,15,47,0.3191489361702128,85,91
v2_small_world_baseline_s14,v2,small_world_baseline,14,watts_strogatz,100,4,291,24,1.791759469222055,6,24,0.25,12,49
v2_small_world_baseline_s14,v2,small_world_baseline,14,watts_strogatz,100,4,292,32,1.5229550675263184,9,32,0.28125,94,91
v2_small_world_baseline_s14,v2,small_world_baseline,14,watts_strogatz,100,4,293,0,0.0,0,0,,31,31
v2_small_world_baseline_s14,v2,small_world_baseline,14,watts_strogatz,100,4,294,21,1.6094379124291005,5,21,0.23809523809523808,95,91
v2_small_world_baseline_s14,v2,small_world_baseline,14,watts_strogatz,100,4,295,65,3.098139496330803,26,65,0.4,41,91
v2_small_world_baseline_s14,v2,small_world_baseline,14,watts_strogatz,100,4,296,359,4.534596475063581,166,359,0.4623955431754875,73,91
v2_small_world_baseline_s14,v2,small_world_baseline,14,watts_strogatz,100,4,297,26,1.9459101490483133,7,26,0.2692307692307692,50,49
v2_small_world_baseline_s14,v2,small_world_baseline,14,watts_strogatz,100,4,298,30,2.4583113296710835,13,30,0.43333333333333335,75,91
v2_small_world_baseline_s14,v2,small_world_baseline,14,watts_strogatz,100,4,299,84,3.3071040554882205,34,84,0.40476190476190477,23,31
v2_small_world_baseline_s14,v2,small_world_baseline,14,watts_strogatz,100,4,300,45,2.3383717047925723,15,45,0.3333333333333333,87,91
v2_small_world_baseline_s14,v2,small_world_baseline,14,watts_strogatz,100,4,301,103,3.67795722676115,46,103,0.44660194174757284,19,49
v2_small_world_baseline_s14,v2,small_world_baseline,14,watts_strogatz,100,4,302,55,2.902002313186603,22,55,0.4,14,31
v2_small_world_baseline_s14,v2,small_world_baseline,14,watts_strogatz,100,4,303,229,4.263796773570228,97,229,0.42358078602620086,56,49
v2_small_world_baseline_s14,v2,small_world_baseline,14,watts_strogatz,100,4,304,100,3.56884739584508,50,100,0.5,20,66
v2_small_world_baseline_s14,v2,small_world_baseline,14,watts_strogatz,100,4,305,85,2.7926528321915,33,85,0.38823529411764707,11,66
v2_small_world_baseline_s14,v2,small_world_baseline,14,watts_strogatz,100,4,306,211,3.925958262121138,83,211,0.3933649289099526,75,49
v2_small_world_baseline_s14,v2,small_world_baseline,14,watts_strogatz,100,4,307,330,4.260629093824942,123,330,0.37272727272727274,96,60
v2_small_world_baseline_s14,v2,small_world_baseline,14,watts_strogatz,100,4,308,55,2.926417555478996,20,55,0.36363636363636365,4,66
v2_small_world_baseline_s14,v2,small_world_baseline,14,watts_strogatz,100,4,309,62,2.9650156932365066,22,62,0.3548387096774194,11,49
v2_small_world_baseline_s14,v2,small_world_baseline,14,watts_strogatz,100,4,310,317,4.217676107504807,137,317,0.43217665615141954,13,49
v2_small_world_baseline_s14,v2,small_world_baseline,14,watts_strogatz,100,4,311,34,2.253857589591352,12,34,0.35294117647058826,97,91
v2_small_world_baseline_s14,v2,small_world_baseline,14,watts_strogatz,100,4,312,18,2.079441541671836,8,18,0.4444444444444444,27,49
v2_small_world_baseline_s14,v2,small_world_baseline,14,watts_strogatz,100,4,313,35,2.369382119683676,12,35,0.34285714285714286,58,66
v2_small_world_baseline_s14,v2,small_world_baseline,14,watts_strogatz,100,4,314,28,2.484906649776,12,28,0.42857142857142855,70,31
v2_small_world_baseline_s14,v2,small_world_baseline,14,watts_strogatz,100,4,315,99,3.12431432150926,43,99,0.43434343434343436,79,91
v2_small_world_baseline_s14,v2,small_world_baseline,14,watts_strogatz,100,4,316,49,2.466577143590937,21,49,0.42857142857142855,77,31
v2_small_world_baseline_s14,v2,small_world_baseline,14,watts_strogatz,100,4,317,20,1.5607104090364068,6,20,0.3,43,49
v2_small_world_baseline_s14,v2,small_world_baseline,14,watts_strogatz,100,4,318,26,2.484906649776,12,26,0.46153846153846156,44,49
v2_small_world_baseline_s14,v2,small_world_baseline,14,watts_strogatz,100,4,319,131,3.9296732195905575,66,131,0.5038167938931297,23,60
v2_small_world_baseline_s14,v2,small_world_baseline,14,watts_strogatz,100,4,320,325,4.5906668674314055,128,325,0.39384615384615385,12,49
v2_small_world_baseline_s14,v2,small_world_baseline,14,watts_strogatz,100,4,321,206,4.112947296325401,92,206,0.44660194174757284,84,31
v2_small_world_baseline_s14,v2,small_world_baseline,14,watts_strogatz,100,4,322,156,3.927130085868026,73,156,0.46794871794871795,78,60
v2_small_world_baseline_s14,v2,small_world_baseline,14,watts_strogatz,100,4,323,36,2.441015278014703,14,36,0.3888888888888889,42,49
v2_small_world_baseline_s14,v2,small_world_baseline,14,watts_strogatz,100,4,324,72,3.176082814634593,29,72,0.4027777777777778,35,49
v2_small_world_baseline_s14,v2,small_world_baseline,14,watts_strogatz,100,4,325,217,4.014855292193817,92,217,0.423963133640553,53,60
v2_small_world_baseline_s14,v2,small_world_baseline,14,watts_strogatz,100,4,326,103,3.64100204641112,45,103,0.4368932038834951,15,31
v2_small_world_baseline_s14,v2,small_world_baseline,14,watts_strogatz,100,4,327,15,1.3862943611158909,4,15,0.26666666666666666,57,60
v2_small_world_baseline_s14,v2,small_world_baseline,14,watts_strogatz,100,4,328,90,3.521792536939174,47,90,0.5222222222222223,16,49
v2_small_world_baseline_s14,v2,small_world_baseline,14,watts_strogatz,100,4,329,97,3.170492662352065,37,97,0.38144329896907214,89,91
v2_small_world_baseline_s14,v2,small_world_baseline,14,watts_strogatz,100,4,330,51,2.630554953620816,23,51,0.45098039215686275,45,60
v2_small_world_baseline_s14,v2,small_world_baseline,14,watts_strogatz,100,4,331,74,3.204777524107256,26,74,0.35135135135135137,26,66
v2_small_world_baseline_s14,v2,small_world_baseline,14,watts_strogatz,100,4,332,156,3.8638802930238696,66,156,0.4230769230769231,53,66
v2_small_world_baseline_s14,v2,small_world_baseline,14,watts_strogatz,100,4,333,159,3.884494650310703,73,159,0.4591194968553459,23,91
v2_small_world_baseline_s14,v2,small_world_baseline,14,watts_strogatz,100,4,334,173,3.942905821751346,71,173,0.41040462427745666,41,49
v2_small_world_baseline_s14,v2,small_world_baseline,14,watts_strogatz,100,4,335,50,2.6525875347051464,19,50,0.38,29,31
v2_small_world_baseline_s14,v2,small_world_baseline,14,watts_strogatz,100,4,336,23,2.1639556568730565,10,23,0.43478260869565216,56,66
v2_small_world_baseline_s14,v2,small_world_baseline,14,watts_strogatz,100,4,337,138,3.7415499360560274,51,138,0.3695652173913043,17,60
v2_small_world_baseline_s14,v2,small_world_baseline,14,watts_strogatz,100,4,338,0,0.0,0,0,,31,31
v2_small_world_baseline_s14,v2,small_world_baseline,14,watts_strogatz,100,4,339,211,4.134700069637437,79,211,0.3744075829383886,99,66
v2_small_world_baseline_s14,v2,small_world_baseline,14,watts_strogatz,100,4,340,81,2.9977665653586163,28,81,0.345679012345679,89,31
v2_small_world_baseline_s14,v2,small_world_baseline,14,watts_strogatz,100,4,341,137,3.660636403697968,55,137,0.40145985401459855,39,49
v2_small_world_baseline_s14,v2,small_world_baseline,14,watts_strogatz,100,4,342,139,3.549686676651296,48,139,0.34532374100719426,78,66
v2_small_world_baseline_s14,v2,small_world_baseline,14,watts_strogatz,100,4,343,210,3.6078798563962633,82,210,0.3904761904761905,75,91
v2_small_world_baseline_s14,v2,small_world_baseline,14,watts_strogatz,100,4,344,84,3.116954888141495,39,84,0.4642857142857143,72,91
v2_small_world_baseline_s14,v2,small_world_baseline,14,watts_strogatz,100,4,345,61,2.736339051089065,18,61,0.29508196721311475,79,66
v2_small_world_baseline_s14,v2,small_world_baseline,14,watts_strogatz,100,4,346,8,1.0986122886651095,3,8,0.375,97,91
v2_small_world_baseline_s14,v2,small_world_baseline,14,watts_strogatz,100,4,347,91,2.7512448406187664,29,91,0.31868131868131866,97,91
v2_small_world_baseline_s14,v2,small_world_baseline,14,watts_strogatz,100,4,348,47,2.6235217562568094,21,47,0.44680851063829785,12,66
v2_small_world_baseline_s14,v2,small_world_baseline,14,watts_strogatz,100,4,349,4,-1.000088900581841e-12,1,4,0.25,33,31
v2_small_world_baseline_s14,v2,small_world_baseline,14,watts_strogatz,100,4,350,13,1.6094379124291005,5,13,0.38461538461538464,87,91
v2_small_world_baseline_s14,v2,small_world_baseline,14,watts_strogatz,100,4,351,120,3.6520250575102735,50,120,0.4166666666666667,28,60
v2_small_world_baseline_s14,v2,small_world_baseline,14,watts_strogatz,100,4,352,600,4.625871088770443,254,600,0.42333333333333334,19,60
v2_small_world_baseline_s14,v2,small_world_baseline,14,watts_strogatz,100,4,353,1,-1.000088900581841e-12,1,1,1.0,61,60
v2_small_world_baseline_s14,v2,small_world_baseline,14,watts_strogatz,100,4,354,103,3.494162268924469,42,103,0.4077669902912621,30,49
v2_small_world_baseline_s14,v2,small_world_baseline,14,watts_strogatz,100,4,355,110,3.259909942155856,40,110,0.36363636363636365,84,60
v2_small_world_baseline_s14,v2,small_world_baseline,14,watts_strogatz,100,4,356,229,4.251346420368511,106,229,0.462882096069869,5,66
v2_small_world_baseline_s14,v2,small_world_baseline,14,watts_strogatz,100,4,357,311,4.132559626243479,120,311,0.3858520900321543,22,49
v2_small_world_baseline_s14,v2,small_world_baseline,14,watts_strogatz,100,4,358,30,2.369382119683676,12,30,0.4,42,49
v2_small_world_baseline_s14,v2,small_world_baseline,14,watts_strogatz,100,4,359,65,2.664358080404244,25,65,0.38461538461538464,98,91
v2_small_world_baseline_s14,v2,small_world_baseline,14,watts_strogatz,100,4,360,53,2.6491586832590177,20,53,0.37735849056603776,42,31
v2_small_world_baseline_s14,v2,small_world_baseline,14,watts_strogatz,100,4,361,86,3.362689340942492,41,86,0.47674418604651164,38,31
v2_small_world_baseline_s14,v2,small_world_baseline,14,watts_strogatz,100,4,362,7,1.0986122886651095,3,7,0.42857142857142855,65,66
v2_small_world_baseline_s14,v2,small_world_baseline,14,watts_strogatz,100,4,363,62,2.9970687270680187,25,62,0.4032258064516129,73,49
v2_small_world_baseline_s14,v2,small_world_baseline,14,watts_strogatz,100,4,364,75,2.7949796238526954,27,75,0.36,95,91
v2_small_world_baseline_s14,v2,small_world_baseline,14,watts_strogatz,100,4,365,74,2.926417555478996,20,74,0.2702702702702703,78,31
v2_small_world_baseline_s14,v2,small_world_baseline,14,watts_strogatz,100,4,366,273,4.042035378778149,126,273,0.46153846153846156,19,60
v2_small_world_baseline_s14,v2,small_world_baseline,14,watts_strogatz,100,4,367,42,2.902002313186603,22,42,0.5238095238095238,87,31
v2_small_world_baseline_s14,v2,small_world_baseline,14,watts_strogatz,100,4,368,35,2.7080502010872096,15,35,0.42857142857142855,58,66
v2_small_world_baseline_s14,v2,small_world_baseline,14,watts_strogatz,100,4,369,108,3.4911163241998726,43,108,0.39814814814814814,57,60
v2_small_world_baseline_s14,v2,small_world_baseline,14,watts_strogatz,100,4,370,29,2.369382119683676,12,29,0.41379310344827586,45,60
v2_small_world_baseline_s14,v2,small_world_baseline,14,watts_strogatz,100,4,371,239,3.986393550151678,108,239,0.45188284518828453,76,91
v2_small_world_baseline_s14,v2,small_world_baseline,14,watts_strogatz,100,4,372,12,1.0986122886651095,3,12,0.25,65,66
v2_small_world_baseline_s14,v2,small_world_baseline,14,watts_strogatz,100,4,373,198,4.118319262323799,96,198,0.48484848484848486,87,31
v2_small_world_baseline_s14,v2,small_world_baseline,14,watts_strogatz,100,4,374,77,3.2238860684653137,29,77,0.37662337662337664,19,60
v2_small_world_baseline_s14,v2,small_world_baseline,14,watts_strogatz,100,4,375,86,3.1984371714503625,36,86,0.4186046511627907,76,49
v2_small_world_baseline_s14,v2,small_world_baseline,14,watts_strogatz,100,4,376,210,4.103275444069121,91,210,0.43333333333333335,34,60
v2_small_world_baseline_s14,v2,small_world_baseline,14,watts_strogatz,100,4,377,13,1.3862943611158909,4,13,0.3076923076923077,57,60
v2_small_world_baseline_s14,v2,small_world_baseline,14,watts_strogatz,100,4,378,51,2.8647385121715674,26,51,0.5098039215686274,11,49
v2_small_world_baseline_s14,v2,small_world_baseline,14,watts_strogatz,100,4,379,89,3.177514020506748,40,89,0.449438202247191,76,49
v2_small_world_baseline_s14,v2,small_world_baseline,14,watts_strogatz,100,4,380,51,2.6491586832590177,20,51,0.39215686274509803,70,66
v2_small_world_baseline_s14,v2,small_world_baseline,14,watts_strogatz,100,4,381,34,2.5232109529398907,15,34,0.4411764705882353,56,60
v2_small_world_baseline_s14,v2,small_world_baseline,14,watts_strogatz,100,4,382,5,0.6931471805579453,2,5,0.4,64,66
v2_small_world_baseline_s14,v2,small_world_baseline,14,watts_strogatz,100,4,383,24,2.639057329601259,14,24,0.5833333333333334,85,66
v2_small_world_baseline_s14,v2,small_world_baseline,14,watts_strogatz,100,4,384,102,3.282951286649582,45,102,0.4411764705882353,10,91
v2_small_world_baseline_s14,v2,small_world_baseline,14,watts_strogatz,100,4,385,17,1.6094379124291005,5,17,0.29411764705882354,30,31
v2_small_world_baseline_s14,v2,small_world_baseline,14,watts_strogatz,100,4,386,148,3.74817685311284,76,148,0.5135135135135135,80,31
v2_small_world_baseline_s14,v2,small_world_baseline,14,watts_strogatz,100,4,387,90,3.4469064102262483,37,90,0.4111111111111111,23,60
v2_small_world_baseline_s14,v2,small_world_baseline,14,watts_strogatz,100,4,388,583,4.640991670827176,220,583,0.37735849056603776,45,91
v2_small_world_baseline_s14,v2,small_world_baseline,14,watts_strogatz,100,4,389,57,2.7738522086634823,23,57,0.40350877192982454,12,66
v2_small_world_baseline_s14,v2,small_world_baseline,14,watts_strogatz,100,4,390,0,0.0,0,0,,66,66
v2_small_world_baseline_s14,v2,small_world_baseline,14,watts_strogatz,100,4,391,5,0.6931471805579453,2,5,0.4,35,31
v2_small_world_baseline_s14,v2,small_world_baseline,14,watts_strogatz,100,4,392,18,0.6931471805579453,2,18,0.1111111111111111,45,49
v2_small_world_baseline_s14,v2,small_world_baseline,14,watts_strogatz,100,4,393,62,3.102810808003112,32,62,0.5161290322580645,12,49
v2_small_world_baseline_s14,v2,small_world_baseline,14,watts_strogatz,100,4,394,134,3.781482146757235,57,134,0.4253731343283582,44,60
v2_small_world_baseline_s14,v2,small_world_baseline,14,watts_strogatz,100,4,395,129,3.680918632939077,54,129,0.4186046511627907,76,31
v2_small_world_baseline_s14,v2,small_world_baseline,14,watts_strogatz,100,4,396,65,2.954673212284816,23,65,0.35384615384615387,73,49
v2_small_world_baseline_s14,v2,small_world_baseline,14,watts_strogatz,100,4,397,11,1.6094379124291005,5,11,0.45454545454545453,35,31
v2_small_world_baseline_s14,v2,small_world_baseline,14,watts_strogatz,100,4,398,105,3.54603493136854,46,105,0.4380952380952381,42,31
v2_small_world_baseline_s14,v2,small_world_baseline,14,watts_strogatz,100,4,399,11,1.0986122886651095,3,11,0.2727272727272727,59,60
v2_small_world_baseline_s14,v2,small_world_baseline,14,watts_strogatz,100,4,400,62,3.039115687997164,27,62,0.43548387096774194,20,91
v2_small_world_baseline_s14,v2,small_world_baseline,14,watts_strogatz,100,4,401,45,2.770973880938686,19,45,0.4222222222222222,85,91
v2_small_world_baseline_s14,v2,small_world_baseline,14,watts_strogatz,100,4,402,23,2.0431918705371204,9,23,0.391304347826087,33,60
v2_small_world_baseline_s14,v2,small_world_baseline,14,watts_strogatz,100,4,403,93,2.624978047803721,37,93,0.3978494623655914,93,91
v2_small_world_baseline_s14,v2,small_world_baseline,14,watts_strogatz,100,4,404,84,3.24542749268087,37,84,0.44047619047619047,10,91
v2_small_world_baseline_s14,v2,small_world_baseline,14,watts_strogatz,100,4,405,179,4.005240466206415,79,179,0.441340782122905,75,49
v2_small_world_baseline_s14,v2,small_world_baseline,14,watts_strogatz,100,4,406,75,3.2285980368793616,33,75,0.44,9,91
v2_small_world_baseline_s14,v2,small_world_baseline,14,watts_strogatz,100,4,407,97,3.696721308158614,43,97,0.44329896907216493,69,49
v2_small_world_baseline_s14,v2,small_world_baseline,14,watts_strogatz,100,4,408,19,2.1639556568730565,10,19,0.5263157894736842,61,66
v2_small_world_baseline_s14,v2,small_world_baseline,14,watts_strogatz,100,4,409,21,2.2718685126865625,11,21,0.5238095238095238,90,66
v2_small_world_baseline_s14,v2,small_world_baseline,14,watts_strogatz,100,4,410,418,4.7104413631526825,173,418,0.4138755980861244,98,31
v2_small_world_baseline_s14,v2,small_world_baseline,14,watts_strogatz,100,4,411,37,2.5993019270857944,16,37,0.43243243243243246,27,31
v2_small_world_baseline_s14,v2,small_world_baseline,14,watts_strogatz,100,4,412,84,2.684722492679522,31,84,0.36904761904761907,70,66
v2_small_world_baseline_s14,v2,small_world_baseline,14,watts_strogatz,100,4,413,20,1.831020481106516,9,20,0.45,90,60
v2_small_world_baseline_s14,v2,small_world_baseline,14,watts_strogatz,100,4,414,29,2.197224577327219,9,29,0.3103448275862069,75,31
v2_small_world_baseline_s14,v2,small_world_baseline,14,watts_strogatz,100,4,415,291,4.415804481949947,116,291,0.39862542955326463,50,31
v2_small_world_baseline_s14,v2,small_world_baseline,14,watts_strogatz,100,4,416,17,1.0986122886651095,3,17,0.17647058823529413,68,66
v2_small_world_baseline_s14,v2,small_world_baseline,14,watts_strogatz,100,4,417,0,0.0,0,0,,91,91
v2_small_world_baseline_s14,v2,small_world_baseline,14,watts_strogatz,100,4,418,106,3.662490020385565,50,106,0.4716981132075472,23,66
v2_small_world_baseline_s14,v2,small_world_baseline,14,watts_strogatz,100,4,419,27,2.484906649776,12,27,0.4444444444444444,89,66
v2_small_world_baseline_s14,v2,small_world_baseline,14,watts_strogatz,100,4,420,44,2.5993019270857944,16,44,0.36363636363636365,71,60
v2_small_world_baseline_s14,v2,small_world_baseline,14,watts_strogatz,100,4,421,0,0.0,0,0,,60,60
v2_small_world_baseline_s14,v2,small_world_baseline,14,watts_strogatz,100,4,422,151,3.8895653270927,59,151,0.39072847682119205,44,91
v2_small_world_baseline_s14,v2,small_world_baseline,14,watts_strogatz,100,4,423,27,2.0253262207620675,10,27,0.37037037037037035,26,31
v2_small_world_baseline_s14,v2,small_world_baseline,14,watts_strogatz,100,4,424,64,2.9487837204313982,29,64,0.453125,74,66
v2_small_world_baseline_s14,v2,small_world_baseline,14,watts_strogatz,100,4,425,150,3.713263470256602,62,150,0.41333333333333333,12,31
v2_small_world_baseline_s14,v2,small_world_baseline,14,watts_strogatz,100,4,426,75,3.128724192456989,33,75,0.44,47,66
v2_small_world_baseline_s14,v2,small_world_baseline,14,watts_strogatz,100,4,427,272,4.324708734154546,116,272,0.4264705882352941,74,31
v2_small_world_baseline_s14,v2,small_world_baseline,14,watts_strogatz,100,4,428,168,3.719834721589701,68,168,0.40476190476190477,15,49
v2_small_world_baseline_s14,v2,small_world_baseline,14,watts_strogatz,100,4,429,140,3.7386778326243135,61,140,0.4357142857142857,22,31
v2_small_world_baseline_s14,v2,small_world_baseline,14,watts_strogatz,100,4,430,242,4.354396032473074,114,242,0.47107438016528924,86,66
v2_small_world_baseline_s14,v2,small_world_baseline,14,watts_strogatz,100,4,431,39,2.3516733018936304,13,39,0.3333333333333333,35,31
v2_small_world_baseline_s14,v2,small_world_baseline,14,watts_strogatz,100,4,432,25,2.0253262207620675,10,25,0.4,97,91
v2_small_world_baseline_s14,v2,small_world_baseline,14,watts_strogatz,100,4,433,12,1.0986122886651095,3,12,0.25,67,66
v2_small_world_baseline_s14,v2,small_world_baseline,14,watts_strogatz,100,4,434,0,0.0,0,0,,49,49
v2_small_world_baseline_s14,v2,small_world_baseline,14,watts_strogatz,100,4,435,11,1.0986122886651095,3,11,0.2727272727272727,33,31
v2_small_world_baseline_s14,v2,small_world_baseline,14,watts_strogatz,100,4,436,44,2.6593226976945163,18,44,0.4090909090909091,0,91
v2_small_world_baseline_s14,v2,small_world_baseline,14,watts_strogatz,100,4,437,0,0.0,0,0,,60,60
v2_small_world_baseline_s14,v2,small_world_baseline,14,watts_strogatz,100,4,438,74,3.0351414327703696,28,74,0.3783783783783784,88,66
v2_small_world_baseline_s14,v2,small_world_baseline,14,watts_strogatz,100,4,439,38,2.639057329601259,14,38,0.3684210526315789,20,91
v2_small_world_baseline_s14,v2,small_world_baseline,14,watts_strogatz,100,4,440,5,1.3862943611158909,4,5,0.8,86,60
v2_small_world_baseline_s14,v2,small_world_baseline,14,watts_strogatz,100,4,441,163,3.591352816692073,81,163,0.49693251533742333,78,66
v2_small_world_baseline_s14,v2,small_world_baseline,14,watts_strogatz,100,4,442,31,2.7080502010872096,15,31,0.4838709677419355,42,60
v2_small_world_baseline_s14,v2,small_world_baseline,14,watts_strogatz,100,4,443,0,0.0,0,0,,49,49
v2_small_world_baseline_s14,v2,small_world_baseline,14,watts_strogatz,100,4,444,137,3.823096663177728,51,137,0.3722627737226277,15,31
v2_small_world_baseline_s14,v2,small_world_baseline,14,watts_strogatz,100,4,445,0,0.0,0,0,,31,31
v2_small_world_baseline_s14,v2,small_world_baseline,14,watts_strogatz,100,4,446,7,0.6931471805579453,2,7,0.2857142857142857,63,66
v2_small_world_baseline_s14,v2,small_world_baseline,14,watts_strogatz,100,4,447,23,2.1639556568730565,10,23,0.43478260869565216,39,31
v2_small_world_baseline_s14,v2,small_world_baseline,14,watts_strogatz,100,4,448,105,3.2817203432140625,34,105,0.3238095238095238,14,49
v2_small_world_baseline_s14,v2,small_world_baseline,14,watts_strogatz,100,4,449,125,3.282576016930176,61,125,0.488,74,31
v2_small_world_baseline_s14,v2,small_world_baseline,14,watts_strogatz,100,4,450,23,1.9459101490483133,7,23,0.30434782608695654,98,91
v2_small_world_baseline_s14,v2,small_world_baseline,14,watts_strogatz,100,4,451,94,3.3769632228309616,40,94,0.425531914893617,25,66
v2_small_world_baseline_s14,v2,small_world_baseline,14,watts_strogatz,100,4,452,13,1.791759469222055,6,13,0.46153846153846156,92,91
v2_small_world_baseline_s14,v2,small_world_baseline,14,watts_strogatz,100,4,453,34,2.3516733018936304,13,34,0.38235294117647056,11,66
v2_small_world_baseline_s14,v2,small_world_baseline,14,watts_strogatz,100,4,454,24,1.7478680974607577,7,24,0.2916666666666667,61,60
v2_small_world_baseline_s14,v2,small_world_baseline,14,watts_strogatz,100,4,455,25,2.540036303807981,14,25,0.56,34,91
v2_small_world_baseline_s14,v2,small_world_baseline,14,watts_strogatz,100,4,456,5,-1.000088900581841e-12,1,5,0.2,29,31
v2_small_world_baseline_s14,v2,small_world_baseline,14,watts_strogatz,100,4,457,176,3.516984315907489,70,176,0.3977272727272727,4,49
v2_small_world_baseline_s14,v2,small_world_baseline,14,watts_strogatz,100,4,458,15,2.079441541671836,8,15,0.5333333333333333,77,49
v2_small_world_baseline_s14,v2,small_world_baseline,14,watts_strogatz,100,4,459,25,2.302585092984045,10,25,0.4,89,31
v2_small_world_baseline_s14,v2,small_world_baseline,14,watts_strogatz,100,4,460,74,3.311178591292005,37,74,0.5,3,91
v2_small_world_baseline_s14,v2,small_world_baseline,14,watts_strogatz,100,4,461,58,3.0904599235931967,27,58,0.46551724137931033,44,60
v2_small_world_baseline_s14,v2,small_world_baseline,14,watts_strogatz,100,4,462,124,3.139084278330093,39,124,0.31451612903225806,24,91
v2_small_world_baseline_s14,v2,small_world_baseline,14,watts_strogatz,100,4,463,2,-1.000088900581841e-12,1,2,0.5,93,91
v2_small_world_baseline_s14,v2,small_world_baseline,14,watts_strogatz,100,4,464,143,3.584545199656126,52,143,0.36363636363636365,78,31
v2_small_world_baseline_s14,v2,small_world_baseline,14,watts_strogatz,100,4,465,83,3.039115687997164,27,83,0.3253012048192771,16,66
v2_small_world_baseline_s14,v2,small_world_baseline,14,watts_strogatz,100,4,466,157,3.730099994202944,61,157,0.3885350318471338,2,66
v2_small_world_baseline_s14,v2,small_world_baseline,14,watts_strogatz,100,4,467,181,3.745781535106312,66,181,0.36464088397790057,36,31
v2_small_world_baseline_s14,v2,small_world_baseline,14,watts_strogatz,100,4,468,450,4.570645746139979,197,450,0.43777777777777777,23,49
v2_small_world_baseline_s14,v2,small_world_baseline,14,watts_strogatz,100,4,469,96,2.9507819294223365,41,96,0.4270833333333333,17,66
v2_small_world_baseline_s14,v2,small_world_baseline,14,watts_strogatz,100,4,470,124,3.192731332734975,42,124,0.3387096774193548,84,91
v2_small_world_baseline_s14,v2,small_world_baseline,14,watts_strogatz,100,4,471,24,2.3978952727873706,11,24,0.4583333333333333,19,91
v2_small_world_baseline_s14,v2,small_world_baseline,14,watts_strogatz,100,4,472,19,2.0431918705371204,9,19,0.47368421052631576,57,66
v2_small_world_baseline_s14,v2,small_world_baseline,14,watts_strogatz,100,4,473,32,2.5649493574485365,13,32,0.40625,46,49
v2_small_world_baseline_s14,v2,small_world_baseline,14,watts_strogatz,100,4,474,38,2.61563057701355,15,38,0.39473684210526316,43,91
v2_small_world_baseline_s14,v2,small_world_baseline,14,watts_strogatz,100,4,475,123,3.485067165988883,47,123,0.3821138211382114,87,31
v2_small_world_baseline_s14,v2,small_world_baseline,14,watts_strogatz,100,4,476,66,3.019736127116996,27,66,0.4090909090909091,16,91
v2_small_world_baseline_s14,v2,small_world_baseline,14,watts_strogatz,100,4,477,14,1.791759469222055,6,14,0.42857142857142855,29,31
v2_small_world_baseline_s14,v2,small_world_baseline,14,watts_strogatz,100,4,478,739,4.795834394162856,329,739,0.44519621109607577,1,66
v2_small_world_baseline_s14,v2,small_world_baseline,14,watts_strogatz,100,4,479,258,4.110091207612961,97,258,0.375968992248062,26,66
v2_small_world_baseline_s14,v2,small_world_baseline,14,watts_strogatz,100,4,480,34,2.61563057701355,15,34,0.4411764705882353,27,31
v2_small_world_baseline_s14,v2,small_world_baseline,14,watts_strogatz,100,4,481,424,4.426751079242267,174,424,0.41037735849056606,10,91
v2_small_world_baseline_s14,v2,small_world_baseline,14,watts_strogatz,100,4,482,54,2.830940430235774,20,54,0.37037037037037035,51,49
v2_small_world_baseline_s14,v2,small_world_baseline,14,watts_strogatz,100,4,483,351,4.242222207803153,143,351,0.4074074074074074,54,91
v2_small_world_baseline_s14,v2,small_world_baseline,14,watts_strogatz,100,4,484,19,2.079441541671836,8,19,0.42105263157894735,26,31
v2_small_world_baseline_s14,v2,small_world_baseline,14,watts_strogatz,100,4,485,3,0.6931471805579453,2,3,0.6666666666666666,57,60
v2_small_world_baseline_s14,v2,small_world_baseline,14,watts_strogatz,100,4,486,125,3.117216380686732,55,125,0.44,95,91
v2_small_world_baseline_s14,v2,small_world_baseline,14,watts_strogatz,100,4,487,141,3.0884204547819896,49,141,0.3475177304964539,23,49
v2_small_world_baseline_s14,v2,small_world_baseline,14,watts_strogatz,100,4,488,105,3.405281014039641,48,105,0.45714285714285713,16,49
v2_small_world_baseline_s14,v2,small_world_baseline,14,watts_strogatz,100,4,489,233,4.060687106453672,115,233,0.49356223175965663,27,49
v2_small_world_baseline_s14,v2,small_world_baseline,14,watts_strogatz,100,4,490,51,2.8674404991054456,24,51,0.47058823529411764,12,49
v2_small_world_baseline_s14,v2,small_world_baseline,14,watts_strogatz,100,4,491,18,1.7478680974607577,7,18,0.3888888888888889,36,91
v2_small_world_baseline_s14,v2,small_world_baseline,14,watts_strogatz,100,4,492,32,2.523210952939891,15,32,0.46875,24,49
v2_small_world_baseline_s14,v2,small_world_baseline,14,watts_strogatz,100,4,493,11,1.9459101490483133,7,11,0.6363636363636364,85,66
v2_small_world_baseline_s14,v2,small_world_baseline,14,watts_strogatz,100,4,494,240,3.952931406209754,93,240,0.3875,84,49
v2_small_world_baseline_s14,v2,small_world_baseline,14,watts_strogatz,100,4,495,47,2.751666616915516,17,47,0.3617021276595745,82,91
v2_small_world_baseline_s14,v2,small_world_baseline,14,watts_strogatz,100,4,496,218,3.8414834846968735,86,218,0.3944954128440367,95,66
v2_small_world_baseline_s14,v2,small_world_baseline,14,watts_strogatz,100,4,497,129,3.4242746329078115,55,129,0.4263565891472868,16,49
v2_small_world_baseline_s14,v2,small_world_baseline,14,watts_strogatz,100,4,498,120,3.6548079912793474,49,120,0.4083333333333333,39,49
v2_small_world_baseline_s14,v2,small_world_baseline,14,watts_strogatz,100,4,499,545,4.5120319673064895,245,545,0.44954128440366975,8,49
v2_small_world_baseline_s14,v2,small_world_baseline,14,watts_strogatz,100,4,500,618,4.936805676048433,269,618,0.43527508090614886,96,31
v2_small_world_baseline_s14,v2,small_world_baseline,14,watts_strogatz,100,4,501,386,4.467773673936985,165,386,0.4274611398963731,99,66
v2_small_world_baseline_s14,v2,small_world_baseline,14,watts_strogatz,100,4,502,95,3.521792536939174,47,95,0.49473684210526314,74,91
v2_small_world_baseline_s14,v2,small_world_baseline,14,watts_strogatz,100,4,503,0,0.0,0,0,,60,60
v2_small_world_baseline_s14,v2,small_world_baseline,14,watts_strogatz,100,4,504,15,2.0431918705371204,9,15,0.6,23,31
v2_small_world_baseline_s14,v2,small_world_baseline,14,watts_strogatz,100,4,505,347,4.3571794698336666,133,347,0.38328530259365995,97,31
v2_small_world_baseline_s14,v2,small_world_baseline,14,watts_strogatz,100,4,506,88,3.379092505199735,32,88,0.36363636363636365,54,49
v2_small_world_baseline_s14,v2,small_world_baseline,14,watts_strogatz,100,4,507,10,1.3862943611158909,4,10,0.4,10,49
v2_small_world_baseline_s14,v2,small_world_baseline,14,watts_strogatz,100,4,508,70,2.9564942071584808,32,70,0.45714285714285713,79,31
v2_small_world_baseline_s14,v2,small_world_baseline,14,watts_strogatz,100,4,509,51,2.7985132569262934,19,51,0.37254901960784315,17,49
v2_small_world_baseline_s14,v2,small_world_baseline,14,watts_strogatz,100,4,510,18,1.3862943611158909,4,18,0.2222222222222222,30,31
v2_small_world_baseline_s14,v2,small_world_baseline,14,watts_strogatz,100,4,511,60,2.9650156932365066,22,60,0.36666666666666664,33,31
v2_small_world_baseline_s14,v2,small_world_baseline,14,watts_strogatz,100,4,512,94,3.4502855905397403,39,94,0.4148936170212766,76,49
v2_small_world_baseline_s14,v2,small_world_baseline,14,watts_strogatz,100,4,513,0,0.0,0,0,,49,49
v2_small_world_baseline_s14,v2,small_world_baseline,14,watts_strogatz,100,4,514,379,4.490329772698267,158,379,0.41688654353562005,21,91
v2_small_world_baseline_s14,v2,small_world_baseline,14,watts_strogatz,100,4,515,0,0.0,0,0,,49,49
v2_small_world_baseline_s14,v2,small_world_baseline,14,watts_strogatz,100,4,516,60,2.7184734013140126,20,60,0.3333333333333333,52,49
v2_small_world_baseline_s14,v2,small_world_baseline,14,watts_strogatz,100,4,517,25,2.5649493574485365,13,25,0.52,77,49
v2_small_world_baseline_s14,v2,small_world_baseline,14,watts_strogatz,100,4,518,1,-1.000088900581841e-12,1,1,1.0,50,49
v2_small_world_baseline_s14,v2,small_world_baseline,14,watts_strogatz,100,4,519,13,2.079441541671836,8,13,0.6153846153846154,33,91
v2_small_world_baseline_s14,v2,small_world_baseline,14,watts_strogatz,100,4,520,2,-1.000088900581841e-12,1,2,0.5,68,66
v2_small_world_baseline_s14,v2,small_world_baseline,14,watts_strogatz,100,4,521,98,3.3985393782638447,40,98,0.40816326530612246,5,31
v2_small_world_baseline_s14,v2,small_world_baseline,14,watts_strogatz,100,4,522,46,2.7985132569262934,19,46,0.41304347826086957,94,91
v2_small_world_baseline_s14,v2,small_world_baseline,14,watts_strogatz,100,4,523,196,3.6603070582585175,69,196,0.3520408163265306,1,91
v2_small_world_baseline_s14,v2,small_world_baseline,14,watts_strogatz,100,4,524,100,3.3969144201875685,35,100,0.35,87,66
v2_small_world_baseline_s14,v2,small_world_baseline,14,watts_strogatz,100,4,525,263,3.8820279431607942,112,263,0.42585551330798477,83,49
v2_small_world_baseline_s14,v2,small_world_baseline,14,watts_strogatz,100,4,526,17,1.3862943611158909,4,17,0.23529411764705882,36,31
v2_small_world_baseline_s14,v2,small_world_baseline,14,watts_strogatz,100,4,527,14,1.9459101490483133,7,14,0.5,83,91
v2_small_world_baseline_s14,v2,small_world_baseline,14,watts_strogatz,100,4,528,0,0.0,0,0,,66,66
v2_small_world_baseline_s14,v2,small_world_baseline,14,watts_strogatz,100,4,529,153,3.6987960187140354,61,153,0.39869281045751637,38,49
v2_small_world_baseline_s14,v2,small_world_baseline,14,watts_strogatz,100,4,530,123,3.3839758020395387,46,123,0.37398373983739835,11,49
v2_small_world_baseline_s14,v2,small_world_baseline,14,watts_strogatz,100,4,531,139,3.773623487510098,58,139,0.4172661870503597,62,91
v2_small_world_baseline_s14,v2,small_world_baseline,14,watts_strogatz,100,4,532,7,1.0986122886651095,3,7,0.42857142857142855,45,49
v2_small_world_baseline_s14,v2,small_world_baseline,14,watts_strogatz,100,4,533,308,4.06410468236916,129,308,0.41883116883116883,20,66
v2_small_world_baseline_s14,v2,small_world_baseline,14,watts_strogatz,100,4,534,138,4.1071882985912005,75,138,0.5434782608695652,78,91
v2_small_world_baseline_s14,v2,small_world_baseline,14,watts_strogatz,100,4,535,126,3.671655601047183,42,126,0.3333333333333333,22,49
v2_small_world_baseline_s14,v2,small_world_baseline,14,watts_strogatz,100,4,536,52,3.2826939972510645,28,52,0.5384615384615384,17,60
v2_small_world_baseline_s14,v2,small_world_baseline,14,watts_strogatz,100,4,537,499,4.633042109134823,203,499,0.40681362725450904,36,31
v2_small_world_baseline_s14,v2,small_world_baseline,14,watts_strogatz,100,4,538,242,3.990405938078956,92,242,0.38016528925619836,72,66
v2_small_world_baseline_s14,v2,small_world_baseline,14,watts_strogatz,100,4,539,134,3.671503169417828,62,134,0.4626865671641791,79,49
v2_small_world_baseline_s14,v2,small_world_baseline,14,watts_strogatz,100,4,540,115,3.514562790693561,47,115,0.40869565217391307,99,91
v2_small_world_baseline_s14,v2,small_world_baseline,14,watts_strogatz,100,4,541,128,3.4450631495560664,48,128,0.375,70,49
v2_small_world_baseline_s14,v2,small_world_baseline,14,watts_strogatz,100,4,542,81,2.730113963023932,24,81,0.2962962962962963,93,91
v2_small_world_baseline_s14,v2,small_world_baseline,14,watts_strogatz,100,4,543,175,3.767444385705781,67,175,0.38285714285714284,5,66
v2_small_world_baseline_s14,v2,small_world_baseline,14,watts_strogatz,100,4,544,5,1.3862943611158909,4,5,0.8,88,60
v2_small_world_baseline_s14,v2,small_world_baseline,14,watts_strogatz,100,4,545,105,3.652629782939221,45,105,0.42857142857142855,53,31
v2_small_world_baseline_s14,v2,small_world_baseline,14,watts_strogatz,100,4,546,88,3.414739581281256,39,88,0.4431818181818182,6,66
v2_small_world_baseline_s14,v2,small_world_baseline,14,watts_strogatz,100,4,547,31,2.5649493574485365,13,31,0.41935483870967744,0,66
v2_small_world_baseline_s14,v2,small_world_baseline,14,watts_strogatz,100,4,548,69,2.9963067982826157,34,69,0.4927536231884058,5,91
v2_small_world_baseline_s14,v2,small_world_baseline,14,watts_strogatz,100,4,549,133,3.629250947686148,48,133,0.3609022556390977,28,31
v2_small_world_baseline_s14,v2,small_world_baseline,14,watts_strogatz,100,4,550,134,3.783607104130143,54,134,0.40298507462686567,51,31
v2_small_world_baseline_s14,v2,small_world_baseline,14,watts_strogatz,100,4,551,347,4.482943104589587,151,347,0.43515850144092216,17,91
v2_small_world_baseline_s14,v2,small_world_baseline,14,watts_strogatz,100,4,552,80,3.550250017965948,40,80,0.5,58,49
v2_small_world_baseline_s14,v2,small_world_baseline,14,watts_strogatz,100,4,553,101,3.3709770988339507,41,101,0.40594059405940597,57,49
v2_small_world_baseline_s14,v2,small_world_baseline,14,watts_strogatz,100,4,554,108,3.6401519506812425,48,108,0.4444444444444444,9,66
v2_small_world_baseline_s14,v2,small_world_baseline,14,watts_strogatz,100,4,555,35,2.787788119369007,20,35,0.5714285714285714,15,66
v2_small_world_baseline_s14,v2,small_world_baseline,14,watts_strogatz,100,4,556,41,2.5649493574485365,13,41,0.3170731707317073,97,91
v2_small_world_baseline_s14,v2,small_world_baseline,14,watts_strogatz,100,4,557,58,2.596117904175199,29,58,0.5,73,66
v2_small_world_baseline_s14,v2,small_world_baseline,14,watts_strogatz,100,4,558,286,4.367440297733445,117,286,0.4090909090909091,0,49
v2_small_world_baseline_s14,v2,small_world_baseline,14,watts_strogatz,100,4,559,50,2.725550395815721,19,50,0.38,84,91
v2_small_world_baseline_s14,v2,small_world_baseline,14,watts_strogatz,100,4,560,76,3.202445121202928,33,76,0.4342105263157895,16,60
v2_small_world_baseline_s14,v2,small_world_baseline,14,watts_strogatz,100,4,561,37,2.430791328866232,15,37,0.40540540540540543,52,91
v2_small_world_baseline_s14,v2,small_world_baseline,14,watts_strogatz,100,4,562,441,4.678231956783133,195,441,0.4421768707482993,59,66
v2_small_world_baseline_s14,v2,small_world_baseline,14,watts_strogatz,100,4,563,52,2.752191546552043,22,52,0.4230769230769231,70,49
v2_small_world_baseline_s14,v2,small_world_baseline,14,watts_strogatz,100,4,564,34,2.302585092984045,10,34,0.29411764705882354,42,31
v2_small_world_baseline_s14,v2,small_world_baseline,14,watts_strogatz,100,4,565,207,4.049178848519003,83,207,0.40096618357487923,81,91
v2_small_world_baseline_s14,v2,small_world_baseline,14,watts_strogatz,100,4,566,11,1.6094379124291005,5,11,0.45454545454545453,58,60
v2_small_world_baseline_s14,v2,small_world_baseline,14,watts_strogatz,100,4,567,62,2.838988933136699,22,62,0.3548387096774194,38,91
v2_small_world_baseline_s14,v2,small_world_baseline,14,watts_strogatz,100,4,568,99,3.5317496288789423,41,99,0.41414141414141414,12,91
v2_small_world_baseline_s14,v2,small_world_baseline,14,watts_strogatz,100,4,569,10,1.0986122886651095,3,10,0.3,57,60
v2_small_world_baseline_s14,v2,small_world_baseline,14,watts_strogatz,100,4,570,26,2.302585092984045,10,26,0.38461538461538464,63,60
v2_small_world_baseline_s14,v2,small_world_baseline,14,watts_strogatz,100,4,571,125,3.744713470726565,60,125,0.48,9,31
v2_small_world_baseline_s14,v2,small_world_baseline,14,watts_strogatz,100,4,572,3,0.6931471805579453,2,3,0.6666666666666666,59,60
v2_small_world_baseline_s14,v2,small_world_baseline,14,watts_strogatz,100,4,573,247,4.249688048241964,119,247,0.4817813765182186,19,91
v2_small_world_baseline_s14,v2,small_world_baseline,14,watts_strogatz,100,4,574,232,3.952486467914392,104,232,0.4482758620689655,2,49
v2_small_world_baseline_s14,v2,small_world_baseline,14,watts_strogatz,100,4,575,27,2.0431918705371204,9,27,0.3333333333333333,73,66
v2_small_world_baseline_s14,v2,small_world_baseline,14,watts_strogatz,100,4,576,45,2.4914937218654387,21,45,0.4666666666666667,8,66
v2_small_world_baseline_s14,v2,small_world_baseline,14,watts_strogatz,100,4,577,0,0.0,0,0,,91,91
v2_small_world_baseline_s14,v2,small_world_baseline,14,watts_strogatz,100,4,578,44,3.120291565278284,24,44,0.5454545454545454,5,49
v2_small_world_baseline_s14,v2,small_world_baseline,14,watts_strogatz,100,4,579,168,3.65161376723671,77,168,0.4583333333333333,92,49
v2_small_world_baseline_s14,v2,small_world_baseline,14,watts_strogatz,100,4,580,677,4.966471750586195,322,677,0.4756277695716396,80,91
v2_small_world_baseline_s14,v2,small_world_baseline,14,watts_strogatz,100,4,581,74,3.1839025007922364,36,74,0.4864864864864865,58,49
v2_small_world_baseline_s14,v2,small_world_baseline,14,watts_strogatz,100,4,582,185,3.989308107790748,75,185,0.40540540540540543,9,49
v2_small_world_baseline_s14,v2,small_world_baseline,14,watts_strogatz,100,4,583,392,4.327591715434514,150,392,0.3826530612244898,10,91
v2_small_world_baseline_s14,v2,small_world_baseline,14,watts_strogatz,100,4,584,66,3.031590575761233,25,66,0.3787878787878788,99,66
v2_small_world_baseline_s14,v2,small_world_baseline,14,watts_strogatz,100,4,585,162,3.945645594074499,74,162,0.4567901234567901,5,49
v2_small_world_baseline_s14,v2,small_world_baseline,14,watts_strogatz,100,4,586,256,4.286495827684694,123,256,0.48046875,9,49
v2_small_world_baseline_s14,v2,small_world_baseline,14,watts_strogatz,100,4,587,317,4.319712611943932,124,317,0.3911671924290221,18,31
v2_small_world_baseline_s14,v2,small_world_baseline,14,watts_strogatz,100,4,588,212,3.951789501397067,87,212,0.41037735849056606,57,49
v2_small_world_baseline_s14,v2,small_world_baseline,14,watts_strogatz,100,4,589,435,4.675867380181341,173,435,0.39770114942528734,1,66
v2_small_world_baseline_s14,v2,small_world_baseline,14,watts_strogatz,100,4,590,90,3.527169277521562,42,90,0.4666666666666667,45,60
v2_small_world_baseline_s14,v2,small_world_baseline,14,watts_strogatz,100,4,591,125,3.271323550122481,45,125,0.36,1,91
v2_small_world_baseline_s14,v2,small_world_baseline,14,watts_strogatz,100,4,592,44,2.9970687270680187,25,44,0.5681818181818182,4,66
v2_small_world_baseline_s14,v2,small_world_baseline,14,watts_strogatz,100,4,593,278,4.174623266332135,131,278,0.4712230215827338,82,91
v2_small_world_baseline_s14,v2,small_world_baseline,14,watts_strogatz,100,4,594,130,3.502827262694741,54,130,0.4153846153846154,76,91
v2_small_world_baseline_s14,v2,small_world_baseline,14,watts_strogatz,100,4,595,166,3.874587841718904,66,166,0.39759036144578314,87,49
v2_small_world_baseline_s14,v2,small_world_baseline,14,watts_strogatz,100,4,596,79,3.322493706775413,34,79,0.43037974683544306,28,60
v2_small_world_baseline_s14,v2,small_world_baseline,14,watts_strogatz,100,4,597,2,-1.000088900581841e-12,1,2,0.5,48,49
v2_small_world_baseline_s14,v2,small_world_baseline,14,watts_strogatz,100,4,598,44,2.5532370029797145,18,44,0.4090909090909091,23,49
v2_small_world_baseline_s14,v2,small_world_baseline,14,watts_strogatz,100,4,599,5,1.0986122886651095,3,5,0.6,32,31
v2_small_world_baseline_s14,v2,small_world_baseline,14,watts_strogatz,100,4,600,20,1.7478680974607577,7,20,0.35,61,60
v2_small_world_baseline_s14,v2,small_world_baseline,14,watts_strogatz,100,4,601,101,3.1182848249461443,48,101,0.4752475247524752,85,91
v2_small_world_baseline_s14,v2,small_world_baseline,14,watts_strogatz,100,4,602,115,3.441185200633895,52,115,0.45217391304347826,19,66
v2_small_world_baseline_s14,v2,small_world_baseline,14,watts_strogatz,100,4,603,0,0.0,0,0,,31,31
v2_small_world_baseline_s14,v2,small_world_baseline,14,watts_strogatz,100,4,604,88,3.38865078261092,34,88,0.38636363636363635,35,60
v2_small_world_baseline_s14,v2,small_world_baseline,14,watts_strogatz,100,4,605,460,4.717981050940962,197,460,0.4282608695652174,62,31
v2_small_world_baseline_s14,v2,small_world_baseline,14,watts_strogatz,100,4,606,337,4.185333533809268,147,337,0.4362017804154303,23,60
v2_small_world_baseline_s14,v2,small_world_baseline,14,watts_strogatz,100,4,607,34,2.3978952727873706,11,34,0.3235294117647059,63,66
v2_small_world_baseline_s14,v2,small_world_baseline,14,watts_strogatz,100,4,608,2,-1.000088900581841e-12,1,2,0.5,64,66
v2_small_world_baseline_s14,v2,small_world_baseline,14,watts_strogatz,100,4,609,0,0.0,0,0,,66,66
v2_small_world_baseline_s14,v2,small_world_baseline,14,watts_strogatz,100,4,610,125,3.303062253021624,40,125,0.32,90,60
v2_small_world_baseline_s14,v2,small_world_baseline,14,watts_strogatz,100,4,611,66,3.2924491076317413,32,66,0.48484848484848486,77,31
v2_small_world_baseline_s14,v2,small_world_baseline,14,watts_strogatz,100,4,612,46,2.9785084205072385,21,46,0.45652173913043476,12,66
v2_small_world_baseline_s14,v2,small_world_baseline,14,watts_strogatz,100,4,613,54,2.8488997058228165,23,54,0.42592592592592593,62,31
v2_small_world_baseline_s14,v2,small_world_baseline,14,watts_strogatz,100,4,614,213,4.106554607850872,82,213,0.38497652582159625,35,49
v2_small_world_baseline_s14,v2,small_world_baseline,14,watts_strogatz,100,4,615,204,3.743366435718328,78,204,0.38235294117647056,94,66
v2_small_world_baseline_s14,v2,small_world_baseline,14,watts_strogatz,100,4,616,48,2.926417555478996,20,48,0.4166666666666667,9,66
v2_small_world_baseline_s14,v2,small_world_baseline,14,watts_strogatz,100,4,617,10,1.6094379124291005,5,10,0.5,63,60
v2_small_world_baseline_s14,v2,small_world_baseline,14,watts_strogatz,100,4,618,104,3.550250017965948,40,104,0.38461538461538464,78,66
v2_small_world_baseline_s14,v2,small_world_baseline,14,watts_strogatz,100,4,619,74,2.7193768035382364,30,74,0.40540540540540543,92,91
v2_small_world_baseline_s14,v2,small_world_baseline,14,watts_strogatz,100,4,620,49,2.8215638078423653,21,49,0.42857142857142855,17,66
v2_small_world_baseline_s14,v2,small_world_baseline,14,watts_strogatz,100,4,621,400,4.681976310506981,176,400,0.44,97,91
v2_small_world_baseline_s14,v2,small_world_baseline,14,watts_strogatz,100,4,622,1,-1.000088900581841e-12,1,1,1.0,51,49
v2_small_world_baseline_s14,v2,small_world_baseline,14,watts_strogatz,100,4,623,28,2.197224577327219,9,28,0.32142857142857145,13,66
v2_small_world_baseline_s14,v2,small_world_baseline,14,watts_strogatz,100,4,624,99,3.527273057079206,46,99,0.46464646464646464,19,31
v2_small_world_baseline_s14,v2,small_world_baseline,14,watts_strogatz,100,4,625,5,1.3862943611158909,4,5,0.8,94,91
v2_small_world_baseline_s14,v2,small_world_baseline,14,watts_strogatz,100,4,626,153,4.015336452639713,62,153,0.40522875816993464,74,66
v2_small_world_baseline_s14,v2,small_world_baseline,14,watts_strogatz,100,4,627,408,4.4766861144087935,150,408,0.36764705882352944,81,91
v2_small_world_baseline_s14,v2,small_world_baseline,14,watts_strogatz,100,4,628,24,2.079441541671836,8,24,0.3333333333333333,61,60
v2_small_world_baseline_s14,v2,small_world_baseline,14,watts_strogatz,100,4,629,48,2.6701198897918164,17,48,0.3541666666666667,19,91
v2_small_world_baseline_s14,v2,small_world_baseline,14,watts_strogatz,100,4,630,40,2.588573162668117,17,40,0.425,55,91
v2_small_world_baseline_s14,v2,small_world_baseline,14,watts_strogatz,100,4,631,12,1.5498260458732018,7,12,0.5833333333333334,48,49
v2_small_world_baseline_s14,v2,small_world_baseline,14,watts_strogatz,100,4,632,64,2.865703420328896,27,64,0.421875,95,91
v2_small_world_baseline_s14,v2,small_world_baseline,14,watts_strogatz,100,4,633,0,0.0,0,0,,60,60
v2_small_world_baseline_s14,v2,small_world_baseline,14,watts_strogatz,100,4,634,3,0.6931471805579453,2,3,0.6666666666666666,47,49
v2_small_world_baseline_s14,v2,small_world_baseline,14,watts_strogatz,100,4,635,349,4.500727622390016,151,349,0.4326647564469914,5,91
v2_small_world_baseline_s14,v2,small_world_baseline,14,watts_strogatz,100,4,636,94,3.271689322296034,29,94,0.30851063829787234,84,60
v2_small_world_baseline_s14,v2,small_world_baseline,14,watts_strogatz,100,4,637,15,1.3862943611158909,4,15,0.26666666666666666,64,60
v2_small_world_baseline_s14,v2,small_world_baseline,14,watts_strogatz,100,4,638,162,3.7952320662526384,70,162,0.43209876543209874,99,66
v2_small_world_baseline_s14,v2,small_world_baseline,14,watts_strogatz,100,4,639,22,1.9459101490483133,7,22,0.3181818181818182,45,49
v2_small_world_baseline_s14,v2,small_world_baseline,14,watts_strogatz,100,4,640,65,2.2581044307917466,26,65,0.4,93,91
v2_small_world_baseline_s14,v2,small_world_baseline,14,watts_strogatz,100,4,641,0,0.0,0,0,,66,66
v2_small_world_baseline_s14,v2,small_world_baseline,14,watts_strogatz,100,4,642,107,3.329919305469001,43,107,0.40186915887850466,54,66
v2_small_world_baseline_s14,v2,small_world_baseline,14,watts_strogatz,100,4,643,19,1.3296613488507585,6,19,0.3157894736842105,69,66
v2_small_world_baseline_s14,v2,small_world_baseline,14,watts_strogatz,100,4,644,198,3.869547042519231,83,198,0.41919191919191917,89,49
v2_small_world_baseline_s14,v2,small_world_baseline,14,watts_strogatz,100,4,645,4,-1.000088900581841e-12,1,4,0.25,33,31
v2_small_world_baseline_s14,v2,small_world_baseline,14,watts_strogatz,100,4,646,151,3.782440398401674,65,151,0.4304635761589404,92,66
v2_small_world_baseline_s14,v2,small_world_baseline,14,watts_strogatz,100,4,647,128,3.6511228010840666,55,128,0.4296875,18,66
v2_small_world_baseline_s14,v2,small_world_baseline,14,watts_strogatz,100,4,648,24,2.369382119683676,12,24,0.5,11,66
v2_small_world_baseline_s14,v2,small_world_baseline,14,watts_strogatz,100,4,649,425,4.454721284174029,162,425,0.3811764705882353,52,66
v2_small_world_baseline_s14,v2,small_world_baseline,14,watts_strogatz,100,4,650,59,2.663328620570029,28,59,0.4745762711864407,21,49
v2_small_world_baseline_s14,v2,small_world_baseline,14,watts_strogatz,100,4,651,188,3.90108332995352,63,188,0.3351063829787234,80,91
v2_small_world_baseline_s14,v2,small_world_baseline,14,watts_strogatz,100,4,652,105,3.514562790693561,47,105,0.44761904761904764,28,66
v2_small_world_baseline_s14,v2,small_world_baseline,14,watts_strogatz,100,4,653,149,3.892812755218088,66,149,0.4429530201342282,43,60
v2_small_world_baseline_s14,v2,small_world_baseline,14,watts_strogatz,100,4,654,11,1.0986122886651095,3,11,0.2727272727272727,26,49
v2_small_world_baseline_s14,v2,small_world_baseline,14,watts_strogatz,100,4,655,43,2.16822349160464,14,43,0.32558139534883723,71,31
v2_small_world_baseline_s14,v2,small_world_baseline,14,watts_strogatz,100,4,656,7,1.3862943611158909,4,7,0.5714285714285714,7,49
v2_small_world_baseline_s14,v2,small_world_baseline,14,watts_strogatz,100,4,657,32,2.1639556568730565,10,32,0.3125,64,31
v2_small_world_baseline_s14,v2,small_world_baseline,14,watts_strogatz,100,4,658,92,3.1624840112797505,32,92,0.34782608695652173,54,66
v2_small_world_baseline_s14,v2,small_world_baseline,14,watts_strogatz,100,4,659,288,4.370757017877963,138,288,0.4791666666666667,94,49
v2_small_world_baseline_s14,v2,small_world_baseline,14,watts_strogatz,100,4,660,325,4.346756203961584,133,325,0.40923076923076923,27,66
v2_small_world_baseline_s14,v2,small_world_baseline,14,watts_strogatz,100,4,661,14,0.6931471805579453,2,14,0.14285714285714285,27,31
v2_small_world_baseline_s14,v2,small_world_baseline,14,watts_strogatz,100,4,662,25,2.094729047518648,12,25,0.48,27,49
v2_small_world_baseline_s14,v2,small_world_baseline,14,watts_strogatz,100,4,663,54,2.926417555478996,20,54,0.37037037037037035,43,49
v2_small_world_baseline_s14,v2,small_world_baseline,14,watts_strogatz,100,4,664,33,2.484906649776,12,33,0.36363636363636365,46,49
v2_small_world_baseline_s14,v2,small_world_baseline,14,watts_strogatz,100,4,665,34,2.4583113296710835,13,34,0.38235294117647056,82,60
v2_small_world_baseline_s14,v2,small_world_baseline,14,watts_strogatz,100,4,666,14,1.9061547465328492,8,14,0.5714285714285714,43,49
v2_small_world_baseline_s14,v2,small_world_baseline,14,watts_strogatz,100,4,667,120,3.35459787552712,48,120,0.4,18,60
v2_small_world_baseline_s14,v2,small_world_baseline,14,watts_strogatz,100,4,668,3,0.6931471805579453,2,3,0.6666666666666666,58,60
v2_small_world_baseline_s14,v2,small_world_baseline,14,watts_strogatz,100,4,669,6,0.6931471805579453,2,6,0.3333333333333333,67,66
v2_small_world_baseline_s14,v2,small_world_baseline,14,watts_strogatz,100,4,670,143,3.698483887114397,59,143,0.4125874125874126,98,31
v2_small_world_baseline_s14,v2,small_world_baseline,14,watts_strogatz,100,4,671,15,1.9061547465328492,8,15,0.5333333333333333,67,66
v2_small_world_baseline_s14,v2,small_world_baseline,14,watts_strogatz,100,4,672,40,2.393312122962524,16,40,0.4,56,66
v2_small_world_baseline_s14,v2,small_world_baseline,14,watts_strogatz,100,4,673,59,3.1780538303239454,24,59,0.4067796610169492,56,31
v2_small_world_baseline_s14,v2,small_world_baseline,14,watts_strogatz,100,4,674,20,1.9459101490483133,7,20,0.35,64,60
v2_small_world_baseline_s14,v2,small_world_baseline,14,watts_strogatz,100,4,675,22,2.3516733018936304,13,22,0.5909090909090909,73,91
v2_small_world_baseline_s14,v2,small_world_baseline,14,watts_strogatz,100,4,676,114,3.6979142157259046,48,114,0.42105263157894735,39,49
v2_small_world_baseline_s14,v2,small_world_baseline,14,watts_strogatz,100,4,677,6,1.0986122886651095,3,6,0.5,70,66
v2_small_world_baseline_s14,v2,small_world_baseline,14,watts_strogatz,100,4,678,26,2.0947290475186486,12,26,0.46153846153846156,21,49
v2_small_world_baseline_s14,v2,small_world_baseline,14,watts_strogatz,100,4,679,2,-1.000088900581841e-12,1,2,0.5,47,49
v2_small_world_baseline_s14,v2,small_world_baseline,14,watts_strogatz,100,4,680,6,1.3862943611158909,4,6,0.6666666666666666,93,91
v2_small_world_baseline_s14,v2,small_world_baseline,14,watts_strogatz,100,4,681,234,3.796510539998817,92,234,0.39316239316239315,87,91
v2_small_world_baseline_s14,v2,small_world_baseline,14,watts_strogatz,100,4,682,18,1.9459101490483133,7,18,0.3888888888888889,11,66
v2_small_world_baseline_s14,v2,small_world_baseline,14,watts_strogatz,100,4,683,29,2.2718685126865625,11,29,0.3793103448275862,39,91
v2_small_world_baseline_s14,v2,small_world_baseline,14,watts_strogatz,100,4,684,76,2.999815905942478,32,76,0.42105263157894735,22,49
v2_small_world_baseline_s14,v2,small_world_baseline,14,watts_strogatz,100,4,685,19,2.197224577327219,9,19,0.47368421052631576,97,91
v2_small_world_baseline_s14,v2,small_world_baseline,14,watts_strogatz,100,4,686,62,3.335770806415738,32,62,0.5161290322580645,87,91
v2_small_world_baseline_s14,v2,small_world_baseline,14,watts_strogatz,100,4,687,100,3.7026694781446654,47,100,0.47,34,91
v2_small_world_baseline_s14,v2,small_world_baseline,14,watts_strogatz,100,4,688,17,1.7478680974607577,7,17,0.4117647058823529,55,49
v2_small_world_baseline_s14,v2,small_world_baseline,14,watts_strogatz,100,4,689,360,4.361890028152272,158,360,0.4388888888888889,81,91
v2_small_world_baseline_s14,v2,small_world_baseline,14,watts_strogatz,100,4,690,23,1.5607104090364068,6,23,0.2608695652173913,64,66
v2_small_world_baseline_s14,v2,small_world_baseline,14,watts_strogatz,100,4,691,285,3.914478355912636,133,285,0.4666666666666667,94,49
v2_small_world_baseline_s14,v2,small_world_baseline,14,watts_strogatz,100,4,692,148,3.526970667616513,56,148,0.3783783783783784,59,49
v2_small_world_baseline_s14,v2,small_world_baseline,14,watts_strogatz,100,4,693,86,3.4368689714688543,39,86,0.45348837209302323,86,31
v2_small_world_baseline_s14,v2,small_world_baseline,14,watts_strogatz,100,4,694,57,2.6603264779437645,27,57,0.47368421052631576,55,49
v2_small_world_baseline_s14,v2,small_world_baseline,14,watts_strogatz,100,4,695,95,3.422414203983732,32,95,0.3368421052631579,40,49
v2_small_world_baseline_s14,v2,small_world_baseline,14,watts_strogatz,100,4,696,72,3.059489109219116,32,72,0.4444444444444444,83,91
v2_small_world_baseline_s14,v2,small_world_baseline,14,watts_strogatz,100,4,697,225,4.266701220621864,94,225,0.4177777777777778,41,31
v2_small_world_baseline_s14,v2,small_world_baseline,14,watts_strogatz,100,4,698,101,3.4611552603273767,42,101,0.4158415841584158,9,66
v2_small_world_baseline_s14,v2,small_world_baseline,14,watts_strogatz,100,4,699,123,3.715945263483388,60,123,0.4878048780487805,21,91
v2_small_world_baseline_s14,v2,small_world_baseline,14,watts_strogatz,100,4,700,6,1.0986122886651095,3,6,0.5,53,49
v2_small_world_baseline_s14,v2,small_world_baseline,14,watts_strogatz,100,4,701,282,4.030491173817048,106,282,0.375886524822695,75,49
v2_small_world_baseline_s14,v2,small_world_baseline,14,watts_strogatz,100,4,702,117,3.4768876635522785,41,117,0.3504273504273504,39,91
v2_small_world_baseline_s14,v2,small_world_baseline,14,watts_strogatz,100,4,703,61,3.0149468801585937,23,61,0.3770491803278688,32,66
v2_small_world_baseline_s14,v2,small_world_baseline,14,watts_strogatz,100,4,704,80,3.0594891092191165,32,80,0.4,10,31
v2_small_world_baseline_s14,v2,small_world_baseline,14,watts_strogatz,100,4,705,57,2.7184734013140126,20,57,0.3508771929824561,25,49
v2_small_world_baseline_s14,v2,small_world_baseline,14,watts_strogatz,100,4,706,136,3.511559128019882,56,136,0.4117647058823529,23,91
v2_small_world_baseline_s14,v2,small_world_baseline,14,watts_strogatz,100,4,707,0,0.0,0,0,,66,66
v2_small_world_baseline_s14,v2,small_world_baseline,14,watts_strogatz,100,4,708,33,2.5232109529398907,15,33,0.45454545454545453,84,60
v2_small_world_baseline_s14,v2,small_world_baseline,14,watts_strogatz,100,4,709,123,3.9170332489992585,58,123,0.4715447154471545,12,91
v2_small_world_baseline_s14,v2,small_world_baseline,14,watts_strogatz,100,4,710,71,3.26633069192687,34,71,0.4788732394366197,10,60
v2_small_world_baseline_s14,v2,small_world_baseline,14,watts_strogatz,100,4,711,33,2.197224577327219,9,33,0.2727272727272727,36,31
v2_small_world_baseline_s14,v2,small_world_baseline,14,watts_strogatz,100,4,712,42,2.523210952939891,15,42,0.35714285714285715,99,91
v2_small_world_baseline_s14,v2,small_world_baseline,14,watts_strogatz,100,4,713,308,4.218913124072581,113,308,0.36688311688311687,40,49
v2_small_world_baseline_s14,v2,small_world_baseline,14,watts_strogatz,100,4,714,119,3.752444243383149,63,119,0.5294117647058824,83,66
v2_small_world_baseline_s14,v2,small_world_baseline,14,watts_strogatz,100,4,715,109,3.614182604033629,47,109,0.43119266055045874,9,91
v2_small_world_baseline_s14,v2,small_world_baseline,14,watts_strogatz,100,4,716,61,3.1931483947852626,27,61,0.4426229508196721,79,49
v2_small_world_baseline_s14,v2,small_world_baseline,14,watts_strogatz,100,4,717,0,0.0,0,0,,60,60
v2_small_world_baseline_s14,v2,small_world_baseline,14,watts_strogatz,100,4,718,418,4.534756713772026,173,418,0.4138755980861244,17,31
v2_small_world_baseline_s14,v2,small_world_baseline,14,watts_strogatz,100,4,719,53,2.938182454666123,26,53,0.49056603773584906,78,49
v2_small_world_baseline_s14,v2,small_world_baseline,14,watts_strogatz,100,4,720,62,2.902002313186603,22,62,0.3548387096774194,46,66
v2_small_world_baseline_s14,v2,small_world_baseline,14,watts_strogatz,100,4,721,33,2.7080502010872096,15,33,0.45454545454545453,6,91
v2_small_world_baseline_s14,v2,small_world_baseline,14,watts_strogatz,100,4,722,16,1.0986122886651095,3,16,0.1875,47,49
v2_small_world_baseline_s14,v2,small_world_baseline,14,watts_strogatz,100,4,723,37,2.3978952727873706,11,37,0.2972972972972973,76,49
v2_small_world_baseline_s14,v2,small_world_baseline,14,watts_strogatz,100,4,724,132,3.775520777046116,57,132,0.4318181818181818,74,91
v2_small_world_baseline_s14,v2,small_world_baseline,14,watts_strogatz,100,4,725,18,2.079441541671836,8,18,0.4444444444444444,76,31
v2_small_world_baseline_s14,v2,small_world_baseline,14,watts_strogatz,100,4,726,15,1.6094379124291005,5,15,0.3333333333333333,46,31
v2_small_world_baseline_s14,v2,small_world_baseline,14,watts_strogatz,100,4,727,16,1.64341771978718,10,16,0.625,46,49
v2_small_world_baseline_s14,v2,small_world_baseline,14,watts_strogatz,100,4,728,161,3.73894375130552,67,161,0.4161490683229814,33,31
v2_small_world_baseline_s14,v2,small_world_baseline,14,watts_strogatz,100,4,729,153,3.5517259240640824,56,153,0.3660130718954248,39,49
v2_small_world_baseline_s14,v2,small_world_baseline,14,watts_strogatz,100,4,730,155,3.524985636246292,64,155,0.4129032258064516,37,49
v2_small_world_baseline_s14,v2,small_world_baseline,14,watts_strogatz,100,4,731,77,2.992400521036247,33,77,0.42857142857142855,48,91
v2_small_world_baseline_s14,v2,small_world_baseline,14,watts_strogatz,100,4,732,129,3.5517259240640824,56,129,0.43410852713178294,97,91
v2_small_world_baseline_s14,v2,small_world_baseline,14,watts_strogatz,100,4,733,17,1.9459101490483133,7,17,0.4117647058823529,73,31
v2_small_world_baseline_s14,v2,small_world_baseline,14,watts_strogatz,100,4,734,0,0.0,0,0,,60,60
v2_small_world_baseline_s14,v2,small_world_baseline,14,watts_strogatz,100,4,735,32,2.1639556568730565,10,32,0.3125,24,49
v2_small_world_baseline_s14,v2,small_world_baseline,14,watts_strogatz,100,4,736,0,0.0,0,0,,60,60
v2_small_world_baseline_s14,v2,small_world_baseline,14,watts_strogatz,100,4,737,201,4.267246081136163,85,201,0.4228855721393035,14,49
v2_small_world_baseline_s14,v2,small_world_baseline,14,watts_strogatz,100,4,738,16,1.3862943611158909,4,16,0.25,29,31
v2_small_world_baseline_s14,v2,small_world_baseline,14,watts_strogatz,100,4,739,58,2.871220252209114,29,58,0.5,23,66
v2_small_world_baseline_s14,v2,small_world_baseline,14,watts_strogatz,100,4,740,271,4.238903722773201,118,271,0.4354243542435424,18,91
v2_small_world_baseline_s14,v2,small_world_baseline,14,watts_strogatz,100,4,741,7,0.6931471805579453,2,7,0.2857142857142857,50,49
v2_small_world_baseline_s14,v2,small_world_baseline,14,watts_strogatz,100,4,742,183,4.055281415063044,84,183,0.45901639344262296,75,49
v2_small_world_baseline_s14,v2,small_world_baseline,14,watts_strogatz,100,4,743,101,3.583257490460173,44,101,0.43564356435643564,69,49
v2_small_world_baseline_s14,v2,small_world_baseline,14,watts_strogatz,100,4,744,62,2.5532370029797145,18,62,0.2903225806451613,79,31
v2_small_world_baseline_s14,v2,small_world_baseline,14,watts_strogatz,100,4,745,1,-1.000088900581841e-12,1,1,1.0,59,60
v2_small_world_baseline_s14,v2,small_world_baseline,14,watts_strogatz,100,4,746,67,3.1209529938856866,31,67,0.4626865671641791,24,49
v2_small_world_baseline_s14,v2,small_world_baseline,14,watts_strogatz,100,4,747,54,2.8113759572431496,23,54,0.42592592592592593,97,91
v2_small_world_baseline_s14,v2,small_world_baseline,14,watts_strogatz,100,4,748,55,3.098139496330803,26,55,0.4727272727272727,33,49
v2_small_world_baseline_s14,v2,small_world_baseline,14,watts_strogatz,100,4,749,65,3.086715272424053,33,65,0.5076923076923077,80,66
v2_small_world_baseline_s14,v2,small_world_baseline,14,watts_strogatz,100,4,750,112,3.519137653156639,51,112,0.45535714285714285,21,49
v2_small_world_baseline_s14,v2,small_world_baseline,14,watts_strogatz,100,4,751,8,-1.000088900581841e-12,1,8,0.125,93,91
v2_small_world_baseline_s14,v2,small_world_baseline,14,watts_strogatz,100,4,752,150,3.80882630693124,67,150,0.44666666666666666,11,49
v2_small_world_baseline_s14,v2,small_world_baseline,14,watts_strogatz,100,4,753,50,2.725550395815721,19,50,0.38,44,60
v2_small_world_baseline_s14,v2,small_world_baseline,14,watts_strogatz,100,4,754,83,3.4551790069144523,38,83,0.4578313253012048,78,91
v2_small_world_baseline_s14,v2,small_world_baseline,14,watts_strogatz,100,4,755,17,1.5607104090364068,6,17,0.35294117647058826,25,49
v2_small_world_baseline_s14,v2,small_world_baseline,14,watts_strogatz,100,4,756,101,3.453022060713654,49,101,0.48514851485148514,24,49
v2_small_world_baseline_s14,v2,small_world_baseline,14,watts_strogatz,100,4,757,54,2.523210952939891,15,54,0.2777777777777778,51,60
v2_small_world_baseline_s14,v2,small_world_baseline,14,watts_strogatz,100,4,758,7,1.0986122886651095,3,7,0.42857142857142855,54,49
v2_small_world_baseline_s14,v2,small_world_baseline,14,watts_strogatz,100,4,759,289,4.035487402880274,118,289,0.4083044982698962,90,31
v2_small_world_baseline_s14,v2,small_world_baseline,14,watts_strogatz,100,4,760,122,3.4542748455560144,50,122,0.4098360655737705,33,60
v2_small_world_baseline_s14,v2,small_world_baseline,14,watts_strogatz,100,4,761,0,0.0,0,0,,91,91
v2_small_world_baseline_s14,v2,small_world_baseline,14,watts_strogatz,100,4,762,143,3.639195445933788,61,143,0.42657342657342656,20,66
v2_small_world_baseline_s14,v2,small_world_baseline,14,watts_strogatz,100,4,763,193,4.174082480437898,80,193,0.41450777202072536,19,49
v2_small_world_baseline_s14,v2,small_world_baseline,14,watts_strogatz,100,4,764,0,0.0,0,0,,91,91
v2_small_world_baseline_s14,v2,small_world_baseline,14,watts_strogatz,100,4,765,4,-1.000088900581841e-12,1,4,0.25,68,66
v2_small_world_baseline_s14,v2,small_world_baseline,14,watts_strogatz,100,4,766,380,4.522476428798173,154,380,0.4052631578947368,83,31
v2_small_world_baseline_s14,v2,small_world_baseline,14,watts_strogatz,100,4,767,0,0.0,0,0,,60,60
v2_small_world_baseline_s14,v2,small_world_baseline,14,watts_strogatz,100,4,768,18,2.197224577327219,9,18,0.5,58,49
v2_small_world_baseline_s14,v2,small_world_baseline,14,watts_strogatz,100,4,769,80,3.184783964804171,34,80,0.425,86,49
v2_small_world_baseline_s14,v2,small_world_baseline,14,watts_strogatz,100,4,770,168,3.785991797423207,68,168,0.40476190476190477,79,31
v2_small_world_baseline_s14,v2,small_world_baseline,14,watts_strogatz,100,4,771,363,4.288826240207067,147,363,0.4049586776859504,79,31
v2_small_world_baseline_s14,v2,small_world_baseline,14,watts_strogatz,100,4,772,83,3.379193572022772,39,83,0.46987951807228917,1,60
v2_small_world_baseline_s14,v2,small_world_baseline,14,watts_strogatz,100,4,773,435,4.349971778652861,183,435,0.4206896551724138,22,49
v2_small_world_baseline_s14,v2,small_world_baseline,14,watts_strogatz,100,4,774,59,3.039115687997164,27,59,0.4576271186440678,53,49
v2_small_world_baseline_s14,v2,small_world_baseline,14,watts_strogatz,100,4,775,24,1.6957425341636347,10,24,0.4166666666666667,51,49
v2_small_world_baseline_s14,v2,small_world_baseline,14,watts_strogatz,100,4,776,138,3.766121386901238,64,138,0.463768115942029,98,31
v2_small_world_baseline_s14,v2,small_world_baseline,14,watts_strogatz,100,4,777,243,3.873706884162473,91,243,0.37448559670781895,99,49
v2_small_world_baseline_s14,v2,small_world_baseline,14,watts_strogatz,100,4,778,158,3.923380549060517,71,158,0.44936708860759494,22,31
v2_small_world_baseline_s14,v2,small_world_baseline,14,watts_strogatz,100,4,779,1,-1.000088900581841e-12,1,1,1.0,32,31
v2_small_world_baseline_s14,v2,small_world_baseline,14,watts_strogatz,100,4,780,41,2.393312122962524,16,41,0.3902439024390244,37,31
v2_small_world_baseline_s14,v2,small_world_baseline,14,watts_strogatz,100,4,781,21,2.1639556568730565,10,21,0.47619047619047616,24,31
v2_small_world_baseline_s14,v2,small_world_baseline,14,watts_strogatz,100,4,782,572,4.592507013364875,235,572,0.41083916083916083,82,31
v2_small_world_baseline_s14,v2,small_world_baseline,14,watts_strogatz,100,4,783,24,2.369382119683676,12,24,0.5,22,49
v2_small_world_baseline_s14,v2,small_world_baseline,14,watts_strogatz,100,4,784,159,4.006871492509342,76,159,0.4779874213836478,75,31
v2_small_world_baseline_s14,v2,small_world_baseline,14,watts_strogatz,100,4,785,1,-1.000088900581841e-12,1,1,1.0,29,31
v2_small_world_baseline_s14,v2,small_world_baseline,14,watts_strogatz,100,4,786,117,3.906338630513458,61,117,0.5213675213675214,82,66
v2_small_world_baseline_s14,v2,small_world_baseline,14,watts_strogatz,100,4,787,223,3.8864323874293167,88,223,0.39461883408071746,10,49
v2_small_world_baseline_s14,v2,small_world_baseline,14,watts_strogatz,100,4,788,113,3.7415499360560274,51,113,0.45132743362831856,80,49
v2_small_world_baseline_s14,v2,small_world_baseline,14,watts_strogatz,100,4,789,0,0.0,0,0,,66,66
v2_small_world_baseline_s14,v2,small_world_baseline,14,watts_strogatz,100,4,790,253,3.852688504562318,99,253,0.391304347826087,28,66
v2_small_world_baseline_s14,v2,small_world_baseline,14,watts_strogatz,100,4,791,130,3.753434273122641,60,130,0.46153846153846156,58,31
v2_small_world_baseline_s14,v2,small_world_baseline,14,watts_strogatz,100,4,792,75,3.2580965379954825,26,75,0.3466666666666667,53,91
v2_small_world_baseline_s14,v2,small_world_baseline,14,watts_strogatz,100,4,793,43,2.871476118036867,19,43,0.4418604651162791,3,49
v2_small_world_baseline_s14,v2,small_world_baseline,14,watts_strogatz,100,4,794,70,2.985630919874231,28,70,0.4,54,66
v2_small_world_baseline_s14,v2,small_world_baseline,14,watts_strogatz,100,4,795,2,0.6931471805579453,2,2,1.0,69,66
v2_small_world_baseline_s14,v2,small_world_baseline,14,watts_strogatz,100,4,796,39,2.7985132569262934,19,39,0.48717948717948717,14,66
v2_small_world_baseline_s14,v2,small_world_baseline,14,watts_strogatz,100,4,797,559,4.4122694363090655,224,559,0.4007155635062612,97,49
v2_small_world_baseline_s14,v2,small_world_baseline,14,watts_strogatz,100,4,798,9,1.3862943611158909,4,9,0.4444444444444444,70,66
v2_small_world_baseline_s14,v2,small_world_baseline,14,watts_strogatz,100,4,799,2,-1.000088900581841e-12,1,2,0.5,62,60
v2_small_world_baseline_s14,v2,small_world_baseline,14,watts_strogatz,100,4,800,69,3.160436201169992,33,69,0.4782608695652174,42,91
v2_small_world_baseline_s14,v2,small_world_baseline,14,watts_strogatz,100,4,801,2,-1.000088900581841e-12,1,2,0.5,32,31
v2_small_world_baseline_s14,v2,small_world_baseline,14,watts_strogatz,100,4,802,2,-1.000088900581841e-12,1,2,0.5,67,66
v2_small_world_baseline_s14,v2,small_world_baseline,14,watts_strogatz,100,4,803,29,2.61563057701355,15,29,0.5172413793103449,53,60
v2_small_world_baseline_s14,v2,small_world_baseline,14,watts_strogatz,100,4,804,9,1.3862943611158909,4,9,0.4444444444444444,54,49
v2_small_world_baseline_s14,v2,small_world_baseline,14,watts_strogatz,100,4,805,197,3.94526450268176,76,197,0.38578680203045684,44,31
v2_small_world_baseline_s14,v2,small_world_baseline,14,watts_strogatz,100,4,806,208,3.994621481460594,91,208,0.4375,14,66
v2_small_world_baseline_s14,v2,small_world_baseline,14,watts_strogatz,100,4,807,29,2.2055983590163937,14,29,0.4827586206896552,73,66
v2_small_world_baseline_s14,v2,small_world_baseline,14,watts_strogatz,100,4,808,335,4.349067623780668,157,335,0.46865671641791046,78,49
v2_small_world_baseline_s14,v2,small_world_baseline,14,watts_strogatz,100,4,809,209,3.948894144499512,92,209,0.44019138755980863,89,49
v2_small_world_baseline_s14,v2,small_world_baseline,14,watts_strogatz,100,4,810,119,3.610194836463875,54,119,0.453781512605042,23,31
v2_small_world_baseline_s14,v2,small_world_baseline,14,watts_strogatz,100,4,811,46,2.83412587653726,23,46,0.5,24,31
v2_small_world_baseline_s14,v2,small_world_baseline,14,watts_strogatz,100,4,812,141,3.855631191814696,64,141,0.45390070921985815,21,66
v2_small_world_baseline_s14,v2,small_world_baseline,14,watts_strogatz,100,4,813,64,2.9683918915209624,27,64,0.421875,6,49
v2_small_world_baseline_s14,v2,small_world_baseline,14,watts_strogatz,100,4,814,2,-1.000088900581841e-12,1,2,0.5,50,49
v2_small_world_baseline_s14,v2,small_world_baseline,14,watts_strogatz,100,4,815,279,4.197713859347232,104,279,0.3727598566308244,12,31
v2_small_world_baseline_s14,v2,small_world_baseline,14,watts_strogatz,100,4,816,134,3.585824897363591,56,134,0.417910447761194,61,91
v2_small_world_baseline_s14,v2,small_world_baseline,14,watts_strogatz,100,4,817,54,3.062529300232621,24,54,0.4444444444444444,38,31
v2_small_world_baseline_s14,v2,small_world_baseline,14,watts_strogatz,100,4,818,143,3.666665916258637,51,143,0.35664335664335667,84,49
v2_small_world_baseline_s14,v2,small_world_baseline,14,watts_strogatz,100,4,819,1,-1.000088900581841e-12,1,1,1.0,90,91
v2_small_world_baseline_s14,v2,small_world_baseline,14,watts_strogatz,100,4,820,78,3.389268031515795,31,78,0.3974358974358974,59,31
v2_small_world_baseline_s14,v2,small_world_baseline,14,watts_strogatz,100,4,821,147,3.559814995619521,55,147,0.3741496598639456,39,91
v2_small_world_baseline_s14,v2,small_world_baseline,14,watts_strogatz,100,4,822,41,2.751666616915516,17,41,0.4146341463414634,84,60
v2_small_world_baseline_s14,v2,small_world_baseline,14,watts_strogatz,100,4,823,162,3.86645681660218,61,162,0.3765432098765432,63,31
v2_small_world_baseline_s14,v2,small_world_baseline,14,watts_strogatz,100,4,824,18,1.791759469222055,6,18,0.3333333333333333,53,49
v2_small_world_baseline_s14,v2,small_world_baseline,14,watts_strogatz,100,4,825,47,2.4583113296710835,13,47,0.2765957446808511,90,60
v2_small_world_baseline_s14,v2,small_world_baseline,14,watts_strogatz,100,4,826,17,2.079441541671836,8,17,0.47058823529411764,62,60
v2_small_world_baseline_s14,v2,small_world_baseline,14,watts_strogatz,100,4,827,5,0.6931471805579453,2,5,0.4,67,66
v2_small_world_baseline_s14,v2,small_world_baseline,14,watts_strogatz,100,4,828,309,4.468750826115501,138,309,0.44660194174757284,6,49
v2_small_world_baseline_s14,v2,small_world_baseline,14,watts_strogatz,100,4,829,45,2.588573162668117,17,45,0.37777777777777777,2,49
v2_small_world_baseline_s14,v2,small_world_baseline,14,watts_strogatz,100,4,830,11,1.791759469222055,6,11,0.5454545454545454,62,60
v2_small_world_baseline_s14,v2,small_world_baseline,14,watts_strogatz,100,4,831,30,2.369382119683676,12,30,0.4,16,49
v2_small_world_baseline_s14,v2,small_world_baseline,14,watts_strogatz,100,4,832,18,2.0253262207620675,10,18,0.5555555555555556,35,31
v2_small_world_baseline_s14,v2,small_world_baseline,14,watts_strogatz,100,4,833,0,0.0,0,0,,49,49
v2_small_world_baseline_s14,v2,small_world_baseline,14,watts_strogatz,100,4,834,302,4.04569839518016,124,302,0.4105960264900662,4,91
v2_small_world_baseline_s14,v2,small_world_baseline,14,watts_strogatz,100,4,835,9,0.6931471805579453,2,9,0.2222222222222222,70,66
v2_small_world_baseline_s14,v2,small_world_baseline,14,watts_strogatz,100,4,836,259,4.1154665951881215,107,259,0.41312741312741313,84,91
v2_small_world_baseline_s14,v2,small_world_baseline,14,watts_strogatz,100,4,837,167,3.801338558097586,59,167,0.3532934131736527,28,49
v2_small_world_baseline_s14,v2,small_world_baseline,14,watts_strogatz,100,4,838,0,0.0,0,0,,60,60
v2_small_world_baseline_s14,v2,small_world_baseline,14,watts_strogatz,100,4,839,108,3.4887374203868164,44,108,0.4074074074074074,83,49
v2_small_world_baseline_s14,v2,small_world_baseline,14,watts_strogatz,100,4,840,189,3.908178178910095,74,189,0.3915343915343915,80,49
v2_small_world_baseline_s14,v2,small_world_baseline,14,watts_strogatz,100,4,841,20,1.5607104090364068,6,20,0.3,95,91
v2_small_world_baseline_s14,v2,small_world_baseline,14,watts_strogatz,100,4,842,15,1.7478680974607577,7,15,0.4666666666666667,69,66
v2_small_world_baseline_s14,v2,small_world_baseline,14,watts_strogatz,100,4,843,58,2.917432973271215,28,58,0.4827586206896552,51,49
v2_small_world_baseline_s14,v2,small_world_baseline,14,watts_strogatz,100,4,844,25,2.4583113296710835,13,25,0.52,37,91
v2_small_world_baseline_s14,v2,small_world_baseline,14,watts_strogatz,100,4,845,133,3.8578789781798095,61,133,0.45864661654135336,3,31
v2_small_world_baseline_s14,v2,small_world_baseline,14,watts_strogatz,100,4,846,12,1.791759469222055,6,12,0.5,35,66
v2_small_world_baseline_s14,v2,small_world_baseline,14,watts_strogatz,100,4,847,14,1.5607104090364068,6,14,0.42857142857142855,50,49
v2_small_world_baseline_s14,v2,small_world_baseline,14,watts_strogatz,100,4,848,367,4.419208114462384,159,367,0.4332425068119891,86,91
v2_small_world_baseline_s14,v2,small_world_baseline,14,watts_strogatz,100,4,849,12,1.791759469222055,6,12,0.5,14,49
v2_small_world_baseline_s14,v2,small_world_baseline,14,watts_strogatz,100,4,850,28,2.540036303807981,14,28,0.5,1,91
v2_small_world_baseline_s14,v2,small_world_baseline,14,watts_strogatz,100,4,851,13,1.3862943611158909,4,13,0.3076923076923077,5,49
v2_small_world_baseline_s14,v2,small_world_baseline,14,watts_strogatz,100,4,852,22,1.7328679513938632,8,22,0.36363636363636365,43,49
v2_small_world_baseline_s14,v2,small_world_baseline,14,watts_strogatz,100,4,853,88,3.1212805060468662,40,88,0.45454545454545453,73,31
v2_small_world_baseline_s14,v2,small_world_baseline,14,watts_strogatz,100,4,854,177,4.164576800582742,84,177,0.4745762711864407,14,31
v2_small_world_baseline_s14,v2,small_world_baseline,14,watts_strogatz,100,4,855,33,2.5993019270857944,16,33,0.48484848484848486,26,49
v2_small_world_baseline_s14,v2,small_world_baseline,14,watts_strogatz,100,4,856,52,2.7144523517264965,21,52,0.40384615384615385,32,31
v2_small_world_baseline_s14,v2,small_world_baseline,14,watts_strogatz,100,4,857,65,2.9713765399480208,26,65,0.4,18,60
v2_small_world_baseline_s14,v2,small_world_baseline,14,watts_strogatz,100,4,858,64,3.0724579351070864,34,64,0.53125,86,31
v2_small_world_baseline_s14,v2,small_world_baseline,14,watts_strogatz,100,4,859,6,1.3862943611158909,4,6,0.6666666666666666,38,31
v2_small_world_baseline_s14,v2,small_world_baseline,14,watts_strogatz,100,4,860,94,3.3523603338809997,39,94,0.4148936170212766,1,91
v2_small_world_baseline_s14,v2,small_world_baseline,14,watts_strogatz,100,4,861,46,2.894399544411038,23,46,0.5,16,49
v2_small_world_baseline_s14,v2,small_world_baseline,14,watts_strogatz,100,4,862,20,2.079441541671836,8,20,0.4,35,31
v2_small_world_baseline_s14,v2,small_world_baseline,14,watts_strogatz,100,4,863,24,2.302585092984045,10,24,0.4166666666666667,30,31
v2_small_world_baseline_s14,v2,small_world_baseline,14,watts_strogatz,100,4,864,217,3.955391769110909,88,217,0.4055299539170507,73,66
v2_small_world_baseline_s14,v2,small_world_baseline,14,watts_strogatz,100,4,865,35,2.7985132569262934,19,35,0.5428571428571428,24,91
v2_small_world_baseline_s14,v2,small_world_baseline,14,watts_strogatz,100,4,866,126,3.803480322741276,53,126,0.42063492063492064,50,66
v2_small_world_baseline_s14,v2,small_world_baseline,14,watts_strogatz,100,4,867,8,1.791759469222055,6,8,0.75,48,49
v2_small_world_baseline_s14,v2,small_world_baseline,14,watts_strogatz,100,4,868,131,3.466130452115544,51,131,0.3893129770992366,20,91
v2_small_world_baseline_s14,v2,small_world_baseline,14,watts_strogatz,100,4,869,48,2.926417555478996,20,48,0.4166666666666667,0,66
v2_small_world_baseline_s14,v2,small_world_baseline,14,watts_strogatz,100,4,870,8,1.791759469222055,6,8,0.75,57,60
v2_small_world_baseline_s14,v2,small_world_baseline,14,watts_strogatz,100,4,871,243,4.269393858855346,104,243,0.4279835390946502,79,49
v2_small_world_baseline_s14,v2,small_world_baseline,14,watts_strogatz,100,4,872,59,2.846480386116867,21,59,0.3559322033898305,39,91
v2_small_world_baseline_s14,v2,small_world_baseline,14,watts_strogatz,100,4,873,192,3.770989305621119,71,192,0.3697916666666667,79,66
v2_small_world_baseline_s14,v2,small_world_baseline,14,watts_strogatz,100,4,874,32,2.2718685126865625,11,32,0.34375,39,66
v2_small_world_baseline_s14,v2,small_world_baseline,14,watts_strogatz,100,4,875,40,2.441015278014703,14,40,0.35,58,49
v2_small_world_baseline_s14,v2,small_world_baseline,14,watts_strogatz,100,4,876,77,3.148793194444537,31,77,0.4025974025974026,4,91
v2_small_world_baseline_s14,v2,small_world_baseline,14,watts_strogatz,100,4,877,13,1.0986122886651095,3,13,0.23076923076923078,71,66
v2_small_world_baseline_s14,v2,small_world_baseline,14,watts_strogatz,100,4,878,208,4.080898481074848,80,208,0.38461538461538464,69,60
v2_small_world_baseline_s14,v2,small_world_baseline,14,watts_strogatz,100,4,879,37,2.685945324654788,16,37,0.43243243243243246,28,31
v2_small_world_baseline_s14,v2,small_world_baseline,14,watts_strogatz,100,4,880,26,2.197224577327219,9,26,0.34615384615384615,12,91
v2_small_world_baseline_s14,v2,small_world_baseline,14,watts_strogatz,100,4,881,24,2.0947290475186486,12,24,0.5,55,49
v2_small_world_baseline_s14,v2,small_world_baseline,14,watts_strogatz,100,4,882,140,3.565178394441605,50,140,0.35714285714285715,9,31
v2_small_world_baseline_s14,v2,small_world_baseline,14,watts_strogatz,100,4,883,110,3.4611552603273763,42,110,0.38181818181818183,17,66
v2_small_world_baseline_s14,v2,small_world_baseline,14,watts_strogatz,100,4,884,34,2.302585092984045,10,34,0.29411764705882354,50,49
v2_small_world_baseline_s14,v2,small_world_baseline,14,watts_strogatz,100,4,885,9,1.0986122886651095,3,9,0.3333333333333333,68,66
v2_small_world_baseline_s14,v2,small_world_baseline,14,watts_strogatz,100,4,886,18,1.791759469222055,6,18,0.3333333333333333,58,60
v2_small_world_baseline_s14,v2,small_world_baseline,14,watts_strogatz,100,4,887,84,3.170148321450507,30,84,0.35714285714285715,34,49
v2_small_world_baseline_s14,v2,small_world_baseline,14,watts_strogatz,100,4,888,0,0.0,0,0,,91,91
v2_small_world_baseline_s14,v2,small_world_baseline,14,watts_strogatz,100,4,889,136,3.610977212975608,58,136,0.4264705882352941,88,66
v2_small_world_baseline_s14,v2,small_world_baseline,14,watts_strogatz,100,4,890,391,4.6219361986001815,159,391,0.40664961636828645,50,31
v2_small_world_baseline_s14,v2,small_world_baseline,14,watts_strogatz,100,4,891,4,0.6931471805579453,2,4,0.5,63,60
v2_small_world_baseline_s14,v2,small_world_baseline,14,watts_strogatz,100,4,892,24,2.639057329601259,14,24,0.5833333333333334,77,31
v2_small_world_baseline_s14,v2,small_world_baseline,14,watts_strogatz,100,4,893,230,4.084351482206714,94,230,0.40869565217391307,2,49
v2_small_world_baseline_s14,v2,small_world_baseline,14,watts_strogatz,100,4,894,28,2.540036303807981,14,28,0.5,5,60
v2_small_world_baseline_s14,v2,small_world_baseline,14,watts_strogatz,100,4,895,167,3.754183074643037,69,167,0.41317365269461076,52,66
v2_small_world_baseline_s14,v2,small_world_baseline,14,watts_strogatz,100,4,896,18,2.0431918705371204,9,18,0.5,9,49
v2_small_world_baseline_s14,v2,small_world_baseline,14,watts_strogatz,100,4,897,68,3.205805710063748,32,68,0.47058823529411764,78,66
v2_small_world_baseline_s14,v2,small_world_baseline,14,watts_strogatz,100,4,898,93,2.9186582003492645,41,93,0.44086021505376344,92,91
v2_small_world_baseline_s14,v2,small_world_baseline,14,watts_strogatz,100,4,899,63,3.319492576126754,29,63,0.4603174603174603,21,66
v2_small_world_baseline_s14,v2,small_world_baseline,14,watts_strogatz,100,4,900,116,3.920486929157628,61,116,0.5258620689655172,95,49
v2_small_world_baseline_s14,v2,small_world_baseline,14,watts_strogatz,100,4,901,44,2.588573162668117,17,44,0.38636363636363635,52,66
v2_small_world_baseline_s14,v2,small_world_baseline,14,watts_strogatz,100,4,902,113,3.3829219790242604,45,113,0.39823008849557523,9,60
v2_small_world_baseline_s14,v2,small_world_baseline,14,watts_strogatz,100,4,903,1,-1.000088900581841e-12,1,1,1.0,68,66
v2_small_world_baseline_s14,v2,small_world_baseline,14,watts_strogatz,100,4,904,54,2.8861651781804274,25,54,0.46296296296296297,13,31
v2_small_world_baseline_s14,v2,small_world_baseline,14,watts_strogatz,100,4,905,84,3.024773958721533,36,84,0.42857142857142855,29,31
v2_small_world_baseline_s14,v2,small_world_baseline,14,watts_strogatz,100,4,906,7,1.0986122886651095,3,7,0.42857142857142855,9,49
v2_small_world_baseline_s14,v2,small_world_baseline,14,watts_strogatz,100,4,907,47,2.5070264355444176,17,47,0.3617021276595745,29,31
v2_small_world_baseline_s14,v2,small_world_baseline,14,watts_strogatz,100,4,908,65,3.233183484354926,28,65,0.4307692307692308,28,31
v2_small_world_baseline_s14,v2,small_world_baseline,14,watts_strogatz,100,4,909,239,4.301643405222952,108,239,0.45188284518828453,70,91
v2_small_world_baseline_s14,v2,small_world_baseline,14,watts_strogatz,100,4,910,0,0.0,0,0,,60,60
v2_small_world_baseline_s14,v2,small_world_baseline,14,watts_strogatz,100,4,911,183,3.870159084729113,73,183,0.3989071038251366,99,31
v2_small_world_baseline_s14,v2,small_world_baseline,14,watts_strogatz,100,4,912,27,2.484906649776,12,27,0.4444444444444444,82,91
v2_small_world_baseline_s14,v2,small_world_baseline,14,watts_strogatz,100,4,913,116,3.378825429296345,49,116,0.4224137931034483,28,31
v2_small_world_baseline_s14,v2,small_world_baseline,14,watts_strogatz,100,4,914,188,4.180312364335227,86,188,0.4574468085106383,81,31
v2_small_world_baseline_s14,v2,small_world_baseline,14,watts_strogatz,100,4,915,31,2.61563057701355,15,31,0.4838709677419355,18,66
v2_small_world_baseline_s14,v2,small_world_baseline,14,watts_strogatz,100,4,916,36,2.484906649776,12,36,0.3333333333333333,16,66
v2_small_world_baseline_s14,v2,small_world_baseline,14,watts_strogatz,100,4,917,166,3.704823984066852,62,166,0.37349397590361444,0,49
v2_small_world_baseline_s14,v2,small_world_baseline,14,watts_strogatz,100,4,918,574,4.043431998046346,231,574,0.4024390243902439,3,66
v2_small_world_baseline_s14,v2,small_world_baseline,14,watts_strogatz,100,4,919,53,3.0149468801585937,23,53,0.4339622641509434,97,49
v2_small_world_baseline_s14,v2,small_world_baseline,14,watts_strogatz,100,4,920,249,3.971101347982608,124,249,0.4979919678714859,16,91
v2_small_world_baseline_s14,v2,small_world_baseline,14,watts_strogatz,100,4,921,6,1.0986122886651095,3,6,0.5,71,66
v2_small_world_baseline_s14,v2,small_world_baseline,14,watts_strogatz,100,4,922,28,2.019814992484946,11,28,0.39285714285714285,42,60
v2_small_world_baseline_s14,v2,small_world_baseline,14,watts_strogatz,100,4,923,1062,4.979143426396151,444,1062,0.4180790960451977,16,49
v2_small_world_baseline_s14,v2,small_world_baseline,14,watts_strogatz,100,4,924,21,2.302585092984045,10,21,0.47619047619047616,30,31
v2_small_world_baseline_s14,v2,small_world_baseline,14,watts_strogatz,100,4,925,0,0.0,0,0,,66,66
v2_small_world_baseline_s14,v2,small_world_baseline,14,watts_strogatz,100,4,926,101,3.685841755717329,55,101,0.5445544554455446,88,60
v2_small_world_baseline_s14,v2,small_world_baseline,14,watts_strogatz,100,4,927,249,4.201183565399663,99,249,0.39759036144578314,39,49
v2_small_world_baseline_s14,v2,small_world_baseline,14,watts_strogatz,100,4,928,37,2.2055983590163937,14,37,0.3783783783783784,53,49
v2_small_world_baseline_s14,v2,small_world_baseline,14,watts_strogatz,100,4,929,40,2.7985132569262934,19,40,0.475,70,66
v2_small_world_baseline_s14,v2,small_world_baseline,14,watts_strogatz,100,4,930,192,4.103117875853132,88,192,0.4583333333333333,63,91
v2_small_world_baseline_s14,v2,small_world_baseline,14,watts_strogatz,100,4,931,4,-1.000088900581841e-12,1,4,0.25,59,60
v2_small_world_baseline_s14,v2,small_world_baseline,14,watts_strogatz,100,4,932,305,4.372568859339178,118,305,0.38688524590163936,45,49
v2_small_world_baseline_s14,v2,small_world_baseline,14,watts_strogatz,100,4,933,1,-1.000088900581841e-12,1,1,1.0,50,49
v2_small_world_baseline_s14,v2,small_world_baseline,14,watts_strogatz,100,4,934,34,2.7985132569262934,19,34,0.5588235294117647,22,60
v2_small_world_baseline_s14,v2,small_world_baseline,14,watts_strogatz,100,4,935,266,4.319504470542929,120,266,0.45112781954887216,7,91
v2_small_world_baseline_s14,v2,small_world_baseline,14,watts_strogatz,100,4,936,50,2.8456384931152563,24,50,0.48,87,49
v2_small_world_baseline_s14,v2,small_world_baseline,14,watts_strogatz,100,4,937,5,1.0986122886651095,3,5,0.6,51,49
v2_small_world_baseline_s14,v2,small_world_baseline,14,watts_strogatz,100,4,938,17,2.197224577327219,9,17,0.5294117647058824,53,49
v2_small_world_baseline_s14,v2,small_world_baseline,14,watts_strogatz,100,4,939,36,2.4583113296710835,13,36,0.3611111111111111,50,49
v2_small_world_baseline_s14,v2,small_world_baseline,14,watts_strogatz,100,4,940,108,3.497136223142817,46,108,0.42592592592592593,21,49
v2_small_world_baseline_s14,v2,small_world_baseline,14,watts_strogatz,100,4,941,155,3.5426316573916705,70,155,0.45161290322580644,1,91
v2_small_world_baseline_s14,v2,small_world_baseline,14,watts_strogatz,100,4,942,1,-1.000088900581841e-12,1,1,1.0,51,49
v2_small_world_baseline_s14,v2,small_world_baseline,14,watts_strogatz,100,4,943,72,3.3213088963098194,45,72,0.625,95,91
v2_small_world_baseline_s14,v2,small_world_baseline,14,watts_strogatz,100,4,944,6,-1.000088900581841e-12,1,6,0.16666666666666666,65,66
v2_small_world_baseline_s14,v2,small_world_baseline,14,watts_strogatz,100,4,945,23,2.523210952939891,15,23,0.6521739130434783,12,49
v2_small_world_baseline_s14,v2,small_world_baseline,14,watts_strogatz,100,4,946,16,1.3321790402061222,5,16,0.3125,57,60
v2_small_world_baseline_s14,v2,small_world_baseline,14,watts_strogatz,100,4,947,7,0.6931471805579453,2,7,0.2857142857142857,94,91
v2_small_world_baseline_s14,v2,small_world_baseline,14,watts_strogatz,100,4,948,114,3.573554040100918,47,114,0.41228070175438597,2,60
v2_small_world_baseline_s14,v2,small_world_baseline,14,watts_strogatz,100,4,949,108,3.30833912951493,46,108,0.42592592592592593,5,91
v2_small_world_baseline_s14,v2,small_world_baseline,14,watts_strogatz,100,4,950,12,0.6931471805579453,2,12,0.16666666666666666,69,66
v2_small_world_baseline_s14,v2,small_world_baseline,14,watts_strogatz,100,4,951,17,2.0431918705371204,9,17,0.5294117647058824,45,49
v2_small_world_baseline_s14,v2,small_world_baseline,14,watts_strogatz,100,4,952,22,2.1639556568730565,10,22,0.45454545454545453,46,49
v2_small_world_baseline_s14,v2,small_world_baseline,14,watts_strogatz,100,4,953,16,2.079441541671836,8,16,0.5,45,31
v2_small_world_baseline_s14,v2,small_world_baseline,14,watts_strogatz,100,4,954,24,1.559581156254877,8,24,0.3333333333333333,46,49
v2_small_world_baseline_s14,v2,small_world_baseline,14,watts_strogatz,100,4,955,42,2.557507739061624,21,42,0.5,52,91
v2_small_world_baseline_s14,v2,small_world_baseline,14,watts_strogatz,100,4,956,57,2.6499487929859877,22,57,0.38596491228070173,79,31
v2_small_world_baseline_s14,v2,small_world_baseline,14,watts_strogatz,100,4,957,79,2.9564942071584808,32,79,0.4050632911392405,15,66
v2_small_world_baseline_s14,v2,small_world_baseline,14,watts_strogatz,100,4,958,23,2.0431918705371204,9,23,0.391304347826087,22,31
v2_small_world_baseline_s14,v2,small_world_baseline,14,watts_strogatz,100,4,959,24,2.197224577327219,9,24,0.375,88,60
v2_small_world_baseline_s14,v2,small_world_baseline,14,watts_strogatz,100,4,960,67,2.981301230541275,32,67,0.47761194029850745,0,91
v2_small_world_baseline_s14,v2,small_world_baseline,14,watts_strogatz,100,4,961,12,1.5607104090364068,6,12,0.5,95,91
v2_small_world_baseline_s14,v2,small_world_baseline,14,watts_strogatz,100,4,962,153,3.750769397742773,70,153,0.45751633986928103,94,91
v2_small_world_baseline_s14,v2,small_world_baseline,14,watts_strogatz,100,4,963,20,2.197224577327219,9,20,0.45,87,60
v2_small_world_baseline_s14,v2,small_world_baseline,14,watts_strogatz,100,4,964,27,2.3978952727873706,11,27,0.4074074074074074,24,66
v2_small_world_baseline_s14,v2,small_world_baseline,14,watts_strogatz,100,4,965,6,0.6931471805579453,2,6,0.3333333333333333,51,49
v2_small_world_baseline_s14,v2,small_world_baseline,14,watts_strogatz,100,4,966,68,2.7985132569262934,19,68,0.27941176470588236,74,91
v2_small_world_baseline_s14,v2,small_world_baseline,14,watts_strogatz,100,4,967,25,2.56659891810051,16,25,0.64,9,66
v2_small_world_baseline_s14,v2,small_world_baseline,14,watts_strogatz,100,4,968,92,3.222410677489011,36,92,0.391304347826087,70,91
v2_small_world_baseline_s14,v2,small_world_baseline,14,watts_strogatz,100,4,969,42,2.253857589591352,12,42,0.2857142857142857,26,31
v2_small_world_baseline_s14,v2,small_world_baseline,14,watts_strogatz,100,4,970,228,4.191172227744492,101,228,0.44298245614035087,76,66
v2_small_world_baseline_s14,v2,small_world_baseline,14,watts_strogatz,100,4,971,172,3.680430381232854,79,172,0.45930232558139533,20,66
v2_small_world_baseline_s14,v2,small_world_baseline,14,watts_strogatz,100,4,972,22,1.9722469794154416,11,22,0.5,54,49
v2_small_world_baseline_s14,v2,small_world_baseline,14,watts_strogatz,100,4,973,3,0.6931471805579453,2,3,0.6666666666666666,26,49
v2_small_world_baseline_s14,v2,small_world_baseline,14,watts_strogatz,100,4,974,111,3.271689322296034,29,111,0.26126126126126126,67,60
v2_small_world_baseline_s14,v2,small_world_baseline,14,watts_strogatz,100,4,975,68,3.0904599235931967,27,68,0.39705882352941174,4,31
v2_small_world_baseline_s14,v2,small_world_baseline,14,watts_strogatz,100,4,976,44,2.685945324654788,16,44,0.36363636363636365,82,60
v2_small_world_baseline_s14,v2,small_world_baseline,14,watts_strogatz,100,4,977,47,2.6491586832590177,20,47,0.425531914893617,8,66
v2_small_world_baseline_s14,v2,small_world_baseline,14,watts_strogatz,100,4,978,19,1.7478680974607577,7,19,0.3684210526315789,46,49
v2_small_world_baseline_s14,v2,small_world_baseline,14,watts_strogatz,100,4,979,257,4.062409863717028,100,257,0.38910505836575876,59,60
v2_small_world_baseline_s14,v2,small_world_baseline,14,watts_strogatz,100,4,980,11,1.791759469222055,6,11,0.5454545454545454,33,31
v2_small_world_baseline_s14,v2,small_world_baseline,14,watts_strogatz,100,4,981,36,2.5126585295168016,16,36,0.4444444444444444,36,60
v2_small_world_baseline_s14,v2,small_world_baseline,14,watts_strogatz,100,4,982,140,3.687185451308228,51,140,0.36428571428571427,35,60
v2_small_world_baseline_s14,v2,small_world_baseline,14,watts_strogatz,100,4,983,80,3.281720343214064,34,80,0.425,98,60
v2_small_world_baseline_s14,v2,small_world_baseline,14,watts_strogatz,100,4,984,97,3.3292246602098508,40,97,0.41237113402061853,38,49
v2_small_world_baseline_s14,v2,small_world_baseline,14,watts_strogatz,100,4,985,28,2.197224577327219,9,28,0.32142857142857145,53,66
v2_small_world_baseline_s14,v2,small_world_baseline,14,watts_strogatz,100,4,986,115,3.3574683622019146,49,115,0.4260869565217391,64,49
v2_small_world_baseline_s14,v2,small_world_baseline,14,watts_strogatz,100,4,987,240,3.7391779221754833,92,240,0.38333333333333336,27,66
v2_small_world_baseline_s14,v2,small_world_baseline,14,watts_strogatz,100,4,988,161,3.3198011470862627,65,161,0.40372670807453415,28,31
v2_small_world_baseline_s14,v2,small_world_baseline,14,watts_strogatz,100,4,989,51,2.319574996661585,20,51,0.39215686274509803,23,31
v2_small_world_baseline_s14,v2,small_world_baseline,14,watts_strogatz,100,4,990,5,1.0986122886651095,3,5,0.6,94,91
v2_small_world_baseline_s14,v2,small_world_baseline,14,watts_strogatz,100,4,991,49,3.090459923593197,27,49,0.5510204081632653,62,31
v2_small_world_baseline_s14,v2,small_world_baseline,14,watts_strogatz,100,4,992,0,0.0,0,0,,66,66
v2_small_world_baseline_s14,v2,small_world_baseline,14,watts_strogatz,100,4,993,21,1.7328679513938632,8,21,0.38095238095238093,32,31
v2_small_world_baseline_s14,v2,small_world_baseline,14,watts_strogatz,100,4,994,17,1.791759469222055,6,17,0.35294117647058826,36,91
v2_small_world_baseline_s14,v2,small_world_baseline,14,watts_strogatz,100,4,995,76,3.444813797459462,34,76,0.4473684210526316,78,91
v2_small_world_baseline_s14,v2,small_world_baseline,14,watts_strogatz,100,4,996,7,0.6931471805579453,2,7,0.2857142857142857,29,31
v2_small_world_baseline_s14,v2,small_world_baseline,14,watts_strogatz,100,4,997,6,0.6931471805579453,2,6,0.3333333333333333,65,66
v2_small_world_baseline_s14,v2,small_world_baseline,14,watts_strogatz,100,4,998,22,1.9459101490483133,7,22,0.3181818181818182,52,49
v2_small_world_baseline_s14,v2,small_world_baseline,14,watts_strogatz,100,4,999,27,2.484906649776,12,27,0.4444444444444444,2,91
