run_id,validation_version,condition,seed,topology,n_nodes,degree,episode_idx,hitting_time,path_entropy,accepted_moves,attempted_moves,accept_rate,start_node,final_node
v2_freeze_constraints_s10,v2,freeze_constraints,10,random_regular,100,4,0,26,2.540036303807981,14,26,0.5384615384615384,54,15
v2_freeze_constraints_s10,v2,freeze_constraints,10,random_regular,100,4,1,63,2.846480386116867,21,63,0.3333333333333333,49,13
v2_freeze_constraints_s10,v2,freeze_constraints,10,random_regular,100,4,2,46,2.61563057701355,15,46,0.32608695652173914,21,50
v2_freeze_constraints_s10,v2,freeze_constraints,10,random_regular,100,4,3,255,4.114804182397853,89,255,0.34901960784313724,91,15
v2_freeze_constraints_s10,v2,freeze_constraints,10,random_regular,100,4,4,1,-1.000088900581841e-12,1,1,1.0,81,30
v2_freeze_constraints_s10,v2,freeze_constraints,10,random_regular,100,4,5,106,3.170148321450507,30,106,0.2830188679245283,35,15
v2_freeze_constraints_s10,v2,freeze_constraints,10,random_regular,100,4,6,58,2.838988933136699,22,58,0.3793103448275862,82,30
v2_freeze_constraints_s10,v2,freeze_constraints,10,random_regular,100,4,7,22,2.2718685126865625,11,22,0.5,68,30
v2_freeze_constraints_s10,v2,freeze_constraints,10,random_regular,100,4,8,171,3.9110096832548704,68,171,0.39766081871345027,77,15
v2_freeze_constraints_s10,v2,freeze_constraints,10,random_regular,100,4,9,131,3.781224212564584,52,131,0.3969465648854962,79,15
v2_freeze_constraints_s10,v2,freeze_constraints,10,random_regular,100,4,10,27,2.369382119683676,12,27,0.4444444444444444,97,12
v2_freeze_constraints_s10,v2,freeze_constraints,10,random_regular,100,4,11,70,3.2625679455231658,30,70,0.42857142857142855,53,30
v2_freeze_constraints_s10,v2,freeze_constraints,10,random_regular,100,4,12,56,2.787788119369007,20,56,0.35714285714285715,54,50
v2_freeze_constraints_s10,v2,freeze_constraints,10,random_regular,100,4,13,121,3.788503594703879,58,121,0.4793388429752066,18,30
v2_freeze_constraints_s10,v2,freeze_constraints,10,random_regular,100,4,14,36,2.540036303807981,14,36,0.3888888888888889,95,15
v2_freeze_constraints_s10,v2,freeze_constraints,10,random_regular,100,4,15,1,-1.000088900581841e-12,1,1,1.0,52,12
v2_freeze_constraints_s10,v2,freeze_constraints,10,random_regular,100,4,16,6,0.6931471805579453,2,6,0.3333333333333333,84,30
v2_freeze_constraints_s10,v2,freeze_constraints,10,random_regular,100,4,17,7,1.0986122886651095,3,7,0.42857142857142855,34,15
v2_freeze_constraints_s10,v2,freeze_constraints,10,random_regular,100,4,18,7,0.6931471805579453,2,7,0.2857142857142857,39,13
v2_freeze_constraints_s10,v2,freeze_constraints,10,random_regular,100,4,19,5,0.6931471805579453,2,5,0.4,92,13
v2_freeze_constraints_s10,v2,freeze_constraints,10,random_regular,100,4,20,40,2.6593226976945163,18,40,0.45,45,13
v2_freeze_constraints_s10,v2,freeze_constraints,10,random_regular,100,4,21,17,1.5607104090364066,6,17,0.35294117647058826,91,12
v2_freeze_constraints_s10,v2,freeze_constraints,10,random_regular,100,4,22,44,2.8332133440392155,17,44,0.38636363636363635,25,13
v2_freeze_constraints_s10,v2,freeze_constraints,10,random_regular,100,4,23,13,1.9459101490483133,7,13,0.5384615384615384,17,15
v2_freeze_constraints_s10,v2,freeze_constraints,10,random_regular,100,4,24,64,2.954673212284816,23,64,0.359375,4,12
v2_freeze_constraints_s10,v2,freeze_constraints,10,random_regular,100,4,25,9,1.0986122886651095,3,9,0.3333333333333333,28,12
v2_freeze_constraints_s10,v2,freeze_constraints,10,random_regular,100,4,26,135,3.5384540268753195,53,135,0.3925925925925926,28,15
v2_freeze_constraints_s10,v2,freeze_constraints,10,random_regular,100,4,27,110,3.5426075501191545,48,110,0.43636363636363634,34,30
v2_freeze_constraints_s10,v2,freeze_constraints,10,random_regular,100,4,28,8,0.6931471805579453,2,8,0.25,41,50
v2_freeze_constraints_s10,v2,freeze_constraints,10,random_regular,100,4,29,0,0.0,0,0,,50,50
v2_freeze_constraints_s10,v2,freeze_constraints,10,random_regular,100,4,30,82,3.539627566658813,42,82,0.5121951219512195,37,50
v2_freeze_constraints_s10,v2,freeze_constraints,10,random_regular,100,4,31,1,-1.000088900581841e-12,1,1,1.0,28,12
v2_freeze_constraints_s10,v2,freeze_constraints,10,random_regular,100,4,32,25,2.253857589591352,12,25,0.48,75,13
v2_freeze_constraints_s10,v2,freeze_constraints,10,random_regular,100,4,33,5,0.6931471805579453,2,5,0.4,73,50
v2_freeze_constraints_s10,v2,freeze_constraints,10,random_regular,100,4,34,43,2.5649493574485365,13,43,0.3023255813953488,39,50
v2_freeze_constraints_s10,v2,freeze_constraints,10,random_regular,100,4,35,17,1.3862943611158909,4,17,0.23529411764705882,11,15
v2_freeze_constraints_s10,v2,freeze_constraints,10,random_regular,100,4,36,173,3.967097347146706,63,173,0.36416184971098264,6,30
v2_freeze_constraints_s10,v2,freeze_constraints,10,random_regular,100,4,37,23,2.302585092984045,10,23,0.43478260869565216,63,13
v2_freeze_constraints_s10,v2,freeze_constraints,10,random_regular,100,4,38,0,0.0,0,0,,13,13
v2_freeze_constraints_s10,v2,freeze_constraints,10,random_regular,100,4,39,16,1.3862943611158909,4,16,0.25,94,15
v2_freeze_constraints_s10,v2,freeze_constraints,10,random_regular,100,4,40,247,4.3799376499769815,105,247,0.4251012145748988,35,15
v2_freeze_constraints_s10,v2,freeze_constraints,10,random_regular,100,4,41,58,3.0752205480323718,23,58,0.39655172413793105,23,15
v2_freeze_constraints_s10,v2,freeze_constraints,10,random_regular,100,4,42,72,3.062433267531995,29,72,0.4027777777777778,11,50
v2_freeze_constraints_s10,v2,freeze_constraints,10,random_regular,100,4,43,1,-1.000088900581841e-12,1,1,1.0,16,13
v2_freeze_constraints_s10,v2,freeze_constraints,10,random_regular,100,4,44,2,-1.000088900581841e-12,1,2,0.5,17,30
v2_freeze_constraints_s10,v2,freeze_constraints,10,random_regular,100,4,45,57,3.0047670351869598,24,57,0.42105263157894735,60,30
v2_freeze_constraints_s10,v2,freeze_constraints,10,random_regular,100,4,46,30,2.3978952727873706,11,30,0.36666666666666664,66,30
v2_freeze_constraints_s10,v2,freeze_constraints,10,random_regular,100,4,47,36,2.5232109529398907,15,36,0.4166666666666667,75,15
v2_freeze_constraints_s10,v2,freeze_constraints,10,random_regular,100,4,48,36,2.5649493574485365,13,36,0.3611111111111111,10,12
v2_freeze_constraints_s10,v2,freeze_constraints,10,random_regular,100,4,49,23,1.9061547465328492,8,23,0.34782608695652173,16,13
v2_freeze_constraints_s10,v2,freeze_constraints,10,random_regular,100,4,50,131,3.773656610297803,48,131,0.366412213740458,11,50
v2_freeze_constraints_s10,v2,freeze_constraints,10,random_regular,100,4,51,41,2.5993019270857944,16,41,0.3902439024390244,27,30
v2_freeze_constraints_s10,v2,freeze_constraints,10,random_regular,100,4,52,15,2.0431918705371204,9,15,0.6,44,13
v2_freeze_constraints_s10,v2,freeze_constraints,10,random_regular,100,4,53,82,3.0140772805483653,30,82,0.36585365853658536,57,50
v2_freeze_constraints_s10,v2,freeze_constraints,10,random_regular,100,4,54,9,1.791759469222055,6,9,0.6666666666666666,47,13
v2_freeze_constraints_s10,v2,freeze_constraints,10,random_regular,100,4,55,49,3.0280290732864104,22,49,0.4489795918367347,98,15
v2_freeze_constraints_s10,v2,freeze_constraints,10,random_regular,100,4,56,17,2.197224577327219,9,17,0.5294117647058824,1,15
v2_freeze_constraints_s10,v2,freeze_constraints,10,random_regular,100,4,57,34,3.044522437702424,21,34,0.6176470588235294,67,30
v2_freeze_constraints_s10,v2,freeze_constraints,10,random_regular,100,4,58,6,1.3862943611158909,4,6,0.6666666666666666,40,30
v2_freeze_constraints_s10,v2,freeze_constraints,10,random_regular,100,4,59,222,4.29243270963656,101,222,0.45495495495495497,94,30
v2_freeze_constraints_s10,v2,freeze_constraints,10,random_regular,100,4,60,110,3.476887663552278,41,110,0.37272727272727274,28,13
v2_freeze_constraints_s10,v2,freeze_constraints,10,random_regular,100,4,61,66,3.052520501511814,25,66,0.3787878787878788,54,13
v2_freeze_constraints_s10,v2,freeze_constraints,10,random_regular,100,4,62,226,4.17817922398337,86,226,0.3805309734513274,81,30
v2_freeze_constraints_s10,v2,freeze_constraints,10,random_regular,100,4,63,171,3.8453283682546777,58,171,0.3391812865497076,59,15
v2_freeze_constraints_s10,v2,freeze_constraints,10,random_regular,100,4,64,41,2.751666616915516,17,41,0.4146341463414634,28,50
v2_freeze_constraints_s10,v2,freeze_constraints,10,random_regular,100,4,65,10,1.3862943611158909,4,10,0.4,0,12
v2_freeze_constraints_s10,v2,freeze_constraints,10,random_regular,100,4,66,439,4.502823852396267,162,439,0.3690205011389522,70,15
v2_freeze_constraints_s10,v2,freeze_constraints,10,random_regular,100,4,67,103,3.371971579897444,37,103,0.3592233009708738,81,12
v2_freeze_constraints_s10,v2,freeze_constraints,10,random_regular,100,4,68,205,4.197059985999795,93,205,0.45365853658536587,49,12
v2_freeze_constraints_s10,v2,freeze_constraints,10,random_regular,100,4,69,192,3.882935199886368,75,192,0.390625,45,12
v2_freeze_constraints_s10,v2,freeze_constraints,10,random_regular,100,4,70,43,2.6593226976945163,18,43,0.4186046511627907,99,12
v2_freeze_constraints_s10,v2,freeze_constraints,10,random_regular,100,4,71,261,4.365845016365117,106,261,0.4061302681992337,59,50
v2_freeze_constraints_s10,v2,freeze_constraints,10,random_regular,100,4,72,37,2.5649493574485365,13,37,0.35135135135135137,91,12
v2_freeze_constraints_s10,v2,freeze_constraints,10,random_regular,100,4,73,24,2.197224577327219,9,24,0.375,5,30
v2_freeze_constraints_s10,v2,freeze_constraints,10,random_regular,100,4,74,144,3.9557596865258655,64,144,0.4444444444444444,7,50
v2_freeze_constraints_s10,v2,freeze_constraints,10,random_regular,100,4,75,21,2.441015278014703,14,21,0.6666666666666666,3,12
v2_freeze_constraints_s10,v2,freeze_constraints,10,random_regular,100,4,76,85,2.9970687270680187,25,85,0.29411764705882354,56,12
v2_freeze_constraints_s10,v2,freeze_constraints,10,random_regular,100,4,77,35,2.4583113296710835,13,35,0.37142857142857144,33,15
v2_freeze_constraints_s10,v2,freeze_constraints,10,random_regular,100,4,78,4,-1.000088900581841e-12,1,4,0.25,52,12
v2_freeze_constraints_s10,v2,freeze_constraints,10,random_regular,100,4,79,106,3.4266375167079244,43,106,0.4056603773584906,88,13
v2_freeze_constraints_s10,v2,freeze_constraints,10,random_regular,100,4,80,60,2.871476118036867,19,60,0.31666666666666665,23,13
v2_freeze_constraints_s10,v2,freeze_constraints,10,random_regular,100,4,81,48,2.813355404483615,18,48,0.375,60,13
v2_freeze_constraints_s10,v2,freeze_constraints,10,random_regular,100,4,82,52,3.1931483947852626,27,52,0.5192307692307693,65,30
v2_freeze_constraints_s10,v2,freeze_constraints,10,random_regular,100,4,83,130,3.645556734702476,54,130,0.4153846153846154,60,30
v2_freeze_constraints_s10,v2,freeze_constraints,10,random_regular,100,4,84,11,1.791759469222055,6,11,0.5454545454545454,79,30
v2_freeze_constraints_s10,v2,freeze_constraints,10,random_regular,100,4,85,85,3.062463874119122,34,85,0.4,90,15
v2_freeze_constraints_s10,v2,freeze_constraints,10,random_regular,100,4,86,67,3.019736127116995,27,67,0.40298507462686567,54,12
v2_freeze_constraints_s10,v2,freeze_constraints,10,random_regular,100,4,87,125,3.9557596865258655,64,125,0.512,34,30
v2_freeze_constraints_s10,v2,freeze_constraints,10,random_regular,100,4,88,38,2.484906649776,12,38,0.3157894736842105,85,15
v2_freeze_constraints_s10,v2,freeze_constraints,10,random_regular,100,4,89,200,3.89631720123238,73,200,0.365,14,13
v2_freeze_constraints_s10,v2,freeze_constraints,10,random_regular,100,4,90,98,3.3861134216208097,37,98,0.37755102040816324,48,13
v2_freeze_constraints_s10,v2,freeze_constraints,10,random_regular,100,4,91,131,3.712883307654941,54,131,0.4122137404580153,48,13
v2_freeze_constraints_s10,v2,freeze_constraints,10,random_regular,100,4,92,15,1.3862943611158909,4,15,0.26666666666666666,1,15
v2_freeze_constraints_s10,v2,freeze_constraints,10,random_regular,100,4,93,133,3.72366044735465,57,133,0.42857142857142855,59,50
v2_freeze_constraints_s10,v2,freeze_constraints,10,random_regular,100,4,94,37,2.61563057701355,15,37,0.40540540540540543,80,30
v2_freeze_constraints_s10,v2,freeze_constraints,10,random_regular,100,4,95,0,0.0,0,0,,15,15
v2_freeze_constraints_s10,v2,freeze_constraints,10,random_regular,100,4,96,38,2.9444389791474395,19,38,0.5,68,13
v2_freeze_constraints_s10,v2,freeze_constraints,10,random_regular,100,4,97,87,3.544511778726858,41,87,0.47126436781609193,82,13
v2_freeze_constraints_s10,v2,freeze_constraints,10,random_regular,100,4,98,114,3.583257490460173,44,114,0.38596491228070173,0,50
v2_freeze_constraints_s10,v2,freeze_constraints,10,random_regular,100,4,99,68,2.857102837424001,20,68,0.29411764705882354,4,13
v2_freeze_constraints_s10,v2,freeze_constraints,10,random_regular,100,4,100,53,3.163424050399405,25,53,0.4716981132075472,94,50
v2_freeze_constraints_s10,v2,freeze_constraints,10,random_regular,100,4,101,15,1.7478680974607577,7,15,0.4666666666666667,2,12
v2_freeze_constraints_s10,v2,freeze_constraints,10,random_regular,100,4,102,5,0.6931471805579453,2,5,0.4,58,12
v2_freeze_constraints_s10,v2,freeze_constraints,10,random_regular,100,4,103,73,3.363267070336762,34,73,0.4657534246575342,1,30
v2_freeze_constraints_s10,v2,freeze_constraints,10,random_regular,100,4,104,12,1.3862943611158909,4,12,0.3333333333333333,38,50
v2_freeze_constraints_s10,v2,freeze_constraints,10,random_regular,100,4,105,6,1.0986122886651095,3,6,0.5,16,13
v2_freeze_constraints_s10,v2,freeze_constraints,10,random_regular,100,4,106,77,3.4761312408209912,35,77,0.45454545454545453,63,15
v2_freeze_constraints_s10,v2,freeze_constraints,10,random_regular,100,4,107,19,2.079441541671836,8,19,0.42105263157894735,68,50
v2_freeze_constraints_s10,v2,freeze_constraints,10,random_regular,100,4,108,68,2.871476118036867,19,68,0.27941176470588236,55,30
v2_freeze_constraints_s10,v2,freeze_constraints,10,random_regular,100,4,109,29,2.197224577327219,9,29,0.3103448275862069,46,12
v2_freeze_constraints_s10,v2,freeze_constraints,10,random_regular,100,4,110,12,1.791759469222055,6,12,0.5,24,50
v2_freeze_constraints_s10,v2,freeze_constraints,10,random_regular,100,4,111,63,3.2101676770783283,34,63,0.5396825396825397,85,15
v2_freeze_constraints_s10,v2,freeze_constraints,10,random_regular,100,4,112,108,3.3911582003720584,38,108,0.35185185185185186,60,30
v2_freeze_constraints_s10,v2,freeze_constraints,10,random_regular,100,4,113,7,1.3862943611158909,4,7,0.5714285714285714,94,13
v2_freeze_constraints_s10,v2,freeze_constraints,10,random_regular,100,4,114,25,2.341994252221425,14,25,0.56,65,15
v2_freeze_constraints_s10,v2,freeze_constraints,10,random_regular,100,4,115,1,-1.000088900581841e-12,1,1,1.0,58,15
v2_freeze_constraints_s10,v2,freeze_constraints,10,random_regular,100,4,116,53,3.2580965379954825,26,53,0.49056603773584906,44,50
v2_freeze_constraints_s10,v2,freeze_constraints,10,random_regular,100,4,117,178,4.143432771066687,78,178,0.43820224719101125,41,15
v2_freeze_constraints_s10,v2,freeze_constraints,10,random_regular,100,4,118,85,3.3969144201875685,35,85,0.4117647058823529,29,15
v2_freeze_constraints_s10,v2,freeze_constraints,10,random_regular,100,4,119,70,3.1836729714587872,28,70,0.4,31,15
v2_freeze_constraints_s10,v2,freeze_constraints,10,random_regular,100,4,120,11,2.079441541671836,8,11,0.7272727272727273,95,13
v2_freeze_constraints_s10,v2,freeze_constraints,10,random_regular,100,4,121,32,2.484906649776,12,32,0.375,42,30
v2_freeze_constraints_s10,v2,freeze_constraints,10,random_regular,100,4,122,15,1.6094379124291005,5,15,0.3333333333333333,5,50
v2_freeze_constraints_s10,v2,freeze_constraints,10,random_regular,100,4,123,69,3.271689322296034,29,69,0.42028985507246375,69,12
v2_freeze_constraints_s10,v2,freeze_constraints,10,random_regular,100,4,124,13,1.6094379124291005,5,13,0.38461538461538464,78,30
v2_freeze_constraints_s10,v2,freeze_constraints,10,random_regular,100,4,125,5,-1.000088900581841e-12,1,5,0.2,22,15
v2_freeze_constraints_s10,v2,freeze_constraints,10,random_regular,100,4,126,53,2.7080502010872096,15,53,0.2830188679245283,49,13
v2_freeze_constraints_s10,v2,freeze_constraints,10,random_regular,100,4,127,17,1.6094379124291005,5,17,0.29411764705882354,42,50
v2_freeze_constraints_s10,v2,freeze_constraints,10,random_regular,100,4,128,3,-1.000088900581841e-12,1,3,0.3333333333333333,52,12
v2_freeze_constraints_s10,v2,freeze_constraints,10,random_regular,100,4,129,27,2.0431918705371204,9,27,0.3333333333333333,54,30
v2_freeze_constraints_s10,v2,freeze_constraints,10,random_regular,100,4,130,16,2.079441541671836,8,16,0.5,52,30
v2_freeze_constraints_s10,v2,freeze_constraints,10,random_regular,100,4,131,10,2.197224577327219,9,10,0.9,60,13
v2_freeze_constraints_s10,v2,freeze_constraints,10,random_regular,100,4,132,9,1.3862943611158909,4,9,0.4444444444444444,51,50
v2_freeze_constraints_s10,v2,freeze_constraints,10,random_regular,100,4,133,14,1.3862943611158909,4,14,0.2857142857142857,99,12
v2_freeze_constraints_s10,v2,freeze_constraints,10,random_regular,100,4,134,7,1.0986122886651095,3,7,0.42857142857142855,34,13
v2_freeze_constraints_s10,v2,freeze_constraints,10,random_regular,100,4,135,0,0.0,0,0,,13,13
v2_freeze_constraints_s10,v2,freeze_constraints,10,random_regular,100,4,136,37,2.918057526059794,26,37,0.7027027027027027,89,30
v2_freeze_constraints_s10,v2,freeze_constraints,10,random_regular,100,4,137,11,0.6931471805579453,2,11,0.18181818181818182,31,50
v2_freeze_constraints_s10,v2,freeze_constraints,10,random_regular,100,4,138,15,1.791759469222055,6,15,0.4,5,15
v2_freeze_constraints_s10,v2,freeze_constraints,10,random_regular,100,4,139,77,3.335770806415738,32,77,0.4155844155844156,74,13
v2_freeze_constraints_s10,v2,freeze_constraints,10,random_regular,100,4,140,269,4.516947712115626,124,269,0.46096654275092935,67,50
v2_freeze_constraints_s10,v2,freeze_constraints,10,random_regular,100,4,141,101,3.1905952240988613,40,101,0.39603960396039606,41,30
v2_freeze_constraints_s10,v2,freeze_constraints,10,random_regular,100,4,142,1,-1.000088900581841e-12,1,1,1.0,86,13
v2_freeze_constraints_s10,v2,freeze_constraints,10,random_regular,100,4,143,60,3.0846519456665087,28,60,0.4666666666666667,70,12
v2_freeze_constraints_s10,v2,freeze_constraints,10,random_regular,100,4,144,118,3.68343632429644,45,118,0.3813559322033898,29,30
v2_freeze_constraints_s10,v2,freeze_constraints,10,random_regular,100,4,145,34,2.7080502010872096,15,34,0.4411764705882353,9,13
v2_freeze_constraints_s10,v2,freeze_constraints,10,random_regular,100,4,146,84,3.423580836785212,37,84,0.44047619047619047,61,30
v2_freeze_constraints_s10,v2,freeze_constraints,10,random_regular,100,4,147,39,2.6525875347051464,19,39,0.48717948717948717,92,50
v2_freeze_constraints_s10,v2,freeze_constraints,10,random_regular,100,4,148,188,4.169692651335137,81,188,0.4308510638297872,71,30
v2_freeze_constraints_s10,v2,freeze_constraints,10,random_regular,100,4,149,21,1.9459101490483133,7,21,0.3333333333333333,48,30
v2_freeze_constraints_s10,v2,freeze_constraints,10,random_regular,100,4,150,5,1.3862943611158909,4,5,0.8,11,30
v2_freeze_constraints_s10,v2,freeze_constraints,10,random_regular,100,4,151,85,3.2695409260720805,41,85,0.4823529411764706,92,30
v2_freeze_constraints_s10,v2,freeze_constraints,10,random_regular,100,4,152,9,1.0986122886651095,3,9,0.3333333333333333,19,15
v2_freeze_constraints_s10,v2,freeze_constraints,10,random_regular,100,4,153,178,3.80194882632326,69,178,0.38764044943820225,78,30
v2_freeze_constraints_s10,v2,freeze_constraints,10,random_regular,100,4,154,113,3.758472410905133,51,113,0.45132743362831856,10,13
v2_freeze_constraints_s10,v2,freeze_constraints,10,random_regular,100,4,155,77,3.102571276780554,33,77,0.42857142857142855,26,50
v2_freeze_constraints_s10,v2,freeze_constraints,10,random_regular,100,4,156,31,2.5649493574485365,13,31,0.41935483870967744,62,15
v2_freeze_constraints_s10,v2,freeze_constraints,10,random_regular,100,4,157,106,3.342356062906156,35,106,0.330188679245283,82,13
v2_freeze_constraints_s10,v2,freeze_constraints,10,random_regular,100,4,158,57,3.0752205480323718,23,57,0.40350877192982454,53,30
v2_freeze_constraints_s10,v2,freeze_constraints,10,random_regular,100,4,159,37,2.639057329601259,14,37,0.3783783783783784,14,50
v2_freeze_constraints_s10,v2,freeze_constraints,10,random_regular,100,4,160,145,3.9745866749673073,71,145,0.4896551724137931,96,50
v2_freeze_constraints_s10,v2,freeze_constraints,10,random_regular,100,4,161,12,1.3862943611158909,4,12,0.3333333333333333,9,12
v2_freeze_constraints_s10,v2,freeze_constraints,10,random_regular,100,4,162,93,3.446277940884956,40,93,0.43010752688172044,6,13
v2_freeze_constraints_s10,v2,freeze_constraints,10,random_regular,100,4,163,41,2.3419942522214248,14,41,0.34146341463414637,1,13
v2_freeze_constraints_s10,v2,freeze_constraints,10,random_regular,100,4,164,404,4.690703537498962,159,404,0.3935643564356436,28,13
v2_freeze_constraints_s10,v2,freeze_constraints,10,random_regular,100,4,165,136,3.785259981536381,60,136,0.4411764705882353,56,30
v2_freeze_constraints_s10,v2,freeze_constraints,10,random_regular,100,4,166,2,0.6931471805579453,2,2,1.0,95,30
v2_freeze_constraints_s10,v2,freeze_constraints,10,random_regular,100,4,167,9,1.3862943611158909,4,9,0.4444444444444444,93,30
v2_freeze_constraints_s10,v2,freeze_constraints,10,random_regular,100,4,168,26,2.3978952727873706,11,26,0.4230769230769231,22,13
v2_freeze_constraints_s10,v2,freeze_constraints,10,random_regular,100,4,169,40,2.61563057701355,15,40,0.375,43,50
v2_freeze_constraints_s10,v2,freeze_constraints,10,random_regular,100,4,170,29,2.772588722223781,16,29,0.5517241379310345,55,12
v2_freeze_constraints_s10,v2,freeze_constraints,10,random_regular,100,4,171,33,1.9722469794154416,11,33,0.3333333333333333,48,12
v2_freeze_constraints_s10,v2,freeze_constraints,10,random_regular,100,4,172,31,2.5232109529398907,15,31,0.4838709677419355,9,15
v2_freeze_constraints_s10,v2,freeze_constraints,10,random_regular,100,4,173,117,3.193285206897372,44,117,0.37606837606837606,35,13
v2_freeze_constraints_s10,v2,freeze_constraints,10,random_regular,100,4,174,17,1.9459101490483133,7,17,0.4117647058823529,41,12
v2_freeze_constraints_s10,v2,freeze_constraints,10,random_regular,100,4,175,119,3.836306848534599,58,119,0.48739495798319327,54,15
v2_freeze_constraints_s10,v2,freeze_constraints,10,random_regular,100,4,176,109,3.7845576132928977,48,109,0.44036697247706424,37,50
v2_freeze_constraints_s10,v2,freeze_constraints,10,random_regular,100,4,177,164,4.029249537224176,73,164,0.4451219512195122,61,50
v2_freeze_constraints_s10,v2,freeze_constraints,10,random_regular,100,4,178,182,4.089648579057727,82,182,0.45054945054945056,16,13
v2_freeze_constraints_s10,v2,freeze_constraints,10,random_regular,100,4,179,6,1.0986122886651095,3,6,0.5,19,15
v2_freeze_constraints_s10,v2,freeze_constraints,10,random_regular,100,4,180,40,2.639057329601259,14,40,0.35,89,13
v2_freeze_constraints_s10,v2,freeze_constraints,10,random_regular,100,4,181,16,1.6094379124291005,5,16,0.3125,61,13
v2_freeze_constraints_s10,v2,freeze_constraints,10,random_regular,100,4,182,9,1.0986122886651095,3,9,0.3333333333333333,24,12
v2_freeze_constraints_s10,v2,freeze_constraints,10,random_regular,100,4,183,27,2.5232109529398907,15,27,0.5555555555555556,6,50
v2_freeze_constraints_s10,v2,freeze_constraints,10,random_regular,100,4,184,16,1.9459101490483133,7,16,0.4375,54,50
v2_freeze_constraints_s10,v2,freeze_constraints,10,random_regular,100,4,185,15,1.791759469222055,6,15,0.4,47,12
v2_freeze_constraints_s10,v2,freeze_constraints,10,random_regular,100,4,186,83,3.4040404338981127,34,83,0.40963855421686746,27,15
v2_freeze_constraints_s10,v2,freeze_constraints,10,random_regular,100,4,187,141,3.809076274353996,68,141,0.48226950354609927,85,50
v2_freeze_constraints_s10,v2,freeze_constraints,10,random_regular,100,4,188,32,2.484906649776,12,32,0.375,25,30
v2_freeze_constraints_s10,v2,freeze_constraints,10,random_regular,100,4,189,55,2.966943486167354,28,55,0.509090909090909,36,50
v2_freeze_constraints_s10,v2,freeze_constraints,10,random_regular,100,4,190,4,-1.000088900581841e-12,1,4,0.25,26,12
v2_freeze_constraints_s10,v2,freeze_constraints,10,random_regular,100,4,191,0,0.0,0,0,,15,15
v2_freeze_constraints_s10,v2,freeze_constraints,10,random_regular,100,4,192,57,3.176082814634593,29,57,0.5087719298245614,87,50
v2_freeze_constraints_s10,v2,freeze_constraints,10,random_regular,100,4,193,39,2.5532370029797145,18,39,0.46153846153846156,90,50
v2_freeze_constraints_s10,v2,freeze_constraints,10,random_regular,100,4,194,14,1.9459101490483133,7,14,0.5,41,12
v2_freeze_constraints_s10,v2,freeze_constraints,10,random_regular,100,4,195,59,3.218875824843201,25,59,0.423728813559322,22,12
v2_freeze_constraints_s10,v2,freeze_constraints,10,random_regular,100,4,196,13,1.791759469222055,6,13,0.46153846153846156,18,30
v2_freeze_constraints_s10,v2,freeze_constraints,10,random_regular,100,4,197,193,3.971682139622494,66,193,0.34196891191709844,98,30
v2_freeze_constraints_s10,v2,freeze_constraints,10,random_regular,100,4,198,115,3.621823241582,45,115,0.391304347826087,2,15
v2_freeze_constraints_s10,v2,freeze_constraints,10,random_regular,100,4,199,28,1.9459101490483133,7,28,0.25,22,12
v2_freeze_constraints_s10,v2,freeze_constraints,10,random_regular,100,4,200,85,3.222410677488011,36,85,0.4235294117647059,48,15
v2_freeze_constraints_s10,v2,freeze_constraints,10,random_regular,100,4,201,11,1.9459101490483133,7,11,0.6363636363636364,47,50
v2_freeze_constraints_s10,v2,freeze_constraints,10,random_regular,100,4,202,26,2.4583113296710835,13,26,0.5,79,15
v2_freeze_constraints_s10,v2,freeze_constraints,10,random_regular,100,4,203,86,3.363267070336762,34,86,0.3953488372093023,63,50
v2_freeze_constraints_s10,v2,freeze_constraints,10,random_regular,100,4,204,48,2.787788119369007,20,48,0.4166666666666667,35,30
v2_freeze_constraints_s10,v2,freeze_constraints,10,random_regular,100,4,205,20,2.302585092984045,10,20,0.5,70,15
v2_freeze_constraints_s10,v2,freeze_constraints,10,random_regular,100,4,206,21,1.791759469222055,6,21,0.2857142857142857,0,15
v2_freeze_constraints_s10,v2,freeze_constraints,10,random_regular,100,4,207,125,3.932610220038446,60,125,0.48,6,15
v2_freeze_constraints_s10,v2,freeze_constraints,10,random_regular,100,4,208,4,1.3862943611158909,4,4,1.0,69,13
v2_freeze_constraints_s10,v2,freeze_constraints,10,random_regular,100,4,209,12,1.6094379124291005,5,12,0.4166666666666667,75,30
v2_freeze_constraints_s10,v2,freeze_constraints,10,random_regular,100,4,210,2,0.6931471805579453,2,2,1.0,65,12
v2_freeze_constraints_s10,v2,freeze_constraints,10,random_regular,100,4,211,18,2.0253262207620675,10,18,0.5555555555555556,27,12
v2_freeze_constraints_s10,v2,freeze_constraints,10,random_regular,100,4,212,111,3.244454041235864,33,111,0.2972972972972973,56,50
v2_freeze_constraints_s10,v2,freeze_constraints,10,random_regular,100,4,213,8,1.3862943611158909,4,8,0.5,95,13
v2_freeze_constraints_s10,v2,freeze_constraints,10,random_regular,100,4,214,173,4.055407653728444,73,173,0.42196531791907516,60,15
v2_freeze_constraints_s10,v2,freeze_constraints,10,random_regular,100,4,215,82,3.193512367382888,31,82,0.3780487804878049,65,50
v2_freeze_constraints_s10,v2,freeze_constraints,10,random_regular,100,4,216,4,-1.000088900581841e-12,1,4,0.25,28,12
v2_freeze_constraints_s10,v2,freeze_constraints,10,random_regular,100,4,217,4,1.0986122886651095,3,4,0.75,81,30
v2_freeze_constraints_s10,v2,freeze_constraints,10,random_regular,100,4,218,21,2.0253262207620675,10,21,0.47619047619047616,42,30
v2_freeze_constraints_s10,v2,freeze_constraints,10,random_regular,100,4,219,1,-1.000088900581841e-12,1,1,1.0,58,15
v2_freeze_constraints_s10,v2,freeze_constraints,10,random_regular,100,4,220,81,3.135494215906149,23,81,0.2839506172839506,53,15
v2_freeze_constraints_s10,v2,freeze_constraints,10,random_regular,100,4,221,28,2.1639556568730565,10,28,0.35714285714285715,21,15
v2_freeze_constraints_s10,v2,freeze_constraints,10,random_regular,100,4,222,18,2.639057329601259,14,18,0.7777777777777778,58,12
v2_freeze_constraints_s10,v2,freeze_constraints,10,random_regular,100,4,223,97,3.233183484354926,28,97,0.28865979381443296,46,15
v2_freeze_constraints_s10,v2,freeze_constraints,10,random_regular,100,4,224,104,3.5213776090567093,39,104,0.375,8,15
v2_freeze_constraints_s10,v2,freeze_constraints,10,random_regular,100,4,225,28,2.540036303807981,14,28,0.5,47,13
v2_freeze_constraints_s10,v2,freeze_constraints,10,random_regular,100,4,226,23,2.4583113296710835,13,23,0.5652173913043478,47,12
v2_freeze_constraints_s10,v2,freeze_constraints,10,random_regular,100,4,227,4,0.6931471805579453,2,4,0.5,56,30
v2_freeze_constraints_s10,v2,freeze_constraints,10,random_regular,100,4,228,62,2.991501468554349,26,62,0.41935483870967744,22,13
v2_freeze_constraints_s10,v2,freeze_constraints,10,random_regular,100,4,229,101,3.5949336395942626,46,101,0.45544554455445546,76,50
v2_freeze_constraints_s10,v2,freeze_constraints,10,random_regular,100,4,230,94,3.4368689714688543,39,94,0.4148936170212766,58,12
v2_freeze_constraints_s10,v2,freeze_constraints,10,random_regular,100,4,231,127,3.886400408003117,60,127,0.47244094488188976,52,15
v2_freeze_constraints_s10,v2,freeze_constraints,10,random_regular,100,4,232,55,3.0752205480323718,23,55,0.41818181818181815,42,30
v2_freeze_constraints_s10,v2,freeze_constraints,10,random_regular,100,4,233,34,2.7080502010872096,15,34,0.4411764705882353,21,30
v2_freeze_constraints_s10,v2,freeze_constraints,10,random_regular,100,4,234,29,2.079441541671836,8,29,0.27586206896551724,39,12
v2_freeze_constraints_s10,v2,freeze_constraints,10,random_regular,100,4,235,142,3.588642429826425,60,142,0.4225352112676056,52,15
v2_freeze_constraints_s10,v2,freeze_constraints,10,random_regular,100,4,236,60,3.233183484354926,28,60,0.4666666666666667,10,13
v2_freeze_constraints_s10,v2,freeze_constraints,10,random_regular,100,4,237,82,3.1154750248567717,28,82,0.34146341463414637,85,12
v2_freeze_constraints_s10,v2,freeze_constraints,10,random_regular,100,4,238,77,3.2864629612688,33,77,0.42857142857142855,22,12
v2_freeze_constraints_s10,v2,freeze_constraints,10,random_regular,100,4,239,1,-1.000088900581841e-12,1,1,1.0,26,12
v2_freeze_constraints_s10,v2,freeze_constraints,10,random_regular,100,4,240,489,4.797423673403224,193,489,0.3946830265848671,65,13
v2_freeze_constraints_s10,v2,freeze_constraints,10,random_regular,100,4,241,0,0.0,0,0,,50,50
v2_freeze_constraints_s10,v2,freeze_constraints,10,random_regular,100,4,242,26,1.9459101490483133,7,26,0.2692307692307692,70,30
v2_freeze_constraints_s10,v2,freeze_constraints,10,random_regular,100,4,243,68,3.38865078261092,34,68,0.5,90,13
v2_freeze_constraints_s10,v2,freeze_constraints,10,random_regular,100,4,244,1,-1.000088900581841e-12,1,1,1.0,22,15
v2_freeze_constraints_s10,v2,freeze_constraints,10,random_regular,100,4,245,23,2.369382119683676,12,23,0.5217391304347826,17,30
v2_freeze_constraints_s10,v2,freeze_constraints,10,random_regular,100,4,246,97,3.5155926589389503,40,97,0.41237113402061853,5,15
v2_freeze_constraints_s10,v2,freeze_constraints,10,random_regular,100,4,247,0,0.0,0,0,,13,13
v2_freeze_constraints_s10,v2,freeze_constraints,10,random_regular,100,4,248,31,2.484906649776,12,31,0.3870967741935484,53,30
v2_freeze_constraints_s10,v2,freeze_constraints,10,random_regular,100,4,249,76,3.319492576126754,29,76,0.3815789473684211,90,12
v2_freeze_constraints_s10,v2,freeze_constraints,10,random_regular,100,4,250,12,1.6094379124291005,5,12,0.4166666666666667,41,50
v2_freeze_constraints_s10,v2,freeze_constraints,10,random_regular,100,4,251,0,0.0,0,0,,12,12
v2_freeze_constraints_s10,v2,freeze_constraints,10,random_regular,100,4,252,19,1.9061547465328492,8,19,0.42105263157894735,8,50
v2_freeze_constraints_s10,v2,freeze_constraints,10,random_regular,100,4,253,49,2.557793860093732,17,49,0.3469387755102041,97,13
v2_freeze_constraints_s10,v2,freeze_constraints,10,random_regular,100,4,254,36,2.61563057701355,15,36,0.4166666666666667,18,13
v2_freeze_constraints_s10,v2,freeze_constraints,10,random_regular,100,4,255,187,3.815036271409494,70,187,0.37433155080213903,47,15
v2_freeze_constraints_s10,v2,freeze_constraints,10,random_regular,100,4,256,48,2.3383717047925723,15,48,0.3125,3,15
v2_freeze_constraints_s10,v2,freeze_constraints,10,random_regular,100,4,257,8,1.6094379124291005,5,8,0.625,54,15
v2_freeze_constraints_s10,v2,freeze_constraints,10,random_regular,100,4,258,210,4.251319005276466,90,210,0.42857142857142855,34,15
v2_freeze_constraints_s10,v2,freeze_constraints,10,random_regular,100,4,259,105,3.506148144454139,45,105,0.42857142857142855,18,12
v2_freeze_constraints_s10,v2,freeze_constraints,10,random_regular,100,4,260,0,0.0,0,0,,12,12
v2_freeze_constraints_s10,v2,freeze_constraints,10,random_regular,100,4,261,7,0.6931471805579453,2,7,0.2857142857142857,25,15
v2_freeze_constraints_s10,v2,freeze_constraints,10,random_regular,100,4,262,91,3.4678540963178395,40,91,0.43956043956043955,0,13
v2_freeze_constraints_s10,v2,freeze_constraints,10,random_regular,100,4,263,5,1.0986122886651095,3,5,0.6,17,30
v2_freeze_constraints_s10,v2,freeze_constraints,10,random_regular,100,4,264,41,2.5400363038079807,14,41,0.34146341463414637,60,12
v2_freeze_constraints_s10,v2,freeze_constraints,10,random_regular,100,4,265,19,1.9459101490483133,7,19,0.3684210526315789,88,50
v2_freeze_constraints_s10,v2,freeze_constraints,10,random_regular,100,4,266,49,3.052520501511814,25,49,0.5102040816326531,63,15
v2_freeze_constraints_s10,v2,freeze_constraints,10,random_regular,100,4,267,3,1.0986122886651095,3,3,1.0,57,50
v2_freeze_constraints_s10,v2,freeze_constraints,10,random_regular,100,4,268,23,2.369382119683676,12,23,0.5217391304347826,94,13
v2_freeze_constraints_s10,v2,freeze_constraints,10,random_regular,100,4,269,8,1.0986122886651095,3,8,0.375,74,30
v2_freeze_constraints_s10,v2,freeze_constraints,10,random_regular,100,4,270,0,0.0,0,0,,13,13
v2_freeze_constraints_s10,v2,freeze_constraints,10,random_regular,100,4,271,37,2.441015278014703,14,37,0.3783783783783784,25,13
v2_freeze_constraints_s10,v2,freeze_constraints,10,random_regular,100,4,272,39,2.751666616915516,17,39,0.4358974358974359,24,15
v2_freeze_constraints_s10,v2,freeze_constraints,10,random_regular,100,4,273,13,1.7478680974607577,7,13,0.5384615384615384,77,13
v2_freeze_constraints_s10,v2,freeze_constraints,10,random_regular,100,4,274,107,3.4561627982658,45,107,0.4205607476635514,21,13
v2_freeze_constraints_s10,v2,freeze_constraints,10,random_regular,100,4,275,36,2.61563057701355,15,36,0.4166666666666667,72,15
v2_freeze_constraints_s10,v2,freeze_constraints,10,random_regular,100,4,276,269,4.380012741605705,122,269,0.45353159851301117,11,12
v2_freeze_constraints_s10,v2,freeze_constraints,10,random_regular,100,4,277,13,1.791759469222055,6,13,0.46153846153846156,73,50
v2_freeze_constraints_s10,v2,freeze_constraints,10,random_regular,100,4,278,84,3.422414203983732,32,84,0.38095238095238093,88,50
v2_freeze_constraints_s10,v2,freeze_constraints,10,random_regular,100,4,279,53,3.218875824843201,25,53,0.4716981132075472,86,13
v2_freeze_constraints_s10,v2,freeze_constraints,10,random_regular,100,4,280,52,2.857102837424001,20,52,0.38461538461538464,60,15
v2_freeze_constraints_s10,v2,freeze_constraints,10,random_regular,100,4,281,20,2.5649493574485365,13,20,0.65,71,15
v2_freeze_constraints_s10,v2,freeze_constraints,10,random_regular,100,4,282,239,4.39766016141883,104,239,0.4351464435146444,68,12
v2_freeze_constraints_s10,v2,freeze_constraints,10,random_regular,100,4,283,8,0.6931471805579453,2,8,0.25,66,30
v2_freeze_constraints_s10,v2,freeze_constraints,10,random_regular,100,4,284,2,0.6931471805579453,2,2,1.0,20,12
v2_freeze_constraints_s10,v2,freeze_constraints,10,random_regular,100,4,285,10,1.0986122886651095,3,10,0.3,14,50
v2_freeze_constraints_s10,v2,freeze_constraints,10,random_regular,100,4,286,102,3.271689322296034,29,102,0.28431372549019607,87,30
v2_freeze_constraints_s10,v2,freeze_constraints,10,random_regular,100,4,287,147,3.8523085179580105,61,147,0.41496598639455784,79,12
v2_freeze_constraints_s10,v2,freeze_constraints,10,random_regular,100,4,288,50,2.912494403312053,21,50,0.42,90,13
v2_freeze_constraints_s10,v2,freeze_constraints,10,random_regular,100,4,289,4,1.3862943611158909,4,4,1.0,71,12
v2_freeze_constraints_s10,v2,freeze_constraints,10,random_regular,100,4,290,186,4.211515583408678,79,186,0.42473118279569894,8,50
v2_freeze_constraints_s10,v2,freeze_constraints,10,random_regular,100,4,291,21,2.302585092984045,10,21,0.47619047619047616,98,15
v2_freeze_constraints_s10,v2,freeze_constraints,10,random_regular,100,4,292,69,3.367295829957475,29,69,0.42028985507246375,10,13
v2_freeze_constraints_s10,v2,freeze_constraints,10,random_regular,100,4,293,73,2.8979325974534653,26,73,0.3561643835616438,51,30
v2_freeze_constraints_s10,v2,freeze_constraints,10,random_regular,100,4,294,20,2.2718685126865625,11,20,0.55,55,12
v2_freeze_constraints_s10,v2,freeze_constraints,10,random_regular,100,4,295,13,1.6094379124291005,5,13,0.38461538461538464,55,50
v2_freeze_constraints_s10,v2,freeze_constraints,10,random_regular,100,4,296,108,3.587834535437795,43,108,0.39814814814814814,51,50
v2_freeze_constraints_s10,v2,freeze_constraints,10,random_regular,100,4,297,61,3.098139496330803,26,61,0.4262295081967213,63,30
v2_freeze_constraints_s10,v2,freeze_constraints,10,random_regular,100,4,298,0,0.0,0,0,,15,15
v2_freeze_constraints_s10,v2,freeze_constraints,10,random_regular,100,4,299,66,2.752191546552043,22,66,0.3333333333333333,18,12
v2_freeze_constraints_s10,v2,freeze_constraints,10,random_regular,100,4,300,177,3.9979364428023336,69,177,0.3898305084745763,89,12
v2_freeze_constraints_s10,v2,freeze_constraints,10,random_regular,100,4,301,36,2.6525875347051464,19,36,0.5277777777777778,27,50
v2_freeze_constraints_s10,v2,freeze_constraints,10,random_regular,100,4,302,37,2.7080502010872096,15,37,0.40540540540540543,80,50
v2_freeze_constraints_s10,v2,freeze_constraints,10,random_regular,100,4,303,20,2.302585092984045,10,20,0.5,25,12
v2_freeze_constraints_s10,v2,freeze_constraints,10,random_regular,100,4,304,224,4.174756891473161,99,224,0.4419642857142857,45,13
v2_freeze_constraints_s10,v2,freeze_constraints,10,random_regular,100,4,305,9,1.3862943611158909,4,9,0.4444444444444444,82,30
v2_freeze_constraints_s10,v2,freeze_constraints,10,random_regular,100,4,306,22,1.791759469222055,6,22,0.2727272727272727,21,50
v2_freeze_constraints_s10,v2,freeze_constraints,10,random_regular,100,4,307,48,2.871476118036867,19,48,0.3958333333333333,63,15
v2_freeze_constraints_s10,v2,freeze_constraints,10,random_regular,100,4,308,0,0.0,0,0,,13,13
v2_freeze_constraints_s10,v2,freeze_constraints,10,random_regular,100,4,309,45,2.639057329601259,14,45,0.3111111111111111,32,12
v2_freeze_constraints_s10,v2,freeze_constraints,10,random_regular,100,4,310,50,3.098139496330803,26,50,0.52,72,12
v2_freeze_constraints_s10,v2,freeze_constraints,10,random_regular,100,4,311,176,4.196163489275176,76,176,0.4318181818181818,51,12
v2_freeze_constraints_s10,v2,freeze_constraints,10,random_regular,100,4,312,109,3.323400536919209,36,109,0.3302752293577982,5,12
v2_freeze_constraints_s10,v2,freeze_constraints,10,random_regular,100,4,313,3,0.6931471805579453,2,3,0.6666666666666666,59,50
v2_freeze_constraints_s10,v2,freeze_constraints,10,random_regular,100,4,314,76,3.232775904355102,32,76,0.42105263157894735,71,15
v2_freeze_constraints_s10,v2,freeze_constraints,10,random_regular,100,4,315,1,-1.000088900581841e-12,1,1,1.0,58,15
v2_freeze_constraints_s10,v2,freeze_constraints,10,random_regular,100,4,316,4,-1.000088900581841e-12,1,4,0.25,42,50
v2_freeze_constraints_s10,v2,freeze_constraints,10,random_regular,100,4,317,218,4.30250706044788,96,218,0.44036697247706424,57,12
v2_freeze_constraints_s10,v2,freeze_constraints,10,random_regular,100,4,318,68,2.9307406809912417,29,68,0.4264705882352941,44,30
v2_freeze_constraints_s10,v2,freeze_constraints,10,random_regular,100,4,319,59,2.9970687270680187,25,59,0.423728813559322,84,50
v2_freeze_constraints_s10,v2,freeze_constraints,10,random_regular,100,4,320,0,0.0,0,0,,50,50
v2_freeze_constraints_s10,v2,freeze_constraints,10,random_regular,100,4,321,164,4.046421636502493,65,164,0.39634146341463417,25,30
v2_freeze_constraints_s10,v2,freeze_constraints,10,random_regular,100,4,322,0,0.0,0,0,,15,15
v2_freeze_constraints_s10,v2,freeze_constraints,10,random_regular,100,4,323,39,2.685945324654788,16,39,0.41025641025641024,25,12
v2_freeze_constraints_s10,v2,freeze_constraints,10,random_regular,100,4,324,0,0.0,0,0,,12,12
v2_freeze_constraints_s10,v2,freeze_constraints,10,random_regular,100,4,325,62,2.736339051089065,18,62,0.2903225806451613,22,13
v2_freeze_constraints_s10,v2,freeze_constraints,10,random_regular,100,4,326,197,3.946120419580997,73,197,0.37055837563451777,82,50
v2_freeze_constraints_s10,v2,freeze_constraints,10,random_regular,100,4,327,52,3.062529300232621,24,52,0.46153846153846156,96,50
v2_freeze_constraints_s10,v2,freeze_constraints,10,random_regular,100,4,328,120,3.8401905959677873,60,120,0.5,75,12
v2_freeze_constraints_s10,v2,freeze_constraints,10,random_regular,100,4,329,78,3.2625679455231658,30,78,0.38461538461538464,82,12
v2_freeze_constraints_s10,v2,freeze_constraints,10,random_regular,100,4,330,24,2.302585092984045,10,24,0.4166666666666667,96,13
v2_freeze_constraints_s10,v2,freeze_constraints,10,random_regular,100,4,331,173,3.982438819838421,65,173,0.37572254335260113,48,30
v2_freeze_constraints_s10,v2,freeze_constraints,10,random_regular,100,4,332,57,3.204777524107256,26,57,0.45614035087719296,66,12
v2_freeze_constraints_s10,v2,freeze_constraints,10,random_regular,100,4,333,100,3.71424286565366,45,100,0.45,40,12
v2_freeze_constraints_s10,v2,freeze_constraints,10,random_regular,100,4,334,15,2.197224577327219,9,15,0.6,37,15
v2_freeze_constraints_s10,v2,freeze_constraints,10,random_regular,100,4,335,183,4.084125235465182,72,183,0.39344262295081966,47,30
v2_freeze_constraints_s10,v2,freeze_constraints,10,random_regular,100,4,336,1,-1.000088900581841e-12,1,1,1.0,31,30
v2_freeze_constraints_s10,v2,freeze_constraints,10,random_regular,100,4,337,28,2.540036303807981,14,28,0.5,63,13
v2_freeze_constraints_s10,v2,freeze_constraints,10,random_regular,100,4,338,10,1.6094379124291005,5,10,0.5,76,12
v2_freeze_constraints_s10,v2,freeze_constraints,10,random_regular,100,4,339,19,2.079441541671836,8,19,0.42105263157894735,73,12
v2_freeze_constraints_s10,v2,freeze_constraints,10,random_regular,100,4,340,35,2.685945324654788,16,35,0.45714285714285713,98,12
v2_freeze_constraints_s10,v2,freeze_constraints,10,random_regular,100,4,341,122,3.796176766408677,55,122,0.45081967213114754,57,50
v2_freeze_constraints_s10,v2,freeze_constraints,10,random_regular,100,4,342,1,-1.000088900581841e-12,1,1,1.0,22,15
v2_freeze_constraints_s10,v2,freeze_constraints,10,random_regular,100,4,343,0,0.0,0,0,,50,50
v2_freeze_constraints_s10,v2,freeze_constraints,10,random_regular,100,4,344,13,1.9459101490483133,7,13,0.5384615384615384,23,50
v2_freeze_constraints_s10,v2,freeze_constraints,10,random_regular,100,4,345,9,1.3862943611158909,4,9,0.4444444444444444,33,13
v2_freeze_constraints_s10,v2,freeze_constraints,10,random_regular,100,4,346,9,1.6094379124291005,5,9,0.5555555555555556,87,13
v2_freeze_constraints_s10,v2,freeze_constraints,10,random_regular,100,4,347,89,3.385458174669731,40,89,0.449438202247191,20,12
v2_freeze_constraints_s10,v2,freeze_constraints,10,random_regular,100,4,348,60,2.9713765399480208,26,60,0.43333333333333335,84,50
v2_freeze_constraints_s10,v2,freeze_constraints,10,random_regular,100,4,349,20,2.302585092984045,10,20,0.5,48,15
v2_freeze_constraints_s10,v2,freeze_constraints,10,random_regular,100,4,350,28,2.1458417525857545,11,28,0.39285714285714285,67,30
v2_freeze_constraints_s10,v2,freeze_constraints,10,random_regular,100,4,351,22,2.302585092984045,10,22,0.45454545454545453,17,30
v2_freeze_constraints_s10,v2,freeze_constraints,10,random_regular,100,4,352,59,3.0752205480323718,23,59,0.3898305084745763,75,50
v2_freeze_constraints_s10,v2,freeze_constraints,10,random_regular,100,4,353,23,2.639057329601259,14,23,0.6086956521739131,60,50
v2_freeze_constraints_s10,v2,freeze_constraints,10,random_regular,100,4,354,11,1.6094379124291005,5,11,0.45454545454545453,82,30
v2_freeze_constraints_s10,v2,freeze_constraints,10,random_regular,100,4,355,80,3.031590575761233,25,80,0.3125,42,15
v2_freeze_constraints_s10,v2,freeze_constraints,10,random_regular,100,4,356,20,2.197224577327219,9,20,0.45,36,15
v2_freeze_constraints_s10,v2,freeze_constraints,10,random_regular,100,4,357,102,3.761660727552022,47,102,0.46078431372549017,5,50
v2_freeze_constraints_s10,v2,freeze_constraints,10,random_regular,100,4,358,39,2.21106887113461,15,39,0.38461538461538464,34,12
v2_freeze_constraints_s10,v2,freeze_constraints,10,random_regular,100,4,359,72,3.3969144201875685,35,72,0.4861111111111111,88,50
v2_freeze_constraints_s10,v2,freeze_constraints,10,random_regular,100,4,360,258,4.425987419866464,114,258,0.4418604651162791,96,12
v2_freeze_constraints_s10,v2,freeze_constraints,10,random_regular,100,4,361,65,2.9965869742621187,29,65,0.4461538461538462,76,30
v2_freeze_constraints_s10,v2,freeze_constraints,10,random_regular,100,4,362,30,2.813355404483615,18,30,0.6,72,12
v2_freeze_constraints_s10,v2,freeze_constraints,10,random_regular,100,4,363,76,3.286462961268799,33,76,0.4342105263157895,41,50
v2_freeze_constraints_s10,v2,freeze_constraints,10,random_regular,100,4,364,258,4.360820602041551,118,258,0.4573643410852713,90,13
v2_freeze_constraints_s10,v2,freeze_constraints,10,random_regular,100,4,365,28,2.61563057701355,15,28,0.5357142857142857,91,15
v2_freeze_constraints_s10,v2,freeze_constraints,10,random_regular,100,4,366,1,-1.000088900581841e-12,1,1,1.0,64,50
v2_freeze_constraints_s10,v2,freeze_constraints,10,random_regular,100,4,367,41,2.579624673594574,19,41,0.4634146341463415,41,30
v2_freeze_constraints_s10,v2,freeze_constraints,10,random_regular,100,4,368,15,1.6094379124291005,5,15,0.3333333333333333,76,15
v2_freeze_constraints_s10,v2,freeze_constraints,10,random_regular,100,4,369,119,3.4558706845917486,51,119,0.42857142857142855,70,50
v2_freeze_constraints_s10,v2,freeze_constraints,10,random_regular,100,4,370,76,3.1352651118662034,30,76,0.39473684210526316,56,30
v2_freeze_constraints_s10,v2,freeze_constraints,10,random_regular,100,4,371,113,3.696721308158614,43,113,0.3805309734513274,88,15
v2_freeze_constraints_s10,v2,freeze_constraints,10,random_regular,100,4,372,51,2.523922032885178,22,51,0.43137254901960786,8,12
v2_freeze_constraints_s10,v2,freeze_constraints,10,random_regular,100,4,373,7,1.3862943611158909,4,7,0.5714285714285714,19,12
v2_freeze_constraints_s10,v2,freeze_constraints,10,random_regular,100,4,374,8,1.3862943611158909,4,8,0.5,33,15
v2_freeze_constraints_s10,v2,freeze_constraints,10,random_regular,100,4,375,3,-1.000088900581841e-12,1,3,0.3333333333333333,22,15
v2_freeze_constraints_s10,v2,freeze_constraints,10,random_regular,100,4,376,11,0.6931471805579453,2,11,0.18181818181818182,39,13
v2_freeze_constraints_s10,v2,freeze_constraints,10,random_regular,100,4,377,69,3.1445801968134903,33,69,0.4782608695652174,23,12
v2_freeze_constraints_s10,v2,freeze_constraints,10,random_regular,100,4,378,29,2.588573162668117,17,29,0.5862068965517241,78,12
v2_freeze_constraints_s10,v2,freeze_constraints,10,random_regular,100,4,379,138,3.5137264175958234,48,138,0.34782608695652173,9,12
v2_freeze_constraints_s10,v2,freeze_constraints,10,random_regular,100,4,380,58,2.940142702664839,32,58,0.5517241379310345,27,50
v2_freeze_constraints_s10,v2,freeze_constraints,10,random_regular,100,4,381,4,1.0986122886651095,3,4,0.75,92,50
v2_freeze_constraints_s10,v2,freeze_constraints,10,random_regular,100,4,382,8,1.3862943611158909,4,8,0.5,36,50
v2_freeze_constraints_s10,v2,freeze_constraints,10,random_regular,100,4,383,58,3.204777524107256,26,58,0.4482758620689655,24,15
v2_freeze_constraints_s10,v2,freeze_constraints,10,random_regular,100,4,384,5,1.0986122886651095,3,5,0.6,99,50
v2_freeze_constraints_s10,v2,freeze_constraints,10,random_regular,100,4,385,34,2.3516733018936304,13,34,0.38235294117647056,88,12
v2_freeze_constraints_s10,v2,freeze_constraints,10,random_regular,100,4,386,0,0.0,0,0,,50,50
v2_freeze_constraints_s10,v2,freeze_constraints,10,random_regular,100,4,387,9,1.0986122886651095,3,9,0.3333333333333333,69,12
v2_freeze_constraints_s10,v2,freeze_constraints,10,random_regular,100,4,388,0,0.0,0,0,,13,13
v2_freeze_constraints_s10,v2,freeze_constraints,10,random_regular,100,4,389,0,0.0,0,0,,15,15
v2_freeze_constraints_s10,v2,freeze_constraints,10,random_regular,100,4,390,10,1.791759469222055,6,10,0.6,2,50
v2_freeze_constraints_s10,v2,freeze_constraints,10,random_regular,100,4,391,2,-1.000088900581841e-12,1,2,0.5,26,12
v2_freeze_constraints_s10,v2,freeze_constraints,10,random_regular,100,4,392,22,2.369382119683676,12,22,0.5454545454545454,8,50
v2_freeze_constraints_s10,v2,freeze_constraints,10,random_regular,100,4,393,179,4.027651345262987,74,179,0.4134078212290503,70,13
v2_freeze_constraints_s10,v2,freeze_constraints,10,random_regular,100,4,394,85,3.2103913397623893,31,85,0.36470588235294116,71,15
v2_freeze_constraints_s10,v2,freeze_constraints,10,random_regular,100,4,395,14,1.791759469222055,6,14,0.42857142857142855,40,15
v2_freeze_constraints_s10,v2,freeze_constraints,10,random_regular,100,4,396,9,1.3862943611158909,4,9,0.4444444444444444,52,13
v2_freeze_constraints_s10,v2,freeze_constraints,10,random_regular,100,4,397,34,2.253857589591352,12,34,0.35294117647058826,95,13
v2_freeze_constraints_s10,v2,freeze_constraints,10,random_regular,100,4,398,4,-1.000088900581841e-12,1,4,0.25,86,13
v2_freeze_constraints_s10,v2,freeze_constraints,10,random_regular,100,4,399,84,3.4469064102262488,37,84,0.44047619047619047,40,15
v2_freeze_constraints_s10,v2,freeze_constraints,10,random_regular,100,4,400,61,3.0280290732864104,22,61,0.36065573770491804,41,15
v2_freeze_constraints_s10,v2,freeze_constraints,10,random_regular,100,4,401,5,1.3862943611158909,4,5,0.8,72,12
v2_freeze_constraints_s10,v2,freeze_constraints,10,random_regular,100,4,402,39,2.484906649776,12,39,0.3076923076923077,79,30
v2_freeze_constraints_s10,v2,freeze_constraints,10,random_regular,100,4,403,86,3.5065025850265608,36,86,0.4186046511627907,90,15
v2_freeze_constraints_s10,v2,freeze_constraints,10,random_regular,100,4,404,28,2.5649493574485365,13,28,0.4642857142857143,48,50
v2_freeze_constraints_s10,v2,freeze_constraints,10,random_regular,100,4,405,2,-1.000088900581841e-12,1,2,0.5,16,13
v2_freeze_constraints_s10,v2,freeze_constraints,10,random_regular,100,4,406,8,0.6931471805579453,2,8,0.25,36,13
v2_freeze_constraints_s10,v2,freeze_constraints,10,random_regular,100,4,407,103,3.645947951488728,41,103,0.39805825242718446,55,13
v2_freeze_constraints_s10,v2,freeze_constraints,10,random_regular,100,4,408,51,2.9785084205072385,21,51,0.4117647058823529,20,50
v2_freeze_constraints_s10,v2,freeze_constraints,10,random_regular,100,4,409,0,0.0,0,0,,12,12
v2_freeze_constraints_s10,v2,freeze_constraints,10,random_regular,100,4,410,71,3.555348061454413,35,71,0.49295774647887325,48,15
v2_freeze_constraints_s10,v2,freeze_constraints,10,random_regular,100,4,411,0,0.0,0,0,,50,50
v2_freeze_constraints_s10,v2,freeze_constraints,10,random_regular,100,4,412,52,2.954673212284816,23,52,0.4423076923076923,38,30
v2_freeze_constraints_s10,v2,freeze_constraints,10,random_regular,100,4,413,8,1.6094379124291005,5,8,0.625,38,50
v2_freeze_constraints_s10,v2,freeze_constraints,10,random_regular,100,4,414,74,3.2491274088477446,32,74,0.43243243243243246,33,12
v2_freeze_constraints_s10,v2,freeze_constraints,10,random_regular,100,4,415,63,2.838988933136699,22,63,0.3492063492063492,65,12
v2_freeze_constraints_s10,v2,freeze_constraints,10,random_regular,100,4,416,2,-1.000088900581841e-12,1,2,0.5,58,15
v2_freeze_constraints_s10,v2,freeze_constraints,10,random_regular,100,4,417,0,0.0,0,0,,50,50
v2_freeze_constraints_s10,v2,freeze_constraints,10,random_regular,100,4,418,31,2.5993019270857944,16,31,0.5161290322580645,10,13
v2_freeze_constraints_s10,v2,freeze_constraints,10,random_regular,100,4,419,150,3.819075783309944,59,150,0.3933333333333333,23,50
v2_freeze_constraints_s10,v2,freeze_constraints,10,random_regular,100,4,420,10,1.791759469222055,6,10,0.6,8,30
v2_freeze_constraints_s10,v2,freeze_constraints,10,random_regular,100,4,421,138,3.704107926157332,51,138,0.3695652173913043,62,15
v2_freeze_constraints_s10,v2,freeze_constraints,10,random_regular,100,4,422,3,-1.000088900581841e-12,1,3,0.3333333333333333,28,12
v2_freeze_constraints_s10,v2,freeze_constraints,10,random_regular,100,4,423,136,3.839509426606019,53,136,0.3897058823529412,11,15
v2_freeze_constraints_s10,v2,freeze_constraints,10,random_regular,100,4,424,56,3.044820482442576,26,56,0.4642857142857143,95,12
v2_freeze_constraints_s10,v2,freeze_constraints,10,random_regular,100,4,425,162,3.821846597373631,64,162,0.3950617283950617,39,15
v2_freeze_constraints_s10,v2,freeze_constraints,10,random_regular,100,4,426,86,3.673173853440987,47,86,0.5465116279069767,78,12
v2_freeze_constraints_s10,v2,freeze_constraints,10,random_regular,100,4,427,10,2.197224577327219,9,10,0.9,91,50
v2_freeze_constraints_s10,v2,freeze_constraints,10,random_regular,100,4,428,3,-1.000088900581841e-12,1,3,0.3333333333333333,46,12
v2_freeze_constraints_s10,v2,freeze_constraints,10,random_regular,100,4,429,53,2.954673212284816,23,53,0.4339622641509434,31,15
v2_freeze_constraints_s10,v2,freeze_constraints,10,random_regular,100,4,430,94,3.371971579897444,37,94,0.39361702127659576,56,15
v2_freeze_constraints_s10,v2,freeze_constraints,10,random_regular,100,4,431,6,1.3862943611158909,4,6,0.6666666666666666,45,30
v2_freeze_constraints_s10,v2,freeze_constraints,10,random_regular,100,4,432,24,2.3516733018936304,13,24,0.5416666666666666,91,13
v2_freeze_constraints_s10,v2,freeze_constraints,10,random_regular,100,4,433,42,2.588573162668117,17,42,0.40476190476190477,18,15
v2_freeze_constraints_s10,v2,freeze_constraints,10,random_regular,100,4,434,97,3.342356062906156,35,97,0.36082474226804123,82,12
v2_freeze_constraints_s10,v2,freeze_constraints,10,random_regular,100,4,435,155,3.9488114493223287,70,155,0.45161290322580644,61,30
v2_freeze_constraints_s10,v2,freeze_constraints,10,random_regular,100,4,436,38,2.639057329601259,14,38,0.3684210526315789,48,13
v2_freeze_constraints_s10,v2,freeze_constraints,10,random_regular,100,4,437,63,2.751666616915516,17,63,0.2698412698412698,23,15
v2_freeze_constraints_s10,v2,freeze_constraints,10,random_regular,100,4,438,40,2.5275191508275685,20,40,0.5,59,13
v2_freeze_constraints_s10,v2,freeze_constraints,10,random_regular,100,4,439,8,1.0986122886651095,3,8,0.375,31,30
v2_freeze_constraints_s10,v2,freeze_constraints,10,random_regular,100,4,440,23,1.9722469794154416,11,23,0.4782608695652174,42,30
v2_freeze_constraints_s10,v2,freeze_constraints,10,random_regular,100,4,441,64,3.3322045101472035,28,64,0.4375,57,15
v2_freeze_constraints_s10,v2,freeze_constraints,10,random_regular,100,4,442,5,-1.000088900581841e-12,1,5,0.2,73,13
v2_freeze_constraints_s10,v2,freeze_constraints,10,random_regular,100,4,443,17,2.079441541671836,8,17,0.47058823529411764,33,15
v2_freeze_constraints_s10,v2,freeze_constraints,10,random_regular,100,4,444,44,2.61563057701355,15,44,0.3409090909090909,57,15
v2_freeze_constraints_s10,v2,freeze_constraints,10,random_regular,100,4,445,88,3.45345973766966,36,88,0.4090909090909091,56,30
v2_freeze_constraints_s10,v2,freeze_constraints,10,random_regular,100,4,446,34,2.813355404483615,18,34,0.5294117647058824,4,13
v2_freeze_constraints_s10,v2,freeze_constraints,10,random_regular,100,4,447,1,-1.000088900581841e-12,1,1,1.0,7,30
v2_freeze_constraints_s10,v2,freeze_constraints,10,random_regular,100,4,448,70,3.134162458562648,28,70,0.4,62,13
v2_freeze_constraints_s10,v2,freeze_constraints,10,random_regular,100,4,449,26,2.369382119683676,12,26,0.46153846153846156,5,15
v2_freeze_constraints_s10,v2,freeze_constraints,10,random_regular,100,4,450,56,3.120291565278284,24,56,0.42857142857142855,77,13
v2_freeze_constraints_s10,v2,freeze_constraints,10,random_regular,100,4,451,23,1.9061547465328492,8,23,0.34782608695652173,80,13
v2_freeze_constraints_s10,v2,freeze_constraints,10,random_regular,100,4,452,55,3.2826939972510645,28,55,0.509090909090909,18,13
v2_freeze_constraints_s10,v2,freeze_constraints,10,random_regular,100,4,453,18,2.2718685126865625,11,18,0.6111111111111112,76,12
v2_freeze_constraints_s10,v2,freeze_constraints,10,random_regular,100,4,454,1,-1.000088900581841e-12,1,1,1.0,31,30
v2_freeze_constraints_s10,v2,freeze_constraints,10,random_regular,100,4,455,26,1.9459101490483133,7,26,0.2692307692307692,7,50
v2_freeze_constraints_s10,v2,freeze_constraints,10,random_regular,100,4,456,59,2.540036303807981,14,59,0.23728813559322035,63,30
v2_freeze_constraints_s10,v2,freeze_constraints,10,random_regular,100,4,457,19,2.2718685126865625,11,19,0.5789473684210527,8,13
v2_freeze_constraints_s10,v2,freeze_constraints,10,random_regular,100,4,458,151,3.863295501984452,60,151,0.3973509933774834,35,50
v2_freeze_constraints_s10,v2,freeze_constraints,10,random_regular,100,4,459,10,1.3862943611158909,4,10,0.4,68,13
v2_freeze_constraints_s10,v2,freeze_constraints,10,random_regular,100,4,460,62,3.039115687997164,27,62,0.43548387096774194,44,30
v2_freeze_constraints_s10,v2,freeze_constraints,10,random_regular,100,4,461,93,3.5646232985788124,38,93,0.40860215053763443,98,15
v2_freeze_constraints_s10,v2,freeze_constraints,10,random_regular,100,4,462,84,3.444813797459462,34,84,0.40476190476190477,90,15
v2_freeze_constraints_s10,v2,freeze_constraints,10,random_regular,100,4,463,141,3.739050169499052,60,141,0.425531914893617,51,12
v2_freeze_constraints_s10,v2,freeze_constraints,10,random_regular,100,4,464,24,2.1639556568730565,10,24,0.4166666666666667,40,13
v2_freeze_constraints_s10,v2,freeze_constraints,10,random_regular,100,4,465,169,4.056267165129615,75,169,0.4437869822485207,87,50
v2_freeze_constraints_s10,v2,freeze_constraints,10,random_regular,100,4,466,12,1.6094379124291005,5,12,0.4166666666666667,5,13
v2_freeze_constraints_s10,v2,freeze_constraints,10,random_regular,100,4,467,1,-1.000088900581841e-12,1,1,1.0,73,13
v2_freeze_constraints_s10,v2,freeze_constraints,10,random_regular,100,4,468,113,3.6000030969206915,43,113,0.3805309734513274,21,30
v2_freeze_constraints_s10,v2,freeze_constraints,10,random_regular,100,4,469,48,3.0149468801585937,23,48,0.4791666666666667,91,30
v2_freeze_constraints_s10,v2,freeze_constraints,10,random_regular,100,4,470,92,3.4858315997982245,39,92,0.42391304347826086,8,30
v2_freeze_constraints_s10,v2,freeze_constraints,10,random_regular,100,4,471,66,3.0846519456665087,28,66,0.42424242424242425,57,50
v2_freeze_constraints_s10,v2,freeze_constraints,10,random_regular,100,4,472,112,3.5281418680240257,38,112,0.3392857142857143,6,12
v2_freeze_constraints_s10,v2,freeze_constraints,10,random_regular,100,4,473,50,2.8152049266019468,22,50,0.44,28,50
v2_freeze_constraints_s10,v2,freeze_constraints,10,random_regular,100,4,474,104,3.7415499360560274,51,104,0.49038461538461536,94,50
v2_freeze_constraints_s10,v2,freeze_constraints,10,random_regular,100,4,475,0,0.0,0,0,,30,30
v2_freeze_constraints_s10,v2,freeze_constraints,10,random_regular,100,4,476,5,1.0986122886651095,3,5,0.6,6,13
v2_freeze_constraints_s10,v2,freeze_constraints,10,random_regular,100,4,477,30,2.5649493574485365,13,30,0.43333333333333335,55,15
v2_freeze_constraints_s10,v2,freeze_constraints,10,random_regular,100,4,478,61,2.902002313186603,22,61,0.36065573770491804,75,12
v2_freeze_constraints_s10,v2,freeze_constraints,10,random_regular,100,4,479,61,3.102571276780554,33,61,0.5409836065573771,3,15
v2_freeze_constraints_s10,v2,freeze_constraints,10,random_regular,100,4,480,89,3.491660437469239,38,89,0.42696629213483145,2,50
v2_freeze_constraints_s10,v2,freeze_constraints,10,random_regular,100,4,481,2,0.6931471805579453,2,2,1.0,69,13
v2_freeze_constraints_s10,v2,freeze_constraints,10,random_regular,100,4,482,75,3.2631392422727337,35,75,0.4666666666666667,89,13
v2_freeze_constraints_s10,v2,freeze_constraints,10,random_regular,100,4,483,202,4.1873441592962175,79,202,0.3910891089108911,31,15
v2_freeze_constraints_s10,v2,freeze_constraints,10,random_regular,100,4,484,43,2.772588722223781,16,43,0.37209302325581395,3,15
v2_freeze_constraints_s10,v2,freeze_constraints,10,random_regular,100,4,485,0,0.0,0,0,,13,13
v2_freeze_constraints_s10,v2,freeze_constraints,10,random_regular,100,4,486,4,0.6931471805579453,2,4,0.5,83,15
v2_freeze_constraints_s10,v2,freeze_constraints,10,random_regular,100,4,487,33,2.253857589591352,12,33,0.36363636363636365,86,50
v2_freeze_constraints_s10,v2,freeze_constraints,10,random_regular,100,4,488,37,2.3516733018936304,13,37,0.35135135135135137,20,12
v2_freeze_constraints_s10,v2,freeze_constraints,10,random_regular,100,4,489,114,3.5677636931747174,43,114,0.37719298245614036,54,15
v2_freeze_constraints_s10,v2,freeze_constraints,10,random_regular,100,4,490,33,2.302585092984045,10,33,0.30303030303030304,62,50
v2_freeze_constraints_s10,v2,freeze_constraints,10,random_regular,100,4,491,14,1.9061547465328492,8,14,0.5714285714285714,36,12
v2_freeze_constraints_s10,v2,freeze_constraints,10,random_regular,100,4,492,35,2.813355404483615,18,35,0.5142857142857142,90,12
v2_freeze_constraints_s10,v2,freeze_constraints,10,random_regular,100,4,493,70,3.2238860684653137,29,70,0.4142857142857143,28,30
v2_freeze_constraints_s10,v2,freeze_constraints,10,random_regular,100,4,494,1,-1.000088900581841e-12,1,1,1.0,37,13
v2_freeze_constraints_s10,v2,freeze_constraints,10,random_regular,100,4,495,1,-1.000088900581841e-12,1,1,1.0,73,13
v2_freeze_constraints_s10,v2,freeze_constraints,10,random_regular,100,4,496,38,2.220025327823538,16,38,0.42105263157894735,67,13
v2_freeze_constraints_s10,v2,freeze_constraints,10,random_regular,100,4,497,10,1.0986122886651095,3,10,0.3,63,13
v2_freeze_constraints_s10,v2,freeze_constraints,10,random_regular,100,4,498,246,4.045262618193986,90,246,0.36585365853658536,2,12
v2_freeze_constraints_s10,v2,freeze_constraints,10,random_regular,100,4,499,191,4.229063613295272,79,191,0.41361256544502617,46,13
v2_freeze_constraints_s10,v2,freeze_constraints,10,random_regular,100,4,500,0,0.0,0,0,,15,15
v2_freeze_constraints_s10,v2,freeze_constraints,10,random_regular,100,4,501,46,2.7985132569262934,19,46,0.41304347826086957,43,15
v2_freeze_constraints_s10,v2,freeze_constraints,10,random_regular,100,4,502,30,2.3947004058463333,17,30,0.5666666666666667,99,30
v2_freeze_constraints_s10,v2,freeze_constraints,10,random_regular,100,4,503,0,0.0,0,0,,12,12
v2_freeze_constraints_s10,v2,freeze_constraints,10,random_regular,100,4,504,129,3.6280156368321625,39,129,0.3023255813953488,2,12
v2_freeze_constraints_s10,v2,freeze_constraints,10,random_regular,100,4,505,62,3.10797227595561,25,62,0.4032258064516129,37,12
v2_freeze_constraints_s10,v2,freeze_constraints,10,random_regular,100,4,506,98,3.783607104130143,54,98,0.5510204081632653,72,50
v2_freeze_constraints_s10,v2,freeze_constraints,10,random_regular,100,4,507,47,2.8716496251169272,23,47,0.48936170212765956,2,50
v2_freeze_constraints_s10,v2,freeze_constraints,10,random_regular,100,4,508,139,3.881306425080663,55,139,0.39568345323741005,33,15
v2_freeze_constraints_s10,v2,freeze_constraints,10,random_regular,100,4,509,211,4.24041644780934,81,211,0.38388625592417064,40,12
v2_freeze_constraints_s10,v2,freeze_constraints,10,random_regular,100,4,510,101,3.735202719174468,50,101,0.49504950495049505,92,15
v2_freeze_constraints_s10,v2,freeze_constraints,10,random_regular,100,4,511,56,3.233183484354926,28,56,0.5,53,13
v2_freeze_constraints_s10,v2,freeze_constraints,10,random_regular,100,4,512,28,2.7080502010872096,15,28,0.5357142857142857,0,30
v2_freeze_constraints_s10,v2,freeze_constraints,10,random_regular,100,4,513,237,4.234486071091641,95,237,0.4008438818565401,9,13
v2_freeze_constraints_s10,v2,freeze_constraints,10,random_regular,100,4,514,0,0.0,0,0,,13,13
v2_freeze_constraints_s10,v2,freeze_constraints,10,random_regular,100,4,515,13,1.3862943611158909,4,13,0.3076923076923077,29,30
v2_freeze_constraints_s10,v2,freeze_constraints,10,random_regular,100,4,516,32,2.3978952727873706,11,32,0.34375,97,12
v2_freeze_constraints_s10,v2,freeze_constraints,10,random_regular,100,4,517,47,2.813355404483615,18,47,0.3829787234042553,54,13
v2_freeze_constraints_s10,v2,freeze_constraints,10,random_regular,100,4,518,7,1.791759469222055,6,7,0.8571428571428571,83,30
v2_freeze_constraints_s10,v2,freeze_constraints,10,random_regular,100,4,519,20,2.4583113296710835,13,20,0.65,6,12
v2_freeze_constraints_s10,v2,freeze_constraints,10,random_regular,100,4,520,0,0.0,0,0,,15,15
v2_freeze_constraints_s10,v2,freeze_constraints,10,random_regular,100,4,521,14,1.6094379124291005,5,14,0.35714285714285715,81,30
v2_freeze_constraints_s10,v2,freeze_constraints,10,random_regular,100,4,522,51,2.751666616915516,17,51,0.3333333333333333,63,50
v2_freeze_constraints_s10,v2,freeze_constraints,10,random_regular,100,4,523,7,1.3862943611158909,4,7,0.5714285714285714,67,50
v2_freeze_constraints_s10,v2,freeze_constraints,10,random_regular,100,4,524,64,2.902002313186603,22,64,0.34375,90,13
v2_freeze_constraints_s10,v2,freeze_constraints,10,random_regular,100,4,525,56,2.8903717578781647,18,56,0.32142857142857145,43,30
v2_freeze_constraints_s10,v2,freeze_constraints,10,random_regular,100,4,526,18,2.197224577327219,9,18,0.5,83,50
v2_freeze_constraints_s10,v2,freeze_constraints,10,random_regular,100,4,527,134,3.757934986332627,54,134,0.40298507462686567,18,50
v2_freeze_constraints_s10,v2,freeze_constraints,10,random_regular,100,4,528,4,1.0986122886651095,3,4,0.75,10,50
v2_freeze_constraints_s10,v2,freeze_constraints,10,random_regular,100,4,529,156,4.067427150062021,71,156,0.4551282051282051,44,12
v2_freeze_constraints_s10,v2,freeze_constraints,10,random_regular,100,4,530,24,2.1639556568730565,10,24,0.4166666666666667,4,50
v2_freeze_constraints_s10,v2,freeze_constraints,10,random_regular,100,4,531,15,2.0431918705371204,9,15,0.6,71,50
v2_freeze_constraints_s10,v2,freeze_constraints,10,random_regular,100,4,532,108,3.4329073252115982,45,108,0.4166666666666667,68,15
v2_freeze_constraints_s10,v2,freeze_constraints,10,random_regular,100,4,533,223,4.27226769023738,94,223,0.42152466367713004,56,50
v2_freeze_constraints_s10,v2,freeze_constraints,10,random_regular,100,4,534,44,2.5400363038079807,14,44,0.3181818181818182,39,30
v2_freeze_constraints_s10,v2,freeze_constraints,10,random_regular,100,4,535,68,3.308777757559495,30,68,0.4411764705882353,98,50
v2_freeze_constraints_s10,v2,freeze_constraints,10,random_regular,100,4,536,44,2.926417555478996,20,44,0.45454545454545453,34,12
v2_freeze_constraints_s10,v2,freeze_constraints,10,random_regular,100,4,537,50,2.772588722223781,16,50,0.32,38,13
v2_freeze_constraints_s10,v2,freeze_constraints,10,random_regular,100,4,538,24,2.079441541671836,8,24,0.3333333333333333,89,12
v2_freeze_constraints_s10,v2,freeze_constraints,10,random_regular,100,4,539,7,1.3321790402061222,5,7,0.7142857142857143,9,15
v2_freeze_constraints_s10,v2,freeze_constraints,10,random_regular,100,4,540,190,4.10021165667434,75,190,0.39473684210526316,66,50
v2_freeze_constraints_s10,v2,freeze_constraints,10,random_regular,100,4,541,71,3.2625679455231658,30,71,0.4225352112676056,63,15
v2_freeze_constraints_s10,v2,freeze_constraints,10,random_regular,100,4,542,187,3.96111121428373,65,187,0.34759358288770054,36,12
v2_freeze_constraints_s10,v2,freeze_constraints,10,random_regular,100,4,543,79,3.5065025850265608,36,79,0.45569620253164556,88,30
v2_freeze_constraints_s10,v2,freeze_constraints,10,random_regular,100,4,544,54,3.0752205480323718,23,54,0.42592592592592593,75,12
v2_freeze_constraints_s10,v2,freeze_constraints,10,random_regular,100,4,545,40,3.0280290732864104,22,40,0.55,25,13
v2_freeze_constraints_s10,v2,freeze_constraints,10,random_regular,100,4,546,293,4.22789382593438,118,293,0.40273037542662116,47,13
v2_freeze_constraints_s10,v2,freeze_constraints,10,random_regular,100,4,547,212,4.071893114873361,89,212,0.419811320754717,31,30
v2_freeze_constraints_s10,v2,freeze_constraints,10,random_regular,100,4,548,12,1.791759469222055,6,12,0.5,56,12
v2_freeze_constraints_s10,v2,freeze_constraints,10,random_regular,100,4,549,33,2.302585092984045,10,33,0.30303030303030304,22,30
v2_freeze_constraints_s10,v2,freeze_constraints,10,random_regular,100,4,550,18,2.0431918705371204,9,18,0.5,77,13
v2_freeze_constraints_s10,v2,freeze_constraints,10,random_regular,100,4,551,66,3.244492630381296,27,66,0.4090909090909091,4,30
v2_freeze_constraints_s10,v2,freeze_constraints,10,random_regular,100,4,552,21,2.302585092984045,10,21,0.47619047619047616,82,50
v2_freeze_constraints_s10,v2,freeze_constraints,10,random_regular,100,4,553,249,4.311417424529605,89,249,0.357429718875502,4,30
v2_freeze_constraints_s10,v2,freeze_constraints,10,random_regular,100,4,554,66,2.857102837424001,20,66,0.30303030303030304,24,30
v2_freeze_constraints_s10,v2,freeze_constraints,10,random_regular,100,4,555,142,3.819075783309944,59,142,0.4154929577464789,48,30
v2_freeze_constraints_s10,v2,freeze_constraints,10,random_regular,100,4,556,79,3.1418041591892294,27,79,0.34177215189873417,6,30
v2_freeze_constraints_s10,v2,freeze_constraints,10,random_regular,100,4,557,123,3.8213821184280383,55,123,0.44715447154471544,62,12
v2_freeze_constraints_s10,v2,freeze_constraints,10,random_regular,100,4,558,9,1.3862943611158909,4,9,0.4444444444444444,52,12
v2_freeze_constraints_s10,v2,freeze_constraints,10,random_regular,100,4,559,46,2.4583113296710835,13,46,0.2826086956521739,56,50
v2_freeze_constraints_s10,v2,freeze_constraints,10,random_regular,100,4,560,87,3.281486097588739,40,87,0.45977011494252873,68,15
v2_freeze_constraints_s10,v2,freeze_constraints,10,random_regular,100,4,561,23,2.2718685126865625,11,23,0.4782608695652174,25,30
v2_freeze_constraints_s10,v2,freeze_constraints,10,random_regular,100,4,562,222,3.920751333060012,92,222,0.4144144144144144,58,50
v2_freeze_constraints_s10,v2,freeze_constraints,10,random_regular,100,4,563,67,3.3892680315157944,31,67,0.4626865671641791,2,13
v2_freeze_constraints_s10,v2,freeze_constraints,10,random_regular,100,4,564,9,1.3321790402061222,5,9,0.5555555555555556,4,50
v2_freeze_constraints_s10,v2,freeze_constraints,10,random_regular,100,4,565,98,3.587834535437795,43,98,0.4387755102040816,31,30
v2_freeze_constraints_s10,v2,freeze_constraints,10,random_regular,100,4,566,17,2.484906649776,12,17,0.7058823529411765,93,12
v2_freeze_constraints_s10,v2,freeze_constraints,10,random_regular,100,4,567,49,3.062529300232621,24,49,0.4897959183673469,62,13
v2_freeze_constraints_s10,v2,freeze_constraints,10,random_regular,100,4,568,47,2.5993019270857944,16,47,0.3404255319148936,43,30
v2_freeze_constraints_s10,v2,freeze_constraints,10,random_regular,100,4,569,48,2.61563057701355,15,48,0.3125,55,30
v2_freeze_constraints_s10,v2,freeze_constraints,10,random_regular,100,4,570,44,2.9444389791474395,19,44,0.4318181818181818,92,30
v2_freeze_constraints_s10,v2,freeze_constraints,10,random_regular,100,4,571,0,0.0,0,0,,15,15
v2_freeze_constraints_s10,v2,freeze_constraints,10,random_regular,100,4,572,36,2.4583113296710835,13,36,0.3611111111111111,55,13
v2_freeze_constraints_s10,v2,freeze_constraints,10,random_regular,100,4,573,104,3.556923618315194,39,104,0.375,74,30
v2_freeze_constraints_s10,v2,freeze_constraints,10,random_regular,100,4,574,13,1.5607104090364066,6,13,0.46153846153846156,58,12
v2_freeze_constraints_s10,v2,freeze_constraints,10,random_regular,100,4,575,64,3.1064969046220257,30,64,0.46875,43,30
v2_freeze_constraints_s10,v2,freeze_constraints,10,random_regular,100,4,576,5,0.6931471805579453,2,5,0.4,96,13
v2_freeze_constraints_s10,v2,freeze_constraints,10,random_regular,100,4,577,127,3.711308156036908,52,127,0.4094488188976378,22,30
v2_freeze_constraints_s10,v2,freeze_constraints,10,random_regular,100,4,578,48,2.725550395815721,19,48,0.3958333333333333,65,30
v2_freeze_constraints_s10,v2,freeze_constraints,10,random_regular,100,4,579,93,3.232775904355102,32,93,0.34408602150537637,2,13
v2_freeze_constraints_s10,v2,freeze_constraints,10,random_regular,100,4,580,107,3.527169277521562,42,107,0.3925233644859813,60,15
v2_freeze_constraints_s10,v2,freeze_constraints,10,random_regular,100,4,581,47,2.639057329601259,14,47,0.2978723404255319,34,15
v2_freeze_constraints_s10,v2,freeze_constraints,10,random_regular,100,4,582,28,2.4583113296710835,13,28,0.4642857142857143,60,30
v2_freeze_constraints_s10,v2,freeze_constraints,10,random_regular,100,4,583,141,3.671228852498992,54,141,0.3829787234042553,85,15
v2_freeze_constraints_s10,v2,freeze_constraints,10,random_regular,100,4,584,160,3.958791821055205,63,160,0.39375,71,12
v2_freeze_constraints_s10,v2,freeze_constraints,10,random_regular,100,4,585,131,3.828845343713952,50,131,0.3816793893129771,58,50
v2_freeze_constraints_s10,v2,freeze_constraints,10,random_regular,100,4,586,14,1.791759469222055,6,14,0.42857142857142855,5,12
v2_freeze_constraints_s10,v2,freeze_constraints,10,random_regular,100,4,587,37,2.3978952727873706,11,37,0.2972972972972973,44,15
v2_freeze_constraints_s10,v2,freeze_constraints,10,random_regular,100,4,588,72,3.244492630381296,27,72,0.375,23,12
v2_freeze_constraints_s10,v2,freeze_constraints,10,random_regular,100,4,589,223,4.215863662882886,96,223,0.4304932735426009,88,12
v2_freeze_constraints_s10,v2,freeze_constraints,10,random_regular,100,4,590,14,2.079441541671836,8,14,0.5714285714285714,31,30
v2_freeze_constraints_s10,v2,freeze_constraints,10,random_regular,100,4,591,71,3.4235808367852125,37,71,0.5211267605633803,5,13
v2_freeze_constraints_s10,v2,freeze_constraints,10,random_regular,100,4,592,254,4.172180853017178,107,254,0.421259842519685,81,30
v2_freeze_constraints_s10,v2,freeze_constraints,10,random_regular,100,4,593,59,3.044522437702424,21,59,0.3559322033898305,61,30
v2_freeze_constraints_s10,v2,freeze_constraints,10,random_regular,100,4,594,46,2.7080502010872096,15,46,0.32608695652173914,18,50
v2_freeze_constraints_s10,v2,freeze_constraints,10,random_regular,100,4,595,5,-1.000088900581841e-12,1,5,0.2,64,50
v2_freeze_constraints_s10,v2,freeze_constraints,10,random_regular,100,4,596,34,2.484906649776,12,34,0.35294117647058826,67,30
v2_freeze_constraints_s10,v2,freeze_constraints,10,random_regular,100,4,597,45,2.6895357734519942,21,45,0.4666666666666667,52,50
v2_freeze_constraints_s10,v2,freeze_constraints,10,random_regular,100,4,598,69,3.193512367382888,31,69,0.4492753623188406,70,12
v2_freeze_constraints_s10,v2,freeze_constraints,10,random_regular,100,4,599,37,2.4583113296710835,13,37,0.35135135135135137,70,12
v2_freeze_constraints_s10,v2,freeze_constraints,10,random_regular,100,4,600,78,3.422414203983732,32,78,0.41025641025641024,34,12
v2_freeze_constraints_s10,v2,freeze_constraints,10,random_regular,100,4,601,5,0.6931471805579453,2,5,0.4,81,30
v2_freeze_constraints_s10,v2,freeze_constraints,10,random_regular,100,4,602,81,3.176082814634593,29,81,0.35802469135802467,47,30
v2_freeze_constraints_s10,v2,freeze_constraints,10,random_regular,100,4,603,96,3.4979375712916525,41,96,0.4270833333333333,6,50
v2_freeze_constraints_s10,v2,freeze_constraints,10,random_regular,100,4,604,0,0.0,0,0,,30,30
v2_freeze_constraints_s10,v2,freeze_constraints,10,random_regular,100,4,605,23,1.9459101490483133,7,23,0.30434782608695654,0,15
v2_freeze_constraints_s10,v2,freeze_constraints,10,random_regular,100,4,606,5,1.0986122886651095,3,5,0.6,37,13
v2_freeze_constraints_s10,v2,freeze_constraints,10,random_regular,100,4,607,115,3.621823241582,45,115,0.391304347826087,98,13
v2_freeze_constraints_s10,v2,freeze_constraints,10,random_regular,100,4,608,10,1.3862943611158909,4,10,0.4,76,50
v2_freeze_constraints_s10,v2,freeze_constraints,10,random_regular,100,4,609,4,0.6931471805579453,2,4,0.5,37,12
v2_freeze_constraints_s10,v2,freeze_constraints,10,random_regular,100,4,610,10,1.0986122886651095,3,10,0.3,57,12
v2_freeze_constraints_s10,v2,freeze_constraints,10,random_regular,100,4,611,8,-1.000088900581841e-12,1,8,0.125,86,13
v2_freeze_constraints_s10,v2,freeze_constraints,10,random_regular,100,4,612,23,2.197224577327219,9,23,0.391304347826087,94,13
v2_freeze_constraints_s10,v2,freeze_constraints,10,random_regular,100,4,613,34,2.9957322735339904,20,34,0.5882352941176471,78,12
v2_freeze_constraints_s10,v2,freeze_constraints,10,random_regular,100,4,614,7,1.0986122886651095,3,7,0.42857142857142855,49,12
v2_freeze_constraints_s10,v2,freeze_constraints,10,random_regular,100,4,615,101,3.3176975995541467,35,101,0.3465346534653465,90,50
v2_freeze_constraints_s10,v2,freeze_constraints,10,random_regular,100,4,616,74,3.0904599235931967,27,74,0.36486486486486486,96,13
v2_freeze_constraints_s10,v2,freeze_constraints,10,random_regular,100,4,617,44,2.245035274116177,13,44,0.29545454545454547,71,15
v2_freeze_constraints_s10,v2,freeze_constraints,10,random_regular,100,4,618,93,3.467994408329786,36,93,0.3870967741935484,98,15
v2_freeze_constraints_s10,v2,freeze_constraints,10,random_regular,100,4,619,44,2.9785084205072385,21,44,0.4772727272727273,4,13
v2_freeze_constraints_s10,v2,freeze_constraints,10,random_regular,100,4,620,102,3.488737420385817,44,102,0.43137254901960786,90,30
v2_freeze_constraints_s10,v2,freeze_constraints,10,random_regular,100,4,621,115,3.3573060098708574,35,115,0.30434782608695654,85,13
v2_freeze_constraints_s10,v2,freeze_constraints,10,random_regular,100,4,622,114,3.5106997211395683,41,114,0.35964912280701755,39,12
v2_freeze_constraints_s10,v2,freeze_constraints,10,random_regular,100,4,623,73,3.170148321450507,30,73,0.410958904109589,2,30
v2_freeze_constraints_s10,v2,freeze_constraints,10,random_regular,100,4,624,9,1.3862943611158909,4,9,0.4444444444444444,49,12
v2_freeze_constraints_s10,v2,freeze_constraints,10,random_regular,100,4,625,43,2.8332133440392155,17,43,0.3953488372093023,82,50
v2_freeze_constraints_s10,v2,freeze_constraints,10,random_regular,100,4,626,88,3.2551105127007407,31,88,0.3522727272727273,23,15
v2_freeze_constraints_s10,v2,freeze_constraints,10,random_regular,100,4,627,238,4.172873528166727,93,238,0.3907563025210084,62,30
v2_freeze_constraints_s10,v2,freeze_constraints,10,random_regular,100,4,628,30,2.369382119683676,12,30,0.4,77,12
v2_freeze_constraints_s10,v2,freeze_constraints,10,random_regular,100,4,629,0,0.0,0,0,,13,13
v2_freeze_constraints_s10,v2,freeze_constraints,10,random_regular,100,4,630,276,4.425076199586036,113,276,0.40942028985507245,47,50
v2_freeze_constraints_s10,v2,freeze_constraints,10,random_regular,100,4,631,20,2.302585092984045,10,20,0.5,48,15
v2_freeze_constraints_s10,v2,freeze_constraints,10,random_regular,100,4,632,67,3.189454205571105,32,67,0.47761194029850745,70,15
v2_freeze_constraints_s10,v2,freeze_constraints,10,random_regular,100,4,633,2,0.6931471805579453,2,2,1.0,8,15
v2_freeze_constraints_s10,v2,freeze_constraints,10,random_regular,100,4,634,8,1.3862943611158909,4,8,0.5,83,13
v2_freeze_constraints_s10,v2,freeze_constraints,10,random_regular,100,4,635,12,1.0986122886651095,3,12,0.25,74,15
v2_freeze_constraints_s10,v2,freeze_constraints,10,random_regular,100,4,636,1,-1.000088900581841e-12,1,1,1.0,64,50
v2_freeze_constraints_s10,v2,freeze_constraints,10,random_regular,100,4,637,131,3.662040914211954,47,131,0.35877862595419846,48,15
v2_freeze_constraints_s10,v2,freeze_constraints,10,random_regular,100,4,638,6,0.6931471805579453,2,6,0.3333333333333333,17,13
v2_freeze_constraints_s10,v2,freeze_constraints,10,random_regular,100,4,639,4,1.0986122886651095,3,4,0.75,46,50
v2_freeze_constraints_s10,v2,freeze_constraints,10,random_regular,100,4,640,56,3.0149468801585937,23,56,0.4107142857142857,98,12
v2_freeze_constraints_s10,v2,freeze_constraints,10,random_regular,100,4,641,29,2.8903717578781647,18,29,0.6206896551724138,62,12
v2_freeze_constraints_s10,v2,freeze_constraints,10,random_regular,100,4,642,15,1.9459101490483133,7,15,0.4666666666666667,68,50
v2_freeze_constraints_s10,v2,freeze_constraints,10,random_regular,100,4,643,74,3.163424050399405,25,74,0.33783783783783783,23,50
v2_freeze_constraints_s10,v2,freeze_constraints,10,random_regular,100,4,644,34,2.1458417525857545,11,34,0.3235294117647059,29,15
v2_freeze_constraints_s10,v2,freeze_constraints,10,random_regular,100,4,645,278,4.426029930194137,124,278,0.4460431654676259,40,13
v2_freeze_constraints_s10,v2,freeze_constraints,10,random_regular,100,4,646,59,3.319492576126754,29,59,0.4915254237288136,21,15
v2_freeze_constraints_s10,v2,freeze_constraints,10,random_regular,100,4,647,79,3.1418041591892294,27,79,0.34177215189873417,3,50
v2_freeze_constraints_s10,v2,freeze_constraints,10,random_regular,100,4,648,33,2.5649493574485365,13,33,0.3939393939393939,17,30
v2_freeze_constraints_s10,v2,freeze_constraints,10,random_regular,100,4,649,54,3.233183484354926,28,54,0.5185185185185185,96,50
v2_freeze_constraints_s10,v2,freeze_constraints,10,random_regular,100,4,650,1,-1.000088900581841e-12,1,1,1.0,22,15
v2_freeze_constraints_s10,v2,freeze_constraints,10,random_regular,100,4,651,0,0.0,0,0,,13,13
v2_freeze_constraints_s10,v2,freeze_constraints,10,random_regular,100,4,652,71,3.1931483947852626,27,71,0.38028169014084506,46,15
v2_freeze_constraints_s10,v2,freeze_constraints,10,random_regular,100,4,653,142,3.701245691733744,52,142,0.36619718309859156,92,15
v2_freeze_constraints_s10,v2,freeze_constraints,10,random_regular,100,4,654,7,0.6931471805579453,2,7,0.2857142857142857,84,15
v2_freeze_constraints_s10,v2,freeze_constraints,10,random_regular,100,4,655,155,3.910406031730817,65,155,0.41935483870967744,41,30
v2_freeze_constraints_s10,v2,freeze_constraints,10,random_regular,100,4,656,44,2.4583113296710835,13,44,0.29545454545454547,16,15
v2_freeze_constraints_s10,v2,freeze_constraints,10,random_regular,100,4,657,0,0.0,0,0,,50,50
v2_freeze_constraints_s10,v2,freeze_constraints,10,random_regular,100,4,658,235,4.303377304251999,93,235,0.39574468085106385,91,50
v2_freeze_constraints_s10,v2,freeze_constraints,10,random_regular,100,4,659,102,3.690215907606963,50,102,0.49019607843137253,19,15
v2_freeze_constraints_s10,v2,freeze_constraints,10,random_regular,100,4,660,88,3.491660437469239,38,88,0.4318181818181818,91,50
v2_freeze_constraints_s10,v2,freeze_constraints,10,random_regular,100,4,661,4,-1.000088900581841e-12,1,4,0.25,86,15
v2_freeze_constraints_s10,v2,freeze_constraints,10,random_regular,100,4,662,68,3.0910424533363146,22,68,0.3235294117647059,53,50
v2_freeze_constraints_s10,v2,freeze_constraints,10,random_regular,100,4,663,118,3.54603493136754,46,118,0.3898305084745763,26,13
v2_freeze_constraints_s10,v2,freeze_constraints,10,random_regular,100,4,664,62,3.198916528694685,30,62,0.4838709677419355,85,12
v2_freeze_constraints_s10,v2,freeze_constraints,10,random_regular,100,4,665,154,3.766340985049246,57,154,0.37012987012987014,29,15
v2_freeze_constraints_s10,v2,freeze_constraints,10,random_regular,100,4,666,160,3.799644085157971,60,160,0.375,89,13
v2_freeze_constraints_s10,v2,freeze_constraints,10,random_regular,100,4,667,12,1.9459101490483133,7,12,0.5833333333333334,33,50
v2_freeze_constraints_s10,v2,freeze_constraints,10,random_regular,100,4,668,64,3.0752205480323718,23,64,0.359375,80,15
v2_freeze_constraints_s10,v2,freeze_constraints,10,random_regular,100,4,669,143,3.8979247046422008,52,143,0.36363636363636365,62,50
v2_freeze_constraints_s10,v2,freeze_constraints,10,random_regular,100,4,670,1,-1.000088900581841e-12,1,1,1.0,42,50
v2_freeze_constraints_s10,v2,freeze_constraints,10,random_regular,100,4,671,19,2.0253262207620675,10,19,0.5263157894736842,60,12
v2_freeze_constraints_s10,v2,freeze_constraints,10,random_regular,100,4,672,3,0.6931471805579453,2,3,0.6666666666666666,96,13
v2_freeze_constraints_s10,v2,freeze_constraints,10,random_regular,100,4,673,86,3.4365228305042805,35,86,0.4069767441860465,48,13
v2_freeze_constraints_s10,v2,freeze_constraints,10,random_regular,100,4,674,80,3.2285980368793616,33,80,0.4125,81,12
v2_freeze_constraints_s10,v2,freeze_constraints,10,random_regular,100,4,675,0,0.0,0,0,,15,15
v2_freeze_constraints_s10,v2,freeze_constraints,10,random_regular,100,4,676,53,3.044522437702424,21,53,0.39622641509433965,74,12
v2_freeze_constraints_s10,v2,freeze_constraints,10,random_regular,100,4,677,8,1.6094379124291005,5,8,0.625,86,12
v2_freeze_constraints_s10,v2,freeze_constraints,10,random_regular,100,4,678,35,2.630253356374264,18,35,0.5142857142857142,6,13
v2_freeze_constraints_s10,v2,freeze_constraints,10,random_regular,100,4,679,1,-1.000088900581841e-12,1,1,1.0,16,13
v2_freeze_constraints_s10,v2,freeze_constraints,10,random_regular,100,4,680,141,3.864928511849533,65,141,0.46099290780141844,53,15
v2_freeze_constraints_s10,v2,freeze_constraints,10,random_regular,100,4,681,19,1.791759469222055,6,19,0.3157894736842105,27,12
v2_freeze_constraints_s10,v2,freeze_constraints,10,random_regular,100,4,682,6,0.6931471805579453,2,6,0.3333333333333333,66,30
v2_freeze_constraints_s10,v2,freeze_constraints,10,random_regular,100,4,683,15,1.0986122886651095,3,15,0.2,61,50
v2_freeze_constraints_s10,v2,freeze_constraints,10,random_regular,100,4,684,80,3.1931483947852626,27,80,0.3375,85,50
v2_freeze_constraints_s10,v2,freeze_constraints,10,random_regular,100,4,685,27,2.5649493574485365,13,27,0.48148148148148145,57,13
v2_freeze_constraints_s10,v2,freeze_constraints,10,random_regular,100,4,686,37,2.772588722223781,16,37,0.43243243243243246,78,13
v2_freeze_constraints_s10,v2,freeze_constraints,10,random_regular,100,4,687,123,3.6063085992413177,46,123,0.37398373983739835,51,15
v2_freeze_constraints_s10,v2,freeze_constraints,10,random_regular,100,4,688,3,-1.000088900581841e-12,1,3,0.3333333333333333,22,15
v2_freeze_constraints_s10,v2,freeze_constraints,10,random_regular,100,4,689,5,-1.000088900581841e-12,1,5,0.2,28,12
v2_freeze_constraints_s10,v2,freeze_constraints,10,random_regular,100,4,690,36,2.871476118036867,19,36,0.5277777777777778,0,30
v2_freeze_constraints_s10,v2,freeze_constraints,10,random_regular,100,4,691,109,3.556923618315194,39,109,0.3577981651376147,85,13
v2_freeze_constraints_s10,v2,freeze_constraints,10,random_regular,100,4,692,93,3.6635616460906473,39,93,0.41935483870967744,40,13
v2_freeze_constraints_s10,v2,freeze_constraints,10,random_regular,100,4,693,32,2.61563057701355,15,32,0.46875,80,13
v2_freeze_constraints_s10,v2,freeze_constraints,10,random_regular,100,4,694,87,3.4156899625930324,42,87,0.4827586206896552,90,30
v2_freeze_constraints_s10,v2,freeze_constraints,10,random_regular,100,4,695,104,3.5359830822784195,37,104,0.3557692307692308,93,50
v2_freeze_constraints_s10,v2,freeze_constraints,10,random_regular,100,4,696,6,1.0986122886651095,3,6,0.5,48,12
v2_freeze_constraints_s10,v2,freeze_constraints,10,random_regular,100,4,697,42,2.540036303807981,14,42,0.3333333333333333,84,13
v2_freeze_constraints_s10,v2,freeze_constraints,10,random_regular,100,4,698,106,3.4388060781908205,43,106,0.4056603773584906,2,12
v2_freeze_constraints_s10,v2,freeze_constraints,10,random_regular,100,4,699,40,2.484906649776,12,40,0.3,77,13
v2_freeze_constraints_s10,v2,freeze_constraints,10,random_regular,100,4,700,4,1.3862943611158909,4,4,1.0,70,13
v2_freeze_constraints_s10,v2,freeze_constraints,10,random_regular,100,4,701,13,1.6094379124291005,5,13,0.38461538461538464,45,30
v2_freeze_constraints_s10,v2,freeze_constraints,10,random_regular,100,4,702,16,1.039720770836918,4,16,0.25,41,13
v2_freeze_constraints_s10,v2,freeze_constraints,10,random_regular,100,4,703,0,0.0,0,0,,12,12
v2_freeze_constraints_s10,v2,freeze_constraints,10,random_regular,100,4,704,39,2.871476118036867,19,39,0.48717948717948717,54,30
v2_freeze_constraints_s10,v2,freeze_constraints,10,random_regular,100,4,705,5,1.0986122886651095,3,5,0.6,84,50
v2_freeze_constraints_s10,v2,freeze_constraints,10,random_regular,100,4,706,84,3.120291565278284,24,84,0.2857142857142857,25,13
v2_freeze_constraints_s10,v2,freeze_constraints,10,random_regular,100,4,707,1,-1.000088900581841e-12,1,1,1.0,81,30
v2_freeze_constraints_s10,v2,freeze_constraints,10,random_regular,100,4,708,45,2.736339051089065,18,45,0.4,29,15
v2_freeze_constraints_s10,v2,freeze_constraints,10,random_regular,100,4,709,187,3.99843665258953,73,187,0.39037433155080214,89,30
v2_freeze_constraints_s10,v2,freeze_constraints,10,random_regular,100,4,710,79,3.1445801968134903,33,79,0.4177215189873418,97,15
v2_freeze_constraints_s10,v2,freeze_constraints,10,random_regular,100,4,711,0,0.0,0,0,,12,12
v2_freeze_constraints_s10,v2,freeze_constraints,10,random_regular,100,4,712,15,1.9459101490483133,7,15,0.4666666666666667,36,30
v2_freeze_constraints_s10,v2,freeze_constraints,10,random_regular,100,4,713,69,3.335770806415738,32,69,0.463768115942029,70,50
v2_freeze_constraints_s10,v2,freeze_constraints,10,random_regular,100,4,714,0,0.0,0,0,,12,12
v2_freeze_constraints_s10,v2,freeze_constraints,10,random_regular,100,4,715,55,2.926417555478996,20,55,0.36363636363636365,93,15
v2_freeze_constraints_s10,v2,freeze_constraints,10,random_regular,100,4,716,198,4.148382868192561,81,198,0.4090909090909091,97,13
v2_freeze_constraints_s10,v2,freeze_constraints,10,random_regular,100,4,717,106,3.4677905347949016,45,106,0.42452830188679247,43,50
v2_freeze_constraints_s10,v2,freeze_constraints,10,random_regular,100,4,718,100,3.5783238363141483,41,100,0.41,21,15
v2_freeze_constraints_s10,v2,freeze_constraints,10,random_regular,100,4,719,136,3.893131622084399,58,136,0.4264705882352941,53,12
v2_freeze_constraints_s10,v2,freeze_constraints,10,random_regular,100,4,720,29,1.8891591637470213,9,29,0.3103448275862069,92,50
v2_freeze_constraints_s10,v2,freeze_constraints,10,random_regular,100,4,721,15,1.9459101490483133,7,15,0.4666666666666667,53,12
v2_freeze_constraints_s10,v2,freeze_constraints,10,random_regular,100,4,722,6,1.0986122886651095,3,6,0.5,64,13
v2_freeze_constraints_s10,v2,freeze_constraints,10,random_regular,100,4,723,442,4.796247347252362,180,442,0.4072398190045249,79,30
v2_freeze_constraints_s10,v2,freeze_constraints,10,random_regular,100,4,724,81,3.184783964804171,34,81,0.41975308641975306,49,12
v2_freeze_constraints_s10,v2,freeze_constraints,10,random_regular,100,4,725,27,2.484906649776,12,27,0.4444444444444444,47,12
v2_freeze_constraints_s10,v2,freeze_constraints,10,random_regular,100,4,726,21,2.197224577327219,9,21,0.42857142857142855,33,12
v2_freeze_constraints_s10,v2,freeze_constraints,10,random_regular,100,4,727,32,2.3978952727873706,11,32,0.34375,48,50
v2_freeze_constraints_s10,v2,freeze_constraints,10,random_regular,100,4,728,67,3.335770806415738,32,67,0.47761194029850745,98,50
v2_freeze_constraints_s10,v2,freeze_constraints,10,random_regular,100,4,729,1,-1.000088900581841e-12,1,1,1.0,86,15
v2_freeze_constraints_s10,v2,freeze_constraints,10,random_regular,100,4,730,55,3.0752205480323718,23,55,0.41818181818181815,10,12
v2_freeze_constraints_s10,v2,freeze_constraints,10,random_regular,100,4,731,68,3.379092505199735,32,68,0.47058823529411764,37,50
v2_freeze_constraints_s10,v2,freeze_constraints,10,random_regular,100,4,732,194,4.011863860428283,79,194,0.4072164948453608,60,12
v2_freeze_constraints_s10,v2,freeze_constraints,10,random_regular,100,4,733,20,2.5649493574485365,13,20,0.65,53,13
v2_freeze_constraints_s10,v2,freeze_constraints,10,random_regular,100,4,734,202,4.1914111599508965,80,202,0.39603960396039606,75,30
v2_freeze_constraints_s10,v2,freeze_constraints,10,random_regular,100,4,735,5,1.3862943611158909,4,5,0.8,75,15
v2_freeze_constraints_s10,v2,freeze_constraints,10,random_regular,100,4,736,193,4.090923388869773,74,193,0.38341968911917096,32,30
v2_freeze_constraints_s10,v2,freeze_constraints,10,random_regular,100,4,737,32,2.5126585295168016,16,32,0.5,62,30
v2_freeze_constraints_s10,v2,freeze_constraints,10,random_regular,100,4,738,7,1.0986122886651095,3,7,0.42857142857142855,27,13
v2_freeze_constraints_s10,v2,freeze_constraints,10,random_regular,100,4,739,118,3.704107926157332,51,118,0.4322033898305085,45,30
v2_freeze_constraints_s10,v2,freeze_constraints,10,random_regular,100,4,740,32,2.639057329601259,14,32,0.4375,82,30
v2_freeze_constraints_s10,v2,freeze_constraints,10,random_regular,100,4,741,39,2.5232109529398907,15,39,0.38461538461538464,46,13
v2_freeze_constraints_s10,v2,freeze_constraints,10,random_regular,100,4,742,16,2.484906649776,12,16,0.75,91,15
v2_freeze_constraints_s10,v2,freeze_constraints,10,random_regular,100,4,743,31,2.813355404483615,18,31,0.5806451612903226,4,15
v2_freeze_constraints_s10,v2,freeze_constraints,10,random_regular,100,4,744,127,3.8248350726918394,59,127,0.4645669291338583,99,50
v2_freeze_constraints_s10,v2,freeze_constraints,10,random_regular,100,4,745,23,1.9459101490483133,7,23,0.30434782608695654,10,12
v2_freeze_constraints_s10,v2,freeze_constraints,10,random_regular,100,4,746,68,3.10797227595561,25,68,0.36764705882352944,24,13
v2_freeze_constraints_s10,v2,freeze_constraints,10,random_regular,100,4,747,61,3.151458510219029,26,61,0.4262295081967213,17,30
v2_freeze_constraints_s10,v2,freeze_constraints,10,random_regular,100,4,748,18,1.9459101490483133,7,18,0.3888888888888889,95,50
v2_freeze_constraints_s10,v2,freeze_constraints,10,random_regular,100,4,749,10,1.6094379124291005,5,10,0.5,57,12
v2_freeze_constraints_s10,v2,freeze_constraints,10,random_regular,100,4,750,6,1.3862943611158909,4,6,0.6666666666666666,70,13
v2_freeze_constraints_s10,v2,freeze_constraints,10,random_regular,100,4,751,59,2.917432973271215,28,59,0.4745762711864407,82,12
v2_freeze_constraints_s10,v2,freeze_constraints,10,random_regular,100,4,752,126,3.625917449064705,55,126,0.4365079365079365,17,30
v2_freeze_constraints_s10,v2,freeze_constraints,10,random_regular,100,4,753,59,2.902002313186603,22,59,0.3728813559322034,68,15
v2_freeze_constraints_s10,v2,freeze_constraints,10,random_regular,100,4,754,0,0.0,0,0,,15,15
v2_freeze_constraints_s10,v2,freeze_constraints,10,random_regular,100,4,755,119,3.824162684451831,57,119,0.4789915966386555,27,12
v2_freeze_constraints_s10,v2,freeze_constraints,10,random_regular,100,4,756,0,0.0,0,0,,50,50
v2_freeze_constraints_s10,v2,freeze_constraints,10,random_regular,100,4,757,88,3.2631392422727337,35,88,0.3977272727272727,4,30
v2_freeze_constraints_s10,v2,freeze_constraints,10,random_regular,100,4,758,175,3.99998664851144,76,175,0.4342857142857143,27,12
v2_freeze_constraints_s10,v2,freeze_constraints,10,random_regular,100,4,759,34,2.670119889791816,17,34,0.5,53,12
v2_freeze_constraints_s10,v2,freeze_constraints,10,random_regular,100,4,760,23,2.079441541671836,8,23,0.34782608695652173,78,15
v2_freeze_constraints_s10,v2,freeze_constraints,10,random_regular,100,4,761,41,2.7080502010872096,15,41,0.36585365853658536,24,12
v2_freeze_constraints_s10,v2,freeze_constraints,10,random_regular,100,4,762,56,3.062529300232621,24,56,0.42857142857142855,6,15
v2_freeze_constraints_s10,v2,freeze_constraints,10,random_regular,100,4,763,120,3.8133529292274,53,120,0.44166666666666665,80,12
v2_freeze_constraints_s10,v2,freeze_constraints,10,random_regular,100,4,764,100,3.3436475627642865,39,100,0.39,80,12
v2_freeze_constraints_s10,v2,freeze_constraints,10,random_regular,100,4,765,91,3.322493706775413,34,91,0.37362637362637363,87,50
v2_freeze_constraints_s10,v2,freeze_constraints,10,random_regular,100,4,766,118,3.4445350617397,45,118,0.3813559322033898,32,15
v2_freeze_constraints_s10,v2,freeze_constraints,10,random_regular,100,4,767,110,3.676112209735715,48,110,0.43636363636363634,74,30
v2_freeze_constraints_s10,v2,freeze_constraints,10,random_regular,100,4,768,291,4.4092370470166,114,291,0.3917525773195876,45,50
v2_freeze_constraints_s10,v2,freeze_constraints,10,random_regular,100,4,769,1,-1.000088900581841e-12,1,1,1.0,26,12
v2_freeze_constraints_s10,v2,freeze_constraints,10,random_regular,100,4,770,43,3.0752205480323718,23,43,0.5348837209302325,53,50
v2_freeze_constraints_s10,v2,freeze_constraints,10,random_regular,100,4,771,247,4.263796773570228,97,247,0.39271255060728744,29,50
v2_freeze_constraints_s10,v2,freeze_constraints,10,random_regular,100,4,772,80,3.2625679455231658,30,80,0.375,31,15
v2_freeze_constraints_s10,v2,freeze_constraints,10,random_regular,100,4,773,74,3.389268031515795,31,74,0.4189189189189189,1,30
v2_freeze_constraints_s10,v2,freeze_constraints,10,random_regular,100,4,774,46,2.7738522086624826,23,46,0.5,29,30
v2_freeze_constraints_s10,v2,freeze_constraints,10,random_regular,100,4,775,0,0.0,0,0,,50,50
v2_freeze_constraints_s10,v2,freeze_constraints,10,random_regular,100,4,776,46,2.751666616915516,17,46,0.3695652173913043,0,30
v2_freeze_constraints_s10,v2,freeze_constraints,10,random_regular,100,4,777,194,4.210923061506186,90,194,0.4639175257731959,17,15
v2_freeze_constraints_s10,v2,freeze_constraints,10,random_regular,100,4,778,22,2.1639556568730565,10,22,0.45454545454545453,53,12
v2_freeze_constraints_s10,v2,freeze_constraints,10,random_regular,100,4,779,80,3.08004713765188,35,80,0.4375,18,12
v2_freeze_constraints_s10,v2,freeze_constraints,10,random_regular,100,4,780,12,1.791759469222055,6,12,0.5,87,30
v2_freeze_constraints_s10,v2,freeze_constraints,10,random_regular,100,4,781,0,0.0,0,0,,12,12
v2_freeze_constraints_s10,v2,freeze_constraints,10,random_regular,100,4,782,28,2.639057329601259,14,28,0.5,24,15
v2_freeze_constraints_s10,v2,freeze_constraints,10,random_regular,100,4,783,138,4.060055625577064,62,138,0.4492753623188406,99,15
v2_freeze_constraints_s10,v2,freeze_constraints,10,random_regular,100,4,784,8,0.6931471805579453,2,8,0.25,49,12
v2_freeze_constraints_s10,v2,freeze_constraints,10,random_regular,100,4,785,5,-1.000088900581841e-12,1,5,0.2,52,12
v2_freeze_constraints_s10,v2,freeze_constraints,10,random_regular,100,4,786,55,3.1836729714587872,28,55,0.509090909090909,42,50
v2_freeze_constraints_s10,v2,freeze_constraints,10,random_regular,100,4,787,176,4.10495991289071,76,176,0.4318181818181818,11,30
v2_freeze_constraints_s10,v2,freeze_constraints,10,random_regular,100,4,788,57,2.8152049266019468,22,57,0.38596491228070173,53,12
v2_freeze_constraints_s10,v2,freeze_constraints,10,random_regular,100,4,789,54,2.6895357734519942,21,54,0.3888888888888889,79,50
v2_freeze_constraints_s10,v2,freeze_constraints,10,random_regular,100,4,790,77,3.098139496330803,26,77,0.33766233766233766,68,13
v2_freeze_constraints_s10,v2,freeze_constraints,10,random_regular,100,4,791,0,0.0,0,0,,50,50
v2_freeze_constraints_s10,v2,freeze_constraints,10,random_regular,100,4,792,51,2.912494403312053,21,51,0.4117647058823529,81,30
v2_freeze_constraints_s10,v2,freeze_constraints,10,random_regular,100,4,793,1,-1.000088900581841e-12,1,1,1.0,11,50
v2_freeze_constraints_s10,v2,freeze_constraints,10,random_regular,100,4,794,16,2.0253262207620675,10,16,0.625,71,15
v2_freeze_constraints_s10,v2,freeze_constraints,10,random_regular,100,4,795,174,4.011106691942162,63,174,0.3620689655172414,91,30
v2_freeze_constraints_s10,v2,freeze_constraints,10,random_regular,100,4,796,23,1.8711604142248064,14,23,0.6086956521739131,96,13
v2_freeze_constraints_s10,v2,freeze_constraints,10,random_regular,100,4,797,28,2.3978952727873706,11,28,0.39285714285714285,0,13
v2_freeze_constraints_s10,v2,freeze_constraints,10,random_regular,100,4,798,33,2.430791328866232,15,33,0.45454545454545453,49,50
v2_freeze_constraints_s10,v2,freeze_constraints,10,random_regular,100,4,799,28,2.7080502010872096,15,28,0.5357142857142857,52,50
v2_freeze_constraints_s10,v2,freeze_constraints,10,random_regular,100,4,800,39,2.5520852976069657,19,39,0.48717948717948717,80,13
v2_freeze_constraints_s10,v2,freeze_constraints,10,random_regular,100,4,801,113,3.662040914211954,47,113,0.415929203539823,29,15
v2_freeze_constraints_s10,v2,freeze_constraints,10,random_regular,100,4,802,35,2.639057329601259,14,35,0.4,94,12
v2_freeze_constraints_s10,v2,freeze_constraints,10,random_regular,100,4,803,127,3.5714886826414856,48,127,0.3779527559055118,31,12
v2_freeze_constraints_s10,v2,freeze_constraints,10,random_regular,100,4,804,95,3.5677636931747174,43,95,0.45263157894736844,83,12
v2_freeze_constraints_s10,v2,freeze_constraints,10,random_regular,100,4,805,159,3.753062821404452,65,159,0.4088050314465409,46,12
v2_freeze_constraints_s10,v2,freeze_constraints,10,random_regular,100,4,806,15,1.791759469222055,6,15,0.4,61,50
v2_freeze_constraints_s10,v2,freeze_constraints,10,random_regular,100,4,807,282,4.377212091916195,108,282,0.3829787234042553,67,30
v2_freeze_constraints_s10,v2,freeze_constraints,10,random_regular,100,4,808,90,3.5281418680240257,38,90,0.4222222222222222,57,50
v2_freeze_constraints_s10,v2,freeze_constraints,10,random_regular,100,4,809,3,-1.000088900581841e-12,1,3,0.3333333333333333,42,50
v2_freeze_constraints_s10,v2,freeze_constraints,10,random_regular,100,4,810,121,3.7545647056209694,52,121,0.4297520661157025,22,50
v2_freeze_constraints_s10,v2,freeze_constraints,10,random_regular,100,4,811,113,3.396501398528782,41,113,0.36283185840707965,6,13
v2_freeze_constraints_s10,v2,freeze_constraints,10,random_regular,100,4,812,4,1.3862943611158909,4,4,1.0,3,30
v2_freeze_constraints_s10,v2,freeze_constraints,10,random_regular,100,4,813,27,2.484906649776,12,27,0.4444444444444444,44,13
v2_freeze_constraints_s10,v2,freeze_constraints,10,random_regular,100,4,814,14,2.0431918705371204,9,14,0.6428571428571429,86,15
v2_freeze_constraints_s10,v2,freeze_constraints,10,random_regular,100,4,815,5,-1.000088900581841e-12,1,5,0.2,58,15
v2_freeze_constraints_s10,v2,freeze_constraints,10,random_regular,100,4,816,17,1.791759469222055,6,17,0.35294117647058826,36,15
v2_freeze_constraints_s10,v2,freeze_constraints,10,random_regular,100,4,817,3,-1.000088900581841e-12,1,3,0.3333333333333333,32,15
v2_freeze_constraints_s10,v2,freeze_constraints,10,random_regular,100,4,818,5,1.0986122886651095,3,5,0.6,4,50
v2_freeze_constraints_s10,v2,freeze_constraints,10,random_regular,100,4,819,70,3.312615876945234,33,70,0.4714285714285714,10,15
v2_freeze_constraints_s10,v2,freeze_constraints,10,random_regular,100,4,820,129,3.7610399344701575,53,129,0.4108527131782946,45,50
v2_freeze_constraints_s10,v2,freeze_constraints,10,random_regular,100,4,821,14,2.197224577327219,9,14,0.6428571428571429,78,13
v2_freeze_constraints_s10,v2,freeze_constraints,10,random_regular,100,4,822,31,2.441015278014703,14,31,0.45161290322580644,40,15
v2_freeze_constraints_s10,v2,freeze_constraints,10,random_regular,100,4,823,17,1.791759469222055,6,17,0.35294117647058826,53,30
v2_freeze_constraints_s10,v2,freeze_constraints,10,random_regular,100,4,824,22,1.846220219314633,11,22,0.5,32,30
v2_freeze_constraints_s10,v2,freeze_constraints,10,random_regular,100,4,825,27,1.9459101490483133,7,27,0.25925925925925924,3,12
v2_freeze_constraints_s10,v2,freeze_constraints,10,random_regular,100,4,826,68,3.176082814634593,29,68,0.4264705882352941,64,30
v2_freeze_constraints_s10,v2,freeze_constraints,10,random_regular,100,4,827,19,2.079441541671836,8,19,0.42105263157894735,63,15
v2_freeze_constraints_s10,v2,freeze_constraints,10,random_regular,100,4,828,7,1.3321790402061222,5,7,0.7142857142857143,99,30
v2_freeze_constraints_s10,v2,freeze_constraints,10,random_regular,100,4,829,21,1.9061547465328492,8,21,0.38095238095238093,35,50
v2_freeze_constraints_s10,v2,freeze_constraints,10,random_regular,100,4,830,0,0.0,0,0,,12,12
v2_freeze_constraints_s10,v2,freeze_constraints,10,random_regular,100,4,831,35,2.9957322735339904,20,35,0.5714285714285714,79,12
v2_freeze_constraints_s10,v2,freeze_constraints,10,random_regular,100,4,832,129,3.89182242136326,53,129,0.4108527131782946,4,13
v2_freeze_constraints_s10,v2,freeze_constraints,10,random_regular,100,4,833,0,0.0,0,0,,13,13
v2_freeze_constraints_s10,v2,freeze_constraints,10,random_regular,100,4,834,77,3.1737688339050942,27,77,0.35064935064935066,93,12
v2_freeze_constraints_s10,v2,freeze_constraints,10,random_regular,100,4,835,10,1.7478680974607577,7,10,0.7,99,30
v2_freeze_constraints_s10,v2,freeze_constraints,10,random_regular,100,4,836,0,0.0,0,0,,12,12
v2_freeze_constraints_s10,v2,freeze_constraints,10,random_regular,100,4,837,5,0.6931471805579453,2,5,0.4,65,12
v2_freeze_constraints_s10,v2,freeze_constraints,10,random_regular,100,4,838,24,2.302585092984045,10,24,0.4166666666666667,62,50
v2_freeze_constraints_s10,v2,freeze_constraints,10,random_regular,100,4,839,170,3.816722917331467,66,170,0.38823529411764707,54,50
v2_freeze_constraints_s10,v2,freeze_constraints,10,random_regular,100,4,840,32,2.1458417525857545,11,32,0.34375,60,50
v2_freeze_constraints_s10,v2,freeze_constraints,10,random_regular,100,4,841,35,2.3516733018936304,13,35,0.37142857142857144,46,30
v2_freeze_constraints_s10,v2,freeze_constraints,10,random_regular,100,4,842,0,0.0,0,0,,30,30
v2_freeze_constraints_s10,v2,freeze_constraints,10,random_regular,100,4,843,39,2.772588722223781,16,39,0.41025641025641024,8,13
v2_freeze_constraints_s10,v2,freeze_constraints,10,random_regular,100,4,844,41,2.813355404483615,18,41,0.43902439024390244,63,15
v2_freeze_constraints_s10,v2,freeze_constraints,10,random_regular,100,4,845,24,2.369382119683676,12,24,0.5,14,50
v2_freeze_constraints_s10,v2,freeze_constraints,10,random_regular,100,4,846,55,2.7985132569262934,19,55,0.34545454545454546,6,15
v2_freeze_constraints_s10,v2,freeze_constraints,10,random_regular,100,4,847,32,2.441015278014703,14,32,0.4375,65,13
v2_freeze_constraints_s10,v2,freeze_constraints,10,random_regular,100,4,848,15,1.9061547465328492,8,15,0.5333333333333333,33,50
v2_freeze_constraints_s10,v2,freeze_constraints,10,random_regular,100,4,849,12,1.3862943611158909,4,12,0.3333333333333333,43,13
v2_freeze_constraints_s10,v2,freeze_constraints,10,random_regular,100,4,850,1,-1.000088900581841e-12,1,1,1.0,11,50
v2_freeze_constraints_s10,v2,freeze_constraints,10,random_regular,100,4,851,66,2.79365678398683,29,66,0.4393939393939394,59,15
v2_freeze_constraints_s10,v2,freeze_constraints,10,random_regular,100,4,852,27,2.484906649776,12,27,0.4444444444444444,61,12
v2_freeze_constraints_s10,v2,freeze_constraints,10,random_regular,100,4,853,82,3.671655601047183,42,82,0.5121951219512195,51,12
v2_freeze_constraints_s10,v2,freeze_constraints,10,random_regular,100,4,854,170,3.9990813853088634,64,170,0.3764705882352941,45,12
v2_freeze_constraints_s10,v2,freeze_constraints,10,random_regular,100,4,855,16,1.3862943611158909,4,16,0.25,1,15
v2_freeze_constraints_s10,v2,freeze_constraints,10,random_regular,100,4,856,126,3.629250947686148,48,126,0.38095238095238093,43,13
v2_freeze_constraints_s10,v2,freeze_constraints,10,random_regular,100,4,857,27,2.5649493574485365,13,27,0.48148148148148145,55,12
v2_freeze_constraints_s10,v2,freeze_constraints,10,random_regular,100,4,858,0,0.0,0,0,,30,30
v2_freeze_constraints_s10,v2,freeze_constraints,10,random_regular,100,4,859,31,2.61563057701355,15,31,0.4838709677419355,78,13
v2_freeze_constraints_s10,v2,freeze_constraints,10,random_regular,100,4,860,59,3.044522437702424,21,59,0.3559322033898305,54,30
v2_freeze_constraints_s10,v2,freeze_constraints,10,random_regular,100,4,861,37,2.5232109529398907,15,37,0.40540540540540543,29,50
v2_freeze_constraints_s10,v2,freeze_constraints,10,random_regular,100,4,862,95,3.275453524845912,36,95,0.37894736842105264,27,13
v2_freeze_constraints_s10,v2,freeze_constraints,10,random_regular,100,4,863,1,-1.000088900581841e-12,1,1,1.0,46,12
v2_freeze_constraints_s10,v2,freeze_constraints,10,random_regular,100,4,864,32,2.751666616915516,17,32,0.53125,31,15
v2_freeze_constraints_s10,v2,freeze_constraints,10,random_regular,100,4,865,40,2.5649493574485365,13,40,0.325,28,13
v2_freeze_constraints_s10,v2,freeze_constraints,10,random_regular,100,4,866,74,2.638283781917604,30,74,0.40540540540540543,94,15
v2_freeze_constraints_s10,v2,freeze_constraints,10,random_regular,100,4,867,38,2.341994252221425,14,38,0.3684210526315789,33,12
v2_freeze_constraints_s10,v2,freeze_constraints,10,random_regular,100,4,868,24,2.751666616915516,17,24,0.7083333333333334,88,50
v2_freeze_constraints_s10,v2,freeze_constraints,10,random_regular,100,4,869,31,2.21106887113461,15,31,0.4838709677419355,53,13
v2_freeze_constraints_s10,v2,freeze_constraints,10,random_regular,100,4,870,86,3.4641255137043623,41,86,0.47674418604651164,11,13
v2_freeze_constraints_s10,v2,freeze_constraints,10,random_regular,100,4,871,258,4.491029704737501,112,258,0.43410852713178294,16,30
v2_freeze_constraints_s10,v2,freeze_constraints,10,random_regular,100,4,872,112,3.5346599717214846,46,112,0.4107142857142857,74,12
v2_freeze_constraints_s10,v2,freeze_constraints,10,random_regular,100,4,873,289,4.477549498178713,119,289,0.4117647058823529,67,12
v2_freeze_constraints_s10,v2,freeze_constraints,10,random_regular,100,4,874,38,2.302585092984045,10,38,0.2631578947368421,60,30
v2_freeze_constraints_s10,v2,freeze_constraints,10,random_regular,100,4,875,124,3.708726939712917,53,124,0.4274193548387097,91,15
v2_freeze_constraints_s10,v2,freeze_constraints,10,random_regular,100,4,876,119,3.6089030815165466,49,119,0.4117647058823529,53,12
v2_freeze_constraints_s10,v2,freeze_constraints,10,random_regular,100,4,877,11,1.3862943611158909,4,11,0.36363636363636365,25,15
v2_freeze_constraints_s10,v2,freeze_constraints,10,random_regular,100,4,878,28,2.639057329601259,14,28,0.5,61,13
v2_freeze_constraints_s10,v2,freeze_constraints,10,random_regular,100,4,879,111,3.544511778726858,41,111,0.36936936936936937,86,15
v2_freeze_constraints_s10,v2,freeze_constraints,10,random_regular,100,4,880,114,3.5875467249519843,46,114,0.40350877192982454,46,30
v2_freeze_constraints_s10,v2,freeze_constraints,10,random_regular,100,4,881,19,2.1383330594990277,12,19,0.631578947368421,60,30
v2_freeze_constraints_s10,v2,freeze_constraints,10,random_regular,100,4,882,152,3.8977607920910886,61,152,0.40131578947368424,94,13
v2_freeze_constraints_s10,v2,freeze_constraints,10,random_regular,100,4,883,314,4.369217062160443,122,314,0.3885350318471338,92,15
v2_freeze_constraints_s10,v2,freeze_constraints,10,random_regular,100,4,884,238,4.196216229624219,95,238,0.39915966386554624,34,13
v2_freeze_constraints_s10,v2,freeze_constraints,10,random_regular,100,4,885,1,-1.000088900581841e-12,1,1,1.0,81,30
v2_freeze_constraints_s10,v2,freeze_constraints,10,random_regular,100,4,886,60,2.9785084205072385,21,60,0.35,85,15
v2_freeze_constraints_s10,v2,freeze_constraints,10,random_regular,100,4,887,78,3.45345973766966,36,78,0.46153846153846156,38,12
v2_freeze_constraints_s10,v2,freeze_constraints,10,random_regular,100,4,888,81,3.244492630381296,27,81,0.3333333333333333,57,50
v2_freeze_constraints_s10,v2,freeze_constraints,10,random_regular,100,4,889,45,2.685945324654788,16,45,0.35555555555555557,4,13
v2_freeze_constraints_s10,v2,freeze_constraints,10,random_regular,100,4,890,72,3.204777524107256,26,72,0.3611111111111111,40,15
v2_freeze_constraints_s10,v2,freeze_constraints,10,random_regular,100,4,891,22,1.9459101490483133,7,22,0.3181818181818182,61,12
v2_freeze_constraints_s10,v2,freeze_constraints,10,random_regular,100,4,892,35,2.639057329601259,14,35,0.4,70,30
v2_freeze_constraints_s10,v2,freeze_constraints,10,random_regular,100,4,893,43,2.8332133440392155,17,43,0.3953488372093023,90,30
v2_freeze_constraints_s10,v2,freeze_constraints,10,random_regular,100,4,894,27,2.7080502010872096,15,27,0.5555555555555556,34,50
v2_freeze_constraints_s10,v2,freeze_constraints,10,random_regular,100,4,895,4,0.6931471805579453,2,4,0.5,49,15
v2_freeze_constraints_s10,v2,freeze_constraints,10,random_regular,100,4,896,70,2.9650156932365066,22,70,0.3142857142857143,46,15
v2_freeze_constraints_s10,v2,freeze_constraints,10,random_regular,100,4,897,116,3.8349513397251753,54,116,0.46551724137931033,41,12
v2_freeze_constraints_s10,v2,freeze_constraints,10,random_regular,100,4,898,34,2.302585092984045,10,34,0.29411764705882354,87,15
v2_freeze_constraints_s10,v2,freeze_constraints,10,random_regular,100,4,899,60,3.2103913397623893,31,60,0.5166666666666667,70,30
v2_freeze_constraints_s10,v2,freeze_constraints,10,random_regular,100,4,900,73,3.370480801334671,33,73,0.4520547945205479,40,30
v2_freeze_constraints_s10,v2,freeze_constraints,10,random_regular,100,4,901,27,2.1639556568730565,10,27,0.37037037037037035,32,12
v2_freeze_constraints_s10,v2,freeze_constraints,10,random_regular,100,4,902,51,3.0047670351869598,24,51,0.47058823529411764,36,15
v2_freeze_constraints_s10,v2,freeze_constraints,10,random_regular,100,4,903,25,1.6094379124291005,5,25,0.2,22,15
v2_freeze_constraints_s10,v2,freeze_constraints,10,random_regular,100,4,904,27,2.369382119683676,12,27,0.4444444444444444,99,50
v2_freeze_constraints_s10,v2,freeze_constraints,10,random_regular,100,4,905,50,2.7184734013140126,20,50,0.4,42,12
v2_freeze_constraints_s10,v2,freeze_constraints,10,random_regular,100,4,906,74,3.0752205480323718,23,74,0.3108108108108108,25,13
v2_freeze_constraints_s10,v2,freeze_constraints,10,random_regular,100,4,907,0,0.0,0,0,,50,50
v2_freeze_constraints_s10,v2,freeze_constraints,10,random_regular,100,4,908,147,3.9845373799812855,62,147,0.4217687074829932,79,50
v2_freeze_constraints_s10,v2,freeze_constraints,10,random_regular,100,4,909,8,0.6931471805579453,2,8,0.25,59,12
v2_freeze_constraints_s10,v2,freeze_constraints,10,random_regular,100,4,910,10,1.9459101490483133,7,10,0.7,76,12
v2_freeze_constraints_s10,v2,freeze_constraints,10,random_regular,100,4,911,37,2.484906649776,12,37,0.32432432432432434,25,30
v2_freeze_constraints_s10,v2,freeze_constraints,10,random_regular,100,4,912,8,1.3862943611158909,4,8,0.5,7,15
v2_freeze_constraints_s10,v2,freeze_constraints,10,random_regular,100,4,913,136,3.520805544128965,48,136,0.35294117647058826,44,50
v2_freeze_constraints_s10,v2,freeze_constraints,10,random_regular,100,4,914,11,1.0986122886651095,3,11,0.2727272727272727,1,12
v2_freeze_constraints_s10,v2,freeze_constraints,10,random_regular,100,4,915,297,4.437285897805594,126,297,0.42424242424242425,41,12
v2_freeze_constraints_s10,v2,freeze_constraints,10,random_regular,100,4,916,7,0.6931471805579453,2,7,0.2857142857142857,27,50
v2_freeze_constraints_s10,v2,freeze_constraints,10,random_regular,100,4,917,26,2.1458417525857545,11,26,0.4230769230769231,36,30
v2_freeze_constraints_s10,v2,freeze_constraints,10,random_regular,100,4,918,1,-1.000088900581841e-12,1,1,1.0,7,30
v2_freeze_constraints_s10,v2,freeze_constraints,10,random_regular,100,4,919,27,2.2718685126865625,11,27,0.4074074074074074,6,30
v2_freeze_constraints_s10,v2,freeze_constraints,10,random_regular,100,4,920,34,2.5649493574485365,13,34,0.38235294117647056,94,50
v2_freeze_constraints_s10,v2,freeze_constraints,10,random_regular,100,4,921,131,3.837073867833499,55,131,0.4198473282442748,66,12
v2_freeze_constraints_s10,v2,freeze_constraints,10,random_regular,100,4,922,10,1.6094379124291005,5,10,0.5,76,15
v2_freeze_constraints_s10,v2,freeze_constraints,10,random_regular,100,4,923,39,2.3516733018936304,13,39,0.3333333333333333,94,30
v2_freeze_constraints_s10,v2,freeze_constraints,10,random_regular,100,4,924,69,2.912494403312053,21,69,0.30434782608695654,82,13
v2_freeze_constraints_s10,v2,freeze_constraints,10,random_regular,100,4,925,68,3.3549875695958247,30,68,0.4411764705882353,7,15
v2_freeze_constraints_s10,v2,freeze_constraints,10,random_regular,100,4,926,0,0.0,0,0,,12,12
v2_freeze_constraints_s10,v2,freeze_constraints,10,random_regular,100,4,927,209,3.9876924363188215,79,209,0.37799043062200954,7,15
v2_freeze_constraints_s10,v2,freeze_constraints,10,random_regular,100,4,928,7,1.3862943611158909,4,7,0.5714285714285714,92,13
v2_freeze_constraints_s10,v2,freeze_constraints,10,random_regular,100,4,929,64,2.8903717578781647,18,64,0.28125,52,12
v2_freeze_constraints_s10,v2,freeze_constraints,10,random_regular,100,4,930,32,2.253857589591352,12,32,0.375,49,15
v2_freeze_constraints_s10,v2,freeze_constraints,10,random_regular,100,4,931,30,2.4583113296710835,13,30,0.43333333333333335,70,15
v2_freeze_constraints_s10,v2,freeze_constraints,10,random_regular,100,4,932,8,-1.000088900581841e-12,1,8,0.125,37,13
v2_freeze_constraints_s10,v2,freeze_constraints,10,random_regular,100,4,933,248,4.108924989770285,89,248,0.3588709677419355,38,50
v2_freeze_constraints_s10,v2,freeze_constraints,10,random_regular,100,4,934,37,2.685945324654788,16,37,0.43243243243243246,47,50
v2_freeze_constraints_s10,v2,freeze_constraints,10,random_regular,100,4,935,1,-1.000088900581841e-12,1,1,1.0,73,13
v2_freeze_constraints_s10,v2,freeze_constraints,10,random_regular,100,4,936,84,3.3345041647330413,37,84,0.44047619047619047,91,12
v2_freeze_constraints_s10,v2,freeze_constraints,10,random_regular,100,4,937,34,2.685945324654788,16,34,0.47058823529411764,45,30
v2_freeze_constraints_s10,v2,freeze_constraints,10,random_regular,100,4,938,37,2.2718685126865625,11,37,0.2972972972972973,88,50
v2_freeze_constraints_s10,v2,freeze_constraints,10,random_regular,100,4,939,3,0.6931471805579453,2,3,0.6666666666666666,1,15
v2_freeze_constraints_s10,v2,freeze_constraints,10,random_regular,100,4,940,16,1.9061547465328492,8,16,0.5,91,15
v2_freeze_constraints_s10,v2,freeze_constraints,10,random_regular,100,4,941,10,1.9459101490483133,7,10,0.7,88,12
v2_freeze_constraints_s10,v2,freeze_constraints,10,random_regular,100,4,942,66,2.98296502919677,24,66,0.36363636363636365,88,13
v2_freeze_constraints_s10,v2,freeze_constraints,10,random_regular,100,4,943,54,3.3549875695958247,30,54,0.5555555555555556,23,50
v2_freeze_constraints_s10,v2,freeze_constraints,10,random_regular,100,4,944,61,3.0047670351869598,24,61,0.39344262295081966,60,13
v2_freeze_constraints_s10,v2,freeze_constraints,10,random_regular,100,4,945,11,1.3862943611158909,4,11,0.36363636363636365,67,13
v2_freeze_constraints_s10,v2,freeze_constraints,10,random_regular,100,4,946,248,4.293516995684761,96,248,0.3870967741935484,68,13
v2_freeze_constraints_s10,v2,freeze_constraints,10,random_regular,100,4,947,1,-1.000088900581841e-12,1,1,1.0,86,13
v2_freeze_constraints_s10,v2,freeze_constraints,10,random_regular,100,4,948,5,1.0986122886651095,3,5,0.6,22,15
v2_freeze_constraints_s10,v2,freeze_constraints,10,random_regular,100,4,949,12,1.791759469222055,6,12,0.5,49,15
v2_freeze_constraints_s10,v2,freeze_constraints,10,random_regular,100,4,950,40,2.751666616915516,17,40,0.425,16,13
v2_freeze_constraints_s10,v2,freeze_constraints,10,random_regular,100,4,951,176,4.093467946160779,69,176,0.39204545454545453,2,13
v2_freeze_constraints_s10,v2,freeze_constraints,10,random_regular,100,4,952,26,2.484906649776,12,26,0.46153846153846156,35,50
v2_freeze_constraints_s10,v2,freeze_constraints,10,random_regular,100,4,953,33,2.369382119683676,12,33,0.36363636363636365,76,12
v2_freeze_constraints_s10,v2,freeze_constraints,10,random_regular,100,4,954,102,3.6109179126072246,37,102,0.3627450980392157,57,50
v2_freeze_constraints_s10,v2,freeze_constraints,10,random_regular,100,4,955,67,3.271689322296034,29,67,0.43283582089552236,69,12
v2_freeze_constraints_s10,v2,freeze_constraints,10,random_regular,100,4,956,43,2.912494403312053,21,43,0.4883720930232558,44,15
v2_freeze_constraints_s10,v2,freeze_constraints,10,random_regular,100,4,957,31,2.2718685126865625,11,31,0.3548387096774194,4,12
v2_freeze_constraints_s10,v2,freeze_constraints,10,random_regular,100,4,958,1,-1.000088900581841e-12,1,1,1.0,73,13
v2_freeze_constraints_s10,v2,freeze_constraints,10,random_regular,100,4,959,245,4.433116453340151,111,245,0.4530612244897959,22,15
v2_freeze_constraints_s10,v2,freeze_constraints,10,random_regular,100,4,960,104,3.436983993438682,45,104,0.4326923076923077,93,12
v2_freeze_constraints_s10,v2,freeze_constraints,10,random_regular,100,4,961,45,2.857102837424001,20,45,0.4444444444444444,83,12
v2_freeze_constraints_s10,v2,freeze_constraints,10,random_regular,100,4,962,0,0.0,0,0,,50,50
v2_freeze_constraints_s10,v2,freeze_constraints,10,random_regular,100,4,963,89,3.557409891014596,46,89,0.5168539325842697,25,30
v2_freeze_constraints_s10,v2,freeze_constraints,10,random_regular,100,4,964,2,-1.000088900581841e-12,1,2,0.5,16,13
v2_freeze_constraints_s10,v2,freeze_constraints,10,random_regular,100,4,965,64,3.4124897213676078,33,64,0.515625,17,30
v2_freeze_constraints_s10,v2,freeze_constraints,10,random_regular,100,4,966,123,3.6436782287373086,47,123,0.3821138211382114,67,12
v2_freeze_constraints_s10,v2,freeze_constraints,10,random_regular,100,4,967,71,3.098139496330803,26,71,0.36619718309859156,64,13
v2_freeze_constraints_s10,v2,freeze_constraints,10,random_regular,100,4,968,25,2.4583113296710835,13,25,0.52,21,15
v2_freeze_constraints_s10,v2,freeze_constraints,10,random_regular,100,4,969,83,3.4040404338981127,34,83,0.40963855421686746,5,15
v2_freeze_constraints_s10,v2,freeze_constraints,10,random_regular,100,4,970,24,2.484906649776,12,24,0.5,85,50
v2_freeze_constraints_s10,v2,freeze_constraints,10,random_regular,100,4,971,57,2.8674404991054456,24,57,0.42105263157894735,6,13
v2_freeze_constraints_s10,v2,freeze_constraints,10,random_regular,100,4,972,43,2.6593226976945163,18,43,0.4186046511627907,98,30
v2_freeze_constraints_s10,v2,freeze_constraints,10,random_regular,100,4,973,7,1.3862943611158909,4,7,0.5714285714285714,52,13
v2_freeze_constraints_s10,v2,freeze_constraints,10,random_regular,100,4,974,2,0.6931471805579453,2,2,1.0,91,30
v2_freeze_constraints_s10,v2,freeze_constraints,10,random_regular,100,4,975,9,1.0986122886651095,3,9,0.3333333333333333,4,50
v2_freeze_constraints_s10,v2,freeze_constraints,10,random_regular,100,4,976,17,1.6094379124291005,5,17,0.29411764705882354,86,13
v2_freeze_constraints_s10,v2,freeze_constraints,10,random_regular,100,4,977,2,-1.000088900581841e-12,1,2,0.5,52,12
v2_freeze_constraints_s10,v2,freeze_constraints,10,random_regular,100,4,978,6,1.3862943611158909,4,6,0.6666666666666666,29,13
v2_freeze_constraints_s10,v2,freeze_constraints,10,random_regular,100,4,979,32,2.540036303807981,14,32,0.4375,65,13
v2_freeze_constraints_s10,v2,freeze_constraints,10,random_regular,100,4,980,74,3.2551105127007407,31,74,0.4189189189189189,57,50
v2_freeze_constraints_s10,v2,freeze_constraints,10,random_regular,100,4,981,144,3.946786016322238,68,144,0.4722222222222222,3,13
v2_freeze_constraints_s10,v2,freeze_constraints,10,random_regular,100,4,982,9,1.791759469222055,6,9,0.6666666666666666,8,12
v2_freeze_constraints_s10,v2,freeze_constraints,10,random_regular,100,4,983,92,3.5359830822784195,37,92,0.40217391304347827,29,13
v2_freeze_constraints_s10,v2,freeze_constraints,10,random_regular,100,4,984,76,3.3969144201875685,35,76,0.4605263157894737,4,50
v2_freeze_constraints_s10,v2,freeze_constraints,10,random_regular,100,4,985,47,2.736339051089065,18,47,0.3829787234042553,37,12
v2_freeze_constraints_s10,v2,freeze_constraints,10,random_regular,100,4,986,33,2.685945324654788,16,33,0.48484848484848486,58,12
v2_freeze_constraints_s10,v2,freeze_constraints,10,random_regular,100,4,987,44,2.871476118036867,19,44,0.4318181818181818,91,15
v2_freeze_constraints_s10,v2,freeze_constraints,10,random_regular,100,4,988,115,3.803480322741276,53,115,0.4608695652173913,59,50
v2_freeze_constraints_s10,v2,freeze_constraints,10,random_regular,100,4,989,23,2.5649493574485365,13,23,0.5652173913043478,46,50
v2_freeze_constraints_s10,v2,freeze_constraints,10,random_regular,100,4,990,73,3.151458510219029,26,73,0.3561643835616438,27,50
v2_freeze_constraints_s10,v2,freeze_constraints,10,random_regular,100,4,991,137,3.738695952711885,70,137,0.5109489051094891,18,15
v2_freeze_constraints_s10,v2,freeze_constraints,10,random_regular,100,4,992,13,1.6094379124291005,5,13,0.38461538461538464,53,12
v2_freeze_constraints_s10,v2,freeze_constraints,10,random_regular,100,4,993,6,1.0986122886651095,3,6,0.5,58,15
v2_freeze_constraints_s10,v2,freeze_constraints,10,random_regular,100,4,994,2,0.6931471805579453,2,2,1.0,1,15
v2_freeze_constraints_s10,v2,freeze_constraints,10,random_regular,100,4,995,49,2.772588722223781,16,49,0.32653061224489793,34,50
v2_freeze_constraints_s10,v2,freeze_constraints,10,random_regular,100,4,996,56,2.9650156932365066,22,56,0.39285714285714285,93,30
v2_freeze_constraints_s10,v2,freeze_constraints,10,random_regular,100,4,997,59,3.151458510219029,26,59,0.4406779661016949,60,50
v2_freeze_constraints_s10,v2,freeze_constraints,10,random_regular,100,4,998,71,3.396914420187568,35,71,0.49295774647887325,97,12
v2_freeze_constraints_s10,v2,freeze_constraints,10,random_regular,100,4,999,35,2.430791328866232,15,35,0.42857142857142855,79,15
