run_id,validation_version,condition,seed,topology,n_nodes,degree,episode_idx,hitting_time,path_entropy,accepted_moves,attempted_moves,accept_rate,start_node,final_node
v2_freeze_constraints_s12,v2,freeze_constraints,12,random_regular,100,4,0,159,3.793210665798084,56,159,0.3522012578616352,87,79
v2_freeze_constraints_s12,v2,freeze_constraints,12,random_regular,100,4,1,51,2.9444389791474395,19,51,0.37254901960784315,96,60
v2_freeze_constraints_s12,v2,freeze_constraints,12,random_regular,100,4,2,67,3.0280290732864104,22,67,0.3283582089552239,28,32
v2_freeze_constraints_s12,v2,freeze_constraints,12,random_regular,100,4,3,48,2.912494403312053,21,48,0.4375,33,9
v2_freeze_constraints_s12,v2,freeze_constraints,12,random_regular,100,4,4,9,1.3862943611158909,4,9,0.4444444444444444,16,32
v2_freeze_constraints_s12,v2,freeze_constraints,12,random_regular,100,4,5,35,2.5649493574485365,13,35,0.37142857142857144,13,32
v2_freeze_constraints_s12,v2,freeze_constraints,12,random_regular,100,4,6,125,3.806945133098103,49,125,0.392,19,32
v2_freeze_constraints_s12,v2,freeze_constraints,12,random_regular,100,4,7,3,1.0986122886651095,3,3,1.0,71,60
v2_freeze_constraints_s12,v2,freeze_constraints,12,random_regular,100,4,8,10,0.6931471805579453,2,10,0.2,4,9
v2_freeze_constraints_s12,v2,freeze_constraints,12,random_regular,100,4,9,27,2.197224577327219,9,27,0.3333333333333333,8,9
v2_freeze_constraints_s12,v2,freeze_constraints,12,random_regular,100,4,10,8,1.0986122886651095,3,8,0.375,18,32
v2_freeze_constraints_s12,v2,freeze_constraints,12,random_regular,100,4,11,0,0.0,0,0,,9,9
v2_freeze_constraints_s12,v2,freeze_constraints,12,random_regular,100,4,12,194,4.088288423661137,84,194,0.4329896907216495,77,60
v2_freeze_constraints_s12,v2,freeze_constraints,12,random_regular,100,4,13,175,3.977800824892677,75,175,0.42857142857142855,53,9
v2_freeze_constraints_s12,v2,freeze_constraints,12,random_regular,100,4,14,86,3.319492576126754,29,86,0.3372093023255814,82,32
v2_freeze_constraints_s12,v2,freeze_constraints,12,random_regular,100,4,15,198,4.2656254885042335,92,198,0.46464646464646464,71,41
v2_freeze_constraints_s12,v2,freeze_constraints,12,random_regular,100,4,16,47,2.894399544411038,23,47,0.48936170212765956,76,41
v2_freeze_constraints_s12,v2,freeze_constraints,12,random_regular,100,4,17,3,-1.000088900581841e-12,1,3,0.3333333333333333,15,32
v2_freeze_constraints_s12,v2,freeze_constraints,12,random_regular,100,4,18,13,1.791759469222055,6,13,0.46153846153846156,89,32
v2_freeze_constraints_s12,v2,freeze_constraints,12,random_regular,100,4,19,2,-1.000088900581841e-12,1,2,0.5,89,41
v2_freeze_constraints_s12,v2,freeze_constraints,12,random_regular,100,4,20,26,2.484906649776,12,26,0.46153846153846156,91,79
v2_freeze_constraints_s12,v2,freeze_constraints,12,random_regular,100,4,21,3,0.6931471805579453,2,3,0.6666666666666666,50,41
v2_freeze_constraints_s12,v2,freeze_constraints,12,random_regular,100,4,22,38,2.369382119683676,12,38,0.3157894736842105,82,9
v2_freeze_constraints_s12,v2,freeze_constraints,12,random_regular,100,4,23,136,3.823096663177728,51,136,0.375,69,41
v2_freeze_constraints_s12,v2,freeze_constraints,12,random_regular,100,4,24,0,0.0,0,0,,41,41
v2_freeze_constraints_s12,v2,freeze_constraints,12,random_regular,100,4,25,27,1.7478680974607577,7,27,0.25925925925925924,14,41
v2_freeze_constraints_s12,v2,freeze_constraints,12,random_regular,100,4,26,162,3.82951726754497,67,162,0.41358024691358025,6,9
v2_freeze_constraints_s12,v2,freeze_constraints,12,random_regular,100,4,27,133,3.666665916258637,51,133,0.38345864661654133,67,9
v2_freeze_constraints_s12,v2,freeze_constraints,12,random_regular,100,4,28,8,1.791759469222055,6,8,0.75,43,60
v2_freeze_constraints_s12,v2,freeze_constraints,12,random_regular,100,4,29,128,3.434162146561972,48,128,0.375,94,60
v2_freeze_constraints_s12,v2,freeze_constraints,12,random_regular,100,4,30,302,4.48040253284337,113,302,0.3741721854304636,78,9
v2_freeze_constraints_s12,v2,freeze_constraints,12,random_regular,100,4,31,204,4.277030575570149,86,204,0.4215686274509804,30,79
v2_freeze_constraints_s12,v2,freeze_constraints,12,random_regular,100,4,32,78,3.322493706775413,34,78,0.4358974358974359,81,9
v2_freeze_constraints_s12,v2,freeze_constraints,12,random_regular,100,4,33,17,2.079441541671836,8,17,0.47058823529411764,54,9
v2_freeze_constraints_s12,v2,freeze_constraints,12,random_regular,100,4,34,8,1.6094379124291005,5,8,0.625,62,79
v2_freeze_constraints_s12,v2,freeze_constraints,12,random_regular,100,4,35,49,2.813355404483615,18,49,0.3673469387755102,87,9
v2_freeze_constraints_s12,v2,freeze_constraints,12,random_regular,100,4,36,34,2.341994252221425,14,34,0.4117647058823529,16,41
v2_freeze_constraints_s12,v2,freeze_constraints,12,random_regular,100,4,37,60,3.135494215906149,23,60,0.38333333333333336,82,32
v2_freeze_constraints_s12,v2,freeze_constraints,12,random_regular,100,4,38,11,1.6094379124291005,5,11,0.45454545454545453,74,32
v2_freeze_constraints_s12,v2,freeze_constraints,12,random_regular,100,4,39,92,3.414739581281256,39,92,0.42391304347826086,61,9
v2_freeze_constraints_s12,v2,freeze_constraints,12,random_regular,100,4,40,8,1.0986122886651095,3,8,0.375,24,60
v2_freeze_constraints_s12,v2,freeze_constraints,12,random_regular,100,4,41,29,2.484906649776,12,29,0.41379310344827586,97,32
v2_freeze_constraints_s12,v2,freeze_constraints,12,random_regular,100,4,42,194,4.017426986302501,73,194,0.37628865979381443,98,60
v2_freeze_constraints_s12,v2,freeze_constraints,12,random_regular,100,4,43,204,4.099285873617723,83,204,0.4068627450980392,36,9
v2_freeze_constraints_s12,v2,freeze_constraints,12,random_regular,100,4,44,47,2.8332133440392155,17,47,0.3617021276595745,64,79
v2_freeze_constraints_s12,v2,freeze_constraints,12,random_regular,100,4,45,14,1.791759469222055,6,14,0.42857142857142855,27,79
v2_freeze_constraints_s12,v2,freeze_constraints,12,random_regular,100,4,46,63,3.134162458562648,28,63,0.4444444444444444,71,41
v2_freeze_constraints_s12,v2,freeze_constraints,12,random_regular,100,4,47,154,3.730142442636104,62,154,0.4025974025974026,30,41
v2_freeze_constraints_s12,v2,freeze_constraints,12,random_regular,100,4,48,187,4.027734509781204,78,187,0.41711229946524064,2,60
v2_freeze_constraints_s12,v2,freeze_constraints,12,random_regular,100,4,49,0,0.0,0,0,,9,9
v2_freeze_constraints_s12,v2,freeze_constraints,12,random_regular,100,4,50,29,2.772588722223781,16,29,0.5517241379310345,7,32
v2_freeze_constraints_s12,v2,freeze_constraints,12,random_regular,100,4,51,14,1.791759469222055,6,14,0.42857142857142855,54,32
v2_freeze_constraints_s12,v2,freeze_constraints,12,random_regular,100,4,52,0,0.0,0,0,,60,60
v2_freeze_constraints_s12,v2,freeze_constraints,12,random_regular,100,4,53,0,0.0,0,0,,41,41
v2_freeze_constraints_s12,v2,freeze_constraints,12,random_regular,100,4,54,16,2.197224577327219,9,16,0.5625,34,41
v2_freeze_constraints_s12,v2,freeze_constraints,12,random_regular,100,4,55,5,1.0986122886651095,3,5,0.6,95,60
v2_freeze_constraints_s12,v2,freeze_constraints,12,random_regular,100,4,56,9,1.3862943611158909,4,9,0.4444444444444444,18,41
v2_freeze_constraints_s12,v2,freeze_constraints,12,random_regular,100,4,57,54,3.198916528694685,30,54,0.5555555555555556,96,9
v2_freeze_constraints_s12,v2,freeze_constraints,12,random_regular,100,4,58,71,3.4778907494754354,38,71,0.5352112676056338,81,41
v2_freeze_constraints_s12,v2,freeze_constraints,12,random_regular,100,4,59,4,-1.000088900581841e-12,1,4,0.25,51,79
v2_freeze_constraints_s12,v2,freeze_constraints,12,random_regular,100,4,60,32,2.7080502010872096,15,32,0.46875,36,32
v2_freeze_constraints_s12,v2,freeze_constraints,12,random_regular,100,4,61,315,4.505642374062029,141,315,0.44761904761904764,23,9
v2_freeze_constraints_s12,v2,freeze_constraints,12,random_regular,100,4,62,38,2.4583113296710835,13,38,0.34210526315789475,87,60
v2_freeze_constraints_s12,v2,freeze_constraints,12,random_regular,100,4,63,84,3.3546767698172717,38,84,0.4523809523809524,69,60
v2_freeze_constraints_s12,v2,freeze_constraints,12,random_regular,100,4,64,62,2.846480386116867,21,62,0.3387096774193548,26,9
v2_freeze_constraints_s12,v2,freeze_constraints,12,random_regular,100,4,65,26,2.3978952727873706,11,26,0.4230769230769231,52,79
v2_freeze_constraints_s12,v2,freeze_constraints,12,random_regular,100,4,66,36,1.9915093613486132,13,36,0.3611111111111111,82,32
v2_freeze_constraints_s12,v2,freeze_constraints,12,random_regular,100,4,67,52,2.926417555478996,20,52,0.38461538461538464,74,41
v2_freeze_constraints_s12,v2,freeze_constraints,12,random_regular,100,4,68,4,0.6931471805579453,2,4,0.5,40,79
v2_freeze_constraints_s12,v2,freeze_constraints,12,random_regular,100,4,69,92,3.539627566658813,42,92,0.45652173913043476,81,41
v2_freeze_constraints_s12,v2,freeze_constraints,12,random_regular,100,4,70,103,3.550250017965948,40,103,0.3883495145631068,18,32
v2_freeze_constraints_s12,v2,freeze_constraints,12,random_regular,100,4,71,158,3.752636289756061,64,158,0.4050632911392405,91,41
v2_freeze_constraints_s12,v2,freeze_constraints,12,random_regular,100,4,72,157,4.067749242057183,65,157,0.4140127388535032,72,60
v2_freeze_constraints_s12,v2,freeze_constraints,12,random_regular,100,4,73,66,3.120291565278284,24,66,0.36363636363636365,37,9
v2_freeze_constraints_s12,v2,freeze_constraints,12,random_regular,100,4,74,85,3.4544986414005443,33,85,0.38823529411764707,43,41
v2_freeze_constraints_s12,v2,freeze_constraints,12,random_regular,100,4,75,10,1.3862943611158909,4,10,0.4,40,79
v2_freeze_constraints_s12,v2,freeze_constraints,12,random_regular,100,4,76,0,0.0,0,0,,60,60
v2_freeze_constraints_s12,v2,freeze_constraints,12,random_regular,100,4,77,91,3.476887663552278,41,91,0.45054945054945056,73,41
v2_freeze_constraints_s12,v2,freeze_constraints,12,random_regular,100,4,78,0,0.0,0,0,,32,32
v2_freeze_constraints_s12,v2,freeze_constraints,12,random_regular,100,4,79,0,0.0,0,0,,60,60
v2_freeze_constraints_s12,v2,freeze_constraints,12,random_regular,100,4,80,0,0.0,0,0,,41,41
v2_freeze_constraints_s12,v2,freeze_constraints,12,random_regular,100,4,81,2,-1.000088900581841e-12,1,2,0.5,61,79
v2_freeze_constraints_s12,v2,freeze_constraints,12,random_regular,100,4,82,7,0.6931471805579453,2,7,0.2857142857142857,92,60
v2_freeze_constraints_s12,v2,freeze_constraints,12,random_regular,100,4,83,34,2.1639556568730565,10,34,0.29411764705882354,11,41
v2_freeze_constraints_s12,v2,freeze_constraints,12,random_regular,100,4,84,12,1.3862943611158909,4,12,0.3333333333333333,46,32
v2_freeze_constraints_s12,v2,freeze_constraints,12,random_regular,100,4,85,147,3.9258981067650103,62,147,0.4217687074829932,52,79
v2_freeze_constraints_s12,v2,freeze_constraints,12,random_regular,100,4,86,7,1.0986122886651095,3,7,0.42857142857142855,95,60
v2_freeze_constraints_s12,v2,freeze_constraints,12,random_regular,100,4,87,0,0.0,0,0,,9,9
v2_freeze_constraints_s12,v2,freeze_constraints,12,random_regular,100,4,88,34,2.302585092984045,10,34,0.29411764705882354,34,60
v2_freeze_constraints_s12,v2,freeze_constraints,12,random_regular,100,4,89,5,0.6931471805579453,2,5,0.4,44,60
v2_freeze_constraints_s12,v2,freeze_constraints,12,random_regular,100,4,90,13,1.791759469222055,6,13,0.46153846153846156,55,32
v2_freeze_constraints_s12,v2,freeze_constraints,12,random_regular,100,4,91,61,3.232775904355102,32,61,0.5245901639344263,1,60
v2_freeze_constraints_s12,v2,freeze_constraints,12,random_regular,100,4,92,2,-1.000088900581841e-12,1,2,0.5,38,79
v2_freeze_constraints_s12,v2,freeze_constraints,12,random_regular,100,4,93,222,4.172873528168728,93,222,0.4189189189189189,63,60
v2_freeze_constraints_s12,v2,freeze_constraints,12,random_regular,100,4,94,75,3.3445488585774434,31,75,0.41333333333333333,50,60
v2_freeze_constraints_s12,v2,freeze_constraints,12,random_regular,100,4,95,81,3.4469064102262488,37,81,0.4567901234567901,68,32
v2_freeze_constraints_s12,v2,freeze_constraints,12,random_regular,100,4,96,1,-1.000088900581841e-12,1,1,1.0,95,9
v2_freeze_constraints_s12,v2,freeze_constraints,12,random_regular,100,4,97,27,2.245035274116177,13,27,0.48148148148148145,84,60
v2_freeze_constraints_s12,v2,freeze_constraints,12,random_regular,100,4,98,17,1.6094379124291005,5,17,0.29411764705882354,17,41
v2_freeze_constraints_s12,v2,freeze_constraints,12,random_regular,100,4,99,112,3.4753416030969198,45,112,0.4017857142857143,50,79
v2_freeze_constraints_s12,v2,freeze_constraints,12,random_regular,100,4,100,25,2.5649493574485365,13,25,0.52,43,9
v2_freeze_constraints_s12,v2,freeze_constraints,12,random_regular,100,4,101,101,3.658132080208479,48,101,0.4752475247524752,46,41
v2_freeze_constraints_s12,v2,freeze_constraints,12,random_regular,100,4,102,21,2.079441541671836,8,21,0.38095238095238093,56,60
v2_freeze_constraints_s12,v2,freeze_constraints,12,random_regular,100,4,103,56,2.821563807842365,21,56,0.375,34,60
v2_freeze_constraints_s12,v2,freeze_constraints,12,random_regular,100,4,104,5,-1.000088900581841e-12,1,5,0.2,42,32
v2_freeze_constraints_s12,v2,freeze_constraints,12,random_regular,100,4,105,181,3.766422129383705,62,181,0.3425414364640884,45,32
v2_freeze_constraints_s12,v2,freeze_constraints,12,random_regular,100,4,106,24,1.9061547465328492,8,24,0.3333333333333333,1,60
v2_freeze_constraints_s12,v2,freeze_constraints,12,random_regular,100,4,107,21,1.9061547465328492,8,21,0.38095238095238093,27,79
v2_freeze_constraints_s12,v2,freeze_constraints,12,random_regular,100,4,108,141,3.758472410905133,51,141,0.3617021276595745,99,79
v2_freeze_constraints_s12,v2,freeze_constraints,12,random_regular,100,4,109,20,2.197224577327219,9,20,0.45,28,32
v2_freeze_constraints_s12,v2,freeze_constraints,12,random_regular,100,4,110,25,2.4583113296710835,13,25,0.52,73,32
v2_freeze_constraints_s12,v2,freeze_constraints,12,random_regular,100,4,111,48,3.0047670351869598,24,48,0.5,77,41
v2_freeze_constraints_s12,v2,freeze_constraints,12,random_regular,100,4,112,79,3.308777757559495,30,79,0.379746835443038,49,9
v2_freeze_constraints_s12,v2,freeze_constraints,12,random_regular,100,4,113,52,2.9957322735339904,20,52,0.38461538461538464,59,9
v2_freeze_constraints_s12,v2,freeze_constraints,12,random_regular,100,4,114,34,2.5070264355444176,17,34,0.5,43,79
v2_freeze_constraints_s12,v2,freeze_constraints,12,random_regular,100,4,115,58,2.813355404483615,18,58,0.3103448275862069,46,60
v2_freeze_constraints_s12,v2,freeze_constraints,12,random_regular,100,4,116,194,3.844605690754975,52,194,0.26804123711340205,10,41
v2_freeze_constraints_s12,v2,freeze_constraints,12,random_regular,100,4,117,89,3.4502855905397403,39,89,0.43820224719101125,95,41
v2_freeze_constraints_s12,v2,freeze_constraints,12,random_regular,100,4,118,45,2.9444389791474395,19,45,0.4222222222222222,43,9
v2_freeze_constraints_s12,v2,freeze_constraints,12,random_regular,100,4,119,115,3.752682943849809,44,115,0.3826086956521739,97,41
v2_freeze_constraints_s12,v2,freeze_constraints,12,random_regular,100,4,120,20,1.791759469222055,6,20,0.3,71,41
v2_freeze_constraints_s12,v2,freeze_constraints,12,random_regular,100,4,121,14,1.791759469222055,6,14,0.42857142857142855,22,32
v2_freeze_constraints_s12,v2,freeze_constraints,12,random_regular,100,4,122,49,3.2451263407310145,30,49,0.6122448979591837,2,79
v2_freeze_constraints_s12,v2,freeze_constraints,12,random_regular,100,4,123,0,0.0,0,0,,32,32
v2_freeze_constraints_s12,v2,freeze_constraints,12,random_regular,100,4,124,46,3.163424050399405,25,46,0.5434782608695652,89,41
v2_freeze_constraints_s12,v2,freeze_constraints,12,random_regular,100,4,125,35,2.484906649776,12,35,0.34285714285714286,17,41
v2_freeze_constraints_s12,v2,freeze_constraints,12,random_regular,100,4,126,4,0.6931471805579453,2,4,0.5,3,9
v2_freeze_constraints_s12,v2,freeze_constraints,12,random_regular,100,4,127,13,1.5607104090364066,6,13,0.46153846153846156,45,9
v2_freeze_constraints_s12,v2,freeze_constraints,12,random_regular,100,4,128,0,0.0,0,0,,41,41
v2_freeze_constraints_s12,v2,freeze_constraints,12,random_regular,100,4,129,132,3.757161193054377,57,132,0.4318181818181818,20,79
v2_freeze_constraints_s12,v2,freeze_constraints,12,random_regular,100,4,130,166,3.925154858738,69,166,0.41566265060240964,2,79
v2_freeze_constraints_s12,v2,freeze_constraints,12,random_regular,100,4,131,53,3.135494215906149,23,53,0.4339622641509434,75,60
v2_freeze_constraints_s12,v2,freeze_constraints,12,random_regular,100,4,132,24,1.9459101490483133,7,24,0.2916666666666667,25,60
v2_freeze_constraints_s12,v2,freeze_constraints,12,random_regular,100,4,133,72,3.2255573283655203,34,72,0.4722222222222222,84,41
v2_freeze_constraints_s12,v2,freeze_constraints,12,random_regular,100,4,134,107,3.689669563800905,44,107,0.411214953271028,98,60
v2_freeze_constraints_s12,v2,freeze_constraints,12,random_regular,100,4,135,0,0.0,0,0,,9,9
v2_freeze_constraints_s12,v2,freeze_constraints,12,random_regular,100,4,136,12,1.0986122886651095,3,12,0.25,1,79
v2_freeze_constraints_s12,v2,freeze_constraints,12,random_regular,100,4,137,169,4.116315784170701,76,169,0.44970414201183434,70,9
v2_freeze_constraints_s12,v2,freeze_constraints,12,random_regular,100,4,138,52,2.6593226976945163,18,52,0.34615384615384615,99,9
v2_freeze_constraints_s12,v2,freeze_constraints,12,random_regular,100,4,139,5,0.6931471805579453,2,5,0.4,23,79
v2_freeze_constraints_s12,v2,freeze_constraints,12,random_regular,100,4,140,117,3.5312261857689,52,117,0.4444444444444444,58,9
v2_freeze_constraints_s12,v2,freeze_constraints,12,random_regular,100,4,141,5,0.6931471805579453,2,5,0.4,0,9
v2_freeze_constraints_s12,v2,freeze_constraints,12,random_regular,100,4,142,43,2.751666616915516,17,43,0.3953488372093023,80,9
v2_freeze_constraints_s12,v2,freeze_constraints,12,random_regular,100,4,143,164,3.890623001473696,68,164,0.4146341463414634,23,60
v2_freeze_constraints_s12,v2,freeze_constraints,12,random_regular,100,4,144,6,-1.000088900581841e-12,1,6,0.16666666666666666,86,60
v2_freeze_constraints_s12,v2,freeze_constraints,12,random_regular,100,4,145,39,2.5993019270857944,16,39,0.41025641025641024,87,60
v2_freeze_constraints_s12,v2,freeze_constraints,12,random_regular,100,4,146,115,3.799589441487576,54,115,0.46956521739130436,67,41
v2_freeze_constraints_s12,v2,freeze_constraints,12,random_regular,100,4,147,166,3.819580788510806,62,166,0.37349397590361444,6,9
v2_freeze_constraints_s12,v2,freeze_constraints,12,random_regular,100,4,148,72,3.004264933709522,34,72,0.4722222222222222,86,60
v2_freeze_constraints_s12,v2,freeze_constraints,12,random_regular,100,4,149,14,1.5607104090364068,6,14,0.42857142857142855,68,32
v2_freeze_constraints_s12,v2,freeze_constraints,12,random_regular,100,4,150,11,1.3862943611158909,4,11,0.36363636363636365,7,32
v2_freeze_constraints_s12,v2,freeze_constraints,12,random_regular,100,4,151,0,0.0,0,0,,32,32
v2_freeze_constraints_s12,v2,freeze_constraints,12,random_regular,100,4,152,58,2.5575077390616245,21,58,0.3620689655172414,80,32
v2_freeze_constraints_s12,v2,freeze_constraints,12,random_regular,100,4,153,152,3.889182953668719,61,152,0.40131578947368424,17,32
v2_freeze_constraints_s12,v2,freeze_constraints,12,random_regular,100,4,154,95,3.658162873776453,44,95,0.4631578947368421,77,60
v2_freeze_constraints_s12,v2,freeze_constraints,12,random_regular,100,4,155,5,0.6931471805579453,2,5,0.4,53,60
v2_freeze_constraints_s12,v2,freeze_constraints,12,random_regular,100,4,156,118,3.94093487591412,58,118,0.4915254237288136,87,9
v2_freeze_constraints_s12,v2,freeze_constraints,12,random_regular,100,4,157,157,4.084632441880585,66,157,0.42038216560509556,20,41
v2_freeze_constraints_s12,v2,freeze_constraints,12,random_regular,100,4,158,21,2.079441541671836,8,21,0.38095238095238093,8,41
v2_freeze_constraints_s12,v2,freeze_constraints,12,random_regular,100,4,159,33,2.5993019270857944,16,33,0.48484848484848486,71,32
v2_freeze_constraints_s12,v2,freeze_constraints,12,random_regular,100,4,160,74,3.098139496330803,26,74,0.35135135135135137,85,41
v2_freeze_constraints_s12,v2,freeze_constraints,12,random_regular,100,4,161,49,2.6701198897918164,17,49,0.3469387755102041,45,79
v2_freeze_constraints_s12,v2,freeze_constraints,12,random_regular,100,4,162,83,3.556923618315194,39,83,0.46987951807228917,51,32
v2_freeze_constraints_s12,v2,freeze_constraints,12,random_regular,100,4,163,220,4.243751740335863,93,220,0.42272727272727273,3,60
v2_freeze_constraints_s12,v2,freeze_constraints,12,random_regular,100,4,164,120,3.717941794828361,50,120,0.4166666666666667,69,9
v2_freeze_constraints_s12,v2,freeze_constraints,12,random_regular,100,4,165,59,3.244492630381296,27,59,0.4576271186440678,33,32
v2_freeze_constraints_s12,v2,freeze_constraints,12,random_regular,100,4,166,83,3.1865891168464264,33,83,0.39759036144578314,13,41
v2_freeze_constraints_s12,v2,freeze_constraints,12,random_regular,100,4,167,42,2.772588722223781,16,42,0.38095238095238093,22,41
v2_freeze_constraints_s12,v2,freeze_constraints,12,random_regular,100,4,168,25,2.0253262207620675,10,25,0.4,54,9
v2_freeze_constraints_s12,v2,freeze_constraints,12,random_regular,100,4,169,38,2.7985132569262934,19,38,0.5,77,60
v2_freeze_constraints_s12,v2,freeze_constraints,12,random_regular,100,4,170,111,3.704662609644276,42,111,0.3783783783783784,12,9
v2_freeze_constraints_s12,v2,freeze_constraints,12,random_regular,100,4,171,55,2.912494403312053,21,55,0.38181818181818183,87,9
v2_freeze_constraints_s12,v2,freeze_constraints,12,random_regular,100,4,172,11,1.6094379124291005,5,11,0.45454545454545453,97,32
v2_freeze_constraints_s12,v2,freeze_constraints,12,random_regular,100,4,173,72,3.2864629612688,33,72,0.4583333333333333,42,41
v2_freeze_constraints_s12,v2,freeze_constraints,12,random_regular,100,4,174,157,3.866659839542654,66,157,0.42038216560509556,67,60
v2_freeze_constraints_s12,v2,freeze_constraints,12,random_regular,100,4,175,16,2.197224577327219,9,16,0.5625,22,32
v2_freeze_constraints_s12,v2,freeze_constraints,12,random_regular,100,4,176,36,2.4410152780147034,14,36,0.3888888888888889,99,32
v2_freeze_constraints_s12,v2,freeze_constraints,12,random_regular,100,4,177,57,2.9650156932365066,22,57,0.38596491228070173,5,9
v2_freeze_constraints_s12,v2,freeze_constraints,12,random_regular,100,4,178,39,2.61563057701355,15,39,0.38461538461538464,14,9
v2_freeze_constraints_s12,v2,freeze_constraints,12,random_regular,100,4,179,10,0.6931471805579453,2,10,0.2,92,9
v2_freeze_constraints_s12,v2,freeze_constraints,12,random_regular,100,4,180,0,0.0,0,0,,9,9
v2_freeze_constraints_s12,v2,freeze_constraints,12,random_regular,100,4,181,3,0.6931471805579453,2,3,0.6666666666666666,13,41
v2_freeze_constraints_s12,v2,freeze_constraints,12,random_regular,100,4,182,21,1.7478680974607577,7,21,0.3333333333333333,7,32
v2_freeze_constraints_s12,v2,freeze_constraints,12,random_regular,100,4,183,98,3.497937571291652,41,98,0.41836734693877553,71,32
v2_freeze_constraints_s12,v2,freeze_constraints,12,random_regular,100,4,184,4,-1.000088900581841e-12,1,4,0.25,95,9
v2_freeze_constraints_s12,v2,freeze_constraints,12,random_regular,100,4,185,0,0.0,0,0,,79,79
v2_freeze_constraints_s12,v2,freeze_constraints,12,random_regular,100,4,186,91,2.9713765399480208,26,91,0.2857142857142857,33,32
v2_freeze_constraints_s12,v2,freeze_constraints,12,random_regular,100,4,187,3,0.6931471805579453,2,3,0.6666666666666666,23,79
v2_freeze_constraints_s12,v2,freeze_constraints,12,random_regular,100,4,188,8,-1.000088900581841e-12,1,8,0.125,82,41
v2_freeze_constraints_s12,v2,freeze_constraints,12,random_regular,100,4,189,0,0.0,0,0,,79,79
v2_freeze_constraints_s12,v2,freeze_constraints,12,random_regular,100,4,190,95,3.61027941105021,47,95,0.49473684210526314,54,60
v2_freeze_constraints_s12,v2,freeze_constraints,12,random_regular,100,4,191,52,2.7080502010872096,15,52,0.28846153846153844,88,79
v2_freeze_constraints_s12,v2,freeze_constraints,12,random_regular,100,4,192,49,3.183672971458787,28,49,0.5714285714285714,3,41
v2_freeze_constraints_s12,v2,freeze_constraints,12,random_regular,100,4,193,0,0.0,0,0,,32,32
v2_freeze_constraints_s12,v2,freeze_constraints,12,random_regular,100,4,194,25,2.253857589591352,12,25,0.48,3,32
v2_freeze_constraints_s12,v2,freeze_constraints,12,random_regular,100,4,195,16,1.9061547465328492,8,16,0.5,31,60
v2_freeze_constraints_s12,v2,freeze_constraints,12,random_regular,100,4,196,36,2.540036303807981,14,36,0.3888888888888889,76,60
v2_freeze_constraints_s12,v2,freeze_constraints,12,random_regular,100,4,197,88,3.0326730531424326,29,88,0.32954545454545453,66,9
v2_freeze_constraints_s12,v2,freeze_constraints,12,random_regular,100,4,198,14,1.9459101490483133,7,14,0.5,45,9
v2_freeze_constraints_s12,v2,freeze_constraints,12,random_regular,100,4,199,106,3.6364454331777054,46,106,0.4339622641509434,57,41
v2_freeze_constraints_s12,v2,freeze_constraints,12,random_regular,100,4,200,6,1.3321790402061222,5,6,0.8333333333333334,52,79
v2_freeze_constraints_s12,v2,freeze_constraints,12,random_regular,100,4,201,153,4.055699979686366,66,153,0.43137254901960786,51,79
v2_freeze_constraints_s12,v2,freeze_constraints,12,random_regular,100,4,202,9,1.0986122886651095,3,9,0.3333333333333333,38,60
v2_freeze_constraints_s12,v2,freeze_constraints,12,random_regular,100,4,203,15,1.6094379124291005,5,15,0.3333333333333333,5,41
v2_freeze_constraints_s12,v2,freeze_constraints,12,random_regular,100,4,204,122,3.801119456492554,50,122,0.4098360655737705,90,60
v2_freeze_constraints_s12,v2,freeze_constraints,12,random_regular,100,4,205,16,1.6094379124291005,5,16,0.3125,47,79
v2_freeze_constraints_s12,v2,freeze_constraints,12,random_regular,100,4,206,79,3.147167088910029,37,79,0.46835443037974683,23,60
v2_freeze_constraints_s12,v2,freeze_constraints,12,random_regular,100,4,207,0,0.0,0,0,,9,9
v2_freeze_constraints_s12,v2,freeze_constraints,12,random_regular,100,4,208,244,4.244110768367235,97,244,0.3975409836065574,58,41
v2_freeze_constraints_s12,v2,freeze_constraints,12,random_regular,100,4,209,80,3.0650971906881783,35,80,0.4375,6,79
v2_freeze_constraints_s12,v2,freeze_constraints,12,random_regular,100,4,210,99,3.4513633638564465,41,99,0.41414141414141414,36,41
v2_freeze_constraints_s12,v2,freeze_constraints,12,random_regular,100,4,211,22,2.3978952727873706,11,22,0.5,71,79
v2_freeze_constraints_s12,v2,freeze_constraints,12,random_regular,100,4,212,0,0.0,0,0,,41,41
v2_freeze_constraints_s12,v2,freeze_constraints,12,random_regular,100,4,213,17,2.3978952727873706,11,17,0.6470588235294118,58,79
v2_freeze_constraints_s12,v2,freeze_constraints,12,random_regular,100,4,214,138,3.8677508206214366,65,138,0.47101449275362317,69,41
v2_freeze_constraints_s12,v2,freeze_constraints,12,random_regular,100,4,215,288,4.306761245702453,112,288,0.3888888888888889,64,32
v2_freeze_constraints_s12,v2,freeze_constraints,12,random_regular,100,4,216,39,2.751666616915516,17,39,0.4358974358974359,83,60
v2_freeze_constraints_s12,v2,freeze_constraints,12,random_regular,100,4,217,3,1.0986122886651095,3,3,1.0,18,41
v2_freeze_constraints_s12,v2,freeze_constraints,12,random_regular,100,4,218,7,1.6094379124291005,5,7,0.7142857142857143,39,32
v2_freeze_constraints_s12,v2,freeze_constraints,12,random_regular,100,4,219,114,3.757934986332627,54,114,0.47368421052631576,57,60
v2_freeze_constraints_s12,v2,freeze_constraints,12,random_regular,100,4,220,81,3.286462961268799,33,81,0.4074074074074074,49,60
v2_freeze_constraints_s12,v2,freeze_constraints,12,random_regular,100,4,221,117,3.727905198677357,52,117,0.4444444444444444,2,79
v2_freeze_constraints_s12,v2,freeze_constraints,12,random_regular,100,4,222,25,2.197224577327219,9,25,0.36,7,41
v2_freeze_constraints_s12,v2,freeze_constraints,12,random_regular,100,4,223,100,3.606308599241319,46,100,0.46,75,79
v2_freeze_constraints_s12,v2,freeze_constraints,12,random_regular,100,4,224,42,2.751666616915516,17,42,0.40476190476190477,74,32
v2_freeze_constraints_s12,v2,freeze_constraints,12,random_regular,100,4,225,42,2.813355404483615,18,42,0.42857142857142855,88,32
v2_freeze_constraints_s12,v2,freeze_constraints,12,random_regular,100,4,226,137,3.9700992296777007,60,137,0.43795620437956206,0,9
v2_freeze_constraints_s12,v2,freeze_constraints,12,random_regular,100,4,227,117,3.755676480770567,48,117,0.41025641025641024,39,32
v2_freeze_constraints_s12,v2,freeze_constraints,12,random_regular,100,4,228,1,-1.000088900581841e-12,1,1,1.0,99,41
v2_freeze_constraints_s12,v2,freeze_constraints,12,random_regular,100,4,229,6,-1.000088900581841e-12,1,6,0.16666666666666666,15,32
v2_freeze_constraints_s12,v2,freeze_constraints,12,random_regular,100,4,230,163,3.823096663177728,51,163,0.3128834355828221,45,32
v2_freeze_constraints_s12,v2,freeze_constraints,12,random_regular,100,4,231,35,2.725550395815721,19,35,0.5428571428571428,76,32
v2_freeze_constraints_s12,v2,freeze_constraints,12,random_regular,100,4,232,98,3.6003698151638166,48,98,0.4897959183673469,16,9
v2_freeze_constraints_s12,v2,freeze_constraints,12,random_regular,100,4,233,27,2.1458417525857545,11,27,0.4074074074074074,11,32
v2_freeze_constraints_s12,v2,freeze_constraints,12,random_regular,100,4,234,23,1.9061547465328492,8,23,0.34782608695652173,6,32
v2_freeze_constraints_s12,v2,freeze_constraints,12,random_regular,100,4,235,9,1.039720770836918,4,9,0.4444444444444444,63,41
v2_freeze_constraints_s12,v2,freeze_constraints,12,random_regular,100,4,236,6,0.6931471805579453,2,6,0.3333333333333333,55,41
v2_freeze_constraints_s12,v2,freeze_constraints,12,random_regular,100,4,237,86,3.5106997211395683,41,86,0.47674418604651164,54,41
v2_freeze_constraints_s12,v2,freeze_constraints,12,random_regular,100,4,238,36,2.787788119369007,20,36,0.5555555555555556,43,32
v2_freeze_constraints_s12,v2,freeze_constraints,12,random_regular,100,4,239,13,1.6094379124291005,5,13,0.38461538461538464,59,41
v2_freeze_constraints_s12,v2,freeze_constraints,12,random_regular,100,4,240,158,3.902404939443889,69,158,0.43670886075949367,77,41
v2_freeze_constraints_s12,v2,freeze_constraints,12,random_regular,100,4,241,27,2.3516733018936304,13,27,0.48148148148148145,17,41
v2_freeze_constraints_s12,v2,freeze_constraints,12,random_regular,100,4,242,66,3.244492630381296,27,66,0.4090909090909091,97,79
v2_freeze_constraints_s12,v2,freeze_constraints,12,random_regular,100,4,243,9,1.9459101490483133,7,9,0.7777777777777778,21,32
v2_freeze_constraints_s12,v2,freeze_constraints,12,random_regular,100,4,244,16,1.9459101490483133,7,16,0.4375,88,9
v2_freeze_constraints_s12,v2,freeze_constraints,12,random_regular,100,4,245,120,3.839509426606019,53,120,0.44166666666666665,59,9
v2_freeze_constraints_s12,v2,freeze_constraints,12,random_regular,100,4,246,70,3.032518914926761,32,70,0.45714285714285713,80,9
v2_freeze_constraints_s12,v2,freeze_constraints,12,random_regular,100,4,247,0,0.0,0,0,,60,60
v2_freeze_constraints_s12,v2,freeze_constraints,12,random_regular,100,4,248,22,1.791759469222055,6,22,0.2727272727272727,17,32
v2_freeze_constraints_s12,v2,freeze_constraints,12,random_regular,100,4,249,12,1.5607104090364068,6,12,0.5,37,41
v2_freeze_constraints_s12,v2,freeze_constraints,12,random_regular,100,4,250,0,0.0,0,0,,79,79
v2_freeze_constraints_s12,v2,freeze_constraints,12,random_regular,100,4,251,0,0.0,0,0,,79,79
v2_freeze_constraints_s12,v2,freeze_constraints,12,random_regular,100,4,252,0,0.0,0,0,,41,41
v2_freeze_constraints_s12,v2,freeze_constraints,12,random_regular,100,4,253,175,3.76460196779002,58,175,0.3314285714285714,3,41
v2_freeze_constraints_s12,v2,freeze_constraints,12,random_regular,100,4,254,32,2.3516733018936304,13,32,0.40625,63,32
v2_freeze_constraints_s12,v2,freeze_constraints,12,random_regular,100,4,255,44,2.8782183066518505,22,44,0.5,4,9
v2_freeze_constraints_s12,v2,freeze_constraints,12,random_regular,100,4,256,28,2.1639556568730565,10,28,0.35714285714285715,1,9
v2_freeze_constraints_s12,v2,freeze_constraints,12,random_regular,100,4,257,48,2.871476118036867,19,48,0.3958333333333333,58,79
v2_freeze_constraints_s12,v2,freeze_constraints,12,random_regular,100,4,258,17,2.079441541671836,8,17,0.47058823529411764,62,41
v2_freeze_constraints_s12,v2,freeze_constraints,12,random_regular,100,4,259,143,3.635866954262392,54,143,0.3776223776223776,46,79
v2_freeze_constraints_s12,v2,freeze_constraints,12,random_regular,100,4,260,39,2.736339051089065,18,39,0.46153846153846156,7,41
v2_freeze_constraints_s12,v2,freeze_constraints,12,random_regular,100,4,261,1,-1.000088900581841e-12,1,1,1.0,38,79
v2_freeze_constraints_s12,v2,freeze_constraints,12,random_regular,100,4,262,30,2.5649493574485365,13,30,0.43333333333333335,93,79
v2_freeze_constraints_s12,v2,freeze_constraints,12,random_regular,100,4,263,23,1.791759469222055,6,23,0.2608695652173913,45,41
v2_freeze_constraints_s12,v2,freeze_constraints,12,random_regular,100,4,264,130,3.481779386023036,52,130,0.4,73,9
v2_freeze_constraints_s12,v2,freeze_constraints,12,random_regular,100,4,265,17,1.791759469222055,6,17,0.35294117647058826,58,9
v2_freeze_constraints_s12,v2,freeze_constraints,12,random_regular,100,4,266,16,1.0986122886651095,3,16,0.1875,35,32
v2_freeze_constraints_s12,v2,freeze_constraints,12,random_regular,100,4,267,68,3.1865891168464264,33,68,0.4852941176470588,67,9
v2_freeze_constraints_s12,v2,freeze_constraints,12,random_regular,100,4,268,138,3.8056903690225776,55,138,0.39855072463768115,27,32
v2_freeze_constraints_s12,v2,freeze_constraints,12,random_regular,100,4,269,14,0.6931471805579453,2,14,0.14285714285714285,23,79
v2_freeze_constraints_s12,v2,freeze_constraints,12,random_regular,100,4,270,69,2.829841239675924,31,69,0.4492753623188406,37,41
v2_freeze_constraints_s12,v2,freeze_constraints,12,random_regular,100,4,271,44,2.6593226976945163,18,44,0.4090909090909091,91,9
v2_freeze_constraints_s12,v2,freeze_constraints,12,random_regular,100,4,272,78,3.0846519456665087,28,78,0.358974358974359,98,32
v2_freeze_constraints_s12,v2,freeze_constraints,12,random_regular,100,4,273,35,3.0910424533363146,22,35,0.6285714285714286,77,32
v2_freeze_constraints_s12,v2,freeze_constraints,12,random_regular,100,4,274,20,2.3978952727873706,11,20,0.55,80,79
v2_freeze_constraints_s12,v2,freeze_constraints,12,random_regular,100,4,275,5,1.0986122886651095,3,5,0.6,37,9
v2_freeze_constraints_s12,v2,freeze_constraints,12,random_regular,100,4,276,286,4.423289623149048,124,286,0.43356643356643354,96,9
v2_freeze_constraints_s12,v2,freeze_constraints,12,random_regular,100,4,277,93,3.768732178429927,51,93,0.5483870967741935,55,9
v2_freeze_constraints_s12,v2,freeze_constraints,12,random_regular,100,4,278,7,1.0986122886651095,3,7,0.42857142857142855,19,41
v2_freeze_constraints_s12,v2,freeze_constraints,12,random_regular,100,4,279,12,1.9459101490483133,7,12,0.5833333333333334,96,9
v2_freeze_constraints_s12,v2,freeze_constraints,12,random_regular,100,4,280,336,4.60204214006064,141,336,0.41964285714285715,58,79
v2_freeze_constraints_s12,v2,freeze_constraints,12,random_regular,100,4,281,326,4.606950375059123,144,326,0.44171779141104295,55,9
v2_freeze_constraints_s12,v2,freeze_constraints,12,random_regular,100,4,282,95,3.578323836314148,41,95,0.43157894736842106,84,32
v2_freeze_constraints_s12,v2,freeze_constraints,12,random_regular,100,4,283,19,1.8891591637470213,9,19,0.47368421052631576,55,32
v2_freeze_constraints_s12,v2,freeze_constraints,12,random_regular,100,4,284,41,2.639057329601259,14,41,0.34146341463414637,1,32
v2_freeze_constraints_s12,v2,freeze_constraints,12,random_regular,100,4,285,0,0.0,0,0,,79,79
v2_freeze_constraints_s12,v2,freeze_constraints,12,random_regular,100,4,286,127,3.8352368547526106,49,127,0.3858267716535433,29,41
v2_freeze_constraints_s12,v2,freeze_constraints,12,random_regular,100,4,287,227,4.196751784952913,78,227,0.3436123348017621,72,79
v2_freeze_constraints_s12,v2,freeze_constraints,12,random_regular,100,4,288,52,3.0280290732864104,22,52,0.4230769230769231,57,9
v2_freeze_constraints_s12,v2,freeze_constraints,12,random_regular,100,4,289,93,3.3445488585774434,31,93,0.3333333333333333,65,41
v2_freeze_constraints_s12,v2,freeze_constraints,12,random_regular,100,4,290,329,4.283488029408423,129,329,0.39209726443769,30,79
v2_freeze_constraints_s12,v2,freeze_constraints,12,random_regular,100,4,291,0,0.0,0,0,,41,41
v2_freeze_constraints_s12,v2,freeze_constraints,12,random_regular,100,4,292,43,2.3034884952082693,15,43,0.3488372093023256,4,32
v2_freeze_constraints_s12,v2,freeze_constraints,12,random_regular,100,4,293,99,3.6266561837520017,44,99,0.4444444444444444,20,32
v2_freeze_constraints_s12,v2,freeze_constraints,12,random_regular,100,4,294,29,2.639057329601259,14,29,0.4827586206896552,3,79
v2_freeze_constraints_s12,v2,freeze_constraints,12,random_regular,100,4,295,29,2.4583113296710835,13,29,0.4482758620689655,77,41
v2_freeze_constraints_s12,v2,freeze_constraints,12,random_regular,100,4,296,193,4.078522971592776,86,193,0.44559585492227977,55,9
v2_freeze_constraints_s12,v2,freeze_constraints,12,random_regular,100,4,297,41,2.505289990905417,18,41,0.43902439024390244,36,9
v2_freeze_constraints_s12,v2,freeze_constraints,12,random_regular,100,4,298,94,3.605641583852999,42,94,0.44680851063829785,23,41
v2_freeze_constraints_s12,v2,freeze_constraints,12,random_regular,100,4,299,40,2.685945324654788,16,40,0.4,31,79
v2_freeze_constraints_s12,v2,freeze_constraints,12,random_regular,100,4,300,62,3.052520501511814,25,62,0.4032258064516129,19,79
v2_freeze_constraints_s12,v2,freeze_constraints,12,random_regular,100,4,301,50,2.8674404991054456,24,50,0.48,88,9
v2_freeze_constraints_s12,v2,freeze_constraints,12,random_regular,100,4,302,74,3.170148321450507,30,74,0.40540540540540543,56,9
v2_freeze_constraints_s12,v2,freeze_constraints,12,random_regular,100,4,303,103,3.299829685639092,31,103,0.30097087378640774,68,79
v2_freeze_constraints_s12,v2,freeze_constraints,12,random_regular,100,4,304,153,3.8321574068835615,63,153,0.4117647058823529,42,79
v2_freeze_constraints_s12,v2,freeze_constraints,12,random_regular,100,4,305,33,2.61563057701355,15,33,0.45454545454545453,82,41
v2_freeze_constraints_s12,v2,freeze_constraints,12,random_regular,100,4,306,12,2.079441541671836,8,12,0.6666666666666666,18,32
v2_freeze_constraints_s12,v2,freeze_constraints,12,random_regular,100,4,307,67,2.9834644014498357,32,67,0.47761194029850745,62,79
v2_freeze_constraints_s12,v2,freeze_constraints,12,random_regular,100,4,308,1,-1.000088900581841e-12,1,1,1.0,28,79
v2_freeze_constraints_s12,v2,freeze_constraints,12,random_regular,100,4,309,10,1.791759469222055,6,10,0.6,93,60
v2_freeze_constraints_s12,v2,freeze_constraints,12,random_regular,100,4,310,226,4.167247204042227,93,226,0.41150442477876104,80,41
v2_freeze_constraints_s12,v2,freeze_constraints,12,random_regular,100,4,311,67,3.5157396511377024,35,67,0.5223880597014925,68,32
v2_freeze_constraints_s12,v2,freeze_constraints,12,random_regular,100,4,312,106,3.471045481936794,43,106,0.4056603773584906,62,79
v2_freeze_constraints_s12,v2,freeze_constraints,12,random_regular,100,4,313,27,2.4583113296710835,13,27,0.48148148148148145,69,60
v2_freeze_constraints_s12,v2,freeze_constraints,12,random_regular,100,4,314,2,0.6931471805579453,2,2,1.0,3,9
v2_freeze_constraints_s12,v2,freeze_constraints,12,random_regular,100,4,315,18,1.9459101490483133,7,18,0.3888888888888889,97,32
v2_freeze_constraints_s12,v2,freeze_constraints,12,random_regular,100,4,316,211,4.132759828584464,96,211,0.4549763033175355,52,41
v2_freeze_constraints_s12,v2,freeze_constraints,12,random_regular,100,4,317,186,3.939349588095899,79,186,0.42473118279569894,26,79
v2_freeze_constraints_s12,v2,freeze_constraints,12,random_regular,100,4,318,39,2.7080502010872096,15,39,0.38461538461538464,54,32
v2_freeze_constraints_s12,v2,freeze_constraints,12,random_regular,100,4,319,0,0.0,0,0,,9,9
v2_freeze_constraints_s12,v2,freeze_constraints,12,random_regular,100,4,320,10,1.6094379124291005,5,10,0.5,33,9
v2_freeze_constraints_s12,v2,freeze_constraints,12,random_regular,100,4,321,104,3.3909780549362365,36,104,0.34615384615384615,98,9
v2_freeze_constraints_s12,v2,freeze_constraints,12,random_regular,100,4,322,33,2.4583113296710835,13,33,0.3939393939393939,40,32
v2_freeze_constraints_s12,v2,freeze_constraints,12,random_regular,100,4,323,106,3.3657769529518857,39,106,0.36792452830188677,66,60
v2_freeze_constraints_s12,v2,freeze_constraints,12,random_regular,100,4,324,116,3.638648592450092,42,116,0.3620689655172414,42,79
v2_freeze_constraints_s12,v2,freeze_constraints,12,random_regular,100,4,325,38,2.369382119683676,12,38,0.3157894736842105,76,41
v2_freeze_constraints_s12,v2,freeze_constraints,12,random_regular,100,4,326,3,0.6931471805579453,2,3,0.6666666666666666,13,41
v2_freeze_constraints_s12,v2,freeze_constraints,12,random_regular,100,4,327,6,-1.000088900581841e-12,1,6,0.16666666666666666,61,79
v2_freeze_constraints_s12,v2,freeze_constraints,12,random_regular,100,4,328,54,3.052520501511814,25,54,0.46296296296296297,34,32
v2_freeze_constraints_s12,v2,freeze_constraints,12,random_regular,100,4,329,79,3.1865891168464264,33,79,0.4177215189873418,87,9
v2_freeze_constraints_s12,v2,freeze_constraints,12,random_regular,100,4,330,18,2.079441541671836,8,18,0.4444444444444444,63,32
v2_freeze_constraints_s12,v2,freeze_constraints,12,random_regular,100,4,331,94,3.5951494937275497,44,94,0.46808510638297873,17,32
v2_freeze_constraints_s12,v2,freeze_constraints,12,random_regular,100,4,332,198,4.074933301440325,89,198,0.4494949494949495,27,32
v2_freeze_constraints_s12,v2,freeze_constraints,12,random_regular,100,4,333,80,3.472414980727339,39,80,0.4875,62,41
v2_freeze_constraints_s12,v2,freeze_constraints,12,random_regular,100,4,334,13,1.6094379124291005,5,13,0.38461538461538464,50,41
v2_freeze_constraints_s12,v2,freeze_constraints,12,random_regular,100,4,335,1,-1.000088900581841e-12,1,1,1.0,51,41
v2_freeze_constraints_s12,v2,freeze_constraints,12,random_regular,100,4,336,60,3.151458510219029,26,60,0.43333333333333335,92,9
v2_freeze_constraints_s12,v2,freeze_constraints,12,random_regular,100,4,337,149,3.759111692497577,56,149,0.37583892617449666,35,9
v2_freeze_constraints_s12,v2,freeze_constraints,12,random_regular,100,4,338,26,1.6769877743164172,9,26,0.34615384615384615,54,79
v2_freeze_constraints_s12,v2,freeze_constraints,12,random_regular,100,4,339,50,3.163424050399405,25,50,0.5,8,60
v2_freeze_constraints_s12,v2,freeze_constraints,12,random_regular,100,4,340,83,3.498515667114017,37,83,0.4457831325301205,50,9
v2_freeze_constraints_s12,v2,freeze_constraints,12,random_regular,100,4,341,245,4.296468705643122,103,245,0.4204081632653061,55,9
v2_freeze_constraints_s12,v2,freeze_constraints,12,random_regular,100,4,342,33,2.293118601475813,18,33,0.5454545454545454,97,79
v2_freeze_constraints_s12,v2,freeze_constraints,12,random_regular,100,4,343,153,4.036417320015472,73,153,0.477124183006536,76,9
v2_freeze_constraints_s12,v2,freeze_constraints,12,random_regular,100,4,344,60,2.7144523517264965,21,60,0.35,0,60
v2_freeze_constraints_s12,v2,freeze_constraints,12,random_regular,100,4,345,24,2.484906649776,12,24,0.5,72,32
v2_freeze_constraints_s12,v2,freeze_constraints,12,random_regular,100,4,346,113,3.7158943452531408,48,113,0.4247787610619469,23,60
v2_freeze_constraints_s12,v2,freeze_constraints,12,random_regular,100,4,347,51,3.052520501511814,25,51,0.49019607843137253,75,32
v2_freeze_constraints_s12,v2,freeze_constraints,12,random_regular,100,4,348,10,1.3862943611158909,4,10,0.4,14,32
v2_freeze_constraints_s12,v2,freeze_constraints,12,random_regular,100,4,349,41,3.0752205480323718,23,41,0.5609756097560976,23,9
v2_freeze_constraints_s12,v2,freeze_constraints,12,random_regular,100,4,350,45,2.725550395815721,19,45,0.4222222222222222,37,41
v2_freeze_constraints_s12,v2,freeze_constraints,12,random_regular,100,4,351,6,1.0986122886651095,3,6,0.5,0,32
v2_freeze_constraints_s12,v2,freeze_constraints,12,random_regular,100,4,352,218,4.293753283160786,90,218,0.41284403669724773,77,32
v2_freeze_constraints_s12,v2,freeze_constraints,12,random_regular,100,4,353,9,0.6931471805579453,2,9,0.2222222222222222,92,60
v2_freeze_constraints_s12,v2,freeze_constraints,12,random_regular,100,4,354,56,3.0910424533363146,22,56,0.39285714285714285,83,79
v2_freeze_constraints_s12,v2,freeze_constraints,12,random_regular,100,4,355,77,3.4502855905397403,39,77,0.5064935064935064,3,9
v2_freeze_constraints_s12,v2,freeze_constraints,12,random_regular,100,4,356,152,3.94769171011078,71,152,0.46710526315789475,84,60
v2_freeze_constraints_s12,v2,freeze_constraints,12,random_regular,100,4,357,0,0.0,0,0,,41,41
v2_freeze_constraints_s12,v2,freeze_constraints,12,random_regular,100,4,358,19,1.791759469222055,6,19,0.3157894736842105,56,41
v2_freeze_constraints_s12,v2,freeze_constraints,12,random_regular,100,4,359,7,1.3862943611158909,4,7,0.5714285714285714,55,41
v2_freeze_constraints_s12,v2,freeze_constraints,12,random_regular,100,4,360,13,2.197224577327219,9,13,0.6923076923076923,10,32
v2_freeze_constraints_s12,v2,freeze_constraints,12,random_regular,100,4,361,18,2.1639556568730565,10,18,0.5555555555555556,72,79
v2_freeze_constraints_s12,v2,freeze_constraints,12,random_regular,100,4,362,30,2.7080502010872096,15,30,0.5,10,9
v2_freeze_constraints_s12,v2,freeze_constraints,12,random_regular,100,4,363,95,3.47393422676085,47,95,0.49473684210526314,27,32
v2_freeze_constraints_s12,v2,freeze_constraints,12,random_regular,100,4,364,4,0.6931471805579453,2,4,0.5,0,9
v2_freeze_constraints_s12,v2,freeze_constraints,12,random_regular,100,4,365,33,2.253857589591352,12,33,0.36363636363636365,89,9
v2_freeze_constraints_s12,v2,freeze_constraints,12,random_regular,100,4,366,181,3.963935438772188,64,181,0.35359116022099446,73,9
v2_freeze_constraints_s12,v2,freeze_constraints,12,random_regular,100,4,367,48,2.926417555478996,20,48,0.4166666666666667,24,79
v2_freeze_constraints_s12,v2,freeze_constraints,12,random_regular,100,4,368,85,3.062433267532996,29,85,0.3411764705882353,90,9
v2_freeze_constraints_s12,v2,freeze_constraints,12,random_regular,100,4,369,19,2.3978952727873706,11,19,0.5789473684210527,23,60
v2_freeze_constraints_s12,v2,freeze_constraints,12,random_regular,100,4,370,31,2.484906649776,12,31,0.3870967741935484,11,9
v2_freeze_constraints_s12,v2,freeze_constraints,12,random_regular,100,4,371,80,3.281713908707698,38,80,0.475,48,32
v2_freeze_constraints_s12,v2,freeze_constraints,12,random_regular,100,4,372,16,1.791759469222055,6,16,0.375,74,79
v2_freeze_constraints_s12,v2,freeze_constraints,12,random_regular,100,4,373,7,0.6931471805579453,2,7,0.2857142857142857,52,9
v2_freeze_constraints_s12,v2,freeze_constraints,12,random_regular,100,4,374,13,1.3862943611158909,4,13,0.3076923076923077,97,79
v2_freeze_constraints_s12,v2,freeze_constraints,12,random_regular,100,4,375,199,3.965438803254596,90,199,0.45226130653266333,12,79
v2_freeze_constraints_s12,v2,freeze_constraints,12,random_regular,100,4,376,297,4.316707217546495,118,297,0.39730639730639733,16,79
v2_freeze_constraints_s12,v2,freeze_constraints,12,random_regular,100,4,377,53,2.912494403312053,21,53,0.39622641509433965,92,9
v2_freeze_constraints_s12,v2,freeze_constraints,12,random_regular,100,4,378,62,2.736339051089065,18,62,0.2903225806451613,91,60
v2_freeze_constraints_s12,v2,freeze_constraints,12,random_regular,100,4,379,88,3.645947951488728,41,88,0.4659090909090909,7,32
v2_freeze_constraints_s12,v2,freeze_constraints,12,random_regular,100,4,380,67,2.9785084205072385,21,67,0.31343283582089554,74,60
v2_freeze_constraints_s12,v2,freeze_constraints,12,random_regular,100,4,381,34,2.8332133440392155,17,34,0.5,78,41
v2_freeze_constraints_s12,v2,freeze_constraints,12,random_regular,100,4,382,40,2.736339051089065,18,40,0.45,68,9
v2_freeze_constraints_s12,v2,freeze_constraints,12,random_regular,100,4,383,63,3.271689322296034,29,63,0.4603174603174603,22,9
v2_freeze_constraints_s12,v2,freeze_constraints,12,random_regular,100,4,384,29,2.3516733018936304,13,29,0.4482758620689655,21,79
v2_freeze_constraints_s12,v2,freeze_constraints,12,random_regular,100,4,385,61,2.954673212284816,23,61,0.3770491803278688,34,9
v2_freeze_constraints_s12,v2,freeze_constraints,12,random_regular,100,4,386,78,3.308777757559495,30,78,0.38461538461538464,23,41
v2_freeze_constraints_s12,v2,freeze_constraints,12,random_regular,100,4,387,21,2.484906649776,12,21,0.5714285714285714,18,41
v2_freeze_constraints_s12,v2,freeze_constraints,12,random_regular,100,4,388,16,1.791759469222055,6,16,0.375,55,9
v2_freeze_constraints_s12,v2,freeze_constraints,12,random_regular,100,4,389,167,3.92415298597032,70,167,0.41916167664670656,2,41
v2_freeze_constraints_s12,v2,freeze_constraints,12,random_regular,100,4,390,174,3.884472277770519,63,174,0.3620689655172414,93,79
v2_freeze_constraints_s12,v2,freeze_constraints,12,random_regular,100,4,391,103,3.6834363242964407,45,103,0.4368932038834951,78,79
v2_freeze_constraints_s12,v2,freeze_constraints,12,random_regular,100,4,392,95,3.503284885682769,43,95,0.45263157894736844,36,79
v2_freeze_constraints_s12,v2,freeze_constraints,12,random_regular,100,4,393,131,3.828845343713952,50,131,0.3816793893129771,90,79
v2_freeze_constraints_s12,v2,freeze_constraints,12,random_regular,100,4,394,67,3.189454205571105,32,67,0.47761194029850745,45,32
v2_freeze_constraints_s12,v2,freeze_constraints,12,random_regular,100,4,395,81,3.444813797459462,34,81,0.41975308641975306,67,9
v2_freeze_constraints_s12,v2,freeze_constraints,12,random_regular,100,4,396,2,-1.000088900581841e-12,1,2,0.5,39,32
v2_freeze_constraints_s12,v2,freeze_constraints,12,random_regular,100,4,397,3,0.6931471805579453,2,3,0.6666666666666666,82,32
v2_freeze_constraints_s12,v2,freeze_constraints,12,random_regular,100,4,398,46,3.044522437702424,21,46,0.45652173913043476,87,79
v2_freeze_constraints_s12,v2,freeze_constraints,12,random_regular,100,4,399,32,2.685945324654788,16,32,0.5,14,41
v2_freeze_constraints_s12,v2,freeze_constraints,12,random_regular,100,4,400,63,3.2551105127007407,31,63,0.49206349206349204,44,32
v2_freeze_constraints_s12,v2,freeze_constraints,12,random_regular,100,4,401,9,1.3862943611158909,4,9,0.4444444444444444,83,79
v2_freeze_constraints_s12,v2,freeze_constraints,12,random_regular,100,4,402,12,1.791759469222055,6,12,0.5,95,60
v2_freeze_constraints_s12,v2,freeze_constraints,12,random_regular,100,4,403,33,2.751666616915516,17,33,0.5151515151515151,59,60
v2_freeze_constraints_s12,v2,freeze_constraints,12,random_regular,100,4,404,34,2.540036303807981,14,34,0.4117647058823529,88,41
v2_freeze_constraints_s12,v2,freeze_constraints,12,random_regular,100,4,405,28,2.4583113296710835,13,28,0.4642857142857143,1,9
v2_freeze_constraints_s12,v2,freeze_constraints,12,random_regular,100,4,406,0,0.0,0,0,,60,60
v2_freeze_constraints_s12,v2,freeze_constraints,12,random_regular,100,4,407,149,3.708519285648661,57,149,0.3825503355704698,94,32
v2_freeze_constraints_s12,v2,freeze_constraints,12,random_regular,100,4,408,34,2.369382119683676,12,34,0.35294117647058826,15,41
v2_freeze_constraints_s12,v2,freeze_constraints,12,random_regular,100,4,409,127,3.817946183811361,52,127,0.4094488188976378,35,9
v2_freeze_constraints_s12,v2,freeze_constraints,12,random_regular,100,4,410,26,2.253857589591352,12,26,0.46153846153846156,59,60
v2_freeze_constraints_s12,v2,freeze_constraints,12,random_regular,100,4,411,1,-1.000088900581841e-12,1,1,1.0,51,41
v2_freeze_constraints_s12,v2,freeze_constraints,12,random_regular,100,4,412,181,4.012313429128048,78,181,0.430939226519337,42,41
v2_freeze_constraints_s12,v2,freeze_constraints,12,random_regular,100,4,413,11,1.3862943611158909,4,11,0.36363636363636365,0,9
v2_freeze_constraints_s12,v2,freeze_constraints,12,random_regular,100,4,414,42,2.3978952727873706,11,42,0.2619047619047619,92,41
v2_freeze_constraints_s12,v2,freeze_constraints,12,random_regular,100,4,415,212,4.13743442208466,93,212,0.4386792452830189,2,32
v2_freeze_constraints_s12,v2,freeze_constraints,12,random_regular,100,4,416,31,2.751666616915516,17,31,0.5483870967741935,94,41
v2_freeze_constraints_s12,v2,freeze_constraints,12,random_regular,100,4,417,48,2.8674404991054456,24,48,0.5,85,9
v2_freeze_constraints_s12,v2,freeze_constraints,12,random_regular,100,4,418,39,2.725550395815721,19,39,0.48717948717948717,73,79
v2_freeze_constraints_s12,v2,freeze_constraints,12,random_regular,100,4,419,40,2.871476118036867,19,40,0.475,94,41
v2_freeze_constraints_s12,v2,freeze_constraints,12,random_regular,100,4,420,68,3.3324877677623777,34,68,0.5,64,79
v2_freeze_constraints_s12,v2,freeze_constraints,12,random_regular,100,4,421,6,1.3862943611158909,4,6,0.6666666666666666,69,41
v2_freeze_constraints_s12,v2,freeze_constraints,12,random_regular,100,4,422,73,3.1418041591892294,27,73,0.3698630136986301,43,41
v2_freeze_constraints_s12,v2,freeze_constraints,12,random_regular,100,4,423,33,2.5993019270857944,16,33,0.48484848484848486,45,60
v2_freeze_constraints_s12,v2,freeze_constraints,12,random_regular,100,4,424,55,3.10797227595561,25,55,0.45454545454545453,10,60
v2_freeze_constraints_s12,v2,freeze_constraints,12,random_regular,100,4,425,41,2.441015278014703,14,41,0.34146341463414637,56,41
v2_freeze_constraints_s12,v2,freeze_constraints,12,random_regular,100,4,426,133,3.472144467035209,54,133,0.40601503759398494,99,79
v2_freeze_constraints_s12,v2,freeze_constraints,12,random_regular,100,4,427,2,-1.000088900581841e-12,1,2,0.5,39,32
v2_freeze_constraints_s12,v2,freeze_constraints,12,random_regular,100,4,428,91,3.4040404338981127,34,91,0.37362637362637363,8,41
v2_freeze_constraints_s12,v2,freeze_constraints,12,random_regular,100,4,429,5,1.0986122886651095,3,5,0.6,37,9
v2_freeze_constraints_s12,v2,freeze_constraints,12,random_regular,100,4,430,118,3.6834363242964407,45,118,0.3813559322033898,14,60
v2_freeze_constraints_s12,v2,freeze_constraints,12,random_regular,100,4,431,11,1.6094379124291005,5,11,0.45454545454545453,1,32
v2_freeze_constraints_s12,v2,freeze_constraints,12,random_regular,100,4,432,247,4.327744104894155,104,247,0.42105263157894735,47,32
v2_freeze_constraints_s12,v2,freeze_constraints,12,random_regular,100,4,433,101,3.638648592450092,42,101,0.4158415841584158,98,41
v2_freeze_constraints_s12,v2,freeze_constraints,12,random_regular,100,4,434,55,2.7284075400172907,22,55,0.4,35,32
v2_freeze_constraints_s12,v2,freeze_constraints,12,random_regular,100,4,435,1,-1.000088900581841e-12,1,1,1.0,61,79
v2_freeze_constraints_s12,v2,freeze_constraints,12,random_regular,100,4,436,22,1.9459101490483133,7,22,0.3181818181818182,11,9
v2_freeze_constraints_s12,v2,freeze_constraints,12,random_regular,100,4,437,31,2.5232109529398907,15,31,0.4838709677419355,94,32
v2_freeze_constraints_s12,v2,freeze_constraints,12,random_regular,100,4,438,0,0.0,0,0,,32,32
v2_freeze_constraints_s12,v2,freeze_constraints,12,random_regular,100,4,439,0,0.0,0,0,,60,60
v2_freeze_constraints_s12,v2,freeze_constraints,12,random_regular,100,4,440,176,4.015988558542968,74,176,0.42045454545454547,39,9
v2_freeze_constraints_s12,v2,freeze_constraints,12,random_regular,100,4,441,31,3.0910424533363146,22,31,0.7096774193548387,67,32
v2_freeze_constraints_s12,v2,freeze_constraints,12,random_regular,100,4,442,177,4.260725878002892,80,177,0.4519774011299435,80,9
v2_freeze_constraints_s12,v2,freeze_constraints,12,random_regular,100,4,443,6,0.6931471805579453,2,6,0.3333333333333333,37,41
v2_freeze_constraints_s12,v2,freeze_constraints,12,random_regular,100,4,444,34,2.813355404483615,18,34,0.5294117647058824,7,32
v2_freeze_constraints_s12,v2,freeze_constraints,12,random_regular,100,4,445,3,-1.000088900581841e-12,1,3,0.3333333333333333,99,41
v2_freeze_constraints_s12,v2,freeze_constraints,12,random_regular,100,4,446,57,3.120291565278284,24,57,0.42105263157894735,1,41
v2_freeze_constraints_s12,v2,freeze_constraints,12,random_regular,100,4,447,73,3.371971579897444,37,73,0.5068493150684932,61,32
v2_freeze_constraints_s12,v2,freeze_constraints,12,random_regular,100,4,448,39,2.725550395815721,19,39,0.48717948717948717,27,32
v2_freeze_constraints_s12,v2,freeze_constraints,12,random_regular,100,4,449,159,3.931378720854185,62,159,0.389937106918239,8,60
v2_freeze_constraints_s12,v2,freeze_constraints,12,random_regular,100,4,450,0,0.0,0,0,,60,60
v2_freeze_constraints_s12,v2,freeze_constraints,12,random_regular,100,4,451,47,2.5126585295168016,16,47,0.3404255319148936,85,9
v2_freeze_constraints_s12,v2,freeze_constraints,12,random_regular,100,4,452,0,0.0,0,0,,9,9
v2_freeze_constraints_s12,v2,freeze_constraints,12,random_regular,100,4,453,186,3.709076019634,69,186,0.3709677419354839,75,9
v2_freeze_constraints_s12,v2,freeze_constraints,12,random_regular,100,4,454,36,2.441015278014703,14,36,0.3888888888888889,26,9
v2_freeze_constraints_s12,v2,freeze_constraints,12,random_regular,100,4,455,67,3.5065025850265608,36,67,0.5373134328358209,90,9
v2_freeze_constraints_s12,v2,freeze_constraints,12,random_regular,100,4,456,128,3.912266707267392,57,128,0.4453125,10,41
v2_freeze_constraints_s12,v2,freeze_constraints,12,random_regular,100,4,457,108,3.4430756059649883,41,108,0.37962962962962965,90,41
v2_freeze_constraints_s12,v2,freeze_constraints,12,random_regular,100,4,458,12,1.9459101490483133,7,12,0.5833333333333334,75,60
v2_freeze_constraints_s12,v2,freeze_constraints,12,random_regular,100,4,459,99,3.3909780549362365,36,99,0.36363636363636365,91,32
v2_freeze_constraints_s12,v2,freeze_constraints,12,random_regular,100,4,460,126,3.568540381308927,54,126,0.42857142857142855,83,41
v2_freeze_constraints_s12,v2,freeze_constraints,12,random_regular,100,4,461,57,2.9713765399480208,26,57,0.45614035087719296,92,41
v2_freeze_constraints_s12,v2,freeze_constraints,12,random_regular,100,4,462,2,-1.000088900581841e-12,1,2,0.5,38,79
v2_freeze_constraints_s12,v2,freeze_constraints,12,random_regular,100,4,463,59,2.8215638078423653,21,59,0.3559322033898305,71,79
v2_freeze_constraints_s12,v2,freeze_constraints,12,random_regular,100,4,464,4,0.6931471805579453,2,4,0.5,10,32
v2_freeze_constraints_s12,v2,freeze_constraints,12,random_regular,100,4,465,180,4.054708794343121,76,180,0.4222222222222222,54,60
v2_freeze_constraints_s12,v2,freeze_constraints,12,random_regular,100,4,466,3,-1.000088900581841e-12,1,3,0.3333333333333333,33,60
v2_freeze_constraints_s12,v2,freeze_constraints,12,random_regular,100,4,467,27,2.197224577327219,9,27,0.3333333333333333,40,41
v2_freeze_constraints_s12,v2,freeze_constraints,12,random_regular,100,4,468,1,-1.000088900581841e-12,1,1,1.0,51,79
v2_freeze_constraints_s12,v2,freeze_constraints,12,random_regular,100,4,469,89,3.4334467238276125,44,89,0.4943820224719101,14,32
v2_freeze_constraints_s12,v2,freeze_constraints,12,random_regular,100,4,470,130,3.863528576407119,49,130,0.3769230769230769,6,79
v2_freeze_constraints_s12,v2,freeze_constraints,12,random_regular,100,4,471,20,2.0431918705371204,9,20,0.45,83,32
v2_freeze_constraints_s12,v2,freeze_constraints,12,random_regular,100,4,472,65,3.4011973816321546,30,65,0.46153846153846156,67,79
v2_freeze_constraints_s12,v2,freeze_constraints,12,random_regular,100,4,473,98,3.323702134166762,46,98,0.46938775510204084,12,60
v2_freeze_constraints_s12,v2,freeze_constraints,12,random_regular,100,4,474,57,2.838988933136699,22,57,0.38596491228070173,63,9
v2_freeze_constraints_s12,v2,freeze_constraints,12,random_regular,100,4,475,19,1.5607104090364066,6,19,0.3157894736842105,11,41
v2_freeze_constraints_s12,v2,freeze_constraints,12,random_regular,100,4,476,106,3.555595131691821,43,106,0.4056603773584906,78,32
v2_freeze_constraints_s12,v2,freeze_constraints,12,random_regular,100,4,477,68,2.966826759871555,29,68,0.4264705882352941,18,9
v2_freeze_constraints_s12,v2,freeze_constraints,12,random_regular,100,4,478,46,2.4583113296710835,13,46,0.2826086956521739,56,79
v2_freeze_constraints_s12,v2,freeze_constraints,12,random_regular,100,4,479,19,2.197224577327219,9,19,0.47368421052631576,70,60
v2_freeze_constraints_s12,v2,freeze_constraints,12,random_regular,100,4,480,4,-1.000088900581841e-12,1,4,0.25,70,9
v2_freeze_constraints_s12,v2,freeze_constraints,12,random_regular,100,4,481,29,2.484906649776,12,29,0.41379310344827586,72,32
v2_freeze_constraints_s12,v2,freeze_constraints,12,random_regular,100,4,482,52,2.787788119369007,20,52,0.38461538461538464,6,32
v2_freeze_constraints_s12,v2,freeze_constraints,12,random_regular,100,4,483,0,0.0,0,0,,60,60
v2_freeze_constraints_s12,v2,freeze_constraints,12,random_regular,100,4,484,35,2.9444389791474395,19,35,0.5428571428571428,39,9
v2_freeze_constraints_s12,v2,freeze_constraints,12,random_regular,100,4,485,18,2.197224577327219,9,18,0.5,52,79
v2_freeze_constraints_s12,v2,freeze_constraints,12,random_regular,100,4,486,141,3.654807991279348,49,141,0.3475177304964539,1,9
v2_freeze_constraints_s12,v2,freeze_constraints,12,random_regular,100,4,487,158,3.889182953668719,61,158,0.3860759493670886,63,60
v2_freeze_constraints_s12,v2,freeze_constraints,12,random_regular,100,4,488,20,1.9459101490483133,7,20,0.35,62,60
v2_freeze_constraints_s12,v2,freeze_constraints,12,random_regular,100,4,489,87,3.176082814634593,29,87,0.3333333333333333,78,32
v2_freeze_constraints_s12,v2,freeze_constraints,12,random_regular,100,4,490,0,0.0,0,0,,9,9
v2_freeze_constraints_s12,v2,freeze_constraints,12,random_regular,100,4,491,39,2.5649493574485365,13,39,0.3333333333333333,35,79
v2_freeze_constraints_s12,v2,freeze_constraints,12,random_regular,100,4,492,13,2.079441541671836,8,13,0.6153846153846154,80,60
v2_freeze_constraints_s12,v2,freeze_constraints,12,random_regular,100,4,493,28,2.2718685126865625,11,28,0.39285714285714285,65,79
v2_freeze_constraints_s12,v2,freeze_constraints,12,random_regular,100,4,494,52,3.0280290732864104,22,52,0.4230769230769231,14,41
v2_freeze_constraints_s12,v2,freeze_constraints,12,random_regular,100,4,495,11,1.3862943611158909,4,11,0.36363636363636365,58,9
v2_freeze_constraints_s12,v2,freeze_constraints,12,random_regular,100,4,496,26,2.197224577327219,9,26,0.34615384615384615,67,41
v2_freeze_constraints_s12,v2,freeze_constraints,12,random_regular,100,4,497,89,3.41372852038248,45,89,0.5056179775280899,8,41
v2_freeze_constraints_s12,v2,freeze_constraints,12,random_regular,100,4,498,23,2.16822349160464,14,23,0.6086956521739131,23,9
v2_freeze_constraints_s12,v2,freeze_constraints,12,random_regular,100,4,499,12,1.6094379124291005,5,12,0.4166666666666667,28,41
v2_freeze_constraints_s12,v2,freeze_constraints,12,random_regular,100,4,500,43,2.772588722223781,16,43,0.37209302325581395,23,79
v2_freeze_constraints_s12,v2,freeze_constraints,12,random_regular,100,4,501,1,-1.000088900581841e-12,1,1,1.0,86,60
v2_freeze_constraints_s12,v2,freeze_constraints,12,random_regular,100,4,502,21,2.639057329601259,14,21,0.6666666666666666,51,60
v2_freeze_constraints_s12,v2,freeze_constraints,12,random_regular,100,4,503,1,-1.000088900581841e-12,1,1,1.0,70,9
v2_freeze_constraints_s12,v2,freeze_constraints,12,random_regular,100,4,504,19,1.791759469222055,6,19,0.3157894736842105,54,9
v2_freeze_constraints_s12,v2,freeze_constraints,12,random_regular,100,4,505,0,0.0,0,0,,41,41
v2_freeze_constraints_s12,v2,freeze_constraints,12,random_regular,100,4,506,23,2.197224577327219,9,23,0.391304347826087,49,60
v2_freeze_constraints_s12,v2,freeze_constraints,12,random_regular,100,4,507,0,0.0,0,0,,32,32
v2_freeze_constraints_s12,v2,freeze_constraints,12,random_regular,100,4,508,47,2.9957322735339904,20,47,0.425531914893617,93,79
v2_freeze_constraints_s12,v2,freeze_constraints,12,random_regular,100,4,509,55,2.9970687270680187,25,55,0.45454545454545453,29,41
v2_freeze_constraints_s12,v2,freeze_constraints,12,random_regular,100,4,510,4,-1.000088900581841e-12,1,4,0.25,38,79
v2_freeze_constraints_s12,v2,freeze_constraints,12,random_regular,100,4,511,3,0.6931471805579453,2,3,0.6666666666666666,81,79
v2_freeze_constraints_s12,v2,freeze_constraints,12,random_regular,100,4,512,30,2.2718685126865625,11,30,0.36666666666666664,15,79
v2_freeze_constraints_s12,v2,freeze_constraints,12,random_regular,100,4,513,45,2.3046193848096714,14,45,0.3111111111111111,20,79
v2_freeze_constraints_s12,v2,freeze_constraints,12,random_regular,100,4,514,116,3.6028721772172494,44,116,0.3793103448275862,96,79
v2_freeze_constraints_s12,v2,freeze_constraints,12,random_regular,100,4,515,298,4.458065783494694,119,298,0.39932885906040266,48,32
v2_freeze_constraints_s12,v2,freeze_constraints,12,random_regular,100,4,516,71,3.2551105127007407,31,71,0.43661971830985913,52,9
v2_freeze_constraints_s12,v2,freeze_constraints,12,random_regular,100,4,517,11,1.6094379124291005,5,11,0.45454545454545453,49,32
v2_freeze_constraints_s12,v2,freeze_constraints,12,random_regular,100,4,518,19,2.197224577327219,9,19,0.47368421052631576,36,32
v2_freeze_constraints_s12,v2,freeze_constraints,12,random_regular,100,4,519,94,3.454772892723726,40,94,0.425531914893617,18,41
v2_freeze_constraints_s12,v2,freeze_constraints,12,random_regular,100,4,520,67,3.176082814634593,29,67,0.43283582089552236,26,41
v2_freeze_constraints_s12,v2,freeze_constraints,12,random_regular,100,4,521,24,2.1639556568730565,10,24,0.4166666666666667,24,9
v2_freeze_constraints_s12,v2,freeze_constraints,12,random_regular,100,4,522,69,2.752191546552043,22,69,0.3188405797101449,26,41
v2_freeze_constraints_s12,v2,freeze_constraints,12,random_regular,100,4,523,79,3.3176975995541462,35,79,0.4430379746835443,22,9
v2_freeze_constraints_s12,v2,freeze_constraints,12,random_regular,100,4,524,53,2.9683918915209624,27,53,0.5094339622641509,62,9
v2_freeze_constraints_s12,v2,freeze_constraints,12,random_regular,100,4,525,82,3.152706716658356,30,82,0.36585365853658536,39,9
v2_freeze_constraints_s12,v2,freeze_constraints,12,random_regular,100,4,526,175,4.101233670543094,81,175,0.46285714285714286,94,79
v2_freeze_constraints_s12,v2,freeze_constraints,12,random_regular,100,4,527,19,2.079441541671836,8,19,0.42105263157894735,13,41
v2_freeze_constraints_s12,v2,freeze_constraints,12,random_regular,100,4,528,132,3.636445433177706,46,132,0.3484848484848485,48,60
v2_freeze_constraints_s12,v2,freeze_constraints,12,random_regular,100,4,529,66,3.163424050399405,25,66,0.3787878787878788,2,9
v2_freeze_constraints_s12,v2,freeze_constraints,12,random_regular,100,4,530,1,-1.000088900581841e-12,1,1,1.0,89,41
v2_freeze_constraints_s12,v2,freeze_constraints,12,random_regular,100,4,531,53,2.3947004058463333,17,53,0.32075471698113206,98,60
v2_freeze_constraints_s12,v2,freeze_constraints,12,random_regular,100,4,532,129,4.011106691942162,63,129,0.4883720930232558,43,79
v2_freeze_constraints_s12,v2,freeze_constraints,12,random_regular,100,4,533,15,2.0431918705371204,9,15,0.6,57,9
v2_freeze_constraints_s12,v2,freeze_constraints,12,random_regular,100,4,534,135,3.883612493446919,61,135,0.45185185185185184,43,60
v2_freeze_constraints_s12,v2,freeze_constraints,12,random_regular,100,4,535,69,3.0047670351869598,24,69,0.34782608695652173,95,60
v2_freeze_constraints_s12,v2,freeze_constraints,12,random_regular,100,4,536,28,2.5649493574485365,13,28,0.4642857142857143,91,79
v2_freeze_constraints_s12,v2,freeze_constraints,12,random_regular,100,4,537,68,2.730113963023932,24,68,0.35294117647058826,28,32
v2_freeze_constraints_s12,v2,freeze_constraints,12,random_regular,100,4,538,218,4.109865805874369,70,218,0.3211009174311927,84,60
v2_freeze_constraints_s12,v2,freeze_constraints,12,random_regular,100,4,539,141,3.8184582605773336,63,141,0.44680851063829785,96,41
v2_freeze_constraints_s12,v2,freeze_constraints,12,random_regular,100,4,540,57,2.5993019270857944,16,57,0.2807017543859649,12,79
v2_freeze_constraints_s12,v2,freeze_constraints,12,random_regular,100,4,541,31,2.1639556568730565,10,31,0.3225806451612903,99,41
v2_freeze_constraints_s12,v2,freeze_constraints,12,random_regular,100,4,542,45,2.813355404483615,18,45,0.4,4,79
v2_freeze_constraints_s12,v2,freeze_constraints,12,random_regular,100,4,543,48,2.8716496251169272,23,48,0.4791666666666667,81,60
v2_freeze_constraints_s12,v2,freeze_constraints,12,random_regular,100,4,544,1,-1.000088900581841e-12,1,1,1.0,42,32
v2_freeze_constraints_s12,v2,freeze_constraints,12,random_regular,100,4,545,175,4.057603811787232,72,175,0.4114285714285714,12,79
v2_freeze_constraints_s12,v2,freeze_constraints,12,random_regular,100,4,546,74,3.176082814634593,29,74,0.3918918918918919,37,79
v2_freeze_constraints_s12,v2,freeze_constraints,12,random_regular,100,4,547,104,3.161213668517692,39,104,0.375,35,41
v2_freeze_constraints_s12,v2,freeze_constraints,12,random_regular,100,4,548,1,-1.000088900581841e-12,1,1,1.0,89,41
v2_freeze_constraints_s12,v2,freeze_constraints,12,random_regular,100,4,549,27,2.540036303807981,14,27,0.5185185185185185,61,9
v2_freeze_constraints_s12,v2,freeze_constraints,12,random_regular,100,4,550,7,1.0986122886651095,3,7,0.42857142857142855,65,32
v2_freeze_constraints_s12,v2,freeze_constraints,12,random_regular,100,4,551,9,1.3862943611158909,4,9,0.4444444444444444,69,9
v2_freeze_constraints_s12,v2,freeze_constraints,12,random_regular,100,4,552,0,0.0,0,0,,41,41
v2_freeze_constraints_s12,v2,freeze_constraints,12,random_regular,100,4,553,127,3.603369244538295,50,127,0.3937007874015748,25,60
v2_freeze_constraints_s12,v2,freeze_constraints,12,random_regular,100,4,554,19,2.2718685126865625,11,19,0.5789473684210527,17,9
v2_freeze_constraints_s12,v2,freeze_constraints,12,random_regular,100,4,555,0,0.0,0,0,,60,60
v2_freeze_constraints_s12,v2,freeze_constraints,12,random_regular,100,4,556,38,1.277034259462139,7,38,0.18421052631578946,44,41
v2_freeze_constraints_s12,v2,freeze_constraints,12,random_regular,100,4,557,126,3.656413944955675,53,126,0.42063492063492064,19,79
v2_freeze_constraints_s12,v2,freeze_constraints,12,random_regular,100,4,558,17,2.197224577327219,9,17,0.5294117647058824,54,32
v2_freeze_constraints_s12,v2,freeze_constraints,12,random_regular,100,4,559,50,2.9785084205072385,21,50,0.42,45,32
v2_freeze_constraints_s12,v2,freeze_constraints,12,random_regular,100,4,560,30,2.3978952727873706,11,30,0.36666666666666664,91,60
v2_freeze_constraints_s12,v2,freeze_constraints,12,random_regular,100,4,561,67,2.912494403312053,21,67,0.31343283582089554,3,9
v2_freeze_constraints_s12,v2,freeze_constraints,12,random_regular,100,4,562,73,3.080476306973153,29,73,0.3972602739726027,30,9
v2_freeze_constraints_s12,v2,freeze_constraints,12,random_regular,100,4,563,88,3.510699721139568,41,88,0.4659090909090909,19,79
v2_freeze_constraints_s12,v2,freeze_constraints,12,random_regular,100,4,564,65,3.163424050399405,25,65,0.38461538461538464,13,9
v2_freeze_constraints_s12,v2,freeze_constraints,12,random_regular,100,4,565,57,2.8782183066518505,22,57,0.38596491228070173,72,32
v2_freeze_constraints_s12,v2,freeze_constraints,12,random_regular,100,4,566,122,3.726795348248236,48,122,0.39344262295081966,36,60
v2_freeze_constraints_s12,v2,freeze_constraints,12,random_regular,100,4,567,45,2.5823063442999667,18,45,0.4,35,9
v2_freeze_constraints_s12,v2,freeze_constraints,12,random_regular,100,4,568,4,-1.000088900581841e-12,1,4,0.25,70,9
v2_freeze_constraints_s12,v2,freeze_constraints,12,random_regular,100,4,569,117,3.931733637286508,65,117,0.5555555555555556,20,32
v2_freeze_constraints_s12,v2,freeze_constraints,12,random_regular,100,4,570,105,3.614182604033629,47,105,0.44761904761904764,92,32
v2_freeze_constraints_s12,v2,freeze_constraints,12,random_regular,100,4,571,93,3.4544986414005443,33,93,0.3548387096774194,57,79
v2_freeze_constraints_s12,v2,freeze_constraints,12,random_regular,100,4,572,78,3.328471881301735,33,78,0.4230769230769231,92,41
v2_freeze_constraints_s12,v2,freeze_constraints,12,random_regular,100,4,573,7,0.6931471805579453,2,7,0.2857142857142857,83,79
v2_freeze_constraints_s12,v2,freeze_constraints,12,random_regular,100,4,574,0,0.0,0,0,,79,79
v2_freeze_constraints_s12,v2,freeze_constraints,12,random_regular,100,4,575,6,-1.000088900581841e-12,1,6,0.16666666666666666,82,41
v2_freeze_constraints_s12,v2,freeze_constraints,12,random_regular,100,4,576,22,2.1458417525857545,11,22,0.5,54,32
v2_freeze_constraints_s12,v2,freeze_constraints,12,random_regular,100,4,577,98,3.66448190441264,43,98,0.4387755102040816,44,32
v2_freeze_constraints_s12,v2,freeze_constraints,12,random_regular,100,4,578,116,3.7579349863326255,54,116,0.46551724137931033,65,60
v2_freeze_constraints_s12,v2,freeze_constraints,12,random_regular,100,4,579,10,1.6094379124291005,5,10,0.5,30,79
v2_freeze_constraints_s12,v2,freeze_constraints,12,random_regular,100,4,580,4,-1.000088900581841e-12,1,4,0.25,95,9
v2_freeze_constraints_s12,v2,freeze_constraints,12,random_regular,100,4,581,20,2.302585092984045,10,20,0.5,18,41
v2_freeze_constraints_s12,v2,freeze_constraints,12,random_regular,100,4,582,117,3.780485017003216,55,117,0.4700854700854701,3,41
v2_freeze_constraints_s12,v2,freeze_constraints,12,random_regular,100,4,583,34,2.8332133440392155,17,34,0.5,22,9
v2_freeze_constraints_s12,v2,freeze_constraints,12,random_regular,100,4,584,0,0.0,0,0,,41,41
v2_freeze_constraints_s12,v2,freeze_constraints,12,random_regular,100,4,585,42,2.6593226976945163,18,42,0.42857142857142855,31,79
v2_freeze_constraints_s12,v2,freeze_constraints,12,random_regular,100,4,586,9,1.6094379124291005,5,9,0.5555555555555556,58,32
v2_freeze_constraints_s12,v2,freeze_constraints,12,random_regular,100,4,587,33,2.3978952727873706,11,33,0.3333333333333333,24,32
v2_freeze_constraints_s12,v2,freeze_constraints,12,random_regular,100,4,588,117,3.658162873776453,44,117,0.37606837606837606,22,41
v2_freeze_constraints_s12,v2,freeze_constraints,12,random_regular,100,4,589,116,3.871265197698588,52,116,0.4482758620689655,11,9
v2_freeze_constraints_s12,v2,freeze_constraints,12,random_regular,100,4,590,0,0.0,0,0,,32,32
v2_freeze_constraints_s12,v2,freeze_constraints,12,random_regular,100,4,591,29,2.245035274116177,13,29,0.4482758620689655,70,79
v2_freeze_constraints_s12,v2,freeze_constraints,12,random_regular,100,4,592,2,-1.000088900581841e-12,1,2,0.5,51,79
v2_freeze_constraints_s12,v2,freeze_constraints,12,random_regular,100,4,593,31,2.484906649776,12,31,0.3870967741935484,82,60
v2_freeze_constraints_s12,v2,freeze_constraints,12,random_regular,100,4,594,10,1.7478680974607577,7,10,0.7,66,32
v2_freeze_constraints_s12,v2,freeze_constraints,12,random_regular,100,4,595,138,3.699339493652792,57,138,0.41304347826086957,33,60
v2_freeze_constraints_s12,v2,freeze_constraints,12,random_regular,100,4,596,64,3.367295829957475,29,64,0.453125,54,9
v2_freeze_constraints_s12,v2,freeze_constraints,12,random_regular,100,4,597,94,3.4294862316330117,36,94,0.3829787234042553,48,79
v2_freeze_constraints_s12,v2,freeze_constraints,12,random_regular,100,4,598,53,2.902002313186603,22,53,0.41509433962264153,19,79
v2_freeze_constraints_s12,v2,freeze_constraints,12,random_regular,100,4,599,22,2.302585092984045,10,22,0.45454545454545453,46,79
v2_freeze_constraints_s12,v2,freeze_constraints,12,random_regular,100,4,600,25,2.430791328866232,15,25,0.6,20,32
v2_freeze_constraints_s12,v2,freeze_constraints,12,random_regular,100,4,601,8,1.3862943611158909,4,8,0.5,66,60
v2_freeze_constraints_s12,v2,freeze_constraints,12,random_regular,100,4,602,103,3.689669563800905,44,103,0.42718446601941745,83,60
v2_freeze_constraints_s12,v2,freeze_constraints,12,random_regular,100,4,603,29,2.5649493574485365,13,29,0.4482758620689655,37,41
v2_freeze_constraints_s12,v2,freeze_constraints,12,random_regular,100,4,604,168,3.9891020195444336,63,168,0.375,74,9
v2_freeze_constraints_s12,v2,freeze_constraints,12,random_regular,100,4,605,38,2.1458417525857545,11,38,0.2894736842105263,87,9
v2_freeze_constraints_s12,v2,freeze_constraints,12,random_regular,100,4,606,63,2.730113963023932,24,63,0.38095238095238093,20,79
v2_freeze_constraints_s12,v2,freeze_constraints,12,random_regular,100,4,607,206,4.112689569172476,90,206,0.4368932038834951,76,32
v2_freeze_constraints_s12,v2,freeze_constraints,12,random_regular,100,4,608,5,0.6931471805579453,2,5,0.4,53,60
v2_freeze_constraints_s12,v2,freeze_constraints,12,random_regular,100,4,609,36,2.1458417525857545,11,36,0.3055555555555556,67,79
v2_freeze_constraints_s12,v2,freeze_constraints,12,random_regular,100,4,610,120,3.5602101588675605,45,120,0.375,44,79
v2_freeze_constraints_s12,v2,freeze_constraints,12,random_regular,100,4,611,35,2.441015278014703,14,35,0.4,44,9
v2_freeze_constraints_s12,v2,freeze_constraints,12,random_regular,100,4,612,101,3.539858797168345,44,101,0.43564356435643564,36,41
v2_freeze_constraints_s12,v2,freeze_constraints,12,random_regular,100,4,613,54,2.668078702201483,23,54,0.42592592592592593,0,79
v2_freeze_constraints_s12,v2,freeze_constraints,12,random_regular,100,4,614,315,4.528127505350464,124,315,0.39365079365079364,49,32
v2_freeze_constraints_s12,v2,freeze_constraints,12,random_regular,100,4,615,80,3.322493706775413,34,80,0.425,35,60
v2_freeze_constraints_s12,v2,freeze_constraints,12,random_regular,100,4,616,27,2.639057329601259,14,27,0.5185185185185185,7,41
v2_freeze_constraints_s12,v2,freeze_constraints,12,random_regular,100,4,617,112,3.598224547970332,49,112,0.4375,87,79
v2_freeze_constraints_s12,v2,freeze_constraints,12,random_regular,100,4,618,102,3.473613549464628,42,102,0.4117647058823529,92,79
v2_freeze_constraints_s12,v2,freeze_constraints,12,random_regular,100,4,619,125,3.669285981856381,50,125,0.4,72,60
v2_freeze_constraints_s12,v2,freeze_constraints,12,random_regular,100,4,620,4,-1.000088900581841e-12,1,4,0.25,61,79
v2_freeze_constraints_s12,v2,freeze_constraints,12,random_regular,100,4,621,4,1.0986122886651095,3,4,0.75,42,32
v2_freeze_constraints_s12,v2,freeze_constraints,12,random_regular,100,4,622,62,3.3445488585774434,31,62,0.5,88,32
v2_freeze_constraints_s12,v2,freeze_constraints,12,random_regular,100,4,623,0,0.0,0,0,,79,79
v2_freeze_constraints_s12,v2,freeze_constraints,12,random_regular,100,4,624,99,3.368446457810076,38,99,0.3838383838383838,40,41
v2_freeze_constraints_s12,v2,freeze_constraints,12,random_regular,100,4,625,64,3.1836729714587872,28,64,0.4375,94,9
v2_freeze_constraints_s12,v2,freeze_constraints,12,random_regular,100,4,626,74,2.894399544411038,23,74,0.3108108108108108,8,41
v2_freeze_constraints_s12,v2,freeze_constraints,12,random_regular,100,4,627,142,3.697310641874398,59,142,0.4154929577464789,22,32
v2_freeze_constraints_s12,v2,freeze_constraints,12,random_regular,100,4,628,2,0.6931471805579453,2,2,1.0,98,60
v2_freeze_constraints_s12,v2,freeze_constraints,12,random_regular,100,4,629,0,0.0,0,0,,60,60
v2_freeze_constraints_s12,v2,freeze_constraints,12,random_regular,100,4,630,130,3.750361689789087,49,130,0.3769230769230769,19,32
v2_freeze_constraints_s12,v2,freeze_constraints,12,random_regular,100,4,631,0,0.0,0,0,,79,79
v2_freeze_constraints_s12,v2,freeze_constraints,12,random_regular,100,4,632,308,4.484512735649566,125,308,0.40584415584415584,10,41
v2_freeze_constraints_s12,v2,freeze_constraints,12,random_regular,100,4,633,11,1.9459101490483133,7,11,0.6363636363636364,11,60
v2_freeze_constraints_s12,v2,freeze_constraints,12,random_regular,100,4,634,147,3.860940536713552,64,147,0.43537414965986393,73,32
v2_freeze_constraints_s12,v2,freeze_constraints,12,random_regular,100,4,635,8,1.6094379124291005,5,8,0.625,91,41
v2_freeze_constraints_s12,v2,freeze_constraints,12,random_regular,100,4,636,45,2.9957322735339904,20,45,0.4444444444444444,37,32
v2_freeze_constraints_s12,v2,freeze_constraints,12,random_regular,100,4,637,54,2.902002313186603,22,54,0.4074074074074074,71,41
v2_freeze_constraints_s12,v2,freeze_constraints,12,random_regular,100,4,638,92,3.555348061454413,35,92,0.3804347826086957,23,79
v2_freeze_constraints_s12,v2,freeze_constraints,12,random_regular,100,4,639,30,2.5649493574485365,13,30,0.43333333333333335,40,79
v2_freeze_constraints_s12,v2,freeze_constraints,12,random_regular,100,4,640,5,1.3862943611158909,4,5,0.8,70,9
v2_freeze_constraints_s12,v2,freeze_constraints,12,random_regular,100,4,641,18,1.7478680974607577,7,18,0.3888888888888889,12,9
v2_freeze_constraints_s12,v2,freeze_constraints,12,random_regular,100,4,642,243,4.181329991251991,102,243,0.41975308641975306,35,41
v2_freeze_constraints_s12,v2,freeze_constraints,12,random_regular,100,4,643,19,1.791759469222055,6,19,0.3157894736842105,36,32
v2_freeze_constraints_s12,v2,freeze_constraints,12,random_regular,100,4,644,304,4.460701771085416,128,304,0.42105263157894735,66,9
v2_freeze_constraints_s12,v2,freeze_constraints,12,random_regular,100,4,645,23,2.5649493574485365,13,23,0.5652173913043478,39,41
v2_freeze_constraints_s12,v2,freeze_constraints,12,random_regular,100,4,646,44,2.9444389791474395,19,44,0.4318181818181818,96,32
v2_freeze_constraints_s12,v2,freeze_constraints,12,random_regular,100,4,647,44,2.6701198897918164,17,44,0.38636363636363635,54,79
v2_freeze_constraints_s12,v2,freeze_constraints,12,random_regular,100,4,648,82,3.1399967357542797,29,82,0.35365853658536583,6,79
v2_freeze_constraints_s12,v2,freeze_constraints,12,random_regular,100,4,649,68,3.3111785912900054,37,68,0.5441176470588235,11,60
v2_freeze_constraints_s12,v2,freeze_constraints,12,random_regular,100,4,650,97,3.376963222829961,40,97,0.41237113402061853,45,32
v2_freeze_constraints_s12,v2,freeze_constraints,12,random_regular,100,4,651,31,2.3516733018936304,13,31,0.41935483870967744,74,9
v2_freeze_constraints_s12,v2,freeze_constraints,12,random_regular,100,4,652,10,1.039720770836918,4,10,0.4,57,41
v2_freeze_constraints_s12,v2,freeze_constraints,12,random_regular,100,4,653,137,3.8750346550245496,61,137,0.44525547445255476,3,41
v2_freeze_constraints_s12,v2,freeze_constraints,12,random_regular,100,4,654,25,2.61563057701355,15,25,0.6,19,32
v2_freeze_constraints_s12,v2,freeze_constraints,12,random_regular,100,4,655,60,3.322493706775413,34,60,0.5666666666666667,73,79
v2_freeze_constraints_s12,v2,freeze_constraints,12,random_regular,100,4,656,49,2.902002313186603,22,49,0.4489795918367347,23,9
v2_freeze_constraints_s12,v2,freeze_constraints,12,random_regular,100,4,657,290,4.3118013605695005,106,290,0.36551724137931035,10,9
v2_freeze_constraints_s12,v2,freeze_constraints,12,random_regular,100,4,658,121,3.455179006914453,38,121,0.3140495867768595,45,60
v2_freeze_constraints_s12,v2,freeze_constraints,12,random_regular,100,4,659,3,-1.000088900581841e-12,1,3,0.3333333333333333,42,32
v2_freeze_constraints_s12,v2,freeze_constraints,12,random_regular,100,4,660,123,3.5982245479703314,49,123,0.3983739837398374,15,9
v2_freeze_constraints_s12,v2,freeze_constraints,12,random_regular,100,4,661,8,1.0986122886651095,3,8,0.375,64,41
v2_freeze_constraints_s12,v2,freeze_constraints,12,random_regular,100,4,662,113,3.741549936056027,51,113,0.45132743362831856,69,32
v2_freeze_constraints_s12,v2,freeze_constraints,12,random_regular,100,4,663,20,2.197224577327219,9,20,0.45,77,41
v2_freeze_constraints_s12,v2,freeze_constraints,12,random_regular,100,4,664,12,1.3321790402061222,5,12,0.4166666666666667,36,79
v2_freeze_constraints_s12,v2,freeze_constraints,12,random_regular,100,4,665,105,3.3274061159414545,35,105,0.3333333333333333,31,60
v2_freeze_constraints_s12,v2,freeze_constraints,12,random_regular,100,4,666,25,2.079441541671836,8,25,0.32,15,32
v2_freeze_constraints_s12,v2,freeze_constraints,12,random_regular,100,4,667,25,2.302585092984045,10,25,0.4,20,32
v2_freeze_constraints_s12,v2,freeze_constraints,12,random_regular,100,4,668,15,1.3862943611158909,4,15,0.26666666666666666,13,32
v2_freeze_constraints_s12,v2,freeze_constraints,12,random_regular,100,4,669,26,2.3978952727873706,11,26,0.4230769230769231,93,60
v2_freeze_constraints_s12,v2,freeze_constraints,12,random_regular,100,4,670,13,0.6931471805579453,2,13,0.15384615384615385,83,32
v2_freeze_constraints_s12,v2,freeze_constraints,12,random_regular,100,4,671,1,-1.000088900581841e-12,1,1,1.0,15,32
v2_freeze_constraints_s12,v2,freeze_constraints,12,random_regular,100,4,672,115,3.750361689789087,49,115,0.4260869565217391,67,41
v2_freeze_constraints_s12,v2,freeze_constraints,12,random_regular,100,4,673,13,1.5607104090364068,6,13,0.46153846153846156,88,41
v2_freeze_constraints_s12,v2,freeze_constraints,12,random_regular,100,4,674,248,4.117745493320124,95,248,0.38306451612903225,11,9
v2_freeze_constraints_s12,v2,freeze_constraints,12,random_regular,100,4,675,13,1.6094379124291005,5,13,0.38461538461538464,59,32
v2_freeze_constraints_s12,v2,freeze_constraints,12,random_regular,100,4,676,118,3.629250947686148,48,118,0.4067796610169492,26,60
v2_freeze_constraints_s12,v2,freeze_constraints,12,random_regular,100,4,677,68,3.218875824843201,25,68,0.36764705882352944,49,41
v2_freeze_constraints_s12,v2,freeze_constraints,12,random_regular,100,4,678,3,0.6931471805579453,2,3,0.6666666666666666,37,41
v2_freeze_constraints_s12,v2,freeze_constraints,12,random_regular,100,4,679,89,3.5602101588675605,45,89,0.5056179775280899,91,79
v2_freeze_constraints_s12,v2,freeze_constraints,12,random_regular,100,4,680,7,1.0986122886651095,3,7,0.42857142857142855,59,9
v2_freeze_constraints_s12,v2,freeze_constraints,12,random_regular,100,4,681,20,2.197224577327219,9,20,0.45,94,9
v2_freeze_constraints_s12,v2,freeze_constraints,12,random_regular,100,4,682,34,1.9722469794154411,11,34,0.3235294117647059,91,60
v2_freeze_constraints_s12,v2,freeze_constraints,12,random_regular,100,4,683,121,3.640151950681242,48,121,0.39669421487603307,31,9
v2_freeze_constraints_s12,v2,freeze_constraints,12,random_regular,100,4,684,4,-1.000088900581841e-12,1,4,0.25,42,32
v2_freeze_constraints_s12,v2,freeze_constraints,12,random_regular,100,4,685,215,4.254564988043947,82,215,0.3813953488372093,35,79
v2_freeze_constraints_s12,v2,freeze_constraints,12,random_regular,100,4,686,111,3.530656545748392,50,111,0.45045045045045046,10,32
v2_freeze_constraints_s12,v2,freeze_constraints,12,random_regular,100,4,687,10,1.9459101490483133,7,10,0.7,14,60
v2_freeze_constraints_s12,v2,freeze_constraints,12,random_regular,100,4,688,14,2.079441541671836,8,14,0.5714285714285714,1,41
v2_freeze_constraints_s12,v2,freeze_constraints,12,random_regular,100,4,689,16,1.791759469222055,6,16,0.375,68,9
v2_freeze_constraints_s12,v2,freeze_constraints,12,random_regular,100,4,690,60,2.694153703967459,24,60,0.4,65,9
v2_freeze_constraints_s12,v2,freeze_constraints,12,random_regular,100,4,691,3,-1.000088900581841e-12,1,3,0.3333333333333333,89,41
v2_freeze_constraints_s12,v2,freeze_constraints,12,random_regular,100,4,692,233,4.163004321748526,106,233,0.45493562231759654,20,32
v2_freeze_constraints_s12,v2,freeze_constraints,12,random_regular,100,4,693,77,3.2551105127007407,31,77,0.4025974025974026,42,41
v2_freeze_constraints_s12,v2,freeze_constraints,12,random_regular,100,4,694,45,2.5232109529398907,15,45,0.3333333333333333,43,32
v2_freeze_constraints_s12,v2,freeze_constraints,12,random_regular,100,4,695,37,2.8332133440392155,17,37,0.4594594594594595,18,60
v2_freeze_constraints_s12,v2,freeze_constraints,12,random_regular,100,4,696,65,2.871476118036867,19,65,0.2923076923076923,65,32
v2_freeze_constraints_s12,v2,freeze_constraints,12,random_regular,100,4,697,73,3.2238860684653137,29,73,0.3972602739726027,65,9
v2_freeze_constraints_s12,v2,freeze_constraints,12,random_regular,100,4,698,107,3.5025114553448367,40,107,0.37383177570093457,24,9
v2_freeze_constraints_s12,v2,freeze_constraints,12,random_regular,100,4,699,40,3.044522437702424,21,40,0.525,14,41
v2_freeze_constraints_s12,v2,freeze_constraints,12,random_regular,100,4,700,10,1.0986122886651095,3,10,0.3,52,79
v2_freeze_constraints_s12,v2,freeze_constraints,12,random_regular,100,4,701,26,1.9459101490483133,7,26,0.2692307692307692,39,32
v2_freeze_constraints_s12,v2,freeze_constraints,12,random_regular,100,4,702,51,2.7985132569262934,19,51,0.37254901960784315,26,32
v2_freeze_constraints_s12,v2,freeze_constraints,12,random_regular,100,4,703,26,2.3978952727873706,11,26,0.4230769230769231,3,41
v2_freeze_constraints_s12,v2,freeze_constraints,12,random_regular,100,4,704,0,0.0,0,0,,60,60
v2_freeze_constraints_s12,v2,freeze_constraints,12,random_regular,100,4,705,0,0.0,0,0,,41,41
v2_freeze_constraints_s12,v2,freeze_constraints,12,random_regular,100,4,706,39,2.9957322735339904,20,39,0.5128205128205128,72,41
v2_freeze_constraints_s12,v2,freeze_constraints,12,random_regular,100,4,707,0,0.0,0,0,,41,41
v2_freeze_constraints_s12,v2,freeze_constraints,12,random_regular,100,4,708,2,0.6931471805579453,2,2,1.0,16,32
v2_freeze_constraints_s12,v2,freeze_constraints,12,random_regular,100,4,709,70,3.062529300232621,24,70,0.34285714285714286,71,32
v2_freeze_constraints_s12,v2,freeze_constraints,12,random_regular,100,4,710,286,4.40585649390766,100,286,0.34965034965034963,25,9
v2_freeze_constraints_s12,v2,freeze_constraints,12,random_regular,100,4,711,157,4.1807207650723495,79,157,0.5031847133757962,18,79
v2_freeze_constraints_s12,v2,freeze_constraints,12,random_regular,100,4,712,152,3.977420535917364,64,152,0.42105263157894735,8,41
v2_freeze_constraints_s12,v2,freeze_constraints,12,random_regular,100,4,713,112,3.5346599717214846,46,112,0.4107142857142857,81,41
v2_freeze_constraints_s12,v2,freeze_constraints,12,random_regular,100,4,714,42,2.639057329601259,14,42,0.3333333333333333,93,41
v2_freeze_constraints_s12,v2,freeze_constraints,12,random_regular,100,4,715,10,0.6931471805579453,2,10,0.2,3,9
v2_freeze_constraints_s12,v2,freeze_constraints,12,random_regular,100,4,716,97,3.6195647360199423,40,97,0.41237113402061853,44,41
v2_freeze_constraints_s12,v2,freeze_constraints,12,random_regular,100,4,717,31,2.4260151319478083,16,31,0.5161290322580645,3,9
v2_freeze_constraints_s12,v2,freeze_constraints,12,random_regular,100,4,718,151,3.963935438772188,64,151,0.423841059602649,22,79
v2_freeze_constraints_s12,v2,freeze_constraints,12,random_regular,100,4,719,1,-1.000088900581841e-12,1,1,1.0,39,32
v2_freeze_constraints_s12,v2,freeze_constraints,12,random_regular,100,4,720,85,3.2663306919268704,34,85,0.4,56,60
v2_freeze_constraints_s12,v2,freeze_constraints,12,random_regular,100,4,721,40,2.369382119683676,12,40,0.3,18,60
v2_freeze_constraints_s12,v2,freeze_constraints,12,random_regular,100,4,722,24,2.5232109529398907,15,24,0.625,40,32
v2_freeze_constraints_s12,v2,freeze_constraints,12,random_regular,100,4,723,86,3.335770806415738,32,86,0.37209302325581395,56,79
v2_freeze_constraints_s12,v2,freeze_constraints,12,random_regular,100,4,724,38,2.484906649776,12,38,0.3157894736842105,72,32
v2_freeze_constraints_s12,v2,freeze_constraints,12,random_regular,100,4,725,13,1.7478680974607577,7,13,0.5384615384615384,31,60
v2_freeze_constraints_s12,v2,freeze_constraints,12,random_regular,100,4,726,13,1.0986122886651095,3,13,0.23076923076923078,28,60
v2_freeze_constraints_s12,v2,freeze_constraints,12,random_regular,100,4,727,38,2.61563057701355,15,38,0.39473684210526316,87,79
v2_freeze_constraints_s12,v2,freeze_constraints,12,random_regular,100,4,728,18,2.197224577327219,9,18,0.5,85,32
v2_freeze_constraints_s12,v2,freeze_constraints,12,random_regular,100,4,729,58,3.052520501511814,25,58,0.43103448275862066,62,9
v2_freeze_constraints_s12,v2,freeze_constraints,12,random_regular,100,4,730,6,1.6094379124291005,5,6,0.8333333333333334,83,9
v2_freeze_constraints_s12,v2,freeze_constraints,12,random_regular,100,4,731,62,2.8716496251169272,23,62,0.3709677419354839,87,32
v2_freeze_constraints_s12,v2,freeze_constraints,12,random_regular,100,4,732,181,3.856551680233016,75,181,0.4143646408839779,5,41
v2_freeze_constraints_s12,v2,freeze_constraints,12,random_regular,100,4,733,2,0.6931471805579453,2,2,1.0,64,9
v2_freeze_constraints_s12,v2,freeze_constraints,12,random_regular,100,4,734,56,2.7543317035412542,25,56,0.44642857142857145,24,41
v2_freeze_constraints_s12,v2,freeze_constraints,12,random_regular,100,4,735,178,4.042153394968692,77,178,0.43258426966292135,68,79
v2_freeze_constraints_s12,v2,freeze_constraints,12,random_regular,100,4,736,95,3.2551105127007407,31,95,0.3263157894736842,91,32
v2_freeze_constraints_s12,v2,freeze_constraints,12,random_regular,100,4,737,45,2.341994252221425,14,45,0.3111111111111111,78,79
v2_freeze_constraints_s12,v2,freeze_constraints,12,random_regular,100,4,738,50,2.8332133440392155,17,50,0.34,46,41
v2_freeze_constraints_s12,v2,freeze_constraints,12,random_regular,100,4,739,97,3.5951494937275497,44,97,0.4536082474226804,85,60
v2_freeze_constraints_s12,v2,freeze_constraints,12,random_regular,100,4,740,130,3.814982892455961,57,130,0.43846153846153846,47,41
v2_freeze_constraints_s12,v2,freeze_constraints,12,random_regular,100,4,741,10,1.0986122886651095,3,10,0.3,78,79
v2_freeze_constraints_s12,v2,freeze_constraints,12,random_regular,100,4,742,135,3.8349513397251753,54,135,0.4,18,9
v2_freeze_constraints_s12,v2,freeze_constraints,12,random_regular,100,4,743,185,3.866528128254509,77,185,0.41621621621621624,37,32
v2_freeze_constraints_s12,v2,freeze_constraints,12,random_regular,100,4,744,6,1.3862943611158909,4,6,0.6666666666666666,70,79
v2_freeze_constraints_s12,v2,freeze_constraints,12,random_regular,100,4,745,53,2.7804663689216818,21,53,0.39622641509433965,27,9
v2_freeze_constraints_s12,v2,freeze_constraints,12,random_regular,100,4,746,48,2.871476118036867,19,48,0.3958333333333333,59,79
v2_freeze_constraints_s12,v2,freeze_constraints,12,random_regular,100,4,747,47,2.8464803861168675,21,47,0.44680851063829785,40,41
v2_freeze_constraints_s12,v2,freeze_constraints,12,random_regular,100,4,748,16,1.6094379124291005,5,16,0.3125,28,9
v2_freeze_constraints_s12,v2,freeze_constraints,12,random_regular,100,4,749,26,2.197224577327219,9,26,0.34615384615384615,80,9
v2_freeze_constraints_s12,v2,freeze_constraints,12,random_regular,100,4,750,10,1.0986122886651095,3,10,0.3,55,32
v2_freeze_constraints_s12,v2,freeze_constraints,12,random_regular,100,4,751,17,2.302585092984045,10,17,0.5882352941176471,43,32
v2_freeze_constraints_s12,v2,freeze_constraints,12,random_regular,100,4,752,46,2.7985132569262934,19,46,0.41304347826086957,96,32
v2_freeze_constraints_s12,v2,freeze_constraints,12,random_regular,100,4,753,25,2.3978952727873706,11,25,0.44,73,32
v2_freeze_constraints_s12,v2,freeze_constraints,12,random_regular,100,4,754,42,2.61563057701355,15,42,0.35714285714285715,98,41
v2_freeze_constraints_s12,v2,freeze_constraints,12,random_regular,100,4,755,152,3.7132634702566025,62,152,0.40789473684210525,23,41
v2_freeze_constraints_s12,v2,freeze_constraints,12,random_regular,100,4,756,104,3.473613549464628,42,104,0.40384615384615385,89,9
v2_freeze_constraints_s12,v2,freeze_constraints,12,random_regular,100,4,757,92,3.382216145804879,38,92,0.41304347826086957,18,41
v2_freeze_constraints_s12,v2,freeze_constraints,12,random_regular,100,4,758,82,3.4294862316330117,36,82,0.43902439024390244,40,32
v2_freeze_constraints_s12,v2,freeze_constraints,12,random_regular,100,4,759,162,3.824162684451831,57,162,0.35185185185185186,7,32
v2_freeze_constraints_s12,v2,freeze_constraints,12,random_regular,100,4,760,163,3.980587458395682,72,163,0.44171779141104295,36,9
v2_freeze_constraints_s12,v2,freeze_constraints,12,random_regular,100,4,761,10,1.9459101490483133,7,10,0.7,58,9
v2_freeze_constraints_s12,v2,freeze_constraints,12,random_regular,100,4,762,20,1.9061547465328492,8,20,0.4,17,60
v2_freeze_constraints_s12,v2,freeze_constraints,12,random_regular,100,4,763,100,3.64100204641112,45,100,0.45,20,32
v2_freeze_constraints_s12,v2,freeze_constraints,12,random_regular,100,4,764,101,3.4294862316330117,36,101,0.3564356435643564,93,9
v2_freeze_constraints_s12,v2,freeze_constraints,12,random_regular,100,4,765,139,3.792469945491407,59,139,0.4244604316546763,85,9
v2_freeze_constraints_s12,v2,freeze_constraints,12,random_regular,100,4,766,0,0.0,0,0,,9,9
v2_freeze_constraints_s12,v2,freeze_constraints,12,random_regular,100,4,767,64,3.0752205480323718,23,64,0.359375,96,32
v2_freeze_constraints_s12,v2,freeze_constraints,12,random_regular,100,4,768,0,0.0,0,0,,79,79
v2_freeze_constraints_s12,v2,freeze_constraints,12,random_regular,100,4,769,48,2.433698951372428,19,48,0.3958333333333333,21,9
v2_freeze_constraints_s12,v2,freeze_constraints,12,random_regular,100,4,770,16,1.791759469222055,6,16,0.375,98,60
v2_freeze_constraints_s12,v2,freeze_constraints,12,random_regular,100,4,771,0,0.0,0,0,,9,9
v2_freeze_constraints_s12,v2,freeze_constraints,12,random_regular,100,4,772,0,0.0,0,0,,9,9
v2_freeze_constraints_s12,v2,freeze_constraints,12,random_regular,100,4,773,44,2.8332133440392155,17,44,0.38636363636363635,77,41
v2_freeze_constraints_s12,v2,freeze_constraints,12,random_regular,100,4,774,32,2.5993019270857944,16,32,0.5,49,60
v2_freeze_constraints_s12,v2,freeze_constraints,12,random_regular,100,4,775,39,2.751666616915516,17,39,0.4358974358974359,26,79
v2_freeze_constraints_s12,v2,freeze_constraints,12,random_regular,100,4,776,419,4.651435392718996,170,419,0.40572792362768495,75,60
v2_freeze_constraints_s12,v2,freeze_constraints,12,random_regular,100,4,777,133,3.644129457733132,49,133,0.3684210526315789,45,9
v2_freeze_constraints_s12,v2,freeze_constraints,12,random_regular,100,4,778,179,4.01565994455204,81,179,0.45251396648044695,18,41
v2_freeze_constraints_s12,v2,freeze_constraints,12,random_regular,100,4,779,66,3.120291565278284,24,66,0.36363636363636365,8,41
v2_freeze_constraints_s12,v2,freeze_constraints,12,random_regular,100,4,780,101,3.1865891168464264,33,101,0.32673267326732675,5,41
v2_freeze_constraints_s12,v2,freeze_constraints,12,random_regular,100,4,781,233,4.376870742686161,88,233,0.3776824034334764,82,41
v2_freeze_constraints_s12,v2,freeze_constraints,12,random_regular,100,4,782,32,2.61563057701355,15,32,0.46875,93,32
v2_freeze_constraints_s12,v2,freeze_constraints,12,random_regular,100,4,783,30,2.302585092984045,10,30,0.3333333333333333,75,9
v2_freeze_constraints_s12,v2,freeze_constraints,12,random_regular,100,4,784,5,-1.000088900581841e-12,1,5,0.2,70,9
v2_freeze_constraints_s12,v2,freeze_constraints,12,random_regular,100,4,785,14,1.0986122886651095,3,14,0.21428571428571427,15,32
v2_freeze_constraints_s12,v2,freeze_constraints,12,random_regular,100,4,786,113,3.4040404338981127,34,113,0.3008849557522124,69,79
v2_freeze_constraints_s12,v2,freeze_constraints,12,random_regular,100,4,787,254,4.244110768365234,97,254,0.38188976377952755,81,60
v2_freeze_constraints_s12,v2,freeze_constraints,12,random_regular,100,4,788,91,3.3081015535038034,39,91,0.42857142857142855,98,41
v2_freeze_constraints_s12,v2,freeze_constraints,12,random_regular,100,4,789,83,3.4469064102262488,37,83,0.4457831325301205,77,9
v2_freeze_constraints_s12,v2,freeze_constraints,12,random_regular,100,4,790,185,3.93398280735348,74,185,0.4,42,60
v2_freeze_constraints_s12,v2,freeze_constraints,12,random_regular,100,4,791,29,1.7478680974607577,7,29,0.2413793103448276,95,79
v2_freeze_constraints_s12,v2,freeze_constraints,12,random_regular,100,4,792,13,1.0986122886651095,3,13,0.23076923076923078,66,32
v2_freeze_constraints_s12,v2,freeze_constraints,12,random_regular,100,4,793,125,3.672697835847172,53,125,0.424,2,41
v2_freeze_constraints_s12,v2,freeze_constraints,12,random_regular,100,4,794,1,-1.000088900581841e-12,1,1,1.0,78,60
v2_freeze_constraints_s12,v2,freeze_constraints,12,random_regular,100,4,795,0,0.0,0,0,,32,32
v2_freeze_constraints_s12,v2,freeze_constraints,12,random_regular,100,4,796,15,1.039720770836918,4,15,0.26666666666666666,3,9
v2_freeze_constraints_s12,v2,freeze_constraints,12,random_regular,100,4,797,45,2.736339051089065,18,45,0.4,7,9
v2_freeze_constraints_s12,v2,freeze_constraints,12,random_regular,100,4,798,161,3.7132634702566025,62,161,0.38509316770186336,16,79
v2_freeze_constraints_s12,v2,freeze_constraints,12,random_regular,100,4,799,10,0.6931471805579453,2,10,0.2,84,79
v2_freeze_constraints_s12,v2,freeze_constraints,12,random_regular,100,4,800,19,2.3978952727873706,11,19,0.5789473684210527,43,41
v2_freeze_constraints_s12,v2,freeze_constraints,12,random_regular,100,4,801,19,1.8891591637470213,9,19,0.47368421052631576,94,9
v2_freeze_constraints_s12,v2,freeze_constraints,12,random_regular,100,4,802,36,2.61563057701355,15,36,0.4166666666666667,56,9
v2_freeze_constraints_s12,v2,freeze_constraints,12,random_regular,100,4,803,20,2.079441541671836,8,20,0.4,71,9
v2_freeze_constraints_s12,v2,freeze_constraints,12,random_regular,100,4,804,21,1.5607104090364068,6,21,0.2857142857142857,94,60
v2_freeze_constraints_s12,v2,freeze_constraints,12,random_regular,100,4,805,75,3.414739581281256,39,75,0.52,52,41
v2_freeze_constraints_s12,v2,freeze_constraints,12,random_regular,100,4,806,81,2.6726824349164966,34,81,0.41975308641975306,0,60
v2_freeze_constraints_s12,v2,freeze_constraints,12,random_regular,100,4,807,98,3.4116205818569583,40,98,0.40816326530612246,88,79
v2_freeze_constraints_s12,v2,freeze_constraints,12,random_regular,100,4,808,2,-1.000088900581841e-12,1,2,0.5,38,79
v2_freeze_constraints_s12,v2,freeze_constraints,12,random_regular,100,4,809,154,3.914782476259748,63,154,0.4090909090909091,70,60
v2_freeze_constraints_s12,v2,freeze_constraints,12,random_regular,100,4,810,9,1.0986122886651095,3,9,0.3333333333333333,70,60
v2_freeze_constraints_s12,v2,freeze_constraints,12,random_regular,100,4,811,114,3.7456676820497594,50,114,0.43859649122807015,16,9
v2_freeze_constraints_s12,v2,freeze_constraints,12,random_regular,100,4,812,207,4.141887500508844,72,207,0.34782608695652173,72,60
v2_freeze_constraints_s12,v2,freeze_constraints,12,random_regular,100,4,813,4,1.0986122886651095,3,4,0.75,43,32
v2_freeze_constraints_s12,v2,freeze_constraints,12,random_regular,100,4,814,50,2.725550395815721,19,50,0.38,76,60
v2_freeze_constraints_s12,v2,freeze_constraints,12,random_regular,100,4,815,145,3.69535535833123,55,145,0.3793103448275862,46,9
v2_freeze_constraints_s12,v2,freeze_constraints,12,random_regular,100,4,816,36,2.8332133440392155,17,36,0.4722222222222222,17,9
v2_freeze_constraints_s12,v2,freeze_constraints,12,random_regular,100,4,817,81,3.299829685639092,31,81,0.38271604938271603,43,32
v2_freeze_constraints_s12,v2,freeze_constraints,12,random_regular,100,4,818,113,3.5155926589389503,40,113,0.35398230088495575,80,9
v2_freeze_constraints_s12,v2,freeze_constraints,12,random_regular,100,4,819,65,3.335770806415738,32,65,0.49230769230769234,5,9
v2_freeze_constraints_s12,v2,freeze_constraints,12,random_regular,100,4,820,115,3.5213776090567093,39,115,0.3391304347826087,56,41
v2_freeze_constraints_s12,v2,freeze_constraints,12,random_regular,100,4,821,152,3.877679605607041,60,152,0.39473684210526316,56,32
v2_freeze_constraints_s12,v2,freeze_constraints,12,random_regular,100,4,822,55,2.9650156932365066,22,55,0.4,84,60
v2_freeze_constraints_s12,v2,freeze_constraints,12,random_regular,100,4,823,240,4.532834447833824,112,240,0.4666666666666667,12,79
v2_freeze_constraints_s12,v2,freeze_constraints,12,random_regular,100,4,824,86,3.550250017965948,40,86,0.46511627906976744,2,32
v2_freeze_constraints_s12,v2,freeze_constraints,12,random_regular,100,4,825,81,3.319492576126754,29,81,0.35802469135802467,68,32
v2_freeze_constraints_s12,v2,freeze_constraints,12,random_regular,100,4,826,109,3.726795348248236,48,109,0.44036697247706424,90,32
v2_freeze_constraints_s12,v2,freeze_constraints,12,random_regular,100,4,827,300,4.608774158412638,137,300,0.45666666666666667,73,60
v2_freeze_constraints_s12,v2,freeze_constraints,12,random_regular,100,4,828,203,4.04945544654648,82,203,0.4039408866995074,68,60
v2_freeze_constraints_s12,v2,freeze_constraints,12,random_regular,100,4,829,20,1.9459101490483133,7,20,0.35,19,60
v2_freeze_constraints_s12,v2,freeze_constraints,12,random_regular,100,4,830,92,3.465735902767727,32,92,0.34782608695652173,44,79
v2_freeze_constraints_s12,v2,freeze_constraints,12,random_regular,100,4,831,84,3.4339872044541457,31,84,0.36904761904761907,73,41
v2_freeze_constraints_s12,v2,freeze_constraints,12,random_regular,100,4,832,4,0.6931471805579453,2,4,0.5,27,32
v2_freeze_constraints_s12,v2,freeze_constraints,12,random_regular,100,4,833,70,3.163424050399405,25,70,0.35714285714285715,73,60
v2_freeze_constraints_s12,v2,freeze_constraints,12,random_regular,100,4,834,19,2.079441541671836,8,19,0.42105263157894735,15,9
v2_freeze_constraints_s12,v2,freeze_constraints,12,random_regular,100,4,835,24,2.302585092984045,10,24,0.4166666666666667,82,60
v2_freeze_constraints_s12,v2,freeze_constraints,12,random_regular,100,4,836,0,0.0,0,0,,41,41
v2_freeze_constraints_s12,v2,freeze_constraints,12,random_regular,100,4,837,41,2.670119889791817,17,41,0.4146341463414634,19,79
v2_freeze_constraints_s12,v2,freeze_constraints,12,random_regular,100,4,838,24,2.1639556568730565,10,24,0.4166666666666667,0,41
v2_freeze_constraints_s12,v2,freeze_constraints,12,random_regular,100,4,839,14,1.9061547465328492,8,14,0.5714285714285714,37,41
v2_freeze_constraints_s12,v2,freeze_constraints,12,random_regular,100,4,840,48,3.0752205480323718,23,48,0.4791666666666667,45,9
v2_freeze_constraints_s12,v2,freeze_constraints,12,random_regular,100,4,841,120,3.8768201519937313,56,120,0.4666666666666667,22,32
v2_freeze_constraints_s12,v2,freeze_constraints,12,random_regular,100,4,842,3,0.6931471805579453,2,3,0.6666666666666666,10,32
v2_freeze_constraints_s12,v2,freeze_constraints,12,random_regular,100,4,843,1,-1.000088900581841e-12,1,1,1.0,61,79
v2_freeze_constraints_s12,v2,freeze_constraints,12,random_regular,100,4,844,57,2.6980110198281126,19,57,0.3333333333333333,90,32
v2_freeze_constraints_s12,v2,freeze_constraints,12,random_regular,100,4,845,175,4.117574296207233,68,175,0.38857142857142857,71,60
v2_freeze_constraints_s12,v2,freeze_constraints,12,random_regular,100,4,846,22,2.2718685126865625,11,22,0.5,46,41
v2_freeze_constraints_s12,v2,freeze_constraints,12,random_regular,100,4,847,14,2.197224577327219,9,14,0.6428571428571429,62,9
v2_freeze_constraints_s12,v2,freeze_constraints,12,random_regular,100,4,848,57,2.588573162668117,17,57,0.2982456140350877,36,9
v2_freeze_constraints_s12,v2,freeze_constraints,12,random_regular,100,4,849,53,3.0315905757612325,25,53,0.4716981132075472,11,32
v2_freeze_constraints_s12,v2,freeze_constraints,12,random_regular,100,4,850,0,0.0,0,0,,32,32
v2_freeze_constraints_s12,v2,freeze_constraints,12,random_regular,100,4,851,14,1.9459101490483133,7,14,0.5,92,79
v2_freeze_constraints_s12,v2,freeze_constraints,12,random_regular,100,4,852,134,3.860623457522692,54,134,0.40298507462686567,46,60
v2_freeze_constraints_s12,v2,freeze_constraints,12,random_regular,100,4,853,36,2.3383717047925723,15,36,0.4166666666666667,70,79
v2_freeze_constraints_s12,v2,freeze_constraints,12,random_regular,100,4,854,32,2.302585092984045,10,32,0.3125,7,79
v2_freeze_constraints_s12,v2,freeze_constraints,12,random_regular,100,4,855,231,4.404998001399433,94,231,0.4069264069264069,15,32
v2_freeze_constraints_s12,v2,freeze_constraints,12,random_regular,100,4,856,44,2.598605177982308,21,44,0.4772727272727273,21,79
v2_freeze_constraints_s12,v2,freeze_constraints,12,random_regular,100,4,857,14,1.7478680974607577,7,14,0.5,78,79
v2_freeze_constraints_s12,v2,freeze_constraints,12,random_regular,100,4,858,1,-1.000088900581841e-12,1,1,1.0,38,79
v2_freeze_constraints_s12,v2,freeze_constraints,12,random_regular,100,4,859,27,2.3516733018936304,13,27,0.48148148148148145,65,60
v2_freeze_constraints_s12,v2,freeze_constraints,12,random_regular,100,4,860,218,4.090578778971806,81,218,0.37155963302752293,51,41
v2_freeze_constraints_s12,v2,freeze_constraints,12,random_regular,100,4,861,17,2.0431918705371204,9,17,0.5294117647058824,17,41
v2_freeze_constraints_s12,v2,freeze_constraints,12,random_regular,100,4,862,36,2.282374376148249,17,36,0.4722222222222222,4,60
v2_freeze_constraints_s12,v2,freeze_constraints,12,random_regular,100,4,863,36,2.540036303807981,14,36,0.3888888888888889,78,32
v2_freeze_constraints_s12,v2,freeze_constraints,12,random_regular,100,4,864,208,3.9677556350411294,77,208,0.3701923076923077,81,32
v2_freeze_constraints_s12,v2,freeze_constraints,12,random_regular,100,4,865,25,2.1639556568730565,10,25,0.4,89,41
v2_freeze_constraints_s12,v2,freeze_constraints,12,random_regular,100,4,866,54,3.2826939972510645,28,54,0.5185185185185185,85,79
v2_freeze_constraints_s12,v2,freeze_constraints,12,random_regular,100,4,867,87,3.445338727094988,44,87,0.5057471264367817,46,9
v2_freeze_constraints_s12,v2,freeze_constraints,12,random_regular,100,4,868,0,0.0,0,0,,79,79
v2_freeze_constraints_s12,v2,freeze_constraints,12,random_regular,100,4,869,99,3.119162312495754,32,99,0.32323232323232326,29,41
v2_freeze_constraints_s12,v2,freeze_constraints,12,random_regular,100,4,870,19,2.0431918705371204,9,19,0.47368421052631576,4,60
v2_freeze_constraints_s12,v2,freeze_constraints,12,random_regular,100,4,871,31,2.302585092984045,10,31,0.3225806451612903,81,9
v2_freeze_constraints_s12,v2,freeze_constraints,12,random_regular,100,4,872,167,4.086952422752851,71,167,0.4251497005988024,55,41
v2_freeze_constraints_s12,v2,freeze_constraints,12,random_regular,100,4,873,11,1.3862943611158909,4,11,0.36363636363636365,53,60
v2_freeze_constraints_s12,v2,freeze_constraints,12,random_regular,100,4,874,87,3.152706716658355,30,87,0.3448275862068966,83,60
v2_freeze_constraints_s12,v2,freeze_constraints,12,random_regular,100,4,875,10,1.0986122886651095,3,10,0.3,78,60
v2_freeze_constraints_s12,v2,freeze_constraints,12,random_regular,100,4,876,113,3.624299170288877,50,113,0.4424778761061947,76,32
v2_freeze_constraints_s12,v2,freeze_constraints,12,random_regular,100,4,877,57,3.044522437702424,21,57,0.3684210526315789,2,32
v2_freeze_constraints_s12,v2,freeze_constraints,12,random_regular,100,4,878,3,0.6931471805579453,2,3,0.6666666666666666,36,32
v2_freeze_constraints_s12,v2,freeze_constraints,12,random_regular,100,4,879,65,3.0752205480323718,23,65,0.35384615384615387,5,32
v2_freeze_constraints_s12,v2,freeze_constraints,12,random_regular,100,4,880,18,1.7478680974607577,7,18,0.3888888888888889,77,79
v2_freeze_constraints_s12,v2,freeze_constraints,12,random_regular,100,4,881,15,2.079441541671836,8,15,0.5333333333333333,6,32
v2_freeze_constraints_s12,v2,freeze_constraints,12,random_regular,100,4,882,48,2.725550395815721,19,48,0.3958333333333333,30,60
v2_freeze_constraints_s12,v2,freeze_constraints,12,random_regular,100,4,883,192,4.085145956994733,80,192,0.4166666666666667,30,32
v2_freeze_constraints_s12,v2,freeze_constraints,12,random_regular,100,4,884,1,-1.000088900581841e-12,1,1,1.0,38,79
v2_freeze_constraints_s12,v2,freeze_constraints,12,random_regular,100,4,885,32,1.8891591637470213,9,32,0.28125,67,79
v2_freeze_constraints_s12,v2,freeze_constraints,12,random_regular,100,4,886,34,2.685945324654788,16,34,0.47058823529411764,19,9
v2_freeze_constraints_s12,v2,freeze_constraints,12,random_regular,100,4,887,33,2.5649493574485365,13,33,0.3939393939393939,19,32
v2_freeze_constraints_s12,v2,freeze_constraints,12,random_regular,100,4,888,26,2.4583113296710835,13,26,0.5,62,60
v2_freeze_constraints_s12,v2,freeze_constraints,12,random_regular,100,4,889,4,-1.000088900581841e-12,1,4,0.25,33,9
v2_freeze_constraints_s12,v2,freeze_constraints,12,random_regular,100,4,890,19,1.791759469222055,6,19,0.3157894736842105,20,79
v2_freeze_constraints_s12,v2,freeze_constraints,12,random_regular,100,4,891,37,2.3978952727873706,11,37,0.2972972972972973,76,32
v2_freeze_constraints_s12,v2,freeze_constraints,12,random_regular,100,4,892,114,3.5133956214032858,50,114,0.43859649122807015,94,32
v2_freeze_constraints_s12,v2,freeze_constraints,12,random_regular,100,4,893,73,3.205805710063748,32,73,0.4383561643835616,16,60
v2_freeze_constraints_s12,v2,freeze_constraints,12,random_regular,100,4,894,34,2.772588722223781,16,34,0.47058823529411764,91,9
v2_freeze_constraints_s12,v2,freeze_constraints,12,random_regular,100,4,895,0,0.0,0,0,,41,41
v2_freeze_constraints_s12,v2,freeze_constraints,12,random_regular,100,4,896,38,2.4260151319478083,16,38,0.42105263157894735,2,32
v2_freeze_constraints_s12,v2,freeze_constraints,12,random_regular,100,4,897,91,3.5157396511377024,35,91,0.38461538461538464,0,9
v2_freeze_constraints_s12,v2,freeze_constraints,12,random_regular,100,4,898,34,2.523210952939891,15,34,0.4411764705882353,19,9
v2_freeze_constraints_s12,v2,freeze_constraints,12,random_regular,100,4,899,21,2.197224577327219,9,21,0.42857142857142855,90,32
v2_freeze_constraints_s12,v2,freeze_constraints,12,random_regular,100,4,900,22,2.1458417525857545,11,22,0.5,13,32
v2_freeze_constraints_s12,v2,freeze_constraints,12,random_regular,100,4,901,80,3.5359830822784195,37,80,0.4625,26,9
v2_freeze_constraints_s12,v2,freeze_constraints,12,random_regular,100,4,902,19,1.791759469222055,6,19,0.3157894736842105,82,32
v2_freeze_constraints_s12,v2,freeze_constraints,12,random_regular,100,4,903,275,4.461602589864462,112,275,0.4072727272727273,80,41
v2_freeze_constraints_s12,v2,freeze_constraints,12,random_regular,100,4,904,3,0.6931471805579453,2,3,0.6666666666666666,3,9
v2_freeze_constraints_s12,v2,freeze_constraints,12,random_regular,100,4,905,118,3.613834207413586,50,118,0.423728813559322,28,79
v2_freeze_constraints_s12,v2,freeze_constraints,12,random_regular,100,4,906,101,3.3985393782638447,40,101,0.39603960396039606,3,60
v2_freeze_constraints_s12,v2,freeze_constraints,12,random_regular,100,4,907,50,2.9650156932365066,22,50,0.44,97,79
v2_freeze_constraints_s12,v2,freeze_constraints,12,random_regular,100,4,908,11,1.3862943611158909,4,11,0.36363636363636365,45,79
v2_freeze_constraints_s12,v2,freeze_constraints,12,random_regular,100,4,909,1,-1.000088900581841e-12,1,1,1.0,95,9
v2_freeze_constraints_s12,v2,freeze_constraints,12,random_regular,100,4,910,34,2.9444389791474395,19,34,0.5588235294117647,83,9
v2_freeze_constraints_s12,v2,freeze_constraints,12,random_regular,100,4,911,37,2.61563057701355,15,37,0.40540540540540543,31,79
v2_freeze_constraints_s12,v2,freeze_constraints,12,random_regular,100,4,912,78,3.3345041647330413,37,78,0.47435897435897434,10,9
v2_freeze_constraints_s12,v2,freeze_constraints,12,random_regular,100,4,913,0,0.0,0,0,,60,60
v2_freeze_constraints_s12,v2,freeze_constraints,12,random_regular,100,4,914,35,2.3959081192819283,15,35,0.42857142857142855,42,60
v2_freeze_constraints_s12,v2,freeze_constraints,12,random_regular,100,4,915,17,1.791759469222055,6,17,0.35294117647058826,84,41
v2_freeze_constraints_s12,v2,freeze_constraints,12,random_regular,100,4,916,0,0.0,0,0,,60,60
v2_freeze_constraints_s12,v2,freeze_constraints,12,random_regular,100,4,917,18,2.2718685126865625,11,18,0.6111111111111112,81,9
v2_freeze_constraints_s12,v2,freeze_constraints,12,random_regular,100,4,918,16,2.079441541671836,8,16,0.5,48,60
v2_freeze_constraints_s12,v2,freeze_constraints,12,random_regular,100,4,919,221,4.10866079629633,95,221,0.4298642533936652,85,60
v2_freeze_constraints_s12,v2,freeze_constraints,12,random_regular,100,4,920,34,2.2718685126865625,11,34,0.3235294117647059,56,60
v2_freeze_constraints_s12,v2,freeze_constraints,12,random_regular,100,4,921,33,2.639057329601259,14,33,0.42424242424242425,57,79
v2_freeze_constraints_s12,v2,freeze_constraints,12,random_regular,100,4,922,31,2.588573162668117,17,31,0.5483870967741935,92,60
v2_freeze_constraints_s12,v2,freeze_constraints,12,random_regular,100,4,923,3,1.0986122886651095,3,3,1.0,24,32
v2_freeze_constraints_s12,v2,freeze_constraints,12,random_regular,100,4,924,29,2.302585092984045,10,29,0.3448275862068966,38,79
v2_freeze_constraints_s12,v2,freeze_constraints,12,random_regular,100,4,925,90,3.4365228305042805,35,90,0.3888888888888889,47,32
v2_freeze_constraints_s12,v2,freeze_constraints,12,random_regular,100,4,926,14,2.079441541671836,8,14,0.5714285714285714,50,79
v2_freeze_constraints_s12,v2,freeze_constraints,12,random_regular,100,4,927,143,3.760812041999381,64,143,0.44755244755244755,49,60
v2_freeze_constraints_s12,v2,freeze_constraints,12,random_regular,100,4,928,33,2.751666616915516,17,33,0.5151515151515151,40,60
v2_freeze_constraints_s12,v2,freeze_constraints,12,random_regular,100,4,929,39,2.304619384809672,14,39,0.358974358974359,42,9
v2_freeze_constraints_s12,v2,freeze_constraints,12,random_regular,100,4,930,43,2.5649493574485365,13,43,0.3023255813953488,68,79
v2_freeze_constraints_s12,v2,freeze_constraints,12,random_regular,100,4,931,6,1.0986122886651095,3,6,0.5,43,32
v2_freeze_constraints_s12,v2,freeze_constraints,12,random_regular,100,4,932,72,3.308777757559495,30,72,0.4166666666666667,82,60
v2_freeze_constraints_s12,v2,freeze_constraints,12,random_regular,100,4,933,110,3.5849073769929456,40,110,0.36363636363636365,28,9
v2_freeze_constraints_s12,v2,freeze_constraints,12,random_regular,100,4,934,121,3.810207170703765,59,121,0.48760330578512395,16,79
v2_freeze_constraints_s12,v2,freeze_constraints,12,random_regular,100,4,935,75,3.422414203983732,32,75,0.4266666666666667,21,32
v2_freeze_constraints_s12,v2,freeze_constraints,12,random_regular,100,4,936,70,3.065964511960632,28,70,0.4,73,9
v2_freeze_constraints_s12,v2,freeze_constraints,12,random_regular,100,4,937,3,1.0986122886651095,3,3,1.0,59,9
v2_freeze_constraints_s12,v2,freeze_constraints,12,random_regular,100,4,938,90,3.454772892723726,40,90,0.4444444444444444,45,79
v2_freeze_constraints_s12,v2,freeze_constraints,12,random_regular,100,4,939,14,1.7478680974607577,7,14,0.5,0,79
v2_freeze_constraints_s12,v2,freeze_constraints,12,random_regular,100,4,940,3,-1.000088900581841e-12,1,3,0.3333333333333333,61,79
v2_freeze_constraints_s12,v2,freeze_constraints,12,random_regular,100,4,941,9,1.0986122886651095,3,9,0.3333333333333333,35,32
v2_freeze_constraints_s12,v2,freeze_constraints,12,random_regular,100,4,942,18,1.7478680974607577,7,18,0.3888888888888889,81,41
v2_freeze_constraints_s12,v2,freeze_constraints,12,random_regular,100,4,943,14,1.6094379124291005,5,14,0.35714285714285715,7,32
v2_freeze_constraints_s12,v2,freeze_constraints,12,random_regular,100,4,944,0,0.0,0,0,,41,41
v2_freeze_constraints_s12,v2,freeze_constraints,12,random_regular,100,4,945,28,1.8891591637470213,9,28,0.32142857142857145,39,32
v2_freeze_constraints_s12,v2,freeze_constraints,12,random_regular,100,4,946,80,3.2491274088477446,32,80,0.4,94,41
v2_freeze_constraints_s12,v2,freeze_constraints,12,random_regular,100,4,947,34,2.3978952727873706,11,34,0.3235294117647059,0,9
v2_freeze_constraints_s12,v2,freeze_constraints,12,random_regular,100,4,948,6,1.0986122886651095,3,6,0.5,61,79
v2_freeze_constraints_s12,v2,freeze_constraints,12,random_regular,100,4,949,91,3.4124897213676078,33,91,0.3626373626373626,30,9
v2_freeze_constraints_s12,v2,freeze_constraints,12,random_regular,100,4,950,68,2.813355404483615,18,68,0.2647058823529412,91,79
v2_freeze_constraints_s12,v2,freeze_constraints,12,random_regular,100,4,951,68,3.4040404338981127,34,68,0.5,24,60
v2_freeze_constraints_s12,v2,freeze_constraints,12,random_regular,100,4,952,127,3.61988461690396,54,127,0.4251968503937008,18,79
v2_freeze_constraints_s12,v2,freeze_constraints,12,random_regular,100,4,953,0,0.0,0,0,,32,32
v2_freeze_constraints_s12,v2,freeze_constraints,12,random_regular,100,4,954,101,3.2591389251754324,39,101,0.38613861386138615,67,32
v2_freeze_constraints_s12,v2,freeze_constraints,12,random_regular,100,4,955,6,0.6931471805579453,2,6,0.3333333333333333,83,79
v2_freeze_constraints_s12,v2,freeze_constraints,12,random_regular,100,4,956,0,0.0,0,0,,9,9
v2_freeze_constraints_s12,v2,freeze_constraints,12,random_regular,100,4,957,76,3.271689322296034,29,76,0.3815789473684211,64,32
v2_freeze_constraints_s12,v2,freeze_constraints,12,random_regular,100,4,958,33,2.3516733018936304,13,33,0.3939393939393939,23,32
v2_freeze_constraints_s12,v2,freeze_constraints,12,random_regular,100,4,959,12,1.9061547465328492,8,12,0.6666666666666666,88,41
v2_freeze_constraints_s12,v2,freeze_constraints,12,random_regular,100,4,960,43,2.685945324654788,16,43,0.37209302325581395,65,60
v2_freeze_constraints_s12,v2,freeze_constraints,12,random_regular,100,4,961,73,3.467994408329786,36,73,0.4931506849315068,20,32
v2_freeze_constraints_s12,v2,freeze_constraints,12,random_regular,100,4,962,62,2.838988933136699,22,62,0.3548387096774194,90,41
v2_freeze_constraints_s12,v2,freeze_constraints,12,random_regular,100,4,963,20,2.1458417525857545,11,20,0.55,14,60
v2_freeze_constraints_s12,v2,freeze_constraints,12,random_regular,100,4,964,76,3.225557328365521,34,76,0.4473684210526316,5,9
v2_freeze_constraints_s12,v2,freeze_constraints,12,random_regular,100,4,965,14,2.197224577327219,9,14,0.6428571428571429,52,32
v2_freeze_constraints_s12,v2,freeze_constraints,12,random_regular,100,4,966,24,2.197224577327219,9,24,0.375,96,32
v2_freeze_constraints_s12,v2,freeze_constraints,12,random_regular,100,4,967,107,3.498515667114017,37,107,0.34579439252336447,17,79
v2_freeze_constraints_s12,v2,freeze_constraints,12,random_regular,100,4,968,38,2.639057329601259,14,38,0.3684210526315789,53,9
v2_freeze_constraints_s12,v2,freeze_constraints,12,random_regular,100,4,969,0,0.0,0,0,,79,79
v2_freeze_constraints_s12,v2,freeze_constraints,12,random_regular,100,4,970,187,3.920090783783419,67,187,0.3582887700534759,50,79
v2_freeze_constraints_s12,v2,freeze_constraints,12,random_regular,100,4,971,25,2.302585092984045,10,25,0.4,86,41
v2_freeze_constraints_s12,v2,freeze_constraints,12,random_regular,100,4,972,59,2.9444389791474395,19,59,0.3220338983050847,31,41
v2_freeze_constraints_s12,v2,freeze_constraints,12,random_regular,100,4,973,112,3.6266561837520017,44,112,0.39285714285714285,21,32
v2_freeze_constraints_s12,v2,freeze_constraints,12,random_regular,100,4,974,79,3.35462479697817,33,79,0.4177215189873418,46,32
v2_freeze_constraints_s12,v2,freeze_constraints,12,random_regular,100,4,975,148,3.9457674529661193,57,148,0.38513513513513514,2,9
v2_freeze_constraints_s12,v2,freeze_constraints,12,random_regular,100,4,976,114,3.568847395846081,50,114,0.43859649122807015,81,60
v2_freeze_constraints_s12,v2,freeze_constraints,12,random_regular,100,4,977,195,4.132690557015201,83,195,0.4256410256410256,53,32
v2_freeze_constraints_s12,v2,freeze_constraints,12,random_regular,100,4,978,23,2.079441541671836,8,23,0.34782608695652173,57,60
v2_freeze_constraints_s12,v2,freeze_constraints,12,random_regular,100,4,979,151,3.9427496774282735,66,151,0.4370860927152318,13,9
v2_freeze_constraints_s12,v2,freeze_constraints,12,random_regular,100,4,980,7,1.0986122886651095,3,7,0.42857142857142855,78,79
v2_freeze_constraints_s12,v2,freeze_constraints,12,random_regular,100,4,981,28,2.5400363038079807,14,28,0.5,23,9
v2_freeze_constraints_s12,v2,freeze_constraints,12,random_regular,100,4,982,27,2.484906649776,12,27,0.4444444444444444,31,41
v2_freeze_constraints_s12,v2,freeze_constraints,12,random_regular,100,4,983,50,2.61563057701355,15,50,0.3,30,9
v2_freeze_constraints_s12,v2,freeze_constraints,12,random_regular,100,4,984,266,4.410989914890138,104,266,0.39097744360902253,89,60
v2_freeze_constraints_s12,v2,freeze_constraints,12,random_regular,100,4,985,10,0.6931471805579453,2,10,0.2,84,32
v2_freeze_constraints_s12,v2,freeze_constraints,12,random_regular,100,4,986,44,2.5070264355444176,17,44,0.38636363636363635,30,9
v2_freeze_constraints_s12,v2,freeze_constraints,12,random_regular,100,4,987,6,1.3862943611158909,4,6,0.6666666666666666,56,9
v2_freeze_constraints_s12,v2,freeze_constraints,12,random_regular,100,4,988,17,1.3862943611158909,4,17,0.23529411764705882,92,9
v2_freeze_constraints_s12,v2,freeze_constraints,12,random_regular,100,4,989,122,3.808622205392716,56,122,0.45901639344262296,66,9
v2_freeze_constraints_s12,v2,freeze_constraints,12,random_regular,100,4,990,27,2.369382119683676,12,27,0.4444444444444444,39,32
v2_freeze_constraints_s12,v2,freeze_constraints,12,random_regular,100,4,991,40,2.8903717578781647,18,40,0.45,73,9
v2_freeze_constraints_s12,v2,freeze_constraints,12,random_regular,100,4,992,2,-1.000088900581841e-12,1,2,0.5,33,9
v2_freeze_constraints_s12,v2,freeze_constraints,12,random_regular,100,4,993,74,3.183672971458787,28,74,0.3783783783783784,23,32
v2_freeze_constraints_s12,v2,freeze_constraints,12,random_regular,100,4,994,22,2.302585092984045,10,22,0.45454545454545453,33,79
v2_freeze_constraints_s12,v2,freeze_constraints,12,random_regular,100,4,995,38,2.639057329601259,14,38,0.3684210526315789,59,60
v2_freeze_constraints_s12,v2,freeze_constraints,12,random_regular,100,4,996,74,2.864738512171568,26,74,0.35135135135135137,14,32
v2_freeze_constraints_s12,v2,freeze_constraints,12,random_regular,100,4,997,51,2.8332133440392155,17,51,0.3333333333333333,94,79
v2_freeze_constraints_s12,v2,freeze_constraints,12,random_regular,100,4,998,178,3.979372563326741,71,178,0.398876404494382,24,60
v2_freeze_constraints_s12,v2,freeze_constraints,12,random_regular,100,4,999,231,4.215588030000507,95,231,0.41125541125541126,90,9
