run_id,validation_version,condition,seed,topology,n_nodes,degree,episode_idx,hitting_time,path_entropy,accepted_moves,attempted_moves,accept_rate,start_node,final_node
v2_freeze_constraints_s9,v2,freeze_constraints,9,random_regular,100,4,0,61,3.218875824843201,25,61,0.4098360655737705,32,97
v2_freeze_constraints_s9,v2,freeze_constraints,9,random_regular,100,4,1,77,2.902002313186603,22,77,0.2857142857142857,5,20
v2_freeze_constraints_s9,v2,freeze_constraints,9,random_regular,100,4,2,8,1.0986122886651095,3,8,0.375,64,34
v2_freeze_constraints_s9,v2,freeze_constraints,9,random_regular,100,4,3,142,3.61058015381116,56,142,0.39436619718309857,46,97
v2_freeze_constraints_s9,v2,freeze_constraints,9,random_regular,100,4,4,52,2.1560883808517586,19,52,0.36538461538461536,13,15
v2_freeze_constraints_s9,v2,freeze_constraints,9,random_regular,100,4,5,0,0.0,0,0,,15,15
v2_freeze_constraints_s9,v2,freeze_constraints,9,random_regular,100,4,6,140,3.65422209504694,40,140,0.2857142857142857,16,34
v2_freeze_constraints_s9,v2,freeze_constraints,9,random_regular,100,4,7,40,2.4583113296710835,13,40,0.325,45,20
v2_freeze_constraints_s9,v2,freeze_constraints,9,random_regular,100,4,8,40,2.079441541671836,8,40,0.2,11,15
v2_freeze_constraints_s9,v2,freeze_constraints,9,random_regular,100,4,9,108,3.362689340942492,41,108,0.37962962962962965,24,15
v2_freeze_constraints_s9,v2,freeze_constraints,9,random_regular,100,4,10,0,0.0,0,0,,20,20
v2_freeze_constraints_s9,v2,freeze_constraints,9,random_regular,100,4,11,47,2.4762471329700326,17,47,0.3617021276595745,37,15
v2_freeze_constraints_s9,v2,freeze_constraints,9,random_regular,100,4,12,34,2.079441541671836,8,34,0.23529411764705882,64,97
v2_freeze_constraints_s9,v2,freeze_constraints,9,random_regular,100,4,13,179,4.056414250866709,68,179,0.37988826815642457,54,12
v2_freeze_constraints_s9,v2,freeze_constraints,9,random_regular,100,4,14,79,3.4365228305042805,35,79,0.4430379746835443,71,97
v2_freeze_constraints_s9,v2,freeze_constraints,9,random_regular,100,4,15,143,3.76460196779002,58,143,0.40559440559440557,56,12
v2_freeze_constraints_s9,v2,freeze_constraints,9,random_regular,100,4,16,148,4.165858219196578,74,148,0.5,5,15
v2_freeze_constraints_s9,v2,freeze_constraints,9,random_regular,100,4,17,142,3.983551385469709,59,142,0.4154929577464789,39,34
v2_freeze_constraints_s9,v2,freeze_constraints,9,random_regular,100,4,18,7,1.3862943611158909,4,7,0.5714285714285714,8,34
v2_freeze_constraints_s9,v2,freeze_constraints,9,random_regular,100,4,19,118,3.4887374203868164,44,118,0.3728813559322034,76,12
v2_freeze_constraints_s9,v2,freeze_constraints,9,random_regular,100,4,20,75,3.176082814634593,29,75,0.38666666666666666,47,34
v2_freeze_constraints_s9,v2,freeze_constraints,9,random_regular,100,4,21,29,2.302585092984045,10,29,0.3448275862068966,48,15
v2_freeze_constraints_s9,v2,freeze_constraints,9,random_regular,100,4,22,4,1.0986122886651095,3,4,0.75,73,34
v2_freeze_constraints_s9,v2,freeze_constraints,9,random_regular,100,4,23,0,0.0,0,0,,97,97
v2_freeze_constraints_s9,v2,freeze_constraints,9,random_regular,100,4,24,102,3.5213776090567093,39,102,0.38235294117647056,91,20
v2_freeze_constraints_s9,v2,freeze_constraints,9,random_regular,100,4,25,80,3.0752205480323718,23,80,0.2875,21,34
v2_freeze_constraints_s9,v2,freeze_constraints,9,random_regular,100,4,26,95,3.330230943692402,39,95,0.4105263157894737,75,15
v2_freeze_constraints_s9,v2,freeze_constraints,9,random_regular,100,4,27,12,1.6094379124291005,5,12,0.4166666666666667,31,34
v2_freeze_constraints_s9,v2,freeze_constraints,9,random_regular,100,4,28,8,1.0986122886651095,3,8,0.375,7,34
v2_freeze_constraints_s9,v2,freeze_constraints,9,random_regular,100,4,29,46,2.871476118036867,19,46,0.41304347826086957,55,34
v2_freeze_constraints_s9,v2,freeze_constraints,9,random_regular,100,4,30,29,2.079441541671836,8,29,0.27586206896551724,90,12
v2_freeze_constraints_s9,v2,freeze_constraints,9,random_regular,100,4,31,0,0.0,0,0,,97,97
v2_freeze_constraints_s9,v2,freeze_constraints,9,random_regular,100,4,32,41,1.778233305792707,13,41,0.3170731707317073,95,12
v2_freeze_constraints_s9,v2,freeze_constraints,9,random_regular,100,4,33,50,2.926417555478996,20,50,0.4,96,97
v2_freeze_constraints_s9,v2,freeze_constraints,9,random_regular,100,4,34,34,2.926417555478996,20,34,0.5882352941176471,96,12
v2_freeze_constraints_s9,v2,freeze_constraints,9,random_regular,100,4,35,152,4.003369806602741,70,152,0.4605263157894737,42,20
v2_freeze_constraints_s9,v2,freeze_constraints,9,random_regular,100,4,36,84,3.5189874790310265,41,84,0.4880952380952381,24,97
v2_freeze_constraints_s9,v2,freeze_constraints,9,random_regular,100,4,37,88,3.370480801334672,33,88,0.375,10,20
v2_freeze_constraints_s9,v2,freeze_constraints,9,random_regular,100,4,38,101,3.4414093189206487,38,101,0.37623762376237624,99,97
v2_freeze_constraints_s9,v2,freeze_constraints,9,random_regular,100,4,39,30,2.4583113296710835,13,30,0.43333333333333335,67,97
v2_freeze_constraints_s9,v2,freeze_constraints,9,random_regular,100,4,40,37,3.0910424533363146,22,37,0.5945945945945946,83,97
v2_freeze_constraints_s9,v2,freeze_constraints,9,random_regular,100,4,41,32,2.3978952727873706,11,32,0.34375,44,97
v2_freeze_constraints_s9,v2,freeze_constraints,9,random_regular,100,4,42,24,1.8891591637470213,9,24,0.375,62,97
v2_freeze_constraints_s9,v2,freeze_constraints,9,random_regular,100,4,43,20,2.197224577327219,9,20,0.45,18,34
v2_freeze_constraints_s9,v2,freeze_constraints,9,random_regular,100,4,44,185,3.961472705008878,67,185,0.3621621621621622,31,20
v2_freeze_constraints_s9,v2,freeze_constraints,9,random_regular,100,4,45,21,2.3978952727873706,11,21,0.5238095238095238,26,97
v2_freeze_constraints_s9,v2,freeze_constraints,9,random_regular,100,4,46,51,3.120291565278284,24,51,0.47058823529411764,88,12
v2_freeze_constraints_s9,v2,freeze_constraints,9,random_regular,100,4,47,49,2.9965869742621187,29,49,0.5918367346938775,69,15
v2_freeze_constraints_s9,v2,freeze_constraints,9,random_regular,100,4,48,46,2.902002313186603,22,46,0.4782608695652174,56,20
v2_freeze_constraints_s9,v2,freeze_constraints,9,random_regular,100,4,49,0,0.0,0,0,,97,97
v2_freeze_constraints_s9,v2,freeze_constraints,9,random_regular,100,4,50,43,3.0910424533363146,22,43,0.5116279069767442,83,12
v2_freeze_constraints_s9,v2,freeze_constraints,9,random_regular,100,4,51,32,2.639057329601259,14,32,0.4375,45,12
v2_freeze_constraints_s9,v2,freeze_constraints,9,random_regular,100,4,52,35,2.9650156932365066,22,35,0.6285714285714286,67,20
v2_freeze_constraints_s9,v2,freeze_constraints,9,random_regular,100,4,53,112,3.520191582874101,50,112,0.44642857142857145,0,97
v2_freeze_constraints_s9,v2,freeze_constraints,9,random_regular,100,4,54,78,3.370480801334671,33,78,0.4230769230769231,31,20
v2_freeze_constraints_s9,v2,freeze_constraints,9,random_regular,100,4,55,0,0.0,0,0,,15,15
v2_freeze_constraints_s9,v2,freeze_constraints,9,random_regular,100,4,56,222,4.018183294252389,93,222,0.4189189189189189,33,20
v2_freeze_constraints_s9,v2,freeze_constraints,9,random_regular,100,4,57,20,2.1639556568730565,10,20,0.5,37,20
v2_freeze_constraints_s9,v2,freeze_constraints,9,random_regular,100,4,58,132,3.701245691733744,52,132,0.3939393939393939,44,97
v2_freeze_constraints_s9,v2,freeze_constraints,9,random_regular,100,4,59,33,2.302585092984045,10,33,0.30303030303030304,83,97
v2_freeze_constraints_s9,v2,freeze_constraints,9,random_regular,100,4,60,88,3.539627566658813,42,88,0.4772727272727273,13,97
v2_freeze_constraints_s9,v2,freeze_constraints,9,random_regular,100,4,61,3,1.0986122886651095,3,3,1.0,33,15
v2_freeze_constraints_s9,v2,freeze_constraints,9,random_regular,100,4,62,1,-1.000088900581841e-12,1,1,1.0,79,34
v2_freeze_constraints_s9,v2,freeze_constraints,9,random_regular,100,4,63,148,3.8895653270927,59,148,0.39864864864864863,75,12
v2_freeze_constraints_s9,v2,freeze_constraints,9,random_regular,100,4,64,23,2.441015278014703,14,23,0.6086956521739131,77,97
v2_freeze_constraints_s9,v2,freeze_constraints,9,random_regular,100,4,65,1,-1.000088900581841e-12,1,1,1.0,40,15
v2_freeze_constraints_s9,v2,freeze_constraints,9,random_regular,100,4,66,156,3.8750885826442416,58,156,0.3717948717948718,44,97
v2_freeze_constraints_s9,v2,freeze_constraints,9,random_regular,100,4,67,186,3.985596288163685,64,186,0.34408602150537637,60,97
v2_freeze_constraints_s9,v2,freeze_constraints,9,random_regular,100,4,68,49,2.871476118036867,19,49,0.3877551020408163,13,12
v2_freeze_constraints_s9,v2,freeze_constraints,9,random_regular,100,4,69,289,4.377345512460749,114,289,0.3944636678200692,55,15
v2_freeze_constraints_s9,v2,freeze_constraints,9,random_regular,100,4,70,8,1.6094379124291005,5,8,0.625,5,34
v2_freeze_constraints_s9,v2,freeze_constraints,9,random_regular,100,4,71,51,2.846480386116867,21,51,0.4117647058823529,24,15
v2_freeze_constraints_s9,v2,freeze_constraints,9,random_regular,100,4,72,151,3.50960550402267,49,151,0.32450331125827814,46,15
v2_freeze_constraints_s9,v2,freeze_constraints,9,random_regular,100,4,73,83,3.2706069569122977,33,83,0.39759036144578314,5,15
v2_freeze_constraints_s9,v2,freeze_constraints,9,random_regular,100,4,74,105,3.5636428037030967,44,105,0.41904761904761906,90,20
v2_freeze_constraints_s9,v2,freeze_constraints,9,random_regular,100,4,75,6,0.6931471805579453,2,6,0.3333333333333333,94,15
v2_freeze_constraints_s9,v2,freeze_constraints,9,random_regular,100,4,76,8,1.0986122886651095,3,8,0.375,96,20
v2_freeze_constraints_s9,v2,freeze_constraints,9,random_regular,100,4,77,67,3.2103913397623893,31,67,0.4626865671641791,64,20
v2_freeze_constraints_s9,v2,freeze_constraints,9,random_regular,100,4,78,97,3.3837392486818665,41,97,0.422680412371134,51,97
v2_freeze_constraints_s9,v2,freeze_constraints,9,random_regular,100,4,79,35,2.484906649776,12,35,0.34285714285714286,17,15
v2_freeze_constraints_s9,v2,freeze_constraints,9,random_regular,100,4,80,2,-1.000088900581841e-12,1,2,0.5,22,12
v2_freeze_constraints_s9,v2,freeze_constraints,9,random_regular,100,4,81,11,1.0986122886651095,3,11,0.2727272727272727,47,34
v2_freeze_constraints_s9,v2,freeze_constraints,9,random_regular,100,4,82,39,2.7080502010872096,15,39,0.38461538461538464,75,34
v2_freeze_constraints_s9,v2,freeze_constraints,9,random_regular,100,4,83,55,2.912494403312053,21,55,0.38181818181818183,51,15
v2_freeze_constraints_s9,v2,freeze_constraints,9,random_regular,100,4,84,31,2.079441541671836,8,31,0.25806451612903225,3,97
v2_freeze_constraints_s9,v2,freeze_constraints,9,random_regular,100,4,85,40,2.736339051089065,18,40,0.45,46,15
v2_freeze_constraints_s9,v2,freeze_constraints,9,random_regular,100,4,86,63,3.0280290732864104,22,63,0.3492063492063492,78,34
v2_freeze_constraints_s9,v2,freeze_constraints,9,random_regular,100,4,87,120,3.552319638207531,49,120,0.4083333333333333,55,20
v2_freeze_constraints_s9,v2,freeze_constraints,9,random_regular,100,4,88,138,3.5094042915797976,55,138,0.39855072463768115,73,20
v2_freeze_constraints_s9,v2,freeze_constraints,9,random_regular,100,4,89,90,3.5281418680240257,38,90,0.4222222222222222,21,97
v2_freeze_constraints_s9,v2,freeze_constraints,9,random_regular,100,4,90,61,3.120291565278284,24,61,0.39344262295081966,54,97
v2_freeze_constraints_s9,v2,freeze_constraints,9,random_regular,100,4,91,5,0.6931471805579453,2,5,0.4,74,34
v2_freeze_constraints_s9,v2,freeze_constraints,9,random_regular,100,4,92,115,3.732165102848344,47,115,0.40869565217391307,21,20
v2_freeze_constraints_s9,v2,freeze_constraints,9,random_regular,100,4,93,12,0.6931471805579453,2,12,0.16666666666666666,80,34
v2_freeze_constraints_s9,v2,freeze_constraints,9,random_regular,100,4,94,111,3.683099712933856,49,111,0.44144144144144143,67,34
v2_freeze_constraints_s9,v2,freeze_constraints,9,random_regular,100,4,95,0,0.0,0,0,,34,34
v2_freeze_constraints_s9,v2,freeze_constraints,9,random_regular,100,4,96,67,2.902002313186603,22,67,0.3283582089552239,64,12
v2_freeze_constraints_s9,v2,freeze_constraints,9,random_regular,100,4,97,95,3.4858315997982245,39,95,0.4105263157894737,55,12
v2_freeze_constraints_s9,v2,freeze_constraints,9,random_regular,100,4,98,9,1.3862943611158909,4,9,0.4444444444444444,28,20
v2_freeze_constraints_s9,v2,freeze_constraints,9,random_regular,100,4,99,94,3.414951560972885,36,94,0.3829787234042553,59,12
v2_freeze_constraints_s9,v2,freeze_constraints,9,random_regular,100,4,100,69,3.2580965379954825,26,69,0.37681159420289856,76,20
v2_freeze_constraints_s9,v2,freeze_constraints,9,random_regular,100,4,101,3,-1.000088900581841e-12,1,3,0.3333333333333333,89,15
v2_freeze_constraints_s9,v2,freeze_constraints,9,random_regular,100,4,102,50,2.736339051089065,18,50,0.36,11,15
v2_freeze_constraints_s9,v2,freeze_constraints,9,random_regular,100,4,103,65,3.233183484354926,28,65,0.4307692307692308,99,20
v2_freeze_constraints_s9,v2,freeze_constraints,9,random_regular,100,4,104,72,3.1418041591892294,27,72,0.375,13,15
v2_freeze_constraints_s9,v2,freeze_constraints,9,random_regular,100,4,105,24,1.791759469222055,6,24,0.25,8,97
v2_freeze_constraints_s9,v2,freeze_constraints,9,random_regular,100,4,106,20,2.079441541671836,8,20,0.4,85,15
v2_freeze_constraints_s9,v2,freeze_constraints,9,random_regular,100,4,107,83,3.2780891892374355,35,83,0.42168674698795183,94,34
v2_freeze_constraints_s9,v2,freeze_constraints,9,random_regular,100,4,108,7,1.3862943611158909,4,7,0.5714285714285714,91,97
v2_freeze_constraints_s9,v2,freeze_constraints,9,random_regular,100,4,109,6,0.6931471805579453,2,6,0.3333333333333333,82,12
v2_freeze_constraints_s9,v2,freeze_constraints,9,random_regular,100,4,110,36,2.61563057701355,15,36,0.4166666666666667,94,15
v2_freeze_constraints_s9,v2,freeze_constraints,9,random_regular,100,4,111,1,-1.000088900581841e-12,1,1,1.0,89,97
v2_freeze_constraints_s9,v2,freeze_constraints,9,random_regular,100,4,112,36,2.772588722223781,16,36,0.4444444444444444,95,15
v2_freeze_constraints_s9,v2,freeze_constraints,9,random_regular,100,4,113,2,0.6931471805579453,2,2,1.0,55,12
v2_freeze_constraints_s9,v2,freeze_constraints,9,random_regular,100,4,114,100,3.4124897213676078,33,100,0.33,11,12
v2_freeze_constraints_s9,v2,freeze_constraints,9,random_regular,100,4,115,1,-1.000088900581841e-12,1,1,1.0,99,20
v2_freeze_constraints_s9,v2,freeze_constraints,9,random_regular,100,4,116,66,2.9713765399480208,26,66,0.3939393939393939,85,20
v2_freeze_constraints_s9,v2,freeze_constraints,9,random_regular,100,4,117,6,1.0986122886651095,3,6,0.5,49,12
v2_freeze_constraints_s9,v2,freeze_constraints,9,random_regular,100,4,118,25,2.1639556568730565,10,25,0.4,36,12
v2_freeze_constraints_s9,v2,freeze_constraints,9,random_regular,100,4,119,18,2.079441541671836,8,18,0.4444444444444444,37,34
v2_freeze_constraints_s9,v2,freeze_constraints,9,random_regular,100,4,120,12,1.791759469222055,6,12,0.5,24,34
v2_freeze_constraints_s9,v2,freeze_constraints,9,random_regular,100,4,121,14,1.6094379124291005,5,14,0.35714285714285715,4,20
v2_freeze_constraints_s9,v2,freeze_constraints,9,random_regular,100,4,122,25,2.7080502010872096,15,25,0.6,59,34
v2_freeze_constraints_s9,v2,freeze_constraints,9,random_regular,100,4,123,3,0.6931471805579453,2,3,0.6666666666666666,84,34
v2_freeze_constraints_s9,v2,freeze_constraints,9,random_regular,100,4,124,9,0.6931471805579453,2,9,0.2222222222222222,55,12
v2_freeze_constraints_s9,v2,freeze_constraints,9,random_regular,100,4,125,31,2.484906649776,12,31,0.3870967741935484,37,12
v2_freeze_constraints_s9,v2,freeze_constraints,9,random_regular,100,4,126,95,3.461048251949615,37,95,0.3894736842105263,81,15
v2_freeze_constraints_s9,v2,freeze_constraints,9,random_regular,100,4,127,34,2.484906649776,12,34,0.35294117647058826,49,34
v2_freeze_constraints_s9,v2,freeze_constraints,9,random_regular,100,4,128,62,2.831480240049973,24,62,0.3870967741935484,0,12
v2_freeze_constraints_s9,v2,freeze_constraints,9,random_regular,100,4,129,67,3.2238860684653137,29,67,0.43283582089552236,53,15
v2_freeze_constraints_s9,v2,freeze_constraints,9,random_regular,100,4,130,48,2.5649493574485365,13,48,0.2708333333333333,7,12
v2_freeze_constraints_s9,v2,freeze_constraints,9,random_regular,100,4,131,13,1.3862943611158909,4,13,0.3076923076923077,42,97
v2_freeze_constraints_s9,v2,freeze_constraints,9,random_regular,100,4,132,45,2.6895357734519942,21,45,0.4666666666666667,14,20
v2_freeze_constraints_s9,v2,freeze_constraints,9,random_regular,100,4,133,143,3.893131622084399,58,143,0.40559440559440557,74,34
v2_freeze_constraints_s9,v2,freeze_constraints,9,random_regular,100,4,134,38,2.9444389791474395,19,38,0.5,68,34
v2_freeze_constraints_s9,v2,freeze_constraints,9,random_regular,100,4,135,22,1.4941751382843085,8,22,0.36363636363636365,27,20
v2_freeze_constraints_s9,v2,freeze_constraints,9,random_regular,100,4,136,109,2.8773742482829485,43,109,0.3944954128440367,65,20
v2_freeze_constraints_s9,v2,freeze_constraints,9,random_regular,100,4,137,355,4.605604673117611,153,355,0.4309859154929577,6,34
v2_freeze_constraints_s9,v2,freeze_constraints,9,random_regular,100,4,138,81,3.193512367382888,31,81,0.38271604938271603,96,34
v2_freeze_constraints_s9,v2,freeze_constraints,9,random_regular,100,4,139,5,0.6931471805579453,2,5,0.4,81,20
v2_freeze_constraints_s9,v2,freeze_constraints,9,random_regular,100,4,140,117,3.645947951488728,41,117,0.3504273504273504,72,34
v2_freeze_constraints_s9,v2,freeze_constraints,9,random_regular,100,4,141,127,3.550250017965948,40,127,0.31496062992125984,21,34
v2_freeze_constraints_s9,v2,freeze_constraints,9,random_regular,100,4,142,31,2.197224577327219,9,31,0.2903225806451613,84,15
v2_freeze_constraints_s9,v2,freeze_constraints,9,random_regular,100,4,143,20,2.1458417525857545,11,20,0.55,66,20
v2_freeze_constraints_s9,v2,freeze_constraints,9,random_regular,100,4,144,7,1.3862943611158909,4,7,0.5714285714285714,26,97
v2_freeze_constraints_s9,v2,freeze_constraints,9,random_regular,100,4,145,40,2.685945324654788,16,40,0.4,60,34
v2_freeze_constraints_s9,v2,freeze_constraints,9,random_regular,100,4,146,83,3.062433267532996,29,83,0.3493975903614458,26,20
v2_freeze_constraints_s9,v2,freeze_constraints,9,random_regular,100,4,147,65,3.0246955538362474,26,65,0.4,44,15
v2_freeze_constraints_s9,v2,freeze_constraints,9,random_regular,100,4,148,59,2.947004770141297,24,59,0.4067796610169492,83,12
v2_freeze_constraints_s9,v2,freeze_constraints,9,random_regular,100,4,149,14,2.079441541671836,8,14,0.5714285714285714,27,12
v2_freeze_constraints_s9,v2,freeze_constraints,9,random_regular,100,4,150,49,2.7985132569262934,19,49,0.3877551020408163,78,20
v2_freeze_constraints_s9,v2,freeze_constraints,9,random_regular,100,4,151,72,3.3969144201875685,35,72,0.4861111111111111,8,12
v2_freeze_constraints_s9,v2,freeze_constraints,9,random_regular,100,4,152,32,2.5232109529398907,15,32,0.46875,4,97
v2_freeze_constraints_s9,v2,freeze_constraints,9,random_regular,100,4,153,61,3.367295829957475,29,61,0.47540983606557374,65,34
v2_freeze_constraints_s9,v2,freeze_constraints,9,random_regular,100,4,154,21,2.302585092984045,10,21,0.47619047619047616,36,15
v2_freeze_constraints_s9,v2,freeze_constraints,9,random_regular,100,4,155,83,3.2238860684653137,29,83,0.3493975903614458,56,12
v2_freeze_constraints_s9,v2,freeze_constraints,9,random_regular,100,4,156,76,2.8716496251169272,23,76,0.3026315789473684,86,20
v2_freeze_constraints_s9,v2,freeze_constraints,9,random_regular,100,4,157,122,3.714242865653661,45,122,0.36885245901639346,11,34
v2_freeze_constraints_s9,v2,freeze_constraints,9,random_regular,100,4,158,80,3.5065025850265608,36,80,0.45,32,12
v2_freeze_constraints_s9,v2,freeze_constraints,9,random_regular,100,4,159,3,0.6931471805579453,2,3,0.6666666666666666,82,15
v2_freeze_constraints_s9,v2,freeze_constraints,9,random_regular,100,4,160,9,0.6931471805579453,2,9,0.2222222222222222,98,20
v2_freeze_constraints_s9,v2,freeze_constraints,9,random_regular,100,4,161,62,2.9650156932365066,22,62,0.3548387096774194,92,97
v2_freeze_constraints_s9,v2,freeze_constraints,9,random_regular,100,4,162,45,2.8903717578781647,18,45,0.4,42,15
v2_freeze_constraints_s9,v2,freeze_constraints,9,random_regular,100,4,163,32,2.5649493574485365,13,32,0.40625,57,34
v2_freeze_constraints_s9,v2,freeze_constraints,9,random_regular,100,4,164,68,2.954673212284816,23,68,0.3382352941176471,65,20
v2_freeze_constraints_s9,v2,freeze_constraints,9,random_regular,100,4,165,8,0.6931471805579453,2,8,0.25,43,34
v2_freeze_constraints_s9,v2,freeze_constraints,9,random_regular,100,4,166,18,2.0431918705371204,9,18,0.5,80,97
v2_freeze_constraints_s9,v2,freeze_constraints,9,random_regular,100,4,167,29,2.1639556568730565,10,29,0.3448275862068966,77,15
v2_freeze_constraints_s9,v2,freeze_constraints,9,random_regular,100,4,168,3,-1.000088900581841e-12,1,3,0.3333333333333333,28,97
v2_freeze_constraints_s9,v2,freeze_constraints,9,random_regular,100,4,169,3,-1.000088900581841e-12,1,3,0.3333333333333333,3,15
v2_freeze_constraints_s9,v2,freeze_constraints,9,random_regular,100,4,170,55,2.393312122962524,16,55,0.2909090909090909,94,20
v2_freeze_constraints_s9,v2,freeze_constraints,9,random_regular,100,4,171,14,1.9459101490483133,7,14,0.5,75,20
v2_freeze_constraints_s9,v2,freeze_constraints,9,random_regular,100,4,172,26,2.441015278014703,14,26,0.5384615384615384,53,20
v2_freeze_constraints_s9,v2,freeze_constraints,9,random_regular,100,4,173,122,3.708094060697539,46,122,0.3770491803278688,35,15
v2_freeze_constraints_s9,v2,freeze_constraints,9,random_regular,100,4,174,4,0.6931471805579453,2,4,0.5,65,12
v2_freeze_constraints_s9,v2,freeze_constraints,9,random_regular,100,4,175,20,2.302585092984045,10,20,0.5,59,34
v2_freeze_constraints_s9,v2,freeze_constraints,9,random_regular,100,4,176,35,2.751666616915516,17,35,0.4857142857142857,57,34
v2_freeze_constraints_s9,v2,freeze_constraints,9,random_regular,100,4,177,98,3.3969144201875685,35,98,0.35714285714285715,67,20
v2_freeze_constraints_s9,v2,freeze_constraints,9,random_regular,100,4,178,187,3.992767628919097,83,187,0.44385026737967914,58,15
v2_freeze_constraints_s9,v2,freeze_constraints,9,random_regular,100,4,179,78,3.165672166824038,31,78,0.3974358974358974,93,34
v2_freeze_constraints_s9,v2,freeze_constraints,9,random_regular,100,4,180,100,3.4641255137043623,41,100,0.41,75,15
v2_freeze_constraints_s9,v2,freeze_constraints,9,random_regular,100,4,181,32,2.4583113296710835,13,32,0.40625,40,20
v2_freeze_constraints_s9,v2,freeze_constraints,9,random_regular,100,4,182,68,3.244492630381296,27,68,0.39705882352941174,44,12
v2_freeze_constraints_s9,v2,freeze_constraints,9,random_regular,100,4,183,141,3.9891020195444336,63,141,0.44680851063829785,96,15
v2_freeze_constraints_s9,v2,freeze_constraints,9,random_regular,100,4,184,53,2.8903717578781647,18,53,0.33962264150943394,56,20
v2_freeze_constraints_s9,v2,freeze_constraints,9,random_regular,100,4,185,0,0.0,0,0,,34,34
v2_freeze_constraints_s9,v2,freeze_constraints,9,random_regular,100,4,186,15,1.9459101490483133,7,15,0.4666666666666667,94,34
v2_freeze_constraints_s9,v2,freeze_constraints,9,random_regular,100,4,187,128,3.7362524597560527,55,128,0.4296875,53,12
v2_freeze_constraints_s9,v2,freeze_constraints,9,random_regular,100,4,188,41,2.9785084205072385,21,41,0.5121951219512195,42,20
v2_freeze_constraints_s9,v2,freeze_constraints,9,random_regular,100,4,189,228,4.072185384720432,83,228,0.36403508771929827,18,20
v2_freeze_constraints_s9,v2,freeze_constraints,9,random_regular,100,4,190,144,3.8744256338587295,64,144,0.4444444444444444,71,97
v2_freeze_constraints_s9,v2,freeze_constraints,9,random_regular,100,4,191,0,0.0,0,0,,34,34
v2_freeze_constraints_s9,v2,freeze_constraints,9,random_regular,100,4,192,103,3.4013229622103696,39,103,0.3786407766990291,70,12
v2_freeze_constraints_s9,v2,freeze_constraints,9,random_regular,100,4,193,12,1.791759469222055,6,12,0.5,73,97
v2_freeze_constraints_s9,v2,freeze_constraints,9,random_regular,100,4,194,85,3.322493706775413,34,85,0.4,13,34
v2_freeze_constraints_s9,v2,freeze_constraints,9,random_regular,100,4,195,51,2.772588722223781,16,51,0.3137254901960784,60,20
v2_freeze_constraints_s9,v2,freeze_constraints,9,random_regular,100,4,196,58,2.947004770141297,24,58,0.41379310344827586,45,97
v2_freeze_constraints_s9,v2,freeze_constraints,9,random_regular,100,4,197,20,2.3516733018936304,13,20,0.65,29,12
v2_freeze_constraints_s9,v2,freeze_constraints,9,random_regular,100,4,198,105,3.2079600775164674,37,105,0.3523809523809524,94,34
v2_freeze_constraints_s9,v2,freeze_constraints,9,random_regular,100,4,199,30,2.302585092984045,10,30,0.3333333333333333,95,15
v2_freeze_constraints_s9,v2,freeze_constraints,9,random_regular,100,4,200,26,2.0431918705371204,9,26,0.34615384615384615,90,34
v2_freeze_constraints_s9,v2,freeze_constraints,9,random_regular,100,4,201,22,2.4583113296710835,13,22,0.5909090909090909,55,20
v2_freeze_constraints_s9,v2,freeze_constraints,9,random_regular,100,4,202,16,1.0986122886651095,3,16,0.1875,19,15
v2_freeze_constraints_s9,v2,freeze_constraints,9,random_regular,100,4,203,135,3.644129457733132,49,135,0.362962962962963,85,20
v2_freeze_constraints_s9,v2,freeze_constraints,9,random_regular,100,4,204,110,3.7679748778973794,49,110,0.44545454545454544,78,34
v2_freeze_constraints_s9,v2,freeze_constraints,9,random_regular,100,4,205,63,3.2958368659773285,27,63,0.42857142857142855,64,34
v2_freeze_constraints_s9,v2,freeze_constraints,9,random_regular,100,4,206,84,3.3549875695958247,30,84,0.35714285714285715,64,12
v2_freeze_constraints_s9,v2,freeze_constraints,9,random_regular,100,4,207,94,3.5281418680240257,38,94,0.40425531914893614,52,12
v2_freeze_constraints_s9,v2,freeze_constraints,9,random_regular,100,4,208,3,0.6931471805579453,2,3,0.6666666666666666,80,34
v2_freeze_constraints_s9,v2,freeze_constraints,9,random_regular,100,4,209,7,0.6931471805579453,2,7,0.2857142857142857,50,97
v2_freeze_constraints_s9,v2,freeze_constraints,9,random_regular,100,4,210,79,3.480935299911953,40,79,0.5063291139240507,14,34
v2_freeze_constraints_s9,v2,freeze_constraints,9,random_regular,100,4,211,237,4.261208067345199,98,237,0.41350210970464135,5,34
v2_freeze_constraints_s9,v2,freeze_constraints,9,random_regular,100,4,212,47,2.61563057701355,15,47,0.3191489361702128,50,34
v2_freeze_constraints_s9,v2,freeze_constraints,9,random_regular,100,4,213,17,2.0253262207620675,10,17,0.5882352941176471,62,15
v2_freeze_constraints_s9,v2,freeze_constraints,9,random_regular,100,4,214,82,3.1418041591892294,27,82,0.32926829268292684,17,20
v2_freeze_constraints_s9,v2,freeze_constraints,9,random_regular,100,4,215,48,2.813355404483615,18,48,0.375,18,15
v2_freeze_constraints_s9,v2,freeze_constraints,9,random_regular,100,4,216,41,2.772588722223781,16,41,0.3902439024390244,6,34
v2_freeze_constraints_s9,v2,freeze_constraints,9,random_regular,100,4,217,29,2.430791328866232,15,29,0.5172413793103449,25,15
v2_freeze_constraints_s9,v2,freeze_constraints,9,random_regular,100,4,218,3,-1.000088900581841e-12,1,3,0.3333333333333333,60,34
v2_freeze_constraints_s9,v2,freeze_constraints,9,random_regular,100,4,219,27,2.369382119683676,12,27,0.4444444444444444,46,34
v2_freeze_constraints_s9,v2,freeze_constraints,9,random_regular,100,4,220,68,2.871476118036867,19,68,0.27941176470588236,60,34
v2_freeze_constraints_s9,v2,freeze_constraints,9,random_regular,100,4,221,85,3.3573060098708574,35,85,0.4117647058823529,74,20
v2_freeze_constraints_s9,v2,freeze_constraints,9,random_regular,100,4,222,115,3.775855948368099,45,115,0.391304347826087,18,97
v2_freeze_constraints_s9,v2,freeze_constraints,9,random_regular,100,4,223,33,2.685945324654788,16,33,0.48484848484848486,92,20
v2_freeze_constraints_s9,v2,freeze_constraints,9,random_regular,100,4,224,33,2.670119889791816,17,33,0.5151515151515151,4,12
v2_freeze_constraints_s9,v2,freeze_constraints,9,random_regular,100,4,225,177,3.991040574927236,70,177,0.3954802259887006,3,15
v2_freeze_constraints_s9,v2,freeze_constraints,9,random_regular,100,4,226,45,2.5993019270857944,16,45,0.35555555555555557,50,12
v2_freeze_constraints_s9,v2,freeze_constraints,9,random_regular,100,4,227,8,1.791759469222055,6,8,0.75,77,34
v2_freeze_constraints_s9,v2,freeze_constraints,9,random_regular,100,4,228,149,3.924152985971319,70,149,0.4697986577181208,66,12
v2_freeze_constraints_s9,v2,freeze_constraints,9,random_regular,100,4,229,45,2.736339051089065,18,45,0.4,72,97
v2_freeze_constraints_s9,v2,freeze_constraints,9,random_regular,100,4,230,440,4.683874175011002,174,440,0.39545454545454545,42,97
v2_freeze_constraints_s9,v2,freeze_constraints,9,random_regular,100,4,231,107,3.755676480770567,48,107,0.4485981308411215,77,15
v2_freeze_constraints_s9,v2,freeze_constraints,9,random_regular,100,4,232,9,1.3862943611158909,4,9,0.4444444444444444,55,12
v2_freeze_constraints_s9,v2,freeze_constraints,9,random_regular,100,4,233,23,1.791759469222055,6,23,0.2608695652173913,2,20
v2_freeze_constraints_s9,v2,freeze_constraints,9,random_regular,100,4,234,117,3.8728045918575456,57,117,0.48717948717948717,33,12
v2_freeze_constraints_s9,v2,freeze_constraints,9,random_regular,100,4,235,18,2.3978952727873706,11,18,0.6111111111111112,64,34
v2_freeze_constraints_s9,v2,freeze_constraints,9,random_regular,100,4,236,25,2.302585092984045,10,25,0.4,79,97
v2_freeze_constraints_s9,v2,freeze_constraints,9,random_regular,100,4,237,179,4.015640887306359,68,179,0.37988826815642457,24,15
v2_freeze_constraints_s9,v2,freeze_constraints,9,random_regular,100,4,238,23,2.197224577327219,9,23,0.391304347826087,24,12
v2_freeze_constraints_s9,v2,freeze_constraints,9,random_regular,100,4,239,2,-1.000088900581841e-12,1,2,0.5,49,12
v2_freeze_constraints_s9,v2,freeze_constraints,9,random_regular,100,4,240,115,3.673173853440987,47,115,0.40869565217391307,6,15
v2_freeze_constraints_s9,v2,freeze_constraints,9,random_regular,100,4,241,37,2.6593226976945163,18,37,0.4864864864864865,31,12
v2_freeze_constraints_s9,v2,freeze_constraints,9,random_regular,100,4,242,111,3.4858315997982245,39,111,0.35135135135135137,17,34
v2_freeze_constraints_s9,v2,freeze_constraints,9,random_regular,100,4,243,157,3.854574699589376,60,157,0.3821656050955414,18,97
v2_freeze_constraints_s9,v2,freeze_constraints,9,random_regular,100,4,244,91,3.2252525831278587,40,91,0.43956043956043955,33,20
v2_freeze_constraints_s9,v2,freeze_constraints,9,random_regular,100,4,245,0,0.0,0,0,,20,20
v2_freeze_constraints_s9,v2,freeze_constraints,9,random_regular,100,4,246,38,2.5232109529398907,15,38,0.39473684210526316,74,12
v2_freeze_constraints_s9,v2,freeze_constraints,9,random_regular,100,4,247,1,-1.000088900581841e-12,1,1,1.0,60,34
v2_freeze_constraints_s9,v2,freeze_constraints,9,random_regular,100,4,248,22,2.197224577327219,9,22,0.4090909090909091,23,12
v2_freeze_constraints_s9,v2,freeze_constraints,9,random_regular,100,4,249,156,3.972490967361432,63,156,0.40384615384615385,38,12
v2_freeze_constraints_s9,v2,freeze_constraints,9,random_regular,100,4,250,84,3.5157396511377024,35,84,0.4166666666666667,32,97
v2_freeze_constraints_s9,v2,freeze_constraints,9,random_regular,100,4,251,23,2.2718685126865625,11,23,0.4782608695652174,77,34
v2_freeze_constraints_s9,v2,freeze_constraints,9,random_regular,100,4,252,32,2.8332133440392155,17,32,0.53125,96,20
v2_freeze_constraints_s9,v2,freeze_constraints,9,random_regular,100,4,253,131,3.848483638154688,57,131,0.4351145038167939,31,20
v2_freeze_constraints_s9,v2,freeze_constraints,9,random_regular,100,4,254,186,3.9712363697693807,70,186,0.3763440860215054,27,15
v2_freeze_constraints_s9,v2,freeze_constraints,9,random_regular,100,4,255,64,3.43652283050428,35,64,0.546875,18,34
v2_freeze_constraints_s9,v2,freeze_constraints,9,random_regular,100,4,256,102,3.739683156242872,49,102,0.4803921568627451,90,15
v2_freeze_constraints_s9,v2,freeze_constraints,9,random_regular,100,4,257,102,3.3790925051997345,32,102,0.3137254901960784,68,15
v2_freeze_constraints_s9,v2,freeze_constraints,9,random_regular,100,4,258,0,0.0,0,0,,34,34
v2_freeze_constraints_s9,v2,freeze_constraints,9,random_regular,100,4,259,107,3.4869693396250203,45,107,0.4205607476635514,1,15
v2_freeze_constraints_s9,v2,freeze_constraints,9,random_regular,100,4,260,0,0.0,0,0,,15,15
v2_freeze_constraints_s9,v2,freeze_constraints,9,random_regular,100,4,261,69,3.299829685639092,31,69,0.4492753623188406,66,34
v2_freeze_constraints_s9,v2,freeze_constraints,9,random_regular,100,4,262,51,2.8903717578781647,18,51,0.35294117647058826,40,97
v2_freeze_constraints_s9,v2,freeze_constraints,9,random_regular,100,4,263,76,3.2454274926808697,37,76,0.4868421052631579,67,20
v2_freeze_constraints_s9,v2,freeze_constraints,9,random_regular,100,4,264,370,4.6372371846997495,145,370,0.3918918918918919,14,97
v2_freeze_constraints_s9,v2,freeze_constraints,9,random_regular,100,4,265,18,1.791759469222055,6,18,0.3333333333333333,31,34
v2_freeze_constraints_s9,v2,freeze_constraints,9,random_regular,100,4,266,0,0.0,0,0,,97,97
v2_freeze_constraints_s9,v2,freeze_constraints,9,random_regular,100,4,267,78,3.363267070336762,34,78,0.4358974358974359,25,15
v2_freeze_constraints_s9,v2,freeze_constraints,9,random_regular,100,4,268,154,3.757945634654917,64,154,0.4155844155844156,39,12
v2_freeze_constraints_s9,v2,freeze_constraints,9,random_regular,100,4,269,17,2.079441541671836,8,17,0.47058823529411764,67,15
v2_freeze_constraints_s9,v2,freeze_constraints,9,random_regular,100,4,270,61,2.754331703541254,25,61,0.4098360655737705,40,15
v2_freeze_constraints_s9,v2,freeze_constraints,9,random_regular,100,4,271,21,2.197224577327219,9,21,0.42857142857142855,17,12
v2_freeze_constraints_s9,v2,freeze_constraints,9,random_regular,100,4,272,22,2.302585092984045,10,22,0.45454545454545453,67,34
v2_freeze_constraints_s9,v2,freeze_constraints,9,random_regular,100,4,273,19,1.791759469222055,6,19,0.3157894736842105,66,12
v2_freeze_constraints_s9,v2,freeze_constraints,9,random_regular,100,4,274,36,2.5993019270857944,16,36,0.4444444444444444,91,15
v2_freeze_constraints_s9,v2,freeze_constraints,9,random_regular,100,4,275,0,0.0,0,0,,97,97
v2_freeze_constraints_s9,v2,freeze_constraints,9,random_regular,100,4,276,55,2.857102837424001,20,55,0.36363636363636365,23,20
v2_freeze_constraints_s9,v2,freeze_constraints,9,random_regular,100,4,277,117,3.550250017965948,40,117,0.3418803418803419,35,34
v2_freeze_constraints_s9,v2,freeze_constraints,9,random_regular,100,4,278,116,3.652629782939221,45,116,0.3879310344827586,61,20
v2_freeze_constraints_s9,v2,freeze_constraints,9,random_regular,100,4,279,114,3.605641583852999,42,114,0.3684210526315789,36,12
v2_freeze_constraints_s9,v2,freeze_constraints,9,random_regular,100,4,280,15,2.197224577327219,9,15,0.6,47,97
v2_freeze_constraints_s9,v2,freeze_constraints,9,random_regular,100,4,281,34,2.540036303807981,14,34,0.4117647058823529,33,15
v2_freeze_constraints_s9,v2,freeze_constraints,9,random_regular,100,4,282,7,1.0986122886651095,3,7,0.42857142857142855,46,97
v2_freeze_constraints_s9,v2,freeze_constraints,9,random_regular,100,4,283,153,3.951186258269278,59,153,0.38562091503267976,43,15
v2_freeze_constraints_s9,v2,freeze_constraints,9,random_regular,100,4,284,2,-1.000088900581841e-12,1,2,0.5,33,12
v2_freeze_constraints_s9,v2,freeze_constraints,9,random_regular,100,4,285,62,3.098139496330803,26,62,0.41935483870967744,96,15
v2_freeze_constraints_s9,v2,freeze_constraints,9,random_regular,100,4,286,32,2.369382119683676,12,32,0.375,68,20
v2_freeze_constraints_s9,v2,freeze_constraints,9,random_regular,100,4,287,0,0.0,0,0,,34,34
v2_freeze_constraints_s9,v2,freeze_constraints,9,random_regular,100,4,288,33,2.670119889791816,17,33,0.5151515151515151,37,15
v2_freeze_constraints_s9,v2,freeze_constraints,9,random_regular,100,4,289,19,1.791759469222055,6,19,0.3157894736842105,41,34
v2_freeze_constraints_s9,v2,freeze_constraints,9,random_regular,100,4,290,148,4.070220448963337,75,148,0.5067567567567568,51,15
v2_freeze_constraints_s9,v2,freeze_constraints,9,random_regular,100,4,291,72,3.2491274088477446,32,72,0.4444444444444444,86,34
v2_freeze_constraints_s9,v2,freeze_constraints,9,random_regular,100,4,292,54,3.062529300232621,24,54,0.4444444444444444,31,34
v2_freeze_constraints_s9,v2,freeze_constraints,9,random_regular,100,4,293,24,2.079441541671836,8,24,0.3333333333333333,63,97
v2_freeze_constraints_s9,v2,freeze_constraints,9,random_regular,100,4,294,35,2.0253262207620675,10,35,0.2857142857142857,81,15
v2_freeze_constraints_s9,v2,freeze_constraints,9,random_regular,100,4,295,103,3.5213776090567093,39,103,0.3786407766990291,5,15
v2_freeze_constraints_s9,v2,freeze_constraints,9,random_regular,100,4,296,0,0.0,0,0,,15,15
v2_freeze_constraints_s9,v2,freeze_constraints,9,random_regular,100,4,297,108,3.644129457733132,49,108,0.4537037037037037,18,15
v2_freeze_constraints_s9,v2,freeze_constraints,9,random_regular,100,4,298,0,0.0,0,0,,12,12
v2_freeze_constraints_s9,v2,freeze_constraints,9,random_regular,100,4,299,45,2.5649493574485365,13,45,0.28888888888888886,85,15
v2_freeze_constraints_s9,v2,freeze_constraints,9,random_regular,100,4,300,22,1.9061547465328492,8,22,0.36363636363636365,17,97
v2_freeze_constraints_s9,v2,freeze_constraints,9,random_regular,100,4,301,21,1.8891591637470213,9,21,0.42857142857142855,48,15
v2_freeze_constraints_s9,v2,freeze_constraints,9,random_regular,100,4,302,106,3.498515667114017,37,106,0.3490566037735849,47,34
v2_freeze_constraints_s9,v2,freeze_constraints,9,random_regular,100,4,303,160,3.951186258269278,59,160,0.36875,88,97
v2_freeze_constraints_s9,v2,freeze_constraints,9,random_regular,100,4,304,72,3.176082814634593,29,72,0.4027777777777778,40,15
v2_freeze_constraints_s9,v2,freeze_constraints,9,random_regular,100,4,305,36,2.7080502010872096,15,36,0.4166666666666667,30,20
v2_freeze_constraints_s9,v2,freeze_constraints,9,random_regular,100,4,306,15,2.079441541671836,8,15,0.5333333333333333,82,97
v2_freeze_constraints_s9,v2,freeze_constraints,9,random_regular,100,4,307,58,2.813355404483615,18,58,0.3103448275862069,88,34
v2_freeze_constraints_s9,v2,freeze_constraints,9,random_regular,100,4,308,0,0.0,0,0,,34,34
v2_freeze_constraints_s9,v2,freeze_constraints,9,random_regular,100,4,309,72,2.679706038822933,27,72,0.375,90,15
v2_freeze_constraints_s9,v2,freeze_constraints,9,random_regular,100,4,310,130,3.901575408441301,56,130,0.4307692307692308,81,20
v2_freeze_constraints_s9,v2,freeze_constraints,9,random_regular,100,4,311,62,2.9970687270680187,25,62,0.4032258064516129,37,97
v2_freeze_constraints_s9,v2,freeze_constraints,9,random_regular,100,4,312,31,2.302585092984045,10,31,0.3225806451612903,66,12
v2_freeze_constraints_s9,v2,freeze_constraints,9,random_regular,100,4,313,3,0.6931471805579453,2,3,0.6666666666666666,66,97
v2_freeze_constraints_s9,v2,freeze_constraints,9,random_regular,100,4,314,14,1.6094379124291005,5,14,0.35714285714285715,17,20
v2_freeze_constraints_s9,v2,freeze_constraints,9,random_regular,100,4,315,135,3.52383746882086,55,135,0.4074074074074074,86,34
v2_freeze_constraints_s9,v2,freeze_constraints,9,random_regular,100,4,316,4,1.0986122886651095,3,4,0.75,17,20
v2_freeze_constraints_s9,v2,freeze_constraints,9,random_regular,100,4,317,1,-1.000088900581841e-12,1,1,1.0,22,12
v2_freeze_constraints_s9,v2,freeze_constraints,9,random_regular,100,4,318,115,3.5281418680240257,38,115,0.33043478260869563,1,20
v2_freeze_constraints_s9,v2,freeze_constraints,9,random_regular,100,4,319,23,2.0431918705371204,9,23,0.391304347826087,48,97
v2_freeze_constraints_s9,v2,freeze_constraints,9,random_regular,100,4,320,31,2.4583113296710835,13,31,0.41935483870967744,39,15
v2_freeze_constraints_s9,v2,freeze_constraints,9,random_regular,100,4,321,37,2.341994252221425,14,37,0.3783783783783784,7,20
v2_freeze_constraints_s9,v2,freeze_constraints,9,random_regular,100,4,322,15,1.0986122886651095,3,15,0.2,27,97
v2_freeze_constraints_s9,v2,freeze_constraints,9,random_regular,100,4,323,1,-1.000088900581841e-12,1,1,1.0,7,34
v2_freeze_constraints_s9,v2,freeze_constraints,9,random_regular,100,4,324,87,3.202445121201928,33,87,0.3793103448275862,48,97
v2_freeze_constraints_s9,v2,freeze_constraints,9,random_regular,100,4,325,29,2.4583113296710835,13,29,0.4482758620689655,80,34
v2_freeze_constraints_s9,v2,freeze_constraints,9,random_regular,100,4,326,40,2.4799555205315174,16,40,0.4,30,20
v2_freeze_constraints_s9,v2,freeze_constraints,9,random_regular,100,4,327,12,1.791759469222055,6,12,0.5,73,15
v2_freeze_constraints_s9,v2,freeze_constraints,9,random_regular,100,4,328,81,3.084651945666509,28,81,0.345679012345679,75,34
v2_freeze_constraints_s9,v2,freeze_constraints,9,random_regular,100,4,329,50,2.9650156932365066,22,50,0.44,62,12
v2_freeze_constraints_s9,v2,freeze_constraints,9,random_regular,100,4,330,56,2.7555497906471795,21,56,0.375,30,15
v2_freeze_constraints_s9,v2,freeze_constraints,9,random_regular,100,4,331,21,2.3978952727873706,11,21,0.5238095238095238,77,34
v2_freeze_constraints_s9,v2,freeze_constraints,9,random_regular,100,4,332,36,2.302585092984045,10,36,0.2777777777777778,64,97
v2_freeze_constraints_s9,v2,freeze_constraints,9,random_regular,100,4,333,18,2.1639556568730565,10,18,0.5555555555555556,84,97
v2_freeze_constraints_s9,v2,freeze_constraints,9,random_regular,100,4,334,123,3.732165102848344,47,123,0.3821138211382114,63,15
v2_freeze_constraints_s9,v2,freeze_constraints,9,random_regular,100,4,335,25,1.791759469222055,6,25,0.24,56,12
v2_freeze_constraints_s9,v2,freeze_constraints,9,random_regular,100,4,336,59,3.135494215906149,23,59,0.3898305084745763,78,12
v2_freeze_constraints_s9,v2,freeze_constraints,9,random_regular,100,4,337,46,2.846480386116867,21,46,0.45652173913043476,79,97
v2_freeze_constraints_s9,v2,freeze_constraints,9,random_regular,100,4,338,7,0.6931471805579453,2,7,0.2857142857142857,91,15
v2_freeze_constraints_s9,v2,freeze_constraints,9,random_regular,100,4,339,2,0.6931471805579453,2,2,1.0,88,97
v2_freeze_constraints_s9,v2,freeze_constraints,9,random_regular,100,4,340,89,3.189454205571105,32,89,0.3595505617977528,51,20
v2_freeze_constraints_s9,v2,freeze_constraints,9,random_regular,100,4,341,45,2.857102837424001,20,45,0.4444444444444444,61,97
v2_freeze_constraints_s9,v2,freeze_constraints,9,random_regular,100,4,342,33,2.813355404483615,18,33,0.5454545454545454,78,20
v2_freeze_constraints_s9,v2,freeze_constraints,9,random_regular,100,4,343,10,1.5607104090364068,6,10,0.6,9,12
v2_freeze_constraints_s9,v2,freeze_constraints,9,random_regular,100,4,344,3,1.0986122886651095,3,3,1.0,40,15
v2_freeze_constraints_s9,v2,freeze_constraints,9,random_regular,100,4,345,1,-1.000088900581841e-12,1,1,1.0,99,20
v2_freeze_constraints_s9,v2,freeze_constraints,9,random_regular,100,4,346,54,2.8782183066518505,22,54,0.4074074074074074,27,34
v2_freeze_constraints_s9,v2,freeze_constraints,9,random_regular,100,4,347,26,2.197224577327219,9,26,0.34615384615384615,43,12
v2_freeze_constraints_s9,v2,freeze_constraints,9,random_regular,100,4,348,100,3.4677905347959017,45,100,0.45,17,97
v2_freeze_constraints_s9,v2,freeze_constraints,9,random_regular,100,4,349,41,2.5993019270857944,16,41,0.3902439024390244,52,12
v2_freeze_constraints_s9,v2,freeze_constraints,9,random_regular,100,4,350,14,1.9459101490483133,7,14,0.5,32,97
v2_freeze_constraints_s9,v2,freeze_constraints,9,random_regular,100,4,351,20,1.9459101490483133,7,20,0.35,55,20
v2_freeze_constraints_s9,v2,freeze_constraints,9,random_regular,100,4,352,3,0.6931471805579453,2,3,0.6666666666666666,65,20
v2_freeze_constraints_s9,v2,freeze_constraints,9,random_regular,100,4,353,28,1.5498260458732018,7,28,0.25,88,15
v2_freeze_constraints_s9,v2,freeze_constraints,9,random_regular,100,4,354,62,2.8652352524298457,25,62,0.4032258064516129,19,97
v2_freeze_constraints_s9,v2,freeze_constraints,9,random_regular,100,4,355,58,3.151458510219029,26,58,0.4482758620689655,92,12
v2_freeze_constraints_s9,v2,freeze_constraints,9,random_regular,100,4,356,26,2.302585092984045,10,26,0.38461538461538464,3,20
v2_freeze_constraints_s9,v2,freeze_constraints,9,random_regular,100,4,357,68,2.926417555478996,20,68,0.29411764705882354,45,12
v2_freeze_constraints_s9,v2,freeze_constraints,9,random_regular,100,4,358,139,3.819075783309944,59,139,0.4244604316546763,74,12
v2_freeze_constraints_s9,v2,freeze_constraints,9,random_regular,100,4,359,136,3.806945133098103,49,136,0.3602941176470588,41,20
v2_freeze_constraints_s9,v2,freeze_constraints,9,random_regular,100,4,360,58,3.1931483947852626,27,58,0.46551724137931033,69,12
v2_freeze_constraints_s9,v2,freeze_constraints,9,random_regular,100,4,361,75,3.5157396511377024,35,75,0.4666666666666667,88,12
v2_freeze_constraints_s9,v2,freeze_constraints,9,random_regular,100,4,362,41,2.9957322735339904,20,41,0.4878048780487805,40,15
v2_freeze_constraints_s9,v2,freeze_constraints,9,random_regular,100,4,363,40,2.447151308264912,18,40,0.45,87,97
v2_freeze_constraints_s9,v2,freeze_constraints,9,random_regular,100,4,364,133,3.795914420803827,51,133,0.38345864661654133,43,20
v2_freeze_constraints_s9,v2,freeze_constraints,9,random_regular,100,4,365,27,1.791759469222055,6,27,0.2222222222222222,51,12
v2_freeze_constraints_s9,v2,freeze_constraints,9,random_regular,100,4,366,2,0.6931471805579453,2,2,1.0,26,34
v2_freeze_constraints_s9,v2,freeze_constraints,9,random_regular,100,4,367,25,2.197224577327219,9,25,0.36,68,20
v2_freeze_constraints_s9,v2,freeze_constraints,9,random_regular,100,4,368,0,0.0,0,0,,12,12
v2_freeze_constraints_s9,v2,freeze_constraints,9,random_regular,100,4,369,24,2.369382119683676,12,24,0.5,99,34
v2_freeze_constraints_s9,v2,freeze_constraints,9,random_regular,100,4,370,3,0.6931471805579453,2,3,0.6666666666666666,80,15
v2_freeze_constraints_s9,v2,freeze_constraints,9,random_regular,100,4,371,55,2.941616952624223,25,55,0.45454545454545453,59,97
v2_freeze_constraints_s9,v2,freeze_constraints,9,random_regular,100,4,372,135,3.665832527885204,58,135,0.42962962962962964,51,12
v2_freeze_constraints_s9,v2,freeze_constraints,9,random_regular,100,4,373,49,3.052520501511814,25,49,0.5102040816326531,84,34
v2_freeze_constraints_s9,v2,freeze_constraints,9,random_regular,100,4,374,48,2.871476118036867,19,48,0.3958333333333333,19,20
v2_freeze_constraints_s9,v2,freeze_constraints,9,random_regular,100,4,375,44,2.926417555478996,20,44,0.45454545454545453,81,34
v2_freeze_constraints_s9,v2,freeze_constraints,9,random_regular,100,4,376,74,3.0777286973778466,30,74,0.40540540540540543,39,12
v2_freeze_constraints_s9,v2,freeze_constraints,9,random_regular,100,4,377,21,2.302585092984045,10,21,0.47619047619047616,67,20
v2_freeze_constraints_s9,v2,freeze_constraints,9,random_regular,100,4,378,22,2.3978952727873706,11,22,0.5,11,97
v2_freeze_constraints_s9,v2,freeze_constraints,9,random_regular,100,4,379,47,3.044522437702424,21,47,0.44680851063829785,50,12
v2_freeze_constraints_s9,v2,freeze_constraints,9,random_regular,100,4,380,0,0.0,0,0,,34,34
v2_freeze_constraints_s9,v2,freeze_constraints,9,random_regular,100,4,381,213,4.111133680829133,87,213,0.4084507042253521,37,12
v2_freeze_constraints_s9,v2,freeze_constraints,9,random_regular,100,4,382,63,2.954673212284816,23,63,0.36507936507936506,52,97
v2_freeze_constraints_s9,v2,freeze_constraints,9,random_regular,100,4,383,15,1.791759469222055,6,15,0.4,24,15
v2_freeze_constraints_s9,v2,freeze_constraints,9,random_regular,100,4,384,42,2.813355404483615,18,42,0.42857142857142855,37,20
v2_freeze_constraints_s9,v2,freeze_constraints,9,random_regular,100,4,385,110,3.537147961420698,53,110,0.4818181818181818,65,97
v2_freeze_constraints_s9,v2,freeze_constraints,9,random_regular,100,4,386,42,2.341994252221425,14,42,0.3333333333333333,47,34
v2_freeze_constraints_s9,v2,freeze_constraints,9,random_regular,100,4,387,7,1.0986122886651095,3,7,0.42857142857142855,89,97
v2_freeze_constraints_s9,v2,freeze_constraints,9,random_regular,100,4,388,10,1.3862943611158909,4,10,0.4,76,97
v2_freeze_constraints_s9,v2,freeze_constraints,9,random_regular,100,4,389,49,3.335770806415738,32,49,0.6530612244897959,54,34
v2_freeze_constraints_s9,v2,freeze_constraints,9,random_regular,100,4,390,3,1.0986122886651095,3,3,1.0,41,12
v2_freeze_constraints_s9,v2,freeze_constraints,9,random_regular,100,4,391,136,3.659877378241946,57,136,0.41911764705882354,81,20
v2_freeze_constraints_s9,v2,freeze_constraints,9,random_regular,100,4,392,182,4.050237767059032,76,182,0.4175824175824176,84,34
v2_freeze_constraints_s9,v2,freeze_constraints,9,random_regular,100,4,393,14,1.7328679513938632,8,14,0.5714285714285714,29,15
v2_freeze_constraints_s9,v2,freeze_constraints,9,random_regular,100,4,394,45,2.954673212284816,23,45,0.5111111111111111,8,34
v2_freeze_constraints_s9,v2,freeze_constraints,9,random_regular,100,4,395,5,1.3862943611158909,4,5,0.8,30,12
v2_freeze_constraints_s9,v2,freeze_constraints,9,random_regular,100,4,396,2,-1.000088900581841e-12,1,2,0.5,8,20
v2_freeze_constraints_s9,v2,freeze_constraints,9,random_regular,100,4,397,19,2.079441541671836,8,19,0.42105263157894735,72,12
v2_freeze_constraints_s9,v2,freeze_constraints,9,random_regular,100,4,398,9,1.791759469222055,6,9,0.6666666666666666,71,34
v2_freeze_constraints_s9,v2,freeze_constraints,9,random_regular,100,4,399,1,-1.000088900581841e-12,1,1,1.0,53,12
v2_freeze_constraints_s9,v2,freeze_constraints,9,random_regular,100,4,400,0,0.0,0,0,,34,34
v2_freeze_constraints_s9,v2,freeze_constraints,9,random_regular,100,4,401,79,3.271689322296034,29,79,0.3670886075949367,61,20
v2_freeze_constraints_s9,v2,freeze_constraints,9,random_regular,100,4,402,40,2.61563057701355,15,40,0.375,89,97
v2_freeze_constraints_s9,v2,freeze_constraints,9,random_regular,100,4,403,53,2.9444389791474395,19,53,0.3584905660377358,68,15
v2_freeze_constraints_s9,v2,freeze_constraints,9,random_regular,100,4,404,22,1.9061547465328492,8,22,0.36363636363636365,23,34
v2_freeze_constraints_s9,v2,freeze_constraints,9,random_regular,100,4,405,97,3.5065025850265608,36,97,0.3711340206185567,96,97
v2_freeze_constraints_s9,v2,freeze_constraints,9,random_regular,100,4,406,6,1.0986122886651095,3,6,0.5,52,97
v2_freeze_constraints_s9,v2,freeze_constraints,9,random_regular,100,4,407,159,4.1283908040331765,74,159,0.46540880503144655,71,34
v2_freeze_constraints_s9,v2,freeze_constraints,9,random_regular,100,4,408,45,2.6701198897918164,17,45,0.37777777777777777,71,34
v2_freeze_constraints_s9,v2,freeze_constraints,9,random_regular,100,4,409,114,3.621823241582,45,114,0.39473684210526316,66,34
v2_freeze_constraints_s9,v2,freeze_constraints,9,random_regular,100,4,410,5,0.6931471805579453,2,5,0.4,80,34
v2_freeze_constraints_s9,v2,freeze_constraints,9,random_regular,100,4,411,1,-1.000088900581841e-12,1,1,1.0,53,12
v2_freeze_constraints_s9,v2,freeze_constraints,9,random_regular,100,4,412,0,0.0,0,0,,20,20
v2_freeze_constraints_s9,v2,freeze_constraints,9,random_regular,100,4,413,65,3.120291565278284,24,65,0.36923076923076925,77,20
v2_freeze_constraints_s9,v2,freeze_constraints,9,random_regular,100,4,414,69,3.084651945666508,28,69,0.4057971014492754,2,34
v2_freeze_constraints_s9,v2,freeze_constraints,9,random_regular,100,4,415,113,3.5485824223394595,45,113,0.39823008849557523,9,20
v2_freeze_constraints_s9,v2,freeze_constraints,9,random_regular,100,4,416,5,1.0986122886651095,3,5,0.6,42,97
v2_freeze_constraints_s9,v2,freeze_constraints,9,random_regular,100,4,417,29,2.5400363038079807,14,29,0.4827586206896552,53,20
v2_freeze_constraints_s9,v2,freeze_constraints,9,random_regular,100,4,418,21,2.0431918705371204,9,21,0.42857142857142855,54,15
v2_freeze_constraints_s9,v2,freeze_constraints,9,random_regular,100,4,419,19,2.079441541671836,8,19,0.42105263157894735,83,20
v2_freeze_constraints_s9,v2,freeze_constraints,9,random_regular,100,4,420,8,1.6094379124291005,5,8,0.625,19,20
v2_freeze_constraints_s9,v2,freeze_constraints,9,random_regular,100,4,421,17,2.1639556568730565,10,17,0.5882352941176471,36,97
v2_freeze_constraints_s9,v2,freeze_constraints,9,random_regular,100,4,422,189,3.8865185363444894,67,189,0.3544973544973545,90,34
v2_freeze_constraints_s9,v2,freeze_constraints,9,random_regular,100,4,423,22,1.9459101490483133,7,22,0.3181818181818182,66,20
v2_freeze_constraints_s9,v2,freeze_constraints,9,random_regular,100,4,424,57,2.894399544411038,23,57,0.40350877192982454,58,97
v2_freeze_constraints_s9,v2,freeze_constraints,9,random_regular,100,4,425,32,2.7080502010872096,15,32,0.46875,75,34
v2_freeze_constraints_s9,v2,freeze_constraints,9,random_regular,100,4,426,84,3.299829685639092,31,84,0.36904761904761907,52,34
v2_freeze_constraints_s9,v2,freeze_constraints,9,random_regular,100,4,427,64,2.902002313186603,22,64,0.34375,83,12
v2_freeze_constraints_s9,v2,freeze_constraints,9,random_regular,100,4,428,168,3.995254205526183,68,168,0.40476190476190477,86,15
v2_freeze_constraints_s9,v2,freeze_constraints,9,random_regular,100,4,429,26,2.0431918705371204,9,26,0.34615384615384615,49,97
v2_freeze_constraints_s9,v2,freeze_constraints,9,random_regular,100,4,430,12,1.6094379124291005,5,12,0.4166666666666667,92,20
v2_freeze_constraints_s9,v2,freeze_constraints,9,random_regular,100,4,431,51,2.176185661550307,15,51,0.29411764705882354,10,34
v2_freeze_constraints_s9,v2,freeze_constraints,9,random_regular,100,4,432,41,2.76162571218078,20,41,0.4878048780487805,10,15
v2_freeze_constraints_s9,v2,freeze_constraints,9,random_regular,100,4,433,78,3.2491274088477446,32,78,0.41025641025641024,33,97
v2_freeze_constraints_s9,v2,freeze_constraints,9,random_regular,100,4,434,12,1.791759469222055,6,12,0.5,73,12
v2_freeze_constraints_s9,v2,freeze_constraints,9,random_regular,100,4,435,8,1.9459101490483133,7,8,0.875,72,15
v2_freeze_constraints_s9,v2,freeze_constraints,9,random_regular,100,4,436,9,1.5607104090364066,6,9,0.6666666666666666,81,20
v2_freeze_constraints_s9,v2,freeze_constraints,9,random_regular,100,4,437,269,4.374954334323081,105,269,0.3903345724907063,44,34
v2_freeze_constraints_s9,v2,freeze_constraints,9,random_regular,100,4,438,27,1.4941751382843085,8,27,0.2962962962962963,1,20
v2_freeze_constraints_s9,v2,freeze_constraints,9,random_regular,100,4,439,53,3.0149468801585937,23,53,0.4339622641509434,78,12
v2_freeze_constraints_s9,v2,freeze_constraints,9,random_regular,100,4,440,149,3.895099034106584,62,149,0.4161073825503356,8,15
v2_freeze_constraints_s9,v2,freeze_constraints,9,random_regular,100,4,441,69,3.3549875695958247,30,69,0.43478260869565216,28,15
v2_freeze_constraints_s9,v2,freeze_constraints,9,random_regular,100,4,442,0,0.0,0,0,,97,97
v2_freeze_constraints_s9,v2,freeze_constraints,9,random_regular,100,4,443,7,1.6094379124291005,5,7,0.7142857142857143,10,97
v2_freeze_constraints_s9,v2,freeze_constraints,9,random_regular,100,4,444,13,1.791759469222055,6,13,0.46153846153846156,84,15
v2_freeze_constraints_s9,v2,freeze_constraints,9,random_regular,100,4,445,16,2.302585092984045,10,16,0.625,94,15
v2_freeze_constraints_s9,v2,freeze_constraints,9,random_regular,100,4,446,24,2.2718685126865625,11,24,0.4583333333333333,32,34
v2_freeze_constraints_s9,v2,freeze_constraints,9,random_regular,100,4,447,9,1.6094379124291005,5,9,0.5555555555555556,79,97
v2_freeze_constraints_s9,v2,freeze_constraints,9,random_regular,100,4,448,136,3.8352368547526106,49,136,0.3602941176470588,81,15
v2_freeze_constraints_s9,v2,freeze_constraints,9,random_regular,100,4,449,62,3.0149468801585937,23,62,0.3709677419354839,73,34
v2_freeze_constraints_s9,v2,freeze_constraints,9,random_regular,100,4,450,32,2.484906649776,12,32,0.375,58,15
v2_freeze_constraints_s9,v2,freeze_constraints,9,random_regular,100,4,451,54,3.044522437702424,21,54,0.3888888888888889,65,12
v2_freeze_constraints_s9,v2,freeze_constraints,9,random_regular,100,4,452,18,1.9061547465328492,8,18,0.4444444444444444,0,15
v2_freeze_constraints_s9,v2,freeze_constraints,9,random_regular,100,4,453,64,3.2826939972510645,28,64,0.4375,91,15
v2_freeze_constraints_s9,v2,freeze_constraints,9,random_regular,100,4,454,44,2.319574996661585,20,44,0.45454545454545453,70,97
v2_freeze_constraints_s9,v2,freeze_constraints,9,random_regular,100,4,455,207,4.195519790828077,90,207,0.43478260869565216,11,20
v2_freeze_constraints_s9,v2,freeze_constraints,9,random_regular,100,4,456,61,3.039115687997164,27,61,0.4426229508196721,61,34
v2_freeze_constraints_s9,v2,freeze_constraints,9,random_regular,100,4,457,3,0.6931471805579453,2,3,0.6666666666666666,75,20
v2_freeze_constraints_s9,v2,freeze_constraints,9,random_regular,100,4,458,47,3.044522437702424,21,47,0.44680851063829785,60,12
v2_freeze_constraints_s9,v2,freeze_constraints,9,random_regular,100,4,459,42,2.447151308264912,18,42,0.42857142857142855,48,34
v2_freeze_constraints_s9,v2,freeze_constraints,9,random_regular,100,4,460,79,3.2551105127007407,31,79,0.3924050632911392,88,97
v2_freeze_constraints_s9,v2,freeze_constraints,9,random_regular,100,4,461,8,1.0986122886651095,3,8,0.375,41,34
v2_freeze_constraints_s9,v2,freeze_constraints,9,random_regular,100,4,462,35,2.7080502010872096,15,35,0.42857142857142855,53,15
v2_freeze_constraints_s9,v2,freeze_constraints,9,random_regular,100,4,463,171,3.97438884839589,65,171,0.38011695906432746,42,97
v2_freeze_constraints_s9,v2,freeze_constraints,9,random_regular,100,4,464,216,4.322189103216526,82,216,0.37962962962962965,10,12
v2_freeze_constraints_s9,v2,freeze_constraints,9,random_regular,100,4,465,5,1.0986122886651095,3,5,0.6,29,12
v2_freeze_constraints_s9,v2,freeze_constraints,9,random_regular,100,4,466,223,4.112868760826252,96,223,0.4304932735426009,47,97
v2_freeze_constraints_s9,v2,freeze_constraints,9,random_regular,100,4,467,45,2.736339051089065,18,45,0.4,4,20
v2_freeze_constraints_s9,v2,freeze_constraints,9,random_regular,100,4,468,171,3.77804857638198,70,171,0.4093567251461988,51,15
v2_freeze_constraints_s9,v2,freeze_constraints,9,random_regular,100,4,469,11,1.6094379124291005,5,11,0.45454545454545453,67,20
v2_freeze_constraints_s9,v2,freeze_constraints,9,random_regular,100,4,470,66,3.204777524107256,26,66,0.3939393939393939,65,12
v2_freeze_constraints_s9,v2,freeze_constraints,9,random_regular,100,4,471,4,-1.000088900581841e-12,1,4,0.25,41,34
v2_freeze_constraints_s9,v2,freeze_constraints,9,random_regular,100,4,472,28,2.253857589591352,12,28,0.42857142857142855,46,12
v2_freeze_constraints_s9,v2,freeze_constraints,9,random_regular,100,4,473,23,2.302585092984045,10,23,0.43478260869565216,85,20
v2_freeze_constraints_s9,v2,freeze_constraints,9,random_regular,100,4,474,76,3.266330691926871,34,76,0.4473684210526316,89,12
v2_freeze_constraints_s9,v2,freeze_constraints,9,random_regular,100,4,475,69,3.271689322296034,29,69,0.42028985507246375,8,12
v2_freeze_constraints_s9,v2,freeze_constraints,9,random_regular,100,4,476,8,1.039720770836918,4,8,0.5,69,12
v2_freeze_constraints_s9,v2,freeze_constraints,9,random_regular,100,4,477,170,4.070220448963336,75,170,0.4411764705882353,45,20
v2_freeze_constraints_s9,v2,freeze_constraints,9,random_regular,100,4,478,59,3.1418041591892294,27,59,0.4576271186440678,29,34
v2_freeze_constraints_s9,v2,freeze_constraints,9,random_regular,100,4,479,29,2.369382119683676,12,29,0.41379310344827586,46,15
v2_freeze_constraints_s9,v2,freeze_constraints,9,random_regular,100,4,480,0,0.0,0,0,,15,15
v2_freeze_constraints_s9,v2,freeze_constraints,9,random_regular,100,4,481,243,3.932570048930606,80,243,0.3292181069958848,47,34
v2_freeze_constraints_s9,v2,freeze_constraints,9,random_regular,100,4,482,232,4.259938008682706,92,232,0.39655172413793105,99,15
v2_freeze_constraints_s9,v2,freeze_constraints,9,random_regular,100,4,483,135,3.9482576932336864,62,135,0.45925925925925926,98,34
v2_freeze_constraints_s9,v2,freeze_constraints,9,random_regular,100,4,484,25,2.197224577327219,9,25,0.36,45,20
v2_freeze_constraints_s9,v2,freeze_constraints,9,random_regular,100,4,485,116,3.605641583852999,42,116,0.3620689655172414,28,97
v2_freeze_constraints_s9,v2,freeze_constraints,9,random_regular,100,4,486,11,1.791759469222055,6,11,0.5454545454545454,27,15
v2_freeze_constraints_s9,v2,freeze_constraints,9,random_regular,100,4,487,114,3.440606540867535,42,114,0.3684210526315789,27,97
v2_freeze_constraints_s9,v2,freeze_constraints,9,random_regular,100,4,488,146,3.985596288163685,64,146,0.4383561643835616,25,12
v2_freeze_constraints_s9,v2,freeze_constraints,9,random_regular,100,4,489,149,3.850379861169233,62,149,0.4161073825503356,83,12
v2_freeze_constraints_s9,v2,freeze_constraints,9,random_regular,100,4,490,106,3.6718085877683393,45,106,0.42452830188679247,41,12
v2_freeze_constraints_s9,v2,freeze_constraints,9,random_regular,100,4,491,27,2.197224577327219,9,27,0.3333333333333333,45,97
v2_freeze_constraints_s9,v2,freeze_constraints,9,random_regular,100,4,492,25,2.5649493574485365,13,25,0.52,84,15
v2_freeze_constraints_s9,v2,freeze_constraints,9,random_regular,100,4,493,1,-1.000088900581841e-12,1,1,1.0,40,15
v2_freeze_constraints_s9,v2,freeze_constraints,9,random_regular,100,4,494,11,1.6094379124291005,5,11,0.45454545454545453,5,12
v2_freeze_constraints_s9,v2,freeze_constraints,9,random_regular,100,4,495,118,3.638648592450092,42,118,0.3559322033898305,45,34
v2_freeze_constraints_s9,v2,freeze_constraints,9,random_regular,100,4,496,94,3.5849073769929456,40,94,0.425531914893617,51,34
v2_freeze_constraints_s9,v2,freeze_constraints,9,random_regular,100,4,497,2,-1.000088900581841e-12,1,2,0.5,35,15
v2_freeze_constraints_s9,v2,freeze_constraints,9,random_regular,100,4,498,151,3.9611406809978336,70,151,0.46357615894039733,64,12
v2_freeze_constraints_s9,v2,freeze_constraints,9,random_regular,100,4,499,32,2.3516733018936304,13,32,0.40625,73,34
v2_freeze_constraints_s9,v2,freeze_constraints,9,random_regular,100,4,500,18,2.302585092984045,10,18,0.5555555555555556,50,15
v2_freeze_constraints_s9,v2,freeze_constraints,9,random_regular,100,4,501,91,3.4294862316330117,36,91,0.3956043956043956,74,34
v2_freeze_constraints_s9,v2,freeze_constraints,9,random_regular,100,4,502,91,3.4502855905397403,39,91,0.42857142857142855,63,12
v2_freeze_constraints_s9,v2,freeze_constraints,9,random_regular,100,4,503,26,2.484906649776,12,26,0.46153846153846156,16,97
v2_freeze_constraints_s9,v2,freeze_constraints,9,random_regular,100,4,504,48,2.3516733018936304,13,48,0.2708333333333333,88,34
v2_freeze_constraints_s9,v2,freeze_constraints,9,random_regular,100,4,505,65,3.4011973816321546,30,65,0.46153846153846156,96,34
v2_freeze_constraints_s9,v2,freeze_constraints,9,random_regular,100,4,506,28,2.639057329601259,14,28,0.5,11,34
v2_freeze_constraints_s9,v2,freeze_constraints,9,random_regular,100,4,507,140,3.80927922192766,54,140,0.38571428571428573,40,15
v2_freeze_constraints_s9,v2,freeze_constraints,9,random_regular,100,4,508,11,1.3862943611158909,4,11,0.36363636363636365,51,15
v2_freeze_constraints_s9,v2,freeze_constraints,9,random_regular,100,4,509,0,0.0,0,0,,15,15
v2_freeze_constraints_s9,v2,freeze_constraints,9,random_regular,100,4,510,7,0.6931471805579453,2,7,0.2857142857142857,82,12
v2_freeze_constraints_s9,v2,freeze_constraints,9,random_regular,100,4,511,24,2.302585092984045,10,24,0.4166666666666667,91,97
v2_freeze_constraints_s9,v2,freeze_constraints,9,random_regular,100,4,512,27,2.3959081192819283,15,27,0.5555555555555556,73,15
v2_freeze_constraints_s9,v2,freeze_constraints,9,random_regular,100,4,513,0,0.0,0,0,,12,12
v2_freeze_constraints_s9,v2,freeze_constraints,9,random_regular,100,4,514,41,2.430791328866232,15,41,0.36585365853658536,27,97
v2_freeze_constraints_s9,v2,freeze_constraints,9,random_regular,100,4,515,45,2.736339051089065,18,45,0.4,61,20
v2_freeze_constraints_s9,v2,freeze_constraints,9,random_regular,100,4,516,0,0.0,0,0,,15,15
v2_freeze_constraints_s9,v2,freeze_constraints,9,random_regular,100,4,517,49,2.3516733018936304,13,49,0.2653061224489796,5,34
v2_freeze_constraints_s9,v2,freeze_constraints,9,random_regular,100,4,518,0,0.0,0,0,,97,97
v2_freeze_constraints_s9,v2,freeze_constraints,9,random_regular,100,4,519,106,3.638648592450092,42,106,0.39622641509433965,56,15
v2_freeze_constraints_s9,v2,freeze_constraints,9,random_regular,100,4,520,412,4.573786374925261,155,412,0.3762135922330097,40,15
v2_freeze_constraints_s9,v2,freeze_constraints,9,random_regular,100,4,521,49,2.813355404483615,18,49,0.3673469387755102,66,20
v2_freeze_constraints_s9,v2,freeze_constraints,9,random_regular,100,4,522,64,3.044522437702424,21,64,0.328125,67,20
v2_freeze_constraints_s9,v2,freeze_constraints,9,random_regular,100,4,523,20,2.302585092984045,10,20,0.5,55,15
v2_freeze_constraints_s9,v2,freeze_constraints,9,random_regular,100,4,524,56,2.947004770141297,24,56,0.42857142857142855,90,12
v2_freeze_constraints_s9,v2,freeze_constraints,9,random_regular,100,4,525,12,1.3862943611158909,4,12,0.3333333333333333,99,12
v2_freeze_constraints_s9,v2,freeze_constraints,9,random_regular,100,4,526,18,1.791759469222055,6,18,0.3333333333333333,68,20
v2_freeze_constraints_s9,v2,freeze_constraints,9,random_regular,100,4,527,76,3.0904599235931967,27,76,0.35526315789473684,78,15
v2_freeze_constraints_s9,v2,freeze_constraints,9,random_regular,100,4,528,0,0.0,0,0,,34,34
v2_freeze_constraints_s9,v2,freeze_constraints,9,random_regular,100,4,529,0,0.0,0,0,,34,34
v2_freeze_constraints_s9,v2,freeze_constraints,9,random_regular,100,4,530,62,2.7985132569262934,19,62,0.3064516129032258,44,20
v2_freeze_constraints_s9,v2,freeze_constraints,9,random_regular,100,4,531,144,3.7485862395261855,59,144,0.4097222222222222,0,34
v2_freeze_constraints_s9,v2,freeze_constraints,9,random_regular,100,4,532,19,2.197224577327219,9,19,0.47368421052631576,47,12
v2_freeze_constraints_s9,v2,freeze_constraints,9,random_regular,100,4,533,10,1.0986122886651095,3,10,0.3,10,15
v2_freeze_constraints_s9,v2,freeze_constraints,9,random_regular,100,4,534,337,4.574057939422,146,337,0.4332344213649852,9,15
v2_freeze_constraints_s9,v2,freeze_constraints,9,random_regular,100,4,535,59,3.2238860684653137,29,59,0.4915254237288136,13,34
v2_freeze_constraints_s9,v2,freeze_constraints,9,random_regular,100,4,536,2,0.6931471805579453,2,2,1.0,63,12
v2_freeze_constraints_s9,v2,freeze_constraints,9,random_regular,100,4,537,45,2.7306332123726773,21,45,0.4666666666666667,18,34
v2_freeze_constraints_s9,v2,freeze_constraints,9,random_regular,100,4,538,166,3.985596288163685,64,166,0.3855421686746988,67,34
v2_freeze_constraints_s9,v2,freeze_constraints,9,random_regular,100,4,539,28,2.5649493574485365,13,28,0.4642857142857143,70,12
v2_freeze_constraints_s9,v2,freeze_constraints,9,random_regular,100,4,540,183,4.093604041610719,76,183,0.41530054644808745,86,34
v2_freeze_constraints_s9,v2,freeze_constraints,9,random_regular,100,4,541,40,2.736339051089065,18,40,0.45,28,15
v2_freeze_constraints_s9,v2,freeze_constraints,9,random_regular,100,4,542,0,0.0,0,0,,12,12
v2_freeze_constraints_s9,v2,freeze_constraints,9,random_regular,100,4,543,97,3.379092505199735,32,97,0.32989690721649484,65,97
v2_freeze_constraints_s9,v2,freeze_constraints,9,random_regular,100,4,544,166,3.899399823170689,67,166,0.4036144578313253,5,12
v2_freeze_constraints_s9,v2,freeze_constraints,9,random_regular,100,4,545,68,3.1064969046220257,30,68,0.4411764705882353,41,15
v2_freeze_constraints_s9,v2,freeze_constraints,9,random_regular,100,4,546,314,4.53554030392844,139,314,0.4426751592356688,1,15
v2_freeze_constraints_s9,v2,freeze_constraints,9,random_regular,100,4,547,2,0.6931471805579453,2,2,1.0,45,34
v2_freeze_constraints_s9,v2,freeze_constraints,9,random_regular,100,4,548,15,2.079441541671836,8,15,0.5333333333333333,38,34
v2_freeze_constraints_s9,v2,freeze_constraints,9,random_regular,100,4,549,3,-1.000088900581841e-12,1,3,0.3333333333333333,3,15
v2_freeze_constraints_s9,v2,freeze_constraints,9,random_regular,100,4,550,71,3.162484011279751,32,71,0.4507042253521127,38,15
v2_freeze_constraints_s9,v2,freeze_constraints,9,random_regular,100,4,551,12,1.3862943611158909,4,12,0.3333333333333333,35,97
v2_freeze_constraints_s9,v2,freeze_constraints,9,random_regular,100,4,552,4,0.6931471805579453,2,4,0.5,80,15
v2_freeze_constraints_s9,v2,freeze_constraints,9,random_regular,100,4,553,197,4.209045277955095,92,197,0.467005076142132,75,12
v2_freeze_constraints_s9,v2,freeze_constraints,9,random_regular,100,4,554,15,2.079441541671836,8,15,0.5333333333333333,69,20
v2_freeze_constraints_s9,v2,freeze_constraints,9,random_regular,100,4,555,23,2.197224577327219,9,23,0.391304347826087,14,15
v2_freeze_constraints_s9,v2,freeze_constraints,9,random_regular,100,4,556,10,1.3862943611158909,4,10,0.4,81,12
v2_freeze_constraints_s9,v2,freeze_constraints,9,random_regular,100,4,557,92,3.5006294236541926,44,92,0.4782608695652174,33,97
v2_freeze_constraints_s9,v2,freeze_constraints,9,random_regular,100,4,558,0,0.0,0,0,,15,15
v2_freeze_constraints_s9,v2,freeze_constraints,9,random_regular,100,4,559,0,0.0,0,0,,34,34
v2_freeze_constraints_s9,v2,freeze_constraints,9,random_regular,100,4,560,18,2.079441541671836,8,18,0.4444444444444444,50,34
v2_freeze_constraints_s9,v2,freeze_constraints,9,random_regular,100,4,561,62,2.846480386116867,21,62,0.3387096774193548,44,15
v2_freeze_constraints_s9,v2,freeze_constraints,9,random_regular,100,4,562,42,2.639057329601259,14,42,0.3333333333333333,83,12
v2_freeze_constraints_s9,v2,freeze_constraints,9,random_regular,100,4,563,39,2.8903717578781647,18,39,0.46153846153846156,4,34
v2_freeze_constraints_s9,v2,freeze_constraints,9,random_regular,100,4,564,45,3.1931483947852626,27,45,0.6,29,20
v2_freeze_constraints_s9,v2,freeze_constraints,9,random_regular,100,4,565,219,4.135463160939115,81,219,0.3698630136986301,40,12
v2_freeze_constraints_s9,v2,freeze_constraints,9,random_regular,100,4,566,87,3.5281418680240257,38,87,0.4367816091954023,62,15
v2_freeze_constraints_s9,v2,freeze_constraints,9,random_regular,100,4,567,68,3.3071040554882205,34,68,0.5,24,20
v2_freeze_constraints_s9,v2,freeze_constraints,9,random_regular,100,4,568,104,3.6804035996866,47,104,0.4519230769230769,55,12
v2_freeze_constraints_s9,v2,freeze_constraints,9,random_regular,100,4,569,27,2.302585092984045,10,27,0.37037037037037035,50,12
v2_freeze_constraints_s9,v2,freeze_constraints,9,random_regular,100,4,570,0,0.0,0,0,,20,20
v2_freeze_constraints_s9,v2,freeze_constraints,9,random_regular,100,4,571,50,2.61563057701355,15,50,0.3,16,97
v2_freeze_constraints_s9,v2,freeze_constraints,9,random_regular,100,4,572,67,3.163424050399405,25,67,0.373134328358209,36,97
v2_freeze_constraints_s9,v2,freeze_constraints,9,random_regular,100,4,573,21,2.0431918705371204,9,21,0.42857142857142855,51,12
v2_freeze_constraints_s9,v2,freeze_constraints,9,random_regular,100,4,574,19,2.079441541671836,8,19,0.42105263157894735,23,97
v2_freeze_constraints_s9,v2,freeze_constraints,9,random_regular,100,4,575,176,4.062575436518738,73,176,0.4147727272727273,79,97
v2_freeze_constraints_s9,v2,freeze_constraints,9,random_regular,100,4,576,20,1.7478680974607577,7,20,0.35,89,15
v2_freeze_constraints_s9,v2,freeze_constraints,9,random_regular,100,4,577,76,3.45345973766966,36,76,0.47368421052631576,78,20
v2_freeze_constraints_s9,v2,freeze_constraints,9,random_regular,100,4,578,2,-1.000088900581841e-12,1,2,0.5,3,15
v2_freeze_constraints_s9,v2,freeze_constraints,9,random_regular,100,4,579,28,2.3978952727873706,11,28,0.39285714285714285,48,97
v2_freeze_constraints_s9,v2,freeze_constraints,9,random_regular,100,4,580,298,4.6355446205692985,130,298,0.436241610738255,78,15
v2_freeze_constraints_s9,v2,freeze_constraints,9,random_regular,100,4,581,24,2.079441541671836,8,24,0.3333333333333333,30,12
v2_freeze_constraints_s9,v2,freeze_constraints,9,random_regular,100,4,582,17,1.5607104090364066,6,17,0.35294117647058826,82,12
v2_freeze_constraints_s9,v2,freeze_constraints,9,random_regular,100,4,583,28,2.540036303807981,14,28,0.5,46,20
v2_freeze_constraints_s9,v2,freeze_constraints,9,random_regular,100,4,584,103,3.5646232985788124,38,103,0.36893203883495146,27,20
v2_freeze_constraints_s9,v2,freeze_constraints,9,random_regular,100,4,585,71,2.941616952624223,25,71,0.352112676056338,56,97
v2_freeze_constraints_s9,v2,freeze_constraints,9,random_regular,100,4,586,26,2.5649493574485365,13,26,0.5,31,15
v2_freeze_constraints_s9,v2,freeze_constraints,9,random_regular,100,4,587,11,1.3862943611158909,4,11,0.36363636363636365,66,97
v2_freeze_constraints_s9,v2,freeze_constraints,9,random_regular,100,4,588,2,0.6931471805579453,2,2,1.0,14,97
v2_freeze_constraints_s9,v2,freeze_constraints,9,random_regular,100,4,589,127,3.652025057510275,50,127,0.3937007874015748,93,15
v2_freeze_constraints_s9,v2,freeze_constraints,9,random_regular,100,4,590,12,1.791759469222055,6,12,0.5,92,12
v2_freeze_constraints_s9,v2,freeze_constraints,9,random_regular,100,4,591,151,3.770971414389315,55,151,0.36423841059602646,74,15
v2_freeze_constraints_s9,v2,freeze_constraints,9,random_regular,100,4,592,85,3.363882019236848,40,85,0.47058823529411764,87,97
v2_freeze_constraints_s9,v2,freeze_constraints,9,random_regular,100,4,593,42,2.3034884952082693,15,42,0.35714285714285715,25,34
v2_freeze_constraints_s9,v2,freeze_constraints,9,random_regular,100,4,594,6,0.6931471805579453,2,6,0.3333333333333333,54,97
v2_freeze_constraints_s9,v2,freeze_constraints,9,random_regular,100,4,595,169,4.074751089943547,75,169,0.4437869822485207,31,15
v2_freeze_constraints_s9,v2,freeze_constraints,9,random_regular,100,4,596,138,3.707373857134405,61,138,0.4420289855072464,68,34
v2_freeze_constraints_s9,v2,freeze_constraints,9,random_regular,100,4,597,49,3.135494215906149,23,49,0.46938775510204084,16,12
v2_freeze_constraints_s9,v2,freeze_constraints,9,random_regular,100,4,598,54,2.736339051089065,18,54,0.3333333333333333,3,97
v2_freeze_constraints_s9,v2,freeze_constraints,9,random_regular,100,4,599,84,3.302747652589445,35,84,0.4166666666666667,94,15
v2_freeze_constraints_s9,v2,freeze_constraints,9,random_regular,100,4,600,29,2.4583113296710835,13,29,0.4482758620689655,69,15
v2_freeze_constraints_s9,v2,freeze_constraints,9,random_regular,100,4,601,22,2.197224577327219,9,22,0.4090909090909091,21,15
v2_freeze_constraints_s9,v2,freeze_constraints,9,random_regular,100,4,602,57,2.926417555478996,20,57,0.3508771929824561,28,12
v2_freeze_constraints_s9,v2,freeze_constraints,9,random_regular,100,4,603,71,3.222410677489011,36,71,0.5070422535211268,9,15
v2_freeze_constraints_s9,v2,freeze_constraints,9,random_regular,100,4,604,40,2.523210952939891,15,40,0.375,49,15
v2_freeze_constraints_s9,v2,freeze_constraints,9,random_regular,100,4,605,24,2.302585092984045,10,24,0.4166666666666667,95,34
v2_freeze_constraints_s9,v2,freeze_constraints,9,random_regular,100,4,606,119,3.5485824223394595,45,119,0.37815126050420167,65,15
v2_freeze_constraints_s9,v2,freeze_constraints,9,random_regular,100,4,607,0,0.0,0,0,,15,15
v2_freeze_constraints_s9,v2,freeze_constraints,9,random_regular,100,4,608,169,4.050453190400804,70,169,0.41420118343195267,51,12
v2_freeze_constraints_s9,v2,freeze_constraints,9,random_regular,100,4,609,93,3.2954835967015024,38,93,0.40860215053763443,81,97
v2_freeze_constraints_s9,v2,freeze_constraints,9,random_regular,100,4,610,20,1.7328679513938632,8,20,0.4,36,15
v2_freeze_constraints_s9,v2,freeze_constraints,9,random_regular,100,4,611,60,2.991501468554349,26,60,0.43333333333333335,13,20
v2_freeze_constraints_s9,v2,freeze_constraints,9,random_regular,100,4,612,51,2.6525875347051464,19,51,0.37254901960784315,17,15
v2_freeze_constraints_s9,v2,freeze_constraints,9,random_regular,100,4,613,34,2.430791328866232,15,34,0.4411764705882353,31,12
v2_freeze_constraints_s9,v2,freeze_constraints,9,random_regular,100,4,614,42,2.5823063442999667,18,42,0.42857142857142855,30,97
v2_freeze_constraints_s9,v2,freeze_constraints,9,random_regular,100,4,615,36,2.813355404483615,18,36,0.5,43,97
v2_freeze_constraints_s9,v2,freeze_constraints,9,random_regular,100,4,616,27,1.3321790402061222,5,27,0.18518518518518517,14,97
v2_freeze_constraints_s9,v2,freeze_constraints,9,random_regular,100,4,617,17,2.079441541671836,8,17,0.47058823529411764,86,34
v2_freeze_constraints_s9,v2,freeze_constraints,9,random_regular,100,4,618,24,2.268605285623966,15,24,0.625,76,34
v2_freeze_constraints_s9,v2,freeze_constraints,9,random_regular,100,4,619,76,3.337935207579336,36,76,0.47368421052631576,99,15
v2_freeze_constraints_s9,v2,freeze_constraints,9,random_regular,100,4,620,52,2.7804663689216818,21,52,0.40384615384615385,44,15
v2_freeze_constraints_s9,v2,freeze_constraints,9,random_regular,100,4,621,194,4.3028339795357375,84,194,0.4329896907216495,44,12
v2_freeze_constraints_s9,v2,freeze_constraints,9,random_regular,100,4,622,13,0.6931471805579453,2,13,0.15384615384615385,98,20
v2_freeze_constraints_s9,v2,freeze_constraints,9,random_regular,100,4,623,74,3.2127420325228604,33,74,0.44594594594594594,43,12
v2_freeze_constraints_s9,v2,freeze_constraints,9,random_regular,100,4,624,4,0.6931471805579453,2,4,0.5,82,12
v2_freeze_constraints_s9,v2,freeze_constraints,9,random_regular,100,4,625,29,2.302585092984045,10,29,0.3448275862068966,41,20
v2_freeze_constraints_s9,v2,freeze_constraints,9,random_regular,100,4,626,2,-1.000088900581841e-12,1,2,0.5,49,12
v2_freeze_constraints_s9,v2,freeze_constraints,9,random_regular,100,4,627,0,0.0,0,0,,20,20
v2_freeze_constraints_s9,v2,freeze_constraints,9,random_regular,100,4,628,77,3.335770806415738,32,77,0.4155844155844156,55,34
v2_freeze_constraints_s9,v2,freeze_constraints,9,random_regular,100,4,629,19,1.7478680974607577,7,19,0.3684210526315789,0,34
v2_freeze_constraints_s9,v2,freeze_constraints,9,random_regular,100,4,630,95,3.5849073769929456,40,95,0.42105263157894735,87,97
v2_freeze_constraints_s9,v2,freeze_constraints,9,random_regular,100,4,631,131,3.789700566980193,61,131,0.46564885496183206,78,34
v2_freeze_constraints_s9,v2,freeze_constraints,9,random_regular,100,4,632,197,4.13815854865964,71,197,0.3604060913705584,50,20
v2_freeze_constraints_s9,v2,freeze_constraints,9,random_regular,100,4,633,53,2.926417555478996,20,53,0.37735849056603776,25,34
v2_freeze_constraints_s9,v2,freeze_constraints,9,random_regular,100,4,634,162,4.08241521204574,62,162,0.38271604938271603,25,15
v2_freeze_constraints_s9,v2,freeze_constraints,9,random_regular,100,4,635,131,3.819075783309944,59,131,0.45038167938931295,63,15
v2_freeze_constraints_s9,v2,freeze_constraints,9,random_regular,100,4,636,85,3.379193572022772,39,85,0.4588235294117647,92,15
v2_freeze_constraints_s9,v2,freeze_constraints,9,random_regular,100,4,637,51,3.204777524107256,26,51,0.5098039215686274,77,15
v2_freeze_constraints_s9,v2,freeze_constraints,9,random_regular,100,4,638,82,3.3445488585774434,31,82,0.3780487804878049,8,34
v2_freeze_constraints_s9,v2,freeze_constraints,9,random_regular,100,4,639,54,2.9444389791474395,19,54,0.35185185185185186,13,97
v2_freeze_constraints_s9,v2,freeze_constraints,9,random_regular,100,4,640,107,3.6870132127308097,48,107,0.4485981308411215,78,97
v2_freeze_constraints_s9,v2,freeze_constraints,9,random_regular,100,4,641,51,3.062529300232621,24,51,0.47058823529411764,61,12
v2_freeze_constraints_s9,v2,freeze_constraints,9,random_regular,100,4,642,6,0.6931471805579453,2,6,0.3333333333333333,98,20
v2_freeze_constraints_s9,v2,freeze_constraints,9,random_regular,100,4,643,88,3.146132506787109,32,88,0.36363636363636365,64,20
v2_freeze_constraints_s9,v2,freeze_constraints,9,random_regular,100,4,644,141,3.791286676867748,52,141,0.36879432624113473,66,97
v2_freeze_constraints_s9,v2,freeze_constraints,9,random_regular,100,4,645,101,3.66448190441264,43,101,0.42574257425742573,46,97
v2_freeze_constraints_s9,v2,freeze_constraints,9,random_regular,100,4,646,80,3.090459923593197,27,80,0.3375,64,20
v2_freeze_constraints_s9,v2,freeze_constraints,9,random_regular,100,4,647,159,4.033111364339891,63,159,0.39622641509433965,40,12
v2_freeze_constraints_s9,v2,freeze_constraints,9,random_regular,100,4,648,15,2.197224577327219,9,15,0.6,49,12
v2_freeze_constraints_s9,v2,freeze_constraints,9,random_regular,100,4,649,28,1.6094379124291005,5,28,0.17857142857142858,22,20
v2_freeze_constraints_s9,v2,freeze_constraints,9,random_regular,100,4,650,34,2.871476118036867,19,34,0.5588235294117647,86,20
v2_freeze_constraints_s9,v2,freeze_constraints,9,random_regular,100,4,651,4,1.0986122886651095,3,4,0.75,8,20
v2_freeze_constraints_s9,v2,freeze_constraints,9,random_regular,100,4,652,47,3.0752205480323718,23,47,0.48936170212765956,98,15
v2_freeze_constraints_s9,v2,freeze_constraints,9,random_regular,100,4,653,0,0.0,0,0,,15,15
v2_freeze_constraints_s9,v2,freeze_constraints,9,random_regular,100,4,654,160,4.059855895034858,67,160,0.41875,44,97
v2_freeze_constraints_s9,v2,freeze_constraints,9,random_regular,100,4,655,168,3.9279004575699497,67,168,0.39880952380952384,22,12
v2_freeze_constraints_s9,v2,freeze_constraints,9,random_regular,100,4,656,88,3.5601762861186548,42,88,0.4772727272727273,60,97
v2_freeze_constraints_s9,v2,freeze_constraints,9,random_regular,100,4,657,4,-1.000088900581841e-12,1,4,0.25,90,97
v2_freeze_constraints_s9,v2,freeze_constraints,9,random_regular,100,4,658,38,2.772588722223781,16,38,0.42105263157894735,70,12
v2_freeze_constraints_s9,v2,freeze_constraints,9,random_regular,100,4,659,53,3.0752205480323718,23,53,0.4339622641509434,63,20
v2_freeze_constraints_s9,v2,freeze_constraints,9,random_regular,100,4,660,45,2.76162571218078,20,45,0.4444444444444444,67,15
v2_freeze_constraints_s9,v2,freeze_constraints,9,random_regular,100,4,661,25,2.079441541671836,8,25,0.32,31,20
v2_freeze_constraints_s9,v2,freeze_constraints,9,random_regular,100,4,662,12,1.791759469222055,6,12,0.5,69,12
v2_freeze_constraints_s9,v2,freeze_constraints,9,random_regular,100,4,663,11,1.9459101490483133,7,11,0.6363636363636364,75,97
v2_freeze_constraints_s9,v2,freeze_constraints,9,random_regular,100,4,664,41,2.5649493574485365,13,41,0.3170731707317073,82,34
v2_freeze_constraints_s9,v2,freeze_constraints,9,random_regular,100,4,665,157,3.692897087045439,58,157,0.36942675159235666,98,15
v2_freeze_constraints_s9,v2,freeze_constraints,9,random_regular,100,4,666,326,4.5023901602988365,119,326,0.36503067484662577,1,97
v2_freeze_constraints_s9,v2,freeze_constraints,9,random_regular,100,4,667,24,1.3321790402061222,5,24,0.20833333333333334,51,34
v2_freeze_constraints_s9,v2,freeze_constraints,9,random_regular,100,4,668,31,2.639057329601259,14,31,0.45161290322580644,70,97
v2_freeze_constraints_s9,v2,freeze_constraints,9,random_regular,100,4,669,20,2.1639556568730565,10,20,0.5,32,34
v2_freeze_constraints_s9,v2,freeze_constraints,9,random_regular,100,4,670,69,3.1514585102190296,26,69,0.37681159420289856,73,20
v2_freeze_constraints_s9,v2,freeze_constraints,9,random_regular,100,4,671,39,2.6525875347051464,19,39,0.48717948717948717,1,34
v2_freeze_constraints_s9,v2,freeze_constraints,9,random_regular,100,4,672,75,3.5065025850265608,36,75,0.48,78,12
v2_freeze_constraints_s9,v2,freeze_constraints,9,random_regular,100,4,673,31,2.685945324654788,16,31,0.5161290322580645,64,97
v2_freeze_constraints_s9,v2,freeze_constraints,9,random_regular,100,4,674,37,2.4583113296710835,13,37,0.35135135135135137,22,20
v2_freeze_constraints_s9,v2,freeze_constraints,9,random_regular,100,4,675,19,1.7478680974607577,7,19,0.3684210526315789,91,97
v2_freeze_constraints_s9,v2,freeze_constraints,9,random_regular,100,4,676,131,3.6265162696238393,49,131,0.37404580152671757,2,97
v2_freeze_constraints_s9,v2,freeze_constraints,9,random_regular,100,4,677,55,2.76162571218078,20,55,0.36363636363636365,1,12
v2_freeze_constraints_s9,v2,freeze_constraints,9,random_regular,100,4,678,33,2.079441541671836,8,33,0.24242424242424243,35,97
v2_freeze_constraints_s9,v2,freeze_constraints,9,random_regular,100,4,679,50,2.7886260379490384,23,50,0.46,13,34
v2_freeze_constraints_s9,v2,freeze_constraints,9,random_regular,100,4,680,153,4.001924938091442,60,153,0.39215686274509803,10,12
v2_freeze_constraints_s9,v2,freeze_constraints,9,random_regular,100,4,681,146,3.8523085179580105,61,146,0.4178082191780822,73,34
v2_freeze_constraints_s9,v2,freeze_constraints,9,random_regular,100,4,682,25,2.3978952727873706,11,25,0.44,21,34
v2_freeze_constraints_s9,v2,freeze_constraints,9,random_regular,100,4,683,15,1.3321790402061222,5,15,0.3333333333333333,42,15
v2_freeze_constraints_s9,v2,freeze_constraints,9,random_regular,100,4,684,7,1.3862943611158909,4,7,0.5714285714285714,66,97
v2_freeze_constraints_s9,v2,freeze_constraints,9,random_regular,100,4,685,89,3.444813797459462,34,89,0.38202247191011235,72,34
v2_freeze_constraints_s9,v2,freeze_constraints,9,random_regular,100,4,686,0,0.0,0,0,,20,20
v2_freeze_constraints_s9,v2,freeze_constraints,9,random_regular,100,4,687,45,2.685945324654788,16,45,0.35555555555555557,6,20
v2_freeze_constraints_s9,v2,freeze_constraints,9,random_regular,100,4,688,42,2.772588722223781,16,42,0.38095238095238093,8,34
v2_freeze_constraints_s9,v2,freeze_constraints,9,random_regular,100,4,689,82,3.1839025007912363,36,82,0.43902439024390244,48,97
v2_freeze_constraints_s9,v2,freeze_constraints,9,random_regular,100,4,690,57,2.98296502919677,24,57,0.42105263157894735,95,34
v2_freeze_constraints_s9,v2,freeze_constraints,9,random_regular,100,4,691,71,3.422414203983732,32,71,0.4507042253521127,81,97
v2_freeze_constraints_s9,v2,freeze_constraints,9,random_regular,100,4,692,60,3.0047670351869598,24,60,0.4,36,34
v2_freeze_constraints_s9,v2,freeze_constraints,9,random_regular,100,4,693,13,1.3862943611158909,4,13,0.3076923076923077,24,20
v2_freeze_constraints_s9,v2,freeze_constraints,9,random_regular,100,4,694,41,2.5993019270857944,16,41,0.3902439024390244,68,97
v2_freeze_constraints_s9,v2,freeze_constraints,9,random_regular,100,4,695,27,2.3978952727873706,11,27,0.4074074074074074,85,15
v2_freeze_constraints_s9,v2,freeze_constraints,9,random_regular,100,4,696,26,2.540036303807981,14,26,0.5384615384615384,98,20
v2_freeze_constraints_s9,v2,freeze_constraints,9,random_regular,100,4,697,49,3.0280290732864104,22,49,0.4489795918367347,67,12
v2_freeze_constraints_s9,v2,freeze_constraints,9,random_regular,100,4,698,1,-1.000088900581841e-12,1,1,1.0,3,15
v2_freeze_constraints_s9,v2,freeze_constraints,9,random_regular,100,4,699,0,0.0,0,0,,15,15
v2_freeze_constraints_s9,v2,freeze_constraints,9,random_regular,100,4,700,7,1.3862943611158909,4,7,0.5714285714285714,81,12
v2_freeze_constraints_s9,v2,freeze_constraints,9,random_regular,100,4,701,4,-1.000088900581841e-12,1,4,0.25,49,12
v2_freeze_constraints_s9,v2,freeze_constraints,9,random_regular,100,4,702,7,1.0986122886651095,3,7,0.42857142857142855,85,20
v2_freeze_constraints_s9,v2,freeze_constraints,9,random_regular,100,4,703,105,3.809279221927659,54,105,0.5142857142857142,61,97
v2_freeze_constraints_s9,v2,freeze_constraints,9,random_regular,100,4,704,4,0.6931471805579453,2,4,0.5,80,34
v2_freeze_constraints_s9,v2,freeze_constraints,9,random_regular,100,4,705,60,3.0047670351869598,24,60,0.4,0,15
v2_freeze_constraints_s9,v2,freeze_constraints,9,random_regular,100,4,706,149,3.955715126056111,60,149,0.40268456375838924,2,97
v2_freeze_constraints_s9,v2,freeze_constraints,9,random_regular,100,4,707,20,2.3978952727873706,11,20,0.55,50,12
v2_freeze_constraints_s9,v2,freeze_constraints,9,random_regular,100,4,708,30,2.540036303807981,14,30,0.4666666666666667,4,12
v2_freeze_constraints_s9,v2,freeze_constraints,9,random_regular,100,4,709,20,1.9061547465328492,8,20,0.4,16,20
v2_freeze_constraints_s9,v2,freeze_constraints,9,random_regular,100,4,710,307,4.691349380421145,139,307,0.4527687296416938,24,97
v2_freeze_constraints_s9,v2,freeze_constraints,9,random_regular,100,4,711,85,3.4678540963178395,40,85,0.47058823529411764,64,34
v2_freeze_constraints_s9,v2,freeze_constraints,9,random_regular,100,4,712,15,1.6094379124291005,5,15,0.3333333333333333,19,20
v2_freeze_constraints_s9,v2,freeze_constraints,9,random_regular,100,4,713,156,3.531802392694743,56,156,0.358974358974359,22,20
v2_freeze_constraints_s9,v2,freeze_constraints,9,random_regular,100,4,714,88,3.335770806415738,32,88,0.36363636363636365,56,97
v2_freeze_constraints_s9,v2,freeze_constraints,9,random_regular,100,4,715,83,2.9669434861683537,28,83,0.3373493975903614,25,20
v2_freeze_constraints_s9,v2,freeze_constraints,9,random_regular,100,4,716,73,3.233183484354926,28,73,0.3835616438356164,11,97
v2_freeze_constraints_s9,v2,freeze_constraints,9,random_regular,100,4,717,0,0.0,0,0,,20,20
v2_freeze_constraints_s9,v2,freeze_constraints,9,random_regular,100,4,718,135,3.706590750737593,54,135,0.4,75,20
v2_freeze_constraints_s9,v2,freeze_constraints,9,random_regular,100,4,719,58,2.7511022893683714,23,58,0.39655172413793105,9,20
v2_freeze_constraints_s9,v2,freeze_constraints,9,random_regular,100,4,720,51,2.751666616915516,17,51,0.3333333333333333,80,20
v2_freeze_constraints_s9,v2,freeze_constraints,9,random_regular,100,4,721,3,0.6931471805579453,2,3,0.6666666666666666,81,12
v2_freeze_constraints_s9,v2,freeze_constraints,9,random_regular,100,4,722,17,2.079441541671836,8,17,0.47058823529411764,51,34
v2_freeze_constraints_s9,v2,freeze_constraints,9,random_regular,100,4,723,11,1.0986122886651095,3,11,0.2727272727272727,67,34
v2_freeze_constraints_s9,v2,freeze_constraints,9,random_regular,100,4,724,40,2.4583113296710835,13,40,0.325,59,34
v2_freeze_constraints_s9,v2,freeze_constraints,9,random_regular,100,4,725,8,1.791759469222055,6,8,0.75,50,12
v2_freeze_constraints_s9,v2,freeze_constraints,9,random_regular,100,4,726,162,4.102390832392018,70,162,0.43209876543209874,41,34
v2_freeze_constraints_s9,v2,freeze_constraints,9,random_regular,100,4,727,51,3.052520501511814,25,51,0.49019607843137253,47,34
v2_freeze_constraints_s9,v2,freeze_constraints,9,random_regular,100,4,728,88,3.4641255137043623,41,88,0.4659090909090909,95,34
v2_freeze_constraints_s9,v2,freeze_constraints,9,random_regular,100,4,729,0,0.0,0,0,,34,34
v2_freeze_constraints_s9,v2,freeze_constraints,9,random_regular,100,4,730,81,3.248189295308032,35,81,0.43209876543209874,64,12
v2_freeze_constraints_s9,v2,freeze_constraints,9,random_regular,100,4,731,35,2.540036303807981,14,35,0.4,43,34
v2_freeze_constraints_s9,v2,freeze_constraints,9,random_regular,100,4,732,0,0.0,0,0,,97,97
v2_freeze_constraints_s9,v2,freeze_constraints,9,random_regular,100,4,733,16,1.9061547465328492,8,16,0.5,46,20
v2_freeze_constraints_s9,v2,freeze_constraints,9,random_regular,100,4,734,41,2.751666616915516,17,41,0.4146341463414634,82,34
v2_freeze_constraints_s9,v2,freeze_constraints,9,random_regular,100,4,735,0,0.0,0,0,,34,34
v2_freeze_constraints_s9,v2,freeze_constraints,9,random_regular,100,4,736,58,3.4544986414005443,33,58,0.5689655172413793,59,34
v2_freeze_constraints_s9,v2,freeze_constraints,9,random_regular,100,4,737,165,3.839509426606019,53,165,0.3212121212121212,92,15
v2_freeze_constraints_s9,v2,freeze_constraints,9,random_regular,100,4,738,57,3.389268031515795,31,57,0.543859649122807,55,15
v2_freeze_constraints_s9,v2,freeze_constraints,9,random_regular,100,4,739,74,2.954673212284816,23,74,0.3108108108108108,92,20
v2_freeze_constraints_s9,v2,freeze_constraints,9,random_regular,100,4,740,73,3.233183484354926,28,73,0.3835616438356164,1,15
v2_freeze_constraints_s9,v2,freeze_constraints,9,random_regular,100,4,741,125,3.69535535833123,55,125,0.44,35,34
v2_freeze_constraints_s9,v2,freeze_constraints,9,random_regular,100,4,742,55,3.062529300232621,24,55,0.43636363636363634,95,34
v2_freeze_constraints_s9,v2,freeze_constraints,9,random_regular,100,4,743,336,4.627011367476264,143,336,0.4255952380952381,93,12
v2_freeze_constraints_s9,v2,freeze_constraints,9,random_regular,100,4,744,131,3.4869693396250203,45,131,0.3435114503816794,27,97
v2_freeze_constraints_s9,v2,freeze_constraints,9,random_regular,100,4,745,176,3.8898970232503336,69,176,0.39204545454545453,35,20
v2_freeze_constraints_s9,v2,freeze_constraints,9,random_regular,100,4,746,134,3.897125545560404,57,134,0.4253731343283582,42,15
v2_freeze_constraints_s9,v2,freeze_constraints,9,random_regular,100,4,747,12,1.0986122886651095,3,12,0.25,61,15
v2_freeze_constraints_s9,v2,freeze_constraints,9,random_regular,100,4,748,199,4.231277884326845,82,199,0.4120603015075377,49,12
v2_freeze_constraints_s9,v2,freeze_constraints,9,random_regular,100,4,749,7,1.0986122886651095,3,7,0.42857142857142855,77,20
v2_freeze_constraints_s9,v2,freeze_constraints,9,random_regular,100,4,750,56,3.0752205480323718,23,56,0.4107142857142857,38,97
v2_freeze_constraints_s9,v2,freeze_constraints,9,random_regular,100,4,751,92,3.4294862316330117,36,92,0.391304347826087,52,34
v2_freeze_constraints_s9,v2,freeze_constraints,9,random_regular,100,4,752,153,3.8597008491799047,65,153,0.42483660130718953,7,20
v2_freeze_constraints_s9,v2,freeze_constraints,9,random_regular,100,4,753,34,2.3221879427960657,18,34,0.5294117647058824,70,34
v2_freeze_constraints_s9,v2,freeze_constraints,9,random_regular,100,4,754,73,3.2551105127007407,31,73,0.4246575342465753,92,20
v2_freeze_constraints_s9,v2,freeze_constraints,9,random_regular,100,4,755,3,-1.000088900581841e-12,1,3,0.3333333333333333,99,20
v2_freeze_constraints_s9,v2,freeze_constraints,9,random_regular,100,4,756,77,3.080476306973153,29,77,0.37662337662337664,36,34
v2_freeze_constraints_s9,v2,freeze_constraints,9,random_regular,100,4,757,12,1.6094379124291005,5,12,0.4166666666666667,10,15
v2_freeze_constraints_s9,v2,freeze_constraints,9,random_regular,100,4,758,19,2.079441541671836,8,19,0.42105263157894735,63,20
v2_freeze_constraints_s9,v2,freeze_constraints,9,random_regular,100,4,759,175,3.930079468499185,69,175,0.3942857142857143,55,12
v2_freeze_constraints_s9,v2,freeze_constraints,9,random_regular,100,4,760,0,0.0,0,0,,97,97
v2_freeze_constraints_s9,v2,freeze_constraints,9,random_regular,100,4,761,86,3.4040404338981127,34,86,0.3953488372093023,32,15
v2_freeze_constraints_s9,v2,freeze_constraints,9,random_regular,100,4,762,42,2.926417555478996,20,42,0.47619047619047616,96,15
v2_freeze_constraints_s9,v2,freeze_constraints,9,random_regular,100,4,763,127,3.6506975862470767,57,127,0.44881889763779526,78,12
v2_freeze_constraints_s9,v2,freeze_constraints,9,random_regular,100,4,764,8,1.0986122886651095,3,8,0.375,41,34
v2_freeze_constraints_s9,v2,freeze_constraints,9,random_regular,100,4,765,28,2.7080502010872096,15,28,0.5357142857142857,73,97
v2_freeze_constraints_s9,v2,freeze_constraints,9,random_regular,100,4,766,1,-1.000088900581841e-12,1,1,1.0,99,20
v2_freeze_constraints_s9,v2,freeze_constraints,9,random_regular,100,4,767,98,3.5155926589389503,40,98,0.40816326530612246,42,15
v2_freeze_constraints_s9,v2,freeze_constraints,9,random_regular,100,4,768,8,1.791759469222055,6,8,0.75,16,15
v2_freeze_constraints_s9,v2,freeze_constraints,9,random_regular,100,4,769,26,2.253857589591352,12,26,0.46153846153846156,56,97
v2_freeze_constraints_s9,v2,freeze_constraints,9,random_regular,100,4,770,147,3.703193527214857,54,147,0.3673469387755102,59,15
v2_freeze_constraints_s9,v2,freeze_constraints,9,random_regular,100,4,771,3,-1.000088900581841e-12,1,3,0.3333333333333333,99,20
v2_freeze_constraints_s9,v2,freeze_constraints,9,random_regular,100,4,772,148,3.809076274353996,68,148,0.4594594594594595,9,12
v2_freeze_constraints_s9,v2,freeze_constraints,9,random_regular,100,4,773,0,0.0,0,0,,34,34
v2_freeze_constraints_s9,v2,freeze_constraints,9,random_regular,100,4,774,157,3.916678012487969,70,157,0.445859872611465,70,97
v2_freeze_constraints_s9,v2,freeze_constraints,9,random_regular,100,4,775,15,1.6094379124291005,5,15,0.3333333333333333,35,15
v2_freeze_constraints_s9,v2,freeze_constraints,9,random_regular,100,4,776,19,1.9459101490483133,7,19,0.3684210526315789,66,34
v2_freeze_constraints_s9,v2,freeze_constraints,9,random_regular,100,4,777,370,4.533235720026019,153,370,0.4135135135135135,83,12
v2_freeze_constraints_s9,v2,freeze_constraints,9,random_regular,100,4,778,47,2.9957322735339904,20,47,0.425531914893617,33,15
v2_freeze_constraints_s9,v2,freeze_constraints,9,random_regular,100,4,779,164,3.997783013196669,67,164,0.40853658536585363,17,34
v2_freeze_constraints_s9,v2,freeze_constraints,9,random_regular,100,4,780,207,4.135191066748343,87,207,0.42028985507246375,25,34
v2_freeze_constraints_s9,v2,freeze_constraints,9,random_regular,100,4,781,63,3.0246955538362474,26,63,0.4126984126984127,60,15
v2_freeze_constraints_s9,v2,freeze_constraints,9,random_regular,100,4,782,0,0.0,0,0,,20,20
v2_freeze_constraints_s9,v2,freeze_constraints,9,random_regular,100,4,783,22,2.1458417525857545,11,22,0.5,7,97
v2_freeze_constraints_s9,v2,freeze_constraints,9,random_regular,100,4,784,70,3.098139496330803,26,70,0.37142857142857144,59,97
v2_freeze_constraints_s9,v2,freeze_constraints,9,random_regular,100,4,785,35,2.6701198897918164,17,35,0.4857142857142857,66,12
v2_freeze_constraints_s9,v2,freeze_constraints,9,random_regular,100,4,786,323,4.48518736372522,134,323,0.4148606811145511,51,97
v2_freeze_constraints_s9,v2,freeze_constraints,9,random_regular,100,4,787,0,0.0,0,0,,12,12
v2_freeze_constraints_s9,v2,freeze_constraints,9,random_regular,100,4,788,26,2.1383330594990277,12,26,0.46153846153846156,1,34
v2_freeze_constraints_s9,v2,freeze_constraints,9,random_regular,100,4,789,59,3.0752205480323718,23,59,0.3898305084745763,17,15
v2_freeze_constraints_s9,v2,freeze_constraints,9,random_regular,100,4,790,31,2.1639556568730565,10,31,0.3225806451612903,88,34
v2_freeze_constraints_s9,v2,freeze_constraints,9,random_regular,100,4,791,1,-1.000088900581841e-12,1,1,1.0,33,12
v2_freeze_constraints_s9,v2,freeze_constraints,9,random_regular,100,4,792,9,2.079441541671836,8,9,0.8888888888888888,51,12
v2_freeze_constraints_s9,v2,freeze_constraints,9,random_regular,100,4,793,83,3.2285980368793616,33,83,0.39759036144578314,41,34
v2_freeze_constraints_s9,v2,freeze_constraints,9,random_regular,100,4,794,87,3.446277940884956,40,87,0.45977011494252873,72,12
v2_freeze_constraints_s9,v2,freeze_constraints,9,random_regular,100,4,795,0,0.0,0,0,,20,20
v2_freeze_constraints_s9,v2,freeze_constraints,9,random_regular,100,4,796,140,3.7748616155734553,62,140,0.44285714285714284,85,20
v2_freeze_constraints_s9,v2,freeze_constraints,9,random_regular,100,4,797,1,-1.000088900581841e-12,1,1,1.0,35,15
v2_freeze_constraints_s9,v2,freeze_constraints,9,random_regular,100,4,798,115,3.679750944731672,50,115,0.43478260869565216,66,34
v2_freeze_constraints_s9,v2,freeze_constraints,9,random_regular,100,4,799,12,1.6094379124291005,5,12,0.4166666666666667,13,34
v2_freeze_constraints_s9,v2,freeze_constraints,9,random_regular,100,4,800,78,3.6109179126072246,37,78,0.47435897435897434,71,12
v2_freeze_constraints_s9,v2,freeze_constraints,9,random_regular,100,4,801,0,0.0,0,0,,34,34
v2_freeze_constraints_s9,v2,freeze_constraints,9,random_regular,100,4,802,66,3.0280290732864104,22,66,0.3333333333333333,87,34
v2_freeze_constraints_s9,v2,freeze_constraints,9,random_regular,100,4,803,41,2.685945324654788,16,41,0.3902439024390244,51,12
v2_freeze_constraints_s9,v2,freeze_constraints,9,random_regular,100,4,804,18,1.7478680974607577,7,18,0.3888888888888889,26,20
v2_freeze_constraints_s9,v2,freeze_constraints,9,random_regular,100,4,805,14,1.039720770836918,4,14,0.2857142857142857,16,15
v2_freeze_constraints_s9,v2,freeze_constraints,9,random_regular,100,4,806,33,2.5649493574485365,13,33,0.3939393939393939,2,97
v2_freeze_constraints_s9,v2,freeze_constraints,9,random_regular,100,4,807,21,2.1639556568730565,10,21,0.47619047619047616,48,34
v2_freeze_constraints_s9,v2,freeze_constraints,9,random_regular,100,4,808,23,2.0431918705371204,9,23,0.391304347826087,60,12
v2_freeze_constraints_s9,v2,freeze_constraints,9,random_regular,100,4,809,71,2.9444389791474395,19,71,0.2676056338028169,56,12
v2_freeze_constraints_s9,v2,freeze_constraints,9,random_regular,100,4,810,28,2.0431918705371204,9,28,0.32142857142857145,26,15
v2_freeze_constraints_s9,v2,freeze_constraints,9,random_regular,100,4,811,12,2.079441541671836,8,12,0.6666666666666666,29,34
v2_freeze_constraints_s9,v2,freeze_constraints,9,random_regular,100,4,812,13,1.9459101490483133,7,13,0.5384615384615384,84,20
v2_freeze_constraints_s9,v2,freeze_constraints,9,random_regular,100,4,813,55,3.052520501511814,25,55,0.45454545454545453,76,12
v2_freeze_constraints_s9,v2,freeze_constraints,9,random_regular,100,4,814,9,1.6094379124291005,5,9,0.5555555555555556,85,20
v2_freeze_constraints_s9,v2,freeze_constraints,9,random_regular,100,4,815,55,3.485587161020812,34,55,0.6181818181818182,33,12
v2_freeze_constraints_s9,v2,freeze_constraints,9,random_regular,100,4,816,166,3.947583934279545,64,166,0.3855421686746988,73,12
v2_freeze_constraints_s9,v2,freeze_constraints,9,random_regular,100,4,817,41,2.6701198897918164,17,41,0.4146341463414634,9,34
v2_freeze_constraints_s9,v2,freeze_constraints,9,random_regular,100,4,818,1,-1.000088900581841e-12,1,1,1.0,99,20
v2_freeze_constraints_s9,v2,freeze_constraints,9,random_regular,100,4,819,9,1.7478680974607577,7,9,0.7777777777777778,31,34
v2_freeze_constraints_s9,v2,freeze_constraints,9,random_regular,100,4,820,86,3.4544986414005443,33,86,0.38372093023255816,18,15
v2_freeze_constraints_s9,v2,freeze_constraints,9,random_regular,100,4,821,106,3.337217656261597,42,106,0.39622641509433965,96,34
v2_freeze_constraints_s9,v2,freeze_constraints,9,random_regular,100,4,822,155,4.015336452639712,62,155,0.4,66,34
v2_freeze_constraints_s9,v2,freeze_constraints,9,random_regular,100,4,823,43,2.540036303807981,14,43,0.32558139534883723,14,15
v2_freeze_constraints_s9,v2,freeze_constraints,9,random_regular,100,4,824,73,3.0047670351869598,24,73,0.3287671232876712,95,20
v2_freeze_constraints_s9,v2,freeze_constraints,9,random_regular,100,4,825,29,2.3516733018936304,13,29,0.4482758620689655,92,15
v2_freeze_constraints_s9,v2,freeze_constraints,9,random_regular,100,4,826,234,4.255568281393831,94,234,0.4017094017094017,30,15
v2_freeze_constraints_s9,v2,freeze_constraints,9,random_regular,100,4,827,141,3.791286676867748,52,141,0.36879432624113473,88,97
v2_freeze_constraints_s9,v2,freeze_constraints,9,random_regular,100,4,828,56,3.120291565278284,24,56,0.42857142857142855,6,20
v2_freeze_constraints_s9,v2,freeze_constraints,9,random_regular,100,4,829,22,2.302585092984045,10,22,0.45454545454545453,61,97
v2_freeze_constraints_s9,v2,freeze_constraints,9,random_regular,100,4,830,51,2.7184734013140126,20,51,0.39215686274509803,87,20
v2_freeze_constraints_s9,v2,freeze_constraints,9,random_regular,100,4,831,10,1.3862943611158909,4,10,0.4,55,20
v2_freeze_constraints_s9,v2,freeze_constraints,9,random_regular,100,4,832,211,4.240381479777275,91,211,0.4312796208530806,95,15
v2_freeze_constraints_s9,v2,freeze_constraints,9,random_regular,100,4,833,28,1.7328679513938632,8,28,0.2857142857142857,37,34
v2_freeze_constraints_s9,v2,freeze_constraints,9,random_regular,100,4,834,24,1.791759469222055,6,24,0.25,37,97
v2_freeze_constraints_s9,v2,freeze_constraints,9,random_regular,100,4,835,47,2.813355404483615,18,47,0.3829787234042553,91,12
v2_freeze_constraints_s9,v2,freeze_constraints,9,random_regular,100,4,836,33,2.1458417525857545,11,33,0.3333333333333333,95,97
v2_freeze_constraints_s9,v2,freeze_constraints,9,random_regular,100,4,837,38,2.302585092984045,10,38,0.2631578947368421,72,12
v2_freeze_constraints_s9,v2,freeze_constraints,9,random_regular,100,4,838,3,0.6931471805579453,2,3,0.6666666666666666,9,20
v2_freeze_constraints_s9,v2,freeze_constraints,9,random_regular,100,4,839,90,3.550250017965948,40,90,0.4444444444444444,11,15
v2_freeze_constraints_s9,v2,freeze_constraints,9,random_regular,100,4,840,55,3.052520501511814,25,55,0.45454545454545453,88,34
v2_freeze_constraints_s9,v2,freeze_constraints,9,random_regular,100,4,841,41,2.857102837424001,20,41,0.4878048780487805,52,34
v2_freeze_constraints_s9,v2,freeze_constraints,9,random_regular,100,4,842,232,4.304847795132009,103,232,0.44396551724137934,83,34
v2_freeze_constraints_s9,v2,freeze_constraints,9,random_regular,100,4,843,138,3.791286676867748,52,138,0.37681159420289856,88,20
v2_freeze_constraints_s9,v2,freeze_constraints,9,random_regular,100,4,844,61,3.10797227595561,25,61,0.4098360655737705,4,20
v2_freeze_constraints_s9,v2,freeze_constraints,9,random_regular,100,4,845,8,-1.000088900581841e-12,1,8,0.125,53,12
v2_freeze_constraints_s9,v2,freeze_constraints,9,random_regular,100,4,846,23,2.197224577327219,9,23,0.391304347826087,13,97
v2_freeze_constraints_s9,v2,freeze_constraints,9,random_regular,100,4,847,41,2.4410152780147034,14,41,0.34146341463414637,2,97
v2_freeze_constraints_s9,v2,freeze_constraints,9,random_regular,100,4,848,56,2.8674404991054456,24,56,0.42857142857142855,11,20
v2_freeze_constraints_s9,v2,freeze_constraints,9,random_regular,100,4,849,131,3.7610399344701584,53,131,0.40458015267175573,84,15
v2_freeze_constraints_s9,v2,freeze_constraints,9,random_regular,100,4,850,80,3.3985393782638447,40,80,0.5,0,34
v2_freeze_constraints_s9,v2,freeze_constraints,9,random_regular,100,4,851,85,3.308777757559495,30,85,0.35294117647058826,27,20
v2_freeze_constraints_s9,v2,freeze_constraints,9,random_regular,100,4,852,174,4.080546855647588,67,174,0.3850574712643678,46,34
v2_freeze_constraints_s9,v2,freeze_constraints,9,random_regular,100,4,853,154,3.7737451402643263,62,154,0.4025974025974026,63,20
v2_freeze_constraints_s9,v2,freeze_constraints,9,random_regular,100,4,854,8,1.3862943611158909,4,8,0.5,92,15
v2_freeze_constraints_s9,v2,freeze_constraints,9,random_regular,100,4,855,3,-1.000088900581841e-12,1,3,0.3333333333333333,90,97
v2_freeze_constraints_s9,v2,freeze_constraints,9,random_regular,100,4,856,96,3.4011973816321546,30,96,0.3125,8,12
v2_freeze_constraints_s9,v2,freeze_constraints,9,random_regular,100,4,857,11,1.039720770836918,4,11,0.36363636363636365,16,15
v2_freeze_constraints_s9,v2,freeze_constraints,9,random_regular,100,4,858,10,1.0986122886651095,3,10,0.3,1,34
v2_freeze_constraints_s9,v2,freeze_constraints,9,random_regular,100,4,859,172,3.9033148576112735,68,172,0.3953488372093023,17,20
v2_freeze_constraints_s9,v2,freeze_constraints,9,random_regular,100,4,860,315,4.41205444686686,133,315,0.4222222222222222,45,20
v2_freeze_constraints_s9,v2,freeze_constraints,9,random_regular,100,4,861,167,4.001481639823835,71,167,0.4251497005988024,75,12
v2_freeze_constraints_s9,v2,freeze_constraints,9,random_regular,100,4,862,3,0.6931471805579453,2,3,0.6666666666666666,96,12
v2_freeze_constraints_s9,v2,freeze_constraints,9,random_regular,100,4,863,55,2.912494403312053,21,55,0.38181818181818183,22,20
v2_freeze_constraints_s9,v2,freeze_constraints,9,random_regular,100,4,864,63,3.370480801334672,33,63,0.5238095238095238,63,15
v2_freeze_constraints_s9,v2,freeze_constraints,9,random_regular,100,4,865,12,-1.000088900581841e-12,1,12,0.08333333333333333,60,34
v2_freeze_constraints_s9,v2,freeze_constraints,9,random_regular,100,4,866,56,3.1780538303239454,24,56,0.42857142857142855,31,15
v2_freeze_constraints_s9,v2,freeze_constraints,9,random_regular,100,4,867,25,2.2718685126865625,11,25,0.44,9,12
v2_freeze_constraints_s9,v2,freeze_constraints,9,random_regular,100,4,868,117,3.4858315997982245,39,117,0.3333333333333333,72,15
v2_freeze_constraints_s9,v2,freeze_constraints,9,random_regular,100,4,869,47,2.954673212284816,23,47,0.48936170212765956,39,20
v2_freeze_constraints_s9,v2,freeze_constraints,9,random_regular,100,4,870,63,3.1931483947852626,27,63,0.42857142857142855,16,20
v2_freeze_constraints_s9,v2,freeze_constraints,9,random_regular,100,4,871,24,2.302585092984045,10,24,0.4166666666666667,75,34
v2_freeze_constraints_s9,v2,freeze_constraints,9,random_regular,100,4,872,67,3.1836729714587872,28,67,0.417910447761194,63,12
v2_freeze_constraints_s9,v2,freeze_constraints,9,random_regular,100,4,873,101,3.3549875695958247,30,101,0.297029702970297,64,15
v2_freeze_constraints_s9,v2,freeze_constraints,9,random_regular,100,4,874,26,1.9722469794154416,11,26,0.4230769230769231,35,34
v2_freeze_constraints_s9,v2,freeze_constraints,9,random_regular,100,4,875,54,2.938182454666123,26,54,0.48148148148148145,30,15
v2_freeze_constraints_s9,v2,freeze_constraints,9,random_regular,100,4,876,29,2.4583113296710835,13,29,0.4482758620689655,98,34
v2_freeze_constraints_s9,v2,freeze_constraints,9,random_regular,100,4,877,76,3.3969144201875685,35,76,0.4605263157894737,32,15
v2_freeze_constraints_s9,v2,freeze_constraints,9,random_regular,100,4,878,75,3.248189295308032,35,75,0.4666666666666667,52,34
v2_freeze_constraints_s9,v2,freeze_constraints,9,random_regular,100,4,879,181,4.212108312819535,83,181,0.4585635359116022,47,97
v2_freeze_constraints_s9,v2,freeze_constraints,9,random_regular,100,4,880,1,-1.000088900581841e-12,1,1,1.0,7,34
v2_freeze_constraints_s9,v2,freeze_constraints,9,random_regular,100,4,881,7,0.6931471805579453,2,7,0.2857142857142857,94,15
v2_freeze_constraints_s9,v2,freeze_constraints,9,random_regular,100,4,882,40,2.751666616915516,17,40,0.425,83,20
v2_freeze_constraints_s9,v2,freeze_constraints,9,random_regular,100,4,883,40,2.7080502010872096,15,40,0.375,45,12
v2_freeze_constraints_s9,v2,freeze_constraints,9,random_regular,100,4,884,144,4.037696039108388,62,144,0.4305555555555556,38,12
v2_freeze_constraints_s9,v2,freeze_constraints,9,random_regular,100,4,885,40,2.685945324654788,16,40,0.4,86,34
v2_freeze_constraints_s9,v2,freeze_constraints,9,random_regular,100,4,886,8,1.791759469222055,6,8,0.75,94,20
v2_freeze_constraints_s9,v2,freeze_constraints,9,random_regular,100,4,887,18,1.791759469222055,6,18,0.3333333333333333,9,12
v2_freeze_constraints_s9,v2,freeze_constraints,9,random_regular,100,4,888,46,2.813355404483615,18,46,0.391304347826087,41,34
v2_freeze_constraints_s9,v2,freeze_constraints,9,random_regular,100,4,889,0,0.0,0,0,,97,97
v2_freeze_constraints_s9,v2,freeze_constraints,9,random_regular,100,4,890,43,2.8332133440392155,17,43,0.3953488372093023,17,12
v2_freeze_constraints_s9,v2,freeze_constraints,9,random_regular,100,4,891,3,-1.000088900581841e-12,1,3,0.3333333333333333,7,34
v2_freeze_constraints_s9,v2,freeze_constraints,9,random_regular,100,4,892,53,2.5245459216193584,19,53,0.3584905660377358,22,20
v2_freeze_constraints_s9,v2,freeze_constraints,9,random_regular,100,4,893,84,3.208580884991321,35,84,0.4166666666666667,60,12
v2_freeze_constraints_s9,v2,freeze_constraints,9,random_regular,100,4,894,39,2.639057329601259,14,39,0.358974358974359,24,20
v2_freeze_constraints_s9,v2,freeze_constraints,9,random_regular,100,4,895,87,3.0864593035104697,32,87,0.367816091954023,47,12
v2_freeze_constraints_s9,v2,freeze_constraints,9,random_regular,100,4,896,22,2.0431918705371204,9,22,0.4090909090909091,24,12
v2_freeze_constraints_s9,v2,freeze_constraints,9,random_regular,100,4,897,57,3.170148321450507,30,57,0.5263157894736842,86,34
v2_freeze_constraints_s9,v2,freeze_constraints,9,random_regular,100,4,898,1,-1.000088900581841e-12,1,1,1.0,22,12
v2_freeze_constraints_s9,v2,freeze_constraints,9,random_regular,100,4,899,78,3.2078760068288847,36,78,0.46153846153846156,60,34
v2_freeze_constraints_s9,v2,freeze_constraints,9,random_regular,100,4,900,8,1.6094379124291005,5,8,0.625,59,20
v2_freeze_constraints_s9,v2,freeze_constraints,9,random_regular,100,4,901,60,3.170148321450507,30,60,0.5,10,97
v2_freeze_constraints_s9,v2,freeze_constraints,9,random_regular,100,4,902,13,1.0986122886651095,3,13,0.23076923076923078,55,12
v2_freeze_constraints_s9,v2,freeze_constraints,9,random_regular,100,4,903,20,2.4583113296710835,13,20,0.65,6,15
v2_freeze_constraints_s9,v2,freeze_constraints,9,random_regular,100,4,904,45,2.7284075400172907,22,45,0.4888888888888889,73,20
v2_freeze_constraints_s9,v2,freeze_constraints,9,random_regular,100,4,905,109,3.4858315997982245,39,109,0.3577981651376147,84,12
v2_freeze_constraints_s9,v2,freeze_constraints,9,random_regular,100,4,906,44,2.692310994125785,20,44,0.45454545454545453,18,20
v2_freeze_constraints_s9,v2,freeze_constraints,9,random_regular,100,4,907,178,3.946786016322238,68,178,0.38202247191011235,18,97
v2_freeze_constraints_s9,v2,freeze_constraints,9,random_regular,100,4,908,64,2.846323859448728,27,64,0.421875,68,34
v2_freeze_constraints_s9,v2,freeze_constraints,9,random_regular,100,4,909,18,1.9459101490483133,7,18,0.3888888888888889,7,15
v2_freeze_constraints_s9,v2,freeze_constraints,9,random_regular,100,4,910,1,-1.000088900581841e-12,1,1,1.0,23,97
v2_freeze_constraints_s9,v2,freeze_constraints,9,random_regular,100,4,911,56,2.9444389791474395,19,56,0.3392857142857143,2,20
v2_freeze_constraints_s9,v2,freeze_constraints,9,random_regular,100,4,912,29,2.3978952727873706,11,29,0.3793103448275862,63,15
v2_freeze_constraints_s9,v2,freeze_constraints,9,random_regular,100,4,913,17,2.253857589591352,12,17,0.7058823529411765,99,15
v2_freeze_constraints_s9,v2,freeze_constraints,9,random_regular,100,4,914,45,2.751666616915516,17,45,0.37777777777777777,74,12
v2_freeze_constraints_s9,v2,freeze_constraints,9,random_regular,100,4,915,3,1.0986122886651095,3,3,1.0,1,34
v2_freeze_constraints_s9,v2,freeze_constraints,9,random_regular,100,4,916,41,2.3046193848096714,14,41,0.34146341463414637,32,20
v2_freeze_constraints_s9,v2,freeze_constraints,9,random_regular,100,4,917,63,2.9785084205072385,21,63,0.3333333333333333,67,20
v2_freeze_constraints_s9,v2,freeze_constraints,9,random_regular,100,4,918,50,2.725550395815721,19,50,0.38,87,34
v2_freeze_constraints_s9,v2,freeze_constraints,9,random_regular,100,4,919,91,3.276097603139099,32,91,0.3516483516483517,9,12
v2_freeze_constraints_s9,v2,freeze_constraints,9,random_regular,100,4,920,124,3.839509426606019,53,124,0.4274193548387097,9,12
v2_freeze_constraints_s9,v2,freeze_constraints,9,random_regular,100,4,921,41,2.7184734013140126,20,41,0.4878048780487805,23,97
v2_freeze_constraints_s9,v2,freeze_constraints,9,random_regular,100,4,922,5,1.0986122886651095,3,5,0.6,52,20
v2_freeze_constraints_s9,v2,freeze_constraints,9,random_regular,100,4,923,0,0.0,0,0,,97,97
v2_freeze_constraints_s9,v2,freeze_constraints,9,random_regular,100,4,924,93,3.4040404338981127,34,93,0.3655913978494624,44,34
v2_freeze_constraints_s9,v2,freeze_constraints,9,random_regular,100,4,925,19,2.197224577327219,9,19,0.47368421052631576,4,34
v2_freeze_constraints_s9,v2,freeze_constraints,9,random_regular,100,4,926,110,3.379193572022772,39,110,0.35454545454545455,71,15
v2_freeze_constraints_s9,v2,freeze_constraints,9,random_regular,100,4,927,73,2.954673212284816,23,73,0.3150684931506849,6,12
v2_freeze_constraints_s9,v2,freeze_constraints,9,random_regular,100,4,928,26,2.302585092984045,10,26,0.38461538461538464,50,12
v2_freeze_constraints_s9,v2,freeze_constraints,9,random_regular,100,4,929,41,2.302585092984045,10,41,0.24390243902439024,94,20
v2_freeze_constraints_s9,v2,freeze_constraints,9,random_regular,100,4,930,26,2.3516733018936304,13,26,0.5,23,34
v2_freeze_constraints_s9,v2,freeze_constraints,9,random_regular,100,4,931,29,2.369382119683676,12,29,0.41379310344827586,21,15
v2_freeze_constraints_s9,v2,freeze_constraints,9,random_regular,100,4,932,6,1.3862943611158909,4,6,0.6666666666666666,61,12
v2_freeze_constraints_s9,v2,freeze_constraints,9,random_regular,100,4,933,34,2.772588722223781,16,34,0.47058823529411764,63,97
v2_freeze_constraints_s9,v2,freeze_constraints,9,random_regular,100,4,934,20,1.9459101490483133,7,20,0.35,85,97
v2_freeze_constraints_s9,v2,freeze_constraints,9,random_regular,100,4,935,70,2.813355404483615,18,70,0.2571428571428571,21,15
v2_freeze_constraints_s9,v2,freeze_constraints,9,random_regular,100,4,936,2,-1.000088900581841e-12,1,2,0.5,7,34
v2_freeze_constraints_s9,v2,freeze_constraints,9,random_regular,100,4,937,84,3.193512367382888,31,84,0.36904761904761907,46,15
v2_freeze_constraints_s9,v2,freeze_constraints,9,random_regular,100,4,938,10,1.3862943611158909,4,10,0.4,92,34
v2_freeze_constraints_s9,v2,freeze_constraints,9,random_regular,100,4,939,40,3.0752205480323718,23,40,0.575,49,12
v2_freeze_constraints_s9,v2,freeze_constraints,9,random_regular,100,4,940,76,3.271689322296034,29,76,0.3815789473684211,2,12
v2_freeze_constraints_s9,v2,freeze_constraints,9,random_regular,100,4,941,92,3.044820482442576,26,92,0.2826086956521739,74,97
v2_freeze_constraints_s9,v2,freeze_constraints,9,random_regular,100,4,942,0,0.0,0,0,,12,12
v2_freeze_constraints_s9,v2,freeze_constraints,9,random_regular,100,4,943,129,3.63607231349464,58,129,0.4496124031007752,80,20
v2_freeze_constraints_s9,v2,freeze_constraints,9,random_regular,100,4,944,56,3.0149468801585937,23,56,0.4107142857142857,89,20
v2_freeze_constraints_s9,v2,freeze_constraints,9,random_regular,100,4,945,55,2.751666616915516,17,55,0.3090909090909091,36,97
v2_freeze_constraints_s9,v2,freeze_constraints,9,random_regular,100,4,946,1,-1.000088900581841e-12,1,1,1.0,7,34
v2_freeze_constraints_s9,v2,freeze_constraints,9,random_regular,100,4,947,177,4.074357879277792,80,177,0.4519774011299435,44,15
v2_freeze_constraints_s9,v2,freeze_constraints,9,random_regular,100,4,948,0,0.0,0,0,,15,15
v2_freeze_constraints_s9,v2,freeze_constraints,9,random_regular,100,4,949,66,3.052520501511814,25,66,0.3787878787878788,91,12
v2_freeze_constraints_s9,v2,freeze_constraints,9,random_regular,100,4,950,158,3.977420535917364,64,158,0.4050632911392405,98,34
v2_freeze_constraints_s9,v2,freeze_constraints,9,random_regular,100,4,951,29,2.484906649776,12,29,0.41379310344827586,46,97
v2_freeze_constraints_s9,v2,freeze_constraints,9,random_regular,100,4,952,64,2.9970687270680187,25,64,0.390625,24,97
v2_freeze_constraints_s9,v2,freeze_constraints,9,random_regular,100,4,953,12,1.3862943611158909,4,12,0.3333333333333333,39,34
v2_freeze_constraints_s9,v2,freeze_constraints,9,random_regular,100,4,954,152,3.812405221619739,58,152,0.3815789473684211,99,15
v2_freeze_constraints_s9,v2,freeze_constraints,9,random_regular,100,4,955,209,4.02820427803379,89,209,0.4258373205741627,43,34
v2_freeze_constraints_s9,v2,freeze_constraints,9,random_regular,100,4,956,6,0.6931471805579453,2,6,0.3333333333333333,49,34
v2_freeze_constraints_s9,v2,freeze_constraints,9,random_regular,100,4,957,36,3.044522437702424,21,36,0.5833333333333334,50,34
v2_freeze_constraints_s9,v2,freeze_constraints,9,random_regular,100,4,958,40,2.3978952727873706,11,40,0.275,10,12
v2_freeze_constraints_s9,v2,freeze_constraints,9,random_regular,100,4,959,39,2.484906649776,12,39,0.3076923076923077,71,12
v2_freeze_constraints_s9,v2,freeze_constraints,9,random_regular,100,4,960,24,2.197224577327219,9,24,0.375,45,97
v2_freeze_constraints_s9,v2,freeze_constraints,9,random_regular,100,4,961,45,2.813355404483615,18,45,0.4,14,20
v2_freeze_constraints_s9,v2,freeze_constraints,9,random_regular,100,4,962,61,2.902002313186603,22,61,0.36065573770491804,8,97
v2_freeze_constraints_s9,v2,freeze_constraints,9,random_regular,100,4,963,179,3.979610141800745,66,179,0.3687150837988827,8,15
v2_freeze_constraints_s9,v2,freeze_constraints,9,random_regular,100,4,964,5,-1.000088900581841e-12,1,5,0.2,60,34
v2_freeze_constraints_s9,v2,freeze_constraints,9,random_regular,100,4,965,103,3.578323836314148,41,103,0.39805825242718446,0,20
v2_freeze_constraints_s9,v2,freeze_constraints,9,random_regular,100,4,966,13,1.0986122886651095,3,13,0.23076923076923078,54,34
v2_freeze_constraints_s9,v2,freeze_constraints,9,random_regular,100,4,967,30,2.4410152780147034,14,30,0.4666666666666667,42,34
v2_freeze_constraints_s9,v2,freeze_constraints,9,random_regular,100,4,968,10,1.6094379124291005,5,10,0.5,67,12
v2_freeze_constraints_s9,v2,freeze_constraints,9,random_regular,100,4,969,11,1.6094379124291005,5,11,0.45454545454545453,98,12
v2_freeze_constraints_s9,v2,freeze_constraints,9,random_regular,100,4,970,20,2.1639556568730565,10,20,0.5,89,20
v2_freeze_constraints_s9,v2,freeze_constraints,9,random_regular,100,4,971,14,2.197224577327219,9,14,0.6428571428571429,10,20
v2_freeze_constraints_s9,v2,freeze_constraints,9,random_regular,100,4,972,70,3.4011973816321546,30,70,0.42857142857142855,13,97
v2_freeze_constraints_s9,v2,freeze_constraints,9,random_regular,100,4,973,61,3.1418041591892294,27,61,0.4426229508196721,38,97
v2_freeze_constraints_s9,v2,freeze_constraints,9,random_regular,100,4,974,53,3.163424050399405,25,53,0.4716981132075472,89,15
v2_freeze_constraints_s9,v2,freeze_constraints,9,random_regular,100,4,975,7,1.0986122886651095,3,7,0.42857142857142855,29,12
v2_freeze_constraints_s9,v2,freeze_constraints,9,random_regular,100,4,976,95,3.409263548377698,41,95,0.43157894736842106,93,97
v2_freeze_constraints_s9,v2,freeze_constraints,9,random_regular,100,4,977,33,2.8903717578781647,18,33,0.5454545454545454,82,34
v2_freeze_constraints_s9,v2,freeze_constraints,9,random_regular,100,4,978,34,2.302585092984045,10,34,0.29411764705882354,26,15
v2_freeze_constraints_s9,v2,freeze_constraints,9,random_regular,100,4,979,56,2.7184734013140126,20,56,0.35714285714285715,46,97
v2_freeze_constraints_s9,v2,freeze_constraints,9,random_regular,100,4,980,47,3.0752205480323718,23,47,0.48936170212765956,78,97
v2_freeze_constraints_s9,v2,freeze_constraints,9,random_regular,100,4,981,52,3.0149468801585937,23,52,0.4423076923076923,73,97
v2_freeze_constraints_s9,v2,freeze_constraints,9,random_regular,100,4,982,65,3.1418041591892294,27,65,0.4153846153846154,62,34
v2_freeze_constraints_s9,v2,freeze_constraints,9,random_regular,100,4,983,3,0.6931471805579453,2,3,0.6666666666666666,26,34
v2_freeze_constraints_s9,v2,freeze_constraints,9,random_regular,100,4,984,5,0.6931471805579453,2,5,0.4,84,34
v2_freeze_constraints_s9,v2,freeze_constraints,9,random_regular,100,4,985,7,1.3862943611158909,4,7,0.5714285714285714,56,97
v2_freeze_constraints_s9,v2,freeze_constraints,9,random_regular,100,4,986,3,0.6931471805579453,2,3,0.6666666666666666,92,15
v2_freeze_constraints_s9,v2,freeze_constraints,9,random_regular,100,4,987,146,3.89182242136326,53,146,0.363013698630137,43,34
v2_freeze_constraints_s9,v2,freeze_constraints,9,random_regular,100,4,988,80,3.278089189237435,35,80,0.4375,74,34
v2_freeze_constraints_s9,v2,freeze_constraints,9,random_regular,100,4,989,63,2.954673212284816,23,63,0.36507936507936506,67,34
v2_freeze_constraints_s9,v2,freeze_constraints,9,random_regular,100,4,990,62,2.857102837424001,20,62,0.3225806451612903,45,20
v2_freeze_constraints_s9,v2,freeze_constraints,9,random_regular,100,4,991,0,0.0,0,0,,15,15
v2_freeze_constraints_s9,v2,freeze_constraints,9,random_regular,100,4,992,12,1.3862943611158909,4,12,0.3333333333333333,94,15
v2_freeze_constraints_s9,v2,freeze_constraints,9,random_regular,100,4,993,21,2.1458417525857545,11,21,0.5238095238095238,19,34
v2_freeze_constraints_s9,v2,freeze_constraints,9,random_regular,100,4,994,39,2.588573162668117,17,39,0.4358974358974359,30,12
v2_freeze_constraints_s9,v2,freeze_constraints,9,random_regular,100,4,995,11,1.6094379124291005,5,11,0.45454545454545453,21,20
v2_freeze_constraints_s9,v2,freeze_constraints,9,random_regular,100,4,996,83,3.2238860684653137,29,83,0.3493975903614458,10,20
v2_freeze_constraints_s9,v2,freeze_constraints,9,random_regular,100,4,997,99,3.37644338427611,36,99,0.36363636363636365,47,20
v2_freeze_constraints_s9,v2,freeze_constraints,9,random_regular,100,4,998,74,3.370480801334672,33,74,0.44594594594594594,73,20
v2_freeze_constraints_s9,v2,freeze_constraints,9,random_regular,100,4,999,38,2.772588722223781,16,38,0.42105263157894735,29,20
