run_id,validation_version,condition,seed,topology,n_nodes,degree,episode_idx,hitting_time,path_entropy,accepted_moves,attempted_moves,accept_rate,start_node,final_node
v2_random_regular_baseline_s6,v2,random_regular_baseline,6,random_regular,100,4,0,1,-1.000088900581841e-12,1,1,1.0,86,62
v2_random_regular_baseline_s6,v2,random_regular_baseline,6,random_regular,100,4,1,573,4.894542405737721,214,573,0.37347294938917974,16,62
v2_random_regular_baseline_s6,v2,random_regular_baseline,6,random_regular,100,4,2,201,4.185699354016463,85,201,0.4228855721393035,78,62
v2_random_regular_baseline_s6,v2,random_regular_baseline,6,random_regular,100,4,3,43,2.5649493574485365,13,43,0.3023255813953488,72,11
v2_random_regular_baseline_s6,v2,random_regular_baseline,6,random_regular,100,4,4,75,2.665394159967387,22,75,0.29333333333333333,34,0
v2_random_regular_baseline_s6,v2,random_regular_baseline,6,random_regular,100,4,5,64,3.044522437702424,21,64,0.328125,45,62
v2_random_regular_baseline_s6,v2,random_regular_baseline,6,random_regular,100,4,6,52,2.5993019270857944,16,52,0.3076923076923077,83,0
v2_random_regular_baseline_s6,v2,random_regular_baseline,6,random_regular,100,4,7,65,2.6980110198281126,19,65,0.2923076923076923,6,59
v2_random_regular_baseline_s6,v2,random_regular_baseline,6,random_regular,100,4,8,1,-1.000088900581841e-12,1,1,1.0,75,11
v2_random_regular_baseline_s6,v2,random_regular_baseline,6,random_regular,100,4,9,116,3.478947762716976,43,116,0.3706896551724138,10,0
v2_random_regular_baseline_s6,v2,random_regular_baseline,6,random_regular,100,4,10,96,3.6322425006666657,43,96,0.4479166666666667,41,59
v2_random_regular_baseline_s6,v2,random_regular_baseline,6,random_regular,100,4,11,101,3.0304583159647462,38,101,0.37623762376237624,20,62
v2_random_regular_baseline_s6,v2,random_regular_baseline,6,random_regular,100,4,12,19,2.079441541671836,8,19,0.42105263157894735,67,11
v2_random_regular_baseline_s6,v2,random_regular_baseline,6,random_regular,100,4,13,93,3.414739581281256,39,93,0.41935483870967744,67,33
v2_random_regular_baseline_s6,v2,random_regular_baseline,6,random_regular,100,4,14,93,3.287797705624744,35,93,0.3763440860215054,81,11
v2_random_regular_baseline_s6,v2,random_regular_baseline,6,random_regular,100,4,15,58,2.5993019270857944,16,58,0.27586206896551724,96,11
v2_random_regular_baseline_s6,v2,random_regular_baseline,6,random_regular,100,4,16,192,3.990183930099584,74,192,0.3854166666666667,13,33
v2_random_regular_baseline_s6,v2,random_regular_baseline,6,random_regular,100,4,17,108,3.7612001156505626,43,108,0.39814814814814814,3,33
v2_random_regular_baseline_s6,v2,random_regular_baseline,6,random_regular,100,4,18,100,3.652629782939221,45,100,0.45,3,33
v2_random_regular_baseline_s6,v2,random_regular_baseline,6,random_regular,100,4,19,13,1.791759469222055,6,13,0.46153846153846156,13,11
v2_random_regular_baseline_s6,v2,random_regular_baseline,6,random_regular,100,4,20,43,2.484906649776,12,43,0.27906976744186046,61,62
v2_random_regular_baseline_s6,v2,random_regular_baseline,6,random_regular,100,4,21,48,2.8113759572431496,23,48,0.4791666666666667,71,33
v2_random_regular_baseline_s6,v2,random_regular_baseline,6,random_regular,100,4,22,52,2.5070264355444176,17,52,0.3269230769230769,95,33
v2_random_regular_baseline_s6,v2,random_regular_baseline,6,random_regular,100,4,23,3,-1.000088900581841e-12,1,3,0.3333333333333333,63,11
v2_random_regular_baseline_s6,v2,random_regular_baseline,6,random_regular,100,4,24,143,3.9046433902994258,51,143,0.35664335664335667,88,62
v2_random_regular_baseline_s6,v2,random_regular_baseline,6,random_regular,100,4,25,149,3.7794820749848017,58,149,0.38926174496644295,39,62
v2_random_regular_baseline_s6,v2,random_regular_baseline,6,random_regular,100,4,26,0,0.0,0,0,,62,62
v2_random_regular_baseline_s6,v2,random_regular_baseline,6,random_regular,100,4,27,28,2.369382119683676,12,28,0.42857142857142855,81,59
v2_random_regular_baseline_s6,v2,random_regular_baseline,6,random_regular,100,4,28,329,4.508879663528404,117,329,0.3556231003039514,61,62
v2_random_regular_baseline_s6,v2,random_regular_baseline,6,random_regular,100,4,29,38,2.61563057701355,15,38,0.39473684210526316,84,62
v2_random_regular_baseline_s6,v2,random_regular_baseline,6,random_regular,100,4,30,2,-1.000088900581841e-12,1,2,0.5,53,0
v2_random_regular_baseline_s6,v2,random_regular_baseline,6,random_regular,100,4,31,64,3.163424050399405,25,64,0.390625,34,33
v2_random_regular_baseline_s6,v2,random_regular_baseline,6,random_regular,100,4,32,17,1.791759469222055,6,17,0.35294117647058826,43,33
v2_random_regular_baseline_s6,v2,random_regular_baseline,6,random_regular,100,4,33,117,3.396580291877848,47,117,0.4017094017094017,79,0
v2_random_regular_baseline_s6,v2,random_regular_baseline,6,random_regular,100,4,34,41,2.685945324654788,16,41,0.3902439024390244,60,33
v2_random_regular_baseline_s6,v2,random_regular_baseline,6,random_regular,100,4,35,0,0.0,0,0,,33,33
v2_random_regular_baseline_s6,v2,random_regular_baseline,6,random_regular,100,4,36,4,0.6931471805579453,2,4,0.5,42,33
v2_random_regular_baseline_s6,v2,random_regular_baseline,6,random_regular,100,4,37,68,3.0149468801585937,23,68,0.3382352941176471,61,62
v2_random_regular_baseline_s6,v2,random_regular_baseline,6,random_regular,100,4,38,1,-1.000088900581841e-12,1,1,1.0,39,0
v2_random_regular_baseline_s6,v2,random_regular_baseline,6,random_regular,100,4,39,246,4.322712872741573,104,246,0.42276422764227645,92,33
v2_random_regular_baseline_s6,v2,random_regular_baseline,6,random_regular,100,4,40,4,-1.000088900581841e-12,1,4,0.25,75,11
v2_random_regular_baseline_s6,v2,random_regular_baseline,6,random_regular,100,4,41,93,3.480935299911953,40,93,0.43010752688172044,13,33
v2_random_regular_baseline_s6,v2,random_regular_baseline,6,random_regular,100,4,42,43,2.857102837424001,20,43,0.46511627906976744,66,59
v2_random_regular_baseline_s6,v2,random_regular_baseline,6,random_regular,100,4,43,17,2.197224577327219,9,17,0.5294117647058824,95,33
v2_random_regular_baseline_s6,v2,random_regular_baseline,6,random_regular,100,4,44,15,1.5607104090364068,6,15,0.4,34,62
v2_random_regular_baseline_s6,v2,random_regular_baseline,6,random_regular,100,4,45,194,4.214524789581656,78,194,0.4020618556701031,63,62
v2_random_regular_baseline_s6,v2,random_regular_baseline,6,random_regular,100,4,46,27,2.302585092984045,10,27,0.37037037037037035,37,59
v2_random_regular_baseline_s6,v2,random_regular_baseline,6,random_regular,100,4,47,36,2.639057329601259,14,36,0.3888888888888889,40,0
v2_random_regular_baseline_s6,v2,random_regular_baseline,6,random_regular,100,4,48,371,4.406922400830748,147,371,0.39622641509433965,46,33
v2_random_regular_baseline_s6,v2,random_regular_baseline,6,random_regular,100,4,49,2,-1.000088900581841e-12,1,2,0.5,91,11
v2_random_regular_baseline_s6,v2,random_regular_baseline,6,random_regular,100,4,50,115,3.492465695652703,50,115,0.43478260869565216,77,33
v2_random_regular_baseline_s6,v2,random_regular_baseline,6,random_regular,100,4,51,182,3.844852607419363,68,182,0.37362637362637363,39,33
v2_random_regular_baseline_s6,v2,random_regular_baseline,6,random_regular,100,4,52,50,2.8332133440392155,17,50,0.34,56,62
v2_random_regular_baseline_s6,v2,random_regular_baseline,6,random_regular,100,4,53,36,2.813355404483615,18,36,0.5,43,33
v2_random_regular_baseline_s6,v2,random_regular_baseline,6,random_regular,100,4,54,2,0.6931471805579453,2,2,1.0,29,11
v2_random_regular_baseline_s6,v2,random_regular_baseline,6,random_regular,100,4,55,7,1.3862943611158909,4,7,0.5714285714285714,89,59
v2_random_regular_baseline_s6,v2,random_regular_baseline,6,random_regular,100,4,56,128,3.7765391791393057,60,128,0.46875,34,11
v2_random_regular_baseline_s6,v2,random_regular_baseline,6,random_regular,100,4,57,8,1.0986122886651095,3,8,0.375,86,62
v2_random_regular_baseline_s6,v2,random_regular_baseline,6,random_regular,100,4,58,3,0.6931471805579453,2,3,0.6666666666666666,68,59
v2_random_regular_baseline_s6,v2,random_regular_baseline,6,random_regular,100,4,59,2,-1.000088900581841e-12,1,2,0.5,32,59
v2_random_regular_baseline_s6,v2,random_regular_baseline,6,random_regular,100,4,60,38,2.3516733018936304,13,38,0.34210526315789475,89,62
v2_random_regular_baseline_s6,v2,random_regular_baseline,6,random_regular,100,4,61,2,-1.000088900581841e-12,1,2,0.5,63,11
v2_random_regular_baseline_s6,v2,random_regular_baseline,6,random_regular,100,4,62,55,2.9957322735339904,20,55,0.36363636363636365,51,59
v2_random_regular_baseline_s6,v2,random_regular_baseline,6,random_regular,100,4,63,28,1.9061547465328492,8,28,0.2857142857142857,76,11
v2_random_regular_baseline_s6,v2,random_regular_baseline,6,random_regular,100,4,64,107,3.467994408329786,36,107,0.3364485981308411,78,33
v2_random_regular_baseline_s6,v2,random_regular_baseline,6,random_regular,100,4,65,110,3.5924696275736783,39,110,0.35454545454545455,31,33
v2_random_regular_baseline_s6,v2,random_regular_baseline,6,random_regular,100,4,66,8,-1.000088900581841e-12,1,8,0.125,39,0
v2_random_regular_baseline_s6,v2,random_regular_baseline,6,random_regular,100,4,67,389,4.6440896188242,152,389,0.390745501285347,46,33
v2_random_regular_baseline_s6,v2,random_regular_baseline,6,random_regular,100,4,68,39,2.61563057701355,15,39,0.38461538461538464,45,62
v2_random_regular_baseline_s6,v2,random_regular_baseline,6,random_regular,100,4,69,56,3.218875824843201,25,56,0.44642857142857145,97,11
v2_random_regular_baseline_s6,v2,random_regular_baseline,6,random_regular,100,4,70,0,0.0,0,0,,33,33
v2_random_regular_baseline_s6,v2,random_regular_baseline,6,random_regular,100,4,71,205,4.217778661681876,77,205,0.375609756097561,98,33
v2_random_regular_baseline_s6,v2,random_regular_baseline,6,random_regular,100,4,72,1,-1.000088900581841e-12,1,1,1.0,91,11
v2_random_regular_baseline_s6,v2,random_regular_baseline,6,random_regular,100,4,73,0,0.0,0,0,,33,33
v2_random_regular_baseline_s6,v2,random_regular_baseline,6,random_regular,100,4,74,117,3.579388963696679,45,117,0.38461538461538464,96,62
v2_random_regular_baseline_s6,v2,random_regular_baseline,6,random_regular,100,4,75,8,1.3862943611158909,4,8,0.5,52,33
v2_random_regular_baseline_s6,v2,random_regular_baseline,6,random_regular,100,4,76,54,2.9650156932365066,22,54,0.4074074074074074,98,11
v2_random_regular_baseline_s6,v2,random_regular_baseline,6,random_regular,100,4,77,21,2.484906649776,12,21,0.5714285714285714,88,11
v2_random_regular_baseline_s6,v2,random_regular_baseline,6,random_regular,100,4,78,97,3.5157396511377024,35,97,0.36082474226804123,67,33
v2_random_regular_baseline_s6,v2,random_regular_baseline,6,random_regular,100,4,79,13,2.079441541671836,8,13,0.6153846153846154,16,33
v2_random_regular_baseline_s6,v2,random_regular_baseline,6,random_regular,100,4,80,165,3.812405221619739,58,165,0.3515151515151515,22,0
v2_random_regular_baseline_s6,v2,random_regular_baseline,6,random_regular,100,4,81,196,3.9452460813619257,69,196,0.3520408163265306,79,62
v2_random_regular_baseline_s6,v2,random_regular_baseline,6,random_regular,100,4,82,31,2.3978952727873706,11,31,0.3548387096774194,7,11
v2_random_regular_baseline_s6,v2,random_regular_baseline,6,random_regular,100,4,83,68,3.062529300232621,24,68,0.35294117647058826,32,59
v2_random_regular_baseline_s6,v2,random_regular_baseline,6,random_regular,100,4,84,169,4.0002512360191655,68,169,0.40236686390532544,93,33
v2_random_regular_baseline_s6,v2,random_regular_baseline,6,random_regular,100,4,85,0,0.0,0,0,,11,11
v2_random_regular_baseline_s6,v2,random_regular_baseline,6,random_regular,100,4,86,34,2.302585092984045,10,34,0.29411764705882354,14,33
v2_random_regular_baseline_s6,v2,random_regular_baseline,6,random_regular,100,4,87,55,3.10797227595561,25,55,0.45454545454545453,2,59
v2_random_regular_baseline_s6,v2,random_regular_baseline,6,random_regular,100,4,88,106,3.544511778726858,41,106,0.3867924528301887,76,33
v2_random_regular_baseline_s6,v2,random_regular_baseline,6,random_regular,100,4,89,2,0.6931471805579453,2,2,1.0,28,62
v2_random_regular_baseline_s6,v2,random_regular_baseline,6,random_regular,100,4,90,16,1.791759469222055,6,16,0.375,61,62
v2_random_regular_baseline_s6,v2,random_regular_baseline,6,random_regular,100,4,91,60,2.7184734013140126,20,60,0.3333333333333333,5,33
v2_random_regular_baseline_s6,v2,random_regular_baseline,6,random_regular,100,4,92,200,4.09168655879179,80,200,0.4,71,0
v2_random_regular_baseline_s6,v2,random_regular_baseline,6,random_regular,100,4,93,0,0.0,0,0,,11,11
v2_random_regular_baseline_s6,v2,random_regular_baseline,6,random_regular,100,4,94,149,3.895099034106584,62,149,0.4161073825503356,67,62
v2_random_regular_baseline_s6,v2,random_regular_baseline,6,random_regular,100,4,95,66,3.1282795608038727,29,66,0.4393939393939394,87,33
v2_random_regular_baseline_s6,v2,random_regular_baseline,6,random_regular,100,4,96,326,4.5319400860637264,129,326,0.39570552147239263,78,62
v2_random_regular_baseline_s6,v2,random_regular_baseline,6,random_regular,100,4,97,75,3.122424598309061,27,75,0.36,22,33
v2_random_regular_baseline_s6,v2,random_regular_baseline,6,random_regular,100,4,98,57,2.8903717578781647,18,57,0.3157894736842105,82,62
v2_random_regular_baseline_s6,v2,random_regular_baseline,6,random_regular,100,4,99,176,4.026275957418612,75,176,0.42613636363636365,66,62
v2_random_regular_baseline_s6,v2,random_regular_baseline,6,random_regular,100,4,100,1,-1.000088900581841e-12,1,1,1.0,74,0
v2_random_regular_baseline_s6,v2,random_regular_baseline,6,random_regular,100,4,101,108,3.6834363242964407,45,108,0.4166666666666667,20,59
v2_random_regular_baseline_s6,v2,random_regular_baseline,6,random_regular,100,4,102,0,0.0,0,0,,0,0
v2_random_regular_baseline_s6,v2,random_regular_baseline,6,random_regular,100,4,103,78,3.2509410406396784,34,78,0.4358974358974359,34,0
v2_random_regular_baseline_s6,v2,random_regular_baseline,6,random_regular,100,4,104,23,2.302585092984045,10,23,0.43478260869565216,97,33
v2_random_regular_baseline_s6,v2,random_regular_baseline,6,random_regular,100,4,105,207,4.190347785466266,86,207,0.41545893719806765,47,59
v2_random_regular_baseline_s6,v2,random_regular_baseline,6,random_regular,100,4,106,3,0.6931471805579453,2,3,0.6666666666666666,22,33
v2_random_regular_baseline_s6,v2,random_regular_baseline,6,random_regular,100,4,107,25,2.197224577327219,9,25,0.36,96,33
v2_random_regular_baseline_s6,v2,random_regular_baseline,6,random_regular,100,4,108,46,2.871476118036867,19,46,0.41304347826086957,40,62
v2_random_regular_baseline_s6,v2,random_regular_baseline,6,random_regular,100,4,109,224,4.231277884326845,82,224,0.36607142857142855,24,62
v2_random_regular_baseline_s6,v2,random_regular_baseline,6,random_regular,100,4,110,172,3.9637541374442433,66,172,0.38372093023255816,91,62
v2_random_regular_baseline_s6,v2,random_regular_baseline,6,random_regular,100,4,111,134,3.755676480770567,48,134,0.3582089552238806,93,33
v2_random_regular_baseline_s6,v2,random_regular_baseline,6,random_regular,100,4,112,101,3.24542749268087,37,101,0.36633663366336633,81,62
v2_random_regular_baseline_s6,v2,random_regular_baseline,6,random_regular,100,4,113,27,2.639057329601259,14,27,0.5185185185185185,77,0
v2_random_regular_baseline_s6,v2,random_regular_baseline,6,random_regular,100,4,114,134,3.732165102848344,47,134,0.35074626865671643,1,33
v2_random_regular_baseline_s6,v2,random_regular_baseline,6,random_regular,100,4,115,85,3.39529715333848,37,85,0.43529411764705883,88,33
v2_random_regular_baseline_s6,v2,random_regular_baseline,6,random_regular,100,4,116,2,0.6931471805579453,2,2,1.0,12,11
v2_random_regular_baseline_s6,v2,random_regular_baseline,6,random_regular,100,4,117,27,2.4583113296710835,13,27,0.48148148148148145,91,0
v2_random_regular_baseline_s6,v2,random_regular_baseline,6,random_regular,100,4,118,52,2.926417555478996,20,52,0.38461538461538464,5,0
v2_random_regular_baseline_s6,v2,random_regular_baseline,6,random_regular,100,4,119,130,3.563642803703097,44,130,0.3384615384615385,26,59
v2_random_regular_baseline_s6,v2,random_regular_baseline,6,random_regular,100,4,120,171,4.048719425223112,68,171,0.39766081871345027,57,33
v2_random_regular_baseline_s6,v2,random_regular_baseline,6,random_regular,100,4,121,71,3.3322045101472035,28,71,0.39436619718309857,30,62
v2_random_regular_baseline_s6,v2,random_regular_baseline,6,random_regular,100,4,122,338,4.549201763064065,137,338,0.40532544378698226,17,0
v2_random_regular_baseline_s6,v2,random_regular_baseline,6,random_regular,100,4,123,105,3.4502855905397403,39,105,0.37142857142857144,35,33
v2_random_regular_baseline_s6,v2,random_regular_baseline,6,random_regular,100,4,124,62,2.838988933136699,22,62,0.3548387096774194,24,33
v2_random_regular_baseline_s6,v2,random_regular_baseline,6,random_regular,100,4,125,35,2.7080502010872096,15,35,0.42857142857142855,35,59
v2_random_regular_baseline_s6,v2,random_regular_baseline,6,random_regular,100,4,126,82,3.4965075614334804,33,82,0.4024390243902439,98,11
v2_random_regular_baseline_s6,v2,random_regular_baseline,6,random_regular,100,4,127,2,0.6931471805579453,2,2,1.0,72,62
v2_random_regular_baseline_s6,v2,random_regular_baseline,6,random_regular,100,4,128,8,1.0986122886651095,3,8,0.375,63,11
v2_random_regular_baseline_s6,v2,random_regular_baseline,6,random_regular,100,4,129,349,4.559359492913901,133,349,0.38108882521489973,5,62
v2_random_regular_baseline_s6,v2,random_regular_baseline,6,random_regular,100,4,130,5,-1.000088900581841e-12,1,5,0.2,9,62
v2_random_regular_baseline_s6,v2,random_regular_baseline,6,random_regular,100,4,131,159,3.8826013861050495,64,159,0.4025157232704403,83,11
v2_random_regular_baseline_s6,v2,random_regular_baseline,6,random_regular,100,4,132,28,2.253857589591352,12,28,0.42857142857142855,98,0
v2_random_regular_baseline_s6,v2,random_regular_baseline,6,random_regular,100,4,133,2,-1.000088900581841e-12,1,2,0.5,46,62
v2_random_regular_baseline_s6,v2,random_regular_baseline,6,random_regular,100,4,134,33,2.5232109529398907,15,33,0.45454545454545453,60,0
v2_random_regular_baseline_s6,v2,random_regular_baseline,6,random_regular,100,4,135,75,3.485587161020812,34,75,0.4533333333333333,16,0
v2_random_regular_baseline_s6,v2,random_regular_baseline,6,random_regular,100,4,136,103,3.645947951488728,41,103,0.39805825242718446,35,33
v2_random_regular_baseline_s6,v2,random_regular_baseline,6,random_regular,100,4,137,200,4.229801174747317,92,200,0.46,97,0
v2_random_regular_baseline_s6,v2,random_regular_baseline,6,random_regular,100,4,138,96,3.38268295399594,42,96,0.4375,15,0
v2_random_regular_baseline_s6,v2,random_regular_baseline,6,random_regular,100,4,139,0,0.0,0,0,,0,0
v2_random_regular_baseline_s6,v2,random_regular_baseline,6,random_regular,100,4,140,3,0.6931471805579453,2,3,0.6666666666666666,29,11
v2_random_regular_baseline_s6,v2,random_regular_baseline,6,random_regular,100,4,141,81,3.409438995061846,37,81,0.4567901234567901,55,62
v2_random_regular_baseline_s6,v2,random_regular_baseline,6,random_regular,100,4,142,15,1.6094379124291005,5,15,0.3333333333333333,18,33
v2_random_regular_baseline_s6,v2,random_regular_baseline,6,random_regular,100,4,143,95,3.4768876635522776,41,95,0.43157894736842106,74,59
v2_random_regular_baseline_s6,v2,random_regular_baseline,6,random_regular,100,4,144,177,3.997243178779615,61,177,0.3446327683615819,26,0
v2_random_regular_baseline_s6,v2,random_regular_baseline,6,random_regular,100,4,145,19,1.6094379124291005,5,19,0.2631578947368421,4,0
v2_random_regular_baseline_s6,v2,random_regular_baseline,6,random_regular,100,4,146,2,-1.000088900581841e-12,1,2,0.5,75,0
v2_random_regular_baseline_s6,v2,random_regular_baseline,6,random_regular,100,4,147,6,-1.000088900581841e-12,1,6,0.16666666666666666,53,0
v2_random_regular_baseline_s6,v2,random_regular_baseline,6,random_regular,100,4,148,131,3.7826419994777822,66,131,0.5038167938931297,15,59
v2_random_regular_baseline_s6,v2,random_regular_baseline,6,random_regular,100,4,149,11,1.6094379124291005,5,11,0.45454545454545453,45,0
v2_random_regular_baseline_s6,v2,random_regular_baseline,6,random_regular,100,4,150,46,2.813355404483615,18,46,0.391304347826087,35,0
v2_random_regular_baseline_s6,v2,random_regular_baseline,6,random_regular,100,4,151,41,2.8903717578781647,18,41,0.43902439024390244,17,59
v2_random_regular_baseline_s6,v2,random_regular_baseline,6,random_regular,100,4,152,22,1.9459101490483133,7,22,0.3181818181818182,80,0
v2_random_regular_baseline_s6,v2,random_regular_baseline,6,random_regular,100,4,153,6,1.3862943611158909,4,6,0.6666666666666666,54,62
v2_random_regular_baseline_s6,v2,random_regular_baseline,6,random_regular,100,4,154,245,4.213391290935213,88,245,0.35918367346938773,47,59
v2_random_regular_baseline_s6,v2,random_regular_baseline,6,random_regular,100,4,155,194,4.050488597967737,80,194,0.41237113402061853,64,33
v2_random_regular_baseline_s6,v2,random_regular_baseline,6,random_regular,100,4,156,37,2.197224577327219,9,37,0.24324324324324326,79,59
v2_random_regular_baseline_s6,v2,random_regular_baseline,6,random_regular,100,4,157,118,3.4753416030959188,45,118,0.3813559322033898,91,33
v2_random_regular_baseline_s6,v2,random_regular_baseline,6,random_regular,100,4,158,92,3.193512367382888,31,92,0.33695652173913043,76,33
v2_random_regular_baseline_s6,v2,random_regular_baseline,6,random_regular,100,4,159,58,2.7555497906471795,21,58,0.3620689655172414,52,11
v2_random_regular_baseline_s6,v2,random_regular_baseline,6,random_regular,100,4,160,169,4.027651345262986,74,169,0.4378698224852071,81,0
v2_random_regular_baseline_s6,v2,random_regular_baseline,6,random_regular,100,4,161,76,3.491660437469239,38,76,0.5,49,62
v2_random_regular_baseline_s6,v2,random_regular_baseline,6,random_regular,100,4,162,18,1.9061547465328492,8,18,0.4444444444444444,80,62
v2_random_regular_baseline_s6,v2,random_regular_baseline,6,random_regular,100,4,163,26,2.1639556568730565,10,26,0.38461538461538464,35,59
v2_random_regular_baseline_s6,v2,random_regular_baseline,6,random_regular,100,4,164,121,3.638648592450092,42,121,0.34710743801652894,88,59
v2_random_regular_baseline_s6,v2,random_regular_baseline,6,random_regular,100,4,165,54,3.0047670351869598,24,54,0.4444444444444444,72,0
v2_random_regular_baseline_s6,v2,random_regular_baseline,6,random_regular,100,4,166,25,2.7080502010872096,15,25,0.6,56,0
v2_random_regular_baseline_s6,v2,random_regular_baseline,6,random_regular,100,4,167,13,1.3862943611158909,4,13,0.3076923076923077,6,33
v2_random_regular_baseline_s6,v2,random_regular_baseline,6,random_regular,100,4,168,30,2.61563057701355,15,30,0.5,17,62
v2_random_regular_baseline_s6,v2,random_regular_baseline,6,random_regular,100,4,169,29,2.2718685126865625,11,29,0.3793103448275862,92,62
v2_random_regular_baseline_s6,v2,random_regular_baseline,6,random_regular,100,4,170,64,3.319492576126754,29,64,0.453125,29,62
v2_random_regular_baseline_s6,v2,random_regular_baseline,6,random_regular,100,4,171,24,1.791759469222055,6,24,0.25,99,59
v2_random_regular_baseline_s6,v2,random_regular_baseline,6,random_regular,100,4,172,2,-1.000088900581841e-12,1,2,0.5,37,59
v2_random_regular_baseline_s6,v2,random_regular_baseline,6,random_regular,100,4,173,16,1.5498260458732018,7,16,0.4375,68,59
v2_random_regular_baseline_s6,v2,random_regular_baseline,6,random_regular,100,4,174,0,0.0,0,0,,11,11
v2_random_regular_baseline_s6,v2,random_regular_baseline,6,random_regular,100,4,175,3,0.6931471805579453,2,3,0.6666666666666666,29,0
v2_random_regular_baseline_s6,v2,random_regular_baseline,6,random_regular,100,4,176,9,0.6931471805579453,2,9,0.2222222222222222,22,0
v2_random_regular_baseline_s6,v2,random_regular_baseline,6,random_regular,100,4,177,29,2.369382119683676,12,29,0.41379310344827586,51,0
v2_random_regular_baseline_s6,v2,random_regular_baseline,6,random_regular,100,4,178,30,2.772588722223781,16,30,0.5333333333333333,83,11
v2_random_regular_baseline_s6,v2,random_regular_baseline,6,random_regular,100,4,179,157,4.067427150062021,71,157,0.45222929936305734,77,62
v2_random_regular_baseline_s6,v2,random_regular_baseline,6,random_regular,100,4,180,258,4.45031953896974,111,258,0.43023255813953487,94,62
v2_random_regular_baseline_s6,v2,random_regular_baseline,6,random_regular,100,4,181,151,4.02561097185763,69,151,0.45695364238410596,83,62
v2_random_regular_baseline_s6,v2,random_regular_baseline,6,random_regular,100,4,182,66,2.9970687270680183,25,66,0.3787878787878788,90,62
v2_random_regular_baseline_s6,v2,random_regular_baseline,6,random_regular,100,4,183,20,1.9459101490483133,7,20,0.35,17,33
v2_random_regular_baseline_s6,v2,random_regular_baseline,6,random_regular,100,4,184,19,1.8891591637470213,9,19,0.47368421052631576,43,59
v2_random_regular_baseline_s6,v2,random_regular_baseline,6,random_regular,100,4,185,299,4.532426867831997,128,299,0.4280936454849498,70,11
v2_random_regular_baseline_s6,v2,random_regular_baseline,6,random_regular,100,4,186,149,3.830895721041939,55,149,0.3691275167785235,29,11
v2_random_regular_baseline_s6,v2,random_regular_baseline,6,random_regular,100,4,187,319,4.49175984149993,128,319,0.4012539184952978,12,59
v2_random_regular_baseline_s6,v2,random_regular_baseline,6,random_regular,100,4,188,102,3.671655601047183,42,102,0.4117647058823529,89,62
v2_random_regular_baseline_s6,v2,random_regular_baseline,6,random_regular,100,4,189,61,3.1487931944445364,31,61,0.5081967213114754,51,59
v2_random_regular_baseline_s6,v2,random_regular_baseline,6,random_regular,100,4,190,52,3.0280290732864104,22,52,0.4230769230769231,46,33
v2_random_regular_baseline_s6,v2,random_regular_baseline,6,random_regular,100,4,191,0,0.0,0,0,,59,59
v2_random_regular_baseline_s6,v2,random_regular_baseline,6,random_regular,100,4,192,5,0.6931471805579453,2,5,0.4,42,33
v2_random_regular_baseline_s6,v2,random_regular_baseline,6,random_regular,100,4,193,21,2.0431918705371204,9,21,0.42857142857142855,28,59
v2_random_regular_baseline_s6,v2,random_regular_baseline,6,random_regular,100,4,194,49,2.670119889791816,17,49,0.3469387755102041,64,11
v2_random_regular_baseline_s6,v2,random_regular_baseline,6,random_regular,100,4,195,0,0.0,0,0,,33,33
v2_random_regular_baseline_s6,v2,random_regular_baseline,6,random_regular,100,4,196,319,4.544969797826322,153,319,0.47962382445141066,98,62
v2_random_regular_baseline_s6,v2,random_regular_baseline,6,random_regular,100,4,197,67,3.078014567724474,26,67,0.3880597014925373,83,0
v2_random_regular_baseline_s6,v2,random_regular_baseline,6,random_regular,100,4,198,15,1.9459101490483133,7,15,0.4666666666666667,39,0
v2_random_regular_baseline_s6,v2,random_regular_baseline,6,random_regular,100,4,199,42,2.736339051089065,18,42,0.42857142857142855,83,11
v2_random_regular_baseline_s6,v2,random_regular_baseline,6,random_regular,100,4,200,12,1.9459101490483133,7,12,0.5833333333333334,70,33
v2_random_regular_baseline_s6,v2,random_regular_baseline,6,random_regular,100,4,201,89,3.605641583852999,42,89,0.47191011235955055,50,0
v2_random_regular_baseline_s6,v2,random_regular_baseline,6,random_regular,100,4,202,66,3.233183484354926,28,66,0.42424242424242425,99,59
v2_random_regular_baseline_s6,v2,random_regular_baseline,6,random_regular,100,4,203,93,3.363267070336762,34,93,0.3655913978494624,66,33
v2_random_regular_baseline_s6,v2,random_regular_baseline,6,random_regular,100,4,204,107,3.4588769204528984,43,107,0.40186915887850466,47,59
v2_random_regular_baseline_s6,v2,random_regular_baseline,6,random_regular,100,4,205,90,3.728960711904589,43,90,0.4777777777777778,80,11
v2_random_regular_baseline_s6,v2,random_regular_baseline,6,random_regular,100,4,206,0,0.0,0,0,,62,62
v2_random_regular_baseline_s6,v2,random_regular_baseline,6,random_regular,100,4,207,108,3.4817039797872185,42,108,0.3888888888888889,60,62
v2_random_regular_baseline_s6,v2,random_regular_baseline,6,random_regular,100,4,208,6,1.6094379124291005,5,6,0.8333333333333334,6,33
v2_random_regular_baseline_s6,v2,random_regular_baseline,6,random_regular,100,4,209,18,2.197224577327219,9,18,0.5,45,59
v2_random_regular_baseline_s6,v2,random_regular_baseline,6,random_regular,100,4,210,47,2.7080502010872096,15,47,0.3191489361702128,74,59
v2_random_regular_baseline_s6,v2,random_regular_baseline,6,random_regular,100,4,211,70,3.0149468801585937,23,70,0.32857142857142857,21,62
v2_random_regular_baseline_s6,v2,random_regular_baseline,6,random_regular,100,4,212,131,3.8717928224667615,55,131,0.4198473282442748,35,11
v2_random_regular_baseline_s6,v2,random_regular_baseline,6,random_regular,100,4,213,5,-1.000088900581841e-12,1,5,0.2,32,59
v2_random_regular_baseline_s6,v2,random_regular_baseline,6,random_regular,100,4,214,12,2.0431918705371204,9,12,0.75,51,62
v2_random_regular_baseline_s6,v2,random_regular_baseline,6,random_regular,100,4,215,125,3.7497218605952383,58,125,0.464,32,59
v2_random_regular_baseline_s6,v2,random_regular_baseline,6,random_regular,100,4,216,6,-1.000088900581841e-12,1,6,0.16666666666666666,9,62
v2_random_regular_baseline_s6,v2,random_regular_baseline,6,random_regular,100,4,217,37,2.4583113296710835,13,37,0.35135135135135137,82,11
v2_random_regular_baseline_s6,v2,random_regular_baseline,6,random_regular,100,4,218,70,3.1814749239025333,30,70,0.42857142857142855,82,0
v2_random_regular_baseline_s6,v2,random_regular_baseline,6,random_regular,100,4,219,43,2.484906649776,12,43,0.27906976744186046,21,59
v2_random_regular_baseline_s6,v2,random_regular_baseline,6,random_regular,100,4,220,27,2.3978952727873706,11,27,0.4074074074074074,23,62
v2_random_regular_baseline_s6,v2,random_regular_baseline,6,random_regular,100,4,221,125,3.795914420803827,51,125,0.408,24,11
v2_random_regular_baseline_s6,v2,random_regular_baseline,6,random_regular,100,4,222,166,3.94859141818368,67,166,0.4036144578313253,17,62
v2_random_regular_baseline_s6,v2,random_regular_baseline,6,random_regular,100,4,223,122,3.5646232985788124,38,122,0.3114754098360656,57,11
v2_random_regular_baseline_s6,v2,random_regular_baseline,6,random_regular,100,4,224,14,1.0986122886651095,3,14,0.21428571428571427,21,62
v2_random_regular_baseline_s6,v2,random_regular_baseline,6,random_regular,100,4,225,125,3.574483130740063,53,125,0.424,97,33
v2_random_regular_baseline_s6,v2,random_regular_baseline,6,random_regular,100,4,226,47,2.857102837424001,20,47,0.425531914893617,61,59
v2_random_regular_baseline_s6,v2,random_regular_baseline,6,random_regular,100,4,227,56,3.0047670351869598,24,56,0.42857142857142855,85,0
v2_random_regular_baseline_s6,v2,random_regular_baseline,6,random_regular,100,4,228,34,2.8903717578781647,18,34,0.5294117647058824,45,33
v2_random_regular_baseline_s6,v2,random_regular_baseline,6,random_regular,100,4,229,142,3.985596288163685,64,142,0.4507042253521127,56,62
v2_random_regular_baseline_s6,v2,random_regular_baseline,6,random_regular,100,4,230,68,3.14180415918923,27,68,0.39705882352941174,77,59
v2_random_regular_baseline_s6,v2,random_regular_baseline,6,random_regular,100,4,231,9,1.3862943611158909,4,9,0.4444444444444444,47,33
v2_random_regular_baseline_s6,v2,random_regular_baseline,6,random_regular,100,4,232,78,3.2826939972510645,28,78,0.358974358974359,53,59
v2_random_regular_baseline_s6,v2,random_regular_baseline,6,random_regular,100,4,233,57,3.044820482442576,26,57,0.45614035087719296,95,33
v2_random_regular_baseline_s6,v2,random_regular_baseline,6,random_regular,100,4,234,22,2.484906649776,12,22,0.5454545454545454,38,59
v2_random_regular_baseline_s6,v2,random_regular_baseline,6,random_regular,100,4,235,23,1.9459101490483133,7,23,0.30434782608695654,93,0
v2_random_regular_baseline_s6,v2,random_regular_baseline,6,random_regular,100,4,236,5,0.6931471805579453,2,5,0.4,41,62
v2_random_regular_baseline_s6,v2,random_regular_baseline,6,random_regular,100,4,237,10,1.0986122886651095,3,10,0.3,32,59
v2_random_regular_baseline_s6,v2,random_regular_baseline,6,random_regular,100,4,238,206,4.189072212215306,81,206,0.3932038834951456,9,11
v2_random_regular_baseline_s6,v2,random_regular_baseline,6,random_regular,100,4,239,13,1.6094379124291005,5,13,0.38461538461538464,18,11
v2_random_regular_baseline_s6,v2,random_regular_baseline,6,random_regular,100,4,240,2,-1.000088900581841e-12,1,2,0.5,36,33
v2_random_regular_baseline_s6,v2,random_regular_baseline,6,random_regular,100,4,241,126,3.718944896455376,56,126,0.4444444444444444,26,59
v2_random_regular_baseline_s6,v2,random_regular_baseline,6,random_regular,100,4,242,50,2.736339051089065,18,50,0.36,58,33
v2_random_regular_baseline_s6,v2,random_regular_baseline,6,random_regular,100,4,243,0,0.0,0,0,,59,59
v2_random_regular_baseline_s6,v2,random_regular_baseline,6,random_regular,100,4,244,172,3.666357265041111,61,172,0.3546511627906977,12,11
v2_random_regular_baseline_s6,v2,random_regular_baseline,6,random_regular,100,4,245,86,3.4040404338981127,34,86,0.3953488372093023,39,11
v2_random_regular_baseline_s6,v2,random_regular_baseline,6,random_regular,100,4,246,14,1.6094379124291005,5,14,0.35714285714285715,6,33
v2_random_regular_baseline_s6,v2,random_regular_baseline,6,random_regular,100,4,247,8,1.0986122886651095,3,8,0.375,28,33
v2_random_regular_baseline_s6,v2,random_regular_baseline,6,random_regular,100,4,248,80,2.788853552235468,25,80,0.3125,30,62
v2_random_regular_baseline_s6,v2,random_regular_baseline,6,random_regular,100,4,249,44,2.3701349548703625,18,44,0.4090909090909091,23,11
v2_random_regular_baseline_s6,v2,random_regular_baseline,6,random_regular,100,4,250,4,1.0986122886651095,3,4,0.75,94,62
v2_random_regular_baseline_s6,v2,random_regular_baseline,6,random_regular,100,4,251,0,0.0,0,0,,0,0
v2_random_regular_baseline_s6,v2,random_regular_baseline,6,random_regular,100,4,252,41,2.813355404483615,18,41,0.43902439024390244,23,33
v2_random_regular_baseline_s6,v2,random_regular_baseline,6,random_regular,100,4,253,83,3.4761312408209912,35,83,0.42168674698795183,96,62
v2_random_regular_baseline_s6,v2,random_regular_baseline,6,random_regular,100,4,254,78,2.940142702665839,32,78,0.41025641025641024,72,59
v2_random_regular_baseline_s6,v2,random_regular_baseline,6,random_regular,100,4,255,82,3.087195049126684,31,82,0.3780487804878049,5,62
v2_random_regular_baseline_s6,v2,random_regular_baseline,6,random_regular,100,4,256,1,-1.000088900581841e-12,1,1,1.0,74,0
v2_random_regular_baseline_s6,v2,random_regular_baseline,6,random_regular,100,4,257,83,3.134162458562648,28,83,0.3373493975903614,92,0
v2_random_regular_baseline_s6,v2,random_regular_baseline,6,random_regular,100,4,258,115,3.7545647056209694,52,115,0.45217391304347826,44,0
v2_random_regular_baseline_s6,v2,random_regular_baseline,6,random_regular,100,4,259,29,1.9915093613486137,13,29,0.4482758620689655,99,62
v2_random_regular_baseline_s6,v2,random_regular_baseline,6,random_regular,100,4,260,7,1.3862943611158909,4,7,0.5714285714285714,51,62
v2_random_regular_baseline_s6,v2,random_regular_baseline,6,random_regular,100,4,261,38,2.245035274116177,13,38,0.34210526315789475,47,62
v2_random_regular_baseline_s6,v2,random_regular_baseline,6,random_regular,100,4,262,65,3.10797227595561,25,65,0.38461538461538464,35,0
v2_random_regular_baseline_s6,v2,random_regular_baseline,6,random_regular,100,4,263,71,2.9650156932365066,22,71,0.30985915492957744,90,0
v2_random_regular_baseline_s6,v2,random_regular_baseline,6,random_regular,100,4,264,18,2.079441541671836,8,18,0.4444444444444444,66,11
v2_random_regular_baseline_s6,v2,random_regular_baseline,6,random_regular,100,4,265,61,3.1931483947852626,27,61,0.4426229508196721,87,59
v2_random_regular_baseline_s6,v2,random_regular_baseline,6,random_regular,100,4,266,165,4.1283908040331765,74,165,0.4484848484848485,98,62
v2_random_regular_baseline_s6,v2,random_regular_baseline,6,random_regular,100,4,267,40,2.079441541671836,8,40,0.2,14,0
v2_random_regular_baseline_s6,v2,random_regular_baseline,6,random_regular,100,4,268,264,4.396201480083263,117,264,0.4431818181818182,54,59
v2_random_regular_baseline_s6,v2,random_regular_baseline,6,random_regular,100,4,269,168,3.8977607920910886,61,168,0.3630952380952381,39,0
v2_random_regular_baseline_s6,v2,random_regular_baseline,6,random_regular,100,4,270,174,3.980587458393682,72,174,0.41379310344827586,45,33
v2_random_regular_baseline_s6,v2,random_regular_baseline,6,random_regular,100,4,271,20,1.9459101490483133,7,20,0.35,99,0
v2_random_regular_baseline_s6,v2,random_regular_baseline,6,random_regular,100,4,272,0,0.0,0,0,,33,33
v2_random_regular_baseline_s6,v2,random_regular_baseline,6,random_regular,100,4,273,7,1.6094379124291005,5,7,0.7142857142857143,44,0
v2_random_regular_baseline_s6,v2,random_regular_baseline,6,random_regular,100,4,274,40,2.430791328866232,15,40,0.375,61,33
v2_random_regular_baseline_s6,v2,random_regular_baseline,6,random_regular,100,4,275,221,4.270458669348427,88,221,0.39819004524886875,76,0
v2_random_regular_baseline_s6,v2,random_regular_baseline,6,random_regular,100,4,276,67,3.281720343214063,34,67,0.5074626865671642,54,11
v2_random_regular_baseline_s6,v2,random_regular_baseline,6,random_regular,100,4,277,16,2.079441541671836,8,16,0.5,49,62
v2_random_regular_baseline_s6,v2,random_regular_baseline,6,random_regular,100,4,278,54,2.692310994125785,20,54,0.37037037037037035,14,33
v2_random_regular_baseline_s6,v2,random_regular_baseline,6,random_regular,100,4,279,11,1.3321790402061222,5,11,0.45454545454545453,3,59
v2_random_regular_baseline_s6,v2,random_regular_baseline,6,random_regular,100,4,280,27,2.369382119683676,12,27,0.4444444444444444,80,62
v2_random_regular_baseline_s6,v2,random_regular_baseline,6,random_regular,100,4,281,165,4.036417320015472,73,165,0.44242424242424244,66,33
v2_random_regular_baseline_s6,v2,random_regular_baseline,6,random_regular,100,4,282,52,2.965015693236507,22,52,0.4230769230769231,24,33
v2_random_regular_baseline_s6,v2,random_regular_baseline,6,random_regular,100,4,283,2,-1.000088900581841e-12,1,2,0.5,19,33
v2_random_regular_baseline_s6,v2,random_regular_baseline,6,random_regular,100,4,284,204,4.085412153138038,86,204,0.4215686274509804,38,62
v2_random_regular_baseline_s6,v2,random_regular_baseline,6,random_regular,100,4,285,60,3.0752205480323718,23,60,0.38333333333333336,48,11
v2_random_regular_baseline_s6,v2,random_regular_baseline,6,random_regular,100,4,286,29,2.5649493574485365,13,29,0.4482758620689655,20,33
v2_random_regular_baseline_s6,v2,random_regular_baseline,6,random_regular,100,4,287,37,2.7985132569262934,19,37,0.5135135135135135,86,62
v2_random_regular_baseline_s6,v2,random_regular_baseline,6,random_regular,100,4,288,23,2.3978952727873706,11,23,0.4782608695652174,56,11
v2_random_regular_baseline_s6,v2,random_regular_baseline,6,random_regular,100,4,289,119,3.671655601047183,42,119,0.35294117647058826,63,62
v2_random_regular_baseline_s6,v2,random_regular_baseline,6,random_regular,100,4,290,261,4.459933867139208,121,261,0.46360153256704983,58,33
v2_random_regular_baseline_s6,v2,random_regular_baseline,6,random_regular,100,4,291,68,3.319492576126754,29,68,0.4264705882352941,40,33
v2_random_regular_baseline_s6,v2,random_regular_baseline,6,random_regular,100,4,292,17,2.079441541671836,8,17,0.47058823529411764,43,0
v2_random_regular_baseline_s6,v2,random_regular_baseline,6,random_regular,100,4,293,81,3.4040404338981127,34,81,0.41975308641975306,40,62
v2_random_regular_baseline_s6,v2,random_regular_baseline,6,random_regular,100,4,294,27,2.685945324654788,16,27,0.5925925925925926,94,0
v2_random_regular_baseline_s6,v2,random_regular_baseline,6,random_regular,100,4,295,9,1.277034259462139,7,9,0.7777777777777778,40,62
v2_random_regular_baseline_s6,v2,random_regular_baseline,6,random_regular,100,4,296,314,4.3950425903205685,112,314,0.35668789808917195,25,33
v2_random_regular_baseline_s6,v2,random_regular_baseline,6,random_regular,100,4,297,72,3.163424050399405,25,72,0.3472222222222222,78,62
v2_random_regular_baseline_s6,v2,random_regular_baseline,6,random_regular,100,4,298,1,-1.000088900581841e-12,1,1,1.0,75,11
v2_random_regular_baseline_s6,v2,random_regular_baseline,6,random_regular,100,4,299,108,3.349990147733079,43,108,0.39814814814814814,54,59
v2_random_regular_baseline_s6,v2,random_regular_baseline,6,random_regular,100,4,300,43,2.926417555478996,20,43,0.46511627906976744,55,33
v2_random_regular_baseline_s6,v2,random_regular_baseline,6,random_regular,100,4,301,58,2.83412587653726,23,58,0.39655172413793105,71,62
v2_random_regular_baseline_s6,v2,random_regular_baseline,6,random_regular,100,4,302,31,1.9459101490483133,7,31,0.22580645161290322,60,11
v2_random_regular_baseline_s6,v2,random_regular_baseline,6,random_regular,100,4,303,44,3.135494215906149,23,44,0.5227272727272727,31,62
v2_random_regular_baseline_s6,v2,random_regular_baseline,6,random_regular,100,4,304,6,1.0986122886651095,3,6,0.5,21,0
v2_random_regular_baseline_s6,v2,random_regular_baseline,6,random_regular,100,4,305,65,3.098139496330803,26,65,0.4,5,0
v2_random_regular_baseline_s6,v2,random_regular_baseline,6,random_regular,100,4,306,299,4.312669155326597,117,299,0.391304347826087,40,11
v2_random_regular_baseline_s6,v2,random_regular_baseline,6,random_regular,100,4,307,2,-1.000088900581841e-12,1,2,0.5,19,33
v2_random_regular_baseline_s6,v2,random_regular_baseline,6,random_regular,100,4,308,176,4.008917637681286,74,176,0.42045454545454547,80,11
v2_random_regular_baseline_s6,v2,random_regular_baseline,6,random_regular,100,4,309,20,2.302585092984045,10,20,0.5,39,62
v2_random_regular_baseline_s6,v2,random_regular_baseline,6,random_regular,100,4,310,45,2.5241676616594617,18,45,0.4,35,0
v2_random_regular_baseline_s6,v2,random_regular_baseline,6,random_regular,100,4,311,38,2.253857589591352,12,38,0.3157894736842105,52,11
v2_random_regular_baseline_s6,v2,random_regular_baseline,6,random_regular,100,4,312,94,3.543506999244308,39,94,0.4148936170212766,4,33
v2_random_regular_baseline_s6,v2,random_regular_baseline,6,random_regular,100,4,313,351,4.571390891433872,145,351,0.4131054131054131,52,62
v2_random_regular_baseline_s6,v2,random_regular_baseline,6,random_regular,100,4,314,126,3.3292246602098508,40,126,0.31746031746031744,69,33
v2_random_regular_baseline_s6,v2,random_regular_baseline,6,random_regular,100,4,315,41,3.120291565278284,24,41,0.5853658536585366,22,0
v2_random_regular_baseline_s6,v2,random_regular_baseline,6,random_regular,100,4,316,169,3.9557596865258655,64,169,0.378698224852071,32,11
v2_random_regular_baseline_s6,v2,random_regular_baseline,6,random_regular,100,4,317,76,3.422414203983732,32,76,0.42105263157894735,92,59
v2_random_regular_baseline_s6,v2,random_regular_baseline,6,random_regular,100,4,318,73,3.379092505199735,32,73,0.4383561643835616,50,59
v2_random_regular_baseline_s6,v2,random_regular_baseline,6,random_regular,100,4,319,134,3.666665916258637,51,134,0.3805970149253731,73,0
v2_random_regular_baseline_s6,v2,random_regular_baseline,6,random_regular,100,4,320,11,1.6094379124291005,5,11,0.45454545454545453,34,0
v2_random_regular_baseline_s6,v2,random_regular_baseline,6,random_regular,100,4,321,136,3.657935338385657,66,136,0.4852941176470588,94,62
v2_random_regular_baseline_s6,v2,random_regular_baseline,6,random_regular,100,4,322,78,3.389268031515795,31,78,0.3974358974358974,87,62
v2_random_regular_baseline_s6,v2,random_regular_baseline,6,random_regular,100,4,323,7,1.0986122886651095,3,7,0.42857142857142855,44,0
v2_random_regular_baseline_s6,v2,random_regular_baseline,6,random_regular,100,4,324,0,0.0,0,0,,62,62
v2_random_regular_baseline_s6,v2,random_regular_baseline,6,random_regular,100,4,325,84,3.340907081823467,38,84,0.4523809523809524,85,33
v2_random_regular_baseline_s6,v2,random_regular_baseline,6,random_regular,100,4,326,9,1.3862943611158909,4,9,0.4444444444444444,37,0
v2_random_regular_baseline_s6,v2,random_regular_baseline,6,random_regular,100,4,327,123,3.777842043502333,59,123,0.4796747967479675,51,59
v2_random_regular_baseline_s6,v2,random_regular_baseline,6,random_regular,100,4,328,28,2.302585092984045,10,28,0.35714285714285715,32,62
v2_random_regular_baseline_s6,v2,random_regular_baseline,6,random_regular,100,4,329,21,2.0431918705371204,9,21,0.42857142857142855,66,62
v2_random_regular_baseline_s6,v2,random_regular_baseline,6,random_regular,100,4,330,28,2.197224577327219,9,28,0.32142857142857145,26,62
v2_random_regular_baseline_s6,v2,random_regular_baseline,6,random_regular,100,4,331,43,2.751666616915516,17,43,0.3953488372093023,36,33
v2_random_regular_baseline_s6,v2,random_regular_baseline,6,random_regular,100,4,332,179,4.163767193069815,77,179,0.4301675977653631,24,62
v2_random_regular_baseline_s6,v2,random_regular_baseline,6,random_regular,100,4,333,8,1.0986122886651095,3,8,0.375,92,62
v2_random_regular_baseline_s6,v2,random_regular_baseline,6,random_regular,100,4,334,166,4.098562783390557,84,166,0.5060240963855421,68,59
v2_random_regular_baseline_s6,v2,random_regular_baseline,6,random_regular,100,4,335,78,3.4761312408209912,35,78,0.44871794871794873,57,33
v2_random_regular_baseline_s6,v2,random_regular_baseline,6,random_regular,100,4,336,0,0.0,0,0,,0,0
v2_random_regular_baseline_s6,v2,random_regular_baseline,6,random_regular,100,4,337,40,2.685945324654788,16,40,0.4,83,62
v2_random_regular_baseline_s6,v2,random_regular_baseline,6,random_regular,100,4,338,83,3.2127420325228604,33,83,0.39759036144578314,4,62
v2_random_regular_baseline_s6,v2,random_regular_baseline,6,random_regular,100,4,339,53,2.889242505095635,24,53,0.4528301886792453,72,11
v2_random_regular_baseline_s6,v2,random_regular_baseline,6,random_regular,100,4,340,0,0.0,0,0,,59,59
v2_random_regular_baseline_s6,v2,random_regular_baseline,6,random_regular,100,4,341,29,2.61563057701355,15,29,0.5172413793103449,57,62
v2_random_regular_baseline_s6,v2,random_regular_baseline,6,random_regular,100,4,342,85,3.4551790069144523,38,85,0.4470588235294118,80,0
v2_random_regular_baseline_s6,v2,random_regular_baseline,6,random_regular,100,4,343,69,3.10797227595561,25,69,0.36231884057971014,95,59
v2_random_regular_baseline_s6,v2,random_regular_baseline,6,random_regular,100,4,344,121,3.6401519506812425,48,121,0.39669421487603307,3,33
v2_random_regular_baseline_s6,v2,random_regular_baseline,6,random_regular,100,4,345,12,2.079441541671836,8,12,0.6666666666666666,68,62
v2_random_regular_baseline_s6,v2,random_regular_baseline,6,random_regular,100,4,346,39,2.1458417525857545,11,39,0.28205128205128205,47,11
v2_random_regular_baseline_s6,v2,random_regular_baseline,6,random_regular,100,4,347,19,2.302585092984045,10,19,0.5263157894736842,29,33
v2_random_regular_baseline_s6,v2,random_regular_baseline,6,random_regular,100,4,348,68,3.218875824843201,25,68,0.36764705882352944,51,0
v2_random_regular_baseline_s6,v2,random_regular_baseline,6,random_regular,100,4,349,138,3.5491608204297584,54,138,0.391304347826087,34,11
v2_random_regular_baseline_s6,v2,random_regular_baseline,6,random_regular,100,4,350,29,2.2718685126865625,11,29,0.3793103448275862,8,59
v2_random_regular_baseline_s6,v2,random_regular_baseline,6,random_regular,100,4,351,74,2.966943486168354,28,74,0.3783783783783784,81,33
v2_random_regular_baseline_s6,v2,random_regular_baseline,6,random_regular,100,4,352,94,3.5849073769929456,40,94,0.425531914893617,23,0
v2_random_regular_baseline_s6,v2,random_regular_baseline,6,random_regular,100,4,353,15,1.7478680974607577,7,15,0.4666666666666667,93,59
v2_random_regular_baseline_s6,v2,random_regular_baseline,6,random_regular,100,4,354,31,2.3978952727873706,11,31,0.3548387096774194,98,62
v2_random_regular_baseline_s6,v2,random_regular_baseline,6,random_regular,100,4,355,40,2.751666616915516,17,40,0.425,68,33
v2_random_regular_baseline_s6,v2,random_regular_baseline,6,random_regular,100,4,356,6,1.3862943611158909,4,6,0.6666666666666666,94,0
v2_random_regular_baseline_s6,v2,random_regular_baseline,6,random_regular,100,4,357,3,0.6931471805579453,2,3,0.6666666666666666,25,0
v2_random_regular_baseline_s6,v2,random_regular_baseline,6,random_regular,100,4,358,58,3.0047670351869598,24,58,0.41379310344827586,60,33
v2_random_regular_baseline_s6,v2,random_regular_baseline,6,random_regular,100,4,359,2,-1.000088900581841e-12,1,2,0.5,75,0
v2_random_regular_baseline_s6,v2,random_regular_baseline,6,random_regular,100,4,360,186,4.118348415741105,81,186,0.43548387096774194,45,59
v2_random_regular_baseline_s6,v2,random_regular_baseline,6,random_regular,100,4,361,207,4.039234543377774,81,207,0.391304347826087,30,62
v2_random_regular_baseline_s6,v2,random_regular_baseline,6,random_regular,100,4,362,1,-1.000088900581841e-12,1,1,1.0,91,11
v2_random_regular_baseline_s6,v2,random_regular_baseline,6,random_regular,100,4,363,57,3.062529300232621,24,57,0.42105263157894735,20,11
v2_random_regular_baseline_s6,v2,random_regular_baseline,6,random_regular,100,4,364,17,2.079441541671836,8,17,0.47058823529411764,74,33
v2_random_regular_baseline_s6,v2,random_regular_baseline,6,random_regular,100,4,365,12,1.0986122886651095,3,12,0.25,6,33
v2_random_regular_baseline_s6,v2,random_regular_baseline,6,random_regular,100,4,366,317,4.633952503383198,144,317,0.45425867507886436,63,0
v2_random_regular_baseline_s6,v2,random_regular_baseline,6,random_regular,100,4,367,117,3.718944896454376,56,117,0.47863247863247865,23,59
v2_random_regular_baseline_s6,v2,random_regular_baseline,6,random_regular,100,4,368,2,0.6931471805579453,2,2,1.0,2,33
v2_random_regular_baseline_s6,v2,random_regular_baseline,6,random_regular,100,4,369,17,1.9459101490483133,7,17,0.4117647058823529,93,62
v2_random_regular_baseline_s6,v2,random_regular_baseline,6,random_regular,100,4,370,13,1.791759469222055,6,13,0.46153846153846156,3,59
v2_random_regular_baseline_s6,v2,random_regular_baseline,6,random_regular,100,4,371,43,2.5070264355444176,17,43,0.3953488372093023,30,62
v2_random_regular_baseline_s6,v2,random_regular_baseline,6,random_regular,100,4,372,98,3.638648592450092,42,98,0.42857142857142855,34,0
v2_random_regular_baseline_s6,v2,random_regular_baseline,6,random_regular,100,4,373,108,3.732165102848344,47,108,0.4351851851851852,3,62
v2_random_regular_baseline_s6,v2,random_regular_baseline,6,random_regular,100,4,374,13,1.6094379124291005,5,13,0.38461538461538464,6,33
v2_random_regular_baseline_s6,v2,random_regular_baseline,6,random_regular,100,4,375,33,2.6525875347051464,19,33,0.5757575757575758,23,33
v2_random_regular_baseline_s6,v2,random_regular_baseline,6,random_regular,100,4,376,207,4.1263439178177865,80,207,0.3864734299516908,66,11
v2_random_regular_baseline_s6,v2,random_regular_baseline,6,random_regular,100,4,377,11,1.9459101490483133,7,11,0.6363636363636364,80,59
v2_random_regular_baseline_s6,v2,random_regular_baseline,6,random_regular,100,4,378,104,3.5445117787268576,41,104,0.3942307692307692,88,62
v2_random_regular_baseline_s6,v2,random_regular_baseline,6,random_regular,100,4,379,45,2.445467830395647,17,45,0.37777777777777777,58,33
v2_random_regular_baseline_s6,v2,random_regular_baseline,6,random_regular,100,4,380,18,2.079441541671836,8,18,0.4444444444444444,97,11
v2_random_regular_baseline_s6,v2,random_regular_baseline,6,random_regular,100,4,381,58,3.052520501511814,25,58,0.43103448275862066,39,33
v2_random_regular_baseline_s6,v2,random_regular_baseline,6,random_regular,100,4,382,2,0.6931471805579453,2,2,1.0,73,59
v2_random_regular_baseline_s6,v2,random_regular_baseline,6,random_regular,100,4,383,6,1.0986122886651095,3,6,0.5,90,62
v2_random_regular_baseline_s6,v2,random_regular_baseline,6,random_regular,100,4,384,28,2.3383717047925723,15,28,0.5357142857142857,3,11
v2_random_regular_baseline_s6,v2,random_regular_baseline,6,random_regular,100,4,385,78,2.8513361341882844,32,78,0.41025641025641024,92,33
v2_random_regular_baseline_s6,v2,random_regular_baseline,6,random_regular,100,4,386,0,0.0,0,0,,33,33
v2_random_regular_baseline_s6,v2,random_regular_baseline,6,random_regular,100,4,387,5,1.3862943611158909,4,5,0.8,38,33
v2_random_regular_baseline_s6,v2,random_regular_baseline,6,random_regular,100,4,388,60,3.120291565278284,24,60,0.4,77,11
v2_random_regular_baseline_s6,v2,random_regular_baseline,6,random_regular,100,4,389,3,0.6931471805579453,2,3,0.6666666666666666,13,0
v2_random_regular_baseline_s6,v2,random_regular_baseline,6,random_regular,100,4,390,67,3.1931483947852626,27,67,0.40298507462686567,77,59
v2_random_regular_baseline_s6,v2,random_regular_baseline,6,random_regular,100,4,391,95,3.4365228305042805,35,95,0.3684210526315789,68,33
v2_random_regular_baseline_s6,v2,random_regular_baseline,6,random_regular,100,4,392,86,3.225557328365521,34,86,0.3953488372093023,3,62
v2_random_regular_baseline_s6,v2,random_regular_baseline,6,random_regular,100,4,393,335,4.595620105261231,149,335,0.44477611940298506,91,11
v2_random_regular_baseline_s6,v2,random_regular_baseline,6,random_regular,100,4,394,19,1.3862943611158909,4,19,0.21052631578947367,92,0
v2_random_regular_baseline_s6,v2,random_regular_baseline,6,random_regular,100,4,395,30,2.5649493574485365,13,30,0.43333333333333335,1,11
v2_random_regular_baseline_s6,v2,random_regular_baseline,6,random_regular,100,4,396,44,2.7985132569262934,19,44,0.4318181818181818,82,11
v2_random_regular_baseline_s6,v2,random_regular_baseline,6,random_regular,100,4,397,0,0.0,0,0,,11,11
v2_random_regular_baseline_s6,v2,random_regular_baseline,6,random_regular,100,4,398,61,2.926417555478996,20,61,0.32786885245901637,40,62
v2_random_regular_baseline_s6,v2,random_regular_baseline,6,random_regular,100,4,399,8,1.5607104090364068,6,8,0.75,10,59
v2_random_regular_baseline_s6,v2,random_regular_baseline,6,random_regular,100,4,400,10,1.3862943611158909,4,10,0.4,64,33
v2_random_regular_baseline_s6,v2,random_regular_baseline,6,random_regular,100,4,401,57,2.9957322735339904,20,57,0.3508771929824561,35,62
v2_random_regular_baseline_s6,v2,random_regular_baseline,6,random_regular,100,4,402,32,2.253857589591352,12,32,0.375,87,59
v2_random_regular_baseline_s6,v2,random_regular_baseline,6,random_regular,100,4,403,0,0.0,0,0,,11,11
v2_random_regular_baseline_s6,v2,random_regular_baseline,6,random_regular,100,4,404,30,2.540036303807981,14,30,0.4666666666666667,7,11
v2_random_regular_baseline_s6,v2,random_regular_baseline,6,random_regular,100,4,405,1,-1.000088900581841e-12,1,1,1.0,2,59
v2_random_regular_baseline_s6,v2,random_regular_baseline,6,random_regular,100,4,406,325,4.533179794668487,123,325,0.37846153846153846,10,59
v2_random_regular_baseline_s6,v2,random_regular_baseline,6,random_regular,100,4,407,5,0.6931471805579453,2,5,0.4,78,11
v2_random_regular_baseline_s6,v2,random_regular_baseline,6,random_regular,100,4,408,59,3.052520501511814,25,59,0.423728813559322,5,59
v2_random_regular_baseline_s6,v2,random_regular_baseline,6,random_regular,100,4,409,38,2.61563057701355,15,38,0.39473684210526316,40,0
v2_random_regular_baseline_s6,v2,random_regular_baseline,6,random_regular,100,4,410,37,2.772588722223781,16,37,0.43243243243243246,84,0
v2_random_regular_baseline_s6,v2,random_regular_baseline,6,random_regular,100,4,411,3,0.6931471805579453,2,3,0.6666666666666666,65,59
v2_random_regular_baseline_s6,v2,random_regular_baseline,6,random_regular,100,4,412,70,3.2580965379954825,26,70,0.37142857142857144,10,62
v2_random_regular_baseline_s6,v2,random_regular_baseline,6,random_regular,100,4,413,231,4.197059985998795,93,231,0.4025974025974026,1,33
v2_random_regular_baseline_s6,v2,random_regular_baseline,6,random_regular,100,4,414,186,4.054567747922975,78,186,0.41935483870967744,31,0
v2_random_regular_baseline_s6,v2,random_regular_baseline,6,random_regular,100,4,415,28,2.1639556568730565,10,28,0.35714285714285715,9,11
v2_random_regular_baseline_s6,v2,random_regular_baseline,6,random_regular,100,4,416,22,2.197224577327219,9,22,0.4090909090909091,97,33
v2_random_regular_baseline_s6,v2,random_regular_baseline,6,random_regular,100,4,417,2,-1.000088900581841e-12,1,2,0.5,75,0
v2_random_regular_baseline_s6,v2,random_regular_baseline,6,random_regular,100,4,418,2,-1.000088900581841e-12,1,2,0.5,86,62
v2_random_regular_baseline_s6,v2,random_regular_baseline,6,random_regular,100,4,419,72,3.5157396511377024,35,72,0.4861111111111111,2,0
v2_random_regular_baseline_s6,v2,random_regular_baseline,6,random_regular,100,4,420,64,3.4469064102262488,37,64,0.578125,48,62
v2_random_regular_baseline_s6,v2,random_regular_baseline,6,random_regular,100,4,421,191,4.210042098316085,84,191,0.4397905759162304,31,62
v2_random_regular_baseline_s6,v2,random_regular_baseline,6,random_regular,100,4,422,15,2.0431918705371204,9,15,0.6,73,33
v2_random_regular_baseline_s6,v2,random_regular_baseline,6,random_regular,100,4,423,23,2.197224577327219,9,23,0.391304347826087,70,0
v2_random_regular_baseline_s6,v2,random_regular_baseline,6,random_regular,100,4,424,2,-1.000088900581841e-12,1,2,0.5,46,62
v2_random_regular_baseline_s6,v2,random_regular_baseline,6,random_regular,100,4,425,29,2.5649493574485365,13,29,0.4482758620689655,4,59
v2_random_regular_baseline_s6,v2,random_regular_baseline,6,random_regular,100,4,426,46,2.625048158717539,19,46,0.41304347826086957,21,62
v2_random_regular_baseline_s6,v2,random_regular_baseline,6,random_regular,100,4,427,92,3.520244110411269,44,92,0.4782608695652174,25,11
v2_random_regular_baseline_s6,v2,random_regular_baseline,6,random_regular,100,4,428,24,2.3516733018936304,13,24,0.5416666666666666,48,59
v2_random_regular_baseline_s6,v2,random_regular_baseline,6,random_regular,100,4,429,6,-1.000088900581841e-12,1,6,0.16666666666666666,36,33
v2_random_regular_baseline_s6,v2,random_regular_baseline,6,random_regular,100,4,430,168,3.977845220178408,69,168,0.4107142857142857,39,0
v2_random_regular_baseline_s6,v2,random_regular_baseline,6,random_regular,100,4,431,27,2.7080502010872096,15,27,0.5555555555555556,30,59
v2_random_regular_baseline_s6,v2,random_regular_baseline,6,random_regular,100,4,432,29,2.4583113296710835,13,29,0.4482758620689655,61,33
v2_random_regular_baseline_s6,v2,random_regular_baseline,6,random_regular,100,4,433,119,3.806945133098103,49,119,0.4117647058823529,87,59
v2_random_regular_baseline_s6,v2,random_regular_baseline,6,random_regular,100,4,434,14,1.791759469222055,6,14,0.42857142857142855,69,59
v2_random_regular_baseline_s6,v2,random_regular_baseline,6,random_regular,100,4,435,33,2.5649493574485365,13,33,0.3939393939393939,27,33
v2_random_regular_baseline_s6,v2,random_regular_baseline,6,random_regular,100,4,436,18,1.9061547465328492,8,18,0.4444444444444444,28,0
v2_random_regular_baseline_s6,v2,random_regular_baseline,6,random_regular,100,4,437,174,4.022024463883148,82,174,0.47126436781609193,15,62
v2_random_regular_baseline_s6,v2,random_regular_baseline,6,random_regular,100,4,438,174,4.107373256012939,77,174,0.4425287356321839,93,62
v2_random_regular_baseline_s6,v2,random_regular_baseline,6,random_regular,100,4,439,23,2.484906649776,12,23,0.5217391304347826,41,33
v2_random_regular_baseline_s6,v2,random_regular_baseline,6,random_regular,100,4,440,9,1.3862943611158909,4,9,0.4444444444444444,29,0
v2_random_regular_baseline_s6,v2,random_regular_baseline,6,random_regular,100,4,441,133,3.3889347924576785,45,133,0.3383458646616541,40,62
v2_random_regular_baseline_s6,v2,random_regular_baseline,6,random_regular,100,4,442,98,3.612135893901438,41,98,0.41836734693877553,76,33
v2_random_regular_baseline_s6,v2,random_regular_baseline,6,random_regular,100,4,443,348,4.504159619096802,143,348,0.4109195402298851,55,62
v2_random_regular_baseline_s6,v2,random_regular_baseline,6,random_regular,100,4,444,111,3.409263548377698,41,111,0.36936936936936937,83,62
v2_random_regular_baseline_s6,v2,random_regular_baseline,6,random_regular,100,4,445,211,4.218618842515954,99,211,0.46919431279620855,53,33
v2_random_regular_baseline_s6,v2,random_regular_baseline,6,random_regular,100,4,446,6,1.3862943611158909,4,6,0.6666666666666666,72,62
v2_random_regular_baseline_s6,v2,random_regular_baseline,6,random_regular,100,4,447,215,4.142331722988595,92,215,0.42790697674418604,70,62
v2_random_regular_baseline_s6,v2,random_regular_baseline,6,random_regular,100,4,448,62,3.183922421639312,35,62,0.5645161290322581,42,33
v2_random_regular_baseline_s6,v2,random_regular_baseline,6,random_regular,100,4,449,0,0.0,0,0,,11,11
v2_random_regular_baseline_s6,v2,random_regular_baseline,6,random_regular,100,4,450,14,1.3321790402061222,5,14,0.35714285714285715,20,62
v2_random_regular_baseline_s6,v2,random_regular_baseline,6,random_regular,100,4,451,0,0.0,0,0,,33,33
v2_random_regular_baseline_s6,v2,random_regular_baseline,6,random_regular,100,4,452,22,2.484906649776,12,22,0.5454545454545454,89,33
v2_random_regular_baseline_s6,v2,random_regular_baseline,6,random_regular,100,4,453,36,2.540036303807981,14,36,0.3888888888888889,21,62
v2_random_regular_baseline_s6,v2,random_regular_baseline,6,random_regular,100,4,454,45,2.685945324654788,16,45,0.35555555555555557,92,62
v2_random_regular_baseline_s6,v2,random_regular_baseline,6,random_regular,100,4,455,51,2.871476118036867,19,51,0.37254901960784315,22,0
v2_random_regular_baseline_s6,v2,random_regular_baseline,6,random_regular,100,4,456,47,2.751666616915516,17,47,0.3617021276595745,94,59
v2_random_regular_baseline_s6,v2,random_regular_baseline,6,random_regular,100,4,457,63,3.10797227595561,25,63,0.3968253968253968,40,33
v2_random_regular_baseline_s6,v2,random_regular_baseline,6,random_regular,100,4,458,4,1.0986122886651095,3,4,0.75,27,11
v2_random_regular_baseline_s6,v2,random_regular_baseline,6,random_regular,100,4,459,38,2.484906649776,12,38,0.3157894736842105,64,0
v2_random_regular_baseline_s6,v2,random_regular_baseline,6,random_regular,100,4,460,4,1.3862943611158909,4,4,1.0,73,59
v2_random_regular_baseline_s6,v2,random_regular_baseline,6,random_regular,100,4,461,2,0.6931471805579453,2,2,1.0,49,62
v2_random_regular_baseline_s6,v2,random_regular_baseline,6,random_regular,100,4,462,98,3.464953413852064,44,98,0.4489795918367347,6,33
v2_random_regular_baseline_s6,v2,random_regular_baseline,6,random_regular,100,4,463,1,-1.000088900581841e-12,1,1,1.0,75,0
v2_random_regular_baseline_s6,v2,random_regular_baseline,6,random_regular,100,4,464,23,2.079441541671836,8,23,0.34782608695652173,54,59
v2_random_regular_baseline_s6,v2,random_regular_baseline,6,random_regular,100,4,465,148,3.650697586247076,57,148,0.38513513513513514,69,0
v2_random_regular_baseline_s6,v2,random_regular_baseline,6,random_regular,100,4,466,88,3.491660437469239,38,88,0.4318181818181818,85,33
v2_random_regular_baseline_s6,v2,random_regular_baseline,6,random_regular,100,4,467,22,2.079441541671836,8,22,0.36363636363636365,91,59
v2_random_regular_baseline_s6,v2,random_regular_baseline,6,random_regular,100,4,468,22,2.540036303807981,14,22,0.6363636363636364,3,33
v2_random_regular_baseline_s6,v2,random_regular_baseline,6,random_regular,100,4,469,3,-1.000088900581841e-12,1,3,0.3333333333333333,46,62
v2_random_regular_baseline_s6,v2,random_regular_baseline,6,random_regular,100,4,470,59,3.176082814634593,29,59,0.4915254237288136,29,59
v2_random_regular_baseline_s6,v2,random_regular_baseline,6,random_regular,100,4,471,59,3.134162458562648,28,59,0.4745762711864407,26,0
v2_random_regular_baseline_s6,v2,random_regular_baseline,6,random_regular,100,4,472,98,3.3176975995541467,35,98,0.35714285714285715,25,62
v2_random_regular_baseline_s6,v2,random_regular_baseline,6,random_regular,100,4,473,7,1.6094379124291005,5,7,0.7142857142857143,42,33
v2_random_regular_baseline_s6,v2,random_regular_baseline,6,random_regular,100,4,474,164,4.019299315501752,75,164,0.4573170731707317,8,33
v2_random_regular_baseline_s6,v2,random_regular_baseline,6,random_regular,100,4,475,30,2.2718685126865625,11,30,0.36666666666666664,53,59
v2_random_regular_baseline_s6,v2,random_regular_baseline,6,random_regular,100,4,476,55,2.857102837424001,20,55,0.36363636363636365,8,33
v2_random_regular_baseline_s6,v2,random_regular_baseline,6,random_regular,100,4,477,126,3.433305662828139,47,126,0.373015873015873,66,33
v2_random_regular_baseline_s6,v2,random_regular_baseline,6,random_regular,100,4,478,126,3.777323825362656,53,126,0.42063492063492064,87,59
v2_random_regular_baseline_s6,v2,random_regular_baseline,6,random_regular,100,4,479,48,3.120291565278284,24,48,0.5,58,11
v2_random_regular_baseline_s6,v2,random_regular_baseline,6,random_regular,100,4,480,7,1.0986122886651095,3,7,0.42857142857142855,18,33
v2_random_regular_baseline_s6,v2,random_regular_baseline,6,random_regular,100,4,481,42,2.8332133440392155,17,42,0.40476190476190477,15,0
v2_random_regular_baseline_s6,v2,random_regular_baseline,6,random_regular,100,4,482,63,3.120291565278284,24,63,0.38095238095238093,9,33
v2_random_regular_baseline_s6,v2,random_regular_baseline,6,random_regular,100,4,483,48,2.685945324654788,16,48,0.3333333333333333,87,62
v2_random_regular_baseline_s6,v2,random_regular_baseline,6,random_regular,100,4,484,1,-1.000088900581841e-12,1,1,1.0,63,11
v2_random_regular_baseline_s6,v2,random_regular_baseline,6,random_regular,100,4,485,177,4.1141649405080605,75,177,0.423728813559322,15,62
v2_random_regular_baseline_s6,v2,random_regular_baseline,6,random_regular,100,4,486,84,3.578323836314148,41,84,0.4880952380952381,54,0
v2_random_regular_baseline_s6,v2,random_regular_baseline,6,random_regular,100,4,487,66,3.3445488585774434,31,66,0.4696969696969697,56,59
v2_random_regular_baseline_s6,v2,random_regular_baseline,6,random_regular,100,4,488,226,4.321700420451535,101,226,0.4469026548672566,36,62
v2_random_regular_baseline_s6,v2,random_regular_baseline,6,random_regular,100,4,489,44,2.894399544411038,23,44,0.5227272727272727,36,33
v2_random_regular_baseline_s6,v2,random_regular_baseline,6,random_regular,100,4,490,108,3.658162873776453,44,108,0.4074074074074074,22,11
v2_random_regular_baseline_s6,v2,random_regular_baseline,6,random_regular,100,4,491,44,2.5993019270857944,16,44,0.36363636363636365,47,62
v2_random_regular_baseline_s6,v2,random_regular_baseline,6,random_regular,100,4,492,44,2.941616952624223,25,44,0.5681818181818182,4,62
v2_random_regular_baseline_s6,v2,random_regular_baseline,6,random_regular,100,4,493,69,3.5450107617233355,36,69,0.5217391304347826,55,62
v2_random_regular_baseline_s6,v2,random_regular_baseline,6,random_regular,100,4,494,178,3.996861581611961,83,178,0.46629213483146065,16,33
v2_random_regular_baseline_s6,v2,random_regular_baseline,6,random_regular,100,4,495,47,2.871476118036867,19,47,0.40425531914893614,20,62
v2_random_regular_baseline_s6,v2,random_regular_baseline,6,random_regular,100,4,496,254,4.352516131298343,101,254,0.39763779527559057,5,62
v2_random_regular_baseline_s6,v2,random_regular_baseline,6,random_regular,100,4,497,210,4.332872958291352,89,210,0.4238095238095238,76,62
v2_random_regular_baseline_s6,v2,random_regular_baseline,6,random_regular,100,4,498,8,1.054920167983144,5,8,0.625,39,0
v2_random_regular_baseline_s6,v2,random_regular_baseline,6,random_regular,100,4,499,0,0.0,0,0,,33,33
v2_random_regular_baseline_s6,v2,random_regular_baseline,6,random_regular,100,4,500,0,0.0,0,0,,0,0
v2_random_regular_baseline_s6,v2,random_regular_baseline,6,random_regular,100,4,501,27,2.369382119683676,12,27,0.4444444444444444,78,0
v2_random_regular_baseline_s6,v2,random_regular_baseline,6,random_regular,100,4,502,219,4.431505914393624,101,219,0.4611872146118721,58,33
v2_random_regular_baseline_s6,v2,random_regular_baseline,6,random_regular,100,4,503,42,2.9970687270680183,25,42,0.5952380952380952,86,11
v2_random_regular_baseline_s6,v2,random_regular_baseline,6,random_regular,100,4,504,27,2.3516733018936304,13,27,0.48148148148148145,22,59
v2_random_regular_baseline_s6,v2,random_regular_baseline,6,random_regular,100,4,505,70,2.6525875347051464,19,70,0.2714285714285714,71,0
v2_random_regular_baseline_s6,v2,random_regular_baseline,6,random_regular,100,4,506,17,1.9459101490483133,7,17,0.4117647058823529,94,62
v2_random_regular_baseline_s6,v2,random_regular_baseline,6,random_regular,100,4,507,92,3.6322425006666657,43,92,0.4673913043478261,52,62
v2_random_regular_baseline_s6,v2,random_regular_baseline,6,random_regular,100,4,508,191,4.145528240825338,71,191,0.3717277486910995,72,11
v2_random_regular_baseline_s6,v2,random_regular_baseline,6,random_regular,100,4,509,174,3.90720949695822,67,174,0.3850574712643678,49,62
v2_random_regular_baseline_s6,v2,random_regular_baseline,6,random_regular,100,4,510,76,3.2551105127007407,31,76,0.40789473684210525,82,33
v2_random_regular_baseline_s6,v2,random_regular_baseline,6,random_regular,100,4,511,5,-1.000088900581841e-12,1,5,0.2,36,33
v2_random_regular_baseline_s6,v2,random_regular_baseline,6,random_regular,100,4,512,85,3.418697576359666,38,85,0.4470588235294118,80,59
v2_random_regular_baseline_s6,v2,random_regular_baseline,6,random_regular,100,4,513,57,3.218875824843201,25,57,0.43859649122807015,20,59
v2_random_regular_baseline_s6,v2,random_regular_baseline,6,random_regular,100,4,514,84,3.465735902767727,32,84,0.38095238095238093,78,0
v2_random_regular_baseline_s6,v2,random_regular_baseline,6,random_regular,100,4,515,324,4.441502943448491,132,324,0.4074074074074074,86,33
v2_random_regular_baseline_s6,v2,random_regular_baseline,6,random_regular,100,4,516,203,4.277030575570149,86,203,0.4236453201970443,85,62
v2_random_regular_baseline_s6,v2,random_regular_baseline,6,random_regular,100,4,517,6,0.6931471805579453,2,6,0.3333333333333333,22,11
v2_random_regular_baseline_s6,v2,random_regular_baseline,6,random_regular,100,4,518,157,4.003766425393112,65,157,0.4140127388535032,65,0
v2_random_regular_baseline_s6,v2,random_regular_baseline,6,random_regular,100,4,519,17,1.9459101490483133,7,17,0.4117647058823529,79,62
v2_random_regular_baseline_s6,v2,random_regular_baseline,6,random_regular,100,4,520,23,2.2718685126865625,11,23,0.4782608695652174,58,0
v2_random_regular_baseline_s6,v2,random_regular_baseline,6,random_regular,100,4,521,13,1.791759469222055,6,13,0.46153846153846156,84,0
v2_random_regular_baseline_s6,v2,random_regular_baseline,6,random_regular,100,4,522,49,3.1931483947852626,27,49,0.5510204081632653,13,59
v2_random_regular_baseline_s6,v2,random_regular_baseline,6,random_regular,100,4,523,8,1.0986122886651095,3,8,0.375,19,33
v2_random_regular_baseline_s6,v2,random_regular_baseline,6,random_regular,100,4,524,8,1.3862943611158909,4,8,0.5,82,33
v2_random_regular_baseline_s6,v2,random_regular_baseline,6,random_regular,100,4,525,103,3.4116205818579584,40,103,0.3883495145631068,14,59
v2_random_regular_baseline_s6,v2,random_regular_baseline,6,random_regular,100,4,526,84,3.423580836785212,37,84,0.44047619047619047,40,62
v2_random_regular_baseline_s6,v2,random_regular_baseline,6,random_regular,100,4,527,61,3.092193481923559,29,61,0.47540983606557374,99,62
v2_random_regular_baseline_s6,v2,random_regular_baseline,6,random_regular,100,4,528,0,0.0,0,0,,33,33
v2_random_regular_baseline_s6,v2,random_regular_baseline,6,random_regular,100,4,529,7,1.3862943611158909,4,7,0.5714285714285714,65,59
v2_random_regular_baseline_s6,v2,random_regular_baseline,6,random_regular,100,4,530,52,2.7804663689216818,21,52,0.40384615384615385,19,59
v2_random_regular_baseline_s6,v2,random_regular_baseline,6,random_regular,100,4,531,26,1.9459101490483133,7,26,0.2692307692307692,15,0
v2_random_regular_baseline_s6,v2,random_regular_baseline,6,random_regular,100,4,532,207,4.035357964530192,77,207,0.3719806763285024,7,62
v2_random_regular_baseline_s6,v2,random_regular_baseline,6,random_regular,100,4,533,251,4.200883744191074,110,251,0.43824701195219123,80,33
v2_random_regular_baseline_s6,v2,random_regular_baseline,6,random_regular,100,4,534,11,2.079441541671836,8,11,0.7272727272727273,65,11
v2_random_regular_baseline_s6,v2,random_regular_baseline,6,random_regular,100,4,535,79,3.5359830822784195,37,79,0.46835443037974683,52,62
v2_random_regular_baseline_s6,v2,random_regular_baseline,6,random_regular,100,4,536,175,4.094470142738316,78,175,0.44571428571428573,37,62
v2_random_regular_baseline_s6,v2,random_regular_baseline,6,random_regular,100,4,537,0,0.0,0,0,,0,0
v2_random_regular_baseline_s6,v2,random_regular_baseline,6,random_regular,100,4,538,172,4.048719425223112,68,172,0.3953488372093023,83,62
v2_random_regular_baseline_s6,v2,random_regular_baseline,6,random_regular,100,4,539,40,2.772588722223781,16,40,0.4,19,59
v2_random_regular_baseline_s6,v2,random_regular_baseline,6,random_regular,100,4,540,0,0.0,0,0,,62,62
v2_random_regular_baseline_s6,v2,random_regular_baseline,6,random_regular,100,4,541,19,2.302585092984045,10,19,0.5263157894736842,93,11
v2_random_regular_baseline_s6,v2,random_regular_baseline,6,random_regular,100,4,542,43,2.751666616915516,17,43,0.3953488372093023,43,62
v2_random_regular_baseline_s6,v2,random_regular_baseline,6,random_regular,100,4,543,5,1.0986122886651095,3,5,0.6,99,62
v2_random_regular_baseline_s6,v2,random_regular_baseline,6,random_regular,100,4,544,139,3.9179789187418814,53,139,0.381294964028777,53,62
v2_random_regular_baseline_s6,v2,random_regular_baseline,6,random_regular,100,4,545,39,2.8903717578781647,18,39,0.46153846153846156,13,59
v2_random_regular_baseline_s6,v2,random_regular_baseline,6,random_regular,100,4,546,22,2.253857589591352,12,22,0.5454545454545454,47,33
v2_random_regular_baseline_s6,v2,random_regular_baseline,6,random_regular,100,4,547,193,4.25499125261446,89,193,0.46113989637305697,83,59
v2_random_regular_baseline_s6,v2,random_regular_baseline,6,random_regular,100,4,548,60,3.218875824843201,25,60,0.4166666666666667,85,0
v2_random_regular_baseline_s6,v2,random_regular_baseline,6,random_regular,100,4,549,0,0.0,0,0,,59,59
v2_random_regular_baseline_s6,v2,random_regular_baseline,6,random_regular,100,4,550,128,3.9179789187418814,53,128,0.4140625,72,62
v2_random_regular_baseline_s6,v2,random_regular_baseline,6,random_regular,100,4,551,55,2.9785084205072385,21,55,0.38181818181818183,26,62
v2_random_regular_baseline_s6,v2,random_regular_baseline,6,random_regular,100,4,552,74,3.2238860684653137,29,74,0.3918918918918919,23,62
v2_random_regular_baseline_s6,v2,random_regular_baseline,6,random_regular,100,4,553,22,2.197224577327219,9,22,0.4090909090909091,50,33
v2_random_regular_baseline_s6,v2,random_regular_baseline,6,random_regular,100,4,554,113,3.5579369467630384,51,113,0.45132743362831856,72,0
v2_random_regular_baseline_s6,v2,random_regular_baseline,6,random_regular,100,4,555,7,1.3862943611158909,4,7,0.5714285714285714,95,33
v2_random_regular_baseline_s6,v2,random_regular_baseline,6,random_regular,100,4,556,44,2.588573162668117,17,44,0.38636363636363635,56,62
v2_random_regular_baseline_s6,v2,random_regular_baseline,6,random_regular,100,4,557,57,3.2580965379954825,26,57,0.45614035087719296,51,0
v2_random_regular_baseline_s6,v2,random_regular_baseline,6,random_regular,100,4,558,32,2.1458417525857545,11,32,0.34375,58,62
v2_random_regular_baseline_s6,v2,random_regular_baseline,6,random_regular,100,4,559,56,2.5993019270857944,16,56,0.2857142857142857,52,62
v2_random_regular_baseline_s6,v2,random_regular_baseline,6,random_regular,100,4,560,17,2.197224577327219,9,17,0.5294117647058824,44,59
v2_random_regular_baseline_s6,v2,random_regular_baseline,6,random_regular,100,4,561,14,1.0986122886651095,3,14,0.21428571428571427,89,0
v2_random_regular_baseline_s6,v2,random_regular_baseline,6,random_regular,100,4,562,20,1.9459101490483133,7,20,0.35,50,33
v2_random_regular_baseline_s6,v2,random_regular_baseline,6,random_regular,100,4,563,205,4.118951456902502,78,205,0.3804878048780488,21,0
v2_random_regular_baseline_s6,v2,random_regular_baseline,6,random_regular,100,4,564,51,2.772588722223781,16,51,0.3137254901960784,4,62
v2_random_regular_baseline_s6,v2,random_regular_baseline,6,random_regular,100,4,565,136,3.666814550489528,55,136,0.40441176470588236,52,11
v2_random_regular_baseline_s6,v2,random_regular_baseline,6,random_regular,100,4,566,88,3.169394313516978,34,88,0.38636363636363635,87,33
v2_random_regular_baseline_s6,v2,random_regular_baseline,6,random_regular,100,4,567,83,3.2580965379954825,26,83,0.3132530120481928,65,0
v2_random_regular_baseline_s6,v2,random_regular_baseline,6,random_regular,100,4,568,8,0.6931471805579453,2,8,0.25,78,11
v2_random_regular_baseline_s6,v2,random_regular_baseline,6,random_regular,100,4,569,20,1.791759469222055,6,20,0.3,7,11
v2_random_regular_baseline_s6,v2,random_regular_baseline,6,random_regular,100,4,570,45,2.926417555478996,20,45,0.4444444444444444,68,62
v2_random_regular_baseline_s6,v2,random_regular_baseline,6,random_regular,100,4,571,62,2.9512516113416924,26,62,0.41935483870967744,91,62
v2_random_regular_baseline_s6,v2,random_regular_baseline,6,random_regular,100,4,572,183,3.9745170417130753,61,183,0.3333333333333333,55,59
v2_random_regular_baseline_s6,v2,random_regular_baseline,6,random_regular,100,4,573,54,2.8488997058228165,23,54,0.42592592592592593,53,59
v2_random_regular_baseline_s6,v2,random_regular_baseline,6,random_regular,100,4,574,25,2.484906649776,12,25,0.48,36,11
v2_random_regular_baseline_s6,v2,random_regular_baseline,6,random_regular,100,4,575,119,3.4857612634957618,46,119,0.3865546218487395,82,62
v2_random_regular_baseline_s6,v2,random_regular_baseline,6,random_regular,100,4,576,68,2.685945324654788,16,68,0.23529411764705882,64,0
v2_random_regular_baseline_s6,v2,random_regular_baseline,6,random_regular,100,4,577,17,2.079441541671836,8,17,0.47058823529411764,79,33
v2_random_regular_baseline_s6,v2,random_regular_baseline,6,random_regular,100,4,578,18,2.0431918705371204,9,18,0.5,95,33
v2_random_regular_baseline_s6,v2,random_regular_baseline,6,random_regular,100,4,579,90,3.66448190441264,43,90,0.4777777777777778,71,59
v2_random_regular_baseline_s6,v2,random_regular_baseline,6,random_regular,100,4,580,26,2.2718685126865625,11,26,0.4230769230769231,12,11
v2_random_regular_baseline_s6,v2,random_regular_baseline,6,random_regular,100,4,581,74,3.3549875695958247,30,74,0.40540540540540543,27,33
v2_random_regular_baseline_s6,v2,random_regular_baseline,6,random_regular,100,4,582,26,2.3978952727873706,11,26,0.4230769230769231,1,11
v2_random_regular_baseline_s6,v2,random_regular_baseline,6,random_regular,100,4,583,162,3.987666482508049,65,162,0.4012345679012346,94,59
v2_random_regular_baseline_s6,v2,random_regular_baseline,6,random_regular,100,4,584,107,3.34787741904957,34,107,0.3177570093457944,44,59
v2_random_regular_baseline_s6,v2,random_regular_baseline,6,random_regular,100,4,585,5,-1.000088900581841e-12,1,5,0.2,19,33
v2_random_regular_baseline_s6,v2,random_regular_baseline,6,random_regular,100,4,586,116,3.793210665798084,56,116,0.4827586206896552,91,62
v2_random_regular_baseline_s6,v2,random_regular_baseline,6,random_regular,100,4,587,66,3.078014567724474,26,66,0.3939393939393939,66,0
v2_random_regular_baseline_s6,v2,random_regular_baseline,6,random_regular,100,4,588,218,4.251881438980892,91,218,0.41743119266055045,71,33
v2_random_regular_baseline_s6,v2,random_regular_baseline,6,random_regular,100,4,589,55,3.0910424533363146,22,55,0.4,40,62
v2_random_regular_baseline_s6,v2,random_regular_baseline,6,random_regular,100,4,590,67,3.065964511960632,28,67,0.417910447761194,70,0
v2_random_regular_baseline_s6,v2,random_regular_baseline,6,random_regular,100,4,591,53,3.271689322296034,29,53,0.5471698113207547,28,62
v2_random_regular_baseline_s6,v2,random_regular_baseline,6,random_regular,100,4,592,199,4.196751784952913,78,199,0.39195979899497485,10,62
v2_random_regular_baseline_s6,v2,random_regular_baseline,6,random_regular,100,4,593,67,2.925202764151108,24,67,0.3582089552238806,29,62
v2_random_regular_baseline_s6,v2,random_regular_baseline,6,random_regular,100,4,594,1,-1.000088900581841e-12,1,1,1.0,39,0
v2_random_regular_baseline_s6,v2,random_regular_baseline,6,random_regular,100,4,595,3,-1.000088900581841e-12,1,3,0.3333333333333333,19,33
v2_random_regular_baseline_s6,v2,random_regular_baseline,6,random_regular,100,4,596,6,1.0986122886651095,3,6,0.5,92,62
v2_random_regular_baseline_s6,v2,random_regular_baseline,6,random_regular,100,4,597,15,1.6094379124291005,5,15,0.3333333333333333,87,62
v2_random_regular_baseline_s6,v2,random_regular_baseline,6,random_regular,100,4,598,109,3.295483596701502,38,109,0.3486238532110092,41,0
v2_random_regular_baseline_s6,v2,random_regular_baseline,6,random_regular,100,4,599,50,2.9650156932365066,22,50,0.44,64,59
v2_random_regular_baseline_s6,v2,random_regular_baseline,6,random_regular,100,4,600,0,0.0,0,0,,11,11
v2_random_regular_baseline_s6,v2,random_regular_baseline,6,random_regular,100,4,601,57,3.0149468801585937,23,57,0.40350877192982454,66,33
v2_random_regular_baseline_s6,v2,random_regular_baseline,6,random_regular,100,4,602,132,3.514562790693561,47,132,0.3560606060606061,92,62
v2_random_regular_baseline_s6,v2,random_regular_baseline,6,random_regular,100,4,603,41,2.736339051089065,18,41,0.43902439024390244,19,11
v2_random_regular_baseline_s6,v2,random_regular_baseline,6,random_regular,100,4,604,131,3.672697835847172,53,131,0.40458015267175573,95,33
v2_random_regular_baseline_s6,v2,random_regular_baseline,6,random_regular,100,4,605,53,3.062529300232621,24,53,0.4528301886792453,98,62
v2_random_regular_baseline_s6,v2,random_regular_baseline,6,random_regular,100,4,606,3,0.6931471805579453,2,3,0.6666666666666666,28,62
v2_random_regular_baseline_s6,v2,random_regular_baseline,6,random_regular,100,4,607,4,0.6931471805579453,2,4,0.5,60,11
v2_random_regular_baseline_s6,v2,random_regular_baseline,6,random_regular,100,4,608,92,3.128724192456989,33,92,0.358695652173913,65,62
v2_random_regular_baseline_s6,v2,random_regular_baseline,6,random_regular,100,4,609,25,2.197224577327219,9,25,0.36,8,62
v2_random_regular_baseline_s6,v2,random_regular_baseline,6,random_regular,100,4,610,76,3.271689322296034,29,76,0.3815789473684211,95,33
v2_random_regular_baseline_s6,v2,random_regular_baseline,6,random_regular,100,4,611,17,2.0431918705371204,9,17,0.5294117647058824,67,11
v2_random_regular_baseline_s6,v2,random_regular_baseline,6,random_regular,100,4,612,2,0.6931471805579453,2,2,1.0,68,59
v2_random_regular_baseline_s6,v2,random_regular_baseline,6,random_regular,100,4,613,57,2.331252848768997,21,57,0.3684210526315789,15,62
v2_random_regular_baseline_s6,v2,random_regular_baseline,6,random_regular,100,4,614,35,2.8903717578781647,18,35,0.5142857142857142,98,33
v2_random_regular_baseline_s6,v2,random_regular_baseline,6,random_regular,100,4,615,123,3.738230894633928,46,123,0.37398373983739835,9,62
v2_random_regular_baseline_s6,v2,random_regular_baseline,6,random_regular,100,4,616,5,0.6931471805579453,2,5,0.4,28,62
v2_random_regular_baseline_s6,v2,random_regular_baseline,6,random_regular,100,4,617,55,3.204777524107256,26,55,0.4727272727272727,6,62
v2_random_regular_baseline_s6,v2,random_regular_baseline,6,random_regular,100,4,618,0,0.0,0,0,,0,0
v2_random_regular_baseline_s6,v2,random_regular_baseline,6,random_regular,100,4,619,86,3.286462961268799,33,86,0.38372093023255816,79,33
v2_random_regular_baseline_s6,v2,random_regular_baseline,6,random_regular,100,4,620,21,1.791759469222055,6,21,0.2857142857142857,29,11
v2_random_regular_baseline_s6,v2,random_regular_baseline,6,random_regular,100,4,621,53,3.0149468801585937,23,53,0.4339622641509434,44,0
v2_random_regular_baseline_s6,v2,random_regular_baseline,6,random_regular,100,4,622,1,-1.000088900581841e-12,1,1,1.0,91,11
v2_random_regular_baseline_s6,v2,random_regular_baseline,6,random_regular,100,4,623,16,2.197224577327219,9,16,0.5625,57,62
v2_random_regular_baseline_s6,v2,random_regular_baseline,6,random_regular,100,4,624,0,0.0,0,0,,11,11
v2_random_regular_baseline_s6,v2,random_regular_baseline,6,random_regular,100,4,625,12,1.3862943611158909,4,12,0.3333333333333333,10,62
v2_random_regular_baseline_s6,v2,random_regular_baseline,6,random_regular,100,4,626,17,2.369382119683676,12,17,0.7058823529411765,43,59
v2_random_regular_baseline_s6,v2,random_regular_baseline,6,random_regular,100,4,627,42,3.044522437702424,21,42,0.5,69,62
v2_random_regular_baseline_s6,v2,random_regular_baseline,6,random_regular,100,4,628,13,1.9459101490483133,7,13,0.5384615384615384,63,11
v2_random_regular_baseline_s6,v2,random_regular_baseline,6,random_regular,100,4,629,12,1.3862943611158909,4,12,0.3333333333333333,68,59
v2_random_regular_baseline_s6,v2,random_regular_baseline,6,random_regular,100,4,630,53,2.9785084205072385,21,53,0.39622641509433965,95,0
v2_random_regular_baseline_s6,v2,random_regular_baseline,6,random_regular,100,4,631,2,-1.000088900581841e-12,1,2,0.5,91,11
v2_random_regular_baseline_s6,v2,random_regular_baseline,6,random_regular,100,4,632,3,-1.000088900581841e-12,1,3,0.3333333333333333,32,59
v2_random_regular_baseline_s6,v2,random_regular_baseline,6,random_regular,100,4,633,90,3.263139242272734,35,90,0.3888888888888889,94,33
v2_random_regular_baseline_s6,v2,random_regular_baseline,6,random_regular,100,4,634,46,2.670119889791816,17,46,0.3695652173913043,38,62
v2_random_regular_baseline_s6,v2,random_regular_baseline,6,random_regular,100,4,635,81,3.1931483947852626,27,81,0.3333333333333333,87,59
v2_random_regular_baseline_s6,v2,random_regular_baseline,6,random_regular,100,4,636,34,2.61563057701355,15,34,0.4411764705882353,73,33
v2_random_regular_baseline_s6,v2,random_regular_baseline,6,random_regular,100,4,637,1,-1.000088900581841e-12,1,1,1.0,63,11
v2_random_regular_baseline_s6,v2,random_regular_baseline,6,random_regular,100,4,638,69,3.485587161020812,34,69,0.4927536231884058,31,33
v2_random_regular_baseline_s6,v2,random_regular_baseline,6,random_regular,100,4,639,22,1.9459101490483133,7,22,0.3181818181818182,28,0
v2_random_regular_baseline_s6,v2,random_regular_baseline,6,random_regular,100,4,640,18,1.9459101490483133,7,18,0.3888888888888889,26,11
v2_random_regular_baseline_s6,v2,random_regular_baseline,6,random_regular,100,4,641,6,1.0986122886651095,3,6,0.5,84,11
v2_random_regular_baseline_s6,v2,random_regular_baseline,6,random_regular,100,4,642,9,1.791759469222055,6,9,0.6666666666666666,6,0
v2_random_regular_baseline_s6,v2,random_regular_baseline,6,random_regular,100,4,643,73,3.052520501511814,25,73,0.3424657534246575,47,62
v2_random_regular_baseline_s6,v2,random_regular_baseline,6,random_regular,100,4,644,6,0.6931471805579453,2,6,0.3333333333333333,13,0
v2_random_regular_baseline_s6,v2,random_regular_baseline,6,random_regular,100,4,645,36,2.954673212284816,23,36,0.6388888888888888,23,33
v2_random_regular_baseline_s6,v2,random_regular_baseline,6,random_regular,100,4,646,145,3.707777194239221,58,145,0.4,87,0
v2_random_regular_baseline_s6,v2,random_regular_baseline,6,random_regular,100,4,647,210,4.442796120103924,107,210,0.5095238095238095,69,59
v2_random_regular_baseline_s6,v2,random_regular_baseline,6,random_regular,100,4,648,35,2.61563057701355,15,35,0.42857142857142855,20,62
v2_random_regular_baseline_s6,v2,random_regular_baseline,6,random_regular,100,4,649,18,2.079441541671836,8,18,0.4444444444444444,24,59
v2_random_regular_baseline_s6,v2,random_regular_baseline,6,random_regular,100,4,650,8,1.6094379124291005,5,8,0.625,26,11
v2_random_regular_baseline_s6,v2,random_regular_baseline,6,random_regular,100,4,651,76,3.225557328365521,34,76,0.4473684210526316,1,59
v2_random_regular_baseline_s6,v2,random_regular_baseline,6,random_regular,100,4,652,26,2.079441541671836,8,26,0.3076923076923077,14,0
v2_random_regular_baseline_s6,v2,random_regular_baseline,6,random_regular,100,4,653,188,4.104317411872143,82,188,0.43617021276595747,9,0
v2_random_regular_baseline_s6,v2,random_regular_baseline,6,random_regular,100,4,654,0,0.0,0,0,,0,0
v2_random_regular_baseline_s6,v2,random_regular_baseline,6,random_regular,100,4,655,3,0.6931471805579453,2,3,0.6666666666666666,76,11
v2_random_regular_baseline_s6,v2,random_regular_baseline,6,random_regular,100,4,656,93,3.2101676770783283,34,93,0.3655913978494624,5,0
v2_random_regular_baseline_s6,v2,random_regular_baseline,6,random_regular,100,4,657,37,2.9785084205072385,21,37,0.5675675675675675,4,33
v2_random_regular_baseline_s6,v2,random_regular_baseline,6,random_regular,100,4,658,120,3.5951494937275488,44,120,0.36666666666666664,92,11
v2_random_regular_baseline_s6,v2,random_regular_baseline,6,random_regular,100,4,659,18,1.791759469222055,6,18,0.3333333333333333,44,0
v2_random_regular_baseline_s6,v2,random_regular_baseline,6,random_regular,100,4,660,56,2.692310994125785,20,56,0.35714285714285715,27,0
v2_random_regular_baseline_s6,v2,random_regular_baseline,6,random_regular,100,4,661,86,3.465735902767727,32,86,0.37209302325581395,70,62
v2_random_regular_baseline_s6,v2,random_regular_baseline,6,random_regular,100,4,662,108,3.619564736019943,40,108,0.37037037037037035,23,33
v2_random_regular_baseline_s6,v2,random_regular_baseline,6,random_regular,100,4,663,0,0.0,0,0,,11,11
v2_random_regular_baseline_s6,v2,random_regular_baseline,6,random_regular,100,4,664,93,3.3969144201875685,35,93,0.3763440860215054,97,0
v2_random_regular_baseline_s6,v2,random_regular_baseline,6,random_regular,100,4,665,82,3.5924696275736783,39,82,0.47560975609756095,15,62
v2_random_regular_baseline_s6,v2,random_regular_baseline,6,random_regular,100,4,666,282,4.393749636601029,115,282,0.4078014184397163,79,11
v2_random_regular_baseline_s6,v2,random_regular_baseline,6,random_regular,100,4,667,134,3.828845343713952,50,134,0.373134328358209,30,33
v2_random_regular_baseline_s6,v2,random_regular_baseline,6,random_regular,100,4,668,3,-1.000088900581841e-12,1,3,0.3333333333333333,75,0
v2_random_regular_baseline_s6,v2,random_regular_baseline,6,random_regular,100,4,669,136,4.055116036737619,63,136,0.4632352941176471,24,11
v2_random_regular_baseline_s6,v2,random_regular_baseline,6,random_regular,100,4,670,27,2.2718685126865625,11,27,0.4074074074074074,4,62
v2_random_regular_baseline_s6,v2,random_regular_baseline,6,random_regular,100,4,671,9,1.3862943611158909,4,9,0.4444444444444444,73,59
v2_random_regular_baseline_s6,v2,random_regular_baseline,6,random_regular,100,4,672,56,2.685945324654788,16,56,0.2857142857142857,44,62
v2_random_regular_baseline_s6,v2,random_regular_baseline,6,random_regular,100,4,673,45,2.857102837424001,20,45,0.4444444444444444,27,0
v2_random_regular_baseline_s6,v2,random_regular_baseline,6,random_regular,100,4,674,17,1.791759469222055,6,17,0.35294117647058826,3,59
v2_random_regular_baseline_s6,v2,random_regular_baseline,6,random_regular,100,4,675,35,2.7080502010872096,15,35,0.42857142857142855,15,11
v2_random_regular_baseline_s6,v2,random_regular_baseline,6,random_regular,100,4,676,219,4.027555866128798,87,219,0.3972602739726027,77,59
v2_random_regular_baseline_s6,v2,random_regular_baseline,6,random_regular,100,4,677,20,2.079441541671836,8,20,0.4,5,33
v2_random_regular_baseline_s6,v2,random_regular_baseline,6,random_regular,100,4,678,33,2.772588722223781,16,33,0.48484848484848486,45,0
v2_random_regular_baseline_s6,v2,random_regular_baseline,6,random_regular,100,4,679,98,3.1445801968134903,33,98,0.336734693877551,69,11
v2_random_regular_baseline_s6,v2,random_regular_baseline,6,random_regular,100,4,680,23,2.751666616915516,17,23,0.7391304347826086,21,11
v2_random_regular_baseline_s6,v2,random_regular_baseline,6,random_regular,100,4,681,72,2.947004770141297,24,72,0.3333333333333333,26,0
v2_random_regular_baseline_s6,v2,random_regular_baseline,6,random_regular,100,4,682,1,-1.000088900581841e-12,1,1,1.0,86,62
v2_random_regular_baseline_s6,v2,random_regular_baseline,6,random_regular,100,4,683,48,2.857102837424001,20,48,0.4166666666666667,69,59
v2_random_regular_baseline_s6,v2,random_regular_baseline,6,random_regular,100,4,684,0,0.0,0,0,,33,33
v2_random_regular_baseline_s6,v2,random_regular_baseline,6,random_regular,100,4,685,74,3.1707331124899243,33,74,0.44594594594594594,14,33
v2_random_regular_baseline_s6,v2,random_regular_baseline,6,random_regular,100,4,686,79,3.152706716658355,30,79,0.379746835443038,57,59
v2_random_regular_baseline_s6,v2,random_regular_baseline,6,random_regular,100,4,687,24,2.302585092984045,10,24,0.4166666666666667,32,62
v2_random_regular_baseline_s6,v2,random_regular_baseline,6,random_regular,100,4,688,83,3.286462961268799,33,83,0.39759036144578314,93,33
v2_random_regular_baseline_s6,v2,random_regular_baseline,6,random_regular,100,4,689,13,1.5607104090364068,6,13,0.46153846153846156,73,33
v2_random_regular_baseline_s6,v2,random_regular_baseline,6,random_regular,100,4,690,25,2.197224577327219,9,25,0.36,21,33
v2_random_regular_baseline_s6,v2,random_regular_baseline,6,random_regular,100,4,691,173,3.8770496813231823,72,173,0.4161849710982659,79,0
v2_random_regular_baseline_s6,v2,random_regular_baseline,6,random_regular,100,4,692,54,2.4799555205315174,16,54,0.2962962962962963,60,62
v2_random_regular_baseline_s6,v2,random_regular_baseline,6,random_regular,100,4,693,121,3.814982892455961,57,121,0.47107438016528924,29,62
v2_random_regular_baseline_s6,v2,random_regular_baseline,6,random_regular,100,4,694,50,3.052520501511814,25,50,0.5,23,11
v2_random_regular_baseline_s6,v2,random_regular_baseline,6,random_regular,100,4,695,43,2.772588722223781,16,43,0.37209302325581395,80,62
v2_random_regular_baseline_s6,v2,random_regular_baseline,6,random_regular,100,4,696,113,3.466704480513237,47,113,0.415929203539823,81,0
v2_random_regular_baseline_s6,v2,random_regular_baseline,6,random_regular,100,4,697,49,2.8464803861168675,21,49,0.42857142857142855,9,59
v2_random_regular_baseline_s6,v2,random_regular_baseline,6,random_regular,100,4,698,5,-1.000088900581841e-12,1,5,0.2,36,33
v2_random_regular_baseline_s6,v2,random_regular_baseline,6,random_regular,100,4,699,19,1.9459101490483133,7,19,0.3684210526315789,70,0
v2_random_regular_baseline_s6,v2,random_regular_baseline,6,random_regular,100,4,700,444,4.648031285046629,179,444,0.40315315315315314,72,33
v2_random_regular_baseline_s6,v2,random_regular_baseline,6,random_regular,100,4,701,331,4.4568290028505615,124,331,0.37462235649546827,61,33
v2_random_regular_baseline_s6,v2,random_regular_baseline,6,random_regular,100,4,702,36,2.302585092984045,10,36,0.2777777777777778,76,11
v2_random_regular_baseline_s6,v2,random_regular_baseline,6,random_regular,100,4,703,7,1.0986122886651095,3,7,0.42857142857142855,39,0
v2_random_regular_baseline_s6,v2,random_regular_baseline,6,random_regular,100,4,704,233,4.189705922563026,90,233,0.38626609442060084,6,62
v2_random_regular_baseline_s6,v2,random_regular_baseline,6,random_regular,100,4,705,39,2.7804663689216818,21,39,0.5384615384615384,43,0
v2_random_regular_baseline_s6,v2,random_regular_baseline,6,random_regular,100,4,706,0,0.0,0,0,,59,59
v2_random_regular_baseline_s6,v2,random_regular_baseline,6,random_regular,100,4,707,7,0.6931471805579453,2,7,0.2857142857142857,16,59
v2_random_regular_baseline_s6,v2,random_regular_baseline,6,random_regular,100,4,708,127,3.8352368547526106,49,127,0.3858267716535433,5,62
v2_random_regular_baseline_s6,v2,random_regular_baseline,6,random_regular,100,4,709,7,-1.000088900581841e-12,1,7,0.14285714285714285,91,11
v2_random_regular_baseline_s6,v2,random_regular_baseline,6,random_regular,100,4,710,63,2.838988933136699,22,63,0.3492063492063492,98,0
v2_random_regular_baseline_s6,v2,random_regular_baseline,6,random_regular,100,4,711,102,3.5281418680240253,38,102,0.37254901960784315,79,33
v2_random_regular_baseline_s6,v2,random_regular_baseline,6,random_regular,100,4,712,20,2.1639556568730565,10,20,0.5,14,62
v2_random_regular_baseline_s6,v2,random_regular_baseline,6,random_regular,100,4,713,85,2.9170476559249296,27,85,0.3176470588235294,66,0
v2_random_regular_baseline_s6,v2,random_regular_baseline,6,random_regular,100,4,714,170,3.904348780813464,70,170,0.4117647058823529,87,0
v2_random_regular_baseline_s6,v2,random_regular_baseline,6,random_regular,100,4,715,67,3.044522437702424,21,67,0.31343283582089554,29,62
v2_random_regular_baseline_s6,v2,random_regular_baseline,6,random_regular,100,4,716,9,0.6931471805579453,2,9,0.2222222222222222,8,62
v2_random_regular_baseline_s6,v2,random_regular_baseline,6,random_regular,100,4,717,40,2.6593226976945163,18,40,0.45,55,33
v2_random_regular_baseline_s6,v2,random_regular_baseline,6,random_regular,100,4,718,57,3.0280290732864104,22,57,0.38596491228070173,46,62
v2_random_regular_baseline_s6,v2,random_regular_baseline,6,random_regular,100,4,719,8,1.6094379124291005,5,8,0.625,21,33
v2_random_regular_baseline_s6,v2,random_regular_baseline,6,random_regular,100,4,720,19,2.079441541671836,8,19,0.42105263157894735,91,33
v2_random_regular_baseline_s6,v2,random_regular_baseline,6,random_regular,100,4,721,164,3.777799126202453,56,164,0.34146341463414637,54,62
v2_random_regular_baseline_s6,v2,random_regular_baseline,6,random_regular,100,4,722,73,3.4124897213676078,33,73,0.4520547945205479,45,11
v2_random_regular_baseline_s6,v2,random_regular_baseline,6,random_regular,100,4,723,236,4.318283695230783,93,236,0.3940677966101695,73,62
v2_random_regular_baseline_s6,v2,random_regular_baseline,6,random_regular,100,4,724,2,-1.000088900581841e-12,1,2,0.5,53,0
v2_random_regular_baseline_s6,v2,random_regular_baseline,6,random_regular,100,4,725,61,3.10797227595561,25,61,0.4098360655737705,90,33
v2_random_regular_baseline_s6,v2,random_regular_baseline,6,random_regular,100,4,726,11,1.791759469222055,6,11,0.5454545454545454,69,0
v2_random_regular_baseline_s6,v2,random_regular_baseline,6,random_regular,100,4,727,84,3.498515667114017,37,84,0.44047619047619047,99,33
v2_random_regular_baseline_s6,v2,random_regular_baseline,6,random_regular,100,4,728,10,1.3862943611158909,4,10,0.4,22,0
v2_random_regular_baseline_s6,v2,random_regular_baseline,6,random_regular,100,4,729,17,1.791759469222055,6,17,0.35294117647058826,38,33
v2_random_regular_baseline_s6,v2,random_regular_baseline,6,random_regular,100,4,730,363,4.685232526227251,162,363,0.4462809917355372,64,33
v2_random_regular_baseline_s6,v2,random_regular_baseline,6,random_regular,100,4,731,59,3.1418041591892294,27,59,0.4576271186440678,28,11
v2_random_regular_baseline_s6,v2,random_regular_baseline,6,random_regular,100,4,732,177,3.912437987742869,64,177,0.3615819209039548,60,0
v2_random_regular_baseline_s6,v2,random_regular_baseline,6,random_regular,100,4,733,90,3.423580836785212,37,90,0.4111111111111111,66,11
v2_random_regular_baseline_s6,v2,random_regular_baseline,6,random_regular,100,4,734,32,2.4583113296710835,13,32,0.40625,65,62
v2_random_regular_baseline_s6,v2,random_regular_baseline,6,random_regular,100,4,735,6,0.6931471805579453,2,6,0.3333333333333333,29,0
v2_random_regular_baseline_s6,v2,random_regular_baseline,6,random_regular,100,4,736,157,4.028028269953751,70,157,0.445859872611465,22,59
v2_random_regular_baseline_s6,v2,random_regular_baseline,6,random_regular,100,4,737,28,2.253857589591352,12,28,0.42857142857142855,10,33
v2_random_regular_baseline_s6,v2,random_regular_baseline,6,random_regular,100,4,738,13,1.9459101490483133,7,13,0.5384615384615384,71,0
v2_random_regular_baseline_s6,v2,random_regular_baseline,6,random_regular,100,4,739,58,2.9170476559249296,27,58,0.46551724137931033,41,33
v2_random_regular_baseline_s6,v2,random_regular_baseline,6,random_regular,100,4,740,172,3.862220927181764,71,172,0.4127906976744186,10,33
v2_random_regular_baseline_s6,v2,random_regular_baseline,6,random_regular,100,4,741,112,3.690218180291666,61,112,0.5446428571428571,26,59
v2_random_regular_baseline_s6,v2,random_regular_baseline,6,random_regular,100,4,742,13,1.791759469222055,6,13,0.46153846153846156,56,62
v2_random_regular_baseline_s6,v2,random_regular_baseline,6,random_regular,100,4,743,200,4.34247015306185,93,200,0.465,22,33
v2_random_regular_baseline_s6,v2,random_regular_baseline,6,random_regular,100,4,744,194,4.143672597330785,80,194,0.41237113402061853,96,0
v2_random_regular_baseline_s6,v2,random_regular_baseline,6,random_regular,100,4,745,166,4.246611643181867,79,166,0.4759036144578313,1,11
v2_random_regular_baseline_s6,v2,random_regular_baseline,6,random_regular,100,4,746,156,4.028332743442937,68,156,0.4358974358974359,4,0
v2_random_regular_baseline_s6,v2,random_regular_baseline,6,random_regular,100,4,747,116,3.617683558888373,46,116,0.39655172413793105,17,11
v2_random_regular_baseline_s6,v2,random_regular_baseline,6,random_regular,100,4,748,85,3.2409469796527133,34,85,0.4,3,62
v2_random_regular_baseline_s6,v2,random_regular_baseline,6,random_regular,100,4,749,1,-1.000088900581841e-12,1,1,1.0,63,11
v2_random_regular_baseline_s6,v2,random_regular_baseline,6,random_regular,100,4,750,48,2.670119889791816,17,48,0.3541666666666667,38,62
v2_random_regular_baseline_s6,v2,random_regular_baseline,6,random_regular,100,4,751,18,1.9061547465328492,8,18,0.4444444444444444,42,33
v2_random_regular_baseline_s6,v2,random_regular_baseline,6,random_regular,100,4,752,171,4.132172509322126,77,171,0.4502923976608187,36,11
v2_random_regular_baseline_s6,v2,random_regular_baseline,6,random_regular,100,4,753,75,3.286462961268799,33,75,0.44,61,62
v2_random_regular_baseline_s6,v2,random_regular_baseline,6,random_regular,100,4,754,3,0.6931471805579453,2,3,0.6666666666666666,49,62
v2_random_regular_baseline_s6,v2,random_regular_baseline,6,random_regular,100,4,755,79,3.0146356756294823,31,79,0.3924050632911392,13,11
v2_random_regular_baseline_s6,v2,random_regular_baseline,6,random_regular,100,4,756,154,3.8956200319676784,68,154,0.44155844155844154,43,59
v2_random_regular_baseline_s6,v2,random_regular_baseline,6,random_regular,100,4,757,0,0.0,0,0,,62,62
v2_random_regular_baseline_s6,v2,random_regular_baseline,6,random_regular,100,4,758,74,3.052520501511814,25,74,0.33783783783783783,52,0
v2_random_regular_baseline_s6,v2,random_regular_baseline,6,random_regular,100,4,759,21,2.3978952727873706,11,21,0.5238095238095238,30,33
v2_random_regular_baseline_s6,v2,random_regular_baseline,6,random_regular,100,4,760,39,2.302585092984045,10,39,0.2564102564102564,36,0
v2_random_regular_baseline_s6,v2,random_regular_baseline,6,random_regular,100,4,761,229,4.208241830881863,97,229,0.42358078602620086,75,62
v2_random_regular_baseline_s6,v2,random_regular_baseline,6,random_regular,100,4,762,150,3.995254205526183,68,150,0.4533333333333333,32,11
v2_random_regular_baseline_s6,v2,random_regular_baseline,6,random_regular,100,4,763,67,2.7283523700752608,23,67,0.34328358208955223,73,62
v2_random_regular_baseline_s6,v2,random_regular_baseline,6,random_regular,100,4,764,0,0.0,0,0,,62,62
v2_random_regular_baseline_s6,v2,random_regular_baseline,6,random_regular,100,4,765,67,3.379092505199735,32,67,0.47761194029850745,72,0
v2_random_regular_baseline_s6,v2,random_regular_baseline,6,random_regular,100,4,766,48,2.9650156932365066,22,48,0.4583333333333333,52,0
v2_random_regular_baseline_s6,v2,random_regular_baseline,6,random_regular,100,4,767,124,3.472966444763412,49,124,0.3951612903225806,61,62
v2_random_regular_baseline_s6,v2,random_regular_baseline,6,random_regular,100,4,768,56,3.044522437702424,21,56,0.375,87,59
v2_random_regular_baseline_s6,v2,random_regular_baseline,6,random_regular,100,4,769,30,2.61563057701355,15,30,0.5,46,62
v2_random_regular_baseline_s6,v2,random_regular_baseline,6,random_regular,100,4,770,86,3.3909780549362365,36,86,0.4186046511627907,54,11
v2_random_regular_baseline_s6,v2,random_regular_baseline,6,random_regular,100,4,771,38,2.685945324654788,16,38,0.42105263157894735,3,0
v2_random_regular_baseline_s6,v2,random_regular_baseline,6,random_regular,100,4,772,386,4.671347707843603,162,386,0.41968911917098445,23,11
v2_random_regular_baseline_s6,v2,random_regular_baseline,6,random_regular,100,4,773,229,4.159471969059863,89,229,0.388646288209607,76,62
v2_random_regular_baseline_s6,v2,random_regular_baseline,6,random_regular,100,4,774,18,1.3321790402061222,5,18,0.2777777777777778,76,0
v2_random_regular_baseline_s6,v2,random_regular_baseline,6,random_regular,100,4,775,25,2.484906649776,12,25,0.48,97,62
v2_random_regular_baseline_s6,v2,random_regular_baseline,6,random_regular,100,4,776,120,3.732165102848344,47,120,0.39166666666666666,87,11
v2_random_regular_baseline_s6,v2,random_regular_baseline,6,random_regular,100,4,777,103,3.637194803171055,49,103,0.47572815533980584,27,0
v2_random_regular_baseline_s6,v2,random_regular_baseline,6,random_regular,100,4,778,147,4.019969315846154,61,147,0.41496598639455784,91,62
v2_random_regular_baseline_s6,v2,random_regular_baseline,6,random_regular,100,4,779,46,2.9957322735339904,20,46,0.43478260869565216,10,59
v2_random_regular_baseline_s6,v2,random_regular_baseline,6,random_regular,100,4,780,128,3.53170654712406,48,128,0.375,84,0
v2_random_regular_baseline_s6,v2,random_regular_baseline,6,random_regular,100,4,781,76,3.308777757559495,30,76,0.39473684210526316,98,11
v2_random_regular_baseline_s6,v2,random_regular_baseline,6,random_regular,100,4,782,0,0.0,0,0,,59,59
v2_random_regular_baseline_s6,v2,random_regular_baseline,6,random_regular,100,4,783,0,0.0,0,0,,59,59
v2_random_regular_baseline_s6,v2,random_regular_baseline,6,random_regular,100,4,784,217,4.145111138212197,87,217,0.4009216589861751,12,0
v2_random_regular_baseline_s6,v2,random_regular_baseline,6,random_regular,100,4,785,37,2.7080502010872096,15,37,0.40540540540540543,38,0
v2_random_regular_baseline_s6,v2,random_regular_baseline,6,random_regular,100,4,786,41,2.7985132569262934,19,41,0.4634146341463415,42,62
v2_random_regular_baseline_s6,v2,random_regular_baseline,6,random_regular,100,4,787,74,3.396914420187568,35,74,0.47297297297297297,65,59
v2_random_regular_baseline_s6,v2,random_regular_baseline,6,random_regular,100,4,788,80,3.1445801968124902,33,80,0.4125,45,11
v2_random_regular_baseline_s6,v2,random_regular_baseline,6,random_regular,100,4,789,77,3.5065025850265608,36,77,0.4675324675324675,41,0
v2_random_regular_baseline_s6,v2,random_regular_baseline,6,random_regular,100,4,790,64,2.976138801317437,25,64,0.390625,56,0
v2_random_regular_baseline_s6,v2,random_regular_baseline,6,random_regular,100,4,791,0,0.0,0,0,,33,33
v2_random_regular_baseline_s6,v2,random_regular_baseline,6,random_regular,100,4,792,133,3.9422745893806894,64,133,0.48120300751879697,32,33
v2_random_regular_baseline_s6,v2,random_regular_baseline,6,random_regular,100,4,793,343,4.699768885251564,148,343,0.4314868804664723,5,62
v2_random_regular_baseline_s6,v2,random_regular_baseline,6,random_regular,100,4,794,32,2.685945324654788,16,32,0.5,57,11
v2_random_regular_baseline_s6,v2,random_regular_baseline,6,random_regular,100,4,795,6,1.3862943611158909,4,6,0.6666666666666666,55,59
v2_random_regular_baseline_s6,v2,random_regular_baseline,6,random_regular,100,4,796,45,2.685945324654788,16,45,0.35555555555555557,28,0
v2_random_regular_baseline_s6,v2,random_regular_baseline,6,random_regular,100,4,797,126,3.85657123093535,50,126,0.3968253968253968,84,11
v2_random_regular_baseline_s6,v2,random_regular_baseline,6,random_regular,100,4,798,361,4.827574782935489,165,361,0.45706371191135736,28,62
v2_random_regular_baseline_s6,v2,random_regular_baseline,6,random_regular,100,4,799,157,3.8523085179580105,61,157,0.3885350318471338,68,11
v2_random_regular_baseline_s6,v2,random_regular_baseline,6,random_regular,100,4,800,33,2.1458417525857545,11,33,0.3333333333333333,70,0
v2_random_regular_baseline_s6,v2,random_regular_baseline,6,random_regular,100,4,801,62,3.3322045101472035,28,62,0.45161290322580644,58,33
v2_random_regular_baseline_s6,v2,random_regular_baseline,6,random_regular,100,4,802,31,1.7478680974607577,7,31,0.22580645161290322,52,59
v2_random_regular_baseline_s6,v2,random_regular_baseline,6,random_regular,100,4,803,33,2.6701198897918164,17,33,0.5151515151515151,95,33
v2_random_regular_baseline_s6,v2,random_regular_baseline,6,random_regular,100,4,804,56,2.8903717578781647,18,56,0.32142857142857145,6,0
v2_random_regular_baseline_s6,v2,random_regular_baseline,6,random_regular,100,4,805,19,1.9061547465328492,8,19,0.42105263157894735,83,33
v2_random_regular_baseline_s6,v2,random_regular_baseline,6,random_regular,100,4,806,0,0.0,0,0,,59,59
v2_random_regular_baseline_s6,v2,random_regular_baseline,6,random_regular,100,4,807,198,4.141441343444496,76,198,0.3838383838383838,16,11
v2_random_regular_baseline_s6,v2,random_regular_baseline,6,random_regular,100,4,808,13,1.9459101490483133,7,13,0.5384615384615384,42,33
v2_random_regular_baseline_s6,v2,random_regular_baseline,6,random_regular,100,4,809,13,1.791759469222055,6,13,0.46153846153846156,35,11
v2_random_regular_baseline_s6,v2,random_regular_baseline,6,random_regular,100,4,810,2,-1.000088900581841e-12,1,2,0.5,6,33
v2_random_regular_baseline_s6,v2,random_regular_baseline,6,random_regular,100,4,811,0,0.0,0,0,,33,33
v2_random_regular_baseline_s6,v2,random_regular_baseline,6,random_regular,100,4,812,120,3.658162873776453,44,120,0.36666666666666664,19,0
v2_random_regular_baseline_s6,v2,random_regular_baseline,6,random_regular,100,4,813,16,1.791759469222055,6,16,0.375,81,11
v2_random_regular_baseline_s6,v2,random_regular_baseline,6,random_regular,100,4,814,137,3.75250202910378,62,137,0.45255474452554745,90,11
v2_random_regular_baseline_s6,v2,random_regular_baseline,6,random_regular,100,4,815,40,2.5993019270857944,16,40,0.4,10,11
v2_random_regular_baseline_s6,v2,random_regular_baseline,6,random_regular,100,4,816,41,2.857102837424001,20,41,0.4878048780487805,87,62
v2_random_regular_baseline_s6,v2,random_regular_baseline,6,random_regular,100,4,817,169,4.080898481075848,80,169,0.47337278106508873,83,0
v2_random_regular_baseline_s6,v2,random_regular_baseline,6,random_regular,100,4,818,31,2.639057329601259,14,31,0.45161290322580644,67,59
v2_random_regular_baseline_s6,v2,random_regular_baseline,6,random_regular,100,4,819,24,2.302585092984045,10,24,0.4166666666666667,26,0
v2_random_regular_baseline_s6,v2,random_regular_baseline,6,random_regular,100,4,820,5,-1.000088900581841e-12,1,5,0.2,2,59
v2_random_regular_baseline_s6,v2,random_regular_baseline,6,random_regular,100,4,821,45,3.163424050399405,25,45,0.5555555555555556,5,62
v2_random_regular_baseline_s6,v2,random_regular_baseline,6,random_regular,100,4,822,1,-1.000088900581841e-12,1,1,1.0,9,62
v2_random_regular_baseline_s6,v2,random_regular_baseline,6,random_regular,100,4,823,119,3.852064895546162,56,119,0.47058823529411764,67,11
v2_random_regular_baseline_s6,v2,random_regular_baseline,6,random_regular,100,4,824,86,3.4858315997982245,39,86,0.45348837209302323,41,59
v2_random_regular_baseline_s6,v2,random_regular_baseline,6,random_regular,100,4,825,51,2.846480386116867,21,51,0.4117647058823529,56,33
v2_random_regular_baseline_s6,v2,random_regular_baseline,6,random_regular,100,4,826,78,3.4365228305042805,35,78,0.44871794871794873,77,62
v2_random_regular_baseline_s6,v2,random_regular_baseline,6,random_regular,100,4,827,0,0.0,0,0,,33,33
v2_random_regular_baseline_s6,v2,random_regular_baseline,6,random_regular,100,4,828,183,4.031082388109281,72,183,0.39344262295081966,56,33
v2_random_regular_baseline_s6,v2,random_regular_baseline,6,random_regular,100,4,829,46,2.7080502010872096,15,46,0.32608695652173914,34,59
v2_random_regular_baseline_s6,v2,random_regular_baseline,6,random_regular,100,4,830,5,1.0986122886651095,3,5,0.6,84,62
v2_random_regular_baseline_s6,v2,random_regular_baseline,6,random_regular,100,4,831,37,2.685945324654788,16,37,0.43243243243243246,30,0
v2_random_regular_baseline_s6,v2,random_regular_baseline,6,random_regular,100,4,832,3,-1.000088900581841e-12,1,3,0.3333333333333333,75,11
v2_random_regular_baseline_s6,v2,random_regular_baseline,6,random_regular,100,4,833,283,4.361054173722857,119,283,0.4204946996466431,42,62
v2_random_regular_baseline_s6,v2,random_regular_baseline,6,random_regular,100,4,834,1,-1.000088900581841e-12,1,1,1.0,36,33
v2_random_regular_baseline_s6,v2,random_regular_baseline,6,random_regular,100,4,835,58,2.9329842589287325,30,58,0.5172413793103449,53,33
v2_random_regular_baseline_s6,v2,random_regular_baseline,6,random_regular,100,4,836,18,1.9459101490483133,7,18,0.3888888888888889,58,33
v2_random_regular_baseline_s6,v2,random_regular_baseline,6,random_regular,100,4,837,5,-1.000088900581841e-12,1,5,0.2,18,33
v2_random_regular_baseline_s6,v2,random_regular_baseline,6,random_regular,100,4,838,164,4.074397987441413,73,164,0.4451219512195122,63,0
v2_random_regular_baseline_s6,v2,random_regular_baseline,6,random_regular,100,4,839,59,3.044522437702424,21,59,0.3559322033898305,85,11
v2_random_regular_baseline_s6,v2,random_regular_baseline,6,random_regular,100,4,840,3,1.0986122886651095,3,3,1.0,80,59
v2_random_regular_baseline_s6,v2,random_regular_baseline,6,random_regular,100,4,841,163,4.072239685729678,64,163,0.39263803680981596,12,59
v2_random_regular_baseline_s6,v2,random_regular_baseline,6,random_regular,100,4,842,11,1.3862943611158909,4,11,0.36363636363636365,90,62
v2_random_regular_baseline_s6,v2,random_regular_baseline,6,random_regular,100,4,843,38,2.484906649776,12,38,0.3157894736842105,3,11
v2_random_regular_baseline_s6,v2,random_regular_baseline,6,random_regular,100,4,844,10,1.3862943611158909,4,10,0.4,88,62
v2_random_regular_baseline_s6,v2,random_regular_baseline,6,random_regular,100,4,845,68,3.2058430290251567,29,68,0.4264705882352941,57,59
v2_random_regular_baseline_s6,v2,random_regular_baseline,6,random_regular,100,4,846,19,2.2718685126865625,11,19,0.5789473684210527,91,62
v2_random_regular_baseline_s6,v2,random_regular_baseline,6,random_regular,100,4,847,11,1.7478680974607577,7,11,0.6363636363636364,27,33
v2_random_regular_baseline_s6,v2,random_regular_baseline,6,random_regular,100,4,848,15,1.9459101490483133,7,15,0.4666666666666667,72,62
v2_random_regular_baseline_s6,v2,random_regular_baseline,6,random_regular,100,4,849,270,4.237493006098532,102,270,0.37777777777777777,82,62
v2_random_regular_baseline_s6,v2,random_regular_baseline,6,random_regular,100,4,850,31,2.302585092984045,10,31,0.3225806451612903,45,59
v2_random_regular_baseline_s6,v2,random_regular_baseline,6,random_regular,100,4,851,100,3.189454205571105,32,100,0.32,92,62
v2_random_regular_baseline_s6,v2,random_regular_baseline,6,random_regular,100,4,852,68,3.379092505199735,32,68,0.47058823529411764,72,59
v2_random_regular_baseline_s6,v2,random_regular_baseline,6,random_regular,100,4,853,10,1.791759469222055,6,10,0.6,56,62
v2_random_regular_baseline_s6,v2,random_regular_baseline,6,random_regular,100,4,854,62,3.120291565278284,24,62,0.3870967741935484,36,62
v2_random_regular_baseline_s6,v2,random_regular_baseline,6,random_regular,100,4,855,131,3.88411010236432,58,131,0.44274809160305345,77,62
v2_random_regular_baseline_s6,v2,random_regular_baseline,6,random_regular,100,4,856,258,4.088560348878494,95,258,0.3682170542635659,94,11
v2_random_regular_baseline_s6,v2,random_regular_baseline,6,random_regular,100,4,857,67,3.3573060098708574,35,67,0.5223880597014925,45,0
v2_random_regular_baseline_s6,v2,random_regular_baseline,6,random_regular,100,4,858,25,2.197224577327219,9,25,0.36,1,59
v2_random_regular_baseline_s6,v2,random_regular_baseline,6,random_regular,100,4,859,4,0.6931471805579453,2,4,0.5,78,11
v2_random_regular_baseline_s6,v2,random_regular_baseline,6,random_regular,100,4,860,91,3.426637516707924,43,91,0.4725274725274725,57,11
v2_random_regular_baseline_s6,v2,random_regular_baseline,6,random_regular,100,4,861,14,1.9459101490483133,7,14,0.5,71,11
v2_random_regular_baseline_s6,v2,random_regular_baseline,6,random_regular,100,4,862,61,2.894399544411038,23,61,0.3770491803278688,93,33
v2_random_regular_baseline_s6,v2,random_regular_baseline,6,random_regular,100,4,863,46,2.9957322735339904,20,46,0.43478260869565216,71,62
v2_random_regular_baseline_s6,v2,random_regular_baseline,6,random_regular,100,4,864,22,1.9072839993143795,12,22,0.5454545454545454,56,62
v2_random_regular_baseline_s6,v2,random_regular_baseline,6,random_regular,100,4,865,40,2.3419942522214248,14,40,0.35,76,62
v2_random_regular_baseline_s6,v2,random_regular_baseline,6,random_regular,100,4,866,176,4.2291302628033645,74,176,0.42045454545454547,12,33
v2_random_regular_baseline_s6,v2,random_regular_baseline,6,random_regular,100,4,867,148,3.975841177784009,56,148,0.3783783783783784,14,11
v2_random_regular_baseline_s6,v2,random_regular_baseline,6,random_regular,100,4,868,30,2.3978952727873706,11,30,0.36666666666666664,26,62
v2_random_regular_baseline_s6,v2,random_regular_baseline,6,random_regular,100,4,869,10,1.3862943611158909,4,10,0.4,2,0
v2_random_regular_baseline_s6,v2,random_regular_baseline,6,random_regular,100,4,870,27,2.3978952727873706,11,27,0.4074074074074074,90,33
v2_random_regular_baseline_s6,v2,random_regular_baseline,6,random_regular,100,4,871,4,0.6931471805579453,2,4,0.5,94,11
v2_random_regular_baseline_s6,v2,random_regular_baseline,6,random_regular,100,4,872,92,3.302747652589445,35,92,0.3804347826086957,65,11
v2_random_regular_baseline_s6,v2,random_regular_baseline,6,random_regular,100,4,873,35,2.4583113296710835,13,35,0.37142857142857144,76,0
v2_random_regular_baseline_s6,v2,random_regular_baseline,6,random_regular,100,4,874,183,4.178329956356782,80,183,0.4371584699453552,85,0
v2_random_regular_baseline_s6,v2,random_regular_baseline,6,random_regular,100,4,875,70,3.0752205480323718,23,70,0.32857142857142857,75,0
v2_random_regular_baseline_s6,v2,random_regular_baseline,6,random_regular,100,4,876,45,2.596833868882563,20,45,0.4444444444444444,25,11
v2_random_regular_baseline_s6,v2,random_regular_baseline,6,random_regular,100,4,877,67,2.912494403312053,21,67,0.31343283582089554,40,11
v2_random_regular_baseline_s6,v2,random_regular_baseline,6,random_regular,100,4,878,73,3.1836729714587872,28,73,0.3835616438356164,94,33
v2_random_regular_baseline_s6,v2,random_regular_baseline,6,random_regular,100,4,879,3,0.6931471805579453,2,3,0.6666666666666666,94,11
v2_random_regular_baseline_s6,v2,random_regular_baseline,6,random_regular,100,4,880,105,3.6003698151638166,48,105,0.45714285714285713,51,59
v2_random_regular_baseline_s6,v2,random_regular_baseline,6,random_regular,100,4,881,6,1.0986122886651095,3,6,0.5,87,62
v2_random_regular_baseline_s6,v2,random_regular_baseline,6,random_regular,100,4,882,39,2.871476118036867,19,39,0.48717948717948717,36,33
v2_random_regular_baseline_s6,v2,random_regular_baseline,6,random_regular,100,4,883,172,3.9086687595745895,66,172,0.38372093023255816,85,33
v2_random_regular_baseline_s6,v2,random_regular_baseline,6,random_regular,100,4,884,52,2.4914937218654387,21,52,0.40384615384615385,84,33
v2_random_regular_baseline_s6,v2,random_regular_baseline,6,random_regular,100,4,885,114,3.658162873776453,44,114,0.38596491228070173,82,0
v2_random_regular_baseline_s6,v2,random_regular_baseline,6,random_regular,100,4,886,74,3.367295829957475,29,74,0.3918918918918919,28,33
v2_random_regular_baseline_s6,v2,random_regular_baseline,6,random_regular,100,4,887,21,2.1458417525857545,11,21,0.5238095238095238,83,59
v2_random_regular_baseline_s6,v2,random_regular_baseline,6,random_regular,100,4,888,26,1.8636799873340004,12,26,0.46153846153846156,12,11
v2_random_regular_baseline_s6,v2,random_regular_baseline,6,random_regular,100,4,889,16,2.197224577327219,9,16,0.5625,14,33
v2_random_regular_baseline_s6,v2,random_regular_baseline,6,random_regular,100,4,890,93,3.357306009870857,35,93,0.3763440860215054,8,59
v2_random_regular_baseline_s6,v2,random_regular_baseline,6,random_regular,100,4,891,19,1.9459101490483133,7,19,0.3684210526315789,1,59
v2_random_regular_baseline_s6,v2,random_regular_baseline,6,random_regular,100,4,892,33,2.302585092984045,10,33,0.30303030303030304,67,59
v2_random_regular_baseline_s6,v2,random_regular_baseline,6,random_regular,100,4,893,90,3.422414203983732,32,90,0.35555555555555557,9,62
v2_random_regular_baseline_s6,v2,random_regular_baseline,6,random_regular,100,4,894,5,1.0986122886651095,3,5,0.6,60,11
v2_random_regular_baseline_s6,v2,random_regular_baseline,6,random_regular,100,4,895,117,3.68343632429644,45,117,0.38461538461538464,92,11
v2_random_regular_baseline_s6,v2,random_regular_baseline,6,random_regular,100,4,896,60,3.204777524107256,26,60,0.43333333333333335,26,11
v2_random_regular_baseline_s6,v2,random_regular_baseline,6,random_regular,100,4,897,112,3.798504562506707,46,112,0.4107142857142857,23,0
v2_random_regular_baseline_s6,v2,random_regular_baseline,6,random_regular,100,4,898,96,3.583257490460173,44,96,0.4583333333333333,9,33
v2_random_regular_baseline_s6,v2,random_regular_baseline,6,random_regular,100,4,899,13,2.079441541671836,8,13,0.6153846153846154,78,62
v2_random_regular_baseline_s6,v2,random_regular_baseline,6,random_regular,100,4,900,52,2.857102837424001,20,52,0.38461538461538464,46,33
v2_random_regular_baseline_s6,v2,random_regular_baseline,6,random_regular,100,4,901,6,1.3862943611158909,4,6,0.6666666666666666,73,33
v2_random_regular_baseline_s6,v2,random_regular_baseline,6,random_regular,100,4,902,16,1.9459101490483133,7,16,0.4375,13,11
v2_random_regular_baseline_s6,v2,random_regular_baseline,6,random_regular,100,4,903,344,4.452566423026607,131,344,0.3808139534883721,6,62
v2_random_regular_baseline_s6,v2,random_regular_baseline,6,random_regular,100,4,904,95,3.5213776090567093,39,95,0.4105263157894737,50,11
v2_random_regular_baseline_s6,v2,random_regular_baseline,6,random_regular,100,4,905,55,3.1780538303239454,24,55,0.43636363636363634,25,33
v2_random_regular_baseline_s6,v2,random_regular_baseline,6,random_regular,100,4,906,148,3.854574699589376,60,148,0.40540540540540543,92,62
v2_random_regular_baseline_s6,v2,random_regular_baseline,6,random_regular,100,4,907,99,3.5734504974428223,37,99,0.37373737373737376,67,62
v2_random_regular_baseline_s6,v2,random_regular_baseline,6,random_regular,100,4,908,297,4.416194148917889,121,297,0.4074074074074074,19,0
v2_random_regular_baseline_s6,v2,random_regular_baseline,6,random_regular,100,4,909,64,3.204777524107256,26,64,0.40625,74,59
v2_random_regular_baseline_s6,v2,random_regular_baseline,6,random_regular,100,4,910,12,1.6094379124291005,5,12,0.4166666666666667,58,0
v2_random_regular_baseline_s6,v2,random_regular_baseline,6,random_regular,100,4,911,46,2.751666616915516,17,46,0.3695652173913043,44,0
v2_random_regular_baseline_s6,v2,random_regular_baseline,6,random_regular,100,4,912,143,3.753062821405451,65,143,0.45454545454545453,94,33
v2_random_regular_baseline_s6,v2,random_regular_baseline,6,random_regular,100,4,913,160,3.711047107735691,55,160,0.34375,64,11
v2_random_regular_baseline_s6,v2,random_regular_baseline,6,random_regular,100,4,914,87,3.170148321450507,30,87,0.3448275862068966,43,33
v2_random_regular_baseline_s6,v2,random_regular_baseline,6,random_regular,100,4,915,1,-1.000088900581841e-12,1,1,1.0,91,11
v2_random_regular_baseline_s6,v2,random_regular_baseline,6,random_regular,100,4,916,76,3.5155926589389503,40,76,0.5263157894736842,38,33
v2_random_regular_baseline_s6,v2,random_regular_baseline,6,random_regular,100,4,917,199,4.214524789581656,78,199,0.39195979899497485,99,62
v2_random_regular_baseline_s6,v2,random_regular_baseline,6,random_regular,100,4,918,110,3.5202441104112694,44,110,0.4,42,33
v2_random_regular_baseline_s6,v2,random_regular_baseline,6,random_regular,100,4,919,4,0.6931471805579453,2,4,0.5,68,59
v2_random_regular_baseline_s6,v2,random_regular_baseline,6,random_regular,100,4,920,20,2.197224577327219,9,20,0.45,53,11
v2_random_regular_baseline_s6,v2,random_regular_baseline,6,random_regular,100,4,921,234,4.259331394554182,104,234,0.4444444444444444,76,62
v2_random_regular_baseline_s6,v2,random_regular_baseline,6,random_regular,100,4,922,1,-1.000088900581841e-12,1,1,1.0,36,33
v2_random_regular_baseline_s6,v2,random_regular_baseline,6,random_regular,100,4,923,8,1.6094379124291005,5,8,0.625,38,59
v2_random_regular_baseline_s6,v2,random_regular_baseline,6,random_regular,100,4,924,23,1.9061547465328492,8,23,0.34782608695652173,68,11
v2_random_regular_baseline_s6,v2,random_regular_baseline,6,random_regular,100,4,925,5,0.6931471805579453,2,5,0.4,50,0
v2_random_regular_baseline_s6,v2,random_regular_baseline,6,random_regular,100,4,926,6,1.0986122886651095,3,6,0.5,6,33
v2_random_regular_baseline_s6,v2,random_regular_baseline,6,random_regular,100,4,927,8,1.6094379124291005,5,8,0.625,76,33
v2_random_regular_baseline_s6,v2,random_regular_baseline,6,random_regular,100,4,928,304,4.50103985971398,125,304,0.41118421052631576,69,11
v2_random_regular_baseline_s6,v2,random_regular_baseline,6,random_regular,100,4,929,1,-1.000088900581841e-12,1,1,1.0,75,0
v2_random_regular_baseline_s6,v2,random_regular_baseline,6,random_regular,100,4,930,8,1.3862943611158909,4,8,0.5,1,33
v2_random_regular_baseline_s6,v2,random_regular_baseline,6,random_regular,100,4,931,24,1.9459101490483133,7,24,0.2916666666666667,58,0
v2_random_regular_baseline_s6,v2,random_regular_baseline,6,random_regular,100,4,932,11,1.6094379124291005,5,11,0.45454545454545453,73,33
v2_random_regular_baseline_s6,v2,random_regular_baseline,6,random_regular,100,4,933,78,3.4544986414005443,33,78,0.4230769230769231,19,0
v2_random_regular_baseline_s6,v2,random_regular_baseline,6,random_regular,100,4,934,128,3.597312783120193,63,128,0.4921875,54,59
v2_random_regular_baseline_s6,v2,random_regular_baseline,6,random_regular,100,4,935,158,3.792469945491408,59,158,0.37341772151898733,81,33
v2_random_regular_baseline_s6,v2,random_regular_baseline,6,random_regular,100,4,936,99,3.738230894633928,46,99,0.46464646464646464,64,11
v2_random_regular_baseline_s6,v2,random_regular_baseline,6,random_regular,100,4,937,30,2.253857589591352,12,30,0.4,16,0
v2_random_regular_baseline_s6,v2,random_regular_baseline,6,random_regular,100,4,938,164,3.900051766110529,81,164,0.49390243902439024,12,62
v2_random_regular_baseline_s6,v2,random_regular_baseline,6,random_regular,100,4,939,79,3.3176975995541462,35,79,0.4430379746835443,1,62
v2_random_regular_baseline_s6,v2,random_regular_baseline,6,random_regular,100,4,940,5,-1.000088900581841e-12,1,5,0.2,9,62
v2_random_regular_baseline_s6,v2,random_regular_baseline,6,random_regular,100,4,941,196,4.010844780085092,70,196,0.35714285714285715,14,62
v2_random_regular_baseline_s6,v2,random_regular_baseline,6,random_regular,100,4,942,173,3.967097347146706,63,173,0.36416184971098264,7,33
v2_random_regular_baseline_s6,v2,random_regular_baseline,6,random_regular,100,4,943,199,3.9633508008006775,78,199,0.39195979899497485,80,0
v2_random_regular_baseline_s6,v2,random_regular_baseline,6,random_regular,100,4,944,19,1.9459101490483133,7,19,0.3684210526315789,71,59
v2_random_regular_baseline_s6,v2,random_regular_baseline,6,random_regular,100,4,945,68,2.954673212284816,23,68,0.3382352941176471,94,33
v2_random_regular_baseline_s6,v2,random_regular_baseline,6,random_regular,100,4,946,5,1.3862943611158909,4,5,0.8,92,62
v2_random_regular_baseline_s6,v2,random_regular_baseline,6,random_regular,100,4,947,170,3.671503169417828,62,170,0.36470588235294116,26,33
v2_random_regular_baseline_s6,v2,random_regular_baseline,6,random_regular,100,4,948,0,0.0,0,0,,0,0
v2_random_regular_baseline_s6,v2,random_regular_baseline,6,random_regular,100,4,949,31,2.4583113296710835,13,31,0.41935483870967744,40,59
v2_random_regular_baseline_s6,v2,random_regular_baseline,6,random_regular,100,4,950,50,2.9034007581609185,24,50,0.48,25,11
v2_random_regular_baseline_s6,v2,random_regular_baseline,6,random_regular,100,4,951,194,3.9205395968665697,77,194,0.39690721649484534,69,0
v2_random_regular_baseline_s6,v2,random_regular_baseline,6,random_regular,100,4,952,87,3.2238860684653137,29,87,0.3333333333333333,28,11
v2_random_regular_baseline_s6,v2,random_regular_baseline,6,random_regular,100,4,953,0,0.0,0,0,,33,33
v2_random_regular_baseline_s6,v2,random_regular_baseline,6,random_regular,100,4,954,10,1.6094379124291005,5,10,0.5,60,11
v2_random_regular_baseline_s6,v2,random_regular_baseline,6,random_regular,100,4,955,89,3.696721308158614,43,89,0.48314606741573035,47,33
v2_random_regular_baseline_s6,v2,random_regular_baseline,6,random_regular,100,4,956,33,2.639057329601259,14,33,0.42424242424242425,58,59
v2_random_regular_baseline_s6,v2,random_regular_baseline,6,random_regular,100,4,957,28,2.197224577327219,9,28,0.32142857142857145,94,0
v2_random_regular_baseline_s6,v2,random_regular_baseline,6,random_regular,100,4,958,232,4.136771317744643,85,232,0.36637931034482757,46,62
v2_random_regular_baseline_s6,v2,random_regular_baseline,6,random_regular,100,4,959,7,1.3862943611158909,4,7,0.5714285714285714,88,62
v2_random_regular_baseline_s6,v2,random_regular_baseline,6,random_regular,100,4,960,49,2.926417555478996,20,49,0.40816326530612246,35,0
v2_random_regular_baseline_s6,v2,random_regular_baseline,6,random_regular,100,4,961,84,3.464121061481632,38,84,0.4523809523809524,49,11
v2_random_regular_baseline_s6,v2,random_regular_baseline,6,random_regular,100,4,962,224,4.48655435586944,107,224,0.47767857142857145,76,62
v2_random_regular_baseline_s6,v2,random_regular_baseline,6,random_regular,100,4,963,0,0.0,0,0,,59,59
v2_random_regular_baseline_s6,v2,random_regular_baseline,6,random_regular,100,4,964,84,3.498515667114017,37,84,0.44047619047619047,69,11
v2_random_regular_baseline_s6,v2,random_regular_baseline,6,random_regular,100,4,965,0,0.0,0,0,,11,11
v2_random_regular_baseline_s6,v2,random_regular_baseline,6,random_regular,100,4,966,18,2.484906649776,12,18,0.6666666666666666,31,11
v2_random_regular_baseline_s6,v2,random_regular_baseline,6,random_regular,100,4,967,12,1.791759469222055,6,12,0.5,56,62
v2_random_regular_baseline_s6,v2,random_regular_baseline,6,random_regular,100,4,968,195,4.150257225692527,84,195,0.4307692307692308,31,62
v2_random_regular_baseline_s6,v2,random_regular_baseline,6,random_regular,100,4,969,89,3.6280156368321625,39,89,0.43820224719101125,3,59
v2_random_regular_baseline_s6,v2,random_regular_baseline,6,random_regular,100,4,970,77,3.444813797459462,34,77,0.44155844155844154,97,0
v2_random_regular_baseline_s6,v2,random_regular_baseline,6,random_regular,100,4,971,42,2.430791328866232,15,42,0.35714285714285715,15,0
v2_random_regular_baseline_s6,v2,random_regular_baseline,6,random_regular,100,4,972,38,2.926417555478996,20,38,0.5263157894736842,50,59
v2_random_regular_baseline_s6,v2,random_regular_baseline,6,random_regular,100,4,973,88,3.422414203983732,32,88,0.36363636363636365,83,62
v2_random_regular_baseline_s6,v2,random_regular_baseline,6,random_regular,100,4,974,333,4.544342167869655,131,333,0.3933933933933934,43,59
v2_random_regular_baseline_s6,v2,random_regular_baseline,6,random_regular,100,4,975,17,1.9459101490483133,7,17,0.4117647058823529,43,33
v2_random_regular_baseline_s6,v2,random_regular_baseline,6,random_regular,100,4,976,14,2.197224577327219,9,14,0.6428571428571429,88,59
v2_random_regular_baseline_s6,v2,random_regular_baseline,6,random_regular,100,4,977,51,3.052520501511814,25,51,0.49019607843137253,94,62
v2_random_regular_baseline_s6,v2,random_regular_baseline,6,random_regular,100,4,978,9,1.6094379124291005,5,9,0.5555555555555556,65,59
v2_random_regular_baseline_s6,v2,random_regular_baseline,6,random_regular,100,4,979,21,2.1639556568730565,10,21,0.47619047619047616,98,0
v2_random_regular_baseline_s6,v2,random_regular_baseline,6,random_regular,100,4,980,1,-1.000088900581841e-12,1,1,1.0,39,0
v2_random_regular_baseline_s6,v2,random_regular_baseline,6,random_regular,100,4,981,204,4.271790130293937,77,204,0.37745098039215685,43,33
v2_random_regular_baseline_s6,v2,random_regular_baseline,6,random_regular,100,4,982,65,3.0280290732864104,22,65,0.3384615384615385,86,0
v2_random_regular_baseline_s6,v2,random_regular_baseline,6,random_regular,100,4,983,212,4.162640073032994,75,212,0.35377358490566035,35,0
v2_random_regular_baseline_s6,v2,random_regular_baseline,6,random_regular,100,4,984,1,-1.000088900581841e-12,1,1,1.0,36,33
v2_random_regular_baseline_s6,v2,random_regular_baseline,6,random_regular,100,4,985,53,2.3786201993982123,19,53,0.3584905660377358,16,33
v2_random_regular_baseline_s6,v2,random_regular_baseline,6,random_regular,100,4,986,6,-1.000088900581841e-12,1,6,0.16666666666666666,39,0
v2_random_regular_baseline_s6,v2,random_regular_baseline,6,random_regular,100,4,987,32,2.751666616915516,17,32,0.53125,57,59
v2_random_regular_baseline_s6,v2,random_regular_baseline,6,random_regular,100,4,988,2,-1.000088900581841e-12,1,2,0.5,36,33
v2_random_regular_baseline_s6,v2,random_regular_baseline,6,random_regular,100,4,989,21,2.3978952727873706,11,21,0.5238095238095238,61,59
v2_random_regular_baseline_s6,v2,random_regular_baseline,6,random_regular,100,4,990,0,0.0,0,0,,0,0
v2_random_regular_baseline_s6,v2,random_regular_baseline,6,random_regular,100,4,991,18,1.9459101490483133,7,18,0.3888888888888889,97,0
v2_random_regular_baseline_s6,v2,random_regular_baseline,6,random_regular,100,4,992,8,-1.000088900581841e-12,1,8,0.125,32,59
v2_random_regular_baseline_s6,v2,random_regular_baseline,6,random_regular,100,4,993,47,3.244492630381296,27,47,0.574468085106383,21,0
v2_random_regular_baseline_s6,v2,random_regular_baseline,6,random_regular,100,4,994,2,0.6931471805579453,2,2,1.0,64,33
v2_random_regular_baseline_s6,v2,random_regular_baseline,6,random_regular,100,4,995,0,0.0,0,0,,11,11
v2_random_regular_baseline_s6,v2,random_regular_baseline,6,random_regular,100,4,996,255,4.309927874197683,103,255,0.403921568627451,67,59
v2_random_regular_baseline_s6,v2,random_regular_baseline,6,random_regular,100,4,997,17,1.6094379124291005,5,17,0.29411764705882354,56,33
v2_random_regular_baseline_s6,v2,random_regular_baseline,6,random_regular,100,4,998,76,3.3345041647330413,37,76,0.4868421052631579,70,62
v2_random_regular_baseline_s6,v2,random_regular_baseline,6,random_regular,100,4,999,76,3.297036749568639,37,76,0.4868421052631579,20,62
