run_id,validation_version,condition,seed,topology,n_nodes,degree,episode_idx,hitting_time,path_entropy,accepted_moves,attempted_moves,accept_rate,start_node,final_node
v2_random_regular_baseline_s15,v2,random_regular_baseline,15,random_regular,100,4,0,116,3.498515667114017,37,116,0.31896551724137934,89,81
v2_random_regular_baseline_s15,v2,random_regular_baseline,15,random_regular,100,4,1,95,3.308777757559495,30,95,0.3157894736842105,21,53
v2_random_regular_baseline_s15,v2,random_regular_baseline,15,random_regular,100,4,2,12,1.3862943611158909,4,12,0.3333333333333333,61,95
v2_random_regular_baseline_s15,v2,random_regular_baseline,15,random_regular,100,4,3,93,3.24542749268087,37,93,0.3978494623655914,37,29
v2_random_regular_baseline_s15,v2,random_regular_baseline,15,random_regular,100,4,4,114,3.731290168531232,51,114,0.4473684210526316,33,29
v2_random_regular_baseline_s15,v2,random_regular_baseline,15,random_regular,100,4,5,71,2.309632530927064,21,71,0.29577464788732394,79,29
v2_random_regular_baseline_s15,v2,random_regular_baseline,15,random_regular,100,4,6,145,3.345485938735852,53,145,0.36551724137931035,66,72
v2_random_regular_baseline_s15,v2,random_regular_baseline,15,random_regular,100,4,7,130,3.634764133164168,50,130,0.38461538461538464,61,95
v2_random_regular_baseline_s15,v2,random_regular_baseline,15,random_regular,100,4,8,173,4.038349723439344,72,173,0.4161849710982659,87,72
v2_random_regular_baseline_s15,v2,random_regular_baseline,15,random_regular,100,4,9,65,3.052520501511814,25,65,0.38461538461538464,82,53
v2_random_regular_baseline_s15,v2,random_regular_baseline,15,random_regular,100,4,10,209,4.195519790827076,90,209,0.430622009569378,88,81
v2_random_regular_baseline_s15,v2,random_regular_baseline,15,random_regular,100,4,11,250,4.28701550258872,94,250,0.376,36,29
v2_random_regular_baseline_s15,v2,random_regular_baseline,15,random_regular,100,4,12,118,3.457230730361365,44,118,0.3728813559322034,44,29
v2_random_regular_baseline_s15,v2,random_regular_baseline,15,random_regular,100,4,13,210,4.22258718921124,86,210,0.4095238095238095,30,95
v2_random_regular_baseline_s15,v2,random_regular_baseline,15,random_regular,100,4,14,103,3.379193572022772,39,103,0.3786407766990291,85,72
v2_random_regular_baseline_s15,v2,random_regular_baseline,15,random_regular,100,4,15,39,2.3516733018936304,13,39,0.3333333333333333,4,53
v2_random_regular_baseline_s15,v2,random_regular_baseline,15,random_regular,100,4,16,102,3.3969144201875685,35,102,0.3431372549019608,60,29
v2_random_regular_baseline_s15,v2,random_regular_baseline,15,random_regular,100,4,17,141,3.906338630513458,61,141,0.4326241134751773,58,81
v2_random_regular_baseline_s15,v2,random_regular_baseline,15,random_regular,100,4,18,38,2.197224577327219,9,38,0.23684210526315788,74,29
v2_random_regular_baseline_s15,v2,random_regular_baseline,15,random_regular,100,4,19,122,3.612135893901438,41,122,0.3360655737704918,60,53
v2_random_regular_baseline_s15,v2,random_regular_baseline,15,random_regular,100,4,20,44,2.540036303807981,14,44,0.3181818181818182,32,95
v2_random_regular_baseline_s15,v2,random_regular_baseline,15,random_regular,100,4,21,104,3.587834535437795,43,104,0.41346153846153844,32,81
v2_random_regular_baseline_s15,v2,random_regular_baseline,15,random_regular,100,4,22,24,2.079441541671836,8,24,0.3333333333333333,93,72
v2_random_regular_baseline_s15,v2,random_regular_baseline,15,random_regular,100,4,23,84,3.302747652589445,35,84,0.4166666666666667,36,53
v2_random_regular_baseline_s15,v2,random_regular_baseline,15,random_regular,100,4,24,2,0.6931471805579453,2,2,1.0,99,95
v2_random_regular_baseline_s15,v2,random_regular_baseline,15,random_regular,100,4,25,53,2.751666616915516,17,53,0.32075471698113206,36,72
v2_random_regular_baseline_s15,v2,random_regular_baseline,15,random_regular,100,4,26,166,3.934098837133368,64,166,0.3855421686746988,46,95
v2_random_regular_baseline_s15,v2,random_regular_baseline,15,random_regular,100,4,27,69,3.1399967357542797,29,69,0.42028985507246375,12,72
v2_random_regular_baseline_s15,v2,random_regular_baseline,15,random_regular,100,4,28,3,-1.000088900581841e-12,1,3,0.3333333333333333,38,72
v2_random_regular_baseline_s15,v2,random_regular_baseline,15,random_regular,100,4,29,168,4.007257137555183,64,168,0.38095238095238093,19,95
v2_random_regular_baseline_s15,v2,random_regular_baseline,15,random_regular,100,4,30,8,1.3862943611158909,4,8,0.5,88,29
v2_random_regular_baseline_s15,v2,random_regular_baseline,15,random_regular,100,4,31,142,3.623825124380899,62,142,0.43661971830985913,46,53
v2_random_regular_baseline_s15,v2,random_regular_baseline,15,random_regular,100,4,32,53,2.846480386116867,21,53,0.39622641509433965,13,95
v2_random_regular_baseline_s15,v2,random_regular_baseline,15,random_regular,100,4,33,164,3.959477872458816,68,164,0.4146341463414634,43,72
v2_random_regular_baseline_s15,v2,random_regular_baseline,15,random_regular,100,4,34,47,2.61563057701355,15,47,0.3191489361702128,62,72
v2_random_regular_baseline_s15,v2,random_regular_baseline,15,random_regular,100,4,35,34,2.8903717578781647,18,34,0.5294117647058824,86,81
v2_random_regular_baseline_s15,v2,random_regular_baseline,15,random_regular,100,4,36,85,3.2924491076317413,32,85,0.3764705882352941,38,53
v2_random_regular_baseline_s15,v2,random_regular_baseline,15,random_regular,100,4,37,74,3.259138925175433,39,74,0.527027027027027,16,29
v2_random_regular_baseline_s15,v2,random_regular_baseline,15,random_regular,100,4,38,19,2.079441541671836,8,19,0.42105263157894735,24,95
v2_random_regular_baseline_s15,v2,random_regular_baseline,15,random_regular,100,4,39,25,2.3978952727873706,11,25,0.44,70,72
v2_random_regular_baseline_s15,v2,random_regular_baseline,15,random_regular,100,4,40,38,2.6701198897918164,17,38,0.4473684210526316,20,29
v2_random_regular_baseline_s15,v2,random_regular_baseline,15,random_regular,100,4,41,153,3.61174733584509,60,153,0.39215686274509803,19,72
v2_random_regular_baseline_s15,v2,random_regular_baseline,15,random_regular,100,4,42,56,3.120291565278284,24,56,0.42857142857142855,41,81
v2_random_regular_baseline_s15,v2,random_regular_baseline,15,random_regular,100,4,43,229,4.295883235380915,97,229,0.42358078602620086,47,53
v2_random_regular_baseline_s15,v2,random_regular_baseline,15,random_regular,100,4,44,56,3.0904599235931967,27,56,0.48214285714285715,12,81
v2_random_regular_baseline_s15,v2,random_regular_baseline,15,random_regular,100,4,45,34,2.725550395815721,19,34,0.5588235294117647,6,53
v2_random_regular_baseline_s15,v2,random_regular_baseline,15,random_regular,100,4,46,20,2.302585092984045,10,20,0.5,47,72
v2_random_regular_baseline_s15,v2,random_regular_baseline,15,random_regular,100,4,47,138,3.650952420689421,58,138,0.42028985507246375,51,72
v2_random_regular_baseline_s15,v2,random_regular_baseline,15,random_regular,100,4,48,145,3.5592542927696083,49,145,0.33793103448275863,79,95
v2_random_regular_baseline_s15,v2,random_regular_baseline,15,random_regular,100,4,49,27,2.079441541671836,8,27,0.2962962962962963,36,29
v2_random_regular_baseline_s15,v2,random_regular_baseline,15,random_regular,100,4,50,111,3.67795722676115,46,111,0.4144144144144144,59,53
v2_random_regular_baseline_s15,v2,random_regular_baseline,15,random_regular,100,4,51,63,2.8152049266019468,22,63,0.3492063492063492,56,81
v2_random_regular_baseline_s15,v2,random_regular_baseline,15,random_regular,100,4,52,0,0.0,0,0,,81,81
v2_random_regular_baseline_s15,v2,random_regular_baseline,15,random_regular,100,4,53,144,4.099108003277982,71,144,0.4930555555555556,14,95
v2_random_regular_baseline_s15,v2,random_regular_baseline,15,random_regular,100,4,54,53,2.7804663689216818,21,53,0.39622641509433965,94,29
v2_random_regular_baseline_s15,v2,random_regular_baseline,15,random_regular,100,4,55,53,2.857102837424001,20,53,0.37735849056603776,54,53
v2_random_regular_baseline_s15,v2,random_regular_baseline,15,random_regular,100,4,56,121,3.8918202980616265,49,121,0.4049586776859504,43,95
v2_random_regular_baseline_s15,v2,random_regular_baseline,15,random_regular,100,4,57,23,2.1639556568730565,10,23,0.43478260869565216,15,81
v2_random_regular_baseline_s15,v2,random_regular_baseline,15,random_regular,100,4,58,21,2.3978952727873706,11,21,0.5238095238095238,1,95
v2_random_regular_baseline_s15,v2,random_regular_baseline,15,random_regular,100,4,59,70,3.2103913397623893,31,70,0.44285714285714284,75,72
v2_random_regular_baseline_s15,v2,random_regular_baseline,15,random_regular,100,4,60,58,3.389268031515795,31,58,0.5344827586206896,69,29
v2_random_regular_baseline_s15,v2,random_regular_baseline,15,random_regular,100,4,61,1,-1.000088900581841e-12,1,1,1.0,41,95
v2_random_regular_baseline_s15,v2,random_regular_baseline,15,random_regular,100,4,62,45,2.3221879427950656,18,45,0.4,51,53
v2_random_regular_baseline_s15,v2,random_regular_baseline,15,random_regular,100,4,63,21,1.3862943611158909,4,21,0.19047619047619047,25,81
v2_random_regular_baseline_s15,v2,random_regular_baseline,15,random_regular,100,4,64,33,2.4583113296710835,13,33,0.3939393939393939,30,95
v2_random_regular_baseline_s15,v2,random_regular_baseline,15,random_regular,100,4,65,45,3.028029073286411,22,45,0.4888888888888889,36,29
v2_random_regular_baseline_s15,v2,random_regular_baseline,15,random_regular,100,4,66,63,3.0149468801585937,23,63,0.36507936507936506,2,53
v2_random_regular_baseline_s15,v2,random_regular_baseline,15,random_regular,100,4,67,17,1.9459101490483133,7,17,0.4117647058823529,89,72
v2_random_regular_baseline_s15,v2,random_regular_baseline,15,random_regular,100,4,68,205,3.939783608729039,65,205,0.3170731707317073,68,53
v2_random_regular_baseline_s15,v2,random_regular_baseline,15,random_regular,100,4,69,66,2.9785084205072385,21,66,0.3181818181818182,19,53
v2_random_regular_baseline_s15,v2,random_regular_baseline,15,random_regular,100,4,70,44,2.871476118036867,19,44,0.4318181818181818,30,29
v2_random_regular_baseline_s15,v2,random_regular_baseline,15,random_regular,100,4,71,51,3.134162458562648,28,51,0.5490196078431373,44,29
v2_random_regular_baseline_s15,v2,random_regular_baseline,15,random_regular,100,4,72,186,4.026619316657681,80,186,0.43010752688172044,45,29
v2_random_regular_baseline_s15,v2,random_regular_baseline,15,random_regular,100,4,73,205,4.121159347401707,88,205,0.4292682926829268,42,53
v2_random_regular_baseline_s15,v2,random_regular_baseline,15,random_regular,100,4,74,38,2.7144523517264965,21,38,0.5526315789473685,3,81
v2_random_regular_baseline_s15,v2,random_regular_baseline,15,random_regular,100,4,75,43,2.450396282943756,21,43,0.4883720930232558,31,72
v2_random_regular_baseline_s15,v2,random_regular_baseline,15,random_regular,100,4,76,11,1.6094379124291005,5,11,0.45454545454545453,43,29
v2_random_regular_baseline_s15,v2,random_regular_baseline,15,random_regular,100,4,77,75,3.299829685639092,31,75,0.41333333333333333,7,81
v2_random_regular_baseline_s15,v2,random_regular_baseline,15,random_regular,100,4,78,55,3.044522437702424,21,55,0.38181818181818183,56,95
v2_random_regular_baseline_s15,v2,random_regular_baseline,15,random_regular,100,4,79,89,3.0703160767471824,31,89,0.34831460674157305,24,81
v2_random_regular_baseline_s15,v2,random_regular_baseline,15,random_regular,100,4,80,32,2.725550395815721,19,32,0.59375,31,29
v2_random_regular_baseline_s15,v2,random_regular_baseline,15,random_regular,100,4,81,127,3.755676480770567,48,127,0.3779527559055118,64,72
v2_random_regular_baseline_s15,v2,random_regular_baseline,15,random_regular,100,4,82,39,2.5649493574485365,13,39,0.3333333333333333,23,95
v2_random_regular_baseline_s15,v2,random_regular_baseline,15,random_regular,100,4,83,168,3.9033148576112735,68,168,0.40476190476190477,89,53
v2_random_regular_baseline_s15,v2,random_regular_baseline,15,random_regular,100,4,84,203,3.867339443369515,89,203,0.43842364532019706,86,95
v2_random_regular_baseline_s15,v2,random_regular_baseline,15,random_regular,100,4,85,8,1.6094379124291005,5,8,0.625,73,29
v2_random_regular_baseline_s15,v2,random_regular_baseline,15,random_regular,100,4,86,115,3.74504940701088,45,115,0.391304347826087,89,72
v2_random_regular_baseline_s15,v2,random_regular_baseline,15,random_regular,100,4,87,88,3.491660437469239,38,88,0.4318181818181818,94,72
v2_random_regular_baseline_s15,v2,random_regular_baseline,15,random_regular,100,4,88,42,2.6895357734519942,21,42,0.5,26,72
v2_random_regular_baseline_s15,v2,random_regular_baseline,15,random_regular,100,4,89,167,4.002854626234337,67,167,0.40119760479041916,49,81
v2_random_regular_baseline_s15,v2,random_regular_baseline,15,random_regular,100,4,90,35,2.588573162668117,17,35,0.4857142857142857,76,72
v2_random_regular_baseline_s15,v2,random_regular_baseline,15,random_regular,100,4,91,22,2.3516733018936304,13,22,0.5909090909090909,79,81
v2_random_regular_baseline_s15,v2,random_regular_baseline,15,random_regular,100,4,92,519,4.770816369394299,212,519,0.40847784200385356,39,29
v2_random_regular_baseline_s15,v2,random_regular_baseline,15,random_regular,100,4,93,82,3.271689322296034,29,82,0.35365853658536583,32,81
v2_random_regular_baseline_s15,v2,random_regular_baseline,15,random_regular,100,4,94,438,4.747386500065437,172,438,0.3926940639269406,24,95
v2_random_regular_baseline_s15,v2,random_regular_baseline,15,random_regular,100,4,95,0,0.0,0,0,,53,53
v2_random_regular_baseline_s15,v2,random_regular_baseline,15,random_regular,100,4,96,39,2.639057329601259,14,39,0.358974358974359,34,72
v2_random_regular_baseline_s15,v2,random_regular_baseline,15,random_regular,100,4,97,185,3.914596448727707,72,185,0.3891891891891892,47,53
v2_random_regular_baseline_s15,v2,random_regular_baseline,15,random_regular,100,4,98,13,1.3862943611158909,4,13,0.3076923076923077,88,72
v2_random_regular_baseline_s15,v2,random_regular_baseline,15,random_regular,100,4,99,186,4.22447390537922,85,186,0.45698924731182794,0,72
v2_random_regular_baseline_s15,v2,random_regular_baseline,15,random_regular,100,4,100,131,3.683099712933856,49,131,0.37404580152671757,86,81
v2_random_regular_baseline_s15,v2,random_regular_baseline,15,random_regular,100,4,101,93,3.612135893901438,41,93,0.44086021505376344,16,95
v2_random_regular_baseline_s15,v2,random_regular_baseline,15,random_regular,100,4,102,0,0.0,0,0,,72,72
v2_random_regular_baseline_s15,v2,random_regular_baseline,15,random_regular,100,4,103,4,0.6931471805579453,2,4,0.5,99,95
v2_random_regular_baseline_s15,v2,random_regular_baseline,15,random_regular,100,4,104,38,2.5993019270857944,16,38,0.42105263157894735,13,29
v2_random_regular_baseline_s15,v2,random_regular_baseline,15,random_regular,100,4,105,1,-1.000088900581841e-12,1,1,1.0,18,72
v2_random_regular_baseline_s15,v2,random_regular_baseline,15,random_regular,100,4,106,109,3.7113914345883634,49,109,0.44954128440366975,13,72
v2_random_regular_baseline_s15,v2,random_regular_baseline,15,random_regular,100,4,107,27,1.9459101490483133,7,27,0.25925925925925924,46,53
v2_random_regular_baseline_s15,v2,random_regular_baseline,15,random_regular,100,4,108,133,3.833703685298017,59,133,0.44360902255639095,97,29
v2_random_regular_baseline_s15,v2,random_regular_baseline,15,random_regular,100,4,109,67,2.991501468554349,26,67,0.3880597014925373,38,81
v2_random_regular_baseline_s15,v2,random_regular_baseline,15,random_regular,100,4,110,123,3.731290168531232,51,123,0.4146341463414634,69,29
v2_random_regular_baseline_s15,v2,random_regular_baseline,15,random_regular,100,4,111,22,2.3978952727873706,11,22,0.5,58,81
v2_random_regular_baseline_s15,v2,random_regular_baseline,15,random_regular,100,4,112,42,2.540036303807981,14,42,0.3333333333333333,85,29
v2_random_regular_baseline_s15,v2,random_regular_baseline,15,random_regular,100,4,113,18,1.9459101490483133,7,18,0.3888888888888889,7,29
v2_random_regular_baseline_s15,v2,random_regular_baseline,15,random_regular,100,4,114,17,2.079441541671836,8,17,0.47058823529411764,71,29
v2_random_regular_baseline_s15,v2,random_regular_baseline,15,random_regular,100,4,115,52,3.062529300232621,24,52,0.46153846153846156,71,95
v2_random_regular_baseline_s15,v2,random_regular_baseline,15,random_regular,100,4,116,49,2.639057329601259,14,49,0.2857142857142857,51,29
v2_random_regular_baseline_s15,v2,random_regular_baseline,15,random_regular,100,4,117,4,-1.000088900581841e-12,1,4,0.25,96,81
v2_random_regular_baseline_s15,v2,random_regular_baseline,15,random_regular,100,4,118,4,0.6931471805579453,2,4,0.5,7,95
v2_random_regular_baseline_s15,v2,random_regular_baseline,15,random_regular,100,4,119,20,2.302585092984045,10,20,0.5,55,72
v2_random_regular_baseline_s15,v2,random_regular_baseline,15,random_regular,100,4,120,88,3.491660437469239,38,88,0.4318181818181818,0,53
v2_random_regular_baseline_s15,v2,random_regular_baseline,15,random_regular,100,4,121,54,2.62299627607079,20,54,0.37037037037037035,41,72
v2_random_regular_baseline_s15,v2,random_regular_baseline,15,random_regular,100,4,122,65,3.292449107631741,32,65,0.49230769230769234,28,53
v2_random_regular_baseline_s15,v2,random_regular_baseline,15,random_regular,100,4,123,99,3.4502855905397403,39,99,0.3939393939393939,36,72
v2_random_regular_baseline_s15,v2,random_regular_baseline,15,random_regular,100,4,124,0,0.0,0,0,,95,95
v2_random_regular_baseline_s15,v2,random_regular_baseline,15,random_regular,100,4,125,20,2.1639556568730565,10,20,0.5,89,72
v2_random_regular_baseline_s15,v2,random_regular_baseline,15,random_regular,100,4,126,23,2.197224577327219,9,23,0.391304347826087,16,53
v2_random_regular_baseline_s15,v2,random_regular_baseline,15,random_regular,100,4,127,53,2.871476118036867,19,53,0.3584905660377358,37,81
v2_random_regular_baseline_s15,v2,random_regular_baseline,15,random_regular,100,4,128,28,2.302585092984045,10,28,0.35714285714285715,0,53
v2_random_regular_baseline_s15,v2,random_regular_baseline,15,random_regular,100,4,129,5,1.0986122886651095,3,5,0.6,0,53
v2_random_regular_baseline_s15,v2,random_regular_baseline,15,random_regular,100,4,130,14,1.9459101490483133,7,14,0.5,5,72
v2_random_regular_baseline_s15,v2,random_regular_baseline,15,random_regular,100,4,131,0,0.0,0,0,,95,95
v2_random_regular_baseline_s15,v2,random_regular_baseline,15,random_regular,100,4,132,10,1.3862943611158909,4,10,0.4,65,72
v2_random_regular_baseline_s15,v2,random_regular_baseline,15,random_regular,100,4,133,31,2.253857589591352,12,31,0.3870967741935484,28,29
v2_random_regular_baseline_s15,v2,random_regular_baseline,15,random_regular,100,4,134,38,1.9061547465328492,8,38,0.21052631578947367,63,29
v2_random_regular_baseline_s15,v2,random_regular_baseline,15,random_regular,100,4,135,136,3.6896152745082182,59,136,0.4338235294117647,78,95
v2_random_regular_baseline_s15,v2,random_regular_baseline,15,random_regular,100,4,136,12,1.6094379124291005,5,12,0.4166666666666667,36,53
v2_random_regular_baseline_s15,v2,random_regular_baseline,15,random_regular,100,4,137,14,1.9061547465328492,8,14,0.5714285714285714,57,95
v2_random_regular_baseline_s15,v2,random_regular_baseline,15,random_regular,100,4,138,0,0.0,0,0,,53,53
v2_random_regular_baseline_s15,v2,random_regular_baseline,15,random_regular,100,4,139,1,-1.000088900581841e-12,1,1,1.0,96,81
v2_random_regular_baseline_s15,v2,random_regular_baseline,15,random_regular,100,4,140,27,2.3978952727873706,11,27,0.4074074074074074,97,95
v2_random_regular_baseline_s15,v2,random_regular_baseline,15,random_regular,100,4,141,7,0.6931471805579453,2,7,0.2857142857142857,77,95
v2_random_regular_baseline_s15,v2,random_regular_baseline,15,random_regular,100,4,142,82,3.1656721668230383,31,82,0.3780487804878049,3,53
v2_random_regular_baseline_s15,v2,random_regular_baseline,15,random_regular,100,4,143,126,3.437590926033939,51,126,0.40476190476190477,13,29
v2_random_regular_baseline_s15,v2,random_regular_baseline,15,random_regular,100,4,144,22,2.302585092984045,10,22,0.45454545454545453,68,72
v2_random_regular_baseline_s15,v2,random_regular_baseline,15,random_regular,100,4,145,28,2.5649493574485365,13,28,0.4642857142857143,41,29
v2_random_regular_baseline_s15,v2,random_regular_baseline,15,random_regular,100,4,146,3,-1.000088900581841e-12,1,3,0.3333333333333333,64,95
v2_random_regular_baseline_s15,v2,random_regular_baseline,15,random_regular,100,4,147,5,1.0986122886651095,3,5,0.6,38,81
v2_random_regular_baseline_s15,v2,random_regular_baseline,15,random_regular,100,4,148,73,3.0752205480323718,23,73,0.3150684931506849,0,72
v2_random_regular_baseline_s15,v2,random_regular_baseline,15,random_regular,100,4,149,15,1.9459101490483133,7,15,0.4666666666666667,66,72
v2_random_regular_baseline_s15,v2,random_regular_baseline,15,random_regular,100,4,150,7,0.6931471805579453,2,7,0.2857142857142857,99,95
v2_random_regular_baseline_s15,v2,random_regular_baseline,15,random_regular,100,4,151,16,1.3862943611158909,4,16,0.25,73,29
v2_random_regular_baseline_s15,v2,random_regular_baseline,15,random_regular,100,4,152,16,1.791759469222055,6,16,0.375,39,72
v2_random_regular_baseline_s15,v2,random_regular_baseline,15,random_regular,100,4,153,34,2.61563057701355,15,34,0.4411764705882353,78,81
v2_random_regular_baseline_s15,v2,random_regular_baseline,15,random_regular,100,4,154,0,0.0,0,0,,95,95
v2_random_regular_baseline_s15,v2,random_regular_baseline,15,random_regular,100,4,155,58,3.1040740215051854,31,58,0.5344827586206896,33,81
v2_random_regular_baseline_s15,v2,random_regular_baseline,15,random_regular,100,4,156,489,4.948938766004181,223,489,0.4560327198364008,16,53
v2_random_regular_baseline_s15,v2,random_regular_baseline,15,random_regular,100,4,157,9,1.0986122886651095,3,9,0.3333333333333333,64,29
v2_random_regular_baseline_s15,v2,random_regular_baseline,15,random_regular,100,4,158,60,2.751666616915516,17,60,0.2833333333333333,35,81
v2_random_regular_baseline_s15,v2,random_regular_baseline,15,random_regular,100,4,159,31,2.484906649776,12,31,0.3870967741935484,52,53
v2_random_regular_baseline_s15,v2,random_regular_baseline,15,random_regular,100,4,160,26,2.5649493574485365,13,26,0.5,71,81
v2_random_regular_baseline_s15,v2,random_regular_baseline,15,random_regular,100,4,161,97,3.423580836785212,37,97,0.38144329896907214,70,72
v2_random_regular_baseline_s15,v2,random_regular_baseline,15,random_regular,100,4,162,46,2.341994252221425,14,46,0.30434782608695654,46,53
v2_random_regular_baseline_s15,v2,random_regular_baseline,15,random_regular,100,4,163,50,3.0280290732864104,22,50,0.44,30,53
v2_random_regular_baseline_s15,v2,random_regular_baseline,15,random_regular,100,4,164,40,2.5232109529398907,15,40,0.375,63,95
v2_random_regular_baseline_s15,v2,random_regular_baseline,15,random_regular,100,4,165,4,-1.000088900581841e-12,1,4,0.25,41,95
v2_random_regular_baseline_s15,v2,random_regular_baseline,15,random_regular,100,4,166,44,2.341994252221425,14,44,0.3181818181818182,1,72
v2_random_regular_baseline_s15,v2,random_regular_baseline,15,random_regular,100,4,167,39,2.7985132569262934,19,39,0.48717948717948717,20,72
v2_random_regular_baseline_s15,v2,random_regular_baseline,15,random_regular,100,4,168,161,4.086357221414515,79,161,0.4906832298136646,65,81
v2_random_regular_baseline_s15,v2,random_regular_baseline,15,random_regular,100,4,169,8,1.0986122886651095,3,8,0.375,18,72
v2_random_regular_baseline_s15,v2,random_regular_baseline,15,random_regular,100,4,170,56,2.8332133440392155,17,56,0.30357142857142855,76,29
v2_random_regular_baseline_s15,v2,random_regular_baseline,15,random_regular,100,4,171,50,3.0280290732864104,22,50,0.44,15,95
v2_random_regular_baseline_s15,v2,random_regular_baseline,15,random_regular,100,4,172,35,2.079441541671836,8,35,0.22857142857142856,42,72
v2_random_regular_baseline_s15,v2,random_regular_baseline,15,random_regular,100,4,173,92,3.404927888365862,38,92,0.41304347826086957,58,53
v2_random_regular_baseline_s15,v2,random_regular_baseline,15,random_regular,100,4,174,40,2.3046193848096714,14,40,0.35,70,72
v2_random_regular_baseline_s15,v2,random_regular_baseline,15,random_regular,100,4,175,137,3.76460196779002,58,137,0.4233576642335766,92,29
v2_random_regular_baseline_s15,v2,random_regular_baseline,15,random_regular,100,4,176,104,3.548326633360442,53,104,0.5096153846153846,90,81
v2_random_regular_baseline_s15,v2,random_regular_baseline,15,random_regular,100,4,177,13,1.6094379124291005,5,13,0.38461538461538464,66,81
v2_random_regular_baseline_s15,v2,random_regular_baseline,15,random_regular,100,4,178,104,3.4513633638564465,41,104,0.3942307692307692,6,95
v2_random_regular_baseline_s15,v2,random_regular_baseline,15,random_regular,100,4,179,25,2.1458417525857545,11,25,0.44,94,53
v2_random_regular_baseline_s15,v2,random_regular_baseline,15,random_regular,100,4,180,13,1.791759469222055,6,13,0.46153846153846156,66,81
v2_random_regular_baseline_s15,v2,random_regular_baseline,15,random_regular,100,4,181,30,2.3034884952082693,15,30,0.5,82,95
v2_random_regular_baseline_s15,v2,random_regular_baseline,15,random_regular,100,4,182,11,2.079441541671836,8,11,0.7272727272727273,93,95
v2_random_regular_baseline_s15,v2,random_regular_baseline,15,random_regular,100,4,183,25,2.4583113296710835,13,25,0.52,79,95
v2_random_regular_baseline_s15,v2,random_regular_baseline,15,random_regular,100,4,184,26,2.7080502010872096,15,26,0.5769230769230769,36,81
v2_random_regular_baseline_s15,v2,random_regular_baseline,15,random_regular,100,4,185,0,0.0,0,0,,72,72
v2_random_regular_baseline_s15,v2,random_regular_baseline,15,random_regular,100,4,186,16,1.3296613488507585,6,16,0.375,93,72
v2_random_regular_baseline_s15,v2,random_regular_baseline,15,random_regular,100,4,187,416,4.685937641049052,162,416,0.3894230769230769,87,95
v2_random_regular_baseline_s15,v2,random_regular_baseline,15,random_regular,100,4,188,167,4.067749242057183,65,167,0.38922155688622756,5,81
v2_random_regular_baseline_s15,v2,random_regular_baseline,15,random_regular,100,4,189,101,3.775855948368099,45,101,0.44554455445544555,84,29
v2_random_regular_baseline_s15,v2,random_regular_baseline,15,random_regular,100,4,190,5,1.0986122886651095,3,5,0.6,40,81
v2_random_regular_baseline_s15,v2,random_regular_baseline,15,random_regular,100,4,191,6,0.6931471805579453,2,6,0.3333333333333333,43,29
v2_random_regular_baseline_s15,v2,random_regular_baseline,15,random_regular,100,4,192,200,4.034722266123669,74,200,0.37,5,72
v2_random_regular_baseline_s15,v2,random_regular_baseline,15,random_regular,100,4,193,15,1.791759469222055,6,15,0.4,60,95
v2_random_regular_baseline_s15,v2,random_regular_baseline,15,random_regular,100,4,194,82,3.4040404338981127,34,82,0.4146341463414634,84,53
v2_random_regular_baseline_s15,v2,random_regular_baseline,15,random_regular,100,4,195,1,-1.000088900581841e-12,1,1,1.0,43,72
v2_random_regular_baseline_s15,v2,random_regular_baseline,15,random_regular,100,4,196,202,3.921781971215665,80,202,0.39603960396039606,52,81
v2_random_regular_baseline_s15,v2,random_regular_baseline,15,random_regular,100,4,197,2,0.6931471805579453,2,2,1.0,37,53
v2_random_regular_baseline_s15,v2,random_regular_baseline,15,random_regular,100,4,198,122,3.66448190441264,43,122,0.3524590163934426,47,29
v2_random_regular_baseline_s15,v2,random_regular_baseline,15,random_regular,100,4,199,42,2.1458417525857545,11,42,0.2619047619047619,48,53
v2_random_regular_baseline_s15,v2,random_regular_baseline,15,random_regular,100,4,200,1,-1.000088900581841e-12,1,1,1.0,33,95
v2_random_regular_baseline_s15,v2,random_regular_baseline,15,random_regular,100,4,201,60,2.9650156932365066,22,60,0.36666666666666664,67,53
v2_random_regular_baseline_s15,v2,random_regular_baseline,15,random_regular,100,4,202,65,2.9957322735339904,20,65,0.3076923076923077,89,29
v2_random_regular_baseline_s15,v2,random_regular_baseline,15,random_regular,100,4,203,6,1.791759469222055,6,6,1.0,80,53
v2_random_regular_baseline_s15,v2,random_regular_baseline,15,random_regular,100,4,204,0,0.0,0,0,,72,72
v2_random_regular_baseline_s15,v2,random_regular_baseline,15,random_regular,100,4,205,9,1.9459101490483133,7,9,0.7777777777777778,79,95
v2_random_regular_baseline_s15,v2,random_regular_baseline,15,random_regular,100,4,206,26,2.484906649776,12,26,0.46153846153846156,28,81
v2_random_regular_baseline_s15,v2,random_regular_baseline,15,random_regular,100,4,207,30,2.3516733018936304,13,30,0.43333333333333335,94,81
v2_random_regular_baseline_s15,v2,random_regular_baseline,15,random_regular,100,4,208,10,1.3862943611158909,4,10,0.4,35,72
v2_random_regular_baseline_s15,v2,random_regular_baseline,15,random_regular,100,4,209,41,2.5993019270857944,16,41,0.3902439024390244,85,81
v2_random_regular_baseline_s15,v2,random_regular_baseline,15,random_regular,100,4,210,146,3.689669563800905,44,146,0.3013698630136986,64,72
v2_random_regular_baseline_s15,v2,random_regular_baseline,15,random_regular,100,4,211,4,-1.000088900581841e-12,1,4,0.25,96,81
v2_random_regular_baseline_s15,v2,random_regular_baseline,15,random_regular,100,4,212,74,3.5065025850265608,36,74,0.4864864864864865,65,81
v2_random_regular_baseline_s15,v2,random_regular_baseline,15,random_regular,100,4,213,89,3.4678540963178395,40,89,0.449438202247191,36,95
v2_random_regular_baseline_s15,v2,random_regular_baseline,15,random_regular,100,4,214,44,2.245035274116177,13,44,0.29545454545454547,88,29
v2_random_regular_baseline_s15,v2,random_regular_baseline,15,random_regular,100,4,215,29,2.268605285623966,15,29,0.5172413793103449,73,53
v2_random_regular_baseline_s15,v2,random_regular_baseline,15,random_regular,100,4,216,21,2.079441541671836,8,21,0.38095238095238093,16,53
v2_random_regular_baseline_s15,v2,random_regular_baseline,15,random_regular,100,4,217,18,1.8891591637470213,9,18,0.5,16,81
v2_random_regular_baseline_s15,v2,random_regular_baseline,15,random_regular,100,4,218,32,2.61563057701355,15,32,0.46875,79,29
v2_random_regular_baseline_s15,v2,random_regular_baseline,15,random_regular,100,4,219,42,2.692310994125785,20,42,0.47619047619047616,57,53
v2_random_regular_baseline_s15,v2,random_regular_baseline,15,random_regular,100,4,220,47,3.163424050399405,25,47,0.5319148936170213,18,72
v2_random_regular_baseline_s15,v2,random_regular_baseline,15,random_regular,100,4,221,6,1.3862943611158909,4,6,0.6666666666666666,58,72
v2_random_regular_baseline_s15,v2,random_regular_baseline,15,random_regular,100,4,222,91,3.3709770988339507,41,91,0.45054945054945056,88,95
v2_random_regular_baseline_s15,v2,random_regular_baseline,15,random_regular,100,4,223,146,3.674854047605282,58,146,0.3972602739726027,41,95
v2_random_regular_baseline_s15,v2,random_regular_baseline,15,random_regular,100,4,224,103,3.795914420803827,51,103,0.49514563106796117,83,29
v2_random_regular_baseline_s15,v2,random_regular_baseline,15,random_regular,100,4,225,18,1.9459101490483133,7,18,0.3888888888888889,4,29
v2_random_regular_baseline_s15,v2,random_regular_baseline,15,random_regular,100,4,226,25,2.079441541671836,8,25,0.32,76,29
v2_random_regular_baseline_s15,v2,random_regular_baseline,15,random_regular,100,4,227,27,2.1639556568730565,10,27,0.37037037037037035,26,72
v2_random_regular_baseline_s15,v2,random_regular_baseline,15,random_regular,100,4,228,84,3.550250017965948,40,84,0.47619047619047616,22,72
v2_random_regular_baseline_s15,v2,random_regular_baseline,15,random_regular,100,4,229,10,1.6094379124291005,5,10,0.5,3,53
v2_random_regular_baseline_s15,v2,random_regular_baseline,15,random_regular,100,4,230,116,3.689669563800905,44,116,0.3793103448275862,25,95
v2_random_regular_baseline_s15,v2,random_regular_baseline,15,random_regular,100,4,231,5,0.6931471805579453,2,5,0.4,12,95
v2_random_regular_baseline_s15,v2,random_regular_baseline,15,random_regular,100,4,232,28,2.2718685126865625,11,28,0.39285714285714285,33,95
v2_random_regular_baseline_s15,v2,random_regular_baseline,15,random_regular,100,4,233,0,0.0,0,0,,81,81
v2_random_regular_baseline_s15,v2,random_regular_baseline,15,random_regular,100,4,234,187,4.090578778971806,81,187,0.43315508021390375,58,29
v2_random_regular_baseline_s15,v2,random_regular_baseline,15,random_regular,100,4,235,123,3.6548079912793474,49,123,0.3983739837398374,84,53
v2_random_regular_baseline_s15,v2,random_regular_baseline,15,random_regular,100,4,236,0,0.0,0,0,,72,72
v2_random_regular_baseline_s15,v2,random_regular_baseline,15,random_regular,100,4,237,4,-1.000088900581841e-12,1,4,0.25,77,53
v2_random_regular_baseline_s15,v2,random_regular_baseline,15,random_regular,100,4,238,34,2.61563057701355,15,34,0.4411764705882353,40,53
v2_random_regular_baseline_s15,v2,random_regular_baseline,15,random_regular,100,4,239,28,2.302585092984045,10,28,0.35714285714285715,28,29
v2_random_regular_baseline_s15,v2,random_regular_baseline,15,random_regular,100,4,240,4,1.0986122886651095,3,4,0.75,22,53
v2_random_regular_baseline_s15,v2,random_regular_baseline,15,random_regular,100,4,241,5,0.6931471805579453,2,5,0.4,37,81
v2_random_regular_baseline_s15,v2,random_regular_baseline,15,random_regular,100,4,242,95,3.6011047291335987,38,95,0.4,98,53
v2_random_regular_baseline_s15,v2,random_regular_baseline,15,random_regular,100,4,243,112,3.6138342074135856,50,112,0.44642857142857145,79,72
v2_random_regular_baseline_s15,v2,random_regular_baseline,15,random_regular,100,4,244,57,2.7283523700752608,23,57,0.40350877192982454,99,72
v2_random_regular_baseline_s15,v2,random_regular_baseline,15,random_regular,100,4,245,33,2.3959081192819283,15,33,0.45454545454545453,10,95
v2_random_regular_baseline_s15,v2,random_regular_baseline,15,random_regular,100,4,246,61,3.0752205480323718,23,61,0.3770491803278688,48,53
v2_random_regular_baseline_s15,v2,random_regular_baseline,15,random_regular,100,4,247,0,0.0,0,0,,29,29
v2_random_regular_baseline_s15,v2,random_regular_baseline,15,random_regular,100,4,248,157,3.4822918797986038,56,157,0.35668789808917195,65,95
v2_random_regular_baseline_s15,v2,random_regular_baseline,15,random_regular,100,4,249,235,4.263080006836767,98,235,0.41702127659574467,39,53
v2_random_regular_baseline_s15,v2,random_regular_baseline,15,random_regular,100,4,250,72,2.8097834779860498,25,72,0.3472222222222222,9,53
v2_random_regular_baseline_s15,v2,random_regular_baseline,15,random_regular,100,4,251,11,1.3862943611158909,4,11,0.36363636363636365,39,81
v2_random_regular_baseline_s15,v2,random_regular_baseline,15,random_regular,100,4,252,42,2.772588722223781,16,42,0.38095238095238093,12,29
v2_random_regular_baseline_s15,v2,random_regular_baseline,15,random_regular,100,4,253,9,1.791759469222055,6,9,0.6666666666666666,36,29
v2_random_regular_baseline_s15,v2,random_regular_baseline,15,random_regular,100,4,254,32,2.3947004058463333,17,32,0.53125,88,72
v2_random_regular_baseline_s15,v2,random_regular_baseline,15,random_regular,100,4,255,39,2.7985132569262934,19,39,0.48717948717948717,13,72
v2_random_regular_baseline_s15,v2,random_regular_baseline,15,random_regular,100,4,256,41,2.7985132569262934,19,41,0.4634146341463415,85,95
v2_random_regular_baseline_s15,v2,random_regular_baseline,15,random_regular,100,4,257,3,0.6931471805579453,2,3,0.6666666666666666,99,29
v2_random_regular_baseline_s15,v2,random_regular_baseline,15,random_regular,100,4,258,96,3.350818657021632,44,96,0.4583333333333333,13,29
v2_random_regular_baseline_s15,v2,random_regular_baseline,15,random_regular,100,4,259,15,1.6094379124291005,5,15,0.3333333333333333,0,53
v2_random_regular_baseline_s15,v2,random_regular_baseline,15,random_regular,100,4,260,37,2.5649493574485365,13,37,0.35135135135135137,28,29
v2_random_regular_baseline_s15,v2,random_regular_baseline,15,random_regular,100,4,261,42,2.751666616915516,17,42,0.40476190476190477,43,72
v2_random_regular_baseline_s15,v2,random_regular_baseline,15,random_regular,100,4,262,11,1.6094379124291005,5,11,0.45454545454545453,16,95
v2_random_regular_baseline_s15,v2,random_regular_baseline,15,random_regular,100,4,263,24,2.484906649776,12,24,0.5,56,81
v2_random_regular_baseline_s15,v2,random_regular_baseline,15,random_regular,100,4,264,67,3.370480801334671,33,67,0.4925373134328358,15,29
v2_random_regular_baseline_s15,v2,random_regular_baseline,15,random_regular,100,4,265,34,2.3516733018936304,13,34,0.38235294117647056,17,95
v2_random_regular_baseline_s15,v2,random_regular_baseline,15,random_regular,100,4,266,22,2.079441541671836,8,22,0.36363636363636365,94,95
v2_random_regular_baseline_s15,v2,random_regular_baseline,15,random_regular,100,4,267,44,3.044522437702424,21,44,0.4772727272727273,8,81
v2_random_regular_baseline_s15,v2,random_regular_baseline,15,random_regular,100,4,268,7,1.0986122886651095,3,7,0.42857142857142855,18,72
v2_random_regular_baseline_s15,v2,random_regular_baseline,15,random_regular,100,4,269,21,2.1639556568730565,10,21,0.47619047619047616,64,81
v2_random_regular_baseline_s15,v2,random_regular_baseline,15,random_regular,100,4,270,96,3.5849073769929456,40,96,0.4166666666666667,51,53
v2_random_regular_baseline_s15,v2,random_regular_baseline,15,random_regular,100,4,271,50,2.9650156932365066,22,50,0.44,46,53
v2_random_regular_baseline_s15,v2,random_regular_baseline,15,random_regular,100,4,272,20,2.0431918705371204,9,20,0.45,58,95
v2_random_regular_baseline_s15,v2,random_regular_baseline,15,random_regular,100,4,273,3,-1.000088900581841e-12,1,3,0.3333333333333333,83,72
v2_random_regular_baseline_s15,v2,random_regular_baseline,15,random_regular,100,4,274,48,2.9957322735339904,20,48,0.4166666666666667,64,95
v2_random_regular_baseline_s15,v2,random_regular_baseline,15,random_regular,100,4,275,6,1.3862943611158909,4,6,0.6666666666666666,49,81
v2_random_regular_baseline_s15,v2,random_regular_baseline,15,random_regular,100,4,276,8,1.3862943611158909,4,8,0.5,50,95
v2_random_regular_baseline_s15,v2,random_regular_baseline,15,random_regular,100,4,277,133,3.7415499360560274,51,133,0.38345864661654133,45,81
v2_random_regular_baseline_s15,v2,random_regular_baseline,15,random_regular,100,4,278,28,2.639057329601259,14,28,0.5,86,53
v2_random_regular_baseline_s15,v2,random_regular_baseline,15,random_regular,100,4,279,116,3.5369546858113585,45,116,0.3879310344827586,47,53
v2_random_regular_baseline_s15,v2,random_regular_baseline,15,random_regular,100,4,280,104,3.6520250575102735,50,104,0.4807692307692308,60,72
v2_random_regular_baseline_s15,v2,random_regular_baseline,15,random_regular,100,4,281,56,2.8332133440392155,17,56,0.30357142857142855,21,72
v2_random_regular_baseline_s15,v2,random_regular_baseline,15,random_regular,100,4,282,51,2.736339051089065,18,51,0.35294117647058826,91,53
v2_random_regular_baseline_s15,v2,random_regular_baseline,15,random_regular,100,4,283,49,3.233183484354926,28,49,0.5714285714285714,38,72
v2_random_regular_baseline_s15,v2,random_regular_baseline,15,random_regular,100,4,284,59,3.135494215906149,23,59,0.3898305084745763,76,29
v2_random_regular_baseline_s15,v2,random_regular_baseline,15,random_regular,100,4,285,63,3.2238860684653137,29,63,0.4603174603174603,42,53
v2_random_regular_baseline_s15,v2,random_regular_baseline,15,random_regular,100,4,286,9,1.9459101490483133,7,9,0.7777777777777778,26,81
v2_random_regular_baseline_s15,v2,random_regular_baseline,15,random_regular,100,4,287,80,3.472414980727339,39,80,0.4875,49,72
v2_random_regular_baseline_s15,v2,random_regular_baseline,15,random_regular,100,4,288,227,4.358684469346256,103,227,0.45374449339207046,93,53
v2_random_regular_baseline_s15,v2,random_regular_baseline,15,random_regular,100,4,289,118,3.721176253825357,44,118,0.3728813559322034,36,81
v2_random_regular_baseline_s15,v2,random_regular_baseline,15,random_regular,100,4,290,54,2.8943995444110384,23,54,0.42592592592592593,10,53
v2_random_regular_baseline_s15,v2,random_regular_baseline,15,random_regular,100,4,291,4,1.0986122886651095,3,4,0.75,12,72
v2_random_regular_baseline_s15,v2,random_regular_baseline,15,random_regular,100,4,292,68,3.10797227595561,25,68,0.36764705882352944,86,81
v2_random_regular_baseline_s15,v2,random_regular_baseline,15,random_regular,100,4,293,12,2.079441541671836,8,12,0.6666666666666666,42,29
v2_random_regular_baseline_s15,v2,random_regular_baseline,15,random_regular,100,4,294,93,3.578323836314148,41,93,0.44086021505376344,93,53
v2_random_regular_baseline_s15,v2,random_regular_baseline,15,random_regular,100,4,295,45,2.8332133440392155,17,45,0.37777777777777777,93,81
v2_random_regular_baseline_s15,v2,random_regular_baseline,15,random_regular,100,4,296,157,3.893131622084398,58,157,0.36942675159235666,86,95
v2_random_regular_baseline_s15,v2,random_regular_baseline,15,random_regular,100,4,297,34,2.7080502010872096,15,34,0.4411764705882353,70,29
v2_random_regular_baseline_s15,v2,random_regular_baseline,15,random_regular,100,4,298,48,2.9785084205072385,21,48,0.4375,92,72
v2_random_regular_baseline_s15,v2,random_regular_baseline,15,random_regular,100,4,299,3,-1.000088900581841e-12,1,3,0.3333333333333333,64,95
v2_random_regular_baseline_s15,v2,random_regular_baseline,15,random_regular,100,4,300,6,0.6931471805579453,2,6,0.3333333333333333,37,53
v2_random_regular_baseline_s15,v2,random_regular_baseline,15,random_regular,100,4,301,88,3.455179006914453,38,88,0.4318181818181818,48,29
v2_random_regular_baseline_s15,v2,random_regular_baseline,15,random_regular,100,4,302,160,3.983551385469709,59,160,0.36875,99,72
v2_random_regular_baseline_s15,v2,random_regular_baseline,15,random_regular,100,4,303,13,0.6931471805579453,2,13,0.15384615384615385,31,72
v2_random_regular_baseline_s15,v2,random_regular_baseline,15,random_regular,100,4,304,178,3.684647720067866,61,178,0.34269662921348315,32,29
v2_random_regular_baseline_s15,v2,random_regular_baseline,15,random_regular,100,4,305,62,2.969916502690131,31,62,0.5,51,72
v2_random_regular_baseline_s15,v2,random_regular_baseline,15,random_regular,100,4,306,99,3.4294862316330117,36,99,0.36363636363636365,45,81
v2_random_regular_baseline_s15,v2,random_regular_baseline,15,random_regular,100,4,307,31,2.751666616915516,17,31,0.5483870967741935,92,29
v2_random_regular_baseline_s15,v2,random_regular_baseline,15,random_regular,100,4,308,34,2.484906649776,12,34,0.35294117647058826,98,53
v2_random_regular_baseline_s15,v2,random_regular_baseline,15,random_regular,100,4,309,0,0.0,0,0,,72,72
v2_random_regular_baseline_s15,v2,random_regular_baseline,15,random_regular,100,4,310,55,3.052520501511814,25,55,0.45454545454545453,8,53
v2_random_regular_baseline_s15,v2,random_regular_baseline,15,random_regular,100,4,311,13,2.079441541671836,8,13,0.6153846153846154,49,81
v2_random_regular_baseline_s15,v2,random_regular_baseline,15,random_regular,100,4,312,139,3.669057170238815,57,139,0.41007194244604317,71,72
v2_random_regular_baseline_s15,v2,random_regular_baseline,15,random_regular,100,4,313,9,1.3862943611158909,4,9,0.4444444444444444,46,29
v2_random_regular_baseline_s15,v2,random_regular_baseline,15,random_regular,100,4,314,24,1.7328679513938632,8,24,0.3333333333333333,31,72
v2_random_regular_baseline_s15,v2,random_regular_baseline,15,random_regular,100,4,315,34,2.4410152780147034,14,34,0.4117647058823529,5,81
v2_random_regular_baseline_s15,v2,random_regular_baseline,15,random_regular,100,4,316,0,0.0,0,0,,72,72
v2_random_regular_baseline_s15,v2,random_regular_baseline,15,random_regular,100,4,317,11,1.0986122886651095,3,11,0.2727272727272727,48,29
v2_random_regular_baseline_s15,v2,random_regular_baseline,15,random_regular,100,4,318,159,3.733872138266852,67,159,0.42138364779874216,8,95
v2_random_regular_baseline_s15,v2,random_regular_baseline,15,random_regular,100,4,319,24,2.3516733018936304,13,24,0.5416666666666666,20,29
v2_random_regular_baseline_s15,v2,random_regular_baseline,15,random_regular,100,4,320,84,3.370480801334672,33,84,0.39285714285714285,37,81
v2_random_regular_baseline_s15,v2,random_regular_baseline,15,random_regular,100,4,321,73,3.4544986414005443,33,73,0.4520547945205479,47,72
v2_random_regular_baseline_s15,v2,random_regular_baseline,15,random_regular,100,4,322,37,2.5993019270857944,16,37,0.43243243243243246,2,29
v2_random_regular_baseline_s15,v2,random_regular_baseline,15,random_regular,100,4,323,25,2.0431918705371204,9,25,0.36,71,72
v2_random_regular_baseline_s15,v2,random_regular_baseline,15,random_regular,100,4,324,37,2.441015278014703,14,37,0.3783783783783784,41,29
v2_random_regular_baseline_s15,v2,random_regular_baseline,15,random_regular,100,4,325,23,2.441015278014703,14,23,0.6086956521739131,27,95
v2_random_regular_baseline_s15,v2,random_regular_baseline,15,random_regular,100,4,326,50,2.8332133440392155,17,50,0.34,57,81
v2_random_regular_baseline_s15,v2,random_regular_baseline,15,random_regular,100,4,327,124,3.7279051986773566,52,124,0.41935483870967744,56,81
v2_random_regular_baseline_s15,v2,random_regular_baseline,15,random_regular,100,4,328,43,2.9444389791474395,19,43,0.4418604651162791,22,81
v2_random_regular_baseline_s15,v2,random_regular_baseline,15,random_regular,100,4,329,11,1.3862943611158909,4,11,0.36363636363636365,8,53
v2_random_regular_baseline_s15,v2,random_regular_baseline,15,random_regular,100,4,330,21,2.2718685126865625,11,21,0.5238095238095238,71,95
v2_random_regular_baseline_s15,v2,random_regular_baseline,15,random_regular,100,4,331,65,3.2551105127007407,31,65,0.47692307692307695,96,29
v2_random_regular_baseline_s15,v2,random_regular_baseline,15,random_regular,100,4,332,7,0.6931471805579453,2,7,0.2857142857142857,52,81
v2_random_regular_baseline_s15,v2,random_regular_baseline,15,random_regular,100,4,333,93,3.3969144201875685,35,93,0.3763440860215054,58,95
v2_random_regular_baseline_s15,v2,random_regular_baseline,15,random_regular,100,4,334,20,2.302585092984045,10,20,0.5,19,81
v2_random_regular_baseline_s15,v2,random_regular_baseline,15,random_regular,100,4,335,1,-1.000088900581841e-12,1,1,1.0,18,72
v2_random_regular_baseline_s15,v2,random_regular_baseline,15,random_regular,100,4,336,16,2.2718685126865625,11,16,0.6875,99,95
v2_random_regular_baseline_s15,v2,random_regular_baseline,15,random_regular,100,4,337,59,2.985630919874231,28,59,0.4745762711864407,13,95
v2_random_regular_baseline_s15,v2,random_regular_baseline,15,random_regular,100,4,338,32,2.484906649776,12,32,0.375,20,72
v2_random_regular_baseline_s15,v2,random_regular_baseline,15,random_regular,100,4,339,0,0.0,0,0,,29,29
v2_random_regular_baseline_s15,v2,random_regular_baseline,15,random_regular,100,4,340,71,2.8215638078423653,21,71,0.29577464788732394,50,95
v2_random_regular_baseline_s15,v2,random_regular_baseline,15,random_regular,100,4,341,131,3.644129457733132,49,131,0.37404580152671757,15,95
v2_random_regular_baseline_s15,v2,random_regular_baseline,15,random_regular,100,4,342,25,2.302585092984045,10,25,0.4,18,72
v2_random_regular_baseline_s15,v2,random_regular_baseline,15,random_regular,100,4,343,40,2.4583113296710835,13,40,0.325,99,95
v2_random_regular_baseline_s15,v2,random_regular_baseline,15,random_regular,100,4,344,187,3.974445647869086,79,187,0.42245989304812837,27,29
v2_random_regular_baseline_s15,v2,random_regular_baseline,15,random_regular,100,4,345,10,1.0986122886651095,3,10,0.3,96,81
v2_random_regular_baseline_s15,v2,random_regular_baseline,15,random_regular,100,4,346,16,1.054920167983144,5,16,0.3125,18,72
v2_random_regular_baseline_s15,v2,random_regular_baseline,15,random_regular,100,4,347,40,2.751666616915516,17,40,0.425,87,29
v2_random_regular_baseline_s15,v2,random_regular_baseline,15,random_regular,100,4,348,5,0.6931471805579453,2,5,0.4,1,29
v2_random_regular_baseline_s15,v2,random_regular_baseline,15,random_regular,100,4,349,67,3.2238860684653137,29,67,0.43283582089552236,84,95
v2_random_regular_baseline_s15,v2,random_regular_baseline,15,random_regular,100,4,350,39,2.772588722223781,16,39,0.41025641025641024,40,81
v2_random_regular_baseline_s15,v2,random_regular_baseline,15,random_regular,100,4,351,88,3.4761312408209912,35,88,0.3977272727272727,91,81
v2_random_regular_baseline_s15,v2,random_regular_baseline,15,random_regular,100,4,352,75,3.4124897213676078,33,75,0.44,16,81
v2_random_regular_baseline_s15,v2,random_regular_baseline,15,random_regular,100,4,353,9,1.3862943611158909,4,9,0.4444444444444444,50,95
v2_random_regular_baseline_s15,v2,random_regular_baseline,15,random_regular,100,4,354,79,3.485587161020812,34,79,0.43037974683544306,85,95
v2_random_regular_baseline_s15,v2,random_regular_baseline,15,random_regular,100,4,355,14,2.079441541671836,8,14,0.5714285714285714,54,72
v2_random_regular_baseline_s15,v2,random_regular_baseline,15,random_regular,100,4,356,44,2.690828621495594,23,44,0.5227272727272727,70,95
v2_random_regular_baseline_s15,v2,random_regular_baseline,15,random_regular,100,4,357,84,3.423580836785212,37,84,0.44047619047619047,79,29
v2_random_regular_baseline_s15,v2,random_regular_baseline,15,random_regular,100,4,358,77,3.2238860684653137,29,77,0.37662337662337664,28,81
v2_random_regular_baseline_s15,v2,random_regular_baseline,15,random_regular,100,4,359,15,1.791759469222055,6,15,0.4,54,29
v2_random_regular_baseline_s15,v2,random_regular_baseline,15,random_regular,100,4,360,46,2.268605285623966,15,46,0.32608695652173914,79,72
v2_random_regular_baseline_s15,v2,random_regular_baseline,15,random_regular,100,4,361,144,3.732840239351519,57,144,0.3958333333333333,80,53
v2_random_regular_baseline_s15,v2,random_regular_baseline,15,random_regular,100,4,362,7,1.3862943611158909,4,7,0.5714285714285714,15,72
v2_random_regular_baseline_s15,v2,random_regular_baseline,15,random_regular,100,4,363,20,2.302585092984045,10,20,0.5,46,53
v2_random_regular_baseline_s15,v2,random_regular_baseline,15,random_regular,100,4,364,16,2.1639556568730565,10,16,0.625,48,81
v2_random_regular_baseline_s15,v2,random_regular_baseline,15,random_regular,100,4,365,12,1.6094379124291005,5,12,0.4166666666666667,66,53
v2_random_regular_baseline_s15,v2,random_regular_baseline,15,random_regular,100,4,366,0,0.0,0,0,,72,72
v2_random_regular_baseline_s15,v2,random_regular_baseline,15,random_regular,100,4,367,83,3.087195049126684,31,83,0.37349397590361444,40,53
v2_random_regular_baseline_s15,v2,random_regular_baseline,15,random_regular,100,4,368,30,1.9722469794154411,11,30,0.36666666666666664,12,72
v2_random_regular_baseline_s15,v2,random_regular_baseline,15,random_regular,100,4,369,21,2.197224577327219,9,21,0.42857142857142855,58,95
v2_random_regular_baseline_s15,v2,random_regular_baseline,15,random_regular,100,4,370,49,3.299829685639092,31,49,0.6326530612244898,57,95
v2_random_regular_baseline_s15,v2,random_regular_baseline,15,random_regular,100,4,371,36,2.639057329601259,14,36,0.3888888888888889,80,72
v2_random_regular_baseline_s15,v2,random_regular_baseline,15,random_regular,100,4,372,7,1.0986122886651095,3,7,0.42857142857142855,59,29
v2_random_regular_baseline_s15,v2,random_regular_baseline,15,random_regular,100,4,373,64,3.2491274088477446,32,64,0.5,85,53
v2_random_regular_baseline_s15,v2,random_regular_baseline,15,random_regular,100,4,374,28,2.5649493574485365,13,28,0.4642857142857143,27,53
v2_random_regular_baseline_s15,v2,random_regular_baseline,15,random_regular,100,4,375,0,0.0,0,0,,29,29
v2_random_regular_baseline_s15,v2,random_regular_baseline,15,random_regular,100,4,376,84,3.371971579897444,37,84,0.44047619047619047,92,95
v2_random_regular_baseline_s15,v2,random_regular_baseline,15,random_regular,100,4,377,107,3.652629782939221,45,107,0.4205607476635514,4,95
v2_random_regular_baseline_s15,v2,random_regular_baseline,15,random_regular,100,4,378,41,2.9444389791474395,19,41,0.4634146341463415,71,72
v2_random_regular_baseline_s15,v2,random_regular_baseline,15,random_regular,100,4,379,16,1.791759469222055,6,16,0.375,89,29
v2_random_regular_baseline_s15,v2,random_regular_baseline,15,random_regular,100,4,380,0,0.0,0,0,,95,95
v2_random_regular_baseline_s15,v2,random_regular_baseline,15,random_regular,100,4,381,66,3.0752205480323718,23,66,0.3484848484848485,93,29
v2_random_regular_baseline_s15,v2,random_regular_baseline,15,random_regular,100,4,382,7,1.0986122886651095,3,7,0.42857142857142855,25,95
v2_random_regular_baseline_s15,v2,random_regular_baseline,15,random_regular,100,4,383,24,2.484906649776,12,24,0.5,12,95
v2_random_regular_baseline_s15,v2,random_regular_baseline,15,random_regular,100,4,384,27,2.302585092984045,10,27,0.37037037037037035,74,72
v2_random_regular_baseline_s15,v2,random_regular_baseline,15,random_regular,100,4,385,9,1.6094379124291005,5,9,0.5555555555555556,4,72
v2_random_regular_baseline_s15,v2,random_regular_baseline,15,random_regular,100,4,386,209,4.0841189253450825,81,209,0.3875598086124402,49,81
v2_random_regular_baseline_s15,v2,random_regular_baseline,15,random_regular,100,4,387,190,4.099285873617723,83,190,0.4368421052631579,11,53
v2_random_regular_baseline_s15,v2,random_regular_baseline,15,random_regular,100,4,388,62,3.1418041591892294,27,62,0.43548387096774194,15,95
v2_random_regular_baseline_s15,v2,random_regular_baseline,15,random_regular,100,4,389,60,2.991501468554349,26,60,0.43333333333333335,97,53
v2_random_regular_baseline_s15,v2,random_regular_baseline,15,random_regular,100,4,390,166,3.9042622354965486,64,166,0.3855421686746988,0,81
v2_random_regular_baseline_s15,v2,random_regular_baseline,15,random_regular,100,4,391,3,0.6931471805579453,2,3,0.6666666666666666,59,29
v2_random_regular_baseline_s15,v2,random_regular_baseline,15,random_regular,100,4,392,35,2.8332133440392155,17,35,0.4857142857142857,65,72
v2_random_regular_baseline_s15,v2,random_regular_baseline,15,random_regular,100,4,393,126,3.7911563522557006,47,126,0.373015873015873,7,81
v2_random_regular_baseline_s15,v2,random_regular_baseline,15,random_regular,100,4,394,46,2.926417555478996,20,46,0.43478260869565216,2,95
v2_random_regular_baseline_s15,v2,random_regular_baseline,15,random_regular,100,4,395,8,1.0986122886651095,3,8,0.375,67,53
v2_random_regular_baseline_s15,v2,random_regular_baseline,15,random_regular,100,4,396,64,3.152706716658355,30,64,0.46875,25,29
v2_random_regular_baseline_s15,v2,random_regular_baseline,15,random_regular,100,4,397,29,2.484906649776,12,29,0.41379310344827586,79,53
v2_random_regular_baseline_s15,v2,random_regular_baseline,15,random_regular,100,4,398,15,1.9459101490483133,7,15,0.4666666666666667,60,72
v2_random_regular_baseline_s15,v2,random_regular_baseline,15,random_regular,100,4,399,54,3.0752205480323718,23,54,0.42592592592592593,33,53
v2_random_regular_baseline_s15,v2,random_regular_baseline,15,random_regular,100,4,400,48,2.751666616915516,17,48,0.3541666666666667,33,29
v2_random_regular_baseline_s15,v2,random_regular_baseline,15,random_regular,100,4,401,3,0.6931471805579453,2,3,0.6666666666666666,12,95
v2_random_regular_baseline_s15,v2,random_regular_baseline,15,random_regular,100,4,402,175,3.93571013135748,67,175,0.38285714285714284,78,53
v2_random_regular_baseline_s15,v2,random_regular_baseline,15,random_regular,100,4,403,208,4.030968766779129,86,208,0.41346153846153844,11,81
v2_random_regular_baseline_s15,v2,random_regular_baseline,15,random_regular,100,4,404,231,4.164211459937523,91,231,0.3939393939393939,12,72
v2_random_regular_baseline_s15,v2,random_regular_baseline,15,random_regular,100,4,405,8,0.6931471805579453,2,8,0.25,88,29
v2_random_regular_baseline_s15,v2,random_regular_baseline,15,random_regular,100,4,406,39,2.56315140640133,22,39,0.5641025641025641,99,29
v2_random_regular_baseline_s15,v2,random_regular_baseline,15,random_regular,100,4,407,15,1.7478680974607577,7,15,0.4666666666666667,11,29
v2_random_regular_baseline_s15,v2,random_regular_baseline,15,random_regular,100,4,408,172,4.008851331989533,71,172,0.4127906976744186,89,81
v2_random_regular_baseline_s15,v2,random_regular_baseline,15,random_regular,100,4,409,43,2.813355404483615,18,43,0.4186046511627907,3,72
v2_random_regular_baseline_s15,v2,random_regular_baseline,15,random_regular,100,4,410,138,3.41372852038248,45,138,0.32608695652173914,90,81
v2_random_regular_baseline_s15,v2,random_regular_baseline,15,random_regular,100,4,411,72,3.244454041235864,33,72,0.4583333333333333,16,81
v2_random_regular_baseline_s15,v2,random_regular_baseline,15,random_regular,100,4,412,14,1.0986122886651095,3,14,0.21428571428571427,38,29
v2_random_regular_baseline_s15,v2,random_regular_baseline,15,random_regular,100,4,413,324,4.466943559110178,127,324,0.39197530864197533,83,29
v2_random_regular_baseline_s15,v2,random_regular_baseline,15,random_regular,100,4,414,6,1.0986122886651095,3,6,0.5,64,95
v2_random_regular_baseline_s15,v2,random_regular_baseline,15,random_regular,100,4,415,7,1.0986122886651095,3,7,0.42857142857142855,96,81
v2_random_regular_baseline_s15,v2,random_regular_baseline,15,random_regular,100,4,416,125,3.701245691733744,52,125,0.416,65,53
v2_random_regular_baseline_s15,v2,random_regular_baseline,15,random_regular,100,4,417,111,3.485067165988883,47,111,0.42342342342342343,59,81
v2_random_regular_baseline_s15,v2,random_regular_baseline,15,random_regular,100,4,418,39,2.61563057701355,15,39,0.38461538461538464,89,53
v2_random_regular_baseline_s15,v2,random_regular_baseline,15,random_regular,100,4,419,26,1.9061547465328492,8,26,0.3076923076923077,67,29
v2_random_regular_baseline_s15,v2,random_regular_baseline,15,random_regular,100,4,420,61,3.335770806415738,32,61,0.5245901639344263,49,81
v2_random_regular_baseline_s15,v2,random_regular_baseline,15,random_regular,100,4,421,30,2.6701198897918164,17,30,0.5666666666666667,36,72
v2_random_regular_baseline_s15,v2,random_regular_baseline,15,random_regular,100,4,422,1,-1.000088900581841e-12,1,1,1.0,64,95
v2_random_regular_baseline_s15,v2,random_regular_baseline,15,random_regular,100,4,423,2,0.6931471805579453,2,2,1.0,4,72
v2_random_regular_baseline_s15,v2,random_regular_baseline,15,random_regular,100,4,424,30,2.484906649776,12,30,0.4,77,29
v2_random_regular_baseline_s15,v2,random_regular_baseline,15,random_regular,100,4,425,50,2.8332133440392155,17,50,0.34,54,72
v2_random_regular_baseline_s15,v2,random_regular_baseline,15,random_regular,100,4,426,80,3.4124897213676078,33,80,0.4125,35,95
v2_random_regular_baseline_s15,v2,random_regular_baseline,15,random_regular,100,4,427,1,-1.000088900581841e-12,1,1,1.0,33,95
v2_random_regular_baseline_s15,v2,random_regular_baseline,15,random_regular,100,4,428,58,3.0752205480323718,23,58,0.39655172413793105,98,81
v2_random_regular_baseline_s15,v2,random_regular_baseline,15,random_regular,100,4,429,63,3.10797227595561,25,63,0.3968253968253968,55,53
v2_random_regular_baseline_s15,v2,random_regular_baseline,15,random_regular,100,4,430,10,1.6094379124291005,5,10,0.5,63,29
v2_random_regular_baseline_s15,v2,random_regular_baseline,15,random_regular,100,4,431,10,2.079441541671836,8,10,0.8,57,81
v2_random_regular_baseline_s15,v2,random_regular_baseline,15,random_regular,100,4,432,10,1.5607104090364068,6,10,0.6,94,81
v2_random_regular_baseline_s15,v2,random_regular_baseline,15,random_regular,100,4,433,0,0.0,0,0,,53,53
v2_random_regular_baseline_s15,v2,random_regular_baseline,15,random_regular,100,4,434,23,2.079441541671836,8,23,0.34782608695652173,85,95
v2_random_regular_baseline_s15,v2,random_regular_baseline,15,random_regular,100,4,435,41,2.630253356374264,18,41,0.43902439024390244,6,72
v2_random_regular_baseline_s15,v2,random_regular_baseline,15,random_regular,100,4,436,1,-1.000088900581841e-12,1,1,1.0,83,72
v2_random_regular_baseline_s15,v2,random_regular_baseline,15,random_regular,100,4,437,25,2.4583113296710835,13,25,0.52,39,53
v2_random_regular_baseline_s15,v2,random_regular_baseline,15,random_regular,100,4,438,0,0.0,0,0,,53,53
v2_random_regular_baseline_s15,v2,random_regular_baseline,15,random_regular,100,4,439,4,-1.000088900581841e-12,1,4,0.25,42,29
v2_random_regular_baseline_s15,v2,random_regular_baseline,15,random_regular,100,4,440,263,4.27769238017607,104,263,0.39543726235741444,94,29
v2_random_regular_baseline_s15,v2,random_regular_baseline,15,random_regular,100,4,441,153,3.997783013196669,67,153,0.43790849673202614,6,81
v2_random_regular_baseline_s15,v2,random_regular_baseline,15,random_regular,100,4,442,11,1.0986122886651095,3,11,0.2727272727272727,86,53
v2_random_regular_baseline_s15,v2,random_regular_baseline,15,random_regular,100,4,443,22,1.3862943611158909,4,22,0.18181818181818182,79,53
v2_random_regular_baseline_s15,v2,random_regular_baseline,15,random_regular,100,4,444,25,1.8866967846510785,10,25,0.4,6,95
v2_random_regular_baseline_s15,v2,random_regular_baseline,15,random_regular,100,4,445,33,2.2718685126865625,11,33,0.3333333333333333,14,81
v2_random_regular_baseline_s15,v2,random_regular_baseline,15,random_regular,100,4,446,76,3.2580965379954825,26,76,0.34210526315789475,55,29
v2_random_regular_baseline_s15,v2,random_regular_baseline,15,random_regular,100,4,447,63,3.2826939972510645,28,63,0.4444444444444444,41,72
v2_random_regular_baseline_s15,v2,random_regular_baseline,15,random_regular,100,4,448,69,2.833738745611032,27,69,0.391304347826087,16,29
v2_random_regular_baseline_s15,v2,random_regular_baseline,15,random_regular,100,4,449,25,2.3978952727873706,11,25,0.44,54,95
v2_random_regular_baseline_s15,v2,random_regular_baseline,15,random_regular,100,4,450,21,1.7328679513938632,8,21,0.38095238095238093,85,95
v2_random_regular_baseline_s15,v2,random_regular_baseline,15,random_regular,100,4,451,18,1.791759469222055,6,18,0.3333333333333333,24,95
v2_random_regular_baseline_s15,v2,random_regular_baseline,15,random_regular,100,4,452,18,1.6094379124291005,5,18,0.2777777777777778,92,72
v2_random_regular_baseline_s15,v2,random_regular_baseline,15,random_regular,100,4,453,0,0.0,0,0,,72,72
v2_random_regular_baseline_s15,v2,random_regular_baseline,15,random_regular,100,4,454,69,3.2924491076317413,32,69,0.463768115942029,7,95
v2_random_regular_baseline_s15,v2,random_regular_baseline,15,random_regular,100,4,455,214,4.182612358587583,81,214,0.37850467289719625,24,53
v2_random_regular_baseline_s15,v2,random_regular_baseline,15,random_regular,100,4,456,82,3.5646232985788124,38,82,0.4634146341463415,41,81
v2_random_regular_baseline_s15,v2,random_regular_baseline,15,random_regular,100,4,457,38,2.61563057701355,15,38,0.39473684210526316,60,53
v2_random_regular_baseline_s15,v2,random_regular_baseline,15,random_regular,100,4,458,19,2.0431918705371204,9,19,0.47368421052631576,45,95
v2_random_regular_baseline_s15,v2,random_regular_baseline,15,random_regular,100,4,459,258,4.285770882383857,105,258,0.4069767441860465,14,53
v2_random_regular_baseline_s15,v2,random_regular_baseline,15,random_regular,100,4,460,115,3.866068812498448,59,115,0.5130434782608696,31,72
v2_random_regular_baseline_s15,v2,random_regular_baseline,15,random_regular,100,4,461,49,2.6593226976945163,18,49,0.3673469387755102,15,72
v2_random_regular_baseline_s15,v2,random_regular_baseline,15,random_regular,100,4,462,1,-1.000088900581841e-12,1,1,1.0,18,72
v2_random_regular_baseline_s15,v2,random_regular_baseline,15,random_regular,100,4,463,33,2.4583113296710835,13,33,0.3939393939393939,39,53
v2_random_regular_baseline_s15,v2,random_regular_baseline,15,random_regular,100,4,464,33,2.484906649776,12,33,0.36363636363636365,28,29
v2_random_regular_baseline_s15,v2,random_regular_baseline,15,random_regular,100,4,465,3,0.6931471805579453,2,3,0.6666666666666666,12,95
v2_random_regular_baseline_s15,v2,random_regular_baseline,15,random_regular,100,4,466,214,4.07553156044207,85,214,0.397196261682243,88,53
v2_random_regular_baseline_s15,v2,random_regular_baseline,15,random_regular,100,4,467,26,2.1458417525857545,11,26,0.4230769230769231,8,72
v2_random_regular_baseline_s15,v2,random_regular_baseline,15,random_regular,100,4,468,18,2.1458417525857545,11,18,0.6111111111111112,51,29
v2_random_regular_baseline_s15,v2,random_regular_baseline,15,random_regular,100,4,469,5,1.0986122886651095,3,5,0.6,83,72
v2_random_regular_baseline_s15,v2,random_regular_baseline,15,random_regular,100,4,470,9,1.3862943611158909,4,9,0.4444444444444444,99,95
v2_random_regular_baseline_s15,v2,random_regular_baseline,15,random_regular,100,4,471,47,2.725550395815721,19,47,0.40425531914893614,79,29
v2_random_regular_baseline_s15,v2,random_regular_baseline,15,random_regular,100,4,472,51,2.6701198897918164,17,51,0.3333333333333333,2,81
v2_random_regular_baseline_s15,v2,random_regular_baseline,15,random_regular,100,4,473,146,3.925923084888047,64,146,0.4383561643835616,10,29
v2_random_regular_baseline_s15,v2,random_regular_baseline,15,random_regular,100,4,474,40,2.484906649776,12,40,0.3,93,95
v2_random_regular_baseline_s15,v2,random_regular_baseline,15,random_regular,100,4,475,70,2.9329842589287325,30,70,0.42857142857142855,84,81
v2_random_regular_baseline_s15,v2,random_regular_baseline,15,random_regular,100,4,476,4,0.6931471805579453,2,4,0.5,9,95
v2_random_regular_baseline_s15,v2,random_regular_baseline,15,random_regular,100,4,477,63,3.062529300232621,24,63,0.38095238095238093,82,29
v2_random_regular_baseline_s15,v2,random_regular_baseline,15,random_regular,100,4,478,13,1.9061547465328492,8,13,0.6153846153846154,34,95
v2_random_regular_baseline_s15,v2,random_regular_baseline,15,random_regular,100,4,479,27,2.540036303807981,14,27,0.5185185185185185,47,29
v2_random_regular_baseline_s15,v2,random_regular_baseline,15,random_regular,100,4,480,52,2.7283523700752608,23,52,0.4423076923076923,42,95
v2_random_regular_baseline_s15,v2,random_regular_baseline,15,random_regular,100,4,481,19,2.079441541671836,8,19,0.42105263157894735,91,72
v2_random_regular_baseline_s15,v2,random_regular_baseline,15,random_regular,100,4,482,66,3.1780538303239454,24,66,0.36363636363636365,40,53
v2_random_regular_baseline_s15,v2,random_regular_baseline,15,random_regular,100,4,483,68,3.0904599235931967,27,68,0.39705882352941174,30,29
v2_random_regular_baseline_s15,v2,random_regular_baseline,15,random_regular,100,4,484,2,0.6931471805579453,2,2,1.0,9,29
v2_random_regular_baseline_s15,v2,random_regular_baseline,15,random_regular,100,4,485,79,3.4011973816321546,30,79,0.379746835443038,70,81
v2_random_regular_baseline_s15,v2,random_regular_baseline,15,random_regular,100,4,486,0,0.0,0,0,,95,95
v2_random_regular_baseline_s15,v2,random_regular_baseline,15,random_regular,100,4,487,128,3.4911163241998726,43,128,0.3359375,83,29
v2_random_regular_baseline_s15,v2,random_regular_baseline,15,random_regular,100,4,488,1,-1.000088900581841e-12,1,1,1.0,77,81
v2_random_regular_baseline_s15,v2,random_regular_baseline,15,random_regular,100,4,489,2,-1.000088900581841e-12,1,2,0.5,64,95
v2_random_regular_baseline_s15,v2,random_regular_baseline,15,random_regular,100,4,490,36,2.3383717047925723,15,36,0.4166666666666667,66,81
v2_random_regular_baseline_s15,v2,random_regular_baseline,15,random_regular,100,4,491,44,3.1418041591892294,27,44,0.6136363636363636,35,29
v2_random_regular_baseline_s15,v2,random_regular_baseline,15,random_regular,100,4,492,149,3.860623457522692,54,149,0.3624161073825503,97,95
v2_random_regular_baseline_s15,v2,random_regular_baseline,15,random_regular,100,4,493,36,2.4583113296710835,13,36,0.3611111111111111,2,29
v2_random_regular_baseline_s15,v2,random_regular_baseline,15,random_regular,100,4,494,27,2.540036303807981,14,27,0.5185185185185185,66,95
v2_random_regular_baseline_s15,v2,random_regular_baseline,15,random_regular,100,4,495,131,3.970291913499123,53,131,0.40458015267175573,74,53
v2_random_regular_baseline_s15,v2,random_regular_baseline,15,random_regular,100,4,496,60,3.1282795608038727,29,60,0.48333333333333334,80,29
v2_random_regular_baseline_s15,v2,random_regular_baseline,15,random_regular,100,4,497,3,0.6931471805579453,2,3,0.6666666666666666,62,72
v2_random_regular_baseline_s15,v2,random_regular_baseline,15,random_regular,100,4,498,15,2.197224577327219,9,15,0.6,64,95
v2_random_regular_baseline_s15,v2,random_regular_baseline,15,random_regular,100,4,499,74,3.1418041591892294,27,74,0.36486486486486486,89,53
v2_random_regular_baseline_s15,v2,random_regular_baseline,15,random_regular,100,4,500,33,2.5232109529398907,15,33,0.45454545454545453,97,81
v2_random_regular_baseline_s15,v2,random_regular_baseline,15,random_regular,100,4,501,124,3.860623457522692,54,124,0.43548387096774194,40,72
v2_random_regular_baseline_s15,v2,random_regular_baseline,15,random_regular,100,4,502,38,2.7080502010872096,15,38,0.39473684210526316,9,53
v2_random_regular_baseline_s15,v2,random_regular_baseline,15,random_regular,100,4,503,125,3.3700609899961567,43,125,0.344,78,29
v2_random_regular_baseline_s15,v2,random_regular_baseline,15,random_regular,100,4,504,5,0.6931471805579453,2,5,0.4,35,72
v2_random_regular_baseline_s15,v2,random_regular_baseline,15,random_regular,100,4,505,106,3.223530831956023,35,106,0.330188679245283,98,81
v2_random_regular_baseline_s15,v2,random_regular_baseline,15,random_regular,100,4,506,0,0.0,0,0,,53,53
v2_random_regular_baseline_s15,v2,random_regular_baseline,15,random_regular,100,4,507,12,1.791759469222055,6,12,0.5,98,29
v2_random_regular_baseline_s15,v2,random_regular_baseline,15,random_regular,100,4,508,3,0.6931471805579453,2,3,0.6666666666666666,1,29
v2_random_regular_baseline_s15,v2,random_regular_baseline,15,random_regular,100,4,509,21,1.791759469222055,6,21,0.2857142857142857,96,81
v2_random_regular_baseline_s15,v2,random_regular_baseline,15,random_regular,100,4,510,94,3.621823241582,45,94,0.4787234042553192,28,72
v2_random_regular_baseline_s15,v2,random_regular_baseline,15,random_regular,100,4,511,6,0.6931471805579453,2,6,0.3333333333333333,15,72
v2_random_regular_baseline_s15,v2,random_regular_baseline,15,random_regular,100,4,512,205,4.110528645525975,79,205,0.3853658536585366,91,72
v2_random_regular_baseline_s15,v2,random_regular_baseline,15,random_regular,100,4,513,68,2.7555497906471795,21,68,0.3088235294117647,3,81
v2_random_regular_baseline_s15,v2,random_regular_baseline,15,random_regular,100,4,514,19,2.079441541671836,8,19,0.42105263157894735,4,29
v2_random_regular_baseline_s15,v2,random_regular_baseline,15,random_regular,100,4,515,10,1.0986122886651095,3,10,0.3,33,95
v2_random_regular_baseline_s15,v2,random_regular_baseline,15,random_regular,100,4,516,78,3.4761312408209912,35,78,0.44871794871794873,56,72
v2_random_regular_baseline_s15,v2,random_regular_baseline,15,random_regular,100,4,517,202,4.109015238304788,80,202,0.39603960396039606,62,81
v2_random_regular_baseline_s15,v2,random_regular_baseline,15,random_regular,100,4,518,14,1.6094379124291005,5,14,0.35714285714285715,92,53
v2_random_regular_baseline_s15,v2,random_regular_baseline,15,random_regular,100,4,519,9,1.3862943611158909,4,9,0.4444444444444444,25,81
v2_random_regular_baseline_s15,v2,random_regular_baseline,15,random_regular,100,4,520,3,-1.000088900581841e-12,1,3,0.3333333333333333,77,81
v2_random_regular_baseline_s15,v2,random_regular_baseline,15,random_regular,100,4,521,40,2.7985132569262934,19,40,0.475,26,72
v2_random_regular_baseline_s15,v2,random_regular_baseline,15,random_regular,100,4,522,29,2.553237002979714,18,29,0.6206896551724138,91,72
v2_random_regular_baseline_s15,v2,random_regular_baseline,15,random_regular,100,4,523,149,3.890777138351372,64,149,0.42953020134228187,50,53
v2_random_regular_baseline_s15,v2,random_regular_baseline,15,random_regular,100,4,524,47,2.6980110198281126,19,47,0.40425531914893614,3,29
v2_random_regular_baseline_s15,v2,random_regular_baseline,15,random_regular,100,4,525,50,2.523210952939891,15,50,0.3,28,53
v2_random_regular_baseline_s15,v2,random_regular_baseline,15,random_regular,100,4,526,77,3.371971579897444,37,77,0.4805194805194805,36,95
v2_random_regular_baseline_s15,v2,random_regular_baseline,15,random_regular,100,4,527,62,2.98296502919677,24,62,0.3870967741935484,4,53
v2_random_regular_baseline_s15,v2,random_regular_baseline,15,random_regular,100,4,528,174,4.126386362513015,83,174,0.47701149425287354,37,29
v2_random_regular_baseline_s15,v2,random_regular_baseline,15,random_regular,100,4,529,13,1.3862943611158909,4,13,0.3076923076923077,0,29
v2_random_regular_baseline_s15,v2,random_regular_baseline,15,random_regular,100,4,530,102,3.4368689714688543,39,102,0.38235294117647056,26,95
v2_random_regular_baseline_s15,v2,random_regular_baseline,15,random_regular,100,4,531,2,-1.000088900581841e-12,1,2,0.5,42,29
v2_random_regular_baseline_s15,v2,random_regular_baseline,15,random_regular,100,4,532,0,0.0,0,0,,72,72
v2_random_regular_baseline_s15,v2,random_regular_baseline,15,random_regular,100,4,533,12,1.791759469222055,6,12,0.5,45,53
v2_random_regular_baseline_s15,v2,random_regular_baseline,15,random_regular,100,4,534,26,2.302585092984045,10,26,0.38461538461538464,5,95
v2_random_regular_baseline_s15,v2,random_regular_baseline,15,random_regular,100,4,535,42,2.685945324654788,16,42,0.38095238095238093,93,72
v2_random_regular_baseline_s15,v2,random_regular_baseline,15,random_regular,100,4,536,50,3.0752205480323718,23,50,0.46,22,95
v2_random_regular_baseline_s15,v2,random_regular_baseline,15,random_regular,100,4,537,0,0.0,0,0,,95,95
v2_random_regular_baseline_s15,v2,random_regular_baseline,15,random_regular,100,4,538,2,-1.000088900581841e-12,1,2,0.5,41,95
v2_random_regular_baseline_s15,v2,random_regular_baseline,15,random_regular,100,4,539,57,3.1780538303239454,24,57,0.42105263157894735,18,29
v2_random_regular_baseline_s15,v2,random_regular_baseline,15,random_regular,100,4,540,120,3.658162873776453,44,120,0.36666666666666664,70,29
v2_random_regular_baseline_s15,v2,random_regular_baseline,15,random_regular,100,4,541,26,2.8332133440392155,17,26,0.6538461538461539,34,29
v2_random_regular_baseline_s15,v2,random_regular_baseline,15,random_regular,100,4,542,10,1.791759469222055,6,10,0.6,0,29
v2_random_regular_baseline_s15,v2,random_regular_baseline,15,random_regular,100,4,543,4,0.6931471805579453,2,4,0.5,22,81
v2_random_regular_baseline_s15,v2,random_regular_baseline,15,random_regular,100,4,544,88,3.3573060098708574,35,88,0.3977272727272727,12,53
v2_random_regular_baseline_s15,v2,random_regular_baseline,15,random_regular,100,4,545,105,3.579388963696679,45,105,0.42857142857142855,85,53
v2_random_regular_baseline_s15,v2,random_regular_baseline,15,random_regular,100,4,546,35,2.772588722223781,16,35,0.45714285714285713,61,72
v2_random_regular_baseline_s15,v2,random_regular_baseline,15,random_regular,100,4,547,26,2.369382119683676,12,26,0.46153846153846156,76,81
v2_random_regular_baseline_s15,v2,random_regular_baseline,15,random_regular,100,4,548,22,2.484906649776,12,22,0.5454545454545454,91,81
v2_random_regular_baseline_s15,v2,random_regular_baseline,15,random_regular,100,4,549,13,1.9459101490483133,7,13,0.5384615384615384,96,72
v2_random_regular_baseline_s15,v2,random_regular_baseline,15,random_regular,100,4,550,122,3.9600548708754566,59,122,0.48360655737704916,21,29
v2_random_regular_baseline_s15,v2,random_regular_baseline,15,random_regular,100,4,551,117,3.6690330832035736,48,117,0.41025641025641024,61,72
v2_random_regular_baseline_s15,v2,random_regular_baseline,15,random_regular,100,4,552,74,2.9678674685120354,30,74,0.40540540540540543,76,72
v2_random_regular_baseline_s15,v2,random_regular_baseline,15,random_regular,100,4,553,66,3.335770806415738,32,66,0.48484848484848486,14,72
v2_random_regular_baseline_s15,v2,random_regular_baseline,15,random_regular,100,4,554,64,3.044820482442576,26,64,0.40625,17,81
v2_random_regular_baseline_s15,v2,random_regular_baseline,15,random_regular,100,4,555,11,1.6094379124291005,5,11,0.45454545454545453,89,95
v2_random_regular_baseline_s15,v2,random_regular_baseline,15,random_regular,100,4,556,7,0.6931471805579453,2,7,0.2857142857142857,10,29
v2_random_regular_baseline_s15,v2,random_regular_baseline,15,random_regular,100,4,557,44,2.441015278014703,14,44,0.3181818181818182,68,81
v2_random_regular_baseline_s15,v2,random_regular_baseline,15,random_regular,100,4,558,8,1.791759469222055,6,8,0.75,69,81
v2_random_regular_baseline_s15,v2,random_regular_baseline,15,random_regular,100,4,559,253,4.365059987708678,107,253,0.42292490118577075,42,81
v2_random_regular_baseline_s15,v2,random_regular_baseline,15,random_regular,100,4,560,13,1.3862943611158909,4,13,0.3076923076923077,88,29
v2_random_regular_baseline_s15,v2,random_regular_baseline,15,random_regular,100,4,561,31,2.5649493574485365,13,31,0.41935483870967744,40,72
v2_random_regular_baseline_s15,v2,random_regular_baseline,15,random_regular,100,4,562,18,1.6094379124291005,5,18,0.2777777777777778,43,72
v2_random_regular_baseline_s15,v2,random_regular_baseline,15,random_regular,100,4,563,69,3.3524698782394617,36,69,0.5217391304347826,87,29
v2_random_regular_baseline_s15,v2,random_regular_baseline,15,random_regular,100,4,564,11,1.6094379124291005,5,11,0.45454545454545453,76,53
v2_random_regular_baseline_s15,v2,random_regular_baseline,15,random_regular,100,4,565,57,2.9444389791474395,19,57,0.3333333333333333,38,95
v2_random_regular_baseline_s15,v2,random_regular_baseline,15,random_regular,100,4,566,7,0.6931471805579453,2,7,0.2857142857142857,96,53
v2_random_regular_baseline_s15,v2,random_regular_baseline,15,random_regular,100,4,567,36,2.639057329601259,14,36,0.3888888888888889,20,53
v2_random_regular_baseline_s15,v2,random_regular_baseline,15,random_regular,100,4,568,0,0.0,0,0,,81,81
v2_random_regular_baseline_s15,v2,random_regular_baseline,15,random_regular,100,4,569,39,2.4583113296710835,13,39,0.3333333333333333,45,29
v2_random_regular_baseline_s15,v2,random_regular_baseline,15,random_regular,100,4,570,63,3.031590575761233,25,63,0.3968253968253968,3,53
v2_random_regular_baseline_s15,v2,random_regular_baseline,15,random_regular,100,4,571,0,0.0,0,0,,72,72
v2_random_regular_baseline_s15,v2,random_regular_baseline,15,random_regular,100,4,572,48,2.857102837424001,20,48,0.4166666666666667,86,72
v2_random_regular_baseline_s15,v2,random_regular_baseline,15,random_regular,100,4,573,14,2.079441541671836,8,14,0.5714285714285714,14,72
v2_random_regular_baseline_s15,v2,random_regular_baseline,15,random_regular,100,4,574,85,3.245722306105547,39,85,0.4588235294117647,56,53
v2_random_regular_baseline_s15,v2,random_regular_baseline,15,random_regular,100,4,575,0,0.0,0,0,,72,72
v2_random_regular_baseline_s15,v2,random_regular_baseline,15,random_regular,100,4,576,17,2.079441541671836,8,17,0.47058823529411764,69,29
v2_random_regular_baseline_s15,v2,random_regular_baseline,15,random_regular,100,4,577,79,3.2706069569122977,33,79,0.4177215189873418,31,72
v2_random_regular_baseline_s15,v2,random_regular_baseline,15,random_regular,100,4,578,114,3.62651626962484,49,114,0.4298245614035088,19,29
v2_random_regular_baseline_s15,v2,random_regular_baseline,15,random_regular,100,4,579,139,3.752682943849809,44,139,0.31654676258992803,45,95
v2_random_regular_baseline_s15,v2,random_regular_baseline,15,random_regular,100,4,580,61,3.0149468801585937,23,61,0.3770491803278688,36,81
v2_random_regular_baseline_s15,v2,random_regular_baseline,15,random_regular,100,4,581,53,3.044820482442576,26,53,0.49056603773584906,58,72
v2_random_regular_baseline_s15,v2,random_regular_baseline,15,random_regular,100,4,582,148,3.6511228010840666,55,148,0.3716216216216216,30,95
v2_random_regular_baseline_s15,v2,random_regular_baseline,15,random_regular,100,4,583,0,0.0,0,0,,81,81
v2_random_regular_baseline_s15,v2,random_regular_baseline,15,random_regular,100,4,584,27,1.820075975353621,12,27,0.4444444444444444,99,95
v2_random_regular_baseline_s15,v2,random_regular_baseline,15,random_regular,100,4,585,1,-1.000088900581841e-12,1,1,1.0,34,53
v2_random_regular_baseline_s15,v2,random_regular_baseline,15,random_regular,100,4,586,131,3.726795348248236,48,131,0.366412213740458,8,72
v2_random_regular_baseline_s15,v2,random_regular_baseline,15,random_regular,100,4,587,25,2.3516733018936304,13,25,0.52,15,53
v2_random_regular_baseline_s15,v2,random_regular_baseline,15,random_regular,100,4,588,173,4.037783240315683,75,173,0.43352601156069365,15,72
v2_random_regular_baseline_s15,v2,random_regular_baseline,15,random_regular,100,4,589,79,2.9650156932365066,22,79,0.27848101265822783,62,72
v2_random_regular_baseline_s15,v2,random_regular_baseline,15,random_regular,100,4,590,143,3.823096663177727,51,143,0.35664335664335667,39,72
v2_random_regular_baseline_s15,v2,random_regular_baseline,15,random_regular,100,4,591,90,3.2238860684653137,29,90,0.32222222222222224,74,81
v2_random_regular_baseline_s15,v2,random_regular_baseline,15,random_regular,100,4,592,0,0.0,0,0,,95,95
v2_random_regular_baseline_s15,v2,random_regular_baseline,15,random_regular,100,4,593,23,2.484906649776,12,23,0.5217391304347826,1,95
v2_random_regular_baseline_s15,v2,random_regular_baseline,15,random_regular,100,4,594,15,1.0986122886651095,3,15,0.2,82,29
v2_random_regular_baseline_s15,v2,random_regular_baseline,15,random_regular,100,4,595,122,3.881306425080663,55,122,0.45081967213114754,47,29
v2_random_regular_baseline_s15,v2,random_regular_baseline,15,random_regular,100,4,596,0,0.0,0,0,,53,53
v2_random_regular_baseline_s15,v2,random_regular_baseline,15,random_regular,100,4,597,144,3.9700992296777,60,144,0.4166666666666667,1,53
v2_random_regular_baseline_s15,v2,random_regular_baseline,15,random_regular,100,4,598,143,3.871828101880343,59,143,0.4125874125874126,87,81
v2_random_regular_baseline_s15,v2,random_regular_baseline,15,random_regular,100,4,599,30,2.6980110198281126,19,30,0.6333333333333333,49,81
v2_random_regular_baseline_s15,v2,random_regular_baseline,15,random_regular,100,4,600,125,3.673173853440987,47,125,0.376,49,53
v2_random_regular_baseline_s15,v2,random_regular_baseline,15,random_regular,100,4,601,12,1.5607104090364068,6,12,0.5,73,95
v2_random_regular_baseline_s15,v2,random_regular_baseline,15,random_regular,100,4,602,53,2.857102837424001,20,53,0.37735849056603776,97,72
v2_random_regular_baseline_s15,v2,random_regular_baseline,15,random_regular,100,4,603,32,2.5993019270857944,16,32,0.5,74,81
v2_random_regular_baseline_s15,v2,random_regular_baseline,15,random_regular,100,4,604,11,1.6094379124291005,5,11,0.45454545454545453,68,95
v2_random_regular_baseline_s15,v2,random_regular_baseline,15,random_regular,100,4,605,17,1.3862943611158909,4,17,0.23529411764705882,7,95
v2_random_regular_baseline_s15,v2,random_regular_baseline,15,random_regular,100,4,606,10,1.6094379124291005,5,10,0.5,63,29
v2_random_regular_baseline_s15,v2,random_regular_baseline,15,random_regular,100,4,607,34,2.639057329601259,14,34,0.4117647058823529,70,72
v2_random_regular_baseline_s15,v2,random_regular_baseline,15,random_regular,100,4,608,287,4.288211800290739,115,287,0.40069686411149824,50,29
v2_random_regular_baseline_s15,v2,random_regular_baseline,15,random_regular,100,4,609,88,3.619564736019943,40,88,0.45454545454545453,54,72
v2_random_regular_baseline_s15,v2,random_regular_baseline,15,random_regular,100,4,610,308,4.508879663527404,117,308,0.37987012987012986,11,53
v2_random_regular_baseline_s15,v2,random_regular_baseline,15,random_regular,100,4,611,98,3.6121358939014394,41,98,0.41836734693877553,51,53
v2_random_regular_baseline_s15,v2,random_regular_baseline,15,random_regular,100,4,612,66,2.476220649585165,18,66,0.2727272727272727,65,29
v2_random_regular_baseline_s15,v2,random_regular_baseline,15,random_regular,100,4,613,12,1.6094379124291005,5,12,0.4166666666666667,30,53
v2_random_regular_baseline_s15,v2,random_regular_baseline,15,random_regular,100,4,614,46,2.9785084205072385,21,46,0.45652173913043476,42,81
v2_random_regular_baseline_s15,v2,random_regular_baseline,15,random_regular,100,4,615,26,2.1639556568730565,10,26,0.38461538461538464,74,81
v2_random_regular_baseline_s15,v2,random_regular_baseline,15,random_regular,100,4,616,16,1.791759469222055,6,16,0.375,1,53
v2_random_regular_baseline_s15,v2,random_regular_baseline,15,random_regular,100,4,617,6,1.3862943611158909,4,6,0.6666666666666666,21,81
v2_random_regular_baseline_s15,v2,random_regular_baseline,15,random_regular,100,4,618,0,0.0,0,0,,81,81
v2_random_regular_baseline_s15,v2,random_regular_baseline,15,random_regular,100,4,619,77,3.202445121202928,33,77,0.42857142857142855,66,72
v2_random_regular_baseline_s15,v2,random_regular_baseline,15,random_regular,100,4,620,178,3.877931145338117,68,178,0.38202247191011235,36,29
v2_random_regular_baseline_s15,v2,random_regular_baseline,15,random_regular,100,4,621,336,4.311036226053284,125,336,0.37202380952380953,26,95
v2_random_regular_baseline_s15,v2,random_regular_baseline,15,random_regular,100,4,622,26,2.369382119683676,12,26,0.46153846153846156,67,29
v2_random_regular_baseline_s15,v2,random_regular_baseline,15,random_regular,100,4,623,0,0.0,0,0,,81,81
v2_random_regular_baseline_s15,v2,random_regular_baseline,15,random_regular,100,4,624,25,2.2718685126865625,11,25,0.44,57,72
v2_random_regular_baseline_s15,v2,random_regular_baseline,15,random_regular,100,4,625,29,2.0253262207620675,10,29,0.3448275862068966,66,95
v2_random_regular_baseline_s15,v2,random_regular_baseline,15,random_regular,100,4,626,101,3.244454041235864,33,101,0.32673267326732675,63,72
v2_random_regular_baseline_s15,v2,random_regular_baseline,15,random_regular,100,4,627,57,3.2238860684653137,29,57,0.5087719298245614,61,29
v2_random_regular_baseline_s15,v2,random_regular_baseline,15,random_regular,100,4,628,113,3.84231987833756,48,113,0.4247787610619469,42,95
v2_random_regular_baseline_s15,v2,random_regular_baseline,15,random_regular,100,4,629,74,3.104074021506185,31,74,0.4189189189189189,97,29
v2_random_regular_baseline_s15,v2,random_regular_baseline,15,random_regular,100,4,630,10,1.3321790402061222,5,10,0.5,79,81
v2_random_regular_baseline_s15,v2,random_regular_baseline,15,random_regular,100,4,631,13,1.3862943611158909,4,13,0.3076923076923077,99,29
v2_random_regular_baseline_s15,v2,random_regular_baseline,15,random_regular,100,4,632,72,3.10797227595561,25,72,0.3472222222222222,84,81
v2_random_regular_baseline_s15,v2,random_regular_baseline,15,random_regular,100,4,633,45,2.751666616915516,17,45,0.37777777777777777,19,72
v2_random_regular_baseline_s15,v2,random_regular_baseline,15,random_regular,100,4,634,7,1.0986122886651095,3,7,0.42857142857142855,41,95
v2_random_regular_baseline_s15,v2,random_regular_baseline,15,random_regular,100,4,635,66,3.4011973816321546,30,66,0.45454545454545453,27,95
v2_random_regular_baseline_s15,v2,random_regular_baseline,15,random_regular,100,4,636,75,3.2848923602224342,36,75,0.48,10,29
v2_random_regular_baseline_s15,v2,random_regular_baseline,15,random_regular,100,4,637,20,2.0431918705371204,9,20,0.45,76,81
v2_random_regular_baseline_s15,v2,random_regular_baseline,15,random_regular,100,4,638,95,3.527169277521562,42,95,0.4421052631578947,87,29
v2_random_regular_baseline_s15,v2,random_regular_baseline,15,random_regular,100,4,639,329,4.569320236547568,134,329,0.4072948328267477,5,95
v2_random_regular_baseline_s15,v2,random_regular_baseline,15,random_regular,100,4,640,59,2.670119889791817,17,59,0.288135593220339,45,95
v2_random_regular_baseline_s15,v2,random_regular_baseline,15,random_regular,100,4,641,39,2.8903717578781647,18,39,0.46153846153846156,9,81
v2_random_regular_baseline_s15,v2,random_regular_baseline,15,random_regular,100,4,642,105,3.489430251750723,40,105,0.38095238095238093,15,81
v2_random_regular_baseline_s15,v2,random_regular_baseline,15,random_regular,100,4,643,69,2.736818408329388,30,69,0.43478260869565216,7,72
v2_random_regular_baseline_s15,v2,random_regular_baseline,15,random_regular,100,4,644,9,1.6094379124291005,5,9,0.5555555555555556,38,29
v2_random_regular_baseline_s15,v2,random_regular_baseline,15,random_regular,100,4,645,110,3.85657123093535,50,110,0.45454545454545453,0,95
v2_random_regular_baseline_s15,v2,random_regular_baseline,15,random_regular,100,4,646,254,4.361611626877324,102,254,0.4015748031496063,46,72
v2_random_regular_baseline_s15,v2,random_regular_baseline,15,random_regular,100,4,647,10,1.0986122886651095,3,10,0.3,98,29
v2_random_regular_baseline_s15,v2,random_regular_baseline,15,random_regular,100,4,648,49,2.912494403312053,21,49,0.42857142857142855,5,81
v2_random_regular_baseline_s15,v2,random_regular_baseline,15,random_regular,100,4,649,98,3.6322425006666657,43,98,0.4387755102040816,8,81
v2_random_regular_baseline_s15,v2,random_regular_baseline,15,random_regular,100,4,650,36,2.1639556568730565,10,36,0.2777777777777778,67,72
v2_random_regular_baseline_s15,v2,random_regular_baseline,15,random_regular,100,4,651,78,3.480935299911953,40,78,0.5128205128205128,22,29
v2_random_regular_baseline_s15,v2,random_regular_baseline,15,random_regular,100,4,652,39,2.8903717578781647,18,39,0.46153846153846156,44,72
v2_random_regular_baseline_s15,v2,random_regular_baseline,15,random_regular,100,4,653,47,3.044522437702424,21,47,0.44680851063829785,7,72
v2_random_regular_baseline_s15,v2,random_regular_baseline,15,random_regular,100,4,654,217,4.268680756772649,87,217,0.4009216589861751,74,95
v2_random_regular_baseline_s15,v2,random_regular_baseline,15,random_regular,100,4,655,30,2.639057329601259,14,30,0.4666666666666667,8,81
v2_random_regular_baseline_s15,v2,random_regular_baseline,15,random_regular,100,4,656,0,0.0,0,0,,53,53
v2_random_regular_baseline_s15,v2,random_regular_baseline,15,random_regular,100,4,657,23,2.484906649776,12,23,0.5217391304347826,13,95
v2_random_regular_baseline_s15,v2,random_regular_baseline,15,random_regular,100,4,658,13,1.791759469222055,6,13,0.46153846153846156,48,29
v2_random_regular_baseline_s15,v2,random_regular_baseline,15,random_regular,100,4,659,92,3.4365228305042805,35,92,0.3804347826086957,97,72
v2_random_regular_baseline_s15,v2,random_regular_baseline,15,random_regular,100,4,660,1,-1.000088900581841e-12,1,1,1.0,5,81
v2_random_regular_baseline_s15,v2,random_regular_baseline,15,random_regular,100,4,661,0,0.0,0,0,,81,81
v2_random_regular_baseline_s15,v2,random_regular_baseline,15,random_regular,100,4,662,3,-1.000088900581841e-12,1,3,0.3333333333333333,41,95
v2_random_regular_baseline_s15,v2,random_regular_baseline,15,random_regular,100,4,663,4,0.6931471805579453,2,4,0.5,65,81
v2_random_regular_baseline_s15,v2,random_regular_baseline,15,random_regular,100,4,664,237,4.354403611836769,104,237,0.4388185654008439,34,72
v2_random_regular_baseline_s15,v2,random_regular_baseline,15,random_regular,100,4,665,6,1.3862943611158909,4,6,0.6666666666666666,28,81
v2_random_regular_baseline_s15,v2,random_regular_baseline,15,random_regular,100,4,666,47,3.052520501511814,25,47,0.5319148936170213,3,53
v2_random_regular_baseline_s15,v2,random_regular_baseline,15,random_regular,100,4,667,2,-1.000088900581841e-12,1,2,0.5,41,95
v2_random_regular_baseline_s15,v2,random_regular_baseline,15,random_regular,100,4,668,91,3.199808993028946,38,91,0.4175824175824176,66,29
v2_random_regular_baseline_s15,v2,random_regular_baseline,15,random_regular,100,4,669,30,2.751666616915516,17,30,0.5666666666666667,28,95
v2_random_regular_baseline_s15,v2,random_regular_baseline,15,random_regular,100,4,670,13,1.9459101490483133,7,13,0.5384615384615384,63,72
v2_random_regular_baseline_s15,v2,random_regular_baseline,15,random_regular,100,4,671,64,3.379092505199735,32,64,0.5,89,95
v2_random_regular_baseline_s15,v2,random_regular_baseline,15,random_regular,100,4,672,27,1.5607104090364066,6,27,0.2222222222222222,44,95
v2_random_regular_baseline_s15,v2,random_regular_baseline,15,random_regular,100,4,673,29,2.4583113296710835,13,29,0.4482758620689655,40,95
v2_random_regular_baseline_s15,v2,random_regular_baseline,15,random_regular,100,4,674,27,2.369382119683676,12,27,0.4444444444444444,4,29
v2_random_regular_baseline_s15,v2,random_regular_baseline,15,random_regular,100,4,675,99,3.478947762716976,43,99,0.43434343434343436,94,29
v2_random_regular_baseline_s15,v2,random_regular_baseline,15,random_regular,100,4,676,16,1.791759469222055,6,16,0.375,14,29
v2_random_regular_baseline_s15,v2,random_regular_baseline,15,random_regular,100,4,677,96,3.636445433177706,46,96,0.4791666666666667,83,95
v2_random_regular_baseline_s15,v2,random_regular_baseline,15,random_regular,100,4,678,48,2.846480386116867,21,48,0.4375,13,72
v2_random_regular_baseline_s15,v2,random_regular_baseline,15,random_regular,100,4,679,2,-1.000088900581841e-12,1,2,0.5,43,72
v2_random_regular_baseline_s15,v2,random_regular_baseline,15,random_regular,100,4,680,9,0.6931471805579453,2,9,0.2222222222222222,10,29
v2_random_regular_baseline_s15,v2,random_regular_baseline,15,random_regular,100,4,681,103,3.259564415667711,43,103,0.4174757281553398,60,53
v2_random_regular_baseline_s15,v2,random_regular_baseline,15,random_regular,100,4,682,2,-1.000088900581841e-12,1,2,0.5,96,81
v2_random_regular_baseline_s15,v2,random_regular_baseline,15,random_regular,100,4,683,22,2.3978952727873706,11,22,0.5,8,72
v2_random_regular_baseline_s15,v2,random_regular_baseline,15,random_regular,100,4,684,73,2.835758983874077,31,73,0.4246575342465753,79,72
v2_random_regular_baseline_s15,v2,random_regular_baseline,15,random_regular,100,4,685,22,2.0431918705371204,9,22,0.4090909090909091,11,29
v2_random_regular_baseline_s15,v2,random_regular_baseline,15,random_regular,100,4,686,19,2.197224577327219,9,19,0.47368421052631576,90,81
v2_random_regular_baseline_s15,v2,random_regular_baseline,15,random_regular,100,4,687,117,3.795914420803828,51,117,0.4358974358974359,14,95
v2_random_regular_baseline_s15,v2,random_regular_baseline,15,random_regular,100,4,688,8,1.3862943611158909,4,8,0.5,67,72
v2_random_regular_baseline_s15,v2,random_regular_baseline,15,random_regular,100,4,689,109,3.8393038461588183,57,109,0.5229357798165137,39,95
v2_random_regular_baseline_s15,v2,random_regular_baseline,15,random_regular,100,4,690,62,3.134162458562648,28,62,0.45161290322580644,20,53
v2_random_regular_baseline_s15,v2,random_regular_baseline,15,random_regular,100,4,691,28,1.6094379124291005,5,28,0.17857142857142858,25,95
v2_random_regular_baseline_s15,v2,random_regular_baseline,15,random_regular,100,4,692,20,1.791759469222055,6,20,0.3,16,95
v2_random_regular_baseline_s15,v2,random_regular_baseline,15,random_regular,100,4,693,17,1.559581156254877,8,17,0.47058823529411764,47,95
v2_random_regular_baseline_s15,v2,random_regular_baseline,15,random_regular,100,4,694,27,2.302585092984045,10,27,0.37037037037037035,42,53
v2_random_regular_baseline_s15,v2,random_regular_baseline,15,random_regular,100,4,695,157,3.9217452174123055,66,157,0.42038216560509556,61,53
v2_random_regular_baseline_s15,v2,random_regular_baseline,15,random_regular,100,4,696,96,3.4149515609728844,36,96,0.375,22,95
v2_random_regular_baseline_s15,v2,random_regular_baseline,15,random_regular,100,4,697,71,3.3549875695958247,30,71,0.4225352112676056,67,72
v2_random_regular_baseline_s15,v2,random_regular_baseline,15,random_regular,100,4,698,0,0.0,0,0,,53,53
v2_random_regular_baseline_s15,v2,random_regular_baseline,15,random_regular,100,4,699,225,4.274695103252701,87,225,0.38666666666666666,35,53
v2_random_regular_baseline_s15,v2,random_regular_baseline,15,random_regular,100,4,700,84,3.3573060098708574,35,84,0.4166666666666667,14,72
v2_random_regular_baseline_s15,v2,random_regular_baseline,15,random_regular,100,4,701,40,2.639057329601259,14,40,0.35,17,95
v2_random_regular_baseline_s15,v2,random_regular_baseline,15,random_regular,100,4,702,105,3.514562790693561,47,105,0.44761904761904764,51,72
v2_random_regular_baseline_s15,v2,random_regular_baseline,15,random_regular,100,4,703,35,2.4583113296710835,13,35,0.37142857142857144,78,53
v2_random_regular_baseline_s15,v2,random_regular_baseline,15,random_regular,100,4,704,43,2.341994252221425,14,43,0.32558139534883723,11,72
v2_random_regular_baseline_s15,v2,random_regular_baseline,15,random_regular,100,4,705,100,3.4469064102262488,37,100,0.37,48,95
v2_random_regular_baseline_s15,v2,random_regular_baseline,15,random_regular,100,4,706,47,3.03514143277037,28,47,0.5957446808510638,11,72
v2_random_regular_baseline_s15,v2,random_regular_baseline,15,random_regular,100,4,707,217,4.1547274355729815,91,217,0.41935483870967744,71,29
v2_random_regular_baseline_s15,v2,random_regular_baseline,15,random_regular,100,4,708,203,4.212108312819535,83,203,0.4088669950738916,25,53
v2_random_regular_baseline_s15,v2,random_regular_baseline,15,random_regular,100,4,709,44,3.044522437702424,21,44,0.4772727272727273,57,81
v2_random_regular_baseline_s15,v2,random_regular_baseline,15,random_regular,100,4,710,75,3.412489721367608,33,75,0.44,42,53
v2_random_regular_baseline_s15,v2,random_regular_baseline,15,random_regular,100,4,711,121,3.600505056023791,54,121,0.4462809917355372,93,81
v2_random_regular_baseline_s15,v2,random_regular_baseline,15,random_regular,100,4,712,8,0.6931471805579453,2,8,0.25,23,72
v2_random_regular_baseline_s15,v2,random_regular_baseline,15,random_regular,100,4,713,40,2.4260151319478083,16,40,0.4,60,81
v2_random_regular_baseline_s15,v2,random_regular_baseline,15,random_regular,100,4,714,153,3.725820233679377,58,153,0.3790849673202614,32,29
v2_random_regular_baseline_s15,v2,random_regular_baseline,15,random_regular,100,4,715,42,3.120291565278284,24,42,0.5714285714285714,73,95
v2_random_regular_baseline_s15,v2,random_regular_baseline,15,random_regular,100,4,716,32,2.61563057701355,15,32,0.46875,60,53
v2_random_regular_baseline_s15,v2,random_regular_baseline,15,random_regular,100,4,717,56,3.2238860684653137,29,56,0.5178571428571429,46,53
v2_random_regular_baseline_s15,v2,random_regular_baseline,15,random_regular,100,4,718,9,1.0986122886651095,3,9,0.3333333333333333,39,53
v2_random_regular_baseline_s15,v2,random_regular_baseline,15,random_regular,100,4,719,0,0.0,0,0,,81,81
v2_random_regular_baseline_s15,v2,random_regular_baseline,15,random_regular,100,4,720,82,3.2285980368793616,33,82,0.4024390243902439,31,72
v2_random_regular_baseline_s15,v2,random_regular_baseline,15,random_regular,100,4,721,60,3.0149468801585937,23,60,0.38333333333333336,54,95
v2_random_regular_baseline_s15,v2,random_regular_baseline,15,random_regular,100,4,722,1,-1.000088900581841e-12,1,1,1.0,55,81
v2_random_regular_baseline_s15,v2,random_regular_baseline,15,random_regular,100,4,723,20,2.3978952727873706,11,20,0.55,18,72
v2_random_regular_baseline_s15,v2,random_regular_baseline,15,random_regular,100,4,724,5,1.0986122886651095,3,5,0.6,38,72
v2_random_regular_baseline_s15,v2,random_regular_baseline,15,random_regular,100,4,725,1,-1.000088900581841e-12,1,1,1.0,38,72
v2_random_regular_baseline_s15,v2,random_regular_baseline,15,random_regular,100,4,726,0,0.0,0,0,,72,72
v2_random_regular_baseline_s15,v2,random_regular_baseline,15,random_regular,100,4,727,47,2.751666616915516,17,47,0.3617021276595745,57,95
v2_random_regular_baseline_s15,v2,random_regular_baseline,15,random_regular,100,4,728,2,0.6931471805579453,2,2,1.0,4,72
v2_random_regular_baseline_s15,v2,random_regular_baseline,15,random_regular,100,4,729,33,2.197224577327219,9,33,0.2727272727272727,63,29
v2_random_regular_baseline_s15,v2,random_regular_baseline,15,random_regular,100,4,730,8,1.791759469222055,6,8,0.75,65,29
v2_random_regular_baseline_s15,v2,random_regular_baseline,15,random_regular,100,4,731,153,3.9558261352659927,66,153,0.43137254901960786,4,29
v2_random_regular_baseline_s15,v2,random_regular_baseline,15,random_regular,100,4,732,103,3.472414980727339,39,103,0.3786407766990291,78,29
v2_random_regular_baseline_s15,v2,random_regular_baseline,15,random_regular,100,4,733,30,2.4583113296710835,13,30,0.43333333333333335,38,81
v2_random_regular_baseline_s15,v2,random_regular_baseline,15,random_regular,100,4,734,132,3.6911832274305794,52,132,0.3939393939393939,6,29
v2_random_regular_baseline_s15,v2,random_regular_baseline,15,random_regular,100,4,735,5,0.6931471805579453,2,5,0.4,99,95
v2_random_regular_baseline_s15,v2,random_regular_baseline,15,random_regular,100,4,736,133,3.7074768319530698,50,133,0.37593984962406013,27,29
v2_random_regular_baseline_s15,v2,random_regular_baseline,15,random_regular,100,4,737,223,4.343285462784994,91,223,0.4080717488789238,58,29
v2_random_regular_baseline_s15,v2,random_regular_baseline,15,random_regular,100,4,738,14,1.6094379124291005,5,14,0.35714285714285715,79,29
v2_random_regular_baseline_s15,v2,random_regular_baseline,15,random_regular,100,4,739,117,3.717941794828361,50,117,0.42735042735042733,31,72
v2_random_regular_baseline_s15,v2,random_regular_baseline,15,random_regular,100,4,740,45,2.736339051089065,18,45,0.4,16,72
v2_random_regular_baseline_s15,v2,random_regular_baseline,15,random_regular,100,4,741,104,3.758472410905133,51,104,0.49038461538461536,92,95
v2_random_regular_baseline_s15,v2,random_regular_baseline,15,random_regular,100,4,742,38,2.363921103271948,17,38,0.4473684210526316,57,72
v2_random_regular_baseline_s15,v2,random_regular_baseline,15,random_regular,100,4,743,9,1.6094379124291005,5,9,0.5555555555555556,89,72
v2_random_regular_baseline_s15,v2,random_regular_baseline,15,random_regular,100,4,744,95,3.2357288684837906,41,95,0.43157894736842106,90,53
v2_random_regular_baseline_s15,v2,random_regular_baseline,15,random_regular,100,4,745,6,1.3862943611158909,4,6,0.6666666666666666,58,95
v2_random_regular_baseline_s15,v2,random_regular_baseline,15,random_regular,100,4,746,202,4.197637945923486,88,202,0.43564356435643564,45,95
v2_random_regular_baseline_s15,v2,random_regular_baseline,15,random_regular,100,4,747,94,3.679750944731672,50,94,0.5319148936170213,0,95
v2_random_regular_baseline_s15,v2,random_regular_baseline,15,random_regular,100,4,748,131,3.987559379882587,68,131,0.5190839694656488,44,81
v2_random_regular_baseline_s15,v2,random_regular_baseline,15,random_regular,100,4,749,36,2.1639556568730565,10,36,0.2777777777777778,39,72
v2_random_regular_baseline_s15,v2,random_regular_baseline,15,random_regular,100,4,750,276,4.443216771356344,109,276,0.39492753623188404,76,72
v2_random_regular_baseline_s15,v2,random_regular_baseline,15,random_regular,100,4,751,11,1.791759469222055,6,11,0.5454545454545454,67,95
v2_random_regular_baseline_s15,v2,random_regular_baseline,15,random_regular,100,4,752,34,2.2718685126865625,11,34,0.3235294117647059,12,95
v2_random_regular_baseline_s15,v2,random_regular_baseline,15,random_regular,100,4,753,8,1.3862943611158909,4,8,0.5,99,95
v2_random_regular_baseline_s15,v2,random_regular_baseline,15,random_regular,100,4,754,72,3.1656721668240384,31,72,0.4305555555555556,23,29
v2_random_regular_baseline_s15,v2,random_regular_baseline,15,random_regular,100,4,755,48,2.947004770141297,24,48,0.5,28,29
v2_random_regular_baseline_s15,v2,random_regular_baseline,15,random_regular,100,4,756,10,1.3862943611158909,4,10,0.4,6,72
v2_random_regular_baseline_s15,v2,random_regular_baseline,15,random_regular,100,4,757,128,3.6006396281186834,53,128,0.4140625,54,81
v2_random_regular_baseline_s15,v2,random_regular_baseline,15,random_regular,100,4,758,2,-1.000088900581841e-12,1,2,0.5,64,95
v2_random_regular_baseline_s15,v2,random_regular_baseline,15,random_regular,100,4,759,190,4.073464033772796,81,190,0.4263157894736842,60,29
v2_random_regular_baseline_s15,v2,random_regular_baseline,15,random_regular,100,4,760,217,4.303583407197623,100,217,0.4608294930875576,49,81
v2_random_regular_baseline_s15,v2,random_regular_baseline,15,random_regular,100,4,761,28,2.5649493574485365,13,28,0.4642857142857143,19,81
v2_random_regular_baseline_s15,v2,random_regular_baseline,15,random_regular,100,4,762,29,2.341994252221425,14,29,0.4827586206896552,99,53
v2_random_regular_baseline_s15,v2,random_regular_baseline,15,random_regular,100,4,763,65,3.176082814634593,29,65,0.4461538461538462,19,53
v2_random_regular_baseline_s15,v2,random_regular_baseline,15,random_regular,100,4,764,147,3.934098837134368,64,147,0.43537414965986393,78,29
v2_random_regular_baseline_s15,v2,random_regular_baseline,15,random_regular,100,4,765,0,0.0,0,0,,29,29
v2_random_regular_baseline_s15,v2,random_regular_baseline,15,random_regular,100,4,766,244,4.249865504142817,91,244,0.3729508196721312,61,29
v2_random_regular_baseline_s15,v2,random_regular_baseline,15,random_regular,100,4,767,176,4.0071088820736325,72,176,0.4090909090909091,19,72
v2_random_regular_baseline_s15,v2,random_regular_baseline,15,random_regular,100,4,768,21,2.302585092984045,10,21,0.47619047619047616,78,81
v2_random_regular_baseline_s15,v2,random_regular_baseline,15,random_regular,100,4,769,57,3.2924491076317413,32,57,0.5614035087719298,16,81
v2_random_regular_baseline_s15,v2,random_regular_baseline,15,random_regular,100,4,770,61,3.205805710063748,32,61,0.5245901639344263,66,95
v2_random_regular_baseline_s15,v2,random_regular_baseline,15,random_regular,100,4,771,61,2.8674404991054456,24,61,0.39344262295081966,51,29
v2_random_regular_baseline_s15,v2,random_regular_baseline,15,random_regular,100,4,772,39,2.441015278014703,14,39,0.358974358974359,87,81
v2_random_regular_baseline_s15,v2,random_regular_baseline,15,random_regular,100,4,773,37,2.369382119683676,12,37,0.32432432432432434,24,72
v2_random_regular_baseline_s15,v2,random_regular_baseline,15,random_regular,100,4,774,13,1.791759469222055,6,13,0.46153846153846156,79,53
v2_random_regular_baseline_s15,v2,random_regular_baseline,15,random_regular,100,4,775,3,0.6931471805579453,2,3,0.6666666666666666,67,53
v2_random_regular_baseline_s15,v2,random_regular_baseline,15,random_regular,100,4,776,126,3.664523720486966,52,126,0.4126984126984127,13,29
v2_random_regular_baseline_s15,v2,random_regular_baseline,15,random_regular,100,4,777,55,3.10797227595561,25,55,0.45454545454545453,93,72
v2_random_regular_baseline_s15,v2,random_regular_baseline,15,random_regular,100,4,778,38,2.8332133440392155,17,38,0.4473684210526316,92,72
v2_random_regular_baseline_s15,v2,random_regular_baseline,15,random_regular,100,4,779,42,2.7985132569262934,19,42,0.4523809523809524,79,72
v2_random_regular_baseline_s15,v2,random_regular_baseline,15,random_regular,100,4,780,170,3.886400408003117,60,170,0.35294117647058826,89,53
v2_random_regular_baseline_s15,v2,random_regular_baseline,15,random_regular,100,4,781,60,2.4583113296710835,13,60,0.21666666666666667,45,29
v2_random_regular_baseline_s15,v2,random_regular_baseline,15,random_regular,100,4,782,0,0.0,0,0,,95,95
v2_random_regular_baseline_s15,v2,random_regular_baseline,15,random_regular,100,4,783,0,0.0,0,0,,72,72
v2_random_regular_baseline_s15,v2,random_regular_baseline,15,random_regular,100,4,784,22,2.079441541671836,8,22,0.36363636363636365,92,72
v2_random_regular_baseline_s15,v2,random_regular_baseline,15,random_regular,100,4,785,32,2.1639556568730565,10,32,0.3125,15,72
v2_random_regular_baseline_s15,v2,random_regular_baseline,15,random_regular,100,4,786,1,-1.000088900581841e-12,1,1,1.0,18,72
v2_random_regular_baseline_s15,v2,random_regular_baseline,15,random_regular,100,4,787,61,3.098139496330803,26,61,0.4262295081967213,20,72
v2_random_regular_baseline_s15,v2,random_regular_baseline,15,random_regular,100,4,788,3,-1.000088900581841e-12,1,3,0.3333333333333333,33,95
v2_random_regular_baseline_s15,v2,random_regular_baseline,15,random_regular,100,4,789,12,1.3862943611158909,4,12,0.3333333333333333,65,72
v2_random_regular_baseline_s15,v2,random_regular_baseline,15,random_regular,100,4,790,117,3.803480322741276,53,117,0.452991452991453,78,72
v2_random_regular_baseline_s15,v2,random_regular_baseline,15,random_regular,100,4,791,108,3.621823241582,45,108,0.4166666666666667,24,95
v2_random_regular_baseline_s15,v2,random_regular_baseline,15,random_regular,100,4,792,9,1.6094379124291005,5,9,0.5555555555555556,74,72
v2_random_regular_baseline_s15,v2,random_regular_baseline,15,random_regular,100,4,793,56,2.736339051089065,18,56,0.32142857142857145,91,81
v2_random_regular_baseline_s15,v2,random_regular_baseline,15,random_regular,100,4,794,50,3.062529300232621,24,50,0.48,60,53
v2_random_regular_baseline_s15,v2,random_regular_baseline,15,random_regular,100,4,795,0,0.0,0,0,,29,29
v2_random_regular_baseline_s15,v2,random_regular_baseline,15,random_regular,100,4,796,25,2.1639556568730565,10,25,0.4,8,72
v2_random_regular_baseline_s15,v2,random_regular_baseline,15,random_regular,100,4,797,17,1.3321790402061222,5,17,0.29411764705882354,55,72
v2_random_regular_baseline_s15,v2,random_regular_baseline,15,random_regular,100,4,798,106,3.4331967372908423,40,106,0.37735849056603776,39,53
v2_random_regular_baseline_s15,v2,random_regular_baseline,15,random_regular,100,4,799,124,3.802554382651022,56,124,0.45161290322580644,7,29
v2_random_regular_baseline_s15,v2,random_regular_baseline,15,random_regular,100,4,800,71,3.2213525679417376,31,71,0.43661971830985913,21,72
v2_random_regular_baseline_s15,v2,random_regular_baseline,15,random_regular,100,4,801,0,0.0,0,0,,72,72
v2_random_regular_baseline_s15,v2,random_regular_baseline,15,random_regular,100,4,802,57,2.889242505095635,24,57,0.42105263157894735,9,72
v2_random_regular_baseline_s15,v2,random_regular_baseline,15,random_regular,100,4,803,8,1.0986122886651095,3,8,0.375,37,29
v2_random_regular_baseline_s15,v2,random_regular_baseline,15,random_regular,100,4,804,13,1.791759469222055,6,13,0.46153846153846156,63,72
v2_random_regular_baseline_s15,v2,random_regular_baseline,15,random_regular,100,4,805,12,1.6094379124291005,5,12,0.4166666666666667,55,53
v2_random_regular_baseline_s15,v2,random_regular_baseline,15,random_regular,100,4,806,75,3.3861134216208097,37,75,0.49333333333333335,46,53
v2_random_regular_baseline_s15,v2,random_regular_baseline,15,random_regular,100,4,807,24,1.054920167983144,5,24,0.20833333333333334,38,72
v2_random_regular_baseline_s15,v2,random_regular_baseline,15,random_regular,100,4,808,12,2.302585092984045,10,12,0.8333333333333334,27,81
v2_random_regular_baseline_s15,v2,random_regular_baseline,15,random_regular,100,4,809,9,1.9459101490483133,7,9,0.7777777777777778,21,29
v2_random_regular_baseline_s15,v2,random_regular_baseline,15,random_regular,100,4,810,3,0.6931471805579453,2,3,0.6666666666666666,75,72
v2_random_regular_baseline_s15,v2,random_regular_baseline,15,random_regular,100,4,811,48,2.8332133440392155,17,48,0.3541666666666667,26,53
v2_random_regular_baseline_s15,v2,random_regular_baseline,15,random_regular,100,4,812,58,2.4762471329700326,17,58,0.29310344827586204,22,53
v2_random_regular_baseline_s15,v2,random_regular_baseline,15,random_regular,100,4,813,47,2.7080502010872096,15,47,0.3191489361702128,82,29
v2_random_regular_baseline_s15,v2,random_regular_baseline,15,random_regular,100,4,814,11,2.079441541671836,8,11,0.7272727272727273,48,72
v2_random_regular_baseline_s15,v2,random_regular_baseline,15,random_regular,100,4,815,58,2.954673212284816,23,58,0.39655172413793105,47,95
v2_random_regular_baseline_s15,v2,random_regular_baseline,15,random_regular,100,4,816,25,2.5649493574485365,13,25,0.52,51,72
v2_random_regular_baseline_s15,v2,random_regular_baseline,15,random_regular,100,4,817,21,2.197224577327219,9,21,0.42857142857142855,99,53
v2_random_regular_baseline_s15,v2,random_regular_baseline,15,random_regular,100,4,818,63,3.071080362713028,27,63,0.42857142857142855,4,72
v2_random_regular_baseline_s15,v2,random_regular_baseline,15,random_regular,100,4,819,85,3.2463841835256595,36,85,0.4235294117647059,69,29
v2_random_regular_baseline_s15,v2,random_regular_baseline,15,random_regular,100,4,820,88,3.259909942154856,40,88,0.45454545454545453,8,95
v2_random_regular_baseline_s15,v2,random_regular_baseline,15,random_regular,100,4,821,222,4.27226769023738,94,222,0.42342342342342343,87,72
v2_random_regular_baseline_s15,v2,random_regular_baseline,15,random_regular,100,4,822,42,2.7284075400172907,22,42,0.5238095238095238,79,81
v2_random_regular_baseline_s15,v2,random_regular_baseline,15,random_regular,100,4,823,43,2.751666616915516,17,43,0.3953488372093023,96,53
v2_random_regular_baseline_s15,v2,random_regular_baseline,15,random_regular,100,4,824,8,0.6931471805579453,2,8,0.25,7,29
v2_random_regular_baseline_s15,v2,random_regular_baseline,15,random_regular,100,4,825,101,3.626656183752001,44,101,0.43564356435643564,13,29
v2_random_regular_baseline_s15,v2,random_regular_baseline,15,random_regular,100,4,826,21,1.8891591637470213,9,21,0.42857142857142855,46,95
v2_random_regular_baseline_s15,v2,random_regular_baseline,15,random_regular,100,4,827,66,3.2238860684653137,29,66,0.4393939393939394,94,29
v2_random_regular_baseline_s15,v2,random_regular_baseline,15,random_regular,100,4,828,6,1.0986122886651095,3,6,0.5,0,95
v2_random_regular_baseline_s15,v2,random_regular_baseline,15,random_regular,100,4,829,20,2.1639556568730565,10,20,0.5,94,53
v2_random_regular_baseline_s15,v2,random_regular_baseline,15,random_regular,100,4,830,16,2.197224577327219,9,16,0.5625,54,29
v2_random_regular_baseline_s15,v2,random_regular_baseline,15,random_regular,100,4,831,347,4.524155498725996,133,347,0.38328530259365995,13,53
v2_random_regular_baseline_s15,v2,random_regular_baseline,15,random_regular,100,4,832,58,2.83412587653726,23,58,0.39655172413793105,90,29
v2_random_regular_baseline_s15,v2,random_regular_baseline,15,random_regular,100,4,833,224,4.062264911373486,91,224,0.40625,51,95
v2_random_regular_baseline_s15,v2,random_regular_baseline,15,random_regular,100,4,834,16,1.791759469222055,6,16,0.375,20,95
v2_random_regular_baseline_s15,v2,random_regular_baseline,15,random_regular,100,4,835,70,2.7144523517264965,21,70,0.3,73,72
v2_random_regular_baseline_s15,v2,random_regular_baseline,15,random_regular,100,4,836,82,3.498515667114017,37,82,0.45121951219512196,36,72
v2_random_regular_baseline_s15,v2,random_regular_baseline,15,random_regular,100,4,837,44,2.6701198897918164,17,44,0.38636363636363635,47,29
v2_random_regular_baseline_s15,v2,random_regular_baseline,15,random_regular,100,4,838,0,0.0,0,0,,29,29
v2_random_regular_baseline_s15,v2,random_regular_baseline,15,random_regular,100,4,839,9,1.5607104090364066,6,9,0.6666666666666666,22,81
v2_random_regular_baseline_s15,v2,random_regular_baseline,15,random_regular,100,4,840,31,2.302585092984045,10,31,0.3225806451612903,87,95
v2_random_regular_baseline_s15,v2,random_regular_baseline,15,random_regular,100,4,841,39,2.685945324654788,16,39,0.41025641025641024,27,72
v2_random_regular_baseline_s15,v2,random_regular_baseline,15,random_regular,100,4,842,105,3.5849073769929456,40,105,0.38095238095238093,14,72
v2_random_regular_baseline_s15,v2,random_regular_baseline,15,random_regular,100,4,843,7,1.0986122886651095,3,7,0.42857142857142855,38,72
v2_random_regular_baseline_s15,v2,random_regular_baseline,15,random_regular,100,4,844,20,1.9459101490483133,7,20,0.35,79,95
v2_random_regular_baseline_s15,v2,random_regular_baseline,15,random_regular,100,4,845,5,0.6931471805579453,2,5,0.4,6,81
v2_random_regular_baseline_s15,v2,random_regular_baseline,15,random_regular,100,4,846,12,1.0986122886651095,3,12,0.25,18,81
v2_random_regular_baseline_s15,v2,random_regular_baseline,15,random_regular,100,4,847,81,3.555348061454413,35,81,0.43209876543209874,62,72
v2_random_regular_baseline_s15,v2,random_regular_baseline,15,random_regular,100,4,848,218,4.28403171642165,111,218,0.5091743119266054,97,29
v2_random_regular_baseline_s15,v2,random_regular_baseline,15,random_regular,100,4,849,68,3.189454205571105,32,68,0.47058823529411764,78,81
v2_random_regular_baseline_s15,v2,random_regular_baseline,15,random_regular,100,4,850,58,3.233183484354926,28,58,0.4827586206896552,90,29
v2_random_regular_baseline_s15,v2,random_regular_baseline,15,random_regular,100,4,851,13,1.791759469222055,6,13,0.46153846153846156,92,81
v2_random_regular_baseline_s15,v2,random_regular_baseline,15,random_regular,100,4,852,47,2.6593226976945163,18,47,0.3829787234042553,32,53
v2_random_regular_baseline_s15,v2,random_regular_baseline,15,random_regular,100,4,853,17,1.834371970274624,10,17,0.5882352941176471,44,95
v2_random_regular_baseline_s15,v2,random_regular_baseline,15,random_regular,100,4,854,121,3.7739173236900583,54,121,0.4462809917355372,76,95
v2_random_regular_baseline_s15,v2,random_regular_baseline,15,random_regular,100,4,855,37,2.4762471329700326,17,37,0.4594594594594595,13,72
v2_random_regular_baseline_s15,v2,random_regular_baseline,15,random_regular,100,4,856,27,2.302585092984045,10,27,0.37037037037037035,51,53
v2_random_regular_baseline_s15,v2,random_regular_baseline,15,random_regular,100,4,857,326,4.466039185007539,129,326,0.39570552147239263,11,95
v2_random_regular_baseline_s15,v2,random_regular_baseline,15,random_regular,100,4,858,134,3.93571013135748,67,134,0.5,71,53
v2_random_regular_baseline_s15,v2,random_regular_baseline,15,random_regular,100,4,859,45,2.725550395815721,19,45,0.4222222222222222,61,29
v2_random_regular_baseline_s15,v2,random_regular_baseline,15,random_regular,100,4,860,22,2.197224577327219,9,22,0.4090909090909091,61,72
v2_random_regular_baseline_s15,v2,random_regular_baseline,15,random_regular,100,4,861,216,4.249378064462364,93,216,0.4305555555555556,21,72
v2_random_regular_baseline_s15,v2,random_regular_baseline,15,random_regular,100,4,862,12,1.9459101490483133,7,12,0.5833333333333334,40,53
v2_random_regular_baseline_s15,v2,random_regular_baseline,15,random_regular,100,4,863,6,1.0986122886651095,3,6,0.5,2,29
v2_random_regular_baseline_s15,v2,random_regular_baseline,15,random_regular,100,4,864,53,2.736339051089065,18,53,0.33962264150943394,20,53
v2_random_regular_baseline_s15,v2,random_regular_baseline,15,random_regular,100,4,865,122,3.727905198677357,52,122,0.4262295081967213,14,72
v2_random_regular_baseline_s15,v2,random_regular_baseline,15,random_regular,100,4,866,53,2.751666616915516,17,53,0.32075471698113206,85,95
v2_random_regular_baseline_s15,v2,random_regular_baseline,15,random_regular,100,4,867,52,2.926417555478996,20,52,0.38461538461538464,38,95
v2_random_regular_baseline_s15,v2,random_regular_baseline,15,random_regular,100,4,868,25,2.197224577327219,9,25,0.36,84,72
v2_random_regular_baseline_s15,v2,random_regular_baseline,15,random_regular,100,4,869,12,1.9459101490483133,7,12,0.5833333333333334,54,53
v2_random_regular_baseline_s15,v2,random_regular_baseline,15,random_regular,100,4,870,231,4.112689569172476,90,231,0.38961038961038963,17,95
v2_random_regular_baseline_s15,v2,random_regular_baseline,15,random_regular,100,4,871,10,1.6094379124291005,5,10,0.5,41,53
v2_random_regular_baseline_s15,v2,random_regular_baseline,15,random_regular,100,4,872,4,0.6931471805579453,2,4,0.5,23,72
v2_random_regular_baseline_s15,v2,random_regular_baseline,15,random_regular,100,4,873,8,1.6094379124291005,5,8,0.625,57,72
v2_random_regular_baseline_s15,v2,random_regular_baseline,15,random_regular,100,4,874,4,0.6931471805579453,2,4,0.5,82,72
v2_random_regular_baseline_s15,v2,random_regular_baseline,15,random_regular,100,4,875,90,3.244454041235864,33,90,0.36666666666666664,15,95
v2_random_regular_baseline_s15,v2,random_regular_baseline,15,random_regular,100,4,876,1,-1.000088900581841e-12,1,1,1.0,73,29
v2_random_regular_baseline_s15,v2,random_regular_baseline,15,random_regular,100,4,877,31,2.197224577327219,9,31,0.2903225806451613,42,95
v2_random_regular_baseline_s15,v2,random_regular_baseline,15,random_regular,100,4,878,18,1.6094379124291005,5,18,0.2777777777777778,39,72
v2_random_regular_baseline_s15,v2,random_regular_baseline,15,random_regular,100,4,879,76,3.189454205571105,32,76,0.42105263157894735,36,95
v2_random_regular_baseline_s15,v2,random_regular_baseline,15,random_regular,100,4,880,65,3.0267861002338323,32,65,0.49230769230769234,15,72
v2_random_regular_baseline_s15,v2,random_regular_baseline,15,random_regular,100,4,881,2,-1.000088900581841e-12,1,2,0.5,82,29
v2_random_regular_baseline_s15,v2,random_regular_baseline,15,random_regular,100,4,882,14,1.9061547465328492,8,14,0.5714285714285714,39,95
v2_random_regular_baseline_s15,v2,random_regular_baseline,15,random_regular,100,4,883,44,2.61563057701355,15,44,0.3409090909090909,43,29
v2_random_regular_baseline_s15,v2,random_regular_baseline,15,random_regular,100,4,884,101,3.8349513397251753,54,101,0.5346534653465347,48,72
v2_random_regular_baseline_s15,v2,random_regular_baseline,15,random_regular,100,4,885,107,3.820651976959379,47,107,0.4392523364485981,65,29
v2_random_regular_baseline_s15,v2,random_regular_baseline,15,random_regular,100,4,886,1,-1.000088900581841e-12,1,1,1.0,83,72
v2_random_regular_baseline_s15,v2,random_regular_baseline,15,random_regular,100,4,887,32,2.4583113296710835,13,32,0.40625,92,95
v2_random_regular_baseline_s15,v2,random_regular_baseline,15,random_regular,100,4,888,43,1.8891591637470213,9,43,0.20930232558139536,67,29
v2_random_regular_baseline_s15,v2,random_regular_baseline,15,random_regular,100,4,889,143,3.6779572267611504,46,143,0.32167832167832167,37,81
v2_random_regular_baseline_s15,v2,random_regular_baseline,15,random_regular,100,4,890,11,1.3862943611158909,4,11,0.36363636363636365,64,72
v2_random_regular_baseline_s15,v2,random_regular_baseline,15,random_regular,100,4,891,165,4.030648985242947,70,165,0.42424242424242425,13,95
v2_random_regular_baseline_s15,v2,random_regular_baseline,15,random_regular,100,4,892,115,3.671655601047183,42,115,0.3652173913043478,70,81
v2_random_regular_baseline_s15,v2,random_regular_baseline,15,random_regular,100,4,893,123,3.9119676931177256,54,123,0.43902439024390244,6,53
v2_random_regular_baseline_s15,v2,random_regular_baseline,15,random_regular,100,4,894,93,3.037080161843965,34,93,0.3655913978494624,70,29
v2_random_regular_baseline_s15,v2,random_regular_baseline,15,random_regular,100,4,895,62,3.2238860684653137,29,62,0.46774193548387094,36,81
v2_random_regular_baseline_s15,v2,random_regular_baseline,15,random_regular,100,4,896,42,2.3959081192819283,15,42,0.35714285714285715,24,72
v2_random_regular_baseline_s15,v2,random_regular_baseline,15,random_regular,100,4,897,27,2.197224577327219,9,27,0.3333333333333333,97,95
v2_random_regular_baseline_s15,v2,random_regular_baseline,15,random_regular,100,4,898,8,1.3321790402061222,5,8,0.625,32,72
v2_random_regular_baseline_s15,v2,random_regular_baseline,15,random_regular,100,4,899,51,2.670119889791816,17,51,0.3333333333333333,31,95
v2_random_regular_baseline_s15,v2,random_regular_baseline,15,random_regular,100,4,900,95,3.473613549464628,42,95,0.4421052631578947,35,29
v2_random_regular_baseline_s15,v2,random_regular_baseline,15,random_regular,100,4,901,40,2.8332133440392155,17,40,0.425,57,29
v2_random_regular_baseline_s15,v2,random_regular_baseline,15,random_regular,100,4,902,5,-1.000088900581841e-12,1,5,0.2,73,29
v2_random_regular_baseline_s15,v2,random_regular_baseline,15,random_regular,100,4,903,0,0.0,0,0,,81,81
v2_random_regular_baseline_s15,v2,random_regular_baseline,15,random_regular,100,4,904,1,-1.000088900581841e-12,1,1,1.0,77,53
v2_random_regular_baseline_s15,v2,random_regular_baseline,15,random_regular,100,4,905,18,2.079441541671836,8,18,0.4444444444444444,13,29
v2_random_regular_baseline_s15,v2,random_regular_baseline,15,random_regular,100,4,906,9,1.0986122886651095,3,9,0.3333333333333333,79,81
v2_random_regular_baseline_s15,v2,random_regular_baseline,15,random_regular,100,4,907,26,2.369382119683676,12,26,0.46153846153846156,15,29
v2_random_regular_baseline_s15,v2,random_regular_baseline,15,random_regular,100,4,908,201,4.185930388413017,90,201,0.44776119402985076,15,81
v2_random_regular_baseline_s15,v2,random_regular_baseline,15,random_regular,100,4,909,67,3.204777524107256,26,67,0.3880597014925373,99,29
v2_random_regular_baseline_s15,v2,random_regular_baseline,15,random_regular,100,4,910,11,-1.000088900581841e-12,1,11,0.09090909090909091,96,81
v2_random_regular_baseline_s15,v2,random_regular_baseline,15,random_regular,100,4,911,22,2.685945324654788,16,22,0.7272727272727273,24,72
v2_random_regular_baseline_s15,v2,random_regular_baseline,15,random_regular,100,4,912,15,1.9459101490483133,7,15,0.4666666666666667,87,53
v2_random_regular_baseline_s15,v2,random_regular_baseline,15,random_regular,100,4,913,201,4.013637220348967,71,201,0.35323383084577115,82,72
v2_random_regular_baseline_s15,v2,random_regular_baseline,15,random_regular,100,4,914,135,3.833703685298017,59,135,0.43703703703703706,83,72
v2_random_regular_baseline_s15,v2,random_regular_baseline,15,random_regular,100,4,915,134,3.878765961568665,57,134,0.4253731343283582,91,95
v2_random_regular_baseline_s15,v2,random_regular_baseline,15,random_regular,100,4,916,7,0.6931471805579453,2,7,0.2857142857142857,6,81
v2_random_regular_baseline_s15,v2,random_regular_baseline,15,random_regular,100,4,917,90,3.4124897213676078,33,90,0.36666666666666664,20,95
v2_random_regular_baseline_s15,v2,random_regular_baseline,15,random_regular,100,4,918,24,2.1639556568730565,10,24,0.4166666666666667,77,95
v2_random_regular_baseline_s15,v2,random_regular_baseline,15,random_regular,100,4,919,70,3.062529300232621,24,70,0.34285714285714286,60,95
v2_random_regular_baseline_s15,v2,random_regular_baseline,15,random_regular,100,4,920,123,3.830895721041939,55,123,0.44715447154471544,26,95
v2_random_regular_baseline_s15,v2,random_regular_baseline,15,random_regular,100,4,921,24,2.302585092984045,10,24,0.4166666666666667,20,29
v2_random_regular_baseline_s15,v2,random_regular_baseline,15,random_regular,100,4,922,61,3.170148321450507,30,61,0.4918032786885246,50,53
v2_random_regular_baseline_s15,v2,random_regular_baseline,15,random_regular,100,4,923,1,-1.000088900581841e-12,1,1,1.0,41,95
v2_random_regular_baseline_s15,v2,random_regular_baseline,15,random_regular,100,4,924,9,1.6094379124291005,5,9,0.5555555555555556,13,95
v2_random_regular_baseline_s15,v2,random_regular_baseline,15,random_regular,100,4,925,7,1.0986122886651095,3,7,0.42857142857142855,98,29
v2_random_regular_baseline_s15,v2,random_regular_baseline,15,random_regular,100,4,926,88,3.354987569595825,30,88,0.3409090909090909,86,81
v2_random_regular_baseline_s15,v2,random_regular_baseline,15,random_regular,100,4,927,50,2.787788119369007,20,50,0.4,48,81
v2_random_regular_baseline_s15,v2,random_regular_baseline,15,random_regular,100,4,928,40,2.9957322735339904,20,40,0.5,17,95
v2_random_regular_baseline_s15,v2,random_regular_baseline,15,random_regular,100,4,929,83,3.299829685639092,31,83,0.37349397590361444,45,53
v2_random_regular_baseline_s15,v2,random_regular_baseline,15,random_regular,100,4,930,36,2.751666616915516,17,36,0.4722222222222222,10,29
v2_random_regular_baseline_s15,v2,random_regular_baseline,15,random_regular,100,4,931,56,2.846480386116867,21,56,0.375,47,29
v2_random_regular_baseline_s15,v2,random_regular_baseline,15,random_regular,100,4,932,19,2.302585092984045,10,19,0.5263157894736842,22,95
v2_random_regular_baseline_s15,v2,random_regular_baseline,15,random_regular,100,4,933,11,1.9061547465328492,8,11,0.7272727272727273,90,29
v2_random_regular_baseline_s15,v2,random_regular_baseline,15,random_regular,100,4,934,26,2.079441541671836,8,26,0.3076923076923077,28,95
v2_random_regular_baseline_s15,v2,random_regular_baseline,15,random_regular,100,4,935,38,2.5993019270857944,16,38,0.42105263157894735,20,53
v2_random_regular_baseline_s15,v2,random_regular_baseline,15,random_regular,100,4,936,6,1.3862943611158909,4,6,0.6666666666666666,78,72
v2_random_regular_baseline_s15,v2,random_regular_baseline,15,random_regular,100,4,937,14,1.791759469222055,6,14,0.42857142857142855,19,81
v2_random_regular_baseline_s15,v2,random_regular_baseline,15,random_regular,100,4,938,285,4.345937709512684,110,285,0.38596491228070173,99,95
v2_random_regular_baseline_s15,v2,random_regular_baseline,15,random_regular,100,4,939,43,2.8464803861168675,21,43,0.4883720930232558,16,72
v2_random_regular_baseline_s15,v2,random_regular_baseline,15,random_regular,100,4,940,38,2.094729047518648,12,38,0.3157894736842105,44,53
v2_random_regular_baseline_s15,v2,random_regular_baseline,15,random_regular,100,4,941,108,3.6147641804846256,44,108,0.4074074074074074,12,29
v2_random_regular_baseline_s15,v2,random_regular_baseline,15,random_regular,100,4,942,2,0.6931471805579453,2,2,1.0,43,29
v2_random_regular_baseline_s15,v2,random_regular_baseline,15,random_regular,100,4,943,106,3.638648592450092,42,106,0.39622641509433965,36,81
v2_random_regular_baseline_s15,v2,random_regular_baseline,15,random_regular,100,4,944,144,3.936787148657477,63,144,0.4375,5,95
v2_random_regular_baseline_s15,v2,random_regular_baseline,15,random_regular,100,4,945,143,3.869229995169538,58,143,0.40559440559440557,41,95
v2_random_regular_baseline_s15,v2,random_regular_baseline,15,random_regular,100,4,946,271,4.363977528392409,112,271,0.4132841328413284,16,53
v2_random_regular_baseline_s15,v2,random_regular_baseline,15,random_regular,100,4,947,31,2.0431918705371204,9,31,0.2903225806451613,96,81
v2_random_regular_baseline_s15,v2,random_regular_baseline,15,random_regular,100,4,948,3,0.6931471805579453,2,3,0.6666666666666666,23,29
v2_random_regular_baseline_s15,v2,random_regular_baseline,15,random_regular,100,4,949,21,1.9061547465328492,8,21,0.38095238095238093,6,53
v2_random_regular_baseline_s15,v2,random_regular_baseline,15,random_regular,100,4,950,52,2.8113759572431496,23,52,0.4423076923076923,10,81
v2_random_regular_baseline_s15,v2,random_regular_baseline,15,random_regular,100,4,951,37,2.685945324654788,16,37,0.43243243243243246,63,95
v2_random_regular_baseline_s15,v2,random_regular_baseline,15,random_regular,100,4,952,105,3.492465695652704,50,105,0.47619047619047616,17,95
v2_random_regular_baseline_s15,v2,random_regular_baseline,15,random_regular,100,4,953,130,3.860623457522692,54,130,0.4153846153846154,1,53
v2_random_regular_baseline_s15,v2,random_regular_baseline,15,random_regular,100,4,954,139,3.7545647056209694,52,139,0.37410071942446044,15,72
v2_random_regular_baseline_s15,v2,random_regular_baseline,15,random_regular,100,4,955,63,2.8716496251169272,23,63,0.36507936507936506,38,72
v2_random_regular_baseline_s15,v2,random_regular_baseline,15,random_regular,100,4,956,8,1.6094379124291005,5,8,0.625,1,72
v2_random_regular_baseline_s15,v2,random_regular_baseline,15,random_regular,100,4,957,0,0.0,0,0,,29,29
v2_random_regular_baseline_s15,v2,random_regular_baseline,15,random_regular,100,4,958,37,2.484906649776,12,37,0.32432432432432434,37,72
v2_random_regular_baseline_s15,v2,random_regular_baseline,15,random_regular,100,4,959,4,0.6931471805579453,2,4,0.5,15,95
v2_random_regular_baseline_s15,v2,random_regular_baseline,15,random_regular,100,4,960,74,3.299829685639092,31,74,0.4189189189189189,18,72
v2_random_regular_baseline_s15,v2,random_regular_baseline,15,random_regular,100,4,961,0,0.0,0,0,,81,81
v2_random_regular_baseline_s15,v2,random_regular_baseline,15,random_regular,100,4,962,47,2.5993019270857944,16,47,0.3404255319148936,37,29
v2_random_regular_baseline_s15,v2,random_regular_baseline,15,random_regular,100,4,963,19,2.369382119683676,12,19,0.631578947368421,7,72
v2_random_regular_baseline_s15,v2,random_regular_baseline,15,random_regular,100,4,964,17,1.791759469222055,6,17,0.35294117647058826,48,81
v2_random_regular_baseline_s15,v2,random_regular_baseline,15,random_regular,100,4,965,263,4.3123212674376505,115,263,0.4372623574144487,66,29
v2_random_regular_baseline_s15,v2,random_regular_baseline,15,random_regular,100,4,966,21,2.197224577327219,9,21,0.42857142857142855,78,29
v2_random_regular_baseline_s15,v2,random_regular_baseline,15,random_regular,100,4,967,0,0.0,0,0,,81,81
v2_random_regular_baseline_s15,v2,random_regular_baseline,15,random_regular,100,4,968,83,3.286462961268799,33,83,0.39759036144578314,89,72
v2_random_regular_baseline_s15,v2,random_regular_baseline,15,random_regular,100,4,969,87,3.404927888365862,38,87,0.4367816091954023,44,29
v2_random_regular_baseline_s15,v2,random_regular_baseline,15,random_regular,100,4,970,86,3.467994408329786,36,86,0.4186046511627907,3,81
v2_random_regular_baseline_s15,v2,random_regular_baseline,15,random_regular,100,4,971,10,1.6094379124291005,5,10,0.5,34,53
v2_random_regular_baseline_s15,v2,random_regular_baseline,15,random_regular,100,4,972,121,3.502670849459592,49,121,0.4049586776859504,2,53
v2_random_regular_baseline_s15,v2,random_regular_baseline,15,random_regular,100,4,973,101,3.550250017965948,40,101,0.39603960396039606,6,81
v2_random_regular_baseline_s15,v2,random_regular_baseline,15,random_regular,100,4,974,336,4.629268834341503,150,336,0.44642857142857145,28,81
v2_random_regular_baseline_s15,v2,random_regular_baseline,15,random_regular,100,4,975,2,0.6931471805579453,2,2,1.0,7,95
v2_random_regular_baseline_s15,v2,random_regular_baseline,15,random_regular,100,4,976,20,1.791759469222055,6,20,0.3,58,95
v2_random_regular_baseline_s15,v2,random_regular_baseline,15,random_regular,100,4,977,47,2.813355404483615,18,47,0.3829787234042553,9,95
v2_random_regular_baseline_s15,v2,random_regular_baseline,15,random_regular,100,4,978,4,0.6931471805579453,2,4,0.5,67,53
v2_random_regular_baseline_s15,v2,random_regular_baseline,15,random_regular,100,4,979,3,0.6931471805579453,2,3,0.6666666666666666,99,95
v2_random_regular_baseline_s15,v2,random_regular_baseline,15,random_regular,100,4,980,92,3.5646232985788124,38,92,0.41304347826086957,31,95
v2_random_regular_baseline_s15,v2,random_regular_baseline,15,random_regular,100,4,981,93,3.6000030969206915,43,93,0.46236559139784944,13,53
v2_random_regular_baseline_s15,v2,random_regular_baseline,15,random_regular,100,4,982,61,3.098139496330803,26,61,0.4262295081967213,78,81
v2_random_regular_baseline_s15,v2,random_regular_baseline,15,random_regular,100,4,983,1,-1.000088900581841e-12,1,1,1.0,83,72
v2_random_regular_baseline_s15,v2,random_regular_baseline,15,random_regular,100,4,984,95,3.342356062906156,35,95,0.3684210526315789,96,72
v2_random_regular_baseline_s15,v2,random_regular_baseline,15,random_regular,100,4,985,28,2.523210952939891,15,28,0.5357142857142857,58,72
v2_random_regular_baseline_s15,v2,random_regular_baseline,15,random_regular,100,4,986,28,2.5126585295168016,16,28,0.5714285714285714,56,72
v2_random_regular_baseline_s15,v2,random_regular_baseline,15,random_regular,100,4,987,18,2.197224577327219,9,18,0.5,52,72
v2_random_regular_baseline_s15,v2,random_regular_baseline,15,random_regular,100,4,988,74,3.5263605245821616,34,74,0.4594594594594595,21,81
v2_random_regular_baseline_s15,v2,random_regular_baseline,15,random_regular,100,4,989,262,4.438147896717392,114,262,0.4351145038167939,46,95
v2_random_regular_baseline_s15,v2,random_regular_baseline,15,random_regular,100,4,990,1,-1.000088900581841e-12,1,1,1.0,34,53
v2_random_regular_baseline_s15,v2,random_regular_baseline,15,random_regular,100,4,991,147,3.5685403813089263,54,147,0.3673469387755102,34,95
v2_random_regular_baseline_s15,v2,random_regular_baseline,15,random_regular,100,4,992,29,2.5232109529398907,15,29,0.5172413793103449,63,72
v2_random_regular_baseline_s15,v2,random_regular_baseline,15,random_regular,100,4,993,37,2.639057329601259,14,37,0.3783783783783784,16,72
v2_random_regular_baseline_s15,v2,random_regular_baseline,15,random_regular,100,4,994,197,4.132172509322126,77,197,0.39086294416243655,34,95
v2_random_regular_baseline_s15,v2,random_regular_baseline,15,random_regular,100,4,995,54,3.5065025850265608,36,54,0.6666666666666666,42,72
v2_random_regular_baseline_s15,v2,random_regular_baseline,15,random_regular,100,4,996,26,2.253857589591352,12,26,0.46153846153846156,92,29
v2_random_regular_baseline_s15,v2,random_regular_baseline,15,random_regular,100,4,997,58,2.918057526059794,26,58,0.4482758620689655,31,81
v2_random_regular_baseline_s15,v2,random_regular_baseline,15,random_regular,100,4,998,8,1.0986122886651095,3,8,0.375,74,29
v2_random_regular_baseline_s15,v2,random_regular_baseline,15,random_regular,100,4,999,248,4.103322230862529,87,248,0.35080645161290325,35,95
