run_id,validation_version,condition,seed,topology,n_nodes,degree,episode_idx,hitting_time,path_entropy,accepted_moves,attempted_moves,accept_rate,start_node,final_node
v2_random_regular_baseline_s3,v2,random_regular_baseline,3,random_regular,100,4,0,89,3.3573060098708574,35,89,0.39325842696629215,72,11
v2_random_regular_baseline_s3,v2,random_regular_baseline,3,random_regular,100,4,1,30,2.3978952727873706,11,30,0.36666666666666664,14,99
v2_random_regular_baseline_s3,v2,random_regular_baseline,3,random_regular,100,4,2,265,4.39942410440227,104,265,0.39245283018867927,44,49
v2_random_regular_baseline_s3,v2,random_regular_baseline,3,random_regular,100,4,3,50,2.813355404483615,18,50,0.36,10,67
v2_random_regular_baseline_s3,v2,random_regular_baseline,3,random_regular,100,4,4,24,2.3978952727873706,11,24,0.4583333333333333,46,67
v2_random_regular_baseline_s3,v2,random_regular_baseline,3,random_regular,100,4,5,75,3.2625679455231658,30,75,0.4,18,67
v2_random_regular_baseline_s3,v2,random_regular_baseline,3,random_regular,100,4,6,59,2.871476118036867,19,59,0.3220338983050847,29,5
v2_random_regular_baseline_s3,v2,random_regular_baseline,3,random_regular,100,4,7,15,1.6094379124291005,5,15,0.3333333333333333,96,49
v2_random_regular_baseline_s3,v2,random_regular_baseline,3,random_regular,100,4,8,263,4.375202748063774,102,263,0.38783269961977185,76,99
v2_random_regular_baseline_s3,v2,random_regular_baseline,3,random_regular,100,4,9,88,3.472414980727339,39,88,0.4431818181818182,70,5
v2_random_regular_baseline_s3,v2,random_regular_baseline,3,random_regular,100,4,10,41,2.7080502010872096,15,41,0.36585365853658536,73,49
v2_random_regular_baseline_s3,v2,random_regular_baseline,3,random_regular,100,4,11,18,1.9459101490483133,7,18,0.3888888888888889,27,67
v2_random_regular_baseline_s3,v2,random_regular_baseline,3,random_regular,100,4,12,8,1.3862943611158909,4,8,0.5,37,49
v2_random_regular_baseline_s3,v2,random_regular_baseline,3,random_regular,100,4,13,188,3.8597008491799047,65,188,0.34574468085106386,62,11
v2_random_regular_baseline_s3,v2,random_regular_baseline,3,random_regular,100,4,14,35,2.6895357734519942,21,35,0.6,0,5
v2_random_regular_baseline_s3,v2,random_regular_baseline,3,random_regular,100,4,15,151,3.5651431577871904,54,151,0.3576158940397351,27,5
v2_random_regular_baseline_s3,v2,random_regular_baseline,3,random_regular,100,4,16,17,2.079441541671836,8,17,0.47058823529411764,24,49
v2_random_regular_baseline_s3,v2,random_regular_baseline,3,random_regular,100,4,17,17,1.6094379124291005,5,17,0.29411764705882354,81,99
v2_random_regular_baseline_s3,v2,random_regular_baseline,3,random_regular,100,4,18,160,4.072189681288071,74,160,0.4625,27,99
v2_random_regular_baseline_s3,v2,random_regular_baseline,3,random_regular,100,4,19,2,-1.000088900581841e-12,1,2,0.5,18,49
v2_random_regular_baseline_s3,v2,random_regular_baseline,3,random_regular,100,4,20,74,3.2463841835256595,36,74,0.4864864864864865,14,99
v2_random_regular_baseline_s3,v2,random_regular_baseline,3,random_regular,100,4,21,18,2.079441541671836,8,18,0.4444444444444444,93,49
v2_random_regular_baseline_s3,v2,random_regular_baseline,3,random_regular,100,4,22,53,2.9957322735339904,20,53,0.37735849056603776,47,5
v2_random_regular_baseline_s3,v2,random_regular_baseline,3,random_regular,100,4,23,127,3.474386303848706,46,127,0.36220472440944884,68,49
v2_random_regular_baseline_s3,v2,random_regular_baseline,3,random_regular,100,4,24,27,2.3978952727873706,11,27,0.4074074074074074,85,5
v2_random_regular_baseline_s3,v2,random_regular_baseline,3,random_regular,100,4,25,116,3.484441750218957,52,116,0.4482758620689655,2,49
v2_random_regular_baseline_s3,v2,random_regular_baseline,3,random_regular,100,4,26,38,2.772588722223781,16,38,0.42105263157894735,46,11
v2_random_regular_baseline_s3,v2,random_regular_baseline,3,random_regular,100,4,27,25,2.079441541671836,8,25,0.32,42,11
v2_random_regular_baseline_s3,v2,random_regular_baseline,3,random_regular,100,4,28,0,0.0,0,0,,49,49
v2_random_regular_baseline_s3,v2,random_regular_baseline,3,random_regular,100,4,29,116,3.671655601047183,42,116,0.3620689655172414,95,11
v2_random_regular_baseline_s3,v2,random_regular_baseline,3,random_regular,100,4,30,177,3.912281109995889,67,177,0.3785310734463277,86,99
v2_random_regular_baseline_s3,v2,random_regular_baseline,3,random_regular,100,4,31,45,2.857102837424001,20,45,0.4444444444444444,46,49
v2_random_regular_baseline_s3,v2,random_regular_baseline,3,random_regular,100,4,32,4,1.039720770836918,4,4,1.0,7,11
v2_random_regular_baseline_s3,v2,random_regular_baseline,3,random_regular,100,4,33,68,2.787788119369007,20,68,0.29411764705882354,14,67
v2_random_regular_baseline_s3,v2,random_regular_baseline,3,random_regular,100,4,34,24,2.302585092984045,10,24,0.4166666666666667,28,99
v2_random_regular_baseline_s3,v2,random_regular_baseline,3,random_regular,100,4,35,37,2.639057329601259,14,37,0.3783783783783784,32,11
v2_random_regular_baseline_s3,v2,random_regular_baseline,3,random_regular,100,4,36,55,3.0280290732864104,22,55,0.4,46,11
v2_random_regular_baseline_s3,v2,random_regular_baseline,3,random_regular,100,4,37,82,3.5157396511377024,35,82,0.4268292682926829,14,49
v2_random_regular_baseline_s3,v2,random_regular_baseline,3,random_regular,100,4,38,64,2.6723516979782698,24,64,0.375,78,5
v2_random_regular_baseline_s3,v2,random_regular_baseline,3,random_regular,100,4,39,34,2.484906649776,12,34,0.35294117647058826,88,99
v2_random_regular_baseline_s3,v2,random_regular_baseline,3,random_regular,100,4,40,59,3.120291565278284,24,59,0.4067796610169492,23,5
v2_random_regular_baseline_s3,v2,random_regular_baseline,3,random_regular,100,4,41,44,2.772588722223781,16,44,0.36363636363636365,73,11
v2_random_regular_baseline_s3,v2,random_regular_baseline,3,random_regular,100,4,42,32,2.2718685126865625,11,32,0.34375,56,49
v2_random_regular_baseline_s3,v2,random_regular_baseline,3,random_regular,100,4,43,7,1.5607104090364066,6,7,0.8571428571428571,54,67
v2_random_regular_baseline_s3,v2,random_regular_baseline,3,random_regular,100,4,44,11,1.791759469222055,6,11,0.5454545454545454,35,5
v2_random_regular_baseline_s3,v2,random_regular_baseline,3,random_regular,100,4,45,0,0.0,0,0,,67,67
v2_random_regular_baseline_s3,v2,random_regular_baseline,3,random_regular,100,4,46,75,3.2924491076317413,32,75,0.4266666666666667,47,49
v2_random_regular_baseline_s3,v2,random_regular_baseline,3,random_regular,100,4,47,14,1.9459101490483133,7,14,0.5,12,11
v2_random_regular_baseline_s3,v2,random_regular_baseline,3,random_regular,100,4,48,57,2.578596773382729,22,57,0.38596491228070173,76,67
v2_random_regular_baseline_s3,v2,random_regular_baseline,3,random_regular,100,4,49,53,2.954673212284816,23,53,0.4339622641509434,73,49
v2_random_regular_baseline_s3,v2,random_regular_baseline,3,random_regular,100,4,50,7,1.0114042647043515,6,7,0.8571428571428571,73,5
v2_random_regular_baseline_s3,v2,random_regular_baseline,3,random_regular,100,4,51,93,3.2878052769717283,44,93,0.4731182795698925,17,11
v2_random_regular_baseline_s3,v2,random_regular_baseline,3,random_regular,100,4,52,2,0.6931471805579453,2,2,1.0,54,11
v2_random_regular_baseline_s3,v2,random_regular_baseline,3,random_regular,100,4,53,26,2.369382119683676,12,26,0.46153846153846156,46,49
v2_random_regular_baseline_s3,v2,random_regular_baseline,3,random_regular,100,4,54,126,3.6988543332267927,53,126,0.42063492063492064,36,99
v2_random_regular_baseline_s3,v2,random_regular_baseline,3,random_regular,100,4,55,62,2.625048158717539,19,62,0.3064516129032258,24,67
v2_random_regular_baseline_s3,v2,random_regular_baseline,3,random_regular,100,4,56,6,1.0986122886651095,3,6,0.5,45,5
v2_random_regular_baseline_s3,v2,random_regular_baseline,3,random_regular,100,4,57,143,3.793210665798084,56,143,0.3916083916083916,47,11
v2_random_regular_baseline_s3,v2,random_regular_baseline,3,random_regular,100,4,58,3,1.0986122886651095,3,3,1.0,92,49
v2_random_regular_baseline_s3,v2,random_regular_baseline,3,random_regular,100,4,59,17,1.3862943611158909,4,17,0.23529411764705882,29,5
v2_random_regular_baseline_s3,v2,random_regular_baseline,3,random_regular,100,4,60,20,2.302585092984045,10,20,0.5,72,67
v2_random_regular_baseline_s3,v2,random_regular_baseline,3,random_regular,100,4,61,4,1.0986122886651095,3,4,0.75,83,67
v2_random_regular_baseline_s3,v2,random_regular_baseline,3,random_regular,100,4,62,28,2.3978952727873706,11,28,0.39285714285714285,73,49
v2_random_regular_baseline_s3,v2,random_regular_baseline,3,random_regular,100,4,63,88,3.328471881301735,33,88,0.375,73,11
v2_random_regular_baseline_s3,v2,random_regular_baseline,3,random_regular,100,4,64,37,2.5993019270857944,16,37,0.43243243243243246,58,49
v2_random_regular_baseline_s3,v2,random_regular_baseline,3,random_regular,100,4,65,28,2.079441541671836,8,28,0.2857142857142857,30,67
v2_random_regular_baseline_s3,v2,random_regular_baseline,3,random_regular,100,4,66,16,2.079441541671836,8,16,0.5,29,49
v2_random_regular_baseline_s3,v2,random_regular_baseline,3,random_regular,100,4,67,21,2.079441541671836,8,21,0.38095238095238093,78,5
v2_random_regular_baseline_s3,v2,random_regular_baseline,3,random_regular,100,4,68,43,2.752191546552043,22,43,0.5116279069767442,20,49
v2_random_regular_baseline_s3,v2,random_regular_baseline,3,random_regular,100,4,69,27,2.685945324654788,16,27,0.5925925925925926,95,99
v2_random_regular_baseline_s3,v2,random_regular_baseline,3,random_regular,100,4,70,10,1.3862943611158909,4,10,0.4,32,99
v2_random_regular_baseline_s3,v2,random_regular_baseline,3,random_regular,100,4,71,224,4.051261161641328,79,224,0.35267857142857145,13,11
v2_random_regular_baseline_s3,v2,random_regular_baseline,3,random_regular,100,4,72,86,3.4124897213676078,33,86,0.38372093023255816,56,99
v2_random_regular_baseline_s3,v2,random_regular_baseline,3,random_regular,100,4,73,227,4.1939768609884,92,227,0.4052863436123348,28,5
v2_random_regular_baseline_s3,v2,random_regular_baseline,3,random_regular,100,4,74,101,3.721176253825357,44,101,0.43564356435643564,79,5
v2_random_regular_baseline_s3,v2,random_regular_baseline,3,random_regular,100,4,75,15,1.9061547465328492,8,15,0.5333333333333333,75,5
v2_random_regular_baseline_s3,v2,random_regular_baseline,3,random_regular,100,4,76,109,3.5636428037030967,44,109,0.4036697247706422,3,5
v2_random_regular_baseline_s3,v2,random_regular_baseline,3,random_regular,100,4,77,28,2.3978952727873706,11,28,0.39285714285714285,83,67
v2_random_regular_baseline_s3,v2,random_regular_baseline,3,random_regular,100,4,78,185,4.155697093218628,83,185,0.4486486486486487,69,49
v2_random_regular_baseline_s3,v2,random_regular_baseline,3,random_regular,100,4,79,0,0.0,0,0,,11,11
v2_random_regular_baseline_s3,v2,random_regular_baseline,3,random_regular,100,4,80,129,3.8252615592850914,54,129,0.4186046511627907,62,5
v2_random_regular_baseline_s3,v2,random_regular_baseline,3,random_regular,100,4,81,85,3.619564736019943,40,85,0.47058823529411764,8,11
v2_random_regular_baseline_s3,v2,random_regular_baseline,3,random_regular,100,4,82,21,1.3862943611158909,4,21,0.19047619047619047,68,67
v2_random_regular_baseline_s3,v2,random_regular_baseline,3,random_regular,100,4,83,98,3.316143456615737,40,98,0.40816326530612246,78,5
v2_random_regular_baseline_s3,v2,random_regular_baseline,3,random_regular,100,4,84,28,2.484906649776,12,28,0.42857142857142855,30,11
v2_random_regular_baseline_s3,v2,random_regular_baseline,3,random_regular,100,4,85,60,3.271689322296034,29,60,0.48333333333333334,98,49
v2_random_regular_baseline_s3,v2,random_regular_baseline,3,random_regular,100,4,86,47,2.399204296189615,18,47,0.3829787234042553,68,5
v2_random_regular_baseline_s3,v2,random_regular_baseline,3,random_regular,100,4,87,54,2.917432973272215,28,54,0.5185185185185185,93,67
v2_random_regular_baseline_s3,v2,random_regular_baseline,3,random_regular,100,4,88,8,1.0986122886651095,3,8,0.375,59,49
v2_random_regular_baseline_s3,v2,random_regular_baseline,3,random_regular,100,4,89,179,4.080898481075848,80,179,0.44692737430167595,63,99
v2_random_regular_baseline_s3,v2,random_regular_baseline,3,random_regular,100,4,90,127,3.5869145171333727,57,127,0.44881889763779526,77,67
v2_random_regular_baseline_s3,v2,random_regular_baseline,3,random_regular,100,4,91,79,3.276097603139099,32,79,0.4050632911392405,56,49
v2_random_regular_baseline_s3,v2,random_regular_baseline,3,random_regular,100,4,92,178,3.97438884839589,65,178,0.3651685393258427,56,99
v2_random_regular_baseline_s3,v2,random_regular_baseline,3,random_regular,100,4,93,39,2.639057329601259,14,39,0.358974358974359,69,5
v2_random_regular_baseline_s3,v2,random_regular_baseline,3,random_regular,100,4,94,33,2.5649493574485365,13,33,0.3939393939393939,35,11
v2_random_regular_baseline_s3,v2,random_regular_baseline,3,random_regular,100,4,95,51,2.5993019270857944,16,51,0.3137254901960784,66,5
v2_random_regular_baseline_s3,v2,random_regular_baseline,3,random_regular,100,4,96,13,1.791759469222055,6,13,0.46153846153846156,78,99
v2_random_regular_baseline_s3,v2,random_regular_baseline,3,random_regular,100,4,97,39,2.736339051089065,18,39,0.46153846153846156,68,5
v2_random_regular_baseline_s3,v2,random_regular_baseline,3,random_regular,100,4,98,28,2.1458417525857545,11,28,0.39285714285714285,17,67
v2_random_regular_baseline_s3,v2,random_regular_baseline,3,random_regular,100,4,99,51,2.6980110198281126,19,51,0.37254901960784315,92,99
v2_random_regular_baseline_s3,v2,random_regular_baseline,3,random_regular,100,4,100,25,2.197224577327219,9,25,0.36,68,67
v2_random_regular_baseline_s3,v2,random_regular_baseline,3,random_regular,100,4,101,39,2.7985132569262934,19,39,0.48717948717948717,34,49
v2_random_regular_baseline_s3,v2,random_regular_baseline,3,random_regular,100,4,102,28,2.0431918705371204,9,28,0.32142857142857145,20,49
v2_random_regular_baseline_s3,v2,random_regular_baseline,3,random_regular,100,4,103,91,3.30339770555163,39,91,0.42857142857142855,8,99
v2_random_regular_baseline_s3,v2,random_regular_baseline,3,random_regular,100,4,104,40,2.813355404483615,18,40,0.45,19,67
v2_random_regular_baseline_s3,v2,random_regular_baseline,3,random_regular,100,4,105,0,0.0,0,0,,99,99
v2_random_regular_baseline_s3,v2,random_regular_baseline,3,random_regular,100,4,106,16,1.6094379124291005,5,16,0.3125,62,5
v2_random_regular_baseline_s3,v2,random_regular_baseline,3,random_regular,100,4,107,22,2.0431918705371204,9,22,0.4090909090909091,3,5
v2_random_regular_baseline_s3,v2,random_regular_baseline,3,random_regular,100,4,108,100,3.5281418680240257,38,100,0.38,77,11
v2_random_regular_baseline_s3,v2,random_regular_baseline,3,random_regular,100,4,109,15,1.9459101490483133,7,15,0.4666666666666667,60,5
v2_random_regular_baseline_s3,v2,random_regular_baseline,3,random_regular,100,4,110,128,3.828641396443096,46,128,0.359375,48,11
v2_random_regular_baseline_s3,v2,random_regular_baseline,3,random_regular,100,4,111,12,1.3862943611158909,4,12,0.3333333333333333,75,49
v2_random_regular_baseline_s3,v2,random_regular_baseline,3,random_regular,100,4,112,25,2.3978952727873706,11,25,0.44,90,5
v2_random_regular_baseline_s3,v2,random_regular_baseline,3,random_regular,100,4,113,4,1.0986122886651095,3,4,0.75,80,11
v2_random_regular_baseline_s3,v2,random_regular_baseline,3,random_regular,100,4,114,106,3.578323836314148,41,106,0.3867924528301887,35,49
v2_random_regular_baseline_s3,v2,random_regular_baseline,3,random_regular,100,4,115,122,3.795914420803827,51,122,0.4180327868852459,17,11
v2_random_regular_baseline_s3,v2,random_regular_baseline,3,random_regular,100,4,116,75,3.193512367382888,31,75,0.41333333333333333,53,5
v2_random_regular_baseline_s3,v2,random_regular_baseline,3,random_regular,100,4,117,110,3.704662609644276,42,110,0.38181818181818183,91,67
v2_random_regular_baseline_s3,v2,random_regular_baseline,3,random_regular,100,4,118,186,4.138536771371622,73,186,0.3924731182795699,45,49
v2_random_regular_baseline_s3,v2,random_regular_baseline,3,random_regular,100,4,119,20,1.3862943611158909,4,20,0.2,7,11
v2_random_regular_baseline_s3,v2,random_regular_baseline,3,random_regular,100,4,120,8,1.3862943611158909,4,8,0.5,54,49
v2_random_regular_baseline_s3,v2,random_regular_baseline,3,random_regular,100,4,121,93,3.619564736019943,40,93,0.43010752688172044,52,5
v2_random_regular_baseline_s3,v2,random_regular_baseline,3,random_regular,100,4,122,0,0.0,0,0,,49,49
v2_random_regular_baseline_s3,v2,random_regular_baseline,3,random_regular,100,4,123,68,3.151458510219029,26,68,0.38235294117647056,46,5
v2_random_regular_baseline_s3,v2,random_regular_baseline,3,random_regular,100,4,124,14,2.2718685126865625,11,14,0.7857142857142857,45,5
v2_random_regular_baseline_s3,v2,random_regular_baseline,3,random_regular,100,4,125,4,0.6931471805579453,2,4,0.5,73,5
v2_random_regular_baseline_s3,v2,random_regular_baseline,3,random_regular,100,4,126,244,4.385610894746302,96,244,0.39344262295081966,84,99
v2_random_regular_baseline_s3,v2,random_regular_baseline,3,random_regular,100,4,127,15,1.9459101490483133,7,15,0.4666666666666667,61,5
v2_random_regular_baseline_s3,v2,random_regular_baseline,3,random_regular,100,4,128,214,4.113700416492421,86,214,0.40186915887850466,91,67
v2_random_regular_baseline_s3,v2,random_regular_baseline,3,random_regular,100,4,129,16,1.3321790402061222,5,16,0.3125,70,11
v2_random_regular_baseline_s3,v2,random_regular_baseline,3,random_regular,100,4,130,57,3.1780538303239454,24,57,0.42105263157894735,65,49
v2_random_regular_baseline_s3,v2,random_regular_baseline,3,random_regular,100,4,131,9,1.6094379124291005,5,9,0.5555555555555556,57,5
v2_random_regular_baseline_s3,v2,random_regular_baseline,3,random_regular,100,4,132,115,3.376963222830961,40,115,0.34782608695652173,41,99
v2_random_regular_baseline_s3,v2,random_regular_baseline,3,random_regular,100,4,133,83,3.389268031515795,31,83,0.37349397590361444,23,11
v2_random_regular_baseline_s3,v2,random_regular_baseline,3,random_regular,100,4,134,17,1.3862943611158909,4,17,0.23529411764705882,46,99
v2_random_regular_baseline_s3,v2,random_regular_baseline,3,random_regular,100,4,135,4,1.3862943611158909,4,4,1.0,9,67
v2_random_regular_baseline_s3,v2,random_regular_baseline,3,random_regular,100,4,136,101,3.658162873776453,44,101,0.43564356435643564,94,5
v2_random_regular_baseline_s3,v2,random_regular_baseline,3,random_regular,100,4,137,504,4.689378545987265,198,504,0.39285714285714285,26,99
v2_random_regular_baseline_s3,v2,random_regular_baseline,3,random_regular,100,4,138,4,-1.000088900581841e-12,1,4,0.25,34,49
v2_random_regular_baseline_s3,v2,random_regular_baseline,3,random_regular,100,4,139,92,3.4430756059649883,41,92,0.44565217391304346,48,67
v2_random_regular_baseline_s3,v2,random_regular_baseline,3,random_regular,100,4,140,101,3.342356062906156,35,101,0.3465346534653465,13,5
v2_random_regular_baseline_s3,v2,random_regular_baseline,3,random_regular,100,4,141,286,4.551802136180088,117,286,0.4090909090909091,86,49
v2_random_regular_baseline_s3,v2,random_regular_baseline,3,random_regular,100,4,142,33,2.1383330594990277,12,33,0.36363636363636365,23,5
v2_random_regular_baseline_s3,v2,random_regular_baseline,3,random_regular,100,4,143,76,3.5213776090567093,39,76,0.5131578947368421,83,99
v2_random_regular_baseline_s3,v2,random_regular_baseline,3,random_regular,100,4,144,0,0.0,0,0,,67,67
v2_random_regular_baseline_s3,v2,random_regular_baseline,3,random_regular,100,4,145,36,2.630253356374264,18,36,0.5,46,5
v2_random_regular_baseline_s3,v2,random_regular_baseline,3,random_regular,100,4,146,53,3.271689322296034,29,53,0.5471698113207547,65,49
v2_random_regular_baseline_s3,v2,random_regular_baseline,3,random_regular,100,4,147,109,3.5355242894287437,43,109,0.3944954128440367,71,11
v2_random_regular_baseline_s3,v2,random_regular_baseline,3,random_regular,100,4,148,0,0.0,0,0,,67,67
v2_random_regular_baseline_s3,v2,random_regular_baseline,3,random_regular,100,4,149,73,2.926417555478996,20,73,0.273972602739726,78,11
v2_random_regular_baseline_s3,v2,random_regular_baseline,3,random_regular,100,4,150,80,3.1209529938856866,31,80,0.3875,82,49
v2_random_regular_baseline_s3,v2,random_regular_baseline,3,random_regular,100,4,151,92,3.71424286565366,45,92,0.4891304347826087,18,49
v2_random_regular_baseline_s3,v2,random_regular_baseline,3,random_regular,100,4,152,13,1.5607104090364066,6,13,0.46153846153846156,44,67
v2_random_regular_baseline_s3,v2,random_regular_baseline,3,random_regular,100,4,153,68,3.120952993885687,31,68,0.45588235294117646,77,99
v2_random_regular_baseline_s3,v2,random_regular_baseline,3,random_regular,100,4,154,63,3.075840613709758,32,63,0.5079365079365079,97,11
v2_random_regular_baseline_s3,v2,random_regular_baseline,3,random_regular,100,4,155,74,2.894399544411038,23,74,0.3108108108108108,24,67
v2_random_regular_baseline_s3,v2,random_regular_baseline,3,random_regular,100,4,156,0,0.0,0,0,,49,49
v2_random_regular_baseline_s3,v2,random_regular_baseline,3,random_regular,100,4,157,92,3.440606540867535,42,92,0.45652173913043476,88,67
v2_random_regular_baseline_s3,v2,random_regular_baseline,3,random_regular,100,4,158,98,3.704662609644276,42,98,0.42857142857142855,22,67
v2_random_regular_baseline_s3,v2,random_regular_baseline,3,random_regular,100,4,159,42,2.1458417525857545,11,42,0.2619047619047619,1,5
v2_random_regular_baseline_s3,v2,random_regular_baseline,3,random_regular,100,4,160,7,1.0986122886651095,3,7,0.42857142857142855,39,99
v2_random_regular_baseline_s3,v2,random_regular_baseline,3,random_regular,100,4,161,8,1.039720770836918,4,8,0.5,7,11
v2_random_regular_baseline_s3,v2,random_regular_baseline,3,random_regular,100,4,162,33,2.61563057701355,15,33,0.45454545454545453,94,11
v2_random_regular_baseline_s3,v2,random_regular_baseline,3,random_regular,100,4,163,27,2.197224577327219,9,27,0.3333333333333333,80,11
v2_random_regular_baseline_s3,v2,random_regular_baseline,3,random_regular,100,4,164,34,2.4583113296710835,13,34,0.38235294117647056,14,99
v2_random_regular_baseline_s3,v2,random_regular_baseline,3,random_regular,100,4,165,0,0.0,0,0,,67,67
v2_random_regular_baseline_s3,v2,random_regular_baseline,3,random_regular,100,4,166,11,1.3862943611158909,4,11,0.36363636363636365,61,99
v2_random_regular_baseline_s3,v2,random_regular_baseline,3,random_regular,100,4,167,52,2.9444389791474395,19,52,0.36538461538461536,70,67
v2_random_regular_baseline_s3,v2,random_regular_baseline,3,random_regular,100,4,168,6,1.0986122886651095,3,6,0.5,61,5
v2_random_regular_baseline_s3,v2,random_regular_baseline,3,random_regular,100,4,169,17,2.079441541671836,8,17,0.47058823529411764,0,49
v2_random_regular_baseline_s3,v2,random_regular_baseline,3,random_regular,100,4,170,0,0.0,0,0,,5,5
v2_random_regular_baseline_s3,v2,random_regular_baseline,3,random_regular,100,4,171,14,1.0986122886651095,3,14,0.21428571428571427,8,99
v2_random_regular_baseline_s3,v2,random_regular_baseline,3,random_regular,100,4,172,280,4.414562744637792,105,280,0.375,10,49
v2_random_regular_baseline_s3,v2,random_regular_baseline,3,random_regular,100,4,173,133,3.9279004575709497,67,133,0.5037593984962406,13,99
v2_random_regular_baseline_s3,v2,random_regular_baseline,3,random_regular,100,4,174,134,3.8483315872860895,59,134,0.44029850746268656,56,99
v2_random_regular_baseline_s3,v2,random_regular_baseline,3,random_regular,100,4,175,9,1.0986122886651095,3,9,0.3333333333333333,57,5
v2_random_regular_baseline_s3,v2,random_regular_baseline,3,random_regular,100,4,176,3,-1.000088900581841e-12,1,3,0.3333333333333333,81,99
v2_random_regular_baseline_s3,v2,random_regular_baseline,3,random_regular,100,4,177,180,4.156971762631315,77,180,0.42777777777777776,4,67
v2_random_regular_baseline_s3,v2,random_regular_baseline,3,random_regular,100,4,178,72,3.140298488811857,36,72,0.5,48,67
v2_random_regular_baseline_s3,v2,random_regular_baseline,3,random_regular,100,4,179,7,1.3862943611158909,4,7,0.5714285714285714,52,99
v2_random_regular_baseline_s3,v2,random_regular_baseline,3,random_regular,100,4,180,58,3.319492576126754,29,58,0.5,53,67
v2_random_regular_baseline_s3,v2,random_regular_baseline,3,random_regular,100,4,181,3,0.6931471805579453,2,3,0.6666666666666666,50,99
v2_random_regular_baseline_s3,v2,random_regular_baseline,3,random_regular,100,4,182,13,1.6094379124291005,5,13,0.38461538461538464,74,99
v2_random_regular_baseline_s3,v2,random_regular_baseline,3,random_regular,100,4,183,136,3.786710656109511,59,136,0.4338235294117647,81,11
v2_random_regular_baseline_s3,v2,random_regular_baseline,3,random_regular,100,4,184,361,4.6079125796921225,157,361,0.43490304709141275,1,11
v2_random_regular_baseline_s3,v2,random_regular_baseline,3,random_regular,100,4,185,13,1.3862943611158909,4,13,0.3076923076923077,42,99
v2_random_regular_baseline_s3,v2,random_regular_baseline,3,random_regular,100,4,186,82,3.062529300232621,24,82,0.2926829268292683,58,11
v2_random_regular_baseline_s3,v2,random_regular_baseline,3,random_regular,100,4,187,109,3.524027916551023,49,109,0.44954128440366975,48,67
v2_random_regular_baseline_s3,v2,random_regular_baseline,3,random_regular,100,4,188,38,2.630253356374264,18,38,0.47368421052631576,66,99
v2_random_regular_baseline_s3,v2,random_regular_baseline,3,random_regular,100,4,189,3,1.0986122886651095,3,3,1.0,87,5
v2_random_regular_baseline_s3,v2,random_regular_baseline,3,random_regular,100,4,190,25,2.197224577327219,9,25,0.36,86,11
v2_random_regular_baseline_s3,v2,random_regular_baseline,3,random_regular,100,4,191,59,3.0149468801585937,23,59,0.3898305084745763,53,5
v2_random_regular_baseline_s3,v2,random_regular_baseline,3,random_regular,100,4,192,23,2.484906649776,12,23,0.5217391304347826,41,67
v2_random_regular_baseline_s3,v2,random_regular_baseline,3,random_regular,100,4,193,70,3.10797227595561,25,70,0.35714285714285715,82,11
v2_random_regular_baseline_s3,v2,random_regular_baseline,3,random_regular,100,4,194,78,3.291714404201028,34,78,0.4358974358974359,3,99
v2_random_regular_baseline_s3,v2,random_regular_baseline,3,random_regular,100,4,195,66,2.882937427160521,29,66,0.4393939393939394,27,49
v2_random_regular_baseline_s3,v2,random_regular_baseline,3,random_regular,100,4,196,26,2.639057329601259,14,26,0.5384615384615384,22,99
v2_random_regular_baseline_s3,v2,random_regular_baseline,3,random_regular,100,4,197,39,2.5241676616594617,18,39,0.46153846153846156,15,49
v2_random_regular_baseline_s3,v2,random_regular_baseline,3,random_regular,100,4,198,303,4.523220569489897,125,303,0.41254125412541254,24,99
v2_random_regular_baseline_s3,v2,random_regular_baseline,3,random_regular,100,4,199,9,0.6931471805579453,2,9,0.2222222222222222,84,11
v2_random_regular_baseline_s3,v2,random_regular_baseline,3,random_regular,100,4,200,85,3.098139496330803,26,85,0.3058823529411765,38,49
v2_random_regular_baseline_s3,v2,random_regular_baseline,3,random_regular,100,4,201,163,4.059855895034858,67,163,0.4110429447852761,30,99
v2_random_regular_baseline_s3,v2,random_regular_baseline,3,random_regular,100,4,202,38,2.61563057701355,15,38,0.39473684210526316,15,67
v2_random_regular_baseline_s3,v2,random_regular_baseline,3,random_regular,100,4,203,16,1.6094379124291005,5,16,0.3125,45,99
v2_random_regular_baseline_s3,v2,random_regular_baseline,3,random_regular,100,4,204,163,3.807883719508197,52,163,0.31901840490797545,22,49
v2_random_regular_baseline_s3,v2,random_regular_baseline,3,random_regular,100,4,205,7,1.3862943611158909,4,7,0.5714285714285714,70,99
v2_random_regular_baseline_s3,v2,random_regular_baseline,3,random_regular,100,4,206,154,3.9659392032907057,61,154,0.3961038961038961,60,5
v2_random_regular_baseline_s3,v2,random_regular_baseline,3,random_regular,100,4,207,64,2.990911207984388,34,64,0.53125,97,67
v2_random_regular_baseline_s3,v2,random_regular_baseline,3,random_regular,100,4,208,56,2.9650156932365066,22,56,0.39285714285714285,10,5
v2_random_regular_baseline_s3,v2,random_regular_baseline,3,random_regular,100,4,209,2,-1.000088900581841e-12,1,2,0.5,86,11
v2_random_regular_baseline_s3,v2,random_regular_baseline,3,random_regular,100,4,210,148,4.101237816260317,67,148,0.4527027027027027,17,67
v2_random_regular_baseline_s3,v2,random_regular_baseline,3,random_regular,100,4,211,0,0.0,0,0,,99,99
v2_random_regular_baseline_s3,v2,random_regular_baseline,3,random_regular,100,4,212,8,1.0986122886651095,3,8,0.375,54,99
v2_random_regular_baseline_s3,v2,random_regular_baseline,3,random_regular,100,4,213,30,2.2718685126865625,11,30,0.36666666666666664,45,67
v2_random_regular_baseline_s3,v2,random_regular_baseline,3,random_regular,100,4,214,121,3.650907974982921,47,121,0.3884297520661157,22,67
v2_random_regular_baseline_s3,v2,random_regular_baseline,3,random_regular,100,4,215,49,3.044522437702424,21,49,0.42857142857142855,48,99
v2_random_regular_baseline_s3,v2,random_regular_baseline,3,random_regular,100,4,216,82,3.5355242894287437,43,82,0.524390243902439,52,5
v2_random_regular_baseline_s3,v2,random_regular_baseline,3,random_regular,100,4,217,59,3.0280290732864104,22,59,0.3728813559322034,2,11
v2_random_regular_baseline_s3,v2,random_regular_baseline,3,random_regular,100,4,218,33,2.772588722223781,16,33,0.48484848484848486,58,49
v2_random_regular_baseline_s3,v2,random_regular_baseline,3,random_regular,100,4,219,26,2.639057329601259,14,26,0.5384615384615384,76,49
v2_random_regular_baseline_s3,v2,random_regular_baseline,3,random_regular,100,4,220,11,1.791759469222055,6,11,0.5454545454545454,18,49
v2_random_regular_baseline_s3,v2,random_regular_baseline,3,random_regular,100,4,221,18,2.079441541671836,8,18,0.4444444444444444,51,49
v2_random_regular_baseline_s3,v2,random_regular_baseline,3,random_regular,100,4,222,96,3.6011047291335987,38,96,0.3958333333333333,46,49
v2_random_regular_baseline_s3,v2,random_regular_baseline,3,random_regular,100,4,223,21,2.3978952727873706,11,21,0.5238095238095238,47,99
v2_random_regular_baseline_s3,v2,random_regular_baseline,3,random_regular,100,4,224,7,1.039720770836918,4,7,0.5714285714285714,31,11
v2_random_regular_baseline_s3,v2,random_regular_baseline,3,random_regular,100,4,225,35,2.5649493574485365,13,35,0.37142857142857144,26,5
v2_random_regular_baseline_s3,v2,random_regular_baseline,3,random_regular,100,4,226,24,2.079441541671836,8,24,0.3333333333333333,94,67
v2_random_regular_baseline_s3,v2,random_regular_baseline,3,random_regular,100,4,227,202,4.044558388487047,89,202,0.4405940594059406,88,49
v2_random_regular_baseline_s3,v2,random_regular_baseline,3,random_regular,100,4,228,16,2.3978952727873706,11,16,0.6875,95,49
v2_random_regular_baseline_s3,v2,random_regular_baseline,3,random_regular,100,4,229,24,2.302585092984045,10,24,0.4166666666666667,24,49
v2_random_regular_baseline_s3,v2,random_regular_baseline,3,random_regular,100,4,230,41,2.8903717578781647,18,41,0.43902439024390244,85,11
v2_random_regular_baseline_s3,v2,random_regular_baseline,3,random_regular,100,4,231,99,3.319492576126754,29,99,0.29292929292929293,17,11
v2_random_regular_baseline_s3,v2,random_regular_baseline,3,random_regular,100,4,232,41,2.772588722223781,16,41,0.3902439024390244,28,67
v2_random_regular_baseline_s3,v2,random_regular_baseline,3,random_regular,100,4,233,176,4.107693524169816,81,176,0.4602272727272727,38,99
v2_random_regular_baseline_s3,v2,random_regular_baseline,3,random_regular,100,4,234,408,4.632238311784089,176,408,0.43137254901960786,2,49
v2_random_regular_baseline_s3,v2,random_regular_baseline,3,random_regular,100,4,235,39,2.813355404483615,18,39,0.46153846153846156,23,5
v2_random_regular_baseline_s3,v2,random_regular_baseline,3,random_regular,100,4,236,86,3.363267070336762,34,86,0.3953488372093023,56,67
v2_random_regular_baseline_s3,v2,random_regular_baseline,3,random_regular,100,4,237,51,3.120291565278284,24,51,0.47058823529411764,80,67
v2_random_regular_baseline_s3,v2,random_regular_baseline,3,random_regular,100,4,238,81,3.0967875911508944,28,81,0.345679012345679,33,5
v2_random_regular_baseline_s3,v2,random_regular_baseline,3,random_regular,100,4,239,65,3.2826939972510645,28,65,0.4307692307692308,55,67
v2_random_regular_baseline_s3,v2,random_regular_baseline,3,random_regular,100,4,240,240,4.09716660451815,89,240,0.37083333333333335,25,67
v2_random_regular_baseline_s3,v2,random_regular_baseline,3,random_regular,100,4,241,29,1.9459101490483133,7,29,0.2413793103448276,44,11
v2_random_regular_baseline_s3,v2,random_regular_baseline,3,random_regular,100,4,242,10,1.9459101490483133,7,10,0.7,96,11
v2_random_regular_baseline_s3,v2,random_regular_baseline,3,random_regular,100,4,243,49,2.772588722223781,16,49,0.32653061224489793,46,11
v2_random_regular_baseline_s3,v2,random_regular_baseline,3,random_regular,100,4,244,110,3.750361689789087,49,110,0.44545454545454544,37,49
v2_random_regular_baseline_s3,v2,random_regular_baseline,3,random_regular,100,4,245,13,1.791759469222055,6,13,0.46153846153846156,55,99
v2_random_regular_baseline_s3,v2,random_regular_baseline,3,random_regular,100,4,246,78,3.233183484354926,28,78,0.358974358974359,52,67
v2_random_regular_baseline_s3,v2,random_regular_baseline,3,random_regular,100,4,247,33,2.751666616915516,17,33,0.5151515151515151,39,11
v2_random_regular_baseline_s3,v2,random_regular_baseline,3,random_regular,100,4,248,8,1.3862943611158909,4,8,0.5,31,99
v2_random_regular_baseline_s3,v2,random_regular_baseline,3,random_regular,100,4,249,33,2.2718685126865625,11,33,0.3333333333333333,4,67
v2_random_regular_baseline_s3,v2,random_regular_baseline,3,random_regular,100,4,250,1,-1.000088900581841e-12,1,1,1.0,96,49
v2_random_regular_baseline_s3,v2,random_regular_baseline,3,random_regular,100,4,251,148,3.689734154800064,58,148,0.3918918918918919,20,49
v2_random_regular_baseline_s3,v2,random_regular_baseline,3,random_regular,100,4,252,179,3.964925302580754,82,179,0.4581005586592179,65,5
v2_random_regular_baseline_s3,v2,random_regular_baseline,3,random_regular,100,4,253,25,1.9459101490483133,7,25,0.28,79,11
v2_random_regular_baseline_s3,v2,random_regular_baseline,3,random_regular,100,4,254,25,2.0431918705371204,9,25,0.36,82,99
v2_random_regular_baseline_s3,v2,random_regular_baseline,3,random_regular,100,4,255,2,-1.000088900581841e-12,1,2,0.5,59,49
v2_random_regular_baseline_s3,v2,random_regular_baseline,3,random_regular,100,4,256,13,1.7478680974607577,7,13,0.5384615384615384,70,99
v2_random_regular_baseline_s3,v2,random_regular_baseline,3,random_regular,100,4,257,47,2.871476118036867,19,47,0.40425531914893614,3,49
v2_random_regular_baseline_s3,v2,random_regular_baseline,3,random_regular,100,4,258,44,2.8332133440392155,17,44,0.38636363636363635,54,11
v2_random_regular_baseline_s3,v2,random_regular_baseline,3,random_regular,100,4,259,15,1.3862943611158909,4,15,0.26666666666666666,21,5
v2_random_regular_baseline_s3,v2,random_regular_baseline,3,random_regular,100,4,260,9,1.7478680974607577,7,9,0.7777777777777778,30,5
v2_random_regular_baseline_s3,v2,random_regular_baseline,3,random_regular,100,4,261,124,3.871265197698588,52,124,0.41935483870967744,66,49
v2_random_regular_baseline_s3,v2,random_regular_baseline,3,random_regular,100,4,262,11,1.6094379124291005,5,11,0.45454545454545453,88,99
v2_random_regular_baseline_s3,v2,random_regular_baseline,3,random_regular,100,4,263,78,3.5734504974428223,37,78,0.47435897435897434,55,99
v2_random_regular_baseline_s3,v2,random_regular_baseline,3,random_regular,100,4,264,117,3.604670128262455,52,117,0.4444444444444444,3,11
v2_random_regular_baseline_s3,v2,random_regular_baseline,3,random_regular,100,4,265,240,4.209913471842575,91,240,0.37916666666666665,21,49
v2_random_regular_baseline_s3,v2,random_regular_baseline,3,random_regular,100,4,266,202,4.103498486224251,81,202,0.400990099009901,89,67
v2_random_regular_baseline_s3,v2,random_regular_baseline,3,random_regular,100,4,267,84,3.198872368603013,35,84,0.4166666666666667,8,5
v2_random_regular_baseline_s3,v2,random_regular_baseline,3,random_regular,100,4,268,161,4.0169822052555,86,161,0.5341614906832298,55,99
v2_random_regular_baseline_s3,v2,random_regular_baseline,3,random_regular,100,4,269,80,3.1814749239025333,30,80,0.375,20,5
v2_random_regular_baseline_s3,v2,random_regular_baseline,3,random_regular,100,4,270,87,3.68343632429644,45,87,0.5172413793103449,85,5
v2_random_regular_baseline_s3,v2,random_regular_baseline,3,random_regular,100,4,271,282,4.454853192355536,117,282,0.4148936170212766,1,49
v2_random_regular_baseline_s3,v2,random_regular_baseline,3,random_regular,100,4,272,120,3.67242117938764,49,120,0.4083333333333333,72,5
v2_random_regular_baseline_s3,v2,random_regular_baseline,3,random_regular,100,4,273,38,2.484906649776,12,38,0.3157894736842105,28,67
v2_random_regular_baseline_s3,v2,random_regular_baseline,3,random_regular,100,4,274,6,0.6931471805579453,2,6,0.3333333333333333,32,99
v2_random_regular_baseline_s3,v2,random_regular_baseline,3,random_regular,100,4,275,145,3.720560710350592,55,145,0.3793103448275862,16,11
v2_random_regular_baseline_s3,v2,random_regular_baseline,3,random_regular,100,4,276,51,3.151458510219029,26,51,0.5098039215686274,47,11
v2_random_regular_baseline_s3,v2,random_regular_baseline,3,random_regular,100,4,277,22,2.1639556568730565,10,22,0.45454545454545453,19,11
v2_random_regular_baseline_s3,v2,random_regular_baseline,3,random_regular,100,4,278,88,3.335770806415738,32,88,0.36363636363636365,93,99
v2_random_regular_baseline_s3,v2,random_regular_baseline,3,random_regular,100,4,279,66,3.2958368659773285,27,66,0.4090909090909091,82,67
v2_random_regular_baseline_s3,v2,random_regular_baseline,3,random_regular,100,4,280,37,2.5126585295168016,16,37,0.43243243243243246,66,67
v2_random_regular_baseline_s3,v2,random_regular_baseline,3,random_regular,100,4,281,73,3.4186975763596656,38,73,0.5205479452054794,9,67
v2_random_regular_baseline_s3,v2,random_regular_baseline,3,random_regular,100,4,282,22,2.3978952727873706,11,22,0.5,94,49
v2_random_regular_baseline_s3,v2,random_regular_baseline,3,random_regular,100,4,283,123,3.893131622084399,58,123,0.4715447154471545,55,67
v2_random_regular_baseline_s3,v2,random_regular_baseline,3,random_regular,100,4,284,82,3.3684464578110758,38,82,0.4634146341463415,54,5
v2_random_regular_baseline_s3,v2,random_regular_baseline,3,random_regular,100,4,285,148,3.900784511624706,60,148,0.40540540540540543,12,5
v2_random_regular_baseline_s3,v2,random_regular_baseline,3,random_regular,100,4,286,39,2.540036303807981,14,39,0.358974358974359,96,49
v2_random_regular_baseline_s3,v2,random_regular_baseline,3,random_regular,100,4,287,71,3.1931483947852626,27,71,0.38028169014084506,82,67
v2_random_regular_baseline_s3,v2,random_regular_baseline,3,random_regular,100,4,288,14,1.6094379124291005,5,14,0.35714285714285715,84,67
v2_random_regular_baseline_s3,v2,random_regular_baseline,3,random_regular,100,4,289,185,4.086952422752851,71,185,0.3837837837837838,15,67
v2_random_regular_baseline_s3,v2,random_regular_baseline,3,random_regular,100,4,290,26,2.3978952727873706,11,26,0.4230769230769231,9,5
v2_random_regular_baseline_s3,v2,random_regular_baseline,3,random_regular,100,4,291,173,4.040532185204493,71,173,0.41040462427745666,73,99
v2_random_regular_baseline_s3,v2,random_regular_baseline,3,random_regular,100,4,292,42,2.9785084205072385,21,42,0.5,2,49
v2_random_regular_baseline_s3,v2,random_regular_baseline,3,random_regular,100,4,293,42,2.751666616915516,17,42,0.40476190476190477,44,49
v2_random_regular_baseline_s3,v2,random_regular_baseline,3,random_regular,100,4,294,15,1.6094379124291005,5,15,0.3333333333333333,70,99
v2_random_regular_baseline_s3,v2,random_regular_baseline,3,random_regular,100,4,295,71,2.947004770141297,24,71,0.3380281690140845,95,99
v2_random_regular_baseline_s3,v2,random_regular_baseline,3,random_regular,100,4,296,30,2.484906649776,12,30,0.4,27,99
v2_random_regular_baseline_s3,v2,random_regular_baseline,3,random_regular,100,4,297,15,1.9459101490483133,7,15,0.4666666666666667,80,49
v2_random_regular_baseline_s3,v2,random_regular_baseline,3,random_regular,100,4,298,49,2.9785084205072385,21,49,0.42857142857142855,41,49
v2_random_regular_baseline_s3,v2,random_regular_baseline,3,random_regular,100,4,299,104,3.5355242894287437,43,104,0.41346153846153844,71,99
v2_random_regular_baseline_s3,v2,random_regular_baseline,3,random_regular,100,4,300,56,3.214496050649049,28,56,0.5,4,67
v2_random_regular_baseline_s3,v2,random_regular_baseline,3,random_regular,100,4,301,15,1.9061547465328492,8,15,0.5333333333333333,42,67
v2_random_regular_baseline_s3,v2,random_regular_baseline,3,random_regular,100,4,302,518,4.78395751917332,225,518,0.4343629343629344,43,67
v2_random_regular_baseline_s3,v2,random_regular_baseline,3,random_regular,100,4,303,10,1.3862943611158909,4,10,0.4,66,5
v2_random_regular_baseline_s3,v2,random_regular_baseline,3,random_regular,100,4,304,47,2.393312122962524,16,47,0.3404255319148936,17,11
v2_random_regular_baseline_s3,v2,random_regular_baseline,3,random_regular,100,4,305,60,3.0280290732864104,22,60,0.36666666666666664,20,11
v2_random_regular_baseline_s3,v2,random_regular_baseline,3,random_regular,100,4,306,19,2.197224577327219,9,19,0.47368421052631576,72,11
v2_random_regular_baseline_s3,v2,random_regular_baseline,3,random_regular,100,4,307,62,3.319492576126754,29,62,0.46774193548387094,95,5
v2_random_regular_baseline_s3,v2,random_regular_baseline,3,random_regular,100,4,308,7,1.0986122886651095,3,7,0.42857142857142855,59,49
v2_random_regular_baseline_s3,v2,random_regular_baseline,3,random_regular,100,4,309,81,3.5065025850265608,36,81,0.4444444444444444,85,5
v2_random_regular_baseline_s3,v2,random_regular_baseline,3,random_regular,100,4,310,4,-1.000088900581841e-12,1,4,0.25,81,99
v2_random_regular_baseline_s3,v2,random_regular_baseline,3,random_regular,100,4,311,80,3.2491274088477446,32,80,0.4,84,49
v2_random_regular_baseline_s3,v2,random_regular_baseline,3,random_regular,100,4,312,6,0.6931471805579453,2,6,0.3333333333333333,77,49
v2_random_regular_baseline_s3,v2,random_regular_baseline,3,random_regular,100,4,313,5,0.6931471805579453,2,5,0.4,75,49
v2_random_regular_baseline_s3,v2,random_regular_baseline,3,random_regular,100,4,314,17,1.9061547465328492,8,17,0.47058823529411764,89,99
v2_random_regular_baseline_s3,v2,random_regular_baseline,3,random_regular,100,4,315,187,3.9456455940744983,74,187,0.39572192513368987,97,49
v2_random_regular_baseline_s3,v2,random_regular_baseline,3,random_regular,100,4,316,15,1.791759469222055,6,15,0.4,31,11
v2_random_regular_baseline_s3,v2,random_regular_baseline,3,random_regular,100,4,317,200,4.090923388868774,74,200,0.37,84,67
v2_random_regular_baseline_s3,v2,random_regular_baseline,3,random_regular,100,4,318,52,3.1780538303239454,24,52,0.46153846153846156,24,99
v2_random_regular_baseline_s3,v2,random_regular_baseline,3,random_regular,100,4,319,37,2.751666616915516,17,37,0.4594594594594595,98,11
v2_random_regular_baseline_s3,v2,random_regular_baseline,3,random_regular,100,4,320,27,2.4583113296710835,13,27,0.48148148148148145,25,99
v2_random_regular_baseline_s3,v2,random_regular_baseline,3,random_regular,100,4,321,17,1.7478680974607577,7,17,0.4117647058823529,46,11
v2_random_regular_baseline_s3,v2,random_regular_baseline,3,random_regular,100,4,322,47,2.430791328866232,15,47,0.3191489361702128,38,99
v2_random_regular_baseline_s3,v2,random_regular_baseline,3,random_regular,100,4,323,355,4.525749241228457,149,355,0.4197183098591549,42,99
v2_random_regular_baseline_s3,v2,random_regular_baseline,3,random_regular,100,4,324,103,3.547717996981404,42,103,0.4077669902912621,50,5
v2_random_regular_baseline_s3,v2,random_regular_baseline,3,random_regular,100,4,325,130,3.980796493452933,63,130,0.4846153846153846,12,11
v2_random_regular_baseline_s3,v2,random_regular_baseline,3,random_regular,100,4,326,35,2.441015278014703,14,35,0.4,14,11
v2_random_regular_baseline_s3,v2,random_regular_baseline,3,random_regular,100,4,327,16,2.3978952727873706,11,16,0.6875,85,5
v2_random_regular_baseline_s3,v2,random_regular_baseline,3,random_regular,100,4,328,98,3.7026694781446654,47,98,0.47959183673469385,74,5
v2_random_regular_baseline_s3,v2,random_regular_baseline,3,random_regular,100,4,329,78,3.2924491076317413,32,78,0.41025641025641024,1,67
v2_random_regular_baseline_s3,v2,random_regular_baseline,3,random_regular,100,4,330,0,0.0,0,0,,11,11
v2_random_regular_baseline_s3,v2,random_regular_baseline,3,random_regular,100,4,331,126,3.6548079912793474,49,126,0.3888888888888889,59,49
v2_random_regular_baseline_s3,v2,random_regular_baseline,3,random_regular,100,4,332,21,1.9459101490483133,7,21,0.3333333333333333,74,49
v2_random_regular_baseline_s3,v2,random_regular_baseline,3,random_regular,100,4,333,165,3.877069602172257,70,165,0.42424242424242425,6,99
v2_random_regular_baseline_s3,v2,random_regular_baseline,3,random_regular,100,4,334,128,3.91745862057526,62,128,0.484375,95,11
v2_random_regular_baseline_s3,v2,random_regular_baseline,3,random_regular,100,4,335,287,4.565034865750676,119,287,0.4146341463414634,19,5
v2_random_regular_baseline_s3,v2,random_regular_baseline,3,random_regular,100,4,336,78,3.2591389251764324,39,78,0.5,78,67
v2_random_regular_baseline_s3,v2,random_regular_baseline,3,random_regular,100,4,337,53,2.725550395815721,19,53,0.3584905660377358,20,5
v2_random_regular_baseline_s3,v2,random_regular_baseline,3,random_regular,100,4,338,95,3.5213776090567093,39,95,0.4105263157894737,58,5
v2_random_regular_baseline_s3,v2,random_regular_baseline,3,random_regular,100,4,339,107,3.5602101588675605,45,107,0.4205607476635514,97,49
v2_random_regular_baseline_s3,v2,random_regular_baseline,3,random_regular,100,4,340,17,2.197224577327219,9,17,0.5294117647058824,62,11
v2_random_regular_baseline_s3,v2,random_regular_baseline,3,random_regular,100,4,341,16,2.079441541671836,8,16,0.5,36,5
v2_random_regular_baseline_s3,v2,random_regular_baseline,3,random_regular,100,4,342,184,4.075830134523885,84,184,0.45652173913043476,95,49
v2_random_regular_baseline_s3,v2,random_regular_baseline,3,random_regular,100,4,343,27,2.2718685126865625,11,27,0.4074074074074074,78,49
v2_random_regular_baseline_s3,v2,random_regular_baseline,3,random_regular,100,4,344,102,3.6777775605335288,44,102,0.43137254901960786,17,5
v2_random_regular_baseline_s3,v2,random_regular_baseline,3,random_regular,100,4,345,121,3.9745170417130753,61,121,0.5041322314049587,39,99
v2_random_regular_baseline_s3,v2,random_regular_baseline,3,random_regular,100,4,346,0,0.0,0,0,,49,49
v2_random_regular_baseline_s3,v2,random_regular_baseline,3,random_regular,100,4,347,16,1.3862943611158909,4,16,0.25,38,99
v2_random_regular_baseline_s3,v2,random_regular_baseline,3,random_regular,100,4,348,21,2.197224577327219,9,21,0.42857142857142855,91,67
v2_random_regular_baseline_s3,v2,random_regular_baseline,3,random_regular,100,4,349,1,-1.000088900581841e-12,1,1,1.0,34,49
v2_random_regular_baseline_s3,v2,random_regular_baseline,3,random_regular,100,4,350,44,2.5126585295168016,16,44,0.36363636363636365,53,5
v2_random_regular_baseline_s3,v2,random_regular_baseline,3,random_regular,100,4,351,54,3.0047670351869598,24,54,0.4444444444444444,47,49
v2_random_regular_baseline_s3,v2,random_regular_baseline,3,random_regular,100,4,352,28,2.430791328866232,15,28,0.5357142857142857,86,49
v2_random_regular_baseline_s3,v2,random_regular_baseline,3,random_regular,100,4,353,3,-1.000088900581841e-12,1,3,0.3333333333333333,18,49
v2_random_regular_baseline_s3,v2,random_regular_baseline,3,random_regular,100,4,354,204,4.229144635946939,88,204,0.43137254901960786,73,49
v2_random_regular_baseline_s3,v2,random_regular_baseline,3,random_regular,100,4,355,9,-1.000088900581841e-12,1,9,0.1111111111111111,75,67
v2_random_regular_baseline_s3,v2,random_regular_baseline,3,random_regular,100,4,356,1,-1.000088900581841e-12,1,1,1.0,83,67
v2_random_regular_baseline_s3,v2,random_regular_baseline,3,random_regular,100,4,357,93,3.477890749475435,38,93,0.40860215053763443,63,49
v2_random_regular_baseline_s3,v2,random_regular_baseline,3,random_regular,100,4,358,97,3.645947951488728,41,97,0.422680412371134,44,5
v2_random_regular_baseline_s3,v2,random_regular_baseline,3,random_regular,100,4,359,73,3.4544986414005443,33,73,0.4520547945205479,51,49
v2_random_regular_baseline_s3,v2,random_regular_baseline,3,random_regular,100,4,360,220,4.232297794210399,78,220,0.35454545454545455,97,67
v2_random_regular_baseline_s3,v2,random_regular_baseline,3,random_regular,100,4,361,14,2.079441541671836,8,14,0.5714285714285714,22,5
v2_random_regular_baseline_s3,v2,random_regular_baseline,3,random_regular,100,4,362,47,2.7284075400172907,22,47,0.46808510638297873,90,11
v2_random_regular_baseline_s3,v2,random_regular_baseline,3,random_regular,100,4,363,116,3.881306425080663,55,116,0.47413793103448276,68,67
v2_random_regular_baseline_s3,v2,random_regular_baseline,3,random_regular,100,4,364,66,2.652587534705148,19,66,0.2878787878787879,3,99
v2_random_regular_baseline_s3,v2,random_regular_baseline,3,random_regular,100,4,365,11,1.0986122886651095,3,11,0.2727272727272727,10,49
v2_random_regular_baseline_s3,v2,random_regular_baseline,3,random_regular,100,4,366,140,4.010664300021868,67,140,0.4785714285714286,3,11
v2_random_regular_baseline_s3,v2,random_regular_baseline,3,random_regular,100,4,367,31,2.3516733018936304,13,31,0.41935483870967744,7,5
v2_random_regular_baseline_s3,v2,random_regular_baseline,3,random_regular,100,4,368,66,2.941616952624223,25,66,0.3787878787878788,46,5
v2_random_regular_baseline_s3,v2,random_regular_baseline,3,random_regular,100,4,369,71,3.0910424533363146,22,71,0.30985915492957744,86,49
v2_random_regular_baseline_s3,v2,random_regular_baseline,3,random_regular,100,4,370,89,3.5734504974428223,37,89,0.4157303370786517,41,11
v2_random_regular_baseline_s3,v2,random_regular_baseline,3,random_regular,100,4,371,115,3.4850576613513,49,115,0.4260869565217391,65,5
v2_random_regular_baseline_s3,v2,random_regular_baseline,3,random_regular,100,4,372,18,1.9459101490483133,7,18,0.3888888888888889,16,5
v2_random_regular_baseline_s3,v2,random_regular_baseline,3,random_regular,100,4,373,92,3.5263605245821616,34,92,0.3695652173913043,45,49
v2_random_regular_baseline_s3,v2,random_regular_baseline,3,random_regular,100,4,374,101,3.6000030969206915,43,101,0.42574257425742573,46,11
v2_random_regular_baseline_s3,v2,random_regular_baseline,3,random_regular,100,4,375,172,3.9847585974602113,66,172,0.38372093023255816,46,5
v2_random_regular_baseline_s3,v2,random_regular_baseline,3,random_regular,100,4,376,156,3.7282886133083135,56,156,0.358974358974359,40,5
v2_random_regular_baseline_s3,v2,random_regular_baseline,3,random_regular,100,4,377,3,0.6931471805579453,2,3,0.6666666666666666,25,11
v2_random_regular_baseline_s3,v2,random_regular_baseline,3,random_regular,100,4,378,53,3.0246955538362474,26,53,0.49056603773584906,72,5
v2_random_regular_baseline_s3,v2,random_regular_baseline,3,random_regular,100,4,379,51,3.0752205480323718,23,51,0.45098039215686275,94,99
v2_random_regular_baseline_s3,v2,random_regular_baseline,3,random_regular,100,4,380,109,3.573554040100918,47,109,0.43119266055045874,44,67
v2_random_regular_baseline_s3,v2,random_regular_baseline,3,random_regular,100,4,381,67,3.2491274088477446,32,67,0.47761194029850745,93,99
v2_random_regular_baseline_s3,v2,random_regular_baseline,3,random_regular,100,4,382,91,3.1722696170423386,38,91,0.4175824175824176,66,67
v2_random_regular_baseline_s3,v2,random_regular_baseline,3,random_regular,100,4,383,57,3.233183484354926,28,57,0.49122807017543857,87,5
v2_random_regular_baseline_s3,v2,random_regular_baseline,3,random_regular,100,4,384,8,1.0986122886651095,3,8,0.375,29,67
v2_random_regular_baseline_s3,v2,random_regular_baseline,3,random_regular,100,4,385,33,2.302585092984045,10,33,0.30303030303030304,31,49
v2_random_regular_baseline_s3,v2,random_regular_baseline,3,random_regular,100,4,386,49,2.857102837424001,20,49,0.40816326530612246,93,5
v2_random_regular_baseline_s3,v2,random_regular_baseline,3,random_regular,100,4,387,0,0.0,0,0,,5,5
v2_random_regular_baseline_s3,v2,random_regular_baseline,3,random_regular,100,4,388,85,3.3861134216208097,37,85,0.43529411764705883,95,5
v2_random_regular_baseline_s3,v2,random_regular_baseline,3,random_regular,100,4,389,9,1.0986122886651095,3,9,0.3333333333333333,61,5
v2_random_regular_baseline_s3,v2,random_regular_baseline,3,random_regular,100,4,390,7,1.3862943611158909,4,7,0.5714285714285714,90,5
v2_random_regular_baseline_s3,v2,random_regular_baseline,3,random_regular,100,4,391,52,2.9650156932365066,22,52,0.4230769230769231,27,49
v2_random_regular_baseline_s3,v2,random_regular_baseline,3,random_regular,100,4,392,19,1.9061547465328492,8,19,0.42105263157894735,19,49
v2_random_regular_baseline_s3,v2,random_regular_baseline,3,random_regular,100,4,393,24,2.3978952727873706,11,24,0.4583333333333333,21,49
v2_random_regular_baseline_s3,v2,random_regular_baseline,3,random_regular,100,4,394,2,-1.000088900581841e-12,1,2,0.5,79,11
v2_random_regular_baseline_s3,v2,random_regular_baseline,3,random_regular,100,4,395,69,3.4011973816321546,30,69,0.43478260869565216,1,67
v2_random_regular_baseline_s3,v2,random_regular_baseline,3,random_regular,100,4,396,267,4.323387042749245,103,267,0.3857677902621723,84,5
v2_random_regular_baseline_s3,v2,random_regular_baseline,3,random_regular,100,4,397,27,2.094729047518648,12,27,0.4444444444444444,61,99
v2_random_regular_baseline_s3,v2,random_regular_baseline,3,random_regular,100,4,398,6,1.0986122886651095,3,6,0.5,92,49
v2_random_regular_baseline_s3,v2,random_regular_baseline,3,random_regular,100,4,399,61,3.244492630381296,27,61,0.4426229508196721,56,49
v2_random_regular_baseline_s3,v2,random_regular_baseline,3,random_regular,100,4,400,27,1.6094379124291005,5,27,0.18518518518518517,31,99
v2_random_regular_baseline_s3,v2,random_regular_baseline,3,random_regular,100,4,401,97,3.576171765304929,46,97,0.4742268041237113,7,99
v2_random_regular_baseline_s3,v2,random_regular_baseline,3,random_regular,100,4,402,47,2.8332133440392155,17,47,0.3617021276595745,26,49
v2_random_regular_baseline_s3,v2,random_regular_baseline,3,random_regular,100,4,403,117,3.62507047353065,46,117,0.39316239316239315,45,11
v2_random_regular_baseline_s3,v2,random_regular_baseline,3,random_regular,100,4,404,0,0.0,0,0,,49,49
v2_random_regular_baseline_s3,v2,random_regular_baseline,3,random_regular,100,4,405,169,3.993011833041148,69,169,0.40828402366863903,43,5
v2_random_regular_baseline_s3,v2,random_regular_baseline,3,random_regular,100,4,406,7,1.3321790402061222,5,7,0.7142857142857143,80,5
v2_random_regular_baseline_s3,v2,random_regular_baseline,3,random_regular,100,4,407,34,2.441015278014703,14,34,0.4117647058823529,69,67
v2_random_regular_baseline_s3,v2,random_regular_baseline,3,random_regular,100,4,408,46,3.062529300232621,24,46,0.5217391304347826,94,5
v2_random_regular_baseline_s3,v2,random_regular_baseline,3,random_regular,100,4,409,46,2.7985132569262934,19,46,0.41304347826086957,87,49
v2_random_regular_baseline_s3,v2,random_regular_baseline,3,random_regular,100,4,410,23,2.484906649776,12,23,0.5217391304347826,80,11
v2_random_regular_baseline_s3,v2,random_regular_baseline,3,random_regular,100,4,411,12,2.079441541671836,8,12,0.6666666666666666,25,11
v2_random_regular_baseline_s3,v2,random_regular_baseline,3,random_regular,100,4,412,115,3.829636820119896,53,115,0.4608695652173913,78,49
v2_random_regular_baseline_s3,v2,random_regular_baseline,3,random_regular,100,4,413,4,-1.000088900581841e-12,1,4,0.25,20,99
v2_random_regular_baseline_s3,v2,random_regular_baseline,3,random_regular,100,4,414,2,-1.000088900581841e-12,1,2,0.5,79,5
v2_random_regular_baseline_s3,v2,random_regular_baseline,3,random_regular,100,4,415,54,2.871476118036867,19,54,0.35185185185185186,35,49
v2_random_regular_baseline_s3,v2,random_regular_baseline,3,random_regular,100,4,416,10,2.0431918705371204,9,10,0.9,29,5
v2_random_regular_baseline_s3,v2,random_regular_baseline,3,random_regular,100,4,417,123,3.854574699589376,60,123,0.4878048780487805,71,5
v2_random_regular_baseline_s3,v2,random_regular_baseline,3,random_regular,100,4,418,11,1.0986122886651095,3,11,0.2727272727272727,9,67
v2_random_regular_baseline_s3,v2,random_regular_baseline,3,random_regular,100,4,419,346,4.693778587921768,143,346,0.41329479768786126,22,5
v2_random_regular_baseline_s3,v2,random_regular_baseline,3,random_regular,100,4,420,98,3.704662609644276,42,98,0.42857142857142855,4,5
v2_random_regular_baseline_s3,v2,random_regular_baseline,3,random_regular,100,4,421,89,3.302747652589445,35,89,0.39325842696629215,80,49
v2_random_regular_baseline_s3,v2,random_regular_baseline,3,random_regular,100,4,422,6,1.0986122886651095,3,6,0.5,14,49
v2_random_regular_baseline_s3,v2,random_regular_baseline,3,random_regular,100,4,423,59,3.0047670351869598,24,59,0.4067796610169492,73,5
v2_random_regular_baseline_s3,v2,random_regular_baseline,3,random_regular,100,4,424,10,1.791759469222055,6,10,0.6,40,11
v2_random_regular_baseline_s3,v2,random_regular_baseline,3,random_regular,100,4,425,211,4.325937691471664,96,211,0.4549763033175355,32,67
v2_random_regular_baseline_s3,v2,random_regular_baseline,3,random_regular,100,4,426,109,3.6364454331777054,46,109,0.42201834862385323,19,67
v2_random_regular_baseline_s3,v2,random_regular_baseline,3,random_regular,100,4,427,124,3.611270818158912,48,124,0.3870967741935484,71,67
v2_random_regular_baseline_s3,v2,random_regular_baseline,3,random_regular,100,4,428,0,0.0,0,0,,67,67
v2_random_regular_baseline_s3,v2,random_regular_baseline,3,random_regular,100,4,429,282,4.290499538247185,107,282,0.37943262411347517,9,67
v2_random_regular_baseline_s3,v2,random_regular_baseline,3,random_regular,100,4,430,139,3.6780433952473217,68,139,0.4892086330935252,10,11
v2_random_regular_baseline_s3,v2,random_regular_baseline,3,random_regular,100,4,431,9,1.3862943611158909,4,9,0.4444444444444444,10,49
v2_random_regular_baseline_s3,v2,random_regular_baseline,3,random_regular,100,4,432,220,4.106729742926081,95,220,0.4318181818181818,0,99
v2_random_regular_baseline_s3,v2,random_regular_baseline,3,random_regular,100,4,433,16,1.5607104090364068,6,16,0.375,18,67
v2_random_regular_baseline_s3,v2,random_regular_baseline,3,random_regular,100,4,434,139,3.733872138267852,67,139,0.48201438848920863,78,67
v2_random_regular_baseline_s3,v2,random_regular_baseline,3,random_regular,100,4,435,35,1.6094379124291005,5,35,0.14285714285714285,35,67
v2_random_regular_baseline_s3,v2,random_regular_baseline,3,random_regular,100,4,436,202,3.977675487898431,85,202,0.4207920792079208,68,49
v2_random_regular_baseline_s3,v2,random_regular_baseline,3,random_regular,100,4,437,110,3.444249469912317,46,110,0.41818181818181815,56,67
v2_random_regular_baseline_s3,v2,random_regular_baseline,3,random_regular,100,4,438,33,2.5649493574485365,13,33,0.3939393939393939,58,49
v2_random_regular_baseline_s3,v2,random_regular_baseline,3,random_regular,100,4,439,248,4.271110144103043,95,248,0.38306451612903225,97,11
v2_random_regular_baseline_s3,v2,random_regular_baseline,3,random_regular,100,4,440,208,4.047823950346219,76,208,0.36538461538461536,36,5
v2_random_regular_baseline_s3,v2,random_regular_baseline,3,random_regular,100,4,441,123,3.860623457522692,54,123,0.43902439024390244,91,11
v2_random_regular_baseline_s3,v2,random_regular_baseline,3,random_regular,100,4,442,8,1.0986122886651095,3,8,0.375,92,49
v2_random_regular_baseline_s3,v2,random_regular_baseline,3,random_regular,100,4,443,19,1.6094379124291005,5,19,0.2631578947368421,61,49
v2_random_regular_baseline_s3,v2,random_regular_baseline,3,random_regular,100,4,444,0,0.0,0,0,,49,49
v2_random_regular_baseline_s3,v2,random_regular_baseline,3,random_regular,100,4,445,83,3.271689322296034,29,83,0.3493975903614458,81,49
v2_random_regular_baseline_s3,v2,random_regular_baseline,3,random_regular,100,4,446,8,1.6094379124291005,5,8,0.625,53,67
v2_random_regular_baseline_s3,v2,random_regular_baseline,3,random_regular,100,4,447,1,-1.000088900581841e-12,1,1,1.0,83,67
v2_random_regular_baseline_s3,v2,random_regular_baseline,3,random_regular,100,4,448,0,0.0,0,0,,49,49
v2_random_regular_baseline_s3,v2,random_regular_baseline,3,random_regular,100,4,449,31,2.5532370029797145,18,31,0.5806451612903226,2,49
v2_random_regular_baseline_s3,v2,random_regular_baseline,3,random_regular,100,4,450,19,1.6094379124291005,5,19,0.2631578947368421,0,49
v2_random_regular_baseline_s3,v2,random_regular_baseline,3,random_regular,100,4,451,139,3.817085689948122,60,139,0.4316546762589928,40,67
v2_random_regular_baseline_s3,v2,random_regular_baseline,3,random_regular,100,4,452,34,2.7080502010872096,15,34,0.4411764705882353,75,5
v2_random_regular_baseline_s3,v2,random_regular_baseline,3,random_regular,100,4,453,16,2.079441541671836,8,16,0.5,39,11
v2_random_regular_baseline_s3,v2,random_regular_baseline,3,random_regular,100,4,454,145,3.645556734701476,54,145,0.3724137931034483,68,5
v2_random_regular_baseline_s3,v2,random_regular_baseline,3,random_regular,100,4,455,19,2.302585092984045,10,19,0.5263157894736842,34,67
v2_random_regular_baseline_s3,v2,random_regular_baseline,3,random_regular,100,4,456,238,4.270321653456601,110,238,0.46218487394957986,89,67
v2_random_regular_baseline_s3,v2,random_regular_baseline,3,random_regular,100,4,457,42,2.725550395815721,19,42,0.4523809523809524,47,49
v2_random_regular_baseline_s3,v2,random_regular_baseline,3,random_regular,100,4,458,88,3.2817139087076983,38,88,0.4318181818181818,9,67
v2_random_regular_baseline_s3,v2,random_regular_baseline,3,random_regular,100,4,459,93,3.158039775194436,29,93,0.3118279569892473,16,67
v2_random_regular_baseline_s3,v2,random_regular_baseline,3,random_regular,100,4,460,6,0.6931471805579453,2,6,0.3333333333333333,13,49
v2_random_regular_baseline_s3,v2,random_regular_baseline,3,random_regular,100,4,461,104,3.6436782287373086,47,104,0.4519230769230769,93,11
v2_random_regular_baseline_s3,v2,random_regular_baseline,3,random_regular,100,4,462,29,2.245035274116177,13,29,0.4482758620689655,65,11
v2_random_regular_baseline_s3,v2,random_regular_baseline,3,random_regular,100,4,463,80,3.1931483947852626,27,80,0.3375,32,99
v2_random_regular_baseline_s3,v2,random_regular_baseline,3,random_regular,100,4,464,37,2.639057329601259,14,37,0.3783783783783784,31,67
v2_random_regular_baseline_s3,v2,random_regular_baseline,3,random_regular,100,4,465,35,2.6701198897918164,17,35,0.4857142857142857,50,11
v2_random_regular_baseline_s3,v2,random_regular_baseline,3,random_regular,100,4,466,3,1.0986122886651095,3,3,1.0,41,49
v2_random_regular_baseline_s3,v2,random_regular_baseline,3,random_regular,100,4,467,347,4.470265369953218,131,347,0.37752161383285304,72,5
v2_random_regular_baseline_s3,v2,random_regular_baseline,3,random_regular,100,4,468,199,4.243232867362324,89,199,0.4472361809045226,54,99
v2_random_regular_baseline_s3,v2,random_regular_baseline,3,random_regular,100,4,469,86,2.9891972161417653,32,86,0.37209302325581395,27,99
v2_random_regular_baseline_s3,v2,random_regular_baseline,3,random_regular,100,4,470,86,3.6000030969206915,43,86,0.5,71,67
v2_random_regular_baseline_s3,v2,random_regular_baseline,3,random_regular,100,4,471,55,3.098139496330803,26,55,0.4727272727272727,86,11
v2_random_regular_baseline_s3,v2,random_regular_baseline,3,random_regular,100,4,472,43,2.871476118036867,19,43,0.4418604651162791,30,11
v2_random_regular_baseline_s3,v2,random_regular_baseline,3,random_regular,100,4,473,49,2.912494403312053,21,49,0.42857142857142855,18,67
v2_random_regular_baseline_s3,v2,random_regular_baseline,3,random_regular,100,4,474,10,1.791759469222055,6,10,0.6,15,99
v2_random_regular_baseline_s3,v2,random_regular_baseline,3,random_regular,100,4,475,9,1.3862943611158909,4,9,0.4444444444444444,38,99
v2_random_regular_baseline_s3,v2,random_regular_baseline,3,random_regular,100,4,476,59,3.2625679455231658,30,59,0.5084745762711864,28,99
v2_random_regular_baseline_s3,v2,random_regular_baseline,3,random_regular,100,4,477,21,1.9459101490483133,7,21,0.3333333333333333,32,67
v2_random_regular_baseline_s3,v2,random_regular_baseline,3,random_regular,100,4,478,55,3.204777524107256,26,55,0.4727272727272727,16,11
v2_random_regular_baseline_s3,v2,random_regular_baseline,3,random_regular,100,4,479,129,3.701245691733744,52,129,0.40310077519379844,38,49
v2_random_regular_baseline_s3,v2,random_regular_baseline,3,random_regular,100,4,480,10,1.9459101490483133,7,10,0.7,10,99
v2_random_regular_baseline_s3,v2,random_regular_baseline,3,random_regular,100,4,481,26,2.1639556568730565,10,26,0.38461538461538464,34,49
v2_random_regular_baseline_s3,v2,random_regular_baseline,3,random_regular,100,4,482,21,1.7478680974607577,7,21,0.3333333333333333,95,99
v2_random_regular_baseline_s3,v2,random_regular_baseline,3,random_regular,100,4,483,174,4.128596604323337,83,174,0.47701149425287354,72,11
v2_random_regular_baseline_s3,v2,random_regular_baseline,3,random_regular,100,4,484,55,3.019736127116995,27,55,0.4909090909090909,2,49
v2_random_regular_baseline_s3,v2,random_regular_baseline,3,random_regular,100,4,485,87,3.223530831955023,35,87,0.40229885057471265,94,11
v2_random_regular_baseline_s3,v2,random_regular_baseline,3,random_regular,100,4,486,259,4.336264590146635,111,259,0.42857142857142855,85,5
v2_random_regular_baseline_s3,v2,random_regular_baseline,3,random_regular,100,4,487,44,2.8332133440392155,17,44,0.38636363636363635,10,11
v2_random_regular_baseline_s3,v2,random_regular_baseline,3,random_regular,100,4,488,18,2.079441541671836,8,18,0.4444444444444444,2,49
v2_random_regular_baseline_s3,v2,random_regular_baseline,3,random_regular,100,4,489,212,4.172077257533721,88,212,0.41509433962264153,44,11
v2_random_regular_baseline_s3,v2,random_regular_baseline,3,random_regular,100,4,490,167,4.157527105084593,73,167,0.437125748502994,82,67
v2_random_regular_baseline_s3,v2,random_regular_baseline,3,random_regular,100,4,491,92,3.66448190441264,43,92,0.4673913043478261,39,49
v2_random_regular_baseline_s3,v2,random_regular_baseline,3,random_regular,100,4,492,26,2.197224577327219,9,26,0.34615384615384615,54,11
v2_random_regular_baseline_s3,v2,random_regular_baseline,3,random_regular,100,4,493,103,3.6915365389156327,47,103,0.4563106796116505,20,11
v2_random_regular_baseline_s3,v2,random_regular_baseline,3,random_regular,100,4,494,223,4.09716660451715,89,223,0.3991031390134529,6,49
v2_random_regular_baseline_s3,v2,random_regular_baseline,3,random_regular,100,4,495,6,1.3862943611158909,4,6,0.6666666666666666,51,5
v2_random_regular_baseline_s3,v2,random_regular_baseline,3,random_regular,100,4,496,94,3.5807250055784965,42,94,0.44680851063829785,80,11
v2_random_regular_baseline_s3,v2,random_regular_baseline,3,random_regular,100,4,497,250,4.425341262193806,111,250,0.444,37,5
v2_random_regular_baseline_s3,v2,random_regular_baseline,3,random_regular,100,4,498,67,3.2826939972510645,28,67,0.417910447761194,52,49
v2_random_regular_baseline_s3,v2,random_regular_baseline,3,random_regular,100,4,499,141,3.7998417307489736,57,141,0.40425531914893614,75,99
v2_random_regular_baseline_s3,v2,random_regular_baseline,3,random_regular,100,4,500,146,3.843730679535641,61,146,0.4178082191780822,36,99
v2_random_regular_baseline_s3,v2,random_regular_baseline,3,random_regular,100,4,501,208,4.169169117568474,89,208,0.42788461538461536,62,67
v2_random_regular_baseline_s3,v2,random_regular_baseline,3,random_regular,100,4,502,64,3.3549875695958247,30,64,0.46875,26,5
v2_random_regular_baseline_s3,v2,random_regular_baseline,3,random_regular,100,4,503,1,-1.000088900581841e-12,1,1,1.0,57,11
v2_random_regular_baseline_s3,v2,random_regular_baseline,3,random_regular,100,4,504,14,2.302585092984045,10,14,0.7142857142857143,23,11
v2_random_regular_baseline_s3,v2,random_regular_baseline,3,random_regular,100,4,505,72,3.444813797459462,34,72,0.4722222222222222,23,5
v2_random_regular_baseline_s3,v2,random_regular_baseline,3,random_regular,100,4,506,27,2.639057329601259,14,27,0.5185185185185185,24,99
v2_random_regular_baseline_s3,v2,random_regular_baseline,3,random_regular,100,4,507,3,-1.000088900581841e-12,1,3,0.3333333333333333,20,99
v2_random_regular_baseline_s3,v2,random_regular_baseline,3,random_regular,100,4,508,153,3.8218713729919336,66,153,0.43137254901960786,23,67
v2_random_regular_baseline_s3,v2,random_regular_baseline,3,random_regular,100,4,509,191,4.154302440853321,84,191,0.4397905759162304,94,49
v2_random_regular_baseline_s3,v2,random_regular_baseline,3,random_regular,100,4,510,97,3.6654865248255626,49,97,0.5051546391752577,64,99
v2_random_regular_baseline_s3,v2,random_regular_baseline,3,random_regular,100,4,511,41,2.5993019270857944,16,41,0.3902439024390244,25,49
v2_random_regular_baseline_s3,v2,random_regular_baseline,3,random_regular,100,4,512,48,2.941616952624223,25,48,0.5208333333333334,61,99
v2_random_regular_baseline_s3,v2,random_regular_baseline,3,random_regular,100,4,513,53,2.441015278014703,14,53,0.2641509433962264,43,11
v2_random_regular_baseline_s3,v2,random_regular_baseline,3,random_regular,100,4,514,71,3.266330691926871,34,71,0.4788732394366197,74,11
v2_random_regular_baseline_s3,v2,random_regular_baseline,3,random_regular,100,4,515,67,3.3549875695958247,30,67,0.44776119402985076,3,67
v2_random_regular_baseline_s3,v2,random_regular_baseline,3,random_regular,100,4,516,79,3.5065025850265608,36,79,0.45569620253164556,23,67
v2_random_regular_baseline_s3,v2,random_regular_baseline,3,random_regular,100,4,517,35,2.046738532685552,16,35,0.45714285714285713,32,99
v2_random_regular_baseline_s3,v2,random_regular_baseline,3,random_regular,100,4,518,4,0.6931471805579453,2,4,0.5,36,5
v2_random_regular_baseline_s3,v2,random_regular_baseline,3,random_regular,100,4,519,100,3.53170654712406,48,100,0.48,7,11
v2_random_regular_baseline_s3,v2,random_regular_baseline,3,random_regular,100,4,520,93,3.40132296221037,39,93,0.41935483870967744,38,5
v2_random_regular_baseline_s3,v2,random_regular_baseline,3,random_regular,100,4,521,251,4.4263997232105705,97,251,0.38645418326693226,82,5
v2_random_regular_baseline_s3,v2,random_regular_baseline,3,random_regular,100,4,522,3,0.6931471805579453,2,3,0.6666666666666666,10,49
v2_random_regular_baseline_s3,v2,random_regular_baseline,3,random_regular,100,4,523,23,2.5649493574485365,13,23,0.5652173913043478,98,11
v2_random_regular_baseline_s3,v2,random_regular_baseline,3,random_regular,100,4,524,17,1.9061547465328492,8,17,0.47058823529411764,73,99
v2_random_regular_baseline_s3,v2,random_regular_baseline,3,random_regular,100,4,525,175,4.013637220348966,71,175,0.4057142857142857,52,67
v2_random_regular_baseline_s3,v2,random_regular_baseline,3,random_regular,100,4,526,15,1.039720770836918,4,15,0.26666666666666666,36,5
v2_random_regular_baseline_s3,v2,random_regular_baseline,3,random_regular,100,4,527,29,2.540036303807981,14,29,0.4827586206896552,41,49
v2_random_regular_baseline_s3,v2,random_regular_baseline,3,random_regular,100,4,528,16,2.0431918705371204,9,16,0.5625,94,5
v2_random_regular_baseline_s3,v2,random_regular_baseline,3,random_regular,100,4,529,81,3.370480801334671,33,81,0.4074074074074074,78,11
v2_random_regular_baseline_s3,v2,random_regular_baseline,3,random_regular,100,4,530,34,2.369382119683676,12,34,0.35294117647058826,95,11
v2_random_regular_baseline_s3,v2,random_regular_baseline,3,random_regular,100,4,531,28,2.197224577327219,9,28,0.32142857142857145,37,11
v2_random_regular_baseline_s3,v2,random_regular_baseline,3,random_regular,100,4,532,0,0.0,0,0,,5,5
v2_random_regular_baseline_s3,v2,random_regular_baseline,3,random_regular,100,4,533,134,4.056414250866708,68,134,0.5074626865671642,44,99
v2_random_regular_baseline_s3,v2,random_regular_baseline,3,random_regular,100,4,534,19,1.7478680974607577,7,19,0.3684210526315789,54,5
v2_random_regular_baseline_s3,v2,random_regular_baseline,3,random_regular,100,4,535,174,3.981956367133005,71,174,0.40804597701149425,45,11
v2_random_regular_baseline_s3,v2,random_regular_baseline,3,random_regular,100,4,536,197,4.220877502943929,87,197,0.4416243654822335,8,11
v2_random_regular_baseline_s3,v2,random_regular_baseline,3,random_regular,100,4,537,112,3.5371479614186976,53,112,0.4732142857142857,1,67
v2_random_regular_baseline_s3,v2,random_regular_baseline,3,random_regular,100,4,538,74,3.556923618315194,39,74,0.527027027027027,82,99
v2_random_regular_baseline_s3,v2,random_regular_baseline,3,random_regular,100,4,539,68,3.3892680315157944,31,68,0.45588235294117646,70,5
v2_random_regular_baseline_s3,v2,random_regular_baseline,3,random_regular,100,4,540,65,3.1836729714587872,28,65,0.4307692307692308,41,49
v2_random_regular_baseline_s3,v2,random_regular_baseline,3,random_regular,100,4,541,37,2.5649493574485365,13,37,0.35135135135135137,62,11
v2_random_regular_baseline_s3,v2,random_regular_baseline,3,random_regular,100,4,542,29,2.1458417525857545,11,29,0.3793103448275862,58,99
v2_random_regular_baseline_s3,v2,random_regular_baseline,3,random_regular,100,4,543,9,-1.000088900581841e-12,1,9,0.1111111111111111,20,99
v2_random_regular_baseline_s3,v2,random_regular_baseline,3,random_regular,100,4,544,13,1.3321790402061222,5,13,0.38461538461538464,29,67
v2_random_regular_baseline_s3,v2,random_regular_baseline,3,random_regular,100,4,545,218,4.128764036604934,102,218,0.46788990825688076,80,49
v2_random_regular_baseline_s3,v2,random_regular_baseline,3,random_regular,100,4,546,76,3.1154750248567717,28,76,0.3684210526315789,34,67
v2_random_regular_baseline_s3,v2,random_regular_baseline,3,random_regular,100,4,547,3,0.6931471805579453,2,3,0.6666666666666666,18,67
v2_random_regular_baseline_s3,v2,random_regular_baseline,3,random_regular,100,4,548,9,1.0986122886651095,3,9,0.3333333333333333,6,49
v2_random_regular_baseline_s3,v2,random_regular_baseline,3,random_regular,100,4,549,10,1.3862943611158909,4,10,0.4,1,11
v2_random_regular_baseline_s3,v2,random_regular_baseline,3,random_regular,100,4,550,0,0.0,0,0,,5,5
v2_random_regular_baseline_s3,v2,random_regular_baseline,3,random_regular,100,4,551,7,1.3862943611158909,4,7,0.5714285714285714,97,49
v2_random_regular_baseline_s3,v2,random_regular_baseline,3,random_regular,100,4,552,27,2.772588722223781,16,27,0.5925925925925926,3,49
v2_random_regular_baseline_s3,v2,random_regular_baseline,3,random_regular,100,4,553,5,1.0986122886651095,3,5,0.6,2,5
v2_random_regular_baseline_s3,v2,random_regular_baseline,3,random_regular,100,4,554,0,0.0,0,0,,67,67
v2_random_regular_baseline_s3,v2,random_regular_baseline,3,random_regular,100,4,555,84,3.555348061454413,35,84,0.4166666666666667,68,67
v2_random_regular_baseline_s3,v2,random_regular_baseline,3,random_regular,100,4,556,94,3.2451263407310145,30,94,0.3191489361702128,18,49
v2_random_regular_baseline_s3,v2,random_regular_baseline,3,random_regular,100,4,557,61,3.233183484354926,28,61,0.45901639344262296,70,67
v2_random_regular_baseline_s3,v2,random_regular_baseline,3,random_regular,100,4,558,186,4.076697138109573,78,186,0.41935483870967744,23,99
v2_random_regular_baseline_s3,v2,random_regular_baseline,3,random_regular,100,4,559,103,3.4641255137043623,41,103,0.39805825242718446,83,99
v2_random_regular_baseline_s3,v2,random_regular_baseline,3,random_regular,100,4,560,33,2.685945324654788,16,33,0.48484848484848486,73,99
v2_random_regular_baseline_s3,v2,random_regular_baseline,3,random_regular,100,4,561,138,3.721176253825357,44,138,0.3188405797101449,36,5
v2_random_regular_baseline_s3,v2,random_regular_baseline,3,random_regular,100,4,562,159,3.881178933827659,62,159,0.389937106918239,80,5
v2_random_regular_baseline_s3,v2,random_regular_baseline,3,random_regular,100,4,563,95,3.544511778726858,41,95,0.43157894736842106,0,5
v2_random_regular_baseline_s3,v2,random_regular_baseline,3,random_regular,100,4,564,45,2.6235217562558093,21,45,0.4666666666666667,3,11
v2_random_regular_baseline_s3,v2,random_regular_baseline,3,random_regular,100,4,565,14,1.6094379124291005,5,14,0.35714285714285715,62,67
v2_random_regular_baseline_s3,v2,random_regular_baseline,3,random_regular,100,4,566,80,3.2826939972510645,28,80,0.35,2,11
v2_random_regular_baseline_s3,v2,random_regular_baseline,3,random_regular,100,4,567,7,1.0986122886651095,3,7,0.42857142857142855,81,99
v2_random_regular_baseline_s3,v2,random_regular_baseline,3,random_regular,100,4,568,52,2.871476118036867,19,52,0.36538461538461536,61,5
v2_random_regular_baseline_s3,v2,random_regular_baseline,3,random_regular,100,4,569,30,2.341994252221425,14,30,0.4666666666666667,48,99
v2_random_regular_baseline_s3,v2,random_regular_baseline,3,random_regular,100,4,570,0,0.0,0,0,,11,11
v2_random_regular_baseline_s3,v2,random_regular_baseline,3,random_regular,100,4,571,44,2.9444389791474395,19,44,0.4318181818181818,45,49
v2_random_regular_baseline_s3,v2,random_regular_baseline,3,random_regular,100,4,572,123,3.673173853440987,47,123,0.3821138211382114,78,49
v2_random_regular_baseline_s3,v2,random_regular_baseline,3,random_regular,100,4,573,104,3.580783786346531,47,104,0.4519230769230769,95,67
v2_random_regular_baseline_s3,v2,random_regular_baseline,3,random_regular,100,4,574,60,3.098139496330803,26,60,0.43333333333333335,75,99
v2_random_regular_baseline_s3,v2,random_regular_baseline,3,random_regular,100,4,575,3,-1.000088900581841e-12,1,3,0.3333333333333333,9,5
v2_random_regular_baseline_s3,v2,random_regular_baseline,3,random_regular,100,4,576,50,2.61563057701355,15,50,0.3,82,67
v2_random_regular_baseline_s3,v2,random_regular_baseline,3,random_regular,100,4,577,75,3.3657769529518857,39,75,0.52,97,49
v2_random_regular_baseline_s3,v2,random_regular_baseline,3,random_regular,100,4,578,18,1.9459101490483133,7,18,0.3888888888888889,36,5
v2_random_regular_baseline_s3,v2,random_regular_baseline,3,random_regular,100,4,579,8,1.0114042647043515,6,8,0.75,76,5
v2_random_regular_baseline_s3,v2,random_regular_baseline,3,random_regular,100,4,580,600,4.951600957853316,230,600,0.38333333333333336,94,99
v2_random_regular_baseline_s3,v2,random_regular_baseline,3,random_regular,100,4,581,22,2.197224577327219,9,22,0.4090909090909091,10,99
v2_random_regular_baseline_s3,v2,random_regular_baseline,3,random_regular,100,4,582,25,2.079441541671836,8,25,0.32,42,11
v2_random_regular_baseline_s3,v2,random_regular_baseline,3,random_regular,100,4,583,118,3.666582267114095,46,118,0.3898305084745763,73,11
v2_random_regular_baseline_s3,v2,random_regular_baseline,3,random_regular,100,4,584,89,3.3371650412466605,41,89,0.4606741573033708,37,11
v2_random_regular_baseline_s3,v2,random_regular_baseline,3,random_regular,100,4,585,83,3.2826939972510645,28,83,0.3373493975903614,37,5
v2_random_regular_baseline_s3,v2,random_regular_baseline,3,random_regular,100,4,586,17,1.6094379124291005,5,17,0.29411764705882354,20,11
v2_random_regular_baseline_s3,v2,random_regular_baseline,3,random_regular,100,4,587,30,2.685945324654788,16,30,0.5333333333333333,37,49
v2_random_regular_baseline_s3,v2,random_regular_baseline,3,random_regular,100,4,588,84,3.2864629612688,33,84,0.39285714285714285,34,49
v2_random_regular_baseline_s3,v2,random_regular_baseline,3,random_regular,100,4,589,109,3.728960711904589,43,109,0.3944954128440367,52,99
v2_random_regular_baseline_s3,v2,random_regular_baseline,3,random_regular,100,4,590,115,3.5321361136786447,44,115,0.3826086956521739,73,67
v2_random_regular_baseline_s3,v2,random_regular_baseline,3,random_regular,100,4,591,59,3.151458510219029,26,59,0.4406779661016949,33,11
v2_random_regular_baseline_s3,v2,random_regular_baseline,3,random_regular,100,4,592,109,3.689669563800905,44,109,0.4036697247706422,24,49
v2_random_regular_baseline_s3,v2,random_regular_baseline,3,random_regular,100,4,593,47,2.9957322735339904,20,47,0.425531914893617,71,49
v2_random_regular_baseline_s3,v2,random_regular_baseline,3,random_regular,100,4,594,93,3.467994408329786,36,93,0.3870967741935484,45,5
v2_random_regular_baseline_s3,v2,random_regular_baseline,3,random_regular,100,4,595,117,3.7178427343741927,52,117,0.4444444444444444,69,67
v2_random_regular_baseline_s3,v2,random_regular_baseline,3,random_regular,100,4,596,253,4.159423898364542,103,253,0.40711462450592883,98,99
v2_random_regular_baseline_s3,v2,random_regular_baseline,3,random_regular,100,4,597,71,3.10797227595561,25,71,0.352112676056338,89,67
v2_random_regular_baseline_s3,v2,random_regular_baseline,3,random_regular,100,4,598,0,0.0,0,0,,99,99
v2_random_regular_baseline_s3,v2,random_regular_baseline,3,random_regular,100,4,599,285,4.419062074391739,113,285,0.39649122807017545,47,67
v2_random_regular_baseline_s3,v2,random_regular_baseline,3,random_regular,100,4,600,0,0.0,0,0,,67,67
v2_random_regular_baseline_s3,v2,random_regular_baseline,3,random_regular,100,4,601,2,-1.000088900581841e-12,1,2,0.5,9,5
v2_random_regular_baseline_s3,v2,random_regular_baseline,3,random_regular,100,4,602,120,3.5748329382262742,54,120,0.45,16,67
v2_random_regular_baseline_s3,v2,random_regular_baseline,3,random_regular,100,4,603,335,4.34368086905157,133,335,0.3970149253731343,7,49
v2_random_regular_baseline_s3,v2,random_regular_baseline,3,random_regular,100,4,604,8,1.3862943611158909,4,8,0.5,80,67
v2_random_regular_baseline_s3,v2,random_regular_baseline,3,random_regular,100,4,605,32,2.3516733018936304,13,32,0.40625,33,5
v2_random_regular_baseline_s3,v2,random_regular_baseline,3,random_regular,100,4,606,32,2.736339051089065,18,32,0.5625,23,5
v2_random_regular_baseline_s3,v2,random_regular_baseline,3,random_regular,100,4,607,47,2.871476118036867,19,47,0.40425531914893614,39,11
v2_random_regular_baseline_s3,v2,random_regular_baseline,3,random_regular,100,4,608,153,3.872804591857546,57,153,0.37254901960784315,97,99
v2_random_regular_baseline_s3,v2,random_regular_baseline,3,random_regular,100,4,609,92,3.498515667114017,37,92,0.40217391304347827,9,11
v2_random_regular_baseline_s3,v2,random_regular_baseline,3,random_regular,100,4,610,55,2.865235252429845,25,55,0.45454545454545453,97,11
v2_random_regular_baseline_s3,v2,random_regular_baseline,3,random_regular,100,4,611,8,1.3862943611158909,4,8,0.5,31,11
v2_random_regular_baseline_s3,v2,random_regular_baseline,3,random_regular,100,4,612,77,3.4124897213676078,33,77,0.42857142857142855,45,5
v2_random_regular_baseline_s3,v2,random_regular_baseline,3,random_regular,100,4,613,539,4.905922927944394,220,539,0.40816326530612246,39,99
v2_random_regular_baseline_s3,v2,random_regular_baseline,3,random_regular,100,4,614,35,2.3992042961906157,18,35,0.5142857142857142,87,99
v2_random_regular_baseline_s3,v2,random_regular_baseline,3,random_regular,100,4,615,2,0.6931471805579453,2,2,1.0,48,49
v2_random_regular_baseline_s3,v2,random_regular_baseline,3,random_regular,100,4,616,84,3.4611552603263767,42,84,0.5,13,67
v2_random_regular_baseline_s3,v2,random_regular_baseline,3,random_regular,100,4,617,111,3.603049664804596,47,111,0.42342342342342343,87,11
v2_random_regular_baseline_s3,v2,random_regular_baseline,3,random_regular,100,4,618,41,2.6653941599673865,22,41,0.5365853658536586,25,5
v2_random_regular_baseline_s3,v2,random_regular_baseline,3,random_regular,100,4,619,22,2.079441541671836,8,22,0.36363636363636365,53,99
v2_random_regular_baseline_s3,v2,random_regular_baseline,3,random_regular,100,4,620,169,4.083852468008089,74,169,0.4378698224852071,86,67
v2_random_regular_baseline_s3,v2,random_regular_baseline,3,random_regular,100,4,621,142,3.7739173236900583,54,142,0.38028169014084506,80,11
v2_random_regular_baseline_s3,v2,random_regular_baseline,3,random_regular,100,4,622,41,2.253857589591352,12,41,0.2926829268292683,71,67
v2_random_regular_baseline_s3,v2,random_regular_baseline,3,random_regular,100,4,623,2,-1.000088900581841e-12,1,2,0.5,98,67
v2_random_regular_baseline_s3,v2,random_regular_baseline,3,random_regular,100,4,624,391,4.698796874945893,164,391,0.4194373401534527,72,49
v2_random_regular_baseline_s3,v2,random_regular_baseline,3,random_regular,100,4,625,14,1.0986122886651095,3,14,0.21428571428571427,42,11
v2_random_regular_baseline_s3,v2,random_regular_baseline,3,random_regular,100,4,626,2,0.6931471805579453,2,2,1.0,50,11
v2_random_regular_baseline_s3,v2,random_regular_baseline,3,random_regular,100,4,627,26,2.3978952727873706,11,26,0.4230769230769231,72,5
v2_random_regular_baseline_s3,v2,random_regular_baseline,3,random_regular,100,4,628,62,2.954673212284816,23,62,0.3709677419354839,89,67
v2_random_regular_baseline_s3,v2,random_regular_baseline,3,random_regular,100,4,629,223,4.307067475247485,91,223,0.4080717488789238,12,67
v2_random_regular_baseline_s3,v2,random_regular_baseline,3,random_regular,100,4,630,29,2.5649493574485365,13,29,0.4482758620689655,43,5
v2_random_regular_baseline_s3,v2,random_regular_baseline,3,random_regular,100,4,631,10,1.791759469222055,6,10,0.6,52,99
v2_random_regular_baseline_s3,v2,random_regular_baseline,3,random_regular,100,4,632,49,2.8782183066518505,22,49,0.4489795918367347,46,67
v2_random_regular_baseline_s3,v2,random_regular_baseline,3,random_regular,100,4,633,288,4.421810646002033,121,288,0.4201388888888889,39,11
v2_random_regular_baseline_s3,v2,random_regular_baseline,3,random_regular,100,4,634,246,4.27436783325189,107,246,0.4349593495934959,81,49
v2_random_regular_baseline_s3,v2,random_regular_baseline,3,random_regular,100,4,635,41,3.062529300232621,24,41,0.5853658536585366,47,67
v2_random_regular_baseline_s3,v2,random_regular_baseline,3,random_regular,100,4,636,256,4.2775435161806445,107,256,0.41796875,46,5
v2_random_regular_baseline_s3,v2,random_regular_baseline,3,random_regular,100,4,637,43,2.5126585295168016,16,43,0.37209302325581395,92,5
v2_random_regular_baseline_s3,v2,random_regular_baseline,3,random_regular,100,4,638,6,1.0986122886651095,3,6,0.5,34,49
v2_random_regular_baseline_s3,v2,random_regular_baseline,3,random_regular,100,4,639,87,3.5065025850265608,36,87,0.41379310344827586,13,67
v2_random_regular_baseline_s3,v2,random_regular_baseline,3,random_regular,100,4,640,0,0.0,0,0,,11,11
v2_random_regular_baseline_s3,v2,random_regular_baseline,3,random_regular,100,4,641,158,3.900784511624706,60,158,0.379746835443038,41,99
v2_random_regular_baseline_s3,v2,random_regular_baseline,3,random_regular,100,4,642,6,0.6931471805579453,2,6,0.3333333333333333,73,11
v2_random_regular_baseline_s3,v2,random_regular_baseline,3,random_regular,100,4,643,44,2.7306332123726773,21,44,0.4772727272727273,38,11
v2_random_regular_baseline_s3,v2,random_regular_baseline,3,random_regular,100,4,644,318,4.427509366244923,124,318,0.389937106918239,85,5
v2_random_regular_baseline_s3,v2,random_regular_baseline,3,random_regular,100,4,645,13,1.7478680974607577,7,13,0.5384615384615384,21,99
v2_random_regular_baseline_s3,v2,random_regular_baseline,3,random_regular,100,4,646,211,4.309269979315123,86,211,0.4075829383886256,79,49
v2_random_regular_baseline_s3,v2,random_regular_baseline,3,random_regular,100,4,647,29,1.8636799873340004,12,29,0.41379310344827586,75,49
v2_random_regular_baseline_s3,v2,random_regular_baseline,3,random_regular,100,4,648,46,2.751666616915516,17,46,0.3695652173913043,34,99
v2_random_regular_baseline_s3,v2,random_regular_baseline,3,random_regular,100,4,649,31,2.6525875347051477,19,31,0.6129032258064516,14,49
v2_random_regular_baseline_s3,v2,random_regular_baseline,3,random_regular,100,4,650,174,4.220512463920246,90,174,0.5172413793103449,4,67
v2_random_regular_baseline_s3,v2,random_regular_baseline,3,random_regular,100,4,651,173,4.041072088145852,73,173,0.42196531791907516,87,67
v2_random_regular_baseline_s3,v2,random_regular_baseline,3,random_regular,100,4,652,353,4.628347483008555,159,353,0.45042492917847027,63,67
v2_random_regular_baseline_s3,v2,random_regular_baseline,3,random_regular,100,4,653,27,2.441015278014703,14,27,0.5185185185185185,37,99
v2_random_regular_baseline_s3,v2,random_regular_baseline,3,random_regular,100,4,654,1,-1.000088900581841e-12,1,1,1.0,98,67
v2_random_regular_baseline_s3,v2,random_regular_baseline,3,random_regular,100,4,655,87,3.231285650957504,37,87,0.42528735632183906,85,67
v2_random_regular_baseline_s3,v2,random_regular_baseline,3,random_regular,100,4,656,69,3.0280290732864104,22,69,0.3188405797101449,39,67
v2_random_regular_baseline_s3,v2,random_regular_baseline,3,random_regular,100,4,657,13,1.9459101490483133,7,13,0.5384615384615384,88,67
v2_random_regular_baseline_s3,v2,random_regular_baseline,3,random_regular,100,4,658,20,1.791759469222055,6,20,0.3,64,11
v2_random_regular_baseline_s3,v2,random_regular_baseline,3,random_regular,100,4,659,49,3.14180415918923,27,49,0.5510204081632653,87,49
v2_random_regular_baseline_s3,v2,random_regular_baseline,3,random_regular,100,4,660,74,3.1282795608038727,29,74,0.3918918918918919,46,99
v2_random_regular_baseline_s3,v2,random_regular_baseline,3,random_regular,100,4,661,5,1.0986122886651095,3,5,0.6,44,99
v2_random_regular_baseline_s3,v2,random_regular_baseline,3,random_regular,100,4,662,6,1.6094379124291005,5,6,0.8333333333333334,32,49
v2_random_regular_baseline_s3,v2,random_regular_baseline,3,random_regular,100,4,663,67,3.233183484354926,28,67,0.417910447761194,14,99
v2_random_regular_baseline_s3,v2,random_regular_baseline,3,random_regular,100,4,664,140,3.777842043503333,59,140,0.42142857142857143,31,11
v2_random_regular_baseline_s3,v2,random_regular_baseline,3,random_regular,100,4,665,178,4.002801165850661,63,178,0.3539325842696629,72,49
v2_random_regular_baseline_s3,v2,random_regular_baseline,3,random_regular,100,4,666,137,3.680909326249642,67,137,0.48905109489051096,23,5
v2_random_regular_baseline_s3,v2,random_regular_baseline,3,random_regular,100,4,667,41,2.278117962300032,19,41,0.4634146341463415,70,5
v2_random_regular_baseline_s3,v2,random_regular_baseline,3,random_regular,100,4,668,77,3.335770806415738,32,77,0.4155844155844156,63,49
v2_random_regular_baseline_s3,v2,random_regular_baseline,3,random_regular,100,4,669,186,3.739050169501052,60,186,0.3225806451612903,13,5
v2_random_regular_baseline_s3,v2,random_regular_baseline,3,random_regular,100,4,670,139,3.6988543332267927,53,139,0.381294964028777,29,67
v2_random_regular_baseline_s3,v2,random_regular_baseline,3,random_regular,100,4,671,72,3.1836729714587872,28,72,0.3888888888888889,93,67
v2_random_regular_baseline_s3,v2,random_regular_baseline,3,random_regular,100,4,672,46,2.5649493574485365,13,46,0.2826086956521739,29,99
v2_random_regular_baseline_s3,v2,random_regular_baseline,3,random_regular,100,4,673,29,2.1458417525857545,11,29,0.3793103448275862,19,5
v2_random_regular_baseline_s3,v2,random_regular_baseline,3,random_regular,100,4,674,10,1.5607104090364068,6,10,0.6,7,11
v2_random_regular_baseline_s3,v2,random_regular_baseline,3,random_regular,100,4,675,286,4.207231980020261,95,286,0.3321678321678322,90,99
v2_random_regular_baseline_s3,v2,random_regular_baseline,3,random_regular,100,4,676,126,3.7871964318487783,53,126,0.42063492063492064,9,11
v2_random_regular_baseline_s3,v2,random_regular_baseline,3,random_regular,100,4,677,131,3.583257490460173,44,131,0.33587786259541985,21,67
v2_random_regular_baseline_s3,v2,random_regular_baseline,3,random_regular,100,4,678,162,3.753434273122641,60,162,0.37037037037037035,43,49
v2_random_regular_baseline_s3,v2,random_regular_baseline,3,random_regular,100,4,679,121,3.8349513397251753,54,121,0.4462809917355372,12,5
v2_random_regular_baseline_s3,v2,random_regular_baseline,3,random_regular,100,4,680,91,3.689669563800905,44,91,0.4835164835164835,31,67
v2_random_regular_baseline_s3,v2,random_regular_baseline,3,random_regular,100,4,681,13,1.7328679513938632,8,13,0.6153846153846154,82,11
v2_random_regular_baseline_s3,v2,random_regular_baseline,3,random_regular,100,4,682,58,3.110236521363716,29,58,0.5,45,99
v2_random_regular_baseline_s3,v2,random_regular_baseline,3,random_regular,100,4,683,54,2.665394159967387,22,54,0.4074074074074074,19,11
v2_random_regular_baseline_s3,v2,random_regular_baseline,3,random_regular,100,4,684,8,1.0986122886651095,3,8,0.375,20,49
v2_random_regular_baseline_s3,v2,random_regular_baseline,3,random_regular,100,4,685,19,2.0253262207620675,10,19,0.5263157894736842,48,49
v2_random_regular_baseline_s3,v2,random_regular_baseline,3,random_regular,100,4,686,57,2.752191546552043,22,57,0.38596491228070173,30,99
v2_random_regular_baseline_s3,v2,random_regular_baseline,3,random_regular,100,4,687,6,1.3862943611158909,4,6,0.6666666666666666,95,99
v2_random_regular_baseline_s3,v2,random_regular_baseline,3,random_regular,100,4,688,77,3.134162458562648,28,77,0.36363636363636365,35,49
v2_random_regular_baseline_s3,v2,random_regular_baseline,3,random_regular,100,4,689,10,1.6094379124291005,5,10,0.5,70,49
v2_random_regular_baseline_s3,v2,random_regular_baseline,3,random_regular,100,4,690,80,3.472414980727339,39,80,0.4875,79,99
v2_random_regular_baseline_s3,v2,random_regular_baseline,3,random_regular,100,4,691,29,2.639057329601259,14,29,0.4827586206896552,65,49
v2_random_regular_baseline_s3,v2,random_regular_baseline,3,random_regular,100,4,692,1,-1.000088900581841e-12,1,1,1.0,61,5
v2_random_regular_baseline_s3,v2,random_regular_baseline,3,random_regular,100,4,693,116,3.745766062369954,55,116,0.47413793103448276,63,11
v2_random_regular_baseline_s3,v2,random_regular_baseline,3,random_regular,100,4,694,10,1.3862943611158909,4,10,0.4,91,99
v2_random_regular_baseline_s3,v2,random_regular_baseline,3,random_regular,100,4,695,306,4.4267422749341065,131,306,0.42810457516339867,55,99
v2_random_regular_baseline_s3,v2,random_regular_baseline,3,random_regular,100,4,696,22,1.9459101490483133,7,22,0.3181818181818182,82,99
v2_random_regular_baseline_s3,v2,random_regular_baseline,3,random_regular,100,4,697,35,2.926417555478996,20,35,0.5714285714285714,71,11
v2_random_regular_baseline_s3,v2,random_regular_baseline,3,random_regular,100,4,698,214,3.9925548883503175,77,214,0.3598130841121495,66,49
v2_random_regular_baseline_s3,v2,random_regular_baseline,3,random_regular,100,4,699,59,3.0752205480323718,23,59,0.3898305084745763,89,49
v2_random_regular_baseline_s3,v2,random_regular_baseline,3,random_regular,100,4,700,14,2.0431918705371204,9,14,0.6428571428571429,52,99
v2_random_regular_baseline_s3,v2,random_regular_baseline,3,random_regular,100,4,701,73,3.218875824843201,25,73,0.3424657534246575,0,11
v2_random_regular_baseline_s3,v2,random_regular_baseline,3,random_regular,100,4,702,9,1.3862943611158909,4,9,0.4444444444444444,94,5
v2_random_regular_baseline_s3,v2,random_regular_baseline,3,random_regular,100,4,703,1,-1.000088900581841e-12,1,1,1.0,57,5
v2_random_regular_baseline_s3,v2,random_regular_baseline,3,random_regular,100,4,704,66,3.367295829957475,29,66,0.4393939393939394,35,5
v2_random_regular_baseline_s3,v2,random_regular_baseline,3,random_regular,100,4,705,24,2.4583113296710835,13,24,0.5416666666666666,4,99
v2_random_regular_baseline_s3,v2,random_regular_baseline,3,random_regular,100,4,706,115,4.060443010488419,58,115,0.5043478260869565,34,5
v2_random_regular_baseline_s3,v2,random_regular_baseline,3,random_regular,100,4,707,32,2.61563057701355,15,32,0.46875,74,49
v2_random_regular_baseline_s3,v2,random_regular_baseline,3,random_regular,100,4,708,59,2.902002313186603,22,59,0.3728813559322034,13,67
v2_random_regular_baseline_s3,v2,random_regular_baseline,3,random_regular,100,4,709,4,0.6931471805579453,2,4,0.5,58,67
v2_random_regular_baseline_s3,v2,random_regular_baseline,3,random_regular,100,4,710,47,2.7184734013140126,20,47,0.425531914893617,55,5
v2_random_regular_baseline_s3,v2,random_regular_baseline,3,random_regular,100,4,711,201,4.153128815283077,82,201,0.4079601990049751,34,99
v2_random_regular_baseline_s3,v2,random_regular_baseline,3,random_regular,100,4,712,31,2.484906649776,12,31,0.3870967741935484,15,11
v2_random_regular_baseline_s3,v2,random_regular_baseline,3,random_regular,100,4,713,41,2.3383717047925723,15,41,0.36585365853658536,13,67
v2_random_regular_baseline_s3,v2,random_regular_baseline,3,random_regular,100,4,714,29,2.079441541671836,8,29,0.27586206896551724,65,49
v2_random_regular_baseline_s3,v2,random_regular_baseline,3,random_regular,100,4,715,209,4.032759384684128,85,209,0.40669856459330145,98,5
v2_random_regular_baseline_s3,v2,random_regular_baseline,3,random_regular,100,4,716,13,1.9459101490483133,7,13,0.5384615384615384,10,99
v2_random_regular_baseline_s3,v2,random_regular_baseline,3,random_regular,100,4,717,13,1.9459101490483133,7,13,0.5384615384615384,47,67
v2_random_regular_baseline_s3,v2,random_regular_baseline,3,random_regular,100,4,718,0,0.0,0,0,,49,49
v2_random_regular_baseline_s3,v2,random_regular_baseline,3,random_regular,100,4,719,144,3.84833158728609,59,144,0.4097222222222222,97,5
v2_random_regular_baseline_s3,v2,random_regular_baseline,3,random_regular,100,4,720,249,4.241729602862407,90,249,0.3614457831325301,16,67
v2_random_regular_baseline_s3,v2,random_regular_baseline,3,random_regular,100,4,721,30,2.5649493574485365,13,30,0.43333333333333335,89,5
v2_random_regular_baseline_s3,v2,random_regular_baseline,3,random_regular,100,4,722,0,0.0,0,0,,11,11
v2_random_regular_baseline_s3,v2,random_regular_baseline,3,random_regular,100,4,723,40,2.7080502010872096,15,40,0.375,89,49
v2_random_regular_baseline_s3,v2,random_regular_baseline,3,random_regular,100,4,724,7,1.0986122886651095,3,7,0.42857142857142855,87,5
v2_random_regular_baseline_s3,v2,random_regular_baseline,3,random_regular,100,4,725,94,3.472414980727339,39,94,0.4148936170212766,26,11
v2_random_regular_baseline_s3,v2,random_regular_baseline,3,random_regular,100,4,726,369,4.636256550589131,133,369,0.3604336043360434,38,11
v2_random_regular_baseline_s3,v2,random_regular_baseline,3,random_regular,100,4,727,82,3.158039775194436,29,82,0.35365853658536583,97,49
v2_random_regular_baseline_s3,v2,random_regular_baseline,3,random_regular,100,4,728,314,4.590907972599035,122,314,0.3885350318471338,38,99
v2_random_regular_baseline_s3,v2,random_regular_baseline,3,random_regular,100,4,729,55,2.540036303807981,14,55,0.2545454545454545,72,99
v2_random_regular_baseline_s3,v2,random_regular_baseline,3,random_regular,100,4,730,79,3.308777757559495,30,79,0.379746835443038,58,99
v2_random_regular_baseline_s3,v2,random_regular_baseline,3,random_regular,100,4,731,232,4.253008152050311,97,232,0.41810344827586204,18,99
v2_random_regular_baseline_s3,v2,random_regular_baseline,3,random_regular,100,4,732,20,1.8891591637470213,9,20,0.45,26,5
v2_random_regular_baseline_s3,v2,random_regular_baseline,3,random_regular,100,4,733,4,0.6931471805579453,2,4,0.5,2,49
v2_random_regular_baseline_s3,v2,random_regular_baseline,3,random_regular,100,4,734,32,2.813355404483615,18,32,0.5625,65,99
v2_random_regular_baseline_s3,v2,random_regular_baseline,3,random_regular,100,4,735,31,2.5649493574485365,13,31,0.41935483870967744,52,99
v2_random_regular_baseline_s3,v2,random_regular_baseline,3,random_regular,100,4,736,111,3.455179006914453,38,111,0.34234234234234234,4,99
v2_random_regular_baseline_s3,v2,random_regular_baseline,3,random_regular,100,4,737,42,3.0910424533363146,22,42,0.5238095238095238,71,5
v2_random_regular_baseline_s3,v2,random_regular_baseline,3,random_regular,100,4,738,64,2.9650156932365066,22,64,0.34375,72,67
v2_random_regular_baseline_s3,v2,random_regular_baseline,3,random_regular,100,4,739,168,3.9998415467435695,72,168,0.42857142857142855,23,49
v2_random_regular_baseline_s3,v2,random_regular_baseline,3,random_regular,100,4,740,32,2.3959081192819283,15,32,0.46875,52,99
v2_random_regular_baseline_s3,v2,random_regular_baseline,3,random_regular,100,4,741,12,1.791759469222055,6,12,0.5,44,67
v2_random_regular_baseline_s3,v2,random_regular_baseline,3,random_regular,100,4,742,55,2.947004770141297,24,55,0.43636363636363634,81,49
v2_random_regular_baseline_s3,v2,random_regular_baseline,3,random_regular,100,4,743,143,3.872978483292064,65,143,0.45454545454545453,65,49
v2_random_regular_baseline_s3,v2,random_regular_baseline,3,random_regular,100,4,744,55,3.232775904355102,32,55,0.5818181818181818,3,49
v2_random_regular_baseline_s3,v2,random_regular_baseline,3,random_regular,100,4,745,230,4.181080304880787,84,230,0.3652173913043478,13,99
v2_random_regular_baseline_s3,v2,random_regular_baseline,3,random_regular,100,4,746,0,0.0,0,0,,99,99
v2_random_regular_baseline_s3,v2,random_regular_baseline,3,random_regular,100,4,747,20,2.302585092984045,10,20,0.5,95,5
v2_random_regular_baseline_s3,v2,random_regular_baseline,3,random_regular,100,4,748,58,3.120291565278284,24,58,0.41379310344827586,55,5
v2_random_regular_baseline_s3,v2,random_regular_baseline,3,random_regular,100,4,749,130,3.997243178779615,61,130,0.46923076923076923,34,11
v2_random_regular_baseline_s3,v2,random_regular_baseline,3,random_regular,100,4,750,20,2.3978952727873706,11,20,0.55,73,99
v2_random_regular_baseline_s3,v2,random_regular_baseline,3,random_regular,100,4,751,336,4.591329954376267,144,336,0.42857142857142855,38,5
v2_random_regular_baseline_s3,v2,random_regular_baseline,3,random_regular,100,4,752,41,2.685945324654788,16,41,0.3902439024390244,18,67
v2_random_regular_baseline_s3,v2,random_regular_baseline,3,random_regular,100,4,753,224,4.242025276274629,101,224,0.45089285714285715,43,99
v2_random_regular_baseline_s3,v2,random_regular_baseline,3,random_regular,100,4,754,90,3.6121358939014394,41,90,0.45555555555555555,21,11
v2_random_regular_baseline_s3,v2,random_regular_baseline,3,random_regular,100,4,755,1,-1.000088900581841e-12,1,1,1.0,96,49
v2_random_regular_baseline_s3,v2,random_regular_baseline,3,random_regular,100,4,756,111,3.527169277521562,42,111,0.3783783783783784,2,99
v2_random_regular_baseline_s3,v2,random_regular_baseline,3,random_regular,100,4,757,86,3.612135893901438,41,86,0.47674418604651164,71,5
v2_random_regular_baseline_s3,v2,random_regular_baseline,3,random_regular,100,4,758,14,1.791759469222055,6,14,0.42857142857142855,71,11
v2_random_regular_baseline_s3,v2,random_regular_baseline,3,random_regular,100,4,759,100,3.214230553456697,47,100,0.47,63,5
v2_random_regular_baseline_s3,v2,random_regular_baseline,3,random_regular,100,4,760,32,2.61563057701355,15,32,0.46875,2,67
v2_random_regular_baseline_s3,v2,random_regular_baseline,3,random_regular,100,4,761,13,1.3862943611158909,4,13,0.3076923076923077,88,11
v2_random_regular_baseline_s3,v2,random_regular_baseline,3,random_regular,100,4,762,18,1.791759469222055,6,18,0.3333333333333333,28,67
v2_random_regular_baseline_s3,v2,random_regular_baseline,3,random_regular,100,4,763,93,3.4040404338981127,34,93,0.3655913978494624,35,67
v2_random_regular_baseline_s3,v2,random_regular_baseline,3,random_regular,100,4,764,120,3.3478774190495706,34,120,0.2833333333333333,70,5
v2_random_regular_baseline_s3,v2,random_regular_baseline,3,random_regular,100,4,765,30,2.540036303807981,14,30,0.4666666666666667,40,5
v2_random_regular_baseline_s3,v2,random_regular_baseline,3,random_regular,100,4,766,25,2.197224577327219,9,25,0.36,62,11
v2_random_regular_baseline_s3,v2,random_regular_baseline,3,random_regular,100,4,767,21,2.4583113296710835,13,21,0.6190476190476191,51,99
v2_random_regular_baseline_s3,v2,random_regular_baseline,3,random_regular,100,4,768,128,3.871265197698588,52,128,0.40625,13,11
v2_random_regular_baseline_s3,v2,random_regular_baseline,3,random_regular,100,4,769,6,-1.000088900581841e-12,1,6,0.16666666666666666,83,67
v2_random_regular_baseline_s3,v2,random_regular_baseline,3,random_regular,100,4,770,11,1.6094379124291005,5,11,0.45454545454545453,98,67
v2_random_regular_baseline_s3,v2,random_regular_baseline,3,random_regular,100,4,771,158,3.9600548708754566,59,158,0.37341772151898733,22,11
v2_random_regular_baseline_s3,v2,random_regular_baseline,3,random_regular,100,4,772,3,-1.000088900581841e-12,1,3,0.3333333333333333,18,49
v2_random_regular_baseline_s3,v2,random_regular_baseline,3,random_regular,100,4,773,2,-1.000088900581841e-12,1,2,0.5,62,11
v2_random_regular_baseline_s3,v2,random_regular_baseline,3,random_regular,100,4,774,13,2.079441541671836,8,13,0.6153846153846154,30,49
v2_random_regular_baseline_s3,v2,random_regular_baseline,3,random_regular,100,4,775,0,0.0,0,0,,11,11
v2_random_regular_baseline_s3,v2,random_regular_baseline,3,random_regular,100,4,776,69,3.4365228305042805,35,69,0.5072463768115942,25,49
v2_random_regular_baseline_s3,v2,random_regular_baseline,3,random_regular,100,4,777,0,0.0,0,0,,49,49
v2_random_regular_baseline_s3,v2,random_regular_baseline,3,random_regular,100,4,778,65,3.062529300232621,24,65,0.36923076923076925,82,49
v2_random_regular_baseline_s3,v2,random_regular_baseline,3,random_regular,100,4,779,19,1.9459101490483133,7,19,0.3684210526315789,33,99
v2_random_regular_baseline_s3,v2,random_regular_baseline,3,random_regular,100,4,780,102,3.467994408329786,36,102,0.35294117647058826,92,99
v2_random_regular_baseline_s3,v2,random_regular_baseline,3,random_regular,100,4,781,6,0.6931471805579453,2,6,0.3333333333333333,89,5
v2_random_regular_baseline_s3,v2,random_regular_baseline,3,random_regular,100,4,782,14,1.6094379124291005,5,14,0.35714285714285715,53,67
v2_random_regular_baseline_s3,v2,random_regular_baseline,3,random_regular,100,4,783,208,3.991961957631684,80,208,0.38461538461538464,95,99
v2_random_regular_baseline_s3,v2,random_regular_baseline,3,random_regular,100,4,784,19,1.3862943611158909,4,19,0.21052631578947367,50,49
v2_random_regular_baseline_s3,v2,random_regular_baseline,3,random_regular,100,4,785,79,3.1418041591892294,27,79,0.34177215189873417,30,99
v2_random_regular_baseline_s3,v2,random_regular_baseline,3,random_regular,100,4,786,72,3.4040404338981127,34,72,0.4722222222222222,81,49
v2_random_regular_baseline_s3,v2,random_regular_baseline,3,random_regular,100,4,787,136,3.770971414389315,55,136,0.40441176470588236,41,49
v2_random_regular_baseline_s3,v2,random_regular_baseline,3,random_regular,100,4,788,171,4.057603811787232,72,171,0.42105263157894735,46,67
v2_random_regular_baseline_s3,v2,random_regular_baseline,3,random_regular,100,4,789,352,4.648208582780423,142,352,0.4034090909090909,82,49
v2_random_regular_baseline_s3,v2,random_regular_baseline,3,random_regular,100,4,790,30,2.5232109529398907,15,30,0.5,76,5
v2_random_regular_baseline_s3,v2,random_regular_baseline,3,random_regular,100,4,791,127,3.5309625711141006,49,127,0.3858267716535433,40,11
v2_random_regular_baseline_s3,v2,random_regular_baseline,3,random_regular,100,4,792,8,0.6931471805579453,2,8,0.25,42,99
v2_random_regular_baseline_s3,v2,random_regular_baseline,3,random_regular,100,4,793,585,4.756095474594505,261,585,0.4461538461538462,92,49
v2_random_regular_baseline_s3,v2,random_regular_baseline,3,random_regular,100,4,794,15,1.3296613488507585,6,15,0.4,89,49
v2_random_regular_baseline_s3,v2,random_regular_baseline,3,random_regular,100,4,795,37,2.441015278014703,14,37,0.3783783783783784,33,49
v2_random_regular_baseline_s3,v2,random_regular_baseline,3,random_regular,100,4,796,214,4.305143259585789,92,214,0.42990654205607476,92,5
v2_random_regular_baseline_s3,v2,random_regular_baseline,3,random_regular,100,4,797,105,3.349675945398848,42,105,0.4,57,49
v2_random_regular_baseline_s3,v2,random_regular_baseline,3,random_regular,100,4,798,41,2.8903717578781647,18,41,0.43902439024390244,61,99
v2_random_regular_baseline_s3,v2,random_regular_baseline,3,random_regular,100,4,799,136,3.667831628977257,54,136,0.39705882352941174,24,11
v2_random_regular_baseline_s3,v2,random_regular_baseline,3,random_regular,100,4,800,22,1.7478680974607577,7,22,0.3181818181818182,38,5
v2_random_regular_baseline_s3,v2,random_regular_baseline,3,random_regular,100,4,801,44,2.787788119369007,20,44,0.45454545454545453,42,99
v2_random_regular_baseline_s3,v2,random_regular_baseline,3,random_regular,100,4,802,220,4.028562534091691,77,220,0.35,15,49
v2_random_regular_baseline_s3,v2,random_regular_baseline,3,random_regular,100,4,803,2,-1.000088900581841e-12,1,2,0.5,20,99
v2_random_regular_baseline_s3,v2,random_regular_baseline,3,random_regular,100,4,804,2,-1.000088900581841e-12,1,2,0.5,18,49
v2_random_regular_baseline_s3,v2,random_regular_baseline,3,random_regular,100,4,805,9,0.6931471805579453,2,9,0.2222222222222222,18,67
v2_random_regular_baseline_s3,v2,random_regular_baseline,3,random_regular,100,4,806,1,-1.000088900581841e-12,1,1,1.0,75,67
v2_random_regular_baseline_s3,v2,random_regular_baseline,3,random_regular,100,4,807,135,3.6322425006666657,43,135,0.31851851851851853,16,5
v2_random_regular_baseline_s3,v2,random_regular_baseline,3,random_regular,100,4,808,79,3.444813797459462,34,79,0.43037974683544306,43,5
v2_random_regular_baseline_s3,v2,random_regular_baseline,3,random_regular,100,4,809,6,0.6931471805579453,2,6,0.3333333333333333,13,49
v2_random_regular_baseline_s3,v2,random_regular_baseline,3,random_regular,100,4,810,83,3.464121061481632,38,83,0.4578313253012048,27,5
v2_random_regular_baseline_s3,v2,random_regular_baseline,3,random_regular,100,4,811,50,3.0280290732864104,22,50,0.44,69,99
v2_random_regular_baseline_s3,v2,random_regular_baseline,3,random_regular,100,4,812,22,2.079441541671836,8,22,0.36363636363636365,31,11
v2_random_regular_baseline_s3,v2,random_regular_baseline,3,random_regular,100,4,813,145,3.641609198470166,55,145,0.3793103448275862,39,11
v2_random_regular_baseline_s3,v2,random_regular_baseline,3,random_regular,100,4,814,44,2.3034884952082693,15,44,0.3409090909090909,12,11
v2_random_regular_baseline_s3,v2,random_regular_baseline,3,random_regular,100,4,815,87,3.2491274088477446,32,87,0.367816091954023,88,99
v2_random_regular_baseline_s3,v2,random_regular_baseline,3,random_regular,100,4,816,0,0.0,0,0,,49,49
v2_random_regular_baseline_s3,v2,random_regular_baseline,3,random_regular,100,4,817,58,3.044522437702424,21,58,0.3620689655172414,65,49
v2_random_regular_baseline_s3,v2,random_regular_baseline,3,random_regular,100,4,818,9,1.3862943611158909,4,9,0.4444444444444444,77,49
v2_random_regular_baseline_s3,v2,random_regular_baseline,3,random_regular,100,4,819,5,1.0986122886651095,3,5,0.6,14,49
v2_random_regular_baseline_s3,v2,random_regular_baseline,3,random_regular,100,4,820,105,3.5213776090567093,39,105,0.37142857142857144,43,5
v2_random_regular_baseline_s3,v2,random_regular_baseline,3,random_regular,100,4,821,36,2.302585092984045,10,36,0.2777777777777778,6,11
v2_random_regular_baseline_s3,v2,random_regular_baseline,3,random_regular,100,4,822,174,4.125672223405132,75,174,0.43103448275862066,0,67
v2_random_regular_baseline_s3,v2,random_regular_baseline,3,random_regular,100,4,823,20,2.079441541671836,8,20,0.4,98,49
v2_random_regular_baseline_s3,v2,random_regular_baseline,3,random_regular,100,4,824,70,3.363267070336762,34,70,0.4857142857142857,15,67
v2_random_regular_baseline_s3,v2,random_regular_baseline,3,random_regular,100,4,825,227,4.274385549632681,89,227,0.3920704845814978,51,67
v2_random_regular_baseline_s3,v2,random_regular_baseline,3,random_regular,100,4,826,58,2.9650156932365066,22,58,0.3793103448275862,95,5
v2_random_regular_baseline_s3,v2,random_regular_baseline,3,random_regular,100,4,827,60,2.9785084205072385,21,60,0.35,18,5
v2_random_regular_baseline_s3,v2,random_regular_baseline,3,random_regular,100,4,828,83,3.5157396511377024,35,83,0.42168674698795183,64,49
v2_random_regular_baseline_s3,v2,random_regular_baseline,3,random_regular,100,4,829,34,2.3046193848096714,14,34,0.4117647058823529,0,49
v2_random_regular_baseline_s3,v2,random_regular_baseline,3,random_regular,100,4,830,87,3.2491274088477446,32,87,0.367816091954023,52,49
v2_random_regular_baseline_s3,v2,random_regular_baseline,3,random_regular,100,4,831,140,3.8503798611692326,62,140,0.44285714285714284,92,49
v2_random_regular_baseline_s3,v2,random_regular_baseline,3,random_regular,100,4,832,120,3.881306425080663,55,120,0.4583333333333333,68,11
v2_random_regular_baseline_s3,v2,random_regular_baseline,3,random_regular,100,4,833,39,2.369382119683676,12,39,0.3076923076923077,60,5
v2_random_regular_baseline_s3,v2,random_regular_baseline,3,random_regular,100,4,834,76,3.286462961268799,33,76,0.4342105263157895,65,11
v2_random_regular_baseline_s3,v2,random_regular_baseline,3,random_regular,100,4,835,93,3.6266561837520017,44,93,0.4731182795698925,87,11
v2_random_regular_baseline_s3,v2,random_regular_baseline,3,random_regular,100,4,836,10,1.039720770836918,4,10,0.4,7,11
v2_random_regular_baseline_s3,v2,random_regular_baseline,3,random_regular,100,4,837,123,3.666582267114095,46,123,0.37398373983739835,87,5
v2_random_regular_baseline_s3,v2,random_regular_baseline,3,random_regular,100,4,838,416,4.824585335563247,177,416,0.4254807692307692,86,49
v2_random_regular_baseline_s3,v2,random_regular_baseline,3,random_regular,100,4,839,193,4.218412507322722,83,193,0.43005181347150256,58,5
v2_random_regular_baseline_s3,v2,random_regular_baseline,3,random_regular,100,4,840,38,2.630253356374264,18,38,0.47368421052631576,69,67
v2_random_regular_baseline_s3,v2,random_regular_baseline,3,random_regular,100,4,841,65,3.498515667114017,37,65,0.5692307692307692,72,49
v2_random_regular_baseline_s3,v2,random_regular_baseline,3,random_regular,100,4,842,4,-1.000088900581841e-12,1,4,0.25,34,49
v2_random_regular_baseline_s3,v2,random_regular_baseline,3,random_regular,100,4,843,20,2.197224577327219,9,20,0.45,80,11
v2_random_regular_baseline_s3,v2,random_regular_baseline,3,random_regular,100,4,844,98,3.4502855905397403,39,98,0.3979591836734694,74,99
v2_random_regular_baseline_s3,v2,random_regular_baseline,3,random_regular,100,4,845,67,2.918057526059794,26,67,0.3880597014925373,16,5
v2_random_regular_baseline_s3,v2,random_regular_baseline,3,random_regular,100,4,846,62,3.204777524107256,26,62,0.41935483870967744,12,5
v2_random_regular_baseline_s3,v2,random_regular_baseline,3,random_regular,100,4,847,0,0.0,0,0,,11,11
v2_random_regular_baseline_s3,v2,random_regular_baseline,3,random_regular,100,4,848,166,4.105210872076062,73,166,0.4397590361445783,33,99
v2_random_regular_baseline_s3,v2,random_regular_baseline,3,random_regular,100,4,849,147,4.149474216190081,70,147,0.47619047619047616,58,5
v2_random_regular_baseline_s3,v2,random_regular_baseline,3,random_regular,100,4,850,15,1.791759469222055,6,15,0.4,28,49
v2_random_regular_baseline_s3,v2,random_regular_baseline,3,random_regular,100,4,851,292,4.423476547618922,120,292,0.410958904109589,97,67
v2_random_regular_baseline_s3,v2,random_regular_baseline,3,random_regular,100,4,852,0,0.0,0,0,,67,67
v2_random_regular_baseline_s3,v2,random_regular_baseline,3,random_regular,100,4,853,46,2.813355404483615,18,46,0.391304347826087,24,5
v2_random_regular_baseline_s3,v2,random_regular_baseline,3,random_regular,100,4,854,31,2.2718685126865625,11,31,0.3548387096774194,15,49
v2_random_regular_baseline_s3,v2,random_regular_baseline,3,random_regular,100,4,855,30,2.484906649776,12,30,0.4,28,67
v2_random_regular_baseline_s3,v2,random_regular_baseline,3,random_regular,100,4,856,241,4.448288237758421,102,241,0.42323651452282157,37,5
v2_random_regular_baseline_s3,v2,random_regular_baseline,3,random_regular,100,4,857,218,4.330373692781057,90,218,0.41284403669724773,12,5
v2_random_regular_baseline_s3,v2,random_regular_baseline,3,random_regular,100,4,858,7,0.6931471805579453,2,7,0.2857142857142857,38,99
v2_random_regular_baseline_s3,v2,random_regular_baseline,3,random_regular,100,4,859,88,3.3345041647330413,37,88,0.42045454545454547,41,5
v2_random_regular_baseline_s3,v2,random_regular_baseline,3,random_regular,100,4,860,20,1.6094379124291005,5,20,0.25,59,99
v2_random_regular_baseline_s3,v2,random_regular_baseline,3,random_regular,100,4,861,73,3.044820482442576,26,73,0.3561643835616438,83,5
v2_random_regular_baseline_s3,v2,random_regular_baseline,3,random_regular,100,4,862,35,2.253857589591352,12,35,0.34285714285714286,41,99
v2_random_regular_baseline_s3,v2,random_regular_baseline,3,random_regular,100,4,863,56,3.052520501511814,25,56,0.44642857142857145,88,99
v2_random_regular_baseline_s3,v2,random_regular_baseline,3,random_regular,100,4,864,4,0.6931471805579453,2,4,0.5,50,11
v2_random_regular_baseline_s3,v2,random_regular_baseline,3,random_regular,100,4,865,2,-1.000088900581841e-12,1,2,0.5,18,49
v2_random_regular_baseline_s3,v2,random_regular_baseline,3,random_regular,100,4,866,130,3.712883307654941,54,130,0.4153846153846154,38,67
v2_random_regular_baseline_s3,v2,random_regular_baseline,3,random_regular,100,4,867,6,1.0986122886651095,3,6,0.5,87,11
v2_random_regular_baseline_s3,v2,random_regular_baseline,3,random_regular,100,4,868,405,4.691864872992582,168,405,0.4148148148148148,23,49
v2_random_regular_baseline_s3,v2,random_regular_baseline,3,random_regular,100,4,869,46,2.535025161895756,24,46,0.5217391304347826,94,99
v2_random_regular_baseline_s3,v2,random_regular_baseline,3,random_regular,100,4,870,118,3.6214123502792432,47,118,0.3983050847457627,42,67
v2_random_regular_baseline_s3,v2,random_regular_baseline,3,random_regular,100,4,871,38,2.6701198897918164,17,38,0.4473684210526316,34,11
v2_random_regular_baseline_s3,v2,random_regular_baseline,3,random_regular,100,4,872,348,4.511605441088278,126,348,0.3620689655172414,63,67
v2_random_regular_baseline_s3,v2,random_regular_baseline,3,random_regular,100,4,873,5,-1.000088900581841e-12,1,5,0.2,9,5
v2_random_regular_baseline_s3,v2,random_regular_baseline,3,random_regular,100,4,874,15,1.5607104090364066,6,15,0.4,14,49
v2_random_regular_baseline_s3,v2,random_regular_baseline,3,random_regular,100,4,875,82,3.3508008156427342,40,82,0.4878048780487805,21,67
v2_random_regular_baseline_s3,v2,random_regular_baseline,3,random_regular,100,4,876,58,2.941616952624223,25,58,0.43103448275862066,95,49
v2_random_regular_baseline_s3,v2,random_regular_baseline,3,random_regular,100,4,877,0,0.0,0,0,,49,49
v2_random_regular_baseline_s3,v2,random_regular_baseline,3,random_regular,100,4,878,48,2.7284075400172907,22,48,0.4583333333333333,64,5
v2_random_regular_baseline_s3,v2,random_regular_baseline,3,random_regular,100,4,879,124,3.781224212564584,52,124,0.41935483870967744,88,67
v2_random_regular_baseline_s3,v2,random_regular_baseline,3,random_regular,100,4,880,36,2.670119889791816,17,36,0.4722222222222222,76,49
v2_random_regular_baseline_s3,v2,random_regular_baseline,3,random_regular,100,4,881,145,3.951790904646536,61,145,0.4206896551724138,22,67
v2_random_regular_baseline_s3,v2,random_regular_baseline,3,random_regular,100,4,882,77,3.2829507132595905,31,77,0.4025974025974026,44,99
v2_random_regular_baseline_s3,v2,random_regular_baseline,3,random_regular,100,4,883,16,1.9061547465328492,8,16,0.5,91,5
v2_random_regular_baseline_s3,v2,random_regular_baseline,3,random_regular,100,4,884,80,3.03514143277037,28,80,0.35,38,5
v2_random_regular_baseline_s3,v2,random_regular_baseline,3,random_regular,100,4,885,70,2.635976399614205,30,70,0.42857142857142855,83,67
v2_random_regular_baseline_s3,v2,random_regular_baseline,3,random_regular,100,4,886,176,3.9439571911291744,70,176,0.3977272727272727,33,49
v2_random_regular_baseline_s3,v2,random_regular_baseline,3,random_regular,100,4,887,11,1.6094379124291005,5,11,0.45454545454545453,61,5
v2_random_regular_baseline_s3,v2,random_regular_baseline,3,random_regular,100,4,888,39,2.540036303807981,14,39,0.358974358974359,19,11
v2_random_regular_baseline_s3,v2,random_regular_baseline,3,random_regular,100,4,889,33,2.2718685126865625,11,33,0.3333333333333333,22,49
v2_random_regular_baseline_s3,v2,random_regular_baseline,3,random_regular,100,4,890,35,3.044522437702424,21,35,0.6,50,67
v2_random_regular_baseline_s3,v2,random_regular_baseline,3,random_regular,100,4,891,158,3.8184582605773336,63,158,0.3987341772151899,1,67
v2_random_regular_baseline_s3,v2,random_regular_baseline,3,random_regular,100,4,892,142,3.8056903690225785,55,142,0.3873239436619718,97,67
v2_random_regular_baseline_s3,v2,random_regular_baseline,3,random_regular,100,4,893,60,3.131914222065035,31,60,0.5166666666666667,91,11
v2_random_regular_baseline_s3,v2,random_regular_baseline,3,random_regular,100,4,894,0,0.0,0,0,,5,5
v2_random_regular_baseline_s3,v2,random_regular_baseline,3,random_regular,100,4,895,25,2.302585092984045,10,25,0.4,97,67
v2_random_regular_baseline_s3,v2,random_regular_baseline,3,random_regular,100,4,896,8,1.6094379124291005,5,8,0.625,43,67
v2_random_regular_baseline_s3,v2,random_regular_baseline,3,random_regular,100,4,897,56,2.912494403312053,21,56,0.375,91,99
v2_random_regular_baseline_s3,v2,random_regular_baseline,3,random_regular,100,4,898,13,1.0986122886651095,3,13,0.23076923076923078,33,67
v2_random_regular_baseline_s3,v2,random_regular_baseline,3,random_regular,100,4,899,36,2.7080502010872096,15,36,0.4166666666666667,46,11
v2_random_regular_baseline_s3,v2,random_regular_baseline,3,random_regular,100,4,900,105,3.640151950681242,48,105,0.45714285714285713,4,99
v2_random_regular_baseline_s3,v2,random_regular_baseline,3,random_regular,100,4,901,243,4.247641876317307,109,243,0.448559670781893,20,5
v2_random_regular_baseline_s3,v2,random_regular_baseline,3,random_regular,100,4,902,4,-1.000088900581841e-12,1,4,0.25,8,99
v2_random_regular_baseline_s3,v2,random_regular_baseline,3,random_regular,100,4,903,218,4.26578175577885,84,218,0.3853211009174312,85,67
v2_random_regular_baseline_s3,v2,random_regular_baseline,3,random_regular,100,4,904,339,4.4854786213975055,139,339,0.41002949852507375,21,49
v2_random_regular_baseline_s3,v2,random_regular_baseline,3,random_regular,100,4,905,10,1.6094379124291005,5,10,0.5,13,5
v2_random_regular_baseline_s3,v2,random_regular_baseline,3,random_regular,100,4,906,81,3.2551105127007407,31,81,0.38271604938271603,1,67
v2_random_regular_baseline_s3,v2,random_regular_baseline,3,random_regular,100,4,907,175,3.94769171010978,71,175,0.4057142857142857,84,99
v2_random_regular_baseline_s3,v2,random_regular_baseline,3,random_regular,100,4,908,0,0.0,0,0,,99,99
v2_random_regular_baseline_s3,v2,random_regular_baseline,3,random_regular,100,4,909,78,3.2547509525557965,33,78,0.4230769230769231,1,49
v2_random_regular_baseline_s3,v2,random_regular_baseline,3,random_regular,100,4,910,23,2.302585092984045,10,23,0.43478260869565216,92,99
v2_random_regular_baseline_s3,v2,random_regular_baseline,3,random_regular,100,4,911,4,-1.000088900581841e-12,1,4,0.25,34,49
v2_random_regular_baseline_s3,v2,random_regular_baseline,3,random_regular,100,4,912,103,3.4858315997982245,39,103,0.3786407766990291,17,49
v2_random_regular_baseline_s3,v2,random_regular_baseline,3,random_regular,100,4,913,30,2.540036303807981,14,30,0.4666666666666667,39,11
v2_random_regular_baseline_s3,v2,random_regular_baseline,3,random_regular,100,4,914,182,3.940781744396149,67,182,0.36813186813186816,71,49
v2_random_regular_baseline_s3,v2,random_regular_baseline,3,random_regular,100,4,915,0,0.0,0,0,,67,67
v2_random_regular_baseline_s3,v2,random_regular_baseline,3,random_regular,100,4,916,135,3.773393569271156,50,135,0.37037037037037035,30,49
v2_random_regular_baseline_s3,v2,random_regular_baseline,3,random_regular,100,4,917,46,2.813355404483615,18,46,0.391304347826087,18,49
v2_random_regular_baseline_s3,v2,random_regular_baseline,3,random_regular,100,4,918,47,2.588573162668117,17,47,0.3617021276595745,26,99
v2_random_regular_baseline_s3,v2,random_regular_baseline,3,random_regular,100,4,919,1,-1.000088900581841e-12,1,1,1.0,9,5
v2_random_regular_baseline_s3,v2,random_regular_baseline,3,random_regular,100,4,920,78,2.731526567171045,28,78,0.358974358974359,24,11
v2_random_regular_baseline_s3,v2,random_regular_baseline,3,random_regular,100,4,921,13,1.0986122886651095,3,13,0.23076923076923078,9,5
v2_random_regular_baseline_s3,v2,random_regular_baseline,3,random_regular,100,4,922,27,2.5649493574485365,13,27,0.48148148148148145,85,99
v2_random_regular_baseline_s3,v2,random_regular_baseline,3,random_regular,100,4,923,3,-1.000088900581841e-12,1,3,0.3333333333333333,98,67
v2_random_regular_baseline_s3,v2,random_regular_baseline,3,random_regular,100,4,924,13,1.3862943611158909,4,13,0.3076923076923077,25,11
v2_random_regular_baseline_s3,v2,random_regular_baseline,3,random_regular,100,4,925,214,3.9998415467425694,72,214,0.3364485981308411,31,99
v2_random_regular_baseline_s3,v2,random_regular_baseline,3,random_regular,100,4,926,58,3.379092505199735,32,58,0.5517241379310345,30,11
v2_random_regular_baseline_s3,v2,random_regular_baseline,3,random_regular,100,4,927,2,0.6931471805579453,2,2,1.0,20,11
v2_random_regular_baseline_s3,v2,random_regular_baseline,3,random_regular,100,4,928,72,3.1282795608038727,29,72,0.4027777777777778,59,67
v2_random_regular_baseline_s3,v2,random_regular_baseline,3,random_regular,100,4,929,81,3.335770806415738,32,81,0.3950617283950617,18,49
v2_random_regular_baseline_s3,v2,random_regular_baseline,3,random_regular,100,4,930,69,3.4294862316330117,36,69,0.5217391304347826,60,99
v2_random_regular_baseline_s3,v2,random_regular_baseline,3,random_regular,100,4,931,9,0.6931471805579453,2,9,0.2222222222222222,42,99
v2_random_regular_baseline_s3,v2,random_regular_baseline,3,random_regular,100,4,932,87,3.485587161020812,34,87,0.39080459770114945,19,11
v2_random_regular_baseline_s3,v2,random_regular_baseline,3,random_regular,100,4,933,166,4.001481639823835,71,166,0.42771084337349397,78,11
v2_random_regular_baseline_s3,v2,random_regular_baseline,3,random_regular,100,4,934,16,1.9459101490483133,7,16,0.4375,14,49
v2_random_regular_baseline_s3,v2,random_regular_baseline,3,random_regular,100,4,935,2,0.6931471805579453,2,2,1.0,31,5
v2_random_regular_baseline_s3,v2,random_regular_baseline,3,random_regular,100,4,936,168,3.788689592573821,68,168,0.40476190476190477,93,5
v2_random_regular_baseline_s3,v2,random_regular_baseline,3,random_regular,100,4,937,37,2.772588722223781,16,37,0.43243243243243246,25,67
v2_random_regular_baseline_s3,v2,random_regular_baseline,3,random_regular,100,4,938,27,2.268605285623966,15,27,0.5555555555555556,69,67
v2_random_regular_baseline_s3,v2,random_regular_baseline,3,random_regular,100,4,939,3,1.0986122886651095,3,3,1.0,57,11
v2_random_regular_baseline_s3,v2,random_regular_baseline,3,random_regular,100,4,940,112,3.2663306919268704,34,112,0.30357142857142855,33,11
v2_random_regular_baseline_s3,v2,random_regular_baseline,3,random_regular,100,4,941,85,3.3071040554882205,34,85,0.4,65,5
v2_random_regular_baseline_s3,v2,random_regular_baseline,3,random_regular,100,4,942,16,1.5607104090364068,6,16,0.375,2,49
v2_random_regular_baseline_s3,v2,random_regular_baseline,3,random_regular,100,4,943,61,2.902002313186603,22,61,0.36065573770491804,88,67
v2_random_regular_baseline_s3,v2,random_regular_baseline,3,random_regular,100,4,944,106,3.322493706775413,34,106,0.32075471698113206,38,67
v2_random_regular_baseline_s3,v2,random_regular_baseline,3,random_regular,100,4,945,3,1.0986122886651095,3,3,1.0,28,67
v2_random_regular_baseline_s3,v2,random_regular_baseline,3,random_regular,100,4,946,29,2.8332133440392155,17,29,0.5862068965517241,18,11
v2_random_regular_baseline_s3,v2,random_regular_baseline,3,random_regular,100,4,947,13,1.3862943611158909,4,13,0.3076923076923077,23,49
v2_random_regular_baseline_s3,v2,random_regular_baseline,3,random_regular,100,4,948,71,3.1514585102190296,26,71,0.36619718309859156,46,99
v2_random_regular_baseline_s3,v2,random_regular_baseline,3,random_regular,100,4,949,131,3.7511998233422577,57,131,0.4351145038167939,16,11
v2_random_regular_baseline_s3,v2,random_regular_baseline,3,random_regular,100,4,950,34,2.5993019270857944,16,34,0.47058823529411764,77,67
v2_random_regular_baseline_s3,v2,random_regular_baseline,3,random_regular,100,4,951,33,2.20478541690352,13,33,0.3939393939393939,68,99
v2_random_regular_baseline_s3,v2,random_regular_baseline,3,random_regular,100,4,952,75,3.271689322296034,29,75,0.38666666666666666,0,5
v2_random_regular_baseline_s3,v2,random_regular_baseline,3,random_regular,100,4,953,18,2.197224577327219,9,18,0.5,50,11
v2_random_regular_baseline_s3,v2,random_regular_baseline,3,random_regular,100,4,954,60,2.657020077597294,25,60,0.4166666666666667,22,67
v2_random_regular_baseline_s3,v2,random_regular_baseline,3,random_regular,100,4,955,43,2.5649493574485365,13,43,0.3023255813953488,54,5
v2_random_regular_baseline_s3,v2,random_regular_baseline,3,random_regular,100,4,956,45,2.736339051089065,18,45,0.4,35,49
v2_random_regular_baseline_s3,v2,random_regular_baseline,3,random_regular,100,4,957,122,3.783607104130143,54,122,0.4426229508196721,47,49
v2_random_regular_baseline_s3,v2,random_regular_baseline,3,random_regular,100,4,958,41,2.5532370029797145,18,41,0.43902439024390244,34,67
v2_random_regular_baseline_s3,v2,random_regular_baseline,3,random_regular,100,4,959,43,3.0910424533363146,22,43,0.5116279069767442,59,49
v2_random_regular_baseline_s3,v2,random_regular_baseline,3,random_regular,100,4,960,84,3.4414093189206487,38,84,0.4523809523809524,94,5
v2_random_regular_baseline_s3,v2,random_regular_baseline,3,random_regular,100,4,961,4,0.6931471805579453,2,4,0.5,80,99
v2_random_regular_baseline_s3,v2,random_regular_baseline,3,random_regular,100,4,962,51,3.0752205480323718,23,51,0.45098039215686275,10,99
v2_random_regular_baseline_s3,v2,random_regular_baseline,3,random_regular,100,4,963,7,1.0986122886651095,3,7,0.42857142857142855,82,49
v2_random_regular_baseline_s3,v2,random_regular_baseline,3,random_regular,100,4,964,1,-1.000088900581841e-12,1,1,1.0,96,49
v2_random_regular_baseline_s3,v2,random_regular_baseline,3,random_regular,100,4,965,160,3.987559379882587,68,160,0.425,78,49
v2_random_regular_baseline_s3,v2,random_regular_baseline,3,random_regular,100,4,966,5,1.0986122886651095,3,5,0.6,40,99
v2_random_regular_baseline_s3,v2,random_regular_baseline,3,random_regular,100,4,967,156,4.0283766046803615,71,156,0.4551282051282051,30,49
v2_random_regular_baseline_s3,v2,random_regular_baseline,3,random_regular,100,4,968,48,2.857102837424001,20,48,0.4166666666666667,72,99
v2_random_regular_baseline_s3,v2,random_regular_baseline,3,random_regular,100,4,969,104,3.2706069569122977,33,104,0.3173076923076923,16,99
v2_random_regular_baseline_s3,v2,random_regular_baseline,3,random_regular,100,4,970,175,4.058210110674112,69,175,0.3942857142857143,53,11
v2_random_regular_baseline_s3,v2,random_regular_baseline,3,random_regular,100,4,971,6,1.3321790402061222,5,6,0.8333333333333334,78,11
v2_random_regular_baseline_s3,v2,random_regular_baseline,3,random_regular,100,4,972,134,3.7711617482614193,52,134,0.3880597014925373,44,67
v2_random_regular_baseline_s3,v2,random_regular_baseline,3,random_regular,100,4,973,60,3.0910424533363146,22,60,0.36666666666666664,52,67
v2_random_regular_baseline_s3,v2,random_regular_baseline,3,random_regular,100,4,974,0,0.0,0,0,,11,11
v2_random_regular_baseline_s3,v2,random_regular_baseline,3,random_regular,100,4,975,74,3.3573060098708574,35,74,0.47297297297297297,25,5
v2_random_regular_baseline_s3,v2,random_regular_baseline,3,random_regular,100,4,976,38,2.540036303807981,14,38,0.3684210526315789,78,99
v2_random_regular_baseline_s3,v2,random_regular_baseline,3,random_regular,100,4,977,3,-1.000088900581841e-12,1,3,0.3333333333333333,61,5
v2_random_regular_baseline_s3,v2,random_regular_baseline,3,random_regular,100,4,978,17,2.1639556568730565,10,17,0.5882352941176471,39,5
v2_random_regular_baseline_s3,v2,random_regular_baseline,3,random_regular,100,4,979,2,-1.000088900581841e-12,1,2,0.5,81,99
v2_random_regular_baseline_s3,v2,random_regular_baseline,3,random_regular,100,4,980,26,2.302585092984045,10,26,0.38461538461538464,44,5
v2_random_regular_baseline_s3,v2,random_regular_baseline,3,random_regular,100,4,981,165,3.889078426177127,65,165,0.3939393939393939,4,11
v2_random_regular_baseline_s3,v2,random_regular_baseline,3,random_regular,100,4,982,138,3.698755674519143,58,138,0.42028985507246375,35,5
v2_random_regular_baseline_s3,v2,random_regular_baseline,3,random_regular,100,4,983,48,3.308777757559495,30,48,0.625,77,49
v2_random_regular_baseline_s3,v2,random_regular_baseline,3,random_regular,100,4,984,5,0.6931471805579453,2,5,0.4,1,49
v2_random_regular_baseline_s3,v2,random_regular_baseline,3,random_regular,100,4,985,86,3.2625679455231658,30,86,0.3488372093023256,30,5
v2_random_regular_baseline_s3,v2,random_regular_baseline,3,random_regular,100,4,986,75,3.244492630381296,27,75,0.36,85,5
v2_random_regular_baseline_s3,v2,random_regular_baseline,3,random_regular,100,4,987,13,2.197224577327219,9,13,0.6923076923076923,60,5
v2_random_regular_baseline_s3,v2,random_regular_baseline,3,random_regular,100,4,988,259,4.178021691625381,104,259,0.4015444015444015,74,5
v2_random_regular_baseline_s3,v2,random_regular_baseline,3,random_regular,100,4,989,54,2.947004770141297,24,54,0.4444444444444444,35,49
v2_random_regular_baseline_s3,v2,random_regular_baseline,3,random_regular,100,4,990,8,1.0986122886651095,3,8,0.375,83,67
v2_random_regular_baseline_s3,v2,random_regular_baseline,3,random_regular,100,4,991,109,3.4630432790843027,48,109,0.44036697247706424,72,67
v2_random_regular_baseline_s3,v2,random_regular_baseline,3,random_regular,100,4,992,38,2.8903717578781647,18,38,0.47368421052631576,6,67
v2_random_regular_baseline_s3,v2,random_regular_baseline,3,random_regular,100,4,993,66,3.183672971458787,28,66,0.42424242424242425,42,5
v2_random_regular_baseline_s3,v2,random_regular_baseline,3,random_regular,100,4,994,124,3.66448190441264,43,124,0.3467741935483871,16,49
v2_random_regular_baseline_s3,v2,random_regular_baseline,3,random_regular,100,4,995,70,3.204777524107256,26,70,0.37142857142857144,23,5
v2_random_regular_baseline_s3,v2,random_regular_baseline,3,random_regular,100,4,996,30,2.253857589591352,12,30,0.4,42,99
v2_random_regular_baseline_s3,v2,random_regular_baseline,3,random_regular,100,4,997,175,3.967172698102412,68,175,0.38857142857142857,56,11
v2_random_regular_baseline_s3,v2,random_regular_baseline,3,random_regular,100,4,998,100,3.444813797459462,34,100,0.34,15,67
v2_random_regular_baseline_s3,v2,random_regular_baseline,3,random_regular,100,4,999,154,4.1059758623533344,69,154,0.44805194805194803,66,5
