run_id,validation_version,condition,seed,topology,n_nodes,degree,episode_idx,hitting_time,path_entropy,accepted_moves,attempted_moves,accept_rate,start_node,final_node
v2_random_regular_baseline_s19,v2,random_regular_baseline,19,random_regular,100,4,0,66,2.926417555478996,20,66,0.30303030303030304,75,80
v2_random_regular_baseline_s19,v2,random_regular_baseline,19,random_regular,100,4,1,155,3.884297118156748,50,155,0.3225806451612903,17,66
v2_random_regular_baseline_s19,v2,random_regular_baseline,19,random_regular,100,4,2,0,0.0,0,0,,66,66
v2_random_regular_baseline_s19,v2,random_regular_baseline,19,random_regular,100,4,3,13,1.6094379124291005,5,13,0.38461538461538464,88,80
v2_random_regular_baseline_s19,v2,random_regular_baseline,19,random_regular,100,4,4,19,2.197224577327219,9,19,0.47368421052631576,38,80
v2_random_regular_baseline_s19,v2,random_regular_baseline,19,random_regular,100,4,5,33,2.369382119683676,12,33,0.36363636363636365,52,80
v2_random_regular_baseline_s19,v2,random_regular_baseline,19,random_regular,100,4,6,4,1.0986122886651095,3,4,0.75,65,80
v2_random_regular_baseline_s19,v2,random_regular_baseline,19,random_regular,100,4,7,121,3.592469627573678,39,121,0.32231404958677684,58,66
v2_random_regular_baseline_s19,v2,random_regular_baseline,19,random_regular,100,4,8,27,2.639057329601259,14,27,0.5185185185185185,26,84
v2_random_regular_baseline_s19,v2,random_regular_baseline,19,random_regular,100,4,9,343,4.444972218644661,134,343,0.39067055393586003,53,84
v2_random_regular_baseline_s19,v2,random_regular_baseline,19,random_regular,100,4,10,17,2.079441541671836,8,17,0.47058823529411764,0,19
v2_random_regular_baseline_s19,v2,random_regular_baseline,19,random_regular,100,4,11,1,-1.000088900581841e-12,1,1,1.0,59,66
v2_random_regular_baseline_s19,v2,random_regular_baseline,19,random_regular,100,4,12,2,-1.000088900581841e-12,1,2,0.5,70,19
v2_random_regular_baseline_s19,v2,random_regular_baseline,19,random_regular,100,4,13,267,4.333859025001378,108,267,0.4044943820224719,86,19
v2_random_regular_baseline_s19,v2,random_regular_baseline,19,random_regular,100,4,14,19,2.079441541671836,8,19,0.42105263157894735,95,66
v2_random_regular_baseline_s19,v2,random_regular_baseline,19,random_regular,100,4,15,86,3.485587161020812,34,86,0.3953488372093023,41,40
v2_random_regular_baseline_s19,v2,random_regular_baseline,19,random_regular,100,4,16,0,0.0,0,0,,66,66
v2_random_regular_baseline_s19,v2,random_regular_baseline,19,random_regular,100,4,17,14,1.6094379124291005,5,14,0.35714285714285715,72,40
v2_random_regular_baseline_s19,v2,random_regular_baseline,19,random_regular,100,4,18,4,1.0986122886651095,3,4,0.75,31,80
v2_random_regular_baseline_s19,v2,random_regular_baseline,19,random_regular,100,4,19,52,3.0910424533363146,22,52,0.4230769230769231,2,19
v2_random_regular_baseline_s19,v2,random_regular_baseline,19,random_regular,100,4,20,0,0.0,0,0,,19,19
v2_random_regular_baseline_s19,v2,random_regular_baseline,19,random_regular,100,4,21,23,1.8891591637470213,9,23,0.391304347826087,94,19
v2_random_regular_baseline_s19,v2,random_regular_baseline,19,random_regular,100,4,22,75,3.4124897213676078,33,75,0.44,99,40
v2_random_regular_baseline_s19,v2,random_regular_baseline,19,random_regular,100,4,23,21,2.302585092984045,10,21,0.47619047619047616,65,80
v2_random_regular_baseline_s19,v2,random_regular_baseline,19,random_regular,100,4,24,107,3.4331967372908423,40,107,0.37383177570093457,1,40
v2_random_regular_baseline_s19,v2,random_regular_baseline,19,random_regular,100,4,25,1,-1.000088900581841e-12,1,1,1.0,64,84
v2_random_regular_baseline_s19,v2,random_regular_baseline,19,random_regular,100,4,26,6,1.0986122886651095,3,6,0.5,72,40
v2_random_regular_baseline_s19,v2,random_regular_baseline,19,random_regular,100,4,27,18,2.1458417525857545,11,18,0.6111111111111112,10,84
v2_random_regular_baseline_s19,v2,random_regular_baseline,19,random_regular,100,4,28,1,-1.000088900581841e-12,1,1,1.0,34,80
v2_random_regular_baseline_s19,v2,random_regular_baseline,19,random_regular,100,4,29,135,3.821426741339817,58,135,0.42962962962962964,67,66
v2_random_regular_baseline_s19,v2,random_regular_baseline,19,random_regular,100,4,30,88,3.234040539969572,41,88,0.4659090909090909,76,40
v2_random_regular_baseline_s19,v2,random_regular_baseline,19,random_regular,100,4,31,128,3.852064895546162,56,128,0.4375,65,19
v2_random_regular_baseline_s19,v2,random_regular_baseline,19,random_regular,100,4,32,93,3.671655601047183,42,93,0.45161290322580644,44,84
v2_random_regular_baseline_s19,v2,random_regular_baseline,19,random_regular,100,4,33,165,3.731735215850761,65,165,0.3939393939393939,26,84
v2_random_regular_baseline_s19,v2,random_regular_baseline,19,random_regular,100,4,34,21,1.9459101490483133,7,21,0.3333333333333333,33,80
v2_random_regular_baseline_s19,v2,random_regular_baseline,19,random_regular,100,4,35,40,2.540036303807981,14,40,0.35,68,40
v2_random_regular_baseline_s19,v2,random_regular_baseline,19,random_regular,100,4,36,12,1.3862943611158909,4,12,0.3333333333333333,23,40
v2_random_regular_baseline_s19,v2,random_regular_baseline,19,random_regular,100,4,37,28,2.484906649776,12,28,0.42857142857142855,29,66
v2_random_regular_baseline_s19,v2,random_regular_baseline,19,random_regular,100,4,38,39,2.685945324654788,16,39,0.41025641025641024,88,80
v2_random_regular_baseline_s19,v2,random_regular_baseline,19,random_regular,100,4,39,254,4.264587494115105,107,254,0.421259842519685,28,80
v2_random_regular_baseline_s19,v2,random_regular_baseline,19,random_regular,100,4,40,75,3.176082814634593,29,75,0.38666666666666666,12,40
v2_random_regular_baseline_s19,v2,random_regular_baseline,19,random_regular,100,4,41,88,3.312615876945234,33,88,0.375,15,84
v2_random_regular_baseline_s19,v2,random_regular_baseline,19,random_regular,100,4,42,0,0.0,0,0,,19,19
v2_random_regular_baseline_s19,v2,random_regular_baseline,19,random_regular,100,4,43,6,1.3862943611158909,4,6,0.6666666666666666,91,19
v2_random_regular_baseline_s19,v2,random_regular_baseline,19,random_regular,100,4,44,52,3.052520501511814,25,52,0.4807692307692308,60,80
v2_random_regular_baseline_s19,v2,random_regular_baseline,19,random_regular,100,4,45,272,4.222587189211241,86,272,0.3161764705882353,35,84
v2_random_regular_baseline_s19,v2,random_regular_baseline,19,random_regular,100,4,46,165,3.764601967790019,58,165,0.3515151515151515,76,80
v2_random_regular_baseline_s19,v2,random_regular_baseline,19,random_regular,100,4,47,37,2.393312122962524,16,37,0.43243243243243246,63,80
v2_random_regular_baseline_s19,v2,random_regular_baseline,19,random_regular,100,4,48,18,1.9061547465328492,8,18,0.4444444444444444,50,84
v2_random_regular_baseline_s19,v2,random_regular_baseline,19,random_regular,100,4,49,217,4.330373692781057,90,217,0.4147465437788018,12,66
v2_random_regular_baseline_s19,v2,random_regular_baseline,19,random_regular,100,4,50,15,2.197224577327219,9,15,0.6,78,80
v2_random_regular_baseline_s19,v2,random_regular_baseline,19,random_regular,100,4,51,57,3.052520501511814,25,57,0.43859649122807015,3,66
v2_random_regular_baseline_s19,v2,random_regular_baseline,19,random_regular,100,4,52,32,2.685945324654788,16,32,0.5,60,84
v2_random_regular_baseline_s19,v2,random_regular_baseline,19,random_regular,100,4,53,65,2.955208875566855,25,65,0.38461538461538464,45,40
v2_random_regular_baseline_s19,v2,random_regular_baseline,19,random_regular,100,4,54,211,4.304847795131008,103,211,0.4881516587677725,20,40
v2_random_regular_baseline_s19,v2,random_regular_baseline,19,random_regular,100,4,55,39,2.639057329601259,14,39,0.358974358974359,75,80
v2_random_regular_baseline_s19,v2,random_regular_baseline,19,random_regular,100,4,56,106,3.259002166146716,38,106,0.3584905660377358,85,40
v2_random_regular_baseline_s19,v2,random_regular_baseline,19,random_regular,100,4,57,46,2.902002313186603,22,46,0.4782608695652174,18,40
v2_random_regular_baseline_s19,v2,random_regular_baseline,19,random_regular,100,4,58,11,1.9459101490483133,7,11,0.6363636363636364,26,66
v2_random_regular_baseline_s19,v2,random_regular_baseline,19,random_regular,100,4,59,49,3.062529300232621,24,49,0.4897959183673469,85,19
v2_random_regular_baseline_s19,v2,random_regular_baseline,19,random_regular,100,4,60,139,3.703069931257292,59,139,0.4244604316546763,73,66
v2_random_regular_baseline_s19,v2,random_regular_baseline,19,random_regular,100,4,61,4,-1.000088900581841e-12,1,4,0.25,79,84
v2_random_regular_baseline_s19,v2,random_regular_baseline,19,random_regular,100,4,62,69,3.080476306973153,29,69,0.42028985507246375,30,84
v2_random_regular_baseline_s19,v2,random_regular_baseline,19,random_regular,100,4,63,53,3.019736127116996,27,53,0.5094339622641509,62,19
v2_random_regular_baseline_s19,v2,random_regular_baseline,19,random_regular,100,4,64,2,-1.000088900581841e-12,1,2,0.5,70,19
v2_random_regular_baseline_s19,v2,random_regular_baseline,19,random_regular,100,4,65,57,2.7985132569262934,19,57,0.3333333333333333,39,80
v2_random_regular_baseline_s19,v2,random_regular_baseline,19,random_regular,100,4,66,0,0.0,0,0,,84,84
v2_random_regular_baseline_s19,v2,random_regular_baseline,19,random_regular,100,4,67,8,1.791759469222055,6,8,0.75,73,80
v2_random_regular_baseline_s19,v2,random_regular_baseline,19,random_regular,100,4,68,0,0.0,0,0,,84,84
v2_random_regular_baseline_s19,v2,random_regular_baseline,19,random_regular,100,4,69,3,0.6931471805579453,2,3,0.6666666666666666,26,84
v2_random_regular_baseline_s19,v2,random_regular_baseline,19,random_regular,100,4,70,116,3.617683558888373,46,116,0.39655172413793105,36,19
v2_random_regular_baseline_s19,v2,random_regular_baseline,19,random_regular,100,4,71,64,2.670119889791817,17,64,0.265625,93,40
v2_random_regular_baseline_s19,v2,random_regular_baseline,19,random_regular,100,4,72,12,1.791759469222055,6,12,0.5,59,40
v2_random_regular_baseline_s19,v2,random_regular_baseline,19,random_regular,100,4,73,5,1.3862943611158909,4,5,0.8,31,84
v2_random_regular_baseline_s19,v2,random_regular_baseline,19,random_regular,100,4,74,51,2.9957322735339904,20,51,0.39215686274509803,82,40
v2_random_regular_baseline_s19,v2,random_regular_baseline,19,random_regular,100,4,75,22,2.197224577327219,9,22,0.4090909090909091,18,80
v2_random_regular_baseline_s19,v2,random_regular_baseline,19,random_regular,100,4,76,13,1.3862943611158909,4,13,0.3076923076923077,91,19
v2_random_regular_baseline_s19,v2,random_regular_baseline,19,random_regular,100,4,77,116,3.770971414389315,55,116,0.47413793103448276,63,80
v2_random_regular_baseline_s19,v2,random_regular_baseline,19,random_regular,100,4,78,33,2.1383330594990277,12,33,0.36363636363636365,22,84
v2_random_regular_baseline_s19,v2,random_regular_baseline,19,random_regular,100,4,79,97,3.312615876945234,33,97,0.3402061855670103,30,19
v2_random_regular_baseline_s19,v2,random_regular_baseline,19,random_regular,100,4,80,105,3.658162873776453,44,105,0.41904761904761906,83,19
v2_random_regular_baseline_s19,v2,random_regular_baseline,19,random_regular,100,4,81,163,3.858819347358984,62,163,0.3803680981595092,13,66
v2_random_regular_baseline_s19,v2,random_regular_baseline,19,random_regular,100,4,82,113,3.59101670022478,45,113,0.39823008849557523,73,80
v2_random_regular_baseline_s19,v2,random_regular_baseline,19,random_regular,100,4,83,42,2.61563057701355,15,42,0.35714285714285715,53,84
v2_random_regular_baseline_s19,v2,random_regular_baseline,19,random_regular,100,4,84,73,3.427639630926845,38,73,0.5205479452054794,5,84
v2_random_regular_baseline_s19,v2,random_regular_baseline,19,random_regular,100,4,85,1,-1.000088900581841e-12,1,1,1.0,64,84
v2_random_regular_baseline_s19,v2,random_regular_baseline,19,random_regular,100,4,86,268,4.211059187057948,116,268,0.43283582089552236,88,66
v2_random_regular_baseline_s19,v2,random_regular_baseline,19,random_regular,100,4,87,366,4.601325359416041,148,366,0.40437158469945356,65,40
v2_random_regular_baseline_s19,v2,random_regular_baseline,19,random_regular,100,4,88,14,1.3862943611158909,4,14,0.2857142857142857,65,80
v2_random_regular_baseline_s19,v2,random_regular_baseline,19,random_regular,100,4,89,19,2.4583113296710835,13,19,0.6842105263157895,33,19
v2_random_regular_baseline_s19,v2,random_regular_baseline,19,random_regular,100,4,90,36,2.369382119683676,12,36,0.3333333333333333,50,40
v2_random_regular_baseline_s19,v2,random_regular_baseline,19,random_regular,100,4,91,29,2.3978952727873706,11,29,0.3793103448275862,21,40
v2_random_regular_baseline_s19,v2,random_regular_baseline,19,random_regular,100,4,92,176,3.945011271398667,65,176,0.3693181818181818,21,19
v2_random_regular_baseline_s19,v2,random_regular_baseline,19,random_regular,100,4,93,16,1.6094379124291005,5,16,0.3125,31,80
v2_random_regular_baseline_s19,v2,random_regular_baseline,19,random_regular,100,4,94,110,3.6654865248255626,49,110,0.44545454545454544,54,19
v2_random_regular_baseline_s19,v2,random_regular_baseline,19,random_regular,100,4,95,20,1.9061547465328492,8,20,0.4,26,19
v2_random_regular_baseline_s19,v2,random_regular_baseline,19,random_regular,100,4,96,14,1.5607104090364068,6,14,0.42857142857142855,92,80
v2_random_regular_baseline_s19,v2,random_regular_baseline,19,random_regular,100,4,97,23,2.3978952727873706,11,23,0.4782608695652174,58,19
v2_random_regular_baseline_s19,v2,random_regular_baseline,19,random_regular,100,4,98,35,3.0752205480323718,23,35,0.6571428571428571,9,40
v2_random_regular_baseline_s19,v2,random_regular_baseline,19,random_regular,100,4,99,169,4.163653769153264,82,169,0.48520710059171596,86,40
v2_random_regular_baseline_s19,v2,random_regular_baseline,19,random_regular,100,4,100,73,3.4365228305042805,35,73,0.4794520547945205,93,66
v2_random_regular_baseline_s19,v2,random_regular_baseline,19,random_regular,100,4,101,43,2.639057329601259,14,43,0.32558139534883723,6,40
v2_random_regular_baseline_s19,v2,random_regular_baseline,19,random_regular,100,4,102,9,1.3862943611158909,4,9,0.4444444444444444,56,40
v2_random_regular_baseline_s19,v2,random_regular_baseline,19,random_regular,100,4,103,94,3.4555715412852046,47,94,0.5,62,19
v2_random_regular_baseline_s19,v2,random_regular_baseline,19,random_regular,100,4,104,11,1.791759469222055,6,11,0.5454545454545454,39,84
v2_random_regular_baseline_s19,v2,random_regular_baseline,19,random_regular,100,4,105,35,2.7080502010872096,15,35,0.42857142857142855,21,40
v2_random_regular_baseline_s19,v2,random_regular_baseline,19,random_regular,100,4,106,125,3.645556734702476,54,125,0.432,54,19
v2_random_regular_baseline_s19,v2,random_regular_baseline,19,random_regular,100,4,107,67,3.3549875695958247,30,67,0.44776119402985076,41,66
v2_random_regular_baseline_s19,v2,random_regular_baseline,19,random_regular,100,4,108,3,-1.000088900581841e-12,1,3,0.3333333333333333,29,66
v2_random_regular_baseline_s19,v2,random_regular_baseline,19,random_regular,100,4,109,331,4.449988951825167,138,331,0.4169184290030212,30,80
v2_random_regular_baseline_s19,v2,random_regular_baseline,19,random_regular,100,4,110,38,2.484906649776,12,38,0.3157894736842105,23,80
v2_random_regular_baseline_s19,v2,random_regular_baseline,19,random_regular,100,4,111,43,2.8903717578781647,18,43,0.4186046511627907,88,19
v2_random_regular_baseline_s19,v2,random_regular_baseline,19,random_regular,100,4,112,34,2.6701198897918164,17,34,0.5,57,66
v2_random_regular_baseline_s19,v2,random_regular_baseline,19,random_regular,100,4,113,51,2.8332133440392155,17,51,0.3333333333333333,38,66
v2_random_regular_baseline_s19,v2,random_regular_baseline,19,random_regular,100,4,114,7,1.0986122886651095,3,7,0.42857142857142855,60,66
v2_random_regular_baseline_s19,v2,random_regular_baseline,19,random_regular,100,4,115,78,3.1865891168464264,33,78,0.4230769230769231,63,80
v2_random_regular_baseline_s19,v2,random_regular_baseline,19,random_regular,100,4,116,33,2.1458417525857545,11,33,0.3333333333333333,64,84
v2_random_regular_baseline_s19,v2,random_regular_baseline,19,random_regular,100,4,117,102,3.4858315997982245,39,102,0.38235294117647056,64,19
v2_random_regular_baseline_s19,v2,random_regular_baseline,19,random_regular,100,4,118,76,3.1154750248567717,28,76,0.3684210526315789,71,80
v2_random_regular_baseline_s19,v2,random_regular_baseline,19,random_regular,100,4,119,142,4.101237816260317,67,142,0.47183098591549294,29,40
v2_random_regular_baseline_s19,v2,random_regular_baseline,19,random_regular,100,4,120,8,1.0986122886651095,3,8,0.375,68,66
v2_random_regular_baseline_s19,v2,random_regular_baseline,19,random_regular,100,4,121,103,3.472414980727339,39,103,0.3786407766990291,5,66
v2_random_regular_baseline_s19,v2,random_regular_baseline,19,random_regular,100,4,122,2,-1.000088900581841e-12,1,2,0.5,29,66
v2_random_regular_baseline_s19,v2,random_regular_baseline,19,random_regular,100,4,123,24,2.197224577327219,9,24,0.375,11,66
v2_random_regular_baseline_s19,v2,random_regular_baseline,19,random_regular,100,4,124,59,3.299829685639092,31,59,0.5254237288135594,39,19
v2_random_regular_baseline_s19,v2,random_regular_baseline,19,random_regular,100,4,125,1,-1.000088900581841e-12,1,1,1.0,34,80
v2_random_regular_baseline_s19,v2,random_regular_baseline,19,random_regular,100,4,126,47,3.120291565278284,24,47,0.5106382978723404,97,40
v2_random_regular_baseline_s19,v2,random_regular_baseline,19,random_regular,100,4,127,34,2.253857589591352,12,34,0.35294117647058826,60,19
v2_random_regular_baseline_s19,v2,random_regular_baseline,19,random_regular,100,4,128,5,-1.000088900581841e-12,1,5,0.2,24,84
v2_random_regular_baseline_s19,v2,random_regular_baseline,19,random_regular,100,4,129,8,-1.000088900581841e-12,1,8,0.125,29,66
v2_random_regular_baseline_s19,v2,random_regular_baseline,19,random_regular,100,4,130,184,4.0216190618326815,66,184,0.358695652173913,45,40
v2_random_regular_baseline_s19,v2,random_regular_baseline,19,random_regular,100,4,131,0,0.0,0,0,,19,19
v2_random_regular_baseline_s19,v2,random_regular_baseline,19,random_regular,100,4,132,50,2.787788119369007,20,50,0.4,52,84
v2_random_regular_baseline_s19,v2,random_regular_baseline,19,random_regular,100,4,133,49,2.871476118036867,19,49,0.3877551020408163,48,84
v2_random_regular_baseline_s19,v2,random_regular_baseline,19,random_regular,100,4,134,3,-1.000088900581841e-12,1,3,0.3333333333333333,96,66
v2_random_regular_baseline_s19,v2,random_regular_baseline,19,random_regular,100,4,135,89,3.5677636931747174,43,89,0.48314606741573035,60,84
v2_random_regular_baseline_s19,v2,random_regular_baseline,19,random_regular,100,4,136,107,3.6280156368321625,39,107,0.3644859813084112,78,19
v2_random_regular_baseline_s19,v2,random_regular_baseline,19,random_regular,100,4,137,14,1.791759469222055,6,14,0.42857142857142855,11,40
v2_random_regular_baseline_s19,v2,random_regular_baseline,19,random_regular,100,4,138,222,4.048030924620354,99,222,0.44594594594594594,57,80
v2_random_regular_baseline_s19,v2,random_regular_baseline,19,random_regular,100,4,139,18,1.6094379124291005,5,18,0.2777777777777778,50,84
v2_random_regular_baseline_s19,v2,random_regular_baseline,19,random_regular,100,4,140,47,2.736339051089065,18,47,0.3829787234042553,85,19
v2_random_regular_baseline_s19,v2,random_regular_baseline,19,random_regular,100,4,141,57,2.8800581058604617,28,57,0.49122807017543857,35,80
v2_random_regular_baseline_s19,v2,random_regular_baseline,19,random_regular,100,4,142,99,3.409438995061846,37,99,0.37373737373737376,89,19
v2_random_regular_baseline_s19,v2,random_regular_baseline,19,random_regular,100,4,143,117,3.492296912235496,47,117,0.4017094017094017,55,19
v2_random_regular_baseline_s19,v2,random_regular_baseline,19,random_regular,100,4,144,1,-1.000088900581841e-12,1,1,1.0,95,80
v2_random_regular_baseline_s19,v2,random_regular_baseline,19,random_regular,100,4,145,6,1.0986122886651095,3,6,0.5,7,80
v2_random_regular_baseline_s19,v2,random_regular_baseline,19,random_regular,100,4,146,109,3.491660437469239,38,109,0.3486238532110092,56,66
v2_random_regular_baseline_s19,v2,random_regular_baseline,19,random_regular,100,4,147,74,3.0752205480323718,23,74,0.3108108108108108,51,80
v2_random_regular_baseline_s19,v2,random_regular_baseline,19,random_regular,100,4,148,49,2.639057329601259,14,49,0.2857142857142857,99,84
v2_random_regular_baseline_s19,v2,random_regular_baseline,19,random_regular,100,4,149,123,3.906511777100024,55,123,0.44715447154471544,55,66
v2_random_regular_baseline_s19,v2,random_regular_baseline,19,random_regular,100,4,150,87,3.5450107617233355,36,87,0.41379310344827586,83,19
v2_random_regular_baseline_s19,v2,random_regular_baseline,19,random_regular,100,4,151,77,3.186039305036142,38,77,0.4935064935064935,11,84
v2_random_regular_baseline_s19,v2,random_regular_baseline,19,random_regular,100,4,152,9,1.6094379124291005,5,9,0.5555555555555556,0,66
v2_random_regular_baseline_s19,v2,random_regular_baseline,19,random_regular,100,4,153,0,0.0,0,0,,84,84
v2_random_regular_baseline_s19,v2,random_regular_baseline,19,random_regular,100,4,154,105,3.658132080208479,48,105,0.45714285714285713,67,40
v2_random_regular_baseline_s19,v2,random_regular_baseline,19,random_regular,100,4,155,0,0.0,0,0,,19,19
v2_random_regular_baseline_s19,v2,random_regular_baseline,19,random_regular,100,4,156,6,0.6931471805579453,2,6,0.3333333333333333,49,66
v2_random_regular_baseline_s19,v2,random_regular_baseline,19,random_regular,100,4,157,13,1.6094379124291005,5,13,0.38461538461538464,45,19
v2_random_regular_baseline_s19,v2,random_regular_baseline,19,random_regular,100,4,158,113,3.7074768319530698,50,113,0.4424778761061947,46,80
v2_random_regular_baseline_s19,v2,random_regular_baseline,19,random_regular,100,4,159,27,2.4410152780147034,14,27,0.5185185185185185,9,19
v2_random_regular_baseline_s19,v2,random_regular_baseline,19,random_regular,100,4,160,4,1.0986122886651095,3,4,0.75,48,19
v2_random_regular_baseline_s19,v2,random_regular_baseline,19,random_regular,100,4,161,11,1.9459101490483133,7,11,0.6363636363636364,1,84
v2_random_regular_baseline_s19,v2,random_regular_baseline,19,random_regular,100,4,162,86,3.423580836785212,37,86,0.43023255813953487,8,40
v2_random_regular_baseline_s19,v2,random_regular_baseline,19,random_regular,100,4,163,8,1.3862943611158909,4,8,0.5,90,19
v2_random_regular_baseline_s19,v2,random_regular_baseline,19,random_regular,100,4,164,77,3.2103913397623893,31,77,0.4025974025974026,98,40
v2_random_regular_baseline_s19,v2,random_regular_baseline,19,random_regular,100,4,165,82,3.151458510219029,26,82,0.3170731707317073,4,40
v2_random_regular_baseline_s19,v2,random_regular_baseline,19,random_regular,100,4,166,22,2.302585092984045,10,22,0.45454545454545453,2,66
v2_random_regular_baseline_s19,v2,random_regular_baseline,19,random_regular,100,4,167,147,4.030648985242947,70,147,0.47619047619047616,57,66
v2_random_regular_baseline_s19,v2,random_regular_baseline,19,random_regular,100,4,168,165,4.023174011760596,70,165,0.42424242424242425,49,40
v2_random_regular_baseline_s19,v2,random_regular_baseline,19,random_regular,100,4,169,46,2.736339051089065,18,46,0.391304347826087,33,19
v2_random_regular_baseline_s19,v2,random_regular_baseline,19,random_regular,100,4,170,51,3.0910424533363146,22,51,0.43137254901960786,3,66
v2_random_regular_baseline_s19,v2,random_regular_baseline,19,random_regular,100,4,171,51,2.7184734013140126,20,51,0.39215686274509803,0,66
v2_random_regular_baseline_s19,v2,random_regular_baseline,19,random_regular,100,4,172,119,3.717941794828361,50,119,0.42016806722689076,44,19
v2_random_regular_baseline_s19,v2,random_regular_baseline,19,random_regular,100,4,173,132,3.610580153812161,56,132,0.42424242424242425,59,19
v2_random_regular_baseline_s19,v2,random_regular_baseline,19,random_regular,100,4,174,26,2.3978952727873706,11,26,0.4230769230769231,41,19
v2_random_regular_baseline_s19,v2,random_regular_baseline,19,random_regular,100,4,175,120,3.768732178429927,51,120,0.425,68,19
v2_random_regular_baseline_s19,v2,random_regular_baseline,19,random_regular,100,4,176,28,2.0431918705371204,9,28,0.32142857142857145,42,19
v2_random_regular_baseline_s19,v2,random_regular_baseline,19,random_regular,100,4,177,59,3.039115687997164,27,59,0.4576271186440678,4,19
v2_random_regular_baseline_s19,v2,random_regular_baseline,19,random_regular,100,4,178,1,-1.000088900581841e-12,1,1,1.0,24,84
v2_random_regular_baseline_s19,v2,random_regular_baseline,19,random_regular,100,4,179,43,2.2718685126865625,11,43,0.2558139534883721,12,66
v2_random_regular_baseline_s19,v2,random_regular_baseline,19,random_regular,100,4,180,74,2.991501468554349,26,74,0.35135135135135137,88,80
v2_random_regular_baseline_s19,v2,random_regular_baseline,19,random_regular,100,4,181,65,2.9683918915209624,27,65,0.4153846153846154,50,80
v2_random_regular_baseline_s19,v2,random_regular_baseline,19,random_regular,100,4,182,0,0.0,0,0,,80,80
v2_random_regular_baseline_s19,v2,random_regular_baseline,19,random_regular,100,4,183,64,3.3549875695958247,30,64,0.46875,50,19
v2_random_regular_baseline_s19,v2,random_regular_baseline,19,random_regular,100,4,184,7,1.3862943611158909,4,7,0.5714285714285714,65,80
v2_random_regular_baseline_s19,v2,random_regular_baseline,19,random_regular,100,4,185,99,3.2631392422727337,35,99,0.35353535353535354,39,80
v2_random_regular_baseline_s19,v2,random_regular_baseline,19,random_regular,100,4,186,32,2.751666616915516,17,32,0.53125,57,40
v2_random_regular_baseline_s19,v2,random_regular_baseline,19,random_regular,100,4,187,120,3.6147641804846256,44,120,0.36666666666666664,87,66
v2_random_regular_baseline_s19,v2,random_regular_baseline,19,random_regular,100,4,188,0,0.0,0,0,,19,19
v2_random_regular_baseline_s19,v2,random_regular_baseline,19,random_regular,100,4,189,24,2.197224577327219,9,24,0.375,31,84
v2_random_regular_baseline_s19,v2,random_regular_baseline,19,random_regular,100,4,190,79,3.1656721668240384,31,79,0.3924050632911392,30,80
v2_random_regular_baseline_s19,v2,random_regular_baseline,19,random_regular,100,4,191,0,0.0,0,0,,80,80
v2_random_regular_baseline_s19,v2,random_regular_baseline,19,random_regular,100,4,192,167,3.7684554093505143,56,167,0.33532934131736525,15,40
v2_random_regular_baseline_s19,v2,random_regular_baseline,19,random_regular,100,4,193,169,3.7379676629805214,52,169,0.3076923076923077,56,40
v2_random_regular_baseline_s19,v2,random_regular_baseline,19,random_regular,100,4,194,75,3.204777524107256,26,75,0.3466666666666667,8,40
v2_random_regular_baseline_s19,v2,random_regular_baseline,19,random_regular,100,4,195,49,2.3516733018936304,13,49,0.2653061224489796,39,66
v2_random_regular_baseline_s19,v2,random_regular_baseline,19,random_regular,100,4,196,73,3.4965075614334804,33,73,0.4520547945205479,46,80
v2_random_regular_baseline_s19,v2,random_regular_baseline,19,random_regular,100,4,197,6,1.3862943611158909,4,6,0.6666666666666666,18,66
v2_random_regular_baseline_s19,v2,random_regular_baseline,19,random_regular,100,4,198,34,2.639057329601259,14,34,0.4117647058823529,74,84
v2_random_regular_baseline_s19,v2,random_regular_baseline,19,random_regular,100,4,199,19,1.5607104090364066,6,19,0.3157894736842105,81,66
v2_random_regular_baseline_s19,v2,random_regular_baseline,19,random_regular,100,4,200,106,3.6121358939014394,41,106,0.3867924528301887,99,40
v2_random_regular_baseline_s19,v2,random_regular_baseline,19,random_regular,100,4,201,21,2.1639556568730565,10,21,0.47619047619047616,30,80
v2_random_regular_baseline_s19,v2,random_regular_baseline,19,random_regular,100,4,202,17,1.9459101490483133,7,17,0.4117647058823529,16,66
v2_random_regular_baseline_s19,v2,random_regular_baseline,19,random_regular,100,4,203,53,2.912494403312053,21,53,0.39622641509433965,54,80
v2_random_regular_baseline_s19,v2,random_regular_baseline,19,random_regular,100,4,204,0,0.0,0,0,,80,80
v2_random_regular_baseline_s19,v2,random_regular_baseline,19,random_regular,100,4,205,14,1.0986122886651095,3,14,0.21428571428571427,42,19
v2_random_regular_baseline_s19,v2,random_regular_baseline,19,random_regular,100,4,206,118,3.696721308158614,43,118,0.3644067796610169,21,84
v2_random_regular_baseline_s19,v2,random_regular_baseline,19,random_regular,100,4,207,39,2.369382119683676,12,39,0.3076923076923077,71,19
v2_random_regular_baseline_s19,v2,random_regular_baseline,19,random_regular,100,4,208,24,2.1639556568730565,10,24,0.4166666666666667,87,66
v2_random_regular_baseline_s19,v2,random_regular_baseline,19,random_regular,100,4,209,1,-1.000088900581841e-12,1,1,1.0,17,19
v2_random_regular_baseline_s19,v2,random_regular_baseline,19,random_regular,100,4,210,75,3.4040404338981127,34,75,0.4533333333333333,86,40
v2_random_regular_baseline_s19,v2,random_regular_baseline,19,random_regular,100,4,211,0,0.0,0,0,,80,80
v2_random_regular_baseline_s19,v2,random_regular_baseline,19,random_regular,100,4,212,95,3.5065025850265608,36,95,0.37894736842105264,76,80
v2_random_regular_baseline_s19,v2,random_regular_baseline,19,random_regular,100,4,213,77,3.363267070336762,34,77,0.44155844155844154,46,19
v2_random_regular_baseline_s19,v2,random_regular_baseline,19,random_regular,100,4,214,11,1.7478680974607577,7,11,0.6363636363636364,7,84
v2_random_regular_baseline_s19,v2,random_regular_baseline,19,random_regular,100,4,215,40,2.639057329601259,14,40,0.35,36,40
v2_random_regular_baseline_s19,v2,random_regular_baseline,19,random_regular,100,4,216,138,4.046421636502493,65,138,0.47101449275362317,8,84
v2_random_regular_baseline_s19,v2,random_regular_baseline,19,random_regular,100,4,217,66,2.925202764151108,24,66,0.36363636363636365,12,84
v2_random_regular_baseline_s19,v2,random_regular_baseline,19,random_regular,100,4,218,30,2.0431918705371204,9,30,0.3,70,19
v2_random_regular_baseline_s19,v2,random_regular_baseline,19,random_regular,100,4,219,1,-1.000088900581841e-12,1,1,1.0,91,80
v2_random_regular_baseline_s19,v2,random_regular_baseline,19,random_regular,100,4,220,55,3.0904599235931967,27,55,0.4909090909090909,31,19
v2_random_regular_baseline_s19,v2,random_regular_baseline,19,random_regular,100,4,221,25,2.0228085294067037,12,25,0.48,33,40
v2_random_regular_baseline_s19,v2,random_regular_baseline,19,random_regular,100,4,222,16,2.1639556568730565,10,16,0.625,36,40
v2_random_regular_baseline_s19,v2,random_regular_baseline,19,random_regular,100,4,223,59,2.926417555478996,20,59,0.3389830508474576,62,40
v2_random_regular_baseline_s19,v2,random_regular_baseline,19,random_regular,100,4,224,53,2.5070264355444176,17,53,0.32075471698113206,0,80
v2_random_regular_baseline_s19,v2,random_regular_baseline,19,random_regular,100,4,225,19,2.079441541671836,8,19,0.42105263157894735,9,19
v2_random_regular_baseline_s19,v2,random_regular_baseline,19,random_regular,100,4,226,66,3.204777524107256,26,66,0.3939393939393939,27,80
v2_random_regular_baseline_s19,v2,random_regular_baseline,19,random_regular,100,4,227,195,4.220752930457657,82,195,0.4205128205128205,58,80
v2_random_regular_baseline_s19,v2,random_regular_baseline,19,random_regular,100,4,228,46,2.857102837424001,20,46,0.43478260869565216,71,19
v2_random_regular_baseline_s19,v2,random_regular_baseline,19,random_regular,100,4,229,129,3.5783238363141483,41,129,0.3178294573643411,50,66
v2_random_regular_baseline_s19,v2,random_regular_baseline,19,random_regular,100,4,230,42,2.725550395815721,19,42,0.4523809523809524,33,80
v2_random_regular_baseline_s19,v2,random_regular_baseline,19,random_regular,100,4,231,324,4.687585005286148,139,324,0.42901234567901236,97,84
v2_random_regular_baseline_s19,v2,random_regular_baseline,19,random_regular,100,4,232,279,4.450308373568321,114,279,0.40860215053763443,65,84
v2_random_regular_baseline_s19,v2,random_regular_baseline,19,random_regular,100,4,233,1,-1.000088900581841e-12,1,1,1.0,59,40
v2_random_regular_baseline_s19,v2,random_regular_baseline,19,random_regular,100,4,234,21,2.302585092984045,10,21,0.47619047619047616,8,40
v2_random_regular_baseline_s19,v2,random_regular_baseline,19,random_regular,100,4,235,40,2.871476118036867,19,40,0.475,76,66
v2_random_regular_baseline_s19,v2,random_regular_baseline,19,random_regular,100,4,236,109,3.7456676820497594,50,109,0.45871559633027525,98,40
v2_random_regular_baseline_s19,v2,random_regular_baseline,19,random_regular,100,4,237,206,4.003586972762075,84,206,0.4077669902912621,49,19
v2_random_regular_baseline_s19,v2,random_regular_baseline,19,random_regular,100,4,238,161,4.059699270614652,65,161,0.40372670807453415,22,40
v2_random_regular_baseline_s19,v2,random_regular_baseline,19,random_regular,100,4,239,102,3.4486969711901256,42,102,0.4117647058823529,15,80
v2_random_regular_baseline_s19,v2,random_regular_baseline,19,random_regular,100,4,240,105,3.689669563800905,44,105,0.41904761904761906,55,80
v2_random_regular_baseline_s19,v2,random_regular_baseline,19,random_regular,100,4,241,9,1.3862943611158909,4,9,0.4444444444444444,88,66
v2_random_regular_baseline_s19,v2,random_regular_baseline,19,random_regular,100,4,242,184,3.917108653343015,89,184,0.483695652173913,51,19
v2_random_regular_baseline_s19,v2,random_regular_baseline,19,random_regular,100,4,243,126,3.893131622084399,58,126,0.4603174603174603,77,66
v2_random_regular_baseline_s19,v2,random_regular_baseline,19,random_regular,100,4,244,8,-1.000088900581841e-12,1,8,0.125,91,80
v2_random_regular_baseline_s19,v2,random_regular_baseline,19,random_regular,100,4,245,66,2.846480386116867,21,66,0.3181818181818182,35,40
v2_random_regular_baseline_s19,v2,random_regular_baseline,19,random_regular,100,4,246,0,0.0,0,0,,19,19
v2_random_regular_baseline_s19,v2,random_regular_baseline,19,random_regular,100,4,247,11,0.6931471805579453,2,11,0.18181818181818182,49,19
v2_random_regular_baseline_s19,v2,random_regular_baseline,19,random_regular,100,4,248,101,3.669434383560237,56,101,0.5544554455445545,96,40
v2_random_regular_baseline_s19,v2,random_regular_baseline,19,random_regular,100,4,249,32,2.685945324654788,16,32,0.5,7,66
v2_random_regular_baseline_s19,v2,random_regular_baseline,19,random_regular,100,4,250,0,0.0,0,0,,80,80
v2_random_regular_baseline_s19,v2,random_regular_baseline,19,random_regular,100,4,251,46,2.926417555478996,20,46,0.43478260869565216,73,66
v2_random_regular_baseline_s19,v2,random_regular_baseline,19,random_regular,100,4,252,51,2.5993019270857944,16,51,0.3137254901960784,14,84
v2_random_regular_baseline_s19,v2,random_regular_baseline,19,random_regular,100,4,253,28,2.245035274116177,13,28,0.4642857142857143,99,80
v2_random_regular_baseline_s19,v2,random_regular_baseline,19,random_regular,100,4,254,1,-1.000088900581841e-12,1,1,1.0,83,84
v2_random_regular_baseline_s19,v2,random_regular_baseline,19,random_regular,100,4,255,16,2.079441541671836,8,16,0.5,47,80
v2_random_regular_baseline_s19,v2,random_regular_baseline,19,random_regular,100,4,256,81,3.1418041591892294,27,81,0.3333333333333333,45,66
v2_random_regular_baseline_s19,v2,random_regular_baseline,19,random_regular,100,4,257,106,3.5726345752559063,42,106,0.39622641509433965,41,66
v2_random_regular_baseline_s19,v2,random_regular_baseline,19,random_regular,100,4,258,38,2.685945324654788,16,38,0.42105263157894735,11,40
v2_random_regular_baseline_s19,v2,random_regular_baseline,19,random_regular,100,4,259,12,1.5498260458732018,7,12,0.5833333333333334,17,19
v2_random_regular_baseline_s19,v2,random_regular_baseline,19,random_regular,100,4,260,112,3.614182604033629,47,112,0.41964285714285715,24,66
v2_random_regular_baseline_s19,v2,random_regular_baseline,19,random_regular,100,4,261,66,3.2163581334868363,30,66,0.45454545454545453,6,19
v2_random_regular_baseline_s19,v2,random_regular_baseline,19,random_regular,100,4,262,53,2.9957322735339904,20,53,0.37735849056603776,71,40
v2_random_regular_baseline_s19,v2,random_regular_baseline,19,random_regular,100,4,263,36,2.8332133440392155,17,36,0.4722222222222222,96,66
v2_random_regular_baseline_s19,v2,random_regular_baseline,19,random_regular,100,4,264,62,3.098139496330803,26,62,0.41935483870967744,76,19
v2_random_regular_baseline_s19,v2,random_regular_baseline,19,random_regular,100,4,265,37,2.441015278014703,14,37,0.3783783783783784,21,80
v2_random_regular_baseline_s19,v2,random_regular_baseline,19,random_regular,100,4,266,87,3.3909780549362365,36,87,0.41379310344827586,67,80
v2_random_regular_baseline_s19,v2,random_regular_baseline,19,random_regular,100,4,267,0,0.0,0,0,,19,19
v2_random_regular_baseline_s19,v2,random_regular_baseline,19,random_regular,100,4,268,4,0.6931471805579453,2,4,0.5,11,80
v2_random_regular_baseline_s19,v2,random_regular_baseline,19,random_regular,100,4,269,35,2.8332133440392155,17,35,0.4857142857142857,78,66
v2_random_regular_baseline_s19,v2,random_regular_baseline,19,random_regular,100,4,270,202,3.981956367133005,71,202,0.35148514851485146,53,66
v2_random_regular_baseline_s19,v2,random_regular_baseline,19,random_regular,100,4,271,21,1.9459101490483133,7,21,0.3333333333333333,53,84
v2_random_regular_baseline_s19,v2,random_regular_baseline,19,random_regular,100,4,272,229,4.204806918227971,105,229,0.4585152838427948,28,80
v2_random_regular_baseline_s19,v2,random_regular_baseline,19,random_regular,100,4,273,90,3.104074021506185,31,90,0.34444444444444444,4,66
v2_random_regular_baseline_s19,v2,random_regular_baseline,19,random_regular,100,4,274,3,0.6931471805579453,2,3,0.6666666666666666,54,84
v2_random_regular_baseline_s19,v2,random_regular_baseline,19,random_regular,100,4,275,18,1.791759469222055,6,18,0.3333333333333333,90,66
v2_random_regular_baseline_s19,v2,random_regular_baseline,19,random_regular,100,4,276,33,2.079441541671836,8,33,0.24242424242424243,38,80
v2_random_regular_baseline_s19,v2,random_regular_baseline,19,random_regular,100,4,277,45,2.813355404483615,18,45,0.4,89,66
v2_random_regular_baseline_s19,v2,random_regular_baseline,19,random_regular,100,4,278,115,3.645556734702476,54,115,0.46956521739130436,62,80
v2_random_regular_baseline_s19,v2,random_regular_baseline,19,random_regular,100,4,279,13,1.791759469222055,6,13,0.46153846153846156,10,80
v2_random_regular_baseline_s19,v2,random_regular_baseline,19,random_regular,100,4,280,109,3.7871964318487783,53,109,0.48623853211009177,22,80
v2_random_regular_baseline_s19,v2,random_regular_baseline,19,random_regular,100,4,281,88,3.4339872044541457,31,88,0.3522727272727273,24,80
v2_random_regular_baseline_s19,v2,random_regular_baseline,19,random_regular,100,4,282,297,4.577829803871063,135,297,0.45454545454545453,44,40
v2_random_regular_baseline_s19,v2,random_regular_baseline,19,random_regular,100,4,283,8,1.5607104090364066,6,8,0.75,65,66
v2_random_regular_baseline_s19,v2,random_regular_baseline,19,random_regular,100,4,284,135,3.603369244538295,50,135,0.37037037037037035,57,80
v2_random_regular_baseline_s19,v2,random_regular_baseline,19,random_regular,100,4,285,0,0.0,0,0,,40,40
v2_random_regular_baseline_s19,v2,random_regular_baseline,19,random_regular,100,4,286,10,1.6094379124291005,5,10,0.5,70,19
v2_random_regular_baseline_s19,v2,random_regular_baseline,19,random_regular,100,4,287,10,1.0986122886651095,3,10,0.3,35,80
v2_random_regular_baseline_s19,v2,random_regular_baseline,19,random_regular,100,4,288,17,1.791759469222055,6,17,0.35294117647058826,11,80
v2_random_regular_baseline_s19,v2,random_regular_baseline,19,random_regular,100,4,289,67,2.9957322735339904,20,67,0.29850746268656714,92,40
v2_random_regular_baseline_s19,v2,random_regular_baseline,19,random_regular,100,4,290,60,3.0047670351869598,24,60,0.4,95,66
v2_random_regular_baseline_s19,v2,random_regular_baseline,19,random_regular,100,4,291,120,3.647926677846517,52,120,0.43333333333333335,25,19
v2_random_regular_baseline_s19,v2,random_regular_baseline,19,random_regular,100,4,292,120,3.6003698151638166,48,120,0.4,93,19
v2_random_regular_baseline_s19,v2,random_regular_baseline,19,random_regular,100,4,293,149,3.948591418183679,67,149,0.44966442953020136,44,40
v2_random_regular_baseline_s19,v2,random_regular_baseline,19,random_regular,100,4,294,51,3.062529300232621,24,51,0.47058823529411764,57,66
v2_random_regular_baseline_s19,v2,random_regular_baseline,19,random_regular,100,4,295,346,4.6903523712674335,140,346,0.4046242774566474,6,66
v2_random_regular_baseline_s19,v2,random_regular_baseline,19,random_regular,100,4,296,374,4.5302682254229865,153,374,0.4090909090909091,73,40
v2_random_regular_baseline_s19,v2,random_regular_baseline,19,random_regular,100,4,297,41,2.3978952727873706,11,41,0.2682926829268293,13,66
v2_random_regular_baseline_s19,v2,random_regular_baseline,19,random_regular,100,4,298,29,2.1458417525857545,11,29,0.3793103448275862,78,80
v2_random_regular_baseline_s19,v2,random_regular_baseline,19,random_regular,100,4,299,98,3.4331967372908423,40,98,0.40816326530612246,82,80
v2_random_regular_baseline_s19,v2,random_regular_baseline,19,random_regular,100,4,300,11,1.791759469222055,6,11,0.5454545454545454,41,66
v2_random_regular_baseline_s19,v2,random_regular_baseline,19,random_regular,100,4,301,3,-1.000088900581841e-12,1,3,0.3333333333333333,29,66
v2_random_regular_baseline_s19,v2,random_regular_baseline,19,random_regular,100,4,302,4,1.0986122886651095,3,4,0.75,24,84
v2_random_regular_baseline_s19,v2,random_regular_baseline,19,random_regular,100,4,303,51,2.813355404483615,18,51,0.35294117647058826,78,66
v2_random_regular_baseline_s19,v2,random_regular_baseline,19,random_regular,100,4,304,12,1.3862943611158909,4,12,0.3333333333333333,39,84
v2_random_regular_baseline_s19,v2,random_regular_baseline,19,random_regular,100,4,305,6,1.0986122886651095,3,6,0.5,48,19
v2_random_regular_baseline_s19,v2,random_regular_baseline,19,random_regular,100,4,306,0,0.0,0,0,,40,40
v2_random_regular_baseline_s19,v2,random_regular_baseline,19,random_regular,100,4,307,9,1.791759469222055,6,9,0.6666666666666666,5,84
v2_random_regular_baseline_s19,v2,random_regular_baseline,19,random_regular,100,4,308,14,1.3862943611158909,4,14,0.2857142857142857,88,19
v2_random_regular_baseline_s19,v2,random_regular_baseline,19,random_regular,100,4,309,53,2.813355404483615,18,53,0.33962264150943394,53,40
v2_random_regular_baseline_s19,v2,random_regular_baseline,19,random_regular,100,4,310,28,2.245035274116177,13,28,0.4642857142857143,98,40
v2_random_regular_baseline_s19,v2,random_regular_baseline,19,random_regular,100,4,311,161,3.849790423533051,70,161,0.43478260869565216,54,84
v2_random_regular_baseline_s19,v2,random_regular_baseline,19,random_regular,100,4,312,110,3.629250947686148,48,110,0.43636363636363634,96,84
v2_random_regular_baseline_s19,v2,random_regular_baseline,19,random_regular,100,4,313,23,2.302585092984045,10,23,0.43478260869565216,54,84
v2_random_regular_baseline_s19,v2,random_regular_baseline,19,random_regular,100,4,314,1,-1.000088900581841e-12,1,1,1.0,91,80
v2_random_regular_baseline_s19,v2,random_regular_baseline,19,random_regular,100,4,315,12,1.9459101490483133,7,12,0.5833333333333334,88,84
v2_random_regular_baseline_s19,v2,random_regular_baseline,19,random_regular,100,4,316,240,4.165351161686432,89,240,0.37083333333333335,67,66
v2_random_regular_baseline_s19,v2,random_regular_baseline,19,random_regular,100,4,317,43,2.5993019270857944,16,43,0.37209302325581395,12,84
v2_random_regular_baseline_s19,v2,random_regular_baseline,19,random_regular,100,4,318,75,3.2551105127007407,31,75,0.41333333333333333,12,80
v2_random_regular_baseline_s19,v2,random_regular_baseline,19,random_regular,100,4,319,41,2.736339051089065,18,41,0.43902439024390244,98,80
v2_random_regular_baseline_s19,v2,random_regular_baseline,19,random_regular,100,4,320,15,1.7328679513938632,8,15,0.5333333333333333,78,40
v2_random_regular_baseline_s19,v2,random_regular_baseline,19,random_regular,100,4,321,56,3.204777524107256,26,56,0.4642857142857143,64,66
v2_random_regular_baseline_s19,v2,random_regular_baseline,19,random_regular,100,4,322,6,1.3321790402061222,5,6,0.8333333333333334,13,80
v2_random_regular_baseline_s19,v2,random_regular_baseline,19,random_regular,100,4,323,48,2.9650156932365066,22,48,0.4583333333333333,38,80
v2_random_regular_baseline_s19,v2,random_regular_baseline,19,random_regular,100,4,324,71,3.2958368659773285,27,71,0.38028169014084506,53,40
v2_random_regular_baseline_s19,v2,random_regular_baseline,19,random_regular,100,4,325,62,3.165672166824038,31,62,0.5,92,80
v2_random_regular_baseline_s19,v2,random_regular_baseline,19,random_regular,100,4,326,36,2.9444389791474395,19,36,0.5277777777777778,54,84
v2_random_regular_baseline_s19,v2,random_regular_baseline,19,random_regular,100,4,327,26,2.197224577327219,9,26,0.34615384615384615,60,80
v2_random_regular_baseline_s19,v2,random_regular_baseline,19,random_regular,100,4,328,1,-1.000088900581841e-12,1,1,1.0,59,40
v2_random_regular_baseline_s19,v2,random_regular_baseline,19,random_regular,100,4,329,77,2.9530375303106298,31,77,0.4025974025974026,0,19
v2_random_regular_baseline_s19,v2,random_regular_baseline,19,random_regular,100,4,330,18,2.079441541671836,8,18,0.4444444444444444,76,19
v2_random_regular_baseline_s19,v2,random_regular_baseline,19,random_regular,100,4,331,16,1.3862943611158909,4,16,0.25,47,84
v2_random_regular_baseline_s19,v2,random_regular_baseline,19,random_regular,100,4,332,122,3.8895653270927,59,122,0.48360655737704916,55,40
v2_random_regular_baseline_s19,v2,random_regular_baseline,19,random_regular,100,4,333,27,1.791759469222055,6,27,0.2222222222222222,35,66
v2_random_regular_baseline_s19,v2,random_regular_baseline,19,random_regular,100,4,334,16,1.6094379124291005,5,16,0.3125,6,66
v2_random_regular_baseline_s19,v2,random_regular_baseline,19,random_regular,100,4,335,253,4.174178723023451,82,253,0.3241106719367589,61,84
v2_random_regular_baseline_s19,v2,random_regular_baseline,19,random_regular,100,4,336,3,1.0986122886651095,3,3,1.0,83,84
v2_random_regular_baseline_s19,v2,random_regular_baseline,19,random_regular,100,4,337,87,3.184634504075431,37,87,0.42528735632183906,34,40
v2_random_regular_baseline_s19,v2,random_regular_baseline,19,random_regular,100,4,338,142,3.881306425080663,55,142,0.3873239436619718,21,80
v2_random_regular_baseline_s19,v2,random_regular_baseline,19,random_regular,100,4,339,10,1.054920167983144,5,10,0.5,24,84
v2_random_regular_baseline_s19,v2,random_regular_baseline,19,random_regular,100,4,340,43,2.692310994125785,20,43,0.46511627906976744,81,80
v2_random_regular_baseline_s19,v2,random_regular_baseline,19,random_regular,100,4,341,2,-1.000088900581841e-12,1,2,0.5,59,40
v2_random_regular_baseline_s19,v2,random_regular_baseline,19,random_regular,100,4,342,19,2.079441541671836,8,19,0.42105263157894735,46,84
v2_random_regular_baseline_s19,v2,random_regular_baseline,19,random_regular,100,4,343,64,2.954673212284816,23,64,0.359375,77,84
v2_random_regular_baseline_s19,v2,random_regular_baseline,19,random_regular,100,4,344,94,3.6600032089343273,51,94,0.5425531914893617,28,80
v2_random_regular_baseline_s19,v2,random_regular_baseline,19,random_regular,100,4,345,37,2.857102837424001,20,37,0.5405405405405406,7,66
v2_random_regular_baseline_s19,v2,random_regular_baseline,19,random_regular,100,4,346,0,0.0,0,0,,80,80
v2_random_regular_baseline_s19,v2,random_regular_baseline,19,random_regular,100,4,347,137,3.842721178693224,56,137,0.40875912408759124,10,19
v2_random_regular_baseline_s19,v2,random_regular_baseline,19,random_regular,100,4,348,9,1.3862943611158909,4,9,0.4444444444444444,5,40
v2_random_regular_baseline_s19,v2,random_regular_baseline,19,random_regular,100,4,349,74,3.062529300232621,24,74,0.32432432432432434,88,66
v2_random_regular_baseline_s19,v2,random_regular_baseline,19,random_regular,100,4,350,34,2.9444389791474395,19,34,0.5588235294117647,24,40
v2_random_regular_baseline_s19,v2,random_regular_baseline,19,random_regular,100,4,351,9,1.3321790402061222,5,9,0.5555555555555556,56,40
v2_random_regular_baseline_s19,v2,random_regular_baseline,19,random_regular,100,4,352,173,3.915178163985438,79,173,0.45664739884393063,60,84
v2_random_regular_baseline_s19,v2,random_regular_baseline,19,random_regular,100,4,353,127,3.658162873776453,44,127,0.3464566929133858,50,40
v2_random_regular_baseline_s19,v2,random_regular_baseline,19,random_regular,100,4,354,13,1.0986122886651095,3,13,0.23076923076923078,35,40
v2_random_regular_baseline_s19,v2,random_regular_baseline,19,random_regular,100,4,355,149,3.7744489157818766,63,149,0.4228187919463087,70,19
v2_random_regular_baseline_s19,v2,random_regular_baseline,19,random_regular,100,4,356,4,-1.000088900581841e-12,1,4,0.25,64,84
v2_random_regular_baseline_s19,v2,random_regular_baseline,19,random_regular,100,4,357,74,3.379092505199735,32,74,0.43243243243243246,49,40
v2_random_regular_baseline_s19,v2,random_regular_baseline,19,random_regular,100,4,358,37,2.3516733018936304,13,37,0.35135135135135137,58,84
v2_random_regular_baseline_s19,v2,random_regular_baseline,19,random_regular,100,4,359,16,2.197224577327219,9,16,0.5625,65,19
v2_random_regular_baseline_s19,v2,random_regular_baseline,19,random_regular,100,4,360,14,1.7351264569569225,9,14,0.6428571428571429,35,40
v2_random_regular_baseline_s19,v2,random_regular_baseline,19,random_regular,100,4,361,3,-1.000088900581841e-12,1,3,0.3333333333333333,59,66
v2_random_regular_baseline_s19,v2,random_regular_baseline,19,random_regular,100,4,362,41,2.61563057701355,15,41,0.36585365853658536,36,80
v2_random_regular_baseline_s19,v2,random_regular_baseline,19,random_regular,100,4,363,51,2.8332133440392155,17,51,0.3333333333333333,88,84
v2_random_regular_baseline_s19,v2,random_regular_baseline,19,random_regular,100,4,364,26,2.273965716408247,16,26,0.6153846153846154,79,40
v2_random_regular_baseline_s19,v2,random_regular_baseline,19,random_regular,100,4,365,39,2.5232109529398907,15,39,0.38461538461538464,88,84
v2_random_regular_baseline_s19,v2,random_regular_baseline,19,random_regular,100,4,366,113,3.4857612634947617,46,113,0.40707964601769914,82,40
v2_random_regular_baseline_s19,v2,random_regular_baseline,19,random_regular,100,4,367,90,3.444813797459462,34,90,0.37777777777777777,42,80
v2_random_regular_baseline_s19,v2,random_regular_baseline,19,random_regular,100,4,368,11,1.3862943611158909,4,11,0.36363636363636365,62,80
v2_random_regular_baseline_s19,v2,random_regular_baseline,19,random_regular,100,4,369,24,2.079441541671836,8,24,0.3333333333333333,92,80
v2_random_regular_baseline_s19,v2,random_regular_baseline,19,random_regular,100,4,370,5,-1.000088900581841e-12,1,5,0.2,83,84
v2_random_regular_baseline_s19,v2,random_regular_baseline,19,random_regular,100,4,371,9,1.6094379124291005,5,9,0.5555555555555556,46,19
v2_random_regular_baseline_s19,v2,random_regular_baseline,19,random_regular,100,4,372,0,0.0,0,0,,80,80
v2_random_regular_baseline_s19,v2,random_regular_baseline,19,random_regular,100,4,373,68,3.1931483947852626,27,68,0.39705882352941174,49,66
v2_random_regular_baseline_s19,v2,random_regular_baseline,19,random_regular,100,4,374,8,0.6931471805579453,2,8,0.25,86,66
v2_random_regular_baseline_s19,v2,random_regular_baseline,19,random_regular,100,4,375,6,-1.000088900581841e-12,1,6,0.16666666666666666,83,84
v2_random_regular_baseline_s19,v2,random_regular_baseline,19,random_regular,100,4,376,40,2.302585092984045,10,40,0.25,1,66
v2_random_regular_baseline_s19,v2,random_regular_baseline,19,random_regular,100,4,377,81,3.444813797459462,34,81,0.41975308641975306,16,40
v2_random_regular_baseline_s19,v2,random_regular_baseline,19,random_regular,100,4,378,63,2.9957322735339904,20,63,0.31746031746031744,22,80
v2_random_regular_baseline_s19,v2,random_regular_baseline,19,random_regular,100,4,379,159,4.070257395558658,70,159,0.44025157232704404,25,19
v2_random_regular_baseline_s19,v2,random_regular_baseline,19,random_regular,100,4,380,175,3.91745862057526,62,175,0.35428571428571426,47,80
v2_random_regular_baseline_s19,v2,random_regular_baseline,19,random_regular,100,4,381,39,2.2102535776109726,12,39,0.3076923076923077,93,19
v2_random_regular_baseline_s19,v2,random_regular_baseline,19,random_regular,100,4,382,251,4.343844766765021,114,251,0.4541832669322709,86,80
v2_random_regular_baseline_s19,v2,random_regular_baseline,19,random_regular,100,4,383,65,3.1418041591892294,27,65,0.4153846153846154,61,40
v2_random_regular_baseline_s19,v2,random_regular_baseline,19,random_regular,100,4,384,16,2.0431918705371204,9,16,0.5625,77,19
v2_random_regular_baseline_s19,v2,random_regular_baseline,19,random_regular,100,4,385,18,1.791759469222055,6,18,0.3333333333333333,50,84
v2_random_regular_baseline_s19,v2,random_regular_baseline,19,random_regular,100,4,386,35,2.751666616915516,17,35,0.4857142857142857,92,84
v2_random_regular_baseline_s19,v2,random_regular_baseline,19,random_regular,100,4,387,133,3.5636428037030967,44,133,0.3308270676691729,45,80
v2_random_regular_baseline_s19,v2,random_regular_baseline,19,random_regular,100,4,388,10,1.6094379124291005,5,10,0.5,61,19
v2_random_regular_baseline_s19,v2,random_regular_baseline,19,random_regular,100,4,389,84,3.4761312408209912,35,84,0.4166666666666667,41,80
v2_random_regular_baseline_s19,v2,random_regular_baseline,19,random_regular,100,4,390,20,2.1639556568730565,10,20,0.5,87,80
v2_random_regular_baseline_s19,v2,random_regular_baseline,19,random_regular,100,4,391,56,3.0752205480323718,23,56,0.4107142857142857,98,19
v2_random_regular_baseline_s19,v2,random_regular_baseline,19,random_regular,100,4,392,50,2.630253356374264,18,50,0.36,64,84
v2_random_regular_baseline_s19,v2,random_regular_baseline,19,random_regular,100,4,393,304,4.532347248445339,124,304,0.40789473684210525,16,80
v2_random_regular_baseline_s19,v2,random_regular_baseline,19,random_regular,100,4,394,201,4.064871147117295,72,201,0.3582089552238806,76,66
v2_random_regular_baseline_s19,v2,random_regular_baseline,19,random_regular,100,4,395,60,3.0047670351869598,24,60,0.4,5,80
v2_random_regular_baseline_s19,v2,random_regular_baseline,19,random_regular,100,4,396,95,3.363267070336762,34,95,0.35789473684210527,61,40
v2_random_regular_baseline_s19,v2,random_regular_baseline,19,random_regular,100,4,397,29,2.302585092984045,10,29,0.3448275862068966,55,84
v2_random_regular_baseline_s19,v2,random_regular_baseline,19,random_regular,100,4,398,63,3.0149468801585937,23,63,0.36507936507936506,50,80
v2_random_regular_baseline_s19,v2,random_regular_baseline,19,random_regular,100,4,399,38,2.725550395815721,19,38,0.5,14,40
v2_random_regular_baseline_s19,v2,random_regular_baseline,19,random_regular,100,4,400,123,3.4739342267598503,47,123,0.3821138211382114,74,84
v2_random_regular_baseline_s19,v2,random_regular_baseline,19,random_regular,100,4,401,38,2.253857589591352,12,38,0.3157894736842105,53,66
v2_random_regular_baseline_s19,v2,random_regular_baseline,19,random_regular,100,4,402,112,3.850933677082608,54,112,0.48214285714285715,85,40
v2_random_regular_baseline_s19,v2,random_regular_baseline,19,random_regular,100,4,403,0,0.0,0,0,,84,84
v2_random_regular_baseline_s19,v2,random_regular_baseline,19,random_regular,100,4,404,20,2.302585092984045,10,20,0.5,63,84
v2_random_regular_baseline_s19,v2,random_regular_baseline,19,random_regular,100,4,405,22,2.1383972463387244,13,22,0.5909090909090909,18,80
v2_random_regular_baseline_s19,v2,random_regular_baseline,19,random_regular,100,4,406,41,2.4583113296710835,13,41,0.3170731707317073,76,84
v2_random_regular_baseline_s19,v2,random_regular_baseline,19,random_regular,100,4,407,0,0.0,0,0,,19,19
v2_random_regular_baseline_s19,v2,random_regular_baseline,19,random_regular,100,4,408,85,3.4294862316330117,36,85,0.4235294117647059,17,84
v2_random_regular_baseline_s19,v2,random_regular_baseline,19,random_regular,100,4,409,1,-1.000088900581841e-12,1,1,1.0,28,80
v2_random_regular_baseline_s19,v2,random_regular_baseline,19,random_regular,100,4,410,60,3.3445488585774434,31,60,0.5166666666666667,63,66
v2_random_regular_baseline_s19,v2,random_regular_baseline,19,random_regular,100,4,411,62,3.120291565278284,24,62,0.3870967741935484,5,19
v2_random_regular_baseline_s19,v2,random_regular_baseline,19,random_regular,100,4,412,69,2.8979325974534653,26,69,0.37681159420289856,78,84
v2_random_regular_baseline_s19,v2,random_regular_baseline,19,random_regular,100,4,413,73,3.4365228305042805,35,73,0.4794520547945205,69,80
v2_random_regular_baseline_s19,v2,random_regular_baseline,19,random_regular,100,4,414,164,3.5946076639592905,52,164,0.3170731707317073,76,19
v2_random_regular_baseline_s19,v2,random_regular_baseline,19,random_regular,100,4,415,59,3.2826939972510645,28,59,0.4745762711864407,18,19
v2_random_regular_baseline_s19,v2,random_regular_baseline,19,random_regular,100,4,416,44,2.5070264355444176,17,44,0.38636363636363635,93,40
v2_random_regular_baseline_s19,v2,random_regular_baseline,19,random_regular,100,4,417,3,0.6931471805579453,2,3,0.6666666666666666,92,80
v2_random_regular_baseline_s19,v2,random_regular_baseline,19,random_regular,100,4,418,1,-1.000088900581841e-12,1,1,1.0,79,19
v2_random_regular_baseline_s19,v2,random_regular_baseline,19,random_regular,100,4,419,88,3.2235308319560225,35,88,0.3977272727272727,64,66
v2_random_regular_baseline_s19,v2,random_regular_baseline,19,random_regular,100,4,420,41,2.8332133440392155,17,41,0.4146341463414634,18,66
v2_random_regular_baseline_s19,v2,random_regular_baseline,19,random_regular,100,4,421,22,1.791759469222055,6,22,0.2727272727272727,27,80
v2_random_regular_baseline_s19,v2,random_regular_baseline,19,random_regular,100,4,422,10,1.9459101490483133,7,10,0.7,87,80
v2_random_regular_baseline_s19,v2,random_regular_baseline,19,random_regular,100,4,423,84,3.122424598309061,27,84,0.32142857142857145,60,19
v2_random_regular_baseline_s19,v2,random_regular_baseline,19,random_regular,100,4,424,31,2.61563057701355,15,31,0.4838709677419355,22,40
v2_random_regular_baseline_s19,v2,random_regular_baseline,19,random_regular,100,4,425,65,3.2625679455231658,30,65,0.46153846153846156,32,80
v2_random_regular_baseline_s19,v2,random_regular_baseline,19,random_regular,100,4,426,124,3.8349513397251753,54,124,0.43548387096774194,83,19
v2_random_regular_baseline_s19,v2,random_regular_baseline,19,random_regular,100,4,427,128,3.453022060713654,49,128,0.3828125,72,40
v2_random_regular_baseline_s19,v2,random_regular_baseline,19,random_regular,100,4,428,57,3.183672971458787,28,57,0.49122807017543857,27,19
v2_random_regular_baseline_s19,v2,random_regular_baseline,19,random_regular,100,4,429,391,4.606097795730352,170,391,0.43478260869565216,82,80
v2_random_regular_baseline_s19,v2,random_regular_baseline,19,random_regular,100,4,430,65,3.2103913397623893,31,65,0.47692307692307695,18,40
v2_random_regular_baseline_s19,v2,random_regular_baseline,19,random_regular,100,4,431,15,1.7478680974607577,7,15,0.4666666666666667,57,84
v2_random_regular_baseline_s19,v2,random_regular_baseline,19,random_regular,100,4,432,107,3.6979142157259046,48,107,0.4485981308411215,88,66
v2_random_regular_baseline_s19,v2,random_regular_baseline,19,random_regular,100,4,433,167,3.711047107736691,55,167,0.32934131736526945,97,19
v2_random_regular_baseline_s19,v2,random_regular_baseline,19,random_regular,100,4,434,27,2.197224577327219,9,27,0.3333333333333333,38,80
v2_random_regular_baseline_s19,v2,random_regular_baseline,19,random_regular,100,4,435,3,-1.000088900581841e-12,1,3,0.3333333333333333,96,66
v2_random_regular_baseline_s19,v2,random_regular_baseline,19,random_regular,100,4,436,399,4.69520562110608,165,399,0.41353383458646614,45,19
v2_random_regular_baseline_s19,v2,random_regular_baseline,19,random_regular,100,4,437,68,3.198776345796798,37,68,0.5441176470588235,41,40
v2_random_regular_baseline_s19,v2,random_regular_baseline,19,random_regular,100,4,438,0,0.0,0,0,,66,66
v2_random_regular_baseline_s19,v2,random_regular_baseline,19,random_regular,100,4,439,16,2.3978952727873706,11,16,0.6875,99,66
v2_random_regular_baseline_s19,v2,random_regular_baseline,19,random_regular,100,4,440,50,2.787788119369007,20,50,0.4,92,84
v2_random_regular_baseline_s19,v2,random_regular_baseline,19,random_regular,100,4,441,11,1.0986122886651095,3,11,0.2727272727272727,0,66
v2_random_regular_baseline_s19,v2,random_regular_baseline,19,random_regular,100,4,442,2,0.6931471805579453,2,2,1.0,54,19
v2_random_regular_baseline_s19,v2,random_regular_baseline,19,random_regular,100,4,443,8,1.0986122886651095,3,8,0.375,61,66
v2_random_regular_baseline_s19,v2,random_regular_baseline,19,random_regular,100,4,444,7,1.0986122886651095,3,7,0.42857142857142855,47,40
v2_random_regular_baseline_s19,v2,random_regular_baseline,19,random_regular,100,4,445,34,2.430791328866232,15,34,0.4411764705882353,53,80
v2_random_regular_baseline_s19,v2,random_regular_baseline,19,random_regular,100,4,446,16,1.9459101490483133,7,16,0.4375,91,80
v2_random_regular_baseline_s19,v2,random_regular_baseline,19,random_regular,100,4,447,19,2.079441541671836,8,19,0.42105263157894735,8,19
v2_random_regular_baseline_s19,v2,random_regular_baseline,19,random_regular,100,4,448,34,2.5993019270857944,16,34,0.47058823529411764,20,19
v2_random_regular_baseline_s19,v2,random_regular_baseline,19,random_regular,100,4,449,24,2.4583113296710835,13,24,0.5416666666666666,77,19
v2_random_regular_baseline_s19,v2,random_regular_baseline,19,random_regular,100,4,450,0,0.0,0,0,,40,40
v2_random_regular_baseline_s19,v2,random_regular_baseline,19,random_regular,100,4,451,53,3.0149468801585937,23,53,0.4339622641509434,67,80
v2_random_regular_baseline_s19,v2,random_regular_baseline,19,random_regular,100,4,452,74,3.152706716658356,30,74,0.40540540540540543,25,66
v2_random_regular_baseline_s19,v2,random_regular_baseline,19,random_regular,100,4,453,305,4.406973341013343,121,305,0.39672131147540984,71,19
v2_random_regular_baseline_s19,v2,random_regular_baseline,19,random_regular,100,4,454,187,3.933856333347952,75,187,0.40106951871657753,25,40
v2_random_regular_baseline_s19,v2,random_regular_baseline,19,random_regular,100,4,455,55,2.725550395815721,19,55,0.34545454545454546,25,84
v2_random_regular_baseline_s19,v2,random_regular_baseline,19,random_regular,100,4,456,1,-1.000088900581841e-12,1,1,1.0,83,84
v2_random_regular_baseline_s19,v2,random_regular_baseline,19,random_regular,100,4,457,80,3.0008303170184565,35,80,0.4375,51,84
v2_random_regular_baseline_s19,v2,random_regular_baseline,19,random_regular,100,4,458,49,2.8875778250375506,21,49,0.42857142857142855,65,40
v2_random_regular_baseline_s19,v2,random_regular_baseline,19,random_regular,100,4,459,80,3.319492576126754,29,80,0.3625,75,19
v2_random_regular_baseline_s19,v2,random_regular_baseline,19,random_regular,100,4,460,33,2.5649493574485365,13,33,0.3939393939393939,69,84
v2_random_regular_baseline_s19,v2,random_regular_baseline,19,random_regular,100,4,461,95,3.573554040100918,47,95,0.49473684210526314,71,19
v2_random_regular_baseline_s19,v2,random_regular_baseline,19,random_regular,100,4,462,92,3.5924696275736783,39,92,0.42391304347826086,42,40
v2_random_regular_baseline_s19,v2,random_regular_baseline,19,random_regular,100,4,463,43,3.0047670351869598,24,43,0.5581395348837209,26,66
v2_random_regular_baseline_s19,v2,random_regular_baseline,19,random_regular,100,4,464,0,0.0,0,0,,40,40
v2_random_regular_baseline_s19,v2,random_regular_baseline,19,random_regular,100,4,465,20,2.2718685126865625,11,20,0.55,5,84
v2_random_regular_baseline_s19,v2,random_regular_baseline,19,random_regular,100,4,466,11,2.079441541671836,8,11,0.7272727272727273,77,80
v2_random_regular_baseline_s19,v2,random_regular_baseline,19,random_regular,100,4,467,1,-1.000088900581841e-12,1,1,1.0,61,66
v2_random_regular_baseline_s19,v2,random_regular_baseline,19,random_regular,100,4,468,173,4.008851331989533,71,173,0.41040462427745666,98,80
v2_random_regular_baseline_s19,v2,random_regular_baseline,19,random_regular,100,4,469,9,1.0986122886651095,3,9,0.3333333333333333,46,19
v2_random_regular_baseline_s19,v2,random_regular_baseline,19,random_regular,100,4,470,92,3.370480801334672,33,92,0.358695652173913,20,40
v2_random_regular_baseline_s19,v2,random_regular_baseline,19,random_regular,100,4,471,196,4.054708794343121,76,196,0.3877551020408163,41,66
v2_random_regular_baseline_s19,v2,random_regular_baseline,19,random_regular,100,4,472,333,4.506554925964135,142,333,0.4264264264264264,31,80
v2_random_regular_baseline_s19,v2,random_regular_baseline,19,random_regular,100,4,473,112,3.731290168531232,51,112,0.45535714285714285,57,66
v2_random_regular_baseline_s19,v2,random_regular_baseline,19,random_regular,100,4,474,71,3.225557328365521,34,71,0.4788732394366197,23,66
v2_random_regular_baseline_s19,v2,random_regular_baseline,19,random_regular,100,4,475,75,3.4124897213676078,33,75,0.44,83,66
v2_random_regular_baseline_s19,v2,random_regular_baseline,19,random_regular,100,4,476,64,2.5643075947767517,28,64,0.4375,99,84
v2_random_regular_baseline_s19,v2,random_regular_baseline,19,random_regular,100,4,477,244,4.457774350439079,104,244,0.4262295081967213,87,66
v2_random_regular_baseline_s19,v2,random_regular_baseline,19,random_regular,100,4,478,82,3.249127408847744,32,82,0.3902439024390244,71,80
v2_random_regular_baseline_s19,v2,random_regular_baseline,19,random_regular,100,4,479,3,-1.000088900581841e-12,1,3,0.3333333333333333,34,80
v2_random_regular_baseline_s19,v2,random_regular_baseline,19,random_regular,100,4,480,282,4.539663090155988,122,282,0.4326241134751773,15,19
v2_random_regular_baseline_s19,v2,random_regular_baseline,19,random_regular,100,4,481,1,-1.000088900581841e-12,1,1,1.0,83,84
v2_random_regular_baseline_s19,v2,random_regular_baseline,19,random_regular,100,4,482,292,4.355385458924045,103,292,0.3527397260273973,78,84
v2_random_regular_baseline_s19,v2,random_regular_baseline,19,random_regular,100,4,483,24,2.302585092984045,10,24,0.4166666666666667,76,66
v2_random_regular_baseline_s19,v2,random_regular_baseline,19,random_regular,100,4,484,0,0.0,0,0,,66,66
v2_random_regular_baseline_s19,v2,random_regular_baseline,19,random_regular,100,4,485,7,0.6931471805579453,2,7,0.2857142857142857,89,84
v2_random_regular_baseline_s19,v2,random_regular_baseline,19,random_regular,100,4,486,69,3.465735902767727,32,69,0.463768115942029,13,66
v2_random_regular_baseline_s19,v2,random_regular_baseline,19,random_regular,100,4,487,2,-1.000088900581841e-12,1,2,0.5,83,84
v2_random_regular_baseline_s19,v2,random_regular_baseline,19,random_regular,100,4,488,89,3.40132296221037,39,89,0.43820224719101125,50,66
v2_random_regular_baseline_s19,v2,random_regular_baseline,19,random_regular,100,4,489,133,3.3436475627642874,39,133,0.2932330827067669,5,84
v2_random_regular_baseline_s19,v2,random_regular_baseline,19,random_regular,100,4,490,189,4.086719197613817,76,189,0.4021164021164021,62,66
v2_random_regular_baseline_s19,v2,random_regular_baseline,19,random_regular,100,4,491,23,2.5649493574485365,13,23,0.5652173913043478,37,80
v2_random_regular_baseline_s19,v2,random_regular_baseline,19,random_regular,100,4,492,245,4.081322206091145,99,245,0.40408163265306124,77,80
v2_random_regular_baseline_s19,v2,random_regular_baseline,19,random_regular,100,4,493,2,-1.000088900581841e-12,1,2,0.5,68,19
v2_random_regular_baseline_s19,v2,random_regular_baseline,19,random_regular,100,4,494,266,4.4854480056458,126,266,0.47368421052631576,45,80
v2_random_regular_baseline_s19,v2,random_regular_baseline,19,random_regular,100,4,495,14,0.6931471805579453,2,14,0.14285714285714285,49,19
v2_random_regular_baseline_s19,v2,random_regular_baseline,19,random_regular,100,4,496,3,1.0986122886651095,3,3,1.0,8,19
v2_random_regular_baseline_s19,v2,random_regular_baseline,19,random_regular,100,4,497,49,2.6980110198281126,19,49,0.3877551020408163,53,66
v2_random_regular_baseline_s19,v2,random_regular_baseline,19,random_regular,100,4,498,33,2.5649493574485365,13,33,0.3939393939393939,92,19
v2_random_regular_baseline_s19,v2,random_regular_baseline,19,random_regular,100,4,499,235,4.220316458045507,84,235,0.3574468085106383,71,66
v2_random_regular_baseline_s19,v2,random_regular_baseline,19,random_regular,100,4,500,27,2.4260151319478083,16,27,0.5925925925925926,37,80
v2_random_regular_baseline_s19,v2,random_regular_baseline,19,random_regular,100,4,501,99,3.4368689714688543,39,99,0.3939393939393939,65,19
v2_random_regular_baseline_s19,v2,random_regular_baseline,19,random_regular,100,4,502,19,1.791759469222055,6,19,0.3157894736842105,57,66
v2_random_regular_baseline_s19,v2,random_regular_baseline,19,random_regular,100,4,503,159,3.8348404765683495,70,159,0.44025157232704404,15,19
v2_random_regular_baseline_s19,v2,random_regular_baseline,19,random_regular,100,4,504,10,1.0986122886651095,3,10,0.3,34,80
v2_random_regular_baseline_s19,v2,random_regular_baseline,19,random_regular,100,4,505,31,2.3978952727873706,11,31,0.3548387096774194,70,19
v2_random_regular_baseline_s19,v2,random_regular_baseline,19,random_regular,100,4,506,37,2.3046193848096714,14,37,0.3783783783783784,78,40
v2_random_regular_baseline_s19,v2,random_regular_baseline,19,random_regular,100,4,507,17,2.079441541671836,8,17,0.47058823529411764,46,80
v2_random_regular_baseline_s19,v2,random_regular_baseline,19,random_regular,100,4,508,0,0.0,0,0,,80,80
v2_random_regular_baseline_s19,v2,random_regular_baseline,19,random_regular,100,4,509,37,2.685945324654788,16,37,0.43243243243243246,53,84
v2_random_regular_baseline_s19,v2,random_regular_baseline,19,random_regular,100,4,510,33,2.341994252221425,14,33,0.42424242424242425,71,40
v2_random_regular_baseline_s19,v2,random_regular_baseline,19,random_regular,100,4,511,100,3.2828949078452725,37,100,0.37,38,40
v2_random_regular_baseline_s19,v2,random_regular_baseline,19,random_regular,100,4,512,77,3.044820482442576,26,77,0.33766233766233766,22,80
v2_random_regular_baseline_s19,v2,random_regular_baseline,19,random_regular,100,4,513,79,3.467994408329786,36,79,0.45569620253164556,85,66
v2_random_regular_baseline_s19,v2,random_regular_baseline,19,random_regular,100,4,514,26,2.302585092984045,10,26,0.38461538461538464,15,80
v2_random_regular_baseline_s19,v2,random_regular_baseline,19,random_regular,100,4,515,10,1.3862943611158909,4,10,0.4,76,84
v2_random_regular_baseline_s19,v2,random_regular_baseline,19,random_regular,100,4,516,158,3.687653741579566,64,158,0.4050632911392405,38,19
v2_random_regular_baseline_s19,v2,random_regular_baseline,19,random_regular,100,4,517,0,0.0,0,0,,66,66
v2_random_regular_baseline_s19,v2,random_regular_baseline,19,random_regular,100,4,518,42,1.6094379124291005,5,42,0.11904761904761904,73,66
v2_random_regular_baseline_s19,v2,random_regular_baseline,19,random_regular,100,4,519,23,2.4583113296710835,13,23,0.5652173913043478,93,84
v2_random_regular_baseline_s19,v2,random_regular_baseline,19,random_regular,100,4,520,305,4.45924096671965,118,305,0.38688524590163936,18,84
v2_random_regular_baseline_s19,v2,random_regular_baseline,19,random_regular,100,4,521,44,2.9444389791474395,19,44,0.4318181818181818,51,80
v2_random_regular_baseline_s19,v2,random_regular_baseline,19,random_regular,100,4,522,59,3.120291565278284,24,59,0.4067796610169492,63,19
v2_random_regular_baseline_s19,v2,random_regular_baseline,19,random_regular,100,4,523,68,3.1931483947852626,27,68,0.39705882352941174,50,40
v2_random_regular_baseline_s19,v2,random_regular_baseline,19,random_regular,100,4,524,73,3.4040404338981127,34,73,0.4657534246575342,52,84
v2_random_regular_baseline_s19,v2,random_regular_baseline,19,random_regular,100,4,525,131,3.6834363242964407,45,131,0.3435114503816794,16,40
v2_random_regular_baseline_s19,v2,random_regular_baseline,19,random_regular,100,4,526,10,1.3321790402061222,5,10,0.5,33,19
v2_random_regular_baseline_s19,v2,random_regular_baseline,19,random_regular,100,4,527,83,3.3524698782394617,36,83,0.43373493975903615,67,80
v2_random_regular_baseline_s19,v2,random_regular_baseline,19,random_regular,100,4,528,7,1.6094379124291005,5,7,0.7142857142857143,44,66
v2_random_regular_baseline_s19,v2,random_regular_baseline,19,random_regular,100,4,529,85,3.66448190441264,43,85,0.5058823529411764,3,19
v2_random_regular_baseline_s19,v2,random_regular_baseline,19,random_regular,100,4,530,32,2.3034884952082693,15,32,0.46875,53,40
v2_random_regular_baseline_s19,v2,random_regular_baseline,19,random_regular,100,4,531,0,0.0,0,0,,84,84
v2_random_regular_baseline_s19,v2,random_regular_baseline,19,random_regular,100,4,532,16,2.1639556568730565,10,16,0.625,35,66
v2_random_regular_baseline_s19,v2,random_regular_baseline,19,random_regular,100,4,533,80,3.472414980727339,39,80,0.4875,68,40
v2_random_regular_baseline_s19,v2,random_regular_baseline,19,random_regular,100,4,534,20,2.302585092984045,10,20,0.5,90,84
v2_random_regular_baseline_s19,v2,random_regular_baseline,19,random_regular,100,4,535,144,3.898952890597693,64,144,0.4444444444444444,33,80
v2_random_regular_baseline_s19,v2,random_regular_baseline,19,random_regular,100,4,536,37,2.670119889791816,17,37,0.4594594594594595,62,40
v2_random_regular_baseline_s19,v2,random_regular_baseline,19,random_regular,100,4,537,104,3.5371688143718343,40,104,0.38461538461538464,32,80
v2_random_regular_baseline_s19,v2,random_regular_baseline,19,random_regular,100,4,538,18,1.9459101490483133,7,18,0.3888888888888889,8,84
v2_random_regular_baseline_s19,v2,random_regular_baseline,19,random_regular,100,4,539,45,2.912494403312053,21,45,0.4666666666666667,43,84
v2_random_regular_baseline_s19,v2,random_regular_baseline,19,random_regular,100,4,540,172,3.9929768661710368,62,172,0.36046511627906974,57,40
v2_random_regular_baseline_s19,v2,random_regular_baseline,19,random_regular,100,4,541,18,1.9061547465328492,8,18,0.4444444444444444,25,84
v2_random_regular_baseline_s19,v2,random_regular_baseline,19,random_regular,100,4,542,170,4.003766425393112,65,170,0.38235294117647056,25,80
v2_random_regular_baseline_s19,v2,random_regular_baseline,19,random_regular,100,4,543,1,-1.000088900581841e-12,1,1,1.0,24,84
v2_random_regular_baseline_s19,v2,random_regular_baseline,19,random_regular,100,4,544,8,1.6094379124291005,5,8,0.625,83,40
v2_random_regular_baseline_s19,v2,random_regular_baseline,19,random_regular,100,4,545,17,1.9061547465328492,8,17,0.47058823529411764,50,84
v2_random_regular_baseline_s19,v2,random_regular_baseline,19,random_regular,100,4,546,146,4.017044059505271,65,146,0.4452054794520548,29,84
v2_random_regular_baseline_s19,v2,random_regular_baseline,19,random_regular,100,4,547,0,0.0,0,0,,19,19
v2_random_regular_baseline_s19,v2,random_regular_baseline,19,random_regular,100,4,548,79,3.422414203983732,32,79,0.4050632911392405,37,66
v2_random_regular_baseline_s19,v2,random_regular_baseline,19,random_regular,100,4,549,17,1.791759469222055,6,17,0.35294117647058826,17,19
v2_random_regular_baseline_s19,v2,random_regular_baseline,19,random_regular,100,4,550,33,2.2718685126865625,11,33,0.3333333333333333,10,40
v2_random_regular_baseline_s19,v2,random_regular_baseline,19,random_regular,100,4,551,18,2.0253262207620675,10,18,0.5555555555555556,25,66
v2_random_regular_baseline_s19,v2,random_regular_baseline,19,random_regular,100,4,552,22,2.0431918705371204,9,22,0.4090909090909091,39,80
v2_random_regular_baseline_s19,v2,random_regular_baseline,19,random_regular,100,4,553,43,2.772588722223781,16,43,0.37209302325581395,2,19
v2_random_regular_baseline_s19,v2,random_regular_baseline,19,random_regular,100,4,554,19,2.302585092984045,10,19,0.5263157894736842,37,80
v2_random_regular_baseline_s19,v2,random_regular_baseline,19,random_regular,100,4,555,180,4.201609705685783,82,180,0.45555555555555555,11,66
v2_random_regular_baseline_s19,v2,random_regular_baseline,19,random_regular,100,4,556,43,2.725550395815721,19,43,0.4418604651162791,23,84
v2_random_regular_baseline_s19,v2,random_regular_baseline,19,random_regular,100,4,557,47,3.0910424533363146,22,47,0.46808510638297873,76,66
v2_random_regular_baseline_s19,v2,random_regular_baseline,19,random_regular,100,4,558,4,0.6931471805579453,2,4,0.5,6,40
v2_random_regular_baseline_s19,v2,random_regular_baseline,19,random_regular,100,4,559,70,3.1931483947852626,27,70,0.38571428571428573,5,66
v2_random_regular_baseline_s19,v2,random_regular_baseline,19,random_regular,100,4,560,83,3.4911163241998726,43,83,0.5180722891566265,81,40
v2_random_regular_baseline_s19,v2,random_regular_baseline,19,random_regular,100,4,561,9,1.3862943611158909,4,9,0.4444444444444444,56,84
v2_random_regular_baseline_s19,v2,random_regular_baseline,19,random_regular,100,4,562,19,2.197224577327219,9,19,0.47368421052631576,9,80
v2_random_regular_baseline_s19,v2,random_regular_baseline,19,random_regular,100,4,563,27,2.197224577327219,9,27,0.3333333333333333,63,66
v2_random_regular_baseline_s19,v2,random_regular_baseline,19,random_regular,100,4,564,123,3.641560094634984,50,123,0.4065040650406504,85,66
v2_random_regular_baseline_s19,v2,random_regular_baseline,19,random_regular,100,4,565,303,4.5064579015289326,146,303,0.48184818481848185,10,84
v2_random_regular_baseline_s19,v2,random_regular_baseline,19,random_regular,100,4,566,56,2.787788119369007,20,56,0.35714285714285715,4,84
v2_random_regular_baseline_s19,v2,random_regular_baseline,19,random_regular,100,4,567,97,3.3478774190495706,34,97,0.35051546391752575,39,84
v2_random_regular_baseline_s19,v2,random_regular_baseline,19,random_regular,100,4,568,5,0.6931471805579453,2,5,0.4,69,80
v2_random_regular_baseline_s19,v2,random_regular_baseline,19,random_regular,100,4,569,50,2.5649493574485365,13,50,0.26,29,66
v2_random_regular_baseline_s19,v2,random_regular_baseline,19,random_regular,100,4,570,0,0.0,0,0,,40,40
v2_random_regular_baseline_s19,v2,random_regular_baseline,19,random_regular,100,4,571,34,2.926417555478996,20,34,0.5882352941176471,49,84
v2_random_regular_baseline_s19,v2,random_regular_baseline,19,random_regular,100,4,572,2,-1.000088900581841e-12,1,2,0.5,79,19
v2_random_regular_baseline_s19,v2,random_regular_baseline,19,random_regular,100,4,573,5,1.3862943611158909,4,5,0.8,61,84
v2_random_regular_baseline_s19,v2,random_regular_baseline,19,random_regular,100,4,574,12,1.3862943611158909,4,12,0.3333333333333333,16,84
v2_random_regular_baseline_s19,v2,random_regular_baseline,19,random_regular,100,4,575,89,3.352360333881,39,89,0.43820224719101125,10,80
v2_random_regular_baseline_s19,v2,random_regular_baseline,19,random_regular,100,4,576,41,2.670119889791817,17,41,0.4146341463414634,44,40
v2_random_regular_baseline_s19,v2,random_regular_baseline,19,random_regular,100,4,577,46,2.772588722223781,16,46,0.34782608695652173,1,84
v2_random_regular_baseline_s19,v2,random_regular_baseline,19,random_regular,100,4,578,18,1.054920167983144,5,18,0.2777777777777778,17,19
v2_random_regular_baseline_s19,v2,random_regular_baseline,19,random_regular,100,4,579,22,2.1639556568730565,10,22,0.45454545454545453,88,40
v2_random_regular_baseline_s19,v2,random_regular_baseline,19,random_regular,100,4,580,25,2.197224577327219,9,25,0.36,63,84
v2_random_regular_baseline_s19,v2,random_regular_baseline,19,random_regular,100,4,581,46,2.4260151319478083,16,46,0.34782608695652173,76,84
v2_random_regular_baseline_s19,v2,random_regular_baseline,19,random_regular,100,4,582,70,3.244492630381296,27,70,0.38571428571428573,2,66
v2_random_regular_baseline_s19,v2,random_regular_baseline,19,random_regular,100,4,583,20,2.0431918705371204,9,20,0.45,31,80
v2_random_regular_baseline_s19,v2,random_regular_baseline,19,random_regular,100,4,584,75,3.335770806415738,32,75,0.4266666666666667,93,19
v2_random_regular_baseline_s19,v2,random_regular_baseline,19,random_regular,100,4,585,0,0.0,0,0,,40,40
v2_random_regular_baseline_s19,v2,random_regular_baseline,19,random_regular,100,4,586,57,2.626164786452234,22,57,0.38596491228070173,87,80
v2_random_regular_baseline_s19,v2,random_regular_baseline,19,random_regular,100,4,587,154,4.055407653727444,73,154,0.474025974025974,91,19
v2_random_regular_baseline_s19,v2,random_regular_baseline,19,random_regular,100,4,588,25,2.079441541671836,8,25,0.32,87,40
v2_random_regular_baseline_s19,v2,random_regular_baseline,19,random_regular,100,4,589,66,3.3445488585774434,31,66,0.4696969696969697,8,40
v2_random_regular_baseline_s19,v2,random_regular_baseline,19,random_regular,100,4,590,25,2.302585092984045,10,25,0.4,62,80
v2_random_regular_baseline_s19,v2,random_regular_baseline,19,random_regular,100,4,591,53,3.062529300232621,24,53,0.4528301886792453,77,66
v2_random_regular_baseline_s19,v2,random_regular_baseline,19,random_regular,100,4,592,124,3.563642803703097,44,124,0.3548387096774194,30,40
v2_random_regular_baseline_s19,v2,random_regular_baseline,19,random_regular,100,4,593,10,1.3321790402061222,5,10,0.5,79,84
v2_random_regular_baseline_s19,v2,random_regular_baseline,19,random_regular,100,4,594,42,2.83412587653726,23,42,0.5476190476190477,18,80
v2_random_regular_baseline_s19,v2,random_regular_baseline,19,random_regular,100,4,595,1,-1.000088900581841e-12,1,1,1.0,91,80
v2_random_regular_baseline_s19,v2,random_regular_baseline,19,random_regular,100,4,596,61,3.0149468801585937,23,61,0.3770491803278688,65,19
v2_random_regular_baseline_s19,v2,random_regular_baseline,19,random_regular,100,4,597,28,2.685945324654788,16,28,0.5714285714285714,70,19
v2_random_regular_baseline_s19,v2,random_regular_baseline,19,random_regular,100,4,598,187,4.0598558950348576,67,187,0.3582887700534759,45,80
v2_random_regular_baseline_s19,v2,random_regular_baseline,19,random_regular,100,4,599,167,3.722354052378692,78,167,0.46706586826347307,36,19
v2_random_regular_baseline_s19,v2,random_regular_baseline,19,random_regular,100,4,600,161,3.903331252312889,61,161,0.37888198757763975,3,80
v2_random_regular_baseline_s19,v2,random_regular_baseline,19,random_regular,100,4,601,43,2.7985132569262934,19,43,0.4418604651162791,28,19
v2_random_regular_baseline_s19,v2,random_regular_baseline,19,random_regular,100,4,602,29,2.813355404483615,18,29,0.6206896551724138,99,84
v2_random_regular_baseline_s19,v2,random_regular_baseline,19,random_regular,100,4,603,140,3.85657123093535,50,140,0.35714285714285715,97,19
v2_random_regular_baseline_s19,v2,random_regular_baseline,19,random_regular,100,4,604,3,0.6931471805579453,2,3,0.6666666666666666,86,66
v2_random_regular_baseline_s19,v2,random_regular_baseline,19,random_regular,100,4,605,18,2.639057329601259,14,18,0.7777777777777778,67,66
v2_random_regular_baseline_s19,v2,random_regular_baseline,19,random_regular,100,4,606,4,0.6931471805579453,2,4,0.5,16,84
v2_random_regular_baseline_s19,v2,random_regular_baseline,19,random_regular,100,4,607,2,0.6931471805579453,2,2,1.0,76,19
v2_random_regular_baseline_s19,v2,random_regular_baseline,19,random_regular,100,4,608,145,4.003766425393112,65,145,0.4482758620689655,89,19
v2_random_regular_baseline_s19,v2,random_regular_baseline,19,random_regular,100,4,609,4,1.0986122886651095,3,4,0.75,95,40
v2_random_regular_baseline_s19,v2,random_regular_baseline,19,random_regular,100,4,610,108,3.9263306648888703,56,108,0.5185185185185185,26,40
v2_random_regular_baseline_s19,v2,random_regular_baseline,19,random_regular,100,4,611,85,2.9420763021302814,31,85,0.36470588235294116,70,84
v2_random_regular_baseline_s19,v2,random_regular_baseline,19,random_regular,100,4,612,20,2.0431918705371204,9,20,0.45,53,80
v2_random_regular_baseline_s19,v2,random_regular_baseline,19,random_regular,100,4,613,21,2.1639556568730565,10,21,0.47619047619047616,97,80
v2_random_regular_baseline_s19,v2,random_regular_baseline,19,random_regular,100,4,614,95,3.539627566658813,42,95,0.4421052631578947,56,80
v2_random_regular_baseline_s19,v2,random_regular_baseline,19,random_regular,100,4,615,33,2.1639556568730565,10,33,0.30303030303030304,22,84
v2_random_regular_baseline_s19,v2,random_regular_baseline,19,random_regular,100,4,616,13,1.6094379124291005,5,13,0.38461538461538464,68,19
v2_random_regular_baseline_s19,v2,random_regular_baseline,19,random_regular,100,4,617,41,2.540036303807981,14,41,0.34146341463414637,75,80
v2_random_regular_baseline_s19,v2,random_regular_baseline,19,random_regular,100,4,618,274,4.287754844479235,104,274,0.3795620437956204,89,80
v2_random_regular_baseline_s19,v2,random_regular_baseline,19,random_regular,100,4,619,34,2.302585092984045,10,34,0.29411764705882354,52,66
v2_random_regular_baseline_s19,v2,random_regular_baseline,19,random_regular,100,4,620,20,2.4583113296710835,13,20,0.65,99,66
v2_random_regular_baseline_s19,v2,random_regular_baseline,19,random_regular,100,4,621,181,4.016669814687904,78,181,0.430939226519337,64,40
v2_random_regular_baseline_s19,v2,random_regular_baseline,19,random_regular,100,4,622,197,4.358519466752345,91,197,0.4619289340101523,15,40
v2_random_regular_baseline_s19,v2,random_regular_baseline,19,random_regular,100,4,623,31,1.8937882323841373,11,31,0.3548387096774194,10,19
v2_random_regular_baseline_s19,v2,random_regular_baseline,19,random_regular,100,4,624,28,2.302585092984045,10,28,0.35714285714285715,39,80
v2_random_regular_baseline_s19,v2,random_regular_baseline,19,random_regular,100,4,625,164,3.8393038461588183,57,164,0.3475609756097561,57,66
v2_random_regular_baseline_s19,v2,random_regular_baseline,19,random_regular,100,4,626,23,2.302585092984045,10,23,0.43478260869565216,48,40
v2_random_regular_baseline_s19,v2,random_regular_baseline,19,random_regular,100,4,627,68,3.1836729714587872,28,68,0.4117647058823529,20,19
v2_random_regular_baseline_s19,v2,random_regular_baseline,19,random_regular,100,4,628,121,3.738230894633928,46,121,0.38016528925619836,77,66
v2_random_regular_baseline_s19,v2,random_regular_baseline,19,random_regular,100,4,629,0,0.0,0,0,,19,19
v2_random_regular_baseline_s19,v2,random_regular_baseline,19,random_regular,100,4,630,60,2.6235217562568094,21,60,0.35,14,66
v2_random_regular_baseline_s19,v2,random_regular_baseline,19,random_regular,100,4,631,119,3.704107926157332,51,119,0.42857142857142855,93,19
v2_random_regular_baseline_s19,v2,random_regular_baseline,19,random_regular,100,4,632,6,1.0986122886651095,3,6,0.5,63,19
v2_random_regular_baseline_s19,v2,random_regular_baseline,19,random_regular,100,4,633,95,3.455179006914453,38,95,0.4,71,40
v2_random_regular_baseline_s19,v2,random_regular_baseline,19,random_regular,100,4,634,129,3.897125545560404,57,129,0.4418604651162791,60,84
v2_random_regular_baseline_s19,v2,random_regular_baseline,19,random_regular,100,4,635,204,4.092980615639382,79,204,0.3872549019607843,27,84
v2_random_regular_baseline_s19,v2,random_regular_baseline,19,random_regular,100,4,636,150,3.4649954620884844,59,150,0.3933333333333333,44,19
v2_random_regular_baseline_s19,v2,random_regular_baseline,19,random_regular,100,4,637,35,2.4799555205315174,16,35,0.45714285714285713,78,66
v2_random_regular_baseline_s19,v2,random_regular_baseline,19,random_regular,100,4,638,30,2.540036303807981,14,30,0.4666666666666667,74,66
v2_random_regular_baseline_s19,v2,random_regular_baseline,19,random_regular,100,4,639,2,-1.000088900581841e-12,1,2,0.5,72,40
v2_random_regular_baseline_s19,v2,random_regular_baseline,19,random_regular,100,4,640,30,2.5649493574485365,13,30,0.43333333333333335,61,40
v2_random_regular_baseline_s19,v2,random_regular_baseline,19,random_regular,100,4,641,31,2.094729047518648,12,31,0.3870967741935484,94,40
v2_random_regular_baseline_s19,v2,random_regular_baseline,19,random_regular,100,4,642,29,2.197224577327219,9,29,0.3103448275862069,54,66
v2_random_regular_baseline_s19,v2,random_regular_baseline,19,random_regular,100,4,643,4,0.6931471805579453,2,4,0.5,43,80
v2_random_regular_baseline_s19,v2,random_regular_baseline,19,random_regular,100,4,644,58,2.98296502919677,24,58,0.41379310344827586,74,40
v2_random_regular_baseline_s19,v2,random_regular_baseline,19,random_regular,100,4,645,147,3.5517259240630823,56,147,0.38095238095238093,60,40
v2_random_regular_baseline_s19,v2,random_regular_baseline,19,random_regular,100,4,646,65,3.2826939972510645,28,65,0.4307692307692308,20,66
v2_random_regular_baseline_s19,v2,random_regular_baseline,19,random_regular,100,4,647,76,3.286462961268799,33,76,0.4342105263157895,91,80
v2_random_regular_baseline_s19,v2,random_regular_baseline,19,random_regular,100,4,648,79,3.2924491076317413,32,79,0.4050632911392405,54,19
v2_random_regular_baseline_s19,v2,random_regular_baseline,19,random_regular,100,4,649,114,3.4019400338031605,44,114,0.38596491228070173,7,84
v2_random_regular_baseline_s19,v2,random_regular_baseline,19,random_regular,100,4,650,10,2.079441541671836,8,10,0.8,54,19
v2_random_regular_baseline_s19,v2,random_regular_baseline,19,random_regular,100,4,651,106,3.256778776224165,41,106,0.3867924528301887,52,80
v2_random_regular_baseline_s19,v2,random_regular_baseline,19,random_regular,100,4,652,51,2.857102837424001,20,51,0.39215686274509803,85,19
v2_random_regular_baseline_s19,v2,random_regular_baseline,19,random_regular,100,4,653,5,0.6931471805579453,2,5,0.4,4,66
v2_random_regular_baseline_s19,v2,random_regular_baseline,19,random_regular,100,4,654,2,-1.000088900581841e-12,1,2,0.5,59,40
v2_random_regular_baseline_s19,v2,random_regular_baseline,19,random_regular,100,4,655,28,2.2718685126865625,11,28,0.39285714285714285,71,66
v2_random_regular_baseline_s19,v2,random_regular_baseline,19,random_regular,100,4,656,0,0.0,0,0,,84,84
v2_random_regular_baseline_s19,v2,random_regular_baseline,19,random_regular,100,4,657,0,0.0,0,0,,40,40
v2_random_regular_baseline_s19,v2,random_regular_baseline,19,random_regular,100,4,658,29,2.7080502010872096,15,29,0.5172413793103449,59,19
v2_random_regular_baseline_s19,v2,random_regular_baseline,19,random_regular,100,4,659,84,3.3445488585774434,31,84,0.36904761904761907,10,80
v2_random_regular_baseline_s19,v2,random_regular_baseline,19,random_regular,100,4,660,7,1.0986122886651095,3,7,0.42857142857142855,24,84
v2_random_regular_baseline_s19,v2,random_regular_baseline,19,random_regular,100,4,661,109,3.5894688121687217,48,109,0.44036697247706424,10,19
v2_random_regular_baseline_s19,v2,random_regular_baseline,19,random_regular,100,4,662,143,4.003766425393112,65,143,0.45454545454545453,56,19
v2_random_regular_baseline_s19,v2,random_regular_baseline,19,random_regular,100,4,663,0,0.0,0,0,,40,40
v2_random_regular_baseline_s19,v2,random_regular_baseline,19,random_regular,100,4,664,13,1.9061547465328492,8,13,0.6153846153846154,6,40
v2_random_regular_baseline_s19,v2,random_regular_baseline,19,random_regular,100,4,665,38,2.5993019270857944,16,38,0.42105263157894735,13,19
v2_random_regular_baseline_s19,v2,random_regular_baseline,19,random_regular,100,4,666,4,-1.000088900581841e-12,1,4,0.25,68,19
v2_random_regular_baseline_s19,v2,random_regular_baseline,19,random_regular,100,4,667,81,3.183672971458787,28,81,0.345679012345679,17,40
v2_random_regular_baseline_s19,v2,random_regular_baseline,19,random_regular,100,4,668,106,3.446277940884956,40,106,0.37735849056603776,72,19
v2_random_regular_baseline_s19,v2,random_regular_baseline,19,random_regular,100,4,669,133,3.828845343713952,50,133,0.37593984962406013,94,84
v2_random_regular_baseline_s19,v2,random_regular_baseline,19,random_regular,100,4,670,13,1.3862943611158909,4,13,0.3076923076923077,31,40
v2_random_regular_baseline_s19,v2,random_regular_baseline,19,random_regular,100,4,671,49,2.5798439652040237,20,49,0.40816326530612246,46,80
v2_random_regular_baseline_s19,v2,random_regular_baseline,19,random_regular,100,4,672,122,3.856101073061301,55,122,0.45081967213114754,50,80
v2_random_regular_baseline_s19,v2,random_regular_baseline,19,random_regular,100,4,673,37,2.393312122962524,16,37,0.43243243243243246,33,19
v2_random_regular_baseline_s19,v2,random_regular_baseline,19,random_regular,100,4,674,0,0.0,0,0,,19,19
v2_random_regular_baseline_s19,v2,random_regular_baseline,19,random_regular,100,4,675,40,2.5993019270857944,16,40,0.4,89,40
v2_random_regular_baseline_s19,v2,random_regular_baseline,19,random_regular,100,4,676,2,0.6931471805579453,2,2,1.0,56,40
v2_random_regular_baseline_s19,v2,random_regular_baseline,19,random_regular,100,4,677,147,3.627050793774561,58,147,0.3945578231292517,65,40
v2_random_regular_baseline_s19,v2,random_regular_baseline,19,random_regular,100,4,678,46,2.9785084205072385,21,46,0.45652173913043476,57,84
v2_random_regular_baseline_s19,v2,random_regular_baseline,19,random_regular,100,4,679,29,2.3978952727873706,11,29,0.3793103448275862,35,84
v2_random_regular_baseline_s19,v2,random_regular_baseline,19,random_regular,100,4,680,110,3.806945133098103,49,110,0.44545454545454544,11,19
v2_random_regular_baseline_s19,v2,random_regular_baseline,19,random_regular,100,4,681,14,1.0986122886651095,3,14,0.21428571428571427,53,84
v2_random_regular_baseline_s19,v2,random_regular_baseline,19,random_regular,100,4,682,0,0.0,0,0,,40,40
v2_random_regular_baseline_s19,v2,random_regular_baseline,19,random_regular,100,4,683,20,2.079441541671836,8,20,0.4,4,80
v2_random_regular_baseline_s19,v2,random_regular_baseline,19,random_regular,100,4,684,82,3.1836729714587872,28,82,0.34146341463414637,75,40
v2_random_regular_baseline_s19,v2,random_regular_baseline,19,random_regular,100,4,685,13,2.079441541671836,8,13,0.6153846153846154,47,19
v2_random_regular_baseline_s19,v2,random_regular_baseline,19,random_regular,100,4,686,160,3.2788746184244992,45,160,0.28125,63,66
v2_random_regular_baseline_s19,v2,random_regular_baseline,19,random_regular,100,4,687,1,-1.000088900581841e-12,1,1,1.0,23,40
v2_random_regular_baseline_s19,v2,random_regular_baseline,19,random_regular,100,4,688,66,2.665394159967387,22,66,0.3333333333333333,11,66
v2_random_regular_baseline_s19,v2,random_regular_baseline,19,random_regular,100,4,689,176,3.936482217646824,70,176,0.3977272727272727,27,40
v2_random_regular_baseline_s19,v2,random_regular_baseline,19,random_regular,100,4,690,51,2.912494403312053,21,51,0.4117647058823529,16,19
v2_random_regular_baseline_s19,v2,random_regular_baseline,19,random_regular,100,4,691,81,3.3524698782394617,36,81,0.4444444444444444,29,40
v2_random_regular_baseline_s19,v2,random_regular_baseline,19,random_regular,100,4,692,94,3.43652283050428,35,94,0.3723404255319149,20,66
v2_random_regular_baseline_s19,v2,random_regular_baseline,19,random_regular,100,4,693,3,0.6931471805579453,2,3,0.6666666666666666,4,66
v2_random_regular_baseline_s19,v2,random_regular_baseline,19,random_regular,100,4,694,135,3.9932041356953656,60,135,0.4444444444444444,83,80
v2_random_regular_baseline_s19,v2,random_regular_baseline,19,random_regular,100,4,695,61,2.813355404483615,18,61,0.29508196721311475,75,40
v2_random_regular_baseline_s19,v2,random_regular_baseline,19,random_regular,100,4,696,84,3.312615876945234,33,84,0.39285714285714285,53,80
v2_random_regular_baseline_s19,v2,random_regular_baseline,19,random_regular,100,4,697,133,3.895099034106584,62,133,0.46616541353383456,46,19
v2_random_regular_baseline_s19,v2,random_regular_baseline,19,random_regular,100,4,698,224,4.338432775024328,87,224,0.38839285714285715,63,80
v2_random_regular_baseline_s19,v2,random_regular_baseline,19,random_regular,100,4,699,252,4.2899618907678585,89,252,0.3531746031746032,49,84
v2_random_regular_baseline_s19,v2,random_regular_baseline,19,random_regular,100,4,700,7,1.0986122886651095,3,7,0.42857142857142855,74,80
v2_random_regular_baseline_s19,v2,random_regular_baseline,19,random_regular,100,4,701,20,1.791759469222055,6,20,0.3,62,66
v2_random_regular_baseline_s19,v2,random_regular_baseline,19,random_regular,100,4,702,43,2.5164103001389413,21,43,0.4883720930232558,77,66
v2_random_regular_baseline_s19,v2,random_regular_baseline,19,random_regular,100,4,703,99,3.480935299911953,40,99,0.40404040404040403,46,80
v2_random_regular_baseline_s19,v2,random_regular_baseline,19,random_regular,100,4,704,91,3.3909780549362365,36,91,0.3956043956043956,25,84
v2_random_regular_baseline_s19,v2,random_regular_baseline,19,random_regular,100,4,705,378,4.602478384941327,154,378,0.4074074074074074,92,80
v2_random_regular_baseline_s19,v2,random_regular_baseline,19,random_regular,100,4,706,100,3.728960711904589,43,100,0.43,63,40
v2_random_regular_baseline_s19,v2,random_regular_baseline,19,random_regular,100,4,707,37,2.5993019270857944,16,37,0.43243243243243246,7,66
v2_random_regular_baseline_s19,v2,random_regular_baseline,19,random_regular,100,4,708,150,3.985428526609778,69,150,0.46,34,80
v2_random_regular_baseline_s19,v2,random_regular_baseline,19,random_regular,100,4,709,71,3.1836729714587872,28,71,0.39436619718309857,77,66
v2_random_regular_baseline_s19,v2,random_regular_baseline,19,random_regular,100,4,710,8,1.0986122886651095,3,8,0.375,33,84
v2_random_regular_baseline_s19,v2,random_regular_baseline,19,random_regular,100,4,711,0,0.0,0,0,,84,84
v2_random_regular_baseline_s19,v2,random_regular_baseline,19,random_regular,100,4,712,19,1.6094379124291005,5,19,0.2631578947368421,26,40
v2_random_regular_baseline_s19,v2,random_regular_baseline,19,random_regular,100,4,713,50,2.902002313186603,22,50,0.44,92,66
v2_random_regular_baseline_s19,v2,random_regular_baseline,19,random_regular,100,4,714,123,3.7610399344701584,53,123,0.43089430894308944,89,66
v2_random_regular_baseline_s19,v2,random_regular_baseline,19,random_regular,100,4,715,51,2.787788119369007,20,51,0.39215686274509803,23,66
v2_random_regular_baseline_s19,v2,random_regular_baseline,19,random_regular,100,4,716,289,4.370427575106538,118,289,0.4083044982698962,82,84
v2_random_regular_baseline_s19,v2,random_regular_baseline,19,random_regular,100,4,717,203,4.015831238942739,80,203,0.39408866995073893,3,66
v2_random_regular_baseline_s19,v2,random_regular_baseline,19,random_regular,100,4,718,66,3.2491274088477446,32,66,0.48484848484848486,59,19
v2_random_regular_baseline_s19,v2,random_regular_baseline,19,random_regular,100,4,719,0,0.0,0,0,,84,84
v2_random_regular_baseline_s19,v2,random_regular_baseline,19,random_regular,100,4,720,47,2.5532370029797145,18,47,0.3829787234042553,94,40
v2_random_regular_baseline_s19,v2,random_regular_baseline,19,random_regular,100,4,721,302,4.330502619611612,119,302,0.39403973509933776,45,19
v2_random_regular_baseline_s19,v2,random_regular_baseline,19,random_regular,100,4,722,33,2.1458417525857545,11,33,0.3333333333333333,96,80
v2_random_regular_baseline_s19,v2,random_regular_baseline,19,random_regular,100,4,723,10,1.6094379124291005,5,10,0.5,65,66
v2_random_regular_baseline_s19,v2,random_regular_baseline,19,random_regular,100,4,724,69,3.233183484354926,28,69,0.4057971014492754,43,84
v2_random_regular_baseline_s19,v2,random_regular_baseline,19,random_regular,100,4,725,9,1.3862943611158909,4,9,0.4444444444444444,90,66
v2_random_regular_baseline_s19,v2,random_regular_baseline,19,random_regular,100,4,726,0,0.0,0,0,,80,80
v2_random_regular_baseline_s19,v2,random_regular_baseline,19,random_regular,100,4,727,33,2.3978952727873706,11,33,0.3333333333333333,89,66
v2_random_regular_baseline_s19,v2,random_regular_baseline,19,random_regular,100,4,728,84,3.170148321450507,30,84,0.35714285714285715,24,66
v2_random_regular_baseline_s19,v2,random_regular_baseline,19,random_regular,100,4,729,31,2.079441541671836,8,31,0.25806451612903225,39,80
v2_random_regular_baseline_s19,v2,random_regular_baseline,19,random_regular,100,4,730,16,1.791759469222055,6,16,0.375,53,84
v2_random_regular_baseline_s19,v2,random_regular_baseline,19,random_regular,100,4,731,32,2.639057329601259,14,32,0.4375,77,66
v2_random_regular_baseline_s19,v2,random_regular_baseline,19,random_regular,100,4,732,60,3.335770806415738,32,60,0.5333333333333333,30,80
v2_random_regular_baseline_s19,v2,random_regular_baseline,19,random_regular,100,4,733,96,3.177514020507747,40,96,0.4166666666666667,8,40
v2_random_regular_baseline_s19,v2,random_regular_baseline,19,random_regular,100,4,734,66,3.233183484354926,28,66,0.42424242424242425,6,40
v2_random_regular_baseline_s19,v2,random_regular_baseline,19,random_regular,100,4,735,4,-1.000088900581841e-12,1,4,0.25,23,40
v2_random_regular_baseline_s19,v2,random_regular_baseline,19,random_regular,100,4,736,72,3.2238860684653137,29,72,0.4027777777777778,43,40
v2_random_regular_baseline_s19,v2,random_regular_baseline,19,random_regular,100,4,737,172,3.86582757573276,67,172,0.38953488372093026,63,66
v2_random_regular_baseline_s19,v2,random_regular_baseline,19,random_regular,100,4,738,30,2.369382119683676,12,30,0.4,6,40
v2_random_regular_baseline_s19,v2,random_regular_baseline,19,random_regular,100,4,739,15,1.559581156254877,8,15,0.5333333333333333,85,66
v2_random_regular_baseline_s19,v2,random_regular_baseline,19,random_regular,100,4,740,22,1.6094379124291005,5,22,0.22727272727272727,71,84
v2_random_regular_baseline_s19,v2,random_regular_baseline,19,random_regular,100,4,741,11,1.3862943611158909,4,11,0.36363636363636365,90,19
v2_random_regular_baseline_s19,v2,random_regular_baseline,19,random_regular,100,4,742,255,4.133703193116623,92,255,0.3607843137254902,51,66
v2_random_regular_baseline_s19,v2,random_regular_baseline,19,random_regular,100,4,743,9,1.0986122886651095,3,9,0.3333333333333333,41,80
v2_random_regular_baseline_s19,v2,random_regular_baseline,19,random_regular,100,4,744,37,2.302585092984045,10,37,0.2702702702702703,4,66
v2_random_regular_baseline_s19,v2,random_regular_baseline,19,random_regular,100,4,745,2,-1.000088900581841e-12,1,2,0.5,64,84
v2_random_regular_baseline_s19,v2,random_regular_baseline,19,random_regular,100,4,746,17,2.079441541671836,8,17,0.47058823529411764,10,40
v2_random_regular_baseline_s19,v2,random_regular_baseline,19,random_regular,100,4,747,47,2.857102837424001,20,47,0.425531914893617,2,19
v2_random_regular_baseline_s19,v2,random_regular_baseline,19,random_regular,100,4,748,34,2.302585092984045,10,34,0.29411764705882354,38,84
v2_random_regular_baseline_s19,v2,random_regular_baseline,19,random_regular,100,4,749,14,1.3862943611158909,4,14,0.2857142857142857,58,80
v2_random_regular_baseline_s19,v2,random_regular_baseline,19,random_regular,100,4,750,11,2.0431918705371204,9,11,0.8181818181818182,48,19
v2_random_regular_baseline_s19,v2,random_regular_baseline,19,random_regular,100,4,751,10,1.9459101490483133,7,10,0.7,29,80
v2_random_regular_baseline_s19,v2,random_regular_baseline,19,random_regular,100,4,752,13,1.054920167983144,5,13,0.38461538461538464,79,19
v2_random_regular_baseline_s19,v2,random_regular_baseline,19,random_regular,100,4,753,15,1.791759469222055,6,15,0.4,51,40
v2_random_regular_baseline_s19,v2,random_regular_baseline,19,random_regular,100,4,754,36,2.772588722223781,16,36,0.4444444444444444,10,40
v2_random_regular_baseline_s19,v2,random_regular_baseline,19,random_regular,100,4,755,102,3.281720343214063,34,102,0.3333333333333333,50,19
v2_random_regular_baseline_s19,v2,random_regular_baseline,19,random_regular,100,4,756,0,0.0,0,0,,66,66
v2_random_regular_baseline_s19,v2,random_regular_baseline,19,random_regular,100,4,757,7,1.6094379124291005,5,7,0.7142857142857143,15,80
v2_random_regular_baseline_s19,v2,random_regular_baseline,19,random_regular,100,4,758,90,3.4365228305042805,35,90,0.3888888888888889,33,66
v2_random_regular_baseline_s19,v2,random_regular_baseline,19,random_regular,100,4,759,5,0.6931471805579453,2,5,0.4,85,66
v2_random_regular_baseline_s19,v2,random_regular_baseline,19,random_regular,100,4,760,92,3.233183484354926,28,92,0.30434782608695654,15,40
v2_random_regular_baseline_s19,v2,random_regular_baseline,19,random_regular,100,4,761,7,1.0986122886651095,3,7,0.42857142857142855,99,40
v2_random_regular_baseline_s19,v2,random_regular_baseline,19,random_regular,100,4,762,124,3.750361689789087,49,124,0.3951612903225806,8,80
v2_random_regular_baseline_s19,v2,random_regular_baseline,19,random_regular,100,4,763,54,2.926417555478996,20,54,0.37037037037037035,32,19
v2_random_regular_baseline_s19,v2,random_regular_baseline,19,random_regular,100,4,764,2,0.6931471805579453,2,2,1.0,54,19
v2_random_regular_baseline_s19,v2,random_regular_baseline,19,random_regular,100,4,765,62,3.014630013702276,29,62,0.46774193548387094,64,66
v2_random_regular_baseline_s19,v2,random_regular_baseline,19,random_regular,100,4,766,150,3.6261771738213073,54,150,0.36,85,84
v2_random_regular_baseline_s19,v2,random_regular_baseline,19,random_regular,100,4,767,41,2.685945324654788,16,41,0.3902439024390244,87,40
v2_random_regular_baseline_s19,v2,random_regular_baseline,19,random_regular,100,4,768,75,3.3445488585774434,31,75,0.41333333333333333,88,80
v2_random_regular_baseline_s19,v2,random_regular_baseline,19,random_regular,100,4,769,96,3.5713654871927973,44,96,0.4583333333333333,4,40
v2_random_regular_baseline_s19,v2,random_regular_baseline,19,random_regular,100,4,770,30,2.5232109529398907,15,30,0.5,7,66
v2_random_regular_baseline_s19,v2,random_regular_baseline,19,random_regular,100,4,771,13,1.791759469222055,6,13,0.46153846153846156,39,66
v2_random_regular_baseline_s19,v2,random_regular_baseline,19,random_regular,100,4,772,3,1.0986122886651095,3,3,1.0,98,40
v2_random_regular_baseline_s19,v2,random_regular_baseline,19,random_regular,100,4,773,30,2.540036303807981,14,30,0.4666666666666667,69,19
v2_random_regular_baseline_s19,v2,random_regular_baseline,19,random_regular,100,4,774,2,0.6931471805579453,2,2,1.0,32,80
v2_random_regular_baseline_s19,v2,random_regular_baseline,19,random_regular,100,4,775,42,2.912494403312053,21,42,0.5,53,80
v2_random_regular_baseline_s19,v2,random_regular_baseline,19,random_regular,100,4,776,68,3.16498553775291,28,68,0.4117647058823529,65,66
v2_random_regular_baseline_s19,v2,random_regular_baseline,19,random_regular,100,4,777,67,3.1780538303239454,24,67,0.3582089552238806,6,80
v2_random_regular_baseline_s19,v2,random_regular_baseline,19,random_regular,100,4,778,8,1.3321790402061222,5,8,0.625,65,80
v2_random_regular_baseline_s19,v2,random_regular_baseline,19,random_regular,100,4,779,80,3.266330691926871,34,80,0.425,49,66
v2_random_regular_baseline_s19,v2,random_regular_baseline,19,random_regular,100,4,780,158,3.9271300858680265,73,158,0.4620253164556962,73,84
v2_random_regular_baseline_s19,v2,random_regular_baseline,19,random_regular,100,4,781,131,3.827309639098593,56,131,0.42748091603053434,46,66
v2_random_regular_baseline_s19,v2,random_regular_baseline,19,random_regular,100,4,782,17,1.9061547465328492,8,17,0.47058823529411764,92,40
v2_random_regular_baseline_s19,v2,random_regular_baseline,19,random_regular,100,4,783,7,1.3862943611158909,4,7,0.5714285714285714,62,80
v2_random_regular_baseline_s19,v2,random_regular_baseline,19,random_regular,100,4,784,46,2.813355404483615,18,46,0.391304347826087,60,66
v2_random_regular_baseline_s19,v2,random_regular_baseline,19,random_regular,100,4,785,23,1.9459101490483133,7,23,0.30434782608695654,25,80
v2_random_regular_baseline_s19,v2,random_regular_baseline,19,random_regular,100,4,786,39,2.639057329601259,14,39,0.358974358974359,0,40
v2_random_regular_baseline_s19,v2,random_regular_baseline,19,random_regular,100,4,787,35,2.083766037476648,15,35,0.42857142857142855,60,19
v2_random_regular_baseline_s19,v2,random_regular_baseline,19,random_regular,100,4,788,3,-1.000088900581841e-12,1,3,0.3333333333333333,64,84
v2_random_regular_baseline_s19,v2,random_regular_baseline,19,random_regular,100,4,789,20,2.197224577327219,9,20,0.45,43,80
v2_random_regular_baseline_s19,v2,random_regular_baseline,19,random_regular,100,4,790,83,3.357306009870857,35,83,0.42168674698795183,18,80
v2_random_regular_baseline_s19,v2,random_regular_baseline,19,random_regular,100,4,791,8,1.3862943611158909,4,8,0.5,23,40
v2_random_regular_baseline_s19,v2,random_regular_baseline,19,random_regular,100,4,792,7,1.0986122886651095,3,7,0.42857142857142855,99,84
v2_random_regular_baseline_s19,v2,random_regular_baseline,19,random_regular,100,4,793,0,0.0,0,0,,84,84
v2_random_regular_baseline_s19,v2,random_regular_baseline,19,random_regular,100,4,794,115,3.738230894633928,46,115,0.4,10,66
v2_random_regular_baseline_s19,v2,random_regular_baseline,19,random_regular,100,4,795,161,3.8363068485346,58,161,0.36024844720496896,44,66
v2_random_regular_baseline_s19,v2,random_regular_baseline,19,random_regular,100,4,796,30,2.670119889791816,17,30,0.5666666666666667,22,19
v2_random_regular_baseline_s19,v2,random_regular_baseline,19,random_regular,100,4,797,126,3.863624799861677,57,126,0.4523809523809524,26,19
v2_random_regular_baseline_s19,v2,random_regular_baseline,19,random_regular,100,4,798,94,3.472414980727339,39,94,0.4148936170212766,65,66
v2_random_regular_baseline_s19,v2,random_regular_baseline,19,random_regular,100,4,799,21,2.302585092984045,10,21,0.47619047619047616,53,19
v2_random_regular_baseline_s19,v2,random_regular_baseline,19,random_regular,100,4,800,24,2.197224577327219,9,24,0.375,26,66
v2_random_regular_baseline_s19,v2,random_regular_baseline,19,random_regular,100,4,801,11,1.3862943611158909,4,11,0.36363636363636365,69,66
v2_random_regular_baseline_s19,v2,random_regular_baseline,19,random_regular,100,4,802,93,3.396914420187568,35,93,0.3763440860215054,85,40
v2_random_regular_baseline_s19,v2,random_regular_baseline,19,random_regular,100,4,803,6,1.039720770836918,4,6,0.6666666666666666,18,66
v2_random_regular_baseline_s19,v2,random_regular_baseline,19,random_regular,100,4,804,96,3.2609188541847858,36,96,0.375,4,84
v2_random_regular_baseline_s19,v2,random_regular_baseline,19,random_regular,100,4,805,52,2.894399544411038,23,52,0.4423076923076923,74,66
v2_random_regular_baseline_s19,v2,random_regular_baseline,19,random_regular,100,4,806,28,2.079441541671836,8,28,0.2857142857142857,56,84
v2_random_regular_baseline_s19,v2,random_regular_baseline,19,random_regular,100,4,807,27,2.0253262207620675,10,27,0.37037037037037035,91,84
v2_random_regular_baseline_s19,v2,random_regular_baseline,19,random_regular,100,4,808,217,4.112689569173476,90,217,0.4147465437788018,42,80
v2_random_regular_baseline_s19,v2,random_regular_baseline,19,random_regular,100,4,809,8,1.3862943611158909,4,8,0.5,9,40
v2_random_regular_baseline_s19,v2,random_regular_baseline,19,random_regular,100,4,810,39,2.625048158717539,19,39,0.48717948717948717,53,40
v2_random_regular_baseline_s19,v2,random_regular_baseline,19,random_regular,100,4,811,94,3.498515667114017,37,94,0.39361702127659576,45,66
v2_random_regular_baseline_s19,v2,random_regular_baseline,19,random_regular,100,4,812,24,2.369382119683676,12,24,0.5,39,40
v2_random_regular_baseline_s19,v2,random_regular_baseline,19,random_regular,100,4,813,6,-1.000088900581841e-12,1,6,0.16666666666666666,28,80
v2_random_regular_baseline_s19,v2,random_regular_baseline,19,random_regular,100,4,814,111,3.4423435271674387,49,111,0.44144144144144143,2,84
v2_random_regular_baseline_s19,v2,random_regular_baseline,19,random_regular,100,4,815,53,2.857102837424001,20,53,0.37735849056603776,73,19
v2_random_regular_baseline_s19,v2,random_regular_baseline,19,random_regular,100,4,816,137,3.7545647056209694,52,137,0.3795620437956204,27,40
v2_random_regular_baseline_s19,v2,random_regular_baseline,19,random_regular,100,4,817,29,2.302585092984045,10,29,0.3448275862068966,73,80
v2_random_regular_baseline_s19,v2,random_regular_baseline,19,random_regular,100,4,818,173,3.895099034106584,62,173,0.3583815028901734,91,84
v2_random_regular_baseline_s19,v2,random_regular_baseline,19,random_regular,100,4,819,134,3.8920637092286303,60,134,0.44776119402985076,27,84
v2_random_regular_baseline_s19,v2,random_regular_baseline,19,random_regular,100,4,820,84,3.134162458562648,28,84,0.3333333333333333,59,84
v2_random_regular_baseline_s19,v2,random_regular_baseline,19,random_regular,100,4,821,49,2.925202764151108,24,49,0.4897959183673469,73,19
v2_random_regular_baseline_s19,v2,random_regular_baseline,19,random_regular,100,4,822,20,1.9459101490483133,7,20,0.35,90,84
v2_random_regular_baseline_s19,v2,random_regular_baseline,19,random_regular,100,4,823,1,-1.000088900581841e-12,1,1,1.0,96,66
v2_random_regular_baseline_s19,v2,random_regular_baseline,19,random_regular,100,4,824,2,-1.000088900581841e-12,1,2,0.5,24,84
v2_random_regular_baseline_s19,v2,random_regular_baseline,19,random_regular,100,4,825,0,0.0,0,0,,80,80
v2_random_regular_baseline_s19,v2,random_regular_baseline,19,random_regular,100,4,826,58,3.052520501511814,25,58,0.43103448275862066,9,66
v2_random_regular_baseline_s19,v2,random_regular_baseline,19,random_regular,100,4,827,138,3.791286676867748,52,138,0.37681159420289856,31,84
v2_random_regular_baseline_s19,v2,random_regular_baseline,19,random_regular,100,4,828,100,3.556923618315194,39,100,0.39,50,66
v2_random_regular_baseline_s19,v2,random_regular_baseline,19,random_regular,100,4,829,133,3.6401519506812425,48,133,0.3609022556390977,98,40
v2_random_regular_baseline_s19,v2,random_regular_baseline,19,random_regular,100,4,830,57,3.163424050399405,25,57,0.43859649122807015,11,84
v2_random_regular_baseline_s19,v2,random_regular_baseline,19,random_regular,100,4,831,2,-1.000088900581841e-12,1,2,0.5,79,84
v2_random_regular_baseline_s19,v2,random_regular_baseline,19,random_regular,100,4,832,54,2.5126585295168016,16,54,0.2962962962962963,81,40
v2_random_regular_baseline_s19,v2,random_regular_baseline,19,random_regular,100,4,833,60,3.044522437702424,21,60,0.35,76,80
v2_random_regular_baseline_s19,v2,random_regular_baseline,19,random_regular,100,4,834,341,4.63579401398902,140,341,0.41055718475073316,51,66
v2_random_regular_baseline_s19,v2,random_regular_baseline,19,random_regular,100,4,835,157,3.955759686525867,64,157,0.40764331210191085,69,40
v2_random_regular_baseline_s19,v2,random_regular_baseline,19,random_regular,100,4,836,20,2.3978952727873706,11,20,0.55,1,80
v2_random_regular_baseline_s19,v2,random_regular_baseline,19,random_regular,100,4,837,43,2.302585092984045,10,43,0.23255813953488372,38,66
v2_random_regular_baseline_s19,v2,random_regular_baseline,19,random_regular,100,4,838,12,1.6094379124291005,5,12,0.4166666666666667,31,80
v2_random_regular_baseline_s19,v2,random_regular_baseline,19,random_regular,100,4,839,34,2.1458417525857545,11,34,0.3235294117647059,15,40
v2_random_regular_baseline_s19,v2,random_regular_baseline,19,random_regular,100,4,840,23,1.6094379124291005,5,23,0.21739130434782608,69,80
v2_random_regular_baseline_s19,v2,random_regular_baseline,19,random_regular,100,4,841,106,3.6979142157259046,48,106,0.4528301886792453,31,80
v2_random_regular_baseline_s19,v2,random_regular_baseline,19,random_regular,100,4,842,102,3.7511673279840334,53,102,0.5196078431372549,68,80
v2_random_regular_baseline_s19,v2,random_regular_baseline,19,random_regular,100,4,843,100,3.498515667114017,37,100,0.37,78,80
v2_random_regular_baseline_s19,v2,random_regular_baseline,19,random_regular,100,4,844,6,0.6931471805579453,2,6,0.3333333333333333,26,84
v2_random_regular_baseline_s19,v2,random_regular_baseline,19,random_regular,100,4,845,3,0.6931471805579453,2,3,0.6666666666666666,82,40
v2_random_regular_baseline_s19,v2,random_regular_baseline,19,random_regular,100,4,846,17,1.3862943611158909,4,17,0.23529411764705882,24,84
v2_random_regular_baseline_s19,v2,random_regular_baseline,19,random_regular,100,4,847,51,2.9791940709650624,30,51,0.5882352941176471,48,66
v2_random_regular_baseline_s19,v2,random_regular_baseline,19,random_regular,100,4,848,9,1.0986122886651095,3,9,0.3333333333333333,16,66
v2_random_regular_baseline_s19,v2,random_regular_baseline,19,random_regular,100,4,849,216,4.178703629421056,83,216,0.38425925925925924,77,66
v2_random_regular_baseline_s19,v2,random_regular_baseline,19,random_regular,100,4,850,122,3.717941794828361,50,122,0.4098360655737705,63,66
v2_random_regular_baseline_s19,v2,random_regular_baseline,19,random_regular,100,4,851,41,2.3516733018936304,13,41,0.3170731707317073,67,84
v2_random_regular_baseline_s19,v2,random_regular_baseline,19,random_regular,100,4,852,233,4.245501821486685,95,233,0.40772532188841204,18,40
v2_random_regular_baseline_s19,v2,random_regular_baseline,19,random_regular,100,4,853,2,-1.000088900581841e-12,1,2,0.5,72,40
v2_random_regular_baseline_s19,v2,random_regular_baseline,19,random_regular,100,4,854,7,0.6931471805579453,2,7,0.2857142857142857,49,19
v2_random_regular_baseline_s19,v2,random_regular_baseline,19,random_regular,100,4,855,274,4.40585649390766,100,274,0.36496350364963503,8,80
v2_random_regular_baseline_s19,v2,random_regular_baseline,19,random_regular,100,4,856,47,2.925202764151108,24,47,0.5106382978723404,53,66
v2_random_regular_baseline_s19,v2,random_regular_baseline,19,random_regular,100,4,857,124,3.8349513397251753,54,124,0.43548387096774194,7,84
v2_random_regular_baseline_s19,v2,random_regular_baseline,19,random_regular,100,4,858,33,2.8332133440392155,17,33,0.5151515151515151,12,40
v2_random_regular_baseline_s19,v2,random_regular_baseline,19,random_regular,100,4,859,18,1.791759469222055,6,18,0.3333333333333333,5,84
v2_random_regular_baseline_s19,v2,random_regular_baseline,19,random_regular,100,4,860,58,2.685945324654788,16,58,0.27586206896551724,79,40
v2_random_regular_baseline_s19,v2,random_regular_baseline,19,random_regular,100,4,861,13,2.197224577327219,9,13,0.6923076923076923,88,40
v2_random_regular_baseline_s19,v2,random_regular_baseline,19,random_regular,100,4,862,48,2.268605285623966,15,48,0.3125,88,40
v2_random_regular_baseline_s19,v2,random_regular_baseline,19,random_regular,100,4,863,63,3.062529300232621,24,63,0.38095238095238093,44,80
v2_random_regular_baseline_s19,v2,random_regular_baseline,19,random_regular,100,4,864,105,3.5240876107777206,40,105,0.38095238095238093,48,19
v2_random_regular_baseline_s19,v2,random_regular_baseline,19,random_regular,100,4,865,63,3.0910424533363146,22,63,0.3492063492063492,25,80
v2_random_regular_baseline_s19,v2,random_regular_baseline,19,random_regular,100,4,866,60,2.920687026873641,25,60,0.4166666666666667,4,66
v2_random_regular_baseline_s19,v2,random_regular_baseline,19,random_regular,100,4,867,52,2.5532370029797145,18,52,0.34615384615384615,25,84
v2_random_regular_baseline_s19,v2,random_regular_baseline,19,random_regular,100,4,868,63,3.1418041591892294,27,63,0.42857142857142855,26,84
v2_random_regular_baseline_s19,v2,random_regular_baseline,19,random_regular,100,4,869,28,1.9459101490483133,7,28,0.25,5,66
v2_random_regular_baseline_s19,v2,random_regular_baseline,19,random_regular,100,4,870,64,2.8152049266019468,22,64,0.34375,91,80
v2_random_regular_baseline_s19,v2,random_regular_baseline,19,random_regular,100,4,871,15,2.079441541671836,8,15,0.5333333333333333,89,19
v2_random_regular_baseline_s19,v2,random_regular_baseline,19,random_regular,100,4,872,177,3.890777138351371,64,177,0.3615819209039548,4,66
v2_random_regular_baseline_s19,v2,random_regular_baseline,19,random_regular,100,4,873,41,2.5993019270857944,16,41,0.3902439024390244,4,40
v2_random_regular_baseline_s19,v2,random_regular_baseline,19,random_regular,100,4,874,307,4.543257292527247,128,307,0.4169381107491857,29,84
v2_random_regular_baseline_s19,v2,random_regular_baseline,19,random_regular,100,4,875,121,3.67795722676115,46,121,0.38016528925619836,11,19
v2_random_regular_baseline_s19,v2,random_regular_baseline,19,random_regular,100,4,876,8,1.3862943611158909,4,8,0.5,35,84
v2_random_regular_baseline_s19,v2,random_regular_baseline,19,random_regular,100,4,877,7,1.791759469222055,6,7,0.8571428571428571,57,84
v2_random_regular_baseline_s19,v2,random_regular_baseline,19,random_regular,100,4,878,33,2.8903717578781647,18,33,0.5454545454545454,83,80
v2_random_regular_baseline_s19,v2,random_regular_baseline,19,random_regular,100,4,879,72,3.2625679455231658,30,72,0.4166666666666667,15,80
v2_random_regular_baseline_s19,v2,random_regular_baseline,19,random_regular,100,4,880,25,2.2718685126865625,11,25,0.44,50,40
v2_random_regular_baseline_s19,v2,random_regular_baseline,19,random_regular,100,4,881,27,2.4583113296710835,13,27,0.48148148148148145,74,66
v2_random_regular_baseline_s19,v2,random_regular_baseline,19,random_regular,100,4,882,71,2.8464803861168675,21,71,0.29577464788732394,12,40
v2_random_regular_baseline_s19,v2,random_regular_baseline,19,random_regular,100,4,883,14,1.6094379124291005,5,14,0.35714285714285715,70,19
v2_random_regular_baseline_s19,v2,random_regular_baseline,19,random_regular,100,4,884,180,3.7014850413094713,71,180,0.39444444444444443,30,19
v2_random_regular_baseline_s19,v2,random_regular_baseline,19,random_regular,100,4,885,14,1.6094379124291005,5,14,0.35714285714285715,64,66
v2_random_regular_baseline_s19,v2,random_regular_baseline,19,random_regular,100,4,886,17,1.9459101490483133,7,17,0.4117647058823529,25,84
v2_random_regular_baseline_s19,v2,random_regular_baseline,19,random_regular,100,4,887,11,1.791759469222055,6,11,0.5454545454545454,44,40
v2_random_regular_baseline_s19,v2,random_regular_baseline,19,random_regular,100,4,888,36,2.685945324654788,16,36,0.4444444444444444,25,66
v2_random_regular_baseline_s19,v2,random_regular_baseline,19,random_regular,100,4,889,91,3.5065025850265608,36,91,0.3956043956043956,98,66
v2_random_regular_baseline_s19,v2,random_regular_baseline,19,random_regular,100,4,890,134,4.000614601816713,66,134,0.4925373134328358,49,66
v2_random_regular_baseline_s19,v2,random_regular_baseline,19,random_regular,100,4,891,113,3.801119456492554,50,113,0.4424778761061947,10,66
v2_random_regular_baseline_s19,v2,random_regular_baseline,19,random_regular,100,4,892,18,2.197224577327219,9,18,0.5,1,40
v2_random_regular_baseline_s19,v2,random_regular_baseline,19,random_regular,100,4,893,40,2.523210952939891,15,40,0.375,85,66
v2_random_regular_baseline_s19,v2,random_regular_baseline,19,random_regular,100,4,894,0,0.0,0,0,,40,40
v2_random_regular_baseline_s19,v2,random_regular_baseline,19,random_regular,100,4,895,52,2.9490123306407936,27,52,0.5192307692307693,93,66
v2_random_regular_baseline_s19,v2,random_regular_baseline,19,random_regular,100,4,896,10,1.3862943611158909,4,10,0.4,90,19
v2_random_regular_baseline_s19,v2,random_regular_baseline,19,random_regular,100,4,897,37,2.484906649776,12,37,0.32432432432432434,97,40
v2_random_regular_baseline_s19,v2,random_regular_baseline,19,random_regular,100,4,898,74,3.363267070336762,34,74,0.4594594594594595,63,66
v2_random_regular_baseline_s19,v2,random_regular_baseline,19,random_regular,100,4,899,2,0.6931471805579453,2,2,1.0,32,80
v2_random_regular_baseline_s19,v2,random_regular_baseline,19,random_regular,100,4,900,9,0.6931471805579453,2,9,0.2222222222222222,2,66
v2_random_regular_baseline_s19,v2,random_regular_baseline,19,random_regular,100,4,901,35,2.751666616915516,17,35,0.4857142857142857,61,40
v2_random_regular_baseline_s19,v2,random_regular_baseline,19,random_regular,100,4,902,57,3.0149468801585937,23,57,0.40350877192982454,11,66
v2_random_regular_baseline_s19,v2,random_regular_baseline,19,random_regular,100,4,903,17,2.197224577327219,9,17,0.5294117647058824,82,19
v2_random_regular_baseline_s19,v2,random_regular_baseline,19,random_regular,100,4,904,22,2.197224577327219,9,22,0.4090909090909091,29,19
v2_random_regular_baseline_s19,v2,random_regular_baseline,19,random_regular,100,4,905,77,3.5281418680240257,38,77,0.4935064935064935,23,40
v2_random_regular_baseline_s19,v2,random_regular_baseline,19,random_regular,100,4,906,102,3.485587161020812,34,102,0.3333333333333333,44,84
v2_random_regular_baseline_s19,v2,random_regular_baseline,19,random_regular,100,4,907,6,1.3862943611158909,4,6,0.6666666666666666,83,40
v2_random_regular_baseline_s19,v2,random_regular_baseline,19,random_regular,100,4,908,25,2.079441541671836,8,25,0.32,22,80
v2_random_regular_baseline_s19,v2,random_regular_baseline,19,random_regular,100,4,909,172,4.028332743442937,68,172,0.3953488372093023,48,40
v2_random_regular_baseline_s19,v2,random_regular_baseline,19,random_regular,100,4,910,1,-1.000088900581841e-12,1,1,1.0,68,19
v2_random_regular_baseline_s19,v2,random_regular_baseline,19,random_regular,100,4,911,36,2.871476118036867,19,36,0.5277777777777778,25,19
v2_random_regular_baseline_s19,v2,random_regular_baseline,19,random_regular,100,4,912,59,2.8464803861168675,21,59,0.3559322033898305,41,66
v2_random_regular_baseline_s19,v2,random_regular_baseline,19,random_regular,100,4,913,396,4.5781708661964,155,396,0.39141414141414144,34,19
v2_random_regular_baseline_s19,v2,random_regular_baseline,19,random_regular,100,4,914,0,0.0,0,0,,80,80
v2_random_regular_baseline_s19,v2,random_regular_baseline,19,random_regular,100,4,915,171,3.696900970296509,54,171,0.3157894736842105,53,66
v2_random_regular_baseline_s19,v2,random_regular_baseline,19,random_regular,100,4,916,47,2.1006789212702603,16,47,0.3404255319148936,15,19
v2_random_regular_baseline_s19,v2,random_regular_baseline,19,random_regular,100,4,917,684,5.017859360374614,282,684,0.41228070175438597,87,84
v2_random_regular_baseline_s19,v2,random_regular_baseline,19,random_regular,100,4,918,114,3.795914420803827,51,114,0.4473684210526316,53,84
v2_random_regular_baseline_s19,v2,random_regular_baseline,19,random_regular,100,4,919,26,2.540036303807981,14,26,0.5384615384615384,37,19
v2_random_regular_baseline_s19,v2,random_regular_baseline,19,random_regular,100,4,920,33,2.902002313186603,22,33,0.6666666666666666,85,84
v2_random_regular_baseline_s19,v2,random_regular_baseline,19,random_regular,100,4,921,29,2.5993019270857944,16,29,0.5517241379310345,12,66
v2_random_regular_baseline_s19,v2,random_regular_baseline,19,random_regular,100,4,922,44,2.447151308264912,18,44,0.4090909090909091,5,84
v2_random_regular_baseline_s19,v2,random_regular_baseline,19,random_regular,100,4,923,173,3.879186485570089,76,173,0.4393063583815029,7,19
v2_random_regular_baseline_s19,v2,random_regular_baseline,19,random_regular,100,4,924,121,3.4469064102262488,37,121,0.30578512396694213,51,40
v2_random_regular_baseline_s19,v2,random_regular_baseline,19,random_regular,100,4,925,57,3.10797227595561,25,57,0.43859649122807015,94,19
v2_random_regular_baseline_s19,v2,random_regular_baseline,19,random_regular,100,4,926,141,3.848483638154688,57,141,0.40425531914893614,71,40
v2_random_regular_baseline_s19,v2,random_regular_baseline,19,random_regular,100,4,927,383,4.6175978172804175,156,383,0.4073107049608355,16,40
v2_random_regular_baseline_s19,v2,random_regular_baseline,19,random_regular,100,4,928,104,3.5329254761682067,47,104,0.4519230769230769,82,66
v2_random_regular_baseline_s19,v2,random_regular_baseline,19,random_regular,100,4,929,11,1.6094379124291005,5,11,0.45454545454545453,62,40
v2_random_regular_baseline_s19,v2,random_regular_baseline,19,random_regular,100,4,930,72,3.205805710063748,32,72,0.4444444444444444,79,80
v2_random_regular_baseline_s19,v2,random_regular_baseline,19,random_regular,100,4,931,49,3.244492630381296,27,49,0.5510204081632653,28,80
v2_random_regular_baseline_s19,v2,random_regular_baseline,19,random_regular,100,4,932,0,0.0,0,0,,19,19
v2_random_regular_baseline_s19,v2,random_regular_baseline,19,random_regular,100,4,933,22,2.302585092984045,10,22,0.45454545454545453,59,19
v2_random_regular_baseline_s19,v2,random_regular_baseline,19,random_regular,100,4,934,28,2.736339051089065,18,28,0.6428571428571429,51,66
v2_random_regular_baseline_s19,v2,random_regular_baseline,19,random_regular,100,4,935,190,4.08695242275285,71,190,0.3736842105263158,67,19
v2_random_regular_baseline_s19,v2,random_regular_baseline,19,random_regular,100,4,936,70,3.2580965379954825,26,70,0.37142857142857144,32,84
v2_random_regular_baseline_s19,v2,random_regular_baseline,19,random_regular,100,4,937,258,4.3657869417517645,99,258,0.38372093023255816,67,80
v2_random_regular_baseline_s19,v2,random_regular_baseline,19,random_regular,100,4,938,31,2.751666616915516,17,31,0.5483870967741935,98,19
v2_random_regular_baseline_s19,v2,random_regular_baseline,19,random_regular,100,4,939,35,2.5649493574485365,13,35,0.37142857142857144,12,40
v2_random_regular_baseline_s19,v2,random_regular_baseline,19,random_regular,100,4,940,84,3.3969144201875685,35,84,0.4166666666666667,2,40
v2_random_regular_baseline_s19,v2,random_regular_baseline,19,random_regular,100,4,941,133,3.61564232684514,58,133,0.43609022556390975,35,80
v2_random_regular_baseline_s19,v2,random_regular_baseline,19,random_regular,100,4,942,22,2.019814992484946,11,22,0.5,47,40
v2_random_regular_baseline_s19,v2,random_regular_baseline,19,random_regular,100,4,943,10,1.3862943611158909,4,10,0.4,62,80
v2_random_regular_baseline_s19,v2,random_regular_baseline,19,random_regular,100,4,944,66,2.787876228069594,24,66,0.36363636363636365,20,40
v2_random_regular_baseline_s19,v2,random_regular_baseline,19,random_regular,100,4,945,95,3.152910340886485,36,95,0.37894736842105264,74,84
v2_random_regular_baseline_s19,v2,random_regular_baseline,19,random_regular,100,4,946,12,1.791759469222055,6,12,0.5,90,84
v2_random_regular_baseline_s19,v2,random_regular_baseline,19,random_regular,100,4,947,6,1.0986122886651095,3,6,0.5,34,80
v2_random_regular_baseline_s19,v2,random_regular_baseline,19,random_regular,100,4,948,62,2.965015693236507,22,62,0.3548387096774194,4,66
v2_random_regular_baseline_s19,v2,random_regular_baseline,19,random_regular,100,4,949,31,2.3959081192819283,15,31,0.4838709677419355,88,84
v2_random_regular_baseline_s19,v2,random_regular_baseline,19,random_regular,100,4,950,29,2.685945324654788,16,29,0.5517241379310345,73,40
v2_random_regular_baseline_s19,v2,random_regular_baseline,19,random_regular,100,4,951,36,2.736339051089065,18,36,0.5,58,80
v2_random_regular_baseline_s19,v2,random_regular_baseline,19,random_regular,100,4,952,71,3.0267861002338323,32,71,0.4507042253521127,65,80
v2_random_regular_baseline_s19,v2,random_regular_baseline,19,random_regular,100,4,953,15,1.9459101490483133,7,15,0.4666666666666667,30,80
v2_random_regular_baseline_s19,v2,random_regular_baseline,19,random_regular,100,4,954,16,1.5607104090364066,6,16,0.375,55,80
v2_random_regular_baseline_s19,v2,random_regular_baseline,19,random_regular,100,4,955,265,4.373732005309038,111,265,0.4188679245283019,64,80
v2_random_regular_baseline_s19,v2,random_regular_baseline,19,random_regular,100,4,956,94,3.5646232985788124,38,94,0.40425531914893614,71,40
v2_random_regular_baseline_s19,v2,random_regular_baseline,19,random_regular,100,4,957,99,3.472414980727339,39,99,0.3939393939393939,33,66
v2_random_regular_baseline_s19,v2,random_regular_baseline,19,random_regular,100,4,958,7,1.3862943611158909,4,7,0.5714285714285714,13,40
v2_random_regular_baseline_s19,v2,random_regular_baseline,19,random_regular,100,4,959,59,2.98296502919677,24,59,0.4067796610169492,78,66
v2_random_regular_baseline_s19,v2,random_regular_baseline,19,random_regular,100,4,960,21,2.302585092984045,10,21,0.47619047619047616,20,84
v2_random_regular_baseline_s19,v2,random_regular_baseline,19,random_regular,100,4,961,93,3.1938182357931013,37,93,0.3978494623655914,52,80
v2_random_regular_baseline_s19,v2,random_regular_baseline,19,random_regular,100,4,962,77,3.189454205570106,32,77,0.4155844155844156,2,40
v2_random_regular_baseline_s19,v2,random_regular_baseline,19,random_regular,100,4,963,3,0.6931471805579453,2,3,0.6666666666666666,26,84
v2_random_regular_baseline_s19,v2,random_regular_baseline,19,random_regular,100,4,964,47,2.7080502010872096,15,47,0.3191489361702128,81,80
v2_random_regular_baseline_s19,v2,random_regular_baseline,19,random_regular,100,4,965,176,4.010844780085092,70,176,0.3977272727272727,32,80
v2_random_regular_baseline_s19,v2,random_regular_baseline,19,random_regular,100,4,966,104,3.4502855905397403,39,104,0.375,18,40
v2_random_regular_baseline_s19,v2,random_regular_baseline,19,random_regular,100,4,967,136,3.906338630513458,61,136,0.4485294117647059,23,40
v2_random_regular_baseline_s19,v2,random_regular_baseline,19,random_regular,100,4,968,18,1.0986122886651095,3,18,0.16666666666666666,18,40
v2_random_regular_baseline_s19,v2,random_regular_baseline,19,random_regular,100,4,969,238,4.244744795404217,96,238,0.40336134453781514,61,80
v2_random_regular_baseline_s19,v2,random_regular_baseline,19,random_regular,100,4,970,51,2.6525875347051464,19,51,0.37254901960784315,29,66
v2_random_regular_baseline_s19,v2,random_regular_baseline,19,random_regular,100,4,971,166,3.844789968240296,69,166,0.41566265060240964,13,19
v2_random_regular_baseline_s19,v2,random_regular_baseline,19,random_regular,100,4,972,5,0.6931471805579453,2,5,0.4,55,40
v2_random_regular_baseline_s19,v2,random_regular_baseline,19,random_regular,100,4,973,3,0.6931471805579453,2,3,0.6666666666666666,2,66
v2_random_regular_baseline_s19,v2,random_regular_baseline,19,random_regular,100,4,974,81,3.587834535437795,43,81,0.5308641975308642,48,40
v2_random_regular_baseline_s19,v2,random_regular_baseline,19,random_regular,100,4,975,1,-1.000088900581841e-12,1,1,1.0,28,80
v2_random_regular_baseline_s19,v2,random_regular_baseline,19,random_regular,100,4,976,5,-1.000088900581841e-12,1,5,0.2,79,84
v2_random_regular_baseline_s19,v2,random_regular_baseline,19,random_regular,100,4,977,128,3.7786534114435946,49,128,0.3828125,97,40
v2_random_regular_baseline_s19,v2,random_regular_baseline,19,random_regular,100,4,978,5,-1.000088900581841e-12,1,5,0.2,59,66
v2_random_regular_baseline_s19,v2,random_regular_baseline,19,random_regular,100,4,979,46,2.393312122962524,16,46,0.34782608695652173,42,19
v2_random_regular_baseline_s19,v2,random_regular_baseline,19,random_regular,100,4,980,104,3.4116205818579584,40,104,0.38461538461538464,57,40
v2_random_regular_baseline_s19,v2,random_regular_baseline,19,random_regular,100,4,981,115,3.614182604033629,47,115,0.40869565217391307,58,40
v2_random_regular_baseline_s19,v2,random_regular_baseline,19,random_regular,100,4,982,49,2.772588722223781,16,49,0.32653061224489793,65,40
v2_random_regular_baseline_s19,v2,random_regular_baseline,19,random_regular,100,4,983,19,1.6094379124291005,5,19,0.2631578947368421,23,40
v2_random_regular_baseline_s19,v2,random_regular_baseline,19,random_regular,100,4,984,26,2.1639556568730565,10,26,0.38461538461538464,22,19
v2_random_regular_baseline_s19,v2,random_regular_baseline,19,random_regular,100,4,985,29,2.5993019270857944,16,29,0.5517241379310345,81,40
v2_random_regular_baseline_s19,v2,random_regular_baseline,19,random_regular,100,4,986,24,2.253857589591352,12,24,0.5,69,66
v2_random_regular_baseline_s19,v2,random_regular_baseline,19,random_regular,100,4,987,41,2.588573162668117,17,41,0.4146341463414634,55,84
v2_random_regular_baseline_s19,v2,random_regular_baseline,19,random_regular,100,4,988,57,3.098139496330803,26,57,0.45614035087719296,26,84
v2_random_regular_baseline_s19,v2,random_regular_baseline,19,random_regular,100,4,989,47,2.50767458251262,21,47,0.44680851063829785,27,40
v2_random_regular_baseline_s19,v2,random_regular_baseline,19,random_regular,100,4,990,12,1.3862943611158909,4,12,0.3333333333333333,89,66
v2_random_regular_baseline_s19,v2,random_regular_baseline,19,random_regular,100,4,991,63,3.065964511960632,28,63,0.4444444444444444,34,66
v2_random_regular_baseline_s19,v2,random_regular_baseline,19,random_regular,100,4,992,128,3.6259174490637056,55,128,0.4296875,13,19
v2_random_regular_baseline_s19,v2,random_regular_baseline,19,random_regular,100,4,993,0,0.0,0,0,,84,84
v2_random_regular_baseline_s19,v2,random_regular_baseline,19,random_regular,100,4,994,41,2.4583113296710835,13,41,0.3170731707317073,13,80
v2_random_regular_baseline_s19,v2,random_regular_baseline,19,random_regular,100,4,995,52,3.0045706252299187,26,52,0.5,44,40
v2_random_regular_baseline_s19,v2,random_regular_baseline,19,random_regular,100,4,996,73,3.176082814634593,29,73,0.3972602739726027,18,80
v2_random_regular_baseline_s19,v2,random_regular_baseline,19,random_regular,100,4,997,3,-1.000088900581841e-12,1,3,0.3333333333333333,29,66
v2_random_regular_baseline_s19,v2,random_regular_baseline,19,random_regular,100,4,998,6,0.6931471805579453,2,6,0.3333333333333333,2,84
v2_random_regular_baseline_s19,v2,random_regular_baseline,19,random_regular,100,4,999,1,-1.000088900581841e-12,1,1,1.0,83,84
