run_id,validation_version,condition,seed,topology,n_nodes,degree,episode_idx,hitting_time,path_entropy,accepted_moves,attempted_moves,accept_rate,start_node,final_node
v2_small_world_no_evolution_s15,v2,small_world_no_evolution,15,watts_strogatz,100,4,0,134,3.4911163241998726,43,134,0.3208955223880597,10,73
v2_small_world_no_evolution_s15,v2,small_world_no_evolution,15,watts_strogatz,100,4,1,244,3.9705799641659816,84,244,0.3442622950819672,23,73
v2_small_world_no_evolution_s15,v2,small_world_no_evolution,15,watts_strogatz,100,4,2,68,3.10797227595561,25,68,0.36764705882352944,56,66
v2_small_world_no_evolution_s15,v2,small_world_no_evolution,15,watts_strogatz,100,4,3,47,3.028029073286411,22,47,0.46808510638297873,35,90
v2_small_world_no_evolution_s15,v2,small_world_no_evolution,15,watts_strogatz,100,4,4,630,4.5632600373803465,223,630,0.353968253968254,27,42
v2_small_world_no_evolution_s15,v2,small_world_no_evolution,15,watts_strogatz,100,4,5,0,0.0,0,0,,42,42
v2_small_world_no_evolution_s15,v2,small_world_no_evolution,15,watts_strogatz,100,4,6,221,4.12917672026929,87,221,0.3936651583710407,39,42
v2_small_world_no_evolution_s15,v2,small_world_no_evolution,15,watts_strogatz,100,4,7,81,3.047277078254755,28,81,0.345679012345679,8,73
v2_small_world_no_evolution_s15,v2,small_world_no_evolution,15,watts_strogatz,100,4,8,108,3.59101670022478,45,108,0.4166666666666667,79,42
v2_small_world_no_evolution_s15,v2,small_world_no_evolution,15,watts_strogatz,100,4,9,114,3.237009534988834,39,114,0.34210526315789475,65,90
v2_small_world_no_evolution_s15,v2,small_world_no_evolution,15,watts_strogatz,100,4,10,91,3.004264933709522,34,91,0.37362637362637363,52,42
v2_small_world_no_evolution_s15,v2,small_world_no_evolution,15,watts_strogatz,100,4,11,195,3.6892282155320704,72,195,0.36923076923076925,18,73
v2_small_world_no_evolution_s15,v2,small_world_no_evolution,15,watts_strogatz,100,4,12,135,3.6600032089343273,51,135,0.37777777777777777,95,59
v2_small_world_no_evolution_s15,v2,small_world_no_evolution,15,watts_strogatz,100,4,13,644,4.796405126403885,221,644,0.34316770186335405,19,42
v2_small_world_no_evolution_s15,v2,small_world_no_evolution,15,watts_strogatz,100,4,14,82,2.9966356757572137,30,82,0.36585365853658536,94,42
v2_small_world_no_evolution_s15,v2,small_world_no_evolution,15,watts_strogatz,100,4,15,291,4.092676775060412,106,291,0.3642611683848797,14,42
v2_small_world_no_evolution_s15,v2,small_world_no_evolution,15,watts_strogatz,100,4,16,455,4.586097376059218,171,455,0.3758241758241758,94,42
v2_small_world_no_evolution_s15,v2,small_world_no_evolution,15,watts_strogatz,100,4,17,446,4.356986748873992,176,446,0.39461883408071746,11,66
v2_small_world_no_evolution_s15,v2,small_world_no_evolution,15,watts_strogatz,100,4,18,301,4.173698876671151,106,301,0.3521594684385382,2,73
v2_small_world_no_evolution_s15,v2,small_world_no_evolution,15,watts_strogatz,100,4,19,5,1.0986122886651095,3,5,0.6,88,90
v2_small_world_no_evolution_s15,v2,small_world_no_evolution,15,watts_strogatz,100,4,20,134,3.494504214521122,52,134,0.3880597014925373,4,42
v2_small_world_no_evolution_s15,v2,small_world_no_evolution,15,watts_strogatz,100,4,21,197,3.888682916505488,82,197,0.41624365482233505,2,42
v2_small_world_no_evolution_s15,v2,small_world_no_evolution,15,watts_strogatz,100,4,22,2,-1.000088900581841e-12,1,2,0.5,68,66
v2_small_world_no_evolution_s15,v2,small_world_no_evolution,15,watts_strogatz,100,4,23,52,2.902002313186603,22,52,0.4230769230769231,10,66
v2_small_world_no_evolution_s15,v2,small_world_no_evolution,15,watts_strogatz,100,4,24,85,3.102810808003112,32,85,0.3764705882352941,28,90
v2_small_world_no_evolution_s15,v2,small_world_no_evolution,15,watts_strogatz,100,4,25,339,4.119366702455461,116,339,0.3421828908554572,9,66
v2_small_world_no_evolution_s15,v2,small_world_no_evolution,15,watts_strogatz,100,4,26,211,4.088887726421669,83,211,0.3933649289099526,1,90
v2_small_world_no_evolution_s15,v2,small_world_no_evolution,15,watts_strogatz,100,4,27,41,2.61563057701355,15,41,0.36585365853658536,18,42
v2_small_world_no_evolution_s15,v2,small_world_no_evolution,15,watts_strogatz,100,4,28,158,3.924152985970319,70,158,0.4430379746835443,17,59
v2_small_world_no_evolution_s15,v2,small_world_no_evolution,15,watts_strogatz,100,4,29,343,4.254960443750515,141,343,0.4110787172011662,3,90
v2_small_world_no_evolution_s15,v2,small_world_no_evolution,15,watts_strogatz,100,4,30,16,1.3862943611158909,4,16,0.25,74,73
v2_small_world_no_evolution_s15,v2,small_world_no_evolution,15,watts_strogatz,100,4,31,183,3.39447525290071,55,183,0.3005464480874317,95,90
v2_small_world_no_evolution_s15,v2,small_world_no_evolution,15,watts_strogatz,100,4,32,282,4.34315342440201,109,282,0.38652482269503546,17,59
v2_small_world_no_evolution_s15,v2,small_world_no_evolution,15,watts_strogatz,100,4,33,197,3.9931018045155375,76,197,0.38578680203045684,55,42
v2_small_world_no_evolution_s15,v2,small_world_no_evolution,15,watts_strogatz,100,4,34,22,1.7478680974607577,7,22,0.3181818181818182,94,90
v2_small_world_no_evolution_s15,v2,small_world_no_evolution,15,watts_strogatz,100,4,35,29,2.0253262207620675,10,29,0.3448275862068966,64,66
v2_small_world_no_evolution_s15,v2,small_world_no_evolution,15,watts_strogatz,100,4,36,22,1.6769877743164172,9,22,0.4090909090909091,38,42
v2_small_world_no_evolution_s15,v2,small_world_no_evolution,15,watts_strogatz,100,4,37,187,3.7376995988710897,71,187,0.37967914438502676,2,73
v2_small_world_no_evolution_s15,v2,small_world_no_evolution,15,watts_strogatz,100,4,38,28,2.1639556568730565,10,28,0.35714285714285715,4,73
v2_small_world_no_evolution_s15,v2,small_world_no_evolution,15,watts_strogatz,100,4,39,156,3.675018539949934,57,156,0.36538461538461536,18,73
v2_small_world_no_evolution_s15,v2,small_world_no_evolution,15,watts_strogatz,100,4,40,72,3.062433267531995,29,72,0.4027777777777778,14,66
v2_small_world_no_evolution_s15,v2,small_world_no_evolution,15,watts_strogatz,100,4,41,387,4.409884996107902,128,387,0.330749354005168,48,90
v2_small_world_no_evolution_s15,v2,small_world_no_evolution,15,watts_strogatz,100,4,42,0,0.0,0,0,,66,66
v2_small_world_no_evolution_s15,v2,small_world_no_evolution,15,watts_strogatz,100,4,43,3,0.6931471805579453,2,3,0.6666666666666666,74,73
v2_small_world_no_evolution_s15,v2,small_world_no_evolution,15,watts_strogatz,100,4,44,0,0.0,0,0,,66,66
v2_small_world_no_evolution_s15,v2,small_world_no_evolution,15,watts_strogatz,100,4,45,170,3.5582920626393326,65,170,0.38235294117647056,94,90
v2_small_world_no_evolution_s15,v2,small_world_no_evolution,15,watts_strogatz,100,4,46,433,4.350611228814645,159,433,0.3672055427251732,22,73
v2_small_world_no_evolution_s15,v2,small_world_no_evolution,15,watts_strogatz,100,4,47,29,2.1639556568730565,10,29,0.3448275862068966,13,42
v2_small_world_no_evolution_s15,v2,small_world_no_evolution,15,watts_strogatz,100,4,48,398,4.524010215366159,158,398,0.3969849246231156,99,59
v2_small_world_no_evolution_s15,v2,small_world_no_evolution,15,watts_strogatz,100,4,49,170,3.714367693682127,51,170,0.3,6,42
v2_small_world_no_evolution_s15,v2,small_world_no_evolution,15,watts_strogatz,100,4,50,176,3.693378123941673,57,176,0.32386363636363635,24,90
v2_small_world_no_evolution_s15,v2,small_world_no_evolution,15,watts_strogatz,100,4,51,75,3.098139496330803,26,75,0.3466666666666667,98,66
v2_small_world_no_evolution_s15,v2,small_world_no_evolution,15,watts_strogatz,100,4,52,152,3.629574397345044,54,152,0.35526315789473684,2,73
v2_small_world_no_evolution_s15,v2,small_world_no_evolution,15,watts_strogatz,100,4,53,2,-1.000088900581841e-12,1,2,0.5,91,90
v2_small_world_no_evolution_s15,v2,small_world_no_evolution,15,watts_strogatz,100,4,54,5,0.6931471805579453,2,5,0.4,52,90
v2_small_world_no_evolution_s15,v2,small_world_no_evolution,15,watts_strogatz,100,4,55,31,2.341994252221425,14,31,0.45161290322580644,71,73
v2_small_world_no_evolution_s15,v2,small_world_no_evolution,15,watts_strogatz,100,4,56,177,3.667650774454112,68,177,0.384180790960452,32,90
v2_small_world_no_evolution_s15,v2,small_world_no_evolution,15,watts_strogatz,100,4,57,30,2.2718685126865625,11,30,0.36666666666666664,94,90
v2_small_world_no_evolution_s15,v2,small_world_no_evolution,15,watts_strogatz,100,4,58,137,3.3953507616855947,46,137,0.3357664233576642,74,90
v2_small_world_no_evolution_s15,v2,small_world_no_evolution,15,watts_strogatz,100,4,59,19,1.5607104090364068,6,19,0.3157894736842105,68,73
v2_small_world_no_evolution_s15,v2,small_world_no_evolution,15,watts_strogatz,100,4,60,32,2.1873223188392537,16,32,0.5,47,42
v2_small_world_no_evolution_s15,v2,small_world_no_evolution,15,watts_strogatz,100,4,61,26,1.7351264569569227,9,26,0.34615384615384615,47,42
v2_small_world_no_evolution_s15,v2,small_world_no_evolution,15,watts_strogatz,100,4,62,6,1.0986122886651095,3,6,0.5,75,73
v2_small_world_no_evolution_s15,v2,small_world_no_evolution,15,watts_strogatz,100,4,63,16,1.5607104090364068,6,16,0.375,78,73
v2_small_world_no_evolution_s15,v2,small_world_no_evolution,15,watts_strogatz,100,4,64,28,2.1458417525857545,11,28,0.39285714285714285,69,66
v2_small_world_no_evolution_s15,v2,small_world_no_evolution,15,watts_strogatz,100,4,65,31,2.369382119683676,12,31,0.3870967741935484,79,73
v2_small_world_no_evolution_s15,v2,small_world_no_evolution,15,watts_strogatz,100,4,66,125,3.3299193054700016,43,125,0.344,77,42
v2_small_world_no_evolution_s15,v2,small_world_no_evolution,15,watts_strogatz,100,4,67,191,3.358613588639415,73,191,0.38219895287958117,18,42
v2_small_world_no_evolution_s15,v2,small_world_no_evolution,15,watts_strogatz,100,4,68,411,4.528686462020905,148,411,0.36009732360097324,96,59
v2_small_world_no_evolution_s15,v2,small_world_no_evolution,15,watts_strogatz,100,4,69,161,3.5290928177317884,57,161,0.35403726708074534,26,66
v2_small_world_no_evolution_s15,v2,small_world_no_evolution,15,watts_strogatz,100,4,70,120,3.188793129002208,43,120,0.35833333333333334,65,66
v2_small_world_no_evolution_s15,v2,small_world_no_evolution,15,watts_strogatz,100,4,71,162,3.7871964318487783,53,162,0.3271604938271605,31,59
v2_small_world_no_evolution_s15,v2,small_world_no_evolution,15,watts_strogatz,100,4,72,192,3.86363984288601,74,192,0.3854166666666667,53,42
v2_small_world_no_evolution_s15,v2,small_world_no_evolution,15,watts_strogatz,100,4,73,70,3.10797227595561,25,70,0.35714285714285715,82,73
v2_small_world_no_evolution_s15,v2,small_world_no_evolution,15,watts_strogatz,100,4,74,87,3.444813797459462,34,87,0.39080459770114945,79,59
v2_small_world_no_evolution_s15,v2,small_world_no_evolution,15,watts_strogatz,100,4,75,1,-1.000088900581841e-12,1,1,1.0,68,66
v2_small_world_no_evolution_s15,v2,small_world_no_evolution,15,watts_strogatz,100,4,76,1,-1.000088900581841e-12,1,1,1.0,64,66
v2_small_world_no_evolution_s15,v2,small_world_no_evolution,15,watts_strogatz,100,4,77,77,2.947004770141297,24,77,0.3116883116883117,54,59
v2_small_world_no_evolution_s15,v2,small_world_no_evolution,15,watts_strogatz,100,4,78,17,1.0986122886651095,3,17,0.17647058823529413,62,59
v2_small_world_no_evolution_s15,v2,small_world_no_evolution,15,watts_strogatz,100,4,79,36,2.5649493574485365,13,36,0.3611111111111111,47,66
v2_small_world_no_evolution_s15,v2,small_world_no_evolution,15,watts_strogatz,100,4,80,41,2.5232109529398907,15,41,0.36585365853658536,83,90
v2_small_world_no_evolution_s15,v2,small_world_no_evolution,15,watts_strogatz,100,4,81,116,3.3829219790252605,45,116,0.3879310344827586,97,73
v2_small_world_no_evolution_s15,v2,small_world_no_evolution,15,watts_strogatz,100,4,82,39,2.3383717047925723,15,39,0.38461538461538464,70,66
v2_small_world_no_evolution_s15,v2,small_world_no_evolution,15,watts_strogatz,100,4,83,1416,5.183382205787289,524,1416,0.3700564971751412,27,90
v2_small_world_no_evolution_s15,v2,small_world_no_evolution,15,watts_strogatz,100,4,84,448,4.254174425453286,175,448,0.390625,14,90
v2_small_world_no_evolution_s15,v2,small_world_no_evolution,15,watts_strogatz,100,4,85,4,0.6931471805579453,2,4,0.5,61,59
v2_small_world_no_evolution_s15,v2,small_world_no_evolution,15,watts_strogatz,100,4,86,23,2.079441541671836,8,23,0.34782608695652173,43,90
v2_small_world_no_evolution_s15,v2,small_world_no_evolution,15,watts_strogatz,100,4,87,191,3.5693418368153225,71,191,0.3717277486910995,6,73
v2_small_world_no_evolution_s15,v2,small_world_no_evolution,15,watts_strogatz,100,4,88,260,4.227233238573738,102,260,0.3923076923076923,55,90
v2_small_world_no_evolution_s15,v2,small_world_no_evolution,15,watts_strogatz,100,4,89,73,3.379092505199735,32,73,0.4383561643835616,2,42
v2_small_world_no_evolution_s15,v2,small_world_no_evolution,15,watts_strogatz,100,4,90,7,-1.000088900581841e-12,1,7,0.14285714285714285,91,90
v2_small_world_no_evolution_s15,v2,small_world_no_evolution,15,watts_strogatz,100,4,91,139,3.735992668330489,60,139,0.4316546762589928,2,90
v2_small_world_no_evolution_s15,v2,small_world_no_evolution,15,watts_strogatz,100,4,92,36,2.0253262207620675,10,36,0.2777777777777778,82,90
v2_small_world_no_evolution_s15,v2,small_world_no_evolution,15,watts_strogatz,100,4,93,1,-1.000088900581841e-12,1,1,1.0,81,42
v2_small_world_no_evolution_s15,v2,small_world_no_evolution,15,watts_strogatz,100,4,94,9,1.0986122886651095,3,9,0.3333333333333333,5,73
v2_small_world_no_evolution_s15,v2,small_world_no_evolution,15,watts_strogatz,100,4,95,38,2.813355404483615,18,38,0.47368421052631576,9,90
v2_small_world_no_evolution_s15,v2,small_world_no_evolution,15,watts_strogatz,100,4,96,146,3.396438617404638,49,146,0.3356164383561644,32,42
v2_small_world_no_evolution_s15,v2,small_world_no_evolution,15,watts_strogatz,100,4,97,50,2.685945324654788,16,50,0.32,53,90
v2_small_world_no_evolution_s15,v2,small_world_no_evolution,15,watts_strogatz,100,4,98,188,3.674693544873944,72,188,0.3829787234042553,51,90
v2_small_world_no_evolution_s15,v2,small_world_no_evolution,15,watts_strogatz,100,4,99,0,0.0,0,0,,66,66
v2_small_world_no_evolution_s15,v2,small_world_no_evolution,15,watts_strogatz,100,4,100,484,4.836690457343676,167,484,0.3450413223140496,27,90
v2_small_world_no_evolution_s15,v2,small_world_no_evolution,15,watts_strogatz,100,4,101,224,4.244791171825176,86,224,0.38392857142857145,14,90
v2_small_world_no_evolution_s15,v2,small_world_no_evolution,15,watts_strogatz,100,4,102,637,4.525053276157584,216,637,0.3390894819466248,12,90
v2_small_world_no_evolution_s15,v2,small_world_no_evolution,15,watts_strogatz,100,4,103,198,3.8378352144426255,74,198,0.37373737373737376,21,73
v2_small_world_no_evolution_s15,v2,small_world_no_evolution,15,watts_strogatz,100,4,104,198,4.167059902635156,87,198,0.4393939393939394,15,66
v2_small_world_no_evolution_s15,v2,small_world_no_evolution,15,watts_strogatz,100,4,105,359,4.560314680101774,140,359,0.38997214484679665,86,73
v2_small_world_no_evolution_s15,v2,small_world_no_evolution,15,watts_strogatz,100,4,106,0,0.0,0,0,,42,42
v2_small_world_no_evolution_s15,v2,small_world_no_evolution,15,watts_strogatz,100,4,107,39,2.639057329601259,14,39,0.358974358974359,45,59
v2_small_world_no_evolution_s15,v2,small_world_no_evolution,15,watts_strogatz,100,4,108,56,3.0904599235931967,27,56,0.48214285714285715,0,73
v2_small_world_no_evolution_s15,v2,small_world_no_evolution,15,watts_strogatz,100,4,109,5,-1.000088900581841e-12,1,5,0.2,40,42
v2_small_world_no_evolution_s15,v2,small_world_no_evolution,15,watts_strogatz,100,4,110,10,1.0986122886651095,3,10,0.3,92,90
v2_small_world_no_evolution_s15,v2,small_world_no_evolution,15,watts_strogatz,100,4,111,12,1.3862943611158909,4,12,0.3333333333333333,60,59
v2_small_world_no_evolution_s15,v2,small_world_no_evolution,15,watts_strogatz,100,4,112,730,4.917594131053146,263,730,0.36027397260273974,86,59
v2_small_world_no_evolution_s15,v2,small_world_no_evolution,15,watts_strogatz,100,4,113,211,4.032549417753335,82,211,0.3886255924170616,22,90
v2_small_world_no_evolution_s15,v2,small_world_no_evolution,15,watts_strogatz,100,4,114,272,4.212080185091968,89,272,0.3272058823529412,2,66
v2_small_world_no_evolution_s15,v2,small_world_no_evolution,15,watts_strogatz,100,4,115,28,2.0253262207620675,10,28,0.35714285714285715,97,90
v2_small_world_no_evolution_s15,v2,small_world_no_evolution,15,watts_strogatz,100,4,116,56,2.5532370029797145,18,56,0.32142857142857145,38,73
v2_small_world_no_evolution_s15,v2,small_world_no_evolution,15,watts_strogatz,100,4,117,123,3.3578297381740776,37,123,0.3008130081300813,32,59
v2_small_world_no_evolution_s15,v2,small_world_no_evolution,15,watts_strogatz,100,4,118,32,2.540036303807981,14,32,0.4375,76,90
v2_small_world_no_evolution_s15,v2,small_world_no_evolution,15,watts_strogatz,100,4,119,52,2.751666616915516,17,52,0.3269230769230769,76,90
v2_small_world_no_evolution_s15,v2,small_world_no_evolution,15,watts_strogatz,100,4,120,204,4.293753283160786,90,204,0.4411764705882353,36,42
v2_small_world_no_evolution_s15,v2,small_world_no_evolution,15,watts_strogatz,100,4,121,15,2.079441541671836,8,15,0.5333333333333333,8,59
v2_small_world_no_evolution_s15,v2,small_world_no_evolution,15,watts_strogatz,100,4,122,192,4.040336525978602,79,192,0.4114583333333333,3,42
v2_small_world_no_evolution_s15,v2,small_world_no_evolution,15,watts_strogatz,100,4,123,23,1.8891591637470213,9,23,0.391304347826087,61,66
v2_small_world_no_evolution_s15,v2,small_world_no_evolution,15,watts_strogatz,100,4,124,10,1.3321790402061222,5,10,0.5,70,66
v2_small_world_no_evolution_s15,v2,small_world_no_evolution,15,watts_strogatz,100,4,125,277,4.118843158919368,110,277,0.3971119133574007,17,90
v2_small_world_no_evolution_s15,v2,small_world_no_evolution,15,watts_strogatz,100,4,126,410,4.577477184185804,142,410,0.3463414634146341,0,42
v2_small_world_no_evolution_s15,v2,small_world_no_evolution,15,watts_strogatz,100,4,127,0,0.0,0,0,,59,59
v2_small_world_no_evolution_s15,v2,small_world_no_evolution,15,watts_strogatz,100,4,128,124,3.352115437668039,45,124,0.3629032258064516,26,42
v2_small_world_no_evolution_s15,v2,small_world_no_evolution,15,watts_strogatz,100,4,129,78,2.8269442985685598,27,78,0.34615384615384615,55,73
v2_small_world_no_evolution_s15,v2,small_world_no_evolution,15,watts_strogatz,100,4,130,9,0.6931471805579453,2,9,0.2222222222222222,70,66
v2_small_world_no_evolution_s15,v2,small_world_no_evolution,15,watts_strogatz,100,4,131,36,2.5993019270857944,16,36,0.4444444444444444,2,90
v2_small_world_no_evolution_s15,v2,small_world_no_evolution,15,watts_strogatz,100,4,132,5,1.0986122886651095,3,5,0.6,40,90
v2_small_world_no_evolution_s15,v2,small_world_no_evolution,15,watts_strogatz,100,4,133,44,2.9444389791474395,19,44,0.4318181818181818,15,66
v2_small_world_no_evolution_s15,v2,small_world_no_evolution,15,watts_strogatz,100,4,134,165,4.15419543247656,74,165,0.4484848484848485,22,42
v2_small_world_no_evolution_s15,v2,small_world_no_evolution,15,watts_strogatz,100,4,135,45,2.8903717578781647,18,45,0.4,53,42
v2_small_world_no_evolution_s15,v2,small_world_no_evolution,15,watts_strogatz,100,4,136,262,4.218913124073581,113,262,0.4312977099236641,7,59
v2_small_world_no_evolution_s15,v2,small_world_no_evolution,15,watts_strogatz,100,4,137,401,4.420792663769127,153,401,0.38154613466334164,87,59
v2_small_world_no_evolution_s15,v2,small_world_no_evolution,15,watts_strogatz,100,4,138,98,3.2826939972510645,28,98,0.2857142857142857,99,42
v2_small_world_no_evolution_s15,v2,small_world_no_evolution,15,watts_strogatz,100,4,139,497,4.396274071961376,151,497,0.3038229376257545,23,73
v2_small_world_no_evolution_s15,v2,small_world_no_evolution,15,watts_strogatz,100,4,140,51,2.639057329601259,14,51,0.27450980392156865,70,90
v2_small_world_no_evolution_s15,v2,small_world_no_evolution,15,watts_strogatz,100,4,141,7,1.0986122886651095,3,7,0.42857142857142855,92,42
v2_small_world_no_evolution_s15,v2,small_world_no_evolution,15,watts_strogatz,100,4,142,73,3.2625679455231658,30,73,0.410958904109589,24,66
v2_small_world_no_evolution_s15,v2,small_world_no_evolution,15,watts_strogatz,100,4,143,81,3.0752205480323718,23,81,0.2839506172839506,82,90
v2_small_world_no_evolution_s15,v2,small_world_no_evolution,15,watts_strogatz,100,4,144,191,3.852047982422506,81,191,0.42408376963350786,34,59
v2_small_world_no_evolution_s15,v2,small_world_no_evolution,15,watts_strogatz,100,4,145,190,3.837461191857546,70,190,0.3684210526315789,38,90
v2_small_world_no_evolution_s15,v2,small_world_no_evolution,15,watts_strogatz,100,4,146,1155,5.363402155447748,438,1155,0.37922077922077924,44,73
v2_small_world_no_evolution_s15,v2,small_world_no_evolution,15,watts_strogatz,100,4,147,68,2.7738522086634823,23,68,0.3382352941176471,5,59
v2_small_world_no_evolution_s15,v2,small_world_no_evolution,15,watts_strogatz,100,4,148,733,4.931264920053249,263,733,0.3587994542974079,3,66
v2_small_world_no_evolution_s15,v2,small_world_no_evolution,15,watts_strogatz,100,4,149,3,-1.000088900581841e-12,1,3,0.3333333333333333,67,66
v2_small_world_no_evolution_s15,v2,small_world_no_evolution,15,watts_strogatz,100,4,150,22,2.2718685126865625,11,22,0.5,78,73
v2_small_world_no_evolution_s15,v2,small_world_no_evolution,15,watts_strogatz,100,4,151,33,2.484906649776,12,33,0.36363636363636365,2,90
v2_small_world_no_evolution_s15,v2,small_world_no_evolution,15,watts_strogatz,100,4,152,44,2.787788119369007,20,44,0.45454545454545453,70,59
v2_small_world_no_evolution_s15,v2,small_world_no_evolution,15,watts_strogatz,100,4,153,214,4.118633275968811,71,214,0.3317757009345794,79,59
v2_small_world_no_evolution_s15,v2,small_world_no_evolution,15,watts_strogatz,100,4,154,23,1.9061547465328492,8,23,0.34782608695652173,91,42
v2_small_world_no_evolution_s15,v2,small_world_no_evolution,15,watts_strogatz,100,4,155,280,4.144024045345051,100,280,0.35714285714285715,15,90
v2_small_world_no_evolution_s15,v2,small_world_no_evolution,15,watts_strogatz,100,4,156,304,4.1310885097972685,128,304,0.42105263157894735,13,66
v2_small_world_no_evolution_s15,v2,small_world_no_evolution,15,watts_strogatz,100,4,157,13,2.079441541671836,8,13,0.6153846153846154,48,42
v2_small_world_no_evolution_s15,v2,small_world_no_evolution,15,watts_strogatz,100,4,158,65,2.51000761787326,23,65,0.35384615384615387,3,73
v2_small_world_no_evolution_s15,v2,small_world_no_evolution,15,watts_strogatz,100,4,159,363,4.244930563311458,137,363,0.3774104683195592,11,59
v2_small_world_no_evolution_s15,v2,small_world_no_evolution,15,watts_strogatz,100,4,160,301,4.23416562530323,101,301,0.33554817275747506,32,73
v2_small_world_no_evolution_s15,v2,small_world_no_evolution,15,watts_strogatz,100,4,161,108,3.443075605963988,41,108,0.37962962962962965,28,42
v2_small_world_no_evolution_s15,v2,small_world_no_evolution,15,watts_strogatz,100,4,162,987,4.814723343775457,353,987,0.3576494427558257,44,90
v2_small_world_no_evolution_s15,v2,small_world_no_evolution,15,watts_strogatz,100,4,163,223,3.9023165817926864,81,223,0.3632286995515695,45,42
v2_small_world_no_evolution_s15,v2,small_world_no_evolution,15,watts_strogatz,100,4,164,14,1.3862943611158909,4,14,0.2857142857142857,53,59
v2_small_world_no_evolution_s15,v2,small_world_no_evolution,15,watts_strogatz,100,4,165,0,0.0,0,0,,59,59
v2_small_world_no_evolution_s15,v2,small_world_no_evolution,15,watts_strogatz,100,4,166,230,3.974970600530295,81,230,0.3521739130434783,69,73
v2_small_world_no_evolution_s15,v2,small_world_no_evolution,15,watts_strogatz,100,4,167,138,3.6889817267406695,53,138,0.38405797101449274,63,42
v2_small_world_no_evolution_s15,v2,small_world_no_evolution,15,watts_strogatz,100,4,168,224,3.7431193904963935,71,224,0.3169642857142857,10,73
v2_small_world_no_evolution_s15,v2,small_world_no_evolution,15,watts_strogatz,100,4,169,470,4.605596036313217,163,470,0.3468085106382979,22,73
v2_small_world_no_evolution_s15,v2,small_world_no_evolution,15,watts_strogatz,100,4,170,149,3.34048770113894,45,149,0.30201342281879195,5,42
v2_small_world_no_evolution_s15,v2,small_world_no_evolution,15,watts_strogatz,100,4,171,9,1.0986122886651095,3,9,0.3333333333333333,69,66
v2_small_world_no_evolution_s15,v2,small_world_no_evolution,15,watts_strogatz,100,4,172,16,1.3862943611158909,4,16,0.25,41,42
v2_small_world_no_evolution_s15,v2,small_world_no_evolution,15,watts_strogatz,100,4,173,278,4.31447946412121,108,278,0.38848920863309355,64,90
v2_small_world_no_evolution_s15,v2,small_world_no_evolution,15,watts_strogatz,100,4,174,60,2.582424317336126,21,60,0.35,58,66
v2_small_world_no_evolution_s15,v2,small_world_no_evolution,15,watts_strogatz,100,4,175,45,2.813355404483615,18,45,0.4,34,73
v2_small_world_no_evolution_s15,v2,small_world_no_evolution,15,watts_strogatz,100,4,176,222,4.193967553522085,79,222,0.35585585585585583,3,73
v2_small_world_no_evolution_s15,v2,small_world_no_evolution,15,watts_strogatz,100,4,177,61,2.787788119369007,20,61,0.32786885245901637,34,42
v2_small_world_no_evolution_s15,v2,small_world_no_evolution,15,watts_strogatz,100,4,178,104,3.079430730394256,41,104,0.3942307692307692,51,42
v2_small_world_no_evolution_s15,v2,small_world_no_evolution,15,watts_strogatz,100,4,179,30,1.9915093613486137,13,30,0.43333333333333335,70,66
v2_small_world_no_evolution_s15,v2,small_world_no_evolution,15,watts_strogatz,100,4,180,7,1.3862943611158909,4,7,0.5714285714285714,70,73
v2_small_world_no_evolution_s15,v2,small_world_no_evolution,15,watts_strogatz,100,4,181,99,3.5726345752559063,42,99,0.42424242424242425,6,59
v2_small_world_no_evolution_s15,v2,small_world_no_evolution,15,watts_strogatz,100,4,182,34,2.902002313186603,22,34,0.6470588235294118,55,59
v2_small_world_no_evolution_s15,v2,small_world_no_evolution,15,watts_strogatz,100,4,183,638,4.500379863776418,220,638,0.3448275862068966,24,90
v2_small_world_no_evolution_s15,v2,small_world_no_evolution,15,watts_strogatz,100,4,184,8,0.6931471805579453,2,8,0.25,70,73
v2_small_world_no_evolution_s15,v2,small_world_no_evolution,15,watts_strogatz,100,4,185,120,3.222101919238834,37,120,0.30833333333333335,15,59
v2_small_world_no_evolution_s15,v2,small_world_no_evolution,15,watts_strogatz,100,4,186,331,4.315660314944602,131,331,0.3957703927492447,8,90
v2_small_world_no_evolution_s15,v2,small_world_no_evolution,15,watts_strogatz,100,4,187,56,2.7144523517264965,21,56,0.375,41,42
v2_small_world_no_evolution_s15,v2,small_world_no_evolution,15,watts_strogatz,100,4,188,33,2.7985132569262934,19,33,0.5757575757575758,16,42
v2_small_world_no_evolution_s15,v2,small_world_no_evolution,15,watts_strogatz,100,4,189,38,2.484366839960801,20,38,0.5263157894736842,61,59
v2_small_world_no_evolution_s15,v2,small_world_no_evolution,15,watts_strogatz,100,4,190,119,3.1428566614807503,40,119,0.33613445378151263,91,42
v2_small_world_no_evolution_s15,v2,small_world_no_evolution,15,watts_strogatz,100,4,191,229,4.033159918455738,80,229,0.34934497816593885,4,59
v2_small_world_no_evolution_s15,v2,small_world_no_evolution,15,watts_strogatz,100,4,192,17,0.6931471805579453,2,17,0.11764705882352941,41,42
v2_small_world_no_evolution_s15,v2,small_world_no_evolution,15,watts_strogatz,100,4,193,430,4.522207281678192,163,430,0.37906976744186044,10,66
v2_small_world_no_evolution_s15,v2,small_world_no_evolution,15,watts_strogatz,100,4,194,125,3.647231077213384,48,125,0.384,37,73
v2_small_world_no_evolution_s15,v2,small_world_no_evolution,15,watts_strogatz,100,4,195,95,3.089055299829874,30,95,0.3157894736842105,75,90
v2_small_world_no_evolution_s15,v2,small_world_no_evolution,15,watts_strogatz,100,4,196,175,3.925923084888047,64,175,0.3657142857142857,22,73
v2_small_world_no_evolution_s15,v2,small_world_no_evolution,15,watts_strogatz,100,4,197,53,2.639057329601259,14,53,0.2641509433962264,50,59
v2_small_world_no_evolution_s15,v2,small_world_no_evolution,15,watts_strogatz,100,4,198,21,2.079441541671836,8,21,0.38095238095238093,87,90
v2_small_world_no_evolution_s15,v2,small_world_no_evolution,15,watts_strogatz,100,4,199,574,4.635796708572041,199,574,0.34668989547038326,11,66
v2_small_world_no_evolution_s15,v2,small_world_no_evolution,15,watts_strogatz,100,4,200,74,3.16897247467361,35,74,0.47297297297297297,72,90
v2_small_world_no_evolution_s15,v2,small_world_no_evolution,15,watts_strogatz,100,4,201,3,0.6931471805579453,2,3,0.6666666666666666,43,42
v2_small_world_no_evolution_s15,v2,small_world_no_evolution,15,watts_strogatz,100,4,202,183,4.060055625577064,62,183,0.33879781420765026,99,42
v2_small_world_no_evolution_s15,v2,small_world_no_evolution,15,watts_strogatz,100,4,203,122,3.783607104130143,54,122,0.4426229508196721,14,90
v2_small_world_no_evolution_s15,v2,small_world_no_evolution,15,watts_strogatz,100,4,204,408,4.19185560069163,137,408,0.33578431372549017,34,42
v2_small_world_no_evolution_s15,v2,small_world_no_evolution,15,watts_strogatz,100,4,205,11,1.3862943611158909,4,11,0.36363636363636365,58,59
v2_small_world_no_evolution_s15,v2,small_world_no_evolution,15,watts_strogatz,100,4,206,28,2.5649493574485365,13,28,0.4642857142857143,78,42
v2_small_world_no_evolution_s15,v2,small_world_no_evolution,15,watts_strogatz,100,4,207,58,2.751666616915516,17,58,0.29310344827586204,77,73
v2_small_world_no_evolution_s15,v2,small_world_no_evolution,15,watts_strogatz,100,4,208,73,3.10797227595561,25,73,0.3424657534246575,22,73
v2_small_world_no_evolution_s15,v2,small_world_no_evolution,15,watts_strogatz,100,4,209,16,2.079441541671836,8,16,0.5,52,42
v2_small_world_no_evolution_s15,v2,small_world_no_evolution,15,watts_strogatz,100,4,210,100,3.2463841835256595,36,100,0.36,54,59
v2_small_world_no_evolution_s15,v2,small_world_no_evolution,15,watts_strogatz,100,4,211,44,2.540036303807981,14,44,0.3181818181818182,56,73
v2_small_world_no_evolution_s15,v2,small_world_no_evolution,15,watts_strogatz,100,4,212,21,2.197224577327219,9,21,0.42857142857142855,96,90
v2_small_world_no_evolution_s15,v2,small_world_no_evolution,15,watts_strogatz,100,4,213,25,2.302585092984045,10,25,0.4,54,90
v2_small_world_no_evolution_s15,v2,small_world_no_evolution,15,watts_strogatz,100,4,214,223,3.963342673047444,77,223,0.3452914798206278,8,59
v2_small_world_no_evolution_s15,v2,small_world_no_evolution,15,watts_strogatz,100,4,215,201,3.897249006496706,92,201,0.4577114427860697,25,73
v2_small_world_no_evolution_s15,v2,small_world_no_evolution,15,watts_strogatz,100,4,216,27,2.197224577327219,9,27,0.3333333333333333,65,90
v2_small_world_no_evolution_s15,v2,small_world_no_evolution,15,watts_strogatz,100,4,217,177,3.789700566980193,61,177,0.3446327683615819,11,90
v2_small_world_no_evolution_s15,v2,small_world_no_evolution,15,watts_strogatz,100,4,218,191,3.198422856133241,73,191,0.38219895287958117,47,42
v2_small_world_no_evolution_s15,v2,small_world_no_evolution,15,watts_strogatz,100,4,219,11,1.9459101490483133,7,11,0.6363636363636364,68,73
v2_small_world_no_evolution_s15,v2,small_world_no_evolution,15,watts_strogatz,100,4,220,15,1.9459101490483133,7,15,0.4666666666666667,84,73
v2_small_world_no_evolution_s15,v2,small_world_no_evolution,15,watts_strogatz,100,4,221,104,3.446708358971002,43,104,0.41346153846153844,23,73
v2_small_world_no_evolution_s15,v2,small_world_no_evolution,15,watts_strogatz,100,4,222,66,2.697725698576128,26,66,0.3939393939393939,36,73
v2_small_world_no_evolution_s15,v2,small_world_no_evolution,15,watts_strogatz,100,4,223,30,2.5649493574485365,13,30,0.43333333333333335,97,90
v2_small_world_no_evolution_s15,v2,small_world_no_evolution,15,watts_strogatz,100,4,224,340,4.284841805878766,130,340,0.38235294117647056,19,90
v2_small_world_no_evolution_s15,v2,small_world_no_evolution,15,watts_strogatz,100,4,225,253,4.031675864759806,96,253,0.3794466403162055,4,66
v2_small_world_no_evolution_s15,v2,small_world_no_evolution,15,watts_strogatz,100,4,226,0,0.0,0,0,,42,42
v2_small_world_no_evolution_s15,v2,small_world_no_evolution,15,watts_strogatz,100,4,227,2,0.6931471805579453,2,2,1.0,38,42
v2_small_world_no_evolution_s15,v2,small_world_no_evolution,15,watts_strogatz,100,4,228,119,3.1555087347691457,51,119,0.42857142857142855,48,42
v2_small_world_no_evolution_s15,v2,small_world_no_evolution,15,watts_strogatz,100,4,229,22,2.197224577327219,9,22,0.4090909090909091,3,59
v2_small_world_no_evolution_s15,v2,small_world_no_evolution,15,watts_strogatz,100,4,230,86,3.389268031515795,31,86,0.36046511627906974,40,42
v2_small_world_no_evolution_s15,v2,small_world_no_evolution,15,watts_strogatz,100,4,231,316,4.365127677182745,117,316,0.370253164556962,87,90
v2_small_world_no_evolution_s15,v2,small_world_no_evolution,15,watts_strogatz,100,4,232,0,0.0,0,0,,66,66
v2_small_world_no_evolution_s15,v2,small_world_no_evolution,15,watts_strogatz,100,4,233,0,0.0,0,0,,59,59
v2_small_world_no_evolution_s15,v2,small_world_no_evolution,15,watts_strogatz,100,4,234,388,4.375506161427351,138,388,0.3556701030927835,64,42
v2_small_world_no_evolution_s15,v2,small_world_no_evolution,15,watts_strogatz,100,4,235,219,4.115988215316962,83,219,0.3789954337899543,14,66
v2_small_world_no_evolution_s15,v2,small_world_no_evolution,15,watts_strogatz,100,4,236,154,3.678939798401625,66,154,0.42857142857142855,98,73
v2_small_world_no_evolution_s15,v2,small_world_no_evolution,15,watts_strogatz,100,4,237,60,2.630554953620816,23,60,0.38333333333333336,80,73
v2_small_world_no_evolution_s15,v2,small_world_no_evolution,15,watts_strogatz,100,4,238,94,3.1487931944445364,31,94,0.32978723404255317,13,42
v2_small_world_no_evolution_s15,v2,small_world_no_evolution,15,watts_strogatz,100,4,239,22,2.0253262207620675,10,22,0.45454545454545453,71,73
v2_small_world_no_evolution_s15,v2,small_world_no_evolution,15,watts_strogatz,100,4,240,47,2.736339051089065,18,47,0.3829787234042553,61,90
v2_small_world_no_evolution_s15,v2,small_world_no_evolution,15,watts_strogatz,100,4,241,50,2.4583113296710835,13,50,0.26,24,66
v2_small_world_no_evolution_s15,v2,small_world_no_evolution,15,watts_strogatz,100,4,242,731,4.934645684206519,253,731,0.34610123119015046,52,90
v2_small_world_no_evolution_s15,v2,small_world_no_evolution,15,watts_strogatz,100,4,243,176,3.734356436050007,56,176,0.3181818181818182,16,66
v2_small_world_no_evolution_s15,v2,small_world_no_evolution,15,watts_strogatz,100,4,244,75,2.997756703249981,31,75,0.41333333333333333,21,59
v2_small_world_no_evolution_s15,v2,small_world_no_evolution,15,watts_strogatz,100,4,245,222,3.74632125934237,79,222,0.35585585585585583,24,73
v2_small_world_no_evolution_s15,v2,small_world_no_evolution,15,watts_strogatz,100,4,246,68,3.367295829957475,29,68,0.4264705882352941,33,59
v2_small_world_no_evolution_s15,v2,small_world_no_evolution,15,watts_strogatz,100,4,247,299,4.479219223268113,114,299,0.38127090301003347,15,90
v2_small_world_no_evolution_s15,v2,small_world_no_evolution,15,watts_strogatz,100,4,248,98,3.3292246602098508,40,98,0.40816326530612246,54,90
v2_small_world_no_evolution_s15,v2,small_world_no_evolution,15,watts_strogatz,100,4,249,14,1.6094379124291005,5,14,0.35714285714285715,92,90
v2_small_world_no_evolution_s15,v2,small_world_no_evolution,15,watts_strogatz,100,4,250,5,0.6931471805579453,2,5,0.4,46,42
v2_small_world_no_evolution_s15,v2,small_world_no_evolution,15,watts_strogatz,100,4,251,188,3.983113009237901,74,188,0.39361702127659576,25,90
v2_small_world_no_evolution_s15,v2,small_world_no_evolution,15,watts_strogatz,100,4,252,33,2.4583113296710835,13,33,0.3939393939393939,85,90
v2_small_world_no_evolution_s15,v2,small_world_no_evolution,15,watts_strogatz,100,4,253,162,3.7716156005987793,69,162,0.42592592592592593,12,90
v2_small_world_no_evolution_s15,v2,small_world_no_evolution,15,watts_strogatz,100,4,254,219,4.033159918455738,80,219,0.365296803652968,45,90
v2_small_world_no_evolution_s15,v2,small_world_no_evolution,15,watts_strogatz,100,4,255,208,4.078161040710067,77,208,0.3701923076923077,15,90
v2_small_world_no_evolution_s15,v2,small_world_no_evolution,15,watts_strogatz,100,4,256,18,1.0986122886651095,3,18,0.16666666666666666,47,42
v2_small_world_no_evolution_s15,v2,small_world_no_evolution,15,watts_strogatz,100,4,257,271,4.137434422083659,93,271,0.34317343173431736,11,42
v2_small_world_no_evolution_s15,v2,small_world_no_evolution,15,watts_strogatz,100,4,258,119,3.503429851464529,47,119,0.3949579831932773,77,42
v2_small_world_no_evolution_s15,v2,small_world_no_evolution,15,watts_strogatz,100,4,259,77,2.799724513774061,28,77,0.36363636363636365,31,73
v2_small_world_no_evolution_s15,v2,small_world_no_evolution,15,watts_strogatz,100,4,260,638,4.862876527745794,221,638,0.3463949843260188,12,59
v2_small_world_no_evolution_s15,v2,small_world_no_evolution,15,watts_strogatz,100,4,261,111,3.231285650957504,37,111,0.3333333333333333,44,66
v2_small_world_no_evolution_s15,v2,small_world_no_evolution,15,watts_strogatz,100,4,262,115,3.5485824223394595,45,115,0.391304347826087,19,90
v2_small_world_no_evolution_s15,v2,small_world_no_evolution,15,watts_strogatz,100,4,263,10,1.6094379124291005,5,10,0.5,72,73
v2_small_world_no_evolution_s15,v2,small_world_no_evolution,15,watts_strogatz,100,4,264,130,3.720560710350592,55,130,0.4230769230769231,8,42
v2_small_world_no_evolution_s15,v2,small_world_no_evolution,15,watts_strogatz,100,4,265,70,2.886165178180427,25,70,0.35714285714285715,54,90
v2_small_world_no_evolution_s15,v2,small_world_no_evolution,15,watts_strogatz,100,4,266,12,1.791759469222055,6,12,0.5,62,59
v2_small_world_no_evolution_s15,v2,small_world_no_evolution,15,watts_strogatz,100,4,267,1,-1.000088900581841e-12,1,1,1.0,64,66
v2_small_world_no_evolution_s15,v2,small_world_no_evolution,15,watts_strogatz,100,4,268,310,4.269127565740989,118,310,0.38064516129032255,22,66
v2_small_world_no_evolution_s15,v2,small_world_no_evolution,15,watts_strogatz,100,4,269,8,1.0986122886651095,3,8,0.375,44,42
v2_small_world_no_evolution_s15,v2,small_world_no_evolution,15,watts_strogatz,100,4,270,24,2.3516733018936304,13,24,0.5416666666666666,51,42
v2_small_world_no_evolution_s15,v2,small_world_no_evolution,15,watts_strogatz,100,4,271,5,0.6931471805579453,2,5,0.4,85,90
v2_small_world_no_evolution_s15,v2,small_world_no_evolution,15,watts_strogatz,100,4,272,65,2.7436353882556626,27,65,0.4153846153846154,13,66
v2_small_world_no_evolution_s15,v2,small_world_no_evolution,15,watts_strogatz,100,4,273,4,1.0986122886651095,3,4,0.75,40,42
v2_small_world_no_evolution_s15,v2,small_world_no_evolution,15,watts_strogatz,100,4,274,10,1.0986122886651095,3,10,0.3,85,90
v2_small_world_no_evolution_s15,v2,small_world_no_evolution,15,watts_strogatz,100,4,275,468,4.642119795773804,164,468,0.3504273504273504,83,59
v2_small_world_no_evolution_s15,v2,small_world_no_evolution,15,watts_strogatz,100,4,276,46,2.925202764151108,24,46,0.5217391304347826,64,59
v2_small_world_no_evolution_s15,v2,small_world_no_evolution,15,watts_strogatz,100,4,277,82,3.370480801334671,33,82,0.4024390243902439,0,42
v2_small_world_no_evolution_s15,v2,small_world_no_evolution,15,watts_strogatz,100,4,278,24,2.302585092984045,10,24,0.4166666666666667,0,90
v2_small_world_no_evolution_s15,v2,small_world_no_evolution,15,watts_strogatz,100,4,279,57,2.902002313186603,22,57,0.38596491228070173,3,73
v2_small_world_no_evolution_s15,v2,small_world_no_evolution,15,watts_strogatz,100,4,280,9,1.3321790402061222,5,9,0.5555555555555556,80,42
v2_small_world_no_evolution_s15,v2,small_world_no_evolution,15,watts_strogatz,100,4,281,235,3.858291615234877,87,235,0.3702127659574468,57,59
v2_small_world_no_evolution_s15,v2,small_world_no_evolution,15,watts_strogatz,100,4,282,299,4.075523415653944,120,299,0.4013377926421405,34,66
v2_small_world_no_evolution_s15,v2,small_world_no_evolution,15,watts_strogatz,100,4,283,18,2.302585092984045,10,18,0.5555555555555556,14,73
v2_small_world_no_evolution_s15,v2,small_world_no_evolution,15,watts_strogatz,100,4,284,0,0.0,0,0,,59,59
v2_small_world_no_evolution_s15,v2,small_world_no_evolution,15,watts_strogatz,100,4,285,76,2.9042160516845543,30,76,0.39473684210526316,44,42
v2_small_world_no_evolution_s15,v2,small_world_no_evolution,15,watts_strogatz,100,4,286,170,3.7608120420013824,64,170,0.3764705882352941,47,73
v2_small_world_no_evolution_s15,v2,small_world_no_evolution,15,watts_strogatz,100,4,287,36,2.019814992484946,11,36,0.3055555555555556,62,66
v2_small_world_no_evolution_s15,v2,small_world_no_evolution,15,watts_strogatz,100,4,288,25,2.3516733018936304,13,25,0.52,36,73
v2_small_world_no_evolution_s15,v2,small_world_no_evolution,15,watts_strogatz,100,4,289,54,2.56315140640133,22,54,0.4074074074074074,51,42
v2_small_world_no_evolution_s15,v2,small_world_no_evolution,15,watts_strogatz,100,4,290,0,0.0,0,0,,90,90
v2_small_world_no_evolution_s15,v2,small_world_no_evolution,15,watts_strogatz,100,4,291,344,4.2205896065103286,139,344,0.40406976744186046,15,73
v2_small_world_no_evolution_s15,v2,small_world_no_evolution,15,watts_strogatz,100,4,292,81,2.7019351987460847,30,81,0.37037037037037035,17,73
v2_small_world_no_evolution_s15,v2,small_world_no_evolution,15,watts_strogatz,100,4,293,4,0.6931471805579453,2,4,0.5,70,66
v2_small_world_no_evolution_s15,v2,small_world_no_evolution,15,watts_strogatz,100,4,294,0,0.0,0,0,,59,59
v2_small_world_no_evolution_s15,v2,small_world_no_evolution,15,watts_strogatz,100,4,295,298,4.414662764058146,109,298,0.36577181208053694,94,59
v2_small_world_no_evolution_s15,v2,small_world_no_evolution,15,watts_strogatz,100,4,296,1,-1.000088900581841e-12,1,1,1.0,91,90
v2_small_world_no_evolution_s15,v2,small_world_no_evolution,15,watts_strogatz,100,4,297,380,4.069490091926782,140,380,0.3684210526315789,54,42
v2_small_world_no_evolution_s15,v2,small_world_no_evolution,15,watts_strogatz,100,4,298,51,2.8152049266019468,22,51,0.43137254901960786,22,73
v2_small_world_no_evolution_s15,v2,small_world_no_evolution,15,watts_strogatz,100,4,299,31,2.0253262207620675,10,31,0.3225806451612903,7,66
v2_small_world_no_evolution_s15,v2,small_world_no_evolution,15,watts_strogatz,100,4,300,144,3.521792536939174,47,144,0.3263888888888889,13,66
v2_small_world_no_evolution_s15,v2,small_world_no_evolution,15,watts_strogatz,100,4,301,160,3.682892930654685,70,160,0.4375,17,73
v2_small_world_no_evolution_s15,v2,small_world_no_evolution,15,watts_strogatz,100,4,302,352,4.347974443942324,136,352,0.38636363636363635,54,73
v2_small_world_no_evolution_s15,v2,small_world_no_evolution,15,watts_strogatz,100,4,303,10,0.6931471805579453,2,10,0.2,94,90
v2_small_world_no_evolution_s15,v2,small_world_no_evolution,15,watts_strogatz,100,4,304,324,3.963838229050656,109,324,0.33641975308641975,16,59
v2_small_world_no_evolution_s15,v2,small_world_no_evolution,15,watts_strogatz,100,4,305,448,4.097732609269164,164,448,0.36607142857142855,12,73
v2_small_world_no_evolution_s15,v2,small_world_no_evolution,15,watts_strogatz,100,4,306,3,0.6931471805579453,2,3,0.6666666666666666,41,42
v2_small_world_no_evolution_s15,v2,small_world_no_evolution,15,watts_strogatz,100,4,307,60,2.897668095044761,27,60,0.45,97,90
v2_small_world_no_evolution_s15,v2,small_world_no_evolution,15,watts_strogatz,100,4,308,11,1.791759469222055,6,11,0.5454545454545454,71,66
v2_small_world_no_evolution_s15,v2,small_world_no_evolution,15,watts_strogatz,100,4,309,229,4.212080185091969,89,229,0.388646288209607,97,42
v2_small_world_no_evolution_s15,v2,small_world_no_evolution,15,watts_strogatz,100,4,310,25,2.2718685126865625,11,25,0.44,52,42
v2_small_world_no_evolution_s15,v2,small_world_no_evolution,15,watts_strogatz,100,4,311,202,3.803809807747703,76,202,0.37623762376237624,9,59
v2_small_world_no_evolution_s15,v2,small_world_no_evolution,15,watts_strogatz,100,4,312,667,4.719627385299442,267,667,0.4002998500749625,17,42
v2_small_world_no_evolution_s15,v2,small_world_no_evolution,15,watts_strogatz,100,4,313,205,4.129670011032225,70,205,0.34146341463414637,50,66
v2_small_world_no_evolution_s15,v2,small_world_no_evolution,15,watts_strogatz,100,4,314,0,0.0,0,0,,42,42
v2_small_world_no_evolution_s15,v2,small_world_no_evolution,15,watts_strogatz,100,4,315,85,3.363267070336762,34,85,0.4,2,42
v2_small_world_no_evolution_s15,v2,small_world_no_evolution,15,watts_strogatz,100,4,316,862,4.813465418376483,312,862,0.3619489559164733,38,73
v2_small_world_no_evolution_s15,v2,small_world_no_evolution,15,watts_strogatz,100,4,317,40,2.1383330594990277,12,40,0.3,95,90
v2_small_world_no_evolution_s15,v2,small_world_no_evolution,15,watts_strogatz,100,4,318,13,1.6094379124291005,5,13,0.38461538461538464,72,66
v2_small_world_no_evolution_s15,v2,small_world_no_evolution,15,watts_strogatz,100,4,319,405,4.566840417985848,150,405,0.37037037037037035,10,42
v2_small_world_no_evolution_s15,v2,small_world_no_evolution,15,watts_strogatz,100,4,320,6,1.3862943611158909,4,6,0.6666666666666666,38,42
v2_small_world_no_evolution_s15,v2,small_world_no_evolution,15,watts_strogatz,100,4,321,105,3.4753416030969198,45,105,0.42857142857142855,89,90
v2_small_world_no_evolution_s15,v2,small_world_no_evolution,15,watts_strogatz,100,4,322,104,3.2357288684847907,41,104,0.3942307692307692,36,73
v2_small_world_no_evolution_s15,v2,small_world_no_evolution,15,watts_strogatz,100,4,323,0,0.0,0,0,,73,73
v2_small_world_no_evolution_s15,v2,small_world_no_evolution,15,watts_strogatz,100,4,324,348,4.320513659677372,135,348,0.3879310344827586,21,73
v2_small_world_no_evolution_s15,v2,small_world_no_evolution,15,watts_strogatz,100,4,325,47,2.787788119369007,20,47,0.425531914893617,79,73
v2_small_world_no_evolution_s15,v2,small_world_no_evolution,15,watts_strogatz,100,4,326,369,4.418023053995035,133,369,0.3604336043360434,12,59
v2_small_world_no_evolution_s15,v2,small_world_no_evolution,15,watts_strogatz,100,4,327,11,1.0986122886651095,3,11,0.2727272727272727,68,66
v2_small_world_no_evolution_s15,v2,small_world_no_evolution,15,watts_strogatz,100,4,328,26,2.0431918705371204,9,26,0.34615384615384615,7,66
v2_small_world_no_evolution_s15,v2,small_world_no_evolution,15,watts_strogatz,100,4,329,520,4.399379679027284,211,520,0.40576923076923077,11,90
v2_small_world_no_evolution_s15,v2,small_world_no_evolution,15,watts_strogatz,100,4,330,3,-1.000088900581841e-12,1,3,0.3333333333333333,71,73
v2_small_world_no_evolution_s15,v2,small_world_no_evolution,15,watts_strogatz,100,4,331,433,4.330827471752669,142,433,0.3279445727482679,33,66
v2_small_world_no_evolution_s15,v2,small_world_no_evolution,15,watts_strogatz,100,4,332,0,0.0,0,0,,59,59
v2_small_world_no_evolution_s15,v2,small_world_no_evolution,15,watts_strogatz,100,4,333,107,3.4611552603273767,42,107,0.3925233644859813,13,73
v2_small_world_no_evolution_s15,v2,small_world_no_evolution,15,watts_strogatz,100,4,334,34,2.540036303807981,14,34,0.4117647058823529,7,59
v2_small_world_no_evolution_s15,v2,small_world_no_evolution,15,watts_strogatz,100,4,335,62,3.236945348149137,36,62,0.5806451612903226,10,42
v2_small_world_no_evolution_s15,v2,small_world_no_evolution,15,watts_strogatz,100,4,336,0,0.0,0,0,,73,73
v2_small_world_no_evolution_s15,v2,small_world_no_evolution,15,watts_strogatz,100,4,337,222,4.026619316658681,80,222,0.36036036036036034,2,90
v2_small_world_no_evolution_s15,v2,small_world_no_evolution,15,watts_strogatz,100,4,338,82,3.2826939972510645,28,82,0.34146341463414637,24,59
v2_small_world_no_evolution_s15,v2,small_world_no_evolution,15,watts_strogatz,100,4,339,0,0.0,0,0,,42,42
v2_small_world_no_evolution_s15,v2,small_world_no_evolution,15,watts_strogatz,100,4,340,82,3.2238860684653137,29,82,0.35365853658536583,36,90
v2_small_world_no_evolution_s15,v2,small_world_no_evolution,15,watts_strogatz,100,4,341,272,4.087831701832948,95,272,0.3492647058823529,17,66
v2_small_world_no_evolution_s15,v2,small_world_no_evolution,15,watts_strogatz,100,4,342,5,0.6931471805579453,2,5,0.4,45,42
v2_small_world_no_evolution_s15,v2,small_world_no_evolution,15,watts_strogatz,100,4,343,19,1.0986122886651095,3,19,0.15789473684210525,53,66
v2_small_world_no_evolution_s15,v2,small_world_no_evolution,15,watts_strogatz,100,4,344,26,1.039720770836918,4,26,0.15384615384615385,91,90
v2_small_world_no_evolution_s15,v2,small_world_no_evolution,15,watts_strogatz,100,4,345,18,1.9061547465328492,8,18,0.4444444444444444,67,66
v2_small_world_no_evolution_s15,v2,small_world_no_evolution,15,watts_strogatz,100,4,346,219,3.867777468119523,78,219,0.3561643835616438,11,66
v2_small_world_no_evolution_s15,v2,small_world_no_evolution,15,watts_strogatz,100,4,347,257,3.922591591110734,85,257,0.33073929961089493,11,66
v2_small_world_no_evolution_s15,v2,small_world_no_evolution,15,watts_strogatz,100,4,348,97,3.544511778726858,41,97,0.422680412371134,30,66
v2_small_world_no_evolution_s15,v2,small_world_no_evolution,15,watts_strogatz,100,4,349,88,3.2103913397623893,31,88,0.3522727272727273,52,73
v2_small_world_no_evolution_s15,v2,small_world_no_evolution,15,watts_strogatz,100,4,350,14,1.6094379124291005,5,14,0.35714285714285715,56,66
v2_small_world_no_evolution_s15,v2,small_world_no_evolution,15,watts_strogatz,100,4,351,103,3.3769632228309616,40,103,0.3883495145631068,95,59
v2_small_world_no_evolution_s15,v2,small_world_no_evolution,15,watts_strogatz,100,4,352,151,3.707777194240221,58,151,0.3841059602649007,37,90
v2_small_world_no_evolution_s15,v2,small_world_no_evolution,15,watts_strogatz,100,4,353,89,3.272991145747969,40,89,0.449438202247191,96,42
v2_small_world_no_evolution_s15,v2,small_world_no_evolution,15,watts_strogatz,100,4,354,446,4.504395293814057,162,446,0.3632286995515695,11,42
v2_small_world_no_evolution_s15,v2,small_world_no_evolution,15,watts_strogatz,100,4,355,2,-1.000088900581841e-12,1,2,0.5,64,66
v2_small_world_no_evolution_s15,v2,small_world_no_evolution,15,watts_strogatz,100,4,356,19,1.5498260458732018,7,19,0.3684210526315789,54,59
v2_small_world_no_evolution_s15,v2,small_world_no_evolution,15,watts_strogatz,100,4,357,19,2.079441541671836,8,19,0.42105263157894735,34,73
v2_small_world_no_evolution_s15,v2,small_world_no_evolution,15,watts_strogatz,100,4,358,625,4.865718592977672,253,625,0.4048,19,42
v2_small_world_no_evolution_s15,v2,small_world_no_evolution,15,watts_strogatz,100,4,359,354,4.119431603412105,118,354,0.3333333333333333,20,42
v2_small_world_no_evolution_s15,v2,small_world_no_evolution,15,watts_strogatz,100,4,360,1,-1.000088900581841e-12,1,1,1.0,60,59
v2_small_world_no_evolution_s15,v2,small_world_no_evolution,15,watts_strogatz,100,4,361,551,4.529849132306721,193,551,0.3502722323049002,29,66
v2_small_world_no_evolution_s15,v2,small_world_no_evolution,15,watts_strogatz,100,4,362,67,3.2826939972510645,28,67,0.417910447761194,93,42
v2_small_world_no_evolution_s15,v2,small_world_no_evolution,15,watts_strogatz,100,4,363,35,2.369382119683676,12,35,0.34285714285714286,85,42
v2_small_world_no_evolution_s15,v2,small_world_no_evolution,15,watts_strogatz,100,4,364,4,-1.000088900581841e-12,1,4,0.25,40,42
v2_small_world_no_evolution_s15,v2,small_world_no_evolution,15,watts_strogatz,100,4,365,18,1.0986122886651095,3,18,0.16666666666666666,61,59
v2_small_world_no_evolution_s15,v2,small_world_no_evolution,15,watts_strogatz,100,4,366,3,0.6931471805579453,2,3,0.6666666666666666,88,90
v2_small_world_no_evolution_s15,v2,small_world_no_evolution,15,watts_strogatz,100,4,367,95,3.042845487793543,30,95,0.3157894736842105,76,59
v2_small_world_no_evolution_s15,v2,small_world_no_evolution,15,watts_strogatz,100,4,368,55,3.218875824843201,25,55,0.45454545454545453,19,59
v2_small_world_no_evolution_s15,v2,small_world_no_evolution,15,watts_strogatz,100,4,369,212,3.998283678725857,90,212,0.42452830188679247,99,59
v2_small_world_no_evolution_s15,v2,small_world_no_evolution,15,watts_strogatz,100,4,370,18,1.9459101490483133,7,18,0.3888888888888889,80,90
v2_small_world_no_evolution_s15,v2,small_world_no_evolution,15,watts_strogatz,100,4,371,132,4.048134750126772,60,132,0.45454545454545453,55,59
v2_small_world_no_evolution_s15,v2,small_world_no_evolution,15,watts_strogatz,100,4,372,586,4.588256366885529,223,586,0.38054607508532423,13,66
v2_small_world_no_evolution_s15,v2,small_world_no_evolution,15,watts_strogatz,100,4,373,259,4.101896348818726,106,259,0.4092664092664093,3,90
v2_small_world_no_evolution_s15,v2,small_world_no_evolution,15,watts_strogatz,100,4,374,5,0.6931471805579453,2,5,0.4,62,59
v2_small_world_no_evolution_s15,v2,small_world_no_evolution,15,watts_strogatz,100,4,375,296,4.358979708401146,116,296,0.3918918918918919,13,73
v2_small_world_no_evolution_s15,v2,small_world_no_evolution,15,watts_strogatz,100,4,376,63,2.894399544411038,23,63,0.36507936507936506,55,73
v2_small_world_no_evolution_s15,v2,small_world_no_evolution,15,watts_strogatz,100,4,377,932,4.828793790053016,339,932,0.36373390557939916,0,66
v2_small_world_no_evolution_s15,v2,small_world_no_evolution,15,watts_strogatz,100,4,378,1307,5.036553310330618,464,1307,0.3550114766641163,11,90
v2_small_world_no_evolution_s15,v2,small_world_no_evolution,15,watts_strogatz,100,4,379,3,-1.000088900581841e-12,1,3,0.3333333333333333,64,66
v2_small_world_no_evolution_s15,v2,small_world_no_evolution,15,watts_strogatz,100,4,380,1,-1.000088900581841e-12,1,1,1.0,68,66
v2_small_world_no_evolution_s15,v2,small_world_no_evolution,15,watts_strogatz,100,4,381,142,3.456765939696792,49,142,0.34507042253521125,38,90
v2_small_world_no_evolution_s15,v2,small_world_no_evolution,15,watts_strogatz,100,4,382,160,3.87180829520212,66,160,0.4125,26,90
v2_small_world_no_evolution_s15,v2,small_world_no_evolution,15,watts_strogatz,100,4,383,1007,4.760362354229239,370,1007,0.36742800397219466,79,42
v2_small_world_no_evolution_s15,v2,small_world_no_evolution,15,watts_strogatz,100,4,384,13,1.9459101490483133,7,13,0.5384615384615384,64,59
v2_small_world_no_evolution_s15,v2,small_world_no_evolution,15,watts_strogatz,100,4,385,140,3.679750944731672,50,140,0.35714285714285715,18,90
v2_small_world_no_evolution_s15,v2,small_world_no_evolution,15,watts_strogatz,100,4,386,0,0.0,0,0,,42,42
v2_small_world_no_evolution_s15,v2,small_world_no_evolution,15,watts_strogatz,100,4,387,55,2.5993019270857944,16,55,0.2909090909090909,13,42
v2_small_world_no_evolution_s15,v2,small_world_no_evolution,15,watts_strogatz,100,4,388,249,3.975145282642104,93,249,0.37349397590361444,13,59
v2_small_world_no_evolution_s15,v2,small_world_no_evolution,15,watts_strogatz,100,4,389,337,4.578278201297554,118,337,0.35014836795252224,54,73
v2_small_world_no_evolution_s15,v2,small_world_no_evolution,15,watts_strogatz,100,4,390,16,2.079441541671836,8,16,0.5,33,90
v2_small_world_no_evolution_s15,v2,small_world_no_evolution,15,watts_strogatz,100,4,391,27,2.0431918705371204,9,27,0.3333333333333333,84,73
v2_small_world_no_evolution_s15,v2,small_world_no_evolution,15,watts_strogatz,100,4,392,39,2.751666616915516,17,39,0.4358974358974359,84,59
v2_small_world_no_evolution_s15,v2,small_world_no_evolution,15,watts_strogatz,100,4,393,133,3.4678540963178395,40,133,0.3007518796992481,27,42
v2_small_world_no_evolution_s15,v2,small_world_no_evolution,15,watts_strogatz,100,4,394,969,4.763056380566166,362,969,0.3735810113519092,71,73
v2_small_world_no_evolution_s15,v2,small_world_no_evolution,15,watts_strogatz,100,4,395,288,4.035159011860697,102,288,0.3541666666666667,22,90
v2_small_world_no_evolution_s15,v2,small_world_no_evolution,15,watts_strogatz,100,4,396,113,3.448696971190125,42,113,0.37168141592920356,20,73
v2_small_world_no_evolution_s15,v2,small_world_no_evolution,15,watts_strogatz,100,4,397,12,1.791759469222055,6,12,0.5,74,73
v2_small_world_no_evolution_s15,v2,small_world_no_evolution,15,watts_strogatz,100,4,398,236,4.224740180846572,105,236,0.4449152542372881,14,66
v2_small_world_no_evolution_s15,v2,small_world_no_evolution,15,watts_strogatz,100,4,399,5,-1.000088900581841e-12,1,5,0.2,64,66
v2_small_world_no_evolution_s15,v2,small_world_no_evolution,15,watts_strogatz,100,4,400,35,2.8332133440392155,17,35,0.4857142857142857,77,73
v2_small_world_no_evolution_s15,v2,small_world_no_evolution,15,watts_strogatz,100,4,401,93,3.016453999064493,28,93,0.3010752688172043,96,59
v2_small_world_no_evolution_s15,v2,small_world_no_evolution,15,watts_strogatz,100,4,402,32,2.772588722223781,16,32,0.5,97,42
v2_small_world_no_evolution_s15,v2,small_world_no_evolution,15,watts_strogatz,100,4,403,388,4.380620732578236,144,388,0.3711340206185567,69,42
v2_small_world_no_evolution_s15,v2,small_world_no_evolution,15,watts_strogatz,100,4,404,287,4.336188360574492,112,287,0.3902439024390244,24,73
v2_small_world_no_evolution_s15,v2,small_world_no_evolution,15,watts_strogatz,100,4,405,565,4.44538343722701,217,565,0.384070796460177,55,59
v2_small_world_no_evolution_s15,v2,small_world_no_evolution,15,watts_strogatz,100,4,406,0,0.0,0,0,,66,66
v2_small_world_no_evolution_s15,v2,small_world_no_evolution,15,watts_strogatz,100,4,407,130,3.870773131463292,63,130,0.4846153846153846,26,42
v2_small_world_no_evolution_s15,v2,small_world_no_evolution,15,watts_strogatz,100,4,408,14,1.5607104090364068,6,14,0.42857142857142855,86,59
v2_small_world_no_evolution_s15,v2,small_world_no_evolution,15,watts_strogatz,100,4,409,60,2.3701349548703625,18,60,0.3,52,66
v2_small_world_no_evolution_s15,v2,small_world_no_evolution,15,watts_strogatz,100,4,410,9,1.3862943611158909,4,9,0.4444444444444444,70,73
v2_small_world_no_evolution_s15,v2,small_world_no_evolution,15,watts_strogatz,100,4,411,49,2.670119889791816,17,49,0.3469387755102041,52,42
v2_small_world_no_evolution_s15,v2,small_world_no_evolution,15,watts_strogatz,100,4,412,142,3.610512234603808,53,142,0.3732394366197183,96,42
v2_small_world_no_evolution_s15,v2,small_world_no_evolution,15,watts_strogatz,100,4,413,507,4.710608370635498,191,507,0.3767258382642998,56,42
v2_small_world_no_evolution_s15,v2,small_world_no_evolution,15,watts_strogatz,100,4,414,257,3.9703858021998,80,257,0.311284046692607,25,66
v2_small_world_no_evolution_s15,v2,small_world_no_evolution,15,watts_strogatz,100,4,415,24,2.197224577327219,9,24,0.375,46,42
v2_small_world_no_evolution_s15,v2,small_world_no_evolution,15,watts_strogatz,100,4,416,37,2.639057329601259,14,37,0.3783783783783784,64,90
v2_small_world_no_evolution_s15,v2,small_world_no_evolution,15,watts_strogatz,100,4,417,14,1.791759469222055,6,14,0.42857142857142855,51,90
v2_small_world_no_evolution_s15,v2,small_world_no_evolution,15,watts_strogatz,100,4,418,3,-1.000088900581841e-12,1,3,0.3333333333333333,64,66
v2_small_world_no_evolution_s15,v2,small_world_no_evolution,15,watts_strogatz,100,4,419,134,3.579388963696679,45,134,0.3358208955223881,9,66
v2_small_world_no_evolution_s15,v2,small_world_no_evolution,15,watts_strogatz,100,4,420,26,1.9061547465328492,8,26,0.3076923076923077,55,66
v2_small_world_no_evolution_s15,v2,small_world_no_evolution,15,watts_strogatz,100,4,421,170,4.061593638340022,76,170,0.4470588235294118,25,42
v2_small_world_no_evolution_s15,v2,small_world_no_evolution,15,watts_strogatz,100,4,422,35,2.245035274116177,13,35,0.37142857142857144,47,42
v2_small_world_no_evolution_s15,v2,small_world_no_evolution,15,watts_strogatz,100,4,423,42,2.5232109529398907,15,42,0.35714285714285715,75,42
v2_small_world_no_evolution_s15,v2,small_world_no_evolution,15,watts_strogatz,100,4,424,10,1.3862943611158909,4,10,0.4,74,42
v2_small_world_no_evolution_s15,v2,small_world_no_evolution,15,watts_strogatz,100,4,425,124,3.7415499360560274,51,124,0.4112903225806452,24,90
v2_small_world_no_evolution_s15,v2,small_world_no_evolution,15,watts_strogatz,100,4,426,303,4.283170465548468,123,303,0.40594059405940597,17,42
v2_small_world_no_evolution_s15,v2,small_world_no_evolution,15,watts_strogatz,100,4,427,42,2.5649493574485365,13,42,0.30952380952380953,96,73
v2_small_world_no_evolution_s15,v2,small_world_no_evolution,15,watts_strogatz,100,4,428,59,3.151458510219029,26,59,0.4406779661016949,36,90
v2_small_world_no_evolution_s15,v2,small_world_no_evolution,15,watts_strogatz,100,4,429,135,3.4411852006348957,52,135,0.3851851851851852,43,66
v2_small_world_no_evolution_s15,v2,small_world_no_evolution,15,watts_strogatz,100,4,430,28,2.079441541671836,8,28,0.2857142857142857,77,42
v2_small_world_no_evolution_s15,v2,small_world_no_evolution,15,watts_strogatz,100,4,431,140,3.455964152550161,48,140,0.34285714285714286,22,42
v2_small_world_no_evolution_s15,v2,small_world_no_evolution,15,watts_strogatz,100,4,432,51,2.857102837424001,20,51,0.39215686274509803,62,42
v2_small_world_no_evolution_s15,v2,small_world_no_evolution,15,watts_strogatz,100,4,433,224,4.100173532926914,82,224,0.36607142857142855,98,90
v2_small_world_no_evolution_s15,v2,small_world_no_evolution,15,watts_strogatz,100,4,434,196,3.915307534945351,73,196,0.37244897959183676,40,73
v2_small_world_no_evolution_s15,v2,small_world_no_evolution,15,watts_strogatz,100,4,435,1043,4.7910172874748405,364,1043,0.348993288590604,14,42
v2_small_world_no_evolution_s15,v2,small_world_no_evolution,15,watts_strogatz,100,4,436,101,3.5155926589389503,40,101,0.39603960396039606,14,73
v2_small_world_no_evolution_s15,v2,small_world_no_evolution,15,watts_strogatz,100,4,437,55,2.598605177982307,21,55,0.38181818181818183,33,59
v2_small_world_no_evolution_s15,v2,small_world_no_evolution,15,watts_strogatz,100,4,438,17,1.277034259462139,7,17,0.4117647058823529,6,73
v2_small_world_no_evolution_s15,v2,small_world_no_evolution,15,watts_strogatz,100,4,439,5,0.6931471805579453,2,5,0.4,38,42
v2_small_world_no_evolution_s15,v2,small_world_no_evolution,15,watts_strogatz,100,4,440,71,3.2238860684653137,29,71,0.4084507042253521,99,59
v2_small_world_no_evolution_s15,v2,small_world_no_evolution,15,watts_strogatz,100,4,441,54,2.7080502010872096,15,54,0.2777777777777778,63,59
v2_small_world_no_evolution_s15,v2,small_world_no_evolution,15,watts_strogatz,100,4,442,573,4.6102211719678365,200,573,0.34904013961605584,30,73
v2_small_world_no_evolution_s15,v2,small_world_no_evolution,15,watts_strogatz,100,4,443,179,3.866068812498448,59,179,0.329608938547486,56,42
v2_small_world_no_evolution_s15,v2,small_world_no_evolution,15,watts_strogatz,100,4,444,20,1.7478680974607577,7,20,0.35,55,59
v2_small_world_no_evolution_s15,v2,small_world_no_evolution,15,watts_strogatz,100,4,445,79,3.0149468801585937,23,79,0.2911392405063291,85,42
v2_small_world_no_evolution_s15,v2,small_world_no_evolution,15,watts_strogatz,100,4,446,551,4.771942329362329,186,551,0.33756805807622503,14,42
v2_small_world_no_evolution_s15,v2,small_world_no_evolution,15,watts_strogatz,100,4,447,152,3.5491608204297584,54,152,0.35526315789473684,34,42
v2_small_world_no_evolution_s15,v2,small_world_no_evolution,15,watts_strogatz,100,4,448,5,0.6931471805579453,2,5,0.4,52,90
v2_small_world_no_evolution_s15,v2,small_world_no_evolution,15,watts_strogatz,100,4,449,50,3.218875824843201,25,50,0.5,10,90
v2_small_world_no_evolution_s15,v2,small_world_no_evolution,15,watts_strogatz,100,4,450,231,4.078161040710067,77,231,0.3333333333333333,9,42
v2_small_world_no_evolution_s15,v2,small_world_no_evolution,15,watts_strogatz,100,4,451,65,2.6701198897918164,17,65,0.26153846153846155,55,90
v2_small_world_no_evolution_s15,v2,small_world_no_evolution,15,watts_strogatz,100,4,452,103,3.5783238363141483,41,103,0.39805825242718446,21,42
v2_small_world_no_evolution_s15,v2,small_world_no_evolution,15,watts_strogatz,100,4,453,246,3.994929646366772,100,246,0.4065040650406504,89,90
v2_small_world_no_evolution_s15,v2,small_world_no_evolution,15,watts_strogatz,100,4,454,53,3.0280290732864104,22,53,0.41509433962264153,78,73
v2_small_world_no_evolution_s15,v2,small_world_no_evolution,15,watts_strogatz,100,4,455,0,0.0,0,0,,42,42
v2_small_world_no_evolution_s15,v2,small_world_no_evolution,15,watts_strogatz,100,4,456,27,2.484906649776,12,27,0.4444444444444444,95,73
v2_small_world_no_evolution_s15,v2,small_world_no_evolution,15,watts_strogatz,100,4,457,110,3.443075605964988,41,110,0.37272727272727274,64,42
v2_small_world_no_evolution_s15,v2,small_world_no_evolution,15,watts_strogatz,100,4,458,21,1.5607104090364068,6,21,0.2857142857142857,41,42
v2_small_world_no_evolution_s15,v2,small_world_no_evolution,15,watts_strogatz,100,4,459,52,2.305657338287639,19,52,0.36538461538461536,44,42
v2_small_world_no_evolution_s15,v2,small_world_no_evolution,15,watts_strogatz,100,4,460,80,2.7190976790188595,29,80,0.3625,44,42
v2_small_world_no_evolution_s15,v2,small_world_no_evolution,15,watts_strogatz,100,4,461,76,3.370480801334671,33,76,0.4342105263157895,91,90
v2_small_world_no_evolution_s15,v2,small_world_no_evolution,15,watts_strogatz,100,4,462,228,4.113700416493421,86,228,0.37719298245614036,37,90
v2_small_world_no_evolution_s15,v2,small_world_no_evolution,15,watts_strogatz,100,4,463,145,3.483527977463067,56,145,0.38620689655172413,55,42
v2_small_world_no_evolution_s15,v2,small_world_no_evolution,15,watts_strogatz,100,4,464,74,3.084651945666509,28,74,0.3783783783783784,36,73
v2_small_world_no_evolution_s15,v2,small_world_no_evolution,15,watts_strogatz,100,4,465,121,3.860623457522692,54,121,0.4462809917355372,39,73
v2_small_world_no_evolution_s15,v2,small_world_no_evolution,15,watts_strogatz,100,4,466,1,-1.000088900581841e-12,1,1,1.0,72,73
v2_small_world_no_evolution_s15,v2,small_world_no_evolution,15,watts_strogatz,100,4,467,209,3.9853068760834423,72,209,0.3444976076555024,50,90
v2_small_world_no_evolution_s15,v2,small_world_no_evolution,15,watts_strogatz,100,4,468,30,2.588573162668117,17,30,0.5666666666666667,14,73
v2_small_world_no_evolution_s15,v2,small_world_no_evolution,15,watts_strogatz,100,4,469,18,1.791759469222055,6,18,0.3333333333333333,33,59
v2_small_world_no_evolution_s15,v2,small_world_no_evolution,15,watts_strogatz,100,4,470,31,1.9915093613486137,13,31,0.41935483870967744,86,42
v2_small_world_no_evolution_s15,v2,small_world_no_evolution,15,watts_strogatz,100,4,471,76,3.062433267532996,29,76,0.3815789473684211,51,59
v2_small_world_no_evolution_s15,v2,small_world_no_evolution,15,watts_strogatz,100,4,472,18,1.9459101490483133,7,18,0.3888888888888889,93,90
v2_small_world_no_evolution_s15,v2,small_world_no_evolution,15,watts_strogatz,100,4,473,139,3.617683558888373,46,139,0.33093525179856115,92,73
v2_small_world_no_evolution_s15,v2,small_world_no_evolution,15,watts_strogatz,100,4,474,343,4.328578232197552,110,343,0.3206997084548105,51,42
v2_small_world_no_evolution_s15,v2,small_world_no_evolution,15,watts_strogatz,100,4,475,15,1.5607104090364066,6,15,0.4,67,66
v2_small_world_no_evolution_s15,v2,small_world_no_evolution,15,watts_strogatz,100,4,476,61,2.557793860093732,17,61,0.2786885245901639,65,59
v2_small_world_no_evolution_s15,v2,small_world_no_evolution,15,watts_strogatz,100,4,477,20,1.7328679513938632,8,20,0.4,64,66
v2_small_world_no_evolution_s15,v2,small_world_no_evolution,15,watts_strogatz,100,4,478,302,4.175788155169377,108,302,0.3576158940397351,22,42
v2_small_world_no_evolution_s15,v2,small_world_no_evolution,15,watts_strogatz,100,4,479,2,-1.000088900581841e-12,1,2,0.5,68,66
v2_small_world_no_evolution_s15,v2,small_world_no_evolution,15,watts_strogatz,100,4,480,68,3.052520501511814,25,68,0.36764705882352944,77,73
v2_small_world_no_evolution_s15,v2,small_world_no_evolution,15,watts_strogatz,100,4,481,7,1.039720770836918,4,7,0.5714285714285714,41,42
v2_small_world_no_evolution_s15,v2,small_world_no_evolution,15,watts_strogatz,100,4,482,124,3.402100783854379,45,124,0.3629032258064516,35,73
v2_small_world_no_evolution_s15,v2,small_world_no_evolution,15,watts_strogatz,100,4,483,66,2.912494403312053,21,66,0.3181818181818182,83,42
v2_small_world_no_evolution_s15,v2,small_world_no_evolution,15,watts_strogatz,100,4,484,378,4.411386026683931,132,378,0.3492063492063492,11,59
v2_small_world_no_evolution_s15,v2,small_world_no_evolution,15,watts_strogatz,100,4,485,130,3.53170654712406,48,130,0.36923076923076925,65,66
v2_small_world_no_evolution_s15,v2,small_world_no_evolution,15,watts_strogatz,100,4,486,225,3.691119309828188,75,225,0.3333333333333333,83,59
v2_small_world_no_evolution_s15,v2,small_world_no_evolution,15,watts_strogatz,100,4,487,31,2.6593226976945163,18,31,0.5806451612903226,22,59
v2_small_world_no_evolution_s15,v2,small_world_no_evolution,15,watts_strogatz,100,4,488,1,-1.000088900581841e-12,1,1,1.0,60,59
v2_small_world_no_evolution_s15,v2,small_world_no_evolution,15,watts_strogatz,100,4,489,140,3.6579891421496815,52,140,0.37142857142857144,75,42
v2_small_world_no_evolution_s15,v2,small_world_no_evolution,15,watts_strogatz,100,4,490,35,2.4583113296710835,13,35,0.37142857142857144,69,66
v2_small_world_no_evolution_s15,v2,small_world_no_evolution,15,watts_strogatz,100,4,491,27,2.639057329601259,14,27,0.5185185185185185,69,90
v2_small_world_no_evolution_s15,v2,small_world_no_evolution,15,watts_strogatz,100,4,492,50,2.4762471329700326,17,50,0.34,50,42
v2_small_world_no_evolution_s15,v2,small_world_no_evolution,15,watts_strogatz,100,4,493,30,2.3978952727873706,11,30,0.36666666666666664,48,42
v2_small_world_no_evolution_s15,v2,small_world_no_evolution,15,watts_strogatz,100,4,494,340,4.142831543475988,126,340,0.37058823529411766,1,90
v2_small_world_no_evolution_s15,v2,small_world_no_evolution,15,watts_strogatz,100,4,495,106,3.281713908707698,38,106,0.3584905660377358,46,66
v2_small_world_no_evolution_s15,v2,small_world_no_evolution,15,watts_strogatz,100,4,496,2,-1.000088900581841e-12,1,2,0.5,91,90
v2_small_world_no_evolution_s15,v2,small_world_no_evolution,15,watts_strogatz,100,4,497,46,2.3516733018936304,13,46,0.2826086956521739,65,66
v2_small_world_no_evolution_s15,v2,small_world_no_evolution,15,watts_strogatz,100,4,498,235,3.8234082897787527,84,235,0.3574468085106383,8,59
v2_small_world_no_evolution_s15,v2,small_world_no_evolution,15,watts_strogatz,100,4,499,25,1.6094379124291005,5,25,0.2,5,73
v2_small_world_no_evolution_s15,v2,small_world_no_evolution,15,watts_strogatz,100,4,500,360,4.425638577039618,139,360,0.3861111111111111,23,73
v2_small_world_no_evolution_s15,v2,small_world_no_evolution,15,watts_strogatz,100,4,501,23,2.0431918705371204,9,23,0.391304347826087,89,59
v2_small_world_no_evolution_s15,v2,small_world_no_evolution,15,watts_strogatz,100,4,502,87,2.9868414280016777,33,87,0.3793103448275862,82,90
v2_small_world_no_evolution_s15,v2,small_world_no_evolution,15,watts_strogatz,100,4,503,170,3.825794590175876,64,170,0.3764705882352941,63,90
v2_small_world_no_evolution_s15,v2,small_world_no_evolution,15,watts_strogatz,100,4,504,9,0.6931471805579453,2,9,0.2222222222222222,58,59
v2_small_world_no_evolution_s15,v2,small_world_no_evolution,15,watts_strogatz,100,4,505,127,3.66448190441264,43,127,0.33858267716535434,27,59
v2_small_world_no_evolution_s15,v2,small_world_no_evolution,15,watts_strogatz,100,4,506,267,4.172399434917869,83,267,0.31086142322097376,0,73
v2_small_world_no_evolution_s15,v2,small_world_no_evolution,15,watts_strogatz,100,4,507,556,4.5103417692116174,198,556,0.35611510791366907,11,73
v2_small_world_no_evolution_s15,v2,small_world_no_evolution,15,watts_strogatz,100,4,508,127,3.508352107143893,44,127,0.3464566929133858,24,42
v2_small_world_no_evolution_s15,v2,small_world_no_evolution,15,watts_strogatz,100,4,509,18,1.791759469222055,6,18,0.3333333333333333,93,90
v2_small_world_no_evolution_s15,v2,small_world_no_evolution,15,watts_strogatz,100,4,510,16,2.079441541671836,8,16,0.5,6,59
v2_small_world_no_evolution_s15,v2,small_world_no_evolution,15,watts_strogatz,100,4,511,7,1.0986122886651095,3,7,0.42857142857142855,68,73
v2_small_world_no_evolution_s15,v2,small_world_no_evolution,15,watts_strogatz,100,4,512,429,4.363754848677324,153,429,0.35664335664335667,30,42
v2_small_world_no_evolution_s15,v2,small_world_no_evolution,15,watts_strogatz,100,4,513,8,1.3862943611158909,4,8,0.5,63,59
v2_small_world_no_evolution_s15,v2,small_world_no_evolution,15,watts_strogatz,100,4,514,0,0.0,0,0,,59,59
v2_small_world_no_evolution_s15,v2,small_world_no_evolution,15,watts_strogatz,100,4,515,198,3.983565601444886,70,198,0.35353535353535354,60,66
v2_small_world_no_evolution_s15,v2,small_world_no_evolution,15,watts_strogatz,100,4,516,117,3.0731615874838543,42,117,0.358974358974359,35,73
v2_small_world_no_evolution_s15,v2,small_world_no_evolution,15,watts_strogatz,100,4,517,228,3.918130853670719,86,228,0.37719298245614036,71,66
v2_small_world_no_evolution_s15,v2,small_world_no_evolution,15,watts_strogatz,100,4,518,88,3.1865891168464264,33,88,0.375,22,42
v2_small_world_no_evolution_s15,v2,small_world_no_evolution,15,watts_strogatz,100,4,519,15,1.9459101490483133,7,15,0.4666666666666667,95,90
v2_small_world_no_evolution_s15,v2,small_world_no_evolution,15,watts_strogatz,100,4,520,468,4.154114399156015,177,468,0.3782051282051282,9,42
v2_small_world_no_evolution_s15,v2,small_world_no_evolution,15,watts_strogatz,100,4,521,72,3.335770806415738,32,72,0.4444444444444444,50,59
v2_small_world_no_evolution_s15,v2,small_world_no_evolution,15,watts_strogatz,100,4,522,287,4.4104541299152,112,287,0.3902439024390244,14,73
v2_small_world_no_evolution_s15,v2,small_world_no_evolution,15,watts_strogatz,100,4,523,107,3.4551790069144523,38,107,0.35514018691588783,84,59
v2_small_world_no_evolution_s15,v2,small_world_no_evolution,15,watts_strogatz,100,4,524,593,4.784221134448515,212,593,0.357504215851602,79,42
v2_small_world_no_evolution_s15,v2,small_world_no_evolution,15,watts_strogatz,100,4,525,33,2.369382119683676,12,33,0.36363636363636365,54,59
v2_small_world_no_evolution_s15,v2,small_world_no_evolution,15,watts_strogatz,100,4,526,228,3.904144292148089,86,228,0.37719298245614036,95,42
v2_small_world_no_evolution_s15,v2,small_world_no_evolution,15,watts_strogatz,100,4,527,236,4.053172749393064,86,236,0.3644067796610169,98,90
v2_small_world_no_evolution_s15,v2,small_world_no_evolution,15,watts_strogatz,100,4,528,30,2.751666616915516,17,30,0.5666666666666667,36,73
v2_small_world_no_evolution_s15,v2,small_world_no_evolution,15,watts_strogatz,100,4,529,111,2.893974829574496,34,111,0.3063063063063063,53,42
v2_small_world_no_evolution_s15,v2,small_world_no_evolution,15,watts_strogatz,100,4,530,33,2.5232109529398907,15,33,0.45454545454545453,71,73
v2_small_world_no_evolution_s15,v2,small_world_no_evolution,15,watts_strogatz,100,4,531,40,2.3786201993982123,19,40,0.475,5,66
v2_small_world_no_evolution_s15,v2,small_world_no_evolution,15,watts_strogatz,100,4,532,141,3.631329635205068,52,141,0.36879432624113473,36,42
v2_small_world_no_evolution_s15,v2,small_world_no_evolution,15,watts_strogatz,100,4,533,496,4.806803807987901,188,496,0.3790322580645161,13,90
v2_small_world_no_evolution_s15,v2,small_world_no_evolution,15,watts_strogatz,100,4,534,63,2.936427216804097,27,63,0.42857142857142855,83,66
v2_small_world_no_evolution_s15,v2,small_world_no_evolution,15,watts_strogatz,100,4,535,0,0.0,0,0,,66,66
v2_small_world_no_evolution_s15,v2,small_world_no_evolution,15,watts_strogatz,100,4,536,107,3.492296912235496,47,107,0.4392523364485981,93,42
v2_small_world_no_evolution_s15,v2,small_world_no_evolution,15,watts_strogatz,100,4,537,41,2.197224577327219,9,41,0.21951219512195122,77,73
v2_small_world_no_evolution_s15,v2,small_world_no_evolution,15,watts_strogatz,100,4,538,199,3.915168615246295,60,199,0.3015075376884422,12,42
v2_small_world_no_evolution_s15,v2,small_world_no_evolution,15,watts_strogatz,100,4,539,176,4.006871492509342,76,176,0.4318181818181818,15,73
v2_small_world_no_evolution_s15,v2,small_world_no_evolution,15,watts_strogatz,100,4,540,340,4.259913677285271,125,340,0.36764705882352944,51,42
v2_small_world_no_evolution_s15,v2,small_world_no_evolution,15,watts_strogatz,100,4,541,45,2.751666616915516,17,45,0.37777777777777777,4,90
v2_small_world_no_evolution_s15,v2,small_world_no_evolution,15,watts_strogatz,100,4,542,21,2.369382119683676,12,21,0.5714285714285714,95,90
v2_small_world_no_evolution_s15,v2,small_world_no_evolution,15,watts_strogatz,100,4,543,11,1.3862943611158909,4,11,0.36363636363636365,78,42
v2_small_world_no_evolution_s15,v2,small_world_no_evolution,15,watts_strogatz,100,4,544,116,3.478947762716976,43,116,0.3706896551724138,18,73
v2_small_world_no_evolution_s15,v2,small_world_no_evolution,15,watts_strogatz,100,4,545,22,1.5498260458732018,7,22,0.3181818181818182,95,90
v2_small_world_no_evolution_s15,v2,small_world_no_evolution,15,watts_strogatz,100,4,546,39,2.5649493574485365,13,39,0.3333333333333333,88,42
v2_small_world_no_evolution_s15,v2,small_world_no_evolution,15,watts_strogatz,100,4,547,389,4.455060603036904,139,389,0.35732647814910024,8,42
v2_small_world_no_evolution_s15,v2,small_world_no_evolution,15,watts_strogatz,100,4,548,525,4.650416338720417,179,525,0.34095238095238095,15,90
v2_small_world_no_evolution_s15,v2,small_world_no_evolution,15,watts_strogatz,100,4,549,285,3.959037787365743,109,285,0.3824561403508772,33,59
v2_small_world_no_evolution_s15,v2,small_world_no_evolution,15,watts_strogatz,100,4,550,56,2.6593226976945163,18,56,0.32142857142857145,58,90
v2_small_world_no_evolution_s15,v2,small_world_no_evolution,15,watts_strogatz,100,4,551,20,2.197224577327219,9,20,0.45,67,66
v2_small_world_no_evolution_s15,v2,small_world_no_evolution,15,watts_strogatz,100,4,552,68,3.1154750248567717,28,68,0.4117647058823529,47,90
v2_small_world_no_evolution_s15,v2,small_world_no_evolution,15,watts_strogatz,100,4,553,48,2.871476118036867,19,48,0.3958333333333333,19,59
v2_small_world_no_evolution_s15,v2,small_world_no_evolution,15,watts_strogatz,100,4,554,59,2.725550395815721,19,59,0.3220338983050847,88,90
v2_small_world_no_evolution_s15,v2,small_world_no_evolution,15,watts_strogatz,100,4,555,66,3.244492630381296,27,66,0.4090909090909091,20,42
v2_small_world_no_evolution_s15,v2,small_world_no_evolution,15,watts_strogatz,100,4,556,184,3.468178840316118,64,184,0.34782608695652173,0,73
v2_small_world_no_evolution_s15,v2,small_world_no_evolution,15,watts_strogatz,100,4,557,48,2.954673212284816,23,48,0.4791666666666667,84,42
v2_small_world_no_evolution_s15,v2,small_world_no_evolution,15,watts_strogatz,100,4,558,30,2.094729047518648,12,30,0.4,8,73
v2_small_world_no_evolution_s15,v2,small_world_no_evolution,15,watts_strogatz,100,4,559,23,2.079441541671836,8,23,0.34782608695652173,96,59
v2_small_world_no_evolution_s15,v2,small_world_no_evolution,15,watts_strogatz,100,4,560,222,4.023218156891709,94,222,0.42342342342342343,99,42
v2_small_world_no_evolution_s15,v2,small_world_no_evolution,15,watts_strogatz,100,4,561,132,3.612170686579779,58,132,0.4393939393939394,96,42
v2_small_world_no_evolution_s15,v2,small_world_no_evolution,15,watts_strogatz,100,4,562,4,-1.000088900581841e-12,1,4,0.25,40,42
v2_small_world_no_evolution_s15,v2,small_world_no_evolution,15,watts_strogatz,100,4,563,27,2.079441541671836,8,27,0.2962962962962963,39,90
v2_small_world_no_evolution_s15,v2,small_world_no_evolution,15,watts_strogatz,100,4,564,467,4.528100483211961,173,467,0.37044967880085655,9,42
v2_small_world_no_evolution_s15,v2,small_world_no_evolution,15,watts_strogatz,100,4,565,13,1.5607104090364066,6,13,0.46153846153846156,78,42
v2_small_world_no_evolution_s15,v2,small_world_no_evolution,15,watts_strogatz,100,4,566,236,4.0262302518398725,92,236,0.3898305084745763,64,42
v2_small_world_no_evolution_s15,v2,small_world_no_evolution,15,watts_strogatz,100,4,567,6,1.0986122886651095,3,6,0.5,74,73
v2_small_world_no_evolution_s15,v2,small_world_no_evolution,15,watts_strogatz,100,4,568,84,2.9808777308704792,31,84,0.36904761904761907,84,90
v2_small_world_no_evolution_s15,v2,small_world_no_evolution,15,watts_strogatz,100,4,569,37,2.3978952727873706,11,37,0.2972972972972973,40,90
v2_small_world_no_evolution_s15,v2,small_world_no_evolution,15,watts_strogatz,100,4,570,40,2.736339051089065,18,40,0.45,53,66
v2_small_world_no_evolution_s15,v2,small_world_no_evolution,15,watts_strogatz,100,4,571,28,2.5649493574485365,13,28,0.4642857142857143,10,42
v2_small_world_no_evolution_s15,v2,small_world_no_evolution,15,watts_strogatz,100,4,572,197,3.890920112484217,82,197,0.41624365482233505,13,42
v2_small_world_no_evolution_s15,v2,small_world_no_evolution,15,watts_strogatz,100,4,573,0,0.0,0,0,,73,73
v2_small_world_no_evolution_s15,v2,small_world_no_evolution,15,watts_strogatz,100,4,574,26,1.9459101490483133,7,26,0.2692307692307692,63,59
v2_small_world_no_evolution_s15,v2,small_world_no_evolution,15,watts_strogatz,100,4,575,71,3.16498553775291,28,71,0.39436619718309857,82,66
v2_small_world_no_evolution_s15,v2,small_world_no_evolution,15,watts_strogatz,100,4,576,125,3.6183499446910528,48,125,0.384,34,73
v2_small_world_no_evolution_s15,v2,small_world_no_evolution,15,watts_strogatz,100,4,577,46,2.926417555478996,20,46,0.43478260869565216,52,90
v2_small_world_no_evolution_s15,v2,small_world_no_evolution,15,watts_strogatz,100,4,578,73,3.120291565278284,24,73,0.3287671232876712,20,73
v2_small_world_no_evolution_s15,v2,small_world_no_evolution,15,watts_strogatz,100,4,579,47,3.0280290732864104,22,47,0.46808510638297873,6,66
v2_small_world_no_evolution_s15,v2,small_world_no_evolution,15,watts_strogatz,100,4,580,35,2.484906649776,12,35,0.34285714285714286,69,66
v2_small_world_no_evolution_s15,v2,small_world_no_evolution,15,watts_strogatz,100,4,581,38,2.4583113296710835,13,38,0.34210526315789475,86,42
v2_small_world_no_evolution_s15,v2,small_world_no_evolution,15,watts_strogatz,100,4,582,6,0.6931471805579453,2,6,0.3333333333333333,94,90
v2_small_world_no_evolution_s15,v2,small_world_no_evolution,15,watts_strogatz,100,4,583,79,3.0904599235931967,27,79,0.34177215189873417,37,59
v2_small_world_no_evolution_s15,v2,small_world_no_evolution,15,watts_strogatz,100,4,584,147,3.537760764106184,52,147,0.35374149659863946,88,66
v2_small_world_no_evolution_s15,v2,small_world_no_evolution,15,watts_strogatz,100,4,585,50,2.692310994125785,20,50,0.4,91,59
v2_small_world_no_evolution_s15,v2,small_world_no_evolution,15,watts_strogatz,100,4,586,67,2.6779500033478763,25,67,0.373134328358209,53,42
v2_small_world_no_evolution_s15,v2,small_world_no_evolution,15,watts_strogatz,100,4,587,372,4.314889586982565,130,372,0.34946236559139787,49,59
v2_small_world_no_evolution_s15,v2,small_world_no_evolution,15,watts_strogatz,100,4,588,2,-1.000088900581841e-12,1,2,0.5,40,42
v2_small_world_no_evolution_s15,v2,small_world_no_evolution,15,watts_strogatz,100,4,589,229,4.164058981048489,98,229,0.4279475982532751,94,66
v2_small_world_no_evolution_s15,v2,small_world_no_evolution,15,watts_strogatz,100,4,590,21,2.302585092984045,10,21,0.47619047619047616,45,42
v2_small_world_no_evolution_s15,v2,small_world_no_evolution,15,watts_strogatz,100,4,591,80,3.060562356746618,33,80,0.4125,11,73
v2_small_world_no_evolution_s15,v2,small_world_no_evolution,15,watts_strogatz,100,4,592,22,2.0253262207620675,10,22,0.45454545454545453,68,66
v2_small_world_no_evolution_s15,v2,small_world_no_evolution,15,watts_strogatz,100,4,593,223,4.047626111258422,94,223,0.42152466367713004,88,42
v2_small_world_no_evolution_s15,v2,small_world_no_evolution,15,watts_strogatz,100,4,594,1,-1.000088900581841e-12,1,1,1.0,81,42
v2_small_world_no_evolution_s15,v2,small_world_no_evolution,15,watts_strogatz,100,4,595,23,2.1458417525857545,11,23,0.4782608695652174,55,73
v2_small_world_no_evolution_s15,v2,small_world_no_evolution,15,watts_strogatz,100,4,596,235,4.104152626895764,85,235,0.3617021276595745,94,42
v2_small_world_no_evolution_s15,v2,small_world_no_evolution,15,watts_strogatz,100,4,597,28,1.5498260458732018,7,28,0.25,75,73
v2_small_world_no_evolution_s15,v2,small_world_no_evolution,15,watts_strogatz,100,4,598,46,1.9722469794154416,11,46,0.2391304347826087,47,42
v2_small_world_no_evolution_s15,v2,small_world_no_evolution,15,watts_strogatz,100,4,599,23,2.197224577327219,9,23,0.391304347826087,74,90
v2_small_world_no_evolution_s15,v2,small_world_no_evolution,15,watts_strogatz,100,4,600,272,4.429141563621077,112,272,0.4117647058823529,83,73
v2_small_world_no_evolution_s15,v2,small_world_no_evolution,15,watts_strogatz,100,4,601,8,1.3862943611158909,4,8,0.5,67,73
v2_small_world_no_evolution_s15,v2,small_world_no_evolution,15,watts_strogatz,100,4,602,344,4.334612815968048,128,344,0.37209302325581395,7,73
v2_small_world_no_evolution_s15,v2,small_world_no_evolution,15,watts_strogatz,100,4,603,66,2.938182454666123,26,66,0.3939393939393939,53,66
v2_small_world_no_evolution_s15,v2,small_world_no_evolution,15,watts_strogatz,100,4,604,23,2.302585092984045,10,23,0.43478260869565216,20,66
v2_small_world_no_evolution_s15,v2,small_world_no_evolution,15,watts_strogatz,100,4,605,90,3.072232258581224,37,90,0.4111111111111111,3,66
v2_small_world_no_evolution_s15,v2,small_world_no_evolution,15,watts_strogatz,100,4,606,149,3.881028454734596,65,149,0.436241610738255,88,59
v2_small_world_no_evolution_s15,v2,small_world_no_evolution,15,watts_strogatz,100,4,607,28,2.302585092984045,10,28,0.35714285714285715,0,90
v2_small_world_no_evolution_s15,v2,small_world_no_evolution,15,watts_strogatz,100,4,608,0,0.0,0,0,,66,66
v2_small_world_no_evolution_s15,v2,small_world_no_evolution,15,watts_strogatz,100,4,609,137,3.5726345752559063,42,137,0.30656934306569344,2,66
v2_small_world_no_evolution_s15,v2,small_world_no_evolution,15,watts_strogatz,100,4,610,549,4.784734913545639,207,549,0.3770491803278688,30,66
v2_small_world_no_evolution_s15,v2,small_world_no_evolution,15,watts_strogatz,100,4,611,709,4.589112748391159,255,709,0.35966149506346967,85,42
v2_small_world_no_evolution_s15,v2,small_world_no_evolution,15,watts_strogatz,100,4,612,63,2.6723516979782698,24,63,0.38095238095238093,55,42
v2_small_world_no_evolution_s15,v2,small_world_no_evolution,15,watts_strogatz,100,4,613,9,1.6094379124291005,5,9,0.5555555555555556,89,90
v2_small_world_no_evolution_s15,v2,small_world_no_evolution,15,watts_strogatz,100,4,614,98,3.089755654041189,35,98,0.35714285714285715,80,42
v2_small_world_no_evolution_s15,v2,small_world_no_evolution,15,watts_strogatz,100,4,615,98,3.5450107617233355,36,98,0.3673469387755102,75,59
v2_small_world_no_evolution_s15,v2,small_world_no_evolution,15,watts_strogatz,100,4,616,123,3.414112635974928,46,123,0.37398373983739835,16,90
v2_small_world_no_evolution_s15,v2,small_world_no_evolution,15,watts_strogatz,100,4,617,109,3.371971579897444,37,109,0.3394495412844037,11,73
v2_small_world_no_evolution_s15,v2,small_world_no_evolution,15,watts_strogatz,100,4,618,1,-1.000088900581841e-12,1,1,1.0,57,59
v2_small_world_no_evolution_s15,v2,small_world_no_evolution,15,watts_strogatz,100,4,619,380,4.294651889480348,141,380,0.37105263157894736,20,42
v2_small_world_no_evolution_s15,v2,small_world_no_evolution,15,watts_strogatz,100,4,620,42,3.1780538303239454,24,42,0.5714285714285714,14,73
v2_small_world_no_evolution_s15,v2,small_world_no_evolution,15,watts_strogatz,100,4,621,835,4.806633706792139,289,835,0.3461077844311377,4,42
v2_small_world_no_evolution_s15,v2,small_world_no_evolution,15,watts_strogatz,100,4,622,17,1.791759469222055,6,17,0.35294117647058826,4,73
v2_small_world_no_evolution_s15,v2,small_world_no_evolution,15,watts_strogatz,100,4,623,246,4.238268171677701,106,246,0.43089430894308944,16,42
v2_small_world_no_evolution_s15,v2,small_world_no_evolution,15,watts_strogatz,100,4,624,4,1.0986122886651095,3,4,0.75,75,73
v2_small_world_no_evolution_s15,v2,small_world_no_evolution,15,watts_strogatz,100,4,625,103,3.510699721139568,41,103,0.39805825242718446,83,59
v2_small_world_no_evolution_s15,v2,small_world_no_evolution,15,watts_strogatz,100,4,626,329,4.256208381713386,119,329,0.3617021276595745,18,66
v2_small_world_no_evolution_s15,v2,small_world_no_evolution,15,watts_strogatz,100,4,627,176,4.047901877371191,71,176,0.4034090909090909,4,42
v2_small_world_no_evolution_s15,v2,small_world_no_evolution,15,watts_strogatz,100,4,628,34,2.441015278014703,14,34,0.4117647058823529,40,42
v2_small_world_no_evolution_s15,v2,small_world_no_evolution,15,watts_strogatz,100,4,629,62,2.9444389791474395,19,62,0.3064516129032258,17,90
v2_small_world_no_evolution_s15,v2,small_world_no_evolution,15,watts_strogatz,100,4,630,4,-1.000088900581841e-12,1,4,0.25,75,73
v2_small_world_no_evolution_s15,v2,small_world_no_evolution,15,watts_strogatz,100,4,631,7,1.3862943611158909,4,7,0.5714285714285714,88,59
v2_small_world_no_evolution_s15,v2,small_world_no_evolution,15,watts_strogatz,100,4,632,2,0.6931471805579453,2,2,1.0,62,59
v2_small_world_no_evolution_s15,v2,small_world_no_evolution,15,watts_strogatz,100,4,633,20,2.0431918705371204,9,20,0.45,34,42
v2_small_world_no_evolution_s15,v2,small_world_no_evolution,15,watts_strogatz,100,4,634,154,3.635866954262392,54,154,0.35064935064935066,5,59
v2_small_world_no_evolution_s15,v2,small_world_no_evolution,15,watts_strogatz,100,4,635,18,2.253857589591352,12,18,0.6666666666666666,70,66
v2_small_world_no_evolution_s15,v2,small_world_no_evolution,15,watts_strogatz,100,4,636,16,1.9459101490483133,7,16,0.4375,31,59
v2_small_world_no_evolution_s15,v2,small_world_no_evolution,15,watts_strogatz,100,4,637,7,0.6931471805579453,2,7,0.2857142857142857,7,73
v2_small_world_no_evolution_s15,v2,small_world_no_evolution,15,watts_strogatz,100,4,638,2,0.6931471805579453,2,2,1.0,45,42
v2_small_world_no_evolution_s15,v2,small_world_no_evolution,15,watts_strogatz,100,4,639,71,3.165672166824038,31,71,0.43661971830985913,11,66
v2_small_world_no_evolution_s15,v2,small_world_no_evolution,15,watts_strogatz,100,4,640,177,3.707373857136405,61,177,0.3446327683615819,83,90
v2_small_world_no_evolution_s15,v2,small_world_no_evolution,15,watts_strogatz,100,4,641,12,1.6094379124291005,5,12,0.4166666666666667,60,59
v2_small_world_no_evolution_s15,v2,small_world_no_evolution,15,watts_strogatz,100,4,642,202,3.5851568173848936,76,202,0.37623762376237624,0,73
v2_small_world_no_evolution_s15,v2,small_world_no_evolution,15,watts_strogatz,100,4,643,275,3.92403579721882,125,275,0.45454545454545453,26,90
v2_small_world_no_evolution_s15,v2,small_world_no_evolution,15,watts_strogatz,100,4,644,94,3.444813797459462,34,94,0.3617021276595745,31,73
v2_small_world_no_evolution_s15,v2,small_world_no_evolution,15,watts_strogatz,100,4,645,325,4.379956195389717,119,325,0.36615384615384616,41,73
v2_small_world_no_evolution_s15,v2,small_world_no_evolution,15,watts_strogatz,100,4,646,3,-1.000088900581841e-12,1,3,0.3333333333333333,61,59
v2_small_world_no_evolution_s15,v2,small_world_no_evolution,15,watts_strogatz,100,4,647,32,2.557793860093732,17,32,0.53125,82,66
v2_small_world_no_evolution_s15,v2,small_world_no_evolution,15,watts_strogatz,100,4,648,53,2.926417555478996,20,53,0.37735849056603776,89,90
v2_small_world_no_evolution_s15,v2,small_world_no_evolution,15,watts_strogatz,100,4,649,93,3.5924696275736783,39,93,0.41935483870967744,76,42
v2_small_world_no_evolution_s15,v2,small_world_no_evolution,15,watts_strogatz,100,4,650,15,1.3321790402061222,5,15,0.3333333333333333,39,42
v2_small_world_no_evolution_s15,v2,small_world_no_evolution,15,watts_strogatz,100,4,651,350,4.184856337132619,125,350,0.35714285714285715,32,59
v2_small_world_no_evolution_s15,v2,small_world_no_evolution,15,watts_strogatz,100,4,652,2,-1.000088900581841e-12,1,2,0.5,60,59
v2_small_world_no_evolution_s15,v2,small_world_no_evolution,15,watts_strogatz,100,4,653,86,3.134162458562648,28,86,0.32558139534883723,0,90
v2_small_world_no_evolution_s15,v2,small_world_no_evolution,15,watts_strogatz,100,4,654,82,2.976544516680745,33,82,0.4024390243902439,14,66
v2_small_world_no_evolution_s15,v2,small_world_no_evolution,15,watts_strogatz,100,4,655,153,3.574482735352962,52,153,0.33986928104575165,77,42
v2_small_world_no_evolution_s15,v2,small_world_no_evolution,15,watts_strogatz,100,4,656,379,4.29594526257121,147,379,0.38786279683377306,27,42
v2_small_world_no_evolution_s15,v2,small_world_no_evolution,15,watts_strogatz,100,4,657,327,4.084437851378075,121,327,0.37003058103975534,10,42
v2_small_world_no_evolution_s15,v2,small_world_no_evolution,15,watts_strogatz,100,4,658,178,3.767451218876532,53,178,0.29775280898876405,70,90
v2_small_world_no_evolution_s15,v2,small_world_no_evolution,15,watts_strogatz,100,4,659,19,1.9459101490483133,7,19,0.3684210526315789,87,59
v2_small_world_no_evolution_s15,v2,small_world_no_evolution,15,watts_strogatz,100,4,660,683,4.737936412156478,249,683,0.3645680819912152,55,73
v2_small_world_no_evolution_s15,v2,small_world_no_evolution,15,watts_strogatz,100,4,661,0,0.0,0,0,,66,66
v2_small_world_no_evolution_s15,v2,small_world_no_evolution,15,watts_strogatz,100,4,662,318,4.246555405745022,120,318,0.37735849056603776,77,90
v2_small_world_no_evolution_s15,v2,small_world_no_evolution,15,watts_strogatz,100,4,663,263,4.042745589833853,99,263,0.376425855513308,47,90
v2_small_world_no_evolution_s15,v2,small_world_no_evolution,15,watts_strogatz,100,4,664,361,4.178089118810934,131,361,0.3628808864265928,16,90
v2_small_world_no_evolution_s15,v2,small_world_no_evolution,15,watts_strogatz,100,4,665,10,1.0986122886651095,3,10,0.3,85,90
v2_small_world_no_evolution_s15,v2,small_world_no_evolution,15,watts_strogatz,100,4,666,144,3.6889817267406695,53,144,0.3680555555555556,75,42
v2_small_world_no_evolution_s15,v2,small_world_no_evolution,15,watts_strogatz,100,4,667,293,4.058397294856526,118,293,0.40273037542662116,99,73
v2_small_world_no_evolution_s15,v2,small_world_no_evolution,15,watts_strogatz,100,4,668,90,3.3909780549362365,36,90,0.4,81,42
v2_small_world_no_evolution_s15,v2,small_world_no_evolution,15,watts_strogatz,100,4,669,13,1.7478680974607577,7,13,0.5384615384615384,75,73
v2_small_world_no_evolution_s15,v2,small_world_no_evolution,15,watts_strogatz,100,4,670,36,2.1639556568730565,10,36,0.2777777777777778,34,73
v2_small_world_no_evolution_s15,v2,small_world_no_evolution,15,watts_strogatz,100,4,671,135,3.734356436050007,56,135,0.4148148148148148,50,42
v2_small_world_no_evolution_s15,v2,small_world_no_evolution,15,watts_strogatz,100,4,672,78,2.9966356757572137,30,78,0.38461538461538464,47,59
v2_small_world_no_evolution_s15,v2,small_world_no_evolution,15,watts_strogatz,100,4,673,43,2.245171589401516,18,43,0.4186046511627907,94,90
v2_small_world_no_evolution_s15,v2,small_world_no_evolution,15,watts_strogatz,100,4,674,14,1.9459101490483133,7,14,0.5,53,66
v2_small_world_no_evolution_s15,v2,small_world_no_evolution,15,watts_strogatz,100,4,675,613,4.7500461918126575,234,613,0.3817292006525285,53,73
v2_small_world_no_evolution_s15,v2,small_world_no_evolution,15,watts_strogatz,100,4,676,372,4.289273435924511,134,372,0.3602150537634409,32,66
v2_small_world_no_evolution_s15,v2,small_world_no_evolution,15,watts_strogatz,100,4,677,221,3.908641164729121,71,221,0.3212669683257919,34,59
v2_small_world_no_evolution_s15,v2,small_world_no_evolution,15,watts_strogatz,100,4,678,26,2.0253262207620675,10,26,0.38461538461538464,78,42
v2_small_world_no_evolution_s15,v2,small_world_no_evolution,15,watts_strogatz,100,4,679,496,4.403963481478067,202,496,0.40725806451612906,20,66
v2_small_world_no_evolution_s15,v2,small_world_no_evolution,15,watts_strogatz,100,4,680,243,4.193538594018039,84,243,0.345679012345679,10,90
v2_small_world_no_evolution_s15,v2,small_world_no_evolution,15,watts_strogatz,100,4,681,0,0.0,0,0,,66,66
v2_small_world_no_evolution_s15,v2,small_world_no_evolution,15,watts_strogatz,100,4,682,84,2.96229227598711,36,84,0.42857142857142855,49,42
v2_small_world_no_evolution_s15,v2,small_world_no_evolution,15,watts_strogatz,100,4,683,234,4.100206791084115,89,234,0.3803418803418803,71,66
v2_small_world_no_evolution_s15,v2,small_world_no_evolution,15,watts_strogatz,100,4,684,40,2.393312122962524,16,40,0.4,51,42
v2_small_world_no_evolution_s15,v2,small_world_no_evolution,15,watts_strogatz,100,4,685,195,3.7174903432183855,64,195,0.3282051282051282,1,90
v2_small_world_no_evolution_s15,v2,small_world_no_evolution,15,watts_strogatz,100,4,686,14,1.791759469222055,6,14,0.42857142857142855,7,73
v2_small_world_no_evolution_s15,v2,small_world_no_evolution,15,watts_strogatz,100,4,687,15,1.3321790402061222,5,15,0.3333333333333333,68,66
v2_small_world_no_evolution_s15,v2,small_world_no_evolution,15,watts_strogatz,100,4,688,585,4.7877966558961305,222,585,0.37948717948717947,76,73
v2_small_world_no_evolution_s15,v2,small_world_no_evolution,15,watts_strogatz,100,4,689,45,2.0431918705371204,9,45,0.2,84,73
v2_small_world_no_evolution_s15,v2,small_world_no_evolution,15,watts_strogatz,100,4,690,82,3.414951560972885,36,82,0.43902439024390244,99,73
v2_small_world_no_evolution_s15,v2,small_world_no_evolution,15,watts_strogatz,100,4,691,0,0.0,0,0,,42,42
v2_small_world_no_evolution_s15,v2,small_world_no_evolution,15,watts_strogatz,100,4,692,3,-1.000088900581841e-12,1,3,0.3333333333333333,43,42
v2_small_world_no_evolution_s15,v2,small_world_no_evolution,15,watts_strogatz,100,4,693,166,3.923683665843976,65,166,0.39156626506024095,28,90
v2_small_world_no_evolution_s15,v2,small_world_no_evolution,15,watts_strogatz,100,4,694,82,2.9669434861683537,28,82,0.34146341463414637,9,73
v2_small_world_no_evolution_s15,v2,small_world_no_evolution,15,watts_strogatz,100,4,695,199,3.622607661415672,67,199,0.33668341708542715,17,66
v2_small_world_no_evolution_s15,v2,small_world_no_evolution,15,watts_strogatz,100,4,696,26,2.3978952727873706,11,26,0.4230769230769231,71,66
v2_small_world_no_evolution_s15,v2,small_world_no_evolution,15,watts_strogatz,100,4,697,83,3.238231540321239,31,83,0.37349397590361444,62,42
v2_small_world_no_evolution_s15,v2,small_world_no_evolution,15,watts_strogatz,100,4,698,12,1.5607104090364066,6,12,0.5,67,66
v2_small_world_no_evolution_s15,v2,small_world_no_evolution,15,watts_strogatz,100,4,699,283,4.337005303458553,108,283,0.38162544169611307,50,90
v2_small_world_no_evolution_s15,v2,small_world_no_evolution,15,watts_strogatz,100,4,700,98,3.188793129002208,43,98,0.4387755102040816,83,42
v2_small_world_no_evolution_s15,v2,small_world_no_evolution,15,watts_strogatz,100,4,701,235,4.053097485656213,84,235,0.3574468085106383,20,59
v2_small_world_no_evolution_s15,v2,small_world_no_evolution,15,watts_strogatz,100,4,702,181,3.9891020195444336,63,181,0.34806629834254144,92,66
v2_small_world_no_evolution_s15,v2,small_world_no_evolution,15,watts_strogatz,100,4,703,96,3.335770806415738,32,96,0.3333333333333333,98,42
v2_small_world_no_evolution_s15,v2,small_world_no_evolution,15,watts_strogatz,100,4,704,195,3.835993586988105,72,195,0.36923076923076925,49,73
v2_small_world_no_evolution_s15,v2,small_world_no_evolution,15,watts_strogatz,100,4,705,257,4.245501821486684,95,257,0.36964980544747084,26,59
v2_small_world_no_evolution_s15,v2,small_world_no_evolution,15,watts_strogatz,100,4,706,42,1.7328679513938632,8,42,0.19047619047619047,41,42
v2_small_world_no_evolution_s15,v2,small_world_no_evolution,15,watts_strogatz,100,4,707,275,4.09582163963765,109,275,0.39636363636363636,65,66
v2_small_world_no_evolution_s15,v2,small_world_no_evolution,15,watts_strogatz,100,4,708,162,3.773623487510098,58,162,0.35802469135802467,65,59
v2_small_world_no_evolution_s15,v2,small_world_no_evolution,15,watts_strogatz,100,4,709,50,2.306436694956816,23,50,0.46,81,42
v2_small_world_no_evolution_s15,v2,small_world_no_evolution,15,watts_strogatz,100,4,710,43,3.0280290732864104,22,43,0.5116279069767442,29,59
v2_small_world_no_evolution_s15,v2,small_world_no_evolution,15,watts_strogatz,100,4,711,0,0.0,0,0,,59,59
v2_small_world_no_evolution_s15,v2,small_world_no_evolution,15,watts_strogatz,100,4,712,84,2.997756703249981,31,84,0.36904761904761907,34,73
v2_small_world_no_evolution_s15,v2,small_world_no_evolution,15,watts_strogatz,100,4,713,92,3.176082814634593,29,92,0.31521739130434784,53,90
v2_small_world_no_evolution_s15,v2,small_world_no_evolution,15,watts_strogatz,100,4,714,905,5.056403282739247,334,905,0.36906077348066296,83,73
v2_small_world_no_evolution_s15,v2,small_world_no_evolution,15,watts_strogatz,100,4,715,145,3.591892720106284,56,145,0.38620689655172413,55,42
v2_small_world_no_evolution_s15,v2,small_world_no_evolution,15,watts_strogatz,100,4,716,534,4.828225280109256,204,534,0.38202247191011235,8,59
v2_small_world_no_evolution_s15,v2,small_world_no_evolution,15,watts_strogatz,100,4,717,67,3.23823154032124,31,67,0.4626865671641791,53,42
v2_small_world_no_evolution_s15,v2,small_world_no_evolution,15,watts_strogatz,100,4,718,18,1.9459101490483133,7,18,0.3888888888888889,74,73
v2_small_world_no_evolution_s15,v2,small_world_no_evolution,15,watts_strogatz,100,4,719,9,1.6094379124291005,5,9,0.5555555555555556,65,90
v2_small_world_no_evolution_s15,v2,small_world_no_evolution,15,watts_strogatz,100,4,720,137,3.881306425080663,55,137,0.40145985401459855,12,42
v2_small_world_no_evolution_s15,v2,small_world_no_evolution,15,watts_strogatz,100,4,721,554,4.7037789227722175,212,554,0.38267148014440433,12,42
v2_small_world_no_evolution_s15,v2,small_world_no_evolution,15,watts_strogatz,100,4,722,193,3.775520777046116,57,193,0.29533678756476683,8,42
v2_small_world_no_evolution_s15,v2,small_world_no_evolution,15,watts_strogatz,100,4,723,49,2.220025327824538,16,49,0.32653061224489793,83,42
v2_small_world_no_evolution_s15,v2,small_world_no_evolution,15,watts_strogatz,100,4,724,0,0.0,0,0,,90,90
v2_small_world_no_evolution_s15,v2,small_world_no_evolution,15,watts_strogatz,100,4,725,7,1.0986122886651095,3,7,0.42857142857142855,69,66
v2_small_world_no_evolution_s15,v2,small_world_no_evolution,15,watts_strogatz,100,4,726,389,4.280460692489804,128,389,0.32904884318766064,26,59
v2_small_world_no_evolution_s15,v2,small_world_no_evolution,15,watts_strogatz,100,4,727,199,3.917361910627767,74,199,0.37185929648241206,2,42
v2_small_world_no_evolution_s15,v2,small_world_no_evolution,15,watts_strogatz,100,4,728,34,2.2102535776109726,12,34,0.35294117647058826,50,42
v2_small_world_no_evolution_s15,v2,small_world_no_evolution,15,watts_strogatz,100,4,729,127,3.5636428037030967,44,127,0.3464566929133858,53,73
v2_small_world_no_evolution_s15,v2,small_world_no_evolution,15,watts_strogatz,100,4,730,27,1.9722469794154416,11,27,0.4074074074074074,38,73
v2_small_world_no_evolution_s15,v2,small_world_no_evolution,15,watts_strogatz,100,4,731,483,4.71525610666368,196,483,0.4057971014492754,9,90
v2_small_world_no_evolution_s15,v2,small_world_no_evolution,15,watts_strogatz,100,4,732,389,4.28831782830671,143,389,0.3676092544987147,18,42
v2_small_world_no_evolution_s15,v2,small_world_no_evolution,15,watts_strogatz,100,4,733,111,3.5213776090567093,39,111,0.35135135135135137,15,73
v2_small_world_no_evolution_s15,v2,small_world_no_evolution,15,watts_strogatz,100,4,734,151,3.936558356281204,59,151,0.39072847682119205,40,90
v2_small_world_no_evolution_s15,v2,small_world_no_evolution,15,watts_strogatz,100,4,735,67,2.9785084205072385,21,67,0.31343283582089554,34,42
v2_small_world_no_evolution_s15,v2,small_world_no_evolution,15,watts_strogatz,100,4,736,360,4.172594464801028,141,360,0.39166666666666666,17,59
v2_small_world_no_evolution_s15,v2,small_world_no_evolution,15,watts_strogatz,100,4,737,30,2.540036303807981,14,30,0.4666666666666667,53,59
v2_small_world_no_evolution_s15,v2,small_world_no_evolution,15,watts_strogatz,100,4,738,23,2.197224577327219,9,23,0.391304347826087,79,73
v2_small_world_no_evolution_s15,v2,small_world_no_evolution,15,watts_strogatz,100,4,739,124,3.428460372134809,52,124,0.41935483870967744,96,73
v2_small_world_no_evolution_s15,v2,small_world_no_evolution,15,watts_strogatz,100,4,740,163,3.484441750218957,52,163,0.31901840490797545,99,42
v2_small_world_no_evolution_s15,v2,small_world_no_evolution,15,watts_strogatz,100,4,741,19,1.791759469222055,6,19,0.3157894736842105,62,66
v2_small_world_no_evolution_s15,v2,small_world_no_evolution,15,watts_strogatz,100,4,742,82,3.1154750248567717,28,82,0.34146341463414637,41,73
v2_small_world_no_evolution_s15,v2,small_world_no_evolution,15,watts_strogatz,100,4,743,37,2.197224577327219,9,37,0.24324324324324326,44,42
v2_small_world_no_evolution_s15,v2,small_world_no_evolution,15,watts_strogatz,100,4,744,8,1.6094379124291005,5,8,0.625,68,66
v2_small_world_no_evolution_s15,v2,small_world_no_evolution,15,watts_strogatz,100,4,745,16,2.197224577327219,9,16,0.5625,96,73
v2_small_world_no_evolution_s15,v2,small_world_no_evolution,15,watts_strogatz,100,4,746,241,4.205300926649012,95,241,0.3941908713692946,20,73
v2_small_world_no_evolution_s15,v2,small_world_no_evolution,15,watts_strogatz,100,4,747,43,2.7080502010872096,15,43,0.3488372093023256,97,73
v2_small_world_no_evolution_s15,v2,small_world_no_evolution,15,watts_strogatz,100,4,748,144,3.7689734308971534,59,144,0.4097222222222222,28,42
v2_small_world_no_evolution_s15,v2,small_world_no_evolution,15,watts_strogatz,100,4,749,65,2.6980110198281126,19,65,0.2923076923076923,2,59
v2_small_world_no_evolution_s15,v2,small_world_no_evolution,15,watts_strogatz,100,4,750,22,1.9061547465328492,8,22,0.36363636363636365,60,59
v2_small_world_no_evolution_s15,v2,small_world_no_evolution,15,watts_strogatz,100,4,751,265,4.357696805989081,101,265,0.38113207547169814,54,90
v2_small_world_no_evolution_s15,v2,small_world_no_evolution,15,watts_strogatz,100,4,752,32,2.302585092984045,10,32,0.3125,47,90
v2_small_world_no_evolution_s15,v2,small_world_no_evolution,15,watts_strogatz,100,4,753,91,3.5646232985788124,38,91,0.4175824175824176,87,42
v2_small_world_no_evolution_s15,v2,small_world_no_evolution,15,watts_strogatz,100,4,754,131,3.4134494189286184,57,131,0.4351145038167939,16,90
v2_small_world_no_evolution_s15,v2,small_world_no_evolution,15,watts_strogatz,100,4,755,151,3.238247818314126,53,151,0.3509933774834437,81,73
v2_small_world_no_evolution_s15,v2,small_world_no_evolution,15,watts_strogatz,100,4,756,53,3.0047670351869598,24,53,0.4528301886792453,16,73
v2_small_world_no_evolution_s15,v2,small_world_no_evolution,15,watts_strogatz,100,4,757,74,3.084651945666509,28,74,0.3783783783783784,78,90
v2_small_world_no_evolution_s15,v2,small_world_no_evolution,15,watts_strogatz,100,4,758,0,0.0,0,0,,90,90
v2_small_world_no_evolution_s15,v2,small_world_no_evolution,15,watts_strogatz,100,4,759,36,2.3947004058463333,17,36,0.4722222222222222,81,73
v2_small_world_no_evolution_s15,v2,small_world_no_evolution,15,watts_strogatz,100,4,760,1,-1.000088900581841e-12,1,1,1.0,44,42
v2_small_world_no_evolution_s15,v2,small_world_no_evolution,15,watts_strogatz,100,4,761,75,2.947004770141297,24,75,0.32,1,90
v2_small_world_no_evolution_s15,v2,small_world_no_evolution,15,watts_strogatz,100,4,762,39,2.245035274116177,13,39,0.3333333333333333,36,42
v2_small_world_no_evolution_s15,v2,small_world_no_evolution,15,watts_strogatz,100,4,763,1,-1.000088900581841e-12,1,1,1.0,64,66
v2_small_world_no_evolution_s15,v2,small_world_no_evolution,15,watts_strogatz,100,4,764,184,3.9482576932336864,62,184,0.33695652173913043,75,66
v2_small_world_no_evolution_s15,v2,small_world_no_evolution,15,watts_strogatz,100,4,765,5,0.6931471805579453,2,5,0.4,69,66
v2_small_world_no_evolution_s15,v2,small_world_no_evolution,15,watts_strogatz,100,4,766,63,2.813355404483615,18,63,0.2857142857142857,38,42
v2_small_world_no_evolution_s15,v2,small_world_no_evolution,15,watts_strogatz,100,4,767,27,2.0431918705371204,9,27,0.3333333333333333,87,90
v2_small_world_no_evolution_s15,v2,small_world_no_evolution,15,watts_strogatz,100,4,768,33,2.441015278014703,14,33,0.42424242424242425,91,90
v2_small_world_no_evolution_s15,v2,small_world_no_evolution,15,watts_strogatz,100,4,769,81,3.077728697377846,30,81,0.37037037037037035,58,42
v2_small_world_no_evolution_s15,v2,small_world_no_evolution,15,watts_strogatz,100,4,770,193,3.886914419568011,77,193,0.39896373056994816,75,59
v2_small_world_no_evolution_s15,v2,small_world_no_evolution,15,watts_strogatz,100,4,771,200,3.8441113433891374,77,200,0.385,20,59
v2_small_world_no_evolution_s15,v2,small_world_no_evolution,15,watts_strogatz,100,4,772,538,4.354831364711628,184,538,0.3420074349442379,28,59
v2_small_world_no_evolution_s15,v2,small_world_no_evolution,15,watts_strogatz,100,4,773,51,3.062529300232621,24,51,0.47058823529411764,7,59
v2_small_world_no_evolution_s15,v2,small_world_no_evolution,15,watts_strogatz,100,4,774,2,-1.000088900581841e-12,1,2,0.5,40,42
v2_small_world_no_evolution_s15,v2,small_world_no_evolution,15,watts_strogatz,100,4,775,193,3.991268869797235,73,193,0.37823834196891193,22,59
v2_small_world_no_evolution_s15,v2,small_world_no_evolution,15,watts_strogatz,100,4,776,221,3.836003842012696,80,221,0.36199095022624433,2,73
v2_small_world_no_evolution_s15,v2,small_world_no_evolution,15,watts_strogatz,100,4,777,76,2.9977665653586163,28,76,0.3684210526315789,84,73
v2_small_world_no_evolution_s15,v2,small_world_no_evolution,15,watts_strogatz,100,4,778,163,3.801119456492554,50,163,0.3067484662576687,74,66
v2_small_world_no_evolution_s15,v2,small_world_no_evolution,15,watts_strogatz,100,4,779,123,3.2019168108975005,41,123,0.3333333333333333,21,66
v2_small_world_no_evolution_s15,v2,small_world_no_evolution,15,watts_strogatz,100,4,780,0,0.0,0,0,,73,73
v2_small_world_no_evolution_s15,v2,small_world_no_evolution,15,watts_strogatz,100,4,781,86,3.4294862316330117,36,86,0.4186046511627907,54,42
v2_small_world_no_evolution_s15,v2,small_world_no_evolution,15,watts_strogatz,100,4,782,158,3.601388505513104,59,158,0.37341772151898733,20,59
v2_small_world_no_evolution_s15,v2,small_world_no_evolution,15,watts_strogatz,100,4,783,155,3.895099034106584,62,155,0.4,34,42
v2_small_world_no_evolution_s15,v2,small_world_no_evolution,15,watts_strogatz,100,4,784,125,3.845328368254678,58,125,0.464,98,73
v2_small_world_no_evolution_s15,v2,small_world_no_evolution,15,watts_strogatz,100,4,785,214,4.071365610271566,77,214,0.3598130841121495,82,59
v2_small_world_no_evolution_s15,v2,small_world_no_evolution,15,watts_strogatz,100,4,786,36,2.3516733018936304,13,36,0.3611111111111111,4,90
v2_small_world_no_evolution_s15,v2,small_world_no_evolution,15,watts_strogatz,100,4,787,329,4.323022207113873,121,329,0.3677811550151976,70,90
v2_small_world_no_evolution_s15,v2,small_world_no_evolution,15,watts_strogatz,100,4,788,26,1.6094379124291005,5,26,0.19230769230769232,12,42
v2_small_world_no_evolution_s15,v2,small_world_no_evolution,15,watts_strogatz,100,4,789,143,3.4445350617397,45,143,0.3146853146853147,81,90
v2_small_world_no_evolution_s15,v2,small_world_no_evolution,15,watts_strogatz,100,4,790,25,1.9915093613486137,13,25,0.52,65,59
v2_small_world_no_evolution_s15,v2,small_world_no_evolution,15,watts_strogatz,100,4,791,32,2.369382119683676,12,32,0.375,10,42
v2_small_world_no_evolution_s15,v2,small_world_no_evolution,15,watts_strogatz,100,4,792,23,1.9459101490483133,7,23,0.30434782608695654,92,59
v2_small_world_no_evolution_s15,v2,small_world_no_evolution,15,watts_strogatz,100,4,793,1,-1.000088900581841e-12,1,1,1.0,67,66
v2_small_world_no_evolution_s15,v2,small_world_no_evolution,15,watts_strogatz,100,4,794,140,3.437013921208908,50,140,0.35714285714285715,31,90
v2_small_world_no_evolution_s15,v2,small_world_no_evolution,15,watts_strogatz,100,4,795,149,3.797525114424959,58,149,0.38926174496644295,25,42
v2_small_world_no_evolution_s15,v2,small_world_no_evolution,15,watts_strogatz,100,4,796,13,1.3862943611158909,4,13,0.3076923076923077,33,59
v2_small_world_no_evolution_s15,v2,small_world_no_evolution,15,watts_strogatz,100,4,797,9,1.6094379124291005,5,9,0.5555555555555556,72,66
v2_small_world_no_evolution_s15,v2,small_world_no_evolution,15,watts_strogatz,100,4,798,151,3.612301431510837,51,151,0.33774834437086093,1,42
v2_small_world_no_evolution_s15,v2,small_world_no_evolution,15,watts_strogatz,100,4,799,237,4.046073472963454,91,237,0.38396624472573837,1,66
v2_small_world_no_evolution_s15,v2,small_world_no_evolution,15,watts_strogatz,100,4,800,105,3.645947951488728,41,105,0.3904761904761905,2,90
v2_small_world_no_evolution_s15,v2,small_world_no_evolution,15,watts_strogatz,100,4,801,55,2.787788119369007,20,55,0.36363636363636365,24,66
v2_small_world_no_evolution_s15,v2,small_world_no_evolution,15,watts_strogatz,100,4,802,872,5.0332708651376405,335,872,0.3841743119266055,52,59
v2_small_world_no_evolution_s15,v2,small_world_no_evolution,15,watts_strogatz,100,4,803,1,-1.000088900581841e-12,1,1,1.0,67,66
v2_small_world_no_evolution_s15,v2,small_world_no_evolution,15,watts_strogatz,100,4,804,507,4.498334879188917,176,507,0.34714003944773175,13,59
v2_small_world_no_evolution_s15,v2,small_world_no_evolution,15,watts_strogatz,100,4,805,269,4.270086364660978,96,269,0.35687732342007433,15,59
v2_small_world_no_evolution_s15,v2,small_world_no_evolution,15,watts_strogatz,100,4,806,247,4.06222337921759,95,247,0.38461538461538464,8,42
v2_small_world_no_evolution_s15,v2,small_world_no_evolution,15,watts_strogatz,100,4,807,23,2.484906649776,12,23,0.5217391304347826,0,90
v2_small_world_no_evolution_s15,v2,small_world_no_evolution,15,watts_strogatz,100,4,808,5,1.0986122886651095,3,5,0.6,5,73
v2_small_world_no_evolution_s15,v2,small_world_no_evolution,15,watts_strogatz,100,4,809,459,4.671742362537122,170,459,0.37037037037037035,3,59
v2_small_world_no_evolution_s15,v2,small_world_no_evolution,15,watts_strogatz,100,4,810,511,4.503670688674662,182,511,0.3561643835616438,15,59
v2_small_world_no_evolution_s15,v2,small_world_no_evolution,15,watts_strogatz,100,4,811,191,3.4952524534616485,73,191,0.38219895287958117,36,90
v2_small_world_no_evolution_s15,v2,small_world_no_evolution,15,watts_strogatz,100,4,812,947,4.894245522982599,351,947,0.3706441393875396,9,42
v2_small_world_no_evolution_s15,v2,small_world_no_evolution,15,watts_strogatz,100,4,813,18,2.079441541671836,8,18,0.4444444444444444,50,42
v2_small_world_no_evolution_s15,v2,small_world_no_evolution,15,watts_strogatz,100,4,814,58,2.857102837424001,20,58,0.3448275862068966,47,59
v2_small_world_no_evolution_s15,v2,small_world_no_evolution,15,watts_strogatz,100,4,815,21,1.791759469222055,6,21,0.2857142857142857,83,59
v2_small_world_no_evolution_s15,v2,small_world_no_evolution,15,watts_strogatz,100,4,816,253,4.086902129484351,97,253,0.383399209486166,21,73
v2_small_world_no_evolution_s15,v2,small_world_no_evolution,15,watts_strogatz,100,4,817,30,2.751666616915516,17,30,0.5666666666666667,1,42
v2_small_world_no_evolution_s15,v2,small_world_no_evolution,15,watts_strogatz,100,4,818,265,4.010897924516051,86,265,0.32452830188679244,5,90
v2_small_world_no_evolution_s15,v2,small_world_no_evolution,15,watts_strogatz,100,4,819,1,-1.000088900581841e-12,1,1,1.0,61,59
v2_small_world_no_evolution_s15,v2,small_world_no_evolution,15,watts_strogatz,100,4,820,274,4.318283695230783,93,274,0.33941605839416056,50,59
v2_small_world_no_evolution_s15,v2,small_world_no_evolution,15,watts_strogatz,100,4,821,7,1.3862943611158909,4,7,0.5714285714285714,76,73
v2_small_world_no_evolution_s15,v2,small_world_no_evolution,15,watts_strogatz,100,4,822,22,1.791759469222055,6,22,0.2727272727272727,70,73
v2_small_world_no_evolution_s15,v2,small_world_no_evolution,15,watts_strogatz,100,4,823,10,1.791759469222055,6,10,0.6,99,90
v2_small_world_no_evolution_s15,v2,small_world_no_evolution,15,watts_strogatz,100,4,824,45,2.926417555478996,20,45,0.4444444444444444,70,90
v2_small_world_no_evolution_s15,v2,small_world_no_evolution,15,watts_strogatz,100,4,825,121,3.461048251949615,37,121,0.30578512396694213,51,42
v2_small_world_no_evolution_s15,v2,small_world_no_evolution,15,watts_strogatz,100,4,826,1,-1.000088900581841e-12,1,1,1.0,40,42
v2_small_world_no_evolution_s15,v2,small_world_no_evolution,15,watts_strogatz,100,4,827,409,4.455708303363407,145,409,0.3545232273838631,6,90
v2_small_world_no_evolution_s15,v2,small_world_no_evolution,15,watts_strogatz,100,4,828,76,3.2238860684653137,29,76,0.3815789473684211,20,73
v2_small_world_no_evolution_s15,v2,small_world_no_evolution,15,watts_strogatz,100,4,829,180,3.88651853634549,67,180,0.37222222222222223,34,59
v2_small_world_no_evolution_s15,v2,small_world_no_evolution,15,watts_strogatz,100,4,830,36,2.484906649776,12,36,0.3333333333333333,50,59
v2_small_world_no_evolution_s15,v2,small_world_no_evolution,15,watts_strogatz,100,4,831,160,3.709314590971065,64,160,0.4,0,66
v2_small_world_no_evolution_s15,v2,small_world_no_evolution,15,watts_strogatz,100,4,832,216,3.906948735990569,77,216,0.35648148148148145,10,73
v2_small_world_no_evolution_s15,v2,small_world_no_evolution,15,watts_strogatz,100,4,833,192,3.845136615120031,67,192,0.3489583333333333,95,73
v2_small_world_no_evolution_s15,v2,small_world_no_evolution,15,watts_strogatz,100,4,834,54,2.838988933136699,22,54,0.4074074074074074,35,90
v2_small_world_no_evolution_s15,v2,small_world_no_evolution,15,watts_strogatz,100,4,835,55,2.4990649028412832,24,55,0.43636363636363634,89,90
v2_small_world_no_evolution_s15,v2,small_world_no_evolution,15,watts_strogatz,100,4,836,69,3.1938182357931018,37,69,0.5362318840579711,32,90
v2_small_world_no_evolution_s15,v2,small_world_no_evolution,15,watts_strogatz,100,4,837,62,2.7759755530867958,22,62,0.3548387096774194,84,73
v2_small_world_no_evolution_s15,v2,small_world_no_evolution,15,watts_strogatz,100,4,838,22,1.7328679513938632,8,22,0.36363636363636365,53,59
v2_small_world_no_evolution_s15,v2,small_world_no_evolution,15,watts_strogatz,100,4,839,41,2.441015278014703,14,41,0.34146341463414637,10,42
v2_small_world_no_evolution_s15,v2,small_world_no_evolution,15,watts_strogatz,100,4,840,623,4.820870453029672,240,623,0.3852327447833066,35,90
v2_small_world_no_evolution_s15,v2,small_world_no_evolution,15,watts_strogatz,100,4,841,48,2.441015278014703,14,48,0.2916666666666667,53,59
v2_small_world_no_evolution_s15,v2,small_world_no_evolution,15,watts_strogatz,100,4,842,48,2.5232109529398907,15,48,0.3125,38,73
v2_small_world_no_evolution_s15,v2,small_world_no_evolution,15,watts_strogatz,100,4,843,14,1.0986122886651095,3,14,0.21428571428571427,75,73
v2_small_world_no_evolution_s15,v2,small_world_no_evolution,15,watts_strogatz,100,4,844,58,2.5993019270857944,16,58,0.27586206896551724,64,42
v2_small_world_no_evolution_s15,v2,small_world_no_evolution,15,watts_strogatz,100,4,845,492,4.401760623502217,177,492,0.3597560975609756,10,90
v2_small_world_no_evolution_s15,v2,small_world_no_evolution,15,watts_strogatz,100,4,846,12,1.791759469222055,6,12,0.5,78,42
v2_small_world_no_evolution_s15,v2,small_world_no_evolution,15,watts_strogatz,100,4,847,8,1.3862943611158909,4,8,0.5,85,90
v2_small_world_no_evolution_s15,v2,small_world_no_evolution,15,watts_strogatz,100,4,848,89,3.2463841835256595,36,89,0.4044943820224719,72,66
v2_small_world_no_evolution_s15,v2,small_world_no_evolution,15,watts_strogatz,100,4,849,356,4.548193128818897,136,356,0.38202247191011235,24,42
v2_small_world_no_evolution_s15,v2,small_world_no_evolution,15,watts_strogatz,100,4,850,14,0.6931471805579453,2,14,0.14285714285714285,92,90
v2_small_world_no_evolution_s15,v2,small_world_no_evolution,15,watts_strogatz,100,4,851,297,3.87135227723133,98,297,0.32996632996632996,18,59
v2_small_world_no_evolution_s15,v2,small_world_no_evolution,15,watts_strogatz,100,4,852,0,0.0,0,0,,59,59
v2_small_world_no_evolution_s15,v2,small_world_no_evolution,15,watts_strogatz,100,4,853,196,3.7498551793952215,71,196,0.3622448979591837,25,59
v2_small_world_no_evolution_s15,v2,small_world_no_evolution,15,watts_strogatz,100,4,854,369,3.986973657195596,135,369,0.36585365853658536,12,73
v2_small_world_no_evolution_s15,v2,small_world_no_evolution,15,watts_strogatz,100,4,855,119,3.7379676629805214,52,119,0.4369747899159664,36,59
v2_small_world_no_evolution_s15,v2,small_world_no_evolution,15,watts_strogatz,100,4,856,173,3.4559641525511613,48,173,0.2774566473988439,8,73
v2_small_world_no_evolution_s15,v2,small_world_no_evolution,15,watts_strogatz,100,4,857,64,2.7985132569262934,19,64,0.296875,16,90
v2_small_world_no_evolution_s15,v2,small_world_no_evolution,15,watts_strogatz,100,4,858,34,2.441015278014703,14,34,0.4117647058823529,78,42
v2_small_world_no_evolution_s15,v2,small_world_no_evolution,15,watts_strogatz,100,4,859,1,-1.000088900581841e-12,1,1,1.0,75,73
v2_small_world_no_evolution_s15,v2,small_world_no_evolution,15,watts_strogatz,100,4,860,569,4.748353553207141,204,569,0.3585237258347979,14,42
v2_small_world_no_evolution_s15,v2,small_world_no_evolution,15,watts_strogatz,100,4,861,15,2.079441541671836,8,15,0.5333333333333333,69,66
v2_small_world_no_evolution_s15,v2,small_world_no_evolution,15,watts_strogatz,100,4,862,0,0.0,0,0,,73,73
v2_small_world_no_evolution_s15,v2,small_world_no_evolution,15,watts_strogatz,100,4,863,9,1.3862943611158909,4,9,0.4444444444444444,86,90
v2_small_world_no_evolution_s15,v2,small_world_no_evolution,15,watts_strogatz,100,4,864,14,1.0986122886651095,3,14,0.21428571428571427,61,59
v2_small_world_no_evolution_s15,v2,small_world_no_evolution,15,watts_strogatz,100,4,865,60,2.775261629292836,25,60,0.4166666666666667,1,59
v2_small_world_no_evolution_s15,v2,small_world_no_evolution,15,watts_strogatz,100,4,866,45,2.143952200634869,14,45,0.3111111111111111,68,73
v2_small_world_no_evolution_s15,v2,small_world_no_evolution,15,watts_strogatz,100,4,867,2,-1.000088900581841e-12,1,2,0.5,75,73
v2_small_world_no_evolution_s15,v2,small_world_no_evolution,15,watts_strogatz,100,4,868,0,0.0,0,0,,90,90
v2_small_world_no_evolution_s15,v2,small_world_no_evolution,15,watts_strogatz,100,4,869,192,3.813064640362607,63,192,0.328125,31,90
v2_small_world_no_evolution_s15,v2,small_world_no_evolution,15,watts_strogatz,100,4,870,54,2.8332133440392155,17,54,0.3148148148148148,64,42
v2_small_world_no_evolution_s15,v2,small_world_no_evolution,15,watts_strogatz,100,4,871,44,2.736339051089065,18,44,0.4090909090909091,0,73
v2_small_world_no_evolution_s15,v2,small_world_no_evolution,15,watts_strogatz,100,4,872,57,2.736339051089065,18,57,0.3157894736842105,25,90
v2_small_world_no_evolution_s15,v2,small_world_no_evolution,15,watts_strogatz,100,4,873,603,4.816494152785372,228,603,0.3781094527363184,58,66
v2_small_world_no_evolution_s15,v2,small_world_no_evolution,15,watts_strogatz,100,4,874,188,3.835152841113272,61,188,0.324468085106383,4,59
v2_small_world_no_evolution_s15,v2,small_world_no_evolution,15,watts_strogatz,100,4,875,90,3.1933413361687584,36,90,0.4,9,66
v2_small_world_no_evolution_s15,v2,small_world_no_evolution,15,watts_strogatz,100,4,876,13,1.0986122886651095,3,13,0.23076923076923078,78,73
v2_small_world_no_evolution_s15,v2,small_world_no_evolution,15,watts_strogatz,100,4,877,13,1.0986122886651095,3,13,0.23076923076923078,63,59
v2_small_world_no_evolution_s15,v2,small_world_no_evolution,15,watts_strogatz,100,4,878,1291,5.082423472818354,464,1291,0.35941130906274205,35,73
v2_small_world_no_evolution_s15,v2,small_world_no_evolution,15,watts_strogatz,100,4,879,108,3.368446457811075,38,108,0.35185185185185186,28,59
v2_small_world_no_evolution_s15,v2,small_world_no_evolution,15,watts_strogatz,100,4,880,508,4.546529288128774,194,508,0.38188976377952755,61,73
v2_small_world_no_evolution_s15,v2,small_world_no_evolution,15,watts_strogatz,100,4,881,38,2.2718685126865625,11,38,0.2894736842105263,52,59
v2_small_world_no_evolution_s15,v2,small_world_no_evolution,15,watts_strogatz,100,4,882,170,3.7226573014350026,58,170,0.3411764705882353,18,90
v2_small_world_no_evolution_s15,v2,small_world_no_evolution,15,watts_strogatz,100,4,883,20,1.791759469222055,6,20,0.3,53,66
v2_small_world_no_evolution_s15,v2,small_world_no_evolution,15,watts_strogatz,100,4,884,1,-1.000088900581841e-12,1,1,1.0,43,42
v2_small_world_no_evolution_s15,v2,small_world_no_evolution,15,watts_strogatz,100,4,885,205,3.611090934347364,73,205,0.35609756097560974,8,73
v2_small_world_no_evolution_s15,v2,small_world_no_evolution,15,watts_strogatz,100,4,886,172,3.915557858020958,72,172,0.4186046511627907,28,90
v2_small_world_no_evolution_s15,v2,small_world_no_evolution,15,watts_strogatz,100,4,887,276,3.8868933883585983,109,276,0.39492753623188404,38,42
v2_small_world_no_evolution_s15,v2,small_world_no_evolution,15,watts_strogatz,100,4,888,0,0.0,0,0,,90,90
v2_small_world_no_evolution_s15,v2,small_world_no_evolution,15,watts_strogatz,100,4,889,71,2.6885678424953974,28,71,0.39436619718309857,71,66
v2_small_world_no_evolution_s15,v2,small_world_no_evolution,15,watts_strogatz,100,4,890,402,4.49682481221112,131,402,0.32587064676616917,18,90
v2_small_world_no_evolution_s15,v2,small_world_no_evolution,15,watts_strogatz,100,4,891,1032,4.643275247262686,379,1032,0.36724806201550386,84,59
v2_small_world_no_evolution_s15,v2,small_world_no_evolution,15,watts_strogatz,100,4,892,177,3.810207170703765,59,177,0.3333333333333333,11,66
v2_small_world_no_evolution_s15,v2,small_world_no_evolution,15,watts_strogatz,100,4,893,0,0.0,0,0,,73,73
v2_small_world_no_evolution_s15,v2,small_world_no_evolution,15,watts_strogatz,100,4,894,92,3.4678540963178395,40,92,0.43478260869565216,54,42
v2_small_world_no_evolution_s15,v2,small_world_no_evolution,15,watts_strogatz,100,4,895,320,4.211333414985184,115,320,0.359375,4,42
v2_small_world_no_evolution_s15,v2,small_world_no_evolution,15,watts_strogatz,100,4,896,1,-1.000088900581841e-12,1,1,1.0,43,42
v2_small_world_no_evolution_s15,v2,small_world_no_evolution,15,watts_strogatz,100,4,897,86,3.016453999064493,28,86,0.32558139534883723,82,59
v2_small_world_no_evolution_s15,v2,small_world_no_evolution,15,watts_strogatz,100,4,898,26,2.369382119683676,12,26,0.46153846153846156,80,73
v2_small_world_no_evolution_s15,v2,small_world_no_evolution,15,watts_strogatz,100,4,899,0,0.0,0,0,,66,66
v2_small_world_no_evolution_s15,v2,small_world_no_evolution,15,watts_strogatz,100,4,900,51,2.4260151319478083,16,51,0.3137254901960784,31,42
v2_small_world_no_evolution_s15,v2,small_world_no_evolution,15,watts_strogatz,100,4,901,16,2.079441541671836,8,16,0.5,55,59
v2_small_world_no_evolution_s15,v2,small_world_no_evolution,15,watts_strogatz,100,4,902,38,2.540036303807981,14,38,0.3684210526315789,74,66
v2_small_world_no_evolution_s15,v2,small_world_no_evolution,15,watts_strogatz,100,4,903,16,1.039720770836918,4,16,0.25,60,59
v2_small_world_no_evolution_s15,v2,small_world_no_evolution,15,watts_strogatz,100,4,904,69,3.062529300232621,24,69,0.34782608695652173,97,90
v2_small_world_no_evolution_s15,v2,small_world_no_evolution,15,watts_strogatz,100,4,905,0,0.0,0,0,,42,42
v2_small_world_no_evolution_s15,v2,small_world_no_evolution,15,watts_strogatz,100,4,906,334,4.037042064493915,118,334,0.3532934131736527,83,90
v2_small_world_no_evolution_s15,v2,small_world_no_evolution,15,watts_strogatz,100,4,907,382,4.504721970109933,136,382,0.35602094240837695,31,66
v2_small_world_no_evolution_s15,v2,small_world_no_evolution,15,watts_strogatz,100,4,908,10,1.0986122886651095,3,10,0.3,40,90
v2_small_world_no_evolution_s15,v2,small_world_no_evolution,15,watts_strogatz,100,4,909,9,1.0986122886651095,3,9,0.3333333333333333,64,66
v2_small_world_no_evolution_s15,v2,small_world_no_evolution,15,watts_strogatz,100,4,910,139,3.491924411606634,48,139,0.34532374100719426,58,42
v2_small_world_no_evolution_s15,v2,small_world_no_evolution,15,watts_strogatz,100,4,911,770,4.709649039439629,268,770,0.34805194805194806,27,42
v2_small_world_no_evolution_s15,v2,small_world_no_evolution,15,watts_strogatz,100,4,912,98,3.444813797459462,34,98,0.3469387755102041,91,90
v2_small_world_no_evolution_s15,v2,small_world_no_evolution,15,watts_strogatz,100,4,913,0,0.0,0,0,,42,42
v2_small_world_no_evolution_s15,v2,small_world_no_evolution,15,watts_strogatz,100,4,914,83,3.319492576126754,29,83,0.3493975903614458,13,90
v2_small_world_no_evolution_s15,v2,small_world_no_evolution,15,watts_strogatz,100,4,915,4,1.0986122886651095,3,4,0.75,71,66
v2_small_world_no_evolution_s15,v2,small_world_no_evolution,15,watts_strogatz,100,4,916,0,0.0,0,0,,59,59
v2_small_world_no_evolution_s15,v2,small_world_no_evolution,15,watts_strogatz,100,4,917,40,2.430791328866232,15,40,0.375,70,59
v2_small_world_no_evolution_s15,v2,small_world_no_evolution,15,watts_strogatz,100,4,918,63,2.61563057701355,15,63,0.23809523809523808,23,66
v2_small_world_no_evolution_s15,v2,small_world_no_evolution,15,watts_strogatz,100,4,919,0,0.0,0,0,,90,90
v2_small_world_no_evolution_s15,v2,small_world_no_evolution,15,watts_strogatz,100,4,920,346,4.526569284948678,134,346,0.3872832369942196,11,42
v2_small_world_no_evolution_s15,v2,small_world_no_evolution,15,watts_strogatz,100,4,921,200,4.037783240315683,75,200,0.375,17,73
v2_small_world_no_evolution_s15,v2,small_world_no_evolution,15,watts_strogatz,100,4,922,2,-1.000088900581841e-12,1,2,0.5,75,73
v2_small_world_no_evolution_s15,v2,small_world_no_evolution,15,watts_strogatz,100,4,923,146,3.4942607851131826,61,146,0.4178082191780822,22,42
v2_small_world_no_evolution_s15,v2,small_world_no_evolution,15,watts_strogatz,100,4,924,30,2.3978952727873706,11,30,0.36666666666666664,30,90
v2_small_world_no_evolution_s15,v2,small_world_no_evolution,15,watts_strogatz,100,4,925,156,3.4329073252115982,45,156,0.28846153846153844,0,42
v2_small_world_no_evolution_s15,v2,small_world_no_evolution,15,watts_strogatz,100,4,926,116,3.550250017965948,40,116,0.3448275862068966,20,42
v2_small_world_no_evolution_s15,v2,small_world_no_evolution,15,watts_strogatz,100,4,927,151,3.3878661867466686,52,151,0.3443708609271523,95,42
v2_small_world_no_evolution_s15,v2,small_world_no_evolution,15,watts_strogatz,100,4,928,310,3.959107492983112,105,310,0.3387096774193548,29,66
v2_small_world_no_evolution_s15,v2,small_world_no_evolution,15,watts_strogatz,100,4,929,29,2.21106887113461,15,29,0.5172413793103449,79,73
v2_small_world_no_evolution_s15,v2,small_world_no_evolution,15,watts_strogatz,100,4,930,142,3.4558706845917486,51,142,0.3591549295774648,82,42
v2_small_world_no_evolution_s15,v2,small_world_no_evolution,15,watts_strogatz,100,4,931,3,0.6931471805579453,2,3,0.6666666666666666,41,90
v2_small_world_no_evolution_s15,v2,small_world_no_evolution,15,watts_strogatz,100,4,932,124,3.444813797459462,34,124,0.27419354838709675,37,66
v2_small_world_no_evolution_s15,v2,small_world_no_evolution,15,watts_strogatz,100,4,933,6,1.0986122886651095,3,6,0.5,72,73
v2_small_world_no_evolution_s15,v2,small_world_no_evolution,15,watts_strogatz,100,4,934,0,0.0,0,0,,66,66
v2_small_world_no_evolution_s15,v2,small_world_no_evolution,15,watts_strogatz,100,4,935,40,2.441015278014703,14,40,0.35,53,42
v2_small_world_no_evolution_s15,v2,small_world_no_evolution,15,watts_strogatz,100,4,936,298,3.9052318654661535,102,298,0.3422818791946309,18,90
v2_small_world_no_evolution_s15,v2,small_world_no_evolution,15,watts_strogatz,100,4,937,16,1.9459101490483133,7,16,0.4375,83,90
v2_small_world_no_evolution_s15,v2,small_world_no_evolution,15,watts_strogatz,100,4,938,150,3.69182384640469,63,150,0.42,33,90
v2_small_world_no_evolution_s15,v2,small_world_no_evolution,15,watts_strogatz,100,4,939,49,2.253857589591352,12,49,0.24489795918367346,71,66
v2_small_world_no_evolution_s15,v2,small_world_no_evolution,15,watts_strogatz,100,4,940,9,0.6931471805579453,2,9,0.2222222222222222,45,42
v2_small_world_no_evolution_s15,v2,small_world_no_evolution,15,watts_strogatz,100,4,941,3,1.0986122886651095,3,3,1.0,56,59
v2_small_world_no_evolution_s15,v2,small_world_no_evolution,15,watts_strogatz,100,4,942,40,2.751666616915516,17,40,0.425,20,59
v2_small_world_no_evolution_s15,v2,small_world_no_evolution,15,watts_strogatz,100,4,943,118,3.4331967372908423,40,118,0.3389830508474576,28,66
v2_small_world_no_evolution_s15,v2,small_world_no_evolution,15,watts_strogatz,100,4,944,3,0.6931471805579453,2,3,0.6666666666666666,63,66
v2_small_world_no_evolution_s15,v2,small_world_no_evolution,15,watts_strogatz,100,4,945,4,-1.000088900581841e-12,1,4,0.25,58,59
v2_small_world_no_evolution_s15,v2,small_world_no_evolution,15,watts_strogatz,100,4,946,178,3.808995666627992,65,178,0.3651685393258427,17,90
v2_small_world_no_evolution_s15,v2,small_world_no_evolution,15,watts_strogatz,100,4,947,2,0.6931471805579453,2,2,1.0,91,90
v2_small_world_no_evolution_s15,v2,small_world_no_evolution,15,watts_strogatz,100,4,948,80,3.0594891092191165,32,80,0.4,9,42
v2_small_world_no_evolution_s15,v2,small_world_no_evolution,15,watts_strogatz,100,4,949,24,1.8891591637470213,9,24,0.375,1,90
v2_small_world_no_evolution_s15,v2,small_world_no_evolution,15,watts_strogatz,100,4,950,20,1.9061547465328492,8,20,0.4,83,73
v2_small_world_no_evolution_s15,v2,small_world_no_evolution,15,watts_strogatz,100,4,951,221,4.121575826196373,92,221,0.416289592760181,9,90
v2_small_world_no_evolution_s15,v2,small_world_no_evolution,15,watts_strogatz,100,4,952,19,1.791759469222055,6,19,0.3157894736842105,52,90
v2_small_world_no_evolution_s15,v2,small_world_no_evolution,15,watts_strogatz,100,4,953,112,3.530656545749392,50,112,0.44642857142857145,87,59
v2_small_world_no_evolution_s15,v2,small_world_no_evolution,15,watts_strogatz,100,4,954,19,2.302585092984045,10,19,0.5263157894736842,92,90
v2_small_world_no_evolution_s15,v2,small_world_no_evolution,15,watts_strogatz,100,4,955,318,3.763218359535028,121,318,0.3805031446540881,9,66
v2_small_world_no_evolution_s15,v2,small_world_no_evolution,15,watts_strogatz,100,4,956,208,3.7309651925849177,70,208,0.33653846153846156,27,90
v2_small_world_no_evolution_s15,v2,small_world_no_evolution,15,watts_strogatz,100,4,957,148,3.4752047713055965,50,148,0.33783783783783783,26,59
v2_small_world_no_evolution_s15,v2,small_world_no_evolution,15,watts_strogatz,100,4,958,58,2.9785084205072385,21,58,0.3620689655172414,52,90
v2_small_world_no_evolution_s15,v2,small_world_no_evolution,15,watts_strogatz,100,4,959,99,2.9965869742621187,29,99,0.29292929292929293,7,66
v2_small_world_no_evolution_s15,v2,small_world_no_evolution,15,watts_strogatz,100,4,960,160,3.808995666627992,65,160,0.40625,21,59
v2_small_world_no_evolution_s15,v2,small_world_no_evolution,15,watts_strogatz,100,4,961,168,3.9326102200384474,60,168,0.35714285714285715,19,59
v2_small_world_no_evolution_s15,v2,small_world_no_evolution,15,watts_strogatz,100,4,962,33,2.61563057701355,15,33,0.45454545454545453,28,42
v2_small_world_no_evolution_s15,v2,small_world_no_evolution,15,watts_strogatz,100,4,963,9,1.6094379124291005,5,9,0.5555555555555556,52,59
v2_small_world_no_evolution_s15,v2,small_world_no_evolution,15,watts_strogatz,100,4,964,50,3.0752205480323718,23,50,0.46,77,42
v2_small_world_no_evolution_s15,v2,small_world_no_evolution,15,watts_strogatz,100,4,965,57,2.399204296189615,18,57,0.3157894736842105,75,73
v2_small_world_no_evolution_s15,v2,small_world_no_evolution,15,watts_strogatz,100,4,966,130,3.738230894633928,46,130,0.35384615384615387,92,42
v2_small_world_no_evolution_s15,v2,small_world_no_evolution,15,watts_strogatz,100,4,967,114,3.225557328364521,34,114,0.2982456140350877,28,90
v2_small_world_no_evolution_s15,v2,small_world_no_evolution,15,watts_strogatz,100,4,968,273,4.114779699058228,96,273,0.3516483516483517,5,73
v2_small_world_no_evolution_s15,v2,small_world_no_evolution,15,watts_strogatz,100,4,969,91,3.529403617510341,45,91,0.4945054945054945,96,73
v2_small_world_no_evolution_s15,v2,small_world_no_evolution,15,watts_strogatz,100,4,970,27,2.1639556568730565,10,27,0.37037037037037035,60,59
v2_small_world_no_evolution_s15,v2,small_world_no_evolution,15,watts_strogatz,100,4,971,264,4.320211676553484,92,264,0.3484848484848485,88,59
v2_small_world_no_evolution_s15,v2,small_world_no_evolution,15,watts_strogatz,100,4,972,6,1.0986122886651095,3,6,0.5,48,42
v2_small_world_no_evolution_s15,v2,small_world_no_evolution,15,watts_strogatz,100,4,973,55,2.9650156932365066,22,55,0.4,30,73
v2_small_world_no_evolution_s15,v2,small_world_no_evolution,15,watts_strogatz,100,4,974,147,3.337068338549864,58,147,0.3945578231292517,92,59
v2_small_world_no_evolution_s15,v2,small_world_no_evolution,15,watts_strogatz,100,4,975,14,1.6094379124291005,5,14,0.35714285714285715,86,59
v2_small_world_no_evolution_s15,v2,small_world_no_evolution,15,watts_strogatz,100,4,976,97,3.35462479697817,33,97,0.3402061855670103,43,59
v2_small_world_no_evolution_s15,v2,small_world_no_evolution,15,watts_strogatz,100,4,977,49,2.5393673998675776,22,49,0.4489795918367347,84,73
v2_small_world_no_evolution_s15,v2,small_world_no_evolution,15,watts_strogatz,100,4,978,26,2.302585092984045,10,26,0.38461538461538464,76,90
v2_small_world_no_evolution_s15,v2,small_world_no_evolution,15,watts_strogatz,100,4,979,62,2.7555497906471795,21,62,0.3387096774193548,37,73
v2_small_world_no_evolution_s15,v2,small_world_no_evolution,15,watts_strogatz,100,4,980,121,3.615837736078624,49,121,0.4049586776859504,41,66
v2_small_world_no_evolution_s15,v2,small_world_no_evolution,15,watts_strogatz,100,4,981,55,2.3947004058463333,17,55,0.3090909090909091,98,42
v2_small_world_no_evolution_s15,v2,small_world_no_evolution,15,watts_strogatz,100,4,982,113,3.414739581281256,39,113,0.34513274336283184,95,73
v2_small_world_no_evolution_s15,v2,small_world_no_evolution,15,watts_strogatz,100,4,983,160,3.6436782287373086,47,160,0.29375,40,90
v2_small_world_no_evolution_s15,v2,small_world_no_evolution,15,watts_strogatz,100,4,984,266,4.265591007611791,113,266,0.424812030075188,46,90
v2_small_world_no_evolution_s15,v2,small_world_no_evolution,15,watts_strogatz,100,4,985,77,3.1154750248567717,28,77,0.36363636363636365,18,42
v2_small_world_no_evolution_s15,v2,small_world_no_evolution,15,watts_strogatz,100,4,986,25,1.8891591637470213,9,25,0.36,67,73
v2_small_world_no_evolution_s15,v2,small_world_no_evolution,15,watts_strogatz,100,4,987,85,2.775975553086795,22,85,0.25882352941176473,82,59
v2_small_world_no_evolution_s15,v2,small_world_no_evolution,15,watts_strogatz,100,4,988,58,2.7080502010872096,15,58,0.25862068965517243,3,73
v2_small_world_no_evolution_s15,v2,small_world_no_evolution,15,watts_strogatz,100,4,989,92,3.2163581334868363,30,92,0.32608695652173914,12,59
v2_small_world_no_evolution_s15,v2,small_world_no_evolution,15,watts_strogatz,100,4,990,6,0.6931471805579453,2,6,0.3333333333333333,82,42
v2_small_world_no_evolution_s15,v2,small_world_no_evolution,15,watts_strogatz,100,4,991,131,3.5485824223394595,45,131,0.3435114503816794,87,42
v2_small_world_no_evolution_s15,v2,small_world_no_evolution,15,watts_strogatz,100,4,992,6,0.6931471805579453,2,6,0.3333333333333333,88,59
v2_small_world_no_evolution_s15,v2,small_world_no_evolution,15,watts_strogatz,100,4,993,88,3.165672166824038,31,88,0.3522727272727273,94,42
v2_small_world_no_evolution_s15,v2,small_world_no_evolution,15,watts_strogatz,100,4,994,97,3.1495578744813555,38,97,0.3917525773195876,5,66
v2_small_world_no_evolution_s15,v2,small_world_no_evolution,15,watts_strogatz,100,4,995,114,3.349675945398848,42,114,0.3684210526315789,4,73
v2_small_world_no_evolution_s15,v2,small_world_no_evolution,15,watts_strogatz,100,4,996,134,3.632545289508276,47,134,0.35074626865671643,76,73
v2_small_world_no_evolution_s15,v2,small_world_no_evolution,15,watts_strogatz,100,4,997,118,3.5317496288789423,41,118,0.3474576271186441,10,59
v2_small_world_no_evolution_s15,v2,small_world_no_evolution,15,watts_strogatz,100,4,998,126,3.576171765304929,46,126,0.36507936507936506,33,90
v2_small_world_no_evolution_s15,v2,small_world_no_evolution,15,watts_strogatz,100,4,999,59,2.751915969013121,24,59,0.4067796610169492,15,59
