run_id,validation_version,condition,seed,topology,n_nodes,degree,episode_idx,hitting_time,path_entropy,accepted_moves,attempted_moves,accept_rate,start_node,final_node
v2_small_world_no_evolution_s10,v2,small_world_no_evolution,10,watts_strogatz,100,4,0,439,4.57023572840677,155,439,0.3530751708428246,2,56
v2_small_world_no_evolution_s10,v2,small_world_no_evolution,10,watts_strogatz,100,4,1,0,0.0,0,0,,75,75
v2_small_world_no_evolution_s10,v2,small_world_no_evolution,10,watts_strogatz,100,4,2,1015,5.267159536311237,388,1015,0.38226600985221676,21,72
v2_small_world_no_evolution_s10,v2,small_world_no_evolution,10,watts_strogatz,100,4,3,80,2.9170476559249296,27,80,0.3375,62,56
v2_small_world_no_evolution_s10,v2,small_world_no_evolution,10,watts_strogatz,100,4,4,14,1.3862943611158909,4,14,0.2857142857142857,37,24
v2_small_world_no_evolution_s10,v2,small_world_no_evolution,10,watts_strogatz,100,4,5,55,2.083642239139901,22,55,0.4,32,24
v2_small_world_no_evolution_s10,v2,small_world_no_evolution,10,watts_strogatz,100,4,6,36,2.926417555478996,20,36,0.5555555555555556,34,24
v2_small_world_no_evolution_s10,v2,small_world_no_evolution,10,watts_strogatz,100,4,7,134,3.450012993720436,60,134,0.44776119402985076,82,56
v2_small_world_no_evolution_s10,v2,small_world_no_evolution,10,watts_strogatz,100,4,8,150,3.804759114270106,63,150,0.42,96,56
v2_small_world_no_evolution_s10,v2,small_world_no_evolution,10,watts_strogatz,100,4,9,0,0.0,0,0,,24,24
v2_small_world_no_evolution_s10,v2,small_world_no_evolution,10,watts_strogatz,100,4,10,116,3.2484910183327065,41,116,0.35344827586206895,81,24
v2_small_world_no_evolution_s10,v2,small_world_no_evolution,10,watts_strogatz,100,4,11,42,2.6701198897918164,17,42,0.40476190476190477,39,73
v2_small_world_no_evolution_s10,v2,small_world_no_evolution,10,watts_strogatz,100,4,12,4,-1.000088900581841e-12,1,4,0.25,25,24
v2_small_world_no_evolution_s10,v2,small_world_no_evolution,10,watts_strogatz,100,4,13,190,3.5659894961425342,66,190,0.3473684210526316,95,75
v2_small_world_no_evolution_s10,v2,small_world_no_evolution,10,watts_strogatz,100,4,14,184,3.726011527163272,77,184,0.41847826086956524,32,73
v2_small_world_no_evolution_s10,v2,small_world_no_evolution,10,watts_strogatz,100,4,15,93,3.263139242271734,35,93,0.3763440860215054,17,56
v2_small_world_no_evolution_s10,v2,small_world_no_evolution,10,watts_strogatz,100,4,16,82,3.2238860684653137,29,82,0.35365853658536583,84,56
v2_small_world_no_evolution_s10,v2,small_world_no_evolution,10,watts_strogatz,100,4,17,474,4.443309931545758,175,474,0.3691983122362869,7,75
v2_small_world_no_evolution_s10,v2,small_world_no_evolution,10,watts_strogatz,100,4,18,83,3.4331967372908423,40,83,0.4819277108433735,88,75
v2_small_world_no_evolution_s10,v2,small_world_no_evolution,10,watts_strogatz,100,4,19,0,0.0,0,0,,56,56
v2_small_world_no_evolution_s10,v2,small_world_no_evolution,10,watts_strogatz,100,4,20,230,3.6353871233114377,90,230,0.391304347826087,10,72
v2_small_world_no_evolution_s10,v2,small_world_no_evolution,10,watts_strogatz,100,4,21,89,3.3345041647330413,37,89,0.4157303370786517,32,56
v2_small_world_no_evolution_s10,v2,small_world_no_evolution,10,watts_strogatz,100,4,22,89,3.3969144201875685,35,89,0.39325842696629215,9,24
v2_small_world_no_evolution_s10,v2,small_world_no_evolution,10,watts_strogatz,100,4,23,311,4.021759810281832,111,311,0.35691318327974275,18,72
v2_small_world_no_evolution_s10,v2,small_world_no_evolution,10,watts_strogatz,100,4,24,0,0.0,0,0,,75,75
v2_small_world_no_evolution_s10,v2,small_world_no_evolution,10,watts_strogatz,100,4,25,247,3.440456045179899,92,247,0.3724696356275304,38,24
v2_small_world_no_evolution_s10,v2,small_world_no_evolution,10,watts_strogatz,100,4,26,0,0.0,0,0,,56,56
v2_small_world_no_evolution_s10,v2,small_world_no_evolution,10,watts_strogatz,100,4,27,84,3.044820482442576,26,84,0.30952380952380953,6,24
v2_small_world_no_evolution_s10,v2,small_world_no_evolution,10,watts_strogatz,100,4,28,39,2.341994252221425,14,39,0.358974358974359,96,73
v2_small_world_no_evolution_s10,v2,small_world_no_evolution,10,watts_strogatz,100,4,29,827,4.593853899750486,307,827,0.37122128174123337,90,24
v2_small_world_no_evolution_s10,v2,small_world_no_evolution,10,watts_strogatz,100,4,30,52,2.838988933136699,22,52,0.4230769230769231,14,24
v2_small_world_no_evolution_s10,v2,small_world_no_evolution,10,watts_strogatz,100,4,31,56,2.931923292990705,23,56,0.4107142857142857,66,56
v2_small_world_no_evolution_s10,v2,small_world_no_evolution,10,watts_strogatz,100,4,32,106,3.184783964804171,34,106,0.32075471698113206,67,56
v2_small_world_no_evolution_s10,v2,small_world_no_evolution,10,watts_strogatz,100,4,33,149,3.646184710849575,62,149,0.4161073825503356,6,24
v2_small_world_no_evolution_s10,v2,small_world_no_evolution,10,watts_strogatz,100,4,34,116,3.3319650272562886,38,116,0.3275862068965517,45,24
v2_small_world_no_evolution_s10,v2,small_world_no_evolution,10,watts_strogatz,100,4,35,53,2.6701198897918164,17,53,0.32075471698113206,40,24
v2_small_world_no_evolution_s10,v2,small_world_no_evolution,10,watts_strogatz,100,4,36,455,4.615060579750212,171,455,0.3758241758241758,90,24
v2_small_world_no_evolution_s10,v2,small_world_no_evolution,10,watts_strogatz,100,4,37,5,1.0986122886651095,3,5,0.6,77,75
v2_small_world_no_evolution_s10,v2,small_world_no_evolution,10,watts_strogatz,100,4,38,15,1.3862943611158909,4,15,0.26666666666666666,57,56
v2_small_world_no_evolution_s10,v2,small_world_no_evolution,10,watts_strogatz,100,4,39,234,4.097878879356706,92,234,0.39316239316239315,61,24
v2_small_world_no_evolution_s10,v2,small_world_no_evolution,10,watts_strogatz,100,4,40,7,1.6094379124291005,5,7,0.7142857142857143,70,72
v2_small_world_no_evolution_s10,v2,small_world_no_evolution,10,watts_strogatz,100,4,41,249,3.8019036821173575,83,249,0.3333333333333333,86,24
v2_small_world_no_evolution_s10,v2,small_world_no_evolution,10,watts_strogatz,100,4,42,17,1.7478680974607577,7,17,0.4117647058823529,48,56
v2_small_world_no_evolution_s10,v2,small_world_no_evolution,10,watts_strogatz,100,4,43,314,4.228752154232282,117,314,0.37261146496815284,46,24
v2_small_world_no_evolution_s10,v2,small_world_no_evolution,10,watts_strogatz,100,4,44,6,0.6931471805579453,2,6,0.3333333333333333,58,56
v2_small_world_no_evolution_s10,v2,small_world_no_evolution,10,watts_strogatz,100,4,45,179,3.739574810671785,74,179,0.4134078212290503,1,24
v2_small_world_no_evolution_s10,v2,small_world_no_evolution,10,watts_strogatz,100,4,46,452,4.519672862530335,174,452,0.38495575221238937,55,72
v2_small_world_no_evolution_s10,v2,small_world_no_evolution,10,watts_strogatz,100,4,47,26,2.484906649776,12,26,0.46153846153846156,35,72
v2_small_world_no_evolution_s10,v2,small_world_no_evolution,10,watts_strogatz,100,4,48,148,3.4678447075785086,52,148,0.35135135135135137,48,24
v2_small_world_no_evolution_s10,v2,small_world_no_evolution,10,watts_strogatz,100,4,49,572,4.3024776985844975,220,572,0.38461538461538464,4,75
v2_small_world_no_evolution_s10,v2,small_world_no_evolution,10,watts_strogatz,100,4,50,141,3.662490020385565,50,141,0.3546099290780142,31,56
v2_small_world_no_evolution_s10,v2,small_world_no_evolution,10,watts_strogatz,100,4,51,186,3.6612515218932695,67,186,0.3602150537634409,45,75
v2_small_world_no_evolution_s10,v2,small_world_no_evolution,10,watts_strogatz,100,4,52,62,2.8234169983783937,29,62,0.46774193548387094,82,75
v2_small_world_no_evolution_s10,v2,small_world_no_evolution,10,watts_strogatz,100,4,53,20,1.6094379124291005,5,20,0.25,18,24
v2_small_world_no_evolution_s10,v2,small_world_no_evolution,10,watts_strogatz,100,4,54,18,1.6094379124291005,5,18,0.2777777777777778,62,56
v2_small_world_no_evolution_s10,v2,small_world_no_evolution,10,watts_strogatz,100,4,55,87,3.1184272811360554,33,87,0.3793103448275862,90,56
v2_small_world_no_evolution_s10,v2,small_world_no_evolution,10,watts_strogatz,100,4,56,382,4.09201916921187,149,382,0.3900523560209424,86,24
v2_small_world_no_evolution_s10,v2,small_world_no_evolution,10,watts_strogatz,100,4,57,328,3.832529244587869,127,328,0.3871951219512195,2,56
v2_small_world_no_evolution_s10,v2,small_world_no_evolution,10,watts_strogatz,100,4,58,23,2.1639556568730565,10,23,0.43478260869565216,30,24
v2_small_world_no_evolution_s10,v2,small_world_no_evolution,10,watts_strogatz,100,4,59,33,2.670119889791816,17,33,0.5151515151515151,33,24
v2_small_world_no_evolution_s10,v2,small_world_no_evolution,10,watts_strogatz,100,4,60,240,3.373480174369276,94,240,0.39166666666666666,68,56
v2_small_world_no_evolution_s10,v2,small_world_no_evolution,10,watts_strogatz,100,4,61,122,3.352360333881,39,122,0.319672131147541,87,24
v2_small_world_no_evolution_s10,v2,small_world_no_evolution,10,watts_strogatz,100,4,62,8,0.6931471805579453,2,8,0.25,28,24
v2_small_world_no_evolution_s10,v2,small_world_no_evolution,10,watts_strogatz,100,4,63,164,3.78850359470488,58,164,0.35365853658536583,97,73
v2_small_world_no_evolution_s10,v2,small_world_no_evolution,10,watts_strogatz,100,4,64,52,2.736339051089065,18,52,0.34615384615384615,88,24
v2_small_world_no_evolution_s10,v2,small_world_no_evolution,10,watts_strogatz,100,4,65,102,3.5849073769929456,40,102,0.39215686274509803,2,24
v2_small_world_no_evolution_s10,v2,small_world_no_evolution,10,watts_strogatz,100,4,66,905,4.785316248302992,337,905,0.3723756906077348,99,73
v2_small_world_no_evolution_s10,v2,small_world_no_evolution,10,watts_strogatz,100,4,67,23,2.302585092984045,10,23,0.43478260869565216,52,56
v2_small_world_no_evolution_s10,v2,small_world_no_evolution,10,watts_strogatz,100,4,68,145,3.499831245334983,61,145,0.4206896551724138,12,24
v2_small_world_no_evolution_s10,v2,small_world_no_evolution,10,watts_strogatz,100,4,69,43,2.6593226976945163,18,43,0.4186046511627907,65,75
v2_small_world_no_evolution_s10,v2,small_world_no_evolution,10,watts_strogatz,100,4,70,154,3.694189640007807,56,154,0.36363636363636365,88,24
v2_small_world_no_evolution_s10,v2,small_world_no_evolution,10,watts_strogatz,100,4,71,224,4.027017626389538,86,224,0.38392857142857145,42,24
v2_small_world_no_evolution_s10,v2,small_world_no_evolution,10,watts_strogatz,100,4,72,76,2.9655274957092304,34,76,0.4473684210526316,47,56
v2_small_world_no_evolution_s10,v2,small_world_no_evolution,10,watts_strogatz,100,4,73,278,4.078721021560349,113,278,0.4064748201438849,46,56
v2_small_world_no_evolution_s10,v2,small_world_no_evolution,10,watts_strogatz,100,4,74,68,3.039115687997164,27,68,0.39705882352941174,71,75
v2_small_world_no_evolution_s10,v2,small_world_no_evolution,10,watts_strogatz,100,4,75,142,3.7871964318487783,53,142,0.3732394366197183,17,72
v2_small_world_no_evolution_s10,v2,small_world_no_evolution,10,watts_strogatz,100,4,76,90,3.335770806415738,32,90,0.35555555555555557,27,75
v2_small_world_no_evolution_s10,v2,small_world_no_evolution,10,watts_strogatz,100,4,77,410,4.641030956919209,174,410,0.424390243902439,90,24
v2_small_world_no_evolution_s10,v2,small_world_no_evolution,10,watts_strogatz,100,4,78,75,3.1514585102190296,26,75,0.3466666666666667,32,56
v2_small_world_no_evolution_s10,v2,small_world_no_evolution,10,watts_strogatz,100,4,79,15,1.6094379124291005,5,15,0.3333333333333333,69,75
v2_small_world_no_evolution_s10,v2,small_world_no_evolution,10,watts_strogatz,100,4,80,82,3.134162458562648,28,82,0.34146341463414637,89,56
v2_small_world_no_evolution_s10,v2,small_world_no_evolution,10,watts_strogatz,100,4,81,0,0.0,0,0,,24,24
v2_small_world_no_evolution_s10,v2,small_world_no_evolution,10,watts_strogatz,100,4,82,61,2.787788119369007,20,61,0.32786885245901637,12,24
v2_small_world_no_evolution_s10,v2,small_world_no_evolution,10,watts_strogatz,100,4,83,83,3.052520501511814,25,83,0.30120481927710846,31,24
v2_small_world_no_evolution_s10,v2,small_world_no_evolution,10,watts_strogatz,100,4,84,14,1.3862943611158909,4,14,0.2857142857142857,20,24
v2_small_world_no_evolution_s10,v2,small_world_no_evolution,10,watts_strogatz,100,4,85,245,4.159471969059863,89,245,0.363265306122449,63,24
v2_small_world_no_evolution_s10,v2,small_world_no_evolution,10,watts_strogatz,100,4,86,610,4.742198351356393,230,610,0.3770491803278688,15,56
v2_small_world_no_evolution_s10,v2,small_world_no_evolution,10,watts_strogatz,100,4,87,355,4.424826001670025,116,355,0.3267605633802817,96,56
v2_small_world_no_evolution_s10,v2,small_world_no_evolution,10,watts_strogatz,100,4,88,12,1.039720770836918,4,12,0.3333333333333333,0,24
v2_small_world_no_evolution_s10,v2,small_world_no_evolution,10,watts_strogatz,100,4,89,372,4.418109826768624,139,372,0.3736559139784946,97,75
v2_small_world_no_evolution_s10,v2,small_world_no_evolution,10,watts_strogatz,100,4,90,132,3.2406785469988733,46,132,0.3484848484848485,66,56
v2_small_world_no_evolution_s10,v2,small_world_no_evolution,10,watts_strogatz,100,4,91,422,4.398822903291376,166,422,0.3933649289099526,80,24
v2_small_world_no_evolution_s10,v2,small_world_no_evolution,10,watts_strogatz,100,4,92,667,4.758586571725484,235,667,0.3523238380809595,91,24
v2_small_world_no_evolution_s10,v2,small_world_no_evolution,10,watts_strogatz,100,4,93,38,2.523210952939891,15,38,0.39473684210526316,30,73
v2_small_world_no_evolution_s10,v2,small_world_no_evolution,10,watts_strogatz,100,4,94,73,2.976544516679745,33,73,0.4520547945205479,28,24
v2_small_world_no_evolution_s10,v2,small_world_no_evolution,10,watts_strogatz,100,4,95,5,1.0986122886651095,3,5,0.6,58,56
v2_small_world_no_evolution_s10,v2,small_world_no_evolution,10,watts_strogatz,100,4,96,265,3.9130698307385954,92,265,0.3471698113207547,52,24
v2_small_world_no_evolution_s10,v2,small_world_no_evolution,10,watts_strogatz,100,4,97,246,4.0028812391132735,82,246,0.3333333333333333,86,75
v2_small_world_no_evolution_s10,v2,small_world_no_evolution,10,watts_strogatz,100,4,98,82,2.8657034203288965,27,82,0.32926829268292684,67,56
v2_small_world_no_evolution_s10,v2,small_world_no_evolution,10,watts_strogatz,100,4,99,228,3.5881089064557847,88,228,0.38596491228070173,36,73
v2_small_world_no_evolution_s10,v2,small_world_no_evolution,10,watts_strogatz,100,4,100,171,3.797024216562074,69,171,0.40350877192982454,82,73
v2_small_world_no_evolution_s10,v2,small_world_no_evolution,10,watts_strogatz,100,4,101,44,2.2055983590163937,14,44,0.3181818181818182,17,24
v2_small_world_no_evolution_s10,v2,small_world_no_evolution,10,watts_strogatz,100,4,102,72,3.0624332675329966,29,72,0.4027777777777778,98,56
v2_small_world_no_evolution_s10,v2,small_world_no_evolution,10,watts_strogatz,100,4,103,1,-1.000088900581841e-12,1,1,1.0,76,75
v2_small_world_no_evolution_s10,v2,small_world_no_evolution,10,watts_strogatz,100,4,104,218,3.9242151344111673,86,218,0.3944954128440367,94,24
v2_small_world_no_evolution_s10,v2,small_world_no_evolution,10,watts_strogatz,100,4,105,201,3.957855855331284,81,201,0.40298507462686567,32,56
v2_small_world_no_evolution_s10,v2,small_world_no_evolution,10,watts_strogatz,100,4,106,43,2.057897531913409,13,43,0.3023255813953488,27,24
v2_small_world_no_evolution_s10,v2,small_world_no_evolution,10,watts_strogatz,100,4,107,278,3.889115664125878,112,278,0.4028776978417266,31,24
v2_small_world_no_evolution_s10,v2,small_world_no_evolution,10,watts_strogatz,100,4,108,2,-1.000088900581841e-12,1,2,0.5,74,75
v2_small_world_no_evolution_s10,v2,small_world_no_evolution,10,watts_strogatz,100,4,109,70,3.2163581334868363,30,70,0.42857142857142855,50,56
v2_small_world_no_evolution_s10,v2,small_world_no_evolution,10,watts_strogatz,100,4,110,3,0.6931471805579453,2,3,0.6666666666666666,76,75
v2_small_world_no_evolution_s10,v2,small_world_no_evolution,10,watts_strogatz,100,4,111,124,3.539627566658813,42,124,0.3387096774193548,25,73
v2_small_world_no_evolution_s10,v2,small_world_no_evolution,10,watts_strogatz,100,4,112,0,0.0,0,0,,56,56
v2_small_world_no_evolution_s10,v2,small_world_no_evolution,10,watts_strogatz,100,4,113,357,4.030788047508861,127,357,0.3557422969187675,89,75
v2_small_world_no_evolution_s10,v2,small_world_no_evolution,10,watts_strogatz,100,4,114,196,3.941465651450617,73,196,0.37244897959183676,44,24
v2_small_world_no_evolution_s10,v2,small_world_no_evolution,10,watts_strogatz,100,4,115,73,3.0146356756294823,31,73,0.4246575342465753,87,75
v2_small_world_no_evolution_s10,v2,small_world_no_evolution,10,watts_strogatz,100,4,116,295,4.123599960227319,110,295,0.3728813559322034,54,75
v2_small_world_no_evolution_s10,v2,small_world_no_evolution,10,watts_strogatz,100,4,117,195,3.783063733279841,67,195,0.3435897435897436,95,56
v2_small_world_no_evolution_s10,v2,small_world_no_evolution,10,watts_strogatz,100,4,118,120,3.4677905347959017,45,120,0.375,50,24
v2_small_world_no_evolution_s10,v2,small_world_no_evolution,10,watts_strogatz,100,4,119,326,4.361145428253047,121,326,0.37116564417177916,43,24
v2_small_world_no_evolution_s10,v2,small_world_no_evolution,10,watts_strogatz,100,4,120,68,3.110236521363716,29,68,0.4264705882352941,94,24
v2_small_world_no_evolution_s10,v2,small_world_no_evolution,10,watts_strogatz,100,4,121,108,3.316814324622516,39,108,0.3611111111111111,50,75
v2_small_world_no_evolution_s10,v2,small_world_no_evolution,10,watts_strogatz,100,4,122,14,2.079441541671836,8,14,0.5714285714285714,35,24
v2_small_world_no_evolution_s10,v2,small_world_no_evolution,10,watts_strogatz,100,4,123,100,3.467994408329786,36,100,0.36,94,73
v2_small_world_no_evolution_s10,v2,small_world_no_evolution,10,watts_strogatz,100,4,124,1,-1.000088900581841e-12,1,1,1.0,54,56
v2_small_world_no_evolution_s10,v2,small_world_no_evolution,10,watts_strogatz,100,4,125,235,3.946419117025103,86,235,0.3659574468085106,91,72
v2_small_world_no_evolution_s10,v2,small_world_no_evolution,10,watts_strogatz,100,4,126,94,2.87039566439884,41,94,0.43617021276595747,68,24
v2_small_world_no_evolution_s10,v2,small_world_no_evolution,10,watts_strogatz,100,4,127,396,4.325300576086699,147,396,0.3712121212121212,83,24
v2_small_world_no_evolution_s10,v2,small_world_no_evolution,10,watts_strogatz,100,4,128,238,3.9247321700695066,82,238,0.3445378151260504,61,24
v2_small_world_no_evolution_s10,v2,small_world_no_evolution,10,watts_strogatz,100,4,129,62,2.6593226976945163,18,62,0.2903225806451613,62,73
v2_small_world_no_evolution_s10,v2,small_world_no_evolution,10,watts_strogatz,100,4,130,84,2.966943486168354,28,84,0.3333333333333333,63,56
v2_small_world_no_evolution_s10,v2,small_world_no_evolution,10,watts_strogatz,100,4,131,43,2.1873223188392537,16,43,0.37209302325581395,70,72
v2_small_world_no_evolution_s10,v2,small_world_no_evolution,10,watts_strogatz,100,4,132,56,2.7759755530867958,22,56,0.39285714285714285,80,75
v2_small_world_no_evolution_s10,v2,small_world_no_evolution,10,watts_strogatz,100,4,133,28,2.2718685126865625,11,28,0.39285714285714285,95,24
v2_small_world_no_evolution_s10,v2,small_world_no_evolution,10,watts_strogatz,100,4,134,111,3.2654404979770533,43,111,0.38738738738738737,1,56
v2_small_world_no_evolution_s10,v2,small_world_no_evolution,10,watts_strogatz,100,4,135,2,-1.000088900581841e-12,1,2,0.5,23,24
v2_small_world_no_evolution_s10,v2,small_world_no_evolution,10,watts_strogatz,100,4,136,56,2.7985132569262934,19,56,0.3392857142857143,31,24
v2_small_world_no_evolution_s10,v2,small_world_no_evolution,10,watts_strogatz,100,4,137,315,4.133036482240295,113,315,0.35873015873015873,93,24
v2_small_world_no_evolution_s10,v2,small_world_no_evolution,10,watts_strogatz,100,4,138,11,1.6094379124291005,5,11,0.45454545454545453,55,56
v2_small_world_no_evolution_s10,v2,small_world_no_evolution,10,watts_strogatz,100,4,139,22,2.369382119683676,12,22,0.5454545454545454,63,56
v2_small_world_no_evolution_s10,v2,small_world_no_evolution,10,watts_strogatz,100,4,140,13,1.0986122886651095,3,13,0.23076923076923078,42,24
v2_small_world_no_evolution_s10,v2,small_world_no_evolution,10,watts_strogatz,100,4,141,18,2.079441541671836,8,18,0.4444444444444444,30,24
v2_small_world_no_evolution_s10,v2,small_world_no_evolution,10,watts_strogatz,100,4,142,220,3.803308608280154,82,220,0.37272727272727274,29,24
v2_small_world_no_evolution_s10,v2,small_world_no_evolution,10,watts_strogatz,100,4,143,0,0.0,0,0,,56,56
v2_small_world_no_evolution_s10,v2,small_world_no_evolution,10,watts_strogatz,100,4,144,0,0.0,0,0,,24,24
v2_small_world_no_evolution_s10,v2,small_world_no_evolution,10,watts_strogatz,100,4,145,50,2.926417555478996,20,50,0.4,32,24
v2_small_world_no_evolution_s10,v2,small_world_no_evolution,10,watts_strogatz,100,4,146,2,-1.000088900581841e-12,1,2,0.5,74,72
v2_small_world_no_evolution_s10,v2,small_world_no_evolution,10,watts_strogatz,100,4,147,128,3.632545289508276,47,128,0.3671875,8,24
v2_small_world_no_evolution_s10,v2,small_world_no_evolution,10,watts_strogatz,100,4,148,604,4.738544683289533,244,604,0.40397350993377484,87,24
v2_small_world_no_evolution_s10,v2,small_world_no_evolution,10,watts_strogatz,100,4,149,0,0.0,0,0,,75,75
v2_small_world_no_evolution_s10,v2,small_world_no_evolution,10,watts_strogatz,100,4,150,319,4.555721166392012,123,319,0.38557993730407525,47,24
v2_small_world_no_evolution_s10,v2,small_world_no_evolution,10,watts_strogatz,100,4,151,209,4.022078359624711,83,209,0.39712918660287083,5,24
v2_small_world_no_evolution_s10,v2,small_world_no_evolution,10,watts_strogatz,100,4,152,36,2.813355404483615,18,36,0.5,29,72
v2_small_world_no_evolution_s10,v2,small_world_no_evolution,10,watts_strogatz,100,4,153,118,3.013641373075359,45,118,0.3813559322033898,81,73
v2_small_world_no_evolution_s10,v2,small_world_no_evolution,10,watts_strogatz,100,4,154,45,2.313153678722634,17,45,0.37777777777777777,93,56
v2_small_world_no_evolution_s10,v2,small_world_no_evolution,10,watts_strogatz,100,4,155,222,3.946516520889744,80,222,0.36036036036036034,20,73
v2_small_world_no_evolution_s10,v2,small_world_no_evolution,10,watts_strogatz,100,4,156,444,3.9162509814753017,172,444,0.38738738738738737,8,24
v2_small_world_no_evolution_s10,v2,small_world_no_evolution,10,watts_strogatz,100,4,157,221,3.649231298790895,77,221,0.34841628959276016,90,75
v2_small_world_no_evolution_s10,v2,small_world_no_evolution,10,watts_strogatz,100,4,158,28,2.302585092984045,10,28,0.35714285714285715,98,24
v2_small_world_no_evolution_s10,v2,small_world_no_evolution,10,watts_strogatz,100,4,159,61,3.062529300232621,24,61,0.39344262295081966,40,72
v2_small_world_no_evolution_s10,v2,small_world_no_evolution,10,watts_strogatz,100,4,160,2,0.6931471805579453,2,2,1.0,70,72
v2_small_world_no_evolution_s10,v2,small_world_no_evolution,10,watts_strogatz,100,4,161,137,3.775520777046116,57,137,0.41605839416058393,95,24
v2_small_world_no_evolution_s10,v2,small_world_no_evolution,10,watts_strogatz,100,4,162,25,1.9061547465328492,8,25,0.32,71,73
v2_small_world_no_evolution_s10,v2,small_world_no_evolution,10,watts_strogatz,100,4,163,7,1.039720770836918,4,7,0.5714285714285714,70,73
v2_small_world_no_evolution_s10,v2,small_world_no_evolution,10,watts_strogatz,100,4,164,20,2.197224577327219,9,20,0.45,51,56
v2_small_world_no_evolution_s10,v2,small_world_no_evolution,10,watts_strogatz,100,4,165,657,4.766607641924459,249,657,0.3789954337899543,82,24
v2_small_world_no_evolution_s10,v2,small_world_no_evolution,10,watts_strogatz,100,4,166,398,4.442026973881801,147,398,0.3693467336683417,5,24
v2_small_world_no_evolution_s10,v2,small_world_no_evolution,10,watts_strogatz,100,4,167,30,2.1458417525857545,11,30,0.36666666666666664,16,24
v2_small_world_no_evolution_s10,v2,small_world_no_evolution,10,watts_strogatz,100,4,168,54,2.941616952624223,25,54,0.46296296296296297,70,72
v2_small_world_no_evolution_s10,v2,small_world_no_evolution,10,watts_strogatz,100,4,169,26,2.0431918705371204,9,26,0.34615384615384615,46,24
v2_small_world_no_evolution_s10,v2,small_world_no_evolution,10,watts_strogatz,100,4,170,451,4.309783768105863,162,451,0.35920177383592017,28,56
v2_small_world_no_evolution_s10,v2,small_world_no_evolution,10,watts_strogatz,100,4,171,0,0.0,0,0,,72,72
v2_small_world_no_evolution_s10,v2,small_world_no_evolution,10,watts_strogatz,100,4,172,5,-1.000088900581841e-12,1,5,0.2,39,24
v2_small_world_no_evolution_s10,v2,small_world_no_evolution,10,watts_strogatz,100,4,173,0,0.0,0,0,,73,73
v2_small_world_no_evolution_s10,v2,small_world_no_evolution,10,watts_strogatz,100,4,174,8,1.5607104090364068,6,8,0.75,53,56
v2_small_world_no_evolution_s10,v2,small_world_no_evolution,10,watts_strogatz,100,4,175,91,3.217647911009477,42,91,0.46153846153846156,81,75
v2_small_world_no_evolution_s10,v2,small_world_no_evolution,10,watts_strogatz,100,4,176,7,1.3862943611158909,4,7,0.5714285714285714,70,73
v2_small_world_no_evolution_s10,v2,small_world_no_evolution,10,watts_strogatz,100,4,177,0,0.0,0,0,,73,73
v2_small_world_no_evolution_s10,v2,small_world_no_evolution,10,watts_strogatz,100,4,178,266,3.7601308703311416,100,266,0.37593984962406013,99,72
v2_small_world_no_evolution_s10,v2,small_world_no_evolution,10,watts_strogatz,100,4,179,38,1.791759469222055,6,38,0.15789473684210525,20,24
v2_small_world_no_evolution_s10,v2,small_world_no_evolution,10,watts_strogatz,100,4,180,181,3.698836543369433,76,181,0.4198895027624309,85,72
v2_small_world_no_evolution_s10,v2,small_world_no_evolution,10,watts_strogatz,100,4,181,3,0.6931471805579453,2,3,0.6666666666666666,52,56
v2_small_world_no_evolution_s10,v2,small_world_no_evolution,10,watts_strogatz,100,4,182,33,2.4583113296710835,13,33,0.3939393939393939,70,75
v2_small_world_no_evolution_s10,v2,small_world_no_evolution,10,watts_strogatz,100,4,183,553,4.559348885338018,195,553,0.352622061482821,33,73
v2_small_world_no_evolution_s10,v2,small_world_no_evolution,10,watts_strogatz,100,4,184,2,-1.000088900581841e-12,1,2,0.5,22,24
v2_small_world_no_evolution_s10,v2,small_world_no_evolution,10,watts_strogatz,100,4,185,380,4.298606785512999,138,380,0.3631578947368421,90,73
v2_small_world_no_evolution_s10,v2,small_world_no_evolution,10,watts_strogatz,100,4,186,622,4.700422166022582,238,622,0.38263665594855306,49,24
v2_small_world_no_evolution_s10,v2,small_world_no_evolution,10,watts_strogatz,100,4,187,46,2.302585092984045,10,46,0.21739130434782608,68,24
v2_small_world_no_evolution_s10,v2,small_world_no_evolution,10,watts_strogatz,100,4,188,435,4.410970468427979,175,435,0.40229885057471265,17,24
v2_small_world_no_evolution_s10,v2,small_world_no_evolution,10,watts_strogatz,100,4,189,297,4.17979085356865,119,297,0.4006734006734007,12,72
v2_small_world_no_evolution_s10,v2,small_world_no_evolution,10,watts_strogatz,100,4,190,390,4.217974248835027,142,390,0.3641025641025641,2,73
v2_small_world_no_evolution_s10,v2,small_world_no_evolution,10,watts_strogatz,100,4,191,37,2.639057329601259,14,37,0.3783783783783784,80,56
v2_small_world_no_evolution_s10,v2,small_world_no_evolution,10,watts_strogatz,100,4,192,77,2.7283523700752608,23,77,0.2987012987012987,52,24
v2_small_world_no_evolution_s10,v2,small_world_no_evolution,10,watts_strogatz,100,4,193,120,3.3499271910945767,41,120,0.3416666666666667,14,73
v2_small_world_no_evolution_s10,v2,small_world_no_evolution,10,watts_strogatz,100,4,194,37,2.2718685126865625,11,37,0.2972972972972973,65,72
v2_small_world_no_evolution_s10,v2,small_world_no_evolution,10,watts_strogatz,100,4,195,0,0.0,0,0,,56,56
v2_small_world_no_evolution_s10,v2,small_world_no_evolution,10,watts_strogatz,100,4,196,54,2.894399544411038,23,54,0.42592592592592593,1,73
v2_small_world_no_evolution_s10,v2,small_world_no_evolution,10,watts_strogatz,100,4,197,13,0.6931471805579453,2,13,0.15384615384615385,68,72
v2_small_world_no_evolution_s10,v2,small_world_no_evolution,10,watts_strogatz,100,4,198,316,4.362895570256469,111,316,0.3512658227848101,10,56
v2_small_world_no_evolution_s10,v2,small_world_no_evolution,10,watts_strogatz,100,4,199,1012,4.950373070321312,368,1012,0.36363636363636365,10,24
v2_small_world_no_evolution_s10,v2,small_world_no_evolution,10,watts_strogatz,100,4,200,164,3.967172698102412,68,164,0.4146341463414634,99,24
v2_small_world_no_evolution_s10,v2,small_world_no_evolution,10,watts_strogatz,100,4,201,233,4.143353815935481,95,233,0.40772532188841204,69,24
v2_small_world_no_evolution_s10,v2,small_world_no_evolution,10,watts_strogatz,100,4,202,0,0.0,0,0,,72,72
v2_small_world_no_evolution_s10,v2,small_world_no_evolution,10,watts_strogatz,100,4,203,120,3.4040404338981127,34,120,0.2833333333333333,99,24
v2_small_world_no_evolution_s10,v2,small_world_no_evolution,10,watts_strogatz,100,4,204,184,3.6794779893342446,64,184,0.34782608695652173,12,24
v2_small_world_no_evolution_s10,v2,small_world_no_evolution,10,watts_strogatz,100,4,205,106,3.370480801334671,33,106,0.3113207547169811,2,75
v2_small_world_no_evolution_s10,v2,small_world_no_evolution,10,watts_strogatz,100,4,206,88,3.2994270308825606,36,88,0.4090909090909091,87,56
v2_small_world_no_evolution_s10,v2,small_world_no_evolution,10,watts_strogatz,100,4,207,124,3.525139672347451,59,124,0.47580645161290325,66,75
v2_small_world_no_evolution_s10,v2,small_world_no_evolution,10,watts_strogatz,100,4,208,75,3.244492630381296,27,75,0.36,98,72
v2_small_world_no_evolution_s10,v2,small_world_no_evolution,10,watts_strogatz,100,4,209,56,2.588573162668117,17,56,0.30357142857142855,46,56
v2_small_world_no_evolution_s10,v2,small_world_no_evolution,10,watts_strogatz,100,4,210,47,2.484906649776,12,47,0.2553191489361702,16,75
v2_small_world_no_evolution_s10,v2,small_world_no_evolution,10,watts_strogatz,100,4,211,54,2.954673212284816,23,54,0.42592592592592593,25,24
v2_small_world_no_evolution_s10,v2,small_world_no_evolution,10,watts_strogatz,100,4,212,766,4.9265223658920565,276,766,0.360313315926893,53,24
v2_small_world_no_evolution_s10,v2,small_world_no_evolution,10,watts_strogatz,100,4,213,135,3.425356256910581,45,135,0.3333333333333333,84,75
v2_small_world_no_evolution_s10,v2,small_world_no_evolution,10,watts_strogatz,100,4,214,315,4.126885437339752,121,315,0.38412698412698415,13,72
v2_small_world_no_evolution_s10,v2,small_world_no_evolution,10,watts_strogatz,100,4,215,279,4.075128960064595,92,279,0.32974910394265233,6,56
v2_small_world_no_evolution_s10,v2,small_world_no_evolution,10,watts_strogatz,100,4,216,71,2.6363914389227974,24,71,0.3380281690140845,61,56
v2_small_world_no_evolution_s10,v2,small_world_no_evolution,10,watts_strogatz,100,4,217,757,4.621198515168515,270,757,0.35667107001321,50,56
v2_small_world_no_evolution_s10,v2,small_world_no_evolution,10,watts_strogatz,100,4,218,32,1.5607104090364068,6,32,0.1875,27,24
v2_small_world_no_evolution_s10,v2,small_world_no_evolution,10,watts_strogatz,100,4,219,69,3.1514585102190296,26,69,0.37681159420289856,63,73
v2_small_world_no_evolution_s10,v2,small_world_no_evolution,10,watts_strogatz,100,4,220,142,3.435408872604361,49,142,0.34507042253521125,55,56
v2_small_world_no_evolution_s10,v2,small_world_no_evolution,10,watts_strogatz,100,4,221,30,2.197224577327219,9,30,0.3,34,24
v2_small_world_no_evolution_s10,v2,small_world_no_evolution,10,watts_strogatz,100,4,222,0,0.0,0,0,,73,73
v2_small_world_no_evolution_s10,v2,small_world_no_evolution,10,watts_strogatz,100,4,223,6,1.3862943611158909,4,6,0.6666666666666666,54,56
v2_small_world_no_evolution_s10,v2,small_world_no_evolution,10,watts_strogatz,100,4,224,172,3.8916996958435552,71,172,0.4127906976744186,6,24
v2_small_world_no_evolution_s10,v2,small_world_no_evolution,10,watts_strogatz,100,4,225,168,3.7904903698442056,65,168,0.3869047619047619,45,56
v2_small_world_no_evolution_s10,v2,small_world_no_evolution,10,watts_strogatz,100,4,226,342,4.260233046774536,128,342,0.3742690058479532,8,56
v2_small_world_no_evolution_s10,v2,small_world_no_evolution,10,watts_strogatz,100,4,227,98,3.4040404338981123,34,98,0.3469387755102041,86,24
v2_small_world_no_evolution_s10,v2,small_world_no_evolution,10,watts_strogatz,100,4,228,99,2.940142702665839,32,99,0.32323232323232326,83,75
v2_small_world_no_evolution_s10,v2,small_world_no_evolution,10,watts_strogatz,100,4,229,16,1.791759469222055,6,16,0.375,65,56
v2_small_world_no_evolution_s10,v2,small_world_no_evolution,10,watts_strogatz,100,4,230,0,0.0,0,0,,72,72
v2_small_world_no_evolution_s10,v2,small_world_no_evolution,10,watts_strogatz,100,4,231,423,4.451457547764972,147,423,0.3475177304964539,93,72
v2_small_world_no_evolution_s10,v2,small_world_no_evolution,10,watts_strogatz,100,4,232,56,2.752191546552043,22,56,0.39285714285714285,67,72
v2_small_world_no_evolution_s10,v2,small_world_no_evolution,10,watts_strogatz,100,4,233,280,3.755568897185404,91,280,0.325,13,24
v2_small_world_no_evolution_s10,v2,small_world_no_evolution,10,watts_strogatz,100,4,234,18,1.5607104090364068,6,18,0.3333333333333333,2,24
v2_small_world_no_evolution_s10,v2,small_world_no_evolution,10,watts_strogatz,100,4,235,61,3.10797227595561,25,61,0.4098360655737705,33,24
v2_small_world_no_evolution_s10,v2,small_world_no_evolution,10,watts_strogatz,100,4,236,277,4.1579463881577965,95,277,0.34296028880866425,53,24
v2_small_world_no_evolution_s10,v2,small_world_no_evolution,10,watts_strogatz,100,4,237,10,1.6094379124291005,5,10,0.5,70,72
v2_small_world_no_evolution_s10,v2,small_world_no_evolution,10,watts_strogatz,100,4,238,77,3.0391156879971644,27,77,0.35064935064935066,99,24
v2_small_world_no_evolution_s10,v2,small_world_no_evolution,10,watts_strogatz,100,4,239,180,3.79748541029133,72,180,0.4,5,73
v2_small_world_no_evolution_s10,v2,small_world_no_evolution,10,watts_strogatz,100,4,240,237,4.053867329237344,95,237,0.4008438818565401,95,56
v2_small_world_no_evolution_s10,v2,small_world_no_evolution,10,watts_strogatz,100,4,241,218,3.817579495740507,76,218,0.3486238532110092,11,24
v2_small_world_no_evolution_s10,v2,small_world_no_evolution,10,watts_strogatz,100,4,242,262,3.988542848110689,104,262,0.3969465648854962,10,24
v2_small_world_no_evolution_s10,v2,small_world_no_evolution,10,watts_strogatz,100,4,243,79,3.3549875695958247,30,79,0.379746835443038,12,72
v2_small_world_no_evolution_s10,v2,small_world_no_evolution,10,watts_strogatz,100,4,244,81,3.193512367382888,31,81,0.38271604938271603,88,24
v2_small_world_no_evolution_s10,v2,small_world_no_evolution,10,watts_strogatz,100,4,245,13,1.039720770836918,4,13,0.3076923076923077,57,56
v2_small_world_no_evolution_s10,v2,small_world_no_evolution,10,watts_strogatz,100,4,246,98,3.328471881301735,33,98,0.336734693877551,51,24
v2_small_world_no_evolution_s10,v2,small_world_no_evolution,10,watts_strogatz,100,4,247,0,0.0,0,0,,56,56
v2_small_world_no_evolution_s10,v2,small_world_no_evolution,10,watts_strogatz,100,4,248,34,2.588573162668117,17,34,0.5,32,73
v2_small_world_no_evolution_s10,v2,small_world_no_evolution,10,watts_strogatz,100,4,249,45,2.484906649776,12,45,0.26666666666666666,10,24
v2_small_world_no_evolution_s10,v2,small_world_no_evolution,10,watts_strogatz,100,4,250,404,4.226031741033603,137,404,0.33910891089108913,92,24
v2_small_world_no_evolution_s10,v2,small_world_no_evolution,10,watts_strogatz,100,4,251,24,2.3978952727873706,11,24,0.4583333333333333,18,24
v2_small_world_no_evolution_s10,v2,small_world_no_evolution,10,watts_strogatz,100,4,252,226,3.723685244408229,65,226,0.28761061946902655,31,56
v2_small_world_no_evolution_s10,v2,small_world_no_evolution,10,watts_strogatz,100,4,253,121,3.404927888365862,38,121,0.3140495867768595,97,73
v2_small_world_no_evolution_s10,v2,small_world_no_evolution,10,watts_strogatz,100,4,254,7,1.3862943611158909,4,7,0.5714285714285714,55,56
v2_small_world_no_evolution_s10,v2,small_world_no_evolution,10,watts_strogatz,100,4,255,35,2.302585092984045,10,35,0.2857142857142857,50,56
v2_small_world_no_evolution_s10,v2,small_world_no_evolution,10,watts_strogatz,100,4,256,126,3.125743679347662,47,126,0.373015873015873,61,56
v2_small_world_no_evolution_s10,v2,small_world_no_evolution,10,watts_strogatz,100,4,257,459,4.611069391929092,182,459,0.39651416122004357,2,73
v2_small_world_no_evolution_s10,v2,small_world_no_evolution,10,watts_strogatz,100,4,258,1,-1.000088900581841e-12,1,1,1.0,26,24
v2_small_world_no_evolution_s10,v2,small_world_no_evolution,10,watts_strogatz,100,4,259,598,4.6080435889927065,208,598,0.34782608695652173,85,56
v2_small_world_no_evolution_s10,v2,small_world_no_evolution,10,watts_strogatz,100,4,260,117,3.181393203630996,44,117,0.37606837606837606,16,24
v2_small_world_no_evolution_s10,v2,small_world_no_evolution,10,watts_strogatz,100,4,261,40,1.846220219314633,11,40,0.275,61,56
v2_small_world_no_evolution_s10,v2,small_world_no_evolution,10,watts_strogatz,100,4,262,25,2.302585092984045,10,25,0.4,87,73
v2_small_world_no_evolution_s10,v2,small_world_no_evolution,10,watts_strogatz,100,4,263,100,3.1597243241388817,42,100,0.42,61,73
v2_small_world_no_evolution_s10,v2,small_world_no_evolution,10,watts_strogatz,100,4,264,183,3.490338483858816,69,183,0.3770491803278688,85,24
v2_small_world_no_evolution_s10,v2,small_world_no_evolution,10,watts_strogatz,100,4,265,314,4.186851361721858,107,314,0.34076433121019106,7,24
v2_small_world_no_evolution_s10,v2,small_world_no_evolution,10,watts_strogatz,100,4,266,25,1.791759469222055,6,25,0.24,41,73
v2_small_world_no_evolution_s10,v2,small_world_no_evolution,10,watts_strogatz,100,4,267,23,2.302585092984045,10,23,0.43478260869565216,81,73
v2_small_world_no_evolution_s10,v2,small_world_no_evolution,10,watts_strogatz,100,4,268,55,2.813355404483615,18,55,0.32727272727272727,33,24
v2_small_world_no_evolution_s10,v2,small_world_no_evolution,10,watts_strogatz,100,4,269,129,3.6979142157259046,48,129,0.37209302325581395,85,72
v2_small_world_no_evolution_s10,v2,small_world_no_evolution,10,watts_strogatz,100,4,270,103,3.188046906658464,39,103,0.3786407766990291,26,73
v2_small_world_no_evolution_s10,v2,small_world_no_evolution,10,watts_strogatz,100,4,271,137,3.738230894633928,46,137,0.3357664233576642,2,75
v2_small_world_no_evolution_s10,v2,small_world_no_evolution,10,watts_strogatz,100,4,272,0,0.0,0,0,,73,73
v2_small_world_no_evolution_s10,v2,small_world_no_evolution,10,watts_strogatz,100,4,273,38,2.813355404483615,18,38,0.47368421052631576,5,56
v2_small_world_no_evolution_s10,v2,small_world_no_evolution,10,watts_strogatz,100,4,274,43,2.670119889791816,17,43,0.3953488372093023,20,24
v2_small_world_no_evolution_s10,v2,small_world_no_evolution,10,watts_strogatz,100,4,275,186,3.872739447637908,62,186,0.3333333333333333,44,73
v2_small_world_no_evolution_s10,v2,small_world_no_evolution,10,watts_strogatz,100,4,276,92,3.4544986414005443,33,92,0.358695652173913,78,72
v2_small_world_no_evolution_s10,v2,small_world_no_evolution,10,watts_strogatz,100,4,277,64,3.0140772805493654,30,64,0.46875,91,56
v2_small_world_no_evolution_s10,v2,small_world_no_evolution,10,watts_strogatz,100,4,278,128,2.6956837208598703,31,128,0.2421875,23,24
v2_small_world_no_evolution_s10,v2,small_world_no_evolution,10,watts_strogatz,100,4,279,16,1.791759469222055,6,16,0.375,78,75
v2_small_world_no_evolution_s10,v2,small_world_no_evolution,10,watts_strogatz,100,4,280,6,0.6931471805579453,2,6,0.3333333333333333,57,56
v2_small_world_no_evolution_s10,v2,small_world_no_evolution,10,watts_strogatz,100,4,281,343,4.171224515579967,119,343,0.3469387755102041,45,56
v2_small_world_no_evolution_s10,v2,small_world_no_evolution,10,watts_strogatz,100,4,282,4,-1.000088900581841e-12,1,4,0.25,25,24
v2_small_world_no_evolution_s10,v2,small_world_no_evolution,10,watts_strogatz,100,4,283,55,2.363921103271948,17,55,0.3090909090909091,17,24
v2_small_world_no_evolution_s10,v2,small_world_no_evolution,10,watts_strogatz,100,4,284,27,2.4583113296710835,13,27,0.48148148148148145,68,56
v2_small_world_no_evolution_s10,v2,small_world_no_evolution,10,watts_strogatz,100,4,285,81,3.276097603139099,32,81,0.3950617283950617,79,56
v2_small_world_no_evolution_s10,v2,small_world_no_evolution,10,watts_strogatz,100,4,286,0,0.0,0,0,,72,72
v2_small_world_no_evolution_s10,v2,small_world_no_evolution,10,watts_strogatz,100,4,287,43,2.253857589591352,12,43,0.27906976744186046,59,56
v2_small_world_no_evolution_s10,v2,small_world_no_evolution,10,watts_strogatz,100,4,288,14,1.791759469222055,6,14,0.42857142857142855,59,56
v2_small_world_no_evolution_s10,v2,small_world_no_evolution,10,watts_strogatz,100,4,289,28,2.61563057701355,15,28,0.5357142857142857,89,56
v2_small_world_no_evolution_s10,v2,small_world_no_evolution,10,watts_strogatz,100,4,290,12,1.0986122886651095,3,12,0.25,25,24
v2_small_world_no_evolution_s10,v2,small_world_no_evolution,10,watts_strogatz,100,4,291,66,3.098139496330803,26,66,0.3939393939393939,15,56
v2_small_world_no_evolution_s10,v2,small_world_no_evolution,10,watts_strogatz,100,4,292,180,4.096111988483007,72,180,0.4,52,73
v2_small_world_no_evolution_s10,v2,small_world_no_evolution,10,watts_strogatz,100,4,293,333,3.970170525864412,118,333,0.35435435435435436,9,56
v2_small_world_no_evolution_s10,v2,small_world_no_evolution,10,watts_strogatz,100,4,294,71,3.0904599235931967,27,71,0.38028169014084506,11,24
v2_small_world_no_evolution_s10,v2,small_world_no_evolution,10,watts_strogatz,100,4,295,54,2.7804663689216818,21,54,0.3888888888888889,66,72
v2_small_world_no_evolution_s10,v2,small_world_no_evolution,10,watts_strogatz,100,4,296,68,3.1282795608038727,29,68,0.4264705882352941,22,56
v2_small_world_no_evolution_s10,v2,small_world_no_evolution,10,watts_strogatz,100,4,297,2,-1.000088900581841e-12,1,2,0.5,26,24
v2_small_world_no_evolution_s10,v2,small_world_no_evolution,10,watts_strogatz,100,4,298,26,2.1639556568730565,10,26,0.38461538461538464,97,73
v2_small_world_no_evolution_s10,v2,small_world_no_evolution,10,watts_strogatz,100,4,299,109,3.496200105218916,47,109,0.43119266055045874,78,56
v2_small_world_no_evolution_s10,v2,small_world_no_evolution,10,watts_strogatz,100,4,300,65,2.8782183066518505,22,65,0.3384615384615385,88,73
v2_small_world_no_evolution_s10,v2,small_world_no_evolution,10,watts_strogatz,100,4,301,58,3.0149468801585937,23,58,0.39655172413793105,99,56
v2_small_world_no_evolution_s10,v2,small_world_no_evolution,10,watts_strogatz,100,4,302,35,2.639057329601259,14,35,0.4,34,24
v2_small_world_no_evolution_s10,v2,small_world_no_evolution,10,watts_strogatz,100,4,303,45,2.0947290475186486,12,45,0.26666666666666666,57,56
v2_small_world_no_evolution_s10,v2,small_world_no_evolution,10,watts_strogatz,100,4,304,20,1.6094379124291005,5,20,0.25,18,24
v2_small_world_no_evolution_s10,v2,small_world_no_evolution,10,watts_strogatz,100,4,305,0,0.0,0,0,,73,73
v2_small_world_no_evolution_s10,v2,small_world_no_evolution,10,watts_strogatz,100,4,306,3,0.6931471805579453,2,3,0.6666666666666666,26,24
v2_small_world_no_evolution_s10,v2,small_world_no_evolution,10,watts_strogatz,100,4,307,328,3.872989688739581,105,328,0.3201219512195122,26,24
v2_small_world_no_evolution_s10,v2,small_world_no_evolution,10,watts_strogatz,100,4,308,69,2.775261629291836,25,69,0.36231884057971014,62,56
v2_small_world_no_evolution_s10,v2,small_world_no_evolution,10,watts_strogatz,100,4,309,18,2.197224577327219,9,18,0.5,52,75
v2_small_world_no_evolution_s10,v2,small_world_no_evolution,10,watts_strogatz,100,4,310,86,3.1282795608038727,29,86,0.3372093023255814,42,73
v2_small_world_no_evolution_s10,v2,small_world_no_evolution,10,watts_strogatz,100,4,311,340,4.37671304597135,128,340,0.3764705882352941,8,73
v2_small_world_no_evolution_s10,v2,small_world_no_evolution,10,watts_strogatz,100,4,312,180,3.641517794251208,57,180,0.31666666666666665,6,72
v2_small_world_no_evolution_s10,v2,small_world_no_evolution,10,watts_strogatz,100,4,313,458,4.670105424602018,183,458,0.39956331877729256,90,24
v2_small_world_no_evolution_s10,v2,small_world_no_evolution,10,watts_strogatz,100,4,314,401,4.413735252228293,147,401,0.36658354114713215,84,24
v2_small_world_no_evolution_s10,v2,small_world_no_evolution,10,watts_strogatz,100,4,315,75,2.941616952624223,25,75,0.3333333333333333,19,56
v2_small_world_no_evolution_s10,v2,small_world_no_evolution,10,watts_strogatz,100,4,316,69,2.4416605653174344,21,69,0.30434782608695654,19,24
v2_small_world_no_evolution_s10,v2,small_world_no_evolution,10,watts_strogatz,100,4,317,74,3.363267070336762,34,74,0.4594594594594595,19,73
v2_small_world_no_evolution_s10,v2,small_world_no_evolution,10,watts_strogatz,100,4,318,10,1.3862943611158909,4,10,0.4,34,24
v2_small_world_no_evolution_s10,v2,small_world_no_evolution,10,watts_strogatz,100,4,319,68,2.864738512170568,26,68,0.38235294117647056,28,73
v2_small_world_no_evolution_s10,v2,small_world_no_evolution,10,watts_strogatz,100,4,320,0,0.0,0,0,,72,72
v2_small_world_no_evolution_s10,v2,small_world_no_evolution,10,watts_strogatz,100,4,321,164,3.625917449064705,55,164,0.3353658536585366,94,73
v2_small_world_no_evolution_s10,v2,small_world_no_evolution,10,watts_strogatz,100,4,322,142,3.682464397598176,62,142,0.43661971830985913,23,56
v2_small_world_no_evolution_s10,v2,small_world_no_evolution,10,watts_strogatz,100,4,323,3,-1.000088900581841e-12,1,3,0.3333333333333333,23,24
v2_small_world_no_evolution_s10,v2,small_world_no_evolution,10,watts_strogatz,100,4,324,49,2.685945324654788,16,49,0.32653061224489793,79,56
v2_small_world_no_evolution_s10,v2,small_world_no_evolution,10,watts_strogatz,100,4,325,6,-1.000088900581841e-12,1,6,0.16666666666666666,22,24
v2_small_world_no_evolution_s10,v2,small_world_no_evolution,10,watts_strogatz,100,4,326,16,1.791759469222055,6,16,0.375,81,75
v2_small_world_no_evolution_s10,v2,small_world_no_evolution,10,watts_strogatz,100,4,327,93,3.170148321450507,30,93,0.3225806451612903,12,24
v2_small_world_no_evolution_s10,v2,small_world_no_evolution,10,watts_strogatz,100,4,328,207,3.79722120204213,62,207,0.2995169082125604,4,75
v2_small_world_no_evolution_s10,v2,small_world_no_evolution,10,watts_strogatz,100,4,329,399,4.596026930518301,156,399,0.39097744360902253,6,72
v2_small_world_no_evolution_s10,v2,small_world_no_evolution,10,watts_strogatz,100,4,330,324,4.501548175787914,124,324,0.38271604938271603,30,56
v2_small_world_no_evolution_s10,v2,small_world_no_evolution,10,watts_strogatz,100,4,331,150,3.720560710350592,55,150,0.36666666666666664,86,75
v2_small_world_no_evolution_s10,v2,small_world_no_evolution,10,watts_strogatz,100,4,332,101,3.455179006914453,38,101,0.37623762376237624,28,56
v2_small_world_no_evolution_s10,v2,small_world_no_evolution,10,watts_strogatz,100,4,333,2,0.6931471805579453,2,2,1.0,22,24
v2_small_world_no_evolution_s10,v2,small_world_no_evolution,10,watts_strogatz,100,4,334,28,2.1383330594990277,12,28,0.42857142857142855,80,56
v2_small_world_no_evolution_s10,v2,small_world_no_evolution,10,watts_strogatz,100,4,335,364,4.155387257305417,131,364,0.3598901098901099,48,24
v2_small_world_no_evolution_s10,v2,small_world_no_evolution,10,watts_strogatz,100,4,336,303,4.353557166684199,123,303,0.40594059405940597,89,56
v2_small_world_no_evolution_s10,v2,small_world_no_evolution,10,watts_strogatz,100,4,337,16,1.6094379124291005,5,16,0.3125,21,24
v2_small_world_no_evolution_s10,v2,small_world_no_evolution,10,watts_strogatz,100,4,338,468,4.40289302362395,163,468,0.3482905982905983,97,56
v2_small_world_no_evolution_s10,v2,small_world_no_evolution,10,watts_strogatz,100,4,339,123,3.2733427787572347,43,123,0.34959349593495936,67,56
v2_small_world_no_evolution_s10,v2,small_world_no_evolution,10,watts_strogatz,100,4,340,40,2.4762471329700326,17,40,0.425,82,75
v2_small_world_no_evolution_s10,v2,small_world_no_evolution,10,watts_strogatz,100,4,341,125,3.1277437140008653,48,125,0.384,42,73
v2_small_world_no_evolution_s10,v2,small_world_no_evolution,10,watts_strogatz,100,4,342,697,4.786840116121359,267,697,0.3830703012912482,11,73
v2_small_world_no_evolution_s10,v2,small_world_no_evolution,10,watts_strogatz,100,4,343,44,2.5232109529398907,15,44,0.3409090909090909,37,73
v2_small_world_no_evolution_s10,v2,small_world_no_evolution,10,watts_strogatz,100,4,344,237,4.185991553055754,101,237,0.42616033755274263,35,24
v2_small_world_no_evolution_s10,v2,small_world_no_evolution,10,watts_strogatz,100,4,345,38,2.670119889791816,17,38,0.4473684210526316,30,73
v2_small_world_no_evolution_s10,v2,small_world_no_evolution,10,watts_strogatz,100,4,346,55,2.857102837424001,20,55,0.36363636363636365,48,73
v2_small_world_no_evolution_s10,v2,small_world_no_evolution,10,watts_strogatz,100,4,347,54,2.273965716408247,16,54,0.2962962962962963,20,24
v2_small_world_no_evolution_s10,v2,small_world_no_evolution,10,watts_strogatz,100,4,348,83,3.14180415918923,27,83,0.3253012048192771,93,72
v2_small_world_no_evolution_s10,v2,small_world_no_evolution,10,watts_strogatz,100,4,349,24,2.1639556568730565,10,24,0.4166666666666667,47,56
v2_small_world_no_evolution_s10,v2,small_world_no_evolution,10,watts_strogatz,100,4,350,348,4.356913497085756,124,348,0.3563218390804598,90,56
v2_small_world_no_evolution_s10,v2,small_world_no_evolution,10,watts_strogatz,100,4,351,45,2.639057329601259,14,45,0.3111111111111111,87,24
v2_small_world_no_evolution_s10,v2,small_world_no_evolution,10,watts_strogatz,100,4,352,10,1.3321790402061222,5,10,0.5,69,73
v2_small_world_no_evolution_s10,v2,small_world_no_evolution,10,watts_strogatz,100,4,353,355,4.064189749227618,143,355,0.4028169014084507,96,73
v2_small_world_no_evolution_s10,v2,small_world_no_evolution,10,watts_strogatz,100,4,354,160,3.232194346011677,60,160,0.375,30,72
v2_small_world_no_evolution_s10,v2,small_world_no_evolution,10,watts_strogatz,100,4,355,84,2.9530375303116294,31,84,0.36904761904761907,36,24
v2_small_world_no_evolution_s10,v2,small_world_no_evolution,10,watts_strogatz,100,4,356,313,4.068532676490849,107,313,0.34185303514376997,9,56
v2_small_world_no_evolution_s10,v2,small_world_no_evolution,10,watts_strogatz,100,4,357,8,1.039720770836918,4,8,0.5,78,56
v2_small_world_no_evolution_s10,v2,small_world_no_evolution,10,watts_strogatz,100,4,358,70,2.8305475929643227,28,70,0.4,50,56
v2_small_world_no_evolution_s10,v2,small_world_no_evolution,10,watts_strogatz,100,4,359,25,1.3862943611158909,4,25,0.16,66,72
v2_small_world_no_evolution_s10,v2,small_world_no_evolution,10,watts_strogatz,100,4,360,0,0.0,0,0,,24,24
v2_small_world_no_evolution_s10,v2,small_world_no_evolution,10,watts_strogatz,100,4,361,0,0.0,0,0,,72,72
v2_small_world_no_evolution_s10,v2,small_world_no_evolution,10,watts_strogatz,100,4,362,112,3.4266375167079244,43,112,0.38392857142857145,89,72
v2_small_world_no_evolution_s10,v2,small_world_no_evolution,10,watts_strogatz,100,4,363,299,4.161192307592152,113,299,0.3779264214046823,85,73
v2_small_world_no_evolution_s10,v2,small_world_no_evolution,10,watts_strogatz,100,4,364,80,3.110236521363716,29,80,0.3625,84,73
v2_small_world_no_evolution_s10,v2,small_world_no_evolution,10,watts_strogatz,100,4,365,4,0.6931471805579453,2,4,0.5,71,72
v2_small_world_no_evolution_s10,v2,small_world_no_evolution,10,watts_strogatz,100,4,366,3,1.0986122886651095,3,3,1.0,36,24
v2_small_world_no_evolution_s10,v2,small_world_no_evolution,10,watts_strogatz,100,4,367,91,3.0594891092191165,32,91,0.3516483516483517,67,56
v2_small_world_no_evolution_s10,v2,small_world_no_evolution,10,watts_strogatz,100,4,368,102,3.370433343778708,44,102,0.43137254901960786,6,73
v2_small_world_no_evolution_s10,v2,small_world_no_evolution,10,watts_strogatz,100,4,369,86,2.936427216805098,27,86,0.313953488372093,20,56
v2_small_world_no_evolution_s10,v2,small_world_no_evolution,10,watts_strogatz,100,4,370,306,4.353279007430581,117,306,0.38235294117647056,81,24
v2_small_world_no_evolution_s10,v2,small_world_no_evolution,10,watts_strogatz,100,4,371,0,0.0,0,0,,56,56
v2_small_world_no_evolution_s10,v2,small_world_no_evolution,10,watts_strogatz,100,4,372,201,3.946786016322239,68,201,0.3383084577114428,36,56
v2_small_world_no_evolution_s10,v2,small_world_no_evolution,10,watts_strogatz,100,4,373,6,1.0986122886651095,3,6,0.5,54,56
v2_small_world_no_evolution_s10,v2,small_world_no_evolution,10,watts_strogatz,100,4,374,7,0.6931471805579453,2,7,0.2857142857142857,78,56
v2_small_world_no_evolution_s10,v2,small_world_no_evolution,10,watts_strogatz,100,4,375,65,2.865703420327897,27,65,0.4153846153846154,84,75
v2_small_world_no_evolution_s10,v2,small_world_no_evolution,10,watts_strogatz,100,4,376,132,3.515898097432151,46,132,0.3484848484848485,11,56
v2_small_world_no_evolution_s10,v2,small_world_no_evolution,10,watts_strogatz,100,4,377,275,4.060263625083053,108,275,0.3927272727272727,6,73
v2_small_world_no_evolution_s10,v2,small_world_no_evolution,10,watts_strogatz,100,4,378,191,3.881449278755636,80,191,0.418848167539267,12,24
v2_small_world_no_evolution_s10,v2,small_world_no_evolution,10,watts_strogatz,100,4,379,43,2.20478541690352,13,43,0.3023255813953488,60,56
v2_small_world_no_evolution_s10,v2,small_world_no_evolution,10,watts_strogatz,100,4,380,87,3.299829685639092,31,87,0.3563218390804598,83,73
v2_small_world_no_evolution_s10,v2,small_world_no_evolution,10,watts_strogatz,100,4,381,55,2.9785084205072385,21,55,0.38181818181818183,27,72
v2_small_world_no_evolution_s10,v2,small_world_no_evolution,10,watts_strogatz,100,4,382,5,1.0986122886651095,3,5,0.6,53,56
v2_small_world_no_evolution_s10,v2,small_world_no_evolution,10,watts_strogatz,100,4,383,225,4.006871492509342,76,225,0.3377777777777778,86,24
v2_small_world_no_evolution_s10,v2,small_world_no_evolution,10,watts_strogatz,100,4,384,0,0.0,0,0,,24,24
v2_small_world_no_evolution_s10,v2,small_world_no_evolution,10,watts_strogatz,100,4,385,18,2.079441541671836,8,18,0.4444444444444444,25,24
v2_small_world_no_evolution_s10,v2,small_world_no_evolution,10,watts_strogatz,100,4,386,154,3.513832229540034,51,154,0.33116883116883117,43,24
v2_small_world_no_evolution_s10,v2,small_world_no_evolution,10,watts_strogatz,100,4,387,19,1.9459101490483133,7,19,0.3684210526315789,49,56
v2_small_world_no_evolution_s10,v2,small_world_no_evolution,10,watts_strogatz,100,4,388,30,2.639057329601259,14,30,0.4666666666666667,76,75
v2_small_world_no_evolution_s10,v2,small_world_no_evolution,10,watts_strogatz,100,4,389,229,3.965956583967095,92,229,0.4017467248908297,92,24
v2_small_world_no_evolution_s10,v2,small_world_no_evolution,10,watts_strogatz,100,4,390,199,3.990183930098584,74,199,0.37185929648241206,91,24
v2_small_world_no_evolution_s10,v2,small_world_no_evolution,10,watts_strogatz,100,4,391,2,-1.000088900581841e-12,1,2,0.5,22,24
v2_small_world_no_evolution_s10,v2,small_world_no_evolution,10,watts_strogatz,100,4,392,135,3.5714886826414856,48,135,0.35555555555555557,89,56
v2_small_world_no_evolution_s10,v2,small_world_no_evolution,10,watts_strogatz,100,4,393,75,3.275453524845912,36,75,0.48,78,24
v2_small_world_no_evolution_s10,v2,small_world_no_evolution,10,watts_strogatz,100,4,394,209,3.7615251512368575,72,209,0.3444976076555024,84,56
v2_small_world_no_evolution_s10,v2,small_world_no_evolution,10,watts_strogatz,100,4,395,109,3.184526848300493,43,109,0.3944954128440367,60,56
v2_small_world_no_evolution_s10,v2,small_world_no_evolution,10,watts_strogatz,100,4,396,1,-1.000088900581841e-12,1,1,1.0,40,73
v2_small_world_no_evolution_s10,v2,small_world_no_evolution,10,watts_strogatz,100,4,397,31,2.197224577327219,9,31,0.2903225806451613,4,56
v2_small_world_no_evolution_s10,v2,small_world_no_evolution,10,watts_strogatz,100,4,398,24,2.302585092984045,10,24,0.4166666666666667,40,73
v2_small_world_no_evolution_s10,v2,small_world_no_evolution,10,watts_strogatz,100,4,399,102,3.2994270308825606,36,102,0.35294117647058826,99,24
v2_small_world_no_evolution_s10,v2,small_world_no_evolution,10,watts_strogatz,100,4,400,86,3.461048251949615,37,86,0.43023255813953487,46,24
v2_small_world_no_evolution_s10,v2,small_world_no_evolution,10,watts_strogatz,100,4,401,138,3.5699328263158234,49,138,0.35507246376811596,15,24
v2_small_world_no_evolution_s10,v2,small_world_no_evolution,10,watts_strogatz,100,4,402,139,3.425356256910581,45,139,0.3237410071942446,53,24
v2_small_world_no_evolution_s10,v2,small_world_no_evolution,10,watts_strogatz,100,4,403,28,2.0431918705371204,9,28,0.32142857142857145,20,24
v2_small_world_no_evolution_s10,v2,small_world_no_evolution,10,watts_strogatz,100,4,404,40,2.083766037476648,15,40,0.375,63,56
v2_small_world_no_evolution_s10,v2,small_world_no_evolution,10,watts_strogatz,100,4,405,13,2.079441541671836,8,13,0.6153846153846154,76,72
v2_small_world_no_evolution_s10,v2,small_world_no_evolution,10,watts_strogatz,100,4,406,511,4.293012054201432,186,511,0.3639921722113503,44,56
v2_small_world_no_evolution_s10,v2,small_world_no_evolution,10,watts_strogatz,100,4,407,38,2.341994252221425,14,38,0.3684210526315789,67,56
v2_small_world_no_evolution_s10,v2,small_world_no_evolution,10,watts_strogatz,100,4,408,296,4.290597208676245,109,296,0.36824324324324326,1,56
v2_small_world_no_evolution_s10,v2,small_world_no_evolution,10,watts_strogatz,100,4,409,116,3.3861134216208097,37,116,0.31896551724137934,49,75
v2_small_world_no_evolution_s10,v2,small_world_no_evolution,10,watts_strogatz,100,4,410,34,2.2718685126865625,11,34,0.3235294117647059,78,75
v2_small_world_no_evolution_s10,v2,small_world_no_evolution,10,watts_strogatz,100,4,411,169,3.8111413023210554,62,169,0.3668639053254438,45,24
v2_small_world_no_evolution_s10,v2,small_world_no_evolution,10,watts_strogatz,100,4,412,70,2.829841239675924,31,70,0.44285714285714284,64,73
v2_small_world_no_evolution_s10,v2,small_world_no_evolution,10,watts_strogatz,100,4,413,11,1.3862943611158909,4,11,0.36363636363636365,52,56
v2_small_world_no_evolution_s10,v2,small_world_no_evolution,10,watts_strogatz,100,4,414,327,4.505552402131686,116,327,0.3547400611620795,2,24
v2_small_world_no_evolution_s10,v2,small_world_no_evolution,10,watts_strogatz,100,4,415,111,3.337935207579336,36,111,0.32432432432432434,47,73
v2_small_world_no_evolution_s10,v2,small_world_no_evolution,10,watts_strogatz,100,4,416,21,1.3862943611158909,4,21,0.19047619047619047,0,24
v2_small_world_no_evolution_s10,v2,small_world_no_evolution,10,watts_strogatz,100,4,417,154,3.632338002255338,57,154,0.37012987012987014,13,24
v2_small_world_no_evolution_s10,v2,small_world_no_evolution,10,watts_strogatz,100,4,418,42,2.523210952939891,15,42,0.35714285714285715,35,73
v2_small_world_no_evolution_s10,v2,small_world_no_evolution,10,watts_strogatz,100,4,419,200,3.8580179019442298,67,200,0.335,45,24
v2_small_world_no_evolution_s10,v2,small_world_no_evolution,10,watts_strogatz,100,4,420,20,2.197224577327219,9,20,0.45,43,73
v2_small_world_no_evolution_s10,v2,small_world_no_evolution,10,watts_strogatz,100,4,421,31,1.4941751382843085,8,31,0.25806451612903225,80,75
v2_small_world_no_evolution_s10,v2,small_world_no_evolution,10,watts_strogatz,100,4,422,276,4.024094999676313,108,276,0.391304347826087,92,56
v2_small_world_no_evolution_s10,v2,small_world_no_evolution,10,watts_strogatz,100,4,423,127,3.4879696361838373,52,127,0.4094488188976378,92,24
v2_small_world_no_evolution_s10,v2,small_world_no_evolution,10,watts_strogatz,100,4,424,6,-1.000088900581841e-12,1,6,0.16666666666666666,22,24
v2_small_world_no_evolution_s10,v2,small_world_no_evolution,10,watts_strogatz,100,4,425,31,2.1639556568730565,10,31,0.3225806451612903,93,56
v2_small_world_no_evolution_s10,v2,small_world_no_evolution,10,watts_strogatz,100,4,426,200,3.404002221283681,70,200,0.35,0,24
v2_small_world_no_evolution_s10,v2,small_world_no_evolution,10,watts_strogatz,100,4,427,52,2.9650156932365066,22,52,0.4230769230769231,18,24
v2_small_world_no_evolution_s10,v2,small_world_no_evolution,10,watts_strogatz,100,4,428,79,2.838988933136699,22,79,0.27848101265822783,27,24
v2_small_world_no_evolution_s10,v2,small_world_no_evolution,10,watts_strogatz,100,4,429,61,2.814359184731864,27,61,0.4426229508196721,19,24
v2_small_world_no_evolution_s10,v2,small_world_no_evolution,10,watts_strogatz,100,4,430,140,3.5106997211395683,41,140,0.29285714285714287,66,73
v2_small_world_no_evolution_s10,v2,small_world_no_evolution,10,watts_strogatz,100,4,431,198,3.522542698692901,64,198,0.32323232323232326,59,56
v2_small_world_no_evolution_s10,v2,small_world_no_evolution,10,watts_strogatz,100,4,432,22,1.6094379124291005,5,22,0.22727272727272727,35,24
v2_small_world_no_evolution_s10,v2,small_world_no_evolution,10,watts_strogatz,100,4,433,28,2.4583113296710835,13,28,0.4642857142857143,31,24
v2_small_world_no_evolution_s10,v2,small_world_no_evolution,10,watts_strogatz,100,4,434,68,2.516410300139941,21,68,0.3088235294117647,32,73
v2_small_world_no_evolution_s10,v2,small_world_no_evolution,10,watts_strogatz,100,4,435,6,1.0986122886651095,3,6,0.5,68,72
v2_small_world_no_evolution_s10,v2,small_world_no_evolution,10,watts_strogatz,100,4,436,0,0.0,0,0,,24,24
v2_small_world_no_evolution_s10,v2,small_world_no_evolution,10,watts_strogatz,100,4,437,79,3.308777757559495,30,79,0.379746835443038,99,72
v2_small_world_no_evolution_s10,v2,small_world_no_evolution,10,watts_strogatz,100,4,438,81,3.059489109218116,32,81,0.3950617283950617,35,73
v2_small_world_no_evolution_s10,v2,small_world_no_evolution,10,watts_strogatz,100,4,439,64,2.374111266250618,22,64,0.34375,49,56
v2_small_world_no_evolution_s10,v2,small_world_no_evolution,10,watts_strogatz,100,4,440,367,4.280618102435224,141,367,0.38419618528610355,1,73
v2_small_world_no_evolution_s10,v2,small_world_no_evolution,10,watts_strogatz,100,4,441,57,2.3066687253935307,16,57,0.2807017543859649,38,73
v2_small_world_no_evolution_s10,v2,small_world_no_evolution,10,watts_strogatz,100,4,442,21,2.3978952727873706,11,21,0.5238095238095238,27,24
v2_small_world_no_evolution_s10,v2,small_world_no_evolution,10,watts_strogatz,100,4,443,397,4.3773340575984765,143,397,0.3602015113350126,89,72
v2_small_world_no_evolution_s10,v2,small_world_no_evolution,10,watts_strogatz,100,4,444,33,2.1639556568730565,10,33,0.30303030303030304,81,75
v2_small_world_no_evolution_s10,v2,small_world_no_evolution,10,watts_strogatz,100,4,445,6,0.6931471805579453,2,6,0.3333333333333333,20,24
v2_small_world_no_evolution_s10,v2,small_world_no_evolution,10,watts_strogatz,100,4,446,243,4.111497083570587,101,243,0.4156378600823045,98,56
v2_small_world_no_evolution_s10,v2,small_world_no_evolution,10,watts_strogatz,100,4,447,186,3.8181660816016008,74,186,0.3978494623655914,13,24
v2_small_world_no_evolution_s10,v2,small_world_no_evolution,10,watts_strogatz,100,4,448,264,3.657746420806316,113,264,0.42803030303030304,17,24
v2_small_world_no_evolution_s10,v2,small_world_no_evolution,10,watts_strogatz,100,4,449,14,1.791759469222055,6,14,0.42857142857142855,20,24
v2_small_world_no_evolution_s10,v2,small_world_no_evolution,10,watts_strogatz,100,4,450,26,2.441015278014703,14,26,0.5384615384615384,59,56
v2_small_world_no_evolution_s10,v2,small_world_no_evolution,10,watts_strogatz,100,4,451,65,2.630554953620816,23,65,0.35384615384615387,61,56
v2_small_world_no_evolution_s10,v2,small_world_no_evolution,10,watts_strogatz,100,4,452,24,1.9459101490483133,7,24,0.2916666666666667,53,56
v2_small_world_no_evolution_s10,v2,small_world_no_evolution,10,watts_strogatz,100,4,453,187,3.8552476753359928,72,187,0.3850267379679144,50,75
v2_small_world_no_evolution_s10,v2,small_world_no_evolution,10,watts_strogatz,100,4,454,71,3.1836729714587872,28,71,0.39436619718309857,3,24
v2_small_world_no_evolution_s10,v2,small_world_no_evolution,10,watts_strogatz,100,4,455,326,4.290069468546393,130,326,0.3987730061349693,20,56
v2_small_world_no_evolution_s10,v2,small_world_no_evolution,10,watts_strogatz,100,4,456,148,3.639195445936788,61,148,0.41216216216216217,16,24
v2_small_world_no_evolution_s10,v2,small_world_no_evolution,10,watts_strogatz,100,4,457,301,4.430577315863399,114,301,0.3787375415282392,94,24
v2_small_world_no_evolution_s10,v2,small_world_no_evolution,10,watts_strogatz,100,4,458,0,0.0,0,0,,24,24
v2_small_world_no_evolution_s10,v2,small_world_no_evolution,10,watts_strogatz,100,4,459,10,1.9459101490483133,7,10,0.7,57,56
v2_small_world_no_evolution_s10,v2,small_world_no_evolution,10,watts_strogatz,100,4,460,124,3.605641583852999,42,124,0.3387096774193548,32,24
v2_small_world_no_evolution_s10,v2,small_world_no_evolution,10,watts_strogatz,100,4,461,258,3.956175512001126,99,258,0.38372093023255816,38,24
v2_small_world_no_evolution_s10,v2,small_world_no_evolution,10,watts_strogatz,100,4,462,41,2.670119889791816,17,41,0.4146341463414634,66,72
v2_small_world_no_evolution_s10,v2,small_world_no_evolution,10,watts_strogatz,100,4,463,10,1.054920167983144,5,10,0.5,70,72
v2_small_world_no_evolution_s10,v2,small_world_no_evolution,10,watts_strogatz,100,4,464,156,3.4330835440054743,66,156,0.4230769230769231,70,72
v2_small_world_no_evolution_s10,v2,small_world_no_evolution,10,watts_strogatz,100,4,465,258,4.0571204074747,98,258,0.3798449612403101,41,24
v2_small_world_no_evolution_s10,v2,small_world_no_evolution,10,watts_strogatz,100,4,466,411,4.333520717877364,137,411,0.3333333333333333,84,24
v2_small_world_no_evolution_s10,v2,small_world_no_evolution,10,watts_strogatz,100,4,467,20,1.9459101490483133,7,20,0.35,67,72
v2_small_world_no_evolution_s10,v2,small_world_no_evolution,10,watts_strogatz,100,4,468,233,3.988693941903116,86,233,0.36909871244635195,94,24
v2_small_world_no_evolution_s10,v2,small_world_no_evolution,10,watts_strogatz,100,4,469,66,3.3322045101472035,28,66,0.42424242424242425,6,24
v2_small_world_no_evolution_s10,v2,small_world_no_evolution,10,watts_strogatz,100,4,470,176,3.8502082281577,67,176,0.3806818181818182,23,24
v2_small_world_no_evolution_s10,v2,small_world_no_evolution,10,watts_strogatz,100,4,471,507,4.679686926916447,185,507,0.36489151873767256,46,24
v2_small_world_no_evolution_s10,v2,small_world_no_evolution,10,watts_strogatz,100,4,472,99,3.0923514767385605,36,99,0.36363636363636365,78,72
v2_small_world_no_evolution_s10,v2,small_world_no_evolution,10,watts_strogatz,100,4,473,322,4.268033388867618,124,322,0.38509316770186336,89,73
v2_small_world_no_evolution_s10,v2,small_world_no_evolution,10,watts_strogatz,100,4,474,112,3.3291272259390063,42,112,0.375,95,56
v2_small_world_no_evolution_s10,v2,small_world_no_evolution,10,watts_strogatz,100,4,475,17,1.3862943611158909,4,17,0.23529411764705882,67,73
v2_small_world_no_evolution_s10,v2,small_world_no_evolution,10,watts_strogatz,100,4,476,83,3.160436201169992,33,83,0.39759036144578314,45,75
v2_small_world_no_evolution_s10,v2,small_world_no_evolution,10,watts_strogatz,100,4,477,176,3.744062542915029,62,176,0.3522727272727273,84,56
v2_small_world_no_evolution_s10,v2,small_world_no_evolution,10,watts_strogatz,100,4,478,115,3.312327174519706,46,115,0.4,60,56
v2_small_world_no_evolution_s10,v2,small_world_no_evolution,10,watts_strogatz,100,4,479,245,3.8176756619952266,94,245,0.3836734693877551,78,75
v2_small_world_no_evolution_s10,v2,small_world_no_evolution,10,watts_strogatz,100,4,480,51,2.7184734013140126,20,51,0.39215686274509803,66,75
v2_small_world_no_evolution_s10,v2,small_world_no_evolution,10,watts_strogatz,100,4,481,97,3.1082488105009443,38,97,0.3917525773195876,46,24
v2_small_world_no_evolution_s10,v2,small_world_no_evolution,10,watts_strogatz,100,4,482,6,-1.000088900581841e-12,1,6,0.16666666666666666,76,75
v2_small_world_no_evolution_s10,v2,small_world_no_evolution,10,watts_strogatz,100,4,483,10,1.3862943611158909,4,10,0.4,13,24
v2_small_world_no_evolution_s10,v2,small_world_no_evolution,10,watts_strogatz,100,4,484,101,3.2163581334868363,30,101,0.297029702970297,0,75
v2_small_world_no_evolution_s10,v2,small_world_no_evolution,10,watts_strogatz,100,4,485,318,3.999878941413705,125,318,0.39308176100628933,20,24
v2_small_world_no_evolution_s10,v2,small_world_no_evolution,10,watts_strogatz,100,4,486,1,-1.000088900581841e-12,1,1,1.0,74,75
v2_small_world_no_evolution_s10,v2,small_world_no_evolution,10,watts_strogatz,100,4,487,331,4.253531624758276,118,331,0.3564954682779456,84,73
v2_small_world_no_evolution_s10,v2,small_world_no_evolution,10,watts_strogatz,100,4,488,204,4.128319286789507,89,204,0.4362745098039216,93,24
v2_small_world_no_evolution_s10,v2,small_world_no_evolution,10,watts_strogatz,100,4,489,96,2.9977665653586163,28,96,0.2916666666666667,61,75
v2_small_world_no_evolution_s10,v2,small_world_no_evolution,10,watts_strogatz,100,4,490,242,4.131709170614734,92,242,0.38016528925619836,10,72
v2_small_world_no_evolution_s10,v2,small_world_no_evolution,10,watts_strogatz,100,4,491,189,3.5863939061904624,77,189,0.4074074074074074,89,56
v2_small_world_no_evolution_s10,v2,small_world_no_evolution,10,watts_strogatz,100,4,492,258,3.804047519408506,91,258,0.35271317829457366,84,75
v2_small_world_no_evolution_s10,v2,small_world_no_evolution,10,watts_strogatz,100,4,493,7,1.0986122886651095,3,7,0.42857142857142855,61,56
v2_small_world_no_evolution_s10,v2,small_world_no_evolution,10,watts_strogatz,100,4,494,282,4.014325102348638,105,282,0.3723404255319149,22,72
v2_small_world_no_evolution_s10,v2,small_world_no_evolution,10,watts_strogatz,100,4,495,7,1.0986122886651095,3,7,0.42857142857142855,27,24
v2_small_world_no_evolution_s10,v2,small_world_no_evolution,10,watts_strogatz,100,4,496,1,-1.000088900581841e-12,1,1,1.0,74,72
v2_small_world_no_evolution_s10,v2,small_world_no_evolution,10,watts_strogatz,100,4,497,90,3.328471881301735,33,90,0.36666666666666664,92,73
v2_small_world_no_evolution_s10,v2,small_world_no_evolution,10,watts_strogatz,100,4,498,0,0.0,0,0,,75,75
v2_small_world_no_evolution_s10,v2,small_world_no_evolution,10,watts_strogatz,100,4,499,483,4.149261723759463,175,483,0.36231884057971014,3,56
v2_small_world_no_evolution_s10,v2,small_world_no_evolution,10,watts_strogatz,100,4,500,2,-1.000088900581841e-12,1,2,0.5,57,56
v2_small_world_no_evolution_s10,v2,small_world_no_evolution,10,watts_strogatz,100,4,501,20,1.791759469222055,6,20,0.3,0,24
v2_small_world_no_evolution_s10,v2,small_world_no_evolution,10,watts_strogatz,100,4,502,388,4.321064835404754,142,388,0.36597938144329895,5,56
v2_small_world_no_evolution_s10,v2,small_world_no_evolution,10,watts_strogatz,100,4,503,199,3.69182384640569,63,199,0.3165829145728643,20,24
v2_small_world_no_evolution_s10,v2,small_world_no_evolution,10,watts_strogatz,100,4,504,59,3.0752205480323718,23,59,0.3898305084745763,16,56
v2_small_world_no_evolution_s10,v2,small_world_no_evolution,10,watts_strogatz,100,4,505,15,-1.000088900581841e-12,1,15,0.06666666666666667,54,56
v2_small_world_no_evolution_s10,v2,small_world_no_evolution,10,watts_strogatz,100,4,506,14,2.0431918705371204,9,14,0.6428571428571429,17,24
v2_small_world_no_evolution_s10,v2,small_world_no_evolution,10,watts_strogatz,100,4,507,341,4.217700230248395,118,341,0.3460410557184751,9,56
v2_small_world_no_evolution_s10,v2,small_world_no_evolution,10,watts_strogatz,100,4,508,56,2.947004770141297,24,56,0.42857142857142855,90,24
v2_small_world_no_evolution_s10,v2,small_world_no_evolution,10,watts_strogatz,100,4,509,80,3.3445488585774434,31,80,0.3875,88,24
v2_small_world_no_evolution_s10,v2,small_world_no_evolution,10,watts_strogatz,100,4,510,224,3.639098285145746,71,224,0.3169642857142857,68,75
v2_small_world_no_evolution_s10,v2,small_world_no_evolution,10,watts_strogatz,100,4,511,247,4.1266178328355805,85,247,0.3441295546558704,4,24
v2_small_world_no_evolution_s10,v2,small_world_no_evolution,10,watts_strogatz,100,4,512,223,3.8836329710067687,77,223,0.3452914798206278,32,24
v2_small_world_no_evolution_s10,v2,small_world_no_evolution,10,watts_strogatz,100,4,513,199,3.9998415467435695,72,199,0.36180904522613067,82,72
v2_small_world_no_evolution_s10,v2,small_world_no_evolution,10,watts_strogatz,100,4,514,554,4.65324685563002,188,554,0.33935018050541516,82,24
v2_small_world_no_evolution_s10,v2,small_world_no_evolution,10,watts_strogatz,100,4,515,170,3.9506776796065255,66,170,0.38823529411764707,48,24
v2_small_world_no_evolution_s10,v2,small_world_no_evolution,10,watts_strogatz,100,4,516,150,3.567137463658713,56,150,0.37333333333333335,17,24
v2_small_world_no_evolution_s10,v2,small_world_no_evolution,10,watts_strogatz,100,4,517,0,0.0,0,0,,73,73
v2_small_world_no_evolution_s10,v2,small_world_no_evolution,10,watts_strogatz,100,4,518,205,4.06695264827788,77,205,0.375609756097561,96,24
v2_small_world_no_evolution_s10,v2,small_world_no_evolution,10,watts_strogatz,100,4,519,105,3.1364696481645016,45,105,0.42857142857142855,82,75
v2_small_world_no_evolution_s10,v2,small_world_no_evolution,10,watts_strogatz,100,4,520,236,3.3447685523794166,87,236,0.3686440677966102,65,72
v2_small_world_no_evolution_s10,v2,small_world_no_evolution,10,watts_strogatz,100,4,521,144,3.542382207210144,56,144,0.3888888888888889,29,72
v2_small_world_no_evolution_s10,v2,small_world_no_evolution,10,watts_strogatz,100,4,522,36,2.7080502010872096,15,36,0.4166666666666667,51,24
v2_small_world_no_evolution_s10,v2,small_world_no_evolution,10,watts_strogatz,100,4,523,66,2.778225413000443,26,66,0.3939393939393939,67,56
v2_small_world_no_evolution_s10,v2,small_world_no_evolution,10,watts_strogatz,100,4,524,340,4.219009221920475,129,340,0.37941176470588234,92,56
v2_small_world_no_evolution_s10,v2,small_world_no_evolution,10,watts_strogatz,100,4,525,13,1.6094379124291005,5,13,0.38461538461538464,76,56
v2_small_world_no_evolution_s10,v2,small_world_no_evolution,10,watts_strogatz,100,4,526,124,3.6121358939014394,41,124,0.33064516129032256,13,24
v2_small_world_no_evolution_s10,v2,small_world_no_evolution,10,watts_strogatz,100,4,527,352,4.344638038442836,118,352,0.3352272727272727,90,24
v2_small_world_no_evolution_s10,v2,small_world_no_evolution,10,watts_strogatz,100,4,528,180,3.896753912969731,79,180,0.4388888888888889,99,24
v2_small_world_no_evolution_s10,v2,small_world_no_evolution,10,watts_strogatz,100,4,529,494,4.395991777808129,188,494,0.3805668016194332,94,73
v2_small_world_no_evolution_s10,v2,small_world_no_evolution,10,watts_strogatz,100,4,530,31,2.197224577327219,9,31,0.2903225806451613,63,56
v2_small_world_no_evolution_s10,v2,small_world_no_evolution,10,watts_strogatz,100,4,531,367,3.8798238934407534,142,367,0.3869209809264305,91,73
v2_small_world_no_evolution_s10,v2,small_world_no_evolution,10,watts_strogatz,100,4,532,193,3.776932993938148,69,193,0.35751295336787564,18,24
v2_small_world_no_evolution_s10,v2,small_world_no_evolution,10,watts_strogatz,100,4,533,19,1.791759469222055,6,19,0.3157894736842105,79,72
v2_small_world_no_evolution_s10,v2,small_world_no_evolution,10,watts_strogatz,100,4,534,1218,4.933420628166232,432,1218,0.35467980295566504,96,72
v2_small_world_no_evolution_s10,v2,small_world_no_evolution,10,watts_strogatz,100,4,535,320,4.076326538332253,113,320,0.353125,40,56
v2_small_world_no_evolution_s10,v2,small_world_no_evolution,10,watts_strogatz,100,4,536,13,1.791759469222055,6,13,0.46153846153846156,80,72
v2_small_world_no_evolution_s10,v2,small_world_no_evolution,10,watts_strogatz,100,4,537,136,3.610512234604807,53,136,0.3897058823529412,51,24
v2_small_world_no_evolution_s10,v2,small_world_no_evolution,10,watts_strogatz,100,4,538,19,1.9459101490483133,7,19,0.3684210526315789,5,24
v2_small_world_no_evolution_s10,v2,small_world_no_evolution,10,watts_strogatz,100,4,539,55,2.954673212284816,23,55,0.41818181818181815,5,24
v2_small_world_no_evolution_s10,v2,small_world_no_evolution,10,watts_strogatz,100,4,540,139,3.416238081011719,53,139,0.381294964028777,95,24
v2_small_world_no_evolution_s10,v2,small_world_no_evolution,10,watts_strogatz,100,4,541,225,4.041381662577456,87,225,0.38666666666666666,99,24
v2_small_world_no_evolution_s10,v2,small_world_no_evolution,10,watts_strogatz,100,4,542,228,4.041298668805568,92,228,0.40350877192982454,2,56
v2_small_world_no_evolution_s10,v2,small_world_no_evolution,10,watts_strogatz,100,4,543,1,-1.000088900581841e-12,1,1,1.0,55,56
v2_small_world_no_evolution_s10,v2,small_world_no_evolution,10,watts_strogatz,100,4,544,989,4.484431253819965,359,989,0.36299292214357937,12,24
v2_small_world_no_evolution_s10,v2,small_world_no_evolution,10,watts_strogatz,100,4,545,218,3.5400373867684016,82,218,0.3761467889908257,36,73
v2_small_world_no_evolution_s10,v2,small_world_no_evolution,10,watts_strogatz,100,4,546,101,3.1390842783300936,39,101,0.38613861386138615,66,56
v2_small_world_no_evolution_s10,v2,small_world_no_evolution,10,watts_strogatz,100,4,547,399,4.313854193415445,145,399,0.3634085213032581,87,75
v2_small_world_no_evolution_s10,v2,small_world_no_evolution,10,watts_strogatz,100,4,548,22,1.6094379124291005,5,22,0.22727272727272727,36,24
v2_small_world_no_evolution_s10,v2,small_world_no_evolution,10,watts_strogatz,100,4,549,0,0.0,0,0,,72,72
v2_small_world_no_evolution_s10,v2,small_world_no_evolution,10,watts_strogatz,100,4,550,8,-1.000088900581841e-12,1,8,0.125,71,72
v2_small_world_no_evolution_s10,v2,small_world_no_evolution,10,watts_strogatz,100,4,551,120,3.6003698151638166,48,120,0.4,86,72
v2_small_world_no_evolution_s10,v2,small_world_no_evolution,10,watts_strogatz,100,4,552,85,3.152706716658355,30,85,0.35294117647058826,91,24
v2_small_world_no_evolution_s10,v2,small_world_no_evolution,10,watts_strogatz,100,4,553,563,4.292690524859751,210,563,0.37300177619893427,84,24
v2_small_world_no_evolution_s10,v2,small_world_no_evolution,10,watts_strogatz,100,4,554,16,2.0431918705371204,9,16,0.5625,67,72
v2_small_world_no_evolution_s10,v2,small_world_no_evolution,10,watts_strogatz,100,4,555,11,1.3862943611158909,4,11,0.36363636363636365,26,72
v2_small_world_no_evolution_s10,v2,small_world_no_evolution,10,watts_strogatz,100,4,556,3,0.6931471805579453,2,3,0.6666666666666666,79,75
v2_small_world_no_evolution_s10,v2,small_world_no_evolution,10,watts_strogatz,100,4,557,125,3.1388930855426507,46,125,0.368,13,24
v2_small_world_no_evolution_s10,v2,small_world_no_evolution,10,watts_strogatz,100,4,558,26,1.6094379124291005,5,26,0.19230769230769232,31,24
v2_small_world_no_evolution_s10,v2,small_world_no_evolution,10,watts_strogatz,100,4,559,101,3.135788186487552,38,101,0.37623762376237624,89,73
v2_small_world_no_evolution_s10,v2,small_world_no_evolution,10,watts_strogatz,100,4,560,173,3.8456553795256863,66,173,0.3815028901734104,8,24
v2_small_world_no_evolution_s10,v2,small_world_no_evolution,10,watts_strogatz,100,4,561,8,0.6931471805579453,2,8,0.25,55,56
v2_small_world_no_evolution_s10,v2,small_world_no_evolution,10,watts_strogatz,100,4,562,42,1.9722469794154416,11,42,0.2619047619047619,74,75
v2_small_world_no_evolution_s10,v2,small_world_no_evolution,10,watts_strogatz,100,4,563,18,2.0253262207620675,10,18,0.5555555555555556,41,73
v2_small_world_no_evolution_s10,v2,small_world_no_evolution,10,watts_strogatz,100,4,564,113,3.34048770113894,45,113,0.39823008849557523,88,56
v2_small_world_no_evolution_s10,v2,small_world_no_evolution,10,watts_strogatz,100,4,565,51,2.8903717578781647,18,51,0.35294117647058826,22,56
v2_small_world_no_evolution_s10,v2,small_world_no_evolution,10,watts_strogatz,100,4,566,151,3.548575759223393,49,151,0.32450331125827814,34,24
v2_small_world_no_evolution_s10,v2,small_world_no_evolution,10,watts_strogatz,100,4,567,12,1.3862943611158909,4,12,0.3333333333333333,58,56
v2_small_world_no_evolution_s10,v2,small_world_no_evolution,10,watts_strogatz,100,4,568,19,2.079441541671836,8,19,0.42105263157894735,0,24
v2_small_world_no_evolution_s10,v2,small_world_no_evolution,10,watts_strogatz,100,4,569,11,1.791759469222055,6,11,0.5454545454545454,21,24
v2_small_world_no_evolution_s10,v2,small_world_no_evolution,10,watts_strogatz,100,4,570,59,2.912494403312053,21,59,0.3559322033898305,21,72
v2_small_world_no_evolution_s10,v2,small_world_no_evolution,10,watts_strogatz,100,4,571,0,0.0,0,0,,75,75
v2_small_world_no_evolution_s10,v2,small_world_no_evolution,10,watts_strogatz,100,4,572,2,0.6931471805579453,2,2,1.0,42,73
v2_small_world_no_evolution_s10,v2,small_world_no_evolution,10,watts_strogatz,100,4,573,205,3.780698666438199,74,205,0.36097560975609755,1,24
v2_small_world_no_evolution_s10,v2,small_world_no_evolution,10,watts_strogatz,100,4,574,16,1.6094379124291005,5,16,0.3125,19,24
v2_small_world_no_evolution_s10,v2,small_world_no_evolution,10,watts_strogatz,100,4,575,29,2.1639556568730565,10,29,0.3448275862068966,67,56
v2_small_world_no_evolution_s10,v2,small_world_no_evolution,10,watts_strogatz,100,4,576,2,-1.000088900581841e-12,1,2,0.5,57,56
v2_small_world_no_evolution_s10,v2,small_world_no_evolution,10,watts_strogatz,100,4,577,205,3.9811238054294193,78,205,0.3804878048780488,21,56
v2_small_world_no_evolution_s10,v2,small_world_no_evolution,10,watts_strogatz,100,4,578,158,3.606308599241318,46,158,0.2911392405063291,19,24
v2_small_world_no_evolution_s10,v2,small_world_no_evolution,10,watts_strogatz,100,4,579,3,1.0986122886651095,3,3,1.0,59,56
v2_small_world_no_evolution_s10,v2,small_world_no_evolution,10,watts_strogatz,100,4,580,57,3.218875824843201,25,57,0.43859649122807015,48,72
v2_small_world_no_evolution_s10,v2,small_world_no_evolution,10,watts_strogatz,100,4,581,31,2.484906649776,12,31,0.3870967741935484,89,73
v2_small_world_no_evolution_s10,v2,small_world_no_evolution,10,watts_strogatz,100,4,582,77,3.2625679455231658,30,77,0.38961038961038963,83,56
v2_small_world_no_evolution_s10,v2,small_world_no_evolution,10,watts_strogatz,100,4,583,439,4.568772492638557,174,439,0.39635535307517084,20,24
v2_small_world_no_evolution_s10,v2,small_world_no_evolution,10,watts_strogatz,100,4,584,0,0.0,0,0,,56,56
v2_small_world_no_evolution_s10,v2,small_world_no_evolution,10,watts_strogatz,100,4,585,15,1.3862943611158909,4,15,0.26666666666666666,53,24
v2_small_world_no_evolution_s10,v2,small_world_no_evolution,10,watts_strogatz,100,4,586,163,3.7876680610723015,65,163,0.3987730061349693,17,24
v2_small_world_no_evolution_s10,v2,small_world_no_evolution,10,watts_strogatz,100,4,587,152,3.7002574627495,56,152,0.3684210526315789,58,24
v2_small_world_no_evolution_s10,v2,small_world_no_evolution,10,watts_strogatz,100,4,588,290,4.105193652857139,115,290,0.39655172413793105,8,75
v2_small_world_no_evolution_s10,v2,small_world_no_evolution,10,watts_strogatz,100,4,589,52,3.120291565278284,24,52,0.46153846153846156,62,72
v2_small_world_no_evolution_s10,v2,small_world_no_evolution,10,watts_strogatz,100,4,590,8,1.6094379124291005,5,8,0.625,53,56
v2_small_world_no_evolution_s10,v2,small_world_no_evolution,10,watts_strogatz,100,4,591,139,3.745766062369954,55,139,0.39568345323741005,85,75
v2_small_world_no_evolution_s10,v2,small_world_no_evolution,10,watts_strogatz,100,4,592,44,2.9785084205072385,21,44,0.4772727272727273,39,75
v2_small_world_no_evolution_s10,v2,small_world_no_evolution,10,watts_strogatz,100,4,593,537,4.504702017097793,185,537,0.34450651769087526,44,24
v2_small_world_no_evolution_s10,v2,small_world_no_evolution,10,watts_strogatz,100,4,594,36,2.441015278014703,14,36,0.3888888888888889,41,73
v2_small_world_no_evolution_s10,v2,small_world_no_evolution,10,watts_strogatz,100,4,595,105,3.0594891092191165,32,105,0.3047619047619048,33,72
v2_small_world_no_evolution_s10,v2,small_world_no_evolution,10,watts_strogatz,100,4,596,2,-1.000088900581841e-12,1,2,0.5,22,24
v2_small_world_no_evolution_s10,v2,small_world_no_evolution,10,watts_strogatz,100,4,597,299,4.377993103671816,112,299,0.3745819397993311,11,75
v2_small_world_no_evolution_s10,v2,small_world_no_evolution,10,watts_strogatz,100,4,598,0,0.0,0,0,,73,73
v2_small_world_no_evolution_s10,v2,small_world_no_evolution,10,watts_strogatz,100,4,599,2,-1.000088900581841e-12,1,2,0.5,71,72
v2_small_world_no_evolution_s10,v2,small_world_no_evolution,10,watts_strogatz,100,4,600,641,4.632904443658342,241,641,0.37597503900156004,6,73
v2_small_world_no_evolution_s10,v2,small_world_no_evolution,10,watts_strogatz,100,4,601,24,1.7478680974607577,7,24,0.2916666666666667,78,56
v2_small_world_no_evolution_s10,v2,small_world_no_evolution,10,watts_strogatz,100,4,602,221,3.938869486637492,78,221,0.35294117647058826,7,24
v2_small_world_no_evolution_s10,v2,small_world_no_evolution,10,watts_strogatz,100,4,603,22,2.079441541671836,8,22,0.36363636363636365,79,72
v2_small_world_no_evolution_s10,v2,small_world_no_evolution,10,watts_strogatz,100,4,604,11,1.6094379124291005,5,11,0.45454545454545453,21,56
v2_small_world_no_evolution_s10,v2,small_world_no_evolution,10,watts_strogatz,100,4,605,15,1.791759469222055,6,15,0.4,61,56
v2_small_world_no_evolution_s10,v2,small_world_no_evolution,10,watts_strogatz,100,4,606,1,-1.000088900581841e-12,1,1,1.0,55,56
v2_small_world_no_evolution_s10,v2,small_world_no_evolution,10,watts_strogatz,100,4,607,97,3.30710405548822,34,97,0.35051546391752575,3,24
v2_small_world_no_evolution_s10,v2,small_world_no_evolution,10,watts_strogatz,100,4,608,25,2.302585092984045,10,25,0.4,74,75
v2_small_world_no_evolution_s10,v2,small_world_no_evolution,10,watts_strogatz,100,4,609,828,4.685953314764527,309,828,0.37318840579710144,8,24
v2_small_world_no_evolution_s10,v2,small_world_no_evolution,10,watts_strogatz,100,4,610,0,0.0,0,0,,75,75
v2_small_world_no_evolution_s10,v2,small_world_no_evolution,10,watts_strogatz,100,4,611,795,4.8471402429098935,318,795,0.4,5,24
v2_small_world_no_evolution_s10,v2,small_world_no_evolution,10,watts_strogatz,100,4,612,628,4.855161715739962,209,628,0.3328025477707006,53,24
v2_small_world_no_evolution_s10,v2,small_world_no_evolution,10,watts_strogatz,100,4,613,209,4.069344773479465,87,209,0.41626794258373206,54,56
v2_small_world_no_evolution_s10,v2,small_world_no_evolution,10,watts_strogatz,100,4,614,473,4.404634992398033,172,473,0.36363636363636365,36,24
v2_small_world_no_evolution_s10,v2,small_world_no_evolution,10,watts_strogatz,100,4,615,244,4.344795183861674,85,244,0.3483606557377049,26,72
v2_small_world_no_evolution_s10,v2,small_world_no_evolution,10,watts_strogatz,100,4,616,0,0.0,0,0,,24,24
v2_small_world_no_evolution_s10,v2,small_world_no_evolution,10,watts_strogatz,100,4,617,36,2.5993019270857944,16,36,0.4444444444444444,67,73
v2_small_world_no_evolution_s10,v2,small_world_no_evolution,10,watts_strogatz,100,4,618,10,-1.000088900581841e-12,1,10,0.1,54,56
v2_small_world_no_evolution_s10,v2,small_world_no_evolution,10,watts_strogatz,100,4,619,25,2.484906649776,12,25,0.48,62,72
v2_small_world_no_evolution_s10,v2,small_world_no_evolution,10,watts_strogatz,100,4,620,252,3.705259632797029,94,252,0.373015873015873,12,24
v2_small_world_no_evolution_s10,v2,small_world_no_evolution,10,watts_strogatz,100,4,621,290,4.025734779275948,102,290,0.35172413793103446,87,56
v2_small_world_no_evolution_s10,v2,small_world_no_evolution,10,watts_strogatz,100,4,622,28,2.253857589591352,12,28,0.42857142857142855,38,24
v2_small_world_no_evolution_s10,v2,small_world_no_evolution,10,watts_strogatz,100,4,623,2,-1.000088900581841e-12,1,2,0.5,76,75
v2_small_world_no_evolution_s10,v2,small_world_no_evolution,10,watts_strogatz,100,4,624,0,0.0,0,0,,75,75
v2_small_world_no_evolution_s10,v2,small_world_no_evolution,10,watts_strogatz,100,4,625,464,4.542556871052179,181,464,0.3900862068965517,91,24
v2_small_world_no_evolution_s10,v2,small_world_no_evolution,10,watts_strogatz,100,4,626,0,0.0,0,0,,24,24
v2_small_world_no_evolution_s10,v2,small_world_no_evolution,10,watts_strogatz,100,4,627,597,4.234839150195135,202,597,0.33835845896147404,4,73
v2_small_world_no_evolution_s10,v2,small_world_no_evolution,10,watts_strogatz,100,4,628,1,-1.000088900581841e-12,1,1,1.0,55,56
v2_small_world_no_evolution_s10,v2,small_world_no_evolution,10,watts_strogatz,100,4,629,101,3.041159021670353,39,101,0.38613861386138615,42,24
v2_small_world_no_evolution_s10,v2,small_world_no_evolution,10,watts_strogatz,100,4,630,3,-1.000088900581841e-12,1,3,0.3333333333333333,39,24
v2_small_world_no_evolution_s10,v2,small_world_no_evolution,10,watts_strogatz,100,4,631,131,3.652629782939221,45,131,0.3435114503816794,10,24
v2_small_world_no_evolution_s10,v2,small_world_no_evolution,10,watts_strogatz,100,4,632,61,2.6525875347051477,19,61,0.3114754098360656,33,24
v2_small_world_no_evolution_s10,v2,small_world_no_evolution,10,watts_strogatz,100,4,633,351,4.325215594945033,128,351,0.3646723646723647,91,24
v2_small_world_no_evolution_s10,v2,small_world_no_evolution,10,watts_strogatz,100,4,634,14,1.0986122886651095,3,14,0.21428571428571427,54,56
v2_small_world_no_evolution_s10,v2,small_world_no_evolution,10,watts_strogatz,100,4,635,19,2.079441541671836,8,19,0.42105263157894735,74,75
v2_small_world_no_evolution_s10,v2,small_world_no_evolution,10,watts_strogatz,100,4,636,0,0.0,0,0,,24,24
v2_small_world_no_evolution_s10,v2,small_world_no_evolution,10,watts_strogatz,100,4,637,23,1.3321790402061222,5,23,0.21739130434782608,79,56
v2_small_world_no_evolution_s10,v2,small_world_no_evolution,10,watts_strogatz,100,4,638,30,2.1458417525857545,11,30,0.36666666666666664,68,73
v2_small_world_no_evolution_s10,v2,small_world_no_evolution,10,watts_strogatz,100,4,639,24,2.197224577327219,9,24,0.375,31,56
v2_small_world_no_evolution_s10,v2,small_world_no_evolution,10,watts_strogatz,100,4,640,412,3.953797676989365,147,412,0.3567961165048544,68,24
v2_small_world_no_evolution_s10,v2,small_world_no_evolution,10,watts_strogatz,100,4,641,608,4.697146945049143,234,608,0.3848684210526316,25,24
v2_small_world_no_evolution_s10,v2,small_world_no_evolution,10,watts_strogatz,100,4,642,276,4.4089510895595865,110,276,0.39855072463768115,17,73
v2_small_world_no_evolution_s10,v2,small_world_no_evolution,10,watts_strogatz,100,4,643,334,4.412040162954868,110,334,0.32934131736526945,64,24
v2_small_world_no_evolution_s10,v2,small_world_no_evolution,10,watts_strogatz,100,4,644,1,-1.000088900581841e-12,1,1,1.0,77,75
v2_small_world_no_evolution_s10,v2,small_world_no_evolution,10,watts_strogatz,100,4,645,158,3.1643317368629336,60,158,0.379746835443038,87,75
v2_small_world_no_evolution_s10,v2,small_world_no_evolution,10,watts_strogatz,100,4,646,21,2.197224577327219,9,21,0.42857142857142855,59,56
v2_small_world_no_evolution_s10,v2,small_world_no_evolution,10,watts_strogatz,100,4,647,243,3.408123411779304,80,243,0.3292181069958848,59,72
v2_small_world_no_evolution_s10,v2,small_world_no_evolution,10,watts_strogatz,100,4,648,110,3.579388963696679,45,110,0.4090909090909091,16,24
v2_small_world_no_evolution_s10,v2,small_world_no_evolution,10,watts_strogatz,100,4,649,59,2.8464803861168675,21,59,0.3559322033898305,33,24
v2_small_world_no_evolution_s10,v2,small_world_no_evolution,10,watts_strogatz,100,4,650,62,3.10797227595561,25,62,0.4032258064516129,93,75
v2_small_world_no_evolution_s10,v2,small_world_no_evolution,10,watts_strogatz,100,4,651,2,-1.000088900581841e-12,1,2,0.5,22,24
v2_small_world_no_evolution_s10,v2,small_world_no_evolution,10,watts_strogatz,100,4,652,46,2.926417555478996,20,46,0.43478260869565216,95,72
v2_small_world_no_evolution_s10,v2,small_world_no_evolution,10,watts_strogatz,100,4,653,0,0.0,0,0,,75,75
v2_small_world_no_evolution_s10,v2,small_world_no_evolution,10,watts_strogatz,100,4,654,33,2.813355404483615,18,33,0.5454545454545454,17,24
v2_small_world_no_evolution_s10,v2,small_world_no_evolution,10,watts_strogatz,100,4,655,19,1.8891591637470213,9,19,0.47368421052631576,59,56
v2_small_world_no_evolution_s10,v2,small_world_no_evolution,10,watts_strogatz,100,4,656,160,3.698755674520142,58,160,0.3625,15,24
v2_small_world_no_evolution_s10,v2,small_world_no_evolution,10,watts_strogatz,100,4,657,254,4.259365275506383,105,254,0.41338582677165353,7,75
v2_small_world_no_evolution_s10,v2,small_world_no_evolution,10,watts_strogatz,100,4,658,18,1.6094379124291005,5,18,0.2777777777777778,62,56
v2_small_world_no_evolution_s10,v2,small_world_no_evolution,10,watts_strogatz,100,4,659,14,1.054920167983144,5,14,0.35714285714285715,54,56
v2_small_world_no_evolution_s10,v2,small_world_no_evolution,10,watts_strogatz,100,4,660,106,2.665610569685764,31,106,0.29245283018867924,31,72
v2_small_world_no_evolution_s10,v2,small_world_no_evolution,10,watts_strogatz,100,4,661,12,1.791759469222055,6,12,0.5,30,24
v2_small_world_no_evolution_s10,v2,small_world_no_evolution,10,watts_strogatz,100,4,662,85,2.8101776063128487,32,85,0.3764705882352941,34,72
v2_small_world_no_evolution_s10,v2,small_world_no_evolution,10,watts_strogatz,100,4,663,235,3.820506783527711,75,235,0.3191489361702128,3,56
v2_small_world_no_evolution_s10,v2,small_world_no_evolution,10,watts_strogatz,100,4,664,381,4.065200728876128,145,381,0.3805774278215223,79,56
v2_small_world_no_evolution_s10,v2,small_world_no_evolution,10,watts_strogatz,100,4,665,62,3.062529300232621,24,62,0.3870967741935484,63,56
v2_small_world_no_evolution_s10,v2,small_world_no_evolution,10,watts_strogatz,100,4,666,0,0.0,0,0,,72,72
v2_small_world_no_evolution_s10,v2,small_world_no_evolution,10,watts_strogatz,100,4,667,46,2.6593226976945163,18,46,0.391304347826087,63,56
v2_small_world_no_evolution_s10,v2,small_world_no_evolution,10,watts_strogatz,100,4,668,0,0.0,0,0,,75,75
v2_small_world_no_evolution_s10,v2,small_world_no_evolution,10,watts_strogatz,100,4,669,949,4.751350176378491,350,949,0.36880927291886195,91,24
v2_small_world_no_evolution_s10,v2,small_world_no_evolution,10,watts_strogatz,100,4,670,243,3.999071823421284,83,243,0.34156378600823045,95,24
v2_small_world_no_evolution_s10,v2,small_world_no_evolution,10,watts_strogatz,100,4,671,36,2.3978952727873706,11,36,0.3055555555555556,54,24
v2_small_world_no_evolution_s10,v2,small_world_no_evolution,10,watts_strogatz,100,4,672,126,3.557409891015596,46,126,0.36507936507936506,47,75
v2_small_world_no_evolution_s10,v2,small_world_no_evolution,10,watts_strogatz,100,4,673,4,0.6931471805579453,2,4,0.5,54,56
v2_small_world_no_evolution_s10,v2,small_world_no_evolution,10,watts_strogatz,100,4,674,500,4.564428377692505,183,500,0.366,76,24
v2_small_world_no_evolution_s10,v2,small_world_no_evolution,10,watts_strogatz,100,4,675,11,1.9459101490483133,7,11,0.6363636363636364,66,72
v2_small_world_no_evolution_s10,v2,small_world_no_evolution,10,watts_strogatz,100,4,676,87,3.014630013702276,29,87,0.3333333333333333,96,56
v2_small_world_no_evolution_s10,v2,small_world_no_evolution,10,watts_strogatz,100,4,677,684,4.756378648955453,249,684,0.36403508771929827,14,24
v2_small_world_no_evolution_s10,v2,small_world_no_evolution,10,watts_strogatz,100,4,678,112,3.3769632228309616,40,112,0.35714285714285715,19,24
v2_small_world_no_evolution_s10,v2,small_world_no_evolution,10,watts_strogatz,100,4,679,13,1.3862943611158909,4,13,0.3076923076923077,78,75
v2_small_world_no_evolution_s10,v2,small_world_no_evolution,10,watts_strogatz,100,4,680,83,3.328471881301735,33,83,0.39759036144578314,21,75
v2_small_world_no_evolution_s10,v2,small_world_no_evolution,10,watts_strogatz,100,4,681,6,1.3862943611158909,4,6,0.6666666666666666,40,73
v2_small_world_no_evolution_s10,v2,small_world_no_evolution,10,watts_strogatz,100,4,682,103,3.335770806415738,32,103,0.3106796116504854,55,24
v2_small_world_no_evolution_s10,v2,small_world_no_evolution,10,watts_strogatz,100,4,683,82,3.044390228092839,29,82,0.35365853658536583,88,73
v2_small_world_no_evolution_s10,v2,small_world_no_evolution,10,watts_strogatz,100,4,684,712,4.711529205359993,267,712,0.375,2,24
v2_small_world_no_evolution_s10,v2,small_world_no_evolution,10,watts_strogatz,100,4,685,164,3.6348522418637534,60,164,0.36585365853658536,40,72
v2_small_world_no_evolution_s10,v2,small_world_no_evolution,10,watts_strogatz,100,4,686,9,1.3862943611158909,4,9,0.4444444444444444,82,56
v2_small_world_no_evolution_s10,v2,small_world_no_evolution,10,watts_strogatz,100,4,687,12,1.5607104090364068,6,12,0.5,29,24
v2_small_world_no_evolution_s10,v2,small_world_no_evolution,10,watts_strogatz,100,4,688,220,3.3396812626990284,81,220,0.36818181818181817,90,75
v2_small_world_no_evolution_s10,v2,small_world_no_evolution,10,watts_strogatz,100,4,689,0,0.0,0,0,,24,24
v2_small_world_no_evolution_s10,v2,small_world_no_evolution,10,watts_strogatz,100,4,690,10,1.3862943611158909,4,10,0.4,66,72
v2_small_world_no_evolution_s10,v2,small_world_no_evolution,10,watts_strogatz,100,4,691,325,4.215939088783695,107,325,0.3292307692307692,45,24
v2_small_world_no_evolution_s10,v2,small_world_no_evolution,10,watts_strogatz,100,4,692,247,3.8840172275139535,84,247,0.340080971659919,45,73
v2_small_world_no_evolution_s10,v2,small_world_no_evolution,10,watts_strogatz,100,4,693,5,-1.000088900581841e-12,1,5,0.2,39,24
v2_small_world_no_evolution_s10,v2,small_world_no_evolution,10,watts_strogatz,100,4,694,56,2.926417555478996,20,56,0.35714285714285715,43,72
v2_small_world_no_evolution_s10,v2,small_world_no_evolution,10,watts_strogatz,100,4,695,1,-1.000088900581841e-12,1,1,1.0,77,75
v2_small_world_no_evolution_s10,v2,small_world_no_evolution,10,watts_strogatz,100,4,696,91,3.2369453481481374,36,91,0.3956043956043956,65,24
v2_small_world_no_evolution_s10,v2,small_world_no_evolution,10,watts_strogatz,100,4,697,76,3.039115687997164,27,76,0.35526315789473684,64,56
v2_small_world_no_evolution_s10,v2,small_world_no_evolution,10,watts_strogatz,100,4,698,10,1.0986122886651095,3,10,0.3,23,24
v2_small_world_no_evolution_s10,v2,small_world_no_evolution,10,watts_strogatz,100,4,699,9,1.0986122886651095,3,9,0.3333333333333333,71,72
v2_small_world_no_evolution_s10,v2,small_world_no_evolution,10,watts_strogatz,100,4,700,10,1.6094379124291005,5,10,0.5,1,24
v2_small_world_no_evolution_s10,v2,small_world_no_evolution,10,watts_strogatz,100,4,701,52,2.941616952624223,25,52,0.4807692307692308,10,24
v2_small_world_no_evolution_s10,v2,small_world_no_evolution,10,watts_strogatz,100,4,702,147,3.3843474008157504,49,147,0.3333333333333333,46,24
v2_small_world_no_evolution_s10,v2,small_world_no_evolution,10,watts_strogatz,100,4,703,0,0.0,0,0,,24,24
v2_small_world_no_evolution_s10,v2,small_world_no_evolution,10,watts_strogatz,100,4,704,129,3.0393051204891357,44,129,0.34108527131782945,58,56
v2_small_world_no_evolution_s10,v2,small_world_no_evolution,10,watts_strogatz,100,4,705,433,4.2228526434658,160,433,0.3695150115473441,89,24
v2_small_world_no_evolution_s10,v2,small_world_no_evolution,10,watts_strogatz,100,4,706,1,-1.000088900581841e-12,1,1,1.0,70,72
v2_small_world_no_evolution_s10,v2,small_world_no_evolution,10,watts_strogatz,100,4,707,19,1.9459101490483133,7,19,0.3684210526315789,20,56
v2_small_world_no_evolution_s10,v2,small_world_no_evolution,10,watts_strogatz,100,4,708,94,3.260918854185786,36,94,0.3829787234042553,90,24
v2_small_world_no_evolution_s10,v2,small_world_no_evolution,10,watts_strogatz,100,4,709,133,3.738555425452458,54,133,0.40601503759398494,87,73
v2_small_world_no_evolution_s10,v2,small_world_no_evolution,10,watts_strogatz,100,4,710,50,2.579624673594574,19,50,0.38,18,24
v2_small_world_no_evolution_s10,v2,small_world_no_evolution,10,watts_strogatz,100,4,711,43,2.926417555478996,20,43,0.46511627906976744,12,24
v2_small_world_no_evolution_s10,v2,small_world_no_evolution,10,watts_strogatz,100,4,712,227,4.11416868645144,77,227,0.3392070484581498,69,24
v2_small_world_no_evolution_s10,v2,small_world_no_evolution,10,watts_strogatz,100,4,713,0,0.0,0,0,,73,73
v2_small_world_no_evolution_s10,v2,small_world_no_evolution,10,watts_strogatz,100,4,714,106,3.4721444670372086,54,106,0.5094339622641509,30,24
v2_small_world_no_evolution_s10,v2,small_world_no_evolution,10,watts_strogatz,100,4,715,71,3.170148321450507,30,71,0.4225352112676056,88,56
v2_small_world_no_evolution_s10,v2,small_world_no_evolution,10,watts_strogatz,100,4,716,106,3.370480801334671,33,106,0.3113207547169811,17,73
v2_small_world_no_evolution_s10,v2,small_world_no_evolution,10,watts_strogatz,100,4,717,71,2.787876228069594,24,71,0.3380281690140845,42,24
v2_small_world_no_evolution_s10,v2,small_world_no_evolution,10,watts_strogatz,100,4,718,143,3.584355737225186,53,143,0.3706293706293706,9,24
v2_small_world_no_evolution_s10,v2,small_world_no_evolution,10,watts_strogatz,100,4,719,234,3.842597144942405,84,234,0.358974358974359,0,73
v2_small_world_no_evolution_s10,v2,small_world_no_evolution,10,watts_strogatz,100,4,720,329,4.362838877733638,132,329,0.4012158054711246,2,72
v2_small_world_no_evolution_s10,v2,small_world_no_evolution,10,watts_strogatz,100,4,721,28,2.1639556568730565,10,28,0.35714285714285715,64,56
v2_small_world_no_evolution_s10,v2,small_world_no_evolution,10,watts_strogatz,100,4,722,92,3.2409469796527133,34,92,0.3695652173913043,91,24
v2_small_world_no_evolution_s10,v2,small_world_no_evolution,10,watts_strogatz,100,4,723,139,3.717699077643531,57,139,0.41007194244604317,61,75
v2_small_world_no_evolution_s10,v2,small_world_no_evolution,10,watts_strogatz,100,4,724,22,1.9061547465328492,8,22,0.36363636363636365,80,75
v2_small_world_no_evolution_s10,v2,small_world_no_evolution,10,watts_strogatz,100,4,725,71,3.085811660832221,34,71,0.4788732394366197,47,72
v2_small_world_no_evolution_s10,v2,small_world_no_evolution,10,watts_strogatz,100,4,726,21,2.302585092984045,10,21,0.47619047619047616,15,24
v2_small_world_no_evolution_s10,v2,small_world_no_evolution,10,watts_strogatz,100,4,727,78,3.2580965379954825,26,78,0.3333333333333333,1,24
v2_small_world_no_evolution_s10,v2,small_world_no_evolution,10,watts_strogatz,100,4,728,456,4.243043251051815,146,456,0.3201754385964912,80,24
v2_small_world_no_evolution_s10,v2,small_world_no_evolution,10,watts_strogatz,100,4,729,42,2.8903717578781647,18,42,0.42857142857142855,17,24
v2_small_world_no_evolution_s10,v2,small_world_no_evolution,10,watts_strogatz,100,4,730,73,2.83412587653726,23,73,0.3150684931506849,66,24
v2_small_world_no_evolution_s10,v2,small_world_no_evolution,10,watts_strogatz,100,4,731,38,2.0262296229862917,15,38,0.39473684210526316,58,56
v2_small_world_no_evolution_s10,v2,small_world_no_evolution,10,watts_strogatz,100,4,732,123,3.2823030759199963,41,123,0.3333333333333333,11,24
v2_small_world_no_evolution_s10,v2,small_world_no_evolution,10,watts_strogatz,100,4,733,60,2.9957322735339904,20,60,0.3333333333333333,21,24
v2_small_world_no_evolution_s10,v2,small_world_no_evolution,10,watts_strogatz,100,4,734,75,3.4851754214437367,41,75,0.5466666666666666,45,75
v2_small_world_no_evolution_s10,v2,small_world_no_evolution,10,watts_strogatz,100,4,735,132,3.22109321590756,48,132,0.36363636363636365,49,73
v2_small_world_no_evolution_s10,v2,small_world_no_evolution,10,watts_strogatz,100,4,736,29,2.540036303807981,14,29,0.4827586206896552,66,56
v2_small_world_no_evolution_s10,v2,small_world_no_evolution,10,watts_strogatz,100,4,737,32,1.8891591637470213,9,32,0.28125,54,56
v2_small_world_no_evolution_s10,v2,small_world_no_evolution,10,watts_strogatz,100,4,738,1,-1.000088900581841e-12,1,1,1.0,22,24
v2_small_world_no_evolution_s10,v2,small_world_no_evolution,10,watts_strogatz,100,4,739,354,4.186742728135447,131,354,0.3700564971751412,90,24
v2_small_world_no_evolution_s10,v2,small_world_no_evolution,10,watts_strogatz,100,4,740,348,4.215007450516668,139,348,0.3994252873563218,39,75
v2_small_world_no_evolution_s10,v2,small_world_no_evolution,10,watts_strogatz,100,4,741,0,0.0,0,0,,73,73
v2_small_world_no_evolution_s10,v2,small_world_no_evolution,10,watts_strogatz,100,4,742,95,3.0326730531424326,29,95,0.30526315789473685,12,24
v2_small_world_no_evolution_s10,v2,small_world_no_evolution,10,watts_strogatz,100,4,743,51,2.725550395815721,19,51,0.37254901960784315,42,72
v2_small_world_no_evolution_s10,v2,small_world_no_evolution,10,watts_strogatz,100,4,744,6,1.0986122886651095,3,6,0.5,77,56
v2_small_world_no_evolution_s10,v2,small_world_no_evolution,10,watts_strogatz,100,4,745,422,4.438989778553337,166,422,0.3933649289099526,98,24
v2_small_world_no_evolution_s10,v2,small_world_no_evolution,10,watts_strogatz,100,4,746,213,3.732090360173145,85,213,0.39906103286384975,21,56
v2_small_world_no_evolution_s10,v2,small_world_no_evolution,10,watts_strogatz,100,4,747,8,1.6094379124291005,5,8,0.625,70,72
v2_small_world_no_evolution_s10,v2,small_world_no_evolution,10,watts_strogatz,100,4,748,345,4.529298014721391,140,345,0.4057971014492754,88,24
v2_small_world_no_evolution_s10,v2,small_world_no_evolution,10,watts_strogatz,100,4,749,8,1.0986122886651095,3,8,0.375,79,75
v2_small_world_no_evolution_s10,v2,small_world_no_evolution,10,watts_strogatz,100,4,750,32,2.302585092984045,10,32,0.3125,65,73
v2_small_world_no_evolution_s10,v2,small_world_no_evolution,10,watts_strogatz,100,4,751,3,0.6931471805579453,2,3,0.6666666666666666,78,75
v2_small_world_no_evolution_s10,v2,small_world_no_evolution,10,watts_strogatz,100,4,752,21,1.6094379124291005,5,21,0.23809523809523808,9,24
v2_small_world_no_evolution_s10,v2,small_world_no_evolution,10,watts_strogatz,100,4,753,63,2.7985132569262934,19,63,0.30158730158730157,84,75
v2_small_world_no_evolution_s10,v2,small_world_no_evolution,10,watts_strogatz,100,4,754,24,2.302585092984045,10,24,0.4166666666666667,84,75
v2_small_world_no_evolution_s10,v2,small_world_no_evolution,10,watts_strogatz,100,4,755,4,1.0986122886651095,3,4,0.75,43,73
v2_small_world_no_evolution_s10,v2,small_world_no_evolution,10,watts_strogatz,100,4,756,214,3.906511619736251,81,214,0.37850467289719625,50,24
v2_small_world_no_evolution_s10,v2,small_world_no_evolution,10,watts_strogatz,100,4,757,65,3.1836729714587872,28,65,0.4307692307692308,55,75
v2_small_world_no_evolution_s10,v2,small_world_no_evolution,10,watts_strogatz,100,4,758,23,2.1639556568730565,10,23,0.43478260869565216,1,24
v2_small_world_no_evolution_s10,v2,small_world_no_evolution,10,watts_strogatz,100,4,759,0,0.0,0,0,,73,73
v2_small_world_no_evolution_s10,v2,small_world_no_evolution,10,watts_strogatz,100,4,760,9,0.6931471805579453,2,9,0.2222222222222222,76,72
v2_small_world_no_evolution_s10,v2,small_world_no_evolution,10,watts_strogatz,100,4,761,60,2.941616952624223,25,60,0.4166666666666667,23,56
v2_small_world_no_evolution_s10,v2,small_world_no_evolution,10,watts_strogatz,100,4,762,25,2.302585092984045,10,25,0.4,17,24
v2_small_world_no_evolution_s10,v2,small_world_no_evolution,10,watts_strogatz,100,4,763,84,3.060562356747617,33,84,0.39285714285714285,16,24
v2_small_world_no_evolution_s10,v2,small_world_no_evolution,10,watts_strogatz,100,4,764,8,1.0986122886651095,3,8,0.375,71,72
v2_small_world_no_evolution_s10,v2,small_world_no_evolution,10,watts_strogatz,100,4,765,527,4.591510246323868,205,527,0.3889943074003795,49,24
v2_small_world_no_evolution_s10,v2,small_world_no_evolution,10,watts_strogatz,100,4,766,51,2.6846565419005586,26,51,0.5098039215686274,14,24
v2_small_world_no_evolution_s10,v2,small_world_no_evolution,10,watts_strogatz,100,4,767,135,3.198082730878941,45,135,0.3333333333333333,87,72
v2_small_world_no_evolution_s10,v2,small_world_no_evolution,10,watts_strogatz,100,4,768,118,3.335524663862649,51,118,0.4322033898305085,67,56
v2_small_world_no_evolution_s10,v2,small_world_no_evolution,10,watts_strogatz,100,4,769,104,3.332213052272412,47,104,0.4519230769230769,45,73
v2_small_world_no_evolution_s10,v2,small_world_no_evolution,10,watts_strogatz,100,4,770,8,1.0986122886651095,3,8,0.375,35,24
v2_small_world_no_evolution_s10,v2,small_world_no_evolution,10,watts_strogatz,100,4,771,493,4.378604941458523,182,493,0.3691683569979716,2,24
v2_small_world_no_evolution_s10,v2,small_world_no_evolution,10,watts_strogatz,100,4,772,53,2.8332133440392155,17,53,0.32075471698113206,12,24
v2_small_world_no_evolution_s10,v2,small_world_no_evolution,10,watts_strogatz,100,4,773,155,3.584545199656126,52,155,0.33548387096774196,7,24
v2_small_world_no_evolution_s10,v2,small_world_no_evolution,10,watts_strogatz,100,4,774,485,4.347391957974577,168,485,0.3463917525773196,78,73
v2_small_world_no_evolution_s10,v2,small_world_no_evolution,10,watts_strogatz,100,4,775,345,3.89246361487796,113,345,0.32753623188405795,20,75
v2_small_world_no_evolution_s10,v2,small_world_no_evolution,10,watts_strogatz,100,4,776,28,2.2718685126865625,11,28,0.39285714285714285,97,24
v2_small_world_no_evolution_s10,v2,small_world_no_evolution,10,watts_strogatz,100,4,777,28,1.7328679513938632,8,28,0.2857142857142857,57,56
v2_small_world_no_evolution_s10,v2,small_world_no_evolution,10,watts_strogatz,100,4,778,49,2.5823063442999667,18,49,0.3673469387755102,33,24
v2_small_world_no_evolution_s10,v2,small_world_no_evolution,10,watts_strogatz,100,4,779,21,1.6094379124291005,5,21,0.23809523809523808,32,24
v2_small_world_no_evolution_s10,v2,small_world_no_evolution,10,watts_strogatz,100,4,780,139,3.652629782939221,45,139,0.3237410071942446,21,24
v2_small_world_no_evolution_s10,v2,small_world_no_evolution,10,watts_strogatz,100,4,781,88,2.9458755173587687,32,88,0.36363636363636365,62,56
v2_small_world_no_evolution_s10,v2,small_world_no_evolution,10,watts_strogatz,100,4,782,234,3.99843665258953,73,234,0.31196581196581197,86,24
v2_small_world_no_evolution_s10,v2,small_world_no_evolution,10,watts_strogatz,100,4,783,171,3.683855985126324,59,171,0.34502923976608185,53,73
v2_small_world_no_evolution_s10,v2,small_world_no_evolution,10,watts_strogatz,100,4,784,194,3.777773439670724,76,194,0.3917525773195876,1,24
v2_small_world_no_evolution_s10,v2,small_world_no_evolution,10,watts_strogatz,100,4,785,251,3.941380323817974,97,251,0.38645418326693226,10,24
v2_small_world_no_evolution_s10,v2,small_world_no_evolution,10,watts_strogatz,100,4,786,6,1.3862943611158909,4,6,0.6666666666666666,25,24
v2_small_world_no_evolution_s10,v2,small_world_no_evolution,10,watts_strogatz,100,4,787,71,2.76162571218078,20,71,0.28169014084507044,42,56
v2_small_world_no_evolution_s10,v2,small_world_no_evolution,10,watts_strogatz,100,4,788,358,4.338264872020315,126,358,0.35195530726256985,21,73
v2_small_world_no_evolution_s10,v2,small_world_no_evolution,10,watts_strogatz,100,4,789,387,4.491622294438172,140,387,0.36175710594315247,4,75
v2_small_world_no_evolution_s10,v2,small_world_no_evolution,10,watts_strogatz,100,4,790,0,0.0,0,0,,56,56
v2_small_world_no_evolution_s10,v2,small_world_no_evolution,10,watts_strogatz,100,4,791,101,3.184634504074431,37,101,0.36633663366336633,85,24
v2_small_world_no_evolution_s10,v2,small_world_no_evolution,10,watts_strogatz,100,4,792,218,3.94578207780988,82,218,0.3761467889908257,6,73
v2_small_world_no_evolution_s10,v2,small_world_no_evolution,10,watts_strogatz,100,4,793,183,3.6477991420659617,69,183,0.3770491803278688,78,73
v2_small_world_no_evolution_s10,v2,small_world_no_evolution,10,watts_strogatz,100,4,794,101,3.3508008156427342,40,101,0.39603960396039606,86,24
v2_small_world_no_evolution_s10,v2,small_world_no_evolution,10,watts_strogatz,100,4,795,107,3.335770806415738,32,107,0.29906542056074764,49,73
v2_small_world_no_evolution_s10,v2,small_world_no_evolution,10,watts_strogatz,100,4,796,38,2.1639556568730565,10,38,0.2631578947368421,2,24
v2_small_world_no_evolution_s10,v2,small_world_no_evolution,10,watts_strogatz,100,4,797,115,3.2293035873528173,46,115,0.4,55,24
v2_small_world_no_evolution_s10,v2,small_world_no_evolution,10,watts_strogatz,100,4,798,41,2.3978952727873706,11,41,0.2682926829268293,53,56
v2_small_world_no_evolution_s10,v2,small_world_no_evolution,10,watts_strogatz,100,4,799,10,1.7478680974607577,7,10,0.7,28,24
v2_small_world_no_evolution_s10,v2,small_world_no_evolution,10,watts_strogatz,100,4,800,2,-1.000088900581841e-12,1,2,0.5,74,75
v2_small_world_no_evolution_s10,v2,small_world_no_evolution,10,watts_strogatz,100,4,801,93,3.1239385094141774,30,93,0.3225806451612903,49,24
v2_small_world_no_evolution_s10,v2,small_world_no_evolution,10,watts_strogatz,100,4,802,222,3.4783868911697344,82,222,0.36936936936936937,41,56
v2_small_world_no_evolution_s10,v2,small_world_no_evolution,10,watts_strogatz,100,4,803,104,3.2491274088477446,32,104,0.3076923076923077,53,24
v2_small_world_no_evolution_s10,v2,small_world_no_evolution,10,watts_strogatz,100,4,804,55,2.2071079677388235,20,55,0.36363636363636365,98,56
v2_small_world_no_evolution_s10,v2,small_world_no_evolution,10,watts_strogatz,100,4,805,11,1.0986122886651095,3,11,0.2727272727272727,39,73
v2_small_world_no_evolution_s10,v2,small_world_no_evolution,10,watts_strogatz,100,4,806,230,3.9295875210711246,90,230,0.391304347826087,67,75
v2_small_world_no_evolution_s10,v2,small_world_no_evolution,10,watts_strogatz,100,4,807,18,1.0986122886651095,3,18,0.16666666666666666,23,24
v2_small_world_no_evolution_s10,v2,small_world_no_evolution,10,watts_strogatz,100,4,808,18,1.0986122886651095,3,18,0.16666666666666666,69,72
v2_small_world_no_evolution_s10,v2,small_world_no_evolution,10,watts_strogatz,100,4,809,186,3.662706791853119,72,186,0.3870967741935484,9,56
v2_small_world_no_evolution_s10,v2,small_world_no_evolution,10,watts_strogatz,100,4,810,254,3.911970020223592,82,254,0.3228346456692913,15,24
v2_small_world_no_evolution_s10,v2,small_world_no_evolution,10,watts_strogatz,100,4,811,23,2.079441541671836,8,23,0.34782608695652173,70,24
v2_small_world_no_evolution_s10,v2,small_world_no_evolution,10,watts_strogatz,100,4,812,103,3.3478774190495706,34,103,0.3300970873786408,3,24
v2_small_world_no_evolution_s10,v2,small_world_no_evolution,10,watts_strogatz,100,4,813,105,2.872141746494644,39,105,0.37142857142857144,64,72
v2_small_world_no_evolution_s10,v2,small_world_no_evolution,10,watts_strogatz,100,4,814,236,3.927746420832807,88,236,0.3728813559322034,37,56
v2_small_world_no_evolution_s10,v2,small_world_no_evolution,10,watts_strogatz,100,4,815,97,3.2146789607444166,41,97,0.422680412371134,60,56
v2_small_world_no_evolution_s10,v2,small_world_no_evolution,10,watts_strogatz,100,4,816,357,4.422748014294682,131,357,0.36694677871148457,93,24
v2_small_world_no_evolution_s10,v2,small_world_no_evolution,10,watts_strogatz,100,4,817,310,3.730248446421304,103,310,0.33225806451612905,13,24
v2_small_world_no_evolution_s10,v2,small_world_no_evolution,10,watts_strogatz,100,4,818,41,2.6525875347051477,19,41,0.4634146341463415,44,73
v2_small_world_no_evolution_s10,v2,small_world_no_evolution,10,watts_strogatz,100,4,819,136,3.520284037568885,49,136,0.3602941176470588,88,24
v2_small_world_no_evolution_s10,v2,small_world_no_evolution,10,watts_strogatz,100,4,820,10,1.0986122886651095,3,10,0.3,59,56
v2_small_world_no_evolution_s10,v2,small_world_no_evolution,10,watts_strogatz,100,4,821,39,2.079441541671836,8,39,0.20512820512820512,34,24
v2_small_world_no_evolution_s10,v2,small_world_no_evolution,10,watts_strogatz,100,4,822,192,4.14292717825952,85,192,0.4427083333333333,91,24
v2_small_world_no_evolution_s10,v2,small_world_no_evolution,10,watts_strogatz,100,4,823,77,3.2551105127007407,31,77,0.4025974025974026,54,72
v2_small_world_no_evolution_s10,v2,small_world_no_evolution,10,watts_strogatz,100,4,824,4,-1.000088900581841e-12,1,4,0.25,71,72
v2_small_world_no_evolution_s10,v2,small_world_no_evolution,10,watts_strogatz,100,4,825,43,2.787788119369007,20,43,0.46511627906976744,17,56
v2_small_world_no_evolution_s10,v2,small_world_no_evolution,10,watts_strogatz,100,4,826,0,0.0,0,0,,24,24
v2_small_world_no_evolution_s10,v2,small_world_no_evolution,10,watts_strogatz,100,4,827,280,4.290486740248037,99,280,0.3535714285714286,18,73
v2_small_world_no_evolution_s10,v2,small_world_no_evolution,10,watts_strogatz,100,4,828,37,2.685945324654788,16,37,0.43243243243243246,88,73
v2_small_world_no_evolution_s10,v2,small_world_no_evolution,10,watts_strogatz,100,4,829,79,3.2551105127007407,31,79,0.3924050632911392,6,24
v2_small_world_no_evolution_s10,v2,small_world_no_evolution,10,watts_strogatz,100,4,830,39,2.736339051089065,18,39,0.46153846153846156,25,24
v2_small_world_no_evolution_s10,v2,small_world_no_evolution,10,watts_strogatz,100,4,831,23,1.9459101490483133,7,23,0.30434782608695654,39,24
v2_small_world_no_evolution_s10,v2,small_world_no_evolution,10,watts_strogatz,100,4,832,91,3.237009534987834,39,91,0.42857142857142855,64,24
v2_small_world_no_evolution_s10,v2,small_world_no_evolution,10,watts_strogatz,100,4,833,591,4.9069758323960375,231,591,0.39086294416243655,99,24
v2_small_world_no_evolution_s10,v2,small_world_no_evolution,10,watts_strogatz,100,4,834,16,1.9459101490483133,7,16,0.4375,19,24
v2_small_world_no_evolution_s10,v2,small_world_no_evolution,10,watts_strogatz,100,4,835,1,-1.000088900581841e-12,1,1,1.0,71,73
v2_small_world_no_evolution_s10,v2,small_world_no_evolution,10,watts_strogatz,100,4,836,96,3.1239385094141774,30,96,0.3125,2,72
v2_small_world_no_evolution_s10,v2,small_world_no_evolution,10,watts_strogatz,100,4,837,256,3.814731227336412,89,256,0.34765625,43,56
v2_small_world_no_evolution_s10,v2,small_world_no_evolution,10,watts_strogatz,100,4,838,77,2.8979325974534653,26,77,0.33766233766233766,29,24
v2_small_world_no_evolution_s10,v2,small_world_no_evolution,10,watts_strogatz,100,4,839,18,1.5607104090364068,6,18,0.3333333333333333,57,56
v2_small_world_no_evolution_s10,v2,small_world_no_evolution,10,watts_strogatz,100,4,840,136,3.687185451308228,51,136,0.375,95,56
v2_small_world_no_evolution_s10,v2,small_world_no_evolution,10,watts_strogatz,100,4,841,296,4.255740743951459,114,296,0.38513513513513514,9,75
v2_small_world_no_evolution_s10,v2,small_world_no_evolution,10,watts_strogatz,100,4,842,114,3.503284885682769,43,114,0.37719298245614036,99,24
v2_small_world_no_evolution_s10,v2,small_world_no_evolution,10,watts_strogatz,100,4,843,141,3.4161820170347355,48,141,0.3404255319148936,59,56
v2_small_world_no_evolution_s10,v2,small_world_no_evolution,10,watts_strogatz,100,4,844,56,2.912494403312053,21,56,0.375,87,72
v2_small_world_no_evolution_s10,v2,small_world_no_evolution,10,watts_strogatz,100,4,845,16,1.791759469222055,6,16,0.375,68,73
v2_small_world_no_evolution_s10,v2,small_world_no_evolution,10,watts_strogatz,100,4,846,124,3.5579369467630384,51,124,0.4112903225806452,50,73
v2_small_world_no_evolution_s10,v2,small_world_no_evolution,10,watts_strogatz,100,4,847,44,2.871476118036867,19,44,0.4318181818181818,12,24
v2_small_world_no_evolution_s10,v2,small_world_no_evolution,10,watts_strogatz,100,4,848,28,2.311423444680973,13,28,0.4642857142857143,81,72
v2_small_world_no_evolution_s10,v2,small_world_no_evolution,10,watts_strogatz,100,4,849,8,1.0986122886651095,3,8,0.375,77,75
v2_small_world_no_evolution_s10,v2,small_world_no_evolution,10,watts_strogatz,100,4,850,112,3.1922120833872283,48,112,0.42857142857142855,21,24
v2_small_world_no_evolution_s10,v2,small_world_no_evolution,10,watts_strogatz,100,4,851,102,3.352360333881,39,102,0.38235294117647056,88,24
v2_small_world_no_evolution_s10,v2,small_world_no_evolution,10,watts_strogatz,100,4,852,21,2.3516733018936304,13,21,0.6190476190476191,30,24
v2_small_world_no_evolution_s10,v2,small_world_no_evolution,10,watts_strogatz,100,4,853,51,3.044522437702424,21,51,0.4117647058823529,80,56
v2_small_world_no_evolution_s10,v2,small_world_no_evolution,10,watts_strogatz,100,4,854,2,-1.000088900581841e-12,1,2,0.5,22,24
v2_small_world_no_evolution_s10,v2,small_world_no_evolution,10,watts_strogatz,100,4,855,204,3.4047595014056204,79,204,0.3872549019607843,62,56
v2_small_world_no_evolution_s10,v2,small_world_no_evolution,10,watts_strogatz,100,4,856,106,3.6030496648045967,47,106,0.44339622641509435,15,24
v2_small_world_no_evolution_s10,v2,small_world_no_evolution,10,watts_strogatz,100,4,857,366,4.526187192322974,127,366,0.3469945355191257,13,56
v2_small_world_no_evolution_s10,v2,small_world_no_evolution,10,watts_strogatz,100,4,858,177,3.790661938753104,57,177,0.3220338983050847,41,56
v2_small_world_no_evolution_s10,v2,small_world_no_evolution,10,watts_strogatz,100,4,859,42,2.61563057701355,15,42,0.35714285714285715,64,75
v2_small_world_no_evolution_s10,v2,small_world_no_evolution,10,watts_strogatz,100,4,860,35,2.268605285623966,15,35,0.42857142857142855,52,56
v2_small_world_no_evolution_s10,v2,small_world_no_evolution,10,watts_strogatz,100,4,861,55,2.8332133440392155,17,55,0.3090909090909091,80,73
v2_small_world_no_evolution_s10,v2,small_world_no_evolution,10,watts_strogatz,100,4,862,24,2.1639556568730565,10,24,0.4166666666666667,61,56
v2_small_world_no_evolution_s10,v2,small_world_no_evolution,10,watts_strogatz,100,4,863,47,2.4583113296710835,13,47,0.2765957446808511,1,24
v2_small_world_no_evolution_s10,v2,small_world_no_evolution,10,watts_strogatz,100,4,864,461,4.663657867343118,165,461,0.3579175704989154,14,56
v2_small_world_no_evolution_s10,v2,small_world_no_evolution,10,watts_strogatz,100,4,865,190,3.7226573014350026,58,190,0.30526315789473685,47,24
v2_small_world_no_evolution_s10,v2,small_world_no_evolution,10,watts_strogatz,100,4,866,16,1.039720770836918,4,16,0.25,78,75
v2_small_world_no_evolution_s10,v2,small_world_no_evolution,10,watts_strogatz,100,4,867,34,2.5993019270857944,16,34,0.47058823529411764,83,56
v2_small_world_no_evolution_s10,v2,small_world_no_evolution,10,watts_strogatz,100,4,868,85,3.461048251949615,37,85,0.43529411764705883,91,24
v2_small_world_no_evolution_s10,v2,small_world_no_evolution,10,watts_strogatz,100,4,869,37,2.772588722223781,16,37,0.43243243243243246,51,73
v2_small_world_no_evolution_s10,v2,small_world_no_evolution,10,watts_strogatz,100,4,870,308,4.016320141202129,116,308,0.37662337662337664,85,72
v2_small_world_no_evolution_s10,v2,small_world_no_evolution,10,watts_strogatz,100,4,871,18,1.8891591637470213,9,18,0.5,44,24
v2_small_world_no_evolution_s10,v2,small_world_no_evolution,10,watts_strogatz,100,4,872,178,3.859967093023753,72,178,0.4044943820224719,83,56
v2_small_world_no_evolution_s10,v2,small_world_no_evolution,10,watts_strogatz,100,4,873,36,2.5649493574485365,13,36,0.3611111111111111,29,73
v2_small_world_no_evolution_s10,v2,small_world_no_evolution,10,watts_strogatz,100,4,874,25,2.2718685126865625,11,25,0.44,30,72
v2_small_world_no_evolution_s10,v2,small_world_no_evolution,10,watts_strogatz,100,4,875,94,3.3573060098708574,35,94,0.3723404255319149,84,56
v2_small_world_no_evolution_s10,v2,small_world_no_evolution,10,watts_strogatz,100,4,876,3,0.6931471805579453,2,3,0.6666666666666666,38,73
v2_small_world_no_evolution_s10,v2,small_world_no_evolution,10,watts_strogatz,100,4,877,24,1.8891591637470213,9,24,0.375,61,56
v2_small_world_no_evolution_s10,v2,small_world_no_evolution,10,watts_strogatz,100,4,878,43,2.5823063442999667,18,43,0.4186046511627907,28,72
v2_small_world_no_evolution_s10,v2,small_world_no_evolution,10,watts_strogatz,100,4,879,17,1.9459101490483133,7,17,0.4117647058823529,43,73
v2_small_world_no_evolution_s10,v2,small_world_no_evolution,10,watts_strogatz,100,4,880,27,2.2718685126865625,11,27,0.4074074074074074,40,24
v2_small_world_no_evolution_s10,v2,small_world_no_evolution,10,watts_strogatz,100,4,881,708,4.634573163001723,261,708,0.3686440677966102,88,56
v2_small_world_no_evolution_s10,v2,small_world_no_evolution,10,watts_strogatz,100,4,882,326,4.23269428095069,127,326,0.3895705521472393,92,24
v2_small_world_no_evolution_s10,v2,small_world_no_evolution,10,watts_strogatz,100,4,883,3,-1.000088900581841e-12,1,3,0.3333333333333333,39,24
v2_small_world_no_evolution_s10,v2,small_world_no_evolution,10,watts_strogatz,100,4,884,13,1.791759469222055,6,13,0.46153846153846156,62,56
v2_small_world_no_evolution_s10,v2,small_world_no_evolution,10,watts_strogatz,100,4,885,44,2.7985132569262934,19,44,0.4318181818181818,48,56
v2_small_world_no_evolution_s10,v2,small_world_no_evolution,10,watts_strogatz,100,4,886,83,3.260918854185786,36,83,0.43373493975903615,53,56
v2_small_world_no_evolution_s10,v2,small_world_no_evolution,10,watts_strogatz,100,4,887,566,4.523442368135365,196,566,0.3462897526501767,12,72
v2_small_world_no_evolution_s10,v2,small_world_no_evolution,10,watts_strogatz,100,4,888,378,4.33039056268414,127,378,0.335978835978836,45,24
v2_small_world_no_evolution_s10,v2,small_world_no_evolution,10,watts_strogatz,100,4,889,244,3.984971309710683,87,244,0.35655737704918034,83,24
v2_small_world_no_evolution_s10,v2,small_world_no_evolution,10,watts_strogatz,100,4,890,158,3.548326633361444,53,158,0.33544303797468356,43,56
v2_small_world_no_evolution_s10,v2,small_world_no_evolution,10,watts_strogatz,100,4,891,264,4.068254793760269,108,264,0.4090909090909091,46,56
v2_small_world_no_evolution_s10,v2,small_world_no_evolution,10,watts_strogatz,100,4,892,113,3.3203623230096757,37,113,0.3274336283185841,20,56
v2_small_world_no_evolution_s10,v2,small_world_no_evolution,10,watts_strogatz,100,4,893,0,0.0,0,0,,56,56
v2_small_world_no_evolution_s10,v2,small_world_no_evolution,10,watts_strogatz,100,4,894,0,0.0,0,0,,24,24
v2_small_world_no_evolution_s10,v2,small_world_no_evolution,10,watts_strogatz,100,4,895,752,4.906655661325658,292,752,0.3882978723404255,98,75
v2_small_world_no_evolution_s10,v2,small_world_no_evolution,10,watts_strogatz,100,4,896,90,3.183922421639312,35,90,0.3888888888888889,87,75
v2_small_world_no_evolution_s10,v2,small_world_no_evolution,10,watts_strogatz,100,4,897,230,3.9062822456867945,85,230,0.3695652173913043,99,24
v2_small_world_no_evolution_s10,v2,small_world_no_evolution,10,watts_strogatz,100,4,898,101,3.222520735591929,38,101,0.37623762376237624,1,24
v2_small_world_no_evolution_s10,v2,small_world_no_evolution,10,watts_strogatz,100,4,899,96,2.939099261268858,30,96,0.3125,33,24
v2_small_world_no_evolution_s10,v2,small_world_no_evolution,10,watts_strogatz,100,4,900,3,-1.000088900581841e-12,1,3,0.3333333333333333,55,56
v2_small_world_no_evolution_s10,v2,small_world_no_evolution,10,watts_strogatz,100,4,901,267,4.065748022920429,92,267,0.3445692883895131,14,24
v2_small_world_no_evolution_s10,v2,small_world_no_evolution,10,watts_strogatz,100,4,902,48,3.0149468801585937,23,48,0.4791666666666667,17,24
v2_small_world_no_evolution_s10,v2,small_world_no_evolution,10,watts_strogatz,100,4,903,54,3.0910424533363146,22,54,0.4074074074074074,31,24
v2_small_world_no_evolution_s10,v2,small_world_no_evolution,10,watts_strogatz,100,4,904,507,4.463091026697869,182,507,0.358974358974359,96,56
v2_small_world_no_evolution_s10,v2,small_world_no_evolution,10,watts_strogatz,100,4,905,105,3.179793239778063,39,105,0.37142857142857144,15,24
v2_small_world_no_evolution_s10,v2,small_world_no_evolution,10,watts_strogatz,100,4,906,305,4.199803695562137,121,305,0.39672131147540984,39,73
v2_small_world_no_evolution_s10,v2,small_world_no_evolution,10,watts_strogatz,100,4,907,142,3.058090416857857,37,142,0.2605633802816901,91,73
v2_small_world_no_evolution_s10,v2,small_world_no_evolution,10,watts_strogatz,100,4,908,151,3.848483638154688,57,151,0.37748344370860926,91,24
v2_small_world_no_evolution_s10,v2,small_world_no_evolution,10,watts_strogatz,100,4,909,145,3.61217068657978,58,145,0.4,86,75
v2_small_world_no_evolution_s10,v2,small_world_no_evolution,10,watts_strogatz,100,4,910,121,3.4281482517292834,42,121,0.34710743801652894,79,72
v2_small_world_no_evolution_s10,v2,small_world_no_evolution,10,watts_strogatz,100,4,911,32,2.1383330594990277,12,32,0.375,30,72
v2_small_world_no_evolution_s10,v2,small_world_no_evolution,10,watts_strogatz,100,4,912,489,4.091367052625156,173,489,0.3537832310838446,80,56
v2_small_world_no_evolution_s10,v2,small_world_no_evolution,10,watts_strogatz,100,4,913,141,3.51118716646295,43,141,0.3049645390070922,45,24
v2_small_world_no_evolution_s10,v2,small_world_no_evolution,10,watts_strogatz,100,4,914,233,4.176419523635492,79,233,0.33905579399141633,28,24
v2_small_world_no_evolution_s10,v2,small_world_no_evolution,10,watts_strogatz,100,4,915,73,2.813355404483615,18,73,0.2465753424657534,67,56
v2_small_world_no_evolution_s10,v2,small_world_no_evolution,10,watts_strogatz,100,4,916,16,1.9459101490483133,7,16,0.4375,47,56
v2_small_world_no_evolution_s10,v2,small_world_no_evolution,10,watts_strogatz,100,4,917,0,0.0,0,0,,24,24
v2_small_world_no_evolution_s10,v2,small_world_no_evolution,10,watts_strogatz,100,4,918,13,1.039720770836918,4,13,0.3076923076923077,77,75
v2_small_world_no_evolution_s10,v2,small_world_no_evolution,10,watts_strogatz,100,4,919,169,3.6509524206894217,58,169,0.3431952662721893,33,24
v2_small_world_no_evolution_s10,v2,small_world_no_evolution,10,watts_strogatz,100,4,920,193,3.732840239351519,57,193,0.29533678756476683,98,56
v2_small_world_no_evolution_s10,v2,small_world_no_evolution,10,watts_strogatz,100,4,921,20,1.7328679513938632,8,20,0.4,64,56
v2_small_world_no_evolution_s10,v2,small_world_no_evolution,10,watts_strogatz,100,4,922,0,0.0,0,0,,75,75
v2_small_world_no_evolution_s10,v2,small_world_no_evolution,10,watts_strogatz,100,4,923,46,2.9650156932365066,22,46,0.4782608695652174,95,56
v2_small_world_no_evolution_s10,v2,small_world_no_evolution,10,watts_strogatz,100,4,924,18,1.6094379124291005,5,18,0.2777777777777778,23,24
v2_small_world_no_evolution_s10,v2,small_world_no_evolution,10,watts_strogatz,100,4,925,26,2.5649493574485365,13,26,0.5,38,73
v2_small_world_no_evolution_s10,v2,small_world_no_evolution,10,watts_strogatz,100,4,926,0,0.0,0,0,,24,24
v2_small_world_no_evolution_s10,v2,small_world_no_evolution,10,watts_strogatz,100,4,927,69,2.912494403312053,21,69,0.30434782608695654,78,75
v2_small_world_no_evolution_s10,v2,small_world_no_evolution,10,watts_strogatz,100,4,928,129,3.714367693682127,51,129,0.3953488372093023,89,24
v2_small_world_no_evolution_s10,v2,small_world_no_evolution,10,watts_strogatz,100,4,929,30,2.3978952727873706,11,30,0.36666666666666664,1,24
v2_small_world_no_evolution_s10,v2,small_world_no_evolution,10,watts_strogatz,100,4,930,40,2.253857589591352,12,40,0.3,63,72
v2_small_world_no_evolution_s10,v2,small_world_no_evolution,10,watts_strogatz,100,4,931,1,-1.000088900581841e-12,1,1,1.0,74,72
v2_small_world_no_evolution_s10,v2,small_world_no_evolution,10,watts_strogatz,100,4,932,4,0.6931471805579453,2,4,0.5,79,75
v2_small_world_no_evolution_s10,v2,small_world_no_evolution,10,watts_strogatz,100,4,933,20,1.791759469222055,6,20,0.3,11,24
v2_small_world_no_evolution_s10,v2,small_world_no_evolution,10,watts_strogatz,100,4,934,1,-1.000088900581841e-12,1,1,1.0,39,24
v2_small_world_no_evolution_s10,v2,small_world_no_evolution,10,watts_strogatz,100,4,935,145,3.995254205526184,68,145,0.4689655172413793,20,56
v2_small_world_no_evolution_s10,v2,small_world_no_evolution,10,watts_strogatz,100,4,936,59,2.7555497906471795,21,59,0.3559322033898305,20,24
v2_small_world_no_evolution_s10,v2,small_world_no_evolution,10,watts_strogatz,100,4,937,70,2.831480240049973,24,70,0.34285714285714286,64,56
v2_small_world_no_evolution_s10,v2,small_world_no_evolution,10,watts_strogatz,100,4,938,132,3.2562985869472767,44,132,0.3333333333333333,0,24
v2_small_world_no_evolution_s10,v2,small_world_no_evolution,10,watts_strogatz,100,4,939,542,4.646084268655926,193,542,0.35608856088560886,45,24
v2_small_world_no_evolution_s10,v2,small_world_no_evolution,10,watts_strogatz,100,4,940,193,3.810533847460721,82,193,0.42487046632124353,9,56
v2_small_world_no_evolution_s10,v2,small_world_no_evolution,10,watts_strogatz,100,4,941,45,2.625048158717539,19,45,0.4222222222222222,2,24
v2_small_world_no_evolution_s10,v2,small_world_no_evolution,10,watts_strogatz,100,4,942,24,2.484906649776,12,24,0.5,42,24
v2_small_world_no_evolution_s10,v2,small_world_no_evolution,10,watts_strogatz,100,4,943,334,4.212471845462521,135,334,0.4041916167664671,97,24
v2_small_world_no_evolution_s10,v2,small_world_no_evolution,10,watts_strogatz,100,4,944,18,2.302585092984045,10,18,0.5555555555555556,85,75
v2_small_world_no_evolution_s10,v2,small_world_no_evolution,10,watts_strogatz,100,4,945,118,3.387906343139484,39,118,0.3305084745762712,45,56
v2_small_world_no_evolution_s10,v2,small_world_no_evolution,10,watts_strogatz,100,4,946,41,2.302585092984045,10,41,0.24390243902439024,25,24
v2_small_world_no_evolution_s10,v2,small_world_no_evolution,10,watts_strogatz,100,4,947,516,4.732595930427879,180,516,0.3488372093023256,3,24
v2_small_world_no_evolution_s10,v2,small_world_no_evolution,10,watts_strogatz,100,4,948,31,2.4583113296710835,13,31,0.41935483870967744,14,73
v2_small_world_no_evolution_s10,v2,small_world_no_evolution,10,watts_strogatz,100,4,949,106,3.3573060098708574,35,106,0.330188679245283,88,73
v2_small_world_no_evolution_s10,v2,small_world_no_evolution,10,watts_strogatz,100,4,950,47,2.7985132569262934,19,47,0.40425531914893614,84,24
v2_small_world_no_evolution_s10,v2,small_world_no_evolution,10,watts_strogatz,100,4,951,258,4.101821095269733,101,258,0.39147286821705424,95,24
v2_small_world_no_evolution_s10,v2,small_world_no_evolution,10,watts_strogatz,100,4,952,100,3.3909780549362365,36,100,0.36,82,24
v2_small_world_no_evolution_s10,v2,small_world_no_evolution,10,watts_strogatz,100,4,953,688,4.714551369689682,247,688,0.35901162790697677,29,24
v2_small_world_no_evolution_s10,v2,small_world_no_evolution,10,watts_strogatz,100,4,954,236,3.992085345727306,81,236,0.3432203389830508,37,56
v2_small_world_no_evolution_s10,v2,small_world_no_evolution,10,watts_strogatz,100,4,955,15,1.3862943611158909,4,15,0.26666666666666666,61,56
v2_small_world_no_evolution_s10,v2,small_world_no_evolution,10,watts_strogatz,100,4,956,0,0.0,0,0,,72,72
v2_small_world_no_evolution_s10,v2,small_world_no_evolution,10,watts_strogatz,100,4,957,9,1.6094379124291005,5,9,0.5555555555555556,80,72
v2_small_world_no_evolution_s10,v2,small_world_no_evolution,10,watts_strogatz,100,4,958,121,3.295527960462429,44,121,0.36363636363636365,98,24
v2_small_world_no_evolution_s10,v2,small_world_no_evolution,10,watts_strogatz,100,4,959,674,4.291307525543396,250,674,0.37091988130563797,43,56
v2_small_world_no_evolution_s10,v2,small_world_no_evolution,10,watts_strogatz,100,4,960,115,3.3985393782638447,40,115,0.34782608695652173,2,73
v2_small_world_no_evolution_s10,v2,small_world_no_evolution,10,watts_strogatz,100,4,961,8,0.6931471805579453,2,8,0.25,76,75
v2_small_world_no_evolution_s10,v2,small_world_no_evolution,10,watts_strogatz,100,4,962,176,3.499837572503676,71,176,0.4034090909090909,21,24
v2_small_world_no_evolution_s10,v2,small_world_no_evolution,10,watts_strogatz,100,4,963,26,2.302585092984045,10,26,0.38461538461538464,78,75
v2_small_world_no_evolution_s10,v2,small_world_no_evolution,10,watts_strogatz,100,4,964,25,1.9459101490483133,7,25,0.28,57,56
v2_small_world_no_evolution_s10,v2,small_world_no_evolution,10,watts_strogatz,100,4,965,139,3.166189610583638,53,139,0.381294964028777,40,75
v2_small_world_no_evolution_s10,v2,small_world_no_evolution,10,watts_strogatz,100,4,966,636,4.760326345087218,237,636,0.37264150943396224,31,24
v2_small_world_no_evolution_s10,v2,small_world_no_evolution,10,watts_strogatz,100,4,967,10,1.791759469222055,6,10,0.6,71,72
v2_small_world_no_evolution_s10,v2,small_world_no_evolution,10,watts_strogatz,100,4,968,67,3.1418041591892294,27,67,0.40298507462686567,90,73
v2_small_world_no_evolution_s10,v2,small_world_no_evolution,10,watts_strogatz,100,4,969,40,2.253857589591352,12,40,0.3,32,24
v2_small_world_no_evolution_s10,v2,small_world_no_evolution,10,watts_strogatz,100,4,970,27,1.9459101490483133,7,27,0.25925925925925924,46,73
v2_small_world_no_evolution_s10,v2,small_world_no_evolution,10,watts_strogatz,100,4,971,5,1.0986122886651095,3,5,0.6,44,73
v2_small_world_no_evolution_s10,v2,small_world_no_evolution,10,watts_strogatz,100,4,972,65,2.769287880058923,29,65,0.4461538461538462,85,56
v2_small_world_no_evolution_s10,v2,small_world_no_evolution,10,watts_strogatz,100,4,973,63,2.665394159967387,22,63,0.3492063492063492,33,24
v2_small_world_no_evolution_s10,v2,small_world_no_evolution,10,watts_strogatz,100,4,974,30,2.3978952727873706,11,30,0.36666666666666664,14,24
v2_small_world_no_evolution_s10,v2,small_world_no_evolution,10,watts_strogatz,100,4,975,32,1.820075975353621,12,32,0.375,51,56
v2_small_world_no_evolution_s10,v2,small_world_no_evolution,10,watts_strogatz,100,4,976,0,0.0,0,0,,72,72
v2_small_world_no_evolution_s10,v2,small_world_no_evolution,10,watts_strogatz,100,4,977,223,3.5739523669067053,72,223,0.32286995515695066,1,24
v2_small_world_no_evolution_s10,v2,small_world_no_evolution,10,watts_strogatz,100,4,978,31,2.393312122962524,16,31,0.5161290322580645,18,24
v2_small_world_no_evolution_s10,v2,small_world_no_evolution,10,watts_strogatz,100,4,979,27,1.3862943611158909,4,27,0.14814814814814814,28,24
v2_small_world_no_evolution_s10,v2,small_world_no_evolution,10,watts_strogatz,100,4,980,5,-1.000088900581841e-12,1,5,0.2,40,73
v2_small_world_no_evolution_s10,v2,small_world_no_evolution,10,watts_strogatz,100,4,981,65,2.7985132569262934,19,65,0.2923076923076923,78,56
v2_small_world_no_evolution_s10,v2,small_world_no_evolution,10,watts_strogatz,100,4,982,31,2.751666616915516,17,31,0.5483870967741935,34,24
v2_small_world_no_evolution_s10,v2,small_world_no_evolution,10,watts_strogatz,100,4,983,130,3.5028254146017286,48,130,0.36923076923076925,63,73
v2_small_world_no_evolution_s10,v2,small_world_no_evolution,10,watts_strogatz,100,4,984,233,3.992085345726306,81,233,0.34763948497854075,8,24
v2_small_world_no_evolution_s10,v2,small_world_no_evolution,10,watts_strogatz,100,4,985,190,4.058713166066265,75,190,0.39473684210526316,45,72
v2_small_world_no_evolution_s10,v2,small_world_no_evolution,10,watts_strogatz,100,4,986,113,3.4572307303623644,44,113,0.3893805309734513,41,75
v2_small_world_no_evolution_s10,v2,small_world_no_evolution,10,watts_strogatz,100,4,987,86,2.9448325079687425,33,86,0.38372093023255816,40,73
v2_small_world_no_evolution_s10,v2,small_world_no_evolution,10,watts_strogatz,100,4,988,21,1.791759469222055,6,21,0.2857142857142857,13,24
v2_small_world_no_evolution_s10,v2,small_world_no_evolution,10,watts_strogatz,100,4,989,385,4.191700858152458,139,385,0.36103896103896105,60,73
v2_small_world_no_evolution_s10,v2,small_world_no_evolution,10,watts_strogatz,100,4,990,42,2.540036303807981,14,42,0.3333333333333333,23,72
v2_small_world_no_evolution_s10,v2,small_world_no_evolution,10,watts_strogatz,100,4,991,225,3.8534733943193302,78,225,0.3466666666666667,53,73
v2_small_world_no_evolution_s10,v2,small_world_no_evolution,10,watts_strogatz,100,4,992,1,-1.000088900581841e-12,1,1,1.0,74,75
v2_small_world_no_evolution_s10,v2,small_world_no_evolution,10,watts_strogatz,100,4,993,177,3.8893988338487615,70,177,0.3954802259887006,10,24
v2_small_world_no_evolution_s10,v2,small_world_no_evolution,10,watts_strogatz,100,4,994,255,3.866999470116982,91,255,0.3568627450980392,99,73
v2_small_world_no_evolution_s10,v2,small_world_no_evolution,10,watts_strogatz,100,4,995,54,2.8113759572431496,23,54,0.42592592592592593,85,24
v2_small_world_no_evolution_s10,v2,small_world_no_evolution,10,watts_strogatz,100,4,996,54,2.830940430235774,20,54,0.37037037037037035,16,24
v2_small_world_no_evolution_s10,v2,small_world_no_evolution,10,watts_strogatz,100,4,997,10,1.6094379124291005,5,10,0.5,53,24
v2_small_world_no_evolution_s10,v2,small_world_no_evolution,10,watts_strogatz,100,4,998,46,2.540036303807981,14,46,0.30434782608695654,57,56
v2_small_world_no_evolution_s10,v2,small_world_no_evolution,10,watts_strogatz,100,4,999,145,3.6901597016569223,57,145,0.3931034482758621,2,72
