run_id,validation_version,condition,seed,topology,n_nodes,degree,episode_idx,hitting_time,path_entropy,accepted_moves,attempted_moves,accept_rate,start_node,final_node
v2_erdos_renyi_baseline_s20,v2,erdos_renyi_baseline,20,erdos_renyi,100,4,0,58,3.1780538303239454,24,58,0.41379310344827586,6,40
v2_erdos_renyi_baseline_s20,v2,erdos_renyi_baseline,20,erdos_renyi,100,4,1,18,1.3862943611158909,4,18,0.2222222222222222,42,53
v2_erdos_renyi_baseline_s20,v2,erdos_renyi_baseline,20,erdos_renyi,100,4,2,70,2.6004311798653243,24,70,0.34285714285714286,41,53
v2_erdos_renyi_baseline_s20,v2,erdos_renyi_baseline,20,erdos_renyi,100,4,3,38,2.813355404483615,18,38,0.47368421052631576,99,52
v2_erdos_renyi_baseline_s20,v2,erdos_renyi_baseline,20,erdos_renyi,100,4,4,3,0.6931471805579453,2,3,0.6666666666666666,58,40
v2_erdos_renyi_baseline_s20,v2,erdos_renyi_baseline,20,erdos_renyi,100,4,5,8,1.0986122886651095,3,8,0.375,16,15
v2_erdos_renyi_baseline_s20,v2,erdos_renyi_baseline,20,erdos_renyi,100,4,6,21,1.5498260458732018,7,21,0.3333333333333333,0,53
v2_erdos_renyi_baseline_s20,v2,erdos_renyi_baseline,20,erdos_renyi,100,4,7,27,2.079441541671836,8,27,0.2962962962962963,16,88
v2_erdos_renyi_baseline_s20,v2,erdos_renyi_baseline,20,erdos_renyi,100,4,8,64,3.0047670351869598,24,64,0.375,96,52
v2_erdos_renyi_baseline_s20,v2,erdos_renyi_baseline,20,erdos_renyi,100,4,9,60,2.341994252221425,14,60,0.23333333333333334,62,40
v2_erdos_renyi_baseline_s20,v2,erdos_renyi_baseline,20,erdos_renyi,100,4,10,23,1.893788232384138,11,23,0.4782608695652174,0,40
v2_erdos_renyi_baseline_s20,v2,erdos_renyi_baseline,20,erdos_renyi,100,4,11,58,2.7985132569262934,19,58,0.3275862068965517,82,40
v2_erdos_renyi_baseline_s20,v2,erdos_renyi_baseline,20,erdos_renyi,100,4,12,14,1.3862943611158909,4,14,0.2857142857142857,93,40
v2_erdos_renyi_baseline_s20,v2,erdos_renyi_baseline,20,erdos_renyi,100,4,13,2,0.6931471805579453,2,2,1.0,6,15
v2_erdos_renyi_baseline_s20,v2,erdos_renyi_baseline,20,erdos_renyi,100,4,14,5,0.6931471805579453,2,5,0.4,86,88
v2_erdos_renyi_baseline_s20,v2,erdos_renyi_baseline,20,erdos_renyi,100,4,15,2,-1.000088900581841e-12,1,2,0.5,9,15
v2_erdos_renyi_baseline_s20,v2,erdos_renyi_baseline,20,erdos_renyi,100,4,16,27,1.9061547465328492,8,27,0.2962962962962963,82,15
v2_erdos_renyi_baseline_s20,v2,erdos_renyi_baseline,20,erdos_renyi,100,4,17,23,2.3978952727873706,11,23,0.4782608695652174,96,40
v2_erdos_renyi_baseline_s20,v2,erdos_renyi_baseline,20,erdos_renyi,100,4,18,27,2.5649493574485365,13,27,0.48148148148148145,90,15
v2_erdos_renyi_baseline_s20,v2,erdos_renyi_baseline,20,erdos_renyi,100,4,19,51,2.926417555478996,20,51,0.39215686274509803,79,88
v2_erdos_renyi_baseline_s20,v2,erdos_renyi_baseline,20,erdos_renyi,100,4,20,66,2.787788119369007,20,66,0.30303030303030304,51,40
v2_erdos_renyi_baseline_s20,v2,erdos_renyi_baseline,20,erdos_renyi,100,4,21,34,2.6701198897918164,17,34,0.5,43,40
v2_erdos_renyi_baseline_s20,v2,erdos_renyi_baseline,20,erdos_renyi,100,4,22,20,1.6094379124291005,5,20,0.25,9,15
v2_erdos_renyi_baseline_s20,v2,erdos_renyi_baseline,20,erdos_renyi,100,4,23,77,3.308777757559495,30,77,0.38961038961038963,96,88
v2_erdos_renyi_baseline_s20,v2,erdos_renyi_baseline,20,erdos_renyi,100,4,24,32,2.3978952727873706,11,32,0.34375,10,40
v2_erdos_renyi_baseline_s20,v2,erdos_renyi_baseline,20,erdos_renyi,100,4,25,3,0.6931471805579453,2,3,0.6666666666666666,89,88
v2_erdos_renyi_baseline_s20,v2,erdos_renyi_baseline,20,erdos_renyi,100,4,26,14,1.791759469222055,6,14,0.42857142857142855,5,40
v2_erdos_renyi_baseline_s20,v2,erdos_renyi_baseline,20,erdos_renyi,100,4,27,89,3.430313456117072,41,89,0.4606741573033708,1,15
v2_erdos_renyi_baseline_s20,v2,erdos_renyi_baseline,20,erdos_renyi,100,4,28,71,2.5896026814675634,27,71,0.38028169014084506,63,15
v2_erdos_renyi_baseline_s20,v2,erdos_renyi_baseline,20,erdos_renyi,100,4,29,8,0.6931471805579453,2,8,0.25,92,40
v2_erdos_renyi_baseline_s20,v2,erdos_renyi_baseline,20,erdos_renyi,100,4,30,17,1.9459101490483133,7,17,0.4117647058823529,11,52
v2_erdos_renyi_baseline_s20,v2,erdos_renyi_baseline,20,erdos_renyi,100,4,31,0,0.0,0,0,,52,52
v2_erdos_renyi_baseline_s20,v2,erdos_renyi_baseline,20,erdos_renyi,100,4,32,34,2.441015278014703,14,34,0.4117647058823529,86,15
v2_erdos_renyi_baseline_s20,v2,erdos_renyi_baseline,20,erdos_renyi,100,4,33,57,2.912494403312053,21,57,0.3684210526315789,41,40
v2_erdos_renyi_baseline_s20,v2,erdos_renyi_baseline,20,erdos_renyi,100,4,34,1,-1.000088900581841e-12,1,1,1.0,31,52
v2_erdos_renyi_baseline_s20,v2,erdos_renyi_baseline,20,erdos_renyi,100,4,35,79,2.8113759572431496,23,79,0.2911392405063291,74,52
v2_erdos_renyi_baseline_s20,v2,erdos_renyi_baseline,20,erdos_renyi,100,4,36,25,1.7328679513938632,8,25,0.32,6,15
v2_erdos_renyi_baseline_s20,v2,erdos_renyi_baseline,20,erdos_renyi,100,4,37,20,2.302585092984045,10,20,0.5,35,15
v2_erdos_renyi_baseline_s20,v2,erdos_renyi_baseline,20,erdos_renyi,100,4,38,9,1.6094379124291005,5,9,0.5555555555555556,61,52
v2_erdos_renyi_baseline_s20,v2,erdos_renyi_baseline,20,erdos_renyi,100,4,39,57,3.0149468801585937,23,57,0.40350877192982454,3,40
v2_erdos_renyi_baseline_s20,v2,erdos_renyi_baseline,20,erdos_renyi,100,4,40,31,2.7080502010872096,15,31,0.4838709677419355,27,88
v2_erdos_renyi_baseline_s20,v2,erdos_renyi_baseline,20,erdos_renyi,100,4,41,3,-1.000088900581841e-12,1,3,0.3333333333333333,4,40
v2_erdos_renyi_baseline_s20,v2,erdos_renyi_baseline,20,erdos_renyi,100,4,42,89,3.335770806415738,32,89,0.3595505617977528,21,40
v2_erdos_renyi_baseline_s20,v2,erdos_renyi_baseline,20,erdos_renyi,100,4,43,39,2.0253262207620675,10,39,0.2564102564102564,76,88
v2_erdos_renyi_baseline_s20,v2,erdos_renyi_baseline,20,erdos_renyi,100,4,44,50,2.7985132569262934,19,50,0.38,49,52
v2_erdos_renyi_baseline_s20,v2,erdos_renyi_baseline,20,erdos_renyi,100,4,45,207,4.20816455995528,85,207,0.4106280193236715,95,53
v2_erdos_renyi_baseline_s20,v2,erdos_renyi_baseline,20,erdos_renyi,100,4,46,6,0.6931471805579453,2,6,0.3333333333333333,79,88
v2_erdos_renyi_baseline_s20,v2,erdos_renyi_baseline,20,erdos_renyi,100,4,47,18,2.079441541671836,8,18,0.4444444444444444,57,40
v2_erdos_renyi_baseline_s20,v2,erdos_renyi_baseline,20,erdos_renyi,100,4,48,25,2.079441541671836,8,25,0.32,16,88
v2_erdos_renyi_baseline_s20,v2,erdos_renyi_baseline,20,erdos_renyi,100,4,49,10,0.6931471805579453,2,10,0.2,16,88
v2_erdos_renyi_baseline_s20,v2,erdos_renyi_baseline,20,erdos_renyi,100,4,50,138,3.730329367104976,60,138,0.43478260869565216,64,53
v2_erdos_renyi_baseline_s20,v2,erdos_renyi_baseline,20,erdos_renyi,100,4,51,63,2.752191546552043,22,63,0.3492063492063492,37,52
v2_erdos_renyi_baseline_s20,v2,erdos_renyi_baseline,20,erdos_renyi,100,4,52,112,3.708094060697539,46,112,0.4107142857142857,5,88
v2_erdos_renyi_baseline_s20,v2,erdos_renyi_baseline,20,erdos_renyi,100,4,53,0,0.0,0,0,,52,52
v2_erdos_renyi_baseline_s20,v2,erdos_renyi_baseline,20,erdos_renyi,100,4,54,71,3.2580965379954825,26,71,0.36619718309859156,91,88
v2_erdos_renyi_baseline_s20,v2,erdos_renyi_baseline,20,erdos_renyi,100,4,55,27,2.1639556568730565,10,27,0.37037037037037035,9,53
v2_erdos_renyi_baseline_s20,v2,erdos_renyi_baseline,20,erdos_renyi,100,4,56,127,3.473613549462628,42,127,0.33070866141732286,80,40
v2_erdos_renyi_baseline_s20,v2,erdos_renyi_baseline,20,erdos_renyi,100,4,57,41,2.813355404483615,18,41,0.43902439024390244,71,40
v2_erdos_renyi_baseline_s20,v2,erdos_renyi_baseline,20,erdos_renyi,100,4,58,16,1.5607104090364066,6,16,0.375,90,88
v2_erdos_renyi_baseline_s20,v2,erdos_renyi_baseline,20,erdos_renyi,100,4,59,206,3.9823694817200432,83,206,0.4029126213592233,83,40
v2_erdos_renyi_baseline_s20,v2,erdos_renyi_baseline,20,erdos_renyi,100,4,60,114,3.731290168531232,51,114,0.4473684210526316,2,15
v2_erdos_renyi_baseline_s20,v2,erdos_renyi_baseline,20,erdos_renyi,100,4,61,80,3.4544986414005443,33,80,0.4125,22,40
v2_erdos_renyi_baseline_s20,v2,erdos_renyi_baseline,20,erdos_renyi,100,4,62,124,3.755676480770567,48,124,0.3870967741935484,27,88
v2_erdos_renyi_baseline_s20,v2,erdos_renyi_baseline,20,erdos_renyi,100,4,63,91,3.556923618315194,39,91,0.42857142857142855,17,52
v2_erdos_renyi_baseline_s20,v2,erdos_renyi_baseline,20,erdos_renyi,100,4,64,119,3.6183499446910528,48,119,0.40336134453781514,34,52
v2_erdos_renyi_baseline_s20,v2,erdos_renyi_baseline,20,erdos_renyi,100,4,65,20,2.302585092984045,10,20,0.5,74,53
v2_erdos_renyi_baseline_s20,v2,erdos_renyi_baseline,20,erdos_renyi,100,4,66,3,0.6931471805579453,2,3,0.6666666666666666,51,40
v2_erdos_renyi_baseline_s20,v2,erdos_renyi_baseline,20,erdos_renyi,100,4,67,26,2.61563057701355,15,26,0.5769230769230769,90,15
v2_erdos_renyi_baseline_s20,v2,erdos_renyi_baseline,20,erdos_renyi,100,4,68,0,0.0,0,0,,88,88
v2_erdos_renyi_baseline_s20,v2,erdos_renyi_baseline,20,erdos_renyi,100,4,69,0,0.0,0,0,,15,15
v2_erdos_renyi_baseline_s20,v2,erdos_renyi_baseline,20,erdos_renyi,100,4,70,10000,-1.000088900581841e-12,3650,10000,0.365,68,68
v2_erdos_renyi_baseline_s20,v2,erdos_renyi_baseline,20,erdos_renyi,100,4,71,0,0.0,0,0,,40,40
v2_erdos_renyi_baseline_s20,v2,erdos_renyi_baseline,20,erdos_renyi,100,4,72,10000,-1.000088900581841e-12,3741,10000,0.3741,68,68
v2_erdos_renyi_baseline_s20,v2,erdos_renyi_baseline,20,erdos_renyi,100,4,73,78,3.110236521363716,29,78,0.3717948717948718,8,53
v2_erdos_renyi_baseline_s20,v2,erdos_renyi_baseline,20,erdos_renyi,100,4,74,135,3.4365228305042805,35,135,0.25925925925925924,58,40
v2_erdos_renyi_baseline_s20,v2,erdos_renyi_baseline,20,erdos_renyi,100,4,75,0,0.0,0,0,,52,52
v2_erdos_renyi_baseline_s20,v2,erdos_renyi_baseline,20,erdos_renyi,100,4,76,40,2.772588722223781,16,40,0.4,95,53
v2_erdos_renyi_baseline_s20,v2,erdos_renyi_baseline,20,erdos_renyi,100,4,77,4,0.6931471805579453,2,4,0.5,75,40
v2_erdos_renyi_baseline_s20,v2,erdos_renyi_baseline,20,erdos_renyi,100,4,78,2,-1.000088900581841e-12,1,2,0.5,30,52
v2_erdos_renyi_baseline_s20,v2,erdos_renyi_baseline,20,erdos_renyi,100,4,79,32,2.0253262207620675,10,32,0.3125,81,40
v2_erdos_renyi_baseline_s20,v2,erdos_renyi_baseline,20,erdos_renyi,100,4,80,57,3.0280290732864104,22,57,0.38596491228070173,23,40
v2_erdos_renyi_baseline_s20,v2,erdos_renyi_baseline,20,erdos_renyi,100,4,81,8,1.3862943611158909,4,8,0.5,36,53
v2_erdos_renyi_baseline_s20,v2,erdos_renyi_baseline,20,erdos_renyi,100,4,82,37,3.062529300232621,24,37,0.6486486486486487,22,53
v2_erdos_renyi_baseline_s20,v2,erdos_renyi_baseline,20,erdos_renyi,100,4,83,93,3.498515667114017,37,93,0.3978494623655914,73,40
v2_erdos_renyi_baseline_s20,v2,erdos_renyi_baseline,20,erdos_renyi,100,4,84,2,-1.000088900581841e-12,1,2,0.5,34,40
v2_erdos_renyi_baseline_s20,v2,erdos_renyi_baseline,20,erdos_renyi,100,4,85,11,1.791759469222055,6,11,0.5454545454545454,91,88
v2_erdos_renyi_baseline_s20,v2,erdos_renyi_baseline,20,erdos_renyi,100,4,86,24,2.0431918705371204,9,24,0.375,21,52
v2_erdos_renyi_baseline_s20,v2,erdos_renyi_baseline,20,erdos_renyi,100,4,87,17,1.039720770836918,4,17,0.23529411764705882,34,40
v2_erdos_renyi_baseline_s20,v2,erdos_renyi_baseline,20,erdos_renyi,100,4,88,10000,-1.000088900581841e-12,3711,10000,0.3711,68,68
v2_erdos_renyi_baseline_s20,v2,erdos_renyi_baseline,20,erdos_renyi,100,4,89,0,0.0,0,0,,53,53
v2_erdos_renyi_baseline_s20,v2,erdos_renyi_baseline,20,erdos_renyi,100,4,90,9,1.3862943611158909,4,9,0.4444444444444444,5,40
v2_erdos_renyi_baseline_s20,v2,erdos_renyi_baseline,20,erdos_renyi,100,4,91,24,2.302585092984045,10,24,0.4166666666666667,69,52
v2_erdos_renyi_baseline_s20,v2,erdos_renyi_baseline,20,erdos_renyi,100,4,92,63,2.9785084205072385,21,63,0.3333333333333333,55,52
v2_erdos_renyi_baseline_s20,v2,erdos_renyi_baseline,20,erdos_renyi,100,4,93,0,0.0,0,0,,53,53
v2_erdos_renyi_baseline_s20,v2,erdos_renyi_baseline,20,erdos_renyi,100,4,94,12,1.9459101490483133,7,12,0.5833333333333334,69,40
v2_erdos_renyi_baseline_s20,v2,erdos_renyi_baseline,20,erdos_renyi,100,4,95,128,3.5601762861186548,42,128,0.328125,60,88
v2_erdos_renyi_baseline_s20,v2,erdos_renyi_baseline,20,erdos_renyi,100,4,96,1,-1.000088900581841e-12,1,1,1.0,32,88
v2_erdos_renyi_baseline_s20,v2,erdos_renyi_baseline,20,erdos_renyi,100,4,97,27,2.3046193848096714,14,27,0.5185185185185185,62,40
v2_erdos_renyi_baseline_s20,v2,erdos_renyi_baseline,20,erdos_renyi,100,4,98,29,2.3978952727873706,11,29,0.3793103448275862,30,40
v2_erdos_renyi_baseline_s20,v2,erdos_renyi_baseline,20,erdos_renyi,100,4,99,23,2.1639556568730565,10,23,0.43478260869565216,39,52
v2_erdos_renyi_baseline_s20,v2,erdos_renyi_baseline,20,erdos_renyi,100,4,100,127,3.8133529292274,53,127,0.41732283464566927,46,53
v2_erdos_renyi_baseline_s20,v2,erdos_renyi_baseline,20,erdos_renyi,100,4,101,41,2.7184734013140126,20,41,0.4878048780487805,30,52
v2_erdos_renyi_baseline_s20,v2,erdos_renyi_baseline,20,erdos_renyi,100,4,102,0,0.0,0,0,,53,53
v2_erdos_renyi_baseline_s20,v2,erdos_renyi_baseline,20,erdos_renyi,100,4,103,37,2.670119889791816,17,37,0.4594594594594595,51,53
v2_erdos_renyi_baseline_s20,v2,erdos_renyi_baseline,20,erdos_renyi,100,4,104,14,1.5607104090364068,6,14,0.42857142857142855,9,52
v2_erdos_renyi_baseline_s20,v2,erdos_renyi_baseline,20,erdos_renyi,100,4,105,10,1.791759469222055,6,10,0.6,89,88
v2_erdos_renyi_baseline_s20,v2,erdos_renyi_baseline,20,erdos_renyi,100,4,106,4,-1.000088900581841e-12,1,4,0.25,20,53
v2_erdos_renyi_baseline_s20,v2,erdos_renyi_baseline,20,erdos_renyi,100,4,107,119,3.897125545560404,57,119,0.4789915966386555,67,88
v2_erdos_renyi_baseline_s20,v2,erdos_renyi_baseline,20,erdos_renyi,100,4,108,226,4.084956471148567,77,226,0.3407079646017699,70,40
v2_erdos_renyi_baseline_s20,v2,erdos_renyi_baseline,20,erdos_renyi,100,4,109,29,2.0431918705371204,9,29,0.3103448275862069,73,40
v2_erdos_renyi_baseline_s20,v2,erdos_renyi_baseline,20,erdos_renyi,100,4,110,28,2.2718685126865625,11,28,0.39285714285714285,38,40
v2_erdos_renyi_baseline_s20,v2,erdos_renyi_baseline,20,erdos_renyi,100,4,111,104,3.444813797459462,34,104,0.3269230769230769,33,15
v2_erdos_renyi_baseline_s20,v2,erdos_renyi_baseline,20,erdos_renyi,100,4,112,21,1.791759469222055,6,21,0.2857142857142857,64,88
v2_erdos_renyi_baseline_s20,v2,erdos_renyi_baseline,20,erdos_renyi,100,4,113,92,3.337935207579336,36,92,0.391304347826087,13,40
v2_erdos_renyi_baseline_s20,v2,erdos_renyi_baseline,20,erdos_renyi,100,4,114,11,1.6094379124291005,5,11,0.45454545454545453,4,40
v2_erdos_renyi_baseline_s20,v2,erdos_renyi_baseline,20,erdos_renyi,100,4,115,1,-1.000088900581841e-12,1,1,1.0,59,40
v2_erdos_renyi_baseline_s20,v2,erdos_renyi_baseline,20,erdos_renyi,100,4,116,41,2.2718685126865625,11,41,0.2682926829268293,70,88
v2_erdos_renyi_baseline_s20,v2,erdos_renyi_baseline,20,erdos_renyi,100,4,117,38,2.8332133440392155,17,38,0.4473684210526316,28,53
v2_erdos_renyi_baseline_s20,v2,erdos_renyi_baseline,20,erdos_renyi,100,4,118,63,3.183672971458787,28,63,0.4444444444444444,60,53
v2_erdos_renyi_baseline_s20,v2,erdos_renyi_baseline,20,erdos_renyi,100,4,119,22,2.2718685126865625,11,22,0.5,46,40
v2_erdos_renyi_baseline_s20,v2,erdos_renyi_baseline,20,erdos_renyi,100,4,120,109,3.2994270308825606,36,109,0.3302752293577982,60,40
v2_erdos_renyi_baseline_s20,v2,erdos_renyi_baseline,20,erdos_renyi,100,4,121,92,3.555348061454413,35,92,0.3804347826086957,43,52
v2_erdos_renyi_baseline_s20,v2,erdos_renyi_baseline,20,erdos_renyi,100,4,122,28,2.5649493574485365,13,28,0.4642857142857143,61,53
v2_erdos_renyi_baseline_s20,v2,erdos_renyi_baseline,20,erdos_renyi,100,4,123,32,2.639057329601259,14,32,0.4375,22,40
v2_erdos_renyi_baseline_s20,v2,erdos_renyi_baseline,20,erdos_renyi,100,4,124,59,3.044522437702424,21,59,0.3559322033898305,32,53
v2_erdos_renyi_baseline_s20,v2,erdos_renyi_baseline,20,erdos_renyi,100,4,125,7,1.791759469222055,6,7,0.8571428571428571,62,53
v2_erdos_renyi_baseline_s20,v2,erdos_renyi_baseline,20,erdos_renyi,100,4,126,74,3.10797227595561,25,74,0.33783783783783783,31,40
v2_erdos_renyi_baseline_s20,v2,erdos_renyi_baseline,20,erdos_renyi,100,4,127,5,1.3862943611158909,4,5,0.8,80,40
v2_erdos_renyi_baseline_s20,v2,erdos_renyi_baseline,20,erdos_renyi,100,4,128,73,3.266330691926871,34,73,0.4657534246575342,98,40
v2_erdos_renyi_baseline_s20,v2,erdos_renyi_baseline,20,erdos_renyi,100,4,129,0,0.0,0,0,,88,88
v2_erdos_renyi_baseline_s20,v2,erdos_renyi_baseline,20,erdos_renyi,100,4,130,2,0.6931471805579453,2,2,1.0,3,40
v2_erdos_renyi_baseline_s20,v2,erdos_renyi_baseline,20,erdos_renyi,100,4,131,95,3.671655601047183,42,95,0.4421052631578947,38,53
v2_erdos_renyi_baseline_s20,v2,erdos_renyi_baseline,20,erdos_renyi,100,4,132,28,1.5498260458732018,7,28,0.25,24,40
v2_erdos_renyi_baseline_s20,v2,erdos_renyi_baseline,20,erdos_renyi,100,4,133,112,3.66448190441264,43,112,0.38392857142857145,79,40
v2_erdos_renyi_baseline_s20,v2,erdos_renyi_baseline,20,erdos_renyi,100,4,134,14,1.9459101490483133,7,14,0.5,80,52
v2_erdos_renyi_baseline_s20,v2,erdos_renyi_baseline,20,erdos_renyi,100,4,135,118,3.85657123093535,50,118,0.423728813559322,6,40
v2_erdos_renyi_baseline_s20,v2,erdos_renyi_baseline,20,erdos_renyi,100,4,136,2,-1.000088900581841e-12,1,2,0.5,59,40
v2_erdos_renyi_baseline_s20,v2,erdos_renyi_baseline,20,erdos_renyi,100,4,137,109,3.4486969711901256,42,109,0.3853211009174312,36,15
v2_erdos_renyi_baseline_s20,v2,erdos_renyi_baseline,20,erdos_renyi,100,4,138,37,2.484906649776,12,37,0.32432432432432434,67,40
v2_erdos_renyi_baseline_s20,v2,erdos_renyi_baseline,20,erdos_renyi,100,4,139,29,2.484906649776,12,29,0.41379310344827586,36,52
v2_erdos_renyi_baseline_s20,v2,erdos_renyi_baseline,20,erdos_renyi,100,4,140,51,3.044522437702424,21,51,0.4117647058823529,45,40
v2_erdos_renyi_baseline_s20,v2,erdos_renyi_baseline,20,erdos_renyi,100,4,141,51,3.1780538303239454,24,51,0.47058823529411764,19,88
v2_erdos_renyi_baseline_s20,v2,erdos_renyi_baseline,20,erdos_renyi,100,4,142,42,3.044522437702424,21,42,0.5,67,88
v2_erdos_renyi_baseline_s20,v2,erdos_renyi_baseline,20,erdos_renyi,100,4,143,24,2.484906649776,12,24,0.5,70,40
v2_erdos_renyi_baseline_s20,v2,erdos_renyi_baseline,20,erdos_renyi,100,4,144,3,1.0986122886651095,3,3,1.0,69,40
v2_erdos_renyi_baseline_s20,v2,erdos_renyi_baseline,20,erdos_renyi,100,4,145,22,1.039720770836918,4,22,0.18181818181818182,86,40
v2_erdos_renyi_baseline_s20,v2,erdos_renyi_baseline,20,erdos_renyi,100,4,146,166,3.930079468499185,69,166,0.41566265060240964,6,40
v2_erdos_renyi_baseline_s20,v2,erdos_renyi_baseline,20,erdos_renyi,100,4,147,110,3.593183294715748,42,110,0.38181818181818183,30,88
v2_erdos_renyi_baseline_s20,v2,erdos_renyi_baseline,20,erdos_renyi,100,4,148,81,3.2127420325228604,33,81,0.4074074074074074,69,40
v2_erdos_renyi_baseline_s20,v2,erdos_renyi_baseline,20,erdos_renyi,100,4,149,183,3.869116288959873,64,183,0.34972677595628415,89,15
v2_erdos_renyi_baseline_s20,v2,erdos_renyi_baseline,20,erdos_renyi,100,4,150,103,3.40132296221037,39,103,0.3786407766990291,93,40
v2_erdos_renyi_baseline_s20,v2,erdos_renyi_baseline,20,erdos_renyi,100,4,151,49,2.846480386116867,21,49,0.42857142857142855,49,40
v2_erdos_renyi_baseline_s20,v2,erdos_renyi_baseline,20,erdos_renyi,100,4,152,6,-1.000088900581841e-12,1,6,0.16666666666666666,93,88
v2_erdos_renyi_baseline_s20,v2,erdos_renyi_baseline,20,erdos_renyi,100,4,153,27,2.7080502010872096,15,27,0.5555555555555556,1,15
v2_erdos_renyi_baseline_s20,v2,erdos_renyi_baseline,20,erdos_renyi,100,4,154,1,-1.000088900581841e-12,1,1,1.0,4,40
v2_erdos_renyi_baseline_s20,v2,erdos_renyi_baseline,20,erdos_renyi,100,4,155,10000,-1.000088900581841e-12,3621,10000,0.3621,47,47
v2_erdos_renyi_baseline_s20,v2,erdos_renyi_baseline,20,erdos_renyi,100,4,156,33,2.3978952727873706,11,33,0.3333333333333333,75,88
v2_erdos_renyi_baseline_s20,v2,erdos_renyi_baseline,20,erdos_renyi,100,4,157,46,2.9444389791474395,19,46,0.41304347826086957,17,40
v2_erdos_renyi_baseline_s20,v2,erdos_renyi_baseline,20,erdos_renyi,100,4,158,55,2.98296502919677,24,55,0.43636363636363634,19,15
v2_erdos_renyi_baseline_s20,v2,erdos_renyi_baseline,20,erdos_renyi,100,4,159,12,1.6094379124291005,5,12,0.4166666666666667,1,40
v2_erdos_renyi_baseline_s20,v2,erdos_renyi_baseline,20,erdos_renyi,100,4,160,358,4.442436412124327,134,358,0.3743016759776536,8,53
v2_erdos_renyi_baseline_s20,v2,erdos_renyi_baseline,20,erdos_renyi,100,4,161,113,3.485587161020812,34,113,0.3008849557522124,37,40
v2_erdos_renyi_baseline_s20,v2,erdos_renyi_baseline,20,erdos_renyi,100,4,162,39,2.7080502010872096,15,39,0.38461538461538464,28,52
v2_erdos_renyi_baseline_s20,v2,erdos_renyi_baseline,20,erdos_renyi,100,4,163,2,0.6931471805579453,2,2,1.0,11,88
v2_erdos_renyi_baseline_s20,v2,erdos_renyi_baseline,20,erdos_renyi,100,4,164,25,2.197224577327219,9,25,0.36,60,40
v2_erdos_renyi_baseline_s20,v2,erdos_renyi_baseline,20,erdos_renyi,100,4,165,189,3.94769171011078,71,189,0.37566137566137564,58,52
v2_erdos_renyi_baseline_s20,v2,erdos_renyi_baseline,20,erdos_renyi,100,4,166,81,3.146132506786109,32,81,0.3950617283950617,57,40
v2_erdos_renyi_baseline_s20,v2,erdos_renyi_baseline,20,erdos_renyi,100,4,167,24,1.8468891232540356,14,24,0.5833333333333334,82,15
v2_erdos_renyi_baseline_s20,v2,erdos_renyi_baseline,20,erdos_renyi,100,4,168,6,1.0986122886651095,3,6,0.5,39,40
v2_erdos_renyi_baseline_s20,v2,erdos_renyi_baseline,20,erdos_renyi,100,4,169,45,2.725550395815721,19,45,0.4222222222222222,22,40
v2_erdos_renyi_baseline_s20,v2,erdos_renyi_baseline,20,erdos_renyi,100,4,170,39,2.772588722223781,16,39,0.41025641025641024,66,15
v2_erdos_renyi_baseline_s20,v2,erdos_renyi_baseline,20,erdos_renyi,100,4,171,24,1.9061547465328492,8,24,0.3333333333333333,89,53
v2_erdos_renyi_baseline_s20,v2,erdos_renyi_baseline,20,erdos_renyi,100,4,172,21,2.197224577327219,9,21,0.42857142857142855,42,52
v2_erdos_renyi_baseline_s20,v2,erdos_renyi_baseline,20,erdos_renyi,100,4,173,15,1.9459101490483133,7,15,0.4666666666666667,31,53
v2_erdos_renyi_baseline_s20,v2,erdos_renyi_baseline,20,erdos_renyi,100,4,174,45,2.7080502010872096,15,45,0.3333333333333333,38,40
v2_erdos_renyi_baseline_s20,v2,erdos_renyi_baseline,20,erdos_renyi,100,4,175,8,1.3862943611158909,4,8,0.5,80,40
v2_erdos_renyi_baseline_s20,v2,erdos_renyi_baseline,20,erdos_renyi,100,4,176,75,3.271689322296034,29,75,0.38666666666666666,56,15
v2_erdos_renyi_baseline_s20,v2,erdos_renyi_baseline,20,erdos_renyi,100,4,177,75,3.062529300232621,24,75,0.32,66,40
v2_erdos_renyi_baseline_s20,v2,erdos_renyi_baseline,20,erdos_renyi,100,4,178,65,2.902002313186603,22,65,0.3384615384615385,87,88
v2_erdos_renyi_baseline_s20,v2,erdos_renyi_baseline,20,erdos_renyi,100,4,179,152,3.6889817267406695,53,152,0.34868421052631576,5,40
v2_erdos_renyi_baseline_s20,v2,erdos_renyi_baseline,20,erdos_renyi,100,4,180,64,2.936120406976092,28,64,0.4375,67,52
v2_erdos_renyi_baseline_s20,v2,erdos_renyi_baseline,20,erdos_renyi,100,4,181,10,1.3862943611158909,4,10,0.4,62,53
v2_erdos_renyi_baseline_s20,v2,erdos_renyi_baseline,20,erdos_renyi,100,4,182,36,2.3516733018936304,13,36,0.3611111111111111,69,52
v2_erdos_renyi_baseline_s20,v2,erdos_renyi_baseline,20,erdos_renyi,100,4,183,19,1.9459101490483133,7,19,0.3684210526315789,9,53
v2_erdos_renyi_baseline_s20,v2,erdos_renyi_baseline,20,erdos_renyi,100,4,184,27,2.302585092984045,10,27,0.37037037037037035,6,52
v2_erdos_renyi_baseline_s20,v2,erdos_renyi_baseline,20,erdos_renyi,100,4,185,9,1.791759469222055,6,9,0.6666666666666666,29,40
v2_erdos_renyi_baseline_s20,v2,erdos_renyi_baseline,20,erdos_renyi,100,4,186,8,1.3862943611158909,4,8,0.5,60,88
v2_erdos_renyi_baseline_s20,v2,erdos_renyi_baseline,20,erdos_renyi,100,4,187,10000,-1.000088900581841e-12,3632,10000,0.3632,47,47
v2_erdos_renyi_baseline_s20,v2,erdos_renyi_baseline,20,erdos_renyi,100,4,188,131,3.6870132127308097,48,131,0.366412213740458,43,52
v2_erdos_renyi_baseline_s20,v2,erdos_renyi_baseline,20,erdos_renyi,100,4,189,13,1.791759469222055,6,13,0.46153846153846156,92,15
v2_erdos_renyi_baseline_s20,v2,erdos_renyi_baseline,20,erdos_renyi,100,4,190,43,2.540036303807981,14,43,0.32558139534883723,31,52
v2_erdos_renyi_baseline_s20,v2,erdos_renyi_baseline,20,erdos_renyi,100,4,191,34,2.639057329601259,14,34,0.4117647058823529,48,88
v2_erdos_renyi_baseline_s20,v2,erdos_renyi_baseline,20,erdos_renyi,100,4,192,13,1.6094379124291005,5,13,0.38461538461538464,0,40
v2_erdos_renyi_baseline_s20,v2,erdos_renyi_baseline,20,erdos_renyi,100,4,193,45,3.0910424533363146,22,45,0.4888888888888889,44,53
v2_erdos_renyi_baseline_s20,v2,erdos_renyi_baseline,20,erdos_renyi,100,4,194,103,3.4368689714688543,39,103,0.3786407766990291,56,15
v2_erdos_renyi_baseline_s20,v2,erdos_renyi_baseline,20,erdos_renyi,100,4,195,124,3.5949336395942626,46,124,0.3709677419354839,18,15
v2_erdos_renyi_baseline_s20,v2,erdos_renyi_baseline,20,erdos_renyi,100,4,196,3,0.6931471805579453,2,3,0.6666666666666666,48,52
v2_erdos_renyi_baseline_s20,v2,erdos_renyi_baseline,20,erdos_renyi,100,4,197,126,2.8907381566070405,41,126,0.3253968253968254,36,53
v2_erdos_renyi_baseline_s20,v2,erdos_renyi_baseline,20,erdos_renyi,100,4,198,272,4.373986961811866,106,272,0.3897058823529412,3,15
v2_erdos_renyi_baseline_s20,v2,erdos_renyi_baseline,20,erdos_renyi,100,4,199,2,-1.000088900581841e-12,1,2,0.5,50,53
v2_erdos_renyi_baseline_s20,v2,erdos_renyi_baseline,20,erdos_renyi,100,4,200,10000,-1.000088900581841e-12,3712,10000,0.3712,97,97
v2_erdos_renyi_baseline_s20,v2,erdos_renyi_baseline,20,erdos_renyi,100,4,201,68,3.2238860684653137,29,68,0.4264705882352941,35,52
v2_erdos_renyi_baseline_s20,v2,erdos_renyi_baseline,20,erdos_renyi,100,4,202,5,0.6931471805579453,2,5,0.4,96,53
v2_erdos_renyi_baseline_s20,v2,erdos_renyi_baseline,20,erdos_renyi,100,4,203,2,0.6931471805579453,2,2,1.0,44,88
v2_erdos_renyi_baseline_s20,v2,erdos_renyi_baseline,20,erdos_renyi,100,4,204,4,0.6931471805579453,2,4,0.5,48,52
v2_erdos_renyi_baseline_s20,v2,erdos_renyi_baseline,20,erdos_renyi,100,4,205,20,2.1639556568730565,10,20,0.5,18,40
v2_erdos_renyi_baseline_s20,v2,erdos_renyi_baseline,20,erdos_renyi,100,4,206,10000,-1.000088900581841e-12,3643,10000,0.3643,68,68
v2_erdos_renyi_baseline_s20,v2,erdos_renyi_baseline,20,erdos_renyi,100,4,207,21,2.079441541671836,8,21,0.38095238095238093,37,40
v2_erdos_renyi_baseline_s20,v2,erdos_renyi_baseline,20,erdos_renyi,100,4,208,5,-1.000088900581841e-12,1,5,0.2,32,88
v2_erdos_renyi_baseline_s20,v2,erdos_renyi_baseline,20,erdos_renyi,100,4,209,117,3.3486460064564074,37,117,0.3162393162393162,60,88
v2_erdos_renyi_baseline_s20,v2,erdos_renyi_baseline,20,erdos_renyi,100,4,210,4,-1.000088900581841e-12,1,4,0.25,4,15
v2_erdos_renyi_baseline_s20,v2,erdos_renyi_baseline,20,erdos_renyi,100,4,211,61,2.8782183066518505,22,61,0.36065573770491804,96,52
v2_erdos_renyi_baseline_s20,v2,erdos_renyi_baseline,20,erdos_renyi,100,4,212,53,2.751666616915516,17,53,0.32075471698113206,39,52
v2_erdos_renyi_baseline_s20,v2,erdos_renyi_baseline,20,erdos_renyi,100,4,213,124,3.194981359603321,38,124,0.3064516129032258,95,40
v2_erdos_renyi_baseline_s20,v2,erdos_renyi_baseline,20,erdos_renyi,100,4,214,21,1.9459101490483133,7,21,0.3333333333333333,80,40
v2_erdos_renyi_baseline_s20,v2,erdos_renyi_baseline,20,erdos_renyi,100,4,215,28,2.639057329601259,14,28,0.5,43,53
v2_erdos_renyi_baseline_s20,v2,erdos_renyi_baseline,20,erdos_renyi,100,4,216,16,1.791759469222055,6,16,0.375,10,40
v2_erdos_renyi_baseline_s20,v2,erdos_renyi_baseline,20,erdos_renyi,100,4,217,4,1.0986122886651095,3,4,0.75,16,53
v2_erdos_renyi_baseline_s20,v2,erdos_renyi_baseline,20,erdos_renyi,100,4,218,86,3.4365228305042805,35,86,0.4069767441860465,55,40
v2_erdos_renyi_baseline_s20,v2,erdos_renyi_baseline,20,erdos_renyi,100,4,219,108,3.689669563800905,44,108,0.4074074074074074,74,53
v2_erdos_renyi_baseline_s20,v2,erdos_renyi_baseline,20,erdos_renyi,100,4,220,93,3.3861134216208097,37,93,0.3978494623655914,95,52
v2_erdos_renyi_baseline_s20,v2,erdos_renyi_baseline,20,erdos_renyi,100,4,221,8,1.791759469222055,6,8,0.75,41,40
v2_erdos_renyi_baseline_s20,v2,erdos_renyi_baseline,20,erdos_renyi,100,4,222,10,1.3321790402061222,5,10,0.5,93,40
v2_erdos_renyi_baseline_s20,v2,erdos_renyi_baseline,20,erdos_renyi,100,4,223,45,2.871476118036867,19,45,0.4222222222222222,28,88
v2_erdos_renyi_baseline_s20,v2,erdos_renyi_baseline,20,erdos_renyi,100,4,224,10000,-1.000088900581841e-12,3659,10000,0.3659,68,68
v2_erdos_renyi_baseline_s20,v2,erdos_renyi_baseline,20,erdos_renyi,100,4,225,167,4.003766425393112,65,167,0.38922155688622756,22,40
v2_erdos_renyi_baseline_s20,v2,erdos_renyi_baseline,20,erdos_renyi,100,4,226,429,4.618197617472202,136,429,0.317016317016317,35,53
v2_erdos_renyi_baseline_s20,v2,erdos_renyi_baseline,20,erdos_renyi,100,4,227,58,2.954673212284816,23,58,0.39655172413793105,63,40
v2_erdos_renyi_baseline_s20,v2,erdos_renyi_baseline,20,erdos_renyi,100,4,228,55,2.7985132569262934,19,55,0.34545454545454546,2,88
v2_erdos_renyi_baseline_s20,v2,erdos_renyi_baseline,20,erdos_renyi,100,4,229,10000,-1.000088900581841e-12,3616,10000,0.3616,68,68
v2_erdos_renyi_baseline_s20,v2,erdos_renyi_baseline,20,erdos_renyi,100,4,230,221,3.992554888350317,77,221,0.34841628959276016,26,88
v2_erdos_renyi_baseline_s20,v2,erdos_renyi_baseline,20,erdos_renyi,100,4,231,2,-1.000088900581841e-12,1,2,0.5,4,40
v2_erdos_renyi_baseline_s20,v2,erdos_renyi_baseline,20,erdos_renyi,100,4,232,114,3.71424286565366,45,114,0.39473684210526316,44,88
v2_erdos_renyi_baseline_s20,v2,erdos_renyi_baseline,20,erdos_renyi,100,4,233,44,2.912494403312053,21,44,0.4772727272727273,65,40
v2_erdos_renyi_baseline_s20,v2,erdos_renyi_baseline,20,erdos_renyi,100,4,234,189,4.055116036737619,63,189,0.3333333333333333,94,53
v2_erdos_renyi_baseline_s20,v2,erdos_renyi_baseline,20,erdos_renyi,100,4,235,51,2.9785084205072385,21,51,0.4117647058823529,83,53
v2_erdos_renyi_baseline_s20,v2,erdos_renyi_baseline,20,erdos_renyi,100,4,236,67,3.163424050399405,25,67,0.373134328358209,8,88
v2_erdos_renyi_baseline_s20,v2,erdos_renyi_baseline,20,erdos_renyi,100,4,237,31,2.8332133440392155,17,31,0.5483870967741935,4,53
v2_erdos_renyi_baseline_s20,v2,erdos_renyi_baseline,20,erdos_renyi,100,4,238,107,3.5213776090567093,39,107,0.3644859813084112,14,88
v2_erdos_renyi_baseline_s20,v2,erdos_renyi_baseline,20,erdos_renyi,100,4,239,10,1.6094379124291005,5,10,0.5,11,52
v2_erdos_renyi_baseline_s20,v2,erdos_renyi_baseline,20,erdos_renyi,100,4,240,0,0.0,0,0,,15,15
v2_erdos_renyi_baseline_s20,v2,erdos_renyi_baseline,20,erdos_renyi,100,4,241,50,2.9785084205072385,21,50,0.42,81,15
v2_erdos_renyi_baseline_s20,v2,erdos_renyi_baseline,20,erdos_renyi,100,4,242,91,3.592469627573678,39,91,0.42857142857142855,95,53
v2_erdos_renyi_baseline_s20,v2,erdos_renyi_baseline,20,erdos_renyi,100,4,243,0,0.0,0,0,,40,40
v2_erdos_renyi_baseline_s20,v2,erdos_renyi_baseline,20,erdos_renyi,100,4,244,17,2.079441541671836,8,17,0.47058823529411764,51,40
v2_erdos_renyi_baseline_s20,v2,erdos_renyi_baseline,20,erdos_renyi,100,4,245,28,2.540036303807981,14,28,0.5,82,52
v2_erdos_renyi_baseline_s20,v2,erdos_renyi_baseline,20,erdos_renyi,100,4,246,3,1.0986122886651095,3,3,1.0,66,15
v2_erdos_renyi_baseline_s20,v2,erdos_renyi_baseline,20,erdos_renyi,100,4,247,65,2.6363914389217973,24,65,0.36923076923076925,64,40
v2_erdos_renyi_baseline_s20,v2,erdos_renyi_baseline,20,erdos_renyi,100,4,248,66,2.588573162668117,17,66,0.25757575757575757,42,53
v2_erdos_renyi_baseline_s20,v2,erdos_renyi_baseline,20,erdos_renyi,100,4,249,51,2.926417555478996,20,51,0.39215686274509803,38,88
v2_erdos_renyi_baseline_s20,v2,erdos_renyi_baseline,20,erdos_renyi,100,4,250,73,3.078014567724474,26,73,0.3561643835616438,62,15
v2_erdos_renyi_baseline_s20,v2,erdos_renyi_baseline,20,erdos_renyi,100,4,251,16,1.6094379124291005,5,16,0.3125,54,88
v2_erdos_renyi_baseline_s20,v2,erdos_renyi_baseline,20,erdos_renyi,100,4,252,63,3.10797227595561,25,63,0.3968253968253968,86,88
v2_erdos_renyi_baseline_s20,v2,erdos_renyi_baseline,20,erdos_renyi,100,4,253,189,3.957753997554482,69,189,0.36507936507936506,69,40
v2_erdos_renyi_baseline_s20,v2,erdos_renyi_baseline,20,erdos_renyi,100,4,254,5,1.0986122886651095,3,5,0.6,51,88
v2_erdos_renyi_baseline_s20,v2,erdos_renyi_baseline,20,erdos_renyi,100,4,255,32,2.3516733018936304,13,32,0.40625,69,88
v2_erdos_renyi_baseline_s20,v2,erdos_renyi_baseline,20,erdos_renyi,100,4,256,32,1.7328679513938632,8,32,0.25,48,15
v2_erdos_renyi_baseline_s20,v2,erdos_renyi_baseline,20,erdos_renyi,100,4,257,98,3.4588769204528984,43,98,0.4387755102040816,36,15
v2_erdos_renyi_baseline_s20,v2,erdos_renyi_baseline,20,erdos_renyi,100,4,258,28,1.9459101490483133,7,28,0.25,42,40
v2_erdos_renyi_baseline_s20,v2,erdos_renyi_baseline,20,erdos_renyi,100,4,259,127,3.906511777100024,55,127,0.4330708661417323,21,40
v2_erdos_renyi_baseline_s20,v2,erdos_renyi_baseline,20,erdos_renyi,100,4,260,18,1.9459101490483133,7,18,0.3888888888888889,3,52
v2_erdos_renyi_baseline_s20,v2,erdos_renyi_baseline,20,erdos_renyi,100,4,261,28,2.197224577327219,9,28,0.32142857142857145,79,40
v2_erdos_renyi_baseline_s20,v2,erdos_renyi_baseline,20,erdos_renyi,100,4,262,99,3.444813797459462,34,99,0.3434343434343434,11,15
v2_erdos_renyi_baseline_s20,v2,erdos_renyi_baseline,20,erdos_renyi,100,4,263,17,2.302585092984045,10,17,0.5882352941176471,84,53
v2_erdos_renyi_baseline_s20,v2,erdos_renyi_baseline,20,erdos_renyi,100,4,264,49,2.912494403312053,21,49,0.42857142857142855,42,88
v2_erdos_renyi_baseline_s20,v2,erdos_renyi_baseline,20,erdos_renyi,100,4,265,69,3.1399967357542797,29,69,0.42028985507246375,13,52
v2_erdos_renyi_baseline_s20,v2,erdos_renyi_baseline,20,erdos_renyi,100,4,266,28,2.0431918705371204,9,28,0.32142857142857145,75,53
v2_erdos_renyi_baseline_s20,v2,erdos_renyi_baseline,20,erdos_renyi,100,4,267,40,2.736339051089065,18,40,0.45,32,88
v2_erdos_renyi_baseline_s20,v2,erdos_renyi_baseline,20,erdos_renyi,100,4,268,0,0.0,0,0,,52,52
v2_erdos_renyi_baseline_s20,v2,erdos_renyi_baseline,20,erdos_renyi,100,4,269,55,3.0280290732864104,22,55,0.4,75,40
v2_erdos_renyi_baseline_s20,v2,erdos_renyi_baseline,20,erdos_renyi,100,4,270,22,2.197224577327219,9,22,0.4090909090909091,75,88
v2_erdos_renyi_baseline_s20,v2,erdos_renyi_baseline,20,erdos_renyi,100,4,271,24,2.253857589591352,12,24,0.5,57,53
v2_erdos_renyi_baseline_s20,v2,erdos_renyi_baseline,20,erdos_renyi,100,4,272,28,2.639057329601259,14,28,0.5,29,15
v2_erdos_renyi_baseline_s20,v2,erdos_renyi_baseline,20,erdos_renyi,100,4,273,43,2.8332133440392155,17,43,0.3953488372093023,71,88
v2_erdos_renyi_baseline_s20,v2,erdos_renyi_baseline,20,erdos_renyi,100,4,274,32,2.1458417525857545,11,32,0.34375,78,88
v2_erdos_renyi_baseline_s20,v2,erdos_renyi_baseline,20,erdos_renyi,100,4,275,20,1.6094379124291005,5,20,0.25,31,40
v2_erdos_renyi_baseline_s20,v2,erdos_renyi_baseline,20,erdos_renyi,100,4,276,6,1.0986122886651095,3,6,0.5,99,53
v2_erdos_renyi_baseline_s20,v2,erdos_renyi_baseline,20,erdos_renyi,100,4,277,198,4.095515254728109,74,198,0.37373737373737376,32,40
v2_erdos_renyi_baseline_s20,v2,erdos_renyi_baseline,20,erdos_renyi,100,4,278,107,3.576171765304929,46,107,0.42990654205607476,20,88
v2_erdos_renyi_baseline_s20,v2,erdos_renyi_baseline,20,erdos_renyi,100,4,279,7,1.791759469222055,6,7,0.8571428571428571,59,40
v2_erdos_renyi_baseline_s20,v2,erdos_renyi_baseline,20,erdos_renyi,100,4,280,25,2.0253262207620675,10,25,0.4,6,40
v2_erdos_renyi_baseline_s20,v2,erdos_renyi_baseline,20,erdos_renyi,100,4,281,117,3.6183499446910528,48,117,0.41025641025641024,43,40
v2_erdos_renyi_baseline_s20,v2,erdos_renyi_baseline,20,erdos_renyi,100,4,282,47,2.5649493574485365,13,47,0.2765957446808511,58,40
v2_erdos_renyi_baseline_s20,v2,erdos_renyi_baseline,20,erdos_renyi,100,4,283,92,3.638648592450092,42,92,0.45652173913043476,87,40
v2_erdos_renyi_baseline_s20,v2,erdos_renyi_baseline,20,erdos_renyi,100,4,284,20,2.2718685126865625,11,20,0.55,69,53
v2_erdos_renyi_baseline_s20,v2,erdos_renyi_baseline,20,erdos_renyi,100,4,285,67,2.7144523517264965,21,67,0.31343283582089554,62,15
v2_erdos_renyi_baseline_s20,v2,erdos_renyi_baseline,20,erdos_renyi,100,4,286,46,3.044522437702424,21,46,0.45652173913043476,20,40
v2_erdos_renyi_baseline_s20,v2,erdos_renyi_baseline,20,erdos_renyi,100,4,287,22,2.079441541671836,8,22,0.36363636363636365,86,15
v2_erdos_renyi_baseline_s20,v2,erdos_renyi_baseline,20,erdos_renyi,100,4,288,84,3.498515667114017,37,84,0.44047619047619047,1,15
v2_erdos_renyi_baseline_s20,v2,erdos_renyi_baseline,20,erdos_renyi,100,4,289,10,1.791759469222055,6,10,0.6,44,40
v2_erdos_renyi_baseline_s20,v2,erdos_renyi_baseline,20,erdos_renyi,100,4,290,2,-1.000088900581841e-12,1,2,0.5,50,53
v2_erdos_renyi_baseline_s20,v2,erdos_renyi_baseline,20,erdos_renyi,100,4,291,69,3.204777524107256,26,69,0.37681159420289856,12,53
v2_erdos_renyi_baseline_s20,v2,erdos_renyi_baseline,20,erdos_renyi,100,4,292,13,1.8891591637470213,9,13,0.6923076923076923,16,40
v2_erdos_renyi_baseline_s20,v2,erdos_renyi_baseline,20,erdos_renyi,100,4,293,60,3.245126340731014,30,60,0.5,8,52
v2_erdos_renyi_baseline_s20,v2,erdos_renyi_baseline,20,erdos_renyi,100,4,294,3,0.6931471805579453,2,3,0.6666666666666666,17,52
v2_erdos_renyi_baseline_s20,v2,erdos_renyi_baseline,20,erdos_renyi,100,4,295,2,-1.000088900581841e-12,1,2,0.5,32,88
v2_erdos_renyi_baseline_s20,v2,erdos_renyi_baseline,20,erdos_renyi,100,4,296,26,1.7328679513938632,8,26,0.3076923076923077,84,53
v2_erdos_renyi_baseline_s20,v2,erdos_renyi_baseline,20,erdos_renyi,100,4,297,31,2.3046193848096714,14,31,0.45161290322580644,79,52
v2_erdos_renyi_baseline_s20,v2,erdos_renyi_baseline,20,erdos_renyi,100,4,298,6,1.0986122886651095,3,6,0.5,23,52
v2_erdos_renyi_baseline_s20,v2,erdos_renyi_baseline,20,erdos_renyi,100,4,299,31,2.2718685126865625,11,31,0.3548387096774194,57,40
v2_erdos_renyi_baseline_s20,v2,erdos_renyi_baseline,20,erdos_renyi,100,4,300,38,2.7985132569262934,19,38,0.5,71,40
v2_erdos_renyi_baseline_s20,v2,erdos_renyi_baseline,20,erdos_renyi,100,4,301,0,0.0,0,0,,53,53
v2_erdos_renyi_baseline_s20,v2,erdos_renyi_baseline,20,erdos_renyi,100,4,302,4,-1.000088900581841e-12,1,4,0.25,34,40
v2_erdos_renyi_baseline_s20,v2,erdos_renyi_baseline,20,erdos_renyi,100,4,303,55,2.9957322735339904,20,55,0.36363636363636365,49,15
v2_erdos_renyi_baseline_s20,v2,erdos_renyi_baseline,20,erdos_renyi,100,4,304,150,3.780485017003216,55,150,0.36666666666666664,86,88
v2_erdos_renyi_baseline_s20,v2,erdos_renyi_baseline,20,erdos_renyi,100,4,305,210,4.217592701105079,93,210,0.44285714285714284,25,40
v2_erdos_renyi_baseline_s20,v2,erdos_renyi_baseline,20,erdos_renyi,100,4,306,0,0.0,0,0,,40,40
v2_erdos_renyi_baseline_s20,v2,erdos_renyi_baseline,20,erdos_renyi,100,4,307,0,0.0,0,0,,53,53
v2_erdos_renyi_baseline_s20,v2,erdos_renyi_baseline,20,erdos_renyi,100,4,308,56,2.947004770141297,24,56,0.42857142857142855,1,88
v2_erdos_renyi_baseline_s20,v2,erdos_renyi_baseline,20,erdos_renyi,100,4,309,64,3.10797227595561,25,64,0.390625,75,15
v2_erdos_renyi_baseline_s20,v2,erdos_renyi_baseline,20,erdos_renyi,100,4,310,57,3.0280290732864104,22,57,0.38596491228070173,85,52
v2_erdos_renyi_baseline_s20,v2,erdos_renyi_baseline,20,erdos_renyi,100,4,311,25,2.197224577327219,9,25,0.36,63,52
v2_erdos_renyi_baseline_s20,v2,erdos_renyi_baseline,20,erdos_renyi,100,4,312,12,1.6094379124291005,5,12,0.4166666666666667,46,52
v2_erdos_renyi_baseline_s20,v2,erdos_renyi_baseline,20,erdos_renyi,100,4,313,66,3.0910424533363146,22,66,0.3333333333333333,79,52
v2_erdos_renyi_baseline_s20,v2,erdos_renyi_baseline,20,erdos_renyi,100,4,314,1,-1.000088900581841e-12,1,1,1.0,39,52
v2_erdos_renyi_baseline_s20,v2,erdos_renyi_baseline,20,erdos_renyi,100,4,315,17,1.7478680974607577,7,17,0.4117647058823529,36,52
v2_erdos_renyi_baseline_s20,v2,erdos_renyi_baseline,20,erdos_renyi,100,4,316,157,4.012639756658698,58,157,0.36942675159235666,4,53
v2_erdos_renyi_baseline_s20,v2,erdos_renyi_baseline,20,erdos_renyi,100,4,317,53,2.857102837424001,20,53,0.37735849056603776,38,15
v2_erdos_renyi_baseline_s20,v2,erdos_renyi_baseline,20,erdos_renyi,100,4,318,120,3.649743441409532,51,120,0.425,61,40
v2_erdos_renyi_baseline_s20,v2,erdos_renyi_baseline,20,erdos_renyi,100,4,319,7,1.0986122886651095,3,7,0.42857142857142855,31,52
v2_erdos_renyi_baseline_s20,v2,erdos_renyi_baseline,20,erdos_renyi,100,4,320,30,2.302585092984045,10,30,0.3333333333333333,19,40
v2_erdos_renyi_baseline_s20,v2,erdos_renyi_baseline,20,erdos_renyi,100,4,321,1,-1.000088900581841e-12,1,1,1.0,59,40
v2_erdos_renyi_baseline_s20,v2,erdos_renyi_baseline,20,erdos_renyi,100,4,322,1,-1.000088900581841e-12,1,1,1.0,59,40
v2_erdos_renyi_baseline_s20,v2,erdos_renyi_baseline,20,erdos_renyi,100,4,323,22,2.0253262207620675,10,22,0.45454545454545453,90,88
v2_erdos_renyi_baseline_s20,v2,erdos_renyi_baseline,20,erdos_renyi,100,4,324,68,3.308777757559495,30,68,0.4411764705882353,11,15
v2_erdos_renyi_baseline_s20,v2,erdos_renyi_baseline,20,erdos_renyi,100,4,325,183,3.6453598479514304,65,183,0.3551912568306011,5,53
v2_erdos_renyi_baseline_s20,v2,erdos_renyi_baseline,20,erdos_renyi,100,4,326,53,3.098139496330803,26,53,0.49056603773584906,91,88
v2_erdos_renyi_baseline_s20,v2,erdos_renyi_baseline,20,erdos_renyi,100,4,327,12,2.079441541671836,8,12,0.6666666666666666,36,88
v2_erdos_renyi_baseline_s20,v2,erdos_renyi_baseline,20,erdos_renyi,100,4,328,9,0.6931471805579453,2,9,0.2222222222222222,72,88
v2_erdos_renyi_baseline_s20,v2,erdos_renyi_baseline,20,erdos_renyi,100,4,329,8,1.3862943611158909,4,8,0.5,95,88
v2_erdos_renyi_baseline_s20,v2,erdos_renyi_baseline,20,erdos_renyi,100,4,330,14,2.079441541671836,8,14,0.5714285714285714,86,40
v2_erdos_renyi_baseline_s20,v2,erdos_renyi_baseline,20,erdos_renyi,100,4,331,30,2.197224577327219,9,30,0.3,1,88
v2_erdos_renyi_baseline_s20,v2,erdos_renyi_baseline,20,erdos_renyi,100,4,332,9,1.6094379124291005,5,9,0.5555555555555556,96,88
v2_erdos_renyi_baseline_s20,v2,erdos_renyi_baseline,20,erdos_renyi,100,4,333,21,2.302585092984045,10,21,0.47619047619047616,54,52
v2_erdos_renyi_baseline_s20,v2,erdos_renyi_baseline,20,erdos_renyi,100,4,334,38,2.639057329601259,14,38,0.3684210526315789,69,53
v2_erdos_renyi_baseline_s20,v2,erdos_renyi_baseline,20,erdos_renyi,100,4,335,36,2.5649493574485365,13,36,0.3611111111111111,50,40
v2_erdos_renyi_baseline_s20,v2,erdos_renyi_baseline,20,erdos_renyi,100,4,336,127,3.828845343713952,50,127,0.3937007874015748,99,15
v2_erdos_renyi_baseline_s20,v2,erdos_renyi_baseline,20,erdos_renyi,100,4,337,14,1.039720770836918,4,14,0.2857142857142857,11,88
v2_erdos_renyi_baseline_s20,v2,erdos_renyi_baseline,20,erdos_renyi,100,4,338,211,4.4317940339710304,97,211,0.4597156398104265,89,52
v2_erdos_renyi_baseline_s20,v2,erdos_renyi_baseline,20,erdos_renyi,100,4,339,30,2.3978952727873706,11,30,0.36666666666666664,34,40
v2_erdos_renyi_baseline_s20,v2,erdos_renyi_baseline,20,erdos_renyi,100,4,340,18,2.079441541671836,8,18,0.4444444444444444,58,40
v2_erdos_renyi_baseline_s20,v2,erdos_renyi_baseline,20,erdos_renyi,100,4,341,108,3.59101670022478,45,108,0.4166666666666667,57,40
v2_erdos_renyi_baseline_s20,v2,erdos_renyi_baseline,20,erdos_renyi,100,4,342,53,3.10797227595561,25,53,0.4716981132075472,64,52
v2_erdos_renyi_baseline_s20,v2,erdos_renyi_baseline,20,erdos_renyi,100,4,343,61,2.921657656475706,30,61,0.4918032786885246,19,40
v2_erdos_renyi_baseline_s20,v2,erdos_renyi_baseline,20,erdos_renyi,100,4,344,1,-1.000088900581841e-12,1,1,1.0,67,88
v2_erdos_renyi_baseline_s20,v2,erdos_renyi_baseline,20,erdos_renyi,100,4,345,28,2.3978952727873706,11,28,0.39285714285714285,21,40
v2_erdos_renyi_baseline_s20,v2,erdos_renyi_baseline,20,erdos_renyi,100,4,346,34,2.639057329601259,14,34,0.4117647058823529,90,53
v2_erdos_renyi_baseline_s20,v2,erdos_renyi_baseline,20,erdos_renyi,100,4,347,73,3.2103913397623893,31,73,0.4246575342465753,56,52
v2_erdos_renyi_baseline_s20,v2,erdos_renyi_baseline,20,erdos_renyi,100,4,348,85,3.3319650272562886,38,85,0.4470588235294118,42,88
v2_erdos_renyi_baseline_s20,v2,erdos_renyi_baseline,20,erdos_renyi,100,4,349,6,0.6931471805579453,2,6,0.3333333333333333,51,53
v2_erdos_renyi_baseline_s20,v2,erdos_renyi_baseline,20,erdos_renyi,100,4,350,2,0.6931471805579453,2,2,1.0,78,88
v2_erdos_renyi_baseline_s20,v2,erdos_renyi_baseline,20,erdos_renyi,100,4,351,45,3.0149468801585937,23,45,0.5111111111111111,99,40
v2_erdos_renyi_baseline_s20,v2,erdos_renyi_baseline,20,erdos_renyi,100,4,352,5,1.3862943611158909,4,5,0.8,17,52
v2_erdos_renyi_baseline_s20,v2,erdos_renyi_baseline,20,erdos_renyi,100,4,353,2,-1.000088900581841e-12,1,2,0.5,77,53
v2_erdos_renyi_baseline_s20,v2,erdos_renyi_baseline,20,erdos_renyi,100,4,354,60,3.4469064102262488,37,60,0.6166666666666667,0,88
v2_erdos_renyi_baseline_s20,v2,erdos_renyi_baseline,20,erdos_renyi,100,4,355,51,3.120291565278284,24,51,0.47058823529411764,6,88
v2_erdos_renyi_baseline_s20,v2,erdos_renyi_baseline,20,erdos_renyi,100,4,356,9,1.6094379124291005,5,9,0.5555555555555556,42,52
v2_erdos_renyi_baseline_s20,v2,erdos_renyi_baseline,20,erdos_renyi,100,4,357,39,2.369382119683676,12,39,0.3076923076923077,57,88
v2_erdos_renyi_baseline_s20,v2,erdos_renyi_baseline,20,erdos_renyi,100,4,358,122,3.839509426606019,53,122,0.4344262295081967,87,88
v2_erdos_renyi_baseline_s20,v2,erdos_renyi_baseline,20,erdos_renyi,100,4,359,176,4.161205775695429,78,176,0.4431818181818182,64,40
v2_erdos_renyi_baseline_s20,v2,erdos_renyi_baseline,20,erdos_renyi,100,4,360,25,2.079441541671836,8,25,0.32,42,40
v2_erdos_renyi_baseline_s20,v2,erdos_renyi_baseline,20,erdos_renyi,100,4,361,52,2.912494403312053,21,52,0.40384615384615385,72,53
v2_erdos_renyi_baseline_s20,v2,erdos_renyi_baseline,20,erdos_renyi,100,4,362,18,2.079441541671836,8,18,0.4444444444444444,74,53
v2_erdos_renyi_baseline_s20,v2,erdos_renyi_baseline,20,erdos_renyi,100,4,363,95,3.5359830822784195,37,95,0.3894736842105263,42,40
v2_erdos_renyi_baseline_s20,v2,erdos_renyi_baseline,20,erdos_renyi,100,4,364,169,4.104774798514415,62,169,0.3668639053254438,70,52
v2_erdos_renyi_baseline_s20,v2,erdos_renyi_baseline,20,erdos_renyi,100,4,365,14,2.197224577327219,9,14,0.6428571428571429,4,88
v2_erdos_renyi_baseline_s20,v2,erdos_renyi_baseline,20,erdos_renyi,100,4,366,0,0.0,0,0,,53,53
v2_erdos_renyi_baseline_s20,v2,erdos_renyi_baseline,20,erdos_renyi,100,4,367,0,0.0,0,0,,52,52
v2_erdos_renyi_baseline_s20,v2,erdos_renyi_baseline,20,erdos_renyi,100,4,368,87,3.2826939972510645,28,87,0.3218390804597701,49,52
v2_erdos_renyi_baseline_s20,v2,erdos_renyi_baseline,20,erdos_renyi,100,4,369,159,4.017426986302501,73,159,0.4591194968553459,25,53
v2_erdos_renyi_baseline_s20,v2,erdos_renyi_baseline,20,erdos_renyi,100,4,370,4,1.0986122886651095,3,4,0.75,84,15
v2_erdos_renyi_baseline_s20,v2,erdos_renyi_baseline,20,erdos_renyi,100,4,371,59,3.299829685639092,31,59,0.5254237288135594,65,40
v2_erdos_renyi_baseline_s20,v2,erdos_renyi_baseline,20,erdos_renyi,100,4,372,88,3.389268031515795,31,88,0.3522727272727273,85,53
v2_erdos_renyi_baseline_s20,v2,erdos_renyi_baseline,20,erdos_renyi,100,4,373,0,0.0,0,0,,53,53
v2_erdos_renyi_baseline_s20,v2,erdos_renyi_baseline,20,erdos_renyi,100,4,374,2,-1.000088900581841e-12,1,2,0.5,26,15
v2_erdos_renyi_baseline_s20,v2,erdos_renyi_baseline,20,erdos_renyi,100,4,375,41,3.0910424533363146,22,41,0.5365853658536586,34,88
v2_erdos_renyi_baseline_s20,v2,erdos_renyi_baseline,20,erdos_renyi,100,4,376,28,2.1639556568730565,10,28,0.35714285714285715,36,52
v2_erdos_renyi_baseline_s20,v2,erdos_renyi_baseline,20,erdos_renyi,100,4,377,62,3.3445488585774434,31,62,0.5,48,40
v2_erdos_renyi_baseline_s20,v2,erdos_renyi_baseline,20,erdos_renyi,100,4,378,50,2.588573162668117,17,50,0.34,98,15
v2_erdos_renyi_baseline_s20,v2,erdos_renyi_baseline,20,erdos_renyi,100,4,379,0,0.0,0,0,,15,15
v2_erdos_renyi_baseline_s20,v2,erdos_renyi_baseline,20,erdos_renyi,100,4,380,55,3.062529300232621,24,55,0.43636363636363634,35,53
v2_erdos_renyi_baseline_s20,v2,erdos_renyi_baseline,20,erdos_renyi,100,4,381,2,-1.000088900581841e-12,1,2,0.5,93,40
v2_erdos_renyi_baseline_s20,v2,erdos_renyi_baseline,20,erdos_renyi,100,4,382,72,3.1418041591892294,27,72,0.375,33,15
v2_erdos_renyi_baseline_s20,v2,erdos_renyi_baseline,20,erdos_renyi,100,4,383,44,2.6229962760707908,20,44,0.45454545454545453,5,40
v2_erdos_renyi_baseline_s20,v2,erdos_renyi_baseline,20,erdos_renyi,100,4,384,116,3.6364454331777054,46,116,0.39655172413793105,69,40
v2_erdos_renyi_baseline_s20,v2,erdos_renyi_baseline,20,erdos_renyi,100,4,385,25,2.484906649776,12,25,0.48,6,15
v2_erdos_renyi_baseline_s20,v2,erdos_renyi_baseline,20,erdos_renyi,100,4,386,24,1.791759469222055,6,24,0.25,92,53
v2_erdos_renyi_baseline_s20,v2,erdos_renyi_baseline,20,erdos_renyi,100,4,387,46,2.926417555478996,20,46,0.43478260869565216,95,40
v2_erdos_renyi_baseline_s20,v2,erdos_renyi_baseline,20,erdos_renyi,100,4,388,9,0.6931471805579453,2,9,0.2222222222222222,82,15
v2_erdos_renyi_baseline_s20,v2,erdos_renyi_baseline,20,erdos_renyi,100,4,389,100,3.5359830822784195,37,100,0.37,90,88
v2_erdos_renyi_baseline_s20,v2,erdos_renyi_baseline,20,erdos_renyi,100,4,390,4,-1.000088900581841e-12,1,4,0.25,23,52
v2_erdos_renyi_baseline_s20,v2,erdos_renyi_baseline,20,erdos_renyi,100,4,391,15,1.6094379124291005,5,15,0.3333333333333333,28,88
v2_erdos_renyi_baseline_s20,v2,erdos_renyi_baseline,20,erdos_renyi,100,4,392,178,4.234627390288283,85,178,0.47752808988764045,36,88
v2_erdos_renyi_baseline_s20,v2,erdos_renyi_baseline,20,erdos_renyi,100,4,393,70,3.2238860684653137,29,70,0.4142857142857143,58,15
v2_erdos_renyi_baseline_s20,v2,erdos_renyi_baseline,20,erdos_renyi,100,4,394,68,3.10797227595561,25,68,0.36764705882352944,6,15
v2_erdos_renyi_baseline_s20,v2,erdos_renyi_baseline,20,erdos_renyi,100,4,395,17,2.197224577327219,9,17,0.5294117647058824,54,40
v2_erdos_renyi_baseline_s20,v2,erdos_renyi_baseline,20,erdos_renyi,100,4,396,94,3.260918854185786,36,94,0.3829787234042553,49,88
v2_erdos_renyi_baseline_s20,v2,erdos_renyi_baseline,20,erdos_renyi,100,4,397,78,3.485587161020812,34,78,0.4358974358974359,63,40
v2_erdos_renyi_baseline_s20,v2,erdos_renyi_baseline,20,erdos_renyi,100,4,398,175,3.6749351034644806,61,175,0.3485714285714286,2,40
v2_erdos_renyi_baseline_s20,v2,erdos_renyi_baseline,20,erdos_renyi,100,4,399,301,4.306761245700453,112,301,0.37209302325581395,34,40
v2_erdos_renyi_baseline_s20,v2,erdos_renyi_baseline,20,erdos_renyi,100,4,400,55,2.912494403312053,21,55,0.38181818181818183,78,40
v2_erdos_renyi_baseline_s20,v2,erdos_renyi_baseline,20,erdos_renyi,100,4,401,34,2.772588722223781,16,34,0.47058823529411764,85,40
v2_erdos_renyi_baseline_s20,v2,erdos_renyi_baseline,20,erdos_renyi,100,4,402,82,3.0904599235931967,27,82,0.32926829268292684,85,88
v2_erdos_renyi_baseline_s20,v2,erdos_renyi_baseline,20,erdos_renyi,100,4,403,11,1.3862943611158909,4,11,0.36363636363636365,56,40
v2_erdos_renyi_baseline_s20,v2,erdos_renyi_baseline,20,erdos_renyi,100,4,404,1,-1.000088900581841e-12,1,1,1.0,50,53
v2_erdos_renyi_baseline_s20,v2,erdos_renyi_baseline,20,erdos_renyi,100,4,405,210,4.04531156760225,82,210,0.3904761904761905,64,52
v2_erdos_renyi_baseline_s20,v2,erdos_renyi_baseline,20,erdos_renyi,100,4,406,224,4.1410881648104425,93,224,0.41517857142857145,62,52
v2_erdos_renyi_baseline_s20,v2,erdos_renyi_baseline,20,erdos_renyi,100,4,407,112,3.4551790069144523,38,112,0.3392857142857143,8,88
v2_erdos_renyi_baseline_s20,v2,erdos_renyi_baseline,20,erdos_renyi,100,4,408,10000,-1.000088900581841e-12,3581,10000,0.3581,68,68
v2_erdos_renyi_baseline_s20,v2,erdos_renyi_baseline,20,erdos_renyi,100,4,409,30,1.9061547465328492,8,30,0.26666666666666666,99,52
v2_erdos_renyi_baseline_s20,v2,erdos_renyi_baseline,20,erdos_renyi,100,4,410,86,3.4040404338981127,34,86,0.3953488372093023,13,40
v2_erdos_renyi_baseline_s20,v2,erdos_renyi_baseline,20,erdos_renyi,100,4,411,24,2.639057329601259,14,24,0.5833333333333334,4,40
v2_erdos_renyi_baseline_s20,v2,erdos_renyi_baseline,20,erdos_renyi,100,4,412,13,1.9459101490483133,7,13,0.5384615384615384,56,15
v2_erdos_renyi_baseline_s20,v2,erdos_renyi_baseline,20,erdos_renyi,100,4,413,217,4.10055610394568,73,217,0.33640552995391704,95,40
v2_erdos_renyi_baseline_s20,v2,erdos_renyi_baseline,20,erdos_renyi,100,4,414,15,2.079441541671836,8,15,0.5333333333333333,94,40
v2_erdos_renyi_baseline_s20,v2,erdos_renyi_baseline,20,erdos_renyi,100,4,415,4,0.6931471805579453,2,4,0.5,51,40
v2_erdos_renyi_baseline_s20,v2,erdos_renyi_baseline,20,erdos_renyi,100,4,416,36,2.6593226976945163,18,36,0.5,14,53
v2_erdos_renyi_baseline_s20,v2,erdos_renyi_baseline,20,erdos_renyi,100,4,417,13,1.9459101490483133,7,13,0.5384615384615384,65,40
v2_erdos_renyi_baseline_s20,v2,erdos_renyi_baseline,20,erdos_renyi,100,4,418,1,-1.000088900581841e-12,1,1,1.0,77,53
v2_erdos_renyi_baseline_s20,v2,erdos_renyi_baseline,20,erdos_renyi,100,4,419,69,3.10797227595561,25,69,0.36231884057971014,1,52
v2_erdos_renyi_baseline_s20,v2,erdos_renyi_baseline,20,erdos_renyi,100,4,420,81,3.461048251949615,37,81,0.4567901234567901,60,40
v2_erdos_renyi_baseline_s20,v2,erdos_renyi_baseline,20,erdos_renyi,100,4,421,26,2.302585092984045,10,26,0.38461538461538464,94,40
v2_erdos_renyi_baseline_s20,v2,erdos_renyi_baseline,20,erdos_renyi,100,4,422,19,1.6094379124291005,5,19,0.2631578947368421,39,40
v2_erdos_renyi_baseline_s20,v2,erdos_renyi_baseline,20,erdos_renyi,100,4,423,12,1.3862943611158909,4,12,0.3333333333333333,96,40
v2_erdos_renyi_baseline_s20,v2,erdos_renyi_baseline,20,erdos_renyi,100,4,424,19,2.079441541671836,8,19,0.42105263157894735,66,88
v2_erdos_renyi_baseline_s20,v2,erdos_renyi_baseline,20,erdos_renyi,100,4,425,34,2.588573162668117,17,34,0.5,8,40
v2_erdos_renyi_baseline_s20,v2,erdos_renyi_baseline,20,erdos_renyi,100,4,426,8,1.6094379124291005,5,8,0.625,42,52
v2_erdos_renyi_baseline_s20,v2,erdos_renyi_baseline,20,erdos_renyi,100,4,427,46,2.813355404483615,18,46,0.391304347826087,30,40
v2_erdos_renyi_baseline_s20,v2,erdos_renyi_baseline,20,erdos_renyi,100,4,428,139,3.8252615592850914,54,139,0.38848920863309355,8,52
v2_erdos_renyi_baseline_s20,v2,erdos_renyi_baseline,20,erdos_renyi,100,4,429,159,3.897125545560404,57,159,0.3584905660377358,42,53
v2_erdos_renyi_baseline_s20,v2,erdos_renyi_baseline,20,erdos_renyi,100,4,430,14,1.0986122886651095,3,14,0.21428571428571427,35,40
v2_erdos_renyi_baseline_s20,v2,erdos_renyi_baseline,20,erdos_renyi,100,4,431,0,0.0,0,0,,88,88
v2_erdos_renyi_baseline_s20,v2,erdos_renyi_baseline,20,erdos_renyi,100,4,432,46,2.5649493574485365,13,46,0.2826086956521739,35,40
v2_erdos_renyi_baseline_s20,v2,erdos_renyi_baseline,20,erdos_renyi,100,4,433,10,-1.000088900581841e-12,1,10,0.1,50,53
v2_erdos_renyi_baseline_s20,v2,erdos_renyi_baseline,20,erdos_renyi,100,4,434,7,1.6094379124291005,5,7,0.7142857142857143,87,52
v2_erdos_renyi_baseline_s20,v2,erdos_renyi_baseline,20,erdos_renyi,100,4,435,200,4.111844756887612,76,200,0.38,37,40
v2_erdos_renyi_baseline_s20,v2,erdos_renyi_baseline,20,erdos_renyi,100,4,436,38,2.5993019270857944,16,38,0.42105263157894735,24,40
v2_erdos_renyi_baseline_s20,v2,erdos_renyi_baseline,20,erdos_renyi,100,4,437,31,2.079441541671836,8,31,0.25806451612903225,48,53
v2_erdos_renyi_baseline_s20,v2,erdos_renyi_baseline,20,erdos_renyi,100,4,438,31,2.253857589591352,12,31,0.3870967741935484,75,40
v2_erdos_renyi_baseline_s20,v2,erdos_renyi_baseline,20,erdos_renyi,100,4,439,20,1.791759469222055,6,20,0.3,46,88
v2_erdos_renyi_baseline_s20,v2,erdos_renyi_baseline,20,erdos_renyi,100,4,440,47,2.772588722223781,16,47,0.3404255319148936,46,15
v2_erdos_renyi_baseline_s20,v2,erdos_renyi_baseline,20,erdos_renyi,100,4,441,62,3.233183484354926,28,62,0.45161290322580644,51,40
v2_erdos_renyi_baseline_s20,v2,erdos_renyi_baseline,20,erdos_renyi,100,4,442,1,-1.000088900581841e-12,1,1,1.0,96,88
v2_erdos_renyi_baseline_s20,v2,erdos_renyi_baseline,20,erdos_renyi,100,4,443,26,2.369382119683676,12,26,0.46153846153846156,7,52
v2_erdos_renyi_baseline_s20,v2,erdos_renyi_baseline,20,erdos_renyi,100,4,444,168,3.91243798774287,64,168,0.38095238095238093,45,40
v2_erdos_renyi_baseline_s20,v2,erdos_renyi_baseline,20,erdos_renyi,100,4,445,42,2.5232109529398907,15,42,0.35714285714285715,90,88
v2_erdos_renyi_baseline_s20,v2,erdos_renyi_baseline,20,erdos_renyi,100,4,446,38,2.61563057701355,15,38,0.39473684210526316,56,40
v2_erdos_renyi_baseline_s20,v2,erdos_renyi_baseline,20,erdos_renyi,100,4,447,1,-1.000088900581841e-12,1,1,1.0,32,88
v2_erdos_renyi_baseline_s20,v2,erdos_renyi_baseline,20,erdos_renyi,100,4,448,3,-1.000088900581841e-12,1,3,0.3333333333333333,31,52
v2_erdos_renyi_baseline_s20,v2,erdos_renyi_baseline,20,erdos_renyi,100,4,449,30,2.5649493574485365,13,30,0.43333333333333335,9,52
v2_erdos_renyi_baseline_s20,v2,erdos_renyi_baseline,20,erdos_renyi,100,4,450,3,0.6931471805579453,2,3,0.6666666666666666,48,52
v2_erdos_renyi_baseline_s20,v2,erdos_renyi_baseline,20,erdos_renyi,100,4,451,59,2.902002313186603,22,59,0.3728813559322034,13,53
v2_erdos_renyi_baseline_s20,v2,erdos_renyi_baseline,20,erdos_renyi,100,4,452,49,2.772588722223781,16,49,0.32653061224489793,13,40
v2_erdos_renyi_baseline_s20,v2,erdos_renyi_baseline,20,erdos_renyi,100,4,453,2,0.6931471805579453,2,2,1.0,42,88
v2_erdos_renyi_baseline_s20,v2,erdos_renyi_baseline,20,erdos_renyi,100,4,454,87,3.3909780549362365,36,87,0.41379310344827586,24,40
v2_erdos_renyi_baseline_s20,v2,erdos_renyi_baseline,20,erdos_renyi,100,4,455,51,2.6895357734519942,21,51,0.4117647058823529,24,40
v2_erdos_renyi_baseline_s20,v2,erdos_renyi_baseline,20,erdos_renyi,100,4,456,36,2.8332133440392155,17,36,0.4722222222222222,82,15
v2_erdos_renyi_baseline_s20,v2,erdos_renyi_baseline,20,erdos_renyi,100,4,457,162,3.8393038461588183,57,162,0.35185185185185186,77,88
v2_erdos_renyi_baseline_s20,v2,erdos_renyi_baseline,20,erdos_renyi,100,4,458,173,3.830168160582664,75,173,0.43352601156069365,82,40
v2_erdos_renyi_baseline_s20,v2,erdos_renyi_baseline,20,erdos_renyi,100,4,459,49,3.135494215906149,23,49,0.46938775510204084,51,52
v2_erdos_renyi_baseline_s20,v2,erdos_renyi_baseline,20,erdos_renyi,100,4,460,60,3.176082814634593,29,60,0.48333333333333334,89,40
v2_erdos_renyi_baseline_s20,v2,erdos_renyi_baseline,20,erdos_renyi,100,4,461,10,1.559581156254877,8,10,0.8,64,53
v2_erdos_renyi_baseline_s20,v2,erdos_renyi_baseline,20,erdos_renyi,100,4,462,10,1.0986122886651095,3,10,0.3,58,40
v2_erdos_renyi_baseline_s20,v2,erdos_renyi_baseline,20,erdos_renyi,100,4,463,14,1.791759469222055,6,14,0.42857142857142855,8,52
v2_erdos_renyi_baseline_s20,v2,erdos_renyi_baseline,20,erdos_renyi,100,4,464,31,2.3516733018936304,13,31,0.41935483870967744,84,15
v2_erdos_renyi_baseline_s20,v2,erdos_renyi_baseline,20,erdos_renyi,100,4,465,22,1.3862943611158909,4,22,0.18181818181818182,49,52
v2_erdos_renyi_baseline_s20,v2,erdos_renyi_baseline,20,erdos_renyi,100,4,466,0,0.0,0,0,,53,53
v2_erdos_renyi_baseline_s20,v2,erdos_renyi_baseline,20,erdos_renyi,100,4,467,18,1.791759469222055,6,18,0.3333333333333333,86,15
v2_erdos_renyi_baseline_s20,v2,erdos_renyi_baseline,20,erdos_renyi,100,4,468,237,4.068528791314241,93,237,0.3924050632911392,28,15
v2_erdos_renyi_baseline_s20,v2,erdos_renyi_baseline,20,erdos_renyi,100,4,469,77,3.328471881301735,33,77,0.42857142857142855,33,15
v2_erdos_renyi_baseline_s20,v2,erdos_renyi_baseline,20,erdos_renyi,100,4,470,15,2.197224577327219,9,15,0.6,54,15
v2_erdos_renyi_baseline_s20,v2,erdos_renyi_baseline,20,erdos_renyi,100,4,471,35,2.5126585295168016,16,35,0.45714285714285713,38,15
v2_erdos_renyi_baseline_s20,v2,erdos_renyi_baseline,20,erdos_renyi,100,4,472,1,-1.000088900581841e-12,1,1,1.0,20,53
v2_erdos_renyi_baseline_s20,v2,erdos_renyi_baseline,20,erdos_renyi,100,4,473,181,3.998617071980548,79,181,0.43646408839779005,89,53
v2_erdos_renyi_baseline_s20,v2,erdos_renyi_baseline,20,erdos_renyi,100,4,474,18,1.5607104090364066,6,18,0.3333333333333333,19,53
v2_erdos_renyi_baseline_s20,v2,erdos_renyi_baseline,20,erdos_renyi,100,4,475,7,1.0986122886651095,3,7,0.42857142857142855,93,88
v2_erdos_renyi_baseline_s20,v2,erdos_renyi_baseline,20,erdos_renyi,100,4,476,2,-1.000088900581841e-12,1,2,0.5,22,15
v2_erdos_renyi_baseline_s20,v2,erdos_renyi_baseline,20,erdos_renyi,100,4,477,14,1.6094379124291005,5,14,0.35714285714285715,96,88
v2_erdos_renyi_baseline_s20,v2,erdos_renyi_baseline,20,erdos_renyi,100,4,478,36,2.302585092984045,10,36,0.2777777777777778,91,88
v2_erdos_renyi_baseline_s20,v2,erdos_renyi_baseline,20,erdos_renyi,100,4,479,29,2.253857589591352,12,29,0.41379310344827586,1,40
v2_erdos_renyi_baseline_s20,v2,erdos_renyi_baseline,20,erdos_renyi,100,4,480,25,2.1639556568730565,10,25,0.4,34,52
v2_erdos_renyi_baseline_s20,v2,erdos_renyi_baseline,20,erdos_renyi,100,4,481,78,2.83412587653726,23,78,0.2948717948717949,8,52
v2_erdos_renyi_baseline_s20,v2,erdos_renyi_baseline,20,erdos_renyi,100,4,482,34,2.3978952727873706,11,34,0.3235294117647059,8,52
v2_erdos_renyi_baseline_s20,v2,erdos_renyi_baseline,20,erdos_renyi,100,4,483,117,3.476845417119441,44,117,0.37606837606837606,72,40
v2_erdos_renyi_baseline_s20,v2,erdos_renyi_baseline,20,erdos_renyi,100,4,484,26,2.079441541671836,8,26,0.3076923076923077,8,52
v2_erdos_renyi_baseline_s20,v2,erdos_renyi_baseline,20,erdos_renyi,100,4,485,33,2.3978952727873706,11,33,0.3333333333333333,95,88
v2_erdos_renyi_baseline_s20,v2,erdos_renyi_baseline,20,erdos_renyi,100,4,486,40,2.540036303807981,14,40,0.35,70,88
v2_erdos_renyi_baseline_s20,v2,erdos_renyi_baseline,20,erdos_renyi,100,4,487,11,1.3862943611158909,4,11,0.36363636363636365,7,53
v2_erdos_renyi_baseline_s20,v2,erdos_renyi_baseline,20,erdos_renyi,100,4,488,0,0.0,0,0,,88,88
v2_erdos_renyi_baseline_s20,v2,erdos_renyi_baseline,20,erdos_renyi,100,4,489,54,2.6895357734519942,21,54,0.3888888888888889,67,88
v2_erdos_renyi_baseline_s20,v2,erdos_renyi_baseline,20,erdos_renyi,100,4,490,20,1.791759469222055,6,20,0.3,21,40
v2_erdos_renyi_baseline_s20,v2,erdos_renyi_baseline,20,erdos_renyi,100,4,491,326,4.530307256444104,127,326,0.3895705521472393,46,15
v2_erdos_renyi_baseline_s20,v2,erdos_renyi_baseline,20,erdos_renyi,100,4,492,0,0.0,0,0,,88,88
v2_erdos_renyi_baseline_s20,v2,erdos_renyi_baseline,20,erdos_renyi,100,4,493,3,-1.000088900581841e-12,1,3,0.3333333333333333,67,88
v2_erdos_renyi_baseline_s20,v2,erdos_renyi_baseline,20,erdos_renyi,100,4,494,101,3.605641583852999,42,101,0.4158415841584158,55,40
v2_erdos_renyi_baseline_s20,v2,erdos_renyi_baseline,20,erdos_renyi,100,4,495,21,1.834371970274624,10,21,0.47619047619047616,45,40
v2_erdos_renyi_baseline_s20,v2,erdos_renyi_baseline,20,erdos_renyi,100,4,496,27,1.9459101490483133,7,27,0.25925925925925924,9,15
v2_erdos_renyi_baseline_s20,v2,erdos_renyi_baseline,20,erdos_renyi,100,4,497,7,1.3862943611158909,4,7,0.5714285714285714,43,15
v2_erdos_renyi_baseline_s20,v2,erdos_renyi_baseline,20,erdos_renyi,100,4,498,22,2.253857589591352,12,22,0.5454545454545454,95,52
v2_erdos_renyi_baseline_s20,v2,erdos_renyi_baseline,20,erdos_renyi,100,4,499,88,3.308777757559495,30,88,0.3409090909090909,8,15
v2_erdos_renyi_baseline_s20,v2,erdos_renyi_baseline,20,erdos_renyi,100,4,500,34,2.670119889791817,17,34,0.5,35,15
v2_erdos_renyi_baseline_s20,v2,erdos_renyi_baseline,20,erdos_renyi,100,4,501,42,2.61563057701355,15,42,0.35714285714285715,20,40
v2_erdos_renyi_baseline_s20,v2,erdos_renyi_baseline,20,erdos_renyi,100,4,502,60,3.218875824843201,25,60,0.4166666666666667,7,40
v2_erdos_renyi_baseline_s20,v2,erdos_renyi_baseline,20,erdos_renyi,100,4,503,22,1.6769877743164172,9,22,0.4090909090909091,85,88
v2_erdos_renyi_baseline_s20,v2,erdos_renyi_baseline,20,erdos_renyi,100,4,504,12,1.9459101490483133,7,12,0.5833333333333334,76,88
v2_erdos_renyi_baseline_s20,v2,erdos_renyi_baseline,20,erdos_renyi,100,4,505,105,3.6834363242964407,45,105,0.42857142857142855,61,88
v2_erdos_renyi_baseline_s20,v2,erdos_renyi_baseline,20,erdos_renyi,100,4,506,111,3.6401519506812425,48,111,0.43243243243243246,3,88
v2_erdos_renyi_baseline_s20,v2,erdos_renyi_baseline,20,erdos_renyi,100,4,507,11,1.791759469222055,6,11,0.5454545454545454,57,40
v2_erdos_renyi_baseline_s20,v2,erdos_renyi_baseline,20,erdos_renyi,100,4,508,18,1.6094379124291005,5,18,0.2777777777777778,39,88
v2_erdos_renyi_baseline_s20,v2,erdos_renyi_baseline,20,erdos_renyi,100,4,509,10,1.7478680974607577,7,10,0.7,20,53
v2_erdos_renyi_baseline_s20,v2,erdos_renyi_baseline,20,erdos_renyi,100,4,510,124,3.573554040100918,47,124,0.3790322580645161,71,40
v2_erdos_renyi_baseline_s20,v2,erdos_renyi_baseline,20,erdos_renyi,100,4,511,27,2.302585092984045,10,27,0.37037037037037035,37,40
v2_erdos_renyi_baseline_s20,v2,erdos_renyi_baseline,20,erdos_renyi,100,4,512,5,0.6931471805579453,2,5,0.4,25,15
v2_erdos_renyi_baseline_s20,v2,erdos_renyi_baseline,20,erdos_renyi,100,4,513,75,3.319492576126754,29,75,0.38666666666666666,58,53
v2_erdos_renyi_baseline_s20,v2,erdos_renyi_baseline,20,erdos_renyi,100,4,514,16,1.791759469222055,6,16,0.375,79,88
v2_erdos_renyi_baseline_s20,v2,erdos_renyi_baseline,20,erdos_renyi,100,4,515,1,-1.000088900581841e-12,1,1,1.0,50,53
v2_erdos_renyi_baseline_s20,v2,erdos_renyi_baseline,20,erdos_renyi,100,4,516,134,3.818380380838661,50,134,0.373134328358209,76,88
v2_erdos_renyi_baseline_s20,v2,erdos_renyi_baseline,20,erdos_renyi,100,4,517,24,2.1639556568730565,10,24,0.4166666666666667,48,52
v2_erdos_renyi_baseline_s20,v2,erdos_renyi_baseline,20,erdos_renyi,100,4,518,6,0.6931471805579453,2,6,0.3333333333333333,72,40
v2_erdos_renyi_baseline_s20,v2,erdos_renyi_baseline,20,erdos_renyi,100,4,519,33,2.61563057701355,15,33,0.45454545454545453,80,52
v2_erdos_renyi_baseline_s20,v2,erdos_renyi_baseline,20,erdos_renyi,100,4,520,28,2.079441541671836,8,28,0.2857142857142857,32,52
v2_erdos_renyi_baseline_s20,v2,erdos_renyi_baseline,20,erdos_renyi,100,4,521,47,2.751666616915516,17,47,0.3617021276595745,95,53
v2_erdos_renyi_baseline_s20,v2,erdos_renyi_baseline,20,erdos_renyi,100,4,522,18,1.791759469222055,6,18,0.3333333333333333,82,53
v2_erdos_renyi_baseline_s20,v2,erdos_renyi_baseline,20,erdos_renyi,100,4,523,10,1.3862943611158909,4,10,0.4,49,88
v2_erdos_renyi_baseline_s20,v2,erdos_renyi_baseline,20,erdos_renyi,100,4,524,38,2.1639556568730565,10,38,0.2631578947368421,27,53
v2_erdos_renyi_baseline_s20,v2,erdos_renyi_baseline,20,erdos_renyi,100,4,525,66,3.2164243998624604,32,66,0.48484848484848486,45,15
v2_erdos_renyi_baseline_s20,v2,erdos_renyi_baseline,20,erdos_renyi,100,4,526,96,3.4551790069144523,38,96,0.3958333333333333,55,88
v2_erdos_renyi_baseline_s20,v2,erdos_renyi_baseline,20,erdos_renyi,100,4,527,81,3.370480801334671,33,81,0.4074074074074074,59,40
v2_erdos_renyi_baseline_s20,v2,erdos_renyi_baseline,20,erdos_renyi,100,4,528,11,1.9459101490483133,7,11,0.6363636363636364,36,88
v2_erdos_renyi_baseline_s20,v2,erdos_renyi_baseline,20,erdos_renyi,100,4,529,24,1.9722469794154416,11,24,0.4583333333333333,25,53
v2_erdos_renyi_baseline_s20,v2,erdos_renyi_baseline,20,erdos_renyi,100,4,530,23,2.0431918705371204,9,23,0.391304347826087,62,40
v2_erdos_renyi_baseline_s20,v2,erdos_renyi_baseline,20,erdos_renyi,100,4,531,72,3.10797227595561,25,72,0.3472222222222222,77,53
v2_erdos_renyi_baseline_s20,v2,erdos_renyi_baseline,20,erdos_renyi,100,4,532,24,2.484906649776,12,24,0.5,16,40
v2_erdos_renyi_baseline_s20,v2,erdos_renyi_baseline,20,erdos_renyi,100,4,533,95,3.4294862316330117,36,95,0.37894736842105264,0,53
v2_erdos_renyi_baseline_s20,v2,erdos_renyi_baseline,20,erdos_renyi,100,4,534,23,2.3978952727873706,11,23,0.4782608695652174,99,40
v2_erdos_renyi_baseline_s20,v2,erdos_renyi_baseline,20,erdos_renyi,100,4,535,2,0.6931471805579453,2,2,1.0,17,15
v2_erdos_renyi_baseline_s20,v2,erdos_renyi_baseline,20,erdos_renyi,100,4,536,55,2.8903717578781647,18,55,0.32727272727272727,24,15
v2_erdos_renyi_baseline_s20,v2,erdos_renyi_baseline,20,erdos_renyi,100,4,537,52,3.0910424533363146,22,52,0.4230769230769231,10,15
v2_erdos_renyi_baseline_s20,v2,erdos_renyi_baseline,20,erdos_renyi,100,4,538,5,0.6931471805579453,2,5,0.4,4,88
v2_erdos_renyi_baseline_s20,v2,erdos_renyi_baseline,20,erdos_renyi,100,4,539,22,2.197224577327219,9,22,0.4090909090909091,86,53
v2_erdos_renyi_baseline_s20,v2,erdos_renyi_baseline,20,erdos_renyi,100,4,540,27,2.5232109529398907,15,27,0.5555555555555556,74,15
v2_erdos_renyi_baseline_s20,v2,erdos_renyi_baseline,20,erdos_renyi,100,4,541,49,2.9957322735339904,20,49,0.40816326530612246,36,53
v2_erdos_renyi_baseline_s20,v2,erdos_renyi_baseline,20,erdos_renyi,100,4,542,34,2.3978952727873706,11,34,0.3235294117647059,14,88
v2_erdos_renyi_baseline_s20,v2,erdos_renyi_baseline,20,erdos_renyi,100,4,543,54,2.7985132569262934,19,54,0.35185185185185186,84,40
v2_erdos_renyi_baseline_s20,v2,erdos_renyi_baseline,20,erdos_renyi,100,4,544,5,0.6931471805579453,2,5,0.4,92,52
v2_erdos_renyi_baseline_s20,v2,erdos_renyi_baseline,20,erdos_renyi,100,4,545,0,0.0,0,0,,52,52
v2_erdos_renyi_baseline_s20,v2,erdos_renyi_baseline,20,erdos_renyi,100,4,546,36,2.3978952727873706,11,36,0.3055555555555556,14,40
v2_erdos_renyi_baseline_s20,v2,erdos_renyi_baseline,20,erdos_renyi,100,4,547,1,-1.000088900581841e-12,1,1,1.0,39,52
v2_erdos_renyi_baseline_s20,v2,erdos_renyi_baseline,20,erdos_renyi,100,4,548,29,2.5126585295168016,16,29,0.5517241379310345,83,15
v2_erdos_renyi_baseline_s20,v2,erdos_renyi_baseline,20,erdos_renyi,100,4,549,57,2.5806383774029173,25,57,0.43859649122807015,18,15
v2_erdos_renyi_baseline_s20,v2,erdos_renyi_baseline,20,erdos_renyi,100,4,550,33,2.369382119683676,12,33,0.36363636363636365,12,40
v2_erdos_renyi_baseline_s20,v2,erdos_renyi_baseline,20,erdos_renyi,100,4,551,2,-1.000088900581841e-12,1,2,0.5,93,88
v2_erdos_renyi_baseline_s20,v2,erdos_renyi_baseline,20,erdos_renyi,100,4,552,26,2.3978952727873706,11,26,0.4230769230769231,7,53
v2_erdos_renyi_baseline_s20,v2,erdos_renyi_baseline,20,erdos_renyi,100,4,553,54,3.0752205480323718,23,54,0.42592592592592593,7,15
v2_erdos_renyi_baseline_s20,v2,erdos_renyi_baseline,20,erdos_renyi,100,4,554,167,3.863295501985452,60,167,0.3592814371257485,80,53
v2_erdos_renyi_baseline_s20,v2,erdos_renyi_baseline,20,erdos_renyi,100,4,555,38,2.772588722223781,16,38,0.42105263157894735,55,15
v2_erdos_renyi_baseline_s20,v2,erdos_renyi_baseline,20,erdos_renyi,100,4,556,93,3.550250017965948,40,93,0.43010752688172044,85,88
v2_erdos_renyi_baseline_s20,v2,erdos_renyi_baseline,20,erdos_renyi,100,4,557,14,1.791759469222055,6,14,0.42857142857142855,7,40
v2_erdos_renyi_baseline_s20,v2,erdos_renyi_baseline,20,erdos_renyi,100,4,558,80,3.198916528694685,30,80,0.375,27,52
v2_erdos_renyi_baseline_s20,v2,erdos_renyi_baseline,20,erdos_renyi,100,4,559,0,0.0,0,0,,15,15
v2_erdos_renyi_baseline_s20,v2,erdos_renyi_baseline,20,erdos_renyi,100,4,560,54,2.9957322735339904,20,54,0.37037037037037035,71,15
v2_erdos_renyi_baseline_s20,v2,erdos_renyi_baseline,20,erdos_renyi,100,4,561,3,-1.000088900581841e-12,1,3,0.3333333333333333,9,15
v2_erdos_renyi_baseline_s20,v2,erdos_renyi_baseline,20,erdos_renyi,100,4,562,229,4.187131532600425,95,229,0.4148471615720524,28,40
v2_erdos_renyi_baseline_s20,v2,erdos_renyi_baseline,20,erdos_renyi,100,4,563,60,3.052520501511814,25,60,0.4166666666666667,55,40
v2_erdos_renyi_baseline_s20,v2,erdos_renyi_baseline,20,erdos_renyi,100,4,564,45,3.044522437702424,21,45,0.4666666666666667,62,52
v2_erdos_renyi_baseline_s20,v2,erdos_renyi_baseline,20,erdos_renyi,100,4,565,53,2.725550395815721,19,53,0.3584905660377358,73,40
v2_erdos_renyi_baseline_s20,v2,erdos_renyi_baseline,20,erdos_renyi,100,4,566,58,2.838988933136699,22,58,0.3793103448275862,29,53
v2_erdos_renyi_baseline_s20,v2,erdos_renyi_baseline,20,erdos_renyi,100,4,567,63,2.736339051089065,18,63,0.2857142857142857,85,88
v2_erdos_renyi_baseline_s20,v2,erdos_renyi_baseline,20,erdos_renyi,100,4,568,10000,-1.000088900581841e-12,3742,10000,0.3742,47,47
v2_erdos_renyi_baseline_s20,v2,erdos_renyi_baseline,20,erdos_renyi,100,4,569,35,2.302585092984045,10,35,0.2857142857142857,77,40
v2_erdos_renyi_baseline_s20,v2,erdos_renyi_baseline,20,erdos_renyi,100,4,570,66,3.271689322296034,29,66,0.4393939393939394,64,53
v2_erdos_renyi_baseline_s20,v2,erdos_renyi_baseline,20,erdos_renyi,100,4,571,80,3.379092505199735,32,80,0.4,32,52
v2_erdos_renyi_baseline_s20,v2,erdos_renyi_baseline,20,erdos_renyi,100,4,572,18,2.302585092984045,10,18,0.5555555555555556,79,40
v2_erdos_renyi_baseline_s20,v2,erdos_renyi_baseline,20,erdos_renyi,100,4,573,171,3.8876642995586215,66,171,0.38596491228070173,27,40
v2_erdos_renyi_baseline_s20,v2,erdos_renyi_baseline,20,erdos_renyi,100,4,574,3,-1.000088900581841e-12,1,3,0.3333333333333333,9,15
v2_erdos_renyi_baseline_s20,v2,erdos_renyi_baseline,20,erdos_renyi,100,4,575,35,2.9444389791474395,19,35,0.5428571428571428,83,53
v2_erdos_renyi_baseline_s20,v2,erdos_renyi_baseline,20,erdos_renyi,100,4,576,148,3.848483638154688,57,148,0.38513513513513514,19,88
v2_erdos_renyi_baseline_s20,v2,erdos_renyi_baseline,20,erdos_renyi,100,4,577,17,1.6094379124291005,5,17,0.29411764705882354,93,53
v2_erdos_renyi_baseline_s20,v2,erdos_renyi_baseline,20,erdos_renyi,100,4,578,27,1.9722469794154416,11,27,0.4074074074074074,72,88
v2_erdos_renyi_baseline_s20,v2,erdos_renyi_baseline,20,erdos_renyi,100,4,579,34,2.5649493574485365,13,34,0.38235294117647056,63,15
v2_erdos_renyi_baseline_s20,v2,erdos_renyi_baseline,20,erdos_renyi,100,4,580,132,3.801338558097586,59,132,0.44696969696969696,42,88
v2_erdos_renyi_baseline_s20,v2,erdos_renyi_baseline,20,erdos_renyi,100,4,581,113,3.2625679455231658,30,113,0.26548672566371684,11,40
v2_erdos_renyi_baseline_s20,v2,erdos_renyi_baseline,20,erdos_renyi,100,4,582,69,3.163424050399405,25,69,0.36231884057971014,48,53
v2_erdos_renyi_baseline_s20,v2,erdos_renyi_baseline,20,erdos_renyi,100,4,583,123,3.304940259875429,46,123,0.37398373983739835,77,40
v2_erdos_renyi_baseline_s20,v2,erdos_renyi_baseline,20,erdos_renyi,100,4,584,4,0.6931471805579453,2,4,0.5,81,52
v2_erdos_renyi_baseline_s20,v2,erdos_renyi_baseline,20,erdos_renyi,100,4,585,21,2.197224577327219,9,21,0.42857142857142855,92,88
v2_erdos_renyi_baseline_s20,v2,erdos_renyi_baseline,20,erdos_renyi,100,4,586,53,2.685945324654788,16,53,0.3018867924528302,61,15
v2_erdos_renyi_baseline_s20,v2,erdos_renyi_baseline,20,erdos_renyi,100,4,587,29,2.5649493574485365,13,29,0.4482758620689655,61,88
v2_erdos_renyi_baseline_s20,v2,erdos_renyi_baseline,20,erdos_renyi,100,4,588,64,3.158039775194436,29,64,0.453125,28,40
v2_erdos_renyi_baseline_s20,v2,erdos_renyi_baseline,20,erdos_renyi,100,4,589,153,3.978820032073776,60,153,0.39215686274509803,70,40
v2_erdos_renyi_baseline_s20,v2,erdos_renyi_baseline,20,erdos_renyi,100,4,590,57,3.135494215906149,23,57,0.40350877192982454,31,88
v2_erdos_renyi_baseline_s20,v2,erdos_renyi_baseline,20,erdos_renyi,100,4,591,201,4.06695200911671,80,201,0.39800995024875624,26,40
v2_erdos_renyi_baseline_s20,v2,erdos_renyi_baseline,20,erdos_renyi,100,4,592,2,-1.000088900581841e-12,1,2,0.5,50,53
v2_erdos_renyi_baseline_s20,v2,erdos_renyi_baseline,20,erdos_renyi,100,4,593,12,1.791759469222055,6,12,0.5,14,15
v2_erdos_renyi_baseline_s20,v2,erdos_renyi_baseline,20,erdos_renyi,100,4,594,120,3.632545289508276,47,120,0.39166666666666666,29,40
v2_erdos_renyi_baseline_s20,v2,erdos_renyi_baseline,20,erdos_renyi,100,4,595,14,1.791759469222055,6,14,0.42857142857142855,33,40
v2_erdos_renyi_baseline_s20,v2,erdos_renyi_baseline,20,erdos_renyi,100,4,596,127,3.6620409142119534,47,127,0.3700787401574803,10,52
v2_erdos_renyi_baseline_s20,v2,erdos_renyi_baseline,20,erdos_renyi,100,4,597,16,1.7478680974607577,7,16,0.4375,95,52
v2_erdos_renyi_baseline_s20,v2,erdos_renyi_baseline,20,erdos_renyi,100,4,598,60,3.0904599235931967,27,60,0.45,77,53
v2_erdos_renyi_baseline_s20,v2,erdos_renyi_baseline,20,erdos_renyi,100,4,599,1,-1.000088900581841e-12,1,1,1.0,50,53
v2_erdos_renyi_baseline_s20,v2,erdos_renyi_baseline,20,erdos_renyi,100,4,600,16,2.1639556568730565,10,16,0.625,36,15
v2_erdos_renyi_baseline_s20,v2,erdos_renyi_baseline,20,erdos_renyi,100,4,601,78,3.062433267532996,29,78,0.3717948717948718,77,15
v2_erdos_renyi_baseline_s20,v2,erdos_renyi_baseline,20,erdos_renyi,100,4,602,115,3.714242865653661,45,115,0.391304347826087,82,15
v2_erdos_renyi_baseline_s20,v2,erdos_renyi_baseline,20,erdos_renyi,100,4,603,82,3.2924491076317413,32,82,0.3902439024390244,18,40
v2_erdos_renyi_baseline_s20,v2,erdos_renyi_baseline,20,erdos_renyi,100,4,604,110,3.196695409779389,43,110,0.39090909090909093,41,15
v2_erdos_renyi_baseline_s20,v2,erdos_renyi_baseline,20,erdos_renyi,100,4,605,10000,-1.000088900581841e-12,3723,10000,0.3723,68,68
v2_erdos_renyi_baseline_s20,v2,erdos_renyi_baseline,20,erdos_renyi,100,4,606,16,1.3321790402061222,5,16,0.3125,33,40
v2_erdos_renyi_baseline_s20,v2,erdos_renyi_baseline,20,erdos_renyi,100,4,607,20,1.6094379124291005,5,20,0.25,6,52
v2_erdos_renyi_baseline_s20,v2,erdos_renyi_baseline,20,erdos_renyi,100,4,608,68,3.363267070336762,34,68,0.5,37,53
v2_erdos_renyi_baseline_s20,v2,erdos_renyi_baseline,20,erdos_renyi,100,4,609,59,2.912494403312053,21,59,0.3559322033898305,11,15
v2_erdos_renyi_baseline_s20,v2,erdos_renyi_baseline,20,erdos_renyi,100,4,610,8,1.0986122886651095,3,8,0.375,26,52
v2_erdos_renyi_baseline_s20,v2,erdos_renyi_baseline,20,erdos_renyi,100,4,611,36,2.5993019270857944,16,36,0.4444444444444444,12,88
v2_erdos_renyi_baseline_s20,v2,erdos_renyi_baseline,20,erdos_renyi,100,4,612,10000,-1.000088900581841e-12,3666,10000,0.3666,97,97
v2_erdos_renyi_baseline_s20,v2,erdos_renyi_baseline,20,erdos_renyi,100,4,613,28,2.079441541671836,8,28,0.2857142857142857,66,52
v2_erdos_renyi_baseline_s20,v2,erdos_renyi_baseline,20,erdos_renyi,100,4,614,17,1.0986122886651095,3,17,0.17647058823529413,80,40
v2_erdos_renyi_baseline_s20,v2,erdos_renyi_baseline,20,erdos_renyi,100,4,615,37,2.772588722223781,16,37,0.43243243243243246,17,40
v2_erdos_renyi_baseline_s20,v2,erdos_renyi_baseline,20,erdos_renyi,100,4,616,59,2.5823063442999667,18,59,0.3050847457627119,21,15
v2_erdos_renyi_baseline_s20,v2,erdos_renyi_baseline,20,erdos_renyi,100,4,617,111,3.176082814634593,29,111,0.26126126126126126,39,15
v2_erdos_renyi_baseline_s20,v2,erdos_renyi_baseline,20,erdos_renyi,100,4,618,72,3.0752205480323718,23,72,0.3194444444444444,19,40
v2_erdos_renyi_baseline_s20,v2,erdos_renyi_baseline,20,erdos_renyi,100,4,619,8,1.3862943611158909,4,8,0.5,13,40
v2_erdos_renyi_baseline_s20,v2,erdos_renyi_baseline,20,erdos_renyi,100,4,620,6,0.6931471805579453,2,6,0.3333333333333333,91,40
v2_erdos_renyi_baseline_s20,v2,erdos_renyi_baseline,20,erdos_renyi,100,4,621,128,3.555595131691821,43,128,0.3359375,86,52
v2_erdos_renyi_baseline_s20,v2,erdos_renyi_baseline,20,erdos_renyi,100,4,622,77,3.1418041591892294,27,77,0.35064935064935066,11,40
v2_erdos_renyi_baseline_s20,v2,erdos_renyi_baseline,20,erdos_renyi,100,4,623,76,3.1418041591892294,27,76,0.35526315789473684,45,40
v2_erdos_renyi_baseline_s20,v2,erdos_renyi_baseline,20,erdos_renyi,100,4,624,46,2.76162571218078,20,46,0.43478260869565216,36,88
v2_erdos_renyi_baseline_s20,v2,erdos_renyi_baseline,20,erdos_renyi,100,4,625,14,1.7478680974607577,7,14,0.5,50,88
v2_erdos_renyi_baseline_s20,v2,erdos_renyi_baseline,20,erdos_renyi,100,4,626,32,2.4583113296710835,13,32,0.40625,7,88
v2_erdos_renyi_baseline_s20,v2,erdos_renyi_baseline,20,erdos_renyi,100,4,627,72,3.2238860684653137,29,72,0.4027777777777778,87,40
v2_erdos_renyi_baseline_s20,v2,erdos_renyi_baseline,20,erdos_renyi,100,4,628,100,3.5924696275736783,39,100,0.39,18,53
v2_erdos_renyi_baseline_s20,v2,erdos_renyi_baseline,20,erdos_renyi,100,4,629,19,2.079441541671836,8,19,0.42105263157894735,57,15
v2_erdos_renyi_baseline_s20,v2,erdos_renyi_baseline,20,erdos_renyi,100,4,630,151,3.860623457522692,54,151,0.3576158940397351,16,40
v2_erdos_renyi_baseline_s20,v2,erdos_renyi_baseline,20,erdos_renyi,100,4,631,28,2.5649493574485365,13,28,0.4642857142857143,25,40
v2_erdos_renyi_baseline_s20,v2,erdos_renyi_baseline,20,erdos_renyi,100,4,632,51,2.751666616915516,17,51,0.3333333333333333,10,40
v2_erdos_renyi_baseline_s20,v2,erdos_renyi_baseline,20,erdos_renyi,100,4,633,75,3.2826939972510645,28,75,0.37333333333333335,27,53
v2_erdos_renyi_baseline_s20,v2,erdos_renyi_baseline,20,erdos_renyi,100,4,634,91,3.3445488585774434,31,91,0.34065934065934067,17,53
v2_erdos_renyi_baseline_s20,v2,erdos_renyi_baseline,20,erdos_renyi,100,4,635,2,-1.000088900581841e-12,1,2,0.5,50,53
v2_erdos_renyi_baseline_s20,v2,erdos_renyi_baseline,20,erdos_renyi,100,4,636,0,0.0,0,0,,53,53
v2_erdos_renyi_baseline_s20,v2,erdos_renyi_baseline,20,erdos_renyi,100,4,637,109,3.461048251949615,37,109,0.3394495412844037,46,52
v2_erdos_renyi_baseline_s20,v2,erdos_renyi_baseline,20,erdos_renyi,100,4,638,13,1.9459101490483133,7,13,0.5384615384615384,95,15
v2_erdos_renyi_baseline_s20,v2,erdos_renyi_baseline,20,erdos_renyi,100,4,639,0,0.0,0,0,,53,53
v2_erdos_renyi_baseline_s20,v2,erdos_renyi_baseline,20,erdos_renyi,100,4,640,10000,-1.000088900581841e-12,3672,10000,0.3672,68,68
v2_erdos_renyi_baseline_s20,v2,erdos_renyi_baseline,20,erdos_renyi,100,4,641,69,3.1514585102190296,26,69,0.37681159420289856,98,15
v2_erdos_renyi_baseline_s20,v2,erdos_renyi_baseline,20,erdos_renyi,100,4,642,1,-1.000088900581841e-12,1,1,1.0,32,88
v2_erdos_renyi_baseline_s20,v2,erdos_renyi_baseline,20,erdos_renyi,100,4,643,20,1.791759469222055,6,20,0.3,65,40
v2_erdos_renyi_baseline_s20,v2,erdos_renyi_baseline,20,erdos_renyi,100,4,644,3,-1.000088900581841e-12,1,3,0.3333333333333333,77,53
v2_erdos_renyi_baseline_s20,v2,erdos_renyi_baseline,20,erdos_renyi,100,4,645,26,2.0431918705371204,9,26,0.34615384615384615,62,53
v2_erdos_renyi_baseline_s20,v2,erdos_renyi_baseline,20,erdos_renyi,100,4,646,29,2.197224577327219,9,29,0.3103448275862069,18,40
v2_erdos_renyi_baseline_s20,v2,erdos_renyi_baseline,20,erdos_renyi,100,4,647,84,3.4965075614334804,33,84,0.39285714285714285,36,53
v2_erdos_renyi_baseline_s20,v2,erdos_renyi_baseline,20,erdos_renyi,100,4,648,10,0.6931471805579453,2,10,0.2,93,40
v2_erdos_renyi_baseline_s20,v2,erdos_renyi_baseline,20,erdos_renyi,100,4,649,49,2.8903717578781647,18,49,0.3673469387755102,67,88
v2_erdos_renyi_baseline_s20,v2,erdos_renyi_baseline,20,erdos_renyi,100,4,650,25,2.302585092984045,10,25,0.4,94,15
v2_erdos_renyi_baseline_s20,v2,erdos_renyi_baseline,20,erdos_renyi,100,4,651,16,2.079441541671836,8,16,0.5,20,40
v2_erdos_renyi_baseline_s20,v2,erdos_renyi_baseline,20,erdos_renyi,100,4,652,2,-1.000088900581841e-12,1,2,0.5,93,40
v2_erdos_renyi_baseline_s20,v2,erdos_renyi_baseline,20,erdos_renyi,100,4,653,91,3.5281418680240257,38,91,0.4175824175824176,83,40
v2_erdos_renyi_baseline_s20,v2,erdos_renyi_baseline,20,erdos_renyi,100,4,654,49,2.61563057701355,15,49,0.30612244897959184,43,15
v2_erdos_renyi_baseline_s20,v2,erdos_renyi_baseline,20,erdos_renyi,100,4,655,84,3.218875824843201,25,84,0.2976190476190476,37,52
v2_erdos_renyi_baseline_s20,v2,erdos_renyi_baseline,20,erdos_renyi,100,4,656,4,1.0986122886651095,3,4,0.75,94,52
v2_erdos_renyi_baseline_s20,v2,erdos_renyi_baseline,20,erdos_renyi,100,4,657,39,2.639057329601259,14,39,0.358974358974359,58,53
v2_erdos_renyi_baseline_s20,v2,erdos_renyi_baseline,20,erdos_renyi,100,4,658,78,3.422414203983732,32,78,0.41025641025641024,9,53
v2_erdos_renyi_baseline_s20,v2,erdos_renyi_baseline,20,erdos_renyi,100,4,659,6,1.0986122886651095,3,6,0.5,31,52
v2_erdos_renyi_baseline_s20,v2,erdos_renyi_baseline,20,erdos_renyi,100,4,660,18,2.197224577327219,9,18,0.5,60,52
v2_erdos_renyi_baseline_s20,v2,erdos_renyi_baseline,20,erdos_renyi,100,4,661,1,-1.000088900581841e-12,1,1,1.0,77,53
v2_erdos_renyi_baseline_s20,v2,erdos_renyi_baseline,20,erdos_renyi,100,4,662,60,3.2958368659773285,27,60,0.45,13,52
v2_erdos_renyi_baseline_s20,v2,erdos_renyi_baseline,20,erdos_renyi,100,4,663,26,2.2718685126865625,11,26,0.4230769230769231,0,52
v2_erdos_renyi_baseline_s20,v2,erdos_renyi_baseline,20,erdos_renyi,100,4,664,24,2.302585092984045,10,24,0.4166666666666667,73,15
v2_erdos_renyi_baseline_s20,v2,erdos_renyi_baseline,20,erdos_renyi,100,4,665,4,1.0986122886651095,3,4,0.75,65,40
v2_erdos_renyi_baseline_s20,v2,erdos_renyi_baseline,20,erdos_renyi,100,4,666,66,2.846480386116867,21,66,0.3181818181818182,93,52
v2_erdos_renyi_baseline_s20,v2,erdos_renyi_baseline,20,erdos_renyi,100,4,667,14,1.791759469222055,6,14,0.42857142857142855,75,53
v2_erdos_renyi_baseline_s20,v2,erdos_renyi_baseline,20,erdos_renyi,100,4,668,2,-1.000088900581841e-12,1,2,0.5,3,40
v2_erdos_renyi_baseline_s20,v2,erdos_renyi_baseline,20,erdos_renyi,100,4,669,153,3.817946183811361,52,153,0.33986928104575165,13,40
v2_erdos_renyi_baseline_s20,v2,erdos_renyi_baseline,20,erdos_renyi,100,4,670,0,0.0,0,0,,88,88
v2_erdos_renyi_baseline_s20,v2,erdos_renyi_baseline,20,erdos_renyi,100,4,671,24,2.079441541671836,8,24,0.3333333333333333,65,88
v2_erdos_renyi_baseline_s20,v2,erdos_renyi_baseline,20,erdos_renyi,100,4,672,71,2.9650156932365066,22,71,0.30985915492957744,13,52
v2_erdos_renyi_baseline_s20,v2,erdos_renyi_baseline,20,erdos_renyi,100,4,673,30,1.791759469222055,6,30,0.2,37,52
v2_erdos_renyi_baseline_s20,v2,erdos_renyi_baseline,20,erdos_renyi,100,4,674,12,1.6094379124291005,5,12,0.4166666666666667,83,53
v2_erdos_renyi_baseline_s20,v2,erdos_renyi_baseline,20,erdos_renyi,100,4,675,10000,-1.000088900581841e-12,3707,10000,0.3707,47,47
v2_erdos_renyi_baseline_s20,v2,erdos_renyi_baseline,20,erdos_renyi,100,4,676,74,2.9678674685120354,30,74,0.40540540540540543,29,53
v2_erdos_renyi_baseline_s20,v2,erdos_renyi_baseline,20,erdos_renyi,100,4,677,14,1.9459101490483133,7,14,0.5,4,15
v2_erdos_renyi_baseline_s20,v2,erdos_renyi_baseline,20,erdos_renyi,100,4,678,52,2.912494403312053,21,52,0.40384615384615385,5,53
v2_erdos_renyi_baseline_s20,v2,erdos_renyi_baseline,20,erdos_renyi,100,4,679,47,2.5823063442999667,18,47,0.3829787234042553,18,40
v2_erdos_renyi_baseline_s20,v2,erdos_renyi_baseline,20,erdos_renyi,100,4,680,86,3.3445488585774434,31,86,0.36046511627906974,1,52
v2_erdos_renyi_baseline_s20,v2,erdos_renyi_baseline,20,erdos_renyi,100,4,681,87,3.5734504974428223,37,87,0.42528735632183906,29,40
v2_erdos_renyi_baseline_s20,v2,erdos_renyi_baseline,20,erdos_renyi,100,4,682,12,1.791759469222055,6,12,0.5,85,40
v2_erdos_renyi_baseline_s20,v2,erdos_renyi_baseline,20,erdos_renyi,100,4,683,43,2.857102837424001,20,43,0.46511627906976744,96,40
v2_erdos_renyi_baseline_s20,v2,erdos_renyi_baseline,20,erdos_renyi,100,4,684,15,1.3862943611158909,4,15,0.26666666666666666,81,53
v2_erdos_renyi_baseline_s20,v2,erdos_renyi_baseline,20,erdos_renyi,100,4,685,22,1.9459101490483133,7,22,0.3181818181818182,1,40
v2_erdos_renyi_baseline_s20,v2,erdos_renyi_baseline,20,erdos_renyi,100,4,686,67,3.218875824843201,25,67,0.373134328358209,57,88
v2_erdos_renyi_baseline_s20,v2,erdos_renyi_baseline,20,erdos_renyi,100,4,687,218,4.307031046977782,93,218,0.42660550458715596,32,88
v2_erdos_renyi_baseline_s20,v2,erdos_renyi_baseline,20,erdos_renyi,100,4,688,69,3.134162458562648,28,69,0.4057971014492754,65,52
v2_erdos_renyi_baseline_s20,v2,erdos_renyi_baseline,20,erdos_renyi,100,4,689,17,2.197224577327219,9,17,0.5294117647058824,45,15
v2_erdos_renyi_baseline_s20,v2,erdos_renyi_baseline,20,erdos_renyi,100,4,690,53,2.7985132569262934,19,53,0.3584905660377358,39,53
v2_erdos_renyi_baseline_s20,v2,erdos_renyi_baseline,20,erdos_renyi,100,4,691,1,-1.000088900581841e-12,1,1,1.0,9,15
v2_erdos_renyi_baseline_s20,v2,erdos_renyi_baseline,20,erdos_renyi,100,4,692,54,3.204777524107256,26,54,0.48148148148148145,8,40
v2_erdos_renyi_baseline_s20,v2,erdos_renyi_baseline,20,erdos_renyi,100,4,693,83,3.3969144201875685,35,83,0.42168674698795183,62,88
v2_erdos_renyi_baseline_s20,v2,erdos_renyi_baseline,20,erdos_renyi,100,4,694,14,1.6094379124291005,5,14,0.35714285714285715,54,52
v2_erdos_renyi_baseline_s20,v2,erdos_renyi_baseline,20,erdos_renyi,100,4,695,6,1.0986122886651095,3,6,0.5,16,40
v2_erdos_renyi_baseline_s20,v2,erdos_renyi_baseline,20,erdos_renyi,100,4,696,32,2.484906649776,12,32,0.375,65,40
v2_erdos_renyi_baseline_s20,v2,erdos_renyi_baseline,20,erdos_renyi,100,4,697,32,2.3978952727873706,11,32,0.34375,77,88
v2_erdos_renyi_baseline_s20,v2,erdos_renyi_baseline,20,erdos_renyi,100,4,698,14,1.0986122886651095,3,14,0.21428571428571427,0,15
v2_erdos_renyi_baseline_s20,v2,erdos_renyi_baseline,20,erdos_renyi,100,4,699,32,2.3516733018936304,13,32,0.40625,98,40
v2_erdos_renyi_baseline_s20,v2,erdos_renyi_baseline,20,erdos_renyi,100,4,700,18,1.6094379124291005,5,18,0.2777777777777778,50,53
v2_erdos_renyi_baseline_s20,v2,erdos_renyi_baseline,20,erdos_renyi,100,4,701,3,-1.000088900581841e-12,1,3,0.3333333333333333,31,52
v2_erdos_renyi_baseline_s20,v2,erdos_renyi_baseline,20,erdos_renyi,100,4,702,40,2.2718685126865625,11,40,0.275,8,40
v2_erdos_renyi_baseline_s20,v2,erdos_renyi_baseline,20,erdos_renyi,100,4,703,17,2.197224577327219,9,17,0.5294117647058824,76,88
v2_erdos_renyi_baseline_s20,v2,erdos_renyi_baseline,20,erdos_renyi,100,4,704,51,2.9444389791474395,19,51,0.37254901960784315,58,40
v2_erdos_renyi_baseline_s20,v2,erdos_renyi_baseline,20,erdos_renyi,100,4,705,177,4.202008699440403,85,177,0.480225988700565,91,40
v2_erdos_renyi_baseline_s20,v2,erdos_renyi_baseline,20,erdos_renyi,100,4,706,45,2.9364272168050984,27,45,0.6,98,52
v2_erdos_renyi_baseline_s20,v2,erdos_renyi_baseline,20,erdos_renyi,100,4,707,101,3.318195339262485,38,101,0.37623762376237624,2,15
v2_erdos_renyi_baseline_s20,v2,erdos_renyi_baseline,20,erdos_renyi,100,4,708,165,3.934098837134368,64,165,0.3878787878787879,12,40
v2_erdos_renyi_baseline_s20,v2,erdos_renyi_baseline,20,erdos_renyi,100,4,709,26,2.197224577327219,9,26,0.34615384615384615,51,52
v2_erdos_renyi_baseline_s20,v2,erdos_renyi_baseline,20,erdos_renyi,100,4,710,145,3.942180768872204,63,145,0.43448275862068964,30,88
v2_erdos_renyi_baseline_s20,v2,erdos_renyi_baseline,20,erdos_renyi,100,4,711,29,2.5649493574485365,13,29,0.4482758620689655,87,88
v2_erdos_renyi_baseline_s20,v2,erdos_renyi_baseline,20,erdos_renyi,100,4,712,1,-1.000088900581841e-12,1,1,1.0,67,88
v2_erdos_renyi_baseline_s20,v2,erdos_renyi_baseline,20,erdos_renyi,100,4,713,74,3.1780538303239454,24,74,0.32432432432432434,31,52
v2_erdos_renyi_baseline_s20,v2,erdos_renyi_baseline,20,erdos_renyi,100,4,714,86,3.080476306973153,29,86,0.3372093023255814,75,15
v2_erdos_renyi_baseline_s20,v2,erdos_renyi_baseline,20,erdos_renyi,100,4,715,45,2.369382119683676,12,45,0.26666666666666666,5,88
v2_erdos_renyi_baseline_s20,v2,erdos_renyi_baseline,20,erdos_renyi,100,4,716,26,2.1639556568730565,10,26,0.38461538461538464,10,40
v2_erdos_renyi_baseline_s20,v2,erdos_renyi_baseline,20,erdos_renyi,100,4,717,115,3.671655601047183,42,115,0.3652173913043478,81,40
v2_erdos_renyi_baseline_s20,v2,erdos_renyi_baseline,20,erdos_renyi,100,4,718,80,3.319492576126754,29,80,0.3625,17,40
v2_erdos_renyi_baseline_s20,v2,erdos_renyi_baseline,20,erdos_renyi,100,4,719,4,0.6931471805579453,2,4,0.5,66,15
v2_erdos_renyi_baseline_s20,v2,erdos_renyi_baseline,20,erdos_renyi,100,4,720,32,2.0431918705371204,9,32,0.28125,58,53
v2_erdos_renyi_baseline_s20,v2,erdos_renyi_baseline,20,erdos_renyi,100,4,721,10,0.6931471805579453,2,10,0.2,19,53
v2_erdos_renyi_baseline_s20,v2,erdos_renyi_baseline,20,erdos_renyi,100,4,722,48,2.751666616915516,17,48,0.3541666666666667,87,40
v2_erdos_renyi_baseline_s20,v2,erdos_renyi_baseline,20,erdos_renyi,100,4,723,3,-1.000088900581841e-12,1,3,0.3333333333333333,59,40
v2_erdos_renyi_baseline_s20,v2,erdos_renyi_baseline,20,erdos_renyi,100,4,724,43,2.61563057701355,15,43,0.3488372093023256,94,88
v2_erdos_renyi_baseline_s20,v2,erdos_renyi_baseline,20,erdos_renyi,100,4,725,171,4.169616714949856,75,171,0.43859649122807015,32,88
v2_erdos_renyi_baseline_s20,v2,erdos_renyi_baseline,20,erdos_renyi,100,4,726,18,1.791759469222055,6,18,0.3333333333333333,56,52
v2_erdos_renyi_baseline_s20,v2,erdos_renyi_baseline,20,erdos_renyi,100,4,727,11,1.791759469222055,6,11,0.5454545454545454,21,40
v2_erdos_renyi_baseline_s20,v2,erdos_renyi_baseline,20,erdos_renyi,100,4,728,22,1.9459101490483133,7,22,0.3181818181818182,26,40
v2_erdos_renyi_baseline_s20,v2,erdos_renyi_baseline,20,erdos_renyi,100,4,729,41,2.598605177982307,21,41,0.5121951219512195,41,53
v2_erdos_renyi_baseline_s20,v2,erdos_renyi_baseline,20,erdos_renyi,100,4,730,0,0.0,0,0,,53,53
v2_erdos_renyi_baseline_s20,v2,erdos_renyi_baseline,20,erdos_renyi,100,4,731,71,3.044820482442576,26,71,0.36619718309859156,48,88
v2_erdos_renyi_baseline_s20,v2,erdos_renyi_baseline,20,erdos_renyi,100,4,732,85,3.4294862316330117,36,85,0.4235294117647059,12,88
v2_erdos_renyi_baseline_s20,v2,erdos_renyi_baseline,20,erdos_renyi,100,4,733,42,3.044820482442576,26,42,0.6190476190476191,28,53
v2_erdos_renyi_baseline_s20,v2,erdos_renyi_baseline,20,erdos_renyi,100,4,734,20,1.6094379124291005,5,20,0.25,95,88
v2_erdos_renyi_baseline_s20,v2,erdos_renyi_baseline,20,erdos_renyi,100,4,735,64,2.712962173036891,22,64,0.34375,54,15
v2_erdos_renyi_baseline_s20,v2,erdos_renyi_baseline,20,erdos_renyi,100,4,736,16,1.6094379124291005,5,16,0.3125,79,40
v2_erdos_renyi_baseline_s20,v2,erdos_renyi_baseline,20,erdos_renyi,100,4,737,58,3.189454205571105,32,58,0.5517241379310345,14,40
v2_erdos_renyi_baseline_s20,v2,erdos_renyi_baseline,20,erdos_renyi,100,4,738,3,0.6931471805579453,2,3,0.6666666666666666,25,52
v2_erdos_renyi_baseline_s20,v2,erdos_renyi_baseline,20,erdos_renyi,100,4,739,12,1.791759469222055,6,12,0.5,54,52
v2_erdos_renyi_baseline_s20,v2,erdos_renyi_baseline,20,erdos_renyi,100,4,740,14,1.3862943611158909,4,14,0.2857142857142857,78,15
v2_erdos_renyi_baseline_s20,v2,erdos_renyi_baseline,20,erdos_renyi,100,4,741,25,2.197224577327219,9,25,0.36,1,53
v2_erdos_renyi_baseline_s20,v2,erdos_renyi_baseline,20,erdos_renyi,100,4,742,20,2.197224577327219,9,20,0.45,57,52
v2_erdos_renyi_baseline_s20,v2,erdos_renyi_baseline,20,erdos_renyi,100,4,743,0,0.0,0,0,,53,53
v2_erdos_renyi_baseline_s20,v2,erdos_renyi_baseline,20,erdos_renyi,100,4,744,60,3.233183484354926,28,60,0.4666666666666667,55,52
v2_erdos_renyi_baseline_s20,v2,erdos_renyi_baseline,20,erdos_renyi,100,4,745,24,2.3978952727873706,11,24,0.4583333333333333,36,15
v2_erdos_renyi_baseline_s20,v2,erdos_renyi_baseline,20,erdos_renyi,100,4,746,1,-1.000088900581841e-12,1,1,1.0,87,40
v2_erdos_renyi_baseline_s20,v2,erdos_renyi_baseline,20,erdos_renyi,100,4,747,10000,-1.000088900581841e-12,3684,10000,0.3684,47,47
v2_erdos_renyi_baseline_s20,v2,erdos_renyi_baseline,20,erdos_renyi,100,4,748,12,1.3862943611158909,4,12,0.3333333333333333,73,40
v2_erdos_renyi_baseline_s20,v2,erdos_renyi_baseline,20,erdos_renyi,100,4,749,80,3.163424050399405,25,80,0.3125,44,88
v2_erdos_renyi_baseline_s20,v2,erdos_renyi_baseline,20,erdos_renyi,100,4,750,0,0.0,0,0,,88,88
v2_erdos_renyi_baseline_s20,v2,erdos_renyi_baseline,20,erdos_renyi,100,4,751,74,3.4339872044541457,31,74,0.4189189189189189,60,88
v2_erdos_renyi_baseline_s20,v2,erdos_renyi_baseline,20,erdos_renyi,100,4,752,19,1.7478680974607577,7,19,0.3684210526315789,84,53
v2_erdos_renyi_baseline_s20,v2,erdos_renyi_baseline,20,erdos_renyi,100,4,753,11,1.3862943611158909,4,11,0.36363636363636365,7,53
v2_erdos_renyi_baseline_s20,v2,erdos_renyi_baseline,20,erdos_renyi,100,4,754,84,3.2163581334868363,30,84,0.35714285714285715,22,15
v2_erdos_renyi_baseline_s20,v2,erdos_renyi_baseline,20,erdos_renyi,100,4,755,81,3.170148321450507,30,81,0.37037037037037035,39,15
v2_erdos_renyi_baseline_s20,v2,erdos_renyi_baseline,20,erdos_renyi,100,4,756,16,1.791759469222055,6,16,0.375,10,15
v2_erdos_renyi_baseline_s20,v2,erdos_renyi_baseline,20,erdos_renyi,100,4,757,134,3.7841896338742615,44,134,0.3283582089552239,20,40
v2_erdos_renyi_baseline_s20,v2,erdos_renyi_baseline,20,erdos_renyi,100,4,758,83,3.35462479697817,33,83,0.39759036144578314,65,40
v2_erdos_renyi_baseline_s20,v2,erdos_renyi_baseline,20,erdos_renyi,100,4,759,58,2.476220649585165,18,58,0.3103448275862069,75,40
v2_erdos_renyi_baseline_s20,v2,erdos_renyi_baseline,20,erdos_renyi,100,4,760,18,2.079441541671836,8,18,0.4444444444444444,4,40
v2_erdos_renyi_baseline_s20,v2,erdos_renyi_baseline,20,erdos_renyi,100,4,761,35,2.3516733018936304,13,35,0.37142857142857144,10,15
v2_erdos_renyi_baseline_s20,v2,erdos_renyi_baseline,20,erdos_renyi,100,4,762,9,1.0986122886651095,3,9,0.3333333333333333,19,15
v2_erdos_renyi_baseline_s20,v2,erdos_renyi_baseline,20,erdos_renyi,100,4,763,5,0.6931471805579453,2,5,0.4,12,53
v2_erdos_renyi_baseline_s20,v2,erdos_renyi_baseline,20,erdos_renyi,100,4,764,22,2.639057329601259,14,22,0.6363636363636364,74,52
v2_erdos_renyi_baseline_s20,v2,erdos_renyi_baseline,20,erdos_renyi,100,4,765,59,3.163424050399405,25,59,0.423728813559322,41,15
v2_erdos_renyi_baseline_s20,v2,erdos_renyi_baseline,20,erdos_renyi,100,4,766,31,2.007556307428838,14,31,0.45161290322580644,51,40
v2_erdos_renyi_baseline_s20,v2,erdos_renyi_baseline,20,erdos_renyi,100,4,767,37,2.8903717578781647,18,37,0.4864864864864865,89,40
v2_erdos_renyi_baseline_s20,v2,erdos_renyi_baseline,20,erdos_renyi,100,4,768,111,3.4266375167079244,43,111,0.38738738738738737,2,40
v2_erdos_renyi_baseline_s20,v2,erdos_renyi_baseline,20,erdos_renyi,100,4,769,25,1.791759469222055,6,25,0.24,13,40
v2_erdos_renyi_baseline_s20,v2,erdos_renyi_baseline,20,erdos_renyi,100,4,770,68,3.0164539990644927,28,68,0.4117647058823529,33,40
v2_erdos_renyi_baseline_s20,v2,erdos_renyi_baseline,20,erdos_renyi,100,4,771,123,3.901575408441301,56,123,0.45528455284552843,56,53
v2_erdos_renyi_baseline_s20,v2,erdos_renyi_baseline,20,erdos_renyi,100,4,772,94,3.510699721139568,41,94,0.43617021276595747,33,88
v2_erdos_renyi_baseline_s20,v2,erdos_renyi_baseline,20,erdos_renyi,100,4,773,62,3.218875824843201,25,62,0.4032258064516129,11,40
v2_erdos_renyi_baseline_s20,v2,erdos_renyi_baseline,20,erdos_renyi,100,4,774,98,3.3176975995541462,35,98,0.35714285714285715,27,53
v2_erdos_renyi_baseline_s20,v2,erdos_renyi_baseline,20,erdos_renyi,100,4,775,2,-1.000088900581841e-12,1,2,0.5,65,40
v2_erdos_renyi_baseline_s20,v2,erdos_renyi_baseline,20,erdos_renyi,100,4,776,83,2.9970687270680187,25,83,0.30120481927710846,96,40
v2_erdos_renyi_baseline_s20,v2,erdos_renyi_baseline,20,erdos_renyi,100,4,777,24,2.079441541671836,8,24,0.3333333333333333,58,40
v2_erdos_renyi_baseline_s20,v2,erdos_renyi_baseline,20,erdos_renyi,100,4,778,25,1.9459101490483133,7,25,0.28,8,52
v2_erdos_renyi_baseline_s20,v2,erdos_renyi_baseline,20,erdos_renyi,100,4,779,275,4.379004785607957,103,275,0.37454545454545457,99,53
v2_erdos_renyi_baseline_s20,v2,erdos_renyi_baseline,20,erdos_renyi,100,4,780,4,0.6931471805579453,2,4,0.5,14,40
v2_erdos_renyi_baseline_s20,v2,erdos_renyi_baseline,20,erdos_renyi,100,4,781,41,2.639057329601259,14,41,0.34146341463414637,45,52
v2_erdos_renyi_baseline_s20,v2,erdos_renyi_baseline,20,erdos_renyi,100,4,782,39,2.5993019270857944,16,39,0.41025641025641024,11,15
v2_erdos_renyi_baseline_s20,v2,erdos_renyi_baseline,20,erdos_renyi,100,4,783,67,3.2163581334868363,30,67,0.44776119402985076,6,40
v2_erdos_renyi_baseline_s20,v2,erdos_renyi_baseline,20,erdos_renyi,100,4,784,22,1.9459101490483133,7,22,0.3181818181818182,31,15
v2_erdos_renyi_baseline_s20,v2,erdos_renyi_baseline,20,erdos_renyi,100,4,785,62,3.232775904355102,32,62,0.5161290322580645,87,40
v2_erdos_renyi_baseline_s20,v2,erdos_renyi_baseline,20,erdos_renyi,100,4,786,3,1.0986122886651095,3,3,1.0,4,15
v2_erdos_renyi_baseline_s20,v2,erdos_renyi_baseline,20,erdos_renyi,100,4,787,32,1.9915093613486137,13,32,0.40625,48,52
v2_erdos_renyi_baseline_s20,v2,erdos_renyi_baseline,20,erdos_renyi,100,4,788,75,3.10797227595561,25,75,0.3333333333333333,45,15
v2_erdos_renyi_baseline_s20,v2,erdos_renyi_baseline,20,erdos_renyi,100,4,789,18,1.6094379124291005,5,18,0.2777777777777778,42,15
v2_erdos_renyi_baseline_s20,v2,erdos_renyi_baseline,20,erdos_renyi,100,4,790,66,3.044820482442576,26,66,0.3939393939393939,69,52
v2_erdos_renyi_baseline_s20,v2,erdos_renyi_baseline,20,erdos_renyi,100,4,791,94,3.5281418680240257,38,94,0.40425531914893614,12,52
v2_erdos_renyi_baseline_s20,v2,erdos_renyi_baseline,20,erdos_renyi,100,4,792,30,2.5649493574485365,13,30,0.43333333333333335,91,88
v2_erdos_renyi_baseline_s20,v2,erdos_renyi_baseline,20,erdos_renyi,100,4,793,16,1.9459101490483133,7,16,0.4375,35,40
v2_erdos_renyi_baseline_s20,v2,erdos_renyi_baseline,20,erdos_renyi,100,4,794,4,1.0986122886651095,3,4,0.75,87,52
v2_erdos_renyi_baseline_s20,v2,erdos_renyi_baseline,20,erdos_renyi,100,4,795,7,0.6931471805579453,2,7,0.2857142857142857,25,40
v2_erdos_renyi_baseline_s20,v2,erdos_renyi_baseline,20,erdos_renyi,100,4,796,7,1.3862943611158909,4,7,0.5714285714285714,86,88
v2_erdos_renyi_baseline_s20,v2,erdos_renyi_baseline,20,erdos_renyi,100,4,797,56,2.871476118036867,19,56,0.3392857142857143,23,40
v2_erdos_renyi_baseline_s20,v2,erdos_renyi_baseline,20,erdos_renyi,100,4,798,51,2.954673212284816,23,51,0.45098039215686275,6,52
v2_erdos_renyi_baseline_s20,v2,erdos_renyi_baseline,20,erdos_renyi,100,4,799,6,1.3862943611158909,4,6,0.6666666666666666,29,15
v2_erdos_renyi_baseline_s20,v2,erdos_renyi_baseline,20,erdos_renyi,100,4,800,0,0.0,0,0,,52,52
v2_erdos_renyi_baseline_s20,v2,erdos_renyi_baseline,20,erdos_renyi,100,4,801,6,1.3862943611158909,4,6,0.6666666666666666,9,15
v2_erdos_renyi_baseline_s20,v2,erdos_renyi_baseline,20,erdos_renyi,100,4,802,24,1.9459101490483133,7,24,0.2916666666666667,34,88
v2_erdos_renyi_baseline_s20,v2,erdos_renyi_baseline,20,erdos_renyi,100,4,803,1,-1.000088900581841e-12,1,1,1.0,32,88
v2_erdos_renyi_baseline_s20,v2,erdos_renyi_baseline,20,erdos_renyi,100,4,804,66,3.3549875695958247,30,66,0.45454545454545453,41,40
v2_erdos_renyi_baseline_s20,v2,erdos_renyi_baseline,20,erdos_renyi,100,4,805,51,3.0149468801585937,23,51,0.45098039215686275,62,40
v2_erdos_renyi_baseline_s20,v2,erdos_renyi_baseline,20,erdos_renyi,100,4,806,32,2.302585092984045,10,32,0.3125,18,40
v2_erdos_renyi_baseline_s20,v2,erdos_renyi_baseline,20,erdos_renyi,100,4,807,10,1.9459101490483133,7,10,0.7,61,15
v2_erdos_renyi_baseline_s20,v2,erdos_renyi_baseline,20,erdos_renyi,100,4,808,41,2.871476118036867,19,41,0.4634146341463415,44,40
v2_erdos_renyi_baseline_s20,v2,erdos_renyi_baseline,20,erdos_renyi,100,4,809,83,3.4124897213676078,33,83,0.39759036144578314,65,52
v2_erdos_renyi_baseline_s20,v2,erdos_renyi_baseline,20,erdos_renyi,100,4,810,15,2.079441541671836,8,15,0.5333333333333333,72,40
v2_erdos_renyi_baseline_s20,v2,erdos_renyi_baseline,20,erdos_renyi,100,4,811,77,3.2826939972510645,28,77,0.36363636363636365,92,15
v2_erdos_renyi_baseline_s20,v2,erdos_renyi_baseline,20,erdos_renyi,100,4,812,78,2.8782183066518505,22,78,0.28205128205128205,87,52
v2_erdos_renyi_baseline_s20,v2,erdos_renyi_baseline,20,erdos_renyi,100,4,813,80,3.4040404338981127,34,80,0.425,62,53
v2_erdos_renyi_baseline_s20,v2,erdos_renyi_baseline,20,erdos_renyi,100,4,814,3,-1.000088900581841e-12,1,3,0.3333333333333333,59,40
v2_erdos_renyi_baseline_s20,v2,erdos_renyi_baseline,20,erdos_renyi,100,4,815,216,4.123200628167603,76,216,0.35185185185185186,32,52
v2_erdos_renyi_baseline_s20,v2,erdos_renyi_baseline,20,erdos_renyi,100,4,816,91,3.5065025850265608,36,91,0.3956043956043956,34,53
v2_erdos_renyi_baseline_s20,v2,erdos_renyi_baseline,20,erdos_renyi,100,4,817,11,1.6094379124291005,5,11,0.45454545454545453,84,53
v2_erdos_renyi_baseline_s20,v2,erdos_renyi_baseline,20,erdos_renyi,100,4,818,130,3.7151382241192903,53,130,0.4076923076923077,11,15
v2_erdos_renyi_baseline_s20,v2,erdos_renyi_baseline,20,erdos_renyi,100,4,819,57,2.9957322735339904,20,57,0.3508771929824561,74,40
v2_erdos_renyi_baseline_s20,v2,erdos_renyi_baseline,20,erdos_renyi,100,4,820,113,3.5924696275736783,39,113,0.34513274336283184,39,15
v2_erdos_renyi_baseline_s20,v2,erdos_renyi_baseline,20,erdos_renyi,100,4,821,17,2.3978952727873706,11,17,0.6470588235294118,37,40
v2_erdos_renyi_baseline_s20,v2,erdos_renyi_baseline,20,erdos_renyi,100,4,822,190,4.173387632986708,85,190,0.4473684210526316,19,40
v2_erdos_renyi_baseline_s20,v2,erdos_renyi_baseline,20,erdos_renyi,100,4,823,0,0.0,0,0,,52,52
v2_erdos_renyi_baseline_s20,v2,erdos_renyi_baseline,20,erdos_renyi,100,4,824,57,2.925202764151108,24,57,0.42105263157894735,55,52
v2_erdos_renyi_baseline_s20,v2,erdos_renyi_baseline,20,erdos_renyi,100,4,825,15,1.791759469222055,6,15,0.4,86,52
v2_erdos_renyi_baseline_s20,v2,erdos_renyi_baseline,20,erdos_renyi,100,4,826,39,2.670119889791816,17,39,0.4358974358974359,69,15
v2_erdos_renyi_baseline_s20,v2,erdos_renyi_baseline,20,erdos_renyi,100,4,827,9,1.6094379124291005,5,9,0.5555555555555556,96,15
v2_erdos_renyi_baseline_s20,v2,erdos_renyi_baseline,20,erdos_renyi,100,4,828,144,3.909505314020782,60,144,0.4166666666666667,79,40
v2_erdos_renyi_baseline_s20,v2,erdos_renyi_baseline,20,erdos_renyi,100,4,829,85,3.4414093189206487,38,85,0.4470588235294118,82,40
v2_erdos_renyi_baseline_s20,v2,erdos_renyi_baseline,20,erdos_renyi,100,4,830,0,0.0,0,0,,53,53
v2_erdos_renyi_baseline_s20,v2,erdos_renyi_baseline,20,erdos_renyi,100,4,831,2,-1.000088900581841e-12,1,2,0.5,39,52
v2_erdos_renyi_baseline_s20,v2,erdos_renyi_baseline,20,erdos_renyi,100,4,832,111,3.4270830200288303,48,111,0.43243243243243246,19,53
v2_erdos_renyi_baseline_s20,v2,erdos_renyi_baseline,20,erdos_renyi,100,4,833,218,4.3019242158189215,83,218,0.38073394495412843,33,53
v2_erdos_renyi_baseline_s20,v2,erdos_renyi_baseline,20,erdos_renyi,100,4,834,16,1.9459101490483133,7,16,0.4375,24,15
v2_erdos_renyi_baseline_s20,v2,erdos_renyi_baseline,20,erdos_renyi,100,4,835,26,2.019814992484946,11,26,0.4230769230769231,72,88
v2_erdos_renyi_baseline_s20,v2,erdos_renyi_baseline,20,erdos_renyi,100,4,836,1,-1.000088900581841e-12,1,1,1.0,59,40
v2_erdos_renyi_baseline_s20,v2,erdos_renyi_baseline,20,erdos_renyi,100,4,837,2,-1.000088900581841e-12,1,2,0.5,0,40
v2_erdos_renyi_baseline_s20,v2,erdos_renyi_baseline,20,erdos_renyi,100,4,838,70,2.902002313186603,22,70,0.3142857142857143,43,40
v2_erdos_renyi_baseline_s20,v2,erdos_renyi_baseline,20,erdos_renyi,100,4,839,34,2.20478541690352,13,34,0.38235294117647056,1,52
v2_erdos_renyi_baseline_s20,v2,erdos_renyi_baseline,20,erdos_renyi,100,4,840,1,-1.000088900581841e-12,1,1,1.0,50,53
v2_erdos_renyi_baseline_s20,v2,erdos_renyi_baseline,20,erdos_renyi,100,4,841,12,0.6931471805579453,2,12,0.16666666666666666,25,52
v2_erdos_renyi_baseline_s20,v2,erdos_renyi_baseline,20,erdos_renyi,100,4,842,22,2.685945324654788,16,22,0.7272727272727273,29,52
v2_erdos_renyi_baseline_s20,v2,erdos_renyi_baseline,20,erdos_renyi,100,4,843,47,2.8332133440392155,17,47,0.3617021276595745,46,52
v2_erdos_renyi_baseline_s20,v2,erdos_renyi_baseline,20,erdos_renyi,100,4,844,6,0.6931471805579453,2,6,0.3333333333333333,78,88
v2_erdos_renyi_baseline_s20,v2,erdos_renyi_baseline,20,erdos_renyi,100,4,845,136,3.860623457522692,54,136,0.39705882352941174,24,52
v2_erdos_renyi_baseline_s20,v2,erdos_renyi_baseline,20,erdos_renyi,100,4,846,36,2.8903717578781647,18,36,0.5,24,40
v2_erdos_renyi_baseline_s20,v2,erdos_renyi_baseline,20,erdos_renyi,100,4,847,6,0.6931471805579453,2,6,0.3333333333333333,76,53
v2_erdos_renyi_baseline_s20,v2,erdos_renyi_baseline,20,erdos_renyi,100,4,848,3,-1.000088900581841e-12,1,3,0.3333333333333333,23,52
v2_erdos_renyi_baseline_s20,v2,erdos_renyi_baseline,20,erdos_renyi,100,4,849,223,3.985435338247743,84,223,0.37668161434977576,3,53
v2_erdos_renyi_baseline_s20,v2,erdos_renyi_baseline,20,erdos_renyi,100,4,850,8,1.3862943611158909,4,8,0.5,69,52
v2_erdos_renyi_baseline_s20,v2,erdos_renyi_baseline,20,erdos_renyi,100,4,851,14,1.7328679513938632,8,14,0.5714285714285714,65,88
v2_erdos_renyi_baseline_s20,v2,erdos_renyi_baseline,20,erdos_renyi,100,4,852,8,0.6931471805579453,2,8,0.25,25,52
v2_erdos_renyi_baseline_s20,v2,erdos_renyi_baseline,20,erdos_renyi,100,4,853,27,2.5649493574485365,13,27,0.48148148148148145,39,52
v2_erdos_renyi_baseline_s20,v2,erdos_renyi_baseline,20,erdos_renyi,100,4,854,10000,-1.000088900581841e-12,3697,10000,0.3697,97,97
v2_erdos_renyi_baseline_s20,v2,erdos_renyi_baseline,20,erdos_renyi,100,4,855,63,2.4061595753848195,19,63,0.30158730158730157,54,88
v2_erdos_renyi_baseline_s20,v2,erdos_renyi_baseline,20,erdos_renyi,100,4,856,14,1.9061547465328492,8,14,0.5714285714285714,74,15
v2_erdos_renyi_baseline_s20,v2,erdos_renyi_baseline,20,erdos_renyi,100,4,857,45,2.9444389791474395,19,45,0.4222222222222222,83,53
v2_erdos_renyi_baseline_s20,v2,erdos_renyi_baseline,20,erdos_renyi,100,4,858,18,2.197224577327219,9,18,0.5,85,40
v2_erdos_renyi_baseline_s20,v2,erdos_renyi_baseline,20,erdos_renyi,100,4,859,122,3.7415499360560274,51,122,0.4180327868852459,29,40
v2_erdos_renyi_baseline_s20,v2,erdos_renyi_baseline,20,erdos_renyi,100,4,860,3,-1.000088900581841e-12,1,3,0.3333333333333333,93,88
v2_erdos_renyi_baseline_s20,v2,erdos_renyi_baseline,20,erdos_renyi,100,4,861,51,2.9444389791474395,19,51,0.37254901960784315,31,40
v2_erdos_renyi_baseline_s20,v2,erdos_renyi_baseline,20,erdos_renyi,100,4,862,11,1.5607104090364068,6,11,0.5454545454545454,6,15
v2_erdos_renyi_baseline_s20,v2,erdos_renyi_baseline,20,erdos_renyi,100,4,863,25,2.0431918705371204,9,25,0.36,72,88
v2_erdos_renyi_baseline_s20,v2,erdos_renyi_baseline,20,erdos_renyi,100,4,864,19,1.791759469222055,6,19,0.3157894736842105,10,15
v2_erdos_renyi_baseline_s20,v2,erdos_renyi_baseline,20,erdos_renyi,100,4,865,94,3.154022527709909,35,94,0.3723404255319149,10,52
v2_erdos_renyi_baseline_s20,v2,erdos_renyi_baseline,20,erdos_renyi,100,4,866,29,2.197224577327219,9,29,0.3103448275862069,42,40
v2_erdos_renyi_baseline_s20,v2,erdos_renyi_baseline,20,erdos_renyi,100,4,867,47,2.8332133440392155,17,47,0.3617021276595745,49,40
v2_erdos_renyi_baseline_s20,v2,erdos_renyi_baseline,20,erdos_renyi,100,4,868,88,2.8443053266792635,25,88,0.2840909090909091,28,53
v2_erdos_renyi_baseline_s20,v2,erdos_renyi_baseline,20,erdos_renyi,100,4,869,65,3.271689322296034,29,65,0.4461538461538462,22,40
v2_erdos_renyi_baseline_s20,v2,erdos_renyi_baseline,20,erdos_renyi,100,4,870,55,3.044522437702424,21,55,0.38181818181818183,17,52
v2_erdos_renyi_baseline_s20,v2,erdos_renyi_baseline,20,erdos_renyi,100,4,871,58,3.0280290732864104,22,58,0.3793103448275862,54,40
v2_erdos_renyi_baseline_s20,v2,erdos_renyi_baseline,20,erdos_renyi,100,4,872,147,3.8027018161313046,62,147,0.4217687074829932,99,88
v2_erdos_renyi_baseline_s20,v2,erdos_renyi_baseline,20,erdos_renyi,100,4,873,46,2.588573162668117,17,46,0.3695652173913043,0,40
v2_erdos_renyi_baseline_s20,v2,erdos_renyi_baseline,20,erdos_renyi,100,4,874,21,2.079441541671836,8,21,0.38095238095238093,69,15
v2_erdos_renyi_baseline_s20,v2,erdos_renyi_baseline,20,erdos_renyi,100,4,875,55,3.204777524107256,26,55,0.4727272727272727,48,15
v2_erdos_renyi_baseline_s20,v2,erdos_renyi_baseline,20,erdos_renyi,100,4,876,142,3.7062390789533897,61,142,0.4295774647887324,62,15
v2_erdos_renyi_baseline_s20,v2,erdos_renyi_baseline,20,erdos_renyi,100,4,877,37,2.61563057701355,15,37,0.40540540540540543,98,40
v2_erdos_renyi_baseline_s20,v2,erdos_renyi_baseline,20,erdos_renyi,100,4,878,98,3.2238860684653137,29,98,0.29591836734693877,30,40
v2_erdos_renyi_baseline_s20,v2,erdos_renyi_baseline,20,erdos_renyi,100,4,879,25,2.3419942522214248,14,25,0.56,2,52
v2_erdos_renyi_baseline_s20,v2,erdos_renyi_baseline,20,erdos_renyi,100,4,880,20,1.791759469222055,6,20,0.3,83,52
v2_erdos_renyi_baseline_s20,v2,erdos_renyi_baseline,20,erdos_renyi,100,4,881,6,0.6931471805579453,2,6,0.3333333333333333,6,15
v2_erdos_renyi_baseline_s20,v2,erdos_renyi_baseline,20,erdos_renyi,100,4,882,38,2.484906649776,12,38,0.3157894736842105,91,88
v2_erdos_renyi_baseline_s20,v2,erdos_renyi_baseline,20,erdos_renyi,100,4,883,40,2.751666616915516,17,40,0.425,66,88
v2_erdos_renyi_baseline_s20,v2,erdos_renyi_baseline,20,erdos_renyi,100,4,884,113,3.476887663552278,41,113,0.36283185840707965,83,88
v2_erdos_renyi_baseline_s20,v2,erdos_renyi_baseline,20,erdos_renyi,100,4,885,2,0.6931471805579453,2,2,1.0,35,40
v2_erdos_renyi_baseline_s20,v2,erdos_renyi_baseline,20,erdos_renyi,100,4,886,114,3.316814324622516,39,114,0.34210526315789475,17,15
v2_erdos_renyi_baseline_s20,v2,erdos_renyi_baseline,20,erdos_renyi,100,4,887,3,0.6931471805579453,2,3,0.6666666666666666,51,40
v2_erdos_renyi_baseline_s20,v2,erdos_renyi_baseline,20,erdos_renyi,100,4,888,7,0.6931471805579453,2,7,0.2857142857142857,90,40
v2_erdos_renyi_baseline_s20,v2,erdos_renyi_baseline,20,erdos_renyi,100,4,889,31,2.302585092984045,10,31,0.3225806451612903,49,15
v2_erdos_renyi_baseline_s20,v2,erdos_renyi_baseline,20,erdos_renyi,100,4,890,0,0.0,0,0,,40,40
v2_erdos_renyi_baseline_s20,v2,erdos_renyi_baseline,20,erdos_renyi,100,4,891,142,3.5646105242539408,53,142,0.3732394366197183,60,40
v2_erdos_renyi_baseline_s20,v2,erdos_renyi_baseline,20,erdos_renyi,100,4,892,23,2.639057329601259,14,23,0.6086956521739131,4,52
v2_erdos_renyi_baseline_s20,v2,erdos_renyi_baseline,20,erdos_renyi,100,4,893,100,3.2188890679637754,39,100,0.39,73,40
v2_erdos_renyi_baseline_s20,v2,erdos_renyi_baseline,20,erdos_renyi,100,4,894,16,2.079441541671836,8,16,0.5,1,40
v2_erdos_renyi_baseline_s20,v2,erdos_renyi_baseline,20,erdos_renyi,100,4,895,28,2.302585092984045,10,28,0.35714285714285715,3,53
v2_erdos_renyi_baseline_s20,v2,erdos_renyi_baseline,20,erdos_renyi,100,4,896,2,0.6931471805579453,2,2,1.0,39,15
v2_erdos_renyi_baseline_s20,v2,erdos_renyi_baseline,20,erdos_renyi,100,4,897,55,2.912494403312053,21,55,0.38181818181818183,62,40
v2_erdos_renyi_baseline_s20,v2,erdos_renyi_baseline,20,erdos_renyi,100,4,898,14,1.6094379124291005,5,14,0.35714285714285715,21,15
v2_erdos_renyi_baseline_s20,v2,erdos_renyi_baseline,20,erdos_renyi,100,4,899,56,2.830940430235774,20,56,0.35714285714285715,5,15
v2_erdos_renyi_baseline_s20,v2,erdos_renyi_baseline,20,erdos_renyi,100,4,900,26,2.3978952727873706,11,26,0.4230769230769231,56,52
v2_erdos_renyi_baseline_s20,v2,erdos_renyi_baseline,20,erdos_renyi,100,4,901,15,1.9459101490483133,7,15,0.4666666666666667,23,53
v2_erdos_renyi_baseline_s20,v2,erdos_renyi_baseline,20,erdos_renyi,100,4,902,104,3.5157396511377024,35,104,0.33653846153846156,63,40
v2_erdos_renyi_baseline_s20,v2,erdos_renyi_baseline,20,erdos_renyi,100,4,903,16,2.079441541671836,8,16,0.5,75,40
v2_erdos_renyi_baseline_s20,v2,erdos_renyi_baseline,20,erdos_renyi,100,4,904,64,2.926417555478996,20,64,0.3125,90,53
v2_erdos_renyi_baseline_s20,v2,erdos_renyi_baseline,20,erdos_renyi,100,4,905,13,1.6094379124291005,5,13,0.38461538461538464,14,15
v2_erdos_renyi_baseline_s20,v2,erdos_renyi_baseline,20,erdos_renyi,100,4,906,43,2.8332133440392155,17,43,0.3953488372093023,7,88
v2_erdos_renyi_baseline_s20,v2,erdos_renyi_baseline,20,erdos_renyi,100,4,907,115,3.4365228305042805,35,115,0.30434782608695654,12,88
v2_erdos_renyi_baseline_s20,v2,erdos_renyi_baseline,20,erdos_renyi,100,4,908,2,0.6931471805579453,2,2,1.0,9,15
v2_erdos_renyi_baseline_s20,v2,erdos_renyi_baseline,20,erdos_renyi,100,4,909,7,1.3862943611158909,4,7,0.5714285714285714,89,40
v2_erdos_renyi_baseline_s20,v2,erdos_renyi_baseline,20,erdos_renyi,100,4,910,13,1.6094379124291005,5,13,0.38461538461538464,49,15
v2_erdos_renyi_baseline_s20,v2,erdos_renyi_baseline,20,erdos_renyi,100,4,911,90,3.2625679455231658,30,90,0.3333333333333333,84,40
v2_erdos_renyi_baseline_s20,v2,erdos_renyi_baseline,20,erdos_renyi,100,4,912,44,2.253857589591352,12,44,0.2727272727272727,87,88
v2_erdos_renyi_baseline_s20,v2,erdos_renyi_baseline,20,erdos_renyi,100,4,913,48,2.639057329601259,14,48,0.2916666666666667,17,40
v2_erdos_renyi_baseline_s20,v2,erdos_renyi_baseline,20,erdos_renyi,100,4,914,18,2.302585092984045,10,18,0.5555555555555556,49,40
v2_erdos_renyi_baseline_s20,v2,erdos_renyi_baseline,20,erdos_renyi,100,4,915,7,0.6931471805579453,2,7,0.2857142857142857,82,15
v2_erdos_renyi_baseline_s20,v2,erdos_renyi_baseline,20,erdos_renyi,100,4,916,0,0.0,0,0,,88,88
v2_erdos_renyi_baseline_s20,v2,erdos_renyi_baseline,20,erdos_renyi,100,4,917,68,3.120291565278284,24,68,0.35294117647058826,11,52
v2_erdos_renyi_baseline_s20,v2,erdos_renyi_baseline,20,erdos_renyi,100,4,918,87,3.387906343139484,39,87,0.4482758620689655,65,53
v2_erdos_renyi_baseline_s20,v2,erdos_renyi_baseline,20,erdos_renyi,100,4,919,39,2.685945324654788,16,39,0.41025641025641024,12,40
v2_erdos_renyi_baseline_s20,v2,erdos_renyi_baseline,20,erdos_renyi,100,4,920,14,1.9459101490483133,7,14,0.5,7,40
v2_erdos_renyi_baseline_s20,v2,erdos_renyi_baseline,20,erdos_renyi,100,4,921,16,1.791759469222055,6,16,0.375,75,53
v2_erdos_renyi_baseline_s20,v2,erdos_renyi_baseline,20,erdos_renyi,100,4,922,34,2.3959081192819283,15,34,0.4411764705882353,76,88
v2_erdos_renyi_baseline_s20,v2,erdos_renyi_baseline,20,erdos_renyi,100,4,923,10,1.0986122886651095,3,10,0.3,0,15
v2_erdos_renyi_baseline_s20,v2,erdos_renyi_baseline,20,erdos_renyi,100,4,924,43,3.044522437702424,21,43,0.4883720930232558,27,88
v2_erdos_renyi_baseline_s20,v2,erdos_renyi_baseline,20,erdos_renyi,100,4,925,12,1.3862943611158909,4,12,0.3333333333333333,13,53
v2_erdos_renyi_baseline_s20,v2,erdos_renyi_baseline,20,erdos_renyi,100,4,926,43,2.639057329601259,14,43,0.32558139534883723,1,40
v2_erdos_renyi_baseline_s20,v2,erdos_renyi_baseline,20,erdos_renyi,100,4,927,33,2.079441541671836,8,33,0.24242424242424243,36,88
v2_erdos_renyi_baseline_s20,v2,erdos_renyi_baseline,20,erdos_renyi,100,4,928,56,3.0280290732864104,22,56,0.39285714285714285,50,40
v2_erdos_renyi_baseline_s20,v2,erdos_renyi_baseline,20,erdos_renyi,100,4,929,3,0.6931471805579453,2,3,0.6666666666666666,78,88
v2_erdos_renyi_baseline_s20,v2,erdos_renyi_baseline,20,erdos_renyi,100,4,930,2,0.6931471805579453,2,2,1.0,8,88
v2_erdos_renyi_baseline_s20,v2,erdos_renyi_baseline,20,erdos_renyi,100,4,931,3,-1.000088900581841e-12,1,3,0.3333333333333333,93,88
v2_erdos_renyi_baseline_s20,v2,erdos_renyi_baseline,20,erdos_renyi,100,4,932,40,2.630253356374264,18,40,0.45,32,88
v2_erdos_renyi_baseline_s20,v2,erdos_renyi_baseline,20,erdos_renyi,100,4,933,10000,-1.000088900581841e-12,3611,10000,0.3611,97,97
v2_erdos_renyi_baseline_s20,v2,erdos_renyi_baseline,20,erdos_renyi,100,4,934,0,0.0,0,0,,53,53
v2_erdos_renyi_baseline_s20,v2,erdos_renyi_baseline,20,erdos_renyi,100,4,935,50,2.918057526059794,26,50,0.52,62,88
v2_erdos_renyi_baseline_s20,v2,erdos_renyi_baseline,20,erdos_renyi,100,4,936,17,1.5498260458732018,7,17,0.4117647058823529,49,88
v2_erdos_renyi_baseline_s20,v2,erdos_renyi_baseline,20,erdos_renyi,100,4,937,39,2.8332133440392155,17,39,0.4358974358974359,5,88
v2_erdos_renyi_baseline_s20,v2,erdos_renyi_baseline,20,erdos_renyi,100,4,938,4,0.6931471805579453,2,4,0.5,81,52
v2_erdos_renyi_baseline_s20,v2,erdos_renyi_baseline,20,erdos_renyi,100,4,939,39,2.751666616915516,17,39,0.4358974358974359,2,40
v2_erdos_renyi_baseline_s20,v2,erdos_renyi_baseline,20,erdos_renyi,100,4,940,17,2.1639556568730565,10,17,0.5882352941176471,4,53
v2_erdos_renyi_baseline_s20,v2,erdos_renyi_baseline,20,erdos_renyi,100,4,941,37,2.3992042961906157,18,37,0.4864864864864865,48,52
v2_erdos_renyi_baseline_s20,v2,erdos_renyi_baseline,20,erdos_renyi,100,4,942,28,2.430791328866232,15,28,0.5357142857142857,95,40
v2_erdos_renyi_baseline_s20,v2,erdos_renyi_baseline,20,erdos_renyi,100,4,943,22,2.079441541671836,8,22,0.36363636363636365,66,40
v2_erdos_renyi_baseline_s20,v2,erdos_renyi_baseline,20,erdos_renyi,100,4,944,0,0.0,0,0,,53,53
v2_erdos_renyi_baseline_s20,v2,erdos_renyi_baseline,20,erdos_renyi,100,4,945,0,0.0,0,0,,15,15
v2_erdos_renyi_baseline_s20,v2,erdos_renyi_baseline,20,erdos_renyi,100,4,946,18,1.0986122886651095,3,18,0.16666666666666666,83,88
v2_erdos_renyi_baseline_s20,v2,erdos_renyi_baseline,20,erdos_renyi,100,4,947,34,2.7080502010872096,15,34,0.4411764705882353,74,40
v2_erdos_renyi_baseline_s20,v2,erdos_renyi_baseline,20,erdos_renyi,100,4,948,10000,-1.000088900581841e-12,3754,10000,0.3754,97,97
v2_erdos_renyi_baseline_s20,v2,erdos_renyi_baseline,20,erdos_renyi,100,4,949,41,2.3978952727873706,11,41,0.2682926829268293,44,52
v2_erdos_renyi_baseline_s20,v2,erdos_renyi_baseline,20,erdos_renyi,100,4,950,78,3.319492576126754,29,78,0.3717948717948718,12,40
v2_erdos_renyi_baseline_s20,v2,erdos_renyi_baseline,20,erdos_renyi,100,4,951,0,0.0,0,0,,88,88
v2_erdos_renyi_baseline_s20,v2,erdos_renyi_baseline,20,erdos_renyi,100,4,952,26,2.253857589591352,12,26,0.46153846153846156,44,53
v2_erdos_renyi_baseline_s20,v2,erdos_renyi_baseline,20,erdos_renyi,100,4,953,1,-1.000088900581841e-12,1,1,1.0,87,40
v2_erdos_renyi_baseline_s20,v2,erdos_renyi_baseline,20,erdos_renyi,100,4,954,34,1.9061547465328492,8,34,0.23529411764705882,27,52
v2_erdos_renyi_baseline_s20,v2,erdos_renyi_baseline,20,erdos_renyi,100,4,955,61,2.8456384931152563,24,61,0.39344262295081966,6,88
v2_erdos_renyi_baseline_s20,v2,erdos_renyi_baseline,20,erdos_renyi,100,4,956,17,1.791759469222055,6,17,0.35294117647058826,14,40
v2_erdos_renyi_baseline_s20,v2,erdos_renyi_baseline,20,erdos_renyi,100,4,957,167,3.7503767719520784,60,167,0.3592814371257485,83,40
v2_erdos_renyi_baseline_s20,v2,erdos_renyi_baseline,20,erdos_renyi,100,4,958,82,3.271689322296034,29,82,0.35365853658536583,5,88
v2_erdos_renyi_baseline_s20,v2,erdos_renyi_baseline,20,erdos_renyi,100,4,959,36,2.670119889791816,17,36,0.4722222222222222,21,15
v2_erdos_renyi_baseline_s20,v2,erdos_renyi_baseline,20,erdos_renyi,100,4,960,102,3.37644338427611,36,102,0.35294117647058826,33,52
v2_erdos_renyi_baseline_s20,v2,erdos_renyi_baseline,20,erdos_renyi,100,4,961,67,3.2491274088477446,32,67,0.47761194029850745,76,40
v2_erdos_renyi_baseline_s20,v2,erdos_renyi_baseline,20,erdos_renyi,100,4,962,50,3.0752205480323718,23,50,0.46,70,40
v2_erdos_renyi_baseline_s20,v2,erdos_renyi_baseline,20,erdos_renyi,100,4,963,52,2.1458417525857545,11,52,0.21153846153846154,6,52
v2_erdos_renyi_baseline_s20,v2,erdos_renyi_baseline,20,erdos_renyi,100,4,964,21,1.9061547465328492,8,21,0.38095238095238093,80,52
v2_erdos_renyi_baseline_s20,v2,erdos_renyi_baseline,20,erdos_renyi,100,4,965,0,0.0,0,0,,52,52
v2_erdos_renyi_baseline_s20,v2,erdos_renyi_baseline,20,erdos_renyi,100,4,966,18,1.9061547465328492,8,18,0.4444444444444444,81,52
v2_erdos_renyi_baseline_s20,v2,erdos_renyi_baseline,20,erdos_renyi,100,4,967,79,3.422414203983732,32,79,0.4050632911392405,32,40
v2_erdos_renyi_baseline_s20,v2,erdos_renyi_baseline,20,erdos_renyi,100,4,968,43,2.751666616915516,17,43,0.3953488372093023,75,52
v2_erdos_renyi_baseline_s20,v2,erdos_renyi_baseline,20,erdos_renyi,100,4,969,111,3.4551790069144523,38,111,0.34234234234234234,28,15
v2_erdos_renyi_baseline_s20,v2,erdos_renyi_baseline,20,erdos_renyi,100,4,970,46,3.044522437702424,21,46,0.45652173913043476,61,40
v2_erdos_renyi_baseline_s20,v2,erdos_renyi_baseline,20,erdos_renyi,100,4,971,46,3.135494215906149,23,46,0.5,2,40
v2_erdos_renyi_baseline_s20,v2,erdos_renyi_baseline,20,erdos_renyi,100,4,972,14,1.6094379124291005,5,14,0.35714285714285715,63,88
v2_erdos_renyi_baseline_s20,v2,erdos_renyi_baseline,20,erdos_renyi,100,4,973,0,0.0,0,0,,15,15
v2_erdos_renyi_baseline_s20,v2,erdos_renyi_baseline,20,erdos_renyi,100,4,974,8,1.0986122886651095,3,8,0.375,51,88
v2_erdos_renyi_baseline_s20,v2,erdos_renyi_baseline,20,erdos_renyi,100,4,975,216,4.210042098316085,84,216,0.3888888888888889,34,40
v2_erdos_renyi_baseline_s20,v2,erdos_renyi_baseline,20,erdos_renyi,100,4,976,109,3.5951494937275497,44,109,0.4036697247706422,21,88
v2_erdos_renyi_baseline_s20,v2,erdos_renyi_baseline,20,erdos_renyi,100,4,977,9,1.3862943611158909,4,9,0.4444444444444444,60,53
v2_erdos_renyi_baseline_s20,v2,erdos_renyi_baseline,20,erdos_renyi,100,4,978,22,2.138397246338724,13,22,0.5909090909090909,69,53
v2_erdos_renyi_baseline_s20,v2,erdos_renyi_baseline,20,erdos_renyi,100,4,979,80,3.176082814634593,29,80,0.3625,89,40
v2_erdos_renyi_baseline_s20,v2,erdos_renyi_baseline,20,erdos_renyi,100,4,980,9,1.3862943611158909,4,9,0.4444444444444444,38,52
v2_erdos_renyi_baseline_s20,v2,erdos_renyi_baseline,20,erdos_renyi,100,4,981,73,2.811419498282341,26,73,0.3561643835616438,84,52
v2_erdos_renyi_baseline_s20,v2,erdos_renyi_baseline,20,erdos_renyi,100,4,982,10,1.6094379124291005,5,10,0.5,9,40
v2_erdos_renyi_baseline_s20,v2,erdos_renyi_baseline,20,erdos_renyi,100,4,983,23,2.079441541671836,8,23,0.34782608695652173,9,88
v2_erdos_renyi_baseline_s20,v2,erdos_renyi_baseline,20,erdos_renyi,100,4,984,8,1.6094379124291005,5,8,0.625,56,15
v2_erdos_renyi_baseline_s20,v2,erdos_renyi_baseline,20,erdos_renyi,100,4,985,15,1.5498260458732018,7,15,0.4666666666666667,96,88
v2_erdos_renyi_baseline_s20,v2,erdos_renyi_baseline,20,erdos_renyi,100,4,986,95,3.508352107143893,44,95,0.4631578947368421,14,52
v2_erdos_renyi_baseline_s20,v2,erdos_renyi_baseline,20,erdos_renyi,100,4,987,74,2.8414600378175505,29,74,0.3918918918918919,63,15
v2_erdos_renyi_baseline_s20,v2,erdos_renyi_baseline,20,erdos_renyi,100,4,988,24,1.9061547465328492,8,24,0.3333333333333333,61,15
v2_erdos_renyi_baseline_s20,v2,erdos_renyi_baseline,20,erdos_renyi,100,4,989,106,3.578323836314148,41,106,0.3867924528301887,99,15
v2_erdos_renyi_baseline_s20,v2,erdos_renyi_baseline,20,erdos_renyi,100,4,990,42,2.639057329601259,14,42,0.3333333333333333,14,15
v2_erdos_renyi_baseline_s20,v2,erdos_renyi_baseline,20,erdos_renyi,100,4,991,100,3.679760009076018,41,100,0.41,35,88
v2_erdos_renyi_baseline_s20,v2,erdos_renyi_baseline,20,erdos_renyi,100,4,992,51,2.4799555205315174,16,51,0.3137254901960784,73,40
v2_erdos_renyi_baseline_s20,v2,erdos_renyi_baseline,20,erdos_renyi,100,4,993,91,3.467994408329786,36,91,0.3956043956043956,36,40
v2_erdos_renyi_baseline_s20,v2,erdos_renyi_baseline,20,erdos_renyi,100,4,994,10000,-1.000088900581841e-12,3670,10000,0.367,97,97
v2_erdos_renyi_baseline_s20,v2,erdos_renyi_baseline,20,erdos_renyi,100,4,995,6,0.6931471805579453,2,6,0.3333333333333333,3,88
v2_erdos_renyi_baseline_s20,v2,erdos_renyi_baseline,20,erdos_renyi,100,4,996,5,0.6931471805579453,2,5,0.4,81,52
v2_erdos_renyi_baseline_s20,v2,erdos_renyi_baseline,20,erdos_renyi,100,4,997,62,2.8903717578781647,18,62,0.2903225806451613,17,52
v2_erdos_renyi_baseline_s20,v2,erdos_renyi_baseline,20,erdos_renyi,100,4,998,83,3.2706069569122977,33,83,0.39759036144578314,58,88
v2_erdos_renyi_baseline_s20,v2,erdos_renyi_baseline,20,erdos_renyi,100,4,999,36,2.3978952727873706,11,36,0.3055555555555556,89,40
