run_id,validation_version,condition,seed,topology,n_nodes,degree,episode_idx,hitting_time,path_entropy,accepted_moves,attempted_moves,accept_rate,start_node,final_node
v2_erdos_renyi_baseline_s10,v2,erdos_renyi_baseline,10,erdos_renyi,100,4,0,83,3.1649855377529104,28,83,0.3373493975903614,48,10
v2_erdos_renyi_baseline_s10,v2,erdos_renyi_baseline,10,erdos_renyi,100,4,1,43,2.639057329601259,14,43,0.32558139534883723,50,11
v2_erdos_renyi_baseline_s10,v2,erdos_renyi_baseline,10,erdos_renyi,100,4,2,11,1.6094379124291005,5,11,0.45454545454545453,28,10
v2_erdos_renyi_baseline_s10,v2,erdos_renyi_baseline,10,erdos_renyi,100,4,3,31,2.1458417525857545,11,31,0.3548387096774194,60,99
v2_erdos_renyi_baseline_s10,v2,erdos_renyi_baseline,10,erdos_renyi,100,4,4,94,3.291714404201028,34,94,0.3617021276595745,4,57
v2_erdos_renyi_baseline_s10,v2,erdos_renyi_baseline,10,erdos_renyi,100,4,5,168,3.812426704046732,61,168,0.3630952380952381,91,57
v2_erdos_renyi_baseline_s10,v2,erdos_renyi_baseline,10,erdos_renyi,100,4,6,32,2.0981473891260665,13,32,0.40625,83,57
v2_erdos_renyi_baseline_s10,v2,erdos_renyi_baseline,10,erdos_renyi,100,4,7,1,-1.000088900581841e-12,1,1,1.0,13,99
v2_erdos_renyi_baseline_s10,v2,erdos_renyi_baseline,10,erdos_renyi,100,4,8,41,2.245035274116177,13,41,0.3170731707317073,78,46
v2_erdos_renyi_baseline_s10,v2,erdos_renyi_baseline,10,erdos_renyi,100,4,9,3,-1.000088900581841e-12,1,3,0.3333333333333333,22,10
v2_erdos_renyi_baseline_s10,v2,erdos_renyi_baseline,10,erdos_renyi,100,4,10,23,2.3978952727873706,11,23,0.4782608695652174,34,10
v2_erdos_renyi_baseline_s10,v2,erdos_renyi_baseline,10,erdos_renyi,100,4,11,49,2.813355404483615,18,49,0.3673469387755102,40,11
v2_erdos_renyi_baseline_s10,v2,erdos_renyi_baseline,10,erdos_renyi,100,4,12,2,0.6931471805579453,2,2,1.0,62,57
v2_erdos_renyi_baseline_s10,v2,erdos_renyi_baseline,10,erdos_renyi,100,4,13,48,1.8217383933128384,20,48,0.4166666666666667,81,99
v2_erdos_renyi_baseline_s10,v2,erdos_renyi_baseline,10,erdos_renyi,100,4,14,93,3.697914215725904,48,93,0.5161290322580645,30,99
v2_erdos_renyi_baseline_s10,v2,erdos_renyi_baseline,10,erdos_renyi,100,4,15,98,3.652629782939221,45,98,0.45918367346938777,91,57
v2_erdos_renyi_baseline_s10,v2,erdos_renyi_baseline,10,erdos_renyi,100,4,16,10000,-1.000088900581841e-12,3687,10000,0.3687,51,51
v2_erdos_renyi_baseline_s10,v2,erdos_renyi_baseline,10,erdos_renyi,100,4,17,22,1.5607104090364066,6,22,0.2727272727272727,35,10
v2_erdos_renyi_baseline_s10,v2,erdos_renyi_baseline,10,erdos_renyi,100,4,18,26,1.9061547465328492,8,26,0.3076923076923077,4,99
v2_erdos_renyi_baseline_s10,v2,erdos_renyi_baseline,10,erdos_renyi,100,4,19,39,2.5649493574485365,13,39,0.3333333333333333,82,57
v2_erdos_renyi_baseline_s10,v2,erdos_renyi_baseline,10,erdos_renyi,100,4,20,22,2.3978952727873706,11,22,0.5,50,57
v2_erdos_renyi_baseline_s10,v2,erdos_renyi_baseline,10,erdos_renyi,100,4,21,24,1.834371970274624,10,24,0.4166666666666667,78,57
v2_erdos_renyi_baseline_s10,v2,erdos_renyi_baseline,10,erdos_renyi,100,4,22,79,3.120291565278284,24,79,0.3037974683544304,22,11
v2_erdos_renyi_baseline_s10,v2,erdos_renyi_baseline,10,erdos_renyi,100,4,23,32,2.302585092984045,10,32,0.3125,52,99
v2_erdos_renyi_baseline_s10,v2,erdos_renyi_baseline,10,erdos_renyi,100,4,24,106,3.71424286565366,45,106,0.42452830188679247,35,99
v2_erdos_renyi_baseline_s10,v2,erdos_renyi_baseline,10,erdos_renyi,100,4,25,102,3.461048251949615,37,102,0.3627450980392157,82,57
v2_erdos_renyi_baseline_s10,v2,erdos_renyi_baseline,10,erdos_renyi,100,4,26,10000,-1.000088900581841e-12,3772,10000,0.3772,96,96
v2_erdos_renyi_baseline_s10,v2,erdos_renyi_baseline,10,erdos_renyi,100,4,27,7,0.6931471805579453,2,7,0.2857142857142857,45,11
v2_erdos_renyi_baseline_s10,v2,erdos_renyi_baseline,10,erdos_renyi,100,4,28,49,3.135494215906149,23,49,0.46938775510204084,54,99
v2_erdos_renyi_baseline_s10,v2,erdos_renyi_baseline,10,erdos_renyi,100,4,29,0,0.0,0,0,,11,11
v2_erdos_renyi_baseline_s10,v2,erdos_renyi_baseline,10,erdos_renyi,100,4,30,0,0.0,0,0,,57,57
v2_erdos_renyi_baseline_s10,v2,erdos_renyi_baseline,10,erdos_renyi,100,4,31,19,1.3862943611158909,4,19,0.21052631578947367,37,10
v2_erdos_renyi_baseline_s10,v2,erdos_renyi_baseline,10,erdos_renyi,100,4,32,67,2.7184734013140126,20,67,0.29850746268656714,24,99
v2_erdos_renyi_baseline_s10,v2,erdos_renyi_baseline,10,erdos_renyi,100,4,33,29,2.484906649776,12,29,0.41379310344827586,1,57
v2_erdos_renyi_baseline_s10,v2,erdos_renyi_baseline,10,erdos_renyi,100,4,34,5,0.6931471805579453,2,5,0.4,45,11
v2_erdos_renyi_baseline_s10,v2,erdos_renyi_baseline,10,erdos_renyi,100,4,35,8,1.6094379124291005,5,8,0.625,44,57
v2_erdos_renyi_baseline_s10,v2,erdos_renyi_baseline,10,erdos_renyi,100,4,36,10000,-1.000088900581841e-12,3703,10000,0.3703,51,51
v2_erdos_renyi_baseline_s10,v2,erdos_renyi_baseline,10,erdos_renyi,100,4,37,20,2.197224577327219,9,20,0.45,36,57
v2_erdos_renyi_baseline_s10,v2,erdos_renyi_baseline,10,erdos_renyi,100,4,38,40,2.4254797084207187,17,40,0.425,38,10
v2_erdos_renyi_baseline_s10,v2,erdos_renyi_baseline,10,erdos_renyi,100,4,39,16,1.9459101490483133,7,16,0.4375,18,10
v2_erdos_renyi_baseline_s10,v2,erdos_renyi_baseline,10,erdos_renyi,100,4,40,63,2.954673212284816,23,63,0.36507936507936506,41,11
v2_erdos_renyi_baseline_s10,v2,erdos_renyi_baseline,10,erdos_renyi,100,4,41,28,2.1639556568730565,10,28,0.35714285714285715,45,99
v2_erdos_renyi_baseline_s10,v2,erdos_renyi_baseline,10,erdos_renyi,100,4,42,10000,-1.000088900581841e-12,3777,10000,0.3777,23,23
v2_erdos_renyi_baseline_s10,v2,erdos_renyi_baseline,10,erdos_renyi,100,4,43,3,-1.000088900581841e-12,1,3,0.3333333333333333,13,99
v2_erdos_renyi_baseline_s10,v2,erdos_renyi_baseline,10,erdos_renyi,100,4,44,15,1.3862943611158909,4,15,0.26666666666666666,79,99
v2_erdos_renyi_baseline_s10,v2,erdos_renyi_baseline,10,erdos_renyi,100,4,45,34,2.540036303807981,14,34,0.4117647058823529,40,11
v2_erdos_renyi_baseline_s10,v2,erdos_renyi_baseline,10,erdos_renyi,100,4,46,2,-1.000088900581841e-12,1,2,0.5,64,46
v2_erdos_renyi_baseline_s10,v2,erdos_renyi_baseline,10,erdos_renyi,100,4,47,29,1.9459101490483133,7,29,0.2413793103448276,19,57
v2_erdos_renyi_baseline_s10,v2,erdos_renyi_baseline,10,erdos_renyi,100,4,48,22,2.0253262207620675,10,22,0.45454545454545453,75,10
v2_erdos_renyi_baseline_s10,v2,erdos_renyi_baseline,10,erdos_renyi,100,4,49,16,2.079441541671836,8,16,0.5,98,99
v2_erdos_renyi_baseline_s10,v2,erdos_renyi_baseline,10,erdos_renyi,100,4,50,10000,-1.000088900581841e-12,3728,10000,0.3728,51,51
v2_erdos_renyi_baseline_s10,v2,erdos_renyi_baseline,10,erdos_renyi,100,4,51,110,3.330230943692402,39,110,0.35454545454545455,81,10
v2_erdos_renyi_baseline_s10,v2,erdos_renyi_baseline,10,erdos_renyi,100,4,52,140,3.6041009501964334,53,140,0.37857142857142856,25,99
v2_erdos_renyi_baseline_s10,v2,erdos_renyi_baseline,10,erdos_renyi,100,4,53,48,2.772588722223781,16,48,0.3333333333333333,5,99
v2_erdos_renyi_baseline_s10,v2,erdos_renyi_baseline,10,erdos_renyi,100,4,54,0,0.0,0,0,,46,46
v2_erdos_renyi_baseline_s10,v2,erdos_renyi_baseline,10,erdos_renyi,100,4,55,3,-1.000088900581841e-12,1,3,0.3333333333333333,22,10
v2_erdos_renyi_baseline_s10,v2,erdos_renyi_baseline,10,erdos_renyi,100,4,56,3,0.6931471805579453,2,3,0.6666666666666666,29,10
v2_erdos_renyi_baseline_s10,v2,erdos_renyi_baseline,10,erdos_renyi,100,4,57,37,2.7080502010872096,15,37,0.40540540540540543,35,57
v2_erdos_renyi_baseline_s10,v2,erdos_renyi_baseline,10,erdos_renyi,100,4,58,86,3.3969144201875685,35,86,0.4069767441860465,66,99
v2_erdos_renyi_baseline_s10,v2,erdos_renyi_baseline,10,erdos_renyi,100,4,59,97,3.15250089739898,39,97,0.4020618556701031,58,99
v2_erdos_renyi_baseline_s10,v2,erdos_renyi_baseline,10,erdos_renyi,100,4,60,4,0.6931471805579453,2,4,0.5,16,10
v2_erdos_renyi_baseline_s10,v2,erdos_renyi_baseline,10,erdos_renyi,100,4,61,51,2.665394159967387,22,51,0.43137254901960786,80,57
v2_erdos_renyi_baseline_s10,v2,erdos_renyi_baseline,10,erdos_renyi,100,4,62,63,2.8332133440392155,17,63,0.2698412698412698,73,57
v2_erdos_renyi_baseline_s10,v2,erdos_renyi_baseline,10,erdos_renyi,100,4,63,29,2.079441541671836,8,29,0.27586206896551724,15,10
v2_erdos_renyi_baseline_s10,v2,erdos_renyi_baseline,10,erdos_renyi,100,4,64,35,2.3516733018936304,13,35,0.37142857142857144,19,99
v2_erdos_renyi_baseline_s10,v2,erdos_renyi_baseline,10,erdos_renyi,100,4,65,33,2.736339051089065,18,33,0.5454545454545454,28,99
v2_erdos_renyi_baseline_s10,v2,erdos_renyi_baseline,10,erdos_renyi,100,4,66,104,3.176082814634593,29,104,0.27884615384615385,97,11
v2_erdos_renyi_baseline_s10,v2,erdos_renyi_baseline,10,erdos_renyi,100,4,67,60,3.044820482442576,26,60,0.43333333333333335,24,57
v2_erdos_renyi_baseline_s10,v2,erdos_renyi_baseline,10,erdos_renyi,100,4,68,104,3.603049664804596,47,104,0.4519230769230769,54,99
v2_erdos_renyi_baseline_s10,v2,erdos_renyi_baseline,10,erdos_renyi,100,4,69,341,4.493489688417412,132,341,0.3870967741935484,79,57
v2_erdos_renyi_baseline_s10,v2,erdos_renyi_baseline,10,erdos_renyi,100,4,70,23,1.9459101490483133,7,23,0.30434782608695654,4,57
v2_erdos_renyi_baseline_s10,v2,erdos_renyi_baseline,10,erdos_renyi,100,4,71,0,0.0,0,0,,10,10
v2_erdos_renyi_baseline_s10,v2,erdos_renyi_baseline,10,erdos_renyi,100,4,72,13,1.0986122886651095,3,13,0.23076923076923078,68,99
v2_erdos_renyi_baseline_s10,v2,erdos_renyi_baseline,10,erdos_renyi,100,4,73,4,0.6931471805579453,2,4,0.5,20,99
v2_erdos_renyi_baseline_s10,v2,erdos_renyi_baseline,10,erdos_renyi,100,4,74,44,2.523210952939891,15,44,0.3409090909090909,54,99
v2_erdos_renyi_baseline_s10,v2,erdos_renyi_baseline,10,erdos_renyi,100,4,75,13,1.0986122886651095,3,13,0.23076923076923078,14,57
v2_erdos_renyi_baseline_s10,v2,erdos_renyi_baseline,10,erdos_renyi,100,4,76,24,2.302585092984045,10,24,0.4166666666666667,54,57
v2_erdos_renyi_baseline_s10,v2,erdos_renyi_baseline,10,erdos_renyi,100,4,77,11,1.9459101490483133,7,11,0.6363636363636364,37,99
v2_erdos_renyi_baseline_s10,v2,erdos_renyi_baseline,10,erdos_renyi,100,4,78,38,2.3034884952082693,15,38,0.39473684210526316,60,99
v2_erdos_renyi_baseline_s10,v2,erdos_renyi_baseline,10,erdos_renyi,100,4,79,32,2.7080502010872096,15,32,0.46875,29,57
v2_erdos_renyi_baseline_s10,v2,erdos_renyi_baseline,10,erdos_renyi,100,4,80,96,3.5726345752559063,42,96,0.4375,41,57
v2_erdos_renyi_baseline_s10,v2,erdos_renyi_baseline,10,erdos_renyi,100,4,81,117,3.8124052216197386,58,117,0.49572649572649574,48,57
v2_erdos_renyi_baseline_s10,v2,erdos_renyi_baseline,10,erdos_renyi,100,4,82,76,2.8676876386809265,32,76,0.42105263157894735,9,11
v2_erdos_renyi_baseline_s10,v2,erdos_renyi_baseline,10,erdos_renyi,100,4,83,123,3.579388963696679,45,123,0.36585365853658536,0,11
v2_erdos_renyi_baseline_s10,v2,erdos_renyi_baseline,10,erdos_renyi,100,4,84,17,1.6094379124291005,5,17,0.29411764705882354,25,11
v2_erdos_renyi_baseline_s10,v2,erdos_renyi_baseline,10,erdos_renyi,100,4,85,54,3.218875824843201,25,54,0.46296296296296297,20,10
v2_erdos_renyi_baseline_s10,v2,erdos_renyi_baseline,10,erdos_renyi,100,4,86,12,2.197224577327219,9,12,0.75,83,99
v2_erdos_renyi_baseline_s10,v2,erdos_renyi_baseline,10,erdos_renyi,100,4,87,116,3.463700594259869,49,116,0.4224137931034483,15,99
v2_erdos_renyi_baseline_s10,v2,erdos_renyi_baseline,10,erdos_renyi,100,4,88,17,1.6094379124291005,5,17,0.29411764705882354,90,10
v2_erdos_renyi_baseline_s10,v2,erdos_renyi_baseline,10,erdos_renyi,100,4,89,36,2.3046193848096714,14,36,0.3888888888888889,80,57
v2_erdos_renyi_baseline_s10,v2,erdos_renyi_baseline,10,erdos_renyi,100,4,90,78,3.367295829957475,29,78,0.3717948717948718,4,99
v2_erdos_renyi_baseline_s10,v2,erdos_renyi_baseline,10,erdos_renyi,100,4,91,1,-1.000088900581841e-12,1,1,1.0,6,99
v2_erdos_renyi_baseline_s10,v2,erdos_renyi_baseline,10,erdos_renyi,100,4,92,0,0.0,0,0,,11,11
v2_erdos_renyi_baseline_s10,v2,erdos_renyi_baseline,10,erdos_renyi,100,4,93,3,0.6931471805579453,2,3,0.6666666666666666,34,11
v2_erdos_renyi_baseline_s10,v2,erdos_renyi_baseline,10,erdos_renyi,100,4,94,61,3.062529300232621,24,61,0.39344262295081966,66,46
v2_erdos_renyi_baseline_s10,v2,erdos_renyi_baseline,10,erdos_renyi,100,4,95,63,2.9714497055750795,34,63,0.5396825396825397,36,99
v2_erdos_renyi_baseline_s10,v2,erdos_renyi_baseline,10,erdos_renyi,100,4,96,32,2.685945324654788,16,32,0.5,82,99
v2_erdos_renyi_baseline_s10,v2,erdos_renyi_baseline,10,erdos_renyi,100,4,97,7,1.0986122886651095,3,7,0.42857142857142855,71,57
v2_erdos_renyi_baseline_s10,v2,erdos_renyi_baseline,10,erdos_renyi,100,4,98,127,3.4998906889658965,55,127,0.4330708661417323,91,57
v2_erdos_renyi_baseline_s10,v2,erdos_renyi_baseline,10,erdos_renyi,100,4,99,25,2.0431918705371204,9,25,0.36,14,57
v2_erdos_renyi_baseline_s10,v2,erdos_renyi_baseline,10,erdos_renyi,100,4,100,47,2.7985132569262934,19,47,0.40425531914893614,4,57
v2_erdos_renyi_baseline_s10,v2,erdos_renyi_baseline,10,erdos_renyi,100,4,101,58,2.8332133440392155,17,58,0.29310344827586204,59,10
v2_erdos_renyi_baseline_s10,v2,erdos_renyi_baseline,10,erdos_renyi,100,4,102,71,3.0748057070764867,35,71,0.49295774647887325,53,57
v2_erdos_renyi_baseline_s10,v2,erdos_renyi_baseline,10,erdos_renyi,100,4,103,9,0.6931471805579453,2,9,0.2222222222222222,74,57
v2_erdos_renyi_baseline_s10,v2,erdos_renyi_baseline,10,erdos_renyi,100,4,104,13,1.6094379124291005,5,13,0.38461538461538464,65,57
v2_erdos_renyi_baseline_s10,v2,erdos_renyi_baseline,10,erdos_renyi,100,4,105,11,1.9459101490483133,7,11,0.6363636363636364,34,57
v2_erdos_renyi_baseline_s10,v2,erdos_renyi_baseline,10,erdos_renyi,100,4,106,109,3.444813797459462,34,109,0.3119266055045872,89,11
v2_erdos_renyi_baseline_s10,v2,erdos_renyi_baseline,10,erdos_renyi,100,4,107,288,4.341470396236279,109,288,0.3784722222222222,69,11
v2_erdos_renyi_baseline_s10,v2,erdos_renyi_baseline,10,erdos_renyi,100,4,108,52,2.871476118036867,19,52,0.36538461538461536,75,57
v2_erdos_renyi_baseline_s10,v2,erdos_renyi_baseline,10,erdos_renyi,100,4,109,88,3.2994270308825606,36,88,0.4090909090909091,5,57
v2_erdos_renyi_baseline_s10,v2,erdos_renyi_baseline,10,erdos_renyi,100,4,110,64,3.163424050399405,25,64,0.390625,80,57
v2_erdos_renyi_baseline_s10,v2,erdos_renyi_baseline,10,erdos_renyi,100,4,111,268,4.094445113435002,99,268,0.3694029850746269,22,57
v2_erdos_renyi_baseline_s10,v2,erdos_renyi_baseline,10,erdos_renyi,100,4,112,76,3.2238860684653137,29,76,0.3815789473684211,80,99
v2_erdos_renyi_baseline_s10,v2,erdos_renyi_baseline,10,erdos_renyi,100,4,113,85,3.54603493136854,46,85,0.5411764705882353,88,11
v2_erdos_renyi_baseline_s10,v2,erdos_renyi_baseline,10,erdos_renyi,100,4,114,0,0.0,0,0,,11,11
v2_erdos_renyi_baseline_s10,v2,erdos_renyi_baseline,10,erdos_renyi,100,4,115,82,3.5281418680240257,38,82,0.4634146341463415,93,10
v2_erdos_renyi_baseline_s10,v2,erdos_renyi_baseline,10,erdos_renyi,100,4,116,5,1.0986122886651095,3,5,0.6,67,99
v2_erdos_renyi_baseline_s10,v2,erdos_renyi_baseline,10,erdos_renyi,100,4,117,15,1.9061547465328492,8,15,0.5333333333333333,55,57
v2_erdos_renyi_baseline_s10,v2,erdos_renyi_baseline,10,erdos_renyi,100,4,118,31,2.0431918705371204,9,31,0.2903225806451613,1,57
v2_erdos_renyi_baseline_s10,v2,erdos_renyi_baseline,10,erdos_renyi,100,4,119,58,2.681994177704638,26,58,0.4482758620689655,42,99
v2_erdos_renyi_baseline_s10,v2,erdos_renyi_baseline,10,erdos_renyi,100,4,120,30,2.3516733018936304,13,30,0.43333333333333335,34,46
v2_erdos_renyi_baseline_s10,v2,erdos_renyi_baseline,10,erdos_renyi,100,4,121,86,3.323400536919209,36,86,0.4186046511627907,9,10
v2_erdos_renyi_baseline_s10,v2,erdos_renyi_baseline,10,erdos_renyi,100,4,122,0,0.0,0,0,,11,11
v2_erdos_renyi_baseline_s10,v2,erdos_renyi_baseline,10,erdos_renyi,100,4,123,0,0.0,0,0,,11,11
v2_erdos_renyi_baseline_s10,v2,erdos_renyi_baseline,10,erdos_renyi,100,4,124,25,1.979204517426324,12,25,0.48,66,57
v2_erdos_renyi_baseline_s10,v2,erdos_renyi_baseline,10,erdos_renyi,100,4,125,27,2.484906649776,12,27,0.4444444444444444,1,99
v2_erdos_renyi_baseline_s10,v2,erdos_renyi_baseline,10,erdos_renyi,100,4,126,112,3.5309625711151007,49,112,0.4375,65,57
v2_erdos_renyi_baseline_s10,v2,erdos_renyi_baseline,10,erdos_renyi,100,4,127,10000,-1.000088900581841e-12,3706,10000,0.3706,23,23
v2_erdos_renyi_baseline_s10,v2,erdos_renyi_baseline,10,erdos_renyi,100,4,128,24,2.197224577327219,9,24,0.375,68,57
v2_erdos_renyi_baseline_s10,v2,erdos_renyi_baseline,10,erdos_renyi,100,4,129,62,3.098139496330803,26,62,0.41935483870967744,17,46
v2_erdos_renyi_baseline_s10,v2,erdos_renyi_baseline,10,erdos_renyi,100,4,130,10000,-1.000088900581841e-12,3703,10000,0.3703,23,23
v2_erdos_renyi_baseline_s10,v2,erdos_renyi_baseline,10,erdos_renyi,100,4,131,10,1.6094379124291005,5,10,0.5,16,57
v2_erdos_renyi_baseline_s10,v2,erdos_renyi_baseline,10,erdos_renyi,100,4,132,10000,-1.000088900581841e-12,3740,10000,0.374,39,39
v2_erdos_renyi_baseline_s10,v2,erdos_renyi_baseline,10,erdos_renyi,100,4,133,95,3.5646232985788124,38,95,0.4,32,99
v2_erdos_renyi_baseline_s10,v2,erdos_renyi_baseline,10,erdos_renyi,100,4,134,0,0.0,0,0,,11,11
v2_erdos_renyi_baseline_s10,v2,erdos_renyi_baseline,10,erdos_renyi,100,4,135,3,-1.000088900581841e-12,1,3,0.3333333333333333,20,57
v2_erdos_renyi_baseline_s10,v2,erdos_renyi_baseline,10,erdos_renyi,100,4,136,49,2.7985132569262934,19,49,0.3877551020408163,20,57
v2_erdos_renyi_baseline_s10,v2,erdos_renyi_baseline,10,erdos_renyi,100,4,137,54,3.1780538303239454,24,54,0.4444444444444444,90,10
v2_erdos_renyi_baseline_s10,v2,erdos_renyi_baseline,10,erdos_renyi,100,4,138,3,0.6931471805579453,2,3,0.6666666666666666,0,57
v2_erdos_renyi_baseline_s10,v2,erdos_renyi_baseline,10,erdos_renyi,100,4,139,9,1.791759469222055,6,9,0.6666666666666666,84,99
v2_erdos_renyi_baseline_s10,v2,erdos_renyi_baseline,10,erdos_renyi,100,4,140,39,2.369382119683676,12,39,0.3076923076923077,70,11
v2_erdos_renyi_baseline_s10,v2,erdos_renyi_baseline,10,erdos_renyi,100,4,141,29,2.540036303807981,14,29,0.4827586206896552,21,57
v2_erdos_renyi_baseline_s10,v2,erdos_renyi_baseline,10,erdos_renyi,100,4,142,10000,-1.000088900581841e-12,3698,10000,0.3698,96,96
v2_erdos_renyi_baseline_s10,v2,erdos_renyi_baseline,10,erdos_renyi,100,4,143,135,3.691183227430579,52,135,0.3851851851851852,72,11
v2_erdos_renyi_baseline_s10,v2,erdos_renyi_baseline,10,erdos_renyi,100,4,144,135,3.4848452850744924,48,135,0.35555555555555557,61,99
v2_erdos_renyi_baseline_s10,v2,erdos_renyi_baseline,10,erdos_renyi,100,4,145,19,1.3862943611158909,4,19,0.21052631578947367,32,46
v2_erdos_renyi_baseline_s10,v2,erdos_renyi_baseline,10,erdos_renyi,100,4,146,3,-1.000088900581841e-12,1,3,0.3333333333333333,28,11
v2_erdos_renyi_baseline_s10,v2,erdos_renyi_baseline,10,erdos_renyi,100,4,147,11,1.791759469222055,6,11,0.5454545454545454,60,57
v2_erdos_renyi_baseline_s10,v2,erdos_renyi_baseline,10,erdos_renyi,100,4,148,113,3.446277940884956,40,113,0.35398230088495575,18,57
v2_erdos_renyi_baseline_s10,v2,erdos_renyi_baseline,10,erdos_renyi,100,4,149,13,1.791759469222055,6,13,0.46153846153846156,37,57
v2_erdos_renyi_baseline_s10,v2,erdos_renyi_baseline,10,erdos_renyi,100,4,150,85,3.205805710063748,32,85,0.3764705882352941,85,10
v2_erdos_renyi_baseline_s10,v2,erdos_renyi_baseline,10,erdos_renyi,100,4,151,65,3.2580965379954825,26,65,0.4,49,57
v2_erdos_renyi_baseline_s10,v2,erdos_renyi_baseline,10,erdos_renyi,100,4,152,30,2.639057329601259,14,30,0.4666666666666667,79,99
v2_erdos_renyi_baseline_s10,v2,erdos_renyi_baseline,10,erdos_renyi,100,4,153,66,3.0752205480323718,23,66,0.3484848484848485,4,10
v2_erdos_renyi_baseline_s10,v2,erdos_renyi_baseline,10,erdos_renyi,100,4,154,28,2.685945324654788,16,28,0.5714285714285714,21,99
v2_erdos_renyi_baseline_s10,v2,erdos_renyi_baseline,10,erdos_renyi,100,4,155,64,2.9487837204313982,29,64,0.453125,26,10
v2_erdos_renyi_baseline_s10,v2,erdos_renyi_baseline,10,erdos_renyi,100,4,156,57,2.450396282943756,21,57,0.3684210526315789,53,57
v2_erdos_renyi_baseline_s10,v2,erdos_renyi_baseline,10,erdos_renyi,100,4,157,189,3.8497145780014814,69,189,0.36507936507936506,88,10
v2_erdos_renyi_baseline_s10,v2,erdos_renyi_baseline,10,erdos_renyi,100,4,158,0,0.0,0,0,,57,57
v2_erdos_renyi_baseline_s10,v2,erdos_renyi_baseline,10,erdos_renyi,100,4,159,16,1.0986122886651095,3,16,0.1875,9,10
v2_erdos_renyi_baseline_s10,v2,erdos_renyi_baseline,10,erdos_renyi,100,4,160,40,2.5126585295168016,16,40,0.4,36,99
v2_erdos_renyi_baseline_s10,v2,erdos_renyi_baseline,10,erdos_renyi,100,4,161,64,3.10797227595561,25,64,0.390625,14,99
v2_erdos_renyi_baseline_s10,v2,erdos_renyi_baseline,10,erdos_renyi,100,4,162,10000,-1.000088900581841e-12,3671,10000,0.3671,77,77
v2_erdos_renyi_baseline_s10,v2,erdos_renyi_baseline,10,erdos_renyi,100,4,163,181,3.890777138351371,64,181,0.35359116022099446,24,57
v2_erdos_renyi_baseline_s10,v2,erdos_renyi_baseline,10,erdos_renyi,100,4,164,49,2.5070264355444176,17,49,0.3469387755102041,5,57
v2_erdos_renyi_baseline_s10,v2,erdos_renyi_baseline,10,erdos_renyi,100,4,165,4,0.6931471805579453,2,4,0.5,71,10
v2_erdos_renyi_baseline_s10,v2,erdos_renyi_baseline,10,erdos_renyi,100,4,166,123,3.587546014423116,49,123,0.3983739837398374,12,57
v2_erdos_renyi_baseline_s10,v2,erdos_renyi_baseline,10,erdos_renyi,100,4,167,4,-1.000088900581841e-12,1,4,0.25,20,57
v2_erdos_renyi_baseline_s10,v2,erdos_renyi_baseline,10,erdos_renyi,100,4,168,41,2.751666616915516,17,41,0.4146341463414634,62,99
v2_erdos_renyi_baseline_s10,v2,erdos_renyi_baseline,10,erdos_renyi,100,4,169,81,3.2163581334868363,30,81,0.37037037037037035,52,46
v2_erdos_renyi_baseline_s10,v2,erdos_renyi_baseline,10,erdos_renyi,100,4,170,0,0.0,0,0,,46,46
v2_erdos_renyi_baseline_s10,v2,erdos_renyi_baseline,10,erdos_renyi,100,4,171,6,1.0986122886651095,3,6,0.5,12,10
v2_erdos_renyi_baseline_s10,v2,erdos_renyi_baseline,10,erdos_renyi,100,4,172,0,0.0,0,0,,57,57
v2_erdos_renyi_baseline_s10,v2,erdos_renyi_baseline,10,erdos_renyi,100,4,173,30,2.1458417525857545,11,30,0.36666666666666664,68,99
v2_erdos_renyi_baseline_s10,v2,erdos_renyi_baseline,10,erdos_renyi,100,4,174,73,3.1514585102190296,26,73,0.3561643835616438,2,10
v2_erdos_renyi_baseline_s10,v2,erdos_renyi_baseline,10,erdos_renyi,100,4,175,0,0.0,0,0,,99,99
v2_erdos_renyi_baseline_s10,v2,erdos_renyi_baseline,10,erdos_renyi,100,4,176,10,0.6931471805579453,2,10,0.2,34,11
v2_erdos_renyi_baseline_s10,v2,erdos_renyi_baseline,10,erdos_renyi,100,4,177,166,3.97438884839589,65,166,0.39156626506024095,84,99
v2_erdos_renyi_baseline_s10,v2,erdos_renyi_baseline,10,erdos_renyi,100,4,178,29,2.1458417525857545,11,29,0.3793103448275862,81,57
v2_erdos_renyi_baseline_s10,v2,erdos_renyi_baseline,10,erdos_renyi,100,4,179,46,2.9444389791474395,19,46,0.41304347826086957,25,99
v2_erdos_renyi_baseline_s10,v2,erdos_renyi_baseline,10,erdos_renyi,100,4,180,51,3.0246955538362474,26,51,0.5098039215686274,79,46
v2_erdos_renyi_baseline_s10,v2,erdos_renyi_baseline,10,erdos_renyi,100,4,181,2,-1.000088900581841e-12,1,2,0.5,20,57
v2_erdos_renyi_baseline_s10,v2,erdos_renyi_baseline,10,erdos_renyi,100,4,182,81,3.5157396511377024,35,81,0.43209876543209874,79,57
v2_erdos_renyi_baseline_s10,v2,erdos_renyi_baseline,10,erdos_renyi,100,4,183,5,0.6931471805579453,2,5,0.4,74,99
v2_erdos_renyi_baseline_s10,v2,erdos_renyi_baseline,10,erdos_renyi,100,4,184,57,3.135494215906149,23,57,0.40350877192982454,41,57
v2_erdos_renyi_baseline_s10,v2,erdos_renyi_baseline,10,erdos_renyi,100,4,185,0,0.0,0,0,,57,57
v2_erdos_renyi_baseline_s10,v2,erdos_renyi_baseline,10,erdos_renyi,100,4,186,25,1.791759469222055,6,25,0.24,12,99
v2_erdos_renyi_baseline_s10,v2,erdos_renyi_baseline,10,erdos_renyi,100,4,187,56,2.8674404991054456,24,56,0.42857142857142855,33,57
v2_erdos_renyi_baseline_s10,v2,erdos_renyi_baseline,10,erdos_renyi,100,4,188,19,2.079441541671836,8,19,0.42105263157894735,86,11
v2_erdos_renyi_baseline_s10,v2,erdos_renyi_baseline,10,erdos_renyi,100,4,189,2,-1.000088900581841e-12,1,2,0.5,43,57
v2_erdos_renyi_baseline_s10,v2,erdos_renyi_baseline,10,erdos_renyi,100,4,190,65,3.0280290732864104,22,65,0.3384615384615385,90,57
v2_erdos_renyi_baseline_s10,v2,erdos_renyi_baseline,10,erdos_renyi,100,4,191,113,3.6436782287373086,47,113,0.415929203539823,60,99
v2_erdos_renyi_baseline_s10,v2,erdos_renyi_baseline,10,erdos_renyi,100,4,192,23,2.197224577327219,9,23,0.391304347826087,94,99
v2_erdos_renyi_baseline_s10,v2,erdos_renyi_baseline,10,erdos_renyi,100,4,193,94,3.466865155545256,48,94,0.5106382978723404,40,99
v2_erdos_renyi_baseline_s10,v2,erdos_renyi_baseline,10,erdos_renyi,100,4,194,32,2.5649493574485365,13,32,0.40625,72,11
v2_erdos_renyi_baseline_s10,v2,erdos_renyi_baseline,10,erdos_renyi,100,4,195,123,3.652629782939221,45,123,0.36585365853658536,18,57
v2_erdos_renyi_baseline_s10,v2,erdos_renyi_baseline,10,erdos_renyi,100,4,196,63,3.2580965379954825,26,63,0.4126984126984127,60,11
v2_erdos_renyi_baseline_s10,v2,erdos_renyi_baseline,10,erdos_renyi,100,4,197,3,0.6931471805579453,2,3,0.6666666666666666,97,10
v2_erdos_renyi_baseline_s10,v2,erdos_renyi_baseline,10,erdos_renyi,100,4,198,10000,-1.000088900581841e-12,3644,10000,0.3644,39,39
v2_erdos_renyi_baseline_s10,v2,erdos_renyi_baseline,10,erdos_renyi,100,4,199,21,2.253857589591352,12,21,0.5714285714285714,56,10
v2_erdos_renyi_baseline_s10,v2,erdos_renyi_baseline,10,erdos_renyi,100,4,200,15,1.791759469222055,6,15,0.4,29,57
v2_erdos_renyi_baseline_s10,v2,erdos_renyi_baseline,10,erdos_renyi,100,4,201,100,3.313961701542687,36,100,0.36,8,57
v2_erdos_renyi_baseline_s10,v2,erdos_renyi_baseline,10,erdos_renyi,100,4,202,20,2.079441541671836,8,20,0.4,83,57
v2_erdos_renyi_baseline_s10,v2,erdos_renyi_baseline,10,erdos_renyi,100,4,203,170,3.67661158198778,64,170,0.3764705882352941,17,11
v2_erdos_renyi_baseline_s10,v2,erdos_renyi_baseline,10,erdos_renyi,100,4,204,65,3.0910424533363146,22,65,0.3384615384615385,24,11
v2_erdos_renyi_baseline_s10,v2,erdos_renyi_baseline,10,erdos_renyi,100,4,205,81,3.084651945666509,28,81,0.345679012345679,24,57
v2_erdos_renyi_baseline_s10,v2,erdos_renyi_baseline,10,erdos_renyi,100,4,206,10000,-1.000088900581841e-12,3685,10000,0.3685,77,77
v2_erdos_renyi_baseline_s10,v2,erdos_renyi_baseline,10,erdos_renyi,100,4,207,76,3.5263605245821616,34,76,0.4473684210526316,8,57
v2_erdos_renyi_baseline_s10,v2,erdos_renyi_baseline,10,erdos_renyi,100,4,208,4,1.3862943611158909,4,4,1.0,14,57
v2_erdos_renyi_baseline_s10,v2,erdos_renyi_baseline,10,erdos_renyi,100,4,209,17,2.0253262207620675,10,17,0.5882352941176471,83,10
v2_erdos_renyi_baseline_s10,v2,erdos_renyi_baseline,10,erdos_renyi,100,4,210,6,1.039720770836918,4,6,0.6666666666666666,62,46
v2_erdos_renyi_baseline_s10,v2,erdos_renyi_baseline,10,erdos_renyi,100,4,211,5,-1.000088900581841e-12,1,5,0.2,64,57
v2_erdos_renyi_baseline_s10,v2,erdos_renyi_baseline,10,erdos_renyi,100,4,212,67,3.2826939972510645,28,67,0.417910447761194,90,10
v2_erdos_renyi_baseline_s10,v2,erdos_renyi_baseline,10,erdos_renyi,100,4,213,80,3.422414203983732,32,80,0.4,82,99
v2_erdos_renyi_baseline_s10,v2,erdos_renyi_baseline,10,erdos_renyi,100,4,214,41,2.8332133440392155,17,41,0.4146341463414634,35,57
v2_erdos_renyi_baseline_s10,v2,erdos_renyi_baseline,10,erdos_renyi,100,4,215,82,3.119162312493754,32,82,0.3902439024390244,0,57
v2_erdos_renyi_baseline_s10,v2,erdos_renyi_baseline,10,erdos_renyi,100,4,216,4,0.6931471805579453,2,4,0.5,42,57
v2_erdos_renyi_baseline_s10,v2,erdos_renyi_baseline,10,erdos_renyi,100,4,217,116,3.596573283067478,50,116,0.43103448275862066,70,11
v2_erdos_renyi_baseline_s10,v2,erdos_renyi_baseline,10,erdos_renyi,100,4,218,14,1.0986122886651095,3,14,0.21428571428571427,47,57
v2_erdos_renyi_baseline_s10,v2,erdos_renyi_baseline,10,erdos_renyi,100,4,219,41,2.685945324654788,16,41,0.3902439024390244,12,99
v2_erdos_renyi_baseline_s10,v2,erdos_renyi_baseline,10,erdos_renyi,100,4,220,22,2.0431918705371204,9,22,0.4090909090909091,76,99
v2_erdos_renyi_baseline_s10,v2,erdos_renyi_baseline,10,erdos_renyi,100,4,221,70,3.098139496330803,26,70,0.37142857142857144,41,57
v2_erdos_renyi_baseline_s10,v2,erdos_renyi_baseline,10,erdos_renyi,100,4,222,103,3.573554040100918,47,103,0.4563106796116505,26,57
v2_erdos_renyi_baseline_s10,v2,erdos_renyi_baseline,10,erdos_renyi,100,4,223,10,1.6094379124291005,5,10,0.5,3,99
v2_erdos_renyi_baseline_s10,v2,erdos_renyi_baseline,10,erdos_renyi,100,4,224,24,2.0253262207620675,10,24,0.4166666666666667,12,57
v2_erdos_renyi_baseline_s10,v2,erdos_renyi_baseline,10,erdos_renyi,100,4,225,22,2.079441541671836,8,22,0.36363636363636365,50,57
v2_erdos_renyi_baseline_s10,v2,erdos_renyi_baseline,10,erdos_renyi,100,4,226,117,3.539627566658813,42,117,0.358974358974359,19,57
v2_erdos_renyi_baseline_s10,v2,erdos_renyi_baseline,10,erdos_renyi,100,4,227,20,1.5607104090364066,6,20,0.3,29,10
v2_erdos_renyi_baseline_s10,v2,erdos_renyi_baseline,10,erdos_renyi,100,4,228,32,2.0253262207620675,10,32,0.3125,26,11
v2_erdos_renyi_baseline_s10,v2,erdos_renyi_baseline,10,erdos_renyi,100,4,229,17,1.4270610433757247,9,17,0.5294117647058824,95,57
v2_erdos_renyi_baseline_s10,v2,erdos_renyi_baseline,10,erdos_renyi,100,4,230,23,1.9459101490483133,7,23,0.30434782608695654,52,11
v2_erdos_renyi_baseline_s10,v2,erdos_renyi_baseline,10,erdos_renyi,100,4,231,0,0.0,0,0,,99,99
v2_erdos_renyi_baseline_s10,v2,erdos_renyi_baseline,10,erdos_renyi,100,4,232,122,3.550250017965948,40,122,0.32786885245901637,15,99
v2_erdos_renyi_baseline_s10,v2,erdos_renyi_baseline,10,erdos_renyi,100,4,233,16,1.791759469222055,6,16,0.375,86,10
v2_erdos_renyi_baseline_s10,v2,erdos_renyi_baseline,10,erdos_renyi,100,4,234,12,1.791759469222055,6,12,0.5,43,11
v2_erdos_renyi_baseline_s10,v2,erdos_renyi_baseline,10,erdos_renyi,100,4,235,80,2.7630149491358305,27,80,0.3375,24,57
v2_erdos_renyi_baseline_s10,v2,erdos_renyi_baseline,10,erdos_renyi,100,4,236,96,3.5065025850265608,36,96,0.375,98,11
v2_erdos_renyi_baseline_s10,v2,erdos_renyi_baseline,10,erdos_renyi,100,4,237,8,1.6094379124291005,5,8,0.625,28,11
v2_erdos_renyi_baseline_s10,v2,erdos_renyi_baseline,10,erdos_renyi,100,4,238,46,2.9444389791474395,19,46,0.41304347826086957,22,99
v2_erdos_renyi_baseline_s10,v2,erdos_renyi_baseline,10,erdos_renyi,100,4,239,36,2.5649493574485365,13,36,0.3611111111111111,94,57
v2_erdos_renyi_baseline_s10,v2,erdos_renyi_baseline,10,erdos_renyi,100,4,240,3,0.6931471805579453,2,3,0.6666666666666666,58,11
v2_erdos_renyi_baseline_s10,v2,erdos_renyi_baseline,10,erdos_renyi,100,4,241,11,1.0986122886651095,3,11,0.2727272727272727,67,99
v2_erdos_renyi_baseline_s10,v2,erdos_renyi_baseline,10,erdos_renyi,100,4,242,12,1.791759469222055,6,12,0.5,82,10
v2_erdos_renyi_baseline_s10,v2,erdos_renyi_baseline,10,erdos_renyi,100,4,243,204,4.08888772642167,83,204,0.4068627450980392,42,57
v2_erdos_renyi_baseline_s10,v2,erdos_renyi_baseline,10,erdos_renyi,100,4,244,45,2.813355404483615,18,45,0.4,67,99
v2_erdos_renyi_baseline_s10,v2,erdos_renyi_baseline,10,erdos_renyi,100,4,245,12,1.791759469222055,6,12,0.5,61,99
v2_erdos_renyi_baseline_s10,v2,erdos_renyi_baseline,10,erdos_renyi,100,4,246,9,1.0986122886651095,3,9,0.3333333333333333,67,57
v2_erdos_renyi_baseline_s10,v2,erdos_renyi_baseline,10,erdos_renyi,100,4,247,38,2.302585092984045,10,38,0.2631578947368421,8,11
v2_erdos_renyi_baseline_s10,v2,erdos_renyi_baseline,10,erdos_renyi,100,4,248,108,3.708094060697539,46,108,0.42592592592592593,83,99
v2_erdos_renyi_baseline_s10,v2,erdos_renyi_baseline,10,erdos_renyi,100,4,249,53,2.692310994125785,20,53,0.37735849056603776,67,10
v2_erdos_renyi_baseline_s10,v2,erdos_renyi_baseline,10,erdos_renyi,100,4,250,93,3.299829685639092,31,93,0.3333333333333333,2,99
v2_erdos_renyi_baseline_s10,v2,erdos_renyi_baseline,10,erdos_renyi,100,4,251,4,1.3862943611158909,4,4,1.0,26,11
v2_erdos_renyi_baseline_s10,v2,erdos_renyi_baseline,10,erdos_renyi,100,4,252,10000,-1.000088900581841e-12,3711,10000,0.3711,51,51
v2_erdos_renyi_baseline_s10,v2,erdos_renyi_baseline,10,erdos_renyi,100,4,253,10000,-1.000088900581841e-12,3686,10000,0.3686,96,96
v2_erdos_renyi_baseline_s10,v2,erdos_renyi_baseline,10,erdos_renyi,100,4,254,127,3.4372933586761736,56,127,0.4409448818897638,42,57
v2_erdos_renyi_baseline_s10,v2,erdos_renyi_baseline,10,erdos_renyi,100,4,255,66,2.912494403312053,21,66,0.3181818181818182,3,57
v2_erdos_renyi_baseline_s10,v2,erdos_renyi_baseline,10,erdos_renyi,100,4,256,74,3.1836729714587872,28,74,0.3783783783783784,50,57
v2_erdos_renyi_baseline_s10,v2,erdos_renyi_baseline,10,erdos_renyi,100,4,257,265,3.913349873111763,83,265,0.3132075471698113,50,57
v2_erdos_renyi_baseline_s10,v2,erdos_renyi_baseline,10,erdos_renyi,100,4,258,15,1.0986122886651095,3,15,0.2,14,57
v2_erdos_renyi_baseline_s10,v2,erdos_renyi_baseline,10,erdos_renyi,100,4,259,12,1.6094379124291005,5,12,0.4166666666666667,94,11
v2_erdos_renyi_baseline_s10,v2,erdos_renyi_baseline,10,erdos_renyi,100,4,260,7,-1.000088900581841e-12,1,7,0.14285714285714285,20,57
v2_erdos_renyi_baseline_s10,v2,erdos_renyi_baseline,10,erdos_renyi,100,4,261,11,1.3862943611158909,4,11,0.36363636363636365,26,57
v2_erdos_renyi_baseline_s10,v2,erdos_renyi_baseline,10,erdos_renyi,100,4,262,10000,-1.000088900581841e-12,3694,10000,0.3694,96,96
v2_erdos_renyi_baseline_s10,v2,erdos_renyi_baseline,10,erdos_renyi,100,4,263,34,2.4583113296710835,13,34,0.38235294117647056,78,99
v2_erdos_renyi_baseline_s10,v2,erdos_renyi_baseline,10,erdos_renyi,100,4,264,10000,-1.000088900581841e-12,3770,10000,0.377,51,51
v2_erdos_renyi_baseline_s10,v2,erdos_renyi_baseline,10,erdos_renyi,100,4,265,243,3.865878953873992,85,243,0.3497942386831276,9,57
v2_erdos_renyi_baseline_s10,v2,erdos_renyi_baseline,10,erdos_renyi,100,4,266,37,2.5649493574485365,13,37,0.35135135135135137,98,57
v2_erdos_renyi_baseline_s10,v2,erdos_renyi_baseline,10,erdos_renyi,100,4,267,75,3.204777524107256,26,75,0.3466666666666667,7,57
v2_erdos_renyi_baseline_s10,v2,erdos_renyi_baseline,10,erdos_renyi,100,4,268,3,-1.000088900581841e-12,1,3,0.3333333333333333,88,10
v2_erdos_renyi_baseline_s10,v2,erdos_renyi_baseline,10,erdos_renyi,100,4,269,7,1.0986122886651095,3,7,0.42857142857142855,93,11
v2_erdos_renyi_baseline_s10,v2,erdos_renyi_baseline,10,erdos_renyi,100,4,270,51,2.8997571011230594,25,51,0.49019607843137253,55,57
v2_erdos_renyi_baseline_s10,v2,erdos_renyi_baseline,10,erdos_renyi,100,4,271,9,1.3862943611158909,4,9,0.4444444444444444,8,57
v2_erdos_renyi_baseline_s10,v2,erdos_renyi_baseline,10,erdos_renyi,100,4,272,23,1.9459101490483133,7,23,0.30434782608695654,68,57
v2_erdos_renyi_baseline_s10,v2,erdos_renyi_baseline,10,erdos_renyi,100,4,273,123,3.3839758020385395,46,123,0.37398373983739835,14,57
v2_erdos_renyi_baseline_s10,v2,erdos_renyi_baseline,10,erdos_renyi,100,4,274,38,2.772588722223781,16,38,0.42105263157894735,0,11
v2_erdos_renyi_baseline_s10,v2,erdos_renyi_baseline,10,erdos_renyi,100,4,275,19,1.3321790402061222,5,19,0.2631578947368421,78,57
v2_erdos_renyi_baseline_s10,v2,erdos_renyi_baseline,10,erdos_renyi,100,4,276,52,2.8903717578781647,18,52,0.34615384615384615,0,57
v2_erdos_renyi_baseline_s10,v2,erdos_renyi_baseline,10,erdos_renyi,100,4,277,52,2.7306332123726773,21,52,0.40384615384615385,47,46
v2_erdos_renyi_baseline_s10,v2,erdos_renyi_baseline,10,erdos_renyi,100,4,278,10000,-1.000088900581841e-12,3586,10000,0.3586,96,96
v2_erdos_renyi_baseline_s10,v2,erdos_renyi_baseline,10,erdos_renyi,100,4,279,134,3.6426222453187136,59,134,0.44029850746268656,42,46
v2_erdos_renyi_baseline_s10,v2,erdos_renyi_baseline,10,erdos_renyi,100,4,280,10000,-1.000088900581841e-12,3688,10000,0.3688,96,96
v2_erdos_renyi_baseline_s10,v2,erdos_renyi_baseline,10,erdos_renyi,100,4,281,30,1.5607104090364068,6,30,0.2,58,11
v2_erdos_renyi_baseline_s10,v2,erdos_renyi_baseline,10,erdos_renyi,100,4,282,145,3.5832408396090263,54,145,0.3724137931034483,38,57
v2_erdos_renyi_baseline_s10,v2,erdos_renyi_baseline,10,erdos_renyi,100,4,283,9,0.6931471805579453,2,9,0.2222222222222222,62,46
v2_erdos_renyi_baseline_s10,v2,erdos_renyi_baseline,10,erdos_renyi,100,4,284,0,0.0,0,0,,99,99
v2_erdos_renyi_baseline_s10,v2,erdos_renyi_baseline,10,erdos_renyi,100,4,285,137,3.671655601047183,42,137,0.30656934306569344,90,99
v2_erdos_renyi_baseline_s10,v2,erdos_renyi_baseline,10,erdos_renyi,100,4,286,71,3.031590575761233,25,71,0.352112676056338,87,10
v2_erdos_renyi_baseline_s10,v2,erdos_renyi_baseline,10,erdos_renyi,100,4,287,0,0.0,0,0,,57,57
v2_erdos_renyi_baseline_s10,v2,erdos_renyi_baseline,10,erdos_renyi,100,4,288,50,2.6363914389227974,24,50,0.48,7,57
v2_erdos_renyi_baseline_s10,v2,erdos_renyi_baseline,10,erdos_renyi,100,4,289,103,3.163424050399405,25,103,0.24271844660194175,19,99
v2_erdos_renyi_baseline_s10,v2,erdos_renyi_baseline,10,erdos_renyi,100,4,290,27,2.393312122962524,16,27,0.5925925925925926,27,57
v2_erdos_renyi_baseline_s10,v2,erdos_renyi_baseline,10,erdos_renyi,100,4,291,41,2.639057329601259,14,41,0.34146341463414637,69,57
v2_erdos_renyi_baseline_s10,v2,erdos_renyi_baseline,10,erdos_renyi,100,4,292,10000,-1.000088900581841e-12,3679,10000,0.3679,23,23
v2_erdos_renyi_baseline_s10,v2,erdos_renyi_baseline,10,erdos_renyi,100,4,293,37,2.4254797084207183,17,37,0.4594594594594595,73,10
v2_erdos_renyi_baseline_s10,v2,erdos_renyi_baseline,10,erdos_renyi,100,4,294,48,2.9785084205072385,21,48,0.4375,22,57
v2_erdos_renyi_baseline_s10,v2,erdos_renyi_baseline,10,erdos_renyi,100,4,295,10,1.3862943611158909,4,10,0.4,45,99
v2_erdos_renyi_baseline_s10,v2,erdos_renyi_baseline,10,erdos_renyi,100,4,296,139,3.6266561837520017,44,139,0.31654676258992803,62,57
v2_erdos_renyi_baseline_s10,v2,erdos_renyi_baseline,10,erdos_renyi,100,4,297,15,1.791759469222055,6,15,0.4,90,57
v2_erdos_renyi_baseline_s10,v2,erdos_renyi_baseline,10,erdos_renyi,100,4,298,48,2.736339051089065,18,48,0.375,91,57
v2_erdos_renyi_baseline_s10,v2,erdos_renyi_baseline,10,erdos_renyi,100,4,299,51,3.218875824843201,25,51,0.49019607843137253,80,99
v2_erdos_renyi_baseline_s10,v2,erdos_renyi_baseline,10,erdos_renyi,100,4,300,18,2.302585092984045,10,18,0.5555555555555556,15,57
v2_erdos_renyi_baseline_s10,v2,erdos_renyi_baseline,10,erdos_renyi,100,4,301,141,3.557885692712513,52,141,0.36879432624113473,53,57
v2_erdos_renyi_baseline_s10,v2,erdos_renyi_baseline,10,erdos_renyi,100,4,302,0,0.0,0,0,,99,99
v2_erdos_renyi_baseline_s10,v2,erdos_renyi_baseline,10,erdos_renyi,100,4,303,10000,-1.000088900581841e-12,3763,10000,0.3763,39,39
v2_erdos_renyi_baseline_s10,v2,erdos_renyi_baseline,10,erdos_renyi,100,4,304,25,2.1458417525857545,11,25,0.44,34,99
v2_erdos_renyi_baseline_s10,v2,erdos_renyi_baseline,10,erdos_renyi,100,4,305,11,1.791759469222055,6,11,0.5454545454545454,95,99
v2_erdos_renyi_baseline_s10,v2,erdos_renyi_baseline,10,erdos_renyi,100,4,306,0,0.0,0,0,,46,46
v2_erdos_renyi_baseline_s10,v2,erdos_renyi_baseline,10,erdos_renyi,100,4,307,31,2.0431918705371204,9,31,0.2903225806451613,33,57
v2_erdos_renyi_baseline_s10,v2,erdos_renyi_baseline,10,erdos_renyi,100,4,308,4,0.6931471805579453,2,4,0.5,3,57
v2_erdos_renyi_baseline_s10,v2,erdos_renyi_baseline,10,erdos_renyi,100,4,309,17,1.9459101490483133,7,17,0.4117647058823529,89,57
v2_erdos_renyi_baseline_s10,v2,erdos_renyi_baseline,10,erdos_renyi,100,4,310,34,2.484906649776,12,34,0.35294117647058826,67,99
v2_erdos_renyi_baseline_s10,v2,erdos_renyi_baseline,10,erdos_renyi,100,4,311,10000,-1.000088900581841e-12,3692,10000,0.3692,96,96
v2_erdos_renyi_baseline_s10,v2,erdos_renyi_baseline,10,erdos_renyi,100,4,312,2,-1.000088900581841e-12,1,2,0.5,81,57
v2_erdos_renyi_baseline_s10,v2,erdos_renyi_baseline,10,erdos_renyi,100,4,313,0,0.0,0,0,,11,11
v2_erdos_renyi_baseline_s10,v2,erdos_renyi_baseline,10,erdos_renyi,100,4,314,38,2.484906649776,12,38,0.3157894736842105,18,57
v2_erdos_renyi_baseline_s10,v2,erdos_renyi_baseline,10,erdos_renyi,100,4,315,149,3.7687321784299272,51,149,0.3422818791946309,69,11
v2_erdos_renyi_baseline_s10,v2,erdos_renyi_baseline,10,erdos_renyi,100,4,316,4,-1.000088900581841e-12,1,4,0.25,64,57
v2_erdos_renyi_baseline_s10,v2,erdos_renyi_baseline,10,erdos_renyi,100,4,317,26,2.369382119683676,12,26,0.46153846153846156,91,99
v2_erdos_renyi_baseline_s10,v2,erdos_renyi_baseline,10,erdos_renyi,100,4,318,10000,-1.000088900581841e-12,3701,10000,0.3701,23,23
v2_erdos_renyi_baseline_s10,v2,erdos_renyi_baseline,10,erdos_renyi,100,4,319,36,2.341994252221425,14,36,0.3888888888888889,71,99
v2_erdos_renyi_baseline_s10,v2,erdos_renyi_baseline,10,erdos_renyi,100,4,320,55,2.788853552235468,25,55,0.45454545454545453,1,46
v2_erdos_renyi_baseline_s10,v2,erdos_renyi_baseline,10,erdos_renyi,100,4,321,58,2.451583060508785,19,58,0.3275862068965517,54,11
v2_erdos_renyi_baseline_s10,v2,erdos_renyi_baseline,10,erdos_renyi,100,4,322,49,2.399204296189615,18,49,0.3673469387755102,21,99
v2_erdos_renyi_baseline_s10,v2,erdos_renyi_baseline,10,erdos_renyi,100,4,323,21,1.834371970274624,10,21,0.47619047619047616,1,99
v2_erdos_renyi_baseline_s10,v2,erdos_renyi_baseline,10,erdos_renyi,100,4,324,81,2.846323859448728,27,81,0.3333333333333333,3,11
v2_erdos_renyi_baseline_s10,v2,erdos_renyi_baseline,10,erdos_renyi,100,4,325,0,0.0,0,0,,46,46
v2_erdos_renyi_baseline_s10,v2,erdos_renyi_baseline,10,erdos_renyi,100,4,326,28,2.5232109529398907,15,28,0.5357142857142857,38,57
v2_erdos_renyi_baseline_s10,v2,erdos_renyi_baseline,10,erdos_renyi,100,4,327,49,2.8456384931152563,24,49,0.4897959183673469,69,11
v2_erdos_renyi_baseline_s10,v2,erdos_renyi_baseline,10,erdos_renyi,100,4,328,15,1.6094379124291005,5,15,0.3333333333333333,81,57
v2_erdos_renyi_baseline_s10,v2,erdos_renyi_baseline,10,erdos_renyi,100,4,329,25,2.0431918705371204,9,25,0.36,48,57
v2_erdos_renyi_baseline_s10,v2,erdos_renyi_baseline,10,erdos_renyi,100,4,330,30,1.7328679513938632,8,30,0.26666666666666666,80,10
v2_erdos_renyi_baseline_s10,v2,erdos_renyi_baseline,10,erdos_renyi,100,4,331,2,-1.000088900581841e-12,1,2,0.5,59,57
v2_erdos_renyi_baseline_s10,v2,erdos_renyi_baseline,10,erdos_renyi,100,4,332,1,-1.000088900581841e-12,1,1,1.0,31,99
v2_erdos_renyi_baseline_s10,v2,erdos_renyi_baseline,10,erdos_renyi,100,4,333,0,0.0,0,0,,11,11
v2_erdos_renyi_baseline_s10,v2,erdos_renyi_baseline,10,erdos_renyi,100,4,334,113,3.6200739391837695,43,113,0.3805309734513274,43,99
v2_erdos_renyi_baseline_s10,v2,erdos_renyi_baseline,10,erdos_renyi,100,4,335,66,2.889242505095635,24,66,0.36363636363636365,90,57
v2_erdos_renyi_baseline_s10,v2,erdos_renyi_baseline,10,erdos_renyi,100,4,336,44,2.6593226976945163,18,44,0.4090909090909091,73,57
v2_erdos_renyi_baseline_s10,v2,erdos_renyi_baseline,10,erdos_renyi,100,4,337,4,1.0986122886651095,3,4,0.75,53,99
v2_erdos_renyi_baseline_s10,v2,erdos_renyi_baseline,10,erdos_renyi,100,4,338,10000,-1.000088900581841e-12,3655,10000,0.3655,77,77
v2_erdos_renyi_baseline_s10,v2,erdos_renyi_baseline,10,erdos_renyi,100,4,339,0,0.0,0,0,,99,99
v2_erdos_renyi_baseline_s10,v2,erdos_renyi_baseline,10,erdos_renyi,100,4,340,82,3.183672971458787,28,82,0.34146341463414637,5,57
v2_erdos_renyi_baseline_s10,v2,erdos_renyi_baseline,10,erdos_renyi,100,4,341,5,1.0986122886651095,3,5,0.6,93,57
v2_erdos_renyi_baseline_s10,v2,erdos_renyi_baseline,10,erdos_renyi,100,4,342,35,2.069202465811362,14,35,0.4,0,57
v2_erdos_renyi_baseline_s10,v2,erdos_renyi_baseline,10,erdos_renyi,100,4,343,45,2.736339051089065,18,45,0.4,48,99
v2_erdos_renyi_baseline_s10,v2,erdos_renyi_baseline,10,erdos_renyi,100,4,344,18,2.302585092984045,10,18,0.5555555555555556,47,99
v2_erdos_renyi_baseline_s10,v2,erdos_renyi_baseline,10,erdos_renyi,100,4,345,56,2.7080502010872096,15,56,0.26785714285714285,73,46
v2_erdos_renyi_baseline_s10,v2,erdos_renyi_baseline,10,erdos_renyi,100,4,346,10000,-1.000088900581841e-12,3648,10000,0.3648,77,77
v2_erdos_renyi_baseline_s10,v2,erdos_renyi_baseline,10,erdos_renyi,100,4,347,69,3.2826939972510645,28,69,0.4057971014492754,98,57
v2_erdos_renyi_baseline_s10,v2,erdos_renyi_baseline,10,erdos_renyi,100,4,348,43,2.484906649776,12,43,0.27906976744186046,21,99
v2_erdos_renyi_baseline_s10,v2,erdos_renyi_baseline,10,erdos_renyi,100,4,349,36,2.5649493574485365,13,36,0.3611111111111111,30,57
v2_erdos_renyi_baseline_s10,v2,erdos_renyi_baseline,10,erdos_renyi,100,4,350,19,2.079441541671836,8,19,0.42105263157894735,70,57
v2_erdos_renyi_baseline_s10,v2,erdos_renyi_baseline,10,erdos_renyi,100,4,351,8,1.6094379124291005,5,8,0.625,27,10
v2_erdos_renyi_baseline_s10,v2,erdos_renyi_baseline,10,erdos_renyi,100,4,352,63,2.846480386116867,21,63,0.3333333333333333,1,57
v2_erdos_renyi_baseline_s10,v2,erdos_renyi_baseline,10,erdos_renyi,100,4,353,90,3.480935299911953,40,90,0.4444444444444444,85,46
v2_erdos_renyi_baseline_s10,v2,erdos_renyi_baseline,10,erdos_renyi,100,4,354,86,3.367295829957475,29,86,0.3372093023255814,94,99
v2_erdos_renyi_baseline_s10,v2,erdos_renyi_baseline,10,erdos_renyi,100,4,355,6,0.6931471805579453,2,6,0.3333333333333333,44,99
v2_erdos_renyi_baseline_s10,v2,erdos_renyi_baseline,10,erdos_renyi,100,4,356,10000,-1.000088900581841e-12,3749,10000,0.3749,96,96
v2_erdos_renyi_baseline_s10,v2,erdos_renyi_baseline,10,erdos_renyi,100,4,357,57,2.38888971471758,20,57,0.3508771929824561,60,57
v2_erdos_renyi_baseline_s10,v2,erdos_renyi_baseline,10,erdos_renyi,100,4,358,89,2.884863440777896,26,89,0.29213483146067415,18,99
v2_erdos_renyi_baseline_s10,v2,erdos_renyi_baseline,10,erdos_renyi,100,4,359,24,2.302585092984045,10,24,0.4166666666666667,41,11
v2_erdos_renyi_baseline_s10,v2,erdos_renyi_baseline,10,erdos_renyi,100,4,360,9,0.6931471805579453,2,9,0.2222222222222222,82,46
v2_erdos_renyi_baseline_s10,v2,erdos_renyi_baseline,10,erdos_renyi,100,4,361,62,2.857102837424001,20,62,0.3225806451612903,91,99
v2_erdos_renyi_baseline_s10,v2,erdos_renyi_baseline,10,erdos_renyi,100,4,362,20,2.3978952727873706,11,20,0.55,30,57
v2_erdos_renyi_baseline_s10,v2,erdos_renyi_baseline,10,erdos_renyi,100,4,363,31,2.0253262207620675,10,31,0.3225806451612903,80,10
v2_erdos_renyi_baseline_s10,v2,erdos_renyi_baseline,10,erdos_renyi,100,4,364,57,2.871476118036867,19,57,0.3333333333333333,26,99
v2_erdos_renyi_baseline_s10,v2,erdos_renyi_baseline,10,erdos_renyi,100,4,365,6,1.0986122886651095,3,6,0.5,47,10
v2_erdos_renyi_baseline_s10,v2,erdos_renyi_baseline,10,erdos_renyi,100,4,366,150,3.584522718666358,54,150,0.36,2,57
v2_erdos_renyi_baseline_s10,v2,erdos_renyi_baseline,10,erdos_renyi,100,4,367,41,2.625048158717539,19,41,0.4634146341463415,12,11
v2_erdos_renyi_baseline_s10,v2,erdos_renyi_baseline,10,erdos_renyi,100,4,368,157,3.7579349863326255,54,157,0.34394904458598724,21,57
v2_erdos_renyi_baseline_s10,v2,erdos_renyi_baseline,10,erdos_renyi,100,4,369,2,0.6931471805579453,2,2,1.0,71,10
v2_erdos_renyi_baseline_s10,v2,erdos_renyi_baseline,10,erdos_renyi,100,4,370,8,1.6094379124291005,5,8,0.625,54,10
v2_erdos_renyi_baseline_s10,v2,erdos_renyi_baseline,10,erdos_renyi,100,4,371,17,1.464816384885813,9,17,0.5294117647058824,53,99
v2_erdos_renyi_baseline_s10,v2,erdos_renyi_baseline,10,erdos_renyi,100,4,372,15,1.9459101490483133,7,15,0.4666666666666667,22,57
v2_erdos_renyi_baseline_s10,v2,erdos_renyi_baseline,10,erdos_renyi,100,4,373,11,1.3862943611158909,4,11,0.36363636363636365,15,57
v2_erdos_renyi_baseline_s10,v2,erdos_renyi_baseline,10,erdos_renyi,100,4,374,92,3.498515667114017,37,92,0.40217391304347827,34,99
v2_erdos_renyi_baseline_s10,v2,erdos_renyi_baseline,10,erdos_renyi,100,4,375,69,3.312615876945234,33,69,0.4782608695652174,56,11
v2_erdos_renyi_baseline_s10,v2,erdos_renyi_baseline,10,erdos_renyi,100,4,376,14,1.791759469222055,6,14,0.42857142857142855,19,57
v2_erdos_renyi_baseline_s10,v2,erdos_renyi_baseline,10,erdos_renyi,100,4,377,8,1.791759469222055,6,8,0.75,52,57
v2_erdos_renyi_baseline_s10,v2,erdos_renyi_baseline,10,erdos_renyi,100,4,378,24,2.197224577327219,9,24,0.375,82,57
v2_erdos_renyi_baseline_s10,v2,erdos_renyi_baseline,10,erdos_renyi,100,4,379,16,1.9459101490483133,7,16,0.4375,4,46
v2_erdos_renyi_baseline_s10,v2,erdos_renyi_baseline,10,erdos_renyi,100,4,380,10000,-1.000088900581841e-12,3706,10000,0.3706,23,23
v2_erdos_renyi_baseline_s10,v2,erdos_renyi_baseline,10,erdos_renyi,100,4,381,28,1.9459101490483133,7,28,0.25,84,57
v2_erdos_renyi_baseline_s10,v2,erdos_renyi_baseline,10,erdos_renyi,100,4,382,8,1.6094379124291005,5,8,0.625,35,46
v2_erdos_renyi_baseline_s10,v2,erdos_renyi_baseline,10,erdos_renyi,100,4,383,78,2.902002313186603,22,78,0.28205128205128205,89,57
v2_erdos_renyi_baseline_s10,v2,erdos_renyi_baseline,10,erdos_renyi,100,4,384,30,2.639057329601259,14,30,0.4666666666666667,12,57
v2_erdos_renyi_baseline_s10,v2,erdos_renyi_baseline,10,erdos_renyi,100,4,385,29,2.369382119683676,12,29,0.41379310344827586,18,57
v2_erdos_renyi_baseline_s10,v2,erdos_renyi_baseline,10,erdos_renyi,100,4,386,34,2.484906649776,12,34,0.35294117647058826,22,99
v2_erdos_renyi_baseline_s10,v2,erdos_renyi_baseline,10,erdos_renyi,100,4,387,1,-1.000088900581841e-12,1,1,1.0,28,11
v2_erdos_renyi_baseline_s10,v2,erdos_renyi_baseline,10,erdos_renyi,100,4,388,3,-1.000088900581841e-12,1,3,0.3333333333333333,68,99
v2_erdos_renyi_baseline_s10,v2,erdos_renyi_baseline,10,erdos_renyi,100,4,389,3,-1.000088900581841e-12,1,3,0.3333333333333333,49,99
v2_erdos_renyi_baseline_s10,v2,erdos_renyi_baseline,10,erdos_renyi,100,4,390,52,2.670119889791817,17,52,0.3269230769230769,54,57
v2_erdos_renyi_baseline_s10,v2,erdos_renyi_baseline,10,erdos_renyi,100,4,391,8,1.3862943611158909,4,8,0.5,30,99
v2_erdos_renyi_baseline_s10,v2,erdos_renyi_baseline,10,erdos_renyi,100,4,392,0,0.0,0,0,,99,99
v2_erdos_renyi_baseline_s10,v2,erdos_renyi_baseline,10,erdos_renyi,100,4,393,11,1.3862943611158909,4,11,0.36363636363636365,83,99
v2_erdos_renyi_baseline_s10,v2,erdos_renyi_baseline,10,erdos_renyi,100,4,394,23,2.1458417525857545,11,23,0.4782608695652174,44,10
v2_erdos_renyi_baseline_s10,v2,erdos_renyi_baseline,10,erdos_renyi,100,4,395,47,2.7985132569262934,19,47,0.40425531914893614,58,57
v2_erdos_renyi_baseline_s10,v2,erdos_renyi_baseline,10,erdos_renyi,100,4,396,68,3.1282795608038723,29,68,0.4264705882352941,64,99
v2_erdos_renyi_baseline_s10,v2,erdos_renyi_baseline,10,erdos_renyi,100,4,397,0,0.0,0,0,,11,11
v2_erdos_renyi_baseline_s10,v2,erdos_renyi_baseline,10,erdos_renyi,100,4,398,0,0.0,0,0,,57,57
v2_erdos_renyi_baseline_s10,v2,erdos_renyi_baseline,10,erdos_renyi,100,4,399,8,1.0986122886651095,3,8,0.375,9,11
v2_erdos_renyi_baseline_s10,v2,erdos_renyi_baseline,10,erdos_renyi,100,4,400,70,3.10797227595561,25,70,0.35714285714285715,44,57
v2_erdos_renyi_baseline_s10,v2,erdos_renyi_baseline,10,erdos_renyi,100,4,401,139,3.515898097432151,46,139,0.33093525179856115,84,99
v2_erdos_renyi_baseline_s10,v2,erdos_renyi_baseline,10,erdos_renyi,100,4,402,61,3.10797227595561,25,61,0.4098360655737705,37,57
v2_erdos_renyi_baseline_s10,v2,erdos_renyi_baseline,10,erdos_renyi,100,4,403,46,3.044522437702424,21,46,0.45652173913043476,15,99
v2_erdos_renyi_baseline_s10,v2,erdos_renyi_baseline,10,erdos_renyi,100,4,404,43,2.7080502010872096,15,43,0.3488372093023256,53,57
v2_erdos_renyi_baseline_s10,v2,erdos_renyi_baseline,10,erdos_renyi,100,4,405,36,2.393312122962524,16,36,0.4444444444444444,67,57
v2_erdos_renyi_baseline_s10,v2,erdos_renyi_baseline,10,erdos_renyi,100,4,406,13,0.6931471805579453,2,13,0.15384615384615385,48,99
v2_erdos_renyi_baseline_s10,v2,erdos_renyi_baseline,10,erdos_renyi,100,4,407,0,0.0,0,0,,11,11
v2_erdos_renyi_baseline_s10,v2,erdos_renyi_baseline,10,erdos_renyi,100,4,408,7,0.6931471805579453,2,7,0.2857142857142857,47,57
v2_erdos_renyi_baseline_s10,v2,erdos_renyi_baseline,10,erdos_renyi,100,4,409,39,2.3978952727873706,11,39,0.28205128205128205,31,57
v2_erdos_renyi_baseline_s10,v2,erdos_renyi_baseline,10,erdos_renyi,100,4,410,26,2.1639556568730565,10,26,0.38461538461538464,75,57
v2_erdos_renyi_baseline_s10,v2,erdos_renyi_baseline,10,erdos_renyi,100,4,411,36,2.430791328866232,15,36,0.4166666666666667,15,99
v2_erdos_renyi_baseline_s10,v2,erdos_renyi_baseline,10,erdos_renyi,100,4,412,0,0.0,0,0,,99,99
v2_erdos_renyi_baseline_s10,v2,erdos_renyi_baseline,10,erdos_renyi,100,4,413,7,1.0986122886651095,3,7,0.42857142857142855,60,57
v2_erdos_renyi_baseline_s10,v2,erdos_renyi_baseline,10,erdos_renyi,100,4,414,50,2.685945324654788,16,50,0.32,5,99
v2_erdos_renyi_baseline_s10,v2,erdos_renyi_baseline,10,erdos_renyi,100,4,415,28,2.4583113296710835,13,28,0.4642857142857143,65,99
v2_erdos_renyi_baseline_s10,v2,erdos_renyi_baseline,10,erdos_renyi,100,4,416,13,1.9061547465328492,8,13,0.6153846153846154,64,11
v2_erdos_renyi_baseline_s10,v2,erdos_renyi_baseline,10,erdos_renyi,100,4,417,0,0.0,0,0,,11,11
v2_erdos_renyi_baseline_s10,v2,erdos_renyi_baseline,10,erdos_renyi,100,4,418,18,1.834371970274624,10,18,0.5555555555555556,65,57
v2_erdos_renyi_baseline_s10,v2,erdos_renyi_baseline,10,erdos_renyi,100,4,419,0,0.0,0,0,,46,46
v2_erdos_renyi_baseline_s10,v2,erdos_renyi_baseline,10,erdos_renyi,100,4,420,9,1.3862943611158909,4,9,0.4444444444444444,95,57
v2_erdos_renyi_baseline_s10,v2,erdos_renyi_baseline,10,erdos_renyi,100,4,421,14,1.3862943611158909,4,14,0.2857142857142857,76,57
v2_erdos_renyi_baseline_s10,v2,erdos_renyi_baseline,10,erdos_renyi,100,4,422,141,3.7225730880950256,54,141,0.3829787234042553,72,99
v2_erdos_renyi_baseline_s10,v2,erdos_renyi_baseline,10,erdos_renyi,100,4,423,117,3.6600032089343273,51,117,0.4358974358974359,53,57
v2_erdos_renyi_baseline_s10,v2,erdos_renyi_baseline,10,erdos_renyi,100,4,424,45,2.857102837424001,20,45,0.4444444444444444,32,57
v2_erdos_renyi_baseline_s10,v2,erdos_renyi_baseline,10,erdos_renyi,100,4,425,101,3.4743863038487057,46,101,0.45544554455445546,85,57
v2_erdos_renyi_baseline_s10,v2,erdos_renyi_baseline,10,erdos_renyi,100,4,426,59,3.0149468801585937,23,59,0.3898305084745763,67,99
v2_erdos_renyi_baseline_s10,v2,erdos_renyi_baseline,10,erdos_renyi,100,4,427,10,1.0986122886651095,3,10,0.3,97,57
v2_erdos_renyi_baseline_s10,v2,erdos_renyi_baseline,10,erdos_renyi,100,4,428,19,2.0431918705371204,9,19,0.47368421052631576,27,57
v2_erdos_renyi_baseline_s10,v2,erdos_renyi_baseline,10,erdos_renyi,100,4,429,23,1.9459101490483133,7,23,0.30434782608695654,3,10
v2_erdos_renyi_baseline_s10,v2,erdos_renyi_baseline,10,erdos_renyi,100,4,430,140,3.629250947686148,48,140,0.34285714285714286,15,99
v2_erdos_renyi_baseline_s10,v2,erdos_renyi_baseline,10,erdos_renyi,100,4,431,56,2.557793860093732,17,56,0.30357142857142855,97,46
v2_erdos_renyi_baseline_s10,v2,erdos_renyi_baseline,10,erdos_renyi,100,4,432,55,2.846480386116867,21,55,0.38181818181818183,60,57
v2_erdos_renyi_baseline_s10,v2,erdos_renyi_baseline,10,erdos_renyi,100,4,433,1,-1.000088900581841e-12,1,1,1.0,49,46
v2_erdos_renyi_baseline_s10,v2,erdos_renyi_baseline,10,erdos_renyi,100,4,434,21,2.197224577327219,9,21,0.42857142857142855,72,99
v2_erdos_renyi_baseline_s10,v2,erdos_renyi_baseline,10,erdos_renyi,100,4,435,2,-1.000088900581841e-12,1,2,0.5,68,99
v2_erdos_renyi_baseline_s10,v2,erdos_renyi_baseline,10,erdos_renyi,100,4,436,85,3.059489109218116,32,85,0.3764705882352941,85,57
v2_erdos_renyi_baseline_s10,v2,erdos_renyi_baseline,10,erdos_renyi,100,4,437,54,3.151458510219029,26,54,0.48148148148148145,68,57
v2_erdos_renyi_baseline_s10,v2,erdos_renyi_baseline,10,erdos_renyi,100,4,438,105,3.5359830822784195,37,105,0.3523809523809524,27,57
v2_erdos_renyi_baseline_s10,v2,erdos_renyi_baseline,10,erdos_renyi,100,4,439,0,0.0,0,0,,99,99
v2_erdos_renyi_baseline_s10,v2,erdos_renyi_baseline,10,erdos_renyi,100,4,440,34,2.736339051089065,18,34,0.5294117647058824,28,10
v2_erdos_renyi_baseline_s10,v2,erdos_renyi_baseline,10,erdos_renyi,100,4,441,20,2.0431918705371204,9,20,0.45,52,10
v2_erdos_renyi_baseline_s10,v2,erdos_renyi_baseline,10,erdos_renyi,100,4,442,0,0.0,0,0,,57,57
v2_erdos_renyi_baseline_s10,v2,erdos_renyi_baseline,10,erdos_renyi,100,4,443,66,3.1931483947852626,27,66,0.4090909090909091,7,57
v2_erdos_renyi_baseline_s10,v2,erdos_renyi_baseline,10,erdos_renyi,100,4,444,5,0.6931471805579453,2,5,0.4,30,99
v2_erdos_renyi_baseline_s10,v2,erdos_renyi_baseline,10,erdos_renyi,100,4,445,95,3.455179006914453,38,95,0.4,25,57
v2_erdos_renyi_baseline_s10,v2,erdos_renyi_baseline,10,erdos_renyi,100,4,446,58,3.14180415918923,27,58,0.46551724137931033,12,46
v2_erdos_renyi_baseline_s10,v2,erdos_renyi_baseline,10,erdos_renyi,100,4,447,22,1.418483661940657,10,22,0.45454545454545453,34,11
v2_erdos_renyi_baseline_s10,v2,erdos_renyi_baseline,10,erdos_renyi,100,4,448,130,3.676328153103429,55,130,0.4230769230769231,62,99
v2_erdos_renyi_baseline_s10,v2,erdos_renyi_baseline,10,erdos_renyi,100,4,449,27,1.5607104090364068,6,27,0.2222222222222222,82,57
v2_erdos_renyi_baseline_s10,v2,erdos_renyi_baseline,10,erdos_renyi,100,4,450,6,1.039720770836918,4,6,0.6666666666666666,58,11
v2_erdos_renyi_baseline_s10,v2,erdos_renyi_baseline,10,erdos_renyi,100,4,451,26,2.4583113296710835,13,26,0.5,29,57
v2_erdos_renyi_baseline_s10,v2,erdos_renyi_baseline,10,erdos_renyi,100,4,452,0,0.0,0,0,,99,99
v2_erdos_renyi_baseline_s10,v2,erdos_renyi_baseline,10,erdos_renyi,100,4,453,10000,-1.000088900581841e-12,3620,10000,0.362,39,39
v2_erdos_renyi_baseline_s10,v2,erdos_renyi_baseline,10,erdos_renyi,100,4,454,4,1.0986122886651095,3,4,0.75,54,57
v2_erdos_renyi_baseline_s10,v2,erdos_renyi_baseline,10,erdos_renyi,100,4,455,45,2.736339051089065,18,45,0.4,80,99
v2_erdos_renyi_baseline_s10,v2,erdos_renyi_baseline,10,erdos_renyi,100,4,456,48,2.369382119683676,12,48,0.25,26,57
v2_erdos_renyi_baseline_s10,v2,erdos_renyi_baseline,10,erdos_renyi,100,4,457,17,1.0986122886651095,3,17,0.17647058823529413,67,57
v2_erdos_renyi_baseline_s10,v2,erdos_renyi_baseline,10,erdos_renyi,100,4,458,30,2.1186492470599507,15,30,0.5,3,57
v2_erdos_renyi_baseline_s10,v2,erdos_renyi_baseline,10,erdos_renyi,100,4,459,10000,-1.000088900581841e-12,3687,10000,0.3687,51,51
v2_erdos_renyi_baseline_s10,v2,erdos_renyi_baseline,10,erdos_renyi,100,4,460,38,2.639057329601259,14,38,0.3684210526315789,4,99
v2_erdos_renyi_baseline_s10,v2,erdos_renyi_baseline,10,erdos_renyi,100,4,461,127,3.4588769204538985,43,127,0.33858267716535434,45,57
v2_erdos_renyi_baseline_s10,v2,erdos_renyi_baseline,10,erdos_renyi,100,4,462,14,1.6094379124291005,5,14,0.35714285714285715,62,99
v2_erdos_renyi_baseline_s10,v2,erdos_renyi_baseline,10,erdos_renyi,100,4,463,0,0.0,0,0,,11,11
v2_erdos_renyi_baseline_s10,v2,erdos_renyi_baseline,10,erdos_renyi,100,4,464,51,2.61563057701355,15,51,0.29411764705882354,40,57
v2_erdos_renyi_baseline_s10,v2,erdos_renyi_baseline,10,erdos_renyi,100,4,465,0,0.0,0,0,,11,11
v2_erdos_renyi_baseline_s10,v2,erdos_renyi_baseline,10,erdos_renyi,100,4,466,10000,-1.000088900581841e-12,3715,10000,0.3715,39,39
v2_erdos_renyi_baseline_s10,v2,erdos_renyi_baseline,10,erdos_renyi,100,4,467,55,2.857102837424001,20,55,0.36363636363636365,90,57
v2_erdos_renyi_baseline_s10,v2,erdos_renyi_baseline,10,erdos_renyi,100,4,468,5,-1.000088900581841e-12,1,5,0.2,88,10
v2_erdos_renyi_baseline_s10,v2,erdos_renyi_baseline,10,erdos_renyi,100,4,469,24,1.9459101490483133,7,24,0.2916666666666667,33,46
v2_erdos_renyi_baseline_s10,v2,erdos_renyi_baseline,10,erdos_renyi,100,4,470,47,2.441015278014703,14,47,0.2978723404255319,78,57
v2_erdos_renyi_baseline_s10,v2,erdos_renyi_baseline,10,erdos_renyi,100,4,471,34,2.441015278014703,14,34,0.4117647058823529,56,57
v2_erdos_renyi_baseline_s10,v2,erdos_renyi_baseline,10,erdos_renyi,100,4,472,6,0.6931471805579453,2,6,0.3333333333333333,84,99
v2_erdos_renyi_baseline_s10,v2,erdos_renyi_baseline,10,erdos_renyi,100,4,473,2,-1.000088900581841e-12,1,2,0.5,93,11
v2_erdos_renyi_baseline_s10,v2,erdos_renyi_baseline,10,erdos_renyi,100,4,474,4,-1.000088900581841e-12,1,4,0.25,13,99
v2_erdos_renyi_baseline_s10,v2,erdos_renyi_baseline,10,erdos_renyi,100,4,475,165,3.911909090735258,61,165,0.3696969696969697,80,57
v2_erdos_renyi_baseline_s10,v2,erdos_renyi_baseline,10,erdos_renyi,100,4,476,84,3.389268031515795,31,84,0.36904761904761907,18,99
v2_erdos_renyi_baseline_s10,v2,erdos_renyi_baseline,10,erdos_renyi,100,4,477,13,1.7478680974607577,7,13,0.5384615384615384,86,57
v2_erdos_renyi_baseline_s10,v2,erdos_renyi_baseline,10,erdos_renyi,100,4,478,0,0.0,0,0,,99,99
v2_erdos_renyi_baseline_s10,v2,erdos_renyi_baseline,10,erdos_renyi,100,4,479,15,1.7478680974607577,7,15,0.4666666666666667,1,57
v2_erdos_renyi_baseline_s10,v2,erdos_renyi_baseline,10,erdos_renyi,100,4,480,10000,-1.000088900581841e-12,3588,10000,0.3588,39,39
v2_erdos_renyi_baseline_s10,v2,erdos_renyi_baseline,10,erdos_renyi,100,4,481,85,3.208580884991321,35,85,0.4117647058823529,79,99
v2_erdos_renyi_baseline_s10,v2,erdos_renyi_baseline,10,erdos_renyi,100,4,482,11,1.9459101490483133,7,11,0.6363636363636364,26,57
v2_erdos_renyi_baseline_s10,v2,erdos_renyi_baseline,10,erdos_renyi,100,4,483,150,3.7386778326243135,61,150,0.4066666666666667,76,10
v2_erdos_renyi_baseline_s10,v2,erdos_renyi_baseline,10,erdos_renyi,100,4,484,94,3.2994270308825606,36,94,0.3829787234042553,32,57
v2_erdos_renyi_baseline_s10,v2,erdos_renyi_baseline,10,erdos_renyi,100,4,485,26,2.0431918705371204,9,26,0.34615384615384615,13,57
v2_erdos_renyi_baseline_s10,v2,erdos_renyi_baseline,10,erdos_renyi,100,4,486,38,2.4583113296710835,13,38,0.34210526315789475,60,57
v2_erdos_renyi_baseline_s10,v2,erdos_renyi_baseline,10,erdos_renyi,100,4,487,13,1.7478680974607577,7,13,0.5384615384615384,47,99
v2_erdos_renyi_baseline_s10,v2,erdos_renyi_baseline,10,erdos_renyi,100,4,488,5,-1.000088900581841e-12,1,5,0.2,43,57
v2_erdos_renyi_baseline_s10,v2,erdos_renyi_baseline,10,erdos_renyi,100,4,489,141,3.5646105242539408,53,141,0.375886524822695,22,99
v2_erdos_renyi_baseline_s10,v2,erdos_renyi_baseline,10,erdos_renyi,100,4,490,132,3.8252615592850914,54,132,0.4090909090909091,24,57
v2_erdos_renyi_baseline_s10,v2,erdos_renyi_baseline,10,erdos_renyi,100,4,491,59,3.019736127116995,27,59,0.4576271186440678,83,10
v2_erdos_renyi_baseline_s10,v2,erdos_renyi_baseline,10,erdos_renyi,100,4,492,109,3.3203623230096757,37,109,0.3394495412844037,84,10
v2_erdos_renyi_baseline_s10,v2,erdos_renyi_baseline,10,erdos_renyi,100,4,493,21,2.5649493574485365,13,21,0.6190476190476191,89,99
v2_erdos_renyi_baseline_s10,v2,erdos_renyi_baseline,10,erdos_renyi,100,4,494,54,2.9970687270680187,25,54,0.46296296296296297,79,46
v2_erdos_renyi_baseline_s10,v2,erdos_renyi_baseline,10,erdos_renyi,100,4,495,46,2.772588722223781,16,46,0.34782608695652173,60,57
v2_erdos_renyi_baseline_s10,v2,erdos_renyi_baseline,10,erdos_renyi,100,4,496,31,2.4583113296710835,13,31,0.41935483870967744,76,46
v2_erdos_renyi_baseline_s10,v2,erdos_renyi_baseline,10,erdos_renyi,100,4,497,88,3.098139496330803,26,88,0.29545454545454547,42,57
v2_erdos_renyi_baseline_s10,v2,erdos_renyi_baseline,10,erdos_renyi,100,4,498,59,2.9650156932365066,22,59,0.3728813559322034,18,57
v2_erdos_renyi_baseline_s10,v2,erdos_renyi_baseline,10,erdos_renyi,100,4,499,8,1.0986122886651095,3,8,0.375,29,57
v2_erdos_renyi_baseline_s10,v2,erdos_renyi_baseline,10,erdos_renyi,100,4,500,0,0.0,0,0,,57,57
v2_erdos_renyi_baseline_s10,v2,erdos_renyi_baseline,10,erdos_renyi,100,4,501,33,2.3959081192819283,15,33,0.45454545454545453,19,46
v2_erdos_renyi_baseline_s10,v2,erdos_renyi_baseline,10,erdos_renyi,100,4,502,30,2.0431918705371204,9,30,0.3,66,57
v2_erdos_renyi_baseline_s10,v2,erdos_renyi_baseline,10,erdos_renyi,100,4,503,0,0.0,0,0,,46,46
v2_erdos_renyi_baseline_s10,v2,erdos_renyi_baseline,10,erdos_renyi,100,4,504,55,2.588573162668117,17,55,0.3090909090909091,24,57
v2_erdos_renyi_baseline_s10,v2,erdos_renyi_baseline,10,erdos_renyi,100,4,505,15,1.9459101490483133,7,15,0.4666666666666667,81,57
v2_erdos_renyi_baseline_s10,v2,erdos_renyi_baseline,10,erdos_renyi,100,4,506,4,-1.000088900581841e-12,1,4,0.25,13,99
v2_erdos_renyi_baseline_s10,v2,erdos_renyi_baseline,10,erdos_renyi,100,4,507,2,-1.000088900581841e-12,1,2,0.5,92,99
v2_erdos_renyi_baseline_s10,v2,erdos_renyi_baseline,10,erdos_renyi,100,4,508,40,2.7080502010872096,15,40,0.375,25,57
v2_erdos_renyi_baseline_s10,v2,erdos_renyi_baseline,10,erdos_renyi,100,4,509,49,2.955208875566855,25,49,0.5102040816326531,89,99
v2_erdos_renyi_baseline_s10,v2,erdos_renyi_baseline,10,erdos_renyi,100,4,510,44,2.5649493574485365,13,44,0.29545454545454547,78,99
v2_erdos_renyi_baseline_s10,v2,erdos_renyi_baseline,10,erdos_renyi,100,4,511,7,1.3862943611158909,4,7,0.5714285714285714,66,99
v2_erdos_renyi_baseline_s10,v2,erdos_renyi_baseline,10,erdos_renyi,100,4,512,68,3.4186975763596656,38,68,0.5588235294117647,2,46
v2_erdos_renyi_baseline_s10,v2,erdos_renyi_baseline,10,erdos_renyi,100,4,513,18,1.6094379124291005,5,18,0.2777777777777778,16,99
v2_erdos_renyi_baseline_s10,v2,erdos_renyi_baseline,10,erdos_renyi,100,4,514,108,3.5677636931747174,43,108,0.39814814814814814,37,57
v2_erdos_renyi_baseline_s10,v2,erdos_renyi_baseline,10,erdos_renyi,100,4,515,8,0.6931471805579453,2,8,0.25,34,11
v2_erdos_renyi_baseline_s10,v2,erdos_renyi_baseline,10,erdos_renyi,100,4,516,62,2.787876228069594,24,62,0.3870967741935484,52,10
v2_erdos_renyi_baseline_s10,v2,erdos_renyi_baseline,10,erdos_renyi,100,4,517,87,3.290655963274877,38,87,0.4367816091954023,82,11
v2_erdos_renyi_baseline_s10,v2,erdos_renyi_baseline,10,erdos_renyi,100,4,518,26,2.0431918705371204,9,26,0.34615384615384615,15,99
v2_erdos_renyi_baseline_s10,v2,erdos_renyi_baseline,10,erdos_renyi,100,4,519,131,3.8267637866678346,63,131,0.48091603053435117,89,57
v2_erdos_renyi_baseline_s10,v2,erdos_renyi_baseline,10,erdos_renyi,100,4,520,65,2.8716496251169272,23,65,0.35384615384615387,62,99
v2_erdos_renyi_baseline_s10,v2,erdos_renyi_baseline,10,erdos_renyi,100,4,521,174,4.018473973809399,67,174,0.3850574712643678,81,57
v2_erdos_renyi_baseline_s10,v2,erdos_renyi_baseline,10,erdos_renyi,100,4,522,0,0.0,0,0,,99,99
v2_erdos_renyi_baseline_s10,v2,erdos_renyi_baseline,10,erdos_renyi,100,4,523,71,3.233183484354926,28,71,0.39436619718309857,72,99
v2_erdos_renyi_baseline_s10,v2,erdos_renyi_baseline,10,erdos_renyi,100,4,524,197,3.8522772687558247,87,197,0.4416243654822335,36,57
v2_erdos_renyi_baseline_s10,v2,erdos_renyi_baseline,10,erdos_renyi,100,4,525,3,0.6931471805579453,2,3,0.6666666666666666,98,11
v2_erdos_renyi_baseline_s10,v2,erdos_renyi_baseline,10,erdos_renyi,100,4,526,137,3.866068812498448,59,137,0.4306569343065693,70,10
v2_erdos_renyi_baseline_s10,v2,erdos_renyi_baseline,10,erdos_renyi,100,4,527,10000,-1.000088900581841e-12,3648,10000,0.3648,39,39
v2_erdos_renyi_baseline_s10,v2,erdos_renyi_baseline,10,erdos_renyi,100,4,528,171,3.840462932975062,63,171,0.3684210526315789,29,57
v2_erdos_renyi_baseline_s10,v2,erdos_renyi_baseline,10,erdos_renyi,100,4,529,84,3.159928994753588,36,84,0.42857142857142855,33,10
v2_erdos_renyi_baseline_s10,v2,erdos_renyi_baseline,10,erdos_renyi,100,4,530,218,4.067749844083329,88,218,0.4036697247706422,12,57
v2_erdos_renyi_baseline_s10,v2,erdos_renyi_baseline,10,erdos_renyi,100,4,531,22,2.484906649776,12,22,0.5454545454545454,8,57
v2_erdos_renyi_baseline_s10,v2,erdos_renyi_baseline,10,erdos_renyi,100,4,532,59,3.0280290732864104,22,59,0.3728813559322034,81,11
v2_erdos_renyi_baseline_s10,v2,erdos_renyi_baseline,10,erdos_renyi,100,4,533,30,2.7080502010872096,15,30,0.5,4,57
v2_erdos_renyi_baseline_s10,v2,erdos_renyi_baseline,10,erdos_renyi,100,4,534,80,3.1931483947852626,27,80,0.3375,54,57
v2_erdos_renyi_baseline_s10,v2,erdos_renyi_baseline,10,erdos_renyi,100,4,535,121,3.8502789055516256,51,121,0.4214876033057851,2,57
v2_erdos_renyi_baseline_s10,v2,erdos_renyi_baseline,10,erdos_renyi,100,4,536,57,2.736339051089065,18,57,0.3157894736842105,37,99
v2_erdos_renyi_baseline_s10,v2,erdos_renyi_baseline,10,erdos_renyi,100,4,537,51,2.725550395815721,19,51,0.37254901960784315,27,46
v2_erdos_renyi_baseline_s10,v2,erdos_renyi_baseline,10,erdos_renyi,100,4,538,153,3.2229573633913398,55,153,0.35947712418300654,37,99
v2_erdos_renyi_baseline_s10,v2,erdos_renyi_baseline,10,erdos_renyi,100,4,539,132,3.876820151993731,56,132,0.42424242424242425,15,11
v2_erdos_renyi_baseline_s10,v2,erdos_renyi_baseline,10,erdos_renyi,100,4,540,87,3.047074222832929,34,87,0.39080459770114945,94,57
v2_erdos_renyi_baseline_s10,v2,erdos_renyi_baseline,10,erdos_renyi,100,4,541,44,2.441015278014703,14,44,0.3181818181818182,61,57
v2_erdos_renyi_baseline_s10,v2,erdos_renyi_baseline,10,erdos_renyi,100,4,542,19,1.9459101490483133,7,19,0.3684210526315789,35,10
v2_erdos_renyi_baseline_s10,v2,erdos_renyi_baseline,10,erdos_renyi,100,4,543,0,0.0,0,0,,57,57
v2_erdos_renyi_baseline_s10,v2,erdos_renyi_baseline,10,erdos_renyi,100,4,544,9,1.3862943611158909,4,9,0.4444444444444444,14,57
v2_erdos_renyi_baseline_s10,v2,erdos_renyi_baseline,10,erdos_renyi,100,4,545,5,1.0986122886651095,3,5,0.6,25,10
v2_erdos_renyi_baseline_s10,v2,erdos_renyi_baseline,10,erdos_renyi,100,4,546,244,4.286032461717167,98,244,0.4016393442622951,70,46
v2_erdos_renyi_baseline_s10,v2,erdos_renyi_baseline,10,erdos_renyi,100,4,547,18,1.8891591637470213,9,18,0.5,88,46
v2_erdos_renyi_baseline_s10,v2,erdos_renyi_baseline,10,erdos_renyi,100,4,548,95,2.8352265466610493,44,95,0.4631578947368421,59,46
v2_erdos_renyi_baseline_s10,v2,erdos_renyi_baseline,10,erdos_renyi,100,4,549,6,1.0986122886651095,3,6,0.5,3,57
v2_erdos_renyi_baseline_s10,v2,erdos_renyi_baseline,10,erdos_renyi,100,4,550,70,2.871476118036867,19,70,0.2714285714285714,22,99
v2_erdos_renyi_baseline_s10,v2,erdos_renyi_baseline,10,erdos_renyi,100,4,551,46,2.838988933136699,22,46,0.4782608695652174,72,11
v2_erdos_renyi_baseline_s10,v2,erdos_renyi_baseline,10,erdos_renyi,100,4,552,210,4.042874654016815,83,210,0.3952380952380952,52,99
v2_erdos_renyi_baseline_s10,v2,erdos_renyi_baseline,10,erdos_renyi,100,4,553,25,2.302585092984045,10,25,0.4,0,10
v2_erdos_renyi_baseline_s10,v2,erdos_renyi_baseline,10,erdos_renyi,100,4,554,40,2.685945324654788,16,40,0.4,72,11
v2_erdos_renyi_baseline_s10,v2,erdos_renyi_baseline,10,erdos_renyi,100,4,555,11,1.3321790402061222,5,11,0.45454545454545453,9,11
v2_erdos_renyi_baseline_s10,v2,erdos_renyi_baseline,10,erdos_renyi,100,4,556,27,2.197224577327219,9,27,0.3333333333333333,55,99
v2_erdos_renyi_baseline_s10,v2,erdos_renyi_baseline,10,erdos_renyi,100,4,557,18,2.0253262207620675,10,18,0.5555555555555556,1,57
v2_erdos_renyi_baseline_s10,v2,erdos_renyi_baseline,10,erdos_renyi,100,4,558,36,2.5649493574485365,13,36,0.3611111111111111,90,99
v2_erdos_renyi_baseline_s10,v2,erdos_renyi_baseline,10,erdos_renyi,100,4,559,13,1.7478680974607577,7,13,0.5384615384615384,84,57
v2_erdos_renyi_baseline_s10,v2,erdos_renyi_baseline,10,erdos_renyi,100,4,560,43,2.16822349160464,14,43,0.32558139534883723,8,46
v2_erdos_renyi_baseline_s10,v2,erdos_renyi_baseline,10,erdos_renyi,100,4,561,38,2.441015278014703,14,38,0.3684210526315789,55,99
v2_erdos_renyi_baseline_s10,v2,erdos_renyi_baseline,10,erdos_renyi,100,4,562,98,3.2994270308825606,36,98,0.3673469387755102,83,10
v2_erdos_renyi_baseline_s10,v2,erdos_renyi_baseline,10,erdos_renyi,100,4,563,95,3.188046906659464,39,95,0.4105263157894737,79,99
v2_erdos_renyi_baseline_s10,v2,erdos_renyi_baseline,10,erdos_renyi,100,4,564,51,2.736339051089065,18,51,0.35294117647058826,15,99
v2_erdos_renyi_baseline_s10,v2,erdos_renyi_baseline,10,erdos_renyi,100,4,565,10,1.5607104090364068,6,10,0.6,41,57
v2_erdos_renyi_baseline_s10,v2,erdos_renyi_baseline,10,erdos_renyi,100,4,566,11,1.0986122886651095,3,11,0.2727272727272727,48,57
v2_erdos_renyi_baseline_s10,v2,erdos_renyi_baseline,10,erdos_renyi,100,4,567,138,3.732840239351519,57,138,0.41304347826086957,7,10
v2_erdos_renyi_baseline_s10,v2,erdos_renyi_baseline,10,erdos_renyi,100,4,568,7,0.6931471805579453,2,7,0.2857142857142857,38,57
v2_erdos_renyi_baseline_s10,v2,erdos_renyi_baseline,10,erdos_renyi,100,4,569,0,0.0,0,0,,11,11
v2_erdos_renyi_baseline_s10,v2,erdos_renyi_baseline,10,erdos_renyi,100,4,570,43,2.625048158717539,19,43,0.4418604651162791,6,99
v2_erdos_renyi_baseline_s10,v2,erdos_renyi_baseline,10,erdos_renyi,100,4,571,15,1.791759469222055,6,15,0.4,4,57
v2_erdos_renyi_baseline_s10,v2,erdos_renyi_baseline,10,erdos_renyi,100,4,572,26,1.9061547465328492,8,26,0.3076923076923077,91,11
v2_erdos_renyi_baseline_s10,v2,erdos_renyi_baseline,10,erdos_renyi,100,4,573,62,2.8152049266019468,22,62,0.3548387096774194,50,11
v2_erdos_renyi_baseline_s10,v2,erdos_renyi_baseline,10,erdos_renyi,100,4,574,0,0.0,0,0,,10,10
v2_erdos_renyi_baseline_s10,v2,erdos_renyi_baseline,10,erdos_renyi,100,4,575,0,0.0,0,0,,57,57
v2_erdos_renyi_baseline_s10,v2,erdos_renyi_baseline,10,erdos_renyi,100,4,576,114,3.556746364974873,62,114,0.543859649122807,84,99
v2_erdos_renyi_baseline_s10,v2,erdos_renyi_baseline,10,erdos_renyi,100,4,577,0,0.0,0,0,,99,99
v2_erdos_renyi_baseline_s10,v2,erdos_renyi_baseline,10,erdos_renyi,100,4,578,128,3.716222342355179,62,128,0.484375,27,57
v2_erdos_renyi_baseline_s10,v2,erdos_renyi_baseline,10,erdos_renyi,100,4,579,3,-1.000088900581841e-12,1,3,0.3333333333333333,31,99
v2_erdos_renyi_baseline_s10,v2,erdos_renyi_baseline,10,erdos_renyi,100,4,580,112,3.473944282079397,48,112,0.42857142857142855,19,57
v2_erdos_renyi_baseline_s10,v2,erdos_renyi_baseline,10,erdos_renyi,100,4,581,10,1.0986122886651095,3,10,0.3,90,99
v2_erdos_renyi_baseline_s10,v2,erdos_renyi_baseline,10,erdos_renyi,100,4,582,102,3.67795722676115,46,102,0.45098039215686275,40,46
v2_erdos_renyi_baseline_s10,v2,erdos_renyi_baseline,10,erdos_renyi,100,4,583,144,3.774448915781877,63,144,0.4375,45,57
v2_erdos_renyi_baseline_s10,v2,erdos_renyi_baseline,10,erdos_renyi,100,4,584,81,3.3909780549362365,36,81,0.4444444444444444,62,46
v2_erdos_renyi_baseline_s10,v2,erdos_renyi_baseline,10,erdos_renyi,100,4,585,13,1.0986122886651095,3,13,0.23076923076923078,44,57
v2_erdos_renyi_baseline_s10,v2,erdos_renyi_baseline,10,erdos_renyi,100,4,586,138,3.872739447637908,62,138,0.4492753623188406,47,11
v2_erdos_renyi_baseline_s10,v2,erdos_renyi_baseline,10,erdos_renyi,100,4,587,89,3.0657865502988098,48,89,0.5393258426966292,2,11
v2_erdos_renyi_baseline_s10,v2,erdos_renyi_baseline,10,erdos_renyi,100,4,588,98,3.5346599717214846,46,98,0.46938775510204084,32,99
v2_erdos_renyi_baseline_s10,v2,erdos_renyi_baseline,10,erdos_renyi,100,4,589,11,1.0986122886651095,3,11,0.2727272727272727,9,11
v2_erdos_renyi_baseline_s10,v2,erdos_renyi_baseline,10,erdos_renyi,100,4,590,0,0.0,0,0,,10,10
v2_erdos_renyi_baseline_s10,v2,erdos_renyi_baseline,10,erdos_renyi,100,4,591,7,0.6931471805579453,2,7,0.2857142857142857,74,99
v2_erdos_renyi_baseline_s10,v2,erdos_renyi_baseline,10,erdos_renyi,100,4,592,24,2.3978952727873706,11,24,0.4583333333333333,90,57
v2_erdos_renyi_baseline_s10,v2,erdos_renyi_baseline,10,erdos_renyi,100,4,593,57,3.1780538303239454,24,57,0.42105263157894735,90,46
v2_erdos_renyi_baseline_s10,v2,erdos_renyi_baseline,10,erdos_renyi,100,4,594,96,3.1865891168464264,33,96,0.34375,21,57
v2_erdos_renyi_baseline_s10,v2,erdos_renyi_baseline,10,erdos_renyi,100,4,595,40,2.9957322735339904,20,40,0.5,33,57
v2_erdos_renyi_baseline_s10,v2,erdos_renyi_baseline,10,erdos_renyi,100,4,596,15,1.9459101490483133,7,15,0.4666666666666667,29,57
v2_erdos_renyi_baseline_s10,v2,erdos_renyi_baseline,10,erdos_renyi,100,4,597,52,2.415052121904807,20,52,0.38461538461538464,95,46
v2_erdos_renyi_baseline_s10,v2,erdos_renyi_baseline,10,erdos_renyi,100,4,598,59,3.2580965379954825,26,59,0.4406779661016949,25,57
v2_erdos_renyi_baseline_s10,v2,erdos_renyi_baseline,10,erdos_renyi,100,4,599,58,3.176082814634593,29,58,0.5,55,10
v2_erdos_renyi_baseline_s10,v2,erdos_renyi_baseline,10,erdos_renyi,100,4,600,26,2.197224577327219,9,26,0.34615384615384615,92,99
v2_erdos_renyi_baseline_s10,v2,erdos_renyi_baseline,10,erdos_renyi,100,4,601,8,1.3321790402061222,5,8,0.625,53,57
v2_erdos_renyi_baseline_s10,v2,erdos_renyi_baseline,10,erdos_renyi,100,4,602,24,2.302585092984045,10,24,0.4166666666666667,69,57
v2_erdos_renyi_baseline_s10,v2,erdos_renyi_baseline,10,erdos_renyi,100,4,603,7,1.0986122886651095,3,7,0.42857142857142855,25,57
v2_erdos_renyi_baseline_s10,v2,erdos_renyi_baseline,10,erdos_renyi,100,4,604,126,3.658132080207479,48,126,0.38095238095238093,32,99
v2_erdos_renyi_baseline_s10,v2,erdos_renyi_baseline,10,erdos_renyi,100,4,605,187,4.02093334564809,86,187,0.45989304812834225,87,99
v2_erdos_renyi_baseline_s10,v2,erdos_renyi_baseline,10,erdos_renyi,100,4,606,96,3.3743144134207816,47,96,0.4895833333333333,62,99
v2_erdos_renyi_baseline_s10,v2,erdos_renyi_baseline,10,erdos_renyi,100,4,607,17,2.302585092984045,10,17,0.5882352941176471,26,57
v2_erdos_renyi_baseline_s10,v2,erdos_renyi_baseline,10,erdos_renyi,100,4,608,40,2.5993019270857944,16,40,0.4,45,57
v2_erdos_renyi_baseline_s10,v2,erdos_renyi_baseline,10,erdos_renyi,100,4,609,83,3.4544986414005443,33,83,0.39759036144578314,2,99
v2_erdos_renyi_baseline_s10,v2,erdos_renyi_baseline,10,erdos_renyi,100,4,610,15,1.9459101490483133,7,15,0.4666666666666667,41,99
v2_erdos_renyi_baseline_s10,v2,erdos_renyi_baseline,10,erdos_renyi,100,4,611,1,-1.000088900581841e-12,1,1,1.0,13,99
v2_erdos_renyi_baseline_s10,v2,erdos_renyi_baseline,10,erdos_renyi,100,4,612,1,-1.000088900581841e-12,1,1,1.0,49,46
v2_erdos_renyi_baseline_s10,v2,erdos_renyi_baseline,10,erdos_renyi,100,4,613,2,-1.000088900581841e-12,1,2,0.5,6,99
v2_erdos_renyi_baseline_s10,v2,erdos_renyi_baseline,10,erdos_renyi,100,4,614,43,2.685945324654788,16,43,0.37209302325581395,31,99
v2_erdos_renyi_baseline_s10,v2,erdos_renyi_baseline,10,erdos_renyi,100,4,615,28,2.0253262207620675,10,28,0.35714285714285715,12,57
v2_erdos_renyi_baseline_s10,v2,erdos_renyi_baseline,10,erdos_renyi,100,4,616,14,1.6094379124291005,5,14,0.35714285714285715,47,10
v2_erdos_renyi_baseline_s10,v2,erdos_renyi_baseline,10,erdos_renyi,100,4,617,120,3.4941622689244696,42,120,0.35,56,99
v2_erdos_renyi_baseline_s10,v2,erdos_renyi_baseline,10,erdos_renyi,100,4,618,10000,-1.000088900581841e-12,3603,10000,0.3603,23,23
v2_erdos_renyi_baseline_s10,v2,erdos_renyi_baseline,10,erdos_renyi,100,4,619,98,3.2235308319560225,35,98,0.35714285714285715,66,57
v2_erdos_renyi_baseline_s10,v2,erdos_renyi_baseline,10,erdos_renyi,100,4,620,30,2.4260151319478083,16,30,0.5333333333333333,65,99
v2_erdos_renyi_baseline_s10,v2,erdos_renyi_baseline,10,erdos_renyi,100,4,621,99,3.473613549464628,42,99,0.42424242424242425,54,57
v2_erdos_renyi_baseline_s10,v2,erdos_renyi_baseline,10,erdos_renyi,100,4,622,8,0.6931471805579453,2,8,0.25,29,10
v2_erdos_renyi_baseline_s10,v2,erdos_renyi_baseline,10,erdos_renyi,100,4,623,10,1.6094379124291005,5,10,0.5,87,57
v2_erdos_renyi_baseline_s10,v2,erdos_renyi_baseline,10,erdos_renyi,100,4,624,112,3.587546014424116,49,112,0.4375,8,57
v2_erdos_renyi_baseline_s10,v2,erdos_renyi_baseline,10,erdos_renyi,100,4,625,3,1.0986122886651095,3,3,1.0,2,11
v2_erdos_renyi_baseline_s10,v2,erdos_renyi_baseline,10,erdos_renyi,100,4,626,35,2.3978952727873706,11,35,0.3142857142857143,72,99
v2_erdos_renyi_baseline_s10,v2,erdos_renyi_baseline,10,erdos_renyi,100,4,627,55,2.902002313186603,22,55,0.4,76,57
v2_erdos_renyi_baseline_s10,v2,erdos_renyi_baseline,10,erdos_renyi,100,4,628,34,2.926417555478996,20,34,0.5882352941176471,61,10
v2_erdos_renyi_baseline_s10,v2,erdos_renyi_baseline,10,erdos_renyi,100,4,629,0,0.0,0,0,,46,46
v2_erdos_renyi_baseline_s10,v2,erdos_renyi_baseline,10,erdos_renyi,100,4,630,124,3.237758167625384,52,124,0.41935483870967744,75,57
v2_erdos_renyi_baseline_s10,v2,erdos_renyi_baseline,10,erdos_renyi,100,4,631,58,2.3345491092015656,21,58,0.3620689655172414,3,99
v2_erdos_renyi_baseline_s10,v2,erdos_renyi_baseline,10,erdos_renyi,100,4,632,239,4.128015713293095,92,239,0.38493723849372385,84,99
v2_erdos_renyi_baseline_s10,v2,erdos_renyi_baseline,10,erdos_renyi,100,4,633,12,0.6931471805579453,2,12,0.16666666666666666,29,10
v2_erdos_renyi_baseline_s10,v2,erdos_renyi_baseline,10,erdos_renyi,100,4,634,66,3.062529300232621,24,66,0.36363636363636365,70,57
v2_erdos_renyi_baseline_s10,v2,erdos_renyi_baseline,10,erdos_renyi,100,4,635,17,1.054920167983144,5,17,0.29411764705882354,92,99
v2_erdos_renyi_baseline_s10,v2,erdos_renyi_baseline,10,erdos_renyi,100,4,636,2,-1.000088900581841e-12,1,2,0.5,28,11
v2_erdos_renyi_baseline_s10,v2,erdos_renyi_baseline,10,erdos_renyi,100,4,637,114,3.222520735590929,38,114,0.3333333333333333,55,99
v2_erdos_renyi_baseline_s10,v2,erdos_renyi_baseline,10,erdos_renyi,100,4,638,18,2.079441541671836,8,18,0.4444444444444444,49,57
v2_erdos_renyi_baseline_s10,v2,erdos_renyi_baseline,10,erdos_renyi,100,4,639,0,0.0,0,0,,46,46
v2_erdos_renyi_baseline_s10,v2,erdos_renyi_baseline,10,erdos_renyi,100,4,640,2,0.6931471805579453,2,2,1.0,45,11
v2_erdos_renyi_baseline_s10,v2,erdos_renyi_baseline,10,erdos_renyi,100,4,641,66,3.028029073286411,22,66,0.3333333333333333,90,57
v2_erdos_renyi_baseline_s10,v2,erdos_renyi_baseline,10,erdos_renyi,100,4,642,91,3.271689322296034,29,91,0.31868131868131866,33,57
v2_erdos_renyi_baseline_s10,v2,erdos_renyi_baseline,10,erdos_renyi,100,4,643,11,1.6094379124291005,5,11,0.45454545454545453,70,57
v2_erdos_renyi_baseline_s10,v2,erdos_renyi_baseline,10,erdos_renyi,100,4,644,26,2.3978952727873706,11,26,0.4230769230769231,55,57
v2_erdos_renyi_baseline_s10,v2,erdos_renyi_baseline,10,erdos_renyi,100,4,645,10000,-1.000088900581841e-12,3679,10000,0.3679,23,23
v2_erdos_renyi_baseline_s10,v2,erdos_renyi_baseline,10,erdos_renyi,100,4,646,8,1.0986122886651095,3,8,0.375,78,57
v2_erdos_renyi_baseline_s10,v2,erdos_renyi_baseline,10,erdos_renyi,100,4,647,47,2.685945324654788,16,47,0.3404255319148936,90,10
v2_erdos_renyi_baseline_s10,v2,erdos_renyi_baseline,10,erdos_renyi,100,4,648,90,3.2078760068278847,36,90,0.4,55,99
v2_erdos_renyi_baseline_s10,v2,erdos_renyi_baseline,10,erdos_renyi,100,4,649,10,1.054920167983144,5,10,0.5,94,11
v2_erdos_renyi_baseline_s10,v2,erdos_renyi_baseline,10,erdos_renyi,100,4,650,35,2.3419942522214248,14,35,0.4,29,57
v2_erdos_renyi_baseline_s10,v2,erdos_renyi_baseline,10,erdos_renyi,100,4,651,5,1.0986122886651095,3,5,0.6,87,99
v2_erdos_renyi_baseline_s10,v2,erdos_renyi_baseline,10,erdos_renyi,100,4,652,17,1.9061547465328492,8,17,0.47058823529411764,3,57
v2_erdos_renyi_baseline_s10,v2,erdos_renyi_baseline,10,erdos_renyi,100,4,653,25,1.7478680974607577,7,25,0.28,61,99
v2_erdos_renyi_baseline_s10,v2,erdos_renyi_baseline,10,erdos_renyi,100,4,654,32,2.1458417525857545,11,32,0.34375,61,99
v2_erdos_renyi_baseline_s10,v2,erdos_renyi_baseline,10,erdos_renyi,100,4,655,21,2.079441541671836,8,21,0.38095238095238093,55,46
v2_erdos_renyi_baseline_s10,v2,erdos_renyi_baseline,10,erdos_renyi,100,4,656,12,1.5607104090364068,6,12,0.5,72,57
v2_erdos_renyi_baseline_s10,v2,erdos_renyi_baseline,10,erdos_renyi,100,4,657,78,3.2760976031391,32,78,0.41025641025641024,67,57
v2_erdos_renyi_baseline_s10,v2,erdos_renyi_baseline,10,erdos_renyi,100,4,658,9,0.6931471805579453,2,9,0.2222222222222222,43,11
v2_erdos_renyi_baseline_s10,v2,erdos_renyi_baseline,10,erdos_renyi,100,4,659,46,2.7555497906471795,21,46,0.45652173913043476,37,11
v2_erdos_renyi_baseline_s10,v2,erdos_renyi_baseline,10,erdos_renyi,100,4,660,8,1.6094379124291005,5,8,0.625,1,99
v2_erdos_renyi_baseline_s10,v2,erdos_renyi_baseline,10,erdos_renyi,100,4,661,9,1.3862943611158909,4,9,0.4444444444444444,30,99
v2_erdos_renyi_baseline_s10,v2,erdos_renyi_baseline,10,erdos_renyi,100,4,662,1,-1.000088900581841e-12,1,1,1.0,64,46
v2_erdos_renyi_baseline_s10,v2,erdos_renyi_baseline,10,erdos_renyi,100,4,663,7,1.039720770836918,4,7,0.5714285714285714,34,11
v2_erdos_renyi_baseline_s10,v2,erdos_renyi_baseline,10,erdos_renyi,100,4,664,50,2.7144523517264965,21,50,0.42,44,99
v2_erdos_renyi_baseline_s10,v2,erdos_renyi_baseline,10,erdos_renyi,100,4,665,97,3.3176975995541462,35,97,0.36082474226804123,84,46
v2_erdos_renyi_baseline_s10,v2,erdos_renyi_baseline,10,erdos_renyi,100,4,666,11,1.3862943611158909,4,11,0.36363636363636365,98,99
v2_erdos_renyi_baseline_s10,v2,erdos_renyi_baseline,10,erdos_renyi,100,4,667,72,2.4914937218654387,21,72,0.2916666666666667,9,57
v2_erdos_renyi_baseline_s10,v2,erdos_renyi_baseline,10,erdos_renyi,100,4,668,75,3.370480801334671,33,75,0.44,6,99
v2_erdos_renyi_baseline_s10,v2,erdos_renyi_baseline,10,erdos_renyi,100,4,669,95,3.556923618315194,39,95,0.4105263157894737,4,99
v2_erdos_renyi_baseline_s10,v2,erdos_renyi_baseline,10,erdos_renyi,100,4,670,9,1.6094379124291005,5,9,0.5555555555555556,90,99
v2_erdos_renyi_baseline_s10,v2,erdos_renyi_baseline,10,erdos_renyi,100,4,671,150,3.732840239351519,57,150,0.38,64,57
v2_erdos_renyi_baseline_s10,v2,erdos_renyi_baseline,10,erdos_renyi,100,4,672,3,-1.000088900581841e-12,1,3,0.3333333333333333,94,11
v2_erdos_renyi_baseline_s10,v2,erdos_renyi_baseline,10,erdos_renyi,100,4,673,10000,-1.000088900581841e-12,3628,10000,0.3628,96,96
v2_erdos_renyi_baseline_s10,v2,erdos_renyi_baseline,10,erdos_renyi,100,4,674,14,1.0986122886651095,3,14,0.21428571428571427,4,57
v2_erdos_renyi_baseline_s10,v2,erdos_renyi_baseline,10,erdos_renyi,100,4,675,128,3.3969144201875685,35,128,0.2734375,63,99
v2_erdos_renyi_baseline_s10,v2,erdos_renyi_baseline,10,erdos_renyi,100,4,676,10000,-1.000088900581841e-12,3679,10000,0.3679,39,39
v2_erdos_renyi_baseline_s10,v2,erdos_renyi_baseline,10,erdos_renyi,100,4,677,17,1.3862943611158909,4,17,0.23529411764705882,9,99
v2_erdos_renyi_baseline_s10,v2,erdos_renyi_baseline,10,erdos_renyi,100,4,678,105,3.544511778726858,41,105,0.3904761904761905,35,57
v2_erdos_renyi_baseline_s10,v2,erdos_renyi_baseline,10,erdos_renyi,100,4,679,32,2.369382119683676,12,32,0.375,19,57
v2_erdos_renyi_baseline_s10,v2,erdos_renyi_baseline,10,erdos_renyi,100,4,680,33,2.7080502010872096,15,33,0.45454545454545453,83,57
v2_erdos_renyi_baseline_s10,v2,erdos_renyi_baseline,10,erdos_renyi,100,4,681,1,-1.000088900581841e-12,1,1,1.0,22,10
v2_erdos_renyi_baseline_s10,v2,erdos_renyi_baseline,10,erdos_renyi,100,4,682,147,3.6007191511466154,60,147,0.40816326530612246,25,57
v2_erdos_renyi_baseline_s10,v2,erdos_renyi_baseline,10,erdos_renyi,100,4,683,43,2.5232109529398907,15,43,0.3488372093023256,62,99
v2_erdos_renyi_baseline_s10,v2,erdos_renyi_baseline,10,erdos_renyi,100,4,684,82,3.379092505199735,32,82,0.3902439024390244,66,57
v2_erdos_renyi_baseline_s10,v2,erdos_renyi_baseline,10,erdos_renyi,100,4,685,4,1.3862943611158909,4,4,1.0,64,99
v2_erdos_renyi_baseline_s10,v2,erdos_renyi_baseline,10,erdos_renyi,100,4,686,110,3.54603493136854,46,110,0.41818181818181815,81,57
v2_erdos_renyi_baseline_s10,v2,erdos_renyi_baseline,10,erdos_renyi,100,4,687,103,3.352360333881,39,103,0.3786407766990291,90,11
v2_erdos_renyi_baseline_s10,v2,erdos_renyi_baseline,10,erdos_renyi,100,4,688,0,0.0,0,0,,11,11
v2_erdos_renyi_baseline_s10,v2,erdos_renyi_baseline,10,erdos_renyi,100,4,689,27,2.079441541671836,8,27,0.2962962962962963,41,99
v2_erdos_renyi_baseline_s10,v2,erdos_renyi_baseline,10,erdos_renyi,100,4,690,10000,-1.000088900581841e-12,3669,10000,0.3669,23,23
v2_erdos_renyi_baseline_s10,v2,erdos_renyi_baseline,10,erdos_renyi,100,4,691,135,3.647926677846517,52,135,0.3851851851851852,20,11
v2_erdos_renyi_baseline_s10,v2,erdos_renyi_baseline,10,erdos_renyi,100,4,692,10,1.0986122886651095,3,10,0.3,67,57
v2_erdos_renyi_baseline_s10,v2,erdos_renyi_baseline,10,erdos_renyi,100,4,693,3,-1.000088900581841e-12,1,3,0.3333333333333333,31,99
v2_erdos_renyi_baseline_s10,v2,erdos_renyi_baseline,10,erdos_renyi,100,4,694,14,1.6094379124291005,5,14,0.35714285714285715,31,99
v2_erdos_renyi_baseline_s10,v2,erdos_renyi_baseline,10,erdos_renyi,100,4,695,12,1.3862943611158909,4,12,0.3333333333333333,74,99
v2_erdos_renyi_baseline_s10,v2,erdos_renyi_baseline,10,erdos_renyi,100,4,696,11,1.039720770836918,4,11,0.36363636363636365,34,11
v2_erdos_renyi_baseline_s10,v2,erdos_renyi_baseline,10,erdos_renyi,100,4,697,79,3.170148321450507,30,79,0.379746835443038,35,11
v2_erdos_renyi_baseline_s10,v2,erdos_renyi_baseline,10,erdos_renyi,100,4,698,387,4.39324481711434,134,387,0.3462532299741602,54,57
v2_erdos_renyi_baseline_s10,v2,erdos_renyi_baseline,10,erdos_renyi,100,4,699,10,1.0986122886651095,3,10,0.3,86,11
v2_erdos_renyi_baseline_s10,v2,erdos_renyi_baseline,10,erdos_renyi,100,4,700,47,2.8332133440392155,17,47,0.3617021276595745,38,57
v2_erdos_renyi_baseline_s10,v2,erdos_renyi_baseline,10,erdos_renyi,100,4,701,10,1.3862943611158909,4,10,0.4,32,99
v2_erdos_renyi_baseline_s10,v2,erdos_renyi_baseline,10,erdos_renyi,100,4,702,6,0.6931471805579453,2,6,0.3333333333333333,24,99
v2_erdos_renyi_baseline_s10,v2,erdos_renyi_baseline,10,erdos_renyi,100,4,703,16,1.6094379124291005,5,16,0.3125,93,99
v2_erdos_renyi_baseline_s10,v2,erdos_renyi_baseline,10,erdos_renyi,100,4,704,168,3.935536129585648,71,168,0.4226190476190476,84,57
v2_erdos_renyi_baseline_s10,v2,erdos_renyi_baseline,10,erdos_renyi,100,4,705,6,-1.000088900581841e-12,1,6,0.16666666666666666,81,57
v2_erdos_renyi_baseline_s10,v2,erdos_renyi_baseline,10,erdos_renyi,100,4,706,9,1.791759469222055,6,9,0.6666666666666666,20,99
v2_erdos_renyi_baseline_s10,v2,erdos_renyi_baseline,10,erdos_renyi,100,4,707,194,2.7799941618126542,64,194,0.32989690721649484,53,10
v2_erdos_renyi_baseline_s10,v2,erdos_renyi_baseline,10,erdos_renyi,100,4,708,16,1.9459101490483133,7,16,0.4375,79,11
v2_erdos_renyi_baseline_s10,v2,erdos_renyi_baseline,10,erdos_renyi,100,4,709,4,0.6931471805579453,2,4,0.5,79,99
v2_erdos_renyi_baseline_s10,v2,erdos_renyi_baseline,10,erdos_renyi,100,4,710,4,1.0986122886651095,3,4,0.75,88,57
v2_erdos_renyi_baseline_s10,v2,erdos_renyi_baseline,10,erdos_renyi,100,4,711,16,1.791759469222055,6,16,0.375,90,57
v2_erdos_renyi_baseline_s10,v2,erdos_renyi_baseline,10,erdos_renyi,100,4,712,6,0.6931471805579453,2,6,0.3333333333333333,97,10
v2_erdos_renyi_baseline_s10,v2,erdos_renyi_baseline,10,erdos_renyi,100,4,713,6,1.0986122886651095,3,6,0.5,4,99
v2_erdos_renyi_baseline_s10,v2,erdos_renyi_baseline,10,erdos_renyi,100,4,714,41,2.1639556568730565,10,41,0.24390243902439024,88,99
v2_erdos_renyi_baseline_s10,v2,erdos_renyi_baseline,10,erdos_renyi,100,4,715,180,3.777799126203453,56,180,0.3111111111111111,71,99
v2_erdos_renyi_baseline_s10,v2,erdos_renyi_baseline,10,erdos_renyi,100,4,716,12,1.0986122886651095,3,12,0.25,30,46
v2_erdos_renyi_baseline_s10,v2,erdos_renyi_baseline,10,erdos_renyi,100,4,717,39,2.8903717578781647,18,39,0.46153846153846156,30,99
v2_erdos_renyi_baseline_s10,v2,erdos_renyi_baseline,10,erdos_renyi,100,4,718,59,2.898745539566339,28,59,0.4745762711864407,29,57
v2_erdos_renyi_baseline_s10,v2,erdos_renyi_baseline,10,erdos_renyi,100,4,719,5,1.3862943611158909,4,5,0.8,62,99
v2_erdos_renyi_baseline_s10,v2,erdos_renyi_baseline,10,erdos_renyi,100,4,720,170,3.665838747954065,57,170,0.3352941176470588,78,57
v2_erdos_renyi_baseline_s10,v2,erdos_renyi_baseline,10,erdos_renyi,100,4,721,14,1.9459101490483133,7,14,0.5,79,57
v2_erdos_renyi_baseline_s10,v2,erdos_renyi_baseline,10,erdos_renyi,100,4,722,86,3.243947396640933,39,86,0.45348837209302323,74,57
v2_erdos_renyi_baseline_s10,v2,erdos_renyi_baseline,10,erdos_renyi,100,4,723,165,4.059855895034858,67,165,0.40606060606060607,17,57
v2_erdos_renyi_baseline_s10,v2,erdos_renyi_baseline,10,erdos_renyi,100,4,724,13,1.0986122886651095,3,13,0.23076923076923078,25,57
v2_erdos_renyi_baseline_s10,v2,erdos_renyi_baseline,10,erdos_renyi,100,4,725,0,0.0,0,0,,11,11
v2_erdos_renyi_baseline_s10,v2,erdos_renyi_baseline,10,erdos_renyi,100,4,726,0,0.0,0,0,,10,10
v2_erdos_renyi_baseline_s10,v2,erdos_renyi_baseline,10,erdos_renyi,100,4,727,185,4.070220448963337,75,185,0.40540540540540543,70,99
v2_erdos_renyi_baseline_s10,v2,erdos_renyi_baseline,10,erdos_renyi,100,4,728,21,1.9061547465328492,8,21,0.38095238095238093,45,11
v2_erdos_renyi_baseline_s10,v2,erdos_renyi_baseline,10,erdos_renyi,100,4,729,13,1.791759469222055,6,13,0.46153846153846156,76,57
v2_erdos_renyi_baseline_s10,v2,erdos_renyi_baseline,10,erdos_renyi,100,4,730,75,3.052520501511814,25,75,0.3333333333333333,13,11
v2_erdos_renyi_baseline_s10,v2,erdos_renyi_baseline,10,erdos_renyi,100,4,731,0,0.0,0,0,,57,57
v2_erdos_renyi_baseline_s10,v2,erdos_renyi_baseline,10,erdos_renyi,100,4,732,175,3.788993625462942,73,175,0.41714285714285715,25,11
v2_erdos_renyi_baseline_s10,v2,erdos_renyi_baseline,10,erdos_renyi,100,4,733,101,3.573554040100918,47,101,0.46534653465346537,84,10
v2_erdos_renyi_baseline_s10,v2,erdos_renyi_baseline,10,erdos_renyi,100,4,734,65,2.929568618756601,28,65,0.4307692307692308,37,10
v2_erdos_renyi_baseline_s10,v2,erdos_renyi_baseline,10,erdos_renyi,100,4,735,10,1.0986122886651095,3,10,0.3,13,99
v2_erdos_renyi_baseline_s10,v2,erdos_renyi_baseline,10,erdos_renyi,100,4,736,69,3.052520501511814,25,69,0.36231884057971014,30,99
v2_erdos_renyi_baseline_s10,v2,erdos_renyi_baseline,10,erdos_renyi,100,4,737,92,3.16936783013211,36,92,0.391304347826087,67,99
v2_erdos_renyi_baseline_s10,v2,erdos_renyi_baseline,10,erdos_renyi,100,4,738,7,1.6094379124291005,5,7,0.7142857142857143,79,57
v2_erdos_renyi_baseline_s10,v2,erdos_renyi_baseline,10,erdos_renyi,100,4,739,77,2.912494403312053,21,77,0.2727272727272727,16,57
v2_erdos_renyi_baseline_s10,v2,erdos_renyi_baseline,10,erdos_renyi,100,4,740,3,0.6931471805579453,2,3,0.6666666666666666,56,99
v2_erdos_renyi_baseline_s10,v2,erdos_renyi_baseline,10,erdos_renyi,100,4,741,2,0.6931471805579453,2,2,1.0,82,99
v2_erdos_renyi_baseline_s10,v2,erdos_renyi_baseline,10,erdos_renyi,100,4,742,26,2.5649493574485365,13,26,0.5,37,57
v2_erdos_renyi_baseline_s10,v2,erdos_renyi_baseline,10,erdos_renyi,100,4,743,96,2.8608146679018702,33,96,0.34375,67,57
v2_erdos_renyi_baseline_s10,v2,erdos_renyi_baseline,10,erdos_renyi,100,4,744,29,2.2718685126865625,11,29,0.3793103448275862,98,10
v2_erdos_renyi_baseline_s10,v2,erdos_renyi_baseline,10,erdos_renyi,100,4,745,53,2.7519159690141213,24,53,0.4528301886792453,21,99
v2_erdos_renyi_baseline_s10,v2,erdos_renyi_baseline,10,erdos_renyi,100,4,746,109,3.225557328365521,34,109,0.3119266055045872,44,99
v2_erdos_renyi_baseline_s10,v2,erdos_renyi_baseline,10,erdos_renyi,100,4,747,0,0.0,0,0,,99,99
v2_erdos_renyi_baseline_s10,v2,erdos_renyi_baseline,10,erdos_renyi,100,4,748,12,1.0986122886651095,3,12,0.25,38,57
v2_erdos_renyi_baseline_s10,v2,erdos_renyi_baseline,10,erdos_renyi,100,4,749,6,1.0986122886651095,3,6,0.5,55,99
v2_erdos_renyi_baseline_s10,v2,erdos_renyi_baseline,10,erdos_renyi,100,4,750,31,2.1639556568730565,10,31,0.3225806451612903,86,99
v2_erdos_renyi_baseline_s10,v2,erdos_renyi_baseline,10,erdos_renyi,100,4,751,0,0.0,0,0,,57,57
v2_erdos_renyi_baseline_s10,v2,erdos_renyi_baseline,10,erdos_renyi,100,4,752,9,1.6094379124291005,5,9,0.5555555555555556,58,99
v2_erdos_renyi_baseline_s10,v2,erdos_renyi_baseline,10,erdos_renyi,100,4,753,8,1.3862943611158909,4,8,0.5,48,99
v2_erdos_renyi_baseline_s10,v2,erdos_renyi_baseline,10,erdos_renyi,100,4,754,64,3.1931483947852626,27,64,0.421875,22,57
v2_erdos_renyi_baseline_s10,v2,erdos_renyi_baseline,10,erdos_renyi,100,4,755,84,3.308777757559495,30,84,0.35714285714285715,12,99
v2_erdos_renyi_baseline_s10,v2,erdos_renyi_baseline,10,erdos_renyi,100,4,756,99,3.7456676820497594,50,99,0.5050505050505051,70,57
v2_erdos_renyi_baseline_s10,v2,erdos_renyi_baseline,10,erdos_renyi,100,4,757,18,2.197224577327219,9,18,0.5,80,57
v2_erdos_renyi_baseline_s10,v2,erdos_renyi_baseline,10,erdos_renyi,100,4,758,0,0.0,0,0,,10,10
v2_erdos_renyi_baseline_s10,v2,erdos_renyi_baseline,10,erdos_renyi,100,4,759,7,1.791759469222055,6,7,0.8571428571428571,63,10
v2_erdos_renyi_baseline_s10,v2,erdos_renyi_baseline,10,erdos_renyi,100,4,760,47,2.9957322735339904,20,47,0.425531914893617,48,99
v2_erdos_renyi_baseline_s10,v2,erdos_renyi_baseline,10,erdos_renyi,100,4,761,10000,-1.000088900581841e-12,3664,10000,0.3664,51,51
v2_erdos_renyi_baseline_s10,v2,erdos_renyi_baseline,10,erdos_renyi,100,4,762,147,2.9117354702878644,49,147,0.3333333333333333,22,99
v2_erdos_renyi_baseline_s10,v2,erdos_renyi_baseline,10,erdos_renyi,100,4,763,36,2.8332133440392155,17,36,0.4722222222222222,29,99
v2_erdos_renyi_baseline_s10,v2,erdos_renyi_baseline,10,erdos_renyi,100,4,764,11,1.9459101490483133,7,11,0.6363636363636364,59,57
v2_erdos_renyi_baseline_s10,v2,erdos_renyi_baseline,10,erdos_renyi,100,4,765,10000,-1.000088900581841e-12,3661,10000,0.3661,77,77
v2_erdos_renyi_baseline_s10,v2,erdos_renyi_baseline,10,erdos_renyi,100,4,766,40,2.197224577327219,9,40,0.225,22,11
v2_erdos_renyi_baseline_s10,v2,erdos_renyi_baseline,10,erdos_renyi,100,4,767,29,2.484906649776,12,29,0.41379310344827586,9,99
v2_erdos_renyi_baseline_s10,v2,erdos_renyi_baseline,10,erdos_renyi,100,4,768,215,3.786710656109511,59,215,0.2744186046511628,91,10
v2_erdos_renyi_baseline_s10,v2,erdos_renyi_baseline,10,erdos_renyi,100,4,769,1,-1.000088900581841e-12,1,1,1.0,20,57
v2_erdos_renyi_baseline_s10,v2,erdos_renyi_baseline,10,erdos_renyi,100,4,770,10,1.039720770836918,4,10,0.4,63,57
v2_erdos_renyi_baseline_s10,v2,erdos_renyi_baseline,10,erdos_renyi,100,4,771,53,2.62299627607079,20,53,0.37735849056603776,83,46
v2_erdos_renyi_baseline_s10,v2,erdos_renyi_baseline,10,erdos_renyi,100,4,772,10,1.791759469222055,6,10,0.6,17,57
v2_erdos_renyi_baseline_s10,v2,erdos_renyi_baseline,10,erdos_renyi,100,4,773,62,3.0910424533363146,22,62,0.3548387096774194,54,57
v2_erdos_renyi_baseline_s10,v2,erdos_renyi_baseline,10,erdos_renyi,100,4,774,139,3.7511673279840334,53,139,0.381294964028777,18,99
v2_erdos_renyi_baseline_s10,v2,erdos_renyi_baseline,10,erdos_renyi,100,4,775,10000,-1.000088900581841e-12,3643,10000,0.3643,77,77
v2_erdos_renyi_baseline_s10,v2,erdos_renyi_baseline,10,erdos_renyi,100,4,776,11,1.3862943611158909,4,11,0.36363636363636365,98,11
v2_erdos_renyi_baseline_s10,v2,erdos_renyi_baseline,10,erdos_renyi,100,4,777,4,0.6931471805579453,2,4,0.5,84,99
v2_erdos_renyi_baseline_s10,v2,erdos_renyi_baseline,10,erdos_renyi,100,4,778,6,1.3862943611158909,4,6,0.6666666666666666,69,99
v2_erdos_renyi_baseline_s10,v2,erdos_renyi_baseline,10,erdos_renyi,100,4,779,0,0.0,0,0,,10,10
v2_erdos_renyi_baseline_s10,v2,erdos_renyi_baseline,10,erdos_renyi,100,4,780,9,1.0986122886651095,3,9,0.3333333333333333,48,57
v2_erdos_renyi_baseline_s10,v2,erdos_renyi_baseline,10,erdos_renyi,100,4,781,50,2.5232109529398907,15,50,0.3,79,99
v2_erdos_renyi_baseline_s10,v2,erdos_renyi_baseline,10,erdos_renyi,100,4,782,10000,-1.000088900581841e-12,3649,10000,0.3649,77,77
v2_erdos_renyi_baseline_s10,v2,erdos_renyi_baseline,10,erdos_renyi,100,4,783,144,3.6101955050538983,45,144,0.3125,78,46
v2_erdos_renyi_baseline_s10,v2,erdos_renyi_baseline,10,erdos_renyi,100,4,784,42,2.393312122962524,16,42,0.38095238095238093,66,11
v2_erdos_renyi_baseline_s10,v2,erdos_renyi_baseline,10,erdos_renyi,100,4,785,100,3.259002166145716,38,100,0.38,36,99
v2_erdos_renyi_baseline_s10,v2,erdos_renyi_baseline,10,erdos_renyi,100,4,786,79,2.8464803861168675,21,79,0.26582278481012656,55,57
v2_erdos_renyi_baseline_s10,v2,erdos_renyi_baseline,10,erdos_renyi,100,4,787,34,2.441015278014703,14,34,0.4117647058823529,88,46
v2_erdos_renyi_baseline_s10,v2,erdos_renyi_baseline,10,erdos_renyi,100,4,788,11,1.6094379124291005,5,11,0.45454545454545453,53,57
v2_erdos_renyi_baseline_s10,v2,erdos_renyi_baseline,10,erdos_renyi,100,4,789,69,3.0904599235931967,27,69,0.391304347826087,80,11
v2_erdos_renyi_baseline_s10,v2,erdos_renyi_baseline,10,erdos_renyi,100,4,790,31,2.7080502010872096,15,31,0.4838709677419355,54,10
v2_erdos_renyi_baseline_s10,v2,erdos_renyi_baseline,10,erdos_renyi,100,4,791,1,-1.000088900581841e-12,1,1,1.0,13,99
v2_erdos_renyi_baseline_s10,v2,erdos_renyi_baseline,10,erdos_renyi,100,4,792,10000,-1.000088900581841e-12,3698,10000,0.3698,96,96
v2_erdos_renyi_baseline_s10,v2,erdos_renyi_baseline,10,erdos_renyi,100,4,793,155,3.923683665843976,65,155,0.41935483870967744,29,57
v2_erdos_renyi_baseline_s10,v2,erdos_renyi_baseline,10,erdos_renyi,100,4,794,111,3.370480801334671,33,111,0.2972972972972973,61,11
v2_erdos_renyi_baseline_s10,v2,erdos_renyi_baseline,10,erdos_renyi,100,4,795,82,3.008271424832628,32,82,0.3902439024390244,88,46
v2_erdos_renyi_baseline_s10,v2,erdos_renyi_baseline,10,erdos_renyi,100,4,796,148,3.259772048266927,52,148,0.35135135135135137,45,57
v2_erdos_renyi_baseline_s10,v2,erdos_renyi_baseline,10,erdos_renyi,100,4,797,13,1.3862943611158909,4,13,0.3076923076923077,0,57
v2_erdos_renyi_baseline_s10,v2,erdos_renyi_baseline,10,erdos_renyi,100,4,798,20,2.197224577327219,9,20,0.45,84,57
v2_erdos_renyi_baseline_s10,v2,erdos_renyi_baseline,10,erdos_renyi,100,4,799,10000,-1.000088900581841e-12,3739,10000,0.3739,51,51
v2_erdos_renyi_baseline_s10,v2,erdos_renyi_baseline,10,erdos_renyi,100,4,800,282,4.3444878445177535,98,282,0.3475177304964539,21,11
v2_erdos_renyi_baseline_s10,v2,erdos_renyi_baseline,10,erdos_renyi,100,4,801,105,3.134162458562648,28,105,0.26666666666666666,19,10
v2_erdos_renyi_baseline_s10,v2,erdos_renyi_baseline,10,erdos_renyi,100,4,802,10000,-1.000088900581841e-12,3708,10000,0.3708,39,39
v2_erdos_renyi_baseline_s10,v2,erdos_renyi_baseline,10,erdos_renyi,100,4,803,31,1.3296613488507585,6,31,0.1935483870967742,48,57
v2_erdos_renyi_baseline_s10,v2,erdos_renyi_baseline,10,erdos_renyi,100,4,804,10000,-1.000088900581841e-12,3657,10000,0.3657,96,96
v2_erdos_renyi_baseline_s10,v2,erdos_renyi_baseline,10,erdos_renyi,100,4,805,136,3.4887374203868164,44,136,0.3235294117647059,97,57
v2_erdos_renyi_baseline_s10,v2,erdos_renyi_baseline,10,erdos_renyi,100,4,806,151,3.82416268445183,57,151,0.37748344370860926,12,10
v2_erdos_renyi_baseline_s10,v2,erdos_renyi_baseline,10,erdos_renyi,100,4,807,317,4.187167805388448,109,317,0.3438485804416404,75,57
v2_erdos_renyi_baseline_s10,v2,erdos_renyi_baseline,10,erdos_renyi,100,4,808,45,2.5993019270857944,16,45,0.35555555555555557,62,10
v2_erdos_renyi_baseline_s10,v2,erdos_renyi_baseline,10,erdos_renyi,100,4,809,55,2.7080502010872096,15,55,0.2727272727272727,68,99
v2_erdos_renyi_baseline_s10,v2,erdos_renyi_baseline,10,erdos_renyi,100,4,810,152,3.777323825362655,53,152,0.34868421052631576,53,57
v2_erdos_renyi_baseline_s10,v2,erdos_renyi_baseline,10,erdos_renyi,100,4,811,82,3.204777524107256,26,82,0.3170731707317073,68,11
v2_erdos_renyi_baseline_s10,v2,erdos_renyi_baseline,10,erdos_renyi,100,4,812,117,3.5034298514645283,47,117,0.4017094017094017,54,11
v2_erdos_renyi_baseline_s10,v2,erdos_renyi_baseline,10,erdos_renyi,100,4,813,10000,-1.000088900581841e-12,3624,10000,0.3624,39,39
v2_erdos_renyi_baseline_s10,v2,erdos_renyi_baseline,10,erdos_renyi,100,4,814,35,2.4583113296710835,13,35,0.37142857142857144,91,99
v2_erdos_renyi_baseline_s10,v2,erdos_renyi_baseline,10,erdos_renyi,100,4,815,71,2.9970687270680187,25,71,0.352112676056338,94,99
v2_erdos_renyi_baseline_s10,v2,erdos_renyi_baseline,10,erdos_renyi,100,4,816,9,1.0986122886651095,3,9,0.3333333333333333,4,99
v2_erdos_renyi_baseline_s10,v2,erdos_renyi_baseline,10,erdos_renyi,100,4,817,9,0.6931471805579453,2,9,0.2222222222222222,64,57
v2_erdos_renyi_baseline_s10,v2,erdos_renyi_baseline,10,erdos_renyi,100,4,818,169,4.090923388869773,74,169,0.4378698224852071,83,11
v2_erdos_renyi_baseline_s10,v2,erdos_renyi_baseline,10,erdos_renyi,100,4,819,10000,-1.000088900581841e-12,3585,10000,0.3585,39,39
v2_erdos_renyi_baseline_s10,v2,erdos_renyi_baseline,10,erdos_renyi,100,4,820,10000,-1.000088900581841e-12,3708,10000,0.3708,77,77
v2_erdos_renyi_baseline_s10,v2,erdos_renyi_baseline,10,erdos_renyi,100,4,821,34,2.369382119683676,12,34,0.35294117647058826,7,57
v2_erdos_renyi_baseline_s10,v2,erdos_renyi_baseline,10,erdos_renyi,100,4,822,48,2.926417555478996,20,48,0.4166666666666667,49,57
v2_erdos_renyi_baseline_s10,v2,erdos_renyi_baseline,10,erdos_renyi,100,4,823,55,3.218875824843201,25,55,0.45454545454545453,34,99
v2_erdos_renyi_baseline_s10,v2,erdos_renyi_baseline,10,erdos_renyi,100,4,824,26,2.220025327823538,16,26,0.6153846153846154,56,99
v2_erdos_renyi_baseline_s10,v2,erdos_renyi_baseline,10,erdos_renyi,100,4,825,5,-1.000088900581841e-12,1,5,0.2,6,99
v2_erdos_renyi_baseline_s10,v2,erdos_renyi_baseline,10,erdos_renyi,100,4,826,12,1.039720770836918,4,12,0.3333333333333333,58,57
v2_erdos_renyi_baseline_s10,v2,erdos_renyi_baseline,10,erdos_renyi,100,4,827,9,1.3862943611158909,4,9,0.4444444444444444,42,99
v2_erdos_renyi_baseline_s10,v2,erdos_renyi_baseline,10,erdos_renyi,100,4,828,66,2.7283523700752608,23,66,0.3484848484848485,76,99
v2_erdos_renyi_baseline_s10,v2,erdos_renyi_baseline,10,erdos_renyi,100,4,829,97,3.282303075918996,41,97,0.422680412371134,49,11
v2_erdos_renyi_baseline_s10,v2,erdos_renyi_baseline,10,erdos_renyi,100,4,830,26,1.8891591637470213,9,26,0.34615384615384615,15,11
v2_erdos_renyi_baseline_s10,v2,erdos_renyi_baseline,10,erdos_renyi,100,4,831,32,2.369382119683676,12,32,0.375,50,99
v2_erdos_renyi_baseline_s10,v2,erdos_renyi_baseline,10,erdos_renyi,100,4,832,16,1.0114042647043515,6,16,0.375,58,11
v2_erdos_renyi_baseline_s10,v2,erdos_renyi_baseline,10,erdos_renyi,100,4,833,10000,-1.000088900581841e-12,3737,10000,0.3737,39,39
v2_erdos_renyi_baseline_s10,v2,erdos_renyi_baseline,10,erdos_renyi,100,4,834,123,3.652629782939221,45,123,0.36585365853658536,93,99
v2_erdos_renyi_baseline_s10,v2,erdos_renyi_baseline,10,erdos_renyi,100,4,835,0,0.0,0,0,,57,57
v2_erdos_renyi_baseline_s10,v2,erdos_renyi_baseline,10,erdos_renyi,100,4,836,33,2.0253262207620675,10,33,0.30303030303030304,9,10
v2_erdos_renyi_baseline_s10,v2,erdos_renyi_baseline,10,erdos_renyi,100,4,837,0,0.0,0,0,,57,57
v2_erdos_renyi_baseline_s10,v2,erdos_renyi_baseline,10,erdos_renyi,100,4,838,2,0.6931471805579453,2,2,1.0,58,57
v2_erdos_renyi_baseline_s10,v2,erdos_renyi_baseline,10,erdos_renyi,100,4,839,14,1.3862943611158909,4,14,0.2857142857142857,14,99
v2_erdos_renyi_baseline_s10,v2,erdos_renyi_baseline,10,erdos_renyi,100,4,840,39,2.8332133440392155,17,39,0.4358974358974359,27,57
v2_erdos_renyi_baseline_s10,v2,erdos_renyi_baseline,10,erdos_renyi,100,4,841,13,1.9061547465328492,8,13,0.6153846153846154,40,99
v2_erdos_renyi_baseline_s10,v2,erdos_renyi_baseline,10,erdos_renyi,100,4,842,89,3.319492576126754,29,89,0.3258426966292135,28,57
v2_erdos_renyi_baseline_s10,v2,erdos_renyi_baseline,10,erdos_renyi,100,4,843,10,0.6931471805579453,2,10,0.2,60,46
v2_erdos_renyi_baseline_s10,v2,erdos_renyi_baseline,10,erdos_renyi,100,4,844,1,-1.000088900581841e-12,1,1,1.0,92,99
v2_erdos_renyi_baseline_s10,v2,erdos_renyi_baseline,10,erdos_renyi,100,4,845,1,-1.000088900581841e-12,1,1,1.0,92,99
v2_erdos_renyi_baseline_s10,v2,erdos_renyi_baseline,10,erdos_renyi,100,4,846,0,0.0,0,0,,46,46
v2_erdos_renyi_baseline_s10,v2,erdos_renyi_baseline,10,erdos_renyi,100,4,847,0,0.0,0,0,,99,99
v2_erdos_renyi_baseline_s10,v2,erdos_renyi_baseline,10,erdos_renyi,100,4,848,71,3.2285980368793616,33,71,0.4647887323943662,47,57
v2_erdos_renyi_baseline_s10,v2,erdos_renyi_baseline,10,erdos_renyi,100,4,849,21,2.197224577327219,9,21,0.42857142857142855,15,99
v2_erdos_renyi_baseline_s10,v2,erdos_renyi_baseline,10,erdos_renyi,100,4,850,41,2.1579635654407583,18,41,0.43902439024390244,60,57
v2_erdos_renyi_baseline_s10,v2,erdos_renyi_baseline,10,erdos_renyi,100,4,851,82,2.8979325974534653,26,82,0.3170731707317073,91,46
v2_erdos_renyi_baseline_s10,v2,erdos_renyi_baseline,10,erdos_renyi,100,4,852,46,3.0280290732864104,22,46,0.4782608695652174,61,10
v2_erdos_renyi_baseline_s10,v2,erdos_renyi_baseline,10,erdos_renyi,100,4,853,71,2.739885713236497,32,71,0.4507042253521127,37,57
v2_erdos_renyi_baseline_s10,v2,erdos_renyi_baseline,10,erdos_renyi,100,4,854,11,1.0986122886651095,3,11,0.2727272727272727,58,57
v2_erdos_renyi_baseline_s10,v2,erdos_renyi_baseline,10,erdos_renyi,100,4,855,13,1.9459101490483133,7,13,0.5384615384615384,21,11
v2_erdos_renyi_baseline_s10,v2,erdos_renyi_baseline,10,erdos_renyi,100,4,856,10000,-1.000088900581841e-12,3648,10000,0.3648,96,96
v2_erdos_renyi_baseline_s10,v2,erdos_renyi_baseline,10,erdos_renyi,100,4,857,6,1.6094379124291005,5,6,0.8333333333333334,42,99
v2_erdos_renyi_baseline_s10,v2,erdos_renyi_baseline,10,erdos_renyi,100,4,858,77,2.999815905942478,32,77,0.4155844155844156,36,46
v2_erdos_renyi_baseline_s10,v2,erdos_renyi_baseline,10,erdos_renyi,100,4,859,58,3.0280290732864104,22,58,0.3793103448275862,73,99
v2_erdos_renyi_baseline_s10,v2,erdos_renyi_baseline,10,erdos_renyi,100,4,860,67,2.894399544411038,23,67,0.34328358208955223,90,99
v2_erdos_renyi_baseline_s10,v2,erdos_renyi_baseline,10,erdos_renyi,100,4,861,86,3.170148321450507,30,86,0.3488372093023256,49,11
v2_erdos_renyi_baseline_s10,v2,erdos_renyi_baseline,10,erdos_renyi,100,4,862,52,2.838988933136699,22,52,0.4230769230769231,72,57
v2_erdos_renyi_baseline_s10,v2,erdos_renyi_baseline,10,erdos_renyi,100,4,863,80,2.889242505095635,24,80,0.3,89,11
v2_erdos_renyi_baseline_s10,v2,erdos_renyi_baseline,10,erdos_renyi,100,4,864,140,3.696900970297509,54,140,0.38571428571428573,32,99
v2_erdos_renyi_baseline_s10,v2,erdos_renyi_baseline,10,erdos_renyi,100,4,865,76,2.8097834779860498,25,76,0.32894736842105265,54,57
v2_erdos_renyi_baseline_s10,v2,erdos_renyi_baseline,10,erdos_renyi,100,4,866,17,1.0114042647043515,6,17,0.35294117647058826,41,57
v2_erdos_renyi_baseline_s10,v2,erdos_renyi_baseline,10,erdos_renyi,100,4,867,21,2.3978952727873706,11,21,0.5238095238095238,84,57
v2_erdos_renyi_baseline_s10,v2,erdos_renyi_baseline,10,erdos_renyi,100,4,868,51,3.10797227595561,25,51,0.49019607843137253,9,57
v2_erdos_renyi_baseline_s10,v2,erdos_renyi_baseline,10,erdos_renyi,100,4,869,59,3.044522437702424,21,59,0.3559322033898305,84,11
v2_erdos_renyi_baseline_s10,v2,erdos_renyi_baseline,10,erdos_renyi,100,4,870,14,1.7478680974607577,7,14,0.5,37,57
v2_erdos_renyi_baseline_s10,v2,erdos_renyi_baseline,10,erdos_renyi,100,4,871,175,3.956870899143095,75,175,0.42857142857142855,4,11
v2_erdos_renyi_baseline_s10,v2,erdos_renyi_baseline,10,erdos_renyi,100,4,872,21,1.9061547465328492,8,21,0.38095238095238093,12,57
v2_erdos_renyi_baseline_s10,v2,erdos_renyi_baseline,10,erdos_renyi,100,4,873,96,3.3508008156427342,40,96,0.4166666666666667,97,57
v2_erdos_renyi_baseline_s10,v2,erdos_renyi_baseline,10,erdos_renyi,100,4,874,7,1.6094379124291005,5,7,0.7142857142857143,20,57
v2_erdos_renyi_baseline_s10,v2,erdos_renyi_baseline,10,erdos_renyi,100,4,875,85,3.389268031515795,31,85,0.36470588235294116,33,11
v2_erdos_renyi_baseline_s10,v2,erdos_renyi_baseline,10,erdos_renyi,100,4,876,15,2.079441541671836,8,15,0.5333333333333333,69,57
v2_erdos_renyi_baseline_s10,v2,erdos_renyi_baseline,10,erdos_renyi,100,4,877,18,1.9459101490483133,7,18,0.3888888888888889,17,99
v2_erdos_renyi_baseline_s10,v2,erdos_renyi_baseline,10,erdos_renyi,100,4,878,140,3.940934875914119,58,140,0.4142857142857143,3,46
v2_erdos_renyi_baseline_s10,v2,erdos_renyi_baseline,10,erdos_renyi,100,4,879,48,2.692310994125785,20,48,0.4166666666666667,80,57
v2_erdos_renyi_baseline_s10,v2,erdos_renyi_baseline,10,erdos_renyi,100,4,880,42,2.912494403312053,21,42,0.5,61,10
v2_erdos_renyi_baseline_s10,v2,erdos_renyi_baseline,10,erdos_renyi,100,4,881,14,1.791759469222055,6,14,0.42857142857142855,24,99
v2_erdos_renyi_baseline_s10,v2,erdos_renyi_baseline,10,erdos_renyi,100,4,882,48,2.639057329601259,14,48,0.2916666666666667,75,99
v2_erdos_renyi_baseline_s10,v2,erdos_renyi_baseline,10,erdos_renyi,100,4,883,90,3.2828949078452725,37,90,0.4111111111111111,8,46
v2_erdos_renyi_baseline_s10,v2,erdos_renyi_baseline,10,erdos_renyi,100,4,884,32,2.540036303807981,14,32,0.4375,48,99
v2_erdos_renyi_baseline_s10,v2,erdos_renyi_baseline,10,erdos_renyi,100,4,885,139,3.54603493136854,46,139,0.33093525179856115,22,57
v2_erdos_renyi_baseline_s10,v2,erdos_renyi_baseline,10,erdos_renyi,100,4,886,75,3.1239385094141774,30,75,0.4,18,99
v2_erdos_renyi_baseline_s10,v2,erdos_renyi_baseline,10,erdos_renyi,100,4,887,136,3.5201915828741006,50,136,0.36764705882352944,92,99
v2_erdos_renyi_baseline_s10,v2,erdos_renyi_baseline,10,erdos_renyi,100,4,888,38,2.2718685126865625,11,38,0.2894736842105263,8,46
v2_erdos_renyi_baseline_s10,v2,erdos_renyi_baseline,10,erdos_renyi,100,4,889,56,2.690828621494594,23,56,0.4107142857142857,98,99
v2_erdos_renyi_baseline_s10,v2,erdos_renyi_baseline,10,erdos_renyi,100,4,890,21,2.0253262207620675,10,21,0.47619047619047616,83,46
v2_erdos_renyi_baseline_s10,v2,erdos_renyi_baseline,10,erdos_renyi,100,4,891,10000,-1.000088900581841e-12,3643,10000,0.3643,96,96
v2_erdos_renyi_baseline_s10,v2,erdos_renyi_baseline,10,erdos_renyi,100,4,892,12,1.791759469222055,6,12,0.5,62,46
v2_erdos_renyi_baseline_s10,v2,erdos_renyi_baseline,10,erdos_renyi,100,4,893,17,1.2554823251747536,8,17,0.47058823529411764,36,57
v2_erdos_renyi_baseline_s10,v2,erdos_renyi_baseline,10,erdos_renyi,100,4,894,51,2.5993019270857944,16,51,0.3137254901960784,78,99
v2_erdos_renyi_baseline_s10,v2,erdos_renyi_baseline,10,erdos_renyi,100,4,895,12,1.9459101490483133,7,12,0.5833333333333334,87,99
v2_erdos_renyi_baseline_s10,v2,erdos_renyi_baseline,10,erdos_renyi,100,4,896,14,1.9459101490483133,7,14,0.5,86,11
v2_erdos_renyi_baseline_s10,v2,erdos_renyi_baseline,10,erdos_renyi,100,4,897,33,2.4036404106029496,14,33,0.42424242424242425,95,10
v2_erdos_renyi_baseline_s10,v2,erdos_renyi_baseline,10,erdos_renyi,100,4,898,51,2.5993019270857944,16,51,0.3137254901960784,4,99
v2_erdos_renyi_baseline_s10,v2,erdos_renyi_baseline,10,erdos_renyi,100,4,899,113,3.387906343139484,39,113,0.34513274336283184,94,99
v2_erdos_renyi_baseline_s10,v2,erdos_renyi_baseline,10,erdos_renyi,100,4,900,20,2.079441541671836,8,20,0.4,15,99
v2_erdos_renyi_baseline_s10,v2,erdos_renyi_baseline,10,erdos_renyi,100,4,901,17,2.197224577327219,9,17,0.5294117647058824,8,57
v2_erdos_renyi_baseline_s10,v2,erdos_renyi_baseline,10,erdos_renyi,100,4,902,33,2.639057329601259,14,33,0.42424242424242425,18,99
v2_erdos_renyi_baseline_s10,v2,erdos_renyi_baseline,10,erdos_renyi,100,4,903,38,2.772588722223781,16,38,0.42105263157894735,60,99
v2_erdos_renyi_baseline_s10,v2,erdos_renyi_baseline,10,erdos_renyi,100,4,904,50,2.772588722223781,16,50,0.32,54,57
v2_erdos_renyi_baseline_s10,v2,erdos_renyi_baseline,10,erdos_renyi,100,4,905,19,1.791759469222055,6,19,0.3157894736842105,82,57
v2_erdos_renyi_baseline_s10,v2,erdos_renyi_baseline,10,erdos_renyi,100,4,906,65,3.3445488585774434,31,65,0.47692307692307695,18,99
v2_erdos_renyi_baseline_s10,v2,erdos_renyi_baseline,10,erdos_renyi,100,4,907,50,3.044522437702424,21,50,0.42,2,99
v2_erdos_renyi_baseline_s10,v2,erdos_renyi_baseline,10,erdos_renyi,100,4,908,105,3.4869693396250203,45,105,0.42857142857142855,84,99
v2_erdos_renyi_baseline_s10,v2,erdos_renyi_baseline,10,erdos_renyi,100,4,909,14,1.791759469222055,6,14,0.42857142857142855,59,57
v2_erdos_renyi_baseline_s10,v2,erdos_renyi_baseline,10,erdos_renyi,100,4,910,10000,-1.000088900581841e-12,3642,10000,0.3642,23,23
v2_erdos_renyi_baseline_s10,v2,erdos_renyi_baseline,10,erdos_renyi,100,4,911,138,3.689669563800905,44,138,0.3188405797101449,40,99
v2_erdos_renyi_baseline_s10,v2,erdos_renyi_baseline,10,erdos_renyi,100,4,912,69,2.7804663689216818,21,69,0.30434782608695654,85,99
v2_erdos_renyi_baseline_s10,v2,erdos_renyi_baseline,10,erdos_renyi,100,4,913,75,3.292449107631741,32,75,0.4266666666666667,33,11
v2_erdos_renyi_baseline_s10,v2,erdos_renyi_baseline,10,erdos_renyi,100,4,914,10000,-1.000088900581841e-12,3618,10000,0.3618,23,23
v2_erdos_renyi_baseline_s10,v2,erdos_renyi_baseline,10,erdos_renyi,100,4,915,39,2.5232109529398907,15,39,0.38461538461538464,63,57
v2_erdos_renyi_baseline_s10,v2,erdos_renyi_baseline,10,erdos_renyi,100,4,916,52,2.736339051089065,18,52,0.34615384615384615,82,10
v2_erdos_renyi_baseline_s10,v2,erdos_renyi_baseline,10,erdos_renyi,100,4,917,117,3.1938182357931013,37,117,0.3162393162393162,85,57
v2_erdos_renyi_baseline_s10,v2,erdos_renyi_baseline,10,erdos_renyi,100,4,918,29,2.079441541671836,8,29,0.27586206896551724,72,99
v2_erdos_renyi_baseline_s10,v2,erdos_renyi_baseline,10,erdos_renyi,100,4,919,10000,-1.000088900581841e-12,3655,10000,0.3655,51,51
v2_erdos_renyi_baseline_s10,v2,erdos_renyi_baseline,10,erdos_renyi,100,4,920,12,1.0986122886651095,3,12,0.25,19,99
v2_erdos_renyi_baseline_s10,v2,erdos_renyi_baseline,10,erdos_renyi,100,4,921,36,2.685945324654788,16,36,0.4444444444444444,66,57
v2_erdos_renyi_baseline_s10,v2,erdos_renyi_baseline,10,erdos_renyi,100,4,922,20,1.9459101490483133,7,20,0.35,53,57
v2_erdos_renyi_baseline_s10,v2,erdos_renyi_baseline,10,erdos_renyi,100,4,923,24,2.197224577327219,9,24,0.375,37,99
v2_erdos_renyi_baseline_s10,v2,erdos_renyi_baseline,10,erdos_renyi,100,4,924,86,3.089055299829874,30,86,0.3488372093023256,59,57
v2_erdos_renyi_baseline_s10,v2,erdos_renyi_baseline,10,erdos_renyi,100,4,925,38,2.197224577327219,9,38,0.23684210526315788,40,57
v2_erdos_renyi_baseline_s10,v2,erdos_renyi_baseline,10,erdos_renyi,100,4,926,0,0.0,0,0,,57,57
v2_erdos_renyi_baseline_s10,v2,erdos_renyi_baseline,10,erdos_renyi,100,4,927,57,2.665394159967387,22,57,0.38596491228070173,36,99
v2_erdos_renyi_baseline_s10,v2,erdos_renyi_baseline,10,erdos_renyi,100,4,928,4,1.0986122886651095,3,4,0.75,45,99
v2_erdos_renyi_baseline_s10,v2,erdos_renyi_baseline,10,erdos_renyi,100,4,929,22,2.1639556568730565,10,22,0.45454545454545453,83,57
v2_erdos_renyi_baseline_s10,v2,erdos_renyi_baseline,10,erdos_renyi,100,4,930,31,2.302585092984045,10,31,0.3225806451612903,8,57
v2_erdos_renyi_baseline_s10,v2,erdos_renyi_baseline,10,erdos_renyi,100,4,931,21,2.197224577327219,9,21,0.42857142857142855,9,11
v2_erdos_renyi_baseline_s10,v2,erdos_renyi_baseline,10,erdos_renyi,100,4,932,17,1.7478680974607577,7,17,0.4117647058823529,50,57
v2_erdos_renyi_baseline_s10,v2,erdos_renyi_baseline,10,erdos_renyi,100,4,933,179,4.150359322293298,73,179,0.40782122905027934,27,57
v2_erdos_renyi_baseline_s10,v2,erdos_renyi_baseline,10,erdos_renyi,100,4,934,1,-1.000088900581841e-12,1,1,1.0,28,11
v2_erdos_renyi_baseline_s10,v2,erdos_renyi_baseline,10,erdos_renyi,100,4,935,0,0.0,0,0,,10,10
v2_erdos_renyi_baseline_s10,v2,erdos_renyi_baseline,10,erdos_renyi,100,4,936,110,3.2828949078452725,37,110,0.33636363636363636,62,57
v2_erdos_renyi_baseline_s10,v2,erdos_renyi_baseline,10,erdos_renyi,100,4,937,36,2.094729047518648,12,36,0.3333333333333333,72,57
v2_erdos_renyi_baseline_s10,v2,erdos_renyi_baseline,10,erdos_renyi,100,4,938,31,2.5649493574485365,13,31,0.41935483870967744,44,99
v2_erdos_renyi_baseline_s10,v2,erdos_renyi_baseline,10,erdos_renyi,100,4,939,13,1.6094379124291005,5,13,0.38461538461538464,2,46
v2_erdos_renyi_baseline_s10,v2,erdos_renyi_baseline,10,erdos_renyi,100,4,940,9,1.0986122886651095,3,9,0.3333333333333333,37,57
v2_erdos_renyi_baseline_s10,v2,erdos_renyi_baseline,10,erdos_renyi,100,4,941,124,3.683099712933856,49,124,0.3951612903225806,63,57
v2_erdos_renyi_baseline_s10,v2,erdos_renyi_baseline,10,erdos_renyi,100,4,942,27,2.083766037476648,15,27,0.5555555555555556,55,99
v2_erdos_renyi_baseline_s10,v2,erdos_renyi_baseline,10,erdos_renyi,100,4,943,93,3.104074021506185,31,93,0.3333333333333333,75,57
v2_erdos_renyi_baseline_s10,v2,erdos_renyi_baseline,10,erdos_renyi,100,4,944,0,0.0,0,0,,11,11
v2_erdos_renyi_baseline_s10,v2,erdos_renyi_baseline,10,erdos_renyi,100,4,945,16,1.7478680974607577,7,16,0.4375,15,11
v2_erdos_renyi_baseline_s10,v2,erdos_renyi_baseline,10,erdos_renyi,100,4,946,10000,-1.000088900581841e-12,3615,10000,0.3615,23,23
v2_erdos_renyi_baseline_s10,v2,erdos_renyi_baseline,10,erdos_renyi,100,4,947,30,2.484906649776,12,30,0.4,35,99
v2_erdos_renyi_baseline_s10,v2,erdos_renyi_baseline,10,erdos_renyi,100,4,948,0,0.0,0,0,,99,99
v2_erdos_renyi_baseline_s10,v2,erdos_renyi_baseline,10,erdos_renyi,100,4,949,159,3.8214267413398177,58,159,0.36477987421383645,35,57
v2_erdos_renyi_baseline_s10,v2,erdos_renyi_baseline,10,erdos_renyi,100,4,950,8,0.6931471805579453,2,8,0.25,76,57
v2_erdos_renyi_baseline_s10,v2,erdos_renyi_baseline,10,erdos_renyi,100,4,951,7,1.0986122886651095,3,7,0.42857142857142855,22,11
v2_erdos_renyi_baseline_s10,v2,erdos_renyi_baseline,10,erdos_renyi,100,4,952,3,-1.000088900581841e-12,1,3,0.3333333333333333,94,11
v2_erdos_renyi_baseline_s10,v2,erdos_renyi_baseline,10,erdos_renyi,100,4,953,3,-1.000088900581841e-12,1,3,0.3333333333333333,92,99
v2_erdos_renyi_baseline_s10,v2,erdos_renyi_baseline,10,erdos_renyi,100,4,954,16,1.6094379124291005,5,16,0.3125,93,11
v2_erdos_renyi_baseline_s10,v2,erdos_renyi_baseline,10,erdos_renyi,100,4,955,31,2.4583113296710835,13,31,0.41935483870967744,69,10
v2_erdos_renyi_baseline_s10,v2,erdos_renyi_baseline,10,erdos_renyi,100,4,956,54,2.685945324654788,16,54,0.2962962962962963,78,99
v2_erdos_renyi_baseline_s10,v2,erdos_renyi_baseline,10,erdos_renyi,100,4,957,2,-1.000088900581841e-12,1,2,0.5,6,99
v2_erdos_renyi_baseline_s10,v2,erdos_renyi_baseline,10,erdos_renyi,100,4,958,74,3.1514585102190296,26,74,0.35135135135135137,58,10
v2_erdos_renyi_baseline_s10,v2,erdos_renyi_baseline,10,erdos_renyi,100,4,959,12,1.7478680974607577,7,12,0.5833333333333334,54,99
v2_erdos_renyi_baseline_s10,v2,erdos_renyi_baseline,10,erdos_renyi,100,4,960,70,3.2625679455231658,30,70,0.42857142857142855,37,10
v2_erdos_renyi_baseline_s10,v2,erdos_renyi_baseline,10,erdos_renyi,100,4,961,2,0.6931471805579453,2,2,1.0,0,57
v2_erdos_renyi_baseline_s10,v2,erdos_renyi_baseline,10,erdos_renyi,100,4,962,27,2.197224577327219,9,27,0.3333333333333333,22,11
v2_erdos_renyi_baseline_s10,v2,erdos_renyi_baseline,10,erdos_renyi,100,4,963,0,0.0,0,0,,11,11
v2_erdos_renyi_baseline_s10,v2,erdos_renyi_baseline,10,erdos_renyi,100,4,964,56,2.871476118036867,19,56,0.3392857142857143,8,99
v2_erdos_renyi_baseline_s10,v2,erdos_renyi_baseline,10,erdos_renyi,100,4,965,10,1.9459101490483133,7,10,0.7,89,99
v2_erdos_renyi_baseline_s10,v2,erdos_renyi_baseline,10,erdos_renyi,100,4,966,84,3.5065025850265608,36,84,0.42857142857142855,95,57
v2_erdos_renyi_baseline_s10,v2,erdos_renyi_baseline,10,erdos_renyi,100,4,967,4,0.6931471805579453,2,4,0.5,30,99
v2_erdos_renyi_baseline_s10,v2,erdos_renyi_baseline,10,erdos_renyi,100,4,968,10,1.0986122886651095,3,10,0.3,16,99
v2_erdos_renyi_baseline_s10,v2,erdos_renyi_baseline,10,erdos_renyi,100,4,969,24,2.3978952727873706,11,24,0.4583333333333333,94,57
v2_erdos_renyi_baseline_s10,v2,erdos_renyi_baseline,10,erdos_renyi,100,4,970,181,3.967097347146706,63,181,0.34806629834254144,44,10
v2_erdos_renyi_baseline_s10,v2,erdos_renyi_baseline,10,erdos_renyi,100,4,971,28,2.4260151319478083,16,28,0.5714285714285714,31,99
v2_erdos_renyi_baseline_s10,v2,erdos_renyi_baseline,10,erdos_renyi,100,4,972,51,2.588573162668117,17,51,0.3333333333333333,56,11
v2_erdos_renyi_baseline_s10,v2,erdos_renyi_baseline,10,erdos_renyi,100,4,973,20,2.079441541671836,8,20,0.4,67,99
v2_erdos_renyi_baseline_s10,v2,erdos_renyi_baseline,10,erdos_renyi,100,4,974,72,2.921657656475706,30,72,0.4166666666666667,29,99
v2_erdos_renyi_baseline_s10,v2,erdos_renyi_baseline,10,erdos_renyi,100,4,975,24,2.5649493574485365,13,24,0.5416666666666666,69,99
v2_erdos_renyi_baseline_s10,v2,erdos_renyi_baseline,10,erdos_renyi,100,4,976,3,0.6931471805579453,2,3,0.6666666666666666,5,57
v2_erdos_renyi_baseline_s10,v2,erdos_renyi_baseline,10,erdos_renyi,100,4,977,11,1.0986122886651095,3,11,0.2727272727272727,93,11
v2_erdos_renyi_baseline_s10,v2,erdos_renyi_baseline,10,erdos_renyi,100,4,978,74,3.2595693344032366,37,74,0.5,56,57
v2_erdos_renyi_baseline_s10,v2,erdos_renyi_baseline,10,erdos_renyi,100,4,979,76,3.286462961268799,33,76,0.4342105263157895,83,57
v2_erdos_renyi_baseline_s10,v2,erdos_renyi_baseline,10,erdos_renyi,100,4,980,10,1.791759469222055,6,10,0.6,19,57
v2_erdos_renyi_baseline_s10,v2,erdos_renyi_baseline,10,erdos_renyi,100,4,981,59,3.319492576126754,29,59,0.4915254237288136,91,57
v2_erdos_renyi_baseline_s10,v2,erdos_renyi_baseline,10,erdos_renyi,100,4,982,6,0.6931471805579453,2,6,0.3333333333333333,26,11
v2_erdos_renyi_baseline_s10,v2,erdos_renyi_baseline,10,erdos_renyi,100,4,983,19,1.9459101490483133,7,19,0.3684210526315789,45,10
v2_erdos_renyi_baseline_s10,v2,erdos_renyi_baseline,10,erdos_renyi,100,4,984,133,3.731290168531232,51,133,0.38345864661654133,55,99
v2_erdos_renyi_baseline_s10,v2,erdos_renyi_baseline,10,erdos_renyi,100,4,985,10000,-1.000088900581841e-12,3692,10000,0.3692,96,96
v2_erdos_renyi_baseline_s10,v2,erdos_renyi_baseline,10,erdos_renyi,100,4,986,24,2.079441541671836,8,24,0.3333333333333333,84,57
v2_erdos_renyi_baseline_s10,v2,erdos_renyi_baseline,10,erdos_renyi,100,4,987,2,-1.000088900581841e-12,1,2,0.5,31,99
v2_erdos_renyi_baseline_s10,v2,erdos_renyi_baseline,10,erdos_renyi,100,4,988,10000,-1.000088900581841e-12,3609,10000,0.3609,51,51
v2_erdos_renyi_baseline_s10,v2,erdos_renyi_baseline,10,erdos_renyi,100,4,989,14,1.5498260458732018,7,14,0.5,65,57
v2_erdos_renyi_baseline_s10,v2,erdos_renyi_baseline,10,erdos_renyi,100,4,990,0,0.0,0,0,,46,46
v2_erdos_renyi_baseline_s10,v2,erdos_renyi_baseline,10,erdos_renyi,100,4,991,0,0.0,0,0,,10,10
v2_erdos_renyi_baseline_s10,v2,erdos_renyi_baseline,10,erdos_renyi,100,4,992,109,3.316143456615737,40,109,0.3669724770642202,80,99
v2_erdos_renyi_baseline_s10,v2,erdos_renyi_baseline,10,erdos_renyi,100,4,993,10,1.0986122886651095,3,10,0.3,38,57
v2_erdos_renyi_baseline_s10,v2,erdos_renyi_baseline,10,erdos_renyi,100,4,994,41,2.2718685126865625,11,41,0.2682926829268293,33,46
v2_erdos_renyi_baseline_s10,v2,erdos_renyi_baseline,10,erdos_renyi,100,4,995,47,2.8674404991054456,24,47,0.5106382978723404,53,46
v2_erdos_renyi_baseline_s10,v2,erdos_renyi_baseline,10,erdos_renyi,100,4,996,34,2.220025327823538,16,34,0.47058823529411764,0,10
v2_erdos_renyi_baseline_s10,v2,erdos_renyi_baseline,10,erdos_renyi,100,4,997,7,0.6931471805579453,2,7,0.2857142857142857,56,57
v2_erdos_renyi_baseline_s10,v2,erdos_renyi_baseline,10,erdos_renyi,100,4,998,23,1.9459101490483133,7,23,0.30434782608695654,9,11
v2_erdos_renyi_baseline_s10,v2,erdos_renyi_baseline,10,erdos_renyi,100,4,999,269,4.359434843988351,104,269,0.38661710037174724,29,57
