run_id,validation_version,condition,seed,topology,n_nodes,degree,episode_idx,hitting_time,path_entropy,accepted_moves,attempted_moves,accept_rate,start_node,final_node
v2_erdos_renyi_baseline_s19,v2,erdos_renyi_baseline,19,erdos_renyi,100,4,0,451,4.53272165506489,184,451,0.4079822616407982,79,45
v2_erdos_renyi_baseline_s19,v2,erdos_renyi_baseline,19,erdos_renyi,100,4,1,131,3.656406148733842,51,131,0.3893129770992366,71,45
v2_erdos_renyi_baseline_s19,v2,erdos_renyi_baseline,19,erdos_renyi,100,4,2,154,3.4964601038765166,44,154,0.2857142857142857,2,51
v2_erdos_renyi_baseline_s19,v2,erdos_renyi_baseline,19,erdos_renyi,100,4,3,305,4.14095943754145,110,305,0.36065573770491804,67,45
v2_erdos_renyi_baseline_s19,v2,erdos_renyi_baseline,19,erdos_renyi,100,4,4,218,4.178908444020705,92,218,0.42201834862385323,55,45
v2_erdos_renyi_baseline_s19,v2,erdos_renyi_baseline,19,erdos_renyi,100,4,5,8,1.3862943611158909,4,8,0.5,96,45
v2_erdos_renyi_baseline_s19,v2,erdos_renyi_baseline,19,erdos_renyi,100,4,6,8,1.3321790402061222,5,8,0.625,47,45
v2_erdos_renyi_baseline_s19,v2,erdos_renyi_baseline,19,erdos_renyi,100,4,7,368,4.67206560187797,158,368,0.42934782608695654,88,45
v2_erdos_renyi_baseline_s19,v2,erdos_renyi_baseline,19,erdos_renyi,100,4,8,196,3.815800689633408,71,196,0.3622448979591837,87,45
v2_erdos_renyi_baseline_s19,v2,erdos_renyi_baseline,19,erdos_renyi,100,4,9,0,0.0,0,0,,48,48
v2_erdos_renyi_baseline_s19,v2,erdos_renyi_baseline,19,erdos_renyi,100,4,10,77,3.2877977056247434,35,77,0.45454545454545453,65,45
v2_erdos_renyi_baseline_s19,v2,erdos_renyi_baseline,19,erdos_renyi,100,4,11,160,4.109657096451475,74,160,0.4625,44,45
v2_erdos_renyi_baseline_s19,v2,erdos_renyi_baseline,19,erdos_renyi,100,4,12,369,4.724092183036451,154,369,0.4173441734417344,78,97
v2_erdos_renyi_baseline_s19,v2,erdos_renyi_baseline,19,erdos_renyi,100,4,13,170,3.821004542469102,61,170,0.3588235294117647,94,45
v2_erdos_renyi_baseline_s19,v2,erdos_renyi_baseline,19,erdos_renyi,100,4,14,63,3.090459923593197,27,63,0.42857142857142855,18,45
v2_erdos_renyi_baseline_s19,v2,erdos_renyi_baseline,19,erdos_renyi,100,4,15,0,0.0,0,0,,48,48
v2_erdos_renyi_baseline_s19,v2,erdos_renyi_baseline,19,erdos_renyi,100,4,16,256,4.293656020945074,102,256,0.3984375,36,45
v2_erdos_renyi_baseline_s19,v2,erdos_renyi_baseline,19,erdos_renyi,100,4,17,2,-1.000088900581841e-12,1,2,0.5,41,77
v2_erdos_renyi_baseline_s19,v2,erdos_renyi_baseline,19,erdos_renyi,100,4,18,153,3.983565601444886,70,153,0.45751633986928103,56,97
v2_erdos_renyi_baseline_s19,v2,erdos_renyi_baseline,19,erdos_renyi,100,4,19,1,-1.000088900581841e-12,1,1,1.0,9,48
v2_erdos_renyi_baseline_s19,v2,erdos_renyi_baseline,19,erdos_renyi,100,4,20,408,4.684744454835107,165,408,0.40441176470588236,93,48
v2_erdos_renyi_baseline_s19,v2,erdos_renyi_baseline,19,erdos_renyi,100,4,21,112,3.504523137785096,46,112,0.4107142857142857,86,77
v2_erdos_renyi_baseline_s19,v2,erdos_renyi_baseline,19,erdos_renyi,100,4,22,100,3.508352107143893,44,100,0.44,82,45
v2_erdos_renyi_baseline_s19,v2,erdos_renyi_baseline,19,erdos_renyi,100,4,23,72,3.3176975995541462,35,72,0.4861111111111111,73,48
v2_erdos_renyi_baseline_s19,v2,erdos_renyi_baseline,19,erdos_renyi,100,4,24,145,3.616647976553853,56,145,0.38620689655172413,10,45
v2_erdos_renyi_baseline_s19,v2,erdos_renyi_baseline,19,erdos_renyi,100,4,25,236,4.353532043101508,105,236,0.4449152542372881,81,45
v2_erdos_renyi_baseline_s19,v2,erdos_renyi_baseline,19,erdos_renyi,100,4,26,130,3.7220699681345786,49,130,0.3769230769230769,52,45
v2_erdos_renyi_baseline_s19,v2,erdos_renyi_baseline,19,erdos_renyi,100,4,27,40,2.846480386116867,21,40,0.525,68,45
v2_erdos_renyi_baseline_s19,v2,erdos_renyi_baseline,19,erdos_renyi,100,4,28,16,1.0986122886651095,3,16,0.1875,32,45
v2_erdos_renyi_baseline_s19,v2,erdos_renyi_baseline,19,erdos_renyi,100,4,29,160,4.084632441880585,66,160,0.4125,69,45
v2_erdos_renyi_baseline_s19,v2,erdos_renyi_baseline,19,erdos_renyi,100,4,30,287,4.423825795528056,127,287,0.4425087108013937,17,45
v2_erdos_renyi_baseline_s19,v2,erdos_renyi_baseline,19,erdos_renyi,100,4,31,80,3.3486460064564074,37,80,0.4625,58,77
v2_erdos_renyi_baseline_s19,v2,erdos_renyi_baseline,19,erdos_renyi,100,4,32,38,2.772588722223781,16,38,0.42105263157894735,67,45
v2_erdos_renyi_baseline_s19,v2,erdos_renyi_baseline,19,erdos_renyi,100,4,33,50,3.0967875911508944,28,50,0.56,92,45
v2_erdos_renyi_baseline_s19,v2,erdos_renyi_baseline,19,erdos_renyi,100,4,34,0,0.0,0,0,,97,97
v2_erdos_renyi_baseline_s19,v2,erdos_renyi_baseline,19,erdos_renyi,100,4,35,194,4.205351820634456,92,194,0.4742268041237113,18,48
v2_erdos_renyi_baseline_s19,v2,erdos_renyi_baseline,19,erdos_renyi,100,4,36,0,0.0,0,0,,97,97
v2_erdos_renyi_baseline_s19,v2,erdos_renyi_baseline,19,erdos_renyi,100,4,37,10000,-1.000088900581841e-12,3583,10000,0.3583,62,62
v2_erdos_renyi_baseline_s19,v2,erdos_renyi_baseline,19,erdos_renyi,100,4,38,82,3.465735902767727,32,82,0.3902439024390244,90,97
v2_erdos_renyi_baseline_s19,v2,erdos_renyi_baseline,19,erdos_renyi,100,4,39,38,2.1639556568730565,10,38,0.2631578947368421,79,45
v2_erdos_renyi_baseline_s19,v2,erdos_renyi_baseline,19,erdos_renyi,100,4,40,19,1.9459101490483133,7,19,0.3684210526315789,64,97
v2_erdos_renyi_baseline_s19,v2,erdos_renyi_baseline,19,erdos_renyi,100,4,41,283,4.175938599278072,88,283,0.31095406360424027,63,45
v2_erdos_renyi_baseline_s19,v2,erdos_renyi_baseline,19,erdos_renyi,100,4,42,16,1.0986122886651095,3,16,0.1875,52,45
v2_erdos_renyi_baseline_s19,v2,erdos_renyi_baseline,19,erdos_renyi,100,4,43,23,1.9459101490483133,7,23,0.30434782608695654,30,97
v2_erdos_renyi_baseline_s19,v2,erdos_renyi_baseline,19,erdos_renyi,100,4,44,72,3.0910424533363146,22,72,0.3055555555555556,2,45
v2_erdos_renyi_baseline_s19,v2,erdos_renyi_baseline,19,erdos_renyi,100,4,45,227,3.922552760119777,76,227,0.33480176211453744,18,77
v2_erdos_renyi_baseline_s19,v2,erdos_renyi_baseline,19,erdos_renyi,100,4,46,36,2.282374376148249,17,36,0.4722222222222222,53,97
v2_erdos_renyi_baseline_s19,v2,erdos_renyi_baseline,19,erdos_renyi,100,4,47,298,4.285770882383857,105,298,0.3523489932885906,99,45
v2_erdos_renyi_baseline_s19,v2,erdos_renyi_baseline,19,erdos_renyi,100,4,48,178,3.983551385469709,59,178,0.33146067415730335,65,97
v2_erdos_renyi_baseline_s19,v2,erdos_renyi_baseline,19,erdos_renyi,100,4,49,88,3.2163581334868363,30,88,0.3409090909090909,39,45
v2_erdos_renyi_baseline_s19,v2,erdos_renyi_baseline,19,erdos_renyi,100,4,50,10000,-1.000088900581841e-12,3773,10000,0.3773,84,84
v2_erdos_renyi_baseline_s19,v2,erdos_renyi_baseline,19,erdos_renyi,100,4,51,11,1.791759469222055,6,11,0.5454545454545454,37,45
v2_erdos_renyi_baseline_s19,v2,erdos_renyi_baseline,19,erdos_renyi,100,4,52,10000,-1.000088900581841e-12,3709,10000,0.3709,14,14
v2_erdos_renyi_baseline_s19,v2,erdos_renyi_baseline,19,erdos_renyi,100,4,53,105,2.9904214838763687,39,105,0.37142857142857144,21,45
v2_erdos_renyi_baseline_s19,v2,erdos_renyi_baseline,19,erdos_renyi,100,4,54,140,3.9469943236600353,60,140,0.42857142857142855,85,45
v2_erdos_renyi_baseline_s19,v2,erdos_renyi_baseline,19,erdos_renyi,100,4,55,34,1.277034259462139,7,34,0.20588235294117646,33,45
v2_erdos_renyi_baseline_s19,v2,erdos_renyi_baseline,19,erdos_renyi,100,4,56,42,2.7985132569262934,19,42,0.4523809523809524,78,45
v2_erdos_renyi_baseline_s19,v2,erdos_renyi_baseline,19,erdos_renyi,100,4,57,56,2.670119889791816,17,56,0.30357142857142855,82,97
v2_erdos_renyi_baseline_s19,v2,erdos_renyi_baseline,19,erdos_renyi,100,4,58,0,0.0,0,0,,45,45
v2_erdos_renyi_baseline_s19,v2,erdos_renyi_baseline,19,erdos_renyi,100,4,59,162,3.97709205258394,67,162,0.41358024691358025,3,77
v2_erdos_renyi_baseline_s19,v2,erdos_renyi_baseline,19,erdos_renyi,100,4,60,118,3.0254887803714667,35,118,0.2966101694915254,17,77
v2_erdos_renyi_baseline_s19,v2,erdos_renyi_baseline,19,erdos_renyi,100,4,61,57,2.912494403312053,21,57,0.3684210526315789,19,45
v2_erdos_renyi_baseline_s19,v2,erdos_renyi_baseline,19,erdos_renyi,100,4,62,35,1.5465986860435124,11,35,0.3142857142857143,76,51
v2_erdos_renyi_baseline_s19,v2,erdos_renyi_baseline,19,erdos_renyi,100,4,63,153,3.971682139622494,66,153,0.43137254901960786,96,48
v2_erdos_renyi_baseline_s19,v2,erdos_renyi_baseline,19,erdos_renyi,100,4,64,203,4.135461724894859,74,203,0.3645320197044335,24,97
v2_erdos_renyi_baseline_s19,v2,erdos_renyi_baseline,19,erdos_renyi,100,4,65,26,1.5229550675263184,9,26,0.34615384615384615,20,51
v2_erdos_renyi_baseline_s19,v2,erdos_renyi_baseline,19,erdos_renyi,100,4,66,85,2.912494403312053,21,85,0.24705882352941178,61,77
v2_erdos_renyi_baseline_s19,v2,erdos_renyi_baseline,19,erdos_renyi,100,4,67,21,1.9061547465328492,8,21,0.38095238095238093,49,45
v2_erdos_renyi_baseline_s19,v2,erdos_renyi_baseline,19,erdos_renyi,100,4,68,47,3.0280290732864104,22,47,0.46808510638297873,2,51
v2_erdos_renyi_baseline_s19,v2,erdos_renyi_baseline,19,erdos_renyi,100,4,69,8,1.0986122886651095,3,8,0.375,82,45
v2_erdos_renyi_baseline_s19,v2,erdos_renyi_baseline,19,erdos_renyi,100,4,70,81,3.208751047598125,38,81,0.4691358024691358,57,45
v2_erdos_renyi_baseline_s19,v2,erdos_renyi_baseline,19,erdos_renyi,100,4,71,62,3.151458510219029,26,62,0.41935483870967744,28,48
v2_erdos_renyi_baseline_s19,v2,erdos_renyi_baseline,19,erdos_renyi,100,4,72,89,3.2221019192398344,37,89,0.4157303370786517,74,97
v2_erdos_renyi_baseline_s19,v2,erdos_renyi_baseline,19,erdos_renyi,100,4,73,42,2.736339051089065,18,42,0.42857142857142855,22,97
v2_erdos_renyi_baseline_s19,v2,erdos_renyi_baseline,19,erdos_renyi,100,4,74,131,3.830895721041939,55,131,0.4198473282442748,23,97
v2_erdos_renyi_baseline_s19,v2,erdos_renyi_baseline,19,erdos_renyi,100,4,75,226,3.9500312447061408,84,226,0.37168141592920356,36,45
v2_erdos_renyi_baseline_s19,v2,erdos_renyi_baseline,19,erdos_renyi,100,4,76,24,2.639057329601259,14,24,0.5833333333333334,29,97
v2_erdos_renyi_baseline_s19,v2,erdos_renyi_baseline,19,erdos_renyi,100,4,77,236,4.143227476371364,91,236,0.3855932203389831,0,48
v2_erdos_renyi_baseline_s19,v2,erdos_renyi_baseline,19,erdos_renyi,100,4,78,84,2.762349646362308,28,84,0.3333333333333333,55,45
v2_erdos_renyi_baseline_s19,v2,erdos_renyi_baseline,19,erdos_renyi,100,4,79,2,-1.000088900581841e-12,1,2,0.5,41,77
v2_erdos_renyi_baseline_s19,v2,erdos_renyi_baseline,19,erdos_renyi,100,4,80,29,2.302585092984045,10,29,0.3448275862068966,24,77
v2_erdos_renyi_baseline_s19,v2,erdos_renyi_baseline,19,erdos_renyi,100,4,81,599,4.784744597164816,227,599,0.3789649415692821,21,48
v2_erdos_renyi_baseline_s19,v2,erdos_renyi_baseline,19,erdos_renyi,100,4,82,206,4.068809191527921,79,206,0.38349514563106796,55,45
v2_erdos_renyi_baseline_s19,v2,erdos_renyi_baseline,19,erdos_renyi,100,4,83,258,4.3139164854381615,115,258,0.44573643410852715,52,45
v2_erdos_renyi_baseline_s19,v2,erdos_renyi_baseline,19,erdos_renyi,100,4,84,284,4.432266055266917,116,284,0.4084507042253521,96,45
v2_erdos_renyi_baseline_s19,v2,erdos_renyi_baseline,19,erdos_renyi,100,4,85,53,2.954673212284816,23,53,0.4339622641509434,43,77
v2_erdos_renyi_baseline_s19,v2,erdos_renyi_baseline,19,erdos_renyi,100,4,86,107,3.4124897213676078,33,107,0.308411214953271,40,45
v2_erdos_renyi_baseline_s19,v2,erdos_renyi_baseline,19,erdos_renyi,100,4,87,96,3.4502855905397403,39,96,0.40625,61,45
v2_erdos_renyi_baseline_s19,v2,erdos_renyi_baseline,19,erdos_renyi,100,4,88,0,0.0,0,0,,45,45
v2_erdos_renyi_baseline_s19,v2,erdos_renyi_baseline,19,erdos_renyi,100,4,89,89,3.163424050399405,25,89,0.2808988764044944,37,48
v2_erdos_renyi_baseline_s19,v2,erdos_renyi_baseline,19,erdos_renyi,100,4,90,26,2.302585092984045,10,26,0.38461538461538464,94,77
v2_erdos_renyi_baseline_s19,v2,erdos_renyi_baseline,19,erdos_renyi,100,4,91,214,3.9384733669667855,79,214,0.3691588785046729,65,45
v2_erdos_renyi_baseline_s19,v2,erdos_renyi_baseline,19,erdos_renyi,100,4,92,399,4.773487055735817,173,399,0.43358395989974935,22,45
v2_erdos_renyi_baseline_s19,v2,erdos_renyi_baseline,19,erdos_renyi,100,4,93,109,3.163535599098091,49,109,0.44954128440366975,27,45
v2_erdos_renyi_baseline_s19,v2,erdos_renyi_baseline,19,erdos_renyi,100,4,94,28,2.369382119683676,12,28,0.42857142857142855,69,77
v2_erdos_renyi_baseline_s19,v2,erdos_renyi_baseline,19,erdos_renyi,100,4,95,60,3.120291565278284,24,60,0.4,2,45
v2_erdos_renyi_baseline_s19,v2,erdos_renyi_baseline,19,erdos_renyi,100,4,96,0,0.0,0,0,,51,51
v2_erdos_renyi_baseline_s19,v2,erdos_renyi_baseline,19,erdos_renyi,100,4,97,127,3.3646758728956088,55,127,0.4330708661417323,53,48
v2_erdos_renyi_baseline_s19,v2,erdos_renyi_baseline,19,erdos_renyi,100,4,98,10000,0.6931471741697535,8847,10000,0.8847,7,15
v2_erdos_renyi_baseline_s19,v2,erdos_renyi_baseline,19,erdos_renyi,100,4,99,10000,-1.000088900581841e-12,3672,10000,0.3672,84,84
v2_erdos_renyi_baseline_s19,v2,erdos_renyi_baseline,19,erdos_renyi,100,4,100,218,4.022371840739796,80,218,0.3669724770642202,43,97
v2_erdos_renyi_baseline_s19,v2,erdos_renyi_baseline,19,erdos_renyi,100,4,101,25,2.1458417525857545,11,25,0.44,18,77
v2_erdos_renyi_baseline_s19,v2,erdos_renyi_baseline,19,erdos_renyi,100,4,102,106,3.2101676770783283,34,106,0.32075471698113206,10,45
v2_erdos_renyi_baseline_s19,v2,erdos_renyi_baseline,19,erdos_renyi,100,4,103,61,2.507026435544418,17,61,0.2786885245901639,11,45
v2_erdos_renyi_baseline_s19,v2,erdos_renyi_baseline,19,erdos_renyi,100,4,104,682,4.955547301441218,268,682,0.39296187683284456,37,45
v2_erdos_renyi_baseline_s19,v2,erdos_renyi_baseline,19,erdos_renyi,100,4,105,15,1.791759469222055,6,15,0.4,1,45
v2_erdos_renyi_baseline_s19,v2,erdos_renyi_baseline,19,erdos_renyi,100,4,106,10000,-1.000088900581841e-12,3648,10000,0.3648,91,91
v2_erdos_renyi_baseline_s19,v2,erdos_renyi_baseline,19,erdos_renyi,100,4,107,40,2.736339051089065,18,40,0.45,17,51
v2_erdos_renyi_baseline_s19,v2,erdos_renyi_baseline,19,erdos_renyi,100,4,108,219,4.082583531918483,83,219,0.3789954337899543,30,77
v2_erdos_renyi_baseline_s19,v2,erdos_renyi_baseline,19,erdos_renyi,100,4,109,26,2.369382119683676,12,26,0.46153846153846156,72,45
v2_erdos_renyi_baseline_s19,v2,erdos_renyi_baseline,19,erdos_renyi,100,4,110,121,3.219590061608438,41,121,0.33884297520661155,72,45
v2_erdos_renyi_baseline_s19,v2,erdos_renyi_baseline,19,erdos_renyi,100,4,111,10000,-1.000088900581841e-12,3629,10000,0.3629,14,14
v2_erdos_renyi_baseline_s19,v2,erdos_renyi_baseline,19,erdos_renyi,100,4,112,58,2.9444389791474395,19,58,0.3275862068965517,43,48
v2_erdos_renyi_baseline_s19,v2,erdos_renyi_baseline,19,erdos_renyi,100,4,113,89,3.2551105127007407,31,89,0.34831460674157305,19,45
v2_erdos_renyi_baseline_s19,v2,erdos_renyi_baseline,19,erdos_renyi,100,4,114,313,4.397769429399988,117,313,0.3738019169329074,3,45
v2_erdos_renyi_baseline_s19,v2,erdos_renyi_baseline,19,erdos_renyi,100,4,115,219,3.9108126089210105,92,219,0.4200913242009132,43,77
v2_erdos_renyi_baseline_s19,v2,erdos_renyi_baseline,19,erdos_renyi,100,4,116,712,5.05154232125586,261,712,0.36657303370786515,43,97
v2_erdos_renyi_baseline_s19,v2,erdos_renyi_baseline,19,erdos_renyi,100,4,117,61,2.27928986784417,24,61,0.39344262295081966,25,51
v2_erdos_renyi_baseline_s19,v2,erdos_renyi_baseline,19,erdos_renyi,100,4,118,45,3.0246955538362474,26,45,0.5777777777777777,57,77
v2_erdos_renyi_baseline_s19,v2,erdos_renyi_baseline,19,erdos_renyi,100,4,119,6,1.3862943611158909,4,6,0.6666666666666666,50,45
v2_erdos_renyi_baseline_s19,v2,erdos_renyi_baseline,19,erdos_renyi,100,4,120,211,4.251817190721202,83,211,0.3933649289099526,55,45
v2_erdos_renyi_baseline_s19,v2,erdos_renyi_baseline,19,erdos_renyi,100,4,121,163,4.063627981864617,66,163,0.4049079754601227,92,51
v2_erdos_renyi_baseline_s19,v2,erdos_renyi_baseline,19,erdos_renyi,100,4,122,85,3.6690330832035736,48,85,0.5647058823529412,11,51
v2_erdos_renyi_baseline_s19,v2,erdos_renyi_baseline,19,erdos_renyi,100,4,123,134,3.944135416120502,53,134,0.39552238805970147,96,45
v2_erdos_renyi_baseline_s19,v2,erdos_renyi_baseline,19,erdos_renyi,100,4,124,120,3.673173853440987,47,120,0.39166666666666666,59,48
v2_erdos_renyi_baseline_s19,v2,erdos_renyi_baseline,19,erdos_renyi,100,4,125,10000,-1.000088900581841e-12,3631,10000,0.3631,84,84
v2_erdos_renyi_baseline_s19,v2,erdos_renyi_baseline,19,erdos_renyi,100,4,126,73,2.954673212284816,23,73,0.3150684931506849,98,45
v2_erdos_renyi_baseline_s19,v2,erdos_renyi_baseline,19,erdos_renyi,100,4,127,0,0.0,0,0,,48,48
v2_erdos_renyi_baseline_s19,v2,erdos_renyi_baseline,19,erdos_renyi,100,4,128,11,1.3862943611158909,4,11,0.36363636363636365,83,77
v2_erdos_renyi_baseline_s19,v2,erdos_renyi_baseline,19,erdos_renyi,100,4,129,10000,-1.000088900581841e-12,3681,10000,0.3681,14,14
v2_erdos_renyi_baseline_s19,v2,erdos_renyi_baseline,19,erdos_renyi,100,4,130,0,0.0,0,0,,45,45
v2_erdos_renyi_baseline_s19,v2,erdos_renyi_baseline,19,erdos_renyi,100,4,131,14,1.3862943611158909,4,14,0.2857142857142857,86,45
v2_erdos_renyi_baseline_s19,v2,erdos_renyi_baseline,19,erdos_renyi,100,4,132,144,3.827309639098593,56,144,0.3888888888888889,6,77
v2_erdos_renyi_baseline_s19,v2,erdos_renyi_baseline,19,erdos_renyi,100,4,133,230,3.936748890460247,84,230,0.3652173913043478,34,77
v2_erdos_renyi_baseline_s19,v2,erdos_renyi_baseline,19,erdos_renyi,100,4,134,134,3.7096011796024375,56,134,0.417910447761194,38,45
v2_erdos_renyi_baseline_s19,v2,erdos_renyi_baseline,19,erdos_renyi,100,4,135,276,4.484433857381693,104,276,0.37681159420289856,54,97
v2_erdos_renyi_baseline_s19,v2,erdos_renyi_baseline,19,erdos_renyi,100,4,136,263,4.500137302591015,103,263,0.3916349809885932,98,97
v2_erdos_renyi_baseline_s19,v2,erdos_renyi_baseline,19,erdos_renyi,100,4,137,149,3.5345591031799177,65,149,0.436241610738255,55,97
v2_erdos_renyi_baseline_s19,v2,erdos_renyi_baseline,19,erdos_renyi,100,4,138,2,0.6931471805579453,2,2,1.0,40,77
v2_erdos_renyi_baseline_s19,v2,erdos_renyi_baseline,19,erdos_renyi,100,4,139,6,1.3862943611158909,4,6,0.6666666666666666,82,45
v2_erdos_renyi_baseline_s19,v2,erdos_renyi_baseline,19,erdos_renyi,100,4,140,68,2.818880011494576,31,68,0.45588235294117646,47,77
v2_erdos_renyi_baseline_s19,v2,erdos_renyi_baseline,19,erdos_renyi,100,4,141,117,3.318637616470648,48,117,0.41025641025641024,61,45
v2_erdos_renyi_baseline_s19,v2,erdos_renyi_baseline,19,erdos_renyi,100,4,142,95,2.9678674685130355,30,95,0.3157894736842105,54,51
v2_erdos_renyi_baseline_s19,v2,erdos_renyi_baseline,19,erdos_renyi,100,4,143,6,-1.000088900581841e-12,1,6,0.16666666666666666,60,48
v2_erdos_renyi_baseline_s19,v2,erdos_renyi_baseline,19,erdos_renyi,100,4,144,0,0.0,0,0,,48,48
v2_erdos_renyi_baseline_s19,v2,erdos_renyi_baseline,19,erdos_renyi,100,4,145,108,3.652313342929744,43,108,0.39814814814814814,2,48
v2_erdos_renyi_baseline_s19,v2,erdos_renyi_baseline,19,erdos_renyi,100,4,146,75,2.8979325974534653,26,75,0.3466666666666667,4,45
v2_erdos_renyi_baseline_s19,v2,erdos_renyi_baseline,19,erdos_renyi,100,4,147,37,2.0262296229862917,15,37,0.40540540540540543,46,45
v2_erdos_renyi_baseline_s19,v2,erdos_renyi_baseline,19,erdos_renyi,100,4,148,110,3.4588769204538985,43,110,0.39090909090909093,25,77
v2_erdos_renyi_baseline_s19,v2,erdos_renyi_baseline,19,erdos_renyi,100,4,149,38,2.639057329601259,14,38,0.3684210526315789,27,45
v2_erdos_renyi_baseline_s19,v2,erdos_renyi_baseline,19,erdos_renyi,100,4,150,51,2.7782254129994435,26,51,0.5098039215686274,68,77
v2_erdos_renyi_baseline_s19,v2,erdos_renyi_baseline,19,erdos_renyi,100,4,151,56,2.8113759572431496,23,56,0.4107142857142857,67,77
v2_erdos_renyi_baseline_s19,v2,erdos_renyi_baseline,19,erdos_renyi,100,4,152,10000,0.6931471741610798,8841,10000,0.8841,15,7
v2_erdos_renyi_baseline_s19,v2,erdos_renyi_baseline,19,erdos_renyi,100,4,153,11,-1.000088900581841e-12,1,11,0.09090909090909091,35,45
v2_erdos_renyi_baseline_s19,v2,erdos_renyi_baseline,19,erdos_renyi,100,4,154,78,3.3549875695958247,30,78,0.38461538461538464,54,97
v2_erdos_renyi_baseline_s19,v2,erdos_renyi_baseline,19,erdos_renyi,100,4,155,716,4.930200088417851,257,716,0.35893854748603354,49,77
v2_erdos_renyi_baseline_s19,v2,erdos_renyi_baseline,19,erdos_renyi,100,4,156,95,2.9559804761253528,35,95,0.3684210526315789,6,45
v2_erdos_renyi_baseline_s19,v2,erdos_renyi_baseline,19,erdos_renyi,100,4,157,51,2.8152049266019468,22,51,0.43137254901960786,90,45
v2_erdos_renyi_baseline_s19,v2,erdos_renyi_baseline,19,erdos_renyi,100,4,158,192,4.117574296207233,68,192,0.3541666666666667,93,45
v2_erdos_renyi_baseline_s19,v2,erdos_renyi_baseline,19,erdos_renyi,100,4,159,197,3.9196406167481417,77,197,0.39086294416243655,74,77
v2_erdos_renyi_baseline_s19,v2,erdos_renyi_baseline,19,erdos_renyi,100,4,160,404,4.565401499690824,147,404,0.36386138613861385,69,48
v2_erdos_renyi_baseline_s19,v2,erdos_renyi_baseline,19,erdos_renyi,100,4,161,31,2.9444389791474395,19,31,0.6129032258064516,3,77
v2_erdos_renyi_baseline_s19,v2,erdos_renyi_baseline,19,erdos_renyi,100,4,162,21,2.302585092984045,10,21,0.47619047619047616,22,77
v2_erdos_renyi_baseline_s19,v2,erdos_renyi_baseline,19,erdos_renyi,100,4,163,15,1.791759469222055,6,15,0.4,31,51
v2_erdos_renyi_baseline_s19,v2,erdos_renyi_baseline,19,erdos_renyi,100,4,164,123,3.750361689789087,49,123,0.3983739837398374,54,77
v2_erdos_renyi_baseline_s19,v2,erdos_renyi_baseline,19,erdos_renyi,100,4,165,400,4.444710554506143,143,400,0.3575,52,77
v2_erdos_renyi_baseline_s19,v2,erdos_renyi_baseline,19,erdos_renyi,100,4,166,8,1.3321790402061222,5,8,0.625,95,51
v2_erdos_renyi_baseline_s19,v2,erdos_renyi_baseline,19,erdos_renyi,100,4,167,122,3.1558002177001687,55,122,0.45081967213114754,69,97
v2_erdos_renyi_baseline_s19,v2,erdos_renyi_baseline,19,erdos_renyi,100,4,168,31,2.3978952727873706,11,31,0.3548387096774194,40,45
v2_erdos_renyi_baseline_s19,v2,erdos_renyi_baseline,19,erdos_renyi,100,4,169,10000,-1.000088900581841e-12,3709,10000,0.3709,62,62
v2_erdos_renyi_baseline_s19,v2,erdos_renyi_baseline,19,erdos_renyi,100,4,170,186,3.689734154800064,58,186,0.3118279569892473,38,45
v2_erdos_renyi_baseline_s19,v2,erdos_renyi_baseline,19,erdos_renyi,100,4,171,62,2.8903717578781647,18,62,0.2903225806451613,44,45
v2_erdos_renyi_baseline_s19,v2,erdos_renyi_baseline,19,erdos_renyi,100,4,172,8,1.6094379124291005,5,8,0.625,99,45
v2_erdos_renyi_baseline_s19,v2,erdos_renyi_baseline,19,erdos_renyi,100,4,173,0,0.0,0,0,,77,77
v2_erdos_renyi_baseline_s19,v2,erdos_renyi_baseline,19,erdos_renyi,100,4,174,76,3.1064969046220257,30,76,0.39473684210526316,31,45
v2_erdos_renyi_baseline_s19,v2,erdos_renyi_baseline,19,erdos_renyi,100,4,175,34,2.253857589591352,12,34,0.35294117647058826,69,45
v2_erdos_renyi_baseline_s19,v2,erdos_renyi_baseline,19,erdos_renyi,100,4,176,143,3.614182604033629,47,143,0.32867132867132864,34,45
v2_erdos_renyi_baseline_s19,v2,erdos_renyi_baseline,19,erdos_renyi,100,4,177,80,3.0864593035104697,32,80,0.4,30,45
v2_erdos_renyi_baseline_s19,v2,erdos_renyi_baseline,19,erdos_renyi,100,4,178,15,1.791759469222055,6,15,0.4,73,45
v2_erdos_renyi_baseline_s19,v2,erdos_renyi_baseline,19,erdos_renyi,100,4,179,6,0.6931471805579453,2,6,0.3333333333333333,50,45
v2_erdos_renyi_baseline_s19,v2,erdos_renyi_baseline,19,erdos_renyi,100,4,180,236,4.217252632679562,88,236,0.3728813559322034,44,45
v2_erdos_renyi_baseline_s19,v2,erdos_renyi_baseline,19,erdos_renyi,100,4,181,35,2.7080502010872096,15,35,0.42857142857142855,93,45
v2_erdos_renyi_baseline_s19,v2,erdos_renyi_baseline,19,erdos_renyi,100,4,182,84,2.9462719597370444,35,84,0.4166666666666667,18,48
v2_erdos_renyi_baseline_s19,v2,erdos_renyi_baseline,19,erdos_renyi,100,4,183,144,3.6600906667062993,56,144,0.3888888888888889,18,77
v2_erdos_renyi_baseline_s19,v2,erdos_renyi_baseline,19,erdos_renyi,100,4,184,9,1.0986122886651095,3,9,0.3333333333333333,88,45
v2_erdos_renyi_baseline_s19,v2,erdos_renyi_baseline,19,erdos_renyi,100,4,185,40,2.639057329601259,14,40,0.35,85,48
v2_erdos_renyi_baseline_s19,v2,erdos_renyi_baseline,19,erdos_renyi,100,4,186,10000,-1.000088900581841e-12,3749,10000,0.3749,84,84
v2_erdos_renyi_baseline_s19,v2,erdos_renyi_baseline,19,erdos_renyi,100,4,187,45,1.846220219314633,11,45,0.24444444444444444,10,45
v2_erdos_renyi_baseline_s19,v2,erdos_renyi_baseline,19,erdos_renyi,100,4,188,43,2.598605177982307,21,43,0.4883720930232558,26,77
v2_erdos_renyi_baseline_s19,v2,erdos_renyi_baseline,19,erdos_renyi,100,4,189,121,3.3702246648586884,42,121,0.34710743801652894,55,77
v2_erdos_renyi_baseline_s19,v2,erdos_renyi_baseline,19,erdos_renyi,100,4,190,31,2.3978952727873706,11,31,0.3548387096774194,85,45
v2_erdos_renyi_baseline_s19,v2,erdos_renyi_baseline,19,erdos_renyi,100,4,191,89,3.5213776090567093,39,89,0.43820224719101125,82,45
v2_erdos_renyi_baseline_s19,v2,erdos_renyi_baseline,19,erdos_renyi,100,4,192,95,3.478947762716976,43,95,0.45263157894736844,38,45
v2_erdos_renyi_baseline_s19,v2,erdos_renyi_baseline,19,erdos_renyi,100,4,193,93,3.208580884991321,35,93,0.3763440860215054,32,77
v2_erdos_renyi_baseline_s19,v2,erdos_renyi_baseline,19,erdos_renyi,100,4,194,83,3.4544986414005443,33,83,0.39759036144578314,50,45
v2_erdos_renyi_baseline_s19,v2,erdos_renyi_baseline,19,erdos_renyi,100,4,195,53,2.772588722223781,16,53,0.3018867924528302,92,77
v2_erdos_renyi_baseline_s19,v2,erdos_renyi_baseline,19,erdos_renyi,100,4,196,352,4.4516151162862885,134,352,0.3806818181818182,72,97
v2_erdos_renyi_baseline_s19,v2,erdos_renyi_baseline,19,erdos_renyi,100,4,197,10000,-1.000088900581841e-12,3711,10000,0.3711,14,14
v2_erdos_renyi_baseline_s19,v2,erdos_renyi_baseline,19,erdos_renyi,100,4,198,130,3.507960989985824,39,130,0.3,5,45
v2_erdos_renyi_baseline_s19,v2,erdos_renyi_baseline,19,erdos_renyi,100,4,199,42,2.8332133440392155,17,42,0.40476190476190477,28,77
v2_erdos_renyi_baseline_s19,v2,erdos_renyi_baseline,19,erdos_renyi,100,4,200,193,4.060544326520351,81,193,0.41968911917098445,59,48
v2_erdos_renyi_baseline_s19,v2,erdos_renyi_baseline,19,erdos_renyi,100,4,201,134,3.685841755717329,55,134,0.41044776119402987,94,45
v2_erdos_renyi_baseline_s19,v2,erdos_renyi_baseline,19,erdos_renyi,100,4,202,124,3.615837736078624,49,124,0.3951612903225806,50,45
v2_erdos_renyi_baseline_s19,v2,erdos_renyi_baseline,19,erdos_renyi,100,4,203,33,2.670119889791816,17,33,0.5151515151515151,65,97
v2_erdos_renyi_baseline_s19,v2,erdos_renyi_baseline,19,erdos_renyi,100,4,204,92,3.4544986414005443,33,92,0.358695652173913,73,45
v2_erdos_renyi_baseline_s19,v2,erdos_renyi_baseline,19,erdos_renyi,100,4,205,30,1.5607104090364068,6,30,0.2,28,45
v2_erdos_renyi_baseline_s19,v2,erdos_renyi_baseline,19,erdos_renyi,100,4,206,48,2.685945324654788,16,48,0.3333333333333333,80,45
v2_erdos_renyi_baseline_s19,v2,erdos_renyi_baseline,19,erdos_renyi,100,4,207,69,3.151458510219029,26,69,0.37681159420289856,6,97
v2_erdos_renyi_baseline_s19,v2,erdos_renyi_baseline,19,erdos_renyi,100,4,208,127,3.4049278883658625,38,127,0.2992125984251969,66,45
v2_erdos_renyi_baseline_s19,v2,erdos_renyi_baseline,19,erdos_renyi,100,4,209,89,3.4365228305042805,35,89,0.39325842696629215,94,45
v2_erdos_renyi_baseline_s19,v2,erdos_renyi_baseline,19,erdos_renyi,100,4,210,183,3.390275154311369,69,183,0.3770491803278688,61,45
v2_erdos_renyi_baseline_s19,v2,erdos_renyi_baseline,19,erdos_renyi,100,4,211,36,2.540036303807981,14,36,0.3888888888888889,27,51
v2_erdos_renyi_baseline_s19,v2,erdos_renyi_baseline,19,erdos_renyi,100,4,212,199,3.8983368024051694,84,199,0.4221105527638191,85,45
v2_erdos_renyi_baseline_s19,v2,erdos_renyi_baseline,19,erdos_renyi,100,4,213,260,4.2880664941872135,96,260,0.36923076923076925,70,77
v2_erdos_renyi_baseline_s19,v2,erdos_renyi_baseline,19,erdos_renyi,100,4,214,194,4.137727976620273,81,194,0.4175257731958763,43,77
v2_erdos_renyi_baseline_s19,v2,erdos_renyi_baseline,19,erdos_renyi,100,4,215,256,4.305538231903037,89,256,0.34765625,71,45
v2_erdos_renyi_baseline_s19,v2,erdos_renyi_baseline,19,erdos_renyi,100,4,216,0,0.0,0,0,,45,45
v2_erdos_renyi_baseline_s19,v2,erdos_renyi_baseline,19,erdos_renyi,100,4,217,77,3.244492630381296,27,77,0.35064935064935066,0,45
v2_erdos_renyi_baseline_s19,v2,erdos_renyi_baseline,19,erdos_renyi,100,4,218,119,3.624299170288877,50,119,0.42016806722689076,47,45
v2_erdos_renyi_baseline_s19,v2,erdos_renyi_baseline,19,erdos_renyi,100,4,219,31,2.4583113296710835,13,31,0.41935483870967744,67,77
v2_erdos_renyi_baseline_s19,v2,erdos_renyi_baseline,19,erdos_renyi,100,4,220,216,4.036468079066227,76,216,0.35185185185185186,5,77
v2_erdos_renyi_baseline_s19,v2,erdos_renyi_baseline,19,erdos_renyi,100,4,221,538,4.752745739670797,223,538,0.4144981412639405,82,97
v2_erdos_renyi_baseline_s19,v2,erdos_renyi_baseline,19,erdos_renyi,100,4,222,1,-1.000088900581841e-12,1,1,1.0,60,48
v2_erdos_renyi_baseline_s19,v2,erdos_renyi_baseline,19,erdos_renyi,100,4,223,77,3.2163581334868363,30,77,0.38961038961038963,50,45
v2_erdos_renyi_baseline_s19,v2,erdos_renyi_baseline,19,erdos_renyi,100,4,224,16,2.079441541671836,8,16,0.5,79,45
v2_erdos_renyi_baseline_s19,v2,erdos_renyi_baseline,19,erdos_renyi,100,4,225,423,4.670744990125063,177,423,0.41843971631205673,5,45
v2_erdos_renyi_baseline_s19,v2,erdos_renyi_baseline,19,erdos_renyi,100,4,226,296,4.311799785372372,123,296,0.4155405405405405,55,48
v2_erdos_renyi_baseline_s19,v2,erdos_renyi_baseline,19,erdos_renyi,100,4,227,143,3.817045638070524,65,143,0.45454545454545453,34,45
v2_erdos_renyi_baseline_s19,v2,erdos_renyi_baseline,19,erdos_renyi,100,4,228,92,3.260918854185786,36,92,0.391304347826087,99,45
v2_erdos_renyi_baseline_s19,v2,erdos_renyi_baseline,19,erdos_renyi,100,4,229,79,3.4502855905397403,39,79,0.4936708860759494,71,97
v2_erdos_renyi_baseline_s19,v2,erdos_renyi_baseline,19,erdos_renyi,100,4,230,0,0.0,0,0,,48,48
v2_erdos_renyi_baseline_s19,v2,erdos_renyi_baseline,19,erdos_renyi,100,4,231,46,2.430791328866232,15,46,0.32608695652173914,30,48
v2_erdos_renyi_baseline_s19,v2,erdos_renyi_baseline,19,erdos_renyi,100,4,232,213,3.98646343441591,83,213,0.38967136150234744,28,51
v2_erdos_renyi_baseline_s19,v2,erdos_renyi_baseline,19,erdos_renyi,100,4,233,43,2.8332133440392155,17,43,0.3953488372093023,50,45
v2_erdos_renyi_baseline_s19,v2,erdos_renyi_baseline,19,erdos_renyi,100,4,234,56,2.633669017313806,30,56,0.5357142857142857,8,97
v2_erdos_renyi_baseline_s19,v2,erdos_renyi_baseline,19,erdos_renyi,100,4,235,270,4.304847795132009,103,270,0.3814814814814815,56,45
v2_erdos_renyi_baseline_s19,v2,erdos_renyi_baseline,19,erdos_renyi,100,4,236,71,3.1418041591892294,27,71,0.38028169014084506,32,48
v2_erdos_renyi_baseline_s19,v2,erdos_renyi_baseline,19,erdos_renyi,100,4,237,290,4.478859149937062,125,290,0.43103448275862066,73,77
v2_erdos_renyi_baseline_s19,v2,erdos_renyi_baseline,19,erdos_renyi,100,4,238,38,2.751666616915516,17,38,0.4473684210526316,42,48
v2_erdos_renyi_baseline_s19,v2,erdos_renyi_baseline,19,erdos_renyi,100,4,239,78,3.098139496330803,26,78,0.3333333333333333,8,77
v2_erdos_renyi_baseline_s19,v2,erdos_renyi_baseline,19,erdos_renyi,100,4,240,146,3.883612493446919,61,146,0.4178082191780822,58,45
v2_erdos_renyi_baseline_s19,v2,erdos_renyi_baseline,19,erdos_renyi,100,4,241,341,4.599159833268833,136,341,0.39882697947214074,43,45
v2_erdos_renyi_baseline_s19,v2,erdos_renyi_baseline,19,erdos_renyi,100,4,242,95,3.5734504974428223,37,95,0.3894736842105263,46,48
v2_erdos_renyi_baseline_s19,v2,erdos_renyi_baseline,19,erdos_renyi,100,4,243,166,3.9359658419710457,76,166,0.4578313253012048,81,51
v2_erdos_renyi_baseline_s19,v2,erdos_renyi_baseline,19,erdos_renyi,100,4,244,46,2.8332133440392155,17,46,0.3695652173913043,52,97
v2_erdos_renyi_baseline_s19,v2,erdos_renyi_baseline,19,erdos_renyi,100,4,245,0,0.0,0,0,,77,77
v2_erdos_renyi_baseline_s19,v2,erdos_renyi_baseline,19,erdos_renyi,100,4,246,96,3.2163581334868363,30,96,0.3125,73,45
v2_erdos_renyi_baseline_s19,v2,erdos_renyi_baseline,19,erdos_renyi,100,4,247,11,1.0986122886651095,3,11,0.2727272727272727,20,51
v2_erdos_renyi_baseline_s19,v2,erdos_renyi_baseline,19,erdos_renyi,100,4,248,223,3.9711451141226353,88,223,0.39461883408071746,39,45
v2_erdos_renyi_baseline_s19,v2,erdos_renyi_baseline,19,erdos_renyi,100,4,249,10000,-1.000088900581841e-12,3648,10000,0.3648,84,84
v2_erdos_renyi_baseline_s19,v2,erdos_renyi_baseline,19,erdos_renyi,100,4,250,39,2.5649493574485365,13,39,0.3333333333333333,72,97
v2_erdos_renyi_baseline_s19,v2,erdos_renyi_baseline,19,erdos_renyi,100,4,251,107,3.4116205818579584,40,107,0.37383177570093457,5,45
v2_erdos_renyi_baseline_s19,v2,erdos_renyi_baseline,19,erdos_renyi,100,4,252,94,3.477890749475435,38,94,0.40425531914893614,34,45
v2_erdos_renyi_baseline_s19,v2,erdos_renyi_baseline,19,erdos_renyi,100,4,253,9,1.0986122886651095,3,9,0.3333333333333333,21,77
v2_erdos_renyi_baseline_s19,v2,erdos_renyi_baseline,19,erdos_renyi,100,4,254,242,4.137396650438261,92,242,0.38016528925619836,67,45
v2_erdos_renyi_baseline_s19,v2,erdos_renyi_baseline,19,erdos_renyi,100,4,255,97,3.5924696275736783,39,97,0.4020618556701031,12,77
v2_erdos_renyi_baseline_s19,v2,erdos_renyi_baseline,19,erdos_renyi,100,4,256,138,3.576171765304929,46,138,0.3333333333333333,32,77
v2_erdos_renyi_baseline_s19,v2,erdos_renyi_baseline,19,erdos_renyi,100,4,257,184,3.784130106758392,61,184,0.33152173913043476,55,77
v2_erdos_renyi_baseline_s19,v2,erdos_renyi_baseline,19,erdos_renyi,100,4,258,250,3.636155549088712,88,250,0.352,63,97
v2_erdos_renyi_baseline_s19,v2,erdos_renyi_baseline,19,erdos_renyi,100,4,259,121,3.7151382241192903,53,121,0.4380165289256198,1,45
v2_erdos_renyi_baseline_s19,v2,erdos_renyi_baseline,19,erdos_renyi,100,4,260,0,0.0,0,0,,77,77
v2_erdos_renyi_baseline_s19,v2,erdos_renyi_baseline,19,erdos_renyi,100,4,261,322,4.02648225302304,134,322,0.4161490683229814,17,51
v2_erdos_renyi_baseline_s19,v2,erdos_renyi_baseline,19,erdos_renyi,100,4,262,181,3.705371503865592,67,181,0.3701657458563536,89,48
v2_erdos_renyi_baseline_s19,v2,erdos_renyi_baseline,19,erdos_renyi,100,4,263,202,4.104791927959183,84,202,0.4158415841584158,67,45
v2_erdos_renyi_baseline_s19,v2,erdos_renyi_baseline,19,erdos_renyi,100,4,264,669,4.843858038694785,257,669,0.3841554559043348,0,97
v2_erdos_renyi_baseline_s19,v2,erdos_renyi_baseline,19,erdos_renyi,100,4,265,3,-1.000088900581841e-12,1,3,0.3333333333333333,13,45
v2_erdos_renyi_baseline_s19,v2,erdos_renyi_baseline,19,erdos_renyi,100,4,266,151,3.665832527885203,58,151,0.3841059602649007,53,45
v2_erdos_renyi_baseline_s19,v2,erdos_renyi_baseline,19,erdos_renyi,100,4,267,167,3.923683665843976,65,167,0.38922155688622756,19,45
v2_erdos_renyi_baseline_s19,v2,erdos_renyi_baseline,19,erdos_renyi,100,4,268,181,3.8865185363454895,67,181,0.3701657458563536,47,97
v2_erdos_renyi_baseline_s19,v2,erdos_renyi_baseline,19,erdos_renyi,100,4,269,40,2.926417555478996,20,40,0.5,44,51
v2_erdos_renyi_baseline_s19,v2,erdos_renyi_baseline,19,erdos_renyi,100,4,270,20,2.079441541671836,8,20,0.4,63,45
v2_erdos_renyi_baseline_s19,v2,erdos_renyi_baseline,19,erdos_renyi,100,4,271,10000,-1.000088900581841e-12,3647,10000,0.3647,91,91
v2_erdos_renyi_baseline_s19,v2,erdos_renyi_baseline,19,erdos_renyi,100,4,272,125,3.714242865653661,45,125,0.36,28,45
v2_erdos_renyi_baseline_s19,v2,erdos_renyi_baseline,19,erdos_renyi,100,4,273,28,1.9686932084959352,15,28,0.5357142857142857,3,48
v2_erdos_renyi_baseline_s19,v2,erdos_renyi_baseline,19,erdos_renyi,100,4,274,10000,0.6931471741232887,8815,10000,0.8815,7,15
v2_erdos_renyi_baseline_s19,v2,erdos_renyi_baseline,19,erdos_renyi,100,4,275,44,2.6593226976945163,18,44,0.4090909090909091,2,97
v2_erdos_renyi_baseline_s19,v2,erdos_renyi_baseline,19,erdos_renyi,100,4,276,432,4.66893342094469,162,432,0.375,63,51
v2_erdos_renyi_baseline_s19,v2,erdos_renyi_baseline,19,erdos_renyi,100,4,277,223,3.06046010931163,86,223,0.38565022421524664,55,77
v2_erdos_renyi_baseline_s19,v2,erdos_renyi_baseline,19,erdos_renyi,100,4,278,159,3.810207170703765,59,159,0.3710691823899371,23,48
v2_erdos_renyi_baseline_s19,v2,erdos_renyi_baseline,19,erdos_renyi,100,4,279,5,1.3862943611158909,4,5,0.8,3,97
v2_erdos_renyi_baseline_s19,v2,erdos_renyi_baseline,19,erdos_renyi,100,4,280,37,2.369382119683676,12,37,0.32432432432432434,68,45
v2_erdos_renyi_baseline_s19,v2,erdos_renyi_baseline,19,erdos_renyi,100,4,281,138,3.551750800435721,44,138,0.3188405797101449,82,77
v2_erdos_renyi_baseline_s19,v2,erdos_renyi_baseline,19,erdos_renyi,100,4,282,41,2.926417555478996,20,41,0.4878048780487805,80,45
v2_erdos_renyi_baseline_s19,v2,erdos_renyi_baseline,19,erdos_renyi,100,4,283,261,4.293028291558726,107,261,0.4099616858237548,86,45
v2_erdos_renyi_baseline_s19,v2,erdos_renyi_baseline,19,erdos_renyi,100,4,284,269,4.128556053129305,98,269,0.3643122676579926,86,45
v2_erdos_renyi_baseline_s19,v2,erdos_renyi_baseline,19,erdos_renyi,100,4,285,10000,0.6931471805579453,8840,10000,0.884,7,7
v2_erdos_renyi_baseline_s19,v2,erdos_renyi_baseline,19,erdos_renyi,100,4,286,338,4.40817354800299,140,338,0.41420118343195267,93,45
v2_erdos_renyi_baseline_s19,v2,erdos_renyi_baseline,19,erdos_renyi,100,4,287,386,4.589516770456145,143,386,0.3704663212435233,36,77
v2_erdos_renyi_baseline_s19,v2,erdos_renyi_baseline,19,erdos_renyi,100,4,288,72,2.5578935855167773,26,72,0.3611111111111111,65,45
v2_erdos_renyi_baseline_s19,v2,erdos_renyi_baseline,19,erdos_renyi,100,4,289,93,3.5317496288789423,41,93,0.44086021505376344,33,45
v2_erdos_renyi_baseline_s19,v2,erdos_renyi_baseline,19,erdos_renyi,100,4,290,96,3.491660437469239,38,96,0.3958333333333333,80,45
v2_erdos_renyi_baseline_s19,v2,erdos_renyi_baseline,19,erdos_renyi,100,4,291,232,4.194679467874224,91,232,0.3922413793103448,65,77
v2_erdos_renyi_baseline_s19,v2,erdos_renyi_baseline,19,erdos_renyi,100,4,292,148,3.7158943452531408,48,148,0.32432432432432434,40,45
v2_erdos_renyi_baseline_s19,v2,erdos_renyi_baseline,19,erdos_renyi,100,4,293,104,3.619564736019943,40,104,0.38461538461538464,87,51
v2_erdos_renyi_baseline_s19,v2,erdos_renyi_baseline,19,erdos_renyi,100,4,294,75,3.5065025850265608,36,75,0.48,63,48
v2_erdos_renyi_baseline_s19,v2,erdos_renyi_baseline,19,erdos_renyi,100,4,295,119,3.1244311401328937,50,119,0.42016806722689076,80,77
v2_erdos_renyi_baseline_s19,v2,erdos_renyi_baseline,19,erdos_renyi,100,4,296,0,0.0,0,0,,48,48
v2_erdos_renyi_baseline_s19,v2,erdos_renyi_baseline,19,erdos_renyi,100,4,297,39,3.044522437702424,21,39,0.5384615384615384,58,45
v2_erdos_renyi_baseline_s19,v2,erdos_renyi_baseline,19,erdos_renyi,100,4,298,202,4.220921690239624,97,202,0.4801980198019802,59,48
v2_erdos_renyi_baseline_s19,v2,erdos_renyi_baseline,19,erdos_renyi,100,4,299,163,3.9450926747489774,63,163,0.38650306748466257,2,45
v2_erdos_renyi_baseline_s19,v2,erdos_renyi_baseline,19,erdos_renyi,100,4,300,14,1.9061547465328492,8,14,0.5714285714285714,28,51
v2_erdos_renyi_baseline_s19,v2,erdos_renyi_baseline,19,erdos_renyi,100,4,301,138,3.795914420803827,51,138,0.3695652173913043,19,77
v2_erdos_renyi_baseline_s19,v2,erdos_renyi_baseline,19,erdos_renyi,100,4,302,442,4.617827338948437,182,442,0.4117647058823529,12,77
v2_erdos_renyi_baseline_s19,v2,erdos_renyi_baseline,19,erdos_renyi,100,4,303,10000,-1.000088900581841e-12,3736,10000,0.3736,91,91
v2_erdos_renyi_baseline_s19,v2,erdos_renyi_baseline,19,erdos_renyi,100,4,304,246,4.279076429423096,96,246,0.3902439024390244,6,97
v2_erdos_renyi_baseline_s19,v2,erdos_renyi_baseline,19,erdos_renyi,100,4,305,164,3.492774545144021,59,164,0.3597560975609756,72,77
v2_erdos_renyi_baseline_s19,v2,erdos_renyi_baseline,19,erdos_renyi,100,4,306,76,2.865703420328897,27,76,0.35526315789473684,26,77
v2_erdos_renyi_baseline_s19,v2,erdos_renyi_baseline,19,erdos_renyi,100,4,307,131,3.473613549464628,42,131,0.32061068702290074,82,77
v2_erdos_renyi_baseline_s19,v2,erdos_renyi_baseline,19,erdos_renyi,100,4,308,299,4.450309094707072,116,299,0.3879598662207358,68,51
v2_erdos_renyi_baseline_s19,v2,erdos_renyi_baseline,19,erdos_renyi,100,4,309,90,3.6888794540739367,40,90,0.4444444444444444,30,45
v2_erdos_renyi_baseline_s19,v2,erdos_renyi_baseline,19,erdos_renyi,100,4,310,86,3.1836729714587872,28,86,0.32558139534883723,82,97
v2_erdos_renyi_baseline_s19,v2,erdos_renyi_baseline,19,erdos_renyi,100,4,311,109,3.296120217341914,42,109,0.3853211009174312,23,45
v2_erdos_renyi_baseline_s19,v2,erdos_renyi_baseline,19,erdos_renyi,100,4,312,163,3.863295501985452,60,163,0.36809815950920244,93,51
v2_erdos_renyi_baseline_s19,v2,erdos_renyi_baseline,19,erdos_renyi,100,4,313,183,4.041072088145853,73,183,0.3989071038251366,59,51
v2_erdos_renyi_baseline_s19,v2,erdos_renyi_baseline,19,erdos_renyi,100,4,314,21,1.9061547465328492,8,21,0.38095238095238093,8,77
v2_erdos_renyi_baseline_s19,v2,erdos_renyi_baseline,19,erdos_renyi,100,4,315,63,2.938182454666123,26,63,0.4126984126984127,74,51
v2_erdos_renyi_baseline_s19,v2,erdos_renyi_baseline,19,erdos_renyi,100,4,316,112,3.544511778726858,41,112,0.36607142857142855,42,77
v2_erdos_renyi_baseline_s19,v2,erdos_renyi_baseline,19,erdos_renyi,100,4,317,238,4.268760610068617,90,238,0.37815126050420167,85,77
v2_erdos_renyi_baseline_s19,v2,erdos_renyi_baseline,19,erdos_renyi,100,4,318,5,1.3862943611158909,4,5,0.8,33,45
v2_erdos_renyi_baseline_s19,v2,erdos_renyi_baseline,19,erdos_renyi,100,4,319,22,2.079441541671836,8,22,0.36363636363636365,24,45
v2_erdos_renyi_baseline_s19,v2,erdos_renyi_baseline,19,erdos_renyi,100,4,320,168,3.842131271572111,69,168,0.4107142857142857,29,45
v2_erdos_renyi_baseline_s19,v2,erdos_renyi_baseline,19,erdos_renyi,100,4,321,57,2.9650156932365066,22,57,0.38596491228070173,54,45
v2_erdos_renyi_baseline_s19,v2,erdos_renyi_baseline,19,erdos_renyi,100,4,322,40,2.4583113296710835,13,40,0.325,40,51
v2_erdos_renyi_baseline_s19,v2,erdos_renyi_baseline,19,erdos_renyi,100,4,323,250,4.419382291269643,103,250,0.412,66,51
v2_erdos_renyi_baseline_s19,v2,erdos_renyi_baseline,19,erdos_renyi,100,4,324,81,3.047277078254755,28,81,0.345679012345679,17,45
v2_erdos_renyi_baseline_s19,v2,erdos_renyi_baseline,19,erdos_renyi,100,4,325,167,3.9376627749305553,69,167,0.41317365269461076,2,48
v2_erdos_renyi_baseline_s19,v2,erdos_renyi_baseline,19,erdos_renyi,100,4,326,39,2.523210952939891,15,39,0.38461538461538464,63,77
v2_erdos_renyi_baseline_s19,v2,erdos_renyi_baseline,19,erdos_renyi,100,4,327,27,2.5232109529398907,15,27,0.5555555555555556,93,51
v2_erdos_renyi_baseline_s19,v2,erdos_renyi_baseline,19,erdos_renyi,100,4,328,28,2.079441541671836,8,28,0.2857142857142857,28,45
v2_erdos_renyi_baseline_s19,v2,erdos_renyi_baseline,19,erdos_renyi,100,4,329,0,0.0,0,0,,77,77
v2_erdos_renyi_baseline_s19,v2,erdos_renyi_baseline,19,erdos_renyi,100,4,330,92,3.6000030969206915,43,92,0.4673913043478261,18,45
v2_erdos_renyi_baseline_s19,v2,erdos_renyi_baseline,19,erdos_renyi,100,4,331,6,-1.000088900581841e-12,1,6,0.16666666666666666,60,48
v2_erdos_renyi_baseline_s19,v2,erdos_renyi_baseline,19,erdos_renyi,100,4,332,43,2.7080502010872096,15,43,0.3488372093023256,22,45
v2_erdos_renyi_baseline_s19,v2,erdos_renyi_baseline,19,erdos_renyi,100,4,333,118,3.3909780549362365,36,118,0.3050847457627119,81,77
v2_erdos_renyi_baseline_s19,v2,erdos_renyi_baseline,19,erdos_renyi,100,4,334,285,4.394893041034495,108,285,0.37894736842105264,8,45
v2_erdos_renyi_baseline_s19,v2,erdos_renyi_baseline,19,erdos_renyi,100,4,335,11,1.0986122886651095,3,11,0.2727272727272727,66,45
v2_erdos_renyi_baseline_s19,v2,erdos_renyi_baseline,19,erdos_renyi,100,4,336,61,2.7543317035412542,25,61,0.4098360655737705,72,45
v2_erdos_renyi_baseline_s19,v2,erdos_renyi_baseline,19,erdos_renyi,100,4,337,116,3.246287060792909,42,116,0.3620689655172414,2,77
v2_erdos_renyi_baseline_s19,v2,erdos_renyi_baseline,19,erdos_renyi,100,4,338,95,3.291714404201028,34,95,0.35789473684210527,29,45
v2_erdos_renyi_baseline_s19,v2,erdos_renyi_baseline,19,erdos_renyi,100,4,339,15,1.9459101490483133,7,15,0.4666666666666667,32,45
v2_erdos_renyi_baseline_s19,v2,erdos_renyi_baseline,19,erdos_renyi,100,4,340,16,1.9061547465328492,8,16,0.5,72,45
v2_erdos_renyi_baseline_s19,v2,erdos_renyi_baseline,19,erdos_renyi,100,4,341,35,2.484906649776,12,35,0.34285714285714286,80,51
v2_erdos_renyi_baseline_s19,v2,erdos_renyi_baseline,19,erdos_renyi,100,4,342,63,3.2101676770783283,34,63,0.5396825396825397,54,45
v2_erdos_renyi_baseline_s19,v2,erdos_renyi_baseline,19,erdos_renyi,100,4,343,81,3.0993067559327656,38,81,0.4691358024691358,49,45
v2_erdos_renyi_baseline_s19,v2,erdos_renyi_baseline,19,erdos_renyi,100,4,344,53,3.10797227595561,25,53,0.4716981132075472,56,51
v2_erdos_renyi_baseline_s19,v2,erdos_renyi_baseline,19,erdos_renyi,100,4,345,93,3.176082814634593,29,93,0.3118279569892473,53,45
v2_erdos_renyi_baseline_s19,v2,erdos_renyi_baseline,19,erdos_renyi,100,4,346,58,3.0280290732864104,22,58,0.3793103448275862,46,45
v2_erdos_renyi_baseline_s19,v2,erdos_renyi_baseline,19,erdos_renyi,100,4,347,167,4.001846716819602,74,167,0.4431137724550898,93,45
v2_erdos_renyi_baseline_s19,v2,erdos_renyi_baseline,19,erdos_renyi,100,4,348,24,1.8891591637470213,9,24,0.375,11,45
v2_erdos_renyi_baseline_s19,v2,erdos_renyi_baseline,19,erdos_renyi,100,4,349,226,4.146200845650121,91,226,0.4026548672566372,73,45
v2_erdos_renyi_baseline_s19,v2,erdos_renyi_baseline,19,erdos_renyi,100,4,350,764,5.083150079928664,313,764,0.4096858638743455,33,48
v2_erdos_renyi_baseline_s19,v2,erdos_renyi_baseline,19,erdos_renyi,100,4,351,6,0.6931471805579453,2,6,0.3333333333333333,44,45
v2_erdos_renyi_baseline_s19,v2,erdos_renyi_baseline,19,erdos_renyi,100,4,352,0,0.0,0,0,,48,48
v2_erdos_renyi_baseline_s19,v2,erdos_renyi_baseline,19,erdos_renyi,100,4,353,179,3.826521550309686,76,179,0.4245810055865922,82,48
v2_erdos_renyi_baseline_s19,v2,erdos_renyi_baseline,19,erdos_renyi,100,4,354,218,4.065788877493986,97,218,0.44495412844036697,17,48
v2_erdos_renyi_baseline_s19,v2,erdos_renyi_baseline,19,erdos_renyi,100,4,355,194,4.072742550264582,82,194,0.422680412371134,37,45
v2_erdos_renyi_baseline_s19,v2,erdos_renyi_baseline,19,erdos_renyi,100,4,356,204,4.095325179436792,99,204,0.4852941176470588,4,45
v2_erdos_renyi_baseline_s19,v2,erdos_renyi_baseline,19,erdos_renyi,100,4,357,90,3.120952993885687,31,90,0.34444444444444444,23,45
v2_erdos_renyi_baseline_s19,v2,erdos_renyi_baseline,19,erdos_renyi,100,4,358,2,-1.000088900581841e-12,1,2,0.5,41,77
v2_erdos_renyi_baseline_s19,v2,erdos_renyi_baseline,19,erdos_renyi,100,4,359,92,3.3415855150742564,42,92,0.45652173913043476,75,51
v2_erdos_renyi_baseline_s19,v2,erdos_renyi_baseline,19,erdos_renyi,100,4,360,56,2.9650156932365066,22,56,0.39285714285714285,26,77
v2_erdos_renyi_baseline_s19,v2,erdos_renyi_baseline,19,erdos_renyi,100,4,361,88,3.65422209504694,40,88,0.45454545454545453,89,45
v2_erdos_renyi_baseline_s19,v2,erdos_renyi_baseline,19,erdos_renyi,100,4,362,169,4.006267528183268,71,169,0.42011834319526625,39,45
v2_erdos_renyi_baseline_s19,v2,erdos_renyi_baseline,19,erdos_renyi,100,4,363,207,4.003586972762073,84,207,0.4057971014492754,90,77
v2_erdos_renyi_baseline_s19,v2,erdos_renyi_baseline,19,erdos_renyi,100,4,364,10,1.7478680974607577,7,10,0.7,42,45
v2_erdos_renyi_baseline_s19,v2,erdos_renyi_baseline,19,erdos_renyi,100,4,365,4,0.6931471805579453,2,4,0.5,99,51
v2_erdos_renyi_baseline_s19,v2,erdos_renyi_baseline,19,erdos_renyi,100,4,366,131,3.693848158632537,51,131,0.3893129770992366,10,77
v2_erdos_renyi_baseline_s19,v2,erdos_renyi_baseline,19,erdos_renyi,100,4,367,86,3.448696971190125,42,86,0.4883720930232558,30,97
v2_erdos_renyi_baseline_s19,v2,erdos_renyi_baseline,19,erdos_renyi,100,4,368,10000,-1.000088900581841e-12,3716,10000,0.3716,91,91
v2_erdos_renyi_baseline_s19,v2,erdos_renyi_baseline,19,erdos_renyi,100,4,369,108,3.5434265702089243,43,108,0.39814814814814814,4,51
v2_erdos_renyi_baseline_s19,v2,erdos_renyi_baseline,19,erdos_renyi,100,4,370,10000,-1.000088900581841e-12,3758,10000,0.3758,91,91
v2_erdos_renyi_baseline_s19,v2,erdos_renyi_baseline,19,erdos_renyi,100,4,371,358,4.431401623621196,131,358,0.3659217877094972,29,97
v2_erdos_renyi_baseline_s19,v2,erdos_renyi_baseline,19,erdos_renyi,100,4,372,4,-1.000088900581841e-12,1,4,0.25,60,48
v2_erdos_renyi_baseline_s19,v2,erdos_renyi_baseline,19,erdos_renyi,100,4,373,34,1.8705688894076369,17,34,0.5,22,45
v2_erdos_renyi_baseline_s19,v2,erdos_renyi_baseline,19,erdos_renyi,100,4,374,433,4.7176481867453255,158,433,0.3648960739030023,94,45
v2_erdos_renyi_baseline_s19,v2,erdos_renyi_baseline,19,erdos_renyi,100,4,375,109,3.658162873776453,44,109,0.4036697247706422,98,77
v2_erdos_renyi_baseline_s19,v2,erdos_renyi_baseline,19,erdos_renyi,100,4,376,114,3.6436782287373086,47,114,0.41228070175438597,80,48
v2_erdos_renyi_baseline_s19,v2,erdos_renyi_baseline,19,erdos_renyi,100,4,377,245,4.143318641009227,99,245,0.40408163265306124,66,45
v2_erdos_renyi_baseline_s19,v2,erdos_renyi_baseline,19,erdos_renyi,100,4,378,48,2.685945324654788,16,48,0.3333333333333333,40,77
v2_erdos_renyi_baseline_s19,v2,erdos_renyi_baseline,19,erdos_renyi,100,4,379,143,3.621823241582,45,143,0.3146853146853147,0,45
v2_erdos_renyi_baseline_s19,v2,erdos_renyi_baseline,19,erdos_renyi,100,4,380,70,3.370480801334671,33,70,0.4714285714285714,6,77
v2_erdos_renyi_baseline_s19,v2,erdos_renyi_baseline,19,erdos_renyi,100,4,381,39,2.8903717578781647,18,39,0.46153846153846156,94,45
v2_erdos_renyi_baseline_s19,v2,erdos_renyi_baseline,19,erdos_renyi,100,4,382,25,2.484906649776,12,25,0.48,50,77
v2_erdos_renyi_baseline_s19,v2,erdos_renyi_baseline,19,erdos_renyi,100,4,383,123,3.606308599241318,46,123,0.37398373983739835,65,77
v2_erdos_renyi_baseline_s19,v2,erdos_renyi_baseline,19,erdos_renyi,100,4,384,342,4.44887705553643,134,342,0.391812865497076,54,45
v2_erdos_renyi_baseline_s19,v2,erdos_renyi_baseline,19,erdos_renyi,100,4,385,7,0.6931471805579453,2,7,0.2857142857142857,31,45
v2_erdos_renyi_baseline_s19,v2,erdos_renyi_baseline,19,erdos_renyi,100,4,386,365,4.466011427577525,153,365,0.4191780821917808,40,45
v2_erdos_renyi_baseline_s19,v2,erdos_renyi_baseline,19,erdos_renyi,100,4,387,66,2.6701198897918164,17,66,0.25757575757575757,73,45
v2_erdos_renyi_baseline_s19,v2,erdos_renyi_baseline,19,erdos_renyi,100,4,388,121,3.6003698151638166,48,121,0.39669421487603307,65,45
v2_erdos_renyi_baseline_s19,v2,erdos_renyi_baseline,19,erdos_renyi,100,4,389,358,4.253722445547686,147,358,0.4106145251396648,25,45
v2_erdos_renyi_baseline_s19,v2,erdos_renyi_baseline,19,erdos_renyi,100,4,390,173,3.869782345996119,72,173,0.4161849710982659,52,45
v2_erdos_renyi_baseline_s19,v2,erdos_renyi_baseline,19,erdos_renyi,100,4,391,40,2.3959081192819287,15,40,0.375,26,77
v2_erdos_renyi_baseline_s19,v2,erdos_renyi_baseline,19,erdos_renyi,100,4,392,158,3.7744489157818775,63,158,0.3987341772151899,49,48
v2_erdos_renyi_baseline_s19,v2,erdos_renyi_baseline,19,erdos_renyi,100,4,393,2,-1.000088900581841e-12,1,2,0.5,88,45
v2_erdos_renyi_baseline_s19,v2,erdos_renyi_baseline,19,erdos_renyi,100,4,394,496,4.660343511154594,213,496,0.42943548387096775,59,45
v2_erdos_renyi_baseline_s19,v2,erdos_renyi_baseline,19,erdos_renyi,100,4,395,10000,0.6931471742242796,8885,10000,0.8885,7,15
v2_erdos_renyi_baseline_s19,v2,erdos_renyi_baseline,19,erdos_renyi,100,4,396,3,-1.000088900581841e-12,1,3,0.3333333333333333,35,45
v2_erdos_renyi_baseline_s19,v2,erdos_renyi_baseline,19,erdos_renyi,100,4,397,122,3.414739581281256,39,122,0.319672131147541,46,77
v2_erdos_renyi_baseline_s19,v2,erdos_renyi_baseline,19,erdos_renyi,100,4,398,16,1.3296613488507585,6,16,0.375,31,51
v2_erdos_renyi_baseline_s19,v2,erdos_renyi_baseline,19,erdos_renyi,100,4,399,191,3.6680278617272752,65,191,0.3403141361256545,96,77
v2_erdos_renyi_baseline_s19,v2,erdos_renyi_baseline,19,erdos_renyi,100,4,400,529,4.7602709568498325,215,529,0.4064272211720227,56,45
v2_erdos_renyi_baseline_s19,v2,erdos_renyi_baseline,19,erdos_renyi,100,4,401,209,4.027734509779203,78,209,0.37320574162679426,76,51
v2_erdos_renyi_baseline_s19,v2,erdos_renyi_baseline,19,erdos_renyi,100,4,402,7,1.6094379124291005,5,7,0.7142857142857143,56,45
v2_erdos_renyi_baseline_s19,v2,erdos_renyi_baseline,19,erdos_renyi,100,4,403,30,2.369382119683676,12,30,0.4,59,97
v2_erdos_renyi_baseline_s19,v2,erdos_renyi_baseline,19,erdos_renyi,100,4,404,161,3.955715126056111,60,161,0.37267080745341613,50,45
v2_erdos_renyi_baseline_s19,v2,erdos_renyi_baseline,19,erdos_renyi,100,4,405,2,-1.000088900581841e-12,1,2,0.5,60,48
v2_erdos_renyi_baseline_s19,v2,erdos_renyi_baseline,19,erdos_renyi,100,4,406,18,1.8891591637470213,9,18,0.5,71,45
v2_erdos_renyi_baseline_s19,v2,erdos_renyi_baseline,19,erdos_renyi,100,4,407,393,4.293016758669172,152,393,0.38676844783715014,96,48
v2_erdos_renyi_baseline_s19,v2,erdos_renyi_baseline,19,erdos_renyi,100,4,408,203,4.134700069637438,79,203,0.3891625615763547,68,45
v2_erdos_renyi_baseline_s19,v2,erdos_renyi_baseline,19,erdos_renyi,100,4,409,450,4.569807378024327,171,450,0.38,24,77
v2_erdos_renyi_baseline_s19,v2,erdos_renyi_baseline,19,erdos_renyi,100,4,410,45,2.8943995444110384,23,45,0.5111111111111111,67,45
v2_erdos_renyi_baseline_s19,v2,erdos_renyi_baseline,19,erdos_renyi,100,4,411,51,2.751102289369372,23,51,0.45098039215686275,17,77
v2_erdos_renyi_baseline_s19,v2,erdos_renyi_baseline,19,erdos_renyi,100,4,412,21,2.0253262207620675,10,21,0.47619047619047616,55,45
v2_erdos_renyi_baseline_s19,v2,erdos_renyi_baseline,19,erdos_renyi,100,4,413,126,3.5894688121687217,48,126,0.38095238095238093,23,48
v2_erdos_renyi_baseline_s19,v2,erdos_renyi_baseline,19,erdos_renyi,100,4,414,86,3.0624332675329966,29,86,0.3372093023255814,29,48
v2_erdos_renyi_baseline_s19,v2,erdos_renyi_baseline,19,erdos_renyi,100,4,415,0,0.0,0,0,,51,51
v2_erdos_renyi_baseline_s19,v2,erdos_renyi_baseline,19,erdos_renyi,100,4,416,10000,-1.000088900581841e-12,3632,10000,0.3632,84,84
v2_erdos_renyi_baseline_s19,v2,erdos_renyi_baseline,19,erdos_renyi,100,4,417,203,4.0490687301080674,85,203,0.4187192118226601,69,48
v2_erdos_renyi_baseline_s19,v2,erdos_renyi_baseline,19,erdos_renyi,100,4,418,44,2.857102837424001,20,44,0.45454545454545453,12,45
v2_erdos_renyi_baseline_s19,v2,erdos_renyi_baseline,19,erdos_renyi,100,4,419,58,2.9785084205072385,21,58,0.3620689655172414,87,77
v2_erdos_renyi_baseline_s19,v2,erdos_renyi_baseline,19,erdos_renyi,100,4,420,19,2.079441541671836,8,19,0.42105263157894735,1,45
v2_erdos_renyi_baseline_s19,v2,erdos_renyi_baseline,19,erdos_renyi,100,4,421,76,2.9683918915209624,27,76,0.35526315789473684,10,48
v2_erdos_renyi_baseline_s19,v2,erdos_renyi_baseline,19,erdos_renyi,100,4,422,142,3.9317336372855074,65,142,0.45774647887323944,2,45
v2_erdos_renyi_baseline_s19,v2,erdos_renyi_baseline,19,erdos_renyi,100,4,423,50,2.5823063442999667,18,50,0.36,25,45
v2_erdos_renyi_baseline_s19,v2,erdos_renyi_baseline,19,erdos_renyi,100,4,424,238,4.097580714620934,86,238,0.36134453781512604,90,77
v2_erdos_renyi_baseline_s19,v2,erdos_renyi_baseline,19,erdos_renyi,100,4,425,10000,0.6931471741174451,8811,10000,0.8811,15,7
v2_erdos_renyi_baseline_s19,v2,erdos_renyi_baseline,19,erdos_renyi,100,4,426,21,1.791759469222055,6,21,0.2857142857142857,79,77
v2_erdos_renyi_baseline_s19,v2,erdos_renyi_baseline,19,erdos_renyi,100,4,427,8,1.3862943611158909,4,8,0.5,66,45
v2_erdos_renyi_baseline_s19,v2,erdos_renyi_baseline,19,erdos_renyi,100,4,428,717,4.959583664176259,265,717,0.3695955369595537,89,77
v2_erdos_renyi_baseline_s19,v2,erdos_renyi_baseline,19,erdos_renyi,100,4,429,1112,5.180725246793957,430,1112,0.38669064748201437,31,48
v2_erdos_renyi_baseline_s19,v2,erdos_renyi_baseline,19,erdos_renyi,100,4,430,107,3.4116205818579584,40,107,0.37383177570093457,12,45
v2_erdos_renyi_baseline_s19,v2,erdos_renyi_baseline,19,erdos_renyi,100,4,431,165,3.730849014313829,59,165,0.3575757575757576,26,45
v2_erdos_renyi_baseline_s19,v2,erdos_renyi_baseline,19,erdos_renyi,100,4,432,155,3.835069312759336,63,155,0.4064516129032258,0,77
v2_erdos_renyi_baseline_s19,v2,erdos_renyi_baseline,19,erdos_renyi,100,4,433,53,2.813355404483615,18,53,0.33962264150943394,85,45
v2_erdos_renyi_baseline_s19,v2,erdos_renyi_baseline,19,erdos_renyi,100,4,434,590,4.778699853748544,258,590,0.43728813559322033,81,97
v2_erdos_renyi_baseline_s19,v2,erdos_renyi_baseline,19,erdos_renyi,100,4,435,79,3.4365228305042805,35,79,0.4430379746835443,71,77
v2_erdos_renyi_baseline_s19,v2,erdos_renyi_baseline,19,erdos_renyi,100,4,436,358,4.535263496607056,137,358,0.38268156424581007,58,45
v2_erdos_renyi_baseline_s19,v2,erdos_renyi_baseline,19,erdos_renyi,100,4,437,11,1.791759469222055,6,11,0.5454545454545454,33,51
v2_erdos_renyi_baseline_s19,v2,erdos_renyi_baseline,19,erdos_renyi,100,4,438,43,2.9444389791474395,19,43,0.4418604651162791,10,45
v2_erdos_renyi_baseline_s19,v2,erdos_renyi_baseline,19,erdos_renyi,100,4,439,0,0.0,0,0,,45,45
v2_erdos_renyi_baseline_s19,v2,erdos_renyi_baseline,19,erdos_renyi,100,4,440,0,0.0,0,0,,97,97
v2_erdos_renyi_baseline_s19,v2,erdos_renyi_baseline,19,erdos_renyi,100,4,441,13,1.791759469222055,6,13,0.46153846153846156,86,45
v2_erdos_renyi_baseline_s19,v2,erdos_renyi_baseline,19,erdos_renyi,100,4,442,73,3.2491274088477446,32,73,0.4383561643835616,61,97
v2_erdos_renyi_baseline_s19,v2,erdos_renyi_baseline,19,erdos_renyi,100,4,443,55,3.052520501511814,25,55,0.45454545454545453,36,45
v2_erdos_renyi_baseline_s19,v2,erdos_renyi_baseline,19,erdos_renyi,100,4,444,10,1.3862943611158909,4,10,0.4,46,45
v2_erdos_renyi_baseline_s19,v2,erdos_renyi_baseline,19,erdos_renyi,100,4,445,4,1.3862943611158909,4,4,1.0,83,97
v2_erdos_renyi_baseline_s19,v2,erdos_renyi_baseline,19,erdos_renyi,100,4,446,6,1.3862943611158909,4,6,0.6666666666666666,54,51
v2_erdos_renyi_baseline_s19,v2,erdos_renyi_baseline,19,erdos_renyi,100,4,447,18,1.791759469222055,6,18,0.3333333333333333,47,45
v2_erdos_renyi_baseline_s19,v2,erdos_renyi_baseline,19,erdos_renyi,100,4,448,249,3.9957430174934543,104,249,0.41767068273092367,30,48
v2_erdos_renyi_baseline_s19,v2,erdos_renyi_baseline,19,erdos_renyi,100,4,449,93,3.5734504974428223,37,93,0.3978494623655914,63,45
v2_erdos_renyi_baseline_s19,v2,erdos_renyi_baseline,19,erdos_renyi,100,4,450,676,4.974102180242274,269,676,0.3979289940828402,69,45
v2_erdos_renyi_baseline_s19,v2,erdos_renyi_baseline,19,erdos_renyi,100,4,451,126,3.839509426606019,53,126,0.42063492063492064,58,77
v2_erdos_renyi_baseline_s19,v2,erdos_renyi_baseline,19,erdos_renyi,100,4,452,120,3.555191354626273,47,120,0.39166666666666666,95,45
v2_erdos_renyi_baseline_s19,v2,erdos_renyi_baseline,19,erdos_renyi,100,4,453,161,3.7362524597560527,55,161,0.3416149068322981,96,45
v2_erdos_renyi_baseline_s19,v2,erdos_renyi_baseline,19,erdos_renyi,100,4,454,197,4.069988828574131,78,197,0.39593908629441626,79,45
v2_erdos_renyi_baseline_s19,v2,erdos_renyi_baseline,19,erdos_renyi,100,4,455,19,2.079441541671836,8,19,0.42105263157894735,40,77
v2_erdos_renyi_baseline_s19,v2,erdos_renyi_baseline,19,erdos_renyi,100,4,456,60,3.2238860684653137,29,60,0.48333333333333334,49,97
v2_erdos_renyi_baseline_s19,v2,erdos_renyi_baseline,19,erdos_renyi,100,4,457,14,1.3862943611158909,4,14,0.2857142857142857,82,45
v2_erdos_renyi_baseline_s19,v2,erdos_renyi_baseline,19,erdos_renyi,100,4,458,452,4.577013346286144,191,452,0.4225663716814159,42,97
v2_erdos_renyi_baseline_s19,v2,erdos_renyi_baseline,19,erdos_renyi,100,4,459,17,1.9459101490483133,7,17,0.4117647058823529,56,45
v2_erdos_renyi_baseline_s19,v2,erdos_renyi_baseline,19,erdos_renyi,100,4,460,419,4.758862809746937,186,419,0.4439140811455847,59,97
v2_erdos_renyi_baseline_s19,v2,erdos_renyi_baseline,19,erdos_renyi,100,4,461,23,1.9061547465328492,8,23,0.34782608695652173,28,45
v2_erdos_renyi_baseline_s19,v2,erdos_renyi_baseline,19,erdos_renyi,100,4,462,15,1.6769877743164172,9,15,0.6,17,77
v2_erdos_renyi_baseline_s19,v2,erdos_renyi_baseline,19,erdos_renyi,100,4,463,10000,-1.000088900581841e-12,3754,10000,0.3754,14,14
v2_erdos_renyi_baseline_s19,v2,erdos_renyi_baseline,19,erdos_renyi,100,4,464,31,2.079441541671836,8,31,0.25806451612903225,28,51
v2_erdos_renyi_baseline_s19,v2,erdos_renyi_baseline,19,erdos_renyi,100,4,465,10000,-1.000088900581841e-12,3656,10000,0.3656,91,91
v2_erdos_renyi_baseline_s19,v2,erdos_renyi_baseline,19,erdos_renyi,100,4,466,223,4.125659766437945,78,223,0.34977578475336324,46,45
v2_erdos_renyi_baseline_s19,v2,erdos_renyi_baseline,19,erdos_renyi,100,4,467,10000,-1.000088900581841e-12,3645,10000,0.3645,91,91
v2_erdos_renyi_baseline_s19,v2,erdos_renyi_baseline,19,erdos_renyi,100,4,468,28,2.197224577327219,9,28,0.32142857142857145,35,45
v2_erdos_renyi_baseline_s19,v2,erdos_renyi_baseline,19,erdos_renyi,100,4,469,18,1.6769877743164172,9,18,0.5,65,45
v2_erdos_renyi_baseline_s19,v2,erdos_renyi_baseline,19,erdos_renyi,100,4,470,0,0.0,0,0,,77,77
v2_erdos_renyi_baseline_s19,v2,erdos_renyi_baseline,19,erdos_renyi,100,4,471,10000,0.693147174181291,8855,10000,0.8855,15,7
v2_erdos_renyi_baseline_s19,v2,erdos_renyi_baseline,19,erdos_renyi,100,4,472,333,4.463582809898986,125,333,0.37537537537537535,89,51
v2_erdos_renyi_baseline_s19,v2,erdos_renyi_baseline,19,erdos_renyi,100,4,473,236,4.153452645027908,88,236,0.3728813559322034,6,45
v2_erdos_renyi_baseline_s19,v2,erdos_renyi_baseline,19,erdos_renyi,100,4,474,0,0.0,0,0,,97,97
v2_erdos_renyi_baseline_s19,v2,erdos_renyi_baseline,19,erdos_renyi,100,4,475,10000,-1.000088900581841e-12,3688,10000,0.3688,84,84
v2_erdos_renyi_baseline_s19,v2,erdos_renyi_baseline,19,erdos_renyi,100,4,476,35,2.639057329601259,14,35,0.4,28,45
v2_erdos_renyi_baseline_s19,v2,erdos_renyi_baseline,19,erdos_renyi,100,4,477,342,4.599923090416485,140,342,0.4093567251461988,65,45
v2_erdos_renyi_baseline_s19,v2,erdos_renyi_baseline,19,erdos_renyi,100,4,478,202,3.677423054189065,81,202,0.400990099009901,49,45
v2_erdos_renyi_baseline_s19,v2,erdos_renyi_baseline,19,erdos_renyi,100,4,479,15,1.791759469222055,6,15,0.4,78,77
v2_erdos_renyi_baseline_s19,v2,erdos_renyi_baseline,19,erdos_renyi,100,4,480,432,4.642119795772804,164,432,0.37962962962962965,78,51
v2_erdos_renyi_baseline_s19,v2,erdos_renyi_baseline,19,erdos_renyi,100,4,481,45,2.5232109529398907,15,45,0.3333333333333333,16,45
v2_erdos_renyi_baseline_s19,v2,erdos_renyi_baseline,19,erdos_renyi,100,4,482,46,2.7144523517264965,21,46,0.45652173913043476,69,45
v2_erdos_renyi_baseline_s19,v2,erdos_renyi_baseline,19,erdos_renyi,100,4,483,175,4.228987054114063,77,175,0.44,79,48
v2_erdos_renyi_baseline_s19,v2,erdos_renyi_baseline,19,erdos_renyi,100,4,484,73,3.418697576359666,38,73,0.5205479452054794,54,45
v2_erdos_renyi_baseline_s19,v2,erdos_renyi_baseline,19,erdos_renyi,100,4,485,22,2.079441541671836,8,22,0.36363636363636365,54,77
v2_erdos_renyi_baseline_s19,v2,erdos_renyi_baseline,19,erdos_renyi,100,4,486,155,3.808622205392716,56,155,0.36129032258064514,4,45
v2_erdos_renyi_baseline_s19,v2,erdos_renyi_baseline,19,erdos_renyi,100,4,487,306,3.950330538398061,115,306,0.3758169934640523,58,45
v2_erdos_renyi_baseline_s19,v2,erdos_renyi_baseline,19,erdos_renyi,100,4,488,125,3.726855934986873,46,125,0.368,30,51
v2_erdos_renyi_baseline_s19,v2,erdos_renyi_baseline,19,erdos_renyi,100,4,489,303,4.45924096671865,118,303,0.38943894389438943,80,45
v2_erdos_renyi_baseline_s19,v2,erdos_renyi_baseline,19,erdos_renyi,100,4,490,128,3.4881268043936413,54,128,0.421875,41,77
v2_erdos_renyi_baseline_s19,v2,erdos_renyi_baseline,19,erdos_renyi,100,4,491,108,3.6915365389156327,47,108,0.4351851851851852,92,77
v2_erdos_renyi_baseline_s19,v2,erdos_renyi_baseline,19,erdos_renyi,100,4,492,98,3.294684934434917,39,98,0.3979591836734694,74,45
v2_erdos_renyi_baseline_s19,v2,erdos_renyi_baseline,19,erdos_renyi,100,4,493,44,2.857102837424001,20,44,0.45454545454545453,8,77
v2_erdos_renyi_baseline_s19,v2,erdos_renyi_baseline,19,erdos_renyi,100,4,494,3,-1.000088900581841e-12,1,3,0.3333333333333333,13,45
v2_erdos_renyi_baseline_s19,v2,erdos_renyi_baseline,19,erdos_renyi,100,4,495,6,0.6931471805579453,2,6,0.3333333333333333,99,51
v2_erdos_renyi_baseline_s19,v2,erdos_renyi_baseline,19,erdos_renyi,100,4,496,135,3.587834535437795,43,135,0.31851851851851853,36,51
v2_erdos_renyi_baseline_s19,v2,erdos_renyi_baseline,19,erdos_renyi,100,4,497,120,3.773393569271156,50,120,0.4166666666666667,50,45
v2_erdos_renyi_baseline_s19,v2,erdos_renyi_baseline,19,erdos_renyi,100,4,498,1,-1.000088900581841e-12,1,1,1.0,88,45
v2_erdos_renyi_baseline_s19,v2,erdos_renyi_baseline,19,erdos_renyi,100,4,499,5,0.6931471805579453,2,5,0.4,64,45
v2_erdos_renyi_baseline_s19,v2,erdos_renyi_baseline,19,erdos_renyi,100,4,500,240,4.283482778775222,97,240,0.4041666666666667,42,51
v2_erdos_renyi_baseline_s19,v2,erdos_renyi_baseline,19,erdos_renyi,100,4,501,106,3.624299170288877,50,106,0.4716981132075472,98,77
v2_erdos_renyi_baseline_s19,v2,erdos_renyi_baseline,19,erdos_renyi,100,4,502,15,1.6094379124291005,5,15,0.3333333333333333,66,45
v2_erdos_renyi_baseline_s19,v2,erdos_renyi_baseline,19,erdos_renyi,100,4,503,0,0.0,0,0,,45,45
v2_erdos_renyi_baseline_s19,v2,erdos_renyi_baseline,19,erdos_renyi,100,4,504,56,3.2163581334868363,30,56,0.5357142857142857,93,45
v2_erdos_renyi_baseline_s19,v2,erdos_renyi_baseline,19,erdos_renyi,100,4,505,169,4.199607922660859,75,169,0.4437869822485207,92,45
v2_erdos_renyi_baseline_s19,v2,erdos_renyi_baseline,19,erdos_renyi,100,4,506,10000,0.6931471805579453,8818,10000,0.8818,7,7
v2_erdos_renyi_baseline_s19,v2,erdos_renyi_baseline,19,erdos_renyi,100,4,507,195,4.145528240825339,71,195,0.3641025641025641,25,77
v2_erdos_renyi_baseline_s19,v2,erdos_renyi_baseline,19,erdos_renyi,100,4,508,86,3.5924696275736783,39,86,0.45348837209302323,80,45
v2_erdos_renyi_baseline_s19,v2,erdos_renyi_baseline,19,erdos_renyi,100,4,509,84,3.193512367382888,31,84,0.36904761904761907,70,45
v2_erdos_renyi_baseline_s19,v2,erdos_renyi_baseline,19,erdos_renyi,100,4,510,61,2.9970687270680187,25,61,0.4098360655737705,3,97
v2_erdos_renyi_baseline_s19,v2,erdos_renyi_baseline,19,erdos_renyi,100,4,511,59,3.0280290732864104,22,59,0.3728813559322034,6,45
v2_erdos_renyi_baseline_s19,v2,erdos_renyi_baseline,19,erdos_renyi,100,4,512,6,1.3862943611158909,4,6,0.6666666666666666,31,45
v2_erdos_renyi_baseline_s19,v2,erdos_renyi_baseline,19,erdos_renyi,100,4,513,158,3.822195431529909,71,158,0.44936708860759494,69,45
v2_erdos_renyi_baseline_s19,v2,erdos_renyi_baseline,19,erdos_renyi,100,4,514,3,0.6931471805579453,2,3,0.6666666666666666,88,45
v2_erdos_renyi_baseline_s19,v2,erdos_renyi_baseline,19,erdos_renyi,100,4,515,8,1.6094379124291005,5,8,0.625,58,77
v2_erdos_renyi_baseline_s19,v2,erdos_renyi_baseline,19,erdos_renyi,100,4,516,0,0.0,0,0,,45,45
v2_erdos_renyi_baseline_s19,v2,erdos_renyi_baseline,19,erdos_renyi,100,4,517,10000,0.6931471741581846,8839,10000,0.8839,15,7
v2_erdos_renyi_baseline_s19,v2,erdos_renyi_baseline,19,erdos_renyi,100,4,518,130,3.6548079912793474,49,130,0.3769230769230769,81,45
v2_erdos_renyi_baseline_s19,v2,erdos_renyi_baseline,19,erdos_renyi,100,4,519,50,2.6593226976945163,18,50,0.36,10,77
v2_erdos_renyi_baseline_s19,v2,erdos_renyi_baseline,19,erdos_renyi,100,4,520,9,1.3862943611158909,4,9,0.4444444444444444,92,77
v2_erdos_renyi_baseline_s19,v2,erdos_renyi_baseline,19,erdos_renyi,100,4,521,44,2.751666616915516,17,44,0.38636363636363635,93,45
v2_erdos_renyi_baseline_s19,v2,erdos_renyi_baseline,19,erdos_renyi,100,4,522,339,4.4987354745343175,112,339,0.3303834808259587,39,45
v2_erdos_renyi_baseline_s19,v2,erdos_renyi_baseline,19,erdos_renyi,100,4,523,708,4.8806285275373735,244,708,0.3446327683615819,38,77
v2_erdos_renyi_baseline_s19,v2,erdos_renyi_baseline,19,erdos_renyi,100,4,524,10000,-1.000088900581841e-12,3710,10000,0.371,62,62
v2_erdos_renyi_baseline_s19,v2,erdos_renyi_baseline,19,erdos_renyi,100,4,525,77,3.5726345752559063,42,77,0.5454545454545454,85,48
v2_erdos_renyi_baseline_s19,v2,erdos_renyi_baseline,19,erdos_renyi,100,4,526,91,3.323400536919209,36,91,0.3956043956043956,66,48
v2_erdos_renyi_baseline_s19,v2,erdos_renyi_baseline,19,erdos_renyi,100,4,527,35,2.772588722223781,16,35,0.45714285714285713,40,77
v2_erdos_renyi_baseline_s19,v2,erdos_renyi_baseline,19,erdos_renyi,100,4,528,108,3.6003698151638166,48,108,0.4444444444444444,72,45
v2_erdos_renyi_baseline_s19,v2,erdos_renyi_baseline,19,erdos_renyi,100,4,529,130,3.74504940701088,45,130,0.34615384615384615,4,77
v2_erdos_renyi_baseline_s19,v2,erdos_renyi_baseline,19,erdos_renyi,100,4,530,0,0.0,0,0,,77,77
v2_erdos_renyi_baseline_s19,v2,erdos_renyi_baseline,19,erdos_renyi,100,4,531,0,0.0,0,0,,51,51
v2_erdos_renyi_baseline_s19,v2,erdos_renyi_baseline,19,erdos_renyi,100,4,532,7,0.6931471805579453,2,7,0.2857142857142857,99,51
v2_erdos_renyi_baseline_s19,v2,erdos_renyi_baseline,19,erdos_renyi,100,4,533,0,0.0,0,0,,97,97
v2_erdos_renyi_baseline_s19,v2,erdos_renyi_baseline,19,erdos_renyi,100,4,534,44,2.902002313186603,22,44,0.5,53,45
v2_erdos_renyi_baseline_s19,v2,erdos_renyi_baseline,19,erdos_renyi,100,4,535,61,2.8332133440392155,17,61,0.2786885245901639,23,45
v2_erdos_renyi_baseline_s19,v2,erdos_renyi_baseline,19,erdos_renyi,100,4,536,100,3.4124897213676078,33,100,0.33,40,48
v2_erdos_renyi_baseline_s19,v2,erdos_renyi_baseline,19,erdos_renyi,100,4,537,117,3.5025114553448367,40,117,0.3418803418803419,98,77
v2_erdos_renyi_baseline_s19,v2,erdos_renyi_baseline,19,erdos_renyi,100,4,538,91,3.4040404338981127,34,91,0.37362637362637363,3,45
v2_erdos_renyi_baseline_s19,v2,erdos_renyi_baseline,19,erdos_renyi,100,4,539,508,4.602263197103707,188,508,0.3700787401574803,29,77
v2_erdos_renyi_baseline_s19,v2,erdos_renyi_baseline,19,erdos_renyi,100,4,540,293,4.056396630269609,109,293,0.3720136518771331,55,51
v2_erdos_renyi_baseline_s19,v2,erdos_renyi_baseline,19,erdos_renyi,100,4,541,244,4.3304087334264345,110,244,0.45081967213114754,81,45
v2_erdos_renyi_baseline_s19,v2,erdos_renyi_baseline,19,erdos_renyi,100,4,542,10,1.791759469222055,6,10,0.6,5,45
v2_erdos_renyi_baseline_s19,v2,erdos_renyi_baseline,19,erdos_renyi,100,4,543,35,2.268605285623966,15,35,0.42857142857142855,63,45
v2_erdos_renyi_baseline_s19,v2,erdos_renyi_baseline,19,erdos_renyi,100,4,544,10000,-1.000088900581841e-12,3673,10000,0.3673,62,62
v2_erdos_renyi_baseline_s19,v2,erdos_renyi_baseline,19,erdos_renyi,100,4,545,0,0.0,0,0,,97,97
v2_erdos_renyi_baseline_s19,v2,erdos_renyi_baseline,19,erdos_renyi,100,4,546,37,2.639057329601259,14,37,0.3783783783783784,94,45
v2_erdos_renyi_baseline_s19,v2,erdos_renyi_baseline,19,erdos_renyi,100,4,547,158,3.786663163794776,55,158,0.34810126582278483,9,77
v2_erdos_renyi_baseline_s19,v2,erdos_renyi_baseline,19,erdos_renyi,100,4,548,254,3.860775542899909,95,254,0.37401574803149606,26,45
v2_erdos_renyi_baseline_s19,v2,erdos_renyi_baseline,19,erdos_renyi,100,4,549,0,0.0,0,0,,51,51
v2_erdos_renyi_baseline_s19,v2,erdos_renyi_baseline,19,erdos_renyi,100,4,550,184,4.006871492507342,76,184,0.41304347826086957,34,77
v2_erdos_renyi_baseline_s19,v2,erdos_renyi_baseline,19,erdos_renyi,100,4,551,12,1.3862943611158909,4,12,0.3333333333333333,41,48
v2_erdos_renyi_baseline_s19,v2,erdos_renyi_baseline,19,erdos_renyi,100,4,552,12,1.6094379124291005,5,12,0.4166666666666667,82,45
v2_erdos_renyi_baseline_s19,v2,erdos_renyi_baseline,19,erdos_renyi,100,4,553,25,2.079441541671836,8,25,0.32,32,45
v2_erdos_renyi_baseline_s19,v2,erdos_renyi_baseline,19,erdos_renyi,100,4,554,19,1.7478680974607577,7,19,0.3684210526315789,65,45
v2_erdos_renyi_baseline_s19,v2,erdos_renyi_baseline,19,erdos_renyi,100,4,555,294,4.412612531275956,114,294,0.3877551020408163,5,45
v2_erdos_renyi_baseline_s19,v2,erdos_renyi_baseline,19,erdos_renyi,100,4,556,49,2.9957322735339904,20,49,0.40816326530612246,5,45
v2_erdos_renyi_baseline_s19,v2,erdos_renyi_baseline,19,erdos_renyi,100,4,557,147,3.727905198677357,52,147,0.35374149659863946,59,45
v2_erdos_renyi_baseline_s19,v2,erdos_renyi_baseline,19,erdos_renyi,100,4,558,148,3.9600548708754566,59,148,0.39864864864864863,30,45
v2_erdos_renyi_baseline_s19,v2,erdos_renyi_baseline,19,erdos_renyi,100,4,559,20,2.2718685126865625,11,20,0.55,25,48
v2_erdos_renyi_baseline_s19,v2,erdos_renyi_baseline,19,erdos_renyi,100,4,560,2,-1.000088900581841e-12,1,2,0.5,41,77
v2_erdos_renyi_baseline_s19,v2,erdos_renyi_baseline,19,erdos_renyi,100,4,561,26,2.197224577327219,9,26,0.34615384615384615,93,45
v2_erdos_renyi_baseline_s19,v2,erdos_renyi_baseline,19,erdos_renyi,100,4,562,146,3.912281109995889,67,146,0.4589041095890411,59,77
v2_erdos_renyi_baseline_s19,v2,erdos_renyi_baseline,19,erdos_renyi,100,4,563,16,1.6094379124291005,5,16,0.3125,17,77
v2_erdos_renyi_baseline_s19,v2,erdos_renyi_baseline,19,erdos_renyi,100,4,564,82,3.4365228305042805,35,82,0.4268292682926829,79,45
v2_erdos_renyi_baseline_s19,v2,erdos_renyi_baseline,19,erdos_renyi,100,4,565,9,1.0986122886651095,3,9,0.3333333333333333,61,97
v2_erdos_renyi_baseline_s19,v2,erdos_renyi_baseline,19,erdos_renyi,100,4,566,308,4.426029930195135,124,308,0.4025974025974026,39,45
v2_erdos_renyi_baseline_s19,v2,erdos_renyi_baseline,19,erdos_renyi,100,4,567,10000,-1.000088900581841e-12,3680,10000,0.368,84,84
v2_erdos_renyi_baseline_s19,v2,erdos_renyi_baseline,19,erdos_renyi,100,4,568,10000,-1.000088900581841e-12,3658,10000,0.3658,14,14
v2_erdos_renyi_baseline_s19,v2,erdos_renyi_baseline,19,erdos_renyi,100,4,569,179,4.1537416140325565,69,179,0.3854748603351955,68,77
v2_erdos_renyi_baseline_s19,v2,erdos_renyi_baseline,19,erdos_renyi,100,4,570,1,-1.000088900581841e-12,1,1,1.0,88,45
v2_erdos_renyi_baseline_s19,v2,erdos_renyi_baseline,19,erdos_renyi,100,4,571,156,3.821707593756439,67,156,0.42948717948717946,98,45
v2_erdos_renyi_baseline_s19,v2,erdos_renyi_baseline,19,erdos_renyi,100,4,572,0,0.0,0,0,,77,77
v2_erdos_renyi_baseline_s19,v2,erdos_renyi_baseline,19,erdos_renyi,100,4,573,88,3.328471881301735,33,88,0.375,12,48
v2_erdos_renyi_baseline_s19,v2,erdos_renyi_baseline,19,erdos_renyi,100,4,574,77,3.465735902767727,32,77,0.4155844155844156,54,48
v2_erdos_renyi_baseline_s19,v2,erdos_renyi_baseline,19,erdos_renyi,100,4,575,74,3.2924491076317413,32,74,0.43243243243243246,89,77
v2_erdos_renyi_baseline_s19,v2,erdos_renyi_baseline,19,erdos_renyi,100,4,576,93,3.0903647013645865,38,93,0.40860215053763443,24,45
v2_erdos_renyi_baseline_s19,v2,erdos_renyi_baseline,19,erdos_renyi,100,4,577,91,3.110236521363716,29,91,0.31868131868131866,86,45
v2_erdos_renyi_baseline_s19,v2,erdos_renyi_baseline,19,erdos_renyi,100,4,578,53,2.894399544411038,23,53,0.4339622641509434,8,51
v2_erdos_renyi_baseline_s19,v2,erdos_renyi_baseline,19,erdos_renyi,100,4,579,21,1.9459101490483133,7,21,0.3333333333333333,64,45
v2_erdos_renyi_baseline_s19,v2,erdos_renyi_baseline,19,erdos_renyi,100,4,580,18,1.0986122886651095,3,18,0.16666666666666666,95,45
v2_erdos_renyi_baseline_s19,v2,erdos_renyi_baseline,19,erdos_renyi,100,4,581,1,-1.000088900581841e-12,1,1,1.0,41,77
v2_erdos_renyi_baseline_s19,v2,erdos_renyi_baseline,19,erdos_renyi,100,4,582,197,4.269318945826873,92,197,0.467005076142132,1,48
v2_erdos_renyi_baseline_s19,v2,erdos_renyi_baseline,19,erdos_renyi,100,4,583,156,3.697561830079061,67,156,0.42948717948717946,20,97
v2_erdos_renyi_baseline_s19,v2,erdos_renyi_baseline,19,erdos_renyi,100,4,584,20,1.9459101490483133,7,20,0.35,36,45
v2_erdos_renyi_baseline_s19,v2,erdos_renyi_baseline,19,erdos_renyi,100,4,585,2,-1.000088900581841e-12,1,2,0.5,60,48
v2_erdos_renyi_baseline_s19,v2,erdos_renyi_baseline,19,erdos_renyi,100,4,586,101,3.638648592450092,42,101,0.4158415841584158,16,45
v2_erdos_renyi_baseline_s19,v2,erdos_renyi_baseline,19,erdos_renyi,100,4,587,103,3.08240763375008,45,103,0.4368932038834951,50,45
v2_erdos_renyi_baseline_s19,v2,erdos_renyi_baseline,19,erdos_renyi,100,4,588,13,1.6094379124291005,5,13,0.38461538461538464,74,45
v2_erdos_renyi_baseline_s19,v2,erdos_renyi_baseline,19,erdos_renyi,100,4,589,403,4.604006331192007,165,403,0.4094292803970223,80,51
v2_erdos_renyi_baseline_s19,v2,erdos_renyi_baseline,19,erdos_renyi,100,4,590,229,4.120082168009827,83,229,0.3624454148471616,85,77
v2_erdos_renyi_baseline_s19,v2,erdos_renyi_baseline,19,erdos_renyi,100,4,591,304,4.532878503221403,135,304,0.4440789473684211,53,77
v2_erdos_renyi_baseline_s19,v2,erdos_renyi_baseline,19,erdos_renyi,100,4,592,197,3.8210045424691015,61,197,0.3096446700507614,66,45
v2_erdos_renyi_baseline_s19,v2,erdos_renyi_baseline,19,erdos_renyi,100,4,593,0,0.0,0,0,,45,45
v2_erdos_renyi_baseline_s19,v2,erdos_renyi_baseline,19,erdos_renyi,100,4,594,44,2.369382119683676,12,44,0.2727272727272727,68,45
v2_erdos_renyi_baseline_s19,v2,erdos_renyi_baseline,19,erdos_renyi,100,4,595,186,3.4430042733885795,62,186,0.3333333333333333,46,51
v2_erdos_renyi_baseline_s19,v2,erdos_renyi_baseline,19,erdos_renyi,100,4,596,9,1.0986122886651095,3,9,0.3333333333333333,35,45
v2_erdos_renyi_baseline_s19,v2,erdos_renyi_baseline,19,erdos_renyi,100,4,597,234,4.334988308185823,95,234,0.405982905982906,92,45
v2_erdos_renyi_baseline_s19,v2,erdos_renyi_baseline,19,erdos_renyi,100,4,598,6,1.0986122886651095,3,6,0.5,99,45
v2_erdos_renyi_baseline_s19,v2,erdos_renyi_baseline,19,erdos_renyi,100,4,599,1,-1.000088900581841e-12,1,1,1.0,76,51
v2_erdos_renyi_baseline_s19,v2,erdos_renyi_baseline,19,erdos_renyi,100,4,600,118,3.1560463433333563,45,118,0.3813559322033898,53,77
v2_erdos_renyi_baseline_s19,v2,erdos_renyi_baseline,19,erdos_renyi,100,4,601,53,2.3978952727873706,11,53,0.20754716981132076,5,48
v2_erdos_renyi_baseline_s19,v2,erdos_renyi_baseline,19,erdos_renyi,100,4,602,10000,-1.000088900581841e-12,3657,10000,0.3657,14,14
v2_erdos_renyi_baseline_s19,v2,erdos_renyi_baseline,19,erdos_renyi,100,4,603,10,1.277034259462139,7,10,0.7,47,45
v2_erdos_renyi_baseline_s19,v2,erdos_renyi_baseline,19,erdos_renyi,100,4,604,104,3.6011047291335987,38,104,0.36538461538461536,90,77
v2_erdos_renyi_baseline_s19,v2,erdos_renyi_baseline,19,erdos_renyi,100,4,605,355,4.436049138900282,137,355,0.38591549295774646,67,45
v2_erdos_renyi_baseline_s19,v2,erdos_renyi_baseline,19,erdos_renyi,100,4,606,1,-1.000088900581841e-12,1,1,1.0,13,45
v2_erdos_renyi_baseline_s19,v2,erdos_renyi_baseline,19,erdos_renyi,100,4,607,92,3.299829685639092,31,92,0.33695652173913043,5,77
v2_erdos_renyi_baseline_s19,v2,erdos_renyi_baseline,19,erdos_renyi,100,4,608,65,2.915542654136581,30,65,0.46153846153846156,0,77
v2_erdos_renyi_baseline_s19,v2,erdos_renyi_baseline,19,erdos_renyi,100,4,609,53,2.5520852976069666,19,53,0.3584905660377358,43,48
v2_erdos_renyi_baseline_s19,v2,erdos_renyi_baseline,19,erdos_renyi,100,4,610,0,0.0,0,0,,51,51
v2_erdos_renyi_baseline_s19,v2,erdos_renyi_baseline,19,erdos_renyi,100,4,611,84,3.2163581334868363,30,84,0.35714285714285715,83,97
v2_erdos_renyi_baseline_s19,v2,erdos_renyi_baseline,19,erdos_renyi,100,4,612,3,1.0986122886651095,3,3,1.0,27,45
v2_erdos_renyi_baseline_s19,v2,erdos_renyi_baseline,19,erdos_renyi,100,4,613,71,3.2409469796527133,34,71,0.4788732394366197,90,45
v2_erdos_renyi_baseline_s19,v2,erdos_renyi_baseline,19,erdos_renyi,100,4,614,86,3.379092505199735,32,86,0.37209302325581395,83,45
v2_erdos_renyi_baseline_s19,v2,erdos_renyi_baseline,19,erdos_renyi,100,4,615,28,2.369382119683676,12,28,0.42857142857142855,39,77
v2_erdos_renyi_baseline_s19,v2,erdos_renyi_baseline,19,erdos_renyi,100,4,616,207,4.02636297042152,72,207,0.34782608695652173,11,45
v2_erdos_renyi_baseline_s19,v2,erdos_renyi_baseline,19,erdos_renyi,100,4,617,14,1.9459101490483133,7,14,0.5,66,45
v2_erdos_renyi_baseline_s19,v2,erdos_renyi_baseline,19,erdos_renyi,100,4,618,216,3.957855855331284,81,216,0.375,17,45
v2_erdos_renyi_baseline_s19,v2,erdos_renyi_baseline,19,erdos_renyi,100,4,619,180,4.177521005916596,74,180,0.4111111111111111,55,45
v2_erdos_renyi_baseline_s19,v2,erdos_renyi_baseline,19,erdos_renyi,100,4,620,52,3.0752205480323718,23,52,0.4423076923076923,68,45
v2_erdos_renyi_baseline_s19,v2,erdos_renyi_baseline,19,erdos_renyi,100,4,621,75,3.244492630381296,27,75,0.36,28,45
v2_erdos_renyi_baseline_s19,v2,erdos_renyi_baseline,19,erdos_renyi,100,4,622,12,2.079441541671836,8,12,0.6666666666666666,94,51
v2_erdos_renyi_baseline_s19,v2,erdos_renyi_baseline,19,erdos_renyi,100,4,623,11,1.791759469222055,6,11,0.5454545454545454,99,51
v2_erdos_renyi_baseline_s19,v2,erdos_renyi_baseline,19,erdos_renyi,100,4,624,28,1.791759469222055,6,28,0.21428571428571427,3,45
v2_erdos_renyi_baseline_s19,v2,erdos_renyi_baseline,19,erdos_renyi,100,4,625,7,1.0986122886651095,3,7,0.42857142857142855,34,48
v2_erdos_renyi_baseline_s19,v2,erdos_renyi_baseline,19,erdos_renyi,100,4,626,294,4.433847521390104,116,294,0.3945578231292517,46,45
v2_erdos_renyi_baseline_s19,v2,erdos_renyi_baseline,19,erdos_renyi,100,4,627,178,4.068478482336924,76,178,0.42696629213483145,24,48
v2_erdos_renyi_baseline_s19,v2,erdos_renyi_baseline,19,erdos_renyi,100,4,628,238,4.288470913273216,93,238,0.3907563025210084,2,45
v2_erdos_renyi_baseline_s19,v2,erdos_renyi_baseline,19,erdos_renyi,100,4,629,60,3.2958368659773285,27,60,0.45,65,48
v2_erdos_renyi_baseline_s19,v2,erdos_renyi_baseline,19,erdos_renyi,100,4,630,218,4.083503189094054,88,218,0.4036697247706422,22,48
v2_erdos_renyi_baseline_s19,v2,erdos_renyi_baseline,19,erdos_renyi,100,4,631,2,-1.000088900581841e-12,1,2,0.5,64,45
v2_erdos_renyi_baseline_s19,v2,erdos_renyi_baseline,19,erdos_renyi,100,4,632,136,3.629250947686148,48,136,0.35294117647058826,70,77
v2_erdos_renyi_baseline_s19,v2,erdos_renyi_baseline,19,erdos_renyi,100,4,633,10000,-1.000088900581841e-12,3682,10000,0.3682,14,14
v2_erdos_renyi_baseline_s19,v2,erdos_renyi_baseline,19,erdos_renyi,100,4,634,59,3.078014567724474,26,59,0.4406779661016949,63,45
v2_erdos_renyi_baseline_s19,v2,erdos_renyi_baseline,19,erdos_renyi,100,4,635,0,0.0,0,0,,97,97
v2_erdos_renyi_baseline_s19,v2,erdos_renyi_baseline,19,erdos_renyi,100,4,636,3,-1.000088900581841e-12,1,3,0.3333333333333333,35,45
v2_erdos_renyi_baseline_s19,v2,erdos_renyi_baseline,19,erdos_renyi,100,4,637,109,3.4124897213676078,33,109,0.30275229357798167,27,97
v2_erdos_renyi_baseline_s19,v2,erdos_renyi_baseline,19,erdos_renyi,100,4,638,104,3.679760009076018,41,104,0.3942307692307692,40,45
v2_erdos_renyi_baseline_s19,v2,erdos_renyi_baseline,19,erdos_renyi,100,4,639,358,4.30532757017501,122,358,0.3407821229050279,40,45
v2_erdos_renyi_baseline_s19,v2,erdos_renyi_baseline,19,erdos_renyi,100,4,640,45,2.8332133440392155,17,45,0.37777777777777777,82,77
v2_erdos_renyi_baseline_s19,v2,erdos_renyi_baseline,19,erdos_renyi,100,4,641,106,3.5025114553448367,40,106,0.37735849056603776,10,45
v2_erdos_renyi_baseline_s19,v2,erdos_renyi_baseline,19,erdos_renyi,100,4,642,79,3.0594891092191165,32,79,0.4050632911392405,49,48
v2_erdos_renyi_baseline_s19,v2,erdos_renyi_baseline,19,erdos_renyi,100,4,643,38,1.6170531525035536,15,38,0.39473684210526316,47,45
v2_erdos_renyi_baseline_s19,v2,erdos_renyi_baseline,19,erdos_renyi,100,4,644,10000,0.6931471741349524,8823,10000,0.8823,15,7
v2_erdos_renyi_baseline_s19,v2,erdos_renyi_baseline,19,erdos_renyi,100,4,645,17,1.9459101490483133,7,17,0.4117647058823529,25,48
v2_erdos_renyi_baseline_s19,v2,erdos_renyi_baseline,19,erdos_renyi,100,4,646,646,5.010228767904034,248,646,0.38390092879256965,87,51
v2_erdos_renyi_baseline_s19,v2,erdos_renyi_baseline,19,erdos_renyi,100,4,647,335,4.390198143116527,128,335,0.382089552238806,63,48
v2_erdos_renyi_baseline_s19,v2,erdos_renyi_baseline,19,erdos_renyi,100,4,648,34,2.61563057701355,15,34,0.4411764705882353,71,45
v2_erdos_renyi_baseline_s19,v2,erdos_renyi_baseline,19,erdos_renyi,100,4,649,167,3.852064895546162,56,167,0.33532934131736525,81,45
v2_erdos_renyi_baseline_s19,v2,erdos_renyi_baseline,19,erdos_renyi,100,4,650,873,4.89583435253704,342,873,0.3917525773195876,23,45
v2_erdos_renyi_baseline_s19,v2,erdos_renyi_baseline,19,erdos_renyi,100,4,651,100,3.5025114553448367,40,100,0.4,10,51
v2_erdos_renyi_baseline_s19,v2,erdos_renyi_baseline,19,erdos_renyi,100,4,652,40,2.751666616915516,17,40,0.425,6,45
v2_erdos_renyi_baseline_s19,v2,erdos_renyi_baseline,19,erdos_renyi,100,4,653,75,3.1239385094141774,30,75,0.4,52,45
v2_erdos_renyi_baseline_s19,v2,erdos_renyi_baseline,19,erdos_renyi,100,4,654,144,3.8750346550245496,61,144,0.4236111111111111,99,77
v2_erdos_renyi_baseline_s19,v2,erdos_renyi_baseline,19,erdos_renyi,100,4,655,117,3.5659931424120805,55,117,0.4700854700854701,55,45
v2_erdos_renyi_baseline_s19,v2,erdos_renyi_baseline,19,erdos_renyi,100,4,656,400,4.601736041469164,160,400,0.4,93,45
v2_erdos_renyi_baseline_s19,v2,erdos_renyi_baseline,19,erdos_renyi,100,4,657,294,4.357721615940106,113,294,0.3843537414965986,54,77
v2_erdos_renyi_baseline_s19,v2,erdos_renyi_baseline,19,erdos_renyi,100,4,658,848,5.125035823387817,330,848,0.3891509433962264,2,77
v2_erdos_renyi_baseline_s19,v2,erdos_renyi_baseline,19,erdos_renyi,100,4,659,153,4.0971876144270585,68,153,0.4444444444444444,19,45
v2_erdos_renyi_baseline_s19,v2,erdos_renyi_baseline,19,erdos_renyi,100,4,660,321,4.530608372364489,140,321,0.43613707165109034,75,45
v2_erdos_renyi_baseline_s19,v2,erdos_renyi_baseline,19,erdos_renyi,100,4,661,14,1.9459101490483133,7,14,0.5,63,77
v2_erdos_renyi_baseline_s19,v2,erdos_renyi_baseline,19,erdos_renyi,100,4,662,136,3.5714886826414856,48,136,0.35294117647058826,90,45
v2_erdos_renyi_baseline_s19,v2,erdos_renyi_baseline,19,erdos_renyi,100,4,663,3,-1.000088900581841e-12,1,3,0.3333333333333333,64,97
v2_erdos_renyi_baseline_s19,v2,erdos_renyi_baseline,19,erdos_renyi,100,4,664,228,4.34415262947198,97,228,0.42543859649122806,44,97
v2_erdos_renyi_baseline_s19,v2,erdos_renyi_baseline,19,erdos_renyi,100,4,665,14,1.791759469222055,6,14,0.42857142857142855,28,45
v2_erdos_renyi_baseline_s19,v2,erdos_renyi_baseline,19,erdos_renyi,100,4,666,446,4.769891374796085,218,446,0.48878923766816146,26,48
v2_erdos_renyi_baseline_s19,v2,erdos_renyi_baseline,19,erdos_renyi,100,4,667,108,2.979265761381777,50,108,0.46296296296296297,66,45
v2_erdos_renyi_baseline_s19,v2,erdos_renyi_baseline,19,erdos_renyi,100,4,668,45,2.736339051089065,18,45,0.4,46,45
v2_erdos_renyi_baseline_s19,v2,erdos_renyi_baseline,19,erdos_renyi,100,4,669,40,2.8332133440392155,17,40,0.425,23,45
v2_erdos_renyi_baseline_s19,v2,erdos_renyi_baseline,19,erdos_renyi,100,4,670,17,2.197224577327219,9,17,0.5294117647058824,69,45
v2_erdos_renyi_baseline_s19,v2,erdos_renyi_baseline,19,erdos_renyi,100,4,671,10000,0.6931471742242796,8885,10000,0.8885,7,15
v2_erdos_renyi_baseline_s19,v2,erdos_renyi_baseline,19,erdos_renyi,100,4,672,18,2.302585092984045,10,18,0.5555555555555556,43,45
v2_erdos_renyi_baseline_s19,v2,erdos_renyi_baseline,19,erdos_renyi,100,4,673,140,3.9659392032907057,61,140,0.4357142857142857,38,77
v2_erdos_renyi_baseline_s19,v2,erdos_renyi_baseline,19,erdos_renyi,100,4,674,10000,-1.000088900581841e-12,3637,10000,0.3637,14,14
v2_erdos_renyi_baseline_s19,v2,erdos_renyi_baseline,19,erdos_renyi,100,4,675,199,4.08695242275285,71,199,0.35678391959798994,90,77
v2_erdos_renyi_baseline_s19,v2,erdos_renyi_baseline,19,erdos_renyi,100,4,676,25,1.7478680974607577,7,25,0.28,65,45
v2_erdos_renyi_baseline_s19,v2,erdos_renyi_baseline,19,erdos_renyi,100,4,677,6,1.0986122886651095,3,6,0.5,9,48
v2_erdos_renyi_baseline_s19,v2,erdos_renyi_baseline,19,erdos_renyi,100,4,678,195,3.8922316915883615,56,195,0.28717948717948716,5,45
v2_erdos_renyi_baseline_s19,v2,erdos_renyi_baseline,19,erdos_renyi,100,4,679,327,4.499935593746252,128,327,0.39143730886850153,83,45
v2_erdos_renyi_baseline_s19,v2,erdos_renyi_baseline,19,erdos_renyi,100,4,680,72,3.2238860684653137,29,72,0.4027777777777778,87,48
v2_erdos_renyi_baseline_s19,v2,erdos_renyi_baseline,19,erdos_renyi,100,4,681,0,0.0,0,0,,51,51
v2_erdos_renyi_baseline_s19,v2,erdos_renyi_baseline,19,erdos_renyi,100,4,682,350,4.106603827748601,146,350,0.41714285714285715,82,48
v2_erdos_renyi_baseline_s19,v2,erdos_renyi_baseline,19,erdos_renyi,100,4,683,73,3.2103913397623893,31,73,0.4246575342465753,18,45
v2_erdos_renyi_baseline_s19,v2,erdos_renyi_baseline,19,erdos_renyi,100,4,684,103,3.370480801334671,33,103,0.32038834951456313,39,45
v2_erdos_renyi_baseline_s19,v2,erdos_renyi_baseline,19,erdos_renyi,100,4,685,10000,-1.000088900581841e-12,3751,10000,0.3751,62,62
v2_erdos_renyi_baseline_s19,v2,erdos_renyi_baseline,19,erdos_renyi,100,4,686,504,4.446994333875406,194,504,0.38492063492063494,52,48
v2_erdos_renyi_baseline_s19,v2,erdos_renyi_baseline,19,erdos_renyi,100,4,687,73,2.9965869742621187,29,73,0.3972602739726027,53,45
v2_erdos_renyi_baseline_s19,v2,erdos_renyi_baseline,19,erdos_renyi,100,4,688,108,3.5726345752559063,42,108,0.3888888888888889,30,45
v2_erdos_renyi_baseline_s19,v2,erdos_renyi_baseline,19,erdos_renyi,100,4,689,518,4.519355893546939,194,518,0.3745173745173745,34,97
v2_erdos_renyi_baseline_s19,v2,erdos_renyi_baseline,19,erdos_renyi,100,4,690,97,3.198776345796798,37,97,0.38144329896907214,36,97
v2_erdos_renyi_baseline_s19,v2,erdos_renyi_baseline,19,erdos_renyi,100,4,691,113,3.615837736078624,49,113,0.4336283185840708,42,45
v2_erdos_renyi_baseline_s19,v2,erdos_renyi_baseline,19,erdos_renyi,100,4,692,100,3.299697280238105,44,100,0.44,31,45
v2_erdos_renyi_baseline_s19,v2,erdos_renyi_baseline,19,erdos_renyi,100,4,693,10000,0.6931471805579453,8858,10000,0.8858,15,15
v2_erdos_renyi_baseline_s19,v2,erdos_renyi_baseline,19,erdos_renyi,100,4,694,34,2.540036303807981,14,34,0.4117647058823529,18,45
v2_erdos_renyi_baseline_s19,v2,erdos_renyi_baseline,19,erdos_renyi,100,4,695,101,3.281713908707698,38,101,0.37623762376237624,0,45
v2_erdos_renyi_baseline_s19,v2,erdos_renyi_baseline,19,erdos_renyi,100,4,696,24,2.1458417525857545,11,24,0.4583333333333333,53,97
v2_erdos_renyi_baseline_s19,v2,erdos_renyi_baseline,19,erdos_renyi,100,4,697,46,2.772588722223781,16,46,0.34782608695652173,41,77
v2_erdos_renyi_baseline_s19,v2,erdos_renyi_baseline,19,erdos_renyi,100,4,698,154,3.851186955729381,58,154,0.37662337662337664,79,77
v2_erdos_renyi_baseline_s19,v2,erdos_renyi_baseline,19,erdos_renyi,100,4,699,143,3.7386778326253145,61,143,0.42657342657342656,93,97
v2_erdos_renyi_baseline_s19,v2,erdos_renyi_baseline,19,erdos_renyi,100,4,700,359,4.521420402301919,142,359,0.3955431754874652,5,45
v2_erdos_renyi_baseline_s19,v2,erdos_renyi_baseline,19,erdos_renyi,100,4,701,53,2.430791328866232,15,53,0.2830188679245283,85,45
v2_erdos_renyi_baseline_s19,v2,erdos_renyi_baseline,19,erdos_renyi,100,4,702,212,3.8017525971764266,76,212,0.3584905660377358,36,77
v2_erdos_renyi_baseline_s19,v2,erdos_renyi_baseline,19,erdos_renyi,100,4,703,0,0.0,0,0,,45,45
v2_erdos_renyi_baseline_s19,v2,erdos_renyi_baseline,19,erdos_renyi,100,4,704,484,4.71623834675399,200,484,0.4132231404958678,10,45
v2_erdos_renyi_baseline_s19,v2,erdos_renyi_baseline,19,erdos_renyi,100,4,705,0,0.0,0,0,,48,48
v2_erdos_renyi_baseline_s19,v2,erdos_renyi_baseline,19,erdos_renyi,100,4,706,147,3.680505563687281,61,147,0.41496598639455784,2,45
v2_erdos_renyi_baseline_s19,v2,erdos_renyi_baseline,19,erdos_renyi,100,4,707,91,3.3482388625793584,41,91,0.45054945054945056,44,48
v2_erdos_renyi_baseline_s19,v2,erdos_renyi_baseline,19,erdos_renyi,100,4,708,6,-1.000088900581841e-12,1,6,0.16666666666666666,60,48
v2_erdos_renyi_baseline_s19,v2,erdos_renyi_baseline,19,erdos_renyi,100,4,709,155,3.3486861343562224,59,155,0.38064516129032255,94,45
v2_erdos_renyi_baseline_s19,v2,erdos_renyi_baseline,19,erdos_renyi,100,4,710,0,0.0,0,0,,48,48
v2_erdos_renyi_baseline_s19,v2,erdos_renyi_baseline,19,erdos_renyi,100,4,711,3,0.6931471805579453,2,3,0.6666666666666666,31,45
v2_erdos_renyi_baseline_s19,v2,erdos_renyi_baseline,19,erdos_renyi,100,4,712,0,0.0,0,0,,45,45
v2_erdos_renyi_baseline_s19,v2,erdos_renyi_baseline,19,erdos_renyi,100,4,713,33,2.7080502010872096,15,33,0.45454545454545453,24,48
v2_erdos_renyi_baseline_s19,v2,erdos_renyi_baseline,19,erdos_renyi,100,4,714,10000,-1.000088900581841e-12,3577,10000,0.3577,91,91
v2_erdos_renyi_baseline_s19,v2,erdos_renyi_baseline,19,erdos_renyi,100,4,715,294,4.316500552828119,105,294,0.35714285714285715,8,45
v2_erdos_renyi_baseline_s19,v2,erdos_renyi_baseline,19,erdos_renyi,100,4,716,42,2.5232109529398907,15,42,0.35714285714285715,53,77
v2_erdos_renyi_baseline_s19,v2,erdos_renyi_baseline,19,erdos_renyi,100,4,717,117,3.693778246480071,49,117,0.4188034188034188,68,45
v2_erdos_renyi_baseline_s19,v2,erdos_renyi_baseline,19,erdos_renyi,100,4,718,45,2.902002313186603,22,45,0.4888888888888889,81,45
v2_erdos_renyi_baseline_s19,v2,erdos_renyi_baseline,19,erdos_renyi,100,4,719,34,2.670119889791816,17,34,0.5,68,77
v2_erdos_renyi_baseline_s19,v2,erdos_renyi_baseline,19,erdos_renyi,100,4,720,31,2.540036303807981,14,31,0.45161290322580644,74,48
v2_erdos_renyi_baseline_s19,v2,erdos_renyi_baseline,19,erdos_renyi,100,4,721,10000,-1.000088900581841e-12,3609,10000,0.3609,14,14
v2_erdos_renyi_baseline_s19,v2,erdos_renyi_baseline,19,erdos_renyi,100,4,722,205,3.951432164609525,70,205,0.34146341463414637,53,51
v2_erdos_renyi_baseline_s19,v2,erdos_renyi_baseline,19,erdos_renyi,100,4,723,18,1.0986122886651095,3,18,0.16666666666666666,21,77
v2_erdos_renyi_baseline_s19,v2,erdos_renyi_baseline,19,erdos_renyi,100,4,724,10,1.7478680974607577,7,10,0.7,20,51
v2_erdos_renyi_baseline_s19,v2,erdos_renyi_baseline,19,erdos_renyi,100,4,725,12,1.2554823251747536,8,12,0.6666666666666666,99,51
v2_erdos_renyi_baseline_s19,v2,erdos_renyi_baseline,19,erdos_renyi,100,4,726,10000,0.6931471741378634,8825,10000,0.8825,15,7
v2_erdos_renyi_baseline_s19,v2,erdos_renyi_baseline,19,erdos_renyi,100,4,727,29,1.5941666991120167,11,29,0.3793103448275862,47,45
v2_erdos_renyi_baseline_s19,v2,erdos_renyi_baseline,19,erdos_renyi,100,4,728,89,2.931322012772343,35,89,0.39325842696629215,65,97
v2_erdos_renyi_baseline_s19,v2,erdos_renyi_baseline,19,erdos_renyi,100,4,729,121,3.5875467249519843,46,121,0.38016528925619836,46,45
v2_erdos_renyi_baseline_s19,v2,erdos_renyi_baseline,19,erdos_renyi,100,4,730,550,4.88184270754285,194,550,0.3527272727272727,11,45
v2_erdos_renyi_baseline_s19,v2,erdos_renyi_baseline,19,erdos_renyi,100,4,731,132,3.467790534793901,45,132,0.3409090909090909,10,77
v2_erdos_renyi_baseline_s19,v2,erdos_renyi_baseline,19,erdos_renyi,100,4,732,130,3.604670128262455,52,130,0.4,90,97
v2_erdos_renyi_baseline_s19,v2,erdos_renyi_baseline,19,erdos_renyi,100,4,733,76,2.9977665653586163,28,76,0.3684210526315789,95,45
v2_erdos_renyi_baseline_s19,v2,erdos_renyi_baseline,19,erdos_renyi,100,4,734,78,3.062529300232621,24,78,0.3076923076923077,87,97
v2_erdos_renyi_baseline_s19,v2,erdos_renyi_baseline,19,erdos_renyi,100,4,735,8,-1.000088900581841e-12,1,8,0.125,19,45
v2_erdos_renyi_baseline_s19,v2,erdos_renyi_baseline,19,erdos_renyi,100,4,736,20,2.1458417525857545,11,20,0.55,12,97
v2_erdos_renyi_baseline_s19,v2,erdos_renyi_baseline,19,erdos_renyi,100,4,737,75,3.244454041235864,33,75,0.44,37,97
v2_erdos_renyi_baseline_s19,v2,erdos_renyi_baseline,19,erdos_renyi,100,4,738,392,4.692339797280113,153,392,0.3903061224489796,6,77
v2_erdos_renyi_baseline_s19,v2,erdos_renyi_baseline,19,erdos_renyi,100,4,739,343,4.195623006105841,144,343,0.4198250728862974,74,45
v2_erdos_renyi_baseline_s19,v2,erdos_renyi_baseline,19,erdos_renyi,100,4,740,51,3.044522437702424,21,51,0.4117647058823529,1,51
v2_erdos_renyi_baseline_s19,v2,erdos_renyi_baseline,19,erdos_renyi,100,4,741,29,2.7080502010872096,15,29,0.5172413793103449,85,77
v2_erdos_renyi_baseline_s19,v2,erdos_renyi_baseline,19,erdos_renyi,100,4,742,81,3.2967598725887326,33,81,0.4074074074074074,96,45
v2_erdos_renyi_baseline_s19,v2,erdos_renyi_baseline,19,erdos_renyi,100,4,743,85,3.260918854185786,36,85,0.4235294117647059,74,77
v2_erdos_renyi_baseline_s19,v2,erdos_renyi_baseline,19,erdos_renyi,100,4,744,12,2.2718685126865625,11,12,0.9166666666666666,83,77
v2_erdos_renyi_baseline_s19,v2,erdos_renyi_baseline,19,erdos_renyi,100,4,745,70,3.062529300232621,24,70,0.34285714285714286,46,77
v2_erdos_renyi_baseline_s19,v2,erdos_renyi_baseline,19,erdos_renyi,100,4,746,490,4.7268243753338295,189,490,0.38571428571428573,17,77
v2_erdos_renyi_baseline_s19,v2,erdos_renyi_baseline,19,erdos_renyi,100,4,747,14,1.6094379124291005,5,14,0.35714285714285715,65,97
v2_erdos_renyi_baseline_s19,v2,erdos_renyi_baseline,19,erdos_renyi,100,4,748,251,4.060556997279137,96,251,0.38247011952191234,72,77
v2_erdos_renyi_baseline_s19,v2,erdos_renyi_baseline,19,erdos_renyi,100,4,749,20,1.7478680974607577,7,20,0.35,99,45
v2_erdos_renyi_baseline_s19,v2,erdos_renyi_baseline,19,erdos_renyi,100,4,750,92,2.936120406978092,28,92,0.30434782608695654,56,45
v2_erdos_renyi_baseline_s19,v2,erdos_renyi_baseline,19,erdos_renyi,100,4,751,210,4.26578175577885,84,210,0.4,17,45
v2_erdos_renyi_baseline_s19,v2,erdos_renyi_baseline,19,erdos_renyi,100,4,752,0,0.0,0,0,,45,45
v2_erdos_renyi_baseline_s19,v2,erdos_renyi_baseline,19,erdos_renyi,100,4,753,66,3.3322045101472035,28,66,0.42424242424242425,29,77
v2_erdos_renyi_baseline_s19,v2,erdos_renyi_baseline,19,erdos_renyi,100,4,754,13,1.5607104090364068,6,13,0.46153846153846156,95,45
v2_erdos_renyi_baseline_s19,v2,erdos_renyi_baseline,19,erdos_renyi,100,4,755,10000,0.6931471741870481,8859,10000,0.8859,15,7
v2_erdos_renyi_baseline_s19,v2,erdos_renyi_baseline,19,erdos_renyi,100,4,756,151,3.524985636243291,64,151,0.423841059602649,73,45
v2_erdos_renyi_baseline_s19,v2,erdos_renyi_baseline,19,erdos_renyi,100,4,757,313,4.542686553978384,129,313,0.41214057507987223,42,45
v2_erdos_renyi_baseline_s19,v2,erdos_renyi_baseline,19,erdos_renyi,100,4,758,0,0.0,0,0,,51,51
v2_erdos_renyi_baseline_s19,v2,erdos_renyi_baseline,19,erdos_renyi,100,4,759,120,3.84231987833756,48,120,0.4,16,77
v2_erdos_renyi_baseline_s19,v2,erdos_renyi_baseline,19,erdos_renyi,100,4,760,294,4.320714207852944,111,294,0.37755102040816324,36,48
v2_erdos_renyi_baseline_s19,v2,erdos_renyi_baseline,19,erdos_renyi,100,4,761,103,3.222410677489011,36,103,0.34951456310679613,18,45
v2_erdos_renyi_baseline_s19,v2,erdos_renyi_baseline,19,erdos_renyi,100,4,762,198,4.097994309731456,74,198,0.37373737373737376,26,45
v2_erdos_renyi_baseline_s19,v2,erdos_renyi_baseline,19,erdos_renyi,100,4,763,478,4.686992926505754,175,478,0.36610878661087864,65,45
v2_erdos_renyi_baseline_s19,v2,erdos_renyi_baseline,19,erdos_renyi,100,4,764,10000,-1.000088900581841e-12,3842,10000,0.3842,14,14
v2_erdos_renyi_baseline_s19,v2,erdos_renyi_baseline,19,erdos_renyi,100,4,765,13,1.6094379124291005,5,13,0.38461538461538464,82,45
v2_erdos_renyi_baseline_s19,v2,erdos_renyi_baseline,19,erdos_renyi,100,4,766,50,2.926417555478996,20,50,0.4,53,45
v2_erdos_renyi_baseline_s19,v2,erdos_renyi_baseline,19,erdos_renyi,100,4,767,100,3.409263548377698,41,100,0.41,59,97
v2_erdos_renyi_baseline_s19,v2,erdos_renyi_baseline,19,erdos_renyi,100,4,768,242,4.2162712428847104,84,242,0.34710743801652894,8,45
v2_erdos_renyi_baseline_s19,v2,erdos_renyi_baseline,19,erdos_renyi,100,4,769,8,1.0986122886651095,3,8,0.375,24,45
v2_erdos_renyi_baseline_s19,v2,erdos_renyi_baseline,19,erdos_renyi,100,4,770,240,4.003203842166976,86,240,0.35833333333333334,26,77
v2_erdos_renyi_baseline_s19,v2,erdos_renyi_baseline,19,erdos_renyi,100,4,771,190,4.12229240982015,83,190,0.4368421052631579,22,48
v2_erdos_renyi_baseline_s19,v2,erdos_renyi_baseline,19,erdos_renyi,100,4,772,539,4.70870595290941,192,539,0.3562152133580705,29,97
v2_erdos_renyi_baseline_s19,v2,erdos_renyi_baseline,19,erdos_renyi,100,4,773,95,3.480935299911953,40,95,0.42105263157894735,78,45
v2_erdos_renyi_baseline_s19,v2,erdos_renyi_baseline,19,erdos_renyi,100,4,774,33,2.3978952727873706,11,33,0.3333333333333333,78,45
v2_erdos_renyi_baseline_s19,v2,erdos_renyi_baseline,19,erdos_renyi,100,4,775,10000,0.6931471805579453,8870,10000,0.887,15,15
v2_erdos_renyi_baseline_s19,v2,erdos_renyi_baseline,19,erdos_renyi,100,4,776,63,2.9650156932365066,22,63,0.3492063492063492,37,77
v2_erdos_renyi_baseline_s19,v2,erdos_renyi_baseline,19,erdos_renyi,100,4,777,75,3.1931483947852626,27,75,0.36,17,45
v2_erdos_renyi_baseline_s19,v2,erdos_renyi_baseline,19,erdos_renyi,100,4,778,662,4.796332422375556,251,662,0.37915407854984895,1,45
v2_erdos_renyi_baseline_s19,v2,erdos_renyi_baseline,19,erdos_renyi,100,4,779,64,3.098139496330803,26,64,0.40625,86,77
v2_erdos_renyi_baseline_s19,v2,erdos_renyi_baseline,19,erdos_renyi,100,4,780,17,1.3296613488507585,6,17,0.35294117647058826,66,45
v2_erdos_renyi_baseline_s19,v2,erdos_renyi_baseline,19,erdos_renyi,100,4,781,177,4.188100639763787,75,177,0.423728813559322,24,45
v2_erdos_renyi_baseline_s19,v2,erdos_renyi_baseline,19,erdos_renyi,100,4,782,113,3.1814749239025333,30,113,0.26548672566371684,23,77
v2_erdos_renyi_baseline_s19,v2,erdos_renyi_baseline,19,erdos_renyi,100,4,783,297,4.544798058246318,130,297,0.4377104377104377,8,77
v2_erdos_renyi_baseline_s19,v2,erdos_renyi_baseline,19,erdos_renyi,100,4,784,10000,0.6931471805579453,8924,10000,0.8924,15,15
v2_erdos_renyi_baseline_s19,v2,erdos_renyi_baseline,19,erdos_renyi,100,4,785,285,4.524042901553885,110,285,0.38596491228070173,98,48
v2_erdos_renyi_baseline_s19,v2,erdos_renyi_baseline,19,erdos_renyi,100,4,786,18,1.6094379124291005,5,18,0.2777777777777778,40,77
v2_erdos_renyi_baseline_s19,v2,erdos_renyi_baseline,19,erdos_renyi,100,4,787,408,4.677891391638325,154,408,0.37745098039215685,2,48
v2_erdos_renyi_baseline_s19,v2,erdos_renyi_baseline,19,erdos_renyi,100,4,788,10000,0.6931471805579453,8890,10000,0.889,15,15
v2_erdos_renyi_baseline_s19,v2,erdos_renyi_baseline,19,erdos_renyi,100,4,789,1,-1.000088900581841e-12,1,1,1.0,13,51
v2_erdos_renyi_baseline_s19,v2,erdos_renyi_baseline,19,erdos_renyi,100,4,790,26,1.7478680974607577,7,26,0.2692307692307692,2,51
v2_erdos_renyi_baseline_s19,v2,erdos_renyi_baseline,19,erdos_renyi,100,4,791,10000,-1.000088900581841e-12,3716,10000,0.3716,91,91
v2_erdos_renyi_baseline_s19,v2,erdos_renyi_baseline,19,erdos_renyi,100,4,792,287,4.316737663813563,106,287,0.3693379790940767,90,77
v2_erdos_renyi_baseline_s19,v2,erdos_renyi_baseline,19,erdos_renyi,100,4,793,5,-1.000088900581841e-12,1,5,0.2,35,45
v2_erdos_renyi_baseline_s19,v2,erdos_renyi_baseline,19,erdos_renyi,100,4,794,411,4.644454400476813,145,411,0.35279805352798055,37,77
v2_erdos_renyi_baseline_s19,v2,erdos_renyi_baseline,19,erdos_renyi,100,4,795,138,3.178399259503756,55,138,0.39855072463768115,65,77
v2_erdos_renyi_baseline_s19,v2,erdos_renyi_baseline,19,erdos_renyi,100,4,796,298,4.282534710254422,105,298,0.3523489932885906,71,77
v2_erdos_renyi_baseline_s19,v2,erdos_renyi_baseline,19,erdos_renyi,100,4,797,25,2.0253262207620675,10,25,0.4,80,45
v2_erdos_renyi_baseline_s19,v2,erdos_renyi_baseline,19,erdos_renyi,100,4,798,73,2.9877714524011307,27,73,0.3698630136986301,2,45
v2_erdos_renyi_baseline_s19,v2,erdos_renyi_baseline,19,erdos_renyi,100,4,799,85,3.4761312408209912,35,85,0.4117647058823529,20,48
v2_erdos_renyi_baseline_s19,v2,erdos_renyi_baseline,19,erdos_renyi,100,4,800,26,1.277034259462139,7,26,0.2692307692307692,47,45
v2_erdos_renyi_baseline_s19,v2,erdos_renyi_baseline,19,erdos_renyi,100,4,801,68,3.0752205480323718,23,68,0.3382352941176471,73,45
v2_erdos_renyi_baseline_s19,v2,erdos_renyi_baseline,19,erdos_renyi,100,4,802,64,2.954673212284816,23,64,0.359375,42,48
v2_erdos_renyi_baseline_s19,v2,erdos_renyi_baseline,19,erdos_renyi,100,4,803,0,0.0,0,0,,97,97
v2_erdos_renyi_baseline_s19,v2,erdos_renyi_baseline,19,erdos_renyi,100,4,804,60,3.204777524107256,26,60,0.43333333333333335,79,45
v2_erdos_renyi_baseline_s19,v2,erdos_renyi_baseline,19,erdos_renyi,100,4,805,19,2.0431918705371204,9,19,0.47368421052631576,52,45
v2_erdos_renyi_baseline_s19,v2,erdos_renyi_baseline,19,erdos_renyi,100,4,806,10,1.0986122886651095,3,10,0.3,20,51
v2_erdos_renyi_baseline_s19,v2,erdos_renyi_baseline,19,erdos_renyi,100,4,807,42,2.441015278014703,14,42,0.3333333333333333,37,48
v2_erdos_renyi_baseline_s19,v2,erdos_renyi_baseline,19,erdos_renyi,100,4,808,121,3.511101257162571,52,121,0.4297520661157025,57,45
v2_erdos_renyi_baseline_s19,v2,erdos_renyi_baseline,19,erdos_renyi,100,4,809,3,-1.000088900581841e-12,1,3,0.3333333333333333,41,77
v2_erdos_renyi_baseline_s19,v2,erdos_renyi_baseline,19,erdos_renyi,100,4,810,0,0.0,0,0,,51,51
v2_erdos_renyi_baseline_s19,v2,erdos_renyi_baseline,19,erdos_renyi,100,4,811,467,4.8267234110220585,195,467,0.41755888650963596,61,51
v2_erdos_renyi_baseline_s19,v2,erdos_renyi_baseline,19,erdos_renyi,100,4,812,0,0.0,0,0,,97,97
v2_erdos_renyi_baseline_s19,v2,erdos_renyi_baseline,19,erdos_renyi,100,4,813,100,3.5677636931747174,43,100,0.43,39,97
v2_erdos_renyi_baseline_s19,v2,erdos_renyi_baseline,19,erdos_renyi,100,4,814,10000,-1.000088900581841e-12,3692,10000,0.3692,62,62
v2_erdos_renyi_baseline_s19,v2,erdos_renyi_baseline,19,erdos_renyi,100,4,815,0,0.0,0,0,,51,51
v2_erdos_renyi_baseline_s19,v2,erdos_renyi_baseline,19,erdos_renyi,100,4,816,111,3.5726345752559063,42,111,0.3783783783783784,23,77
v2_erdos_renyi_baseline_s19,v2,erdos_renyi_baseline,19,erdos_renyi,100,4,817,34,2.5993019270857944,16,34,0.47058823529411764,17,45
v2_erdos_renyi_baseline_s19,v2,erdos_renyi_baseline,19,erdos_renyi,100,4,818,40,2.61563057701355,15,40,0.375,92,77
v2_erdos_renyi_baseline_s19,v2,erdos_renyi_baseline,19,erdos_renyi,100,4,819,70,3.0910424533363146,22,70,0.3142857142857143,16,45
v2_erdos_renyi_baseline_s19,v2,erdos_renyi_baseline,19,erdos_renyi,100,4,820,2,-1.000088900581841e-12,1,2,0.5,60,48
v2_erdos_renyi_baseline_s19,v2,erdos_renyi_baseline,19,erdos_renyi,100,4,821,339,4.28618269722434,127,339,0.3746312684365782,5,45
v2_erdos_renyi_baseline_s19,v2,erdos_renyi_baseline,19,erdos_renyi,100,4,822,3,0.6931471805579453,2,3,0.6666666666666666,98,48
v2_erdos_renyi_baseline_s19,v2,erdos_renyi_baseline,19,erdos_renyi,100,4,823,230,4.259552611210225,84,230,0.3652173913043478,53,45
v2_erdos_renyi_baseline_s19,v2,erdos_renyi_baseline,19,erdos_renyi,100,4,824,218,4.3275637620830665,93,218,0.42660550458715596,61,45
v2_erdos_renyi_baseline_s19,v2,erdos_renyi_baseline,19,erdos_renyi,100,4,825,3,1.0986122886651095,3,3,1.0,2,97
v2_erdos_renyi_baseline_s19,v2,erdos_renyi_baseline,19,erdos_renyi,100,4,826,10000,-1.000088900581841e-12,3720,10000,0.372,91,91
v2_erdos_renyi_baseline_s19,v2,erdos_renyi_baseline,19,erdos_renyi,100,4,827,41,1.9061547465328492,8,41,0.1951219512195122,28,45
v2_erdos_renyi_baseline_s19,v2,erdos_renyi_baseline,19,erdos_renyi,100,4,828,10000,-1.000088900581841e-12,3665,10000,0.3665,62,62
v2_erdos_renyi_baseline_s19,v2,erdos_renyi_baseline,19,erdos_renyi,100,4,829,117,3.446277940884956,40,117,0.3418803418803419,93,45
v2_erdos_renyi_baseline_s19,v2,erdos_renyi_baseline,19,erdos_renyi,100,4,830,46,2.588573162668117,17,46,0.3695652173913043,40,51
v2_erdos_renyi_baseline_s19,v2,erdos_renyi_baseline,19,erdos_renyi,100,4,831,409,4.598561785223161,158,409,0.3863080684596577,71,77
v2_erdos_renyi_baseline_s19,v2,erdos_renyi_baseline,19,erdos_renyi,100,4,832,0,0.0,0,0,,45,45
v2_erdos_renyi_baseline_s19,v2,erdos_renyi_baseline,19,erdos_renyi,100,4,833,66,2.894399544411038,23,66,0.3484848484848485,4,45
v2_erdos_renyi_baseline_s19,v2,erdos_renyi_baseline,19,erdos_renyi,100,4,834,147,3.8210045424691015,61,147,0.41496598639455784,23,45
v2_erdos_renyi_baseline_s19,v2,erdos_renyi_baseline,19,erdos_renyi,100,4,835,22,2.197224577327219,9,22,0.4090909090909091,36,77
v2_erdos_renyi_baseline_s19,v2,erdos_renyi_baseline,19,erdos_renyi,100,4,836,79,3.2164243998624604,32,79,0.4050632911392405,36,77
v2_erdos_renyi_baseline_s19,v2,erdos_renyi_baseline,19,erdos_renyi,100,4,837,74,3.120291565278284,24,74,0.32432432432432434,28,51
v2_erdos_renyi_baseline_s19,v2,erdos_renyi_baseline,19,erdos_renyi,100,4,838,494,4.65983972285272,189,494,0.3825910931174089,26,45
v2_erdos_renyi_baseline_s19,v2,erdos_renyi_baseline,19,erdos_renyi,100,4,839,0,0.0,0,0,,97,97
v2_erdos_renyi_baseline_s19,v2,erdos_renyi_baseline,19,erdos_renyi,100,4,840,24,1.6769877743164172,9,24,0.375,64,48
v2_erdos_renyi_baseline_s19,v2,erdos_renyi_baseline,19,erdos_renyi,100,4,841,357,4.620697793496683,155,357,0.4341736694677871,10,45
v2_erdos_renyi_baseline_s19,v2,erdos_renyi_baseline,19,erdos_renyi,100,4,842,0,0.0,0,0,,48,48
v2_erdos_renyi_baseline_s19,v2,erdos_renyi_baseline,19,erdos_renyi,100,4,843,109,3.2163581334868363,30,109,0.27522935779816515,87,45
v2_erdos_renyi_baseline_s19,v2,erdos_renyi_baseline,19,erdos_renyi,100,4,844,122,3.587546014424116,49,122,0.4016393442622951,58,45
v2_erdos_renyi_baseline_s19,v2,erdos_renyi_baseline,19,erdos_renyi,100,4,845,129,3.606308599241319,46,129,0.35658914728682173,6,97
v2_erdos_renyi_baseline_s19,v2,erdos_renyi_baseline,19,erdos_renyi,100,4,846,0,0.0,0,0,,97,97
v2_erdos_renyi_baseline_s19,v2,erdos_renyi_baseline,19,erdos_renyi,100,4,847,7,1.0986122886651095,3,7,0.42857142857142855,76,51
v2_erdos_renyi_baseline_s19,v2,erdos_renyi_baseline,19,erdos_renyi,100,4,848,70,2.8097834779860493,25,70,0.35714285714285715,4,45
v2_erdos_renyi_baseline_s19,v2,erdos_renyi_baseline,19,erdos_renyi,100,4,849,7,1.0986122886651095,3,7,0.42857142857142855,20,51
v2_erdos_renyi_baseline_s19,v2,erdos_renyi_baseline,19,erdos_renyi,100,4,850,573,4.9191083137269445,246,573,0.4293193717277487,98,48
v2_erdos_renyi_baseline_s19,v2,erdos_renyi_baseline,19,erdos_renyi,100,4,851,114,3.2087500989740905,48,114,0.42105263157894735,43,48
v2_erdos_renyi_baseline_s19,v2,erdos_renyi_baseline,19,erdos_renyi,100,4,852,191,4.005005052980752,81,191,0.42408376963350786,73,97
v2_erdos_renyi_baseline_s19,v2,erdos_renyi_baseline,19,erdos_renyi,100,4,853,122,3.594933639594263,46,122,0.3770491803278688,49,77
v2_erdos_renyi_baseline_s19,v2,erdos_renyi_baseline,19,erdos_renyi,100,4,854,334,4.541170149897841,143,334,0.4281437125748503,39,45
v2_erdos_renyi_baseline_s19,v2,erdos_renyi_baseline,19,erdos_renyi,100,4,855,57,2.926417555478996,20,57,0.3508771929824561,3,45
v2_erdos_renyi_baseline_s19,v2,erdos_renyi_baseline,19,erdos_renyi,100,4,856,33,2.639057329601259,14,33,0.42424242424242425,16,45
v2_erdos_renyi_baseline_s19,v2,erdos_renyi_baseline,19,erdos_renyi,100,4,857,216,3.99843665258953,73,216,0.33796296296296297,41,51
v2_erdos_renyi_baseline_s19,v2,erdos_renyi_baseline,19,erdos_renyi,100,4,858,362,4.558650999042945,135,362,0.3729281767955801,38,77
v2_erdos_renyi_baseline_s19,v2,erdos_renyi_baseline,19,erdos_renyi,100,4,859,13,1.791759469222055,6,13,0.46153846153846156,2,97
v2_erdos_renyi_baseline_s19,v2,erdos_renyi_baseline,19,erdos_renyi,100,4,860,33,2.639057329601259,14,33,0.42424242424242425,95,77
v2_erdos_renyi_baseline_s19,v2,erdos_renyi_baseline,19,erdos_renyi,100,4,861,291,4.414669336295522,122,291,0.41924398625429554,2,45
v2_erdos_renyi_baseline_s19,v2,erdos_renyi_baseline,19,erdos_renyi,100,4,862,18,1.9459101490483133,7,18,0.3888888888888889,24,48
v2_erdos_renyi_baseline_s19,v2,erdos_renyi_baseline,19,erdos_renyi,100,4,863,168,4.079260602149755,74,168,0.44047619047619047,58,45
v2_erdos_renyi_baseline_s19,v2,erdos_renyi_baseline,19,erdos_renyi,100,4,864,80,3.3176975995541467,35,80,0.4375,9,97
v2_erdos_renyi_baseline_s19,v2,erdos_renyi_baseline,19,erdos_renyi,100,4,865,90,3.612135893901438,41,90,0.45555555555555555,90,45
v2_erdos_renyi_baseline_s19,v2,erdos_renyi_baseline,19,erdos_renyi,100,4,866,19,1.6094379124291005,5,19,0.2631578947368421,11,45
v2_erdos_renyi_baseline_s19,v2,erdos_renyi_baseline,19,erdos_renyi,100,4,867,108,3.3909780549362365,36,108,0.3333333333333333,11,48
v2_erdos_renyi_baseline_s19,v2,erdos_renyi_baseline,19,erdos_renyi,100,4,868,88,3.25443507722226,39,88,0.4431818181818182,89,45
v2_erdos_renyi_baseline_s19,v2,erdos_renyi_baseline,19,erdos_renyi,100,4,869,110,2.978997447140096,49,110,0.44545454545454544,47,45
v2_erdos_renyi_baseline_s19,v2,erdos_renyi_baseline,19,erdos_renyi,100,4,870,45,2.5993019270857944,16,45,0.35555555555555557,24,48
v2_erdos_renyi_baseline_s19,v2,erdos_renyi_baseline,19,erdos_renyi,100,4,871,141,3.790661938753104,57,141,0.40425531914893614,90,45
v2_erdos_renyi_baseline_s19,v2,erdos_renyi_baseline,19,erdos_renyi,100,4,872,41,2.9124944033120523,21,41,0.5121951219512195,27,48
v2_erdos_renyi_baseline_s19,v2,erdos_renyi_baseline,19,erdos_renyi,100,4,873,71,2.88620231408113,32,71,0.4507042253521127,29,77
v2_erdos_renyi_baseline_s19,v2,erdos_renyi_baseline,19,erdos_renyi,100,4,874,27,2.2718685126865625,11,27,0.4074074074074074,57,45
v2_erdos_renyi_baseline_s19,v2,erdos_renyi_baseline,19,erdos_renyi,100,4,875,112,3.4334467238276125,44,112,0.39285714285714285,82,45
v2_erdos_renyi_baseline_s19,v2,erdos_renyi_baseline,19,erdos_renyi,100,4,876,1,-1.000088900581841e-12,1,1,1.0,13,45
v2_erdos_renyi_baseline_s19,v2,erdos_renyi_baseline,19,erdos_renyi,100,4,877,267,4.362895570257469,111,267,0.4157303370786517,61,48
v2_erdos_renyi_baseline_s19,v2,erdos_renyi_baseline,19,erdos_renyi,100,4,878,150,3.5294069416820006,57,150,0.38,24,45
v2_erdos_renyi_baseline_s19,v2,erdos_renyi_baseline,19,erdos_renyi,100,4,879,6,1.0986122886651095,3,6,0.5,56,77
v2_erdos_renyi_baseline_s19,v2,erdos_renyi_baseline,19,erdos_renyi,100,4,880,23,2.302585092984045,10,23,0.43478260869565216,3,45
v2_erdos_renyi_baseline_s19,v2,erdos_renyi_baseline,19,erdos_renyi,100,4,881,81,3.3436475627642874,39,81,0.48148148148148145,37,45
v2_erdos_renyi_baseline_s19,v2,erdos_renyi_baseline,19,erdos_renyi,100,4,882,91,3.41372852038148,45,91,0.4945054945054945,85,45
v2_erdos_renyi_baseline_s19,v2,erdos_renyi_baseline,19,erdos_renyi,100,4,883,154,4.003766425393112,65,154,0.42207792207792205,88,45
v2_erdos_renyi_baseline_s19,v2,erdos_renyi_baseline,19,erdos_renyi,100,4,884,170,3.763098629417278,70,170,0.4117647058823529,58,45
v2_erdos_renyi_baseline_s19,v2,erdos_renyi_baseline,19,erdos_renyi,100,4,885,20,2.197224577327219,9,20,0.45,0,45
v2_erdos_renyi_baseline_s19,v2,erdos_renyi_baseline,19,erdos_renyi,100,4,886,102,3.74504940701088,45,102,0.4411764705882353,29,48
v2_erdos_renyi_baseline_s19,v2,erdos_renyi_baseline,19,erdos_renyi,100,4,887,34,2.5993019270857944,16,34,0.47058823529411764,92,45
v2_erdos_renyi_baseline_s19,v2,erdos_renyi_baseline,19,erdos_renyi,100,4,888,10000,-1.000088900581841e-12,3749,10000,0.3749,84,84
v2_erdos_renyi_baseline_s19,v2,erdos_renyi_baseline,19,erdos_renyi,100,4,889,7,1.6094379124291005,5,7,0.7142857142857143,12,45
v2_erdos_renyi_baseline_s19,v2,erdos_renyi_baseline,19,erdos_renyi,100,4,890,71,2.9957322735339904,20,71,0.28169014084507044,76,77
v2_erdos_renyi_baseline_s19,v2,erdos_renyi_baseline,19,erdos_renyi,100,4,891,438,4.779651100205598,184,438,0.4200913242009132,61,45
v2_erdos_renyi_baseline_s19,v2,erdos_renyi_baseline,19,erdos_renyi,100,4,892,0,0.0,0,0,,48,48
v2_erdos_renyi_baseline_s19,v2,erdos_renyi_baseline,19,erdos_renyi,100,4,893,392,4.648599282905606,161,392,0.4107142857142857,78,45
v2_erdos_renyi_baseline_s19,v2,erdos_renyi_baseline,19,erdos_renyi,100,4,894,0,0.0,0,0,,97,97
v2_erdos_renyi_baseline_s19,v2,erdos_renyi_baseline,19,erdos_renyi,100,4,895,405,4.493514979787171,148,405,0.3654320987654321,78,48
v2_erdos_renyi_baseline_s19,v2,erdos_renyi_baseline,19,erdos_renyi,100,4,896,265,4.331766132239132,103,265,0.3886792452830189,69,45
v2_erdos_renyi_baseline_s19,v2,erdos_renyi_baseline,19,erdos_renyi,100,4,897,28,2.197224577327219,9,28,0.32142857142857145,9,45
v2_erdos_renyi_baseline_s19,v2,erdos_renyi_baseline,19,erdos_renyi,100,4,898,161,3.705265617633167,53,161,0.32919254658385094,63,45
v2_erdos_renyi_baseline_s19,v2,erdos_renyi_baseline,19,erdos_renyi,100,4,899,194,3.9300522148140034,83,194,0.42783505154639173,98,77
v2_erdos_renyi_baseline_s19,v2,erdos_renyi_baseline,19,erdos_renyi,100,4,900,90,3.422414203983732,32,90,0.35555555555555557,58,45
v2_erdos_renyi_baseline_s19,v2,erdos_renyi_baseline,19,erdos_renyi,100,4,901,116,3.872804591857546,57,116,0.49137931034482757,43,48
v2_erdos_renyi_baseline_s19,v2,erdos_renyi_baseline,19,erdos_renyi,100,4,902,107,3.3345041647330413,37,107,0.34579439252336447,95,77
v2_erdos_renyi_baseline_s19,v2,erdos_renyi_baseline,19,erdos_renyi,100,4,903,206,4.067004180147073,81,206,0.3932038834951456,25,45
v2_erdos_renyi_baseline_s19,v2,erdos_renyi_baseline,19,erdos_renyi,100,4,904,51,3.028029073286411,22,51,0.43137254901960786,79,48
v2_erdos_renyi_baseline_s19,v2,erdos_renyi_baseline,19,erdos_renyi,100,4,905,0,0.0,0,0,,77,77
v2_erdos_renyi_baseline_s19,v2,erdos_renyi_baseline,19,erdos_renyi,100,4,906,169,3.903855276369687,71,169,0.42011834319526625,53,45
v2_erdos_renyi_baseline_s19,v2,erdos_renyi_baseline,19,erdos_renyi,100,4,907,89,3.4858315997982245,39,89,0.43820224719101125,82,48
v2_erdos_renyi_baseline_s19,v2,erdos_renyi_baseline,19,erdos_renyi,100,4,908,0,0.0,0,0,,77,77
v2_erdos_renyi_baseline_s19,v2,erdos_renyi_baseline,19,erdos_renyi,100,4,909,54,3.0910424533363146,22,54,0.4074074074074074,23,48
v2_erdos_renyi_baseline_s19,v2,erdos_renyi_baseline,19,erdos_renyi,100,4,910,75,3.0045706252299187,26,75,0.3466666666666667,41,97
v2_erdos_renyi_baseline_s19,v2,erdos_renyi_baseline,19,erdos_renyi,100,4,911,20,1.834371970274624,10,20,0.5,9,45
v2_erdos_renyi_baseline_s19,v2,erdos_renyi_baseline,19,erdos_renyi,100,4,912,12,2.079441541671836,8,12,0.6666666666666666,8,45
v2_erdos_renyi_baseline_s19,v2,erdos_renyi_baseline,19,erdos_renyi,100,4,913,137,3.802554382651022,56,137,0.40875912408759124,31,45
v2_erdos_renyi_baseline_s19,v2,erdos_renyi_baseline,19,erdos_renyi,100,4,914,10000,0.6931471805579453,8878,10000,0.8878,7,7
v2_erdos_renyi_baseline_s19,v2,erdos_renyi_baseline,19,erdos_renyi,100,4,915,147,3.5318966040139936,54,147,0.3673469387755102,21,45
v2_erdos_renyi_baseline_s19,v2,erdos_renyi_baseline,19,erdos_renyi,100,4,916,243,4.391061396243849,96,243,0.3950617283950617,9,51
v2_erdos_renyi_baseline_s19,v2,erdos_renyi_baseline,19,erdos_renyi,100,4,917,2,-1.000088900581841e-12,1,2,0.5,76,51
v2_erdos_renyi_baseline_s19,v2,erdos_renyi_baseline,19,erdos_renyi,100,4,918,21,2.197224577327219,9,21,0.42857142857142855,92,45
v2_erdos_renyi_baseline_s19,v2,erdos_renyi_baseline,19,erdos_renyi,100,4,919,10000,0.6931471805579453,8844,10000,0.8844,15,15
v2_erdos_renyi_baseline_s19,v2,erdos_renyi_baseline,19,erdos_renyi,100,4,920,50,2.725550395815721,19,50,0.38,9,77
v2_erdos_renyi_baseline_s19,v2,erdos_renyi_baseline,19,erdos_renyi,100,4,921,328,4.333730253871623,116,328,0.35365853658536583,76,48
v2_erdos_renyi_baseline_s19,v2,erdos_renyi_baseline,19,erdos_renyi,100,4,922,0,0.0,0,0,,48,48
v2_erdos_renyi_baseline_s19,v2,erdos_renyi_baseline,19,erdos_renyi,100,4,923,1,-1.000088900581841e-12,1,1,1.0,64,45
v2_erdos_renyi_baseline_s19,v2,erdos_renyi_baseline,19,erdos_renyi,100,4,924,105,3.3909780549362365,36,105,0.34285714285714286,85,45
v2_erdos_renyi_baseline_s19,v2,erdos_renyi_baseline,19,erdos_renyi,100,4,925,0,0.0,0,0,,51,51
v2_erdos_renyi_baseline_s19,v2,erdos_renyi_baseline,19,erdos_renyi,100,4,926,34,2.813355404483615,18,34,0.5294117647058824,12,45
v2_erdos_renyi_baseline_s19,v2,erdos_renyi_baseline,19,erdos_renyi,100,4,927,90,3.3909780549362365,36,90,0.4,70,97
v2_erdos_renyi_baseline_s19,v2,erdos_renyi_baseline,19,erdos_renyi,100,4,928,337,4.426029930194136,124,337,0.36795252225519287,11,97
v2_erdos_renyi_baseline_s19,v2,erdos_renyi_baseline,19,erdos_renyi,100,4,929,488,4.842514716775535,193,488,0.39549180327868855,33,45
v2_erdos_renyi_baseline_s19,v2,erdos_renyi_baseline,19,erdos_renyi,100,4,930,44,2.670119889791816,17,44,0.38636363636363635,59,77
v2_erdos_renyi_baseline_s19,v2,erdos_renyi_baseline,19,erdos_renyi,100,4,931,204,3.942079281698907,72,204,0.35294117647058826,5,45
v2_erdos_renyi_baseline_s19,v2,erdos_renyi_baseline,19,erdos_renyi,100,4,932,164,3.821382118428039,55,164,0.3353658536585366,72,45
v2_erdos_renyi_baseline_s19,v2,erdos_renyi_baseline,19,erdos_renyi,100,4,933,45,2.9444389791474395,19,45,0.4222222222222222,30,77
v2_erdos_renyi_baseline_s19,v2,erdos_renyi_baseline,19,erdos_renyi,100,4,934,24,2.1383330594990277,12,24,0.5,37,45
v2_erdos_renyi_baseline_s19,v2,erdos_renyi_baseline,19,erdos_renyi,100,4,935,42,2.9444389791474395,19,42,0.4523809523809524,73,97
v2_erdos_renyi_baseline_s19,v2,erdos_renyi_baseline,19,erdos_renyi,100,4,936,78,2.9970687270680187,25,78,0.32051282051282054,59,77
v2_erdos_renyi_baseline_s19,v2,erdos_renyi_baseline,19,erdos_renyi,100,4,937,2,-1.000088900581841e-12,1,2,0.5,76,51
v2_erdos_renyi_baseline_s19,v2,erdos_renyi_baseline,19,erdos_renyi,100,4,938,3,1.0986122886651095,3,3,1.0,9,48
v2_erdos_renyi_baseline_s19,v2,erdos_renyi_baseline,19,erdos_renyi,100,4,939,357,4.543974112036588,145,357,0.4061624649859944,57,45
v2_erdos_renyi_baseline_s19,v2,erdos_renyi_baseline,19,erdos_renyi,100,4,940,10000,0.6931471805579453,8852,10000,0.8852,15,15
v2_erdos_renyi_baseline_s19,v2,erdos_renyi_baseline,19,erdos_renyi,100,4,941,144,4.01369105965443,66,144,0.4583333333333333,79,97
v2_erdos_renyi_baseline_s19,v2,erdos_renyi_baseline,19,erdos_renyi,100,4,942,6,-1.000088900581841e-12,1,6,0.16666666666666666,60,48
v2_erdos_renyi_baseline_s19,v2,erdos_renyi_baseline,19,erdos_renyi,100,4,943,242,4.272694157254303,97,242,0.40082644628099173,44,45
v2_erdos_renyi_baseline_s19,v2,erdos_renyi_baseline,19,erdos_renyi,100,4,944,81,3.335770806415738,32,81,0.3950617283950617,83,45
v2_erdos_renyi_baseline_s19,v2,erdos_renyi_baseline,19,erdos_renyi,100,4,945,58,2.685945324654788,16,58,0.27586206896551724,59,45
v2_erdos_renyi_baseline_s19,v2,erdos_renyi_baseline,19,erdos_renyi,100,4,946,147,3.4905796328717047,49,147,0.3333333333333333,81,97
v2_erdos_renyi_baseline_s19,v2,erdos_renyi_baseline,19,erdos_renyi,100,4,947,10000,0.693147174195669,8865,10000,0.8865,15,7
v2_erdos_renyi_baseline_s19,v2,erdos_renyi_baseline,19,erdos_renyi,100,4,948,331,4.215925324589542,126,331,0.3806646525679758,26,77
v2_erdos_renyi_baseline_s19,v2,erdos_renyi_baseline,19,erdos_renyi,100,4,949,73,3.151458510219029,26,73,0.3561643835616438,90,77
v2_erdos_renyi_baseline_s19,v2,erdos_renyi_baseline,19,erdos_renyi,100,4,950,142,4.067749242057183,65,142,0.45774647887323944,90,77
v2_erdos_renyi_baseline_s19,v2,erdos_renyi_baseline,19,erdos_renyi,100,4,951,37,2.302585092984045,10,37,0.2702702702702703,96,45
v2_erdos_renyi_baseline_s19,v2,erdos_renyi_baseline,19,erdos_renyi,100,4,952,42,2.8332133440392155,17,42,0.40476190476190477,6,48
v2_erdos_renyi_baseline_s19,v2,erdos_renyi_baseline,19,erdos_renyi,100,4,953,135,3.709601179602438,56,135,0.4148148148148148,10,45
v2_erdos_renyi_baseline_s19,v2,erdos_renyi_baseline,19,erdos_renyi,100,4,954,57,2.8903717578781647,18,57,0.3157894736842105,39,45
v2_erdos_renyi_baseline_s19,v2,erdos_renyi_baseline,19,erdos_renyi,100,4,955,144,3.881306425080663,55,144,0.3819444444444444,55,51
v2_erdos_renyi_baseline_s19,v2,erdos_renyi_baseline,19,erdos_renyi,100,4,956,217,4.275882563359687,94,217,0.43317972350230416,86,45
v2_erdos_renyi_baseline_s19,v2,erdos_renyi_baseline,19,erdos_renyi,100,4,957,342,4.5589343032125695,127,342,0.3713450292397661,9,45
v2_erdos_renyi_baseline_s19,v2,erdos_renyi_baseline,19,erdos_renyi,100,4,958,18,2.1639556568730565,10,18,0.5555555555555556,44,45
v2_erdos_renyi_baseline_s19,v2,erdos_renyi_baseline,19,erdos_renyi,100,4,959,541,4.753486036768713,234,541,0.43253234750462105,39,77
v2_erdos_renyi_baseline_s19,v2,erdos_renyi_baseline,19,erdos_renyi,100,4,960,8,1.0986122886651095,3,8,0.375,35,45
v2_erdos_renyi_baseline_s19,v2,erdos_renyi_baseline,19,erdos_renyi,100,4,961,103,3.5924696275736783,39,103,0.3786407766990291,78,45
v2_erdos_renyi_baseline_s19,v2,erdos_renyi_baseline,19,erdos_renyi,100,4,962,2,-1.000088900581841e-12,1,2,0.5,68,77
v2_erdos_renyi_baseline_s19,v2,erdos_renyi_baseline,19,erdos_renyi,100,4,963,15,-1.000088900581841e-12,1,15,0.06666666666666667,13,45
v2_erdos_renyi_baseline_s19,v2,erdos_renyi_baseline,19,erdos_renyi,100,4,964,541,4.948363390449345,227,541,0.4195933456561922,81,45
v2_erdos_renyi_baseline_s19,v2,erdos_renyi_baseline,19,erdos_renyi,100,4,965,428,4.286352941771295,182,428,0.4252336448598131,83,45
v2_erdos_renyi_baseline_s19,v2,erdos_renyi_baseline,19,erdos_renyi,100,4,966,336,4.50103985971298,125,336,0.37202380952380953,71,77
v2_erdos_renyi_baseline_s19,v2,erdos_renyi_baseline,19,erdos_renyi,100,4,967,14,1.5498260458732018,7,14,0.5,47,51
v2_erdos_renyi_baseline_s19,v2,erdos_renyi_baseline,19,erdos_renyi,100,4,968,72,3.3524698782394617,36,72,0.5,8,45
v2_erdos_renyi_baseline_s19,v2,erdos_renyi_baseline,19,erdos_renyi,100,4,969,320,4.305455560571319,143,320,0.446875,54,45
v2_erdos_renyi_baseline_s19,v2,erdos_renyi_baseline,19,erdos_renyi,100,4,970,187,3.968600705377858,72,187,0.3850267379679144,27,48
v2_erdos_renyi_baseline_s19,v2,erdos_renyi_baseline,19,erdos_renyi,100,4,971,194,4.1480729605892535,86,194,0.44329896907216493,59,45
v2_erdos_renyi_baseline_s19,v2,erdos_renyi_baseline,19,erdos_renyi,100,4,972,570,4.8082470920004265,246,570,0.43157894736842106,57,45
v2_erdos_renyi_baseline_s19,v2,erdos_renyi_baseline,19,erdos_renyi,100,4,973,98,3.5317496288789423,41,98,0.41836734693877553,44,51
v2_erdos_renyi_baseline_s19,v2,erdos_renyi_baseline,19,erdos_renyi,100,4,974,207,3.887146952883026,77,207,0.3719806763285024,30,45
v2_erdos_renyi_baseline_s19,v2,erdos_renyi_baseline,19,erdos_renyi,100,4,975,217,4.181771015940502,77,217,0.3548387096774194,96,45
v2_erdos_renyi_baseline_s19,v2,erdos_renyi_baseline,19,erdos_renyi,100,4,976,99,3.004264933709522,34,99,0.3434343434343434,33,48
v2_erdos_renyi_baseline_s19,v2,erdos_renyi_baseline,19,erdos_renyi,100,4,977,217,4.190115086185762,105,217,0.4838709677419355,88,45
v2_erdos_renyi_baseline_s19,v2,erdos_renyi_baseline,19,erdos_renyi,100,4,978,174,4.011828299761394,72,174,0.41379310344827586,34,45
v2_erdos_renyi_baseline_s19,v2,erdos_renyi_baseline,19,erdos_renyi,100,4,979,111,3.4647398084303056,50,111,0.45045045045045046,79,45
v2_erdos_renyi_baseline_s19,v2,erdos_renyi_baseline,19,erdos_renyi,100,4,980,229,4.215863662882886,96,229,0.4192139737991266,18,77
v2_erdos_renyi_baseline_s19,v2,erdos_renyi_baseline,19,erdos_renyi,100,4,981,10000,-1.000088900581841e-12,3652,10000,0.3652,84,84
v2_erdos_renyi_baseline_s19,v2,erdos_renyi_baseline,19,erdos_renyi,100,4,982,79,2.8456384931152563,24,79,0.3037974683544304,21,51
v2_erdos_renyi_baseline_s19,v2,erdos_renyi_baseline,19,erdos_renyi,100,4,983,107,3.6266561837520017,44,107,0.411214953271028,85,45
v2_erdos_renyi_baseline_s19,v2,erdos_renyi_baseline,19,erdos_renyi,100,4,984,116,3.612135893901438,41,116,0.35344827586206895,24,45
v2_erdos_renyi_baseline_s19,v2,erdos_renyi_baseline,19,erdos_renyi,100,4,985,82,3.287797705624744,35,82,0.4268292682926829,61,48
v2_erdos_renyi_baseline_s19,v2,erdos_renyi_baseline,19,erdos_renyi,100,4,986,125,3.5281418680240257,38,125,0.304,69,45
v2_erdos_renyi_baseline_s19,v2,erdos_renyi_baseline,19,erdos_renyi,100,4,987,102,3.537452507220208,50,102,0.49019607843137253,32,45
v2_erdos_renyi_baseline_s19,v2,erdos_renyi_baseline,19,erdos_renyi,100,4,988,270,4.179621090633031,96,270,0.35555555555555557,22,45
v2_erdos_renyi_baseline_s19,v2,erdos_renyi_baseline,19,erdos_renyi,100,4,989,45,2.7886260379490384,23,45,0.5111111111111111,85,45
v2_erdos_renyi_baseline_s19,v2,erdos_renyi_baseline,19,erdos_renyi,100,4,990,322,4.546730562212883,132,322,0.40993788819875776,88,45
v2_erdos_renyi_baseline_s19,v2,erdos_renyi_baseline,19,erdos_renyi,100,4,991,10000,0.6931471805579453,8852,10000,0.8852,7,7
v2_erdos_renyi_baseline_s19,v2,erdos_renyi_baseline,19,erdos_renyi,100,4,992,203,3.7674305515486575,71,203,0.3497536945812808,83,48
v2_erdos_renyi_baseline_s19,v2,erdos_renyi_baseline,19,erdos_renyi,100,4,993,71,2.889242505095635,24,71,0.3380281690140845,54,45
v2_erdos_renyi_baseline_s19,v2,erdos_renyi_baseline,19,erdos_renyi,100,4,994,10000,-1.000088900581841e-12,3667,10000,0.3667,62,62
v2_erdos_renyi_baseline_s19,v2,erdos_renyi_baseline,19,erdos_renyi,100,4,995,10000,0.693147174369989,8989,10000,0.8989,7,15
v2_erdos_renyi_baseline_s19,v2,erdos_renyi_baseline,19,erdos_renyi,100,4,996,214,3.9152413694186072,80,214,0.37383177570093457,25,45
v2_erdos_renyi_baseline_s19,v2,erdos_renyi_baseline,19,erdos_renyi,100,4,997,314,4.156833872624761,126,314,0.4012738853503185,33,45
v2_erdos_renyi_baseline_s19,v2,erdos_renyi_baseline,19,erdos_renyi,100,4,998,91,3.5734504974428223,37,91,0.4065934065934066,30,45
v2_erdos_renyi_baseline_s19,v2,erdos_renyi_baseline,19,erdos_renyi,100,4,999,21,1.791759469222055,6,21,0.2857142857142857,21,45
