run_id,validation_version,condition,seed,topology,n_nodes,degree,episode_idx,hitting_time,path_entropy,accepted_moves,attempted_moves,accept_rate,start_node,final_node
v2_erdos_renyi_baseline_s9,v2,erdos_renyi_baseline,9,erdos_renyi,100,4,0,19,2.197224577327219,9,19,0.47368421052631576,2,92
v2_erdos_renyi_baseline_s9,v2,erdos_renyi_baseline,9,erdos_renyi,100,4,1,0,0.0,0,0,,66,66
v2_erdos_renyi_baseline_s9,v2,erdos_renyi_baseline,9,erdos_renyi,100,4,2,3,0.6931471805579453,2,3,0.6666666666666666,21,0
v2_erdos_renyi_baseline_s9,v2,erdos_renyi_baseline,9,erdos_renyi,100,4,3,38,2.8332133440392155,17,38,0.4473684210526316,48,66
v2_erdos_renyi_baseline_s9,v2,erdos_renyi_baseline,9,erdos_renyi,100,4,4,5,1.3862943611158909,4,5,0.8,87,0
v2_erdos_renyi_baseline_s9,v2,erdos_renyi_baseline,9,erdos_renyi,100,4,5,52,2.639057329601259,14,52,0.2692307692307692,16,66
v2_erdos_renyi_baseline_s9,v2,erdos_renyi_baseline,9,erdos_renyi,100,4,6,94,3.5157396511377024,35,94,0.3723404255319149,29,92
v2_erdos_renyi_baseline_s9,v2,erdos_renyi_baseline,9,erdos_renyi,100,4,7,12,1.791759469222055,6,12,0.5,56,66
v2_erdos_renyi_baseline_s9,v2,erdos_renyi_baseline,9,erdos_renyi,100,4,8,221,4.295383237028887,80,221,0.36199095022624433,48,66
v2_erdos_renyi_baseline_s9,v2,erdos_renyi_baseline,9,erdos_renyi,100,4,9,197,4.312322363014974,83,197,0.4213197969543147,57,0
v2_erdos_renyi_baseline_s9,v2,erdos_renyi_baseline,9,erdos_renyi,100,4,10,76,3.271689322296034,29,76,0.3815789473684211,89,92
v2_erdos_renyi_baseline_s9,v2,erdos_renyi_baseline,9,erdos_renyi,100,4,11,41,2.3978952727873706,11,41,0.2682926829268293,36,66
v2_erdos_renyi_baseline_s9,v2,erdos_renyi_baseline,9,erdos_renyi,100,4,12,70,3.4365228305042805,35,70,0.5,10,92
v2_erdos_renyi_baseline_s9,v2,erdos_renyi_baseline,9,erdos_renyi,100,4,13,59,3.10797227595561,25,59,0.423728813559322,21,0
v2_erdos_renyi_baseline_s9,v2,erdos_renyi_baseline,9,erdos_renyi,100,4,14,123,3.496534705776393,54,123,0.43902439024390244,68,66
v2_erdos_renyi_baseline_s9,v2,erdos_renyi_baseline,9,erdos_renyi,100,4,15,23,2.197224577327219,9,23,0.391304347826087,94,66
v2_erdos_renyi_baseline_s9,v2,erdos_renyi_baseline,9,erdos_renyi,100,4,16,9,1.3321790402061222,5,9,0.5555555555555556,64,92
v2_erdos_renyi_baseline_s9,v2,erdos_renyi_baseline,9,erdos_renyi,100,4,17,3,1.0986122886651095,3,3,1.0,62,66
v2_erdos_renyi_baseline_s9,v2,erdos_renyi_baseline,9,erdos_renyi,100,4,18,110,3.830895721041939,55,110,0.5,46,66
v2_erdos_renyi_baseline_s9,v2,erdos_renyi_baseline,9,erdos_renyi,100,4,19,8,1.3862943611158909,4,8,0.5,87,0
v2_erdos_renyi_baseline_s9,v2,erdos_renyi_baseline,9,erdos_renyi,100,4,20,41,2.736339051089065,18,41,0.43902439024390244,44,0
v2_erdos_renyi_baseline_s9,v2,erdos_renyi_baseline,9,erdos_renyi,100,4,21,39,2.751666616915516,17,39,0.4358974358974359,22,49
v2_erdos_renyi_baseline_s9,v2,erdos_renyi_baseline,9,erdos_renyi,100,4,22,157,4.065793417105483,69,157,0.4394904458598726,55,92
v2_erdos_renyi_baseline_s9,v2,erdos_renyi_baseline,9,erdos_renyi,100,4,23,54,2.9650156932365066,22,54,0.4074074074074074,20,0
v2_erdos_renyi_baseline_s9,v2,erdos_renyi_baseline,9,erdos_renyi,100,4,24,33,1.9061547465328492,8,33,0.24242424242424243,21,66
v2_erdos_renyi_baseline_s9,v2,erdos_renyi_baseline,9,erdos_renyi,100,4,25,41,2.8332133440392155,17,41,0.4146341463414634,7,66
v2_erdos_renyi_baseline_s9,v2,erdos_renyi_baseline,9,erdos_renyi,100,4,26,8,1.3862943611158909,4,8,0.5,16,0
v2_erdos_renyi_baseline_s9,v2,erdos_renyi_baseline,9,erdos_renyi,100,4,27,25,1.791759469222055,6,25,0.24,17,92
v2_erdos_renyi_baseline_s9,v2,erdos_renyi_baseline,9,erdos_renyi,100,4,28,61,3.1418041591892294,27,61,0.4426229508196721,18,34
v2_erdos_renyi_baseline_s9,v2,erdos_renyi_baseline,9,erdos_renyi,100,4,29,69,3.1624840112797505,32,69,0.463768115942029,84,66
v2_erdos_renyi_baseline_s9,v2,erdos_renyi_baseline,9,erdos_renyi,100,4,30,10,1.3862943611158909,4,10,0.4,99,92
v2_erdos_renyi_baseline_s9,v2,erdos_renyi_baseline,9,erdos_renyi,100,4,31,2,0.6931471805579453,2,2,1.0,1,66
v2_erdos_renyi_baseline_s9,v2,erdos_renyi_baseline,9,erdos_renyi,100,4,32,9,1.0986122886651095,3,9,0.3333333333333333,67,92
v2_erdos_renyi_baseline_s9,v2,erdos_renyi_baseline,9,erdos_renyi,100,4,33,17,1.9459101490483133,7,17,0.4117647058823529,7,66
v2_erdos_renyi_baseline_s9,v2,erdos_renyi_baseline,9,erdos_renyi,100,4,34,134,3.696721308158614,43,134,0.3208955223880597,21,92
v2_erdos_renyi_baseline_s9,v2,erdos_renyi_baseline,9,erdos_renyi,100,4,35,30,2.5649493574485365,13,30,0.43333333333333335,85,66
v2_erdos_renyi_baseline_s9,v2,erdos_renyi_baseline,9,erdos_renyi,100,4,36,92,3.5734504974428223,37,92,0.40217391304347827,51,66
v2_erdos_renyi_baseline_s9,v2,erdos_renyi_baseline,9,erdos_renyi,100,4,37,0,0.0,0,0,,34,34
v2_erdos_renyi_baseline_s9,v2,erdos_renyi_baseline,9,erdos_renyi,100,4,38,106,3.721176253825357,44,106,0.41509433962264153,71,34
v2_erdos_renyi_baseline_s9,v2,erdos_renyi_baseline,9,erdos_renyi,100,4,39,77,3.5849073769929456,40,77,0.5194805194805194,96,49
v2_erdos_renyi_baseline_s9,v2,erdos_renyi_baseline,9,erdos_renyi,100,4,40,68,3.098139496330803,26,68,0.38235294117647056,5,66
v2_erdos_renyi_baseline_s9,v2,erdos_renyi_baseline,9,erdos_renyi,100,4,41,36,2.3516733018936304,13,36,0.3611111111111111,84,0
v2_erdos_renyi_baseline_s9,v2,erdos_renyi_baseline,9,erdos_renyi,100,4,42,65,2.9957322735339904,20,65,0.3076923076923077,14,66
v2_erdos_renyi_baseline_s9,v2,erdos_renyi_baseline,9,erdos_renyi,100,4,43,150,3.428474218041284,49,150,0.32666666666666666,63,0
v2_erdos_renyi_baseline_s9,v2,erdos_renyi_baseline,9,erdos_renyi,100,4,44,28,2.5126585295168016,16,28,0.5714285714285714,8,0
v2_erdos_renyi_baseline_s9,v2,erdos_renyi_baseline,9,erdos_renyi,100,4,45,252,4.250195296900765,96,252,0.38095238095238093,21,92
v2_erdos_renyi_baseline_s9,v2,erdos_renyi_baseline,9,erdos_renyi,100,4,46,6,-1.000088900581841e-12,1,6,0.16666666666666666,81,92
v2_erdos_renyi_baseline_s9,v2,erdos_renyi_baseline,9,erdos_renyi,100,4,47,47,2.6229962760707903,20,47,0.425531914893617,12,34
v2_erdos_renyi_baseline_s9,v2,erdos_renyi_baseline,9,erdos_renyi,100,4,48,23,2.3516733018936304,13,23,0.5652173913043478,62,34
v2_erdos_renyi_baseline_s9,v2,erdos_renyi_baseline,9,erdos_renyi,100,4,49,201,4.214524789581656,78,201,0.3880597014925373,1,92
v2_erdos_renyi_baseline_s9,v2,erdos_renyi_baseline,9,erdos_renyi,100,4,50,9,1.0986122886651095,3,9,0.3333333333333333,12,0
v2_erdos_renyi_baseline_s9,v2,erdos_renyi_baseline,9,erdos_renyi,100,4,51,39,2.540036303807981,14,39,0.358974358974359,26,92
v2_erdos_renyi_baseline_s9,v2,erdos_renyi_baseline,9,erdos_renyi,100,4,52,143,3.900784511624706,60,143,0.4195804195804196,74,66
v2_erdos_renyi_baseline_s9,v2,erdos_renyi_baseline,9,erdos_renyi,100,4,53,38,2.7080502010872096,15,38,0.39473684210526316,33,0
v2_erdos_renyi_baseline_s9,v2,erdos_renyi_baseline,9,erdos_renyi,100,4,54,3,-1.000088900581841e-12,1,3,0.3333333333333333,50,0
v2_erdos_renyi_baseline_s9,v2,erdos_renyi_baseline,9,erdos_renyi,100,4,55,50,2.9444389791474395,19,50,0.38,69,66
v2_erdos_renyi_baseline_s9,v2,erdos_renyi_baseline,9,erdos_renyi,100,4,56,55,2.931923292990705,23,55,0.41818181818181815,69,34
v2_erdos_renyi_baseline_s9,v2,erdos_renyi_baseline,9,erdos_renyi,100,4,57,6,1.0986122886651095,3,6,0.5,57,92
v2_erdos_renyi_baseline_s9,v2,erdos_renyi_baseline,9,erdos_renyi,100,4,58,54,2.8903717578781647,18,54,0.3333333333333333,91,49
v2_erdos_renyi_baseline_s9,v2,erdos_renyi_baseline,9,erdos_renyi,100,4,59,34,2.639057329601259,14,34,0.4117647058823529,59,0
v2_erdos_renyi_baseline_s9,v2,erdos_renyi_baseline,9,erdos_renyi,100,4,60,38,2.8332133440392155,17,38,0.4473684210526316,39,66
v2_erdos_renyi_baseline_s9,v2,erdos_renyi_baseline,9,erdos_renyi,100,4,61,140,3.276702485717123,49,140,0.35,46,92
v2_erdos_renyi_baseline_s9,v2,erdos_renyi_baseline,9,erdos_renyi,100,4,62,6,1.0986122886651095,3,6,0.5,57,0
v2_erdos_renyi_baseline_s9,v2,erdos_renyi_baseline,9,erdos_renyi,100,4,63,21,2.0431918705371204,9,21,0.42857142857142855,96,92
v2_erdos_renyi_baseline_s9,v2,erdos_renyi_baseline,9,erdos_renyi,100,4,64,146,3.809279221927659,54,146,0.3698630136986301,30,0
v2_erdos_renyi_baseline_s9,v2,erdos_renyi_baseline,9,erdos_renyi,100,4,65,10,2.079441541671836,8,10,0.8,55,0
v2_erdos_renyi_baseline_s9,v2,erdos_renyi_baseline,9,erdos_renyi,100,4,66,53,2.540036303807981,14,53,0.2641509433962264,14,66
v2_erdos_renyi_baseline_s9,v2,erdos_renyi_baseline,9,erdos_renyi,100,4,67,78,3.3445488585774434,31,78,0.3974358974358974,22,34
v2_erdos_renyi_baseline_s9,v2,erdos_renyi_baseline,9,erdos_renyi,100,4,68,43,2.245035274116177,13,43,0.3023255813953488,15,92
v2_erdos_renyi_baseline_s9,v2,erdos_renyi_baseline,9,erdos_renyi,100,4,69,249,4.36287748067982,101,249,0.40562248995983935,37,0
v2_erdos_renyi_baseline_s9,v2,erdos_renyi_baseline,9,erdos_renyi,100,4,70,47,2.7804663689216818,21,47,0.44680851063829785,20,92
v2_erdos_renyi_baseline_s9,v2,erdos_renyi_baseline,9,erdos_renyi,100,4,71,100,3.5677636931747174,43,100,0.43,15,34
v2_erdos_renyi_baseline_s9,v2,erdos_renyi_baseline,9,erdos_renyi,100,4,72,37,2.5649493574485365,13,37,0.35135135135135137,27,92
v2_erdos_renyi_baseline_s9,v2,erdos_renyi_baseline,9,erdos_renyi,100,4,73,151,3.8642999614481575,62,151,0.4105960264900662,69,0
v2_erdos_renyi_baseline_s9,v2,erdos_renyi_baseline,9,erdos_renyi,100,4,74,34,2.253857589591352,12,34,0.35294117647058826,7,49
v2_erdos_renyi_baseline_s9,v2,erdos_renyi_baseline,9,erdos_renyi,100,4,75,227,4.239680221233605,100,227,0.44052863436123346,1,92
v2_erdos_renyi_baseline_s9,v2,erdos_renyi_baseline,9,erdos_renyi,100,4,76,55,2.871476118036867,19,55,0.34545454545454546,38,66
v2_erdos_renyi_baseline_s9,v2,erdos_renyi_baseline,9,erdos_renyi,100,4,77,40,2.813355404483615,18,40,0.45,63,92
v2_erdos_renyi_baseline_s9,v2,erdos_renyi_baseline,9,erdos_renyi,100,4,78,46,2.871476118036867,19,46,0.41304347826086957,73,66
v2_erdos_renyi_baseline_s9,v2,erdos_renyi_baseline,9,erdos_renyi,100,4,79,130,3.704107926156333,51,130,0.3923076923076923,43,0
v2_erdos_renyi_baseline_s9,v2,erdos_renyi_baseline,9,erdos_renyi,100,4,80,0,0.0,0,0,,92,92
v2_erdos_renyi_baseline_s9,v2,erdos_renyi_baseline,9,erdos_renyi,100,4,81,67,3.0280290732864104,22,67,0.3283582089552239,69,92
v2_erdos_renyi_baseline_s9,v2,erdos_renyi_baseline,9,erdos_renyi,100,4,82,7,1.3862943611158909,4,7,0.5714285714285714,21,0
v2_erdos_renyi_baseline_s9,v2,erdos_renyi_baseline,9,erdos_renyi,100,4,83,29,2.5649493574485365,13,29,0.4482758620689655,9,92
v2_erdos_renyi_baseline_s9,v2,erdos_renyi_baseline,9,erdos_renyi,100,4,84,11,1.0986122886651095,3,11,0.2727272727272727,2,34
v2_erdos_renyi_baseline_s9,v2,erdos_renyi_baseline,9,erdos_renyi,100,4,85,67,3.1487931944445364,31,67,0.4626865671641791,67,0
v2_erdos_renyi_baseline_s9,v2,erdos_renyi_baseline,9,erdos_renyi,100,4,86,14,1.9061547465328492,8,14,0.5714285714285714,40,0
v2_erdos_renyi_baseline_s9,v2,erdos_renyi_baseline,9,erdos_renyi,100,4,87,39,2.540036303807981,14,39,0.358974358974359,80,92
v2_erdos_renyi_baseline_s9,v2,erdos_renyi_baseline,9,erdos_renyi,100,4,88,57,3.244492630381296,27,57,0.47368421052631576,83,0
v2_erdos_renyi_baseline_s9,v2,erdos_renyi_baseline,9,erdos_renyi,100,4,89,25,2.302585092984045,10,25,0.4,24,66
v2_erdos_renyi_baseline_s9,v2,erdos_renyi_baseline,9,erdos_renyi,100,4,90,146,3.860623457522692,54,146,0.3698630136986301,22,0
v2_erdos_renyi_baseline_s9,v2,erdos_renyi_baseline,9,erdos_renyi,100,4,91,29,2.2718685126865625,11,29,0.3793103448275862,76,92
v2_erdos_renyi_baseline_s9,v2,erdos_renyi_baseline,9,erdos_renyi,100,4,92,22,2.2718685126865625,11,22,0.5,21,0
v2_erdos_renyi_baseline_s9,v2,erdos_renyi_baseline,9,erdos_renyi,100,4,93,50,2.7080502010872096,15,50,0.3,17,34
v2_erdos_renyi_baseline_s9,v2,erdos_renyi_baseline,9,erdos_renyi,100,4,94,161,3.9326102200384474,60,161,0.37267080745341613,30,34
v2_erdos_renyi_baseline_s9,v2,erdos_renyi_baseline,9,erdos_renyi,100,4,95,15,1.9459101490483133,7,15,0.4666666666666667,83,0
v2_erdos_renyi_baseline_s9,v2,erdos_renyi_baseline,9,erdos_renyi,100,4,96,88,3.5157396511377024,35,88,0.3977272727272727,79,92
v2_erdos_renyi_baseline_s9,v2,erdos_renyi_baseline,9,erdos_renyi,100,4,97,13,1.9459101490483133,7,13,0.5384615384615384,11,0
v2_erdos_renyi_baseline_s9,v2,erdos_renyi_baseline,9,erdos_renyi,100,4,98,4,0.6931471805579453,2,4,0.5,94,66
v2_erdos_renyi_baseline_s9,v2,erdos_renyi_baseline,9,erdos_renyi,100,4,99,1,-1.000088900581841e-12,1,1,1.0,24,92
v2_erdos_renyi_baseline_s9,v2,erdos_renyi_baseline,9,erdos_renyi,100,4,100,140,3.725010830605414,53,140,0.37857142857142856,33,92
v2_erdos_renyi_baseline_s9,v2,erdos_renyi_baseline,9,erdos_renyi,100,4,101,0,0.0,0,0,,66,66
v2_erdos_renyi_baseline_s9,v2,erdos_renyi_baseline,9,erdos_renyi,100,4,102,21,1.5607104090364068,6,21,0.2857142857142857,6,0
v2_erdos_renyi_baseline_s9,v2,erdos_renyi_baseline,9,erdos_renyi,100,4,103,52,2.76162571218078,20,52,0.38461538461538464,27,92
v2_erdos_renyi_baseline_s9,v2,erdos_renyi_baseline,9,erdos_renyi,100,4,104,497,4.912686225662897,209,497,0.42052313883299797,16,66
v2_erdos_renyi_baseline_s9,v2,erdos_renyi_baseline,9,erdos_renyi,100,4,105,13,1.791759469222055,6,13,0.46153846153846156,98,0
v2_erdos_renyi_baseline_s9,v2,erdos_renyi_baseline,9,erdos_renyi,100,4,106,7,-1.000088900581841e-12,1,7,0.14285714285714285,54,92
v2_erdos_renyi_baseline_s9,v2,erdos_renyi_baseline,9,erdos_renyi,100,4,107,4,-1.000088900581841e-12,1,4,0.25,90,0
v2_erdos_renyi_baseline_s9,v2,erdos_renyi_baseline,9,erdos_renyi,100,4,108,45,2.954673212284816,23,45,0.5111111111111111,7,49
v2_erdos_renyi_baseline_s9,v2,erdos_renyi_baseline,9,erdos_renyi,100,4,109,77,3.556923618315194,39,77,0.5064935064935064,36,92
v2_erdos_renyi_baseline_s9,v2,erdos_renyi_baseline,9,erdos_renyi,100,4,110,59,2.5532370029797145,18,59,0.3050847457627119,19,92
v2_erdos_renyi_baseline_s9,v2,erdos_renyi_baseline,9,erdos_renyi,100,4,111,31,2.3978952727873706,11,31,0.3548387096774194,27,92
v2_erdos_renyi_baseline_s9,v2,erdos_renyi_baseline,9,erdos_renyi,100,4,112,7,1.0986122886651095,3,7,0.42857142857142855,81,66
v2_erdos_renyi_baseline_s9,v2,erdos_renyi_baseline,9,erdos_renyi,100,4,113,0,0.0,0,0,,0,0
v2_erdos_renyi_baseline_s9,v2,erdos_renyi_baseline,9,erdos_renyi,100,4,114,198,4.032836910625622,79,198,0.398989898989899,76,34
v2_erdos_renyi_baseline_s9,v2,erdos_renyi_baseline,9,erdos_renyi,100,4,115,37,2.639057329601259,14,37,0.3783783783783784,32,66
v2_erdos_renyi_baseline_s9,v2,erdos_renyi_baseline,9,erdos_renyi,100,4,116,255,4.400624012470014,100,255,0.39215686274509803,71,34
v2_erdos_renyi_baseline_s9,v2,erdos_renyi_baseline,9,erdos_renyi,100,4,117,177,3.765687781140333,69,177,0.3898305084745763,85,0
v2_erdos_renyi_baseline_s9,v2,erdos_renyi_baseline,9,erdos_renyi,100,4,118,11,1.791759469222055,6,11,0.5454545454545454,21,92
v2_erdos_renyi_baseline_s9,v2,erdos_renyi_baseline,9,erdos_renyi,100,4,119,16,1.5607104090364068,6,16,0.375,32,92
v2_erdos_renyi_baseline_s9,v2,erdos_renyi_baseline,9,erdos_renyi,100,4,120,169,4.217778661681876,77,169,0.4556213017751479,10,66
v2_erdos_renyi_baseline_s9,v2,erdos_renyi_baseline,9,erdos_renyi,100,4,121,8,1.791759469222055,6,8,0.75,75,92
v2_erdos_renyi_baseline_s9,v2,erdos_renyi_baseline,9,erdos_renyi,100,4,122,56,3.4339872044541457,31,56,0.5535714285714286,70,92
v2_erdos_renyi_baseline_s9,v2,erdos_renyi_baseline,9,erdos_renyi,100,4,123,33,2.61563057701355,15,33,0.45454545454545453,99,34
v2_erdos_renyi_baseline_s9,v2,erdos_renyi_baseline,9,erdos_renyi,100,4,124,2,-1.000088900581841e-12,1,2,0.5,81,92
v2_erdos_renyi_baseline_s9,v2,erdos_renyi_baseline,9,erdos_renyi,100,4,125,28,2.369382119683676,12,28,0.42857142857142855,44,66
v2_erdos_renyi_baseline_s9,v2,erdos_renyi_baseline,9,erdos_renyi,100,4,126,0,0.0,0,0,,66,66
v2_erdos_renyi_baseline_s9,v2,erdos_renyi_baseline,9,erdos_renyi,100,4,127,2,0.6931471805579453,2,2,1.0,79,92
v2_erdos_renyi_baseline_s9,v2,erdos_renyi_baseline,9,erdos_renyi,100,4,128,68,3.0910424533363146,22,68,0.3235294117647059,15,34
v2_erdos_renyi_baseline_s9,v2,erdos_renyi_baseline,9,erdos_renyi,100,4,129,7,1.0986122886651095,3,7,0.42857142857142855,83,92
v2_erdos_renyi_baseline_s9,v2,erdos_renyi_baseline,9,erdos_renyi,100,4,130,81,3.204777524107256,26,81,0.32098765432098764,47,49
v2_erdos_renyi_baseline_s9,v2,erdos_renyi_baseline,9,erdos_renyi,100,4,131,22,1.9459101490483133,7,22,0.3181818181818182,62,34
v2_erdos_renyi_baseline_s9,v2,erdos_renyi_baseline,9,erdos_renyi,100,4,132,105,3.583257490460173,44,105,0.41904761904761906,45,92
v2_erdos_renyi_baseline_s9,v2,erdos_renyi_baseline,9,erdos_renyi,100,4,133,46,2.4497339499984823,23,46,0.5,61,66
v2_erdos_renyi_baseline_s9,v2,erdos_renyi_baseline,9,erdos_renyi,100,4,134,0,0.0,0,0,,49,49
v2_erdos_renyi_baseline_s9,v2,erdos_renyi_baseline,9,erdos_renyi,100,4,135,160,3.9557596865258655,64,160,0.4,57,66
v2_erdos_renyi_baseline_s9,v2,erdos_renyi_baseline,9,erdos_renyi,100,4,136,13,1.6094379124291005,5,13,0.38461538461538464,70,66
v2_erdos_renyi_baseline_s9,v2,erdos_renyi_baseline,9,erdos_renyi,100,4,137,252,4.397816334323502,97,252,0.38492063492063494,85,92
v2_erdos_renyi_baseline_s9,v2,erdos_renyi_baseline,9,erdos_renyi,100,4,138,29,2.1639556568730565,10,29,0.3448275862068966,1,66
v2_erdos_renyi_baseline_s9,v2,erdos_renyi_baseline,9,erdos_renyi,100,4,139,93,3.491660437469239,38,93,0.40860215053763443,24,0
v2_erdos_renyi_baseline_s9,v2,erdos_renyi_baseline,9,erdos_renyi,100,4,140,109,3.67795722676115,46,109,0.42201834862385323,44,66
v2_erdos_renyi_baseline_s9,v2,erdos_renyi_baseline,9,erdos_renyi,100,4,141,194,4.218412507322723,83,194,0.42783505154639173,88,49
v2_erdos_renyi_baseline_s9,v2,erdos_renyi_baseline,9,erdos_renyi,100,4,142,150,3.9365583562812048,59,150,0.3933333333333333,44,0
v2_erdos_renyi_baseline_s9,v2,erdos_renyi_baseline,9,erdos_renyi,100,4,143,38,2.6701198897918164,17,38,0.4473684210526316,58,0
v2_erdos_renyi_baseline_s9,v2,erdos_renyi_baseline,9,erdos_renyi,100,4,144,203,4.237658959250803,82,203,0.4039408866995074,57,66
v2_erdos_renyi_baseline_s9,v2,erdos_renyi_baseline,9,erdos_renyi,100,4,145,53,3.044522437702424,21,53,0.39622641509433965,29,66
v2_erdos_renyi_baseline_s9,v2,erdos_renyi_baseline,9,erdos_renyi,100,4,146,28,2.3978952727873706,11,28,0.39285714285714285,60,0
v2_erdos_renyi_baseline_s9,v2,erdos_renyi_baseline,9,erdos_renyi,100,4,147,88,3.472414980727339,39,88,0.4431818181818182,22,92
v2_erdos_renyi_baseline_s9,v2,erdos_renyi_baseline,9,erdos_renyi,100,4,148,51,3.062529300232621,24,51,0.47058823529411764,72,92
v2_erdos_renyi_baseline_s9,v2,erdos_renyi_baseline,9,erdos_renyi,100,4,149,91,3.491116324198872,43,91,0.4725274725274725,53,66
v2_erdos_renyi_baseline_s9,v2,erdos_renyi_baseline,9,erdos_renyi,100,4,150,19,1.6094379124291005,5,19,0.2631578947368421,67,92
v2_erdos_renyi_baseline_s9,v2,erdos_renyi_baseline,9,erdos_renyi,100,4,151,130,3.573554040100918,47,130,0.36153846153846153,21,66
v2_erdos_renyi_baseline_s9,v2,erdos_renyi_baseline,9,erdos_renyi,100,4,152,20,1.3296613488507585,6,20,0.3,4,66
v2_erdos_renyi_baseline_s9,v2,erdos_renyi_baseline,9,erdos_renyi,100,4,153,9,1.0986122886651095,3,9,0.3333333333333333,5,66
v2_erdos_renyi_baseline_s9,v2,erdos_renyi_baseline,9,erdos_renyi,100,4,154,145,3.90801172927918,58,145,0.4,44,34
v2_erdos_renyi_baseline_s9,v2,erdos_renyi_baseline,9,erdos_renyi,100,4,155,2,0.6931471805579453,2,2,1.0,40,92
v2_erdos_renyi_baseline_s9,v2,erdos_renyi_baseline,9,erdos_renyi,100,4,156,5,0.6931471805579453,2,5,0.4,94,66
v2_erdos_renyi_baseline_s9,v2,erdos_renyi_baseline,9,erdos_renyi,100,4,157,122,3.7845576132928977,48,122,0.39344262295081966,61,92
v2_erdos_renyi_baseline_s9,v2,erdos_renyi_baseline,9,erdos_renyi,100,4,158,36,2.670119889791816,17,36,0.4722222222222222,51,0
v2_erdos_renyi_baseline_s9,v2,erdos_renyi_baseline,9,erdos_renyi,100,4,159,48,2.596833868882563,20,48,0.4166666666666667,58,0
v2_erdos_renyi_baseline_s9,v2,erdos_renyi_baseline,9,erdos_renyi,100,4,160,0,0.0,0,0,,34,34
v2_erdos_renyi_baseline_s9,v2,erdos_renyi_baseline,9,erdos_renyi,100,4,161,209,4.13126812299455,81,209,0.3875598086124402,70,34
v2_erdos_renyi_baseline_s9,v2,erdos_renyi_baseline,9,erdos_renyi,100,4,162,38,2.5232109529398907,15,38,0.39473684210526316,76,49
v2_erdos_renyi_baseline_s9,v2,erdos_renyi_baseline,9,erdos_renyi,100,4,163,77,2.9650156932365066,22,77,0.2857142857142857,13,92
v2_erdos_renyi_baseline_s9,v2,erdos_renyi_baseline,9,erdos_renyi,100,4,164,5,0.6931471805579453,2,5,0.4,82,66
v2_erdos_renyi_baseline_s9,v2,erdos_renyi_baseline,9,erdos_renyi,100,4,165,1,-1.000088900581841e-12,1,1,1.0,24,92
v2_erdos_renyi_baseline_s9,v2,erdos_renyi_baseline,9,erdos_renyi,100,4,166,225,4.132539905987244,88,225,0.39111111111111113,20,66
v2_erdos_renyi_baseline_s9,v2,erdos_renyi_baseline,9,erdos_renyi,100,4,167,89,3.2823030759199963,41,89,0.4606741573033708,28,34
v2_erdos_renyi_baseline_s9,v2,erdos_renyi_baseline,9,erdos_renyi,100,4,168,135,3.753043869753884,56,135,0.4148148148148148,75,34
v2_erdos_renyi_baseline_s9,v2,erdos_renyi_baseline,9,erdos_renyi,100,4,169,7,1.0986122886651095,3,7,0.42857142857142855,50,0
v2_erdos_renyi_baseline_s9,v2,erdos_renyi_baseline,9,erdos_renyi,100,4,170,35,2.725550395815721,19,35,0.5428571428571428,45,66
v2_erdos_renyi_baseline_s9,v2,erdos_renyi_baseline,9,erdos_renyi,100,4,171,65,3.2826939972510645,28,65,0.4307692307692308,83,49
v2_erdos_renyi_baseline_s9,v2,erdos_renyi_baseline,9,erdos_renyi,100,4,172,50,2.5993019270857944,16,50,0.32,64,34
v2_erdos_renyi_baseline_s9,v2,erdos_renyi_baseline,9,erdos_renyi,100,4,173,306,4.492068631425903,121,306,0.3954248366013072,28,49
v2_erdos_renyi_baseline_s9,v2,erdos_renyi_baseline,9,erdos_renyi,100,4,174,70,3.335770806415738,32,70,0.45714285714285713,38,34
v2_erdos_renyi_baseline_s9,v2,erdos_renyi_baseline,9,erdos_renyi,100,4,175,7,-1.000088900581841e-12,1,7,0.14285714285714285,91,66
v2_erdos_renyi_baseline_s9,v2,erdos_renyi_baseline,9,erdos_renyi,100,4,176,20,1.7328679513938632,8,20,0.4,84,49
v2_erdos_renyi_baseline_s9,v2,erdos_renyi_baseline,9,erdos_renyi,100,4,177,51,2.751666616915516,17,51,0.3333333333333333,83,49
v2_erdos_renyi_baseline_s9,v2,erdos_renyi_baseline,9,erdos_renyi,100,4,178,37,2.5232109529398907,15,37,0.40540540540540543,95,66
v2_erdos_renyi_baseline_s9,v2,erdos_renyi_baseline,9,erdos_renyi,100,4,179,40,2.4583113296710835,13,40,0.325,72,92
v2_erdos_renyi_baseline_s9,v2,erdos_renyi_baseline,9,erdos_renyi,100,4,180,18,2.302585092984045,10,18,0.5555555555555556,15,66
v2_erdos_renyi_baseline_s9,v2,erdos_renyi_baseline,9,erdos_renyi,100,4,181,132,3.8520648955461616,56,132,0.42424242424242425,37,92
v2_erdos_renyi_baseline_s9,v2,erdos_renyi_baseline,9,erdos_renyi,100,4,182,45,2.639057329601259,14,45,0.3111111111111111,86,49
v2_erdos_renyi_baseline_s9,v2,erdos_renyi_baseline,9,erdos_renyi,100,4,183,20,1.7478680974607577,7,20,0.35,33,92
v2_erdos_renyi_baseline_s9,v2,erdos_renyi_baseline,9,erdos_renyi,100,4,184,0,0.0,0,0,,66,66
v2_erdos_renyi_baseline_s9,v2,erdos_renyi_baseline,9,erdos_renyi,100,4,185,25,2.5649493574485365,13,25,0.52,89,92
v2_erdos_renyi_baseline_s9,v2,erdos_renyi_baseline,9,erdos_renyi,100,4,186,9,1.6094379124291005,5,9,0.5555555555555556,54,66
v2_erdos_renyi_baseline_s9,v2,erdos_renyi_baseline,9,erdos_renyi,100,4,187,61,3.163424050399405,25,61,0.4098360655737705,76,66
v2_erdos_renyi_baseline_s9,v2,erdos_renyi_baseline,9,erdos_renyi,100,4,188,34,2.61563057701355,15,34,0.4411764705882353,32,92
v2_erdos_renyi_baseline_s9,v2,erdos_renyi_baseline,9,erdos_renyi,100,4,189,9,1.791759469222055,6,9,0.6666666666666666,19,0
v2_erdos_renyi_baseline_s9,v2,erdos_renyi_baseline,9,erdos_renyi,100,4,190,3,-1.000088900581841e-12,1,3,0.3333333333333333,60,66
v2_erdos_renyi_baseline_s9,v2,erdos_renyi_baseline,9,erdos_renyi,100,4,191,68,3.044820482442576,26,68,0.38235294117647056,97,66
v2_erdos_renyi_baseline_s9,v2,erdos_renyi_baseline,9,erdos_renyi,100,4,192,36,2.685945324654788,16,36,0.4444444444444444,6,92
v2_erdos_renyi_baseline_s9,v2,erdos_renyi_baseline,9,erdos_renyi,100,4,193,94,3.6195647360199423,40,94,0.425531914893617,47,66
v2_erdos_renyi_baseline_s9,v2,erdos_renyi_baseline,9,erdos_renyi,100,4,194,0,0.0,0,0,,66,66
v2_erdos_renyi_baseline_s9,v2,erdos_renyi_baseline,9,erdos_renyi,100,4,195,18,2.079441541671836,8,18,0.4444444444444444,20,66
v2_erdos_renyi_baseline_s9,v2,erdos_renyi_baseline,9,erdos_renyi,100,4,196,144,4.05057883633818,64,144,0.4444444444444444,2,49
v2_erdos_renyi_baseline_s9,v2,erdos_renyi_baseline,9,erdos_renyi,100,4,197,35,2.16822349160464,14,35,0.4,27,66
v2_erdos_renyi_baseline_s9,v2,erdos_renyi_baseline,9,erdos_renyi,100,4,198,299,4.451082166847571,108,299,0.3612040133779264,4,49
v2_erdos_renyi_baseline_s9,v2,erdos_renyi_baseline,9,erdos_renyi,100,4,199,39,2.61563057701355,15,39,0.38461538461538464,3,92
v2_erdos_renyi_baseline_s9,v2,erdos_renyi_baseline,9,erdos_renyi,100,4,200,92,3.679760009076018,41,92,0.44565217391304346,13,66
v2_erdos_renyi_baseline_s9,v2,erdos_renyi_baseline,9,erdos_renyi,100,4,201,6,1.0986122886651095,3,6,0.5,95,66
v2_erdos_renyi_baseline_s9,v2,erdos_renyi_baseline,9,erdos_renyi,100,4,202,111,3.638648592450092,42,111,0.3783783783783784,95,34
v2_erdos_renyi_baseline_s9,v2,erdos_renyi_baseline,9,erdos_renyi,100,4,203,21,1.9061547465328492,8,21,0.38095238095238093,25,66
v2_erdos_renyi_baseline_s9,v2,erdos_renyi_baseline,9,erdos_renyi,100,4,204,55,3.134162458562648,28,55,0.509090909090909,23,0
v2_erdos_renyi_baseline_s9,v2,erdos_renyi_baseline,9,erdos_renyi,100,4,205,41,2.8332133440392155,17,41,0.4146341463414634,28,92
v2_erdos_renyi_baseline_s9,v2,erdos_renyi_baseline,9,erdos_renyi,100,4,206,1,-1.000088900581841e-12,1,1,1.0,90,0
v2_erdos_renyi_baseline_s9,v2,erdos_renyi_baseline,9,erdos_renyi,100,4,207,0,0.0,0,0,,49,49
v2_erdos_renyi_baseline_s9,v2,erdos_renyi_baseline,9,erdos_renyi,100,4,208,42,2.9785084205072385,21,42,0.5,78,66
v2_erdos_renyi_baseline_s9,v2,erdos_renyi_baseline,9,erdos_renyi,100,4,209,217,4.163653769154264,82,217,0.3778801843317972,46,0
v2_erdos_renyi_baseline_s9,v2,erdos_renyi_baseline,9,erdos_renyi,100,4,210,60,3.244492630381296,27,60,0.45,12,66
v2_erdos_renyi_baseline_s9,v2,erdos_renyi_baseline,9,erdos_renyi,100,4,211,77,3.396914420187568,35,77,0.45454545454545453,38,66
v2_erdos_renyi_baseline_s9,v2,erdos_renyi_baseline,9,erdos_renyi,100,4,212,35,2.302585092984045,10,35,0.2857142857142857,97,49
v2_erdos_renyi_baseline_s9,v2,erdos_renyi_baseline,9,erdos_renyi,100,4,213,64,3.03514143277037,28,64,0.4375,78,92
v2_erdos_renyi_baseline_s9,v2,erdos_renyi_baseline,9,erdos_renyi,100,4,214,83,3.5601762861186548,42,83,0.5060240963855421,59,66
v2_erdos_renyi_baseline_s9,v2,erdos_renyi_baseline,9,erdos_renyi,100,4,215,41,2.540036303807981,14,41,0.34146341463414637,40,66
v2_erdos_renyi_baseline_s9,v2,erdos_renyi_baseline,9,erdos_renyi,100,4,216,40,2.9785084205072385,21,40,0.525,85,49
v2_erdos_renyi_baseline_s9,v2,erdos_renyi_baseline,9,erdos_renyi,100,4,217,179,4.112378654866356,73,179,0.40782122905027934,62,34
v2_erdos_renyi_baseline_s9,v2,erdos_renyi_baseline,9,erdos_renyi,100,4,218,301,4.4352093863617705,112,301,0.37209302325581395,1,66
v2_erdos_renyi_baseline_s9,v2,erdos_renyi_baseline,9,erdos_renyi,100,4,219,26,1.791759469222055,6,26,0.23076923076923078,22,92
v2_erdos_renyi_baseline_s9,v2,erdos_renyi_baseline,9,erdos_renyi,100,4,220,102,3.5677636931747174,43,102,0.4215686274509804,21,92
v2_erdos_renyi_baseline_s9,v2,erdos_renyi_baseline,9,erdos_renyi,100,4,221,19,1.9459101490483133,7,19,0.3684210526315789,25,66
v2_erdos_renyi_baseline_s9,v2,erdos_renyi_baseline,9,erdos_renyi,100,4,222,74,3.363267070336762,34,74,0.4594594594594595,83,34
v2_erdos_renyi_baseline_s9,v2,erdos_renyi_baseline,9,erdos_renyi,100,4,223,66,3.3892680315157944,31,66,0.4696969696969697,37,0
v2_erdos_renyi_baseline_s9,v2,erdos_renyi_baseline,9,erdos_renyi,100,4,224,342,4.596881468284426,138,342,0.40350877192982454,76,66
v2_erdos_renyi_baseline_s9,v2,erdos_renyi_baseline,9,erdos_renyi,100,4,225,174,3.890623001474696,68,174,0.39080459770114945,3,66
v2_erdos_renyi_baseline_s9,v2,erdos_renyi_baseline,9,erdos_renyi,100,4,226,45,2.871476118036867,19,45,0.4222222222222222,53,66
v2_erdos_renyi_baseline_s9,v2,erdos_renyi_baseline,9,erdos_renyi,100,4,227,3,0.6931471805579453,2,3,0.6666666666666666,71,66
v2_erdos_renyi_baseline_s9,v2,erdos_renyi_baseline,9,erdos_renyi,100,4,228,43,2.484906649776,12,43,0.27906976744186046,24,92
v2_erdos_renyi_baseline_s9,v2,erdos_renyi_baseline,9,erdos_renyi,100,4,229,10,1.6094379124291005,5,10,0.5,30,92
v2_erdos_renyi_baseline_s9,v2,erdos_renyi_baseline,9,erdos_renyi,100,4,230,57,3.0752205480323718,23,57,0.40350877192982454,9,66
v2_erdos_renyi_baseline_s9,v2,erdos_renyi_baseline,9,erdos_renyi,100,4,231,6,1.6094379124291005,5,6,0.8333333333333334,42,66
v2_erdos_renyi_baseline_s9,v2,erdos_renyi_baseline,9,erdos_renyi,100,4,232,66,3.078014567724474,26,66,0.3939393939393939,63,49
v2_erdos_renyi_baseline_s9,v2,erdos_renyi_baseline,9,erdos_renyi,100,4,233,99,3.6101955050538983,45,99,0.45454545454545453,51,66
v2_erdos_renyi_baseline_s9,v2,erdos_renyi_baseline,9,erdos_renyi,100,4,234,30,2.4583113296710835,13,30,0.43333333333333335,87,49
v2_erdos_renyi_baseline_s9,v2,erdos_renyi_baseline,9,erdos_renyi,100,4,235,55,3.193512367382888,31,55,0.5636363636363636,46,49
v2_erdos_renyi_baseline_s9,v2,erdos_renyi_baseline,9,erdos_renyi,100,4,236,158,3.8750346550245496,61,158,0.3860759493670886,86,34
v2_erdos_renyi_baseline_s9,v2,erdos_renyi_baseline,9,erdos_renyi,100,4,237,4,-1.000088900581841e-12,1,4,0.25,10,92
v2_erdos_renyi_baseline_s9,v2,erdos_renyi_baseline,9,erdos_renyi,100,4,238,12,1.9459101490483133,7,12,0.5833333333333334,14,92
v2_erdos_renyi_baseline_s9,v2,erdos_renyi_baseline,9,erdos_renyi,100,4,239,76,3.2238860684653137,29,76,0.3815789473684211,18,66
v2_erdos_renyi_baseline_s9,v2,erdos_renyi_baseline,9,erdos_renyi,100,4,240,46,2.670119889791816,17,46,0.3695652173913043,35,66
v2_erdos_renyi_baseline_s9,v2,erdos_renyi_baseline,9,erdos_renyi,100,4,241,46,2.926417555478996,20,46,0.43478260869565216,19,34
v2_erdos_renyi_baseline_s9,v2,erdos_renyi_baseline,9,erdos_renyi,100,4,242,227,4.309379985569464,95,227,0.4185022026431718,73,49
v2_erdos_renyi_baseline_s9,v2,erdos_renyi_baseline,9,erdos_renyi,100,4,243,1,-1.000088900581841e-12,1,1,1.0,81,92
v2_erdos_renyi_baseline_s9,v2,erdos_renyi_baseline,9,erdos_renyi,100,4,244,250,4.301317495646677,91,250,0.364,19,66
v2_erdos_renyi_baseline_s9,v2,erdos_renyi_baseline,9,erdos_renyi,100,4,245,282,4.249916985413426,107,282,0.37943262411347517,44,49
v2_erdos_renyi_baseline_s9,v2,erdos_renyi_baseline,9,erdos_renyi,100,4,246,34,2.7080502010872096,15,34,0.4411764705882353,62,34
v2_erdos_renyi_baseline_s9,v2,erdos_renyi_baseline,9,erdos_renyi,100,4,247,44,2.772588722223781,16,44,0.36363636363636365,46,34
v2_erdos_renyi_baseline_s9,v2,erdos_renyi_baseline,9,erdos_renyi,100,4,248,66,3.0045706252299187,26,66,0.3939393939393939,95,49
v2_erdos_renyi_baseline_s9,v2,erdos_renyi_baseline,9,erdos_renyi,100,4,249,10,1.9459101490483133,7,10,0.7,33,66
v2_erdos_renyi_baseline_s9,v2,erdos_renyi_baseline,9,erdos_renyi,100,4,250,20,2.0431918705371204,9,20,0.45,21,66
v2_erdos_renyi_baseline_s9,v2,erdos_renyi_baseline,9,erdos_renyi,100,4,251,9,1.6094379124291005,5,9,0.5555555555555556,97,92
v2_erdos_renyi_baseline_s9,v2,erdos_renyi_baseline,9,erdos_renyi,100,4,252,23,2.0431918705371204,9,23,0.391304347826087,23,49
v2_erdos_renyi_baseline_s9,v2,erdos_renyi_baseline,9,erdos_renyi,100,4,253,35,2.3978952727873706,11,35,0.3142857142857143,19,92
v2_erdos_renyi_baseline_s9,v2,erdos_renyi_baseline,9,erdos_renyi,100,4,254,25,2.302585092984045,10,25,0.4,17,66
v2_erdos_renyi_baseline_s9,v2,erdos_renyi_baseline,9,erdos_renyi,100,4,255,143,3.9263306648888703,56,143,0.3916083916083916,43,0
v2_erdos_renyi_baseline_s9,v2,erdos_renyi_baseline,9,erdos_renyi,100,4,256,87,3.1836729714587872,28,87,0.3218390804597701,71,66
v2_erdos_renyi_baseline_s9,v2,erdos_renyi_baseline,9,erdos_renyi,100,4,257,132,3.7026694781446654,47,132,0.3560606060606061,1,92
v2_erdos_renyi_baseline_s9,v2,erdos_renyi_baseline,9,erdos_renyi,100,4,258,56,2.7804663689216818,21,56,0.375,30,66
v2_erdos_renyi_baseline_s9,v2,erdos_renyi_baseline,9,erdos_renyi,100,4,259,50,3.0280290732864104,22,50,0.44,64,66
v2_erdos_renyi_baseline_s9,v2,erdos_renyi_baseline,9,erdos_renyi,100,4,260,12,1.6094379124291005,5,12,0.4166666666666667,47,66
v2_erdos_renyi_baseline_s9,v2,erdos_renyi_baseline,9,erdos_renyi,100,4,261,2,-1.000088900581841e-12,1,2,0.5,56,49
v2_erdos_renyi_baseline_s9,v2,erdos_renyi_baseline,9,erdos_renyi,100,4,262,37,2.9444389791474395,19,37,0.5135135135135135,8,49
v2_erdos_renyi_baseline_s9,v2,erdos_renyi_baseline,9,erdos_renyi,100,4,263,7,1.3862943611158909,4,7,0.5714285714285714,46,92
v2_erdos_renyi_baseline_s9,v2,erdos_renyi_baseline,9,erdos_renyi,100,4,264,16,1.791759469222055,6,16,0.375,11,0
v2_erdos_renyi_baseline_s9,v2,erdos_renyi_baseline,9,erdos_renyi,100,4,265,6,1.0986122886651095,3,6,0.5,71,49
v2_erdos_renyi_baseline_s9,v2,erdos_renyi_baseline,9,erdos_renyi,100,4,266,193,4.10021165667434,75,193,0.38860103626943004,8,92
v2_erdos_renyi_baseline_s9,v2,erdos_renyi_baseline,9,erdos_renyi,100,4,267,12,1.9459101490483133,7,12,0.5833333333333334,29,0
v2_erdos_renyi_baseline_s9,v2,erdos_renyi_baseline,9,erdos_renyi,100,4,268,71,3.379092505199735,32,71,0.4507042253521127,1,0
v2_erdos_renyi_baseline_s9,v2,erdos_renyi_baseline,9,erdos_renyi,100,4,269,54,3.0047670351869598,24,54,0.4444444444444444,44,92
v2_erdos_renyi_baseline_s9,v2,erdos_renyi_baseline,9,erdos_renyi,100,4,270,12,2.079441541671836,8,12,0.6666666666666666,20,92
v2_erdos_renyi_baseline_s9,v2,erdos_renyi_baseline,9,erdos_renyi,100,4,271,184,4.199727103786595,81,184,0.44021739130434784,77,0
v2_erdos_renyi_baseline_s9,v2,erdos_renyi_baseline,9,erdos_renyi,100,4,272,149,3.762155075517717,60,149,0.40268456375838924,31,66
v2_erdos_renyi_baseline_s9,v2,erdos_renyi_baseline,9,erdos_renyi,100,4,273,90,3.4809352999119527,40,90,0.4444444444444444,55,66
v2_erdos_renyi_baseline_s9,v2,erdos_renyi_baseline,9,erdos_renyi,100,4,274,94,3.539858797168345,44,94,0.46808510638297873,72,66
v2_erdos_renyi_baseline_s9,v2,erdos_renyi_baseline,9,erdos_renyi,100,4,275,38,2.639057329601259,14,38,0.3684210526315789,43,92
v2_erdos_renyi_baseline_s9,v2,erdos_renyi_baseline,9,erdos_renyi,100,4,276,165,3.909019134385509,62,165,0.37575757575757573,22,66
v2_erdos_renyi_baseline_s9,v2,erdos_renyi_baseline,9,erdos_renyi,100,4,277,143,3.9170332489992585,58,143,0.40559440559440557,60,92
v2_erdos_renyi_baseline_s9,v2,erdos_renyi_baseline,9,erdos_renyi,100,4,278,48,2.736339051089065,18,48,0.375,12,66
v2_erdos_renyi_baseline_s9,v2,erdos_renyi_baseline,9,erdos_renyi,100,4,279,126,3.755676480770567,48,126,0.38095238095238093,58,34
v2_erdos_renyi_baseline_s9,v2,erdos_renyi_baseline,9,erdos_renyi,100,4,280,17,2.197224577327219,9,17,0.5294117647058824,82,92
v2_erdos_renyi_baseline_s9,v2,erdos_renyi_baseline,9,erdos_renyi,100,4,281,35,2.484906649776,12,35,0.34285714285714286,68,92
v2_erdos_renyi_baseline_s9,v2,erdos_renyi_baseline,9,erdos_renyi,100,4,282,0,0.0,0,0,,34,34
v2_erdos_renyi_baseline_s9,v2,erdos_renyi_baseline,9,erdos_renyi,100,4,283,79,3.233183484354926,28,79,0.35443037974683544,94,66
v2_erdos_renyi_baseline_s9,v2,erdos_renyi_baseline,9,erdos_renyi,100,4,284,33,2.4583113296710835,13,33,0.3939393939393939,47,92
v2_erdos_renyi_baseline_s9,v2,erdos_renyi_baseline,9,erdos_renyi,100,4,285,71,3.308777757559495,30,71,0.4225352112676056,22,49
v2_erdos_renyi_baseline_s9,v2,erdos_renyi_baseline,9,erdos_renyi,100,4,286,32,2.7080502010872096,15,32,0.46875,11,92
v2_erdos_renyi_baseline_s9,v2,erdos_renyi_baseline,9,erdos_renyi,100,4,287,38,2.639057329601259,14,38,0.3684210526315789,46,49
v2_erdos_renyi_baseline_s9,v2,erdos_renyi_baseline,9,erdos_renyi,100,4,288,4,-1.000088900581841e-12,1,4,0.25,56,49
v2_erdos_renyi_baseline_s9,v2,erdos_renyi_baseline,9,erdos_renyi,100,4,289,49,2.871476118036867,19,49,0.3877551020408163,13,92
v2_erdos_renyi_baseline_s9,v2,erdos_renyi_baseline,9,erdos_renyi,100,4,290,173,4.166566902718292,76,173,0.4393063583815029,27,66
v2_erdos_renyi_baseline_s9,v2,erdos_renyi_baseline,9,erdos_renyi,100,4,291,24,2.484906649776,12,24,0.5,95,92
v2_erdos_renyi_baseline_s9,v2,erdos_renyi_baseline,9,erdos_renyi,100,4,292,22,2.079441541671836,8,22,0.36363636363636365,9,0
v2_erdos_renyi_baseline_s9,v2,erdos_renyi_baseline,9,erdos_renyi,100,4,293,145,3.66448190441264,43,145,0.296551724137931,47,0
v2_erdos_renyi_baseline_s9,v2,erdos_renyi_baseline,9,erdos_renyi,100,4,294,165,4.157527105084593,73,165,0.44242424242424244,17,66
v2_erdos_renyi_baseline_s9,v2,erdos_renyi_baseline,9,erdos_renyi,100,4,295,0,0.0,0,0,,66,66
v2_erdos_renyi_baseline_s9,v2,erdos_renyi_baseline,9,erdos_renyi,100,4,296,35,2.441015278014703,14,35,0.4,55,34
v2_erdos_renyi_baseline_s9,v2,erdos_renyi_baseline,9,erdos_renyi,100,4,297,90,3.183922421639312,35,90,0.3888888888888889,91,66
v2_erdos_renyi_baseline_s9,v2,erdos_renyi_baseline,9,erdos_renyi,100,4,298,99,3.363267070336762,34,99,0.3434343434343434,72,66
v2_erdos_renyi_baseline_s9,v2,erdos_renyi_baseline,9,erdos_renyi,100,4,299,259,4.335280093521178,92,259,0.3552123552123552,77,34
v2_erdos_renyi_baseline_s9,v2,erdos_renyi_baseline,9,erdos_renyi,100,4,300,31,2.0431918705371204,9,31,0.2903225806451613,52,66
v2_erdos_renyi_baseline_s9,v2,erdos_renyi_baseline,9,erdos_renyi,100,4,301,67,3.271689322296034,29,67,0.43283582089552236,87,66
v2_erdos_renyi_baseline_s9,v2,erdos_renyi_baseline,9,erdos_renyi,100,4,302,70,3.389268031515795,31,70,0.44285714285714284,76,0
v2_erdos_renyi_baseline_s9,v2,erdos_renyi_baseline,9,erdos_renyi,100,4,303,27,2.5649493574485365,13,27,0.48148148148148145,83,66
v2_erdos_renyi_baseline_s9,v2,erdos_renyi_baseline,9,erdos_renyi,100,4,304,127,3.755676480770567,48,127,0.3779527559055118,64,49
v2_erdos_renyi_baseline_s9,v2,erdos_renyi_baseline,9,erdos_renyi,100,4,305,41,2.341994252221425,14,41,0.34146341463414637,52,66
v2_erdos_renyi_baseline_s9,v2,erdos_renyi_baseline,9,erdos_renyi,100,4,306,165,3.9290072441644734,70,165,0.42424242424242425,67,49
v2_erdos_renyi_baseline_s9,v2,erdos_renyi_baseline,9,erdos_renyi,100,4,307,128,3.823096663177727,51,128,0.3984375,17,92
v2_erdos_renyi_baseline_s9,v2,erdos_renyi_baseline,9,erdos_renyi,100,4,308,37,2.7080502010872096,15,37,0.40540540540540543,70,34
v2_erdos_renyi_baseline_s9,v2,erdos_renyi_baseline,9,erdos_renyi,100,4,309,41,2.8903717578781647,18,41,0.43902439024390244,52,49
v2_erdos_renyi_baseline_s9,v2,erdos_renyi_baseline,9,erdos_renyi,100,4,310,0,0.0,0,0,,66,66
v2_erdos_renyi_baseline_s9,v2,erdos_renyi_baseline,9,erdos_renyi,100,4,311,3,-1.000088900581841e-12,1,3,0.3333333333333333,3,34
v2_erdos_renyi_baseline_s9,v2,erdos_renyi_baseline,9,erdos_renyi,100,4,312,105,3.5951494937275497,44,105,0.41904761904761906,42,66
v2_erdos_renyi_baseline_s9,v2,erdos_renyi_baseline,9,erdos_renyi,100,4,313,6,1.3862943611158909,4,6,0.6666666666666666,8,92
v2_erdos_renyi_baseline_s9,v2,erdos_renyi_baseline,9,erdos_renyi,100,4,314,84,3.4365228305042805,35,84,0.4166666666666667,46,0
v2_erdos_renyi_baseline_s9,v2,erdos_renyi_baseline,9,erdos_renyi,100,4,315,63,2.9785084205072385,21,63,0.3333333333333333,84,34
v2_erdos_renyi_baseline_s9,v2,erdos_renyi_baseline,9,erdos_renyi,100,4,316,4,0.6931471805579453,2,4,0.5,27,49
v2_erdos_renyi_baseline_s9,v2,erdos_renyi_baseline,9,erdos_renyi,100,4,317,7,1.0986122886651095,3,7,0.42857142857142855,1,92
v2_erdos_renyi_baseline_s9,v2,erdos_renyi_baseline,9,erdos_renyi,100,4,318,118,3.584686979329951,47,118,0.3983050847457627,11,92
v2_erdos_renyi_baseline_s9,v2,erdos_renyi_baseline,9,erdos_renyi,100,4,319,7,1.0986122886651095,3,7,0.42857142857142855,83,92
v2_erdos_renyi_baseline_s9,v2,erdos_renyi_baseline,9,erdos_renyi,100,4,320,32,2.8332133440392155,17,32,0.53125,67,66
v2_erdos_renyi_baseline_s9,v2,erdos_renyi_baseline,9,erdos_renyi,100,4,321,2,-1.000088900581841e-12,1,2,0.5,15,66
v2_erdos_renyi_baseline_s9,v2,erdos_renyi_baseline,9,erdos_renyi,100,4,322,44,2.3516733018936304,13,44,0.29545454545454547,71,92
v2_erdos_renyi_baseline_s9,v2,erdos_renyi_baseline,9,erdos_renyi,100,4,323,92,3.5450107617233355,36,92,0.391304347826087,84,34
v2_erdos_renyi_baseline_s9,v2,erdos_renyi_baseline,9,erdos_renyi,100,4,324,121,3.5910797779934107,52,121,0.4297520661157025,4,92
v2_erdos_renyi_baseline_s9,v2,erdos_renyi_baseline,9,erdos_renyi,100,4,325,67,3.2163581334868363,30,67,0.44776119402985076,93,92
v2_erdos_renyi_baseline_s9,v2,erdos_renyi_baseline,9,erdos_renyi,100,4,326,25,2.3978952727873706,11,25,0.44,17,92
v2_erdos_renyi_baseline_s9,v2,erdos_renyi_baseline,9,erdos_renyi,100,4,327,230,4.130206166197793,91,230,0.39565217391304347,53,66
v2_erdos_renyi_baseline_s9,v2,erdos_renyi_baseline,9,erdos_renyi,100,4,328,133,3.8826013861050495,64,133,0.48120300751879697,80,66
v2_erdos_renyi_baseline_s9,v2,erdos_renyi_baseline,9,erdos_renyi,100,4,329,59,2.9650156932365066,22,59,0.3728813559322034,84,92
v2_erdos_renyi_baseline_s9,v2,erdos_renyi_baseline,9,erdos_renyi,100,4,330,58,3.163424050399405,25,58,0.43103448275862066,14,92
v2_erdos_renyi_baseline_s9,v2,erdos_renyi_baseline,9,erdos_renyi,100,4,331,110,3.795914420803827,51,110,0.4636363636363636,31,92
v2_erdos_renyi_baseline_s9,v2,erdos_renyi_baseline,9,erdos_renyi,100,4,332,83,3.120291565278284,24,83,0.2891566265060241,79,34
v2_erdos_renyi_baseline_s9,v2,erdos_renyi_baseline,9,erdos_renyi,100,4,333,3,-1.000088900581841e-12,1,3,0.3333333333333333,81,66
v2_erdos_renyi_baseline_s9,v2,erdos_renyi_baseline,9,erdos_renyi,100,4,334,182,4.247543471126456,90,182,0.4945054945054945,19,0
v2_erdos_renyi_baseline_s9,v2,erdos_renyi_baseline,9,erdos_renyi,100,4,335,67,2.894399544411038,23,67,0.34328358208955223,95,92
v2_erdos_renyi_baseline_s9,v2,erdos_renyi_baseline,9,erdos_renyi,100,4,336,91,3.131914222065035,31,91,0.34065934065934067,97,66
v2_erdos_renyi_baseline_s9,v2,erdos_renyi_baseline,9,erdos_renyi,100,4,337,63,2.7555497906471795,21,63,0.3333333333333333,13,66
v2_erdos_renyi_baseline_s9,v2,erdos_renyi_baseline,9,erdos_renyi,100,4,338,5,0.6931471805579453,2,5,0.4,1,34
v2_erdos_renyi_baseline_s9,v2,erdos_renyi_baseline,9,erdos_renyi,100,4,339,19,1.6094379124291005,5,19,0.2631578947368421,73,0
v2_erdos_renyi_baseline_s9,v2,erdos_renyi_baseline,9,erdos_renyi,100,4,340,128,3.636668731983428,53,128,0.4140625,31,49
v2_erdos_renyi_baseline_s9,v2,erdos_renyi_baseline,9,erdos_renyi,100,4,341,1,-1.000088900581841e-12,1,1,1.0,38,34
v2_erdos_renyi_baseline_s9,v2,erdos_renyi_baseline,9,erdos_renyi,100,4,342,162,4.112378654867356,73,162,0.4506172839506173,8,34
v2_erdos_renyi_baseline_s9,v2,erdos_renyi_baseline,9,erdos_renyi,100,4,343,7,1.0986122886651095,3,7,0.42857142857142855,54,92
v2_erdos_renyi_baseline_s9,v2,erdos_renyi_baseline,9,erdos_renyi,100,4,344,77,3.6280156368321625,39,77,0.5064935064935064,3,66
v2_erdos_renyi_baseline_s9,v2,erdos_renyi_baseline,9,erdos_renyi,100,4,345,114,3.7612001156505626,43,114,0.37719298245614036,80,66
v2_erdos_renyi_baseline_s9,v2,erdos_renyi_baseline,9,erdos_renyi,100,4,346,196,4.109015238304789,80,196,0.40816326530612246,98,92
v2_erdos_renyi_baseline_s9,v2,erdos_renyi_baseline,9,erdos_renyi,100,4,347,34,2.751666616915516,17,34,0.5,45,66
v2_erdos_renyi_baseline_s9,v2,erdos_renyi_baseline,9,erdos_renyi,100,4,348,2,-1.000088900581841e-12,1,2,0.5,50,0
v2_erdos_renyi_baseline_s9,v2,erdos_renyi_baseline,9,erdos_renyi,100,4,349,22,2.3959081192819283,15,22,0.6818181818181818,40,66
v2_erdos_renyi_baseline_s9,v2,erdos_renyi_baseline,9,erdos_renyi,100,4,350,57,3.389268031515795,31,57,0.543859649122807,98,0
v2_erdos_renyi_baseline_s9,v2,erdos_renyi_baseline,9,erdos_renyi,100,4,351,50,2.926417555478996,20,50,0.4,16,92
v2_erdos_renyi_baseline_s9,v2,erdos_renyi_baseline,9,erdos_renyi,100,4,352,2,-1.000088900581841e-12,1,2,0.5,50,0
v2_erdos_renyi_baseline_s9,v2,erdos_renyi_baseline,9,erdos_renyi,100,4,353,17,1.7478680974607577,7,17,0.4117647058823529,69,0
v2_erdos_renyi_baseline_s9,v2,erdos_renyi_baseline,9,erdos_renyi,100,4,354,53,3.0752205480323718,23,53,0.4339622641509434,74,92
v2_erdos_renyi_baseline_s9,v2,erdos_renyi_baseline,9,erdos_renyi,100,4,355,15,2.079441541671836,8,15,0.5333333333333333,77,66
v2_erdos_renyi_baseline_s9,v2,erdos_renyi_baseline,9,erdos_renyi,100,4,356,91,3.3445488585774434,31,91,0.34065934065934067,51,66
v2_erdos_renyi_baseline_s9,v2,erdos_renyi_baseline,9,erdos_renyi,100,4,357,0,0.0,0,0,,92,92
v2_erdos_renyi_baseline_s9,v2,erdos_renyi_baseline,9,erdos_renyi,100,4,358,415,4.847345365865231,182,415,0.43855421686746987,91,92
v2_erdos_renyi_baseline_s9,v2,erdos_renyi_baseline,9,erdos_renyi,100,4,359,70,3.204777524107256,26,70,0.37142857142857144,74,92
v2_erdos_renyi_baseline_s9,v2,erdos_renyi_baseline,9,erdos_renyi,100,4,360,220,4.369935907082239,94,220,0.42727272727272725,3,66
v2_erdos_renyi_baseline_s9,v2,erdos_renyi_baseline,9,erdos_renyi,100,4,361,65,3.135494215906149,23,65,0.35384615384615387,85,66
v2_erdos_renyi_baseline_s9,v2,erdos_renyi_baseline,9,erdos_renyi,100,4,362,18,2.3978952727873706,11,18,0.6111111111111112,82,92
v2_erdos_renyi_baseline_s9,v2,erdos_renyi_baseline,9,erdos_renyi,100,4,363,20,2.484906649776,12,20,0.6,31,92
v2_erdos_renyi_baseline_s9,v2,erdos_renyi_baseline,9,erdos_renyi,100,4,364,14,1.6094379124291005,5,14,0.35714285714285715,79,66
v2_erdos_renyi_baseline_s9,v2,erdos_renyi_baseline,9,erdos_renyi,100,4,365,94,3.444813797459462,34,94,0.3617021276595745,70,92
v2_erdos_renyi_baseline_s9,v2,erdos_renyi_baseline,9,erdos_renyi,100,4,366,1,-1.000088900581841e-12,1,1,1.0,91,66
v2_erdos_renyi_baseline_s9,v2,erdos_renyi_baseline,9,erdos_renyi,100,4,367,5,1.0986122886651095,3,5,0.6,79,66
v2_erdos_renyi_baseline_s9,v2,erdos_renyi_baseline,9,erdos_renyi,100,4,368,80,3.4339872044541457,31,80,0.3875,94,66
v2_erdos_renyi_baseline_s9,v2,erdos_renyi_baseline,9,erdos_renyi,100,4,369,34,2.441015278014703,14,34,0.4117647058823529,28,92
v2_erdos_renyi_baseline_s9,v2,erdos_renyi_baseline,9,erdos_renyi,100,4,370,295,4.363764548411931,103,295,0.34915254237288135,16,92
v2_erdos_renyi_baseline_s9,v2,erdos_renyi_baseline,9,erdos_renyi,100,4,371,171,3.909203039006618,70,171,0.4093567251461988,60,92
v2_erdos_renyi_baseline_s9,v2,erdos_renyi_baseline,9,erdos_renyi,100,4,372,92,3.4339872044541457,31,92,0.33695652173913043,67,66
v2_erdos_renyi_baseline_s9,v2,erdos_renyi_baseline,9,erdos_renyi,100,4,373,54,2.8903717578781647,18,54,0.3333333333333333,10,34
v2_erdos_renyi_baseline_s9,v2,erdos_renyi_baseline,9,erdos_renyi,100,4,374,52,3.135494215906149,23,52,0.4423076923076923,10,66
v2_erdos_renyi_baseline_s9,v2,erdos_renyi_baseline,9,erdos_renyi,100,4,375,24,2.302585092984045,10,24,0.4166666666666667,23,0
v2_erdos_renyi_baseline_s9,v2,erdos_renyi_baseline,9,erdos_renyi,100,4,376,30,2.369382119683676,12,30,0.4,3,34
v2_erdos_renyi_baseline_s9,v2,erdos_renyi_baseline,9,erdos_renyi,100,4,377,6,1.0986122886651095,3,6,0.5,88,0
v2_erdos_renyi_baseline_s9,v2,erdos_renyi_baseline,9,erdos_renyi,100,4,378,41,2.954673212284816,23,41,0.5609756097560976,80,49
v2_erdos_renyi_baseline_s9,v2,erdos_renyi_baseline,9,erdos_renyi,100,4,379,1,-1.000088900581841e-12,1,1,1.0,91,66
v2_erdos_renyi_baseline_s9,v2,erdos_renyi_baseline,9,erdos_renyi,100,4,380,2,-1.000088900581841e-12,1,2,0.5,60,66
v2_erdos_renyi_baseline_s9,v2,erdos_renyi_baseline,9,erdos_renyi,100,4,381,30,2.557793860093732,17,30,0.5666666666666667,2,34
v2_erdos_renyi_baseline_s9,v2,erdos_renyi_baseline,9,erdos_renyi,100,4,382,20,1.9061547465328492,8,20,0.4,68,92
v2_erdos_renyi_baseline_s9,v2,erdos_renyi_baseline,9,erdos_renyi,100,4,383,38,2.5649493574485365,13,38,0.34210526315789475,97,92
v2_erdos_renyi_baseline_s9,v2,erdos_renyi_baseline,9,erdos_renyi,100,4,384,226,4.179445463907873,91,226,0.4026548672566372,45,49
v2_erdos_renyi_baseline_s9,v2,erdos_renyi_baseline,9,erdos_renyi,100,4,385,2,0.6931471805579453,2,2,1.0,1,66
v2_erdos_renyi_baseline_s9,v2,erdos_renyi_baseline,9,erdos_renyi,100,4,386,69,2.8443053266792635,25,69,0.36231884057971014,2,66
v2_erdos_renyi_baseline_s9,v2,erdos_renyi_baseline,9,erdos_renyi,100,4,387,11,1.2554823251747536,8,11,0.7272727272727273,82,66
v2_erdos_renyi_baseline_s9,v2,erdos_renyi_baseline,9,erdos_renyi,100,4,388,34,2.857102837424001,20,34,0.5882352941176471,74,92
v2_erdos_renyi_baseline_s9,v2,erdos_renyi_baseline,9,erdos_renyi,100,4,389,20,1.7478680974607577,7,20,0.35,74,92
v2_erdos_renyi_baseline_s9,v2,erdos_renyi_baseline,9,erdos_renyi,100,4,390,3,0.6931471805579453,2,3,0.6666666666666666,87,0
v2_erdos_renyi_baseline_s9,v2,erdos_renyi_baseline,9,erdos_renyi,100,4,391,35,2.8332133440392155,17,35,0.4857142857142857,40,92
v2_erdos_renyi_baseline_s9,v2,erdos_renyi_baseline,9,erdos_renyi,100,4,392,24,1.9061547465328492,8,24,0.3333333333333333,71,0
v2_erdos_renyi_baseline_s9,v2,erdos_renyi_baseline,9,erdos_renyi,100,4,393,27,2.540036303807981,14,27,0.5185185185185185,14,92
v2_erdos_renyi_baseline_s9,v2,erdos_renyi_baseline,9,erdos_renyi,100,4,394,20,2.302585092984045,10,20,0.5,23,92
v2_erdos_renyi_baseline_s9,v2,erdos_renyi_baseline,9,erdos_renyi,100,4,395,104,3.506148144454139,45,104,0.4326923076923077,11,66
v2_erdos_renyi_baseline_s9,v2,erdos_renyi_baseline,9,erdos_renyi,100,4,396,297,4.345692484627879,111,297,0.37373737373737376,68,92
v2_erdos_renyi_baseline_s9,v2,erdos_renyi_baseline,9,erdos_renyi,100,4,397,33,2.639057329601259,14,33,0.42424242424242425,85,34
v2_erdos_renyi_baseline_s9,v2,erdos_renyi_baseline,9,erdos_renyi,100,4,398,96,3.3892680315157944,31,96,0.3229166666666667,63,34
v2_erdos_renyi_baseline_s9,v2,erdos_renyi_baseline,9,erdos_renyi,100,4,399,139,3.8252615592850914,54,139,0.38848920863309355,14,66
v2_erdos_renyi_baseline_s9,v2,erdos_renyi_baseline,9,erdos_renyi,100,4,400,287,4.336591584322432,124,287,0.43205574912891986,44,92
v2_erdos_renyi_baseline_s9,v2,erdos_renyi_baseline,9,erdos_renyi,100,4,401,80,3.271689322296034,29,80,0.3625,56,66
v2_erdos_renyi_baseline_s9,v2,erdos_renyi_baseline,9,erdos_renyi,100,4,402,6,0.6931471805579453,2,6,0.3333333333333333,19,66
v2_erdos_renyi_baseline_s9,v2,erdos_renyi_baseline,9,erdos_renyi,100,4,403,75,3.158039775194436,29,75,0.38666666666666666,48,0
v2_erdos_renyi_baseline_s9,v2,erdos_renyi_baseline,9,erdos_renyi,100,4,404,57,2.954673212284816,23,57,0.40350877192982454,26,92
v2_erdos_renyi_baseline_s9,v2,erdos_renyi_baseline,9,erdos_renyi,100,4,405,130,3.5875467249519843,46,130,0.35384615384615387,42,34
v2_erdos_renyi_baseline_s9,v2,erdos_renyi_baseline,9,erdos_renyi,100,4,406,57,3.122424598309061,27,57,0.47368421052631576,9,92
v2_erdos_renyi_baseline_s9,v2,erdos_renyi_baseline,9,erdos_renyi,100,4,407,118,3.937639810915242,54,118,0.4576271186440678,16,92
v2_erdos_renyi_baseline_s9,v2,erdos_renyi_baseline,9,erdos_renyi,100,4,408,20,2.197224577327219,9,20,0.45,29,92
v2_erdos_renyi_baseline_s9,v2,erdos_renyi_baseline,9,erdos_renyi,100,4,409,141,3.615076920741103,52,141,0.36879432624113473,23,34
v2_erdos_renyi_baseline_s9,v2,erdos_renyi_baseline,9,erdos_renyi,100,4,410,6,0.6931471805579453,2,6,0.3333333333333333,77,92
v2_erdos_renyi_baseline_s9,v2,erdos_renyi_baseline,9,erdos_renyi,100,4,411,118,3.8502789055516256,51,118,0.4322033898305085,21,66
v2_erdos_renyi_baseline_s9,v2,erdos_renyi_baseline,9,erdos_renyi,100,4,412,6,1.791759469222055,6,6,1.0,85,34
v2_erdos_renyi_baseline_s9,v2,erdos_renyi_baseline,9,erdos_renyi,100,4,413,310,4.586695093959487,133,310,0.4290322580645161,10,66
v2_erdos_renyi_baseline_s9,v2,erdos_renyi_baseline,9,erdos_renyi,100,4,414,58,3.2958368659773285,27,58,0.46551724137931033,72,0
v2_erdos_renyi_baseline_s9,v2,erdos_renyi_baseline,9,erdos_renyi,100,4,415,33,2.079441541671836,8,33,0.24242424242424243,6,66
v2_erdos_renyi_baseline_s9,v2,erdos_renyi_baseline,9,erdos_renyi,100,4,416,45,2.871476118036867,19,45,0.4222222222222222,5,66
v2_erdos_renyi_baseline_s9,v2,erdos_renyi_baseline,9,erdos_renyi,100,4,417,2,-1.000088900581841e-12,1,2,0.5,38,34
v2_erdos_renyi_baseline_s9,v2,erdos_renyi_baseline,9,erdos_renyi,100,4,418,42,2.9785084205072385,21,42,0.5,85,92
v2_erdos_renyi_baseline_s9,v2,erdos_renyi_baseline,9,erdos_renyi,100,4,419,36,2.7080502010872096,15,36,0.4166666666666667,41,34
v2_erdos_renyi_baseline_s9,v2,erdos_renyi_baseline,9,erdos_renyi,100,4,420,37,2.639057329601259,14,37,0.3783783783783784,86,92
v2_erdos_renyi_baseline_s9,v2,erdos_renyi_baseline,9,erdos_renyi,100,4,421,0,0.0,0,0,,49,49
v2_erdos_renyi_baseline_s9,v2,erdos_renyi_baseline,9,erdos_renyi,100,4,422,142,3.86566592398464,53,142,0.3732394366197183,1,92
v2_erdos_renyi_baseline_s9,v2,erdos_renyi_baseline,9,erdos_renyi,100,4,423,0,0.0,0,0,,92,92
v2_erdos_renyi_baseline_s9,v2,erdos_renyi_baseline,9,erdos_renyi,100,4,424,94,3.491660437469239,38,94,0.40425531914893614,97,66
v2_erdos_renyi_baseline_s9,v2,erdos_renyi_baseline,9,erdos_renyi,100,4,425,101,3.752682943849809,44,101,0.43564356435643564,78,66
v2_erdos_renyi_baseline_s9,v2,erdos_renyi_baseline,9,erdos_renyi,100,4,426,38,2.5649493574485365,13,38,0.34210526315789475,36,66
v2_erdos_renyi_baseline_s9,v2,erdos_renyi_baseline,9,erdos_renyi,100,4,427,22,1.3862943611158909,4,22,0.18181818181818182,19,66
v2_erdos_renyi_baseline_s9,v2,erdos_renyi_baseline,9,erdos_renyi,100,4,428,30,2.302585092984045,10,30,0.3333333333333333,47,66
v2_erdos_renyi_baseline_s9,v2,erdos_renyi_baseline,9,erdos_renyi,100,4,429,50,2.7080502010872096,15,50,0.3,98,66
v2_erdos_renyi_baseline_s9,v2,erdos_renyi_baseline,9,erdos_renyi,100,4,430,37,2.751666616915516,17,37,0.4594594594594595,30,49
v2_erdos_renyi_baseline_s9,v2,erdos_renyi_baseline,9,erdos_renyi,100,4,431,134,3.526987544344917,50,134,0.373134328358209,65,92
v2_erdos_renyi_baseline_s9,v2,erdos_renyi_baseline,9,erdos_renyi,100,4,432,63,3.044522437702424,21,63,0.3333333333333333,24,92
v2_erdos_renyi_baseline_s9,v2,erdos_renyi_baseline,9,erdos_renyi,100,4,433,90,3.2285980368793616,33,90,0.36666666666666664,64,49
v2_erdos_renyi_baseline_s9,v2,erdos_renyi_baseline,9,erdos_renyi,100,4,434,157,3.9706172797023616,62,157,0.39490445859872614,19,66
v2_erdos_renyi_baseline_s9,v2,erdos_renyi_baseline,9,erdos_renyi,100,4,435,4,1.0986122886651095,3,4,0.75,46,34
v2_erdos_renyi_baseline_s9,v2,erdos_renyi_baseline,9,erdos_renyi,100,4,436,36,2.1639556568730565,10,36,0.2777777777777778,42,49
v2_erdos_renyi_baseline_s9,v2,erdos_renyi_baseline,9,erdos_renyi,100,4,437,31,2.685945324654788,16,31,0.5161290322580645,82,34
v2_erdos_renyi_baseline_s9,v2,erdos_renyi_baseline,9,erdos_renyi,100,4,438,64,2.931923292990705,23,64,0.359375,68,0
v2_erdos_renyi_baseline_s9,v2,erdos_renyi_baseline,9,erdos_renyi,100,4,439,152,3.7684554093505143,56,152,0.3684210526315789,55,66
v2_erdos_renyi_baseline_s9,v2,erdos_renyi_baseline,9,erdos_renyi,100,4,440,22,1.3862943611158909,4,22,0.18181818181818182,25,92
v2_erdos_renyi_baseline_s9,v2,erdos_renyi_baseline,9,erdos_renyi,100,4,441,114,3.567761227168578,45,114,0.39473684210526316,76,66
v2_erdos_renyi_baseline_s9,v2,erdos_renyi_baseline,9,erdos_renyi,100,4,442,87,3.2580965379954825,26,87,0.2988505747126437,60,92
v2_erdos_renyi_baseline_s9,v2,erdos_renyi_baseline,9,erdos_renyi,100,4,443,22,2.3419942522214248,14,22,0.6363636363636364,8,0
v2_erdos_renyi_baseline_s9,v2,erdos_renyi_baseline,9,erdos_renyi,100,4,444,26,2.3978952727873706,11,26,0.4230769230769231,78,34
v2_erdos_renyi_baseline_s9,v2,erdos_renyi_baseline,9,erdos_renyi,100,4,445,60,3.0280290732864104,22,60,0.36666666666666664,68,0
v2_erdos_renyi_baseline_s9,v2,erdos_renyi_baseline,9,erdos_renyi,100,4,446,36,2.8903717578781647,18,36,0.5,23,66
v2_erdos_renyi_baseline_s9,v2,erdos_renyi_baseline,9,erdos_renyi,100,4,447,67,3.176082814634593,29,67,0.43283582089552236,74,34
v2_erdos_renyi_baseline_s9,v2,erdos_renyi_baseline,9,erdos_renyi,100,4,448,82,3.619564736019943,40,82,0.4878048780487805,30,66
v2_erdos_renyi_baseline_s9,v2,erdos_renyi_baseline,9,erdos_renyi,100,4,449,5,1.6094379124291005,5,5,1.0,13,66
v2_erdos_renyi_baseline_s9,v2,erdos_renyi_baseline,9,erdos_renyi,100,4,450,142,3.983551385469709,59,142,0.4154929577464789,67,66
v2_erdos_renyi_baseline_s9,v2,erdos_renyi_baseline,9,erdos_renyi,100,4,451,85,3.45345973766966,36,85,0.4235294117647059,2,66
v2_erdos_renyi_baseline_s9,v2,erdos_renyi_baseline,9,erdos_renyi,100,4,452,6,0.6931471805579453,2,6,0.3333333333333333,64,49
v2_erdos_renyi_baseline_s9,v2,erdos_renyi_baseline,9,erdos_renyi,100,4,453,15,1.6094379124291005,5,15,0.3333333333333333,46,34
v2_erdos_renyi_baseline_s9,v2,erdos_renyi_baseline,9,erdos_renyi,100,4,454,27,1.9061547465328492,8,27,0.2962962962962963,77,92
v2_erdos_renyi_baseline_s9,v2,erdos_renyi_baseline,9,erdos_renyi,100,4,455,1,-1.000088900581841e-12,1,1,1.0,69,66
v2_erdos_renyi_baseline_s9,v2,erdos_renyi_baseline,9,erdos_renyi,100,4,456,6,1.3862943611158909,4,6,0.6666666666666666,96,49
v2_erdos_renyi_baseline_s9,v2,erdos_renyi_baseline,9,erdos_renyi,100,4,457,55,2.79241586573803,27,55,0.4909090909090909,68,92
v2_erdos_renyi_baseline_s9,v2,erdos_renyi_baseline,9,erdos_renyi,100,4,458,5,1.0986122886651095,3,5,0.6,80,0
v2_erdos_renyi_baseline_s9,v2,erdos_renyi_baseline,9,erdos_renyi,100,4,459,10,1.3862943611158909,4,10,0.4,57,0
v2_erdos_renyi_baseline_s9,v2,erdos_renyi_baseline,9,erdos_renyi,100,4,460,19,2.079441541671836,8,19,0.42105263157894735,85,0
v2_erdos_renyi_baseline_s9,v2,erdos_renyi_baseline,9,erdos_renyi,100,4,461,70,3.367295829957475,29,70,0.4142857142857143,38,66
v2_erdos_renyi_baseline_s9,v2,erdos_renyi_baseline,9,erdos_renyi,100,4,462,1,-1.000088900581841e-12,1,1,1.0,5,0
v2_erdos_renyi_baseline_s9,v2,erdos_renyi_baseline,9,erdos_renyi,100,4,463,124,3.6266561837520017,44,124,0.3548387096774194,46,34
v2_erdos_renyi_baseline_s9,v2,erdos_renyi_baseline,9,erdos_renyi,100,4,464,125,3.7158943452531408,48,125,0.384,51,34
v2_erdos_renyi_baseline_s9,v2,erdos_renyi_baseline,9,erdos_renyi,100,4,465,72,3.2164243998624604,32,72,0.4444444444444444,73,92
v2_erdos_renyi_baseline_s9,v2,erdos_renyi_baseline,9,erdos_renyi,100,4,466,31,1.8891591637470213,9,31,0.2903225806451613,82,49
v2_erdos_renyi_baseline_s9,v2,erdos_renyi_baseline,9,erdos_renyi,100,4,467,77,3.3445488585774434,31,77,0.4025974025974026,11,66
v2_erdos_renyi_baseline_s9,v2,erdos_renyi_baseline,9,erdos_renyi,100,4,468,16,1.9061547465328492,8,16,0.5,55,92
v2_erdos_renyi_baseline_s9,v2,erdos_renyi_baseline,9,erdos_renyi,100,4,469,51,2.912494403312053,21,51,0.4117647058823529,56,92
v2_erdos_renyi_baseline_s9,v2,erdos_renyi_baseline,9,erdos_renyi,100,4,470,193,4.199774838811189,77,193,0.39896373056994816,39,66
v2_erdos_renyi_baseline_s9,v2,erdos_renyi_baseline,9,erdos_renyi,100,4,471,80,3.444813797459462,34,80,0.425,73,34
v2_erdos_renyi_baseline_s9,v2,erdos_renyi_baseline,9,erdos_renyi,100,4,472,62,2.902002313186603,22,62,0.3548387096774194,37,92
v2_erdos_renyi_baseline_s9,v2,erdos_renyi_baseline,9,erdos_renyi,100,4,473,52,3.044522437702424,21,52,0.40384615384615385,12,66
v2_erdos_renyi_baseline_s9,v2,erdos_renyi_baseline,9,erdos_renyi,100,4,474,101,3.544511778726858,41,101,0.40594059405940597,93,66
v2_erdos_renyi_baseline_s9,v2,erdos_renyi_baseline,9,erdos_renyi,100,4,475,18,2.079441541671836,8,18,0.4444444444444444,38,92
v2_erdos_renyi_baseline_s9,v2,erdos_renyi_baseline,9,erdos_renyi,100,4,476,16,1.791759469222055,6,16,0.375,85,49
v2_erdos_renyi_baseline_s9,v2,erdos_renyi_baseline,9,erdos_renyi,100,4,477,97,3.363267070336762,34,97,0.35051546391752575,48,49
v2_erdos_renyi_baseline_s9,v2,erdos_renyi_baseline,9,erdos_renyi,100,4,478,47,2.736339051089065,18,47,0.3829787234042553,27,49
v2_erdos_renyi_baseline_s9,v2,erdos_renyi_baseline,9,erdos_renyi,100,4,479,3,-1.000088900581841e-12,1,3,0.3333333333333333,60,66
v2_erdos_renyi_baseline_s9,v2,erdos_renyi_baseline,9,erdos_renyi,100,4,480,9,0.6931471805579453,2,9,0.2222222222222222,18,92
v2_erdos_renyi_baseline_s9,v2,erdos_renyi_baseline,9,erdos_renyi,100,4,481,19,2.0431918705371204,9,19,0.47368421052631576,94,0
v2_erdos_renyi_baseline_s9,v2,erdos_renyi_baseline,9,erdos_renyi,100,4,482,95,3.328471881301735,33,95,0.3473684210526316,98,66
v2_erdos_renyi_baseline_s9,v2,erdos_renyi_baseline,9,erdos_renyi,100,4,483,244,4.2935169956837616,96,244,0.39344262295081966,28,0
v2_erdos_renyi_baseline_s9,v2,erdos_renyi_baseline,9,erdos_renyi,100,4,484,16,1.9459101490483133,7,16,0.4375,1,0
v2_erdos_renyi_baseline_s9,v2,erdos_renyi_baseline,9,erdos_renyi,100,4,485,43,2.926417555478996,20,43,0.46511627906976744,24,66
v2_erdos_renyi_baseline_s9,v2,erdos_renyi_baseline,9,erdos_renyi,100,4,486,0,0.0,0,0,,92,92
v2_erdos_renyi_baseline_s9,v2,erdos_renyi_baseline,9,erdos_renyi,100,4,487,427,4.837605429040325,181,427,0.4238875878220141,73,34
v2_erdos_renyi_baseline_s9,v2,erdos_renyi_baseline,9,erdos_renyi,100,4,488,17,1.7478680974607577,7,17,0.4117647058823529,76,49
v2_erdos_renyi_baseline_s9,v2,erdos_renyi_baseline,9,erdos_renyi,100,4,489,22,2.197224577327219,9,22,0.4090909090909091,72,66
v2_erdos_renyi_baseline_s9,v2,erdos_renyi_baseline,9,erdos_renyi,100,4,490,21,1.7351264569569227,9,21,0.42857142857142855,25,34
v2_erdos_renyi_baseline_s9,v2,erdos_renyi_baseline,9,erdos_renyi,100,4,491,60,2.976138801317437,25,60,0.4166666666666667,75,92
v2_erdos_renyi_baseline_s9,v2,erdos_renyi_baseline,9,erdos_renyi,100,4,492,149,3.8636247998616766,57,149,0.3825503355704698,27,92
v2_erdos_renyi_baseline_s9,v2,erdos_renyi_baseline,9,erdos_renyi,100,4,493,48,2.926417555478996,20,48,0.4166666666666667,22,66
v2_erdos_renyi_baseline_s9,v2,erdos_renyi_baseline,9,erdos_renyi,100,4,494,69,3.379092505199735,32,69,0.463768115942029,47,34
v2_erdos_renyi_baseline_s9,v2,erdos_renyi_baseline,9,erdos_renyi,100,4,495,83,3.5213776090567093,39,83,0.46987951807228917,31,66
v2_erdos_renyi_baseline_s9,v2,erdos_renyi_baseline,9,erdos_renyi,100,4,496,19,2.079441541671836,8,19,0.42105263157894735,74,92
v2_erdos_renyi_baseline_s9,v2,erdos_renyi_baseline,9,erdos_renyi,100,4,497,108,3.732165102848344,47,108,0.4351851851851852,32,92
v2_erdos_renyi_baseline_s9,v2,erdos_renyi_baseline,9,erdos_renyi,100,4,498,30,2.5649493574485365,13,30,0.43333333333333335,79,66
v2_erdos_renyi_baseline_s9,v2,erdos_renyi_baseline,9,erdos_renyi,100,4,499,77,3.3892680315157944,31,77,0.4025974025974026,33,49
v2_erdos_renyi_baseline_s9,v2,erdos_renyi_baseline,9,erdos_renyi,100,4,500,45,2.954673212284816,23,45,0.5111111111111111,25,66
v2_erdos_renyi_baseline_s9,v2,erdos_renyi_baseline,9,erdos_renyi,100,4,501,270,4.441087143255492,99,270,0.36666666666666664,95,49
v2_erdos_renyi_baseline_s9,v2,erdos_renyi_baseline,9,erdos_renyi,100,4,502,204,4.2846151747155545,87,204,0.4264705882352941,23,92
v2_erdos_renyi_baseline_s9,v2,erdos_renyi_baseline,9,erdos_renyi,100,4,503,135,3.955715126056112,60,135,0.4444444444444444,70,0
v2_erdos_renyi_baseline_s9,v2,erdos_renyi_baseline,9,erdos_renyi,100,4,504,17,2.197224577327219,9,17,0.5294117647058824,48,34
v2_erdos_renyi_baseline_s9,v2,erdos_renyi_baseline,9,erdos_renyi,100,4,505,62,3.052520501511814,25,62,0.4032258064516129,69,66
v2_erdos_renyi_baseline_s9,v2,erdos_renyi_baseline,9,erdos_renyi,100,4,506,265,4.389304731945183,122,265,0.46037735849056605,8,92
v2_erdos_renyi_baseline_s9,v2,erdos_renyi_baseline,9,erdos_renyi,100,4,507,9,1.3862943611158909,4,9,0.4444444444444444,80,92
v2_erdos_renyi_baseline_s9,v2,erdos_renyi_baseline,9,erdos_renyi,100,4,508,2,-1.000088900581841e-12,1,2,0.5,90,0
v2_erdos_renyi_baseline_s9,v2,erdos_renyi_baseline,9,erdos_renyi,100,4,509,5,1.6094379124291005,5,5,1.0,84,66
v2_erdos_renyi_baseline_s9,v2,erdos_renyi_baseline,9,erdos_renyi,100,4,510,15,1.6094379124291005,5,15,0.3333333333333333,80,0
v2_erdos_renyi_baseline_s9,v2,erdos_renyi_baseline,9,erdos_renyi,100,4,511,82,3.379092505199735,32,82,0.3902439024390244,72,34
v2_erdos_renyi_baseline_s9,v2,erdos_renyi_baseline,9,erdos_renyi,100,4,512,328,4.399260323552732,140,328,0.4268292682926829,4,0
v2_erdos_renyi_baseline_s9,v2,erdos_renyi_baseline,9,erdos_renyi,100,4,513,63,3.233183484354926,28,63,0.4444444444444444,3,92
v2_erdos_renyi_baseline_s9,v2,erdos_renyi_baseline,9,erdos_renyi,100,4,514,84,3.3345041647330413,37,84,0.44047619047619047,88,0
v2_erdos_renyi_baseline_s9,v2,erdos_renyi_baseline,9,erdos_renyi,100,4,515,63,3.367295829957475,29,63,0.4603174603174603,71,66
v2_erdos_renyi_baseline_s9,v2,erdos_renyi_baseline,9,erdos_renyi,100,4,516,30,2.926417555478996,20,30,0.6666666666666666,28,92
v2_erdos_renyi_baseline_s9,v2,erdos_renyi_baseline,9,erdos_renyi,100,4,517,280,4.5060621321727234,104,280,0.37142857142857144,54,34
v2_erdos_renyi_baseline_s9,v2,erdos_renyi_baseline,9,erdos_renyi,100,4,518,24,2.3978952727873706,11,24,0.4583333333333333,97,92
v2_erdos_renyi_baseline_s9,v2,erdos_renyi_baseline,9,erdos_renyi,100,4,519,76,3.1352651118662034,30,76,0.39473684210526316,97,66
v2_erdos_renyi_baseline_s9,v2,erdos_renyi_baseline,9,erdos_renyi,100,4,520,80,3.498515667114017,37,80,0.4625,14,66
v2_erdos_renyi_baseline_s9,v2,erdos_renyi_baseline,9,erdos_renyi,100,4,521,105,3.406566674442846,43,105,0.4095238095238095,67,92
v2_erdos_renyi_baseline_s9,v2,erdos_renyi_baseline,9,erdos_renyi,100,4,522,0,0.0,0,0,,49,49
v2_erdos_renyi_baseline_s9,v2,erdos_renyi_baseline,9,erdos_renyi,100,4,523,120,3.6375861596883854,38,120,0.31666666666666665,79,0
v2_erdos_renyi_baseline_s9,v2,erdos_renyi_baseline,9,erdos_renyi,100,4,524,8,1.039720770836918,4,8,0.5,14,0
v2_erdos_renyi_baseline_s9,v2,erdos_renyi_baseline,9,erdos_renyi,100,4,525,0,0.0,0,0,,34,34
v2_erdos_renyi_baseline_s9,v2,erdos_renyi_baseline,9,erdos_renyi,100,4,526,63,3.198916528694685,30,63,0.47619047619047616,22,92
v2_erdos_renyi_baseline_s9,v2,erdos_renyi_baseline,9,erdos_renyi,100,4,527,10,1.6094379124291005,5,10,0.5,47,0
v2_erdos_renyi_baseline_s9,v2,erdos_renyi_baseline,9,erdos_renyi,100,4,528,118,3.461048251949615,37,118,0.3135593220338983,63,66
v2_erdos_renyi_baseline_s9,v2,erdos_renyi_baseline,9,erdos_renyi,100,4,529,41,2.5400363038079807,14,41,0.34146341463414637,13,0
v2_erdos_renyi_baseline_s9,v2,erdos_renyi_baseline,9,erdos_renyi,100,4,530,1,-1.000088900581841e-12,1,1,1.0,90,0
v2_erdos_renyi_baseline_s9,v2,erdos_renyi_baseline,9,erdos_renyi,100,4,531,43,2.9785084205072385,21,43,0.4883720930232558,12,34
v2_erdos_renyi_baseline_s9,v2,erdos_renyi_baseline,9,erdos_renyi,100,4,532,72,3.308777757559495,30,72,0.4166666666666667,93,66
v2_erdos_renyi_baseline_s9,v2,erdos_renyi_baseline,9,erdos_renyi,100,4,533,12,1.6094379124291005,5,12,0.4166666666666667,51,66
v2_erdos_renyi_baseline_s9,v2,erdos_renyi_baseline,9,erdos_renyi,100,4,534,5,0.6931471805579453,2,5,0.4,14,0
v2_erdos_renyi_baseline_s9,v2,erdos_renyi_baseline,9,erdos_renyi,100,4,535,135,3.8520648955461625,56,135,0.4148148148148148,48,92
v2_erdos_renyi_baseline_s9,v2,erdos_renyi_baseline,9,erdos_renyi,100,4,536,19,2.0431918705371204,9,19,0.47368421052631576,47,0
v2_erdos_renyi_baseline_s9,v2,erdos_renyi_baseline,9,erdos_renyi,100,4,537,25,2.484906649776,12,25,0.48,12,66
v2_erdos_renyi_baseline_s9,v2,erdos_renyi_baseline,9,erdos_renyi,100,4,538,170,4.126002968134509,71,170,0.4176470588235294,65,92
v2_erdos_renyi_baseline_s9,v2,erdos_renyi_baseline,9,erdos_renyi,100,4,539,88,3.2829507132595905,31,88,0.3522727272727273,18,49
v2_erdos_renyi_baseline_s9,v2,erdos_renyi_baseline,9,erdos_renyi,100,4,540,6,0.6931471805579453,2,6,0.3333333333333333,73,49
v2_erdos_renyi_baseline_s9,v2,erdos_renyi_baseline,9,erdos_renyi,100,4,541,46,2.926417555478996,20,46,0.43478260869565216,43,34
v2_erdos_renyi_baseline_s9,v2,erdos_renyi_baseline,9,erdos_renyi,100,4,542,42,2.7080502010872096,15,42,0.35714285714285715,42,34
v2_erdos_renyi_baseline_s9,v2,erdos_renyi_baseline,9,erdos_renyi,100,4,543,13,1.0986122886651095,3,13,0.23076923076923078,61,92
v2_erdos_renyi_baseline_s9,v2,erdos_renyi_baseline,9,erdos_renyi,100,4,544,16,1.791759469222055,6,16,0.375,68,92
v2_erdos_renyi_baseline_s9,v2,erdos_renyi_baseline,9,erdos_renyi,100,4,545,72,3.1154750248567717,28,72,0.3888888888888889,59,66
v2_erdos_renyi_baseline_s9,v2,erdos_renyi_baseline,9,erdos_renyi,100,4,546,5,0.6931471805579453,2,5,0.4,19,66
v2_erdos_renyi_baseline_s9,v2,erdos_renyi_baseline,9,erdos_renyi,100,4,547,9,1.0986122886651095,3,9,0.3333333333333333,41,0
v2_erdos_renyi_baseline_s9,v2,erdos_renyi_baseline,9,erdos_renyi,100,4,548,42,2.751666616915516,17,42,0.40476190476190477,74,0
v2_erdos_renyi_baseline_s9,v2,erdos_renyi_baseline,9,erdos_renyi,100,4,549,1,-1.000088900581841e-12,1,1,1.0,15,66
v2_erdos_renyi_baseline_s9,v2,erdos_renyi_baseline,9,erdos_renyi,100,4,550,34,2.670119889791816,17,34,0.5,55,34
v2_erdos_renyi_baseline_s9,v2,erdos_renyi_baseline,9,erdos_renyi,100,4,551,115,3.68343632429644,45,115,0.391304347826087,47,66
v2_erdos_renyi_baseline_s9,v2,erdos_renyi_baseline,9,erdos_renyi,100,4,552,72,3.2238860684653137,29,72,0.4027777777777778,27,0
v2_erdos_renyi_baseline_s9,v2,erdos_renyi_baseline,9,erdos_renyi,100,4,553,92,3.477890749475435,38,92,0.41304347826086957,19,34
v2_erdos_renyi_baseline_s9,v2,erdos_renyi_baseline,9,erdos_renyi,100,4,554,6,-1.000088900581841e-12,1,6,0.16666666666666666,81,66
v2_erdos_renyi_baseline_s9,v2,erdos_renyi_baseline,9,erdos_renyi,100,4,555,80,3.145394324094461,36,80,0.45,70,34
v2_erdos_renyi_baseline_s9,v2,erdos_renyi_baseline,9,erdos_renyi,100,4,556,50,2.736339051089065,18,50,0.36,25,49
v2_erdos_renyi_baseline_s9,v2,erdos_renyi_baseline,9,erdos_renyi,100,4,557,175,4.162181873214974,73,175,0.41714285714285715,25,66
v2_erdos_renyi_baseline_s9,v2,erdos_renyi_baseline,9,erdos_renyi,100,4,558,100,3.689669563800905,44,100,0.44,45,92
v2_erdos_renyi_baseline_s9,v2,erdos_renyi_baseline,9,erdos_renyi,100,4,559,31,1.844621476358503,13,31,0.41935483870967744,35,0
v2_erdos_renyi_baseline_s9,v2,erdos_renyi_baseline,9,erdos_renyi,100,4,560,46,3.1514585102190296,26,46,0.5652173913043478,61,92
v2_erdos_renyi_baseline_s9,v2,erdos_renyi_baseline,9,erdos_renyi,100,4,561,208,4.32538968118761,86,208,0.41346153846153844,28,66
v2_erdos_renyi_baseline_s9,v2,erdos_renyi_baseline,9,erdos_renyi,100,4,562,16,2.484906649776,12,16,0.75,43,92
v2_erdos_renyi_baseline_s9,v2,erdos_renyi_baseline,9,erdos_renyi,100,4,563,18,1.9061547465328492,8,18,0.4444444444444444,2,92
v2_erdos_renyi_baseline_s9,v2,erdos_renyi_baseline,9,erdos_renyi,100,4,564,67,2.8113759572431496,23,67,0.34328358208955223,18,34
v2_erdos_renyi_baseline_s9,v2,erdos_renyi_baseline,9,erdos_renyi,100,4,565,15,1.6094379124291005,5,15,0.3333333333333333,82,92
v2_erdos_renyi_baseline_s9,v2,erdos_renyi_baseline,9,erdos_renyi,100,4,566,11,1.6094379124291005,5,11,0.45454545454545453,7,49
v2_erdos_renyi_baseline_s9,v2,erdos_renyi_baseline,9,erdos_renyi,100,4,567,65,3.233183484354926,28,65,0.4307692307692308,52,92
v2_erdos_renyi_baseline_s9,v2,erdos_renyi_baseline,9,erdos_renyi,100,4,568,3,1.0986122886651095,3,3,1.0,77,34
v2_erdos_renyi_baseline_s9,v2,erdos_renyi_baseline,9,erdos_renyi,100,4,569,128,3.714367693682127,51,128,0.3984375,21,34
v2_erdos_renyi_baseline_s9,v2,erdos_renyi_baseline,9,erdos_renyi,100,4,570,2,-1.000088900581841e-12,1,2,0.5,55,92
v2_erdos_renyi_baseline_s9,v2,erdos_renyi_baseline,9,erdos_renyi,100,4,571,75,3.176082814634593,29,75,0.38666666666666666,79,0
v2_erdos_renyi_baseline_s9,v2,erdos_renyi_baseline,9,erdos_renyi,100,4,572,126,3.689669563800905,44,126,0.3492063492063492,70,92
v2_erdos_renyi_baseline_s9,v2,erdos_renyi_baseline,9,erdos_renyi,100,4,573,0,0.0,0,0,,49,49
v2_erdos_renyi_baseline_s9,v2,erdos_renyi_baseline,9,erdos_renyi,100,4,574,3,1.0986122886651095,3,3,1.0,36,66
v2_erdos_renyi_baseline_s9,v2,erdos_renyi_baseline,9,erdos_renyi,100,4,575,22,2.302585092984045,10,22,0.45454545454545453,20,0
v2_erdos_renyi_baseline_s9,v2,erdos_renyi_baseline,9,erdos_renyi,100,4,576,69,3.0047670351869598,24,69,0.34782608695652173,46,0
v2_erdos_renyi_baseline_s9,v2,erdos_renyi_baseline,9,erdos_renyi,100,4,577,81,3.2163581334868363,30,81,0.37037037037037035,9,92
v2_erdos_renyi_baseline_s9,v2,erdos_renyi_baseline,9,erdos_renyi,100,4,578,202,4.102410728903642,82,202,0.40594059405940597,68,66
v2_erdos_renyi_baseline_s9,v2,erdos_renyi_baseline,9,erdos_renyi,100,4,579,5,0.6931471805579453,2,5,0.4,91,49
v2_erdos_renyi_baseline_s9,v2,erdos_renyi_baseline,9,erdos_renyi,100,4,580,55,2.9444389791474395,19,55,0.34545454545454546,17,92
v2_erdos_renyi_baseline_s9,v2,erdos_renyi_baseline,9,erdos_renyi,100,4,581,6,1.3862943611158909,4,6,0.6666666666666666,55,66
v2_erdos_renyi_baseline_s9,v2,erdos_renyi_baseline,9,erdos_renyi,100,4,582,126,3.975841177784009,56,126,0.4444444444444444,93,0
v2_erdos_renyi_baseline_s9,v2,erdos_renyi_baseline,9,erdos_renyi,100,4,583,5,1.0986122886651095,3,5,0.6,8,34
v2_erdos_renyi_baseline_s9,v2,erdos_renyi_baseline,9,erdos_renyi,100,4,584,8,1.3862943611158909,4,8,0.5,44,49
v2_erdos_renyi_baseline_s9,v2,erdos_renyi_baseline,9,erdos_renyi,100,4,585,11,0.6931471805579453,2,11,0.18181818181818182,18,92
v2_erdos_renyi_baseline_s9,v2,erdos_renyi_baseline,9,erdos_renyi,100,4,586,5,-1.000088900581841e-12,1,5,0.2,56,49
v2_erdos_renyi_baseline_s9,v2,erdos_renyi_baseline,9,erdos_renyi,100,4,587,70,3.271689322296034,29,70,0.4142857142857143,93,92
v2_erdos_renyi_baseline_s9,v2,erdos_renyi_baseline,9,erdos_renyi,100,4,588,76,3.370480801334671,33,76,0.4342105263157895,18,66
v2_erdos_renyi_baseline_s9,v2,erdos_renyi_baseline,9,erdos_renyi,100,4,589,273,4.516256126922604,117,273,0.42857142857142855,15,66
v2_erdos_renyi_baseline_s9,v2,erdos_renyi_baseline,9,erdos_renyi,100,4,590,67,2.8488997058228165,23,67,0.34328358208955223,38,66
v2_erdos_renyi_baseline_s9,v2,erdos_renyi_baseline,9,erdos_renyi,100,4,591,29,2.4583113296710835,13,29,0.4482758620689655,55,92
v2_erdos_renyi_baseline_s9,v2,erdos_renyi_baseline,9,erdos_renyi,100,4,592,90,3.5359830822784195,37,90,0.4111111111111111,22,49
v2_erdos_renyi_baseline_s9,v2,erdos_renyi_baseline,9,erdos_renyi,100,4,593,8,1.6094379124291005,5,8,0.625,31,92
v2_erdos_renyi_baseline_s9,v2,erdos_renyi_baseline,9,erdos_renyi,100,4,594,89,3.2970367495686386,37,89,0.4157303370786517,97,66
v2_erdos_renyi_baseline_s9,v2,erdos_renyi_baseline,9,erdos_renyi,100,4,595,0,0.0,0,0,,66,66
v2_erdos_renyi_baseline_s9,v2,erdos_renyi_baseline,9,erdos_renyi,100,4,596,2,-1.000088900581841e-12,1,2,0.5,90,0
v2_erdos_renyi_baseline_s9,v2,erdos_renyi_baseline,9,erdos_renyi,100,4,597,46,2.9957322735339904,20,46,0.43478260869565216,43,92
v2_erdos_renyi_baseline_s9,v2,erdos_renyi_baseline,9,erdos_renyi,100,4,598,52,2.9957322735339904,20,52,0.38461538461538464,61,0
v2_erdos_renyi_baseline_s9,v2,erdos_renyi_baseline,9,erdos_renyi,100,4,599,186,4.148382868192561,81,186,0.43548387096774194,86,92
v2_erdos_renyi_baseline_s9,v2,erdos_renyi_baseline,9,erdos_renyi,100,4,600,174,4.088704373777268,75,174,0.43103448275862066,73,92
v2_erdos_renyi_baseline_s9,v2,erdos_renyi_baseline,9,erdos_renyi,100,4,601,21,1.9459101490483133,7,21,0.3333333333333333,33,66
v2_erdos_renyi_baseline_s9,v2,erdos_renyi_baseline,9,erdos_renyi,100,4,602,24,2.430791328866232,15,24,0.625,93,0
v2_erdos_renyi_baseline_s9,v2,erdos_renyi_baseline,9,erdos_renyi,100,4,603,53,2.813355404483615,18,53,0.33962264150943394,72,0
v2_erdos_renyi_baseline_s9,v2,erdos_renyi_baseline,9,erdos_renyi,100,4,604,125,3.781224212564584,52,125,0.416,59,34
v2_erdos_renyi_baseline_s9,v2,erdos_renyi_baseline,9,erdos_renyi,100,4,605,27,2.3978952727873706,11,27,0.4074074074074074,23,66
v2_erdos_renyi_baseline_s9,v2,erdos_renyi_baseline,9,erdos_renyi,100,4,606,40,2.7985132569262934,19,40,0.475,19,49
v2_erdos_renyi_baseline_s9,v2,erdos_renyi_baseline,9,erdos_renyi,100,4,607,300,4.640649165941298,122,300,0.4066666666666667,80,92
v2_erdos_renyi_baseline_s9,v2,erdos_renyi_baseline,9,erdos_renyi,100,4,608,158,3.990905633062541,64,158,0.4050632911392405,31,66
v2_erdos_renyi_baseline_s9,v2,erdos_renyi_baseline,9,erdos_renyi,100,4,609,20,1.9459101490483133,7,20,0.35,25,66
v2_erdos_renyi_baseline_s9,v2,erdos_renyi_baseline,9,erdos_renyi,100,4,610,12,1.7478680974607577,7,12,0.5833333333333334,12,66
v2_erdos_renyi_baseline_s9,v2,erdos_renyi_baseline,9,erdos_renyi,100,4,611,23,2.484906649776,12,23,0.5217391304347826,85,0
v2_erdos_renyi_baseline_s9,v2,erdos_renyi_baseline,9,erdos_renyi,100,4,612,96,3.4040404338981127,34,96,0.3541666666666667,81,66
v2_erdos_renyi_baseline_s9,v2,erdos_renyi_baseline,9,erdos_renyi,100,4,613,59,3.0910424533363146,22,59,0.3728813559322034,73,0
v2_erdos_renyi_baseline_s9,v2,erdos_renyi_baseline,9,erdos_renyi,100,4,614,108,3.726795348248236,48,108,0.4444444444444444,83,66
v2_erdos_renyi_baseline_s9,v2,erdos_renyi_baseline,9,erdos_renyi,100,4,615,43,2.3978952727873706,11,43,0.2558139534883721,78,66
v2_erdos_renyi_baseline_s9,v2,erdos_renyi_baseline,9,erdos_renyi,100,4,616,5,0.6931471805579453,2,5,0.4,87,0
v2_erdos_renyi_baseline_s9,v2,erdos_renyi_baseline,9,erdos_renyi,100,4,617,167,4.093235014757479,75,167,0.4491017964071856,14,92
v2_erdos_renyi_baseline_s9,v2,erdos_renyi_baseline,9,erdos_renyi,100,4,618,7,-1.000088900581841e-12,1,7,0.14285714285714285,55,92
v2_erdos_renyi_baseline_s9,v2,erdos_renyi_baseline,9,erdos_renyi,100,4,619,161,3.752444243383149,63,161,0.391304347826087,61,49
v2_erdos_renyi_baseline_s9,v2,erdos_renyi_baseline,9,erdos_renyi,100,4,620,15,2.197224577327219,9,15,0.6,37,34
v2_erdos_renyi_baseline_s9,v2,erdos_renyi_baseline,9,erdos_renyi,100,4,621,19,1.9061547465328492,8,19,0.42105263157894735,47,0
v2_erdos_renyi_baseline_s9,v2,erdos_renyi_baseline,9,erdos_renyi,100,4,622,25,2.2718685126865625,11,25,0.44,36,92
v2_erdos_renyi_baseline_s9,v2,erdos_renyi_baseline,9,erdos_renyi,100,4,623,128,3.9120230053781455,50,128,0.390625,13,0
v2_erdos_renyi_baseline_s9,v2,erdos_renyi_baseline,9,erdos_renyi,100,4,624,14,2.197224577327219,9,14,0.6428571428571429,59,49
v2_erdos_renyi_baseline_s9,v2,erdos_renyi_baseline,9,erdos_renyi,100,4,625,66,3.1780538303239454,24,66,0.36363636363636365,27,92
v2_erdos_renyi_baseline_s9,v2,erdos_renyi_baseline,9,erdos_renyi,100,4,626,3,-1.000088900581841e-12,1,3,0.3333333333333333,90,0
v2_erdos_renyi_baseline_s9,v2,erdos_renyi_baseline,9,erdos_renyi,100,4,627,26,2.3978952727873706,11,26,0.4230769230769231,57,0
v2_erdos_renyi_baseline_s9,v2,erdos_renyi_baseline,9,erdos_renyi,100,4,628,74,3.2826939972510645,28,74,0.3783783783783784,20,49
v2_erdos_renyi_baseline_s9,v2,erdos_renyi_baseline,9,erdos_renyi,100,4,629,35,2.3701349548703625,18,35,0.5142857142857142,57,0
v2_erdos_renyi_baseline_s9,v2,erdos_renyi_baseline,9,erdos_renyi,100,4,630,4,0.6931471805579453,2,4,0.5,53,34
v2_erdos_renyi_baseline_s9,v2,erdos_renyi_baseline,9,erdos_renyi,100,4,631,101,3.5677636931747174,43,101,0.42574257425742573,21,0
v2_erdos_renyi_baseline_s9,v2,erdos_renyi_baseline,9,erdos_renyi,100,4,632,11,1.791759469222055,6,11,0.5454545454545454,13,34
v2_erdos_renyi_baseline_s9,v2,erdos_renyi_baseline,9,erdos_renyi,100,4,633,8,1.791759469222055,6,8,0.75,30,49
v2_erdos_renyi_baseline_s9,v2,erdos_renyi_baseline,9,erdos_renyi,100,4,634,75,3.3892680315157944,31,75,0.41333333333333333,69,0
v2_erdos_renyi_baseline_s9,v2,erdos_renyi_baseline,9,erdos_renyi,100,4,635,15,1.791759469222055,6,15,0.4,96,66
v2_erdos_renyi_baseline_s9,v2,erdos_renyi_baseline,9,erdos_renyi,100,4,636,268,4.382303796031168,103,268,0.3843283582089552,3,92
v2_erdos_renyi_baseline_s9,v2,erdos_renyi_baseline,9,erdos_renyi,100,4,637,187,4.18908262650579,70,187,0.37433155080213903,99,66
v2_erdos_renyi_baseline_s9,v2,erdos_renyi_baseline,9,erdos_renyi,100,4,638,9,1.039720770836918,4,9,0.4444444444444444,86,0
v2_erdos_renyi_baseline_s9,v2,erdos_renyi_baseline,9,erdos_renyi,100,4,639,84,3.465735902767727,32,84,0.38095238095238093,36,0
v2_erdos_renyi_baseline_s9,v2,erdos_renyi_baseline,9,erdos_renyi,100,4,640,24,2.1458417525857545,11,24,0.4583333333333333,48,34
v2_erdos_renyi_baseline_s9,v2,erdos_renyi_baseline,9,erdos_renyi,100,4,641,159,3.791286676867748,52,159,0.3270440251572327,82,0
v2_erdos_renyi_baseline_s9,v2,erdos_renyi_baseline,9,erdos_renyi,100,4,642,19,2.197224577327219,9,19,0.47368421052631576,32,34
v2_erdos_renyi_baseline_s9,v2,erdos_renyi_baseline,9,erdos_renyi,100,4,643,140,3.757934986332627,54,140,0.38571428571428573,36,66
v2_erdos_renyi_baseline_s9,v2,erdos_renyi_baseline,9,erdos_renyi,100,4,644,141,3.911909090735258,61,141,0.4326241134751773,6,34
v2_erdos_renyi_baseline_s9,v2,erdos_renyi_baseline,9,erdos_renyi,100,4,645,230,4.345776963459167,90,230,0.391304347826087,63,92
v2_erdos_renyi_baseline_s9,v2,erdos_renyi_baseline,9,erdos_renyi,100,4,646,46,2.61563057701355,15,46,0.32608695652173914,39,92
v2_erdos_renyi_baseline_s9,v2,erdos_renyi_baseline,9,erdos_renyi,100,4,647,119,3.578323836314148,41,119,0.3445378151260504,43,0
v2_erdos_renyi_baseline_s9,v2,erdos_renyi_baseline,9,erdos_renyi,100,4,648,43,2.9650156932365066,22,43,0.5116279069767442,33,92
v2_erdos_renyi_baseline_s9,v2,erdos_renyi_baseline,9,erdos_renyi,100,4,649,119,3.645947951488728,41,119,0.3445378151260504,13,34
v2_erdos_renyi_baseline_s9,v2,erdos_renyi_baseline,9,erdos_renyi,100,4,650,12,2.079441541671836,8,12,0.6666666666666666,21,92
v2_erdos_renyi_baseline_s9,v2,erdos_renyi_baseline,9,erdos_renyi,100,4,651,170,4.078161040709066,77,170,0.45294117647058824,60,66
v2_erdos_renyi_baseline_s9,v2,erdos_renyi_baseline,9,erdos_renyi,100,4,652,2,-1.000088900581841e-12,1,2,0.5,56,49
v2_erdos_renyi_baseline_s9,v2,erdos_renyi_baseline,9,erdos_renyi,100,4,653,141,3.830124054162949,57,141,0.40425531914893614,30,0
v2_erdos_renyi_baseline_s9,v2,erdos_renyi_baseline,9,erdos_renyi,100,4,654,10,1.3862943611158909,4,10,0.4,12,92
v2_erdos_renyi_baseline_s9,v2,erdos_renyi_baseline,9,erdos_renyi,100,4,655,10,1.039720770836918,4,10,0.4,64,34
v2_erdos_renyi_baseline_s9,v2,erdos_renyi_baseline,9,erdos_renyi,100,4,656,50,3.135494215906149,23,50,0.46,38,92
v2_erdos_renyi_baseline_s9,v2,erdos_renyi_baseline,9,erdos_renyi,100,4,657,72,3.2551105127007407,31,72,0.4305555555555556,22,66
v2_erdos_renyi_baseline_s9,v2,erdos_renyi_baseline,9,erdos_renyi,100,4,658,44,2.61563057701355,15,44,0.3409090909090909,56,66
v2_erdos_renyi_baseline_s9,v2,erdos_renyi_baseline,9,erdos_renyi,100,4,659,54,3.044522437702424,21,54,0.3888888888888889,63,66
v2_erdos_renyi_baseline_s9,v2,erdos_renyi_baseline,9,erdos_renyi,100,4,660,21,2.302585092984045,10,21,0.47619047619047616,77,92
v2_erdos_renyi_baseline_s9,v2,erdos_renyi_baseline,9,erdos_renyi,100,4,661,43,2.926417555478996,20,43,0.46511627906976744,44,92
v2_erdos_renyi_baseline_s9,v2,erdos_renyi_baseline,9,erdos_renyi,100,4,662,1,-1.000088900581841e-12,1,1,1.0,91,66
v2_erdos_renyi_baseline_s9,v2,erdos_renyi_baseline,9,erdos_renyi,100,4,663,26,2.3978952727873706,11,26,0.4230769230769231,89,0
v2_erdos_renyi_baseline_s9,v2,erdos_renyi_baseline,9,erdos_renyi,100,4,664,66,3.163424050399405,25,66,0.3787878787878788,54,49
v2_erdos_renyi_baseline_s9,v2,erdos_renyi_baseline,9,erdos_renyi,100,4,665,34,2.305657338287639,19,34,0.5588235294117647,57,92
v2_erdos_renyi_baseline_s9,v2,erdos_renyi_baseline,9,erdos_renyi,100,4,666,6,1.0986122886651095,3,6,0.5,60,92
v2_erdos_renyi_baseline_s9,v2,erdos_renyi_baseline,9,erdos_renyi,100,4,667,101,3.71424286565366,45,101,0.44554455445544555,94,0
v2_erdos_renyi_baseline_s9,v2,erdos_renyi_baseline,9,erdos_renyi,100,4,668,70,3.1836729714587872,28,70,0.4,14,66
v2_erdos_renyi_baseline_s9,v2,erdos_renyi_baseline,9,erdos_renyi,100,4,669,25,2.5649493574485365,13,25,0.52,41,92
v2_erdos_renyi_baseline_s9,v2,erdos_renyi_baseline,9,erdos_renyi,100,4,670,52,2.9444389791474395,19,52,0.36538461538461536,59,49
v2_erdos_renyi_baseline_s9,v2,erdos_renyi_baseline,9,erdos_renyi,100,4,671,4,0.6931471805579453,2,4,0.5,40,92
v2_erdos_renyi_baseline_s9,v2,erdos_renyi_baseline,9,erdos_renyi,100,4,672,12,1.3862943611158909,4,12,0.3333333333333333,4,92
v2_erdos_renyi_baseline_s9,v2,erdos_renyi_baseline,9,erdos_renyi,100,4,673,69,3.3719715798974432,37,69,0.5362318840579711,41,92
v2_erdos_renyi_baseline_s9,v2,erdos_renyi_baseline,9,erdos_renyi,100,4,674,21,1.6094379124291005,5,21,0.23809523809523808,11,0
v2_erdos_renyi_baseline_s9,v2,erdos_renyi_baseline,9,erdos_renyi,100,4,675,87,2.874785899232589,35,87,0.40229885057471265,6,66
v2_erdos_renyi_baseline_s9,v2,erdos_renyi_baseline,9,erdos_renyi,100,4,676,1,-1.000088900581841e-12,1,1,1.0,5,0
v2_erdos_renyi_baseline_s9,v2,erdos_renyi_baseline,9,erdos_renyi,100,4,677,99,3.580725005578496,42,99,0.42424242424242425,48,0
v2_erdos_renyi_baseline_s9,v2,erdos_renyi_baseline,9,erdos_renyi,100,4,678,81,3.0149468801585937,23,81,0.2839506172839506,82,92
v2_erdos_renyi_baseline_s9,v2,erdos_renyi_baseline,9,erdos_renyi,100,4,679,80,3.0764183611041185,33,80,0.4125,47,66
v2_erdos_renyi_baseline_s9,v2,erdos_renyi_baseline,9,erdos_renyi,100,4,680,0,0.0,0,0,,34,34
v2_erdos_renyi_baseline_s9,v2,erdos_renyi_baseline,9,erdos_renyi,100,4,681,99,3.5551913546242724,47,99,0.47474747474747475,18,66
v2_erdos_renyi_baseline_s9,v2,erdos_renyi_baseline,9,erdos_renyi,100,4,682,4,1.0986122886651095,3,4,0.75,68,66
v2_erdos_renyi_baseline_s9,v2,erdos_renyi_baseline,9,erdos_renyi,100,4,683,205,4.180116520149967,90,205,0.43902439024390244,30,49
v2_erdos_renyi_baseline_s9,v2,erdos_renyi_baseline,9,erdos_renyi,100,4,684,54,2.941616952624223,25,54,0.46296296296296297,12,49
v2_erdos_renyi_baseline_s9,v2,erdos_renyi_baseline,9,erdos_renyi,100,4,685,92,3.4858315997982245,39,92,0.42391304347826086,46,92
v2_erdos_renyi_baseline_s9,v2,erdos_renyi_baseline,9,erdos_renyi,100,4,686,55,2.5520852976069657,19,55,0.34545454545454546,61,0
v2_erdos_renyi_baseline_s9,v2,erdos_renyi_baseline,9,erdos_renyi,100,4,687,1,-1.000088900581841e-12,1,1,1.0,38,34
v2_erdos_renyi_baseline_s9,v2,erdos_renyi_baseline,9,erdos_renyi,100,4,688,17,1.5498260458732018,7,17,0.4117647058823529,68,66
v2_erdos_renyi_baseline_s9,v2,erdos_renyi_baseline,9,erdos_renyi,100,4,689,11,1.0986122886651095,3,11,0.2727272727272727,82,92
v2_erdos_renyi_baseline_s9,v2,erdos_renyi_baseline,9,erdos_renyi,100,4,690,6,1.3862943611158909,4,6,0.6666666666666666,25,92
v2_erdos_renyi_baseline_s9,v2,erdos_renyi_baseline,9,erdos_renyi,100,4,691,108,3.232775904355102,32,108,0.2962962962962963,45,0
v2_erdos_renyi_baseline_s9,v2,erdos_renyi_baseline,9,erdos_renyi,100,4,692,20,2.3978952727873706,11,20,0.55,69,92
v2_erdos_renyi_baseline_s9,v2,erdos_renyi_baseline,9,erdos_renyi,100,4,693,5,1.0986122886651095,3,5,0.6,8,34
v2_erdos_renyi_baseline_s9,v2,erdos_renyi_baseline,9,erdos_renyi,100,4,694,14,1.6094379124291005,5,14,0.35714285714285715,22,66
v2_erdos_renyi_baseline_s9,v2,erdos_renyi_baseline,9,erdos_renyi,100,4,695,13,1.054920167983144,5,13,0.38461538461538464,15,66
v2_erdos_renyi_baseline_s9,v2,erdos_renyi_baseline,9,erdos_renyi,100,4,696,8,1.3862943611158909,4,8,0.5,60,66
v2_erdos_renyi_baseline_s9,v2,erdos_renyi_baseline,9,erdos_renyi,100,4,697,15,1.9459101490483133,7,15,0.4666666666666667,20,0
v2_erdos_renyi_baseline_s9,v2,erdos_renyi_baseline,9,erdos_renyi,100,4,698,40,2.7080502010872096,15,40,0.375,36,34
v2_erdos_renyi_baseline_s9,v2,erdos_renyi_baseline,9,erdos_renyi,100,4,699,0,0.0,0,0,,49,49
v2_erdos_renyi_baseline_s9,v2,erdos_renyi_baseline,9,erdos_renyi,100,4,700,0,0.0,0,0,,49,49
v2_erdos_renyi_baseline_s9,v2,erdos_renyi_baseline,9,erdos_renyi,100,4,701,35,2.5232109529398907,15,35,0.42857142857142855,86,92
v2_erdos_renyi_baseline_s9,v2,erdos_renyi_baseline,9,erdos_renyi,100,4,702,40,2.8903717578781647,18,40,0.45,99,66
v2_erdos_renyi_baseline_s9,v2,erdos_renyi_baseline,9,erdos_renyi,100,4,703,88,3.381964473222867,35,88,0.3977272727272727,70,92
v2_erdos_renyi_baseline_s9,v2,erdos_renyi_baseline,9,erdos_renyi,100,4,704,0,0.0,0,0,,0,0
v2_erdos_renyi_baseline_s9,v2,erdos_renyi_baseline,9,erdos_renyi,100,4,705,113,3.316668936800756,42,113,0.37168141592920356,51,66
v2_erdos_renyi_baseline_s9,v2,erdos_renyi_baseline,9,erdos_renyi,100,4,706,83,3.4858315997982245,39,83,0.46987951807228917,57,92
v2_erdos_renyi_baseline_s9,v2,erdos_renyi_baseline,9,erdos_renyi,100,4,707,20,2.019814992484946,11,20,0.55,43,49
v2_erdos_renyi_baseline_s9,v2,erdos_renyi_baseline,9,erdos_renyi,100,4,708,16,1.6094379124291005,5,16,0.3125,18,34
v2_erdos_renyi_baseline_s9,v2,erdos_renyi_baseline,9,erdos_renyi,100,4,709,108,3.626656183752001,44,108,0.4074074074074074,94,0
v2_erdos_renyi_baseline_s9,v2,erdos_renyi_baseline,9,erdos_renyi,100,4,710,86,3.246828738560742,40,86,0.46511627906976744,21,0
v2_erdos_renyi_baseline_s9,v2,erdos_renyi_baseline,9,erdos_renyi,100,4,711,14,1.6094379124291005,5,14,0.35714285714285715,67,66
v2_erdos_renyi_baseline_s9,v2,erdos_renyi_baseline,9,erdos_renyi,100,4,712,6,1.6094379124291005,5,6,0.8333333333333334,62,0
v2_erdos_renyi_baseline_s9,v2,erdos_renyi_baseline,9,erdos_renyi,100,4,713,43,2.9957322735339904,20,43,0.46511627906976744,48,66
v2_erdos_renyi_baseline_s9,v2,erdos_renyi_baseline,9,erdos_renyi,100,4,714,16,2.197224577327219,9,16,0.5625,42,49
v2_erdos_renyi_baseline_s9,v2,erdos_renyi_baseline,9,erdos_renyi,100,4,715,76,3.0164539990644927,28,76,0.3684210526315789,44,92
v2_erdos_renyi_baseline_s9,v2,erdos_renyi_baseline,9,erdos_renyi,100,4,716,53,2.751666616915516,17,53,0.32075471698113206,28,92
v2_erdos_renyi_baseline_s9,v2,erdos_renyi_baseline,9,erdos_renyi,100,4,717,1,-1.000088900581841e-12,1,1,1.0,50,0
v2_erdos_renyi_baseline_s9,v2,erdos_renyi_baseline,9,erdos_renyi,100,4,718,209,3.97149153991332,93,209,0.4449760765550239,74,66
v2_erdos_renyi_baseline_s9,v2,erdos_renyi_baseline,9,erdos_renyi,100,4,719,70,3.14180415918923,27,70,0.38571428571428573,36,92
v2_erdos_renyi_baseline_s9,v2,erdos_renyi_baseline,9,erdos_renyi,100,4,720,2,-1.000088900581841e-12,1,2,0.5,55,92
v2_erdos_renyi_baseline_s9,v2,erdos_renyi_baseline,9,erdos_renyi,100,4,721,111,3.8918202980616265,49,111,0.44144144144144143,28,92
v2_erdos_renyi_baseline_s9,v2,erdos_renyi_baseline,9,erdos_renyi,100,4,722,228,4.337535483183187,91,228,0.3991228070175439,95,66
v2_erdos_renyi_baseline_s9,v2,erdos_renyi_baseline,9,erdos_renyi,100,4,723,77,3.363267070336762,34,77,0.44155844155844154,5,66
v2_erdos_renyi_baseline_s9,v2,erdos_renyi_baseline,9,erdos_renyi,100,4,724,252,4.385203260594411,108,252,0.42857142857142855,1,0
v2_erdos_renyi_baseline_s9,v2,erdos_renyi_baseline,9,erdos_renyi,100,4,725,40,2.751666616915516,17,40,0.425,50,92
v2_erdos_renyi_baseline_s9,v2,erdos_renyi_baseline,9,erdos_renyi,100,4,726,21,1.3321790402061222,5,21,0.23809523809523808,68,66
v2_erdos_renyi_baseline_s9,v2,erdos_renyi_baseline,9,erdos_renyi,100,4,727,0,0.0,0,0,,49,49
v2_erdos_renyi_baseline_s9,v2,erdos_renyi_baseline,9,erdos_renyi,100,4,728,0,0.0,0,0,,0,0
v2_erdos_renyi_baseline_s9,v2,erdos_renyi_baseline,9,erdos_renyi,100,4,729,30,2.5400363038079807,14,30,0.4666666666666667,48,0
v2_erdos_renyi_baseline_s9,v2,erdos_renyi_baseline,9,erdos_renyi,100,4,730,3,-1.000088900581841e-12,1,3,0.3333333333333333,10,92
v2_erdos_renyi_baseline_s9,v2,erdos_renyi_baseline,9,erdos_renyi,100,4,731,1,-1.000088900581841e-12,1,1,1.0,89,66
v2_erdos_renyi_baseline_s9,v2,erdos_renyi_baseline,9,erdos_renyi,100,4,732,0,0.0,0,0,,66,66
v2_erdos_renyi_baseline_s9,v2,erdos_renyi_baseline,9,erdos_renyi,100,4,733,114,3.5426075501181544,48,114,0.42105263157894735,28,66
v2_erdos_renyi_baseline_s9,v2,erdos_renyi_baseline,9,erdos_renyi,100,4,734,101,3.5646232985788124,38,101,0.37623762376237624,7,66
v2_erdos_renyi_baseline_s9,v2,erdos_renyi_baseline,9,erdos_renyi,100,4,735,19,2.197224577327219,9,19,0.47368421052631576,68,66
v2_erdos_renyi_baseline_s9,v2,erdos_renyi_baseline,9,erdos_renyi,100,4,736,23,2.2718685126865625,11,23,0.4782608695652174,99,34
v2_erdos_renyi_baseline_s9,v2,erdos_renyi_baseline,9,erdos_renyi,100,4,737,7,-1.000088900581841e-12,1,7,0.14285714285714285,24,92
v2_erdos_renyi_baseline_s9,v2,erdos_renyi_baseline,9,erdos_renyi,100,4,738,326,4.566479295939027,140,326,0.4294478527607362,23,66
v2_erdos_renyi_baseline_s9,v2,erdos_renyi_baseline,9,erdos_renyi,100,4,739,0,0.0,0,0,,34,34
v2_erdos_renyi_baseline_s9,v2,erdos_renyi_baseline,9,erdos_renyi,100,4,740,44,2.751666616915516,17,44,0.38636363636363635,97,66
v2_erdos_renyi_baseline_s9,v2,erdos_renyi_baseline,9,erdos_renyi,100,4,741,32,2.9444389791474395,19,32,0.59375,85,34
v2_erdos_renyi_baseline_s9,v2,erdos_renyi_baseline,9,erdos_renyi,100,4,742,315,4.572470754744681,122,315,0.3873015873015873,48,92
v2_erdos_renyi_baseline_s9,v2,erdos_renyi_baseline,9,erdos_renyi,100,4,743,269,4.293516995684762,96,269,0.35687732342007433,79,0
v2_erdos_renyi_baseline_s9,v2,erdos_renyi_baseline,9,erdos_renyi,100,4,744,0,0.0,0,0,,0,0
v2_erdos_renyi_baseline_s9,v2,erdos_renyi_baseline,9,erdos_renyi,100,4,745,31,2.639057329601259,14,31,0.45161290322580644,80,92
v2_erdos_renyi_baseline_s9,v2,erdos_renyi_baseline,9,erdos_renyi,100,4,746,71,3.163424050399405,25,71,0.352112676056338,52,92
v2_erdos_renyi_baseline_s9,v2,erdos_renyi_baseline,9,erdos_renyi,100,4,747,161,3.9296732195905575,66,161,0.40993788819875776,24,0
v2_erdos_renyi_baseline_s9,v2,erdos_renyi_baseline,9,erdos_renyi,100,4,748,12,1.791759469222055,6,12,0.5,93,92
v2_erdos_renyi_baseline_s9,v2,erdos_renyi_baseline,9,erdos_renyi,100,4,749,58,2.8652352524298457,25,58,0.43103448275862066,33,66
v2_erdos_renyi_baseline_s9,v2,erdos_renyi_baseline,9,erdos_renyi,100,4,750,2,-1.000088900581841e-12,1,2,0.5,91,66
v2_erdos_renyi_baseline_s9,v2,erdos_renyi_baseline,9,erdos_renyi,100,4,751,86,3.5157396511377024,35,86,0.4069767441860465,39,0
v2_erdos_renyi_baseline_s9,v2,erdos_renyi_baseline,9,erdos_renyi,100,4,752,144,3.8692299951695386,58,144,0.4027777777777778,96,49
v2_erdos_renyi_baseline_s9,v2,erdos_renyi_baseline,9,erdos_renyi,100,4,753,6,1.3862943611158909,4,6,0.6666666666666666,33,92
v2_erdos_renyi_baseline_s9,v2,erdos_renyi_baseline,9,erdos_renyi,100,4,754,85,3.6834363242964407,45,85,0.5294117647058824,10,92
v2_erdos_renyi_baseline_s9,v2,erdos_renyi_baseline,9,erdos_renyi,100,4,755,28,1.9459101490483133,7,28,0.25,10,49
v2_erdos_renyi_baseline_s9,v2,erdos_renyi_baseline,9,erdos_renyi,100,4,756,47,2.9957322735339904,20,47,0.425531914893617,95,34
v2_erdos_renyi_baseline_s9,v2,erdos_renyi_baseline,9,erdos_renyi,100,4,757,68,3.2958368659773285,27,68,0.39705882352941174,25,66
v2_erdos_renyi_baseline_s9,v2,erdos_renyi_baseline,9,erdos_renyi,100,4,758,102,3.508352107143893,44,102,0.43137254901960786,33,92
v2_erdos_renyi_baseline_s9,v2,erdos_renyi_baseline,9,erdos_renyi,100,4,759,142,3.7437001529029454,56,142,0.39436619718309857,95,0
v2_erdos_renyi_baseline_s9,v2,erdos_renyi_baseline,9,erdos_renyi,100,4,760,13,1.6094379124291005,5,13,0.38461538461538464,83,66
v2_erdos_renyi_baseline_s9,v2,erdos_renyi_baseline,9,erdos_renyi,100,4,761,86,3.514372180030222,38,86,0.4418604651162791,13,92
v2_erdos_renyi_baseline_s9,v2,erdos_renyi_baseline,9,erdos_renyi,100,4,762,1,-1.000088900581841e-12,1,1,1.0,53,0
v2_erdos_renyi_baseline_s9,v2,erdos_renyi_baseline,9,erdos_renyi,100,4,763,14,1.6094379124291005,5,14,0.35714285714285715,18,66
v2_erdos_renyi_baseline_s9,v2,erdos_renyi_baseline,9,erdos_renyi,100,4,764,49,2.9678674685120354,30,49,0.6122448979591837,45,92
v2_erdos_renyi_baseline_s9,v2,erdos_renyi_baseline,9,erdos_renyi,100,4,765,101,3.605641583852999,42,101,0.4158415841584158,61,0
v2_erdos_renyi_baseline_s9,v2,erdos_renyi_baseline,9,erdos_renyi,100,4,766,273,4.363899164731885,123,273,0.45054945054945056,80,66
v2_erdos_renyi_baseline_s9,v2,erdos_renyi_baseline,9,erdos_renyi,100,4,767,3,0.6931471805579453,2,3,0.6666666666666666,4,92
v2_erdos_renyi_baseline_s9,v2,erdos_renyi_baseline,9,erdos_renyi,100,4,768,4,-1.000088900581841e-12,1,4,0.25,53,0
v2_erdos_renyi_baseline_s9,v2,erdos_renyi_baseline,9,erdos_renyi,100,4,769,114,3.74504940701088,45,114,0.39473684210526316,48,34
v2_erdos_renyi_baseline_s9,v2,erdos_renyi_baseline,9,erdos_renyi,100,4,770,95,3.696721308158614,43,95,0.45263157894736844,67,34
v2_erdos_renyi_baseline_s9,v2,erdos_renyi_baseline,9,erdos_renyi,100,4,771,7,0.6931471805579453,2,7,0.2857142857142857,37,92
v2_erdos_renyi_baseline_s9,v2,erdos_renyi_baseline,9,erdos_renyi,100,4,772,29,2.685945324654788,16,29,0.5517241379310345,61,92
v2_erdos_renyi_baseline_s9,v2,erdos_renyi_baseline,9,erdos_renyi,100,4,773,23,1.6094379124291005,5,23,0.21739130434782608,82,92
v2_erdos_renyi_baseline_s9,v2,erdos_renyi_baseline,9,erdos_renyi,100,4,774,10,1.6094379124291005,5,10,0.5,68,66
v2_erdos_renyi_baseline_s9,v2,erdos_renyi_baseline,9,erdos_renyi,100,4,775,33,2.639057329601259,14,33,0.42424242424242425,23,66
v2_erdos_renyi_baseline_s9,v2,erdos_renyi_baseline,9,erdos_renyi,100,4,776,0,0.0,0,0,,49,49
v2_erdos_renyi_baseline_s9,v2,erdos_renyi_baseline,9,erdos_renyi,100,4,777,58,2.9650156932365066,22,58,0.3793103448275862,54,66
v2_erdos_renyi_baseline_s9,v2,erdos_renyi_baseline,9,erdos_renyi,100,4,778,52,3.0752205480323718,23,52,0.4423076923076923,63,66
v2_erdos_renyi_baseline_s9,v2,erdos_renyi_baseline,9,erdos_renyi,100,4,779,104,3.761660727552023,47,104,0.4519230769230769,97,66
v2_erdos_renyi_baseline_s9,v2,erdos_renyi_baseline,9,erdos_renyi,100,4,780,0,0.0,0,0,,49,49
v2_erdos_renyi_baseline_s9,v2,erdos_renyi_baseline,9,erdos_renyi,100,4,781,28,2.639057329601259,14,28,0.5,87,49
v2_erdos_renyi_baseline_s9,v2,erdos_renyi_baseline,9,erdos_renyi,100,4,782,13,1.7478680974607577,7,13,0.5384615384615384,56,66
v2_erdos_renyi_baseline_s9,v2,erdos_renyi_baseline,9,erdos_renyi,100,4,783,87,3.689669563800905,44,87,0.5057471264367817,50,92
v2_erdos_renyi_baseline_s9,v2,erdos_renyi_baseline,9,erdos_renyi,100,4,784,5,-1.000088900581841e-12,1,5,0.2,81,66
v2_erdos_renyi_baseline_s9,v2,erdos_renyi_baseline,9,erdos_renyi,100,4,785,16,2.079441541671836,8,16,0.5,12,34
v2_erdos_renyi_baseline_s9,v2,erdos_renyi_baseline,9,erdos_renyi,100,4,786,7,1.0986122886651095,3,7,0.42857142857142855,96,92
v2_erdos_renyi_baseline_s9,v2,erdos_renyi_baseline,9,erdos_renyi,100,4,787,29,2.197224577327219,9,29,0.3103448275862069,42,0
v2_erdos_renyi_baseline_s9,v2,erdos_renyi_baseline,9,erdos_renyi,100,4,788,39,2.7080502010872096,15,39,0.38461538461538464,63,92
v2_erdos_renyi_baseline_s9,v2,erdos_renyi_baseline,9,erdos_renyi,100,4,789,33,2.685945324654788,16,33,0.48484848484848486,69,66
v2_erdos_renyi_baseline_s9,v2,erdos_renyi_baseline,9,erdos_renyi,100,4,790,250,4.34809647718835,93,250,0.372,69,66
v2_erdos_renyi_baseline_s9,v2,erdos_renyi_baseline,9,erdos_renyi,100,4,791,45,2.8903717578781647,18,45,0.4,97,92
v2_erdos_renyi_baseline_s9,v2,erdos_renyi_baseline,9,erdos_renyi,100,4,792,76,3.498515667114017,37,76,0.4868421052631579,39,49
v2_erdos_renyi_baseline_s9,v2,erdos_renyi_baseline,9,erdos_renyi,100,4,793,8,1.0986122886651095,3,8,0.375,20,66
v2_erdos_renyi_baseline_s9,v2,erdos_renyi_baseline,9,erdos_renyi,100,4,794,52,3.0149468801585937,23,52,0.4423076923076923,6,92
v2_erdos_renyi_baseline_s9,v2,erdos_renyi_baseline,9,erdos_renyi,100,4,795,43,2.772588722223781,16,43,0.37209302325581395,47,0
v2_erdos_renyi_baseline_s9,v2,erdos_renyi_baseline,9,erdos_renyi,100,4,796,0,0.0,0,0,,66,66
v2_erdos_renyi_baseline_s9,v2,erdos_renyi_baseline,9,erdos_renyi,100,4,797,31,2.484906649776,12,31,0.3870967741935484,14,0
v2_erdos_renyi_baseline_s9,v2,erdos_renyi_baseline,9,erdos_renyi,100,4,798,29,2.772588722223781,16,29,0.5517241379310345,47,66
v2_erdos_renyi_baseline_s9,v2,erdos_renyi_baseline,9,erdos_renyi,100,4,799,152,3.86645681660218,61,152,0.40131578947368424,79,49
v2_erdos_renyi_baseline_s9,v2,erdos_renyi_baseline,9,erdos_renyi,100,4,800,11,1.5607104090364066,6,11,0.5454545454545454,58,92
v2_erdos_renyi_baseline_s9,v2,erdos_renyi_baseline,9,erdos_renyi,100,4,801,27,2.540036303807981,14,27,0.5185185185185185,71,92
v2_erdos_renyi_baseline_s9,v2,erdos_renyi_baseline,9,erdos_renyi,100,4,802,16,2.0431918705371204,9,16,0.5625,91,49
v2_erdos_renyi_baseline_s9,v2,erdos_renyi_baseline,9,erdos_renyi,100,4,803,337,4.657664983106706,139,337,0.4124629080118694,25,92
v2_erdos_renyi_baseline_s9,v2,erdos_renyi_baseline,9,erdos_renyi,100,4,804,64,3.151458510219029,26,64,0.40625,77,66
v2_erdos_renyi_baseline_s9,v2,erdos_renyi_baseline,9,erdos_renyi,100,4,805,70,2.926417555478996,20,70,0.2857142857142857,75,92
v2_erdos_renyi_baseline_s9,v2,erdos_renyi_baseline,9,erdos_renyi,100,4,806,13,1.9459101490483133,7,13,0.5384615384615384,4,49
v2_erdos_renyi_baseline_s9,v2,erdos_renyi_baseline,9,erdos_renyi,100,4,807,216,4.090578778970805,81,216,0.375,15,66
v2_erdos_renyi_baseline_s9,v2,erdos_renyi_baseline,9,erdos_renyi,100,4,808,6,1.0986122886651095,3,6,0.5,65,49
v2_erdos_renyi_baseline_s9,v2,erdos_renyi_baseline,9,erdos_renyi,100,4,809,95,3.617683558888374,46,95,0.4842105263157895,9,66
v2_erdos_renyi_baseline_s9,v2,erdos_renyi_baseline,9,erdos_renyi,100,4,810,277,4.594754743553565,128,277,0.4620938628158845,5,92
v2_erdos_renyi_baseline_s9,v2,erdos_renyi_baseline,9,erdos_renyi,100,4,811,301,4.52685086580896,118,301,0.3920265780730897,5,92
v2_erdos_renyi_baseline_s9,v2,erdos_renyi_baseline,9,erdos_renyi,100,4,812,59,3.2958368659773285,27,59,0.4576271186440678,75,34
v2_erdos_renyi_baseline_s9,v2,erdos_renyi_baseline,9,erdos_renyi,100,4,813,13,1.7478680974607577,7,13,0.5384615384615384,75,34
v2_erdos_renyi_baseline_s9,v2,erdos_renyi_baseline,9,erdos_renyi,100,4,814,40,2.540036303807981,14,40,0.35,72,0
v2_erdos_renyi_baseline_s9,v2,erdos_renyi_baseline,9,erdos_renyi,100,4,815,0,0.0,0,0,,66,66
v2_erdos_renyi_baseline_s9,v2,erdos_renyi_baseline,9,erdos_renyi,100,4,816,16,1.6094379124291005,5,16,0.3125,72,66
v2_erdos_renyi_baseline_s9,v2,erdos_renyi_baseline,9,erdos_renyi,100,4,817,47,2.736339051089065,18,47,0.3829787234042553,11,66
v2_erdos_renyi_baseline_s9,v2,erdos_renyi_baseline,9,erdos_renyi,100,4,818,41,2.751666616915516,17,41,0.4146341463414634,16,34
v2_erdos_renyi_baseline_s9,v2,erdos_renyi_baseline,9,erdos_renyi,100,4,819,25,1.6094379124291005,5,25,0.2,61,0
v2_erdos_renyi_baseline_s9,v2,erdos_renyi_baseline,9,erdos_renyi,100,4,820,103,3.6109179126072246,37,103,0.3592233009708738,98,0
v2_erdos_renyi_baseline_s9,v2,erdos_renyi_baseline,9,erdos_renyi,100,4,821,60,2.6701198897918164,17,60,0.2833333333333333,46,34
v2_erdos_renyi_baseline_s9,v2,erdos_renyi_baseline,9,erdos_renyi,100,4,822,11,0.6931471805579453,2,11,0.18181818181818182,17,92
v2_erdos_renyi_baseline_s9,v2,erdos_renyi_baseline,9,erdos_renyi,100,4,823,61,3.319492576126754,29,61,0.47540983606557374,29,66
v2_erdos_renyi_baseline_s9,v2,erdos_renyi_baseline,9,erdos_renyi,100,4,824,19,2.0431918705371204,9,19,0.47368421052631576,59,66
v2_erdos_renyi_baseline_s9,v2,erdos_renyi_baseline,9,erdos_renyi,100,4,825,24,1.9459101490483133,7,24,0.2916666666666667,12,34
v2_erdos_renyi_baseline_s9,v2,erdos_renyi_baseline,9,erdos_renyi,100,4,826,50,2.751666616915516,17,50,0.34,6,92
v2_erdos_renyi_baseline_s9,v2,erdos_renyi_baseline,9,erdos_renyi,100,4,827,14,2.0431918705371204,9,14,0.6428571428571429,43,92
v2_erdos_renyi_baseline_s9,v2,erdos_renyi_baseline,9,erdos_renyi,100,4,828,14,1.6094379124291005,5,14,0.35714285714285715,9,66
v2_erdos_renyi_baseline_s9,v2,erdos_renyi_baseline,9,erdos_renyi,100,4,829,15,2.197224577327219,9,15,0.6,78,0
v2_erdos_renyi_baseline_s9,v2,erdos_renyi_baseline,9,erdos_renyi,100,4,830,37,2.3978952727873706,11,37,0.2972972972972973,86,34
v2_erdos_renyi_baseline_s9,v2,erdos_renyi_baseline,9,erdos_renyi,100,4,831,62,3.0752205480323718,23,62,0.3709677419354839,26,66
v2_erdos_renyi_baseline_s9,v2,erdos_renyi_baseline,9,erdos_renyi,100,4,832,1,-1.000088900581841e-12,1,1,1.0,90,0
v2_erdos_renyi_baseline_s9,v2,erdos_renyi_baseline,9,erdos_renyi,100,4,833,29,2.302585092984045,10,29,0.3448275862068966,67,92
v2_erdos_renyi_baseline_s9,v2,erdos_renyi_baseline,9,erdos_renyi,100,4,834,67,3.122424598309061,27,67,0.40298507462686567,25,49
v2_erdos_renyi_baseline_s9,v2,erdos_renyi_baseline,9,erdos_renyi,100,4,835,27,2.3978952727873706,11,27,0.4074074074074074,95,0
v2_erdos_renyi_baseline_s9,v2,erdos_renyi_baseline,9,erdos_renyi,100,4,836,118,3.67795722676115,46,118,0.3898305084745763,71,0
v2_erdos_renyi_baseline_s9,v2,erdos_renyi_baseline,9,erdos_renyi,100,4,837,24,2.079441541671836,8,24,0.3333333333333333,47,66
v2_erdos_renyi_baseline_s9,v2,erdos_renyi_baseline,9,erdos_renyi,100,4,838,14,1.9459101490483133,7,14,0.5,94,66
v2_erdos_renyi_baseline_s9,v2,erdos_renyi_baseline,9,erdos_renyi,100,4,839,5,0.6931471805579453,2,5,0.4,46,66
v2_erdos_renyi_baseline_s9,v2,erdos_renyi_baseline,9,erdos_renyi,100,4,840,67,2.6927350391076863,36,67,0.5373134328358209,80,92
v2_erdos_renyi_baseline_s9,v2,erdos_renyi_baseline,9,erdos_renyi,100,4,841,91,3.205805710063748,32,91,0.3516483516483517,67,0
v2_erdos_renyi_baseline_s9,v2,erdos_renyi_baseline,9,erdos_renyi,100,4,842,11,1.9459101490483133,7,11,0.6363636363636364,35,49
v2_erdos_renyi_baseline_s9,v2,erdos_renyi_baseline,9,erdos_renyi,100,4,843,22,2.0431918705371204,9,22,0.4090909090909091,68,0
v2_erdos_renyi_baseline_s9,v2,erdos_renyi_baseline,9,erdos_renyi,100,4,844,5,1.0986122886651095,3,5,0.6,27,49
v2_erdos_renyi_baseline_s9,v2,erdos_renyi_baseline,9,erdos_renyi,100,4,845,3,0.6931471805579453,2,3,0.6666666666666666,82,66
v2_erdos_renyi_baseline_s9,v2,erdos_renyi_baseline,9,erdos_renyi,100,4,846,128,3.708094060697539,46,128,0.359375,13,49
v2_erdos_renyi_baseline_s9,v2,erdos_renyi_baseline,9,erdos_renyi,100,4,847,17,1.9459101490483133,7,17,0.4117647058823529,70,34
v2_erdos_renyi_baseline_s9,v2,erdos_renyi_baseline,9,erdos_renyi,100,4,848,43,2.9444389791474395,19,43,0.4418604651162791,63,0
v2_erdos_renyi_baseline_s9,v2,erdos_renyi_baseline,9,erdos_renyi,100,4,849,8,1.3862943611158909,4,8,0.5,87,0
v2_erdos_renyi_baseline_s9,v2,erdos_renyi_baseline,9,erdos_renyi,100,4,850,0,0.0,0,0,,49,49
v2_erdos_renyi_baseline_s9,v2,erdos_renyi_baseline,9,erdos_renyi,100,4,851,20,1.8891591637470213,9,20,0.45,24,49
v2_erdos_renyi_baseline_s9,v2,erdos_renyi_baseline,9,erdos_renyi,100,4,852,83,3.1689724746746104,35,83,0.42168674698795183,98,92
v2_erdos_renyi_baseline_s9,v2,erdos_renyi_baseline,9,erdos_renyi,100,4,853,28,2.5649493574485365,13,28,0.4642857142857143,18,66
v2_erdos_renyi_baseline_s9,v2,erdos_renyi_baseline,9,erdos_renyi,100,4,854,119,3.817946183811361,52,119,0.4369747899159664,32,66
v2_erdos_renyi_baseline_s9,v2,erdos_renyi_baseline,9,erdos_renyi,100,4,855,35,2.772588722223781,16,35,0.45714285714285713,25,66
v2_erdos_renyi_baseline_s9,v2,erdos_renyi_baseline,9,erdos_renyi,100,4,856,43,2.553237002979714,18,43,0.4186046511627907,72,0
v2_erdos_renyi_baseline_s9,v2,erdos_renyi_baseline,9,erdos_renyi,100,4,857,72,3.044522437702424,21,72,0.2916666666666667,57,66
v2_erdos_renyi_baseline_s9,v2,erdos_renyi_baseline,9,erdos_renyi,100,4,858,102,3.658162873776453,44,102,0.43137254901960786,37,66
v2_erdos_renyi_baseline_s9,v2,erdos_renyi_baseline,9,erdos_renyi,100,4,859,2,-1.000088900581841e-12,1,2,0.5,91,66
v2_erdos_renyi_baseline_s9,v2,erdos_renyi_baseline,9,erdos_renyi,100,4,860,91,3.5726345752559063,42,91,0.46153846153846156,57,0
v2_erdos_renyi_baseline_s9,v2,erdos_renyi_baseline,9,erdos_renyi,100,4,861,115,3.4327645685028827,37,115,0.3217391304347826,3,49
v2_erdos_renyi_baseline_s9,v2,erdos_renyi_baseline,9,erdos_renyi,100,4,862,0,0.0,0,0,,92,92
v2_erdos_renyi_baseline_s9,v2,erdos_renyi_baseline,9,erdos_renyi,100,4,863,38,2.7080502010872096,15,38,0.39473684210526316,75,66
v2_erdos_renyi_baseline_s9,v2,erdos_renyi_baseline,9,erdos_renyi,100,4,864,33,2.3978952727873706,11,33,0.3333333333333333,15,66
v2_erdos_renyi_baseline_s9,v2,erdos_renyi_baseline,9,erdos_renyi,100,4,865,19,1.9061547465328492,8,19,0.42105263157894735,56,0
v2_erdos_renyi_baseline_s9,v2,erdos_renyi_baseline,9,erdos_renyi,100,4,866,37,2.871476118036867,19,37,0.5135135135135135,11,66
v2_erdos_renyi_baseline_s9,v2,erdos_renyi_baseline,9,erdos_renyi,100,4,867,42,2.813355404483615,18,42,0.42857142857142855,12,66
v2_erdos_renyi_baseline_s9,v2,erdos_renyi_baseline,9,erdos_renyi,100,4,868,54,2.9444389791474395,19,54,0.35185185185185186,47,92
v2_erdos_renyi_baseline_s9,v2,erdos_renyi_baseline,9,erdos_renyi,100,4,869,30,2.639057329601259,14,30,0.4666666666666667,2,34
v2_erdos_renyi_baseline_s9,v2,erdos_renyi_baseline,9,erdos_renyi,100,4,870,62,2.954673212284816,23,62,0.3709677419354839,56,49
v2_erdos_renyi_baseline_s9,v2,erdos_renyi_baseline,9,erdos_renyi,100,4,871,19,2.197224577327219,9,19,0.47368421052631576,30,49
v2_erdos_renyi_baseline_s9,v2,erdos_renyi_baseline,9,erdos_renyi,100,4,872,183,3.908641164727122,71,183,0.3879781420765027,16,0
v2_erdos_renyi_baseline_s9,v2,erdos_renyi_baseline,9,erdos_renyi,100,4,873,106,3.318195339262485,38,106,0.3584905660377358,22,0
v2_erdos_renyi_baseline_s9,v2,erdos_renyi_baseline,9,erdos_renyi,100,4,874,71,3.0149468801585937,23,71,0.323943661971831,25,66
v2_erdos_renyi_baseline_s9,v2,erdos_renyi_baseline,9,erdos_renyi,100,4,875,84,3.444813797459462,34,84,0.40476190476190477,32,66
v2_erdos_renyi_baseline_s9,v2,erdos_renyi_baseline,9,erdos_renyi,100,4,876,30,2.2718685126865625,11,30,0.36666666666666664,1,92
v2_erdos_renyi_baseline_s9,v2,erdos_renyi_baseline,9,erdos_renyi,100,4,877,52,2.9957322735339904,20,52,0.38461538461538464,9,49
v2_erdos_renyi_baseline_s9,v2,erdos_renyi_baseline,9,erdos_renyi,100,4,878,296,4.534682263776789,111,296,0.375,57,66
v2_erdos_renyi_baseline_s9,v2,erdos_renyi_baseline,9,erdos_renyi,100,4,879,17,1.9459101490483133,7,17,0.4117647058823529,44,92
v2_erdos_renyi_baseline_s9,v2,erdos_renyi_baseline,9,erdos_renyi,100,4,880,0,0.0,0,0,,66,66
v2_erdos_renyi_baseline_s9,v2,erdos_renyi_baseline,9,erdos_renyi,100,4,881,0,0.0,0,0,,66,66
v2_erdos_renyi_baseline_s9,v2,erdos_renyi_baseline,9,erdos_renyi,100,4,882,11,1.6094379124291005,5,11,0.45454545454545453,69,34
v2_erdos_renyi_baseline_s9,v2,erdos_renyi_baseline,9,erdos_renyi,100,4,883,35,2.540036303807981,14,35,0.4,40,0
v2_erdos_renyi_baseline_s9,v2,erdos_renyi_baseline,9,erdos_renyi,100,4,884,65,3.120291565278284,24,65,0.36923076923076925,45,92
v2_erdos_renyi_baseline_s9,v2,erdos_renyi_baseline,9,erdos_renyi,100,4,885,82,3.4294862316330117,36,82,0.43902439024390244,39,66
v2_erdos_renyi_baseline_s9,v2,erdos_renyi_baseline,9,erdos_renyi,100,4,886,17,2.484906649776,12,17,0.7058823529411765,79,49
v2_erdos_renyi_baseline_s9,v2,erdos_renyi_baseline,9,erdos_renyi,100,4,887,3,-1.000088900581841e-12,1,3,0.3333333333333333,41,0
v2_erdos_renyi_baseline_s9,v2,erdos_renyi_baseline,9,erdos_renyi,100,4,888,11,1.3862943611158909,4,11,0.36363636363636365,84,66
v2_erdos_renyi_baseline_s9,v2,erdos_renyi_baseline,9,erdos_renyi,100,4,889,163,4.012639756658698,58,163,0.3558282208588957,84,66
v2_erdos_renyi_baseline_s9,v2,erdos_renyi_baseline,9,erdos_renyi,100,4,890,2,-1.000088900581841e-12,1,2,0.5,10,92
v2_erdos_renyi_baseline_s9,v2,erdos_renyi_baseline,9,erdos_renyi,100,4,891,116,3.6718085877683393,45,116,0.3879310344827586,96,92
v2_erdos_renyi_baseline_s9,v2,erdos_renyi_baseline,9,erdos_renyi,100,4,892,23,2.302585092984045,10,23,0.43478260869565216,94,92
v2_erdos_renyi_baseline_s9,v2,erdos_renyi_baseline,9,erdos_renyi,100,4,893,53,2.751666616915516,17,53,0.32075471698113206,9,34
v2_erdos_renyi_baseline_s9,v2,erdos_renyi_baseline,9,erdos_renyi,100,4,894,75,3.4124897213676078,33,75,0.44,28,92
v2_erdos_renyi_baseline_s9,v2,erdos_renyi_baseline,9,erdos_renyi,100,4,895,83,3.370480801334671,33,83,0.39759036144578314,36,66
v2_erdos_renyi_baseline_s9,v2,erdos_renyi_baseline,9,erdos_renyi,100,4,896,87,3.2409469796527133,34,87,0.39080459770114945,32,0
v2_erdos_renyi_baseline_s9,v2,erdos_renyi_baseline,9,erdos_renyi,100,4,897,81,3.4339872044541457,31,81,0.38271604938271603,42,66
v2_erdos_renyi_baseline_s9,v2,erdos_renyi_baseline,9,erdos_renyi,100,4,898,214,4.109015238304789,80,214,0.37383177570093457,45,0
v2_erdos_renyi_baseline_s9,v2,erdos_renyi_baseline,9,erdos_renyi,100,4,899,9,1.0986122886651095,3,9,0.3333333333333333,48,92
v2_erdos_renyi_baseline_s9,v2,erdos_renyi_baseline,9,erdos_renyi,100,4,900,90,3.24542749268087,37,90,0.4111111111111111,35,0
v2_erdos_renyi_baseline_s9,v2,erdos_renyi_baseline,9,erdos_renyi,100,4,901,46,2.685945324654788,16,46,0.34782608695652173,37,66
v2_erdos_renyi_baseline_s9,v2,erdos_renyi_baseline,9,erdos_renyi,100,4,902,253,4.306865057327439,106,253,0.4189723320158103,72,92
v2_erdos_renyi_baseline_s9,v2,erdos_renyi_baseline,9,erdos_renyi,100,4,903,57,2.787788119369007,20,57,0.3508771929824561,58,66
v2_erdos_renyi_baseline_s9,v2,erdos_renyi_baseline,9,erdos_renyi,100,4,904,7,1.3862943611158909,4,7,0.5714285714285714,10,0
v2_erdos_renyi_baseline_s9,v2,erdos_renyi_baseline,9,erdos_renyi,100,4,905,18,2.079441541671836,8,18,0.4444444444444444,73,0
v2_erdos_renyi_baseline_s9,v2,erdos_renyi_baseline,9,erdos_renyi,100,4,906,126,3.676328153102428,55,126,0.4365079365079365,57,66
v2_erdos_renyi_baseline_s9,v2,erdos_renyi_baseline,9,erdos_renyi,100,4,907,46,2.772588722223781,16,46,0.34782608695652173,72,92
v2_erdos_renyi_baseline_s9,v2,erdos_renyi_baseline,9,erdos_renyi,100,4,908,51,2.846480386116867,21,51,0.4117647058823529,42,66
v2_erdos_renyi_baseline_s9,v2,erdos_renyi_baseline,9,erdos_renyi,100,4,909,34,2.540036303807981,14,34,0.4117647058823529,62,34
v2_erdos_renyi_baseline_s9,v2,erdos_renyi_baseline,9,erdos_renyi,100,4,910,122,3.755580448069941,58,122,0.47540983606557374,97,34
v2_erdos_renyi_baseline_s9,v2,erdos_renyi_baseline,9,erdos_renyi,100,4,911,148,3.906511777100024,55,148,0.3716216216216216,41,66
v2_erdos_renyi_baseline_s9,v2,erdos_renyi_baseline,9,erdos_renyi,100,4,912,18,1.791759469222055,6,18,0.3333333333333333,71,92
v2_erdos_renyi_baseline_s9,v2,erdos_renyi_baseline,9,erdos_renyi,100,4,913,6,1.0986122886651095,3,6,0.5,39,66
v2_erdos_renyi_baseline_s9,v2,erdos_renyi_baseline,9,erdos_renyi,100,4,914,141,3.621267170901904,52,141,0.36879432624113473,9,92
v2_erdos_renyi_baseline_s9,v2,erdos_renyi_baseline,9,erdos_renyi,100,4,915,74,2.9566503840794987,39,74,0.527027027027027,83,92
v2_erdos_renyi_baseline_s9,v2,erdos_renyi_baseline,9,erdos_renyi,100,4,916,6,1.0986122886651095,3,6,0.5,46,34
v2_erdos_renyi_baseline_s9,v2,erdos_renyi_baseline,9,erdos_renyi,100,4,917,235,4.424437349046176,102,235,0.4340425531914894,53,0
v2_erdos_renyi_baseline_s9,v2,erdos_renyi_baseline,9,erdos_renyi,100,4,918,88,3.620073939183769,43,88,0.48863636363636365,5,66
v2_erdos_renyi_baseline_s9,v2,erdos_renyi_baseline,9,erdos_renyi,100,4,919,3,1.0986122886651095,3,3,1.0,15,92
v2_erdos_renyi_baseline_s9,v2,erdos_renyi_baseline,9,erdos_renyi,100,4,920,96,3.3684464578110758,38,96,0.3958333333333333,86,92
v2_erdos_renyi_baseline_s9,v2,erdos_renyi_baseline,9,erdos_renyi,100,4,921,27,1.5607104090364068,6,27,0.2222222222222222,6,0
v2_erdos_renyi_baseline_s9,v2,erdos_renyi_baseline,9,erdos_renyi,100,4,922,106,3.5783238363141483,41,106,0.3867924528301887,18,92
v2_erdos_renyi_baseline_s9,v2,erdos_renyi_baseline,9,erdos_renyi,100,4,923,24,2.253857589591352,12,24,0.5,30,66
v2_erdos_renyi_baseline_s9,v2,erdos_renyi_baseline,9,erdos_renyi,100,4,924,2,-1.000088900581841e-12,1,2,0.5,60,66
v2_erdos_renyi_baseline_s9,v2,erdos_renyi_baseline,9,erdos_renyi,100,4,925,35,2.639057329601259,14,35,0.4,50,92
v2_erdos_renyi_baseline_s9,v2,erdos_renyi_baseline,9,erdos_renyi,100,4,926,34,2.484906649776,12,34,0.35294117647058826,76,92
v2_erdos_renyi_baseline_s9,v2,erdos_renyi_baseline,9,erdos_renyi,100,4,927,20,1.791759469222055,6,20,0.3,65,0
v2_erdos_renyi_baseline_s9,v2,erdos_renyi_baseline,9,erdos_renyi,100,4,928,20,1.791759469222055,6,20,0.3,94,92
v2_erdos_renyi_baseline_s9,v2,erdos_renyi_baseline,9,erdos_renyi,100,4,929,69,3.0752205480323718,23,69,0.3333333333333333,20,92
v2_erdos_renyi_baseline_s9,v2,erdos_renyi_baseline,9,erdos_renyi,100,4,930,110,3.673173853440987,47,110,0.42727272727272725,85,66
v2_erdos_renyi_baseline_s9,v2,erdos_renyi_baseline,9,erdos_renyi,100,4,931,15,1.3862943611158909,4,15,0.26666666666666666,65,66
v2_erdos_renyi_baseline_s9,v2,erdos_renyi_baseline,9,erdos_renyi,100,4,932,46,2.252728336809822,16,46,0.34782608695652173,63,66
v2_erdos_renyi_baseline_s9,v2,erdos_renyi_baseline,9,erdos_renyi,100,4,933,133,3.916986948035932,56,133,0.42105263157894735,14,92
v2_erdos_renyi_baseline_s9,v2,erdos_renyi_baseline,9,erdos_renyi,100,4,934,26,2.1639556568730565,10,26,0.38461538461538464,88,49
v2_erdos_renyi_baseline_s9,v2,erdos_renyi_baseline,9,erdos_renyi,100,4,935,65,3.204777524107256,26,65,0.4,97,92
v2_erdos_renyi_baseline_s9,v2,erdos_renyi_baseline,9,erdos_renyi,100,4,936,4,-1.000088900581841e-12,1,4,0.25,50,0
v2_erdos_renyi_baseline_s9,v2,erdos_renyi_baseline,9,erdos_renyi,100,4,937,188,4.098075068893808,76,188,0.40425531914893614,69,92
v2_erdos_renyi_baseline_s9,v2,erdos_renyi_baseline,9,erdos_renyi,100,4,938,9,0.6931471805579453,2,9,0.2222222222222222,32,92
v2_erdos_renyi_baseline_s9,v2,erdos_renyi_baseline,9,erdos_renyi,100,4,939,10,1.6094379124291005,5,10,0.5,56,92
v2_erdos_renyi_baseline_s9,v2,erdos_renyi_baseline,9,erdos_renyi,100,4,940,84,3.2285980368793616,33,84,0.39285714285714285,32,34
v2_erdos_renyi_baseline_s9,v2,erdos_renyi_baseline,9,erdos_renyi,100,4,941,173,3.7996440851569706,60,173,0.3468208092485549,30,0
v2_erdos_renyi_baseline_s9,v2,erdos_renyi_baseline,9,erdos_renyi,100,4,942,67,3.152706716658355,30,67,0.44776119402985076,35,66
v2_erdos_renyi_baseline_s9,v2,erdos_renyi_baseline,9,erdos_renyi,100,4,943,73,2.954673212284816,23,73,0.3150684931506849,35,0
v2_erdos_renyi_baseline_s9,v2,erdos_renyi_baseline,9,erdos_renyi,100,4,944,37,2.6525875347051477,19,37,0.5135135135135135,65,66
v2_erdos_renyi_baseline_s9,v2,erdos_renyi_baseline,9,erdos_renyi,100,4,945,20,2.079441541671836,8,20,0.4,96,92
v2_erdos_renyi_baseline_s9,v2,erdos_renyi_baseline,9,erdos_renyi,100,4,946,132,3.806945133098103,49,132,0.3712121212121212,76,66
v2_erdos_renyi_baseline_s9,v2,erdos_renyi_baseline,9,erdos_renyi,100,4,947,94,3.244454041235864,33,94,0.35106382978723405,19,66
v2_erdos_renyi_baseline_s9,v2,erdos_renyi_baseline,9,erdos_renyi,100,4,948,88,2.945875517357769,32,88,0.36363636363636365,19,0
v2_erdos_renyi_baseline_s9,v2,erdos_renyi_baseline,9,erdos_renyi,100,4,949,3,-1.000088900581841e-12,1,3,0.3333333333333333,89,66
v2_erdos_renyi_baseline_s9,v2,erdos_renyi_baseline,9,erdos_renyi,100,4,950,30,2.153532456645254,15,30,0.5,83,92
v2_erdos_renyi_baseline_s9,v2,erdos_renyi_baseline,9,erdos_renyi,100,4,951,66,3.4294862316330117,36,66,0.5454545454545454,62,66
v2_erdos_renyi_baseline_s9,v2,erdos_renyi_baseline,9,erdos_renyi,100,4,952,31,2.540036303807981,14,31,0.45161290322580644,33,66
v2_erdos_renyi_baseline_s9,v2,erdos_renyi_baseline,9,erdos_renyi,100,4,953,72,2.936427216804097,27,72,0.375,68,0
v2_erdos_renyi_baseline_s9,v2,erdos_renyi_baseline,9,erdos_renyi,100,4,954,111,3.2924491076317413,32,111,0.2882882882882883,27,92
v2_erdos_renyi_baseline_s9,v2,erdos_renyi_baseline,9,erdos_renyi,100,4,955,60,3.3445488585774434,31,60,0.5166666666666667,11,66
v2_erdos_renyi_baseline_s9,v2,erdos_renyi_baseline,9,erdos_renyi,100,4,956,33,2.430791328866232,15,33,0.45454545454545453,96,92
v2_erdos_renyi_baseline_s9,v2,erdos_renyi_baseline,9,erdos_renyi,100,4,957,16,2.079441541671836,8,16,0.5,7,66
v2_erdos_renyi_baseline_s9,v2,erdos_renyi_baseline,9,erdos_renyi,100,4,958,85,3.2551105127007407,31,85,0.36470588235294116,40,66
v2_erdos_renyi_baseline_s9,v2,erdos_renyi_baseline,9,erdos_renyi,100,4,959,117,3.7026694781446654,47,117,0.4017094017094017,1,66
v2_erdos_renyi_baseline_s9,v2,erdos_renyi_baseline,9,erdos_renyi,100,4,960,66,3.0246955538362474,26,66,0.3939393939393939,95,66
v2_erdos_renyi_baseline_s9,v2,erdos_renyi_baseline,9,erdos_renyi,100,4,961,35,2.7080502010872096,15,35,0.42857142857142855,17,0
v2_erdos_renyi_baseline_s9,v2,erdos_renyi_baseline,9,erdos_renyi,100,4,962,6,1.0986122886651095,3,6,0.5,89,66
v2_erdos_renyi_baseline_s9,v2,erdos_renyi_baseline,9,erdos_renyi,100,4,963,307,4.475715210152784,121,307,0.3941368078175896,35,66
v2_erdos_renyi_baseline_s9,v2,erdos_renyi_baseline,9,erdos_renyi,100,4,964,48,2.736339051089065,18,48,0.375,15,92
v2_erdos_renyi_baseline_s9,v2,erdos_renyi_baseline,9,erdos_renyi,100,4,965,19,1.3862943611158909,4,19,0.21052631578947367,72,92
v2_erdos_renyi_baseline_s9,v2,erdos_renyi_baseline,9,erdos_renyi,100,4,966,87,2.8848634407768965,26,87,0.2988505747126437,99,92
v2_erdos_renyi_baseline_s9,v2,erdos_renyi_baseline,9,erdos_renyi,100,4,967,9,1.0986122886651095,3,9,0.3333333333333333,61,92
v2_erdos_renyi_baseline_s9,v2,erdos_renyi_baseline,9,erdos_renyi,100,4,968,18,1.6094379124291005,5,18,0.2777777777777778,41,0
v2_erdos_renyi_baseline_s9,v2,erdos_renyi_baseline,9,erdos_renyi,100,4,969,154,3.958791821055205,63,154,0.4090909090909091,97,66
v2_erdos_renyi_baseline_s9,v2,erdos_renyi_baseline,9,erdos_renyi,100,4,970,122,3.761457811775414,55,122,0.45081967213114754,87,34
v2_erdos_renyi_baseline_s9,v2,erdos_renyi_baseline,9,erdos_renyi,100,4,971,75,3.3549875695958247,30,75,0.4,31,66
v2_erdos_renyi_baseline_s9,v2,erdos_renyi_baseline,9,erdos_renyi,100,4,972,19,1.791759469222055,6,19,0.3157894736842105,87,92
v2_erdos_renyi_baseline_s9,v2,erdos_renyi_baseline,9,erdos_renyi,100,4,973,201,4.210381995357883,81,201,0.40298507462686567,21,0
v2_erdos_renyi_baseline_s9,v2,erdos_renyi_baseline,9,erdos_renyi,100,4,974,10,1.3862943611158909,4,10,0.4,33,92
v2_erdos_renyi_baseline_s9,v2,erdos_renyi_baseline,9,erdos_renyi,100,4,975,58,3.0047670351869598,24,58,0.41379310344827586,3,34
v2_erdos_renyi_baseline_s9,v2,erdos_renyi_baseline,9,erdos_renyi,100,4,976,17,1.3862943611158909,4,17,0.23529411764705882,33,92
v2_erdos_renyi_baseline_s9,v2,erdos_renyi_baseline,9,erdos_renyi,100,4,977,222,4.2549912526154605,89,222,0.4009009009009009,48,34
v2_erdos_renyi_baseline_s9,v2,erdos_renyi_baseline,9,erdos_renyi,100,4,978,189,4.2143718555337,82,189,0.43386243386243384,10,92
v2_erdos_renyi_baseline_s9,v2,erdos_renyi_baseline,9,erdos_renyi,100,4,979,17,2.302585092984045,10,17,0.5882352941176471,19,34
v2_erdos_renyi_baseline_s9,v2,erdos_renyi_baseline,9,erdos_renyi,100,4,980,218,4.244869591714011,92,218,0.42201834862385323,86,66
v2_erdos_renyi_baseline_s9,v2,erdos_renyi_baseline,9,erdos_renyi,100,4,981,3,-1.000088900581841e-12,1,3,0.3333333333333333,54,92
v2_erdos_renyi_baseline_s9,v2,erdos_renyi_baseline,9,erdos_renyi,100,4,982,463,4.865673944762831,191,463,0.41252699784017277,67,66
v2_erdos_renyi_baseline_s9,v2,erdos_renyi_baseline,9,erdos_renyi,100,4,983,98,3.5213776090567093,39,98,0.3979591836734694,40,66
v2_erdos_renyi_baseline_s9,v2,erdos_renyi_baseline,9,erdos_renyi,100,4,984,34,2.61563057701355,15,34,0.4411764705882353,62,0
v2_erdos_renyi_baseline_s9,v2,erdos_renyi_baseline,9,erdos_renyi,100,4,985,26,2.5649493574485365,13,26,0.5,61,49
v2_erdos_renyi_baseline_s9,v2,erdos_renyi_baseline,9,erdos_renyi,100,4,986,20,1.7478680974607577,7,20,0.35,55,66
v2_erdos_renyi_baseline_s9,v2,erdos_renyi_baseline,9,erdos_renyi,100,4,987,135,3.6147641804846256,44,135,0.32592592592592595,69,66
v2_erdos_renyi_baseline_s9,v2,erdos_renyi_baseline,9,erdos_renyi,100,4,988,46,3.0280290732864104,22,46,0.4782608695652174,95,66
v2_erdos_renyi_baseline_s9,v2,erdos_renyi_baseline,9,erdos_renyi,100,4,989,141,3.656413944954675,53,141,0.375886524822695,42,0
v2_erdos_renyi_baseline_s9,v2,erdos_renyi_baseline,9,erdos_renyi,100,4,990,89,3.5636428037030967,44,89,0.4943820224719101,44,0
v2_erdos_renyi_baseline_s9,v2,erdos_renyi_baseline,9,erdos_renyi,100,4,991,177,3.9591622443657735,77,177,0.4350282485875706,84,66
v2_erdos_renyi_baseline_s9,v2,erdos_renyi_baseline,9,erdos_renyi,100,4,992,46,3.10797227595561,25,46,0.5434782608695652,16,92
v2_erdos_renyi_baseline_s9,v2,erdos_renyi_baseline,9,erdos_renyi,100,4,993,120,3.6121358939014394,41,120,0.3416666666666667,37,92
v2_erdos_renyi_baseline_s9,v2,erdos_renyi_baseline,9,erdos_renyi,100,4,994,73,3.5263605245821616,34,73,0.4657534246575342,88,66
v2_erdos_renyi_baseline_s9,v2,erdos_renyi_baseline,9,erdos_renyi,100,4,995,14,1.3296613488507585,6,14,0.42857142857142855,30,66
v2_erdos_renyi_baseline_s9,v2,erdos_renyi_baseline,9,erdos_renyi,100,4,996,39,2.736339051089065,18,39,0.46153846153846156,95,0
v2_erdos_renyi_baseline_s9,v2,erdos_renyi_baseline,9,erdos_renyi,100,4,997,129,3.8502789055516256,51,129,0.3953488372093023,19,49
v2_erdos_renyi_baseline_s9,v2,erdos_renyi_baseline,9,erdos_renyi,100,4,998,119,3.638648592450092,42,119,0.35294117647058826,93,0
v2_erdos_renyi_baseline_s9,v2,erdos_renyi_baseline,9,erdos_renyi,100,4,999,4,1.0986122886651095,3,4,0.75,1,49
