run_id,validation_version,condition,seed,topology,n_nodes,degree,episode_idx,hitting_time,path_entropy,accepted_moves,attempted_moves,accept_rate,start_node,final_node
v2_erdos_renyi_baseline_s14,v2,erdos_renyi_baseline,14,erdos_renyi,100,4,0,85,3.4124897213676078,33,85,0.38823529411764707,65,53
v2_erdos_renyi_baseline_s14,v2,erdos_renyi_baseline,14,erdos_renyi,100,4,1,306,4.502242238765628,115,306,0.3758169934640523,21,53
v2_erdos_renyi_baseline_s14,v2,erdos_renyi_baseline,14,erdos_renyi,100,4,2,89,3.363267070336762,34,89,0.38202247191011235,20,53
v2_erdos_renyi_baseline_s14,v2,erdos_renyi_baseline,14,erdos_renyi,100,4,3,20,1.3321790402061222,5,20,0.25,23,93
v2_erdos_renyi_baseline_s14,v2,erdos_renyi_baseline,14,erdos_renyi,100,4,4,180,4.050453190400803,70,180,0.3888888888888889,29,31
v2_erdos_renyi_baseline_s14,v2,erdos_renyi_baseline,14,erdos_renyi,100,4,5,109,3.621412350279243,47,109,0.43119266055045874,61,15
v2_erdos_renyi_baseline_s14,v2,erdos_renyi_baseline,14,erdos_renyi,100,4,6,11,1.3862943611158909,4,11,0.36363636363636365,78,53
v2_erdos_renyi_baseline_s14,v2,erdos_renyi_baseline,14,erdos_renyi,100,4,7,185,4.023059479404651,74,185,0.4,27,31
v2_erdos_renyi_baseline_s14,v2,erdos_renyi_baseline,14,erdos_renyi,100,4,8,8,1.0986122886651095,3,8,0.375,55,93
v2_erdos_renyi_baseline_s14,v2,erdos_renyi_baseline,14,erdos_renyi,100,4,9,77,3.322493706775413,34,77,0.44155844155844154,71,15
v2_erdos_renyi_baseline_s14,v2,erdos_renyi_baseline,14,erdos_renyi,100,4,10,71,2.966943486167354,28,71,0.39436619718309857,33,15
v2_erdos_renyi_baseline_s14,v2,erdos_renyi_baseline,14,erdos_renyi,100,4,11,66,3.233183484354926,28,66,0.42424242424242425,87,15
v2_erdos_renyi_baseline_s14,v2,erdos_renyi_baseline,14,erdos_renyi,100,4,12,310,4.448727628582885,116,310,0.3741935483870968,21,53
v2_erdos_renyi_baseline_s14,v2,erdos_renyi_baseline,14,erdos_renyi,100,4,13,95,3.6280156368321625,39,95,0.4105263157894737,0,53
v2_erdos_renyi_baseline_s14,v2,erdos_renyi_baseline,14,erdos_renyi,100,4,14,98,3.761660727552022,47,98,0.47959183673469385,14,53
v2_erdos_renyi_baseline_s14,v2,erdos_renyi_baseline,14,erdos_renyi,100,4,15,9,1.3862943611158909,4,9,0.4444444444444444,78,93
v2_erdos_renyi_baseline_s14,v2,erdos_renyi_baseline,14,erdos_renyi,100,4,16,109,3.544511778726858,41,109,0.3761467889908257,33,93
v2_erdos_renyi_baseline_s14,v2,erdos_renyi_baseline,14,erdos_renyi,100,4,17,6,0.6931471805579453,2,6,0.3333333333333333,59,15
v2_erdos_renyi_baseline_s14,v2,erdos_renyi_baseline,14,erdos_renyi,100,4,18,119,3.617683558888374,46,119,0.3865546218487395,95,53
v2_erdos_renyi_baseline_s14,v2,erdos_renyi_baseline,14,erdos_renyi,100,4,19,14,2.079441541671836,8,14,0.5714285714285714,30,15
v2_erdos_renyi_baseline_s14,v2,erdos_renyi_baseline,14,erdos_renyi,100,4,20,73,3.1154750248567717,28,73,0.3835616438356164,45,53
v2_erdos_renyi_baseline_s14,v2,erdos_renyi_baseline,14,erdos_renyi,100,4,21,114,3.535524289428743,43,114,0.37719298245614036,26,15
v2_erdos_renyi_baseline_s14,v2,erdos_renyi_baseline,14,erdos_renyi,100,4,22,17,1.9459101490483133,7,17,0.4117647058823529,88,53
v2_erdos_renyi_baseline_s14,v2,erdos_renyi_baseline,14,erdos_renyi,100,4,23,5,1.3862943611158909,4,5,0.8,17,93
v2_erdos_renyi_baseline_s14,v2,erdos_renyi_baseline,14,erdos_renyi,100,4,24,113,3.7113914345883634,49,113,0.4336283185840708,49,53
v2_erdos_renyi_baseline_s14,v2,erdos_renyi_baseline,14,erdos_renyi,100,4,25,52,2.8332133440392155,17,52,0.3269230769230769,84,53
v2_erdos_renyi_baseline_s14,v2,erdos_renyi_baseline,14,erdos_renyi,100,4,26,80,3.4294862316330117,36,80,0.45,92,53
v2_erdos_renyi_baseline_s14,v2,erdos_renyi_baseline,14,erdos_renyi,100,4,27,16,1.7478680974607577,7,16,0.4375,68,53
v2_erdos_renyi_baseline_s14,v2,erdos_renyi_baseline,14,erdos_renyi,100,4,28,118,3.645947951488728,41,118,0.3474576271186441,2,31
v2_erdos_renyi_baseline_s14,v2,erdos_renyi_baseline,14,erdos_renyi,100,4,29,116,3.629250947686148,48,116,0.41379310344827586,34,15
v2_erdos_renyi_baseline_s14,v2,erdos_renyi_baseline,14,erdos_renyi,100,4,30,228,4.215663451442382,91,228,0.3991228070175439,97,9
v2_erdos_renyi_baseline_s14,v2,erdos_renyi_baseline,14,erdos_renyi,100,4,31,43,2.670119889791817,17,43,0.3953488372093023,40,9
v2_erdos_renyi_baseline_s14,v2,erdos_renyi_baseline,14,erdos_renyi,100,4,32,5,1.0986122886651095,3,5,0.6,94,9
v2_erdos_renyi_baseline_s14,v2,erdos_renyi_baseline,14,erdos_renyi,100,4,33,158,3.9488114493223287,70,158,0.4430379746835443,82,53
v2_erdos_renyi_baseline_s14,v2,erdos_renyi_baseline,14,erdos_renyi,100,4,34,66,3.244492630381296,27,66,0.4090909090909091,5,15
v2_erdos_renyi_baseline_s14,v2,erdos_renyi_baseline,14,erdos_renyi,100,4,35,65,2.6525875347051464,19,65,0.2923076923076923,8,53
v2_erdos_renyi_baseline_s14,v2,erdos_renyi_baseline,14,erdos_renyi,100,4,36,2,0.6931471805579453,2,2,1.0,5,15
v2_erdos_renyi_baseline_s14,v2,erdos_renyi_baseline,14,erdos_renyi,100,4,37,119,3.806945133098103,49,119,0.4117647058823529,10,15
v2_erdos_renyi_baseline_s14,v2,erdos_renyi_baseline,14,erdos_renyi,100,4,38,74,3.4339872044541457,31,74,0.4189189189189189,6,93
v2_erdos_renyi_baseline_s14,v2,erdos_renyi_baseline,14,erdos_renyi,100,4,39,148,3.955715126056112,60,148,0.40540540540540543,43,53
v2_erdos_renyi_baseline_s14,v2,erdos_renyi_baseline,14,erdos_renyi,100,4,40,3,0.6931471805579453,2,3,0.6666666666666666,78,53
v2_erdos_renyi_baseline_s14,v2,erdos_renyi_baseline,14,erdos_renyi,100,4,41,73,3.0871950491266835,31,73,0.4246575342465753,73,15
v2_erdos_renyi_baseline_s14,v2,erdos_renyi_baseline,14,erdos_renyi,100,4,42,11,1.6094379124291005,5,11,0.45454545454545453,36,31
v2_erdos_renyi_baseline_s14,v2,erdos_renyi_baseline,14,erdos_renyi,100,4,43,175,3.9439571911291753,70,175,0.4,99,53
v2_erdos_renyi_baseline_s14,v2,erdos_renyi_baseline,14,erdos_renyi,100,4,44,387,4.694983311214617,169,387,0.43669250645994834,73,53
v2_erdos_renyi_baseline_s14,v2,erdos_renyi_baseline,14,erdos_renyi,100,4,45,57,3.244492630381296,27,57,0.47368421052631576,82,53
v2_erdos_renyi_baseline_s14,v2,erdos_renyi_baseline,14,erdos_renyi,100,4,46,40,2.61563057701355,15,40,0.375,43,53
v2_erdos_renyi_baseline_s14,v2,erdos_renyi_baseline,14,erdos_renyi,100,4,47,150,3.8979247046422008,52,150,0.3466666666666667,39,9
v2_erdos_renyi_baseline_s14,v2,erdos_renyi_baseline,14,erdos_renyi,100,4,48,385,4.654459863491415,164,385,0.42597402597402595,16,15
v2_erdos_renyi_baseline_s14,v2,erdos_renyi_baseline,14,erdos_renyi,100,4,49,162,3.763305880298664,68,162,0.41975308641975306,71,15
v2_erdos_renyi_baseline_s14,v2,erdos_renyi_baseline,14,erdos_renyi,100,4,50,39,2.639057329601259,14,39,0.358974358974359,26,53
v2_erdos_renyi_baseline_s14,v2,erdos_renyi_baseline,14,erdos_renyi,100,4,51,253,4.212933622736581,106,253,0.4189723320158103,68,15
v2_erdos_renyi_baseline_s14,v2,erdos_renyi_baseline,14,erdos_renyi,100,4,52,9,1.3862943611158909,4,9,0.4444444444444444,87,15
v2_erdos_renyi_baseline_s14,v2,erdos_renyi_baseline,14,erdos_renyi,100,4,53,166,3.9745866749673073,71,166,0.42771084337349397,34,31
v2_erdos_renyi_baseline_s14,v2,erdos_renyi_baseline,14,erdos_renyi,100,4,54,152,4.138536771371622,73,152,0.48026315789473684,2,93
v2_erdos_renyi_baseline_s14,v2,erdos_renyi_baseline,14,erdos_renyi,100,4,55,16,1.3862943611158909,4,16,0.25,82,31
v2_erdos_renyi_baseline_s14,v2,erdos_renyi_baseline,14,erdos_renyi,100,4,56,102,3.207960077516468,37,102,0.3627450980392157,86,31
v2_erdos_renyi_baseline_s14,v2,erdos_renyi_baseline,14,erdos_renyi,100,4,57,10,1.6094379124291005,5,10,0.5,27,93
v2_erdos_renyi_baseline_s14,v2,erdos_renyi_baseline,14,erdos_renyi,100,4,58,105,3.726795348248236,48,105,0.45714285714285713,11,15
v2_erdos_renyi_baseline_s14,v2,erdos_renyi_baseline,14,erdos_renyi,100,4,59,400,4.58011888525863,140,400,0.35,44,53
v2_erdos_renyi_baseline_s14,v2,erdos_renyi_baseline,14,erdos_renyi,100,4,60,85,3.1836729714587872,28,85,0.32941176470588235,54,53
v2_erdos_renyi_baseline_s14,v2,erdos_renyi_baseline,14,erdos_renyi,100,4,61,69,2.9785084205072385,21,69,0.30434782608695654,48,15
v2_erdos_renyi_baseline_s14,v2,erdos_renyi_baseline,14,erdos_renyi,100,4,62,140,3.872739447637908,62,140,0.44285714285714284,6,93
v2_erdos_renyi_baseline_s14,v2,erdos_renyi_baseline,14,erdos_renyi,100,4,63,213,4.249112059987891,89,213,0.41784037558685444,82,9
v2_erdos_renyi_baseline_s14,v2,erdos_renyi_baseline,14,erdos_renyi,100,4,64,52,2.666148586937558,20,52,0.38461538461538464,89,93
v2_erdos_renyi_baseline_s14,v2,erdos_renyi_baseline,14,erdos_renyi,100,4,65,45,2.7080502010872096,15,45,0.3333333333333333,67,53
v2_erdos_renyi_baseline_s14,v2,erdos_renyi_baseline,14,erdos_renyi,100,4,66,6,1.0986122886651095,3,6,0.5,27,93
v2_erdos_renyi_baseline_s14,v2,erdos_renyi_baseline,14,erdos_renyi,100,4,67,17,2.079441541671836,8,17,0.47058823529411764,23,53
v2_erdos_renyi_baseline_s14,v2,erdos_renyi_baseline,14,erdos_renyi,100,4,68,200,4.114164940508061,75,200,0.375,13,53
v2_erdos_renyi_baseline_s14,v2,erdos_renyi_baseline,14,erdos_renyi,100,4,69,182,4.184870558153839,80,182,0.43956043956043955,98,53
v2_erdos_renyi_baseline_s14,v2,erdos_renyi_baseline,14,erdos_renyi,100,4,70,98,3.3985393782638447,40,98,0.40816326530612246,59,53
v2_erdos_renyi_baseline_s14,v2,erdos_renyi_baseline,14,erdos_renyi,100,4,71,122,3.74504940701088,45,122,0.36885245901639346,32,53
v2_erdos_renyi_baseline_s14,v2,erdos_renyi_baseline,14,erdos_renyi,100,4,72,2,0.6931471805579453,2,2,1.0,91,31
v2_erdos_renyi_baseline_s14,v2,erdos_renyi_baseline,14,erdos_renyi,100,4,73,33,2.5649493574485365,13,33,0.3939393939393939,65,15
v2_erdos_renyi_baseline_s14,v2,erdos_renyi_baseline,14,erdos_renyi,100,4,74,7,1.0986122886651095,3,7,0.42857142857142855,73,93
v2_erdos_renyi_baseline_s14,v2,erdos_renyi_baseline,14,erdos_renyi,100,4,75,54,3.0149468801585937,23,54,0.42592592592592593,70,53
v2_erdos_renyi_baseline_s14,v2,erdos_renyi_baseline,14,erdos_renyi,100,4,76,43,2.871476118036867,19,43,0.4418604651162791,97,31
v2_erdos_renyi_baseline_s14,v2,erdos_renyi_baseline,14,erdos_renyi,100,4,77,71,3.3969144201875685,35,71,0.49295774647887325,87,53
v2_erdos_renyi_baseline_s14,v2,erdos_renyi_baseline,14,erdos_renyi,100,4,78,422,4.6592327943240575,167,422,0.3957345971563981,71,53
v2_erdos_renyi_baseline_s14,v2,erdos_renyi_baseline,14,erdos_renyi,100,4,79,299,4.386665430880802,117,299,0.391304347826087,19,31
v2_erdos_renyi_baseline_s14,v2,erdos_renyi_baseline,14,erdos_renyi,100,4,80,223,4.122732562608206,88,223,0.39461883408071746,38,15
v2_erdos_renyi_baseline_s14,v2,erdos_renyi_baseline,14,erdos_renyi,100,4,81,13,2.079441541671836,8,13,0.6153846153846154,84,53
v2_erdos_renyi_baseline_s14,v2,erdos_renyi_baseline,14,erdos_renyi,100,4,82,65,3.308777757559495,30,65,0.46153846153846156,78,15
v2_erdos_renyi_baseline_s14,v2,erdos_renyi_baseline,14,erdos_renyi,100,4,83,35,2.3516733018936304,13,35,0.37142857142857144,72,93
v2_erdos_renyi_baseline_s14,v2,erdos_renyi_baseline,14,erdos_renyi,100,4,84,88,3.422414203983732,32,88,0.36363636363636365,1,31
v2_erdos_renyi_baseline_s14,v2,erdos_renyi_baseline,14,erdos_renyi,100,4,85,94,3.341639433201118,41,94,0.43617021276595747,49,93
v2_erdos_renyi_baseline_s14,v2,erdos_renyi_baseline,14,erdos_renyi,100,4,86,92,3.5646232985788124,38,92,0.41304347826086957,42,9
v2_erdos_renyi_baseline_s14,v2,erdos_renyi_baseline,14,erdos_renyi,100,4,87,121,3.496200105216916,47,121,0.3884297520661157,23,15
v2_erdos_renyi_baseline_s14,v2,erdos_renyi_baseline,14,erdos_renyi,100,4,88,284,4.41841683901247,114,284,0.4014084507042254,12,53
v2_erdos_renyi_baseline_s14,v2,erdos_renyi_baseline,14,erdos_renyi,100,4,89,451,4.855238825117626,179,451,0.3968957871396896,49,53
v2_erdos_renyi_baseline_s14,v2,erdos_renyi_baseline,14,erdos_renyi,100,4,90,43,3.0910424533363146,22,43,0.5116279069767442,67,53
v2_erdos_renyi_baseline_s14,v2,erdos_renyi_baseline,14,erdos_renyi,100,4,91,70,3.0149468801585937,23,70,0.32857142857142857,54,9
v2_erdos_renyi_baseline_s14,v2,erdos_renyi_baseline,14,erdos_renyi,100,4,92,347,4.6354217698866345,128,347,0.3688760806916426,48,31
v2_erdos_renyi_baseline_s14,v2,erdos_renyi_baseline,14,erdos_renyi,100,4,93,358,4.63627954968336,154,358,0.4301675977653631,38,53
v2_erdos_renyi_baseline_s14,v2,erdos_renyi_baseline,14,erdos_renyi,100,4,94,0,0.0,0,0,,31,31
v2_erdos_renyi_baseline_s14,v2,erdos_renyi_baseline,14,erdos_renyi,100,4,95,70,3.2580965379954825,26,70,0.37142857142857144,88,15
v2_erdos_renyi_baseline_s14,v2,erdos_renyi_baseline,14,erdos_renyi,100,4,96,57,2.871476118036867,19,57,0.3333333333333333,78,53
v2_erdos_renyi_baseline_s14,v2,erdos_renyi_baseline,14,erdos_renyi,100,4,97,81,2.912494403312053,21,81,0.25925925925925924,57,15
v2_erdos_renyi_baseline_s14,v2,erdos_renyi_baseline,14,erdos_renyi,100,4,98,112,3.5137264175968235,48,112,0.42857142857142855,56,31
v2_erdos_renyi_baseline_s14,v2,erdos_renyi_baseline,14,erdos_renyi,100,4,99,32,2.61563057701355,15,32,0.46875,39,15
v2_erdos_renyi_baseline_s14,v2,erdos_renyi_baseline,14,erdos_renyi,100,4,100,105,3.467994408329786,36,105,0.34285714285714286,21,15
v2_erdos_renyi_baseline_s14,v2,erdos_renyi_baseline,14,erdos_renyi,100,4,101,168,4.289793953164623,77,168,0.4583333333333333,61,31
v2_erdos_renyi_baseline_s14,v2,erdos_renyi_baseline,14,erdos_renyi,100,4,102,61,2.8979325974534653,26,61,0.4262295081967213,73,93
v2_erdos_renyi_baseline_s14,v2,erdos_renyi_baseline,14,erdos_renyi,100,4,103,33,2.369382119683676,12,33,0.36363636363636365,30,31
v2_erdos_renyi_baseline_s14,v2,erdos_renyi_baseline,14,erdos_renyi,100,4,104,62,3.120291565278284,24,62,0.3870967741935484,63,53
v2_erdos_renyi_baseline_s14,v2,erdos_renyi_baseline,14,erdos_renyi,100,4,105,167,3.9482576932336864,62,167,0.3712574850299401,87,53
v2_erdos_renyi_baseline_s14,v2,erdos_renyi_baseline,14,erdos_renyi,100,4,106,45,3.044522437702424,21,45,0.4666666666666667,61,15
v2_erdos_renyi_baseline_s14,v2,erdos_renyi_baseline,14,erdos_renyi,100,4,107,133,3.786663163794776,55,133,0.41353383458646614,65,15
v2_erdos_renyi_baseline_s14,v2,erdos_renyi_baseline,14,erdos_renyi,100,4,108,60,2.831480240049973,24,60,0.4,22,15
v2_erdos_renyi_baseline_s14,v2,erdos_renyi_baseline,14,erdos_renyi,100,4,109,96,3.404040433898112,34,96,0.3541666666666667,32,31
v2_erdos_renyi_baseline_s14,v2,erdos_renyi_baseline,14,erdos_renyi,100,4,110,91,3.539627566658813,42,91,0.46153846153846156,96,53
v2_erdos_renyi_baseline_s14,v2,erdos_renyi_baseline,14,erdos_renyi,100,4,111,68,2.767923626484886,25,68,0.36764705882352944,83,53
v2_erdos_renyi_baseline_s14,v2,erdos_renyi_baseline,14,erdos_renyi,100,4,112,10000,-1.000088900581841e-12,3690,10000,0.369,47,47
v2_erdos_renyi_baseline_s14,v2,erdos_renyi_baseline,14,erdos_renyi,100,4,113,13,1.6094379124291005,5,13,0.38461538461538464,1,93
v2_erdos_renyi_baseline_s14,v2,erdos_renyi_baseline,14,erdos_renyi,100,4,114,71,3.1836729714587872,28,71,0.39436619718309857,19,53
v2_erdos_renyi_baseline_s14,v2,erdos_renyi_baseline,14,erdos_renyi,100,4,115,1,-1.000088900581841e-12,1,1,1.0,75,53
v2_erdos_renyi_baseline_s14,v2,erdos_renyi_baseline,14,erdos_renyi,100,4,116,115,3.260918854185786,36,115,0.3130434782608696,66,15
v2_erdos_renyi_baseline_s14,v2,erdos_renyi_baseline,14,erdos_renyi,100,4,117,103,3.5213776090567093,39,103,0.3786407766990291,1,9
v2_erdos_renyi_baseline_s14,v2,erdos_renyi_baseline,14,erdos_renyi,100,4,118,61,2.857102837424001,20,61,0.32786885245901637,54,53
v2_erdos_renyi_baseline_s14,v2,erdos_renyi_baseline,14,erdos_renyi,100,4,119,180,3.921446499263261,57,180,0.31666666666666665,42,53
v2_erdos_renyi_baseline_s14,v2,erdos_renyi_baseline,14,erdos_renyi,100,4,120,29,2.079441541671836,8,29,0.27586206896551724,36,53
v2_erdos_renyi_baseline_s14,v2,erdos_renyi_baseline,14,erdos_renyi,100,4,121,110,3.564796805657873,46,110,0.41818181818181815,0,53
v2_erdos_renyi_baseline_s14,v2,erdos_renyi_baseline,14,erdos_renyi,100,4,122,18,1.6094379124291005,5,18,0.2777777777777778,73,93
v2_erdos_renyi_baseline_s14,v2,erdos_renyi_baseline,14,erdos_renyi,100,4,123,99,3.5213776090567093,39,99,0.3939393939393939,65,15
v2_erdos_renyi_baseline_s14,v2,erdos_renyi_baseline,14,erdos_renyi,100,4,124,558,4.782702771205017,212,558,0.37992831541218636,3,53
v2_erdos_renyi_baseline_s14,v2,erdos_renyi_baseline,14,erdos_renyi,100,4,125,97,3.3573060098708574,35,97,0.36082474226804123,67,53
v2_erdos_renyi_baseline_s14,v2,erdos_renyi_baseline,14,erdos_renyi,100,4,126,175,4.093388321154385,73,175,0.41714285714285715,29,53
v2_erdos_renyi_baseline_s14,v2,erdos_renyi_baseline,14,erdos_renyi,100,4,127,167,3.9557596865258655,64,167,0.38323353293413176,68,53
v2_erdos_renyi_baseline_s14,v2,erdos_renyi_baseline,14,erdos_renyi,100,4,128,126,3.644129457733132,49,126,0.3888888888888889,45,93
v2_erdos_renyi_baseline_s14,v2,erdos_renyi_baseline,14,erdos_renyi,100,4,129,98,3.225738341332068,42,98,0.42857142857142855,29,93
v2_erdos_renyi_baseline_s14,v2,erdos_renyi_baseline,14,erdos_renyi,100,4,130,87,3.619564736019943,40,87,0.45977011494252873,36,9
v2_erdos_renyi_baseline_s14,v2,erdos_renyi_baseline,14,erdos_renyi,100,4,131,2,0.6931471805579453,2,2,1.0,92,53
v2_erdos_renyi_baseline_s14,v2,erdos_renyi_baseline,14,erdos_renyi,100,4,132,147,3.893131622084399,58,147,0.3945578231292517,22,9
v2_erdos_renyi_baseline_s14,v2,erdos_renyi_baseline,14,erdos_renyi,100,4,133,56,2.7914209200671944,22,56,0.39285714285714285,17,93
v2_erdos_renyi_baseline_s14,v2,erdos_renyi_baseline,14,erdos_renyi,100,4,134,10000,-1.000088900581841e-12,3703,10000,0.3703,47,47
v2_erdos_renyi_baseline_s14,v2,erdos_renyi_baseline,14,erdos_renyi,100,4,135,44,2.484906649776,12,44,0.2727272727272727,17,93
v2_erdos_renyi_baseline_s14,v2,erdos_renyi_baseline,14,erdos_renyi,100,4,136,86,3.322493706775413,34,86,0.3953488372093023,11,53
v2_erdos_renyi_baseline_s14,v2,erdos_renyi_baseline,14,erdos_renyi,100,4,137,79,3.308777757559495,30,79,0.379746835443038,4,15
v2_erdos_renyi_baseline_s14,v2,erdos_renyi_baseline,14,erdos_renyi,100,4,138,290,3.9638788667574976,101,290,0.3482758620689655,18,93
v2_erdos_renyi_baseline_s14,v2,erdos_renyi_baseline,14,erdos_renyi,100,4,139,115,3.454772892723726,40,115,0.34782608695652173,51,53
v2_erdos_renyi_baseline_s14,v2,erdos_renyi_baseline,14,erdos_renyi,100,4,140,123,3.3911582003720584,38,123,0.3089430894308943,14,93
v2_erdos_renyi_baseline_s14,v2,erdos_renyi_baseline,14,erdos_renyi,100,4,141,319,4.624543545539991,136,319,0.4263322884012539,39,15
v2_erdos_renyi_baseline_s14,v2,erdos_renyi_baseline,14,erdos_renyi,100,4,142,122,3.5949336395942626,46,122,0.3770491803278688,23,15
v2_erdos_renyi_baseline_s14,v2,erdos_renyi_baseline,14,erdos_renyi,100,4,143,41,2.9785084205072385,21,41,0.5121951219512195,73,53
v2_erdos_renyi_baseline_s14,v2,erdos_renyi_baseline,14,erdos_renyi,100,4,144,149,4.019969315846154,61,149,0.40939597315436244,43,15
v2_erdos_renyi_baseline_s14,v2,erdos_renyi_baseline,14,erdos_renyi,100,4,145,252,4.247543471126456,90,252,0.35714285714285715,43,53
v2_erdos_renyi_baseline_s14,v2,erdos_renyi_baseline,14,erdos_renyi,100,4,146,173,3.9422745893806894,64,173,0.3699421965317919,50,15
v2_erdos_renyi_baseline_s14,v2,erdos_renyi_baseline,14,erdos_renyi,100,4,147,169,4.145528240825338,71,169,0.42011834319526625,70,15
v2_erdos_renyi_baseline_s14,v2,erdos_renyi_baseline,14,erdos_renyi,100,4,148,57,3.0752205480323718,23,57,0.40350877192982454,75,53
v2_erdos_renyi_baseline_s14,v2,erdos_renyi_baseline,14,erdos_renyi,100,4,149,124,3.5851191891359373,51,124,0.4112903225806452,45,15
v2_erdos_renyi_baseline_s14,v2,erdos_renyi_baseline,14,erdos_renyi,100,4,150,22,2.0431918705371204,9,22,0.4090909090909091,48,53
v2_erdos_renyi_baseline_s14,v2,erdos_renyi_baseline,14,erdos_renyi,100,4,151,40,2.302585092984045,10,40,0.25,96,93
v2_erdos_renyi_baseline_s14,v2,erdos_renyi_baseline,14,erdos_renyi,100,4,152,272,4.424949928471489,107,272,0.39338235294117646,96,15
v2_erdos_renyi_baseline_s14,v2,erdos_renyi_baseline,14,erdos_renyi,100,4,153,73,3.3684464578110758,38,73,0.5205479452054794,94,15
v2_erdos_renyi_baseline_s14,v2,erdos_renyi_baseline,14,erdos_renyi,100,4,154,43,2.143952200634869,14,43,0.32558139534883723,62,53
v2_erdos_renyi_baseline_s14,v2,erdos_renyi_baseline,14,erdos_renyi,100,4,155,216,4.162674915357815,90,216,0.4166666666666667,46,15
v2_erdos_renyi_baseline_s14,v2,erdos_renyi_baseline,14,erdos_renyi,100,4,156,40,2.6593226976945163,18,40,0.45,57,9
v2_erdos_renyi_baseline_s14,v2,erdos_renyi_baseline,14,erdos_renyi,100,4,157,58,3.1282795608038727,29,58,0.5,87,15
v2_erdos_renyi_baseline_s14,v2,erdos_renyi_baseline,14,erdos_renyi,100,4,158,2,-1.000088900581841e-12,1,2,0.5,43,15
v2_erdos_renyi_baseline_s14,v2,erdos_renyi_baseline,14,erdos_renyi,100,4,159,138,3.793210665798084,56,138,0.4057971014492754,2,15
v2_erdos_renyi_baseline_s14,v2,erdos_renyi_baseline,14,erdos_renyi,100,4,160,139,3.4848452850734923,48,139,0.34532374100719426,12,93
v2_erdos_renyi_baseline_s14,v2,erdos_renyi_baseline,14,erdos_renyi,100,4,161,169,3.9394081820332247,64,169,0.378698224852071,54,93
v2_erdos_renyi_baseline_s14,v2,erdos_renyi_baseline,14,erdos_renyi,100,4,162,32,2.61563057701355,15,32,0.46875,3,93
v2_erdos_renyi_baseline_s14,v2,erdos_renyi_baseline,14,erdos_renyi,100,4,163,36,2.3959081192819283,15,36,0.4166666666666667,45,93
v2_erdos_renyi_baseline_s14,v2,erdos_renyi_baseline,14,erdos_renyi,100,4,164,153,3.708519285648661,57,153,0.37254901960784315,20,93
v2_erdos_renyi_baseline_s14,v2,erdos_renyi_baseline,14,erdos_renyi,100,4,165,167,4.084125235465183,72,167,0.4311377245508982,19,15
v2_erdos_renyi_baseline_s14,v2,erdos_renyi_baseline,14,erdos_renyi,100,4,166,130,3.8768201519937313,56,130,0.4307692307692308,76,15
v2_erdos_renyi_baseline_s14,v2,erdos_renyi_baseline,14,erdos_renyi,100,4,167,15,1.3862943611158909,4,15,0.26666666666666666,39,93
v2_erdos_renyi_baseline_s14,v2,erdos_renyi_baseline,14,erdos_renyi,100,4,168,10000,-1.000088900581841e-12,3682,10000,0.3682,47,47
v2_erdos_renyi_baseline_s14,v2,erdos_renyi_baseline,14,erdos_renyi,100,4,169,132,3.5309625711151003,49,132,0.3712121212121212,34,15
v2_erdos_renyi_baseline_s14,v2,erdos_renyi_baseline,14,erdos_renyi,100,4,170,251,4.186943990592097,97,251,0.38645418326693226,69,53
v2_erdos_renyi_baseline_s14,v2,erdos_renyi_baseline,14,erdos_renyi,100,4,171,5,0.6931471805579453,2,5,0.4,78,53
v2_erdos_renyi_baseline_s14,v2,erdos_renyi_baseline,14,erdos_renyi,100,4,172,169,4.028376604680362,71,169,0.42011834319526625,64,53
v2_erdos_renyi_baseline_s14,v2,erdos_renyi_baseline,14,erdos_renyi,100,4,173,0,0.0,0,0,,15,15
v2_erdos_renyi_baseline_s14,v2,erdos_renyi_baseline,14,erdos_renyi,100,4,174,182,3.8497145780034816,69,182,0.3791208791208791,4,15
v2_erdos_renyi_baseline_s14,v2,erdos_renyi_baseline,14,erdos_renyi,100,4,175,8,1.6094379124291005,5,8,0.625,86,53
v2_erdos_renyi_baseline_s14,v2,erdos_renyi_baseline,14,erdos_renyi,100,4,176,124,3.89182242136326,53,124,0.4274193548387097,80,15
v2_erdos_renyi_baseline_s14,v2,erdos_renyi_baseline,14,erdos_renyi,100,4,177,102,3.539627566658813,42,102,0.4117647058823529,75,53
v2_erdos_renyi_baseline_s14,v2,erdos_renyi_baseline,14,erdos_renyi,100,4,178,97,3.060287092585695,30,97,0.30927835051546393,78,53
v2_erdos_renyi_baseline_s14,v2,erdos_renyi_baseline,14,erdos_renyi,100,4,179,77,3.472414980727339,39,77,0.5064935064935064,88,31
v2_erdos_renyi_baseline_s14,v2,erdos_renyi_baseline,14,erdos_renyi,100,4,180,44,2.670119889791816,17,44,0.38636363636363635,80,53
v2_erdos_renyi_baseline_s14,v2,erdos_renyi_baseline,14,erdos_renyi,100,4,181,71,2.8782183066518505,22,71,0.30985915492957744,83,53
v2_erdos_renyi_baseline_s14,v2,erdos_renyi_baseline,14,erdos_renyi,100,4,182,129,3.828845343713952,50,129,0.3875968992248062,66,53
v2_erdos_renyi_baseline_s14,v2,erdos_renyi_baseline,14,erdos_renyi,100,4,183,44,2.8332133440392155,17,44,0.38636363636363635,59,31
v2_erdos_renyi_baseline_s14,v2,erdos_renyi_baseline,14,erdos_renyi,100,4,184,10,1.0986122886651095,3,10,0.3,90,53
v2_erdos_renyi_baseline_s14,v2,erdos_renyi_baseline,14,erdos_renyi,100,4,185,53,2.7985132569262934,19,53,0.3584905660377358,56,15
v2_erdos_renyi_baseline_s14,v2,erdos_renyi_baseline,14,erdos_renyi,100,4,186,164,4.110404453166564,65,164,0.39634146341463417,6,93
v2_erdos_renyi_baseline_s14,v2,erdos_renyi_baseline,14,erdos_renyi,100,4,187,63,3.0752205480323718,23,63,0.36507936507936506,2,15
v2_erdos_renyi_baseline_s14,v2,erdos_renyi_baseline,14,erdos_renyi,100,4,188,165,3.7794820749848017,58,165,0.3515151515151515,28,15
v2_erdos_renyi_baseline_s14,v2,erdos_renyi_baseline,14,erdos_renyi,100,4,189,9,1.5607104090364068,6,9,0.6666666666666666,67,53
v2_erdos_renyi_baseline_s14,v2,erdos_renyi_baseline,14,erdos_renyi,100,4,190,10000,-1.000088900581841e-12,3671,10000,0.3671,35,35
v2_erdos_renyi_baseline_s14,v2,erdos_renyi_baseline,14,erdos_renyi,100,4,191,160,3.8352368547526106,49,160,0.30625,5,53
v2_erdos_renyi_baseline_s14,v2,erdos_renyi_baseline,14,erdos_renyi,100,4,192,353,4.453755265660995,136,353,0.38526912181303113,30,15
v2_erdos_renyi_baseline_s14,v2,erdos_renyi_baseline,14,erdos_renyi,100,4,193,4,0.6931471805579453,2,4,0.5,98,15
v2_erdos_renyi_baseline_s14,v2,erdos_renyi_baseline,14,erdos_renyi,100,4,194,0,0.0,0,0,,9,9
v2_erdos_renyi_baseline_s14,v2,erdos_renyi_baseline,14,erdos_renyi,100,4,195,10,1.3862943611158909,4,10,0.4,11,15
v2_erdos_renyi_baseline_s14,v2,erdos_renyi_baseline,14,erdos_renyi,100,4,196,50,2.902002313186603,22,50,0.44,54,93
v2_erdos_renyi_baseline_s14,v2,erdos_renyi_baseline,14,erdos_renyi,100,4,197,81,3.550250017965948,40,81,0.49382716049382713,62,31
v2_erdos_renyi_baseline_s14,v2,erdos_renyi_baseline,14,erdos_renyi,100,4,198,370,4.643696100288663,151,370,0.4081081081081081,49,93
v2_erdos_renyi_baseline_s14,v2,erdos_renyi_baseline,14,erdos_renyi,100,4,199,36,2.1458417525857545,11,36,0.3055555555555556,57,93
v2_erdos_renyi_baseline_s14,v2,erdos_renyi_baseline,14,erdos_renyi,100,4,200,12,1.3862943611158909,4,12,0.3333333333333333,96,31
v2_erdos_renyi_baseline_s14,v2,erdos_renyi_baseline,14,erdos_renyi,100,4,201,196,4.191411159950896,80,196,0.40816326530612246,55,93
v2_erdos_renyi_baseline_s14,v2,erdos_renyi_baseline,14,erdos_renyi,100,4,202,107,3.259569334404236,37,107,0.34579439252336447,21,93
v2_erdos_renyi_baseline_s14,v2,erdos_renyi_baseline,14,erdos_renyi,100,4,203,12,1.791759469222055,6,12,0.5,45,9
v2_erdos_renyi_baseline_s14,v2,erdos_renyi_baseline,14,erdos_renyi,100,4,204,53,2.7144523517264965,21,53,0.39622641509433965,22,53
v2_erdos_renyi_baseline_s14,v2,erdos_renyi_baseline,14,erdos_renyi,100,4,205,180,4.0651187604263885,74,180,0.4111111111111111,69,15
v2_erdos_renyi_baseline_s14,v2,erdos_renyi_baseline,14,erdos_renyi,100,4,206,3,1.0986122886651095,3,3,1.0,75,53
v2_erdos_renyi_baseline_s14,v2,erdos_renyi_baseline,14,erdos_renyi,100,4,207,28,2.197224577327219,9,28,0.32142857142857145,5,93
v2_erdos_renyi_baseline_s14,v2,erdos_renyi_baseline,14,erdos_renyi,100,4,208,10000,-1.000088900581841e-12,3756,10000,0.3756,35,35
v2_erdos_renyi_baseline_s14,v2,erdos_renyi_baseline,14,erdos_renyi,100,4,209,115,3.638648592450092,42,115,0.3652173913043478,78,15
v2_erdos_renyi_baseline_s14,v2,erdos_renyi_baseline,14,erdos_renyi,100,4,210,64,3.098139496330803,26,64,0.40625,29,53
v2_erdos_renyi_baseline_s14,v2,erdos_renyi_baseline,14,erdos_renyi,100,4,211,119,3.4126078214295386,46,119,0.3865546218487395,32,93
v2_erdos_renyi_baseline_s14,v2,erdos_renyi_baseline,14,erdos_renyi,100,4,212,119,3.5951494937275497,44,119,0.3697478991596639,49,15
v2_erdos_renyi_baseline_s14,v2,erdos_renyi_baseline,14,erdos_renyi,100,4,213,241,4.303583407197623,100,241,0.4149377593360996,12,53
v2_erdos_renyi_baseline_s14,v2,erdos_renyi_baseline,14,erdos_renyi,100,4,214,54,2.871476118036867,19,54,0.35185185185185186,19,93
v2_erdos_renyi_baseline_s14,v2,erdos_renyi_baseline,14,erdos_renyi,100,4,215,126,3.6322425006666657,43,126,0.3412698412698413,72,53
v2_erdos_renyi_baseline_s14,v2,erdos_renyi_baseline,14,erdos_renyi,100,4,216,84,3.169394313516978,34,84,0.40476190476190477,98,9
v2_erdos_renyi_baseline_s14,v2,erdos_renyi_baseline,14,erdos_renyi,100,4,217,0,0.0,0,0,,53,53
v2_erdos_renyi_baseline_s14,v2,erdos_renyi_baseline,14,erdos_renyi,100,4,218,41,2.484906649776,12,41,0.2926829268292683,76,15
v2_erdos_renyi_baseline_s14,v2,erdos_renyi_baseline,14,erdos_renyi,100,4,219,192,4.157272694230307,82,192,0.4270833333333333,66,9
v2_erdos_renyi_baseline_s14,v2,erdos_renyi_baseline,14,erdos_renyi,100,4,220,265,4.45031953896974,111,265,0.4188679245283019,65,53
v2_erdos_renyi_baseline_s14,v2,erdos_renyi_baseline,14,erdos_renyi,100,4,221,124,3.690215907606963,50,124,0.4032258064516129,26,53
v2_erdos_renyi_baseline_s14,v2,erdos_renyi_baseline,14,erdos_renyi,100,4,222,40,1.8891591637470213,9,40,0.225,0,53
v2_erdos_renyi_baseline_s14,v2,erdos_renyi_baseline,14,erdos_renyi,100,4,223,113,3.6375861596883854,38,113,0.336283185840708,76,9
v2_erdos_renyi_baseline_s14,v2,erdos_renyi_baseline,14,erdos_renyi,100,4,224,234,4.247891312044991,101,234,0.43162393162393164,17,15
v2_erdos_renyi_baseline_s14,v2,erdos_renyi_baseline,14,erdos_renyi,100,4,225,53,3.044522437702424,21,53,0.39622641509433965,16,9
v2_erdos_renyi_baseline_s14,v2,erdos_renyi_baseline,14,erdos_renyi,100,4,226,12,2.197224577327219,9,12,0.75,62,53
v2_erdos_renyi_baseline_s14,v2,erdos_renyi_baseline,14,erdos_renyi,100,4,227,65,3.1865891168464264,33,65,0.5076923076923077,39,15
v2_erdos_renyi_baseline_s14,v2,erdos_renyi_baseline,14,erdos_renyi,100,4,228,2,-1.000088900581841e-12,1,2,0.5,75,53
v2_erdos_renyi_baseline_s14,v2,erdos_renyi_baseline,14,erdos_renyi,100,4,229,411,4.293043279054736,158,411,0.3844282238442822,51,53
v2_erdos_renyi_baseline_s14,v2,erdos_renyi_baseline,14,erdos_renyi,100,4,230,13,1.3862943611158909,4,13,0.3076923076923077,33,53
v2_erdos_renyi_baseline_s14,v2,erdos_renyi_baseline,14,erdos_renyi,100,4,231,2,0.6931471805579453,2,2,1.0,39,15
v2_erdos_renyi_baseline_s14,v2,erdos_renyi_baseline,14,erdos_renyi,100,4,232,209,4.172929140058261,74,209,0.35406698564593303,13,15
v2_erdos_renyi_baseline_s14,v2,erdos_renyi_baseline,14,erdos_renyi,100,4,233,71,3.2238860684653137,29,71,0.4084507042253521,81,53
v2_erdos_renyi_baseline_s14,v2,erdos_renyi_baseline,14,erdos_renyi,100,4,234,185,4.174851160312162,84,185,0.4540540540540541,37,93
v2_erdos_renyi_baseline_s14,v2,erdos_renyi_baseline,14,erdos_renyi,100,4,235,118,3.464125513704362,41,118,0.3474576271186441,11,15
v2_erdos_renyi_baseline_s14,v2,erdos_renyi_baseline,14,erdos_renyi,100,4,236,318,4.327329474666069,128,318,0.4025157232704403,68,53
v2_erdos_renyi_baseline_s14,v2,erdos_renyi_baseline,14,erdos_renyi,100,4,237,196,3.9376627749305553,69,196,0.3520408163265306,0,9
v2_erdos_renyi_baseline_s14,v2,erdos_renyi_baseline,14,erdos_renyi,100,4,238,129,3.9457674529661193,57,129,0.4418604651162791,23,93
v2_erdos_renyi_baseline_s14,v2,erdos_renyi_baseline,14,erdos_renyi,100,4,239,48,2.725550395815721,19,48,0.3958333333333333,75,31
v2_erdos_renyi_baseline_s14,v2,erdos_renyi_baseline,14,erdos_renyi,100,4,240,15,1.6094379124291005,5,15,0.3333333333333333,36,93
v2_erdos_renyi_baseline_s14,v2,erdos_renyi_baseline,14,erdos_renyi,100,4,241,46,3.062529300232621,24,46,0.5217391304347826,61,53
v2_erdos_renyi_baseline_s14,v2,erdos_renyi_baseline,14,erdos_renyi,100,4,242,77,3.335770806415738,32,77,0.4155844155844156,64,15
v2_erdos_renyi_baseline_s14,v2,erdos_renyi_baseline,14,erdos_renyi,100,4,243,15,1.9459101490483133,7,15,0.4666666666666667,37,53
v2_erdos_renyi_baseline_s14,v2,erdos_renyi_baseline,14,erdos_renyi,100,4,244,178,4.134620165178781,72,178,0.4044943820224719,21,53
v2_erdos_renyi_baseline_s14,v2,erdos_renyi_baseline,14,erdos_renyi,100,4,245,186,4.102960294018254,77,186,0.41397849462365593,10,93
v2_erdos_renyi_baseline_s14,v2,erdos_renyi_baseline,14,erdos_renyi,100,4,246,62,3.271689322296034,29,62,0.46774193548387094,30,9
v2_erdos_renyi_baseline_s14,v2,erdos_renyi_baseline,14,erdos_renyi,100,4,247,30,2.3516733018936304,13,30,0.43333333333333335,0,15
v2_erdos_renyi_baseline_s14,v2,erdos_renyi_baseline,14,erdos_renyi,100,4,248,22,2.5649493574485365,13,22,0.5909090909090909,72,15
v2_erdos_renyi_baseline_s14,v2,erdos_renyi_baseline,14,erdos_renyi,100,4,249,2,0.6931471805579453,2,2,1.0,90,93
v2_erdos_renyi_baseline_s14,v2,erdos_renyi_baseline,14,erdos_renyi,100,4,250,140,3.766340985049246,57,140,0.40714285714285714,77,53
v2_erdos_renyi_baseline_s14,v2,erdos_renyi_baseline,14,erdos_renyi,100,4,251,98,3.564623298578812,38,98,0.3877551020408163,63,93
v2_erdos_renyi_baseline_s14,v2,erdos_renyi_baseline,14,erdos_renyi,100,4,252,361,4.6476829674212095,143,361,0.3961218836565097,34,9
v2_erdos_renyi_baseline_s14,v2,erdos_renyi_baseline,14,erdos_renyi,100,4,253,1,-1.000088900581841e-12,1,1,1.0,60,93
v2_erdos_renyi_baseline_s14,v2,erdos_renyi_baseline,14,erdos_renyi,100,4,254,5,0.6931471805579453,2,5,0.4,89,53
v2_erdos_renyi_baseline_s14,v2,erdos_renyi_baseline,14,erdos_renyi,100,4,255,125,3.773393569271156,50,125,0.4,73,9
v2_erdos_renyi_baseline_s14,v2,erdos_renyi_baseline,14,erdos_renyi,100,4,256,438,4.720706805392733,186,438,0.4246575342465753,83,53
v2_erdos_renyi_baseline_s14,v2,erdos_renyi_baseline,14,erdos_renyi,100,4,257,50,2.9444389791474395,19,50,0.38,86,53
v2_erdos_renyi_baseline_s14,v2,erdos_renyi_baseline,14,erdos_renyi,100,4,258,291,4.5067922226254495,115,291,0.3951890034364261,94,31
v2_erdos_renyi_baseline_s14,v2,erdos_renyi_baseline,14,erdos_renyi,100,4,259,9,1.3862943611158909,4,9,0.4444444444444444,65,31
v2_erdos_renyi_baseline_s14,v2,erdos_renyi_baseline,14,erdos_renyi,100,4,260,17,2.197224577327219,9,17,0.5294117647058824,71,15
v2_erdos_renyi_baseline_s14,v2,erdos_renyi_baseline,14,erdos_renyi,100,4,261,172,3.669691697218691,66,172,0.38372093023255816,81,15
v2_erdos_renyi_baseline_s14,v2,erdos_renyi_baseline,14,erdos_renyi,100,4,262,94,3.455179006914453,38,94,0.40425531914893614,12,15
v2_erdos_renyi_baseline_s14,v2,erdos_renyi_baseline,14,erdos_renyi,100,4,263,222,4.130085472164505,76,222,0.34234234234234234,79,53
v2_erdos_renyi_baseline_s14,v2,erdos_renyi_baseline,14,erdos_renyi,100,4,264,27,2.1639556568730565,10,27,0.37037037037037035,91,93
v2_erdos_renyi_baseline_s14,v2,erdos_renyi_baseline,14,erdos_renyi,100,4,265,214,4.26578175577885,84,214,0.3925233644859813,14,15
v2_erdos_renyi_baseline_s14,v2,erdos_renyi_baseline,14,erdos_renyi,100,4,266,21,2.079441541671836,8,21,0.38095238095238093,95,31
v2_erdos_renyi_baseline_s14,v2,erdos_renyi_baseline,14,erdos_renyi,100,4,267,13,0.6931471805579453,2,13,0.15384615384615385,37,93
v2_erdos_renyi_baseline_s14,v2,erdos_renyi_baseline,14,erdos_renyi,100,4,268,398,4.59724208421097,155,398,0.38944723618090454,92,93
v2_erdos_renyi_baseline_s14,v2,erdos_renyi_baseline,14,erdos_renyi,100,4,269,31,1.6094379124291005,5,31,0.16129032258064516,60,93
v2_erdos_renyi_baseline_s14,v2,erdos_renyi_baseline,14,erdos_renyi,100,4,270,27,2.4583113296710835,13,27,0.48148148148148145,57,31
v2_erdos_renyi_baseline_s14,v2,erdos_renyi_baseline,14,erdos_renyi,100,4,271,232,4.211966376977578,93,232,0.40086206896551724,37,15
v2_erdos_renyi_baseline_s14,v2,erdos_renyi_baseline,14,erdos_renyi,100,4,272,149,3.9659392032907057,61,149,0.40939597315436244,38,9
v2_erdos_renyi_baseline_s14,v2,erdos_renyi_baseline,14,erdos_renyi,100,4,273,148,3.833703685298017,59,148,0.39864864864864863,14,9
v2_erdos_renyi_baseline_s14,v2,erdos_renyi_baseline,14,erdos_renyi,100,4,274,14,1.3321790402061222,5,14,0.35714285714285715,23,93
v2_erdos_renyi_baseline_s14,v2,erdos_renyi_baseline,14,erdos_renyi,100,4,275,49,3.062529300232621,24,49,0.4897959183673469,61,53
v2_erdos_renyi_baseline_s14,v2,erdos_renyi_baseline,14,erdos_renyi,100,4,276,10000,-1.000088900581841e-12,3719,10000,0.3719,35,35
v2_erdos_renyi_baseline_s14,v2,erdos_renyi_baseline,14,erdos_renyi,100,4,277,65,3.163424050399405,25,65,0.38461538461538464,85,15
v2_erdos_renyi_baseline_s14,v2,erdos_renyi_baseline,14,erdos_renyi,100,4,278,72,2.787876228069594,24,72,0.3333333333333333,88,53
v2_erdos_renyi_baseline_s14,v2,erdos_renyi_baseline,14,erdos_renyi,100,4,279,161,3.700129372497191,63,161,0.391304347826087,99,15
v2_erdos_renyi_baseline_s14,v2,erdos_renyi_baseline,14,erdos_renyi,100,4,280,144,3.86566592398464,53,144,0.3680555555555556,76,15
v2_erdos_renyi_baseline_s14,v2,erdos_renyi_baseline,14,erdos_renyi,100,4,281,91,3.467994408329786,36,91,0.3956043956043956,26,15
v2_erdos_renyi_baseline_s14,v2,erdos_renyi_baseline,14,erdos_renyi,100,4,282,11,1.3862943611158909,4,11,0.36363636363636365,37,93
v2_erdos_renyi_baseline_s14,v2,erdos_renyi_baseline,14,erdos_renyi,100,4,283,0,0.0,0,0,,53,53
v2_erdos_renyi_baseline_s14,v2,erdos_renyi_baseline,14,erdos_renyi,100,4,284,19,1.8866967846510787,10,19,0.5263157894736842,1,53
v2_erdos_renyi_baseline_s14,v2,erdos_renyi_baseline,14,erdos_renyi,100,4,285,22,2.484906649776,12,22,0.5454545454545454,38,53
v2_erdos_renyi_baseline_s14,v2,erdos_renyi_baseline,14,erdos_renyi,100,4,286,54,3.080476306973153,29,54,0.5370370370370371,74,31
v2_erdos_renyi_baseline_s14,v2,erdos_renyi_baseline,14,erdos_renyi,100,4,287,130,3.844605690754975,52,130,0.4,98,31
v2_erdos_renyi_baseline_s14,v2,erdos_renyi_baseline,14,erdos_renyi,100,4,288,35,2.523210952939891,15,35,0.42857142857142855,4,15
v2_erdos_renyi_baseline_s14,v2,erdos_renyi_baseline,14,erdos_renyi,100,4,289,0,0.0,0,0,,9,9
v2_erdos_renyi_baseline_s14,v2,erdos_renyi_baseline,14,erdos_renyi,100,4,290,111,3.183922421639312,35,111,0.3153153153153153,90,53
v2_erdos_renyi_baseline_s14,v2,erdos_renyi_baseline,14,erdos_renyi,100,4,291,67,3.204777524107256,26,67,0.3880597014925373,13,93
v2_erdos_renyi_baseline_s14,v2,erdos_renyi_baseline,14,erdos_renyi,100,4,292,189,4.084125235465183,72,189,0.38095238095238093,7,93
v2_erdos_renyi_baseline_s14,v2,erdos_renyi_baseline,14,erdos_renyi,100,4,293,202,4.109865805874369,70,202,0.3465346534653465,39,15
v2_erdos_renyi_baseline_s14,v2,erdos_renyi_baseline,14,erdos_renyi,100,4,294,150,3.978820032073776,60,150,0.4,51,31
v2_erdos_renyi_baseline_s14,v2,erdos_renyi_baseline,14,erdos_renyi,100,4,295,25,2.302585092984045,10,25,0.4,6,15
v2_erdos_renyi_baseline_s14,v2,erdos_renyi_baseline,14,erdos_renyi,100,4,296,15,1.791759469222055,6,15,0.4,50,15
v2_erdos_renyi_baseline_s14,v2,erdos_renyi_baseline,14,erdos_renyi,100,4,297,56,2.751666616915516,17,56,0.30357142857142855,22,9
v2_erdos_renyi_baseline_s14,v2,erdos_renyi_baseline,14,erdos_renyi,100,4,298,55,3.062529300232621,24,55,0.43636363636363634,22,15
v2_erdos_renyi_baseline_s14,v2,erdos_renyi_baseline,14,erdos_renyi,100,4,299,145,3.596573283066479,50,145,0.3448275862068966,26,31
v2_erdos_renyi_baseline_s14,v2,erdos_renyi_baseline,14,erdos_renyi,100,4,300,27,2.3978952727873706,11,27,0.4074074074074074,18,15
v2_erdos_renyi_baseline_s14,v2,erdos_renyi_baseline,14,erdos_renyi,100,4,301,347,4.447427142235676,147,347,0.42363112391930835,60,93
v2_erdos_renyi_baseline_s14,v2,erdos_renyi_baseline,14,erdos_renyi,100,4,302,38,3.044522437702424,21,38,0.5526315789473685,26,53
v2_erdos_renyi_baseline_s14,v2,erdos_renyi_baseline,14,erdos_renyi,100,4,303,63,3.2958368659773285,27,63,0.42857142857142855,64,15
v2_erdos_renyi_baseline_s14,v2,erdos_renyi_baseline,14,erdos_renyi,100,4,304,54,3.0280290732864104,22,54,0.4074074074074074,68,53
v2_erdos_renyi_baseline_s14,v2,erdos_renyi_baseline,14,erdos_renyi,100,4,305,18,1.791759469222055,6,18,0.3333333333333333,63,53
v2_erdos_renyi_baseline_s14,v2,erdos_renyi_baseline,14,erdos_renyi,100,4,306,278,4.529470341814704,114,278,0.41007194244604317,96,53
v2_erdos_renyi_baseline_s14,v2,erdos_renyi_baseline,14,erdos_renyi,100,4,307,1,-1.000088900581841e-12,1,1,1.0,4,53
v2_erdos_renyi_baseline_s14,v2,erdos_renyi_baseline,14,erdos_renyi,100,4,308,10000,-1.000088900581841e-12,3688,10000,0.3688,47,47
v2_erdos_renyi_baseline_s14,v2,erdos_renyi_baseline,14,erdos_renyi,100,4,309,287,4.243594879237906,98,287,0.34146341463414637,64,53
v2_erdos_renyi_baseline_s14,v2,erdos_renyi_baseline,14,erdos_renyi,100,4,310,187,4.079582730587152,71,187,0.37967914438502676,50,15
v2_erdos_renyi_baseline_s14,v2,erdos_renyi_baseline,14,erdos_renyi,100,4,311,70,3.120291565278284,24,70,0.34285714285714286,50,53
v2_erdos_renyi_baseline_s14,v2,erdos_renyi_baseline,14,erdos_renyi,100,4,312,69,2.9977665653586163,28,69,0.4057971014492754,66,93
v2_erdos_renyi_baseline_s14,v2,erdos_renyi_baseline,14,erdos_renyi,100,4,313,45,2.8332133440392155,17,45,0.37777777777777777,27,53
v2_erdos_renyi_baseline_s14,v2,erdos_renyi_baseline,14,erdos_renyi,100,4,314,101,3.464125513704362,41,101,0.40594059405940597,32,53
v2_erdos_renyi_baseline_s14,v2,erdos_renyi_baseline,14,erdos_renyi,100,4,315,227,4.340649556548363,97,227,0.42731277533039647,26,53
v2_erdos_renyi_baseline_s14,v2,erdos_renyi_baseline,14,erdos_renyi,100,4,316,30,2.1458417525857545,11,30,0.36666666666666664,28,93
v2_erdos_renyi_baseline_s14,v2,erdos_renyi_baseline,14,erdos_renyi,100,4,317,50,3.0910424533363146,22,50,0.44,99,53
v2_erdos_renyi_baseline_s14,v2,erdos_renyi_baseline,14,erdos_renyi,100,4,318,47,2.772588722223781,16,47,0.3404255319148936,11,15
v2_erdos_renyi_baseline_s14,v2,erdos_renyi_baseline,14,erdos_renyi,100,4,319,101,3.689669563800905,44,101,0.43564356435643564,25,15
v2_erdos_renyi_baseline_s14,v2,erdos_renyi_baseline,14,erdos_renyi,100,4,320,75,2.947004770141297,24,75,0.32,73,53
v2_erdos_renyi_baseline_s14,v2,erdos_renyi_baseline,14,erdos_renyi,100,4,321,6,0.6931471805579453,2,6,0.3333333333333333,11,31
v2_erdos_renyi_baseline_s14,v2,erdos_renyi_baseline,14,erdos_renyi,100,4,322,89,3.4544986414005443,33,89,0.3707865168539326,7,93
v2_erdos_renyi_baseline_s14,v2,erdos_renyi_baseline,14,erdos_renyi,100,4,323,32,2.540036303807981,14,32,0.4375,96,31
v2_erdos_renyi_baseline_s14,v2,erdos_renyi_baseline,14,erdos_renyi,100,4,324,298,4.347213796077243,107,298,0.35906040268456374,23,15
v2_erdos_renyi_baseline_s14,v2,erdos_renyi_baseline,14,erdos_renyi,100,4,325,54,3.0047670351869598,24,54,0.4444444444444444,82,93
v2_erdos_renyi_baseline_s14,v2,erdos_renyi_baseline,14,erdos_renyi,100,4,326,143,3.881306425080663,55,143,0.38461538461538464,75,15
v2_erdos_renyi_baseline_s14,v2,erdos_renyi_baseline,14,erdos_renyi,100,4,327,99,3.2235308319550224,35,99,0.35353535353535354,88,15
v2_erdos_renyi_baseline_s14,v2,erdos_renyi_baseline,14,erdos_renyi,100,4,328,5,-1.000088900581841e-12,1,5,0.2,60,93
v2_erdos_renyi_baseline_s14,v2,erdos_renyi_baseline,14,erdos_renyi,100,4,329,20,1.791759469222055,6,20,0.3,81,9
v2_erdos_renyi_baseline_s14,v2,erdos_renyi_baseline,14,erdos_renyi,100,4,330,51,2.8332133440392155,17,51,0.3333333333333333,68,93
v2_erdos_renyi_baseline_s14,v2,erdos_renyi_baseline,14,erdos_renyi,100,4,331,147,3.970088406668977,57,147,0.3877551020408163,1,15
v2_erdos_renyi_baseline_s14,v2,erdos_renyi_baseline,14,erdos_renyi,100,4,332,183,4.163767193069815,77,183,0.4207650273224044,33,53
v2_erdos_renyi_baseline_s14,v2,erdos_renyi_baseline,14,erdos_renyi,100,4,333,0,0.0,0,0,,93,93
v2_erdos_renyi_baseline_s14,v2,erdos_renyi_baseline,14,erdos_renyi,100,4,334,88,3.498515667114017,37,88,0.42045454545454547,20,53
v2_erdos_renyi_baseline_s14,v2,erdos_renyi_baseline,14,erdos_renyi,100,4,335,49,2.0253262207620675,10,49,0.20408163265306123,21,31
v2_erdos_renyi_baseline_s14,v2,erdos_renyi_baseline,14,erdos_renyi,100,4,336,82,3.5157396511377024,35,82,0.4268292682926829,6,93
v2_erdos_renyi_baseline_s14,v2,erdos_renyi_baseline,14,erdos_renyi,100,4,337,235,4.307922017364327,99,235,0.42127659574468085,54,93
v2_erdos_renyi_baseline_s14,v2,erdos_renyi_baseline,14,erdos_renyi,100,4,338,63,2.9957322735339904,20,63,0.31746031746031744,39,53
v2_erdos_renyi_baseline_s14,v2,erdos_renyi_baseline,14,erdos_renyi,100,4,339,52,2.9650156932365066,22,52,0.4230769230769231,82,9
v2_erdos_renyi_baseline_s14,v2,erdos_renyi_baseline,14,erdos_renyi,100,4,340,109,3.607905377700873,43,109,0.3944954128440367,37,93
v2_erdos_renyi_baseline_s14,v2,erdos_renyi_baseline,14,erdos_renyi,100,4,341,130,3.452890416173175,50,130,0.38461538461538464,76,53
v2_erdos_renyi_baseline_s14,v2,erdos_renyi_baseline,14,erdos_renyi,100,4,342,68,3.238231540321239,31,68,0.45588235294117646,81,15
v2_erdos_renyi_baseline_s14,v2,erdos_renyi_baseline,14,erdos_renyi,100,4,343,225,4.240717645869638,87,225,0.38666666666666666,97,15
v2_erdos_renyi_baseline_s14,v2,erdos_renyi_baseline,14,erdos_renyi,100,4,344,611,5.056150920072746,261,611,0.42716857610474634,46,15
v2_erdos_renyi_baseline_s14,v2,erdos_renyi_baseline,14,erdos_renyi,100,4,345,5,0.6931471805579453,2,5,0.4,32,53
v2_erdos_renyi_baseline_s14,v2,erdos_renyi_baseline,14,erdos_renyi,100,4,346,16,1.9459101490483133,7,16,0.4375,8,15
v2_erdos_renyi_baseline_s14,v2,erdos_renyi_baseline,14,erdos_renyi,100,4,347,265,4.411424497247001,113,265,0.42641509433962266,11,53
v2_erdos_renyi_baseline_s14,v2,erdos_renyi_baseline,14,erdos_renyi,100,4,348,212,4.218318044864343,85,212,0.4009433962264151,57,15
v2_erdos_renyi_baseline_s14,v2,erdos_renyi_baseline,14,erdos_renyi,100,4,349,0,0.0,0,0,,15,15
v2_erdos_renyi_baseline_s14,v2,erdos_renyi_baseline,14,erdos_renyi,100,4,350,38,2.751666616915516,17,38,0.4473684210526316,99,93
v2_erdos_renyi_baseline_s14,v2,erdos_renyi_baseline,14,erdos_renyi,100,4,351,135,3.951790904646536,61,135,0.45185185185185184,8,15
v2_erdos_renyi_baseline_s14,v2,erdos_renyi_baseline,14,erdos_renyi,100,4,352,20,1.6094379124291005,5,20,0.25,89,31
v2_erdos_renyi_baseline_s14,v2,erdos_renyi_baseline,14,erdos_renyi,100,4,353,85,3.3071040554882205,34,85,0.4,3,15
v2_erdos_renyi_baseline_s14,v2,erdos_renyi_baseline,14,erdos_renyi,100,4,354,40,2.772588722223781,16,40,0.4,19,93
v2_erdos_renyi_baseline_s14,v2,erdos_renyi_baseline,14,erdos_renyi,100,4,355,151,3.856101073061301,55,151,0.36423841059602646,29,31
v2_erdos_renyi_baseline_s14,v2,erdos_renyi_baseline,14,erdos_renyi,100,4,356,184,3.837315912950636,77,184,0.41847826086956524,97,31
v2_erdos_renyi_baseline_s14,v2,erdos_renyi_baseline,14,erdos_renyi,100,4,357,1,-1.000088900581841e-12,1,1,1.0,7,15
v2_erdos_renyi_baseline_s14,v2,erdos_renyi_baseline,14,erdos_renyi,100,4,358,0,0.0,0,0,,15,15
v2_erdos_renyi_baseline_s14,v2,erdos_renyi_baseline,14,erdos_renyi,100,4,359,198,4.10117845227176,78,198,0.3939393939393939,22,9
v2_erdos_renyi_baseline_s14,v2,erdos_renyi_baseline,14,erdos_renyi,100,4,360,145,3.823096663177728,51,145,0.35172413793103446,19,15
v2_erdos_renyi_baseline_s14,v2,erdos_renyi_baseline,14,erdos_renyi,100,4,361,46,2.926417555478996,20,46,0.43478260869565216,33,31
v2_erdos_renyi_baseline_s14,v2,erdos_renyi_baseline,14,erdos_renyi,100,4,362,196,4.176152504961861,81,196,0.413265306122449,54,9
v2_erdos_renyi_baseline_s14,v2,erdos_renyi_baseline,14,erdos_renyi,100,4,363,11,1.0986122886651095,3,11,0.2727272727272727,18,15
v2_erdos_renyi_baseline_s14,v2,erdos_renyi_baseline,14,erdos_renyi,100,4,364,323,4.46323081533596,124,323,0.38390092879256965,34,15
v2_erdos_renyi_baseline_s14,v2,erdos_renyi_baseline,14,erdos_renyi,100,4,365,62,3.1836729714587872,28,62,0.45161290322580644,10,93
v2_erdos_renyi_baseline_s14,v2,erdos_renyi_baseline,14,erdos_renyi,100,4,366,52,2.9785084205072385,21,52,0.40384615384615385,61,53
v2_erdos_renyi_baseline_s14,v2,erdos_renyi_baseline,14,erdos_renyi,100,4,367,181,4.145528240825339,71,181,0.39226519337016574,89,93
v2_erdos_renyi_baseline_s14,v2,erdos_renyi_baseline,14,erdos_renyi,100,4,368,98,3.1418041591892294,27,98,0.2755102040816326,39,31
v2_erdos_renyi_baseline_s14,v2,erdos_renyi_baseline,14,erdos_renyi,100,4,369,19,2.302585092984045,10,19,0.5263157894736842,88,31
v2_erdos_renyi_baseline_s14,v2,erdos_renyi_baseline,14,erdos_renyi,100,4,370,193,4.328485838437734,85,193,0.44041450777202074,13,93
v2_erdos_renyi_baseline_s14,v2,erdos_renyi_baseline,14,erdos_renyi,100,4,371,82,3.173102701078464,32,82,0.3902439024390244,42,53
v2_erdos_renyi_baseline_s14,v2,erdos_renyi_baseline,14,erdos_renyi,100,4,372,197,4.161001276843785,80,197,0.40609137055837563,16,53
v2_erdos_renyi_baseline_s14,v2,erdos_renyi_baseline,14,erdos_renyi,100,4,373,137,3.881306425080663,55,137,0.40145985401459855,30,93
v2_erdos_renyi_baseline_s14,v2,erdos_renyi_baseline,14,erdos_renyi,100,4,374,0,0.0,0,0,,53,53
v2_erdos_renyi_baseline_s14,v2,erdos_renyi_baseline,14,erdos_renyi,100,4,375,43,2.639057329601259,14,43,0.32558139534883723,21,93
v2_erdos_renyi_baseline_s14,v2,erdos_renyi_baseline,14,erdos_renyi,100,4,376,3,0.6931471805579453,2,3,0.6666666666666666,4,53
v2_erdos_renyi_baseline_s14,v2,erdos_renyi_baseline,14,erdos_renyi,100,4,377,24,2.0253262207620675,10,24,0.4166666666666667,89,53
v2_erdos_renyi_baseline_s14,v2,erdos_renyi_baseline,14,erdos_renyi,100,4,378,235,4.238716457606775,97,235,0.4127659574468085,20,9
v2_erdos_renyi_baseline_s14,v2,erdos_renyi_baseline,14,erdos_renyi,100,4,379,68,3.2491274088477446,32,68,0.47058823529411764,46,93
v2_erdos_renyi_baseline_s14,v2,erdos_renyi_baseline,14,erdos_renyi,100,4,380,198,4.164576800582742,84,198,0.42424242424242425,27,31
v2_erdos_renyi_baseline_s14,v2,erdos_renyi_baseline,14,erdos_renyi,100,4,381,9,0.6931471805579453,2,9,0.2222222222222222,78,53
v2_erdos_renyi_baseline_s14,v2,erdos_renyi_baseline,14,erdos_renyi,100,4,382,386,4.560625300075532,150,386,0.38860103626943004,17,93
v2_erdos_renyi_baseline_s14,v2,erdos_renyi_baseline,14,erdos_renyi,100,4,383,0,0.0,0,0,,9,9
v2_erdos_renyi_baseline_s14,v2,erdos_renyi_baseline,14,erdos_renyi,100,4,384,33,2.302585092984045,10,33,0.30303030303030304,87,53
v2_erdos_renyi_baseline_s14,v2,erdos_renyi_baseline,14,erdos_renyi,100,4,385,9,1.3862943611158909,4,9,0.4444444444444444,46,15
v2_erdos_renyi_baseline_s14,v2,erdos_renyi_baseline,14,erdos_renyi,100,4,386,175,4.076857900135119,72,175,0.4114285714285714,66,53
v2_erdos_renyi_baseline_s14,v2,erdos_renyi_baseline,14,erdos_renyi,100,4,387,128,3.997243178779615,61,128,0.4765625,19,15
v2_erdos_renyi_baseline_s14,v2,erdos_renyi_baseline,14,erdos_renyi,100,4,388,145,4.010664300021868,67,145,0.46206896551724136,23,93
v2_erdos_renyi_baseline_s14,v2,erdos_renyi_baseline,14,erdos_renyi,100,4,389,51,2.7985132569262934,19,51,0.37254901960784315,0,31
v2_erdos_renyi_baseline_s14,v2,erdos_renyi_baseline,14,erdos_renyi,100,4,390,185,3.687685843781815,67,185,0.3621621621621622,77,53
v2_erdos_renyi_baseline_s14,v2,erdos_renyi_baseline,14,erdos_renyi,100,4,391,164,3.6846805432528615,67,164,0.40853658536585363,78,31
v2_erdos_renyi_baseline_s14,v2,erdos_renyi_baseline,14,erdos_renyi,100,4,392,22,2.0431918705371204,9,22,0.4090909090909091,23,93
v2_erdos_renyi_baseline_s14,v2,erdos_renyi_baseline,14,erdos_renyi,100,4,393,32,2.369382119683676,12,32,0.375,26,9
v2_erdos_renyi_baseline_s14,v2,erdos_renyi_baseline,14,erdos_renyi,100,4,394,121,3.828845343713952,50,121,0.4132231404958678,95,53
v2_erdos_renyi_baseline_s14,v2,erdos_renyi_baseline,14,erdos_renyi,100,4,395,12,1.9459101490483133,7,12,0.5833333333333334,72,93
v2_erdos_renyi_baseline_s14,v2,erdos_renyi_baseline,14,erdos_renyi,100,4,396,197,4.109015238304789,80,197,0.40609137055837563,28,53
v2_erdos_renyi_baseline_s14,v2,erdos_renyi_baseline,14,erdos_renyi,100,4,397,23,2.197224577327219,9,23,0.391304347826087,2,15
v2_erdos_renyi_baseline_s14,v2,erdos_renyi_baseline,14,erdos_renyi,100,4,398,8,1.6094379124291005,5,8,0.625,94,31
v2_erdos_renyi_baseline_s14,v2,erdos_renyi_baseline,14,erdos_renyi,100,4,399,243,4.237666669882536,100,243,0.411522633744856,81,15
v2_erdos_renyi_baseline_s14,v2,erdos_renyi_baseline,14,erdos_renyi,100,4,400,13,2.197224577327219,9,13,0.6923076923076923,13,15
v2_erdos_renyi_baseline_s14,v2,erdos_renyi_baseline,14,erdos_renyi,100,4,401,128,3.6858417557163294,55,128,0.4296875,33,93
v2_erdos_renyi_baseline_s14,v2,erdos_renyi_baseline,14,erdos_renyi,100,4,402,96,2.858391769948363,39,96,0.40625,56,53
v2_erdos_renyi_baseline_s14,v2,erdos_renyi_baseline,14,erdos_renyi,100,4,403,80,3.543506999244308,39,80,0.4875,74,31
v2_erdos_renyi_baseline_s14,v2,erdos_renyi_baseline,14,erdos_renyi,100,4,404,41,2.9650156932365066,22,41,0.5365853658536586,2,15
v2_erdos_renyi_baseline_s14,v2,erdos_renyi_baseline,14,erdos_renyi,100,4,405,24,2.3516733018936304,13,24,0.5416666666666666,33,53
v2_erdos_renyi_baseline_s14,v2,erdos_renyi_baseline,14,erdos_renyi,100,4,406,25,2.197224577327219,9,25,0.36,88,15
v2_erdos_renyi_baseline_s14,v2,erdos_renyi_baseline,14,erdos_renyi,100,4,407,85,3.086715272424053,33,85,0.38823529411764707,84,93
v2_erdos_renyi_baseline_s14,v2,erdos_renyi_baseline,14,erdos_renyi,100,4,408,28,2.369382119683676,12,28,0.42857142857142855,61,15
v2_erdos_renyi_baseline_s14,v2,erdos_renyi_baseline,14,erdos_renyi,100,4,409,189,3.7693804520860503,71,189,0.37566137566137564,68,93
v2_erdos_renyi_baseline_s14,v2,erdos_renyi_baseline,14,erdos_renyi,100,4,410,344,4.615129753386711,155,344,0.45058139534883723,41,53
v2_erdos_renyi_baseline_s14,v2,erdos_renyi_baseline,14,erdos_renyi,100,4,411,79,3.183672971458787,28,79,0.35443037974683544,8,31
v2_erdos_renyi_baseline_s14,v2,erdos_renyi_baseline,14,erdos_renyi,100,4,412,256,4.264833840287045,108,256,0.421875,20,93
v2_erdos_renyi_baseline_s14,v2,erdos_renyi_baseline,14,erdos_renyi,100,4,413,272,4.480343612362723,106,272,0.3897058823529412,46,15
v2_erdos_renyi_baseline_s14,v2,erdos_renyi_baseline,14,erdos_renyi,100,4,414,5,1.0986122886651095,3,5,0.6,28,93
v2_erdos_renyi_baseline_s14,v2,erdos_renyi_baseline,14,erdos_renyi,100,4,415,200,4.173387632986708,85,200,0.425,75,53
v2_erdos_renyi_baseline_s14,v2,erdos_renyi_baseline,14,erdos_renyi,100,4,416,85,3.308777757559495,30,85,0.35294117647058826,30,53
v2_erdos_renyi_baseline_s14,v2,erdos_renyi_baseline,14,erdos_renyi,100,4,417,85,3.418697576359666,38,85,0.4470588235294118,42,9
v2_erdos_renyi_baseline_s14,v2,erdos_renyi_baseline,14,erdos_renyi,100,4,418,0,0.0,0,0,,9,9
v2_erdos_renyi_baseline_s14,v2,erdos_renyi_baseline,14,erdos_renyi,100,4,419,345,4.514915311000521,136,345,0.39420289855072466,56,93
v2_erdos_renyi_baseline_s14,v2,erdos_renyi_baseline,14,erdos_renyi,100,4,420,22,2.302585092984045,10,22,0.45454545454545453,81,53
v2_erdos_renyi_baseline_s14,v2,erdos_renyi_baseline,14,erdos_renyi,100,4,421,135,3.917033248999259,58,135,0.42962962962962964,86,31
v2_erdos_renyi_baseline_s14,v2,erdos_renyi_baseline,14,erdos_renyi,100,4,422,99,3.3081015535038034,39,99,0.3939393939393939,23,53
v2_erdos_renyi_baseline_s14,v2,erdos_renyi_baseline,14,erdos_renyi,100,4,423,118,3.5875467249509847,46,118,0.3898305084745763,25,93
v2_erdos_renyi_baseline_s14,v2,erdos_renyi_baseline,14,erdos_renyi,100,4,424,63,3.328471881301735,33,63,0.5238095238095238,33,53
v2_erdos_renyi_baseline_s14,v2,erdos_renyi_baseline,14,erdos_renyi,100,4,425,48,2.7804663689216818,21,48,0.4375,1,15
v2_erdos_renyi_baseline_s14,v2,erdos_renyi_baseline,14,erdos_renyi,100,4,426,213,4.088288423661137,84,213,0.39436619718309857,51,93
v2_erdos_renyi_baseline_s14,v2,erdos_renyi_baseline,14,erdos_renyi,100,4,427,131,3.880696714486521,59,131,0.45038167938931295,98,31
v2_erdos_renyi_baseline_s14,v2,erdos_renyi_baseline,14,erdos_renyi,100,4,428,26,2.079441541671836,8,26,0.3076923076923077,14,93
v2_erdos_renyi_baseline_s14,v2,erdos_renyi_baseline,14,erdos_renyi,100,4,429,14,1.3862943611158909,4,14,0.2857142857142857,82,31
v2_erdos_renyi_baseline_s14,v2,erdos_renyi_baseline,14,erdos_renyi,100,4,430,103,3.368446457811075,38,103,0.36893203883495146,76,15
v2_erdos_renyi_baseline_s14,v2,erdos_renyi_baseline,14,erdos_renyi,100,4,431,108,3.68343632429644,45,108,0.4166666666666667,33,53
v2_erdos_renyi_baseline_s14,v2,erdos_renyi_baseline,14,erdos_renyi,100,4,432,256,4.427761380757531,103,256,0.40234375,45,53
v2_erdos_renyi_baseline_s14,v2,erdos_renyi_baseline,14,erdos_renyi,100,4,433,158,4.015336452639712,62,158,0.3924050632911392,69,9
v2_erdos_renyi_baseline_s14,v2,erdos_renyi_baseline,14,erdos_renyi,100,4,434,277,4.435029000628253,120,277,0.4332129963898917,4,93
v2_erdos_renyi_baseline_s14,v2,erdos_renyi_baseline,14,erdos_renyi,100,4,435,184,3.936787148657477,63,184,0.3423913043478261,59,53
v2_erdos_renyi_baseline_s14,v2,erdos_renyi_baseline,14,erdos_renyi,100,4,436,6,0.6931471805579453,2,6,0.3333333333333333,32,53
v2_erdos_renyi_baseline_s14,v2,erdos_renyi_baseline,14,erdos_renyi,100,4,437,50,2.772588722223781,16,50,0.32,20,53
v2_erdos_renyi_baseline_s14,v2,erdos_renyi_baseline,14,erdos_renyi,100,4,438,273,4.476721270912443,110,273,0.40293040293040294,59,53
v2_erdos_renyi_baseline_s14,v2,erdos_renyi_baseline,14,erdos_renyi,100,4,439,11,1.3862943611158909,4,11,0.36363636363636365,37,93
v2_erdos_renyi_baseline_s14,v2,erdos_renyi_baseline,14,erdos_renyi,100,4,440,414,4.66223949206884,159,414,0.38405797101449274,82,53
v2_erdos_renyi_baseline_s14,v2,erdos_renyi_baseline,14,erdos_renyi,100,4,441,88,3.312615876945234,33,88,0.375,18,15
v2_erdos_renyi_baseline_s14,v2,erdos_renyi_baseline,14,erdos_renyi,100,4,442,196,4.170805945151368,84,196,0.42857142857142855,20,53
v2_erdos_renyi_baseline_s14,v2,erdos_renyi_baseline,14,erdos_renyi,100,4,443,119,3.530754704389139,51,119,0.42857142857142855,43,53
v2_erdos_renyi_baseline_s14,v2,erdos_renyi_baseline,14,erdos_renyi,100,4,444,51,3.0752205480323718,23,51,0.45098039215686275,45,53
v2_erdos_renyi_baseline_s14,v2,erdos_renyi_baseline,14,erdos_renyi,100,4,445,95,3.368446457811075,38,95,0.4,30,53
v2_erdos_renyi_baseline_s14,v2,erdos_renyi_baseline,14,erdos_renyi,100,4,446,136,4.019969315846154,61,136,0.4485294117647059,69,53
v2_erdos_renyi_baseline_s14,v2,erdos_renyi_baseline,14,erdos_renyi,100,4,447,38,2.7080502010872096,15,38,0.39473684210526316,49,15
v2_erdos_renyi_baseline_s14,v2,erdos_renyi_baseline,14,erdos_renyi,100,4,448,119,3.839509426606019,53,119,0.44537815126050423,59,15
v2_erdos_renyi_baseline_s14,v2,erdos_renyi_baseline,14,erdos_renyi,100,4,449,10000,-1.000088900581841e-12,3670,10000,0.367,35,35
v2_erdos_renyi_baseline_s14,v2,erdos_renyi_baseline,14,erdos_renyi,100,4,450,139,3.5688473958450806,50,139,0.3597122302158273,63,53
v2_erdos_renyi_baseline_s14,v2,erdos_renyi_baseline,14,erdos_renyi,100,4,451,63,3.1418041591892294,27,63,0.42857142857142855,19,15
v2_erdos_renyi_baseline_s14,v2,erdos_renyi_baseline,14,erdos_renyi,100,4,452,30,1.0986122886651095,3,30,0.1,45,15
v2_erdos_renyi_baseline_s14,v2,erdos_renyi_baseline,14,erdos_renyi,100,4,453,10,1.3862943611158909,4,10,0.4,17,93
v2_erdos_renyi_baseline_s14,v2,erdos_renyi_baseline,14,erdos_renyi,100,4,454,22,2.1458417525857545,11,22,0.5,3,15
v2_erdos_renyi_baseline_s14,v2,erdos_renyi_baseline,14,erdos_renyi,100,4,455,4,0.6931471805579453,2,4,0.5,89,53
v2_erdos_renyi_baseline_s14,v2,erdos_renyi_baseline,14,erdos_renyi,100,4,456,18,1.9459101490483133,7,18,0.3888888888888889,4,9
v2_erdos_renyi_baseline_s14,v2,erdos_renyi_baseline,14,erdos_renyi,100,4,457,59,2.725550395815721,19,59,0.3220338983050847,22,53
v2_erdos_renyi_baseline_s14,v2,erdos_renyi_baseline,14,erdos_renyi,100,4,458,34,2.8332133440392155,17,34,0.5,54,93
v2_erdos_renyi_baseline_s14,v2,erdos_renyi_baseline,14,erdos_renyi,100,4,459,3,0.6931471805579453,2,3,0.6666666666666666,98,53
v2_erdos_renyi_baseline_s14,v2,erdos_renyi_baseline,14,erdos_renyi,100,4,460,92,3.423580836785212,37,92,0.40217391304347827,22,53
v2_erdos_renyi_baseline_s14,v2,erdos_renyi_baseline,14,erdos_renyi,100,4,461,81,3.176082814634593,29,81,0.35802469135802467,25,15
v2_erdos_renyi_baseline_s14,v2,erdos_renyi_baseline,14,erdos_renyi,100,4,462,221,4.219527917179836,80,221,0.36199095022624433,2,15
v2_erdos_renyi_baseline_s14,v2,erdos_renyi_baseline,14,erdos_renyi,100,4,463,217,3.8915599148767113,77,217,0.3548387096774194,10,93
v2_erdos_renyi_baseline_s14,v2,erdos_renyi_baseline,14,erdos_renyi,100,4,464,91,3.498515667114017,37,91,0.4065934065934066,8,93
v2_erdos_renyi_baseline_s14,v2,erdos_renyi_baseline,14,erdos_renyi,100,4,465,0,0.0,0,0,,93,93
v2_erdos_renyi_baseline_s14,v2,erdos_renyi_baseline,14,erdos_renyi,100,4,466,67,3.0846519456665087,28,67,0.417910447761194,36,53
v2_erdos_renyi_baseline_s14,v2,erdos_renyi_baseline,14,erdos_renyi,100,4,467,181,4.078161040710066,77,181,0.425414364640884,76,31
v2_erdos_renyi_baseline_s14,v2,erdos_renyi_baseline,14,erdos_renyi,100,4,468,46,2.8443053266792635,25,46,0.5434782608695652,24,53
v2_erdos_renyi_baseline_s14,v2,erdos_renyi_baseline,14,erdos_renyi,100,4,469,1,-1.000088900581841e-12,1,1,1.0,77,53
v2_erdos_renyi_baseline_s14,v2,erdos_renyi_baseline,14,erdos_renyi,100,4,470,52,2.7555497906471795,21,52,0.40384615384615385,95,53
v2_erdos_renyi_baseline_s14,v2,erdos_renyi_baseline,14,erdos_renyi,100,4,471,23,2.0253262207620675,10,23,0.43478260869565216,5,15
v2_erdos_renyi_baseline_s14,v2,erdos_renyi_baseline,14,erdos_renyi,100,4,472,72,3.0710803627130283,27,72,0.375,63,93
v2_erdos_renyi_baseline_s14,v2,erdos_renyi_baseline,14,erdos_renyi,100,4,473,264,4.456272720201032,110,264,0.4166666666666667,16,93
v2_erdos_renyi_baseline_s14,v2,erdos_renyi_baseline,14,erdos_renyi,100,4,474,0,0.0,0,0,,53,53
v2_erdos_renyi_baseline_s14,v2,erdos_renyi_baseline,14,erdos_renyi,100,4,475,24,2.079441541671836,8,24,0.3333333333333333,58,53
v2_erdos_renyi_baseline_s14,v2,erdos_renyi_baseline,14,erdos_renyi,100,4,476,537,4.750128371192845,217,537,0.40409683426443205,26,53
v2_erdos_renyi_baseline_s14,v2,erdos_renyi_baseline,14,erdos_renyi,100,4,477,60,2.8657034203288965,27,60,0.45,87,53
v2_erdos_renyi_baseline_s14,v2,erdos_renyi_baseline,14,erdos_renyi,100,4,478,77,3.271689322296034,29,77,0.37662337662337664,2,93
v2_erdos_renyi_baseline_s14,v2,erdos_renyi_baseline,14,erdos_renyi,100,4,479,21,1.791759469222055,6,21,0.2857142857142857,94,15
v2_erdos_renyi_baseline_s14,v2,erdos_renyi_baseline,14,erdos_renyi,100,4,480,131,3.8465874704474,55,131,0.4198473282442748,71,93
v2_erdos_renyi_baseline_s14,v2,erdos_renyi_baseline,14,erdos_renyi,100,4,481,58,2.626164786452234,22,58,0.3793103448275862,32,15
v2_erdos_renyi_baseline_s14,v2,erdos_renyi_baseline,14,erdos_renyi,100,4,482,59,3.134162458562648,28,59,0.4745762711864407,19,53
v2_erdos_renyi_baseline_s14,v2,erdos_renyi_baseline,14,erdos_renyi,100,4,483,53,3.135494215906149,23,53,0.4339622641509434,4,53
v2_erdos_renyi_baseline_s14,v2,erdos_renyi_baseline,14,erdos_renyi,100,4,484,148,3.679750944731672,50,148,0.33783783783783783,62,15
v2_erdos_renyi_baseline_s14,v2,erdos_renyi_baseline,14,erdos_renyi,100,4,485,36,2.639057329601259,14,36,0.3888888888888889,4,15
v2_erdos_renyi_baseline_s14,v2,erdos_renyi_baseline,14,erdos_renyi,100,4,486,634,4.980844245262739,223,634,0.35173501577287064,12,9
v2_erdos_renyi_baseline_s14,v2,erdos_renyi_baseline,14,erdos_renyi,100,4,487,0,0.0,0,0,,9,9
v2_erdos_renyi_baseline_s14,v2,erdos_renyi_baseline,14,erdos_renyi,100,4,488,89,3.2817139087076983,38,89,0.42696629213483145,80,53
v2_erdos_renyi_baseline_s14,v2,erdos_renyi_baseline,14,erdos_renyi,100,4,489,257,4.3586337053445074,98,257,0.38132295719844356,70,15
v2_erdos_renyi_baseline_s14,v2,erdos_renyi_baseline,14,erdos_renyi,100,4,490,13,1.3862943611158909,4,13,0.3076923076923077,10,53
v2_erdos_renyi_baseline_s14,v2,erdos_renyi_baseline,14,erdos_renyi,100,4,491,108,3.693848158632537,51,108,0.4722222222222222,63,15
v2_erdos_renyi_baseline_s14,v2,erdos_renyi_baseline,14,erdos_renyi,100,4,492,35,2.871476118036867,19,35,0.5428571428571428,97,93
v2_erdos_renyi_baseline_s14,v2,erdos_renyi_baseline,14,erdos_renyi,100,4,493,2,0.6931471805579453,2,2,1.0,78,93
v2_erdos_renyi_baseline_s14,v2,erdos_renyi_baseline,14,erdos_renyi,100,4,494,47,3.163424050399405,25,47,0.5319148936170213,86,15
v2_erdos_renyi_baseline_s14,v2,erdos_renyi_baseline,14,erdos_renyi,100,4,495,350,4.699148388080465,147,350,0.42,2,53
v2_erdos_renyi_baseline_s14,v2,erdos_renyi_baseline,14,erdos_renyi,100,4,496,118,3.696721308158614,43,118,0.3644067796610169,62,15
v2_erdos_renyi_baseline_s14,v2,erdos_renyi_baseline,14,erdos_renyi,100,4,497,51,2.813355404483615,18,51,0.35294117647058826,22,53
v2_erdos_renyi_baseline_s14,v2,erdos_renyi_baseline,14,erdos_renyi,100,4,498,194,4.132884519614843,80,194,0.41237113402061853,74,9
v2_erdos_renyi_baseline_s14,v2,erdos_renyi_baseline,14,erdos_renyi,100,4,499,1,-1.000088900581841e-12,1,1,1.0,7,15
v2_erdos_renyi_baseline_s14,v2,erdos_renyi_baseline,14,erdos_renyi,100,4,500,114,3.6526297829392207,45,114,0.39473684210526316,0,93
v2_erdos_renyi_baseline_s14,v2,erdos_renyi_baseline,14,erdos_renyi,100,4,501,13,1.5607104090364068,6,13,0.46153846153846156,32,31
v2_erdos_renyi_baseline_s14,v2,erdos_renyi_baseline,14,erdos_renyi,100,4,502,277,4.388750281839542,119,277,0.4296028880866426,42,93
v2_erdos_renyi_baseline_s14,v2,erdos_renyi_baseline,14,erdos_renyi,100,4,503,41,2.3516733018936304,13,41,0.3170731707317073,73,93
v2_erdos_renyi_baseline_s14,v2,erdos_renyi_baseline,14,erdos_renyi,100,4,504,61,2.9785084205072385,21,61,0.3442622950819672,84,93
v2_erdos_renyi_baseline_s14,v2,erdos_renyi_baseline,14,erdos_renyi,100,4,505,113,3.693778246480071,49,113,0.4336283185840708,91,93
v2_erdos_renyi_baseline_s14,v2,erdos_renyi_baseline,14,erdos_renyi,100,4,506,0,0.0,0,0,,31,31
v2_erdos_renyi_baseline_s14,v2,erdos_renyi_baseline,14,erdos_renyi,100,4,507,27,2.079441541671836,8,27,0.2962962962962963,26,53
v2_erdos_renyi_baseline_s14,v2,erdos_renyi_baseline,14,erdos_renyi,100,4,508,41,2.857102837424001,20,41,0.4878048780487805,36,15
v2_erdos_renyi_baseline_s14,v2,erdos_renyi_baseline,14,erdos_renyi,100,4,509,102,3.605641583852999,42,102,0.4117647058823529,11,93
v2_erdos_renyi_baseline_s14,v2,erdos_renyi_baseline,14,erdos_renyi,100,4,510,17,1.9459101490483133,7,17,0.4117647058823529,7,15
v2_erdos_renyi_baseline_s14,v2,erdos_renyi_baseline,14,erdos_renyi,100,4,511,0,0.0,0,0,,9,9
v2_erdos_renyi_baseline_s14,v2,erdos_renyi_baseline,14,erdos_renyi,100,4,512,204,4.09184090586501,85,204,0.4166666666666667,19,53
v2_erdos_renyi_baseline_s14,v2,erdos_renyi_baseline,14,erdos_renyi,100,4,513,133,3.860208475449459,58,133,0.43609022556390975,38,15
v2_erdos_renyi_baseline_s14,v2,erdos_renyi_baseline,14,erdos_renyi,100,4,514,228,3.9264300423600975,102,228,0.4473684210526316,79,15
v2_erdos_renyi_baseline_s14,v2,erdos_renyi_baseline,14,erdos_renyi,100,4,515,37,3.0280290732864104,22,37,0.5945945945945946,88,53
v2_erdos_renyi_baseline_s14,v2,erdos_renyi_baseline,14,erdos_renyi,100,4,516,105,3.2609188541847858,36,105,0.34285714285714286,89,93
v2_erdos_renyi_baseline_s14,v2,erdos_renyi_baseline,14,erdos_renyi,100,4,517,305,4.4034567362526325,123,305,0.40327868852459015,43,53
v2_erdos_renyi_baseline_s14,v2,erdos_renyi_baseline,14,erdos_renyi,100,4,518,90,3.464121061481632,38,90,0.4222222222222222,83,9
v2_erdos_renyi_baseline_s14,v2,erdos_renyi_baseline,14,erdos_renyi,100,4,519,324,4.565848562216323,133,324,0.4104938271604938,44,53
v2_erdos_renyi_baseline_s14,v2,erdos_renyi_baseline,14,erdos_renyi,100,4,520,432,4.863011822582,188,432,0.4351851851851852,78,93
v2_erdos_renyi_baseline_s14,v2,erdos_renyi_baseline,14,erdos_renyi,100,4,521,102,3.66448190441264,43,102,0.4215686274509804,0,53
v2_erdos_renyi_baseline_s14,v2,erdos_renyi_baseline,14,erdos_renyi,100,4,522,47,2.7985132569262934,19,47,0.40425531914893614,22,93
v2_erdos_renyi_baseline_s14,v2,erdos_renyi_baseline,14,erdos_renyi,100,4,523,137,3.881306425080663,55,137,0.40145985401459855,78,53
v2_erdos_renyi_baseline_s14,v2,erdos_renyi_baseline,14,erdos_renyi,100,4,524,139,3.955715126056111,60,139,0.4316546762589928,96,53
v2_erdos_renyi_baseline_s14,v2,erdos_renyi_baseline,14,erdos_renyi,100,4,525,430,4.847770575297004,178,430,0.413953488372093,13,53
v2_erdos_renyi_baseline_s14,v2,erdos_renyi_baseline,14,erdos_renyi,100,4,526,20,2.1383330594990277,12,20,0.6,5,15
v2_erdos_renyi_baseline_s14,v2,erdos_renyi_baseline,14,erdos_renyi,100,4,527,80,3.5155926589389503,40,80,0.5,97,53
v2_erdos_renyi_baseline_s14,v2,erdos_renyi_baseline,14,erdos_renyi,100,4,528,87,3.1780538303239454,24,87,0.27586206896551724,25,93
v2_erdos_renyi_baseline_s14,v2,erdos_renyi_baseline,14,erdos_renyi,100,4,529,192,3.889232040299992,95,192,0.4947916666666667,28,53
v2_erdos_renyi_baseline_s14,v2,erdos_renyi_baseline,14,erdos_renyi,100,4,530,80,3.151458510219029,26,80,0.325,98,53
v2_erdos_renyi_baseline_s14,v2,erdos_renyi_baseline,14,erdos_renyi,100,4,531,471,4.855983088032502,210,471,0.445859872611465,70,93
v2_erdos_renyi_baseline_s14,v2,erdos_renyi_baseline,14,erdos_renyi,100,4,532,5,0.6931471805579453,2,5,0.4,59,15
v2_erdos_renyi_baseline_s14,v2,erdos_renyi_baseline,14,erdos_renyi,100,4,533,156,3.797525114424959,58,156,0.3717948717948718,84,53
v2_erdos_renyi_baseline_s14,v2,erdos_renyi_baseline,14,erdos_renyi,100,4,534,19,1.9061547465328492,8,19,0.42105263157894735,94,15
v2_erdos_renyi_baseline_s14,v2,erdos_renyi_baseline,14,erdos_renyi,100,4,535,187,4.195405971119295,83,187,0.44385026737967914,78,31
v2_erdos_renyi_baseline_s14,v2,erdos_renyi_baseline,14,erdos_renyi,100,4,536,88,3.349927191094576,41,88,0.4659090909090909,10,53
v2_erdos_renyi_baseline_s14,v2,erdos_renyi_baseline,14,erdos_renyi,100,4,537,52,3.044522437702424,21,52,0.40384615384615385,98,93
v2_erdos_renyi_baseline_s14,v2,erdos_renyi_baseline,14,erdos_renyi,100,4,538,0,0.0,0,0,,31,31
v2_erdos_renyi_baseline_s14,v2,erdos_renyi_baseline,14,erdos_renyi,100,4,539,285,4.654500060499752,127,285,0.4456140350877193,48,93
v2_erdos_renyi_baseline_s14,v2,erdos_renyi_baseline,14,erdos_renyi,100,4,540,0,0.0,0,0,,53,53
v2_erdos_renyi_baseline_s14,v2,erdos_renyi_baseline,14,erdos_renyi,100,4,541,10,1.9459101490483133,7,10,0.7,43,93
v2_erdos_renyi_baseline_s14,v2,erdos_renyi_baseline,14,erdos_renyi,100,4,542,191,4.038349723439345,72,191,0.3769633507853403,34,93
v2_erdos_renyi_baseline_s14,v2,erdos_renyi_baseline,14,erdos_renyi,100,4,543,11,1.3321790402061222,5,11,0.45454545454545453,28,93
v2_erdos_renyi_baseline_s14,v2,erdos_renyi_baseline,14,erdos_renyi,100,4,544,30,2.61563057701355,15,30,0.5,55,93
v2_erdos_renyi_baseline_s14,v2,erdos_renyi_baseline,14,erdos_renyi,100,4,545,45,2.9444389791474395,19,45,0.4222222222222222,4,93
v2_erdos_renyi_baseline_s14,v2,erdos_renyi_baseline,14,erdos_renyi,100,4,546,46,3.090459923593197,27,46,0.5869565217391305,50,93
v2_erdos_renyi_baseline_s14,v2,erdos_renyi_baseline,14,erdos_renyi,100,4,547,44,2.5520852976069666,19,44,0.4318181818181818,5,53
v2_erdos_renyi_baseline_s14,v2,erdos_renyi_baseline,14,erdos_renyi,100,4,548,2,0.6931471805579453,2,2,1.0,76,9
v2_erdos_renyi_baseline_s14,v2,erdos_renyi_baseline,14,erdos_renyi,100,4,549,93,3.5646232985788124,38,93,0.40860215053763443,1,15
v2_erdos_renyi_baseline_s14,v2,erdos_renyi_baseline,14,erdos_renyi,100,4,550,48,2.9785084205072385,21,48,0.4375,80,53
v2_erdos_renyi_baseline_s14,v2,erdos_renyi_baseline,14,erdos_renyi,100,4,551,134,3.906511777100024,55,134,0.41044776119402987,49,31
v2_erdos_renyi_baseline_s14,v2,erdos_renyi_baseline,14,erdos_renyi,100,4,552,40,2.625048158717539,19,40,0.475,44,15
v2_erdos_renyi_baseline_s14,v2,erdos_renyi_baseline,14,erdos_renyi,100,4,553,28,2.16822349160464,14,28,0.5,26,15
v2_erdos_renyi_baseline_s14,v2,erdos_renyi_baseline,14,erdos_renyi,100,4,554,6,0.6931471805579453,2,6,0.3333333333333333,49,53
v2_erdos_renyi_baseline_s14,v2,erdos_renyi_baseline,14,erdos_renyi,100,4,555,0,0.0,0,0,,93,93
v2_erdos_renyi_baseline_s14,v2,erdos_renyi_baseline,14,erdos_renyi,100,4,556,43,2.871476118036867,19,43,0.4418604651162791,39,15
v2_erdos_renyi_baseline_s14,v2,erdos_renyi_baseline,14,erdos_renyi,100,4,557,3,-1.000088900581841e-12,1,3,0.3333333333333333,84,31
v2_erdos_renyi_baseline_s14,v2,erdos_renyi_baseline,14,erdos_renyi,100,4,558,233,4.249112059988892,89,233,0.38197424892703863,95,53
v2_erdos_renyi_baseline_s14,v2,erdos_renyi_baseline,14,erdos_renyi,100,4,559,187,4.032548766198371,84,187,0.44919786096256686,18,93
v2_erdos_renyi_baseline_s14,v2,erdos_renyi_baseline,14,erdos_renyi,100,4,560,45,2.3034884952082693,15,45,0.3333333333333333,21,9
v2_erdos_renyi_baseline_s14,v2,erdos_renyi_baseline,14,erdos_renyi,100,4,561,89,3.571826173398832,40,89,0.449438202247191,97,93
v2_erdos_renyi_baseline_s14,v2,erdos_renyi_baseline,14,erdos_renyi,100,4,562,177,4.0553074485939575,70,177,0.3954802259887006,32,31
v2_erdos_renyi_baseline_s14,v2,erdos_renyi_baseline,14,erdos_renyi,100,4,563,104,3.198396565817082,49,104,0.47115384615384615,49,93
v2_erdos_renyi_baseline_s14,v2,erdos_renyi_baseline,14,erdos_renyi,100,4,564,70,3.1209529938856866,31,70,0.44285714285714284,10,15
v2_erdos_renyi_baseline_s14,v2,erdos_renyi_baseline,14,erdos_renyi,100,4,565,104,3.578323836314148,41,104,0.3942307692307692,61,31
v2_erdos_renyi_baseline_s14,v2,erdos_renyi_baseline,14,erdos_renyi,100,4,566,50,3.2580965379954825,26,50,0.52,79,15
v2_erdos_renyi_baseline_s14,v2,erdos_renyi_baseline,14,erdos_renyi,100,4,567,5,1.0986122886651095,3,5,0.6,56,93
v2_erdos_renyi_baseline_s14,v2,erdos_renyi_baseline,14,erdos_renyi,100,4,568,20,2.019814992484946,11,20,0.55,12,15
v2_erdos_renyi_baseline_s14,v2,erdos_renyi_baseline,14,erdos_renyi,100,4,569,340,4.44584926828621,140,340,0.4117647058823529,19,31
v2_erdos_renyi_baseline_s14,v2,erdos_renyi_baseline,14,erdos_renyi,100,4,570,89,3.3969144201875685,35,89,0.39325842696629215,42,53
v2_erdos_renyi_baseline_s14,v2,erdos_renyi_baseline,14,erdos_renyi,100,4,571,130,3.624299170288877,50,130,0.38461538461538464,24,53
v2_erdos_renyi_baseline_s14,v2,erdos_renyi_baseline,14,erdos_renyi,100,4,572,292,4.451235834916129,113,292,0.386986301369863,73,9
v2_erdos_renyi_baseline_s14,v2,erdos_renyi_baseline,14,erdos_renyi,100,4,573,35,2.484906649776,12,35,0.34285714285714286,95,15
v2_erdos_renyi_baseline_s14,v2,erdos_renyi_baseline,14,erdos_renyi,100,4,574,145,3.512297529496699,53,145,0.36551724137931035,21,53
v2_erdos_renyi_baseline_s14,v2,erdos_renyi_baseline,14,erdos_renyi,100,4,575,58,3.2826939972510645,28,58,0.4827586206896552,91,93
v2_erdos_renyi_baseline_s14,v2,erdos_renyi_baseline,14,erdos_renyi,100,4,576,192,3.7624532010671383,65,192,0.3385416666666667,55,53
v2_erdos_renyi_baseline_s14,v2,erdos_renyi_baseline,14,erdos_renyi,100,4,577,212,4.322498357081421,87,212,0.41037735849056606,25,93
v2_erdos_renyi_baseline_s14,v2,erdos_renyi_baseline,14,erdos_renyi,100,4,578,28,2.5649493574485365,13,28,0.4642857142857143,46,9
v2_erdos_renyi_baseline_s14,v2,erdos_renyi_baseline,14,erdos_renyi,100,4,579,92,3.455179006914453,38,92,0.41304347826086957,23,93
v2_erdos_renyi_baseline_s14,v2,erdos_renyi_baseline,14,erdos_renyi,100,4,580,7,1.3862943611158909,4,7,0.5714285714285714,14,53
v2_erdos_renyi_baseline_s14,v2,erdos_renyi_baseline,14,erdos_renyi,100,4,581,168,3.766974429913653,61,168,0.3630952380952381,54,53
v2_erdos_renyi_baseline_s14,v2,erdos_renyi_baseline,14,erdos_renyi,100,4,582,207,4.197059985998795,93,207,0.4492753623188406,81,93
v2_erdos_renyi_baseline_s14,v2,erdos_renyi_baseline,14,erdos_renyi,100,4,583,47,2.751666616915516,17,47,0.3617021276595745,82,53
v2_erdos_renyi_baseline_s14,v2,erdos_renyi_baseline,14,erdos_renyi,100,4,584,256,4.341092091827734,102,256,0.3984375,10,93
v2_erdos_renyi_baseline_s14,v2,erdos_renyi_baseline,14,erdos_renyi,100,4,585,89,3.4049278883658625,38,89,0.42696629213483145,17,15
v2_erdos_renyi_baseline_s14,v2,erdos_renyi_baseline,14,erdos_renyi,100,4,586,23,1.791759469222055,6,23,0.2608695652173913,6,15
v2_erdos_renyi_baseline_s14,v2,erdos_renyi_baseline,14,erdos_renyi,100,4,587,15,2.1639556568730565,10,15,0.6666666666666666,24,93
v2_erdos_renyi_baseline_s14,v2,erdos_renyi_baseline,14,erdos_renyi,100,4,588,0,0.0,0,0,,93,93
v2_erdos_renyi_baseline_s14,v2,erdos_renyi_baseline,14,erdos_renyi,100,4,589,150,3.9891020195444336,63,150,0.42,96,53
v2_erdos_renyi_baseline_s14,v2,erdos_renyi_baseline,14,erdos_renyi,100,4,590,51,3.044522437702424,21,51,0.4117647058823529,46,9
v2_erdos_renyi_baseline_s14,v2,erdos_renyi_baseline,14,erdos_renyi,100,4,591,2,-1.000088900581841e-12,1,2,0.5,84,31
v2_erdos_renyi_baseline_s14,v2,erdos_renyi_baseline,14,erdos_renyi,100,4,592,134,3.790661938753104,57,134,0.4253731343283582,1,93
v2_erdos_renyi_baseline_s14,v2,erdos_renyi_baseline,14,erdos_renyi,100,4,593,387,4.685367828830182,168,387,0.43410852713178294,13,15
v2_erdos_renyi_baseline_s14,v2,erdos_renyi_baseline,14,erdos_renyi,100,4,594,4,1.3862943611158909,4,4,1.0,70,9
v2_erdos_renyi_baseline_s14,v2,erdos_renyi_baseline,14,erdos_renyi,100,4,595,73,3.2058430290251567,29,73,0.3972602739726027,45,9
v2_erdos_renyi_baseline_s14,v2,erdos_renyi_baseline,14,erdos_renyi,100,4,596,120,3.6401519506812425,48,120,0.4,62,53
v2_erdos_renyi_baseline_s14,v2,erdos_renyi_baseline,14,erdos_renyi,100,4,597,8,1.3862943611158909,4,8,0.5,83,15
v2_erdos_renyi_baseline_s14,v2,erdos_renyi_baseline,14,erdos_renyi,100,4,598,119,3.666582267114095,46,119,0.3865546218487395,88,53
v2_erdos_renyi_baseline_s14,v2,erdos_renyi_baseline,14,erdos_renyi,100,4,599,10000,-1.000088900581841e-12,3615,10000,0.3615,47,47
v2_erdos_renyi_baseline_s14,v2,erdos_renyi_baseline,14,erdos_renyi,100,4,600,98,3.371971579897444,37,98,0.37755102040816324,36,15
v2_erdos_renyi_baseline_s14,v2,erdos_renyi_baseline,14,erdos_renyi,100,4,601,58,2.787788119369007,20,58,0.3448275862068966,5,15
v2_erdos_renyi_baseline_s14,v2,erdos_renyi_baseline,14,erdos_renyi,100,4,602,2,0.6931471805579453,2,2,1.0,76,9
v2_erdos_renyi_baseline_s14,v2,erdos_renyi_baseline,14,erdos_renyi,100,4,603,75,3.040727294242432,24,75,0.32,89,93
v2_erdos_renyi_baseline_s14,v2,erdos_renyi_baseline,14,erdos_renyi,100,4,604,244,4.303342685574846,90,244,0.36885245901639346,49,15
v2_erdos_renyi_baseline_s14,v2,erdos_renyi_baseline,14,erdos_renyi,100,4,605,28,2.079441541671836,8,28,0.2857142857142857,4,31
v2_erdos_renyi_baseline_s14,v2,erdos_renyi_baseline,14,erdos_renyi,100,4,606,15,1.9459101490483133,7,15,0.4666666666666667,41,15
v2_erdos_renyi_baseline_s14,v2,erdos_renyi_baseline,14,erdos_renyi,100,4,607,92,3.5924696275736783,39,92,0.42391304347826086,85,53
v2_erdos_renyi_baseline_s14,v2,erdos_renyi_baseline,14,erdos_renyi,100,4,608,10000,-1.000088900581841e-12,3630,10000,0.363,47,47
v2_erdos_renyi_baseline_s14,v2,erdos_renyi_baseline,14,erdos_renyi,100,4,609,10,1.6094379124291005,5,10,0.5,19,53
v2_erdos_renyi_baseline_s14,v2,erdos_renyi_baseline,14,erdos_renyi,100,4,610,84,3.3176975995541467,35,84,0.4166666666666667,34,31
v2_erdos_renyi_baseline_s14,v2,erdos_renyi_baseline,14,erdos_renyi,100,4,611,278,4.464137786262303,105,278,0.3776978417266187,57,31
v2_erdos_renyi_baseline_s14,v2,erdos_renyi_baseline,14,erdos_renyi,100,4,612,193,4.112243147367058,78,193,0.40414507772020725,51,15
v2_erdos_renyi_baseline_s14,v2,erdos_renyi_baseline,14,erdos_renyi,100,4,613,72,2.772588722223781,16,72,0.2222222222222222,55,31
v2_erdos_renyi_baseline_s14,v2,erdos_renyi_baseline,14,erdos_renyi,100,4,614,180,3.8587318373644033,66,180,0.36666666666666664,87,93
v2_erdos_renyi_baseline_s14,v2,erdos_renyi_baseline,14,erdos_renyi,100,4,615,258,4.370072864301376,102,258,0.3953488372093023,42,9
v2_erdos_renyi_baseline_s14,v2,erdos_renyi_baseline,14,erdos_renyi,100,4,616,228,4.202008699439404,85,228,0.37280701754385964,32,15
v2_erdos_renyi_baseline_s14,v2,erdos_renyi_baseline,14,erdos_renyi,100,4,617,75,3.286462961268799,33,75,0.44,39,53
v2_erdos_renyi_baseline_s14,v2,erdos_renyi_baseline,14,erdos_renyi,100,4,618,154,3.9659392032907057,61,154,0.3961038961038961,19,31
v2_erdos_renyi_baseline_s14,v2,erdos_renyi_baseline,14,erdos_renyi,100,4,619,373,4.779069885577929,163,373,0.43699731903485256,76,15
v2_erdos_renyi_baseline_s14,v2,erdos_renyi_baseline,14,erdos_renyi,100,4,620,35,2.772588722223781,16,35,0.45714285714285713,27,93
v2_erdos_renyi_baseline_s14,v2,erdos_renyi_baseline,14,erdos_renyi,100,4,621,138,3.5946076639582905,52,138,0.37681159420289856,98,53
v2_erdos_renyi_baseline_s14,v2,erdos_renyi_baseline,14,erdos_renyi,100,4,622,29,2.7985132569262934,19,29,0.6551724137931034,1,53
v2_erdos_renyi_baseline_s14,v2,erdos_renyi_baseline,14,erdos_renyi,100,4,623,214,4.086677484611347,83,214,0.3878504672897196,95,53
v2_erdos_renyi_baseline_s14,v2,erdos_renyi_baseline,14,erdos_renyi,100,4,624,166,4.0006146018167135,66,166,0.39759036144578314,50,15
v2_erdos_renyi_baseline_s14,v2,erdos_renyi_baseline,14,erdos_renyi,100,4,625,59,3.062529300232621,24,59,0.4067796610169492,21,53
v2_erdos_renyi_baseline_s14,v2,erdos_renyi_baseline,14,erdos_renyi,100,4,626,257,4.340568314621262,108,257,0.42023346303501946,81,31
v2_erdos_renyi_baseline_s14,v2,erdos_renyi_baseline,14,erdos_renyi,100,4,627,35,2.685945324654788,16,35,0.45714285714285713,10,93
v2_erdos_renyi_baseline_s14,v2,erdos_renyi_baseline,14,erdos_renyi,100,4,628,29,2.197224577327219,9,29,0.3103448275862069,20,53
v2_erdos_renyi_baseline_s14,v2,erdos_renyi_baseline,14,erdos_renyi,100,4,629,3,0.6931471805579453,2,3,0.6666666666666666,37,15
v2_erdos_renyi_baseline_s14,v2,erdos_renyi_baseline,14,erdos_renyi,100,4,630,31,2.61563057701355,15,31,0.4838709677419355,8,93
v2_erdos_renyi_baseline_s14,v2,erdos_renyi_baseline,14,erdos_renyi,100,4,631,224,4.076279337415295,83,224,0.3705357142857143,59,31
v2_erdos_renyi_baseline_s14,v2,erdos_renyi_baseline,14,erdos_renyi,100,4,632,183,4.138967939760628,77,183,0.4207650273224044,34,93
v2_erdos_renyi_baseline_s14,v2,erdos_renyi_baseline,14,erdos_renyi,100,4,633,10000,-1.000088900581841e-12,3657,10000,0.3657,47,47
v2_erdos_renyi_baseline_s14,v2,erdos_renyi_baseline,14,erdos_renyi,100,4,634,93,3.555348061454413,35,93,0.3763440860215054,94,31
v2_erdos_renyi_baseline_s14,v2,erdos_renyi_baseline,14,erdos_renyi,100,4,635,180,4.084125235465183,72,180,0.4,50,53
v2_erdos_renyi_baseline_s14,v2,erdos_renyi_baseline,14,erdos_renyi,100,4,636,67,3.1931483947852626,27,67,0.40298507462686567,55,53
v2_erdos_renyi_baseline_s14,v2,erdos_renyi_baseline,14,erdos_renyi,100,4,637,141,3.825095609512055,65,141,0.46099290780141844,19,93
v2_erdos_renyi_baseline_s14,v2,erdos_renyi_baseline,14,erdos_renyi,100,4,638,103,3.4502855905397403,39,103,0.3786407766990291,26,15
v2_erdos_renyi_baseline_s14,v2,erdos_renyi_baseline,14,erdos_renyi,100,4,639,161,3.8133529292274,53,161,0.32919254658385094,20,9
v2_erdos_renyi_baseline_s14,v2,erdos_renyi_baseline,14,erdos_renyi,100,4,640,60,2.9487837204313982,29,60,0.48333333333333334,79,53
v2_erdos_renyi_baseline_s14,v2,erdos_renyi_baseline,14,erdos_renyi,100,4,641,15,1.791759469222055,6,15,0.4,26,53
v2_erdos_renyi_baseline_s14,v2,erdos_renyi_baseline,14,erdos_renyi,100,4,642,4,0.6931471805579453,2,4,0.5,85,53
v2_erdos_renyi_baseline_s14,v2,erdos_renyi_baseline,14,erdos_renyi,100,4,643,10000,-1.000088900581841e-12,3747,10000,0.3747,47,47
v2_erdos_renyi_baseline_s14,v2,erdos_renyi_baseline,14,erdos_renyi,100,4,644,42,2.639057329601259,14,42,0.3333333333333333,73,53
v2_erdos_renyi_baseline_s14,v2,erdos_renyi_baseline,14,erdos_renyi,100,4,645,11,1.6094379124291005,5,11,0.45454545454545453,97,93
v2_erdos_renyi_baseline_s14,v2,erdos_renyi_baseline,14,erdos_renyi,100,4,646,106,3.3524698782394617,36,106,0.33962264150943394,69,93
v2_erdos_renyi_baseline_s14,v2,erdos_renyi_baseline,14,erdos_renyi,100,4,647,80,3.3549875695958247,30,80,0.375,55,93
v2_erdos_renyi_baseline_s14,v2,erdos_renyi_baseline,14,erdos_renyi,100,4,648,28,2.253857589591352,12,28,0.42857142857142855,10,53
v2_erdos_renyi_baseline_s14,v2,erdos_renyi_baseline,14,erdos_renyi,100,4,649,196,3.906476950168248,63,196,0.32142857142857145,36,93
v2_erdos_renyi_baseline_s14,v2,erdos_renyi_baseline,14,erdos_renyi,100,4,650,447,4.586850185580983,169,447,0.378076062639821,24,15
v2_erdos_renyi_baseline_s14,v2,erdos_renyi_baseline,14,erdos_renyi,100,4,651,2,0.6931471805579453,2,2,1.0,30,9
v2_erdos_renyi_baseline_s14,v2,erdos_renyi_baseline,14,erdos_renyi,100,4,652,10000,-1.000088900581841e-12,3702,10000,0.3702,35,35
v2_erdos_renyi_baseline_s14,v2,erdos_renyi_baseline,14,erdos_renyi,100,4,653,0,0.0,0,0,,9,9
v2_erdos_renyi_baseline_s14,v2,erdos_renyi_baseline,14,erdos_renyi,100,4,654,153,3.744502241317806,52,153,0.33986928104575165,90,93
v2_erdos_renyi_baseline_s14,v2,erdos_renyi_baseline,14,erdos_renyi,100,4,655,62,2.772588722223781,16,62,0.25806451612903225,39,15
v2_erdos_renyi_baseline_s14,v2,erdos_renyi_baseline,14,erdos_renyi,100,4,656,84,3.271689322296034,29,84,0.34523809523809523,98,53
v2_erdos_renyi_baseline_s14,v2,erdos_renyi_baseline,14,erdos_renyi,100,4,657,7,1.0986122886651095,3,7,0.42857142857142855,16,53
v2_erdos_renyi_baseline_s14,v2,erdos_renyi_baseline,14,erdos_renyi,100,4,658,219,3.966154627633376,76,219,0.3470319634703196,50,53
v2_erdos_renyi_baseline_s14,v2,erdos_renyi_baseline,14,erdos_renyi,100,4,659,255,4.396935418897352,95,255,0.37254901960784315,5,93
v2_erdos_renyi_baseline_s14,v2,erdos_renyi_baseline,14,erdos_renyi,100,4,660,136,3.871265197698588,52,136,0.38235294117647056,73,93
v2_erdos_renyi_baseline_s14,v2,erdos_renyi_baseline,14,erdos_renyi,100,4,661,1,-1.000088900581841e-12,1,1,1.0,75,53
v2_erdos_renyi_baseline_s14,v2,erdos_renyi_baseline,14,erdos_renyi,100,4,662,7,1.3862943611158909,4,7,0.5714285714285714,63,31
v2_erdos_renyi_baseline_s14,v2,erdos_renyi_baseline,14,erdos_renyi,100,4,663,204,4.446221010758817,95,204,0.46568627450980393,70,53
v2_erdos_renyi_baseline_s14,v2,erdos_renyi_baseline,14,erdos_renyi,100,4,664,51,2.8903717578781647,18,51,0.35294117647058826,41,53
v2_erdos_renyi_baseline_s14,v2,erdos_renyi_baseline,14,erdos_renyi,100,4,665,78,3.45345973766966,36,78,0.46153846153846156,36,53
v2_erdos_renyi_baseline_s14,v2,erdos_renyi_baseline,14,erdos_renyi,100,4,666,28,2.3978952727873706,11,28,0.39285714285714285,65,53
v2_erdos_renyi_baseline_s14,v2,erdos_renyi_baseline,14,erdos_renyi,100,4,667,51,2.523210952939891,15,51,0.29411764705882354,84,31
v2_erdos_renyi_baseline_s14,v2,erdos_renyi_baseline,14,erdos_renyi,100,4,668,35,2.7080502010872096,15,35,0.42857142857142855,91,53
v2_erdos_renyi_baseline_s14,v2,erdos_renyi_baseline,14,erdos_renyi,100,4,669,193,4.192979408372688,77,193,0.39896373056994816,63,93
v2_erdos_renyi_baseline_s14,v2,erdos_renyi_baseline,14,erdos_renyi,100,4,670,87,3.0777286973768474,30,87,0.3448275862068966,50,15
v2_erdos_renyi_baseline_s14,v2,erdos_renyi_baseline,14,erdos_renyi,100,4,671,99,3.3549875695958247,30,99,0.30303030303030304,39,53
v2_erdos_renyi_baseline_s14,v2,erdos_renyi_baseline,14,erdos_renyi,100,4,672,80,3.2103913397623893,31,80,0.3875,27,53
v2_erdos_renyi_baseline_s14,v2,erdos_renyi_baseline,14,erdos_renyi,100,4,673,0,0.0,0,0,,31,31
v2_erdos_renyi_baseline_s14,v2,erdos_renyi_baseline,14,erdos_renyi,100,4,674,389,4.727589999815592,156,389,0.40102827763496146,41,93
v2_erdos_renyi_baseline_s14,v2,erdos_renyi_baseline,14,erdos_renyi,100,4,675,86,3.319492576126754,29,86,0.3372093023255814,51,93
v2_erdos_renyi_baseline_s14,v2,erdos_renyi_baseline,14,erdos_renyi,100,4,676,36,2.639057329601259,14,36,0.3888888888888889,91,53
v2_erdos_renyi_baseline_s14,v2,erdos_renyi_baseline,14,erdos_renyi,100,4,677,0,0.0,0,0,,93,93
v2_erdos_renyi_baseline_s14,v2,erdos_renyi_baseline,14,erdos_renyi,100,4,678,22,2.1458417525857545,11,22,0.5,69,31
v2_erdos_renyi_baseline_s14,v2,erdos_renyi_baseline,14,erdos_renyi,100,4,679,133,3.856101073061301,55,133,0.41353383458646614,74,15
v2_erdos_renyi_baseline_s14,v2,erdos_renyi_baseline,14,erdos_renyi,100,4,680,0,0.0,0,0,,53,53
v2_erdos_renyi_baseline_s14,v2,erdos_renyi_baseline,14,erdos_renyi,100,4,681,101,3.617683558888374,46,101,0.45544554455445546,50,9
v2_erdos_renyi_baseline_s14,v2,erdos_renyi_baseline,14,erdos_renyi,100,4,682,71,2.9965869742621187,29,71,0.4084507042253521,14,93
v2_erdos_renyi_baseline_s14,v2,erdos_renyi_baseline,14,erdos_renyi,100,4,683,93,3.361908713615984,36,93,0.3870967741935484,64,93
v2_erdos_renyi_baseline_s14,v2,erdos_renyi_baseline,14,erdos_renyi,100,4,684,15,1.7328679513938632,8,15,0.5333333333333333,0,93
v2_erdos_renyi_baseline_s14,v2,erdos_renyi_baseline,14,erdos_renyi,100,4,685,47,3.078014567724474,26,47,0.5531914893617021,23,15
v2_erdos_renyi_baseline_s14,v2,erdos_renyi_baseline,14,erdos_renyi,100,4,686,0,0.0,0,0,,9,9
v2_erdos_renyi_baseline_s14,v2,erdos_renyi_baseline,14,erdos_renyi,100,4,687,119,3.696719101050484,46,119,0.3865546218487395,30,31
v2_erdos_renyi_baseline_s14,v2,erdos_renyi_baseline,14,erdos_renyi,100,4,688,175,3.95628642280468,70,175,0.4,57,93
v2_erdos_renyi_baseline_s14,v2,erdos_renyi_baseline,14,erdos_renyi,100,4,689,46,2.8215638078423653,21,46,0.45652173913043476,27,53
v2_erdos_renyi_baseline_s14,v2,erdos_renyi_baseline,14,erdos_renyi,100,4,690,122,3.8206519769593794,47,122,0.38524590163934425,48,15
v2_erdos_renyi_baseline_s14,v2,erdos_renyi_baseline,14,erdos_renyi,100,4,691,435,4.548041292750669,168,435,0.38620689655172413,40,53
v2_erdos_renyi_baseline_s14,v2,erdos_renyi_baseline,14,erdos_renyi,100,4,692,47,2.9444389791474395,19,47,0.40425531914893614,48,31
v2_erdos_renyi_baseline_s14,v2,erdos_renyi_baseline,14,erdos_renyi,100,4,693,60,2.9170476559239296,27,60,0.45,28,93
v2_erdos_renyi_baseline_s14,v2,erdos_renyi_baseline,14,erdos_renyi,100,4,694,3,0.6931471805579453,2,3,0.6666666666666666,37,15
v2_erdos_renyi_baseline_s14,v2,erdos_renyi_baseline,14,erdos_renyi,100,4,695,85,3.4124897213676078,33,85,0.38823529411764707,80,9
v2_erdos_renyi_baseline_s14,v2,erdos_renyi_baseline,14,erdos_renyi,100,4,696,75,3.467994408329786,36,75,0.48,6,53
v2_erdos_renyi_baseline_s14,v2,erdos_renyi_baseline,14,erdos_renyi,100,4,697,132,3.881178933827659,62,132,0.4696969696969697,36,53
v2_erdos_renyi_baseline_s14,v2,erdos_renyi_baseline,14,erdos_renyi,100,4,698,80,3.308777757559495,30,80,0.375,42,93
v2_erdos_renyi_baseline_s14,v2,erdos_renyi_baseline,14,erdos_renyi,100,4,699,0,0.0,0,0,,53,53
v2_erdos_renyi_baseline_s14,v2,erdos_renyi_baseline,14,erdos_renyi,100,4,700,1,-1.000088900581841e-12,1,1,1.0,77,53
v2_erdos_renyi_baseline_s14,v2,erdos_renyi_baseline,14,erdos_renyi,100,4,701,162,3.91745862057526,62,162,0.38271604938271603,80,15
v2_erdos_renyi_baseline_s14,v2,erdos_renyi_baseline,14,erdos_renyi,100,4,702,17,2.079441541671836,8,17,0.47058823529411764,37,93
v2_erdos_renyi_baseline_s14,v2,erdos_renyi_baseline,14,erdos_renyi,100,4,703,120,3.466704480513237,47,120,0.39166666666666666,23,93
v2_erdos_renyi_baseline_s14,v2,erdos_renyi_baseline,14,erdos_renyi,100,4,704,493,4.92647814911764,191,493,0.38742393509127787,36,53
v2_erdos_renyi_baseline_s14,v2,erdos_renyi_baseline,14,erdos_renyi,100,4,705,51,2.813355404483615,18,51,0.35294117647058826,70,9
v2_erdos_renyi_baseline_s14,v2,erdos_renyi_baseline,14,erdos_renyi,100,4,706,33,2.7080502010872096,15,33,0.45454545454545453,92,93
v2_erdos_renyi_baseline_s14,v2,erdos_renyi_baseline,14,erdos_renyi,100,4,707,23,2.1639556568730565,10,23,0.43478260869565216,12,31
v2_erdos_renyi_baseline_s14,v2,erdos_renyi_baseline,14,erdos_renyi,100,4,708,73,2.9420763021302814,31,73,0.4246575342465753,80,15
v2_erdos_renyi_baseline_s14,v2,erdos_renyi_baseline,14,erdos_renyi,100,4,709,167,3.880771249603397,71,167,0.4251497005988024,2,15
v2_erdos_renyi_baseline_s14,v2,erdos_renyi_baseline,14,erdos_renyi,100,4,710,58,3.204777524107256,26,58,0.4482758620689655,8,93
v2_erdos_renyi_baseline_s14,v2,erdos_renyi_baseline,14,erdos_renyi,100,4,711,26,1.8891591637470213,9,26,0.34615384615384615,60,15
v2_erdos_renyi_baseline_s14,v2,erdos_renyi_baseline,14,erdos_renyi,100,4,712,70,3.062529300232621,24,70,0.34285714285714286,58,9
v2_erdos_renyi_baseline_s14,v2,erdos_renyi_baseline,14,erdos_renyi,100,4,713,236,4.163119470393895,100,236,0.423728813559322,41,53
v2_erdos_renyi_baseline_s14,v2,erdos_renyi_baseline,14,erdos_renyi,100,4,714,56,2.954673212284816,23,56,0.4107142857142857,91,93
v2_erdos_renyi_baseline_s14,v2,erdos_renyi_baseline,14,erdos_renyi,100,4,715,93,3.659197311909932,42,93,0.45161290322580644,96,93
v2_erdos_renyi_baseline_s14,v2,erdos_renyi_baseline,14,erdos_renyi,100,4,716,43,2.9957322735339904,20,43,0.46511627906976744,97,15
v2_erdos_renyi_baseline_s14,v2,erdos_renyi_baseline,14,erdos_renyi,100,4,717,17,1.791759469222055,6,17,0.35294117647058826,50,15
v2_erdos_renyi_baseline_s14,v2,erdos_renyi_baseline,14,erdos_renyi,100,4,718,10,1.3862943611158909,4,10,0.4,98,53
v2_erdos_renyi_baseline_s14,v2,erdos_renyi_baseline,14,erdos_renyi,100,4,719,151,4.007047900063963,59,151,0.39072847682119205,61,15
v2_erdos_renyi_baseline_s14,v2,erdos_renyi_baseline,14,erdos_renyi,100,4,720,198,4.109865805874369,70,198,0.35353535353535354,34,53
v2_erdos_renyi_baseline_s14,v2,erdos_renyi_baseline,14,erdos_renyi,100,4,721,192,4.169616714949855,75,192,0.390625,92,15
v2_erdos_renyi_baseline_s14,v2,erdos_renyi_baseline,14,erdos_renyi,100,4,722,67,3.163424050399405,25,67,0.373134328358209,7,15
v2_erdos_renyi_baseline_s14,v2,erdos_renyi_baseline,14,erdos_renyi,100,4,723,19,2.5649493574485365,13,19,0.6842105263157895,61,31
v2_erdos_renyi_baseline_s14,v2,erdos_renyi_baseline,14,erdos_renyi,100,4,724,137,3.842572297904196,59,137,0.4306569343065693,8,93
v2_erdos_renyi_baseline_s14,v2,erdos_renyi_baseline,14,erdos_renyi,100,4,725,205,4.135461724894859,74,205,0.36097560975609755,23,93
v2_erdos_renyi_baseline_s14,v2,erdos_renyi_baseline,14,erdos_renyi,100,4,726,227,4.074571831201186,86,227,0.3788546255506608,97,9
v2_erdos_renyi_baseline_s14,v2,erdos_renyi_baseline,14,erdos_renyi,100,4,727,10000,-1.000088900581841e-12,3582,10000,0.3582,47,47
v2_erdos_renyi_baseline_s14,v2,erdos_renyi_baseline,14,erdos_renyi,100,4,728,133,3.813438745815229,48,133,0.3609022556390977,6,9
v2_erdos_renyi_baseline_s14,v2,erdos_renyi_baseline,14,erdos_renyi,100,4,729,21,1.846220219314633,11,21,0.5238095238095238,62,15
v2_erdos_renyi_baseline_s14,v2,erdos_renyi_baseline,14,erdos_renyi,100,4,730,31,2.484906649776,12,31,0.3870967741935484,78,93
v2_erdos_renyi_baseline_s14,v2,erdos_renyi_baseline,14,erdos_renyi,100,4,731,75,3.183672971458787,28,75,0.37333333333333335,25,93
v2_erdos_renyi_baseline_s14,v2,erdos_renyi_baseline,14,erdos_renyi,100,4,732,175,3.972278536085264,73,175,0.41714285714285715,80,93
v2_erdos_renyi_baseline_s14,v2,erdos_renyi_baseline,14,erdos_renyi,100,4,733,144,3.4206684511848344,51,144,0.3541666666666667,59,53
v2_erdos_renyi_baseline_s14,v2,erdos_renyi_baseline,14,erdos_renyi,100,4,734,0,0.0,0,0,,31,31
v2_erdos_renyi_baseline_s14,v2,erdos_renyi_baseline,14,erdos_renyi,100,4,735,175,3.97803954075338,72,175,0.4114285714285714,81,93
v2_erdos_renyi_baseline_s14,v2,erdos_renyi_baseline,14,erdos_renyi,100,4,736,15,1.0986122886651095,3,15,0.2,60,93
v2_erdos_renyi_baseline_s14,v2,erdos_renyi_baseline,14,erdos_renyi,100,4,737,380,4.676727729129054,147,380,0.3868421052631579,74,53
v2_erdos_renyi_baseline_s14,v2,erdos_renyi_baseline,14,erdos_renyi,100,4,738,10000,-1.000088900581841e-12,3686,10000,0.3686,35,35
v2_erdos_renyi_baseline_s14,v2,erdos_renyi_baseline,14,erdos_renyi,100,4,739,9,1.5607104090364068,6,9,0.6666666666666666,66,15
v2_erdos_renyi_baseline_s14,v2,erdos_renyi_baseline,14,erdos_renyi,100,4,740,5,1.0986122886651095,3,5,0.6,48,9
v2_erdos_renyi_baseline_s14,v2,erdos_renyi_baseline,14,erdos_renyi,100,4,741,136,3.4345397974881053,43,136,0.3161764705882353,83,53
v2_erdos_renyi_baseline_s14,v2,erdos_renyi_baseline,14,erdos_renyi,100,4,742,113,3.5066205580617207,42,113,0.37168141592920356,25,93
v2_erdos_renyi_baseline_s14,v2,erdos_renyi_baseline,14,erdos_renyi,100,4,743,1,-1.000088900581841e-12,1,1,1.0,55,93
v2_erdos_renyi_baseline_s14,v2,erdos_renyi_baseline,14,erdos_renyi,100,4,744,60,2.668078702201483,23,60,0.38333333333333336,73,53
v2_erdos_renyi_baseline_s14,v2,erdos_renyi_baseline,14,erdos_renyi,100,4,745,2,-1.000088900581841e-12,1,2,0.5,77,53
v2_erdos_renyi_baseline_s14,v2,erdos_renyi_baseline,14,erdos_renyi,100,4,746,164,3.7482452058925424,54,164,0.32926829268292684,64,93
v2_erdos_renyi_baseline_s14,v2,erdos_renyi_baseline,14,erdos_renyi,100,4,747,57,3.1780538303239454,24,57,0.42105263157894735,87,53
v2_erdos_renyi_baseline_s14,v2,erdos_renyi_baseline,14,erdos_renyi,100,4,748,180,3.953663031221348,67,180,0.37222222222222223,59,15
v2_erdos_renyi_baseline_s14,v2,erdos_renyi_baseline,14,erdos_renyi,100,4,749,35,2.302585092984045,10,35,0.2857142857142857,65,15
v2_erdos_renyi_baseline_s14,v2,erdos_renyi_baseline,14,erdos_renyi,100,4,750,35,2.772588722223781,16,35,0.45714285714285713,48,53
v2_erdos_renyi_baseline_s14,v2,erdos_renyi_baseline,14,erdos_renyi,100,4,751,115,3.472414980727339,39,115,0.3391304347826087,64,53
v2_erdos_renyi_baseline_s14,v2,erdos_renyi_baseline,14,erdos_renyi,100,4,752,102,3.5213776090567093,39,102,0.38235294117647056,97,53
v2_erdos_renyi_baseline_s14,v2,erdos_renyi_baseline,14,erdos_renyi,100,4,753,141,3.400531897431786,65,141,0.46099290780141844,80,31
v2_erdos_renyi_baseline_s14,v2,erdos_renyi_baseline,14,erdos_renyi,100,4,754,87,3.312615876945234,33,87,0.3793103448275862,45,9
v2_erdos_renyi_baseline_s14,v2,erdos_renyi_baseline,14,erdos_renyi,100,4,755,97,3.768367728570317,46,97,0.4742268041237113,95,15
v2_erdos_renyi_baseline_s14,v2,erdos_renyi_baseline,14,erdos_renyi,100,4,756,178,3.970261913747038,69,178,0.38764044943820225,0,93
v2_erdos_renyi_baseline_s14,v2,erdos_renyi_baseline,14,erdos_renyi,100,4,757,89,3.2631392422717336,35,89,0.39325842696629215,43,53
v2_erdos_renyi_baseline_s14,v2,erdos_renyi_baseline,14,erdos_renyi,100,4,758,2,-1.000088900581841e-12,1,2,0.5,4,53
v2_erdos_renyi_baseline_s14,v2,erdos_renyi_baseline,14,erdos_renyi,100,4,759,172,4.045702194481556,69,172,0.4011627906976744,10,93
v2_erdos_renyi_baseline_s14,v2,erdos_renyi_baseline,14,erdos_renyi,100,4,760,43,2.9785084205072385,21,43,0.4883720930232558,76,15
v2_erdos_renyi_baseline_s14,v2,erdos_renyi_baseline,14,erdos_renyi,100,4,761,124,3.808622205392716,56,124,0.45161290322580644,45,9
v2_erdos_renyi_baseline_s14,v2,erdos_renyi_baseline,14,erdos_renyi,100,4,762,213,4.078161040710067,77,213,0.3615023474178404,2,53
v2_erdos_renyi_baseline_s14,v2,erdos_renyi_baseline,14,erdos_renyi,100,4,763,319,4.436219695696712,117,319,0.3667711598746082,95,53
v2_erdos_renyi_baseline_s14,v2,erdos_renyi_baseline,14,erdos_renyi,100,4,764,102,3.5726345752559063,42,102,0.4117647058823529,37,53
v2_erdos_renyi_baseline_s14,v2,erdos_renyi_baseline,14,erdos_renyi,100,4,765,99,3.3071040554882205,34,99,0.3434343434343434,78,31
v2_erdos_renyi_baseline_s14,v2,erdos_renyi_baseline,14,erdos_renyi,100,4,766,30,2.369382119683676,12,30,0.4,2,53
v2_erdos_renyi_baseline_s14,v2,erdos_renyi_baseline,14,erdos_renyi,100,4,767,18,1.791759469222055,6,18,0.3333333333333333,17,93
v2_erdos_renyi_baseline_s14,v2,erdos_renyi_baseline,14,erdos_renyi,100,4,768,15,1.791759469222055,6,15,0.4,58,53
v2_erdos_renyi_baseline_s14,v2,erdos_renyi_baseline,14,erdos_renyi,100,4,769,245,4.2706250385395785,100,245,0.40816326530612246,83,53
v2_erdos_renyi_baseline_s14,v2,erdos_renyi_baseline,14,erdos_renyi,100,4,770,76,3.204777524107256,26,76,0.34210526315789475,43,53
v2_erdos_renyi_baseline_s14,v2,erdos_renyi_baseline,14,erdos_renyi,100,4,771,26,2.484906649776,12,26,0.46153846153846156,4,31
v2_erdos_renyi_baseline_s14,v2,erdos_renyi_baseline,14,erdos_renyi,100,4,772,117,3.579388963696679,45,117,0.38461538461538464,50,15
v2_erdos_renyi_baseline_s14,v2,erdos_renyi_baseline,14,erdos_renyi,100,4,773,122,3.86566592398464,53,122,0.4344262295081967,63,93
v2_erdos_renyi_baseline_s14,v2,erdos_renyi_baseline,14,erdos_renyi,100,4,774,65,3.2238860684653137,29,65,0.4461538461538462,20,15
v2_erdos_renyi_baseline_s14,v2,erdos_renyi_baseline,14,erdos_renyi,100,4,775,22,2.197224577327219,9,22,0.4090909090909091,42,9
v2_erdos_renyi_baseline_s14,v2,erdos_renyi_baseline,14,erdos_renyi,100,4,776,52,2.9957322735339904,20,52,0.38461538461538464,64,15
v2_erdos_renyi_baseline_s14,v2,erdos_renyi_baseline,14,erdos_renyi,100,4,777,0,0.0,0,0,,93,93
v2_erdos_renyi_baseline_s14,v2,erdos_renyi_baseline,14,erdos_renyi,100,4,778,46,3.10797227595561,25,46,0.5434782608695652,58,53
v2_erdos_renyi_baseline_s14,v2,erdos_renyi_baseline,14,erdos_renyi,100,4,779,121,3.750361689789087,49,121,0.4049586776859504,13,53
v2_erdos_renyi_baseline_s14,v2,erdos_renyi_baseline,14,erdos_renyi,100,4,780,143,3.828020274700557,62,143,0.43356643356643354,65,53
v2_erdos_renyi_baseline_s14,v2,erdos_renyi_baseline,14,erdos_renyi,100,4,781,0,0.0,0,0,,93,93
v2_erdos_renyi_baseline_s14,v2,erdos_renyi_baseline,14,erdos_renyi,100,4,782,57,3.098139496330803,26,57,0.45614035087719296,42,53
v2_erdos_renyi_baseline_s14,v2,erdos_renyi_baseline,14,erdos_renyi,100,4,783,218,4.185699354016462,85,218,0.38990825688073394,19,31
v2_erdos_renyi_baseline_s14,v2,erdos_renyi_baseline,14,erdos_renyi,100,4,784,123,3.632545289508276,47,123,0.3821138211382114,72,93
v2_erdos_renyi_baseline_s14,v2,erdos_renyi_baseline,14,erdos_renyi,100,4,785,60,2.947004770141297,24,60,0.4,75,93
v2_erdos_renyi_baseline_s14,v2,erdos_renyi_baseline,14,erdos_renyi,100,4,786,55,3.10797227595561,25,55,0.45454545454545453,36,53
v2_erdos_renyi_baseline_s14,v2,erdos_renyi_baseline,14,erdos_renyi,100,4,787,235,4.373753470719695,91,235,0.3872340425531915,94,93
v2_erdos_renyi_baseline_s14,v2,erdos_renyi_baseline,14,erdos_renyi,100,4,788,122,3.68074666190204,59,122,0.48360655737704916,86,53
v2_erdos_renyi_baseline_s14,v2,erdos_renyi_baseline,14,erdos_renyi,100,4,789,643,4.9739612299443765,244,643,0.37947122861586313,57,93
v2_erdos_renyi_baseline_s14,v2,erdos_renyi_baseline,14,erdos_renyi,100,4,790,216,4.165351161684432,89,216,0.41203703703703703,96,31
v2_erdos_renyi_baseline_s14,v2,erdos_renyi_baseline,14,erdos_renyi,100,4,791,137,3.960054870875457,59,137,0.4306569343065693,41,53
v2_erdos_renyi_baseline_s14,v2,erdos_renyi_baseline,14,erdos_renyi,100,4,792,170,3.880771249602397,71,170,0.4176470588235294,54,53
v2_erdos_renyi_baseline_s14,v2,erdos_renyi_baseline,14,erdos_renyi,100,4,793,520,4.975636794327652,226,520,0.4346153846153846,81,31
v2_erdos_renyi_baseline_s14,v2,erdos_renyi_baseline,14,erdos_renyi,100,4,794,9,0.6931471805579453,2,9,0.2222222222222222,37,93
v2_erdos_renyi_baseline_s14,v2,erdos_renyi_baseline,14,erdos_renyi,100,4,795,320,4.529957543713264,134,320,0.41875,7,53
v2_erdos_renyi_baseline_s14,v2,erdos_renyi_baseline,14,erdos_renyi,100,4,796,281,4.543361478901283,120,281,0.42704626334519574,14,15
v2_erdos_renyi_baseline_s14,v2,erdos_renyi_baseline,14,erdos_renyi,100,4,797,91,3.295483596701502,38,91,0.4175824175824176,56,93
v2_erdos_renyi_baseline_s14,v2,erdos_renyi_baseline,14,erdos_renyi,100,4,798,93,3.605641583852999,42,93,0.45161290322580644,7,93
v2_erdos_renyi_baseline_s14,v2,erdos_renyi_baseline,14,erdos_renyi,100,4,799,42,2.61563057701355,15,42,0.35714285714285715,66,93
v2_erdos_renyi_baseline_s14,v2,erdos_renyi_baseline,14,erdos_renyi,100,4,800,58,2.579624673594574,19,58,0.3275862068965517,13,53
v2_erdos_renyi_baseline_s14,v2,erdos_renyi_baseline,14,erdos_renyi,100,4,801,97,3.363267070336762,34,97,0.35051546391752575,2,31
v2_erdos_renyi_baseline_s14,v2,erdos_renyi_baseline,14,erdos_renyi,100,4,802,382,4.572582225234812,178,382,0.46596858638743455,6,31
v2_erdos_renyi_baseline_s14,v2,erdos_renyi_baseline,14,erdos_renyi,100,4,803,122,3.6121358939014394,41,122,0.3360655737704918,87,15
v2_erdos_renyi_baseline_s14,v2,erdos_renyi_baseline,14,erdos_renyi,100,4,804,209,4.238951979324976,88,209,0.42105263157894735,83,53
v2_erdos_renyi_baseline_s14,v2,erdos_renyi_baseline,14,erdos_renyi,100,4,805,54,3.1514585102190296,26,54,0.48148148148148145,6,15
v2_erdos_renyi_baseline_s14,v2,erdos_renyi_baseline,14,erdos_renyi,100,4,806,109,3.606308599241318,46,109,0.42201834862385323,51,15
v2_erdos_renyi_baseline_s14,v2,erdos_renyi_baseline,14,erdos_renyi,100,4,807,43,2.9650156932365066,22,43,0.5116279069767442,62,15
v2_erdos_renyi_baseline_s14,v2,erdos_renyi_baseline,14,erdos_renyi,100,4,808,91,3.286462961268799,33,91,0.3626373626373626,59,93
v2_erdos_renyi_baseline_s14,v2,erdos_renyi_baseline,14,erdos_renyi,100,4,809,29,2.523210952939891,15,29,0.5172413793103449,12,53
v2_erdos_renyi_baseline_s14,v2,erdos_renyi_baseline,14,erdos_renyi,100,4,810,245,4.112925219230168,88,245,0.35918367346938773,11,15
v2_erdos_renyi_baseline_s14,v2,erdos_renyi_baseline,14,erdos_renyi,100,4,811,130,3.897125545560404,57,130,0.43846153846153846,40,15
v2_erdos_renyi_baseline_s14,v2,erdos_renyi_baseline,14,erdos_renyi,100,4,812,136,3.4502855905397403,39,136,0.2867647058823529,29,93
v2_erdos_renyi_baseline_s14,v2,erdos_renyi_baseline,14,erdos_renyi,100,4,813,183,4.1764933876107335,83,183,0.453551912568306,86,15
v2_erdos_renyi_baseline_s14,v2,erdos_renyi_baseline,14,erdos_renyi,100,4,814,257,4.395762964584731,103,257,0.40077821011673154,79,93
v2_erdos_renyi_baseline_s14,v2,erdos_renyi_baseline,14,erdos_renyi,100,4,815,67,3.052520501511814,25,67,0.373134328358209,81,31
v2_erdos_renyi_baseline_s14,v2,erdos_renyi_baseline,14,erdos_renyi,100,4,816,14,1.791759469222055,6,14,0.42857142857142855,39,53
v2_erdos_renyi_baseline_s14,v2,erdos_renyi_baseline,14,erdos_renyi,100,4,817,39,2.751666616915516,17,39,0.4358974358974359,1,93
v2_erdos_renyi_baseline_s14,v2,erdos_renyi_baseline,14,erdos_renyi,100,4,818,61,3.098139496330803,26,61,0.4262295081967213,11,53
v2_erdos_renyi_baseline_s14,v2,erdos_renyi_baseline,14,erdos_renyi,100,4,819,46,3.218875824843201,25,46,0.5434782608695652,39,31
v2_erdos_renyi_baseline_s14,v2,erdos_renyi_baseline,14,erdos_renyi,100,4,820,27,2.4583113296710835,13,27,0.48148148148148145,84,15
v2_erdos_renyi_baseline_s14,v2,erdos_renyi_baseline,14,erdos_renyi,100,4,821,47,3.204777524107256,26,47,0.5531914893617021,55,93
v2_erdos_renyi_baseline_s14,v2,erdos_renyi_baseline,14,erdos_renyi,100,4,822,134,3.355951727944136,47,134,0.35074626865671643,63,93
v2_erdos_renyi_baseline_s14,v2,erdos_renyi_baseline,14,erdos_renyi,100,4,823,176,3.95628642280468,70,176,0.3977272727272727,75,15
v2_erdos_renyi_baseline_s14,v2,erdos_renyi_baseline,14,erdos_renyi,100,4,824,80,3.3486460064564074,37,80,0.4625,33,15
v2_erdos_renyi_baseline_s14,v2,erdos_renyi_baseline,14,erdos_renyi,100,4,825,4,1.0986122886651095,3,4,0.75,95,93
v2_erdos_renyi_baseline_s14,v2,erdos_renyi_baseline,14,erdos_renyi,100,4,826,23,1.7478680974607577,7,23,0.30434782608695654,29,93
v2_erdos_renyi_baseline_s14,v2,erdos_renyi_baseline,14,erdos_renyi,100,4,827,376,4.722549805574259,138,376,0.3670212765957447,77,53
v2_erdos_renyi_baseline_s14,v2,erdos_renyi_baseline,14,erdos_renyi,100,4,828,134,3.35459787552712,48,134,0.3582089552238806,36,53
v2_erdos_renyi_baseline_s14,v2,erdos_renyi_baseline,14,erdos_renyi,100,4,829,191,3.946754556514244,83,191,0.43455497382198954,34,53
v2_erdos_renyi_baseline_s14,v2,erdos_renyi_baseline,14,erdos_renyi,100,4,830,130,3.7015335051227902,55,130,0.4230769230769231,12,53
v2_erdos_renyi_baseline_s14,v2,erdos_renyi_baseline,14,erdos_renyi,100,4,831,141,4.033111364339891,63,141,0.44680851063829785,25,15
v2_erdos_renyi_baseline_s14,v2,erdos_renyi_baseline,14,erdos_renyi,100,4,832,10000,-1.000088900581841e-12,3709,10000,0.3709,35,35
v2_erdos_renyi_baseline_s14,v2,erdos_renyi_baseline,14,erdos_renyi,100,4,833,340,4.353024558758889,114,340,0.3352941176470588,4,93
v2_erdos_renyi_baseline_s14,v2,erdos_renyi_baseline,14,erdos_renyi,100,4,834,29,2.685945324654788,16,29,0.5517241379310345,43,15
v2_erdos_renyi_baseline_s14,v2,erdos_renyi_baseline,14,erdos_renyi,100,4,835,4,0.6931471805579453,2,4,0.5,49,53
v2_erdos_renyi_baseline_s14,v2,erdos_renyi_baseline,14,erdos_renyi,100,4,836,51,2.53275753716637,23,51,0.45098039215686275,3,53
v2_erdos_renyi_baseline_s14,v2,erdos_renyi_baseline,14,erdos_renyi,100,4,837,38,3.062529300232621,24,38,0.631578947368421,8,53
v2_erdos_renyi_baseline_s14,v2,erdos_renyi_baseline,14,erdos_renyi,100,4,838,153,3.731290168531232,51,153,0.3333333333333333,2,15
v2_erdos_renyi_baseline_s14,v2,erdos_renyi_baseline,14,erdos_renyi,100,4,839,654,4.990868058653183,236,654,0.36085626911314983,29,53
v2_erdos_renyi_baseline_s14,v2,erdos_renyi_baseline,14,erdos_renyi,100,4,840,156,3.548575759223393,49,156,0.3141025641025641,33,15
v2_erdos_renyi_baseline_s14,v2,erdos_renyi_baseline,14,erdos_renyi,100,4,841,45,2.282374376148249,17,45,0.37777777777777777,42,9
v2_erdos_renyi_baseline_s14,v2,erdos_renyi_baseline,14,erdos_renyi,100,4,842,525,4.760178333509037,199,525,0.379047619047619,76,9
v2_erdos_renyi_baseline_s14,v2,erdos_renyi_baseline,14,erdos_renyi,100,4,843,20,1.791759469222055,6,20,0.3,90,53
v2_erdos_renyi_baseline_s14,v2,erdos_renyi_baseline,14,erdos_renyi,100,4,844,0,0.0,0,0,,9,9
v2_erdos_renyi_baseline_s14,v2,erdos_renyi_baseline,14,erdos_renyi,100,4,845,0,0.0,0,0,,9,9
v2_erdos_renyi_baseline_s14,v2,erdos_renyi_baseline,14,erdos_renyi,100,4,846,22,1.9459101490483133,7,22,0.3181818181818182,96,15
v2_erdos_renyi_baseline_s14,v2,erdos_renyi_baseline,14,erdos_renyi,100,4,847,0,0.0,0,0,,15,15
v2_erdos_renyi_baseline_s14,v2,erdos_renyi_baseline,14,erdos_renyi,100,4,848,0,0.0,0,0,,15,15
v2_erdos_renyi_baseline_s14,v2,erdos_renyi_baseline,14,erdos_renyi,100,4,849,125,3.4486969711901256,42,125,0.336,64,93
v2_erdos_renyi_baseline_s14,v2,erdos_renyi_baseline,14,erdos_renyi,100,4,850,166,3.891590149383159,67,166,0.4036144578313253,85,9
v2_erdos_renyi_baseline_s14,v2,erdos_renyi_baseline,14,erdos_renyi,100,4,851,15,1.8891591637470213,9,15,0.6,81,15
v2_erdos_renyi_baseline_s14,v2,erdos_renyi_baseline,14,erdos_renyi,100,4,852,345,4.453150514148206,151,345,0.43768115942028984,58,93
v2_erdos_renyi_baseline_s14,v2,erdos_renyi_baseline,14,erdos_renyi,100,4,853,479,4.718092121951875,187,479,0.3903966597077244,0,31
v2_erdos_renyi_baseline_s14,v2,erdos_renyi_baseline,14,erdos_renyi,100,4,854,105,3.466999389204428,46,105,0.4380952380952381,57,15
v2_erdos_renyi_baseline_s14,v2,erdos_renyi_baseline,14,erdos_renyi,100,4,855,102,3.612135893901438,41,102,0.4019607843137255,27,53
v2_erdos_renyi_baseline_s14,v2,erdos_renyi_baseline,14,erdos_renyi,100,4,856,17,2.0253262207620675,10,17,0.5882352941176471,20,53
v2_erdos_renyi_baseline_s14,v2,erdos_renyi_baseline,14,erdos_renyi,100,4,857,58,2.8332133440392155,17,58,0.29310344827586204,39,53
v2_erdos_renyi_baseline_s14,v2,erdos_renyi_baseline,14,erdos_renyi,100,4,858,337,4.568815590117474,142,337,0.42136498516320475,64,15
v2_erdos_renyi_baseline_s14,v2,erdos_renyi_baseline,14,erdos_renyi,100,4,859,49,3.163424050399405,25,49,0.5102040816326531,14,53
v2_erdos_renyi_baseline_s14,v2,erdos_renyi_baseline,14,erdos_renyi,100,4,860,252,4.1904470635157125,97,252,0.38492063492063494,32,15
v2_erdos_renyi_baseline_s14,v2,erdos_renyi_baseline,14,erdos_renyi,100,4,861,132,3.786710656109511,59,132,0.44696969696969696,51,53
v2_erdos_renyi_baseline_s14,v2,erdos_renyi_baseline,14,erdos_renyi,100,4,862,122,3.483052926965649,51,122,0.4180327868852459,97,93
v2_erdos_renyi_baseline_s14,v2,erdos_renyi_baseline,14,erdos_renyi,100,4,863,6,0.6931471805579453,2,6,0.3333333333333333,44,15
v2_erdos_renyi_baseline_s14,v2,erdos_renyi_baseline,14,erdos_renyi,100,4,864,0,0.0,0,0,,53,53
v2_erdos_renyi_baseline_s14,v2,erdos_renyi_baseline,14,erdos_renyi,100,4,865,79,2.889242505095635,24,79,0.3037974683544304,72,93
v2_erdos_renyi_baseline_s14,v2,erdos_renyi_baseline,14,erdos_renyi,100,4,866,90,3.0351414327703696,28,90,0.3111111111111111,43,93
v2_erdos_renyi_baseline_s14,v2,erdos_renyi_baseline,14,erdos_renyi,100,4,867,0,0.0,0,0,,53,53
v2_erdos_renyi_baseline_s14,v2,erdos_renyi_baseline,14,erdos_renyi,100,4,868,231,4.159236523683459,85,231,0.36796536796536794,81,93
v2_erdos_renyi_baseline_s14,v2,erdos_renyi_baseline,14,erdos_renyi,100,4,869,246,4.373125840208326,107,246,0.4349593495934959,77,15
v2_erdos_renyi_baseline_s14,v2,erdos_renyi_baseline,14,erdos_renyi,100,4,870,101,3.37644338427611,36,101,0.3564356435643564,21,15
v2_erdos_renyi_baseline_s14,v2,erdos_renyi_baseline,14,erdos_renyi,100,4,871,17,1.9459101490483133,7,17,0.4117647058823529,51,53
v2_erdos_renyi_baseline_s14,v2,erdos_renyi_baseline,14,erdos_renyi,100,4,872,20,1.9459101490483133,7,20,0.35,12,53
v2_erdos_renyi_baseline_s14,v2,erdos_renyi_baseline,14,erdos_renyi,100,4,873,10000,-1.000088900581841e-12,3679,10000,0.3679,47,47
v2_erdos_renyi_baseline_s14,v2,erdos_renyi_baseline,14,erdos_renyi,100,4,874,27,2.197224577327219,9,27,0.3333333333333333,0,53
v2_erdos_renyi_baseline_s14,v2,erdos_renyi_baseline,14,erdos_renyi,100,4,875,111,3.370480801334671,33,111,0.2972972972972973,11,93
v2_erdos_renyi_baseline_s14,v2,erdos_renyi_baseline,14,erdos_renyi,100,4,876,7,1.0986122886651095,3,7,0.42857142857142855,28,93
v2_erdos_renyi_baseline_s14,v2,erdos_renyi_baseline,14,erdos_renyi,100,4,877,333,4.379952041578157,116,333,0.3483483483483483,44,9
v2_erdos_renyi_baseline_s14,v2,erdos_renyi_baseline,14,erdos_renyi,100,4,878,138,3.773393569271157,50,138,0.36231884057971014,12,15
v2_erdos_renyi_baseline_s14,v2,erdos_renyi_baseline,14,erdos_renyi,100,4,879,70,3.0280290732864104,22,70,0.3142857142857143,50,53
v2_erdos_renyi_baseline_s14,v2,erdos_renyi_baseline,14,erdos_renyi,100,4,880,10000,-1.000088900581841e-12,3650,10000,0.365,35,35
v2_erdos_renyi_baseline_s14,v2,erdos_renyi_baseline,14,erdos_renyi,100,4,881,65,3.0047670351869598,24,65,0.36923076923076925,82,93
v2_erdos_renyi_baseline_s14,v2,erdos_renyi_baseline,14,erdos_renyi,100,4,882,215,3.9975948507393504,91,215,0.4232558139534884,33,53
v2_erdos_renyi_baseline_s14,v2,erdos_renyi_baseline,14,erdos_renyi,100,4,883,104,3.2828949078452725,37,104,0.3557692307692308,84,93
v2_erdos_renyi_baseline_s14,v2,erdos_renyi_baseline,14,erdos_renyi,100,4,884,124,3.600639628117684,53,124,0.4274193548387097,3,93
v2_erdos_renyi_baseline_s14,v2,erdos_renyi_baseline,14,erdos_renyi,100,4,885,147,3.824162684451831,57,147,0.3877551020408163,38,53
v2_erdos_renyi_baseline_s14,v2,erdos_renyi_baseline,14,erdos_renyi,100,4,886,170,4.0006146018167135,66,170,0.38823529411764707,42,15
v2_erdos_renyi_baseline_s14,v2,erdos_renyi_baseline,14,erdos_renyi,100,4,887,145,3.733400898060714,61,145,0.4206896551724138,6,15
v2_erdos_renyi_baseline_s14,v2,erdos_renyi_baseline,14,erdos_renyi,100,4,888,7,1.3862943611158909,4,7,0.5714285714285714,56,15
v2_erdos_renyi_baseline_s14,v2,erdos_renyi_baseline,14,erdos_renyi,100,4,889,182,4.035801805797043,72,182,0.3956043956043956,6,53
v2_erdos_renyi_baseline_s14,v2,erdos_renyi_baseline,14,erdos_renyi,100,4,890,105,3.407599532268442,42,105,0.4,10,53
v2_erdos_renyi_baseline_s14,v2,erdos_renyi_baseline,14,erdos_renyi,100,4,891,24,2.079441541671836,8,24,0.3333333333333333,66,9
v2_erdos_renyi_baseline_s14,v2,erdos_renyi_baseline,14,erdos_renyi,100,4,892,32,2.540036303807981,14,32,0.4375,72,31
v2_erdos_renyi_baseline_s14,v2,erdos_renyi_baseline,14,erdos_renyi,100,4,893,28,2.253857589591352,12,28,0.42857142857142855,17,53
v2_erdos_renyi_baseline_s14,v2,erdos_renyi_baseline,14,erdos_renyi,100,4,894,253,4.43941336481619,104,253,0.41106719367588934,78,53
v2_erdos_renyi_baseline_s14,v2,erdos_renyi_baseline,14,erdos_renyi,100,4,895,51,2.912494403312053,21,51,0.4117647058823529,13,93
v2_erdos_renyi_baseline_s14,v2,erdos_renyi_baseline,14,erdos_renyi,100,4,896,135,3.3177507439861054,43,135,0.31851851851851853,12,53
v2_erdos_renyi_baseline_s14,v2,erdos_renyi_baseline,14,erdos_renyi,100,4,897,123,3.652629782939221,45,123,0.36585365853658536,57,15
v2_erdos_renyi_baseline_s14,v2,erdos_renyi_baseline,14,erdos_renyi,100,4,898,22,2.639057329601259,14,22,0.6363636363636364,56,93
v2_erdos_renyi_baseline_s14,v2,erdos_renyi_baseline,14,erdos_renyi,100,4,899,22,1.9061547465328492,8,22,0.36363636363636365,7,15
v2_erdos_renyi_baseline_s14,v2,erdos_renyi_baseline,14,erdos_renyi,100,4,900,12,1.039720770836918,4,12,0.3333333333333333,85,15
v2_erdos_renyi_baseline_s14,v2,erdos_renyi_baseline,14,erdos_renyi,100,4,901,98,3.5924696275736783,39,98,0.3979591836734694,49,53
v2_erdos_renyi_baseline_s14,v2,erdos_renyi_baseline,14,erdos_renyi,100,4,902,71,3.3322045101472035,28,71,0.39436619718309857,98,31
v2_erdos_renyi_baseline_s14,v2,erdos_renyi_baseline,14,erdos_renyi,100,4,903,0,0.0,0,0,,15,15
v2_erdos_renyi_baseline_s14,v2,erdos_renyi_baseline,14,erdos_renyi,100,4,904,42,2.287773229150281,19,42,0.4523809523809524,4,9
v2_erdos_renyi_baseline_s14,v2,erdos_renyi_baseline,14,erdos_renyi,100,4,905,10000,-1.000088900581841e-12,3727,10000,0.3727,47,47
v2_erdos_renyi_baseline_s14,v2,erdos_renyi_baseline,14,erdos_renyi,100,4,906,1,-1.000088900581841e-12,1,1,1.0,7,15
v2_erdos_renyi_baseline_s14,v2,erdos_renyi_baseline,14,erdos_renyi,100,4,907,88,3.2826939972510645,28,88,0.3181818181818182,79,15
v2_erdos_renyi_baseline_s14,v2,erdos_renyi_baseline,14,erdos_renyi,100,4,908,17,1.9459101490483133,7,17,0.4117647058823529,50,93
v2_erdos_renyi_baseline_s14,v2,erdos_renyi_baseline,14,erdos_renyi,100,4,909,141,3.5513511143732286,52,141,0.36879432624113473,34,93
v2_erdos_renyi_baseline_s14,v2,erdos_renyi_baseline,14,erdos_renyi,100,4,910,274,4.1857585676989455,114,274,0.41605839416058393,63,93
v2_erdos_renyi_baseline_s14,v2,erdos_renyi_baseline,14,erdos_renyi,100,4,911,81,3.10797227595561,25,81,0.30864197530864196,44,53
v2_erdos_renyi_baseline_s14,v2,erdos_renyi_baseline,14,erdos_renyi,100,4,912,38,2.302585092984045,10,38,0.2631578947368421,28,15
v2_erdos_renyi_baseline_s14,v2,erdos_renyi_baseline,14,erdos_renyi,100,4,913,107,3.5849073769929456,40,107,0.37383177570093457,87,93
v2_erdos_renyi_baseline_s14,v2,erdos_renyi_baseline,14,erdos_renyi,100,4,914,47,2.857102837424001,20,47,0.425531914893617,19,9
v2_erdos_renyi_baseline_s14,v2,erdos_renyi_baseline,14,erdos_renyi,100,4,915,10000,-1.000088900581841e-12,3666,10000,0.3666,35,35
v2_erdos_renyi_baseline_s14,v2,erdos_renyi_baseline,14,erdos_renyi,100,4,916,108,3.102571276779554,33,108,0.3055555555555556,10,93
v2_erdos_renyi_baseline_s14,v2,erdos_renyi_baseline,14,erdos_renyi,100,4,917,39,2.5400363038079807,14,39,0.358974358974359,23,15
v2_erdos_renyi_baseline_s14,v2,erdos_renyi_baseline,14,erdos_renyi,100,4,918,240,4.1994999238131605,83,240,0.3458333333333333,44,93
v2_erdos_renyi_baseline_s14,v2,erdos_renyi_baseline,14,erdos_renyi,100,4,919,0,0.0,0,0,,93,93
v2_erdos_renyi_baseline_s14,v2,erdos_renyi_baseline,14,erdos_renyi,100,4,920,407,4.701382160294058,162,407,0.39803439803439805,67,93
v2_erdos_renyi_baseline_s14,v2,erdos_renyi_baseline,14,erdos_renyi,100,4,921,166,3.790218074962267,72,166,0.43373493975903615,22,15
v2_erdos_renyi_baseline_s14,v2,erdos_renyi_baseline,14,erdos_renyi,100,4,922,97,3.4753416030969198,45,97,0.4639175257731959,66,93
v2_erdos_renyi_baseline_s14,v2,erdos_renyi_baseline,14,erdos_renyi,100,4,923,116,3.5066205580617207,42,116,0.3620689655172414,14,9
v2_erdos_renyi_baseline_s14,v2,erdos_renyi_baseline,14,erdos_renyi,100,4,924,195,3.989102019544434,63,195,0.3230769230769231,1,15
v2_erdos_renyi_baseline_s14,v2,erdos_renyi_baseline,14,erdos_renyi,100,4,925,8,1.3862943611158909,4,8,0.5,45,15
v2_erdos_renyi_baseline_s14,v2,erdos_renyi_baseline,14,erdos_renyi,100,4,926,90,3.4502855905397403,39,90,0.43333333333333335,68,15
v2_erdos_renyi_baseline_s14,v2,erdos_renyi_baseline,14,erdos_renyi,100,4,927,220,4.193967553522085,79,220,0.35909090909090907,28,15
v2_erdos_renyi_baseline_s14,v2,erdos_renyi_baseline,14,erdos_renyi,100,4,928,83,3.062529300232621,24,83,0.2891566265060241,48,53
v2_erdos_renyi_baseline_s14,v2,erdos_renyi_baseline,14,erdos_renyi,100,4,929,130,3.5735540401009183,47,130,0.36153846153846153,58,53
v2_erdos_renyi_baseline_s14,v2,erdos_renyi_baseline,14,erdos_renyi,100,4,930,239,4.238125416210363,93,239,0.3891213389121339,37,15
v2_erdos_renyi_baseline_s14,v2,erdos_renyi_baseline,14,erdos_renyi,100,4,931,0,0.0,0,0,,15,15
v2_erdos_renyi_baseline_s14,v2,erdos_renyi_baseline,14,erdos_renyi,100,4,932,108,3.7786534114435946,49,108,0.4537037037037037,49,15
v2_erdos_renyi_baseline_s14,v2,erdos_renyi_baseline,14,erdos_renyi,100,4,933,297,4.297417528849515,112,297,0.3771043771043771,95,53
v2_erdos_renyi_baseline_s14,v2,erdos_renyi_baseline,14,erdos_renyi,100,4,934,39,2.813355404483615,18,39,0.46153846153846156,58,93
v2_erdos_renyi_baseline_s14,v2,erdos_renyi_baseline,14,erdos_renyi,100,4,935,39,2.772588722223781,16,39,0.41025641025641024,26,15
v2_erdos_renyi_baseline_s14,v2,erdos_renyi_baseline,14,erdos_renyi,100,4,936,11,1.6094379124291005,5,11,0.45454545454545453,92,53
v2_erdos_renyi_baseline_s14,v2,erdos_renyi_baseline,14,erdos_renyi,100,4,937,154,4.137960977987407,68,154,0.44155844155844154,55,15
v2_erdos_renyi_baseline_s14,v2,erdos_renyi_baseline,14,erdos_renyi,100,4,938,126,3.433305662828139,47,126,0.373015873015873,64,15
v2_erdos_renyi_baseline_s14,v2,erdos_renyi_baseline,14,erdos_renyi,100,4,939,150,3.745766062369954,55,150,0.36666666666666664,20,31
v2_erdos_renyi_baseline_s14,v2,erdos_renyi_baseline,14,erdos_renyi,100,4,940,10000,-1.000088900581841e-12,3668,10000,0.3668,47,47
v2_erdos_renyi_baseline_s14,v2,erdos_renyi_baseline,14,erdos_renyi,100,4,941,20,1.791759469222055,6,20,0.3,56,15
v2_erdos_renyi_baseline_s14,v2,erdos_renyi_baseline,14,erdos_renyi,100,4,942,14,1.9459101490483133,7,14,0.5,45,9
v2_erdos_renyi_baseline_s14,v2,erdos_renyi_baseline,14,erdos_renyi,100,4,943,116,3.5646232985788124,38,116,0.3275862068965517,89,15
v2_erdos_renyi_baseline_s14,v2,erdos_renyi_baseline,14,erdos_renyi,100,4,944,36,2.751666616915516,17,36,0.4722222222222222,0,15
v2_erdos_renyi_baseline_s14,v2,erdos_renyi_baseline,14,erdos_renyi,100,4,945,7,0.6931471805579453,2,7,0.2857142857142857,88,9
v2_erdos_renyi_baseline_s14,v2,erdos_renyi_baseline,14,erdos_renyi,100,4,946,55,3.1780538303239454,24,55,0.43636363636363634,72,53
v2_erdos_renyi_baseline_s14,v2,erdos_renyi_baseline,14,erdos_renyi,100,4,947,222,4.053272801212868,83,222,0.3738738738738739,33,53
v2_erdos_renyi_baseline_s14,v2,erdos_renyi_baseline,14,erdos_renyi,100,4,948,55,2.775975553086795,22,55,0.4,44,53
v2_erdos_renyi_baseline_s14,v2,erdos_renyi_baseline,14,erdos_renyi,100,4,949,201,4.090578778969806,81,201,0.40298507462686567,37,93
v2_erdos_renyi_baseline_s14,v2,erdos_renyi_baseline,14,erdos_renyi,100,4,950,60,3.2580965379954825,26,60,0.43333333333333335,74,9
v2_erdos_renyi_baseline_s14,v2,erdos_renyi_baseline,14,erdos_renyi,100,4,951,167,3.867750820620436,65,167,0.38922155688622756,78,93
v2_erdos_renyi_baseline_s14,v2,erdos_renyi_baseline,14,erdos_renyi,100,4,952,51,3.0752205480323718,23,51,0.45098039215686275,70,15
v2_erdos_renyi_baseline_s14,v2,erdos_renyi_baseline,14,erdos_renyi,100,4,953,26,2.302585092984045,10,26,0.38461538461538464,14,15
v2_erdos_renyi_baseline_s14,v2,erdos_renyi_baseline,14,erdos_renyi,100,4,954,73,3.120291565278284,24,73,0.3287671232876712,30,93
v2_erdos_renyi_baseline_s14,v2,erdos_renyi_baseline,14,erdos_renyi,100,4,955,163,4.025029844109107,60,163,0.36809815950920244,22,15
v2_erdos_renyi_baseline_s14,v2,erdos_renyi_baseline,14,erdos_renyi,100,4,956,113,3.595149493727549,44,113,0.3893805309734513,25,15
v2_erdos_renyi_baseline_s14,v2,erdos_renyi_baseline,14,erdos_renyi,100,4,957,2,0.6931471805579453,2,2,1.0,16,53
v2_erdos_renyi_baseline_s14,v2,erdos_renyi_baseline,14,erdos_renyi,100,4,958,18,1.054920167983144,5,18,0.2777777777777778,7,15
v2_erdos_renyi_baseline_s14,v2,erdos_renyi_baseline,14,erdos_renyi,100,4,959,8,1.0986122886651095,3,8,0.375,55,93
v2_erdos_renyi_baseline_s14,v2,erdos_renyi_baseline,14,erdos_renyi,100,4,960,40,2.1639556568730565,10,40,0.25,57,15
v2_erdos_renyi_baseline_s14,v2,erdos_renyi_baseline,14,erdos_renyi,100,4,961,64,3.308777757559496,30,64,0.46875,4,9
v2_erdos_renyi_baseline_s14,v2,erdos_renyi_baseline,14,erdos_renyi,100,4,962,393,4.554407855460831,146,393,0.37150127226463103,49,53
v2_erdos_renyi_baseline_s14,v2,erdos_renyi_baseline,14,erdos_renyi,100,4,963,236,4.163172735185756,79,236,0.3347457627118644,29,53
v2_erdos_renyi_baseline_s14,v2,erdos_renyi_baseline,14,erdos_renyi,100,4,964,48,2.9957322735339904,20,48,0.4166666666666667,14,93
v2_erdos_renyi_baseline_s14,v2,erdos_renyi_baseline,14,erdos_renyi,100,4,965,14,1.9061547465328492,8,14,0.5714285714285714,67,15
v2_erdos_renyi_baseline_s14,v2,erdos_renyi_baseline,14,erdos_renyi,100,4,966,219,4.061593638340022,76,219,0.3470319634703196,87,93
v2_erdos_renyi_baseline_s14,v2,erdos_renyi_baseline,14,erdos_renyi,100,4,967,496,4.846109975565245,198,496,0.39919354838709675,19,31
v2_erdos_renyi_baseline_s14,v2,erdos_renyi_baseline,14,erdos_renyi,100,4,968,26,2.484906649776,12,26,0.46153846153846156,22,15
v2_erdos_renyi_baseline_s14,v2,erdos_renyi_baseline,14,erdos_renyi,100,4,969,135,3.616487393382223,54,135,0.4,64,53
v2_erdos_renyi_baseline_s14,v2,erdos_renyi_baseline,14,erdos_renyi,100,4,970,113,3.624299170288877,50,113,0.4424778761061947,28,53
v2_erdos_renyi_baseline_s14,v2,erdos_renyi_baseline,14,erdos_renyi,100,4,971,11,1.3862943611158909,4,11,0.36363636363636365,73,53
v2_erdos_renyi_baseline_s14,v2,erdos_renyi_baseline,14,erdos_renyi,100,4,972,150,3.894821633012519,69,150,0.46,19,93
v2_erdos_renyi_baseline_s14,v2,erdos_renyi_baseline,14,erdos_renyi,100,4,973,143,3.667492043225127,61,143,0.42657342657342656,40,15
v2_erdos_renyi_baseline_s14,v2,erdos_renyi_baseline,14,erdos_renyi,100,4,974,8,1.3862943611158909,4,8,0.5,66,15
v2_erdos_renyi_baseline_s14,v2,erdos_renyi_baseline,14,erdos_renyi,100,4,975,35,2.61563057701355,15,35,0.42857142857142855,33,53
v2_erdos_renyi_baseline_s14,v2,erdos_renyi_baseline,14,erdos_renyi,100,4,976,311,4.48960076869155,126,311,0.40514469453376206,98,53
v2_erdos_renyi_baseline_s14,v2,erdos_renyi_baseline,14,erdos_renyi,100,4,977,161,3.8833429068325542,60,161,0.37267080745341613,76,15
v2_erdos_renyi_baseline_s14,v2,erdos_renyi_baseline,14,erdos_renyi,100,4,978,183,3.941053728216163,74,183,0.40437158469945356,48,53
v2_erdos_renyi_baseline_s14,v2,erdos_renyi_baseline,14,erdos_renyi,100,4,979,122,3.5677636931747174,43,122,0.3524590163934426,16,53
v2_erdos_renyi_baseline_s14,v2,erdos_renyi_baseline,14,erdos_renyi,100,4,980,71,3.042475876188332,31,71,0.43661971830985913,11,93
v2_erdos_renyi_baseline_s14,v2,erdos_renyi_baseline,14,erdos_renyi,100,4,981,0,0.0,0,0,,53,53
v2_erdos_renyi_baseline_s14,v2,erdos_renyi_baseline,14,erdos_renyi,100,4,982,384,4.5233437818340505,161,384,0.4192708333333333,24,15
v2_erdos_renyi_baseline_s14,v2,erdos_renyi_baseline,14,erdos_renyi,100,4,983,0,0.0,0,0,,15,15
v2_erdos_renyi_baseline_s14,v2,erdos_renyi_baseline,14,erdos_renyi,100,4,984,12,1.791759469222055,6,12,0.5,10,15
v2_erdos_renyi_baseline_s14,v2,erdos_renyi_baseline,14,erdos_renyi,100,4,985,109,3.67795722676115,46,109,0.42201834862385323,79,93
v2_erdos_renyi_baseline_s14,v2,erdos_renyi_baseline,14,erdos_renyi,100,4,986,97,3.5605876796463907,48,97,0.4948453608247423,11,53
v2_erdos_renyi_baseline_s14,v2,erdos_renyi_baseline,14,erdos_renyi,100,4,987,65,3.271689322296034,29,65,0.4461538461538462,8,93
v2_erdos_renyi_baseline_s14,v2,erdos_renyi_baseline,14,erdos_renyi,100,4,988,123,3.775394885754237,51,123,0.4146341463414634,24,15
v2_erdos_renyi_baseline_s14,v2,erdos_renyi_baseline,14,erdos_renyi,100,4,989,117,3.587546014424116,49,117,0.4188034188034188,51,9
v2_erdos_renyi_baseline_s14,v2,erdos_renyi_baseline,14,erdos_renyi,100,4,990,242,4.318745956252956,90,242,0.371900826446281,69,9
v2_erdos_renyi_baseline_s14,v2,erdos_renyi_baseline,14,erdos_renyi,100,4,991,154,3.725010830605414,53,154,0.34415584415584416,68,15
v2_erdos_renyi_baseline_s14,v2,erdos_renyi_baseline,14,erdos_renyi,100,4,992,425,4.661657927404519,162,425,0.3811764705882353,95,93
v2_erdos_renyi_baseline_s14,v2,erdos_renyi_baseline,14,erdos_renyi,100,4,993,61,2.871476118036867,19,61,0.3114754098360656,94,53
v2_erdos_renyi_baseline_s14,v2,erdos_renyi_baseline,14,erdos_renyi,100,4,994,242,4.229801174745317,92,242,0.38016528925619836,49,9
v2_erdos_renyi_baseline_s14,v2,erdos_renyi_baseline,14,erdos_renyi,100,4,995,34,2.2718685126865625,11,34,0.3235294117647059,66,53
v2_erdos_renyi_baseline_s14,v2,erdos_renyi_baseline,14,erdos_renyi,100,4,996,0,0.0,0,0,,53,53
v2_erdos_renyi_baseline_s14,v2,erdos_renyi_baseline,14,erdos_renyi,100,4,997,46,2.9034007581609185,24,46,0.5217391304347826,61,53
v2_erdos_renyi_baseline_s14,v2,erdos_renyi_baseline,14,erdos_renyi,100,4,998,0,0.0,0,0,,53,53
v2_erdos_renyi_baseline_s14,v2,erdos_renyi_baseline,14,erdos_renyi,100,4,999,295,4.425987419866464,114,295,0.3864406779661017,70,9
