run_id,validation_version,condition,seed,topology,n_nodes,degree,episode_idx,hitting_time,path_entropy,accepted_moves,attempted_moves,accept_rate,start_node,final_node
v2_baseline_s4,v2,baseline,4,random_regular,100,4,0,12,-1.000088900581841e-12,1,12,0.08333333333333333,15,63
v2_baseline_s4,v2,baseline,4,random_regular,100,4,1,0,0.0,0,0,,60,60
v2_baseline_s4,v2,baseline,4,random_regular,100,4,2,205,4.07685790013512,72,205,0.35121951219512193,97,25
v2_baseline_s4,v2,baseline,4,random_regular,100,4,3,92,3.308777757559495,30,92,0.32608695652173914,85,63
v2_baseline_s4,v2,baseline,4,random_regular,100,4,4,9,1.0986122886651095,3,9,0.3333333333333333,5,46
v2_baseline_s4,v2,baseline,4,random_regular,100,4,5,1,-1.000088900581841e-12,1,1,1.0,31,63
v2_baseline_s4,v2,baseline,4,random_regular,100,4,6,112,3.66448190441264,43,112,0.38392857142857145,14,60
v2_baseline_s4,v2,baseline,4,random_regular,100,4,7,18,1.0114042647043515,6,18,0.3333333333333333,57,73
v2_baseline_s4,v2,baseline,4,random_regular,100,4,8,86,3.244492630381296,27,86,0.313953488372093,66,60
v2_baseline_s4,v2,baseline,4,random_regular,100,4,9,71,3.238231540321239,31,71,0.43661971830985913,0,73
v2_baseline_s4,v2,baseline,4,random_regular,100,4,10,173,3.9258981067650103,62,173,0.3583815028901734,92,25
v2_baseline_s4,v2,baseline,4,random_regular,100,4,11,27,2.197224577327219,9,27,0.3333333333333333,50,63
v2_baseline_s4,v2,baseline,4,random_regular,100,4,12,106,3.331965027256288,38,106,0.3584905660377358,19,46
v2_baseline_s4,v2,baseline,4,random_regular,100,4,13,1,-1.000088900581841e-12,1,1,1.0,64,46
v2_baseline_s4,v2,baseline,4,random_regular,100,4,14,0,0.0,0,0,,63,63
v2_baseline_s4,v2,baseline,4,random_regular,100,4,15,8,1.0986122886651095,3,8,0.375,88,63
v2_baseline_s4,v2,baseline,4,random_regular,100,4,16,22,1.5607104090364068,6,22,0.2727272727272727,70,46
v2_baseline_s4,v2,baseline,4,random_regular,100,4,17,5,1.3862943611158909,4,5,0.8,59,63
v2_baseline_s4,v2,baseline,4,random_regular,100,4,18,24,1.798652206245129,11,24,0.4583333333333333,2,73
v2_baseline_s4,v2,baseline,4,random_regular,100,4,19,146,3.778743782518747,63,146,0.4315068493150685,78,46
v2_baseline_s4,v2,baseline,4,random_regular,100,4,20,10,1.3862943611158909,4,10,0.4,4,46
v2_baseline_s4,v2,baseline,4,random_regular,100,4,21,15,1.3862943611158909,4,15,0.26666666666666666,3,63
v2_baseline_s4,v2,baseline,4,random_regular,100,4,22,300,4.615517691297857,117,300,0.39,61,60
v2_baseline_s4,v2,baseline,4,random_regular,100,4,23,17,2.079441541671836,8,17,0.47058823529411764,72,60
v2_baseline_s4,v2,baseline,4,random_regular,100,4,24,191,3.854574699588376,60,191,0.31413612565445026,33,46
v2_baseline_s4,v2,baseline,4,random_regular,100,4,25,8,1.3862943611158909,4,8,0.5,84,60
v2_baseline_s4,v2,baseline,4,random_regular,100,4,26,202,4.22447390537922,85,202,0.4207920792079208,12,60
v2_baseline_s4,v2,baseline,4,random_regular,100,4,27,51,2.5993019270857944,16,51,0.3137254901960784,62,60
v2_baseline_s4,v2,baseline,4,random_regular,100,4,28,84,3.1707331124899243,33,84,0.39285714285714285,99,25
v2_baseline_s4,v2,baseline,4,random_regular,100,4,29,36,2.5649493574485365,13,36,0.3611111111111111,70,25
v2_baseline_s4,v2,baseline,4,random_regular,100,4,30,168,3.788148062088105,63,168,0.375,61,46
v2_baseline_s4,v2,baseline,4,random_regular,100,4,31,212,4.214320420470155,85,212,0.4009433962264151,58,60
v2_baseline_s4,v2,baseline,4,random_regular,100,4,32,7,-1.000088900581841e-12,1,7,0.14285714285714285,31,63
v2_baseline_s4,v2,baseline,4,random_regular,100,4,33,77,3.151458510219029,26,77,0.33766233766233766,98,63
v2_baseline_s4,v2,baseline,4,random_regular,100,4,34,122,3.652629782939221,45,122,0.36885245901639346,45,46
v2_baseline_s4,v2,baseline,4,random_regular,100,4,35,107,3.4368689714688543,39,107,0.3644859813084112,42,73
v2_baseline_s4,v2,baseline,4,random_regular,100,4,36,74,3.2238860684653137,29,74,0.3918918918918919,19,63
v2_baseline_s4,v2,baseline,4,random_regular,100,4,37,40,2.894399544411038,23,40,0.575,67,73
v2_baseline_s4,v2,baseline,4,random_regular,100,4,38,0,0.0,0,0,,73,73
v2_baseline_s4,v2,baseline,4,random_regular,100,4,39,4,0.6931471805579453,2,4,0.5,49,60
v2_baseline_s4,v2,baseline,4,random_regular,100,4,40,54,2.814359184731863,27,54,0.5,32,63
v2_baseline_s4,v2,baseline,4,random_regular,100,4,41,16,1.791759469222055,6,16,0.375,17,63
v2_baseline_s4,v2,baseline,4,random_regular,100,4,42,69,3.2285980368793616,33,69,0.4782608695652174,22,60
v2_baseline_s4,v2,baseline,4,random_regular,100,4,43,17,1.0986122886651095,3,17,0.17647058823529413,56,25
v2_baseline_s4,v2,baseline,4,random_regular,100,4,44,127,3.732165102848344,47,127,0.3700787401574803,20,25
v2_baseline_s4,v2,baseline,4,random_regular,100,4,45,158,4.062782422076308,70,158,0.4430379746835443,93,60
v2_baseline_s4,v2,baseline,4,random_regular,100,4,46,25,1.9459101490483133,7,25,0.28,7,63
v2_baseline_s4,v2,baseline,4,random_regular,100,4,47,88,2.9957322735339904,20,88,0.22727272727272727,57,25
v2_baseline_s4,v2,baseline,4,random_regular,100,4,48,147,3.810207170702765,59,147,0.4013605442176871,19,46
v2_baseline_s4,v2,baseline,4,random_regular,100,4,49,11,1.6094379124291005,5,11,0.45454545454545453,1,73
v2_baseline_s4,v2,baseline,4,random_regular,100,4,50,42,2.685945324654788,16,42,0.38095238095238093,36,25
v2_baseline_s4,v2,baseline,4,random_regular,100,4,51,46,2.8332133440392155,17,46,0.3695652173913043,42,60
v2_baseline_s4,v2,baseline,4,random_regular,100,4,52,66,3.1836729714587872,28,66,0.42424242424242425,74,25
v2_baseline_s4,v2,baseline,4,random_regular,100,4,53,0,0.0,0,0,,63,63
v2_baseline_s4,v2,baseline,4,random_regular,100,4,54,50,3.135494215906149,23,50,0.46,20,63
v2_baseline_s4,v2,baseline,4,random_regular,100,4,55,201,4.044759882232544,75,201,0.373134328358209,89,60
v2_baseline_s4,v2,baseline,4,random_regular,100,4,56,5,1.3862943611158909,4,5,0.8,65,46
v2_baseline_s4,v2,baseline,4,random_regular,100,4,57,4,-1.000088900581841e-12,1,4,0.25,31,63
v2_baseline_s4,v2,baseline,4,random_regular,100,4,58,80,3.5359830822784195,37,80,0.4625,30,60
v2_baseline_s4,v2,baseline,4,random_regular,100,4,59,31,2.0431918705371204,9,31,0.2903225806451613,10,73
v2_baseline_s4,v2,baseline,4,random_regular,100,4,60,62,2.991501468554349,26,62,0.41935483870967744,0,46
v2_baseline_s4,v2,baseline,4,random_regular,100,4,61,117,3.696900970297509,54,117,0.46153846153846156,82,73
v2_baseline_s4,v2,baseline,4,random_regular,100,4,62,39,2.8332133440392155,17,39,0.4358974358974359,65,25
v2_baseline_s4,v2,baseline,4,random_regular,100,4,63,99,3.3573060098708574,35,99,0.35353535353535354,22,25
v2_baseline_s4,v2,baseline,4,random_regular,100,4,64,224,4.255568281393831,94,224,0.41964285714285715,53,60
v2_baseline_s4,v2,baseline,4,random_regular,100,4,65,13,1.3862943611158909,4,13,0.3076923076923077,56,73
v2_baseline_s4,v2,baseline,4,random_regular,100,4,66,28,2.079441541671836,8,28,0.2857142857142857,90,60
v2_baseline_s4,v2,baseline,4,random_regular,100,4,67,11,1.3862943611158909,4,11,0.36363636363636365,92,73
v2_baseline_s4,v2,baseline,4,random_regular,100,4,68,80,3.120291565278284,24,80,0.3,79,60
v2_baseline_s4,v2,baseline,4,random_regular,100,4,69,92,3.485587161020812,34,92,0.3695652173913043,77,25
v2_baseline_s4,v2,baseline,4,random_regular,100,4,70,1,-1.000088900581841e-12,1,1,1.0,5,60
v2_baseline_s4,v2,baseline,4,random_regular,100,4,71,154,3.895099034106584,62,154,0.4025974025974026,80,63
v2_baseline_s4,v2,baseline,4,random_regular,100,4,72,6,0.6931471805579453,2,6,0.3333333333333333,89,73
v2_baseline_s4,v2,baseline,4,random_regular,100,4,73,38,2.7080502010872096,15,38,0.39473684210526316,37,25
v2_baseline_s4,v2,baseline,4,random_regular,100,4,74,31,2.2718685126865625,11,31,0.3548387096774194,48,63
v2_baseline_s4,v2,baseline,4,random_regular,100,4,75,3,0.6931471805579453,2,3,0.6666666666666666,99,73
v2_baseline_s4,v2,baseline,4,random_regular,100,4,76,12,1.6094379124291005,5,12,0.4166666666666667,86,60
v2_baseline_s4,v2,baseline,4,random_regular,100,4,77,114,3.5875467249519843,46,114,0.40350877192982454,43,25
v2_baseline_s4,v2,baseline,4,random_regular,100,4,78,119,3.390131832259234,43,119,0.36134453781512604,41,60
v2_baseline_s4,v2,baseline,4,random_regular,100,4,79,45,3.10797227595561,25,45,0.5555555555555556,11,60
v2_baseline_s4,v2,baseline,4,random_regular,100,4,80,3,0.6931471805579453,2,3,0.6666666666666666,51,25
v2_baseline_s4,v2,baseline,4,random_regular,100,4,81,10,1.3862943611158909,4,10,0.4,12,46
v2_baseline_s4,v2,baseline,4,random_regular,100,4,82,115,3.8692299951685385,58,115,0.5043478260869565,89,25
v2_baseline_s4,v2,baseline,4,random_regular,100,4,83,64,3.062529300232621,24,64,0.375,43,60
v2_baseline_s4,v2,baseline,4,random_regular,100,4,84,0,0.0,0,0,,46,46
v2_baseline_s4,v2,baseline,4,random_regular,100,4,85,18,1.9459101490483133,7,18,0.3888888888888889,74,73
v2_baseline_s4,v2,baseline,4,random_regular,100,4,86,232,4.287054436475392,99,232,0.4267241379310345,74,46
v2_baseline_s4,v2,baseline,4,random_regular,100,4,87,114,3.4858315997982245,39,114,0.34210526315789475,31,63
v2_baseline_s4,v2,baseline,4,random_regular,100,4,88,30,2.441015278014703,14,30,0.4666666666666667,24,46
v2_baseline_s4,v2,baseline,4,random_regular,100,4,89,20,2.302585092984045,10,20,0.5,31,60
v2_baseline_s4,v2,baseline,4,random_regular,100,4,90,39,2.4583113296710835,13,39,0.3333333333333333,50,63
v2_baseline_s4,v2,baseline,4,random_regular,100,4,91,40,2.7985132569262934,19,40,0.475,11,60
v2_baseline_s4,v2,baseline,4,random_regular,100,4,92,2,-1.000088900581841e-12,1,2,0.5,5,60
v2_baseline_s4,v2,baseline,4,random_regular,100,4,93,30,1.9722469794154416,11,30,0.36666666666666664,10,60
v2_baseline_s4,v2,baseline,4,random_regular,100,4,94,54,3.078014567724474,26,54,0.48148148148148145,80,46
v2_baseline_s4,v2,baseline,4,random_regular,100,4,95,16,2.079441541671836,8,16,0.5,38,73
v2_baseline_s4,v2,baseline,4,random_regular,100,4,96,89,3.488737420386817,44,89,0.4943820224719101,10,73
v2_baseline_s4,v2,baseline,4,random_regular,100,4,97,6,0.6931471805579453,2,6,0.3333333333333333,41,25
v2_baseline_s4,v2,baseline,4,random_regular,100,4,98,60,3.028029073286411,22,60,0.36666666666666664,24,73
v2_baseline_s4,v2,baseline,4,random_regular,100,4,99,15,2.197224577327219,9,15,0.6,47,60
v2_baseline_s4,v2,baseline,4,random_regular,100,4,100,159,3.9689711675145354,74,159,0.46540880503144655,2,60
v2_baseline_s4,v2,baseline,4,random_regular,100,4,101,81,3.244454041235864,33,81,0.4074074074074074,85,63
v2_baseline_s4,v2,baseline,4,random_regular,100,4,102,67,3.052520501511814,25,67,0.373134328358209,37,25
v2_baseline_s4,v2,baseline,4,random_regular,100,4,103,0,0.0,0,0,,73,73
v2_baseline_s4,v2,baseline,4,random_regular,100,4,104,18,1.9459101490483133,7,18,0.3888888888888889,0,60
v2_baseline_s4,v2,baseline,4,random_regular,100,4,105,7,1.3862943611158909,4,7,0.5714285714285714,74,25
v2_baseline_s4,v2,baseline,4,random_regular,100,4,106,169,4.084632441880585,66,169,0.3905325443786982,99,73
v2_baseline_s4,v2,baseline,4,random_regular,100,4,107,30,2.197224577327219,9,30,0.3,43,46
v2_baseline_s4,v2,baseline,4,random_regular,100,4,108,15,1.7478680974607577,7,15,0.4666666666666667,49,46
v2_baseline_s4,v2,baseline,4,random_regular,100,4,109,57,2.7985132569262934,19,57,0.3333333333333333,3,63
v2_baseline_s4,v2,baseline,4,random_regular,100,4,110,37,3.044522437702424,21,37,0.5675675675675675,67,73
v2_baseline_s4,v2,baseline,4,random_regular,100,4,111,141,3.977845220178408,69,141,0.48936170212765956,27,25
v2_baseline_s4,v2,baseline,4,random_regular,100,4,112,12,1.9459101490483133,7,12,0.5833333333333334,66,25
v2_baseline_s4,v2,baseline,4,random_regular,100,4,113,55,3.062529300232621,24,55,0.43636363636363634,48,60
v2_baseline_s4,v2,baseline,4,random_regular,100,4,114,3,0.6931471805579453,2,3,0.6666666666666666,5,73
v2_baseline_s4,v2,baseline,4,random_regular,100,4,115,69,3.135494215906149,23,69,0.3333333333333333,19,25
v2_baseline_s4,v2,baseline,4,random_regular,100,4,116,10,1.6094379124291005,5,10,0.5,53,46
v2_baseline_s4,v2,baseline,4,random_regular,100,4,117,29,2.302585092984045,10,29,0.3448275862068966,90,46
v2_baseline_s4,v2,baseline,4,random_regular,100,4,118,112,3.544511778726858,41,112,0.36607142857142855,5,60
v2_baseline_s4,v2,baseline,4,random_regular,100,4,119,134,3.89182242136326,53,134,0.39552238805970147,48,63
v2_baseline_s4,v2,baseline,4,random_regular,100,4,120,151,3.799818102836966,66,151,0.4370860927152318,23,60
v2_baseline_s4,v2,baseline,4,random_regular,100,4,121,70,2.9957322735339904,20,70,0.2857142857142857,71,63
v2_baseline_s4,v2,baseline,4,random_regular,100,4,122,1,-1.000088900581841e-12,1,1,1.0,42,73
v2_baseline_s4,v2,baseline,4,random_regular,100,4,123,7,1.6094379124291005,5,7,0.7142857142857143,98,60
v2_baseline_s4,v2,baseline,4,random_regular,100,4,124,106,3.6070382459427694,50,106,0.4716981132075472,65,63
v2_baseline_s4,v2,baseline,4,random_regular,100,4,125,14,1.6094379124291005,5,14,0.35714285714285715,92,25
v2_baseline_s4,v2,baseline,4,random_regular,100,4,126,10,0.6931471805579453,2,10,0.2,49,73
v2_baseline_s4,v2,baseline,4,random_regular,100,4,127,66,3.10797227595561,25,66,0.3787878787878788,85,46
v2_baseline_s4,v2,baseline,4,random_regular,100,4,128,112,3.444438602057172,47,112,0.41964285714285715,83,46
v2_baseline_s4,v2,baseline,4,random_regular,100,4,129,244,4.313207352149827,99,244,0.4057377049180328,72,60
v2_baseline_s4,v2,baseline,4,random_regular,100,4,130,261,4.210310763725633,102,261,0.39080459770114945,13,73
v2_baseline_s4,v2,baseline,4,random_regular,100,4,131,77,2.9713765399480208,26,77,0.33766233766233766,4,73
v2_baseline_s4,v2,baseline,4,random_regular,100,4,132,9,1.3862943611158909,4,9,0.4444444444444444,30,60
v2_baseline_s4,v2,baseline,4,random_regular,100,4,133,13,1.791759469222055,6,13,0.46153846153846156,52,60
v2_baseline_s4,v2,baseline,4,random_regular,100,4,134,15,2.197224577327219,9,15,0.6,53,46
v2_baseline_s4,v2,baseline,4,random_regular,100,4,135,14,-1.000088900581841e-12,1,14,0.07142857142857142,42,73
v2_baseline_s4,v2,baseline,4,random_regular,100,4,136,229,4.0127299297062855,83,229,0.3624454148471616,75,60
v2_baseline_s4,v2,baseline,4,random_regular,100,4,137,4,-1.000088900581841e-12,1,4,0.25,80,25
v2_baseline_s4,v2,baseline,4,random_regular,100,4,138,35,2.7080502010872096,15,35,0.42857142857142855,17,73
v2_baseline_s4,v2,baseline,4,random_regular,100,4,139,165,4.01802766542626,69,165,0.41818181818181815,45,73
v2_baseline_s4,v2,baseline,4,random_regular,100,4,140,39,2.5993019270857944,16,39,0.41025641025641024,26,63
v2_baseline_s4,v2,baseline,4,random_regular,100,4,141,40,2.751666616915516,17,40,0.425,47,63
v2_baseline_s4,v2,baseline,4,random_regular,100,4,142,6,-1.000088900581841e-12,1,6,0.16666666666666666,51,63
v2_baseline_s4,v2,baseline,4,random_regular,100,4,143,42,2.8332133440392155,17,42,0.40476190476190477,20,73
v2_baseline_s4,v2,baseline,4,random_regular,100,4,144,273,4.423407375495265,125,273,0.45787545787545786,44,46
v2_baseline_s4,v2,baseline,4,random_regular,100,4,145,30,2.079441541671836,8,30,0.26666666666666666,96,73
v2_baseline_s4,v2,baseline,4,random_regular,100,4,146,2,-1.000088900581841e-12,1,2,0.5,47,25
v2_baseline_s4,v2,baseline,4,random_regular,100,4,147,0,0.0,0,0,,63,63
v2_baseline_s4,v2,baseline,4,random_regular,100,4,148,69,3.110236521363716,29,69,0.42028985507246375,95,46
v2_baseline_s4,v2,baseline,4,random_regular,100,4,149,13,2.197224577327219,9,13,0.6923076923076923,50,25
v2_baseline_s4,v2,baseline,4,random_regular,100,4,150,6,0.6931471805579453,2,6,0.3333333333333333,57,73
v2_baseline_s4,v2,baseline,4,random_regular,100,4,151,89,3.370480801334671,33,89,0.3707865168539326,37,63
v2_baseline_s4,v2,baseline,4,random_regular,100,4,152,111,3.6003698151638166,48,111,0.43243243243243246,82,25
v2_baseline_s4,v2,baseline,4,random_regular,100,4,153,185,3.870690948492201,85,185,0.4594594594594595,44,63
v2_baseline_s4,v2,baseline,4,random_regular,100,4,154,17,1.0986122886651095,3,17,0.17647058823529413,82,46
v2_baseline_s4,v2,baseline,4,random_regular,100,4,155,0,0.0,0,0,,25,25
v2_baseline_s4,v2,baseline,4,random_regular,100,4,156,7,1.0986122886651095,3,7,0.42857142857142855,31,60
v2_baseline_s4,v2,baseline,4,random_regular,100,4,157,24,2.197224577327219,9,24,0.375,65,46
v2_baseline_s4,v2,baseline,4,random_regular,100,4,158,92,3.5233557279458467,43,92,0.4673913043478261,57,63
v2_baseline_s4,v2,baseline,4,random_regular,100,4,159,1,-1.000088900581841e-12,1,1,1.0,21,60
v2_baseline_s4,v2,baseline,4,random_regular,100,4,160,222,4.091225872584754,88,222,0.3963963963963964,29,60
v2_baseline_s4,v2,baseline,4,random_regular,100,4,161,179,4.020580424401303,74,179,0.4134078212290503,10,60
v2_baseline_s4,v2,baseline,4,random_regular,100,4,162,71,2.754331703541254,25,71,0.352112676056338,59,73
v2_baseline_s4,v2,baseline,4,random_regular,100,4,163,7,1.0986122886651095,3,7,0.42857142857142855,49,73
v2_baseline_s4,v2,baseline,4,random_regular,100,4,164,28,2.2718685126865625,11,28,0.39285714285714285,93,73
v2_baseline_s4,v2,baseline,4,random_regular,100,4,165,155,3.819580788510806,62,155,0.4,76,73
v2_baseline_s4,v2,baseline,4,random_regular,100,4,166,54,2.7985132569262934,19,54,0.35185185185185186,23,60
v2_baseline_s4,v2,baseline,4,random_regular,100,4,167,338,4.505435122417684,135,338,0.3994082840236686,28,63
v2_baseline_s4,v2,baseline,4,random_regular,100,4,168,13,1.7478680974607577,7,13,0.5384615384615384,20,60
v2_baseline_s4,v2,baseline,4,random_regular,100,4,169,67,3.2238860684653137,29,67,0.43283582089552236,98,46
v2_baseline_s4,v2,baseline,4,random_regular,100,4,170,25,2.0431918705371204,9,25,0.36,24,25
v2_baseline_s4,v2,baseline,4,random_regular,100,4,171,51,3.0752205480323718,23,51,0.45098039215686275,28,60
v2_baseline_s4,v2,baseline,4,random_regular,100,4,172,89,3.491660437469239,38,89,0.42696629213483145,12,46
v2_baseline_s4,v2,baseline,4,random_regular,100,4,173,138,3.76781837674423,60,138,0.43478260869565216,86,25
v2_baseline_s4,v2,baseline,4,random_regular,100,4,174,88,3.4175513062691563,41,88,0.4659090909090909,98,25
v2_baseline_s4,v2,baseline,4,random_regular,100,4,175,69,2.692291152659629,27,69,0.391304347826087,83,25
v2_baseline_s4,v2,baseline,4,random_regular,100,4,176,59,2.9957322735339904,20,59,0.3389830508474576,92,25
v2_baseline_s4,v2,baseline,4,random_regular,100,4,177,226,4.291833471281135,91,226,0.4026548672566372,3,46
v2_baseline_s4,v2,baseline,4,random_regular,100,4,178,219,4.2565216416194565,107,219,0.4885844748858447,76,60
v2_baseline_s4,v2,baseline,4,random_regular,100,4,179,56,2.8332133440392155,17,56,0.30357142857142855,84,60
v2_baseline_s4,v2,baseline,4,random_regular,100,4,180,28,2.685945324654788,16,28,0.5714285714285714,55,63
v2_baseline_s4,v2,baseline,4,random_regular,100,4,181,61,2.912494403312053,21,61,0.3442622950819672,4,46
v2_baseline_s4,v2,baseline,4,random_regular,100,4,182,71,3.271689322296034,29,71,0.4084507042253521,48,46
v2_baseline_s4,v2,baseline,4,random_regular,100,4,183,1,-1.000088900581841e-12,1,1,1.0,59,46
v2_baseline_s4,v2,baseline,4,random_regular,100,4,184,107,3.309681159782719,45,107,0.4205607476635514,9,63
v2_baseline_s4,v2,baseline,4,random_regular,100,4,185,75,3.4544986414005443,33,75,0.44,7,60
v2_baseline_s4,v2,baseline,4,random_regular,100,4,186,159,3.997783013196669,67,159,0.42138364779874216,79,25
v2_baseline_s4,v2,baseline,4,random_regular,100,4,187,144,3.817946183811361,52,144,0.3611111111111111,27,73
v2_baseline_s4,v2,baseline,4,random_regular,100,4,188,46,2.6701198897918164,17,46,0.3695652173913043,84,25
v2_baseline_s4,v2,baseline,4,random_regular,100,4,189,34,2.5649493574485365,13,34,0.38235294117647056,21,46
v2_baseline_s4,v2,baseline,4,random_regular,100,4,190,4,-1.000088900581841e-12,1,4,0.25,96,73
v2_baseline_s4,v2,baseline,4,random_regular,100,4,191,0,0.0,0,0,,25,25
v2_baseline_s4,v2,baseline,4,random_regular,100,4,192,4,1.0986122886651095,3,4,0.75,9,60
v2_baseline_s4,v2,baseline,4,random_regular,100,4,193,151,3.976042088376218,74,151,0.4900662251655629,39,46
v2_baseline_s4,v2,baseline,4,random_regular,100,4,194,11,1.6094379124291005,5,11,0.45454545454545453,92,46
v2_baseline_s4,v2,baseline,4,random_regular,100,4,195,72,3.5157396511377024,35,72,0.4861111111111111,72,46
v2_baseline_s4,v2,baseline,4,random_regular,100,4,196,8,1.0986122886651095,3,8,0.375,15,63
v2_baseline_s4,v2,baseline,4,random_regular,100,4,197,14,1.791759469222055,6,14,0.42857142857142855,61,46
v2_baseline_s4,v2,baseline,4,random_regular,100,4,198,210,4.251817190721202,83,210,0.3952380952380952,67,63
v2_baseline_s4,v2,baseline,4,random_regular,100,4,199,1,-1.000088900581841e-12,1,1,1.0,50,60
v2_baseline_s4,v2,baseline,4,random_regular,100,4,200,90,3.308777757559495,30,90,0.3333333333333333,58,25
v2_baseline_s4,v2,baseline,4,random_regular,100,4,201,12,1.3862943611158909,4,12,0.3333333333333333,18,60
v2_baseline_s4,v2,baseline,4,random_regular,100,4,202,20,1.9061547465328492,8,20,0.4,32,25
v2_baseline_s4,v2,baseline,4,random_regular,100,4,203,30,2.0253262207620675,10,30,0.3333333333333333,40,25
v2_baseline_s4,v2,baseline,4,random_regular,100,4,204,9,0.6931471805579453,2,9,0.2222222222222222,30,60
v2_baseline_s4,v2,baseline,4,random_regular,100,4,205,108,3.7845576132928977,48,108,0.4444444444444444,65,60
v2_baseline_s4,v2,baseline,4,random_regular,100,4,206,72,2.976138801317437,25,72,0.3472222222222222,36,73
v2_baseline_s4,v2,baseline,4,random_regular,100,4,207,20,2.09827373951625,11,20,0.55,8,63
v2_baseline_s4,v2,baseline,4,random_regular,100,4,208,189,4.159037759763849,81,189,0.42857142857142855,31,46
v2_baseline_s4,v2,baseline,4,random_regular,100,4,209,132,3.7216085647089,60,132,0.45454545454545453,26,63
v2_baseline_s4,v2,baseline,4,random_regular,100,4,210,1,-1.000088900581841e-12,1,1,1.0,91,60
v2_baseline_s4,v2,baseline,4,random_regular,100,4,211,2,-1.000088900581841e-12,1,2,0.5,93,46
v2_baseline_s4,v2,baseline,4,random_regular,100,4,212,10,1.9459101490483133,7,10,0.7,87,25
v2_baseline_s4,v2,baseline,4,random_regular,100,4,213,63,3.047277078254755,28,63,0.4444444444444444,93,25
v2_baseline_s4,v2,baseline,4,random_regular,100,4,214,65,3.308777757559495,30,65,0.46153846153846156,62,73
v2_baseline_s4,v2,baseline,4,random_regular,100,4,215,30,2.5649493574485365,13,30,0.43333333333333335,30,46
v2_baseline_s4,v2,baseline,4,random_regular,100,4,216,30,2.079441541671836,8,30,0.26666666666666666,78,25
v2_baseline_s4,v2,baseline,4,random_regular,100,4,217,22,2.369382119683676,12,22,0.5454545454545454,44,25
v2_baseline_s4,v2,baseline,4,random_regular,100,4,218,9,1.3862943611158909,4,9,0.4444444444444444,74,25
v2_baseline_s4,v2,baseline,4,random_regular,100,4,219,28,2.61563057701355,15,28,0.5357142857142857,76,63
v2_baseline_s4,v2,baseline,4,random_regular,100,4,220,8,1.0986122886651095,3,8,0.375,93,46
v2_baseline_s4,v2,baseline,4,random_regular,100,4,221,11,1.6094379124291005,5,11,0.45454545454545453,74,25
v2_baseline_s4,v2,baseline,4,random_regular,100,4,222,14,1.9459101490483133,7,14,0.5,95,46
v2_baseline_s4,v2,baseline,4,random_regular,100,4,223,132,3.676925683783432,51,132,0.38636363636363635,69,46
v2_baseline_s4,v2,baseline,4,random_regular,100,4,224,14,1.3862943611158909,4,14,0.2857142857142857,64,25
v2_baseline_s4,v2,baseline,4,random_regular,100,4,225,31,2.685945324654788,16,31,0.5161290322580645,8,25
v2_baseline_s4,v2,baseline,4,random_regular,100,4,226,27,2.019814992484946,11,27,0.4074074074074074,67,63
v2_baseline_s4,v2,baseline,4,random_regular,100,4,227,50,2.871476118036867,19,50,0.38,59,25
v2_baseline_s4,v2,baseline,4,random_regular,100,4,228,17,2.079441541671836,8,17,0.47058823529411764,26,60
v2_baseline_s4,v2,baseline,4,random_regular,100,4,229,9,1.0986122886651095,3,9,0.3333333333333333,64,25
v2_baseline_s4,v2,baseline,4,random_regular,100,4,230,57,3.1102365213637158,29,57,0.5087719298245614,69,73
v2_baseline_s4,v2,baseline,4,random_regular,100,4,231,57,3.233183484354926,28,57,0.49122807017543857,4,25
v2_baseline_s4,v2,baseline,4,random_regular,100,4,232,49,2.7985132569262934,19,49,0.3877551020408163,83,63
v2_baseline_s4,v2,baseline,4,random_regular,100,4,233,73,2.902002313186603,22,73,0.3013698630136986,31,63
v2_baseline_s4,v2,baseline,4,random_regular,100,4,234,8,1.3862943611158909,4,8,0.5,26,73
v2_baseline_s4,v2,baseline,4,random_regular,100,4,235,0,0.0,0,0,,63,63
v2_baseline_s4,v2,baseline,4,random_regular,100,4,236,100,3.6870132127308097,48,100,0.48,4,46
v2_baseline_s4,v2,baseline,4,random_regular,100,4,237,0,0.0,0,0,,25,25
v2_baseline_s4,v2,baseline,4,random_regular,100,4,238,0,0.0,0,0,,46,46
v2_baseline_s4,v2,baseline,4,random_regular,100,4,239,11,1.7478680974607577,7,11,0.6363636363636364,27,73
v2_baseline_s4,v2,baseline,4,random_regular,100,4,240,49,2.871476118036867,19,49,0.3877551020408163,69,63
v2_baseline_s4,v2,baseline,4,random_regular,100,4,241,8,1.3862943611158909,4,8,0.5,57,60
v2_baseline_s4,v2,baseline,4,random_regular,100,4,242,52,2.9444389791474395,19,52,0.36538461538461536,37,60
v2_baseline_s4,v2,baseline,4,random_regular,100,4,243,23,2.369382119683676,12,23,0.5217391304347826,70,60
v2_baseline_s4,v2,baseline,4,random_regular,100,4,244,17,1.6094379124291005,5,17,0.29411764705882354,59,46
v2_baseline_s4,v2,baseline,4,random_regular,100,4,245,27,2.639057329601259,14,27,0.5185185185185185,9,46
v2_baseline_s4,v2,baseline,4,random_regular,100,4,246,98,3.6121358939014394,41,98,0.41836734693877553,23,63
v2_baseline_s4,v2,baseline,4,random_regular,100,4,247,68,3.308777757559495,30,68,0.4411764705882353,38,25
v2_baseline_s4,v2,baseline,4,random_regular,100,4,248,24,2.3978952727873706,11,24,0.4583333333333333,1,63
v2_baseline_s4,v2,baseline,4,random_regular,100,4,249,53,2.838988933136699,22,53,0.41509433962264153,67,73
v2_baseline_s4,v2,baseline,4,random_regular,100,4,250,92,3.363267070336762,34,92,0.3695652173913043,37,46
v2_baseline_s4,v2,baseline,4,random_regular,100,4,251,2,0.6931471805579453,2,2,1.0,17,25
v2_baseline_s4,v2,baseline,4,random_regular,100,4,252,13,1.6094379124291005,5,13,0.38461538461538464,79,73
v2_baseline_s4,v2,baseline,4,random_regular,100,4,253,3,1.0986122886651095,3,3,1.0,27,60
v2_baseline_s4,v2,baseline,4,random_regular,100,4,254,35,2.8903717578781647,18,35,0.5142857142857142,23,73
v2_baseline_s4,v2,baseline,4,random_regular,100,4,255,1,-1.000088900581841e-12,1,1,1.0,49,73
v2_baseline_s4,v2,baseline,4,random_regular,100,4,256,0,0.0,0,0,,60,60
v2_baseline_s4,v2,baseline,4,random_regular,100,4,257,80,3.231285650957504,37,80,0.4625,88,73
v2_baseline_s4,v2,baseline,4,random_regular,100,4,258,13,1.3321790402061222,5,13,0.38461538461538464,12,60
v2_baseline_s4,v2,baseline,4,random_regular,100,4,259,165,3.75434552890908,59,165,0.3575757575757576,1,46
v2_baseline_s4,v2,baseline,4,random_regular,100,4,260,19,2.302585092984045,10,19,0.5263157894736842,94,73
v2_baseline_s4,v2,baseline,4,random_regular,100,4,261,32,2.484906649776,12,32,0.375,43,60
v2_baseline_s4,v2,baseline,4,random_regular,100,4,262,77,3.1931483947852626,27,77,0.35064935064935066,90,73
v2_baseline_s4,v2,baseline,4,random_regular,100,4,263,74,3.379092505199735,32,74,0.43243243243243246,22,73
v2_baseline_s4,v2,baseline,4,random_regular,100,4,264,156,3.695355358331231,55,156,0.3525641025641026,30,25
v2_baseline_s4,v2,baseline,4,random_regular,100,4,265,121,3.647926677845517,52,121,0.4297520661157025,4,46
v2_baseline_s4,v2,baseline,4,random_regular,100,4,266,1,-1.000088900581841e-12,1,1,1.0,91,60
v2_baseline_s4,v2,baseline,4,random_regular,100,4,267,190,4.10495991289071,76,190,0.4,75,73
v2_baseline_s4,v2,baseline,4,random_regular,100,4,268,39,2.61563057701355,15,39,0.38461538461538464,20,60
v2_baseline_s4,v2,baseline,4,random_regular,100,4,269,68,2.7949796238526954,27,68,0.39705882352941174,32,63
v2_baseline_s4,v2,baseline,4,random_regular,100,4,270,233,4.361180234137276,90,233,0.38626609442060084,2,25
v2_baseline_s4,v2,baseline,4,random_regular,100,4,271,130,3.5419153489540705,53,130,0.4076923076923077,42,73
v2_baseline_s4,v2,baseline,4,random_regular,100,4,272,9,1.3321790402061222,5,9,0.5555555555555556,81,63
v2_baseline_s4,v2,baseline,4,random_regular,100,4,273,249,4.199032567400512,93,249,0.37349397590361444,26,46
v2_baseline_s4,v2,baseline,4,random_regular,100,4,274,1,-1.000088900581841e-12,1,1,1.0,59,46
v2_baseline_s4,v2,baseline,4,random_regular,100,4,275,44,2.9785084205072385,21,44,0.4772727272727273,91,46
v2_baseline_s4,v2,baseline,4,random_regular,100,4,276,9,1.3862943611158909,4,9,0.4444444444444444,68,25
v2_baseline_s4,v2,baseline,4,random_regular,100,4,277,67,2.8657034203288965,27,67,0.40298507462686567,65,63
v2_baseline_s4,v2,baseline,4,random_regular,100,4,278,88,3.368446457811075,38,88,0.4318181818181818,12,46
v2_baseline_s4,v2,baseline,4,random_regular,100,4,279,86,3.5065025850265608,36,86,0.4186046511627907,36,73
v2_baseline_s4,v2,baseline,4,random_regular,100,4,280,198,3.9544003487105672,82,198,0.41414141414141414,0,60
v2_baseline_s4,v2,baseline,4,random_regular,100,4,281,178,4.180395677204619,72,178,0.4044943820224719,81,25
v2_baseline_s4,v2,baseline,4,random_regular,100,4,282,70,3.176082814634593,29,70,0.4142857142857143,8,46
v2_baseline_s4,v2,baseline,4,random_regular,100,4,283,54,2.925202764151108,24,54,0.4444444444444444,11,73
v2_baseline_s4,v2,baseline,4,random_regular,100,4,284,9,1.3862943611158909,4,9,0.4444444444444444,36,60
v2_baseline_s4,v2,baseline,4,random_regular,100,4,285,100,3.683099712933856,49,100,0.49,22,46
v2_baseline_s4,v2,baseline,4,random_regular,100,4,286,15,1.791759469222055,6,15,0.4,19,46
v2_baseline_s4,v2,baseline,4,random_regular,100,4,287,182,4.212108312819535,83,182,0.45604395604395603,91,25
v2_baseline_s4,v2,baseline,4,random_regular,100,4,288,33,2.3046193848096714,14,33,0.42424242424242425,98,60
v2_baseline_s4,v2,baseline,4,random_regular,100,4,289,170,3.95628642280468,70,170,0.4117647058823529,59,46
v2_baseline_s4,v2,baseline,4,random_regular,100,4,290,63,3.1707331124899243,33,63,0.5238095238095238,4,60
v2_baseline_s4,v2,baseline,4,random_regular,100,4,291,122,3.806945133098103,49,122,0.4016393442622951,89,73
v2_baseline_s4,v2,baseline,4,random_regular,100,4,292,18,2.484906649776,12,18,0.6666666666666666,3,63
v2_baseline_s4,v2,baseline,4,random_regular,100,4,293,78,3.5065025850265608,36,78,0.46153846153846156,36,60
v2_baseline_s4,v2,baseline,4,random_regular,100,4,294,41,2.787788119369007,20,41,0.4878048780487805,8,46
v2_baseline_s4,v2,baseline,4,random_regular,100,4,295,25,2.369382119683676,12,25,0.48,91,63
v2_baseline_s4,v2,baseline,4,random_regular,100,4,296,36,2.751666616915516,17,36,0.4722222222222222,19,60
v2_baseline_s4,v2,baseline,4,random_regular,100,4,297,9,1.6094379124291005,5,9,0.5555555555555556,41,25
v2_baseline_s4,v2,baseline,4,random_regular,100,4,298,62,2.846480386116867,21,62,0.3387096774193548,80,63
v2_baseline_s4,v2,baseline,4,random_regular,100,4,299,129,3.9648365028289794,58,129,0.4496124031007752,23,63
v2_baseline_s4,v2,baseline,4,random_regular,100,4,300,84,3.578323836314148,41,84,0.4880952380952381,11,25
v2_baseline_s4,v2,baseline,4,random_regular,100,4,301,8,-1.000088900581841e-12,1,8,0.125,31,63
v2_baseline_s4,v2,baseline,4,random_regular,100,4,302,42,2.926417555478996,20,42,0.47619047619047616,82,63
v2_baseline_s4,v2,baseline,4,random_regular,100,4,303,0,0.0,0,0,,63,63
v2_baseline_s4,v2,baseline,4,random_regular,100,4,304,153,3.921532270682123,70,153,0.45751633986928103,83,60
v2_baseline_s4,v2,baseline,4,random_regular,100,4,305,14,2.197224577327219,9,14,0.6428571428571429,94,60
v2_baseline_s4,v2,baseline,4,random_regular,100,4,306,230,4.12373583762346,86,230,0.3739130434782609,8,60
v2_baseline_s4,v2,baseline,4,random_regular,100,4,307,13,1.039720770836918,4,13,0.3076923076923077,78,73
v2_baseline_s4,v2,baseline,4,random_regular,100,4,308,4,-1.000088900581841e-12,1,4,0.25,48,63
v2_baseline_s4,v2,baseline,4,random_regular,100,4,309,3,-1.000088900581841e-12,1,3,0.3333333333333333,47,25
v2_baseline_s4,v2,baseline,4,random_regular,100,4,310,56,2.8464803861168675,21,56,0.375,54,46
v2_baseline_s4,v2,baseline,4,random_regular,100,4,311,122,3.755676480770567,48,122,0.39344262295081966,53,63
v2_baseline_s4,v2,baseline,4,random_regular,100,4,312,85,3.186039305036142,38,85,0.4470588235294118,66,63
v2_baseline_s4,v2,baseline,4,random_regular,100,4,313,35,2.540036303807981,14,35,0.4,22,46
v2_baseline_s4,v2,baseline,4,random_regular,100,4,314,156,4.05057883633818,64,156,0.41025641025641024,83,63
v2_baseline_s4,v2,baseline,4,random_regular,100,4,315,76,3.244492630381296,27,76,0.35526315789473684,76,63
v2_baseline_s4,v2,baseline,4,random_regular,100,4,316,3,0.6931471805579453,2,3,0.6666666666666666,26,63
v2_baseline_s4,v2,baseline,4,random_regular,100,4,317,267,4.29605336579896,104,267,0.3895131086142322,93,63
v2_baseline_s4,v2,baseline,4,random_regular,100,4,318,63,2.954673212284816,23,63,0.36507936507936506,9,60
v2_baseline_s4,v2,baseline,4,random_regular,100,4,319,71,3.052520501511814,25,71,0.352112676056338,80,60
v2_baseline_s4,v2,baseline,4,random_regular,100,4,320,2,-1.000088900581841e-12,1,2,0.5,64,46
v2_baseline_s4,v2,baseline,4,random_regular,100,4,321,5,-1.000088900581841e-12,1,5,0.2,21,60
v2_baseline_s4,v2,baseline,4,random_regular,100,4,322,92,3.317697599554146,35,92,0.3804347826086957,85,60
v2_baseline_s4,v2,baseline,4,random_regular,100,4,323,33,2.1458417525857545,11,33,0.3333333333333333,35,25
v2_baseline_s4,v2,baseline,4,random_regular,100,4,324,27,2.1639556568730565,10,27,0.37037037037037035,20,60
v2_baseline_s4,v2,baseline,4,random_regular,100,4,325,172,3.936558356281204,59,172,0.3430232558139535,67,73
v2_baseline_s4,v2,baseline,4,random_regular,100,4,326,66,3.444813797459462,34,66,0.5151515151515151,84,25
v2_baseline_s4,v2,baseline,4,random_regular,100,4,327,17,2.197224577327219,9,17,0.5294117647058824,90,63
v2_baseline_s4,v2,baseline,4,random_regular,100,4,328,19,1.9459101490483133,7,19,0.3684210526315789,41,63
v2_baseline_s4,v2,baseline,4,random_regular,100,4,329,23,2.197224577327219,9,23,0.391304347826087,51,60
v2_baseline_s4,v2,baseline,4,random_regular,100,4,330,103,3.638648592450092,42,103,0.4077669902912621,20,73
v2_baseline_s4,v2,baseline,4,random_regular,100,4,331,7,0.6931471805579453,2,7,0.2857142857142857,4,46
v2_baseline_s4,v2,baseline,4,random_regular,100,4,332,39,2.639057329601259,14,39,0.358974358974359,75,25
v2_baseline_s4,v2,baseline,4,random_regular,100,4,333,27,2.1639556568730565,10,27,0.37037037037037035,58,46
v2_baseline_s4,v2,baseline,4,random_regular,100,4,334,41,2.61563057701355,15,41,0.36585365853658536,65,25
v2_baseline_s4,v2,baseline,4,random_regular,100,4,335,85,3.414951560972885,36,85,0.4235294117647059,93,73
v2_baseline_s4,v2,baseline,4,random_regular,100,4,336,0,0.0,0,0,,63,63
v2_baseline_s4,v2,baseline,4,random_regular,100,4,337,104,3.054143951350249,40,104,0.38461538461538464,6,73
v2_baseline_s4,v2,baseline,4,random_regular,100,4,338,134,3.693378123941673,57,134,0.4253731343283582,62,25
v2_baseline_s4,v2,baseline,4,random_regular,100,4,339,194,4.043352923063129,76,194,0.3917525773195876,3,73
v2_baseline_s4,v2,baseline,4,random_regular,100,4,340,37,2.540036303807981,14,37,0.3783783783783784,84,63
v2_baseline_s4,v2,baseline,4,random_regular,100,4,341,55,2.857102837424001,20,55,0.36363636363636365,18,46
v2_baseline_s4,v2,baseline,4,random_regular,100,4,342,44,2.7555497906471795,21,44,0.4772727272727273,49,46
v2_baseline_s4,v2,baseline,4,random_regular,100,4,343,4,-1.000088900581841e-12,1,4,0.25,49,73
v2_baseline_s4,v2,baseline,4,random_regular,100,4,344,5,1.0986122886651095,3,5,0.6,70,63
v2_baseline_s4,v2,baseline,4,random_regular,100,4,345,36,2.083766037476648,15,36,0.4166666666666667,39,60
v2_baseline_s4,v2,baseline,4,random_regular,100,4,346,257,4.2379429842838094,105,257,0.4085603112840467,29,63
v2_baseline_s4,v2,baseline,4,random_regular,100,4,347,23,2.369382119683676,12,23,0.5217391304347826,98,25
v2_baseline_s4,v2,baseline,4,random_regular,100,4,348,5,0.6931471805579453,2,5,0.4,84,63
v2_baseline_s4,v2,baseline,4,random_regular,100,4,349,49,3.135494215906149,23,49,0.46938775510204084,84,63
v2_baseline_s4,v2,baseline,4,random_regular,100,4,350,1,-1.000088900581841e-12,1,1,1.0,42,73
v2_baseline_s4,v2,baseline,4,random_regular,100,4,351,33,2.3516733018936304,13,33,0.3939393939393939,81,63
v2_baseline_s4,v2,baseline,4,random_regular,100,4,352,19,2.079441541671836,8,19,0.42105263157894735,4,63
v2_baseline_s4,v2,baseline,4,random_regular,100,4,353,31,2.3978952727873706,11,31,0.3548387096774194,8,63
v2_baseline_s4,v2,baseline,4,random_regular,100,4,354,39,2.6525875347051464,19,39,0.48717948717948717,19,60
v2_baseline_s4,v2,baseline,4,random_regular,100,4,355,11,1.3862943611158909,4,11,0.36363636363636365,19,60
v2_baseline_s4,v2,baseline,4,random_regular,100,4,356,35,2.751666616915516,17,35,0.4857142857142857,68,63
v2_baseline_s4,v2,baseline,4,random_regular,100,4,357,64,3.071080362713028,27,64,0.421875,59,46
v2_baseline_s4,v2,baseline,4,random_regular,100,4,358,35,2.3978952727873706,11,35,0.3142857142857143,57,73
v2_baseline_s4,v2,baseline,4,random_regular,100,4,359,190,4.081590263382972,89,190,0.46842105263157896,33,63
v2_baseline_s4,v2,baseline,4,random_regular,100,4,360,38,2.9444389791474395,19,38,0.5,95,63
v2_baseline_s4,v2,baseline,4,random_regular,100,4,361,92,3.5445117787268576,41,92,0.44565217391304346,54,73
v2_baseline_s4,v2,baseline,4,random_regular,100,4,362,0,0.0,0,0,,63,63
v2_baseline_s4,v2,baseline,4,random_regular,100,4,363,4,1.0986122886651095,3,4,0.75,80,46
v2_baseline_s4,v2,baseline,4,random_regular,100,4,364,61,2.902002313186603,22,61,0.36065573770491804,54,73
v2_baseline_s4,v2,baseline,4,random_regular,100,4,365,11,1.791759469222055,6,11,0.5454545454545454,8,25
v2_baseline_s4,v2,baseline,4,random_regular,100,4,366,128,3.86566592398464,53,128,0.4140625,27,60
v2_baseline_s4,v2,baseline,4,random_regular,100,4,367,31,2.302585092984045,10,31,0.3225806451612903,5,73
v2_baseline_s4,v2,baseline,4,random_regular,100,4,368,19,2.079441541671836,8,19,0.42105263157894735,3,63
v2_baseline_s4,v2,baseline,4,random_regular,100,4,369,0,0.0,0,0,,73,73
v2_baseline_s4,v2,baseline,4,random_regular,100,4,370,5,1.0986122886651095,3,5,0.6,30,63
v2_baseline_s4,v2,baseline,4,random_regular,100,4,371,15,2.079441541671836,8,15,0.5333333333333333,79,63
v2_baseline_s4,v2,baseline,4,random_regular,100,4,372,78,3.2103913397623893,31,78,0.3974358974358974,59,25
v2_baseline_s4,v2,baseline,4,random_regular,100,4,373,86,3.5155926589389503,40,86,0.46511627906976744,12,46
v2_baseline_s4,v2,baseline,4,random_regular,100,4,374,108,3.233747534967629,40,108,0.37037037037037035,22,73
v2_baseline_s4,v2,baseline,4,random_regular,100,4,375,46,2.8332133440392155,17,46,0.3695652173913043,98,25
v2_baseline_s4,v2,baseline,4,random_regular,100,4,376,71,3.2103913397623893,31,71,0.43661971830985913,18,46
v2_baseline_s4,v2,baseline,4,random_regular,100,4,377,57,3.163424050399405,25,57,0.43859649122807015,1,46
v2_baseline_s4,v2,baseline,4,random_regular,100,4,378,10,-1.000088900581841e-12,1,10,0.1,64,46
v2_baseline_s4,v2,baseline,4,random_regular,100,4,379,59,3.130859653434335,36,59,0.6101694915254238,90,60
v2_baseline_s4,v2,baseline,4,random_regular,100,4,380,21,2.484906649776,12,21,0.5714285714285714,22,25
v2_baseline_s4,v2,baseline,4,random_regular,100,4,381,147,3.632338002255338,57,147,0.3877551020408163,7,63
v2_baseline_s4,v2,baseline,4,random_regular,100,4,382,1,-1.000088900581841e-12,1,1,1.0,93,46
v2_baseline_s4,v2,baseline,4,random_regular,100,4,383,15,1.3321790402061222,5,15,0.3333333333333333,44,25
v2_baseline_s4,v2,baseline,4,random_regular,100,4,384,139,3.457782243274344,52,139,0.37410071942446044,94,60
v2_baseline_s4,v2,baseline,4,random_regular,100,4,385,9,1.3862943611158909,4,9,0.4444444444444444,81,63
v2_baseline_s4,v2,baseline,4,random_regular,100,4,386,52,2.772588722223781,16,52,0.3076923076923077,82,73
v2_baseline_s4,v2,baseline,4,random_regular,100,4,387,24,2.441015278014703,14,24,0.5833333333333334,66,60
v2_baseline_s4,v2,baseline,4,random_regular,100,4,388,28,1.9722469794154411,11,28,0.39285714285714285,30,46
v2_baseline_s4,v2,baseline,4,random_regular,100,4,389,305,4.426308198231178,120,305,0.39344262295081966,88,46
v2_baseline_s4,v2,baseline,4,random_regular,100,4,390,9,1.6094379124291005,5,9,0.5555555555555556,2,73
v2_baseline_s4,v2,baseline,4,random_regular,100,4,391,61,2.991501468554349,26,61,0.4262295081967213,12,63
v2_baseline_s4,v2,baseline,4,random_regular,100,4,392,24,2.369382119683676,12,24,0.5,8,73
v2_baseline_s4,v2,baseline,4,random_regular,100,4,393,70,3.163424050399405,25,70,0.35714285714285715,34,73
v2_baseline_s4,v2,baseline,4,random_regular,100,4,394,95,3.308777757559495,30,95,0.3157894736842105,90,73
v2_baseline_s4,v2,baseline,4,random_regular,100,4,395,27,2.5649493574485365,13,27,0.48148148148148145,14,73
v2_baseline_s4,v2,baseline,4,random_regular,100,4,396,110,3.2506549196055703,42,110,0.38181818181818183,14,60
v2_baseline_s4,v2,baseline,4,random_regular,100,4,397,75,3.5157396511377024,35,75,0.4666666666666667,59,46
v2_baseline_s4,v2,baseline,4,random_regular,100,4,398,89,3.5924696275736783,39,89,0.43820224719101125,54,46
v2_baseline_s4,v2,baseline,4,random_regular,100,4,399,46,2.9650156932365066,22,46,0.4782608695652174,3,25
v2_baseline_s4,v2,baseline,4,random_regular,100,4,400,94,3.320362323009675,37,94,0.39361702127659576,58,73
v2_baseline_s4,v2,baseline,4,random_regular,100,4,401,57,2.947004770141297,24,57,0.42105263157894735,72,46
v2_baseline_s4,v2,baseline,4,random_regular,100,4,402,105,3.3943981129609497,43,105,0.4095238095238095,70,63
v2_baseline_s4,v2,baseline,4,random_regular,100,4,403,2,-1.000088900581841e-12,1,2,0.5,31,63
v2_baseline_s4,v2,baseline,4,random_regular,100,4,404,131,3.8214267413398177,58,131,0.44274809160305345,53,25
v2_baseline_s4,v2,baseline,4,random_regular,100,4,405,84,3.3524698782394617,36,84,0.42857142857142855,79,73
v2_baseline_s4,v2,baseline,4,random_regular,100,4,406,220,4.137727976621273,81,220,0.36818181818181817,97,46
v2_baseline_s4,v2,baseline,4,random_regular,100,4,407,4,0.6931471805579453,2,4,0.5,93,73
v2_baseline_s4,v2,baseline,4,random_regular,100,4,408,4,-1.000088900581841e-12,1,4,0.25,6,25
v2_baseline_s4,v2,baseline,4,random_regular,100,4,409,12,2.1639556568730565,10,12,0.8333333333333334,96,63
v2_baseline_s4,v2,baseline,4,random_regular,100,4,410,48,2.9785084205072385,21,48,0.4375,75,60
v2_baseline_s4,v2,baseline,4,random_regular,100,4,411,133,3.913061841686952,59,133,0.44360902255639095,20,63
v2_baseline_s4,v2,baseline,4,random_regular,100,4,412,46,2.639057329601259,14,46,0.30434782608695654,32,63
v2_baseline_s4,v2,baseline,4,random_regular,100,4,413,0,0.0,0,0,,63,63
v2_baseline_s4,v2,baseline,4,random_regular,100,4,414,49,2.8332133440392155,17,49,0.3469387755102041,20,63
v2_baseline_s4,v2,baseline,4,random_regular,100,4,415,38,2.670119889791816,17,38,0.4473684210526316,75,60
v2_baseline_s4,v2,baseline,4,random_regular,100,4,416,11,1.5607104090364068,6,11,0.5454545454545454,53,46
v2_baseline_s4,v2,baseline,4,random_regular,100,4,417,3,1.0986122886651095,3,3,1.0,29,60
v2_baseline_s4,v2,baseline,4,random_regular,100,4,418,14,1.6094379124291005,5,14,0.35714285714285715,96,73
v2_baseline_s4,v2,baseline,4,random_regular,100,4,419,208,4.089369433142252,77,208,0.3701923076923077,79,63
v2_baseline_s4,v2,baseline,4,random_regular,100,4,420,88,3.4040404338981127,34,88,0.38636363636363635,64,63
v2_baseline_s4,v2,baseline,4,random_regular,100,4,421,7,1.6094379124291005,5,7,0.7142857142857143,24,25
v2_baseline_s4,v2,baseline,4,random_regular,100,4,422,90,3.6520250575102735,50,90,0.5555555555555556,0,63
v2_baseline_s4,v2,baseline,4,random_regular,100,4,423,38,2.4410152780147034,14,38,0.3684210526315789,66,60
v2_baseline_s4,v2,baseline,4,random_regular,100,4,424,25,1.4941751382843085,8,25,0.32,17,63
v2_baseline_s4,v2,baseline,4,random_regular,100,4,425,27,2.197224577327219,9,27,0.3333333333333333,67,60
v2_baseline_s4,v2,baseline,4,random_regular,100,4,426,0,0.0,0,0,,73,73
v2_baseline_s4,v2,baseline,4,random_regular,100,4,427,8,1.039720770836918,4,8,0.5,2,73
v2_baseline_s4,v2,baseline,4,random_regular,100,4,428,60,3.10797227595561,25,60,0.4166666666666667,3,25
v2_baseline_s4,v2,baseline,4,random_regular,100,4,429,2,0.6931471805579453,2,2,1.0,5,73
v2_baseline_s4,v2,baseline,4,random_regular,100,4,430,0,0.0,0,0,,60,60
v2_baseline_s4,v2,baseline,4,random_regular,100,4,431,174,3.86582757573176,67,174,0.3850574712643678,76,25
v2_baseline_s4,v2,baseline,4,random_regular,100,4,432,48,3.044522437702424,21,48,0.4375,66,46
v2_baseline_s4,v2,baseline,4,random_regular,100,4,433,13,1.3321790402061222,5,13,0.38461538461538464,9,46
v2_baseline_s4,v2,baseline,4,random_regular,100,4,434,35,2.61563057701355,15,35,0.42857142857142855,67,25
v2_baseline_s4,v2,baseline,4,random_regular,100,4,435,192,4.151125484691249,87,192,0.453125,26,25
v2_baseline_s4,v2,baseline,4,random_regular,100,4,436,71,3.371971579897444,37,71,0.5211267605633803,36,25
v2_baseline_s4,v2,baseline,4,random_regular,100,4,437,145,3.860623457522692,54,145,0.3724137931034483,51,60
v2_baseline_s4,v2,baseline,4,random_regular,100,4,438,127,3.6012364369592222,56,127,0.4409448818897638,58,63
v2_baseline_s4,v2,baseline,4,random_regular,100,4,439,19,2.197224577327219,9,19,0.47368421052631576,72,25
v2_baseline_s4,v2,baseline,4,random_regular,100,4,440,11,1.6094379124291005,5,11,0.45454545454545453,85,60
v2_baseline_s4,v2,baseline,4,random_regular,100,4,441,33,2.540036303807981,14,33,0.42424242424242425,89,63
v2_baseline_s4,v2,baseline,4,random_regular,100,4,442,44,2.926417555478996,20,44,0.45454545454545453,36,73
v2_baseline_s4,v2,baseline,4,random_regular,100,4,443,214,4.086719197613817,76,214,0.35514018691588783,90,25
v2_baseline_s4,v2,baseline,4,random_regular,100,4,444,106,3.4588769204538985,43,106,0.4056603773584906,52,63
v2_baseline_s4,v2,baseline,4,random_regular,100,4,445,45,2.5649493574485365,13,45,0.28888888888888886,89,63
v2_baseline_s4,v2,baseline,4,random_regular,100,4,446,111,3.717941794828361,50,111,0.45045045045045046,76,25
v2_baseline_s4,v2,baseline,4,random_regular,100,4,447,39,2.6593226976945163,18,39,0.46153846153846156,94,60
v2_baseline_s4,v2,baseline,4,random_regular,100,4,448,141,3.551750800435721,44,141,0.3120567375886525,95,25
v2_baseline_s4,v2,baseline,4,random_regular,100,4,449,46,3.0280290732864104,22,46,0.4782608695652174,97,25
v2_baseline_s4,v2,baseline,4,random_regular,100,4,450,51,3.044522437702424,21,51,0.4117647058823529,44,46
v2_baseline_s4,v2,baseline,4,random_regular,100,4,451,14,1.834371970274624,10,14,0.7142857142857143,23,73
v2_baseline_s4,v2,baseline,4,random_regular,100,4,452,200,4.347739697460852,96,200,0.48,27,73
v2_baseline_s4,v2,baseline,4,random_regular,100,4,453,59,2.057897531913409,13,59,0.22033898305084745,93,63
v2_baseline_s4,v2,baseline,4,random_regular,100,4,454,86,3.1445801968134903,33,86,0.38372093023255816,33,46
v2_baseline_s4,v2,baseline,4,random_regular,100,4,455,91,3.409438995061846,37,91,0.4065934065934066,50,63
v2_baseline_s4,v2,baseline,4,random_regular,100,4,456,61,2.912494403312053,21,61,0.3442622950819672,85,63
v2_baseline_s4,v2,baseline,4,random_regular,100,4,457,101,3.658162873776453,44,101,0.43564356435643564,27,73
v2_baseline_s4,v2,baseline,4,random_regular,100,4,458,11,1.3862943611158909,4,11,0.36363636363636365,40,25
v2_baseline_s4,v2,baseline,4,random_regular,100,4,459,133,3.791286676867748,52,133,0.39097744360902253,19,25
v2_baseline_s4,v2,baseline,4,random_regular,100,4,460,68,3.2491274088477446,32,68,0.47058823529411764,9,60
v2_baseline_s4,v2,baseline,4,random_regular,100,4,461,40,2.813355404483615,18,40,0.45,33,25
v2_baseline_s4,v2,baseline,4,random_regular,100,4,462,224,4.261134751008347,94,224,0.41964285714285715,16,60
v2_baseline_s4,v2,baseline,4,random_regular,100,4,463,39,2.857102837424001,20,39,0.5128205128205128,29,46
v2_baseline_s4,v2,baseline,4,random_regular,100,4,464,58,2.441015278014703,14,58,0.2413793103448276,56,25
v2_baseline_s4,v2,baseline,4,random_regular,100,4,465,10,1.0986122886651095,3,10,0.3,69,73
v2_baseline_s4,v2,baseline,4,random_regular,100,4,466,51,2.8943995444110384,23,51,0.45098039215686275,71,25
v2_baseline_s4,v2,baseline,4,random_regular,100,4,467,19,1.3862943611158909,4,19,0.21052631578947367,59,73
v2_baseline_s4,v2,baseline,4,random_regular,100,4,468,14,1.6094379124291005,5,14,0.35714285714285715,99,63
v2_baseline_s4,v2,baseline,4,random_regular,100,4,469,23,2.484906649776,12,23,0.5217391304347826,55,60
v2_baseline_s4,v2,baseline,4,random_regular,100,4,470,15,2.3978952727873706,11,15,0.7333333333333333,90,46
v2_baseline_s4,v2,baseline,4,random_regular,100,4,471,65,2.626164786451235,22,65,0.3384615384615385,83,46
v2_baseline_s4,v2,baseline,4,random_regular,100,4,472,27,1.791759469222055,6,27,0.2222222222222222,47,63
v2_baseline_s4,v2,baseline,4,random_regular,100,4,473,69,3.0864593035104697,32,69,0.463768115942029,87,46
v2_baseline_s4,v2,baseline,4,random_regular,100,4,474,27,2.369382119683676,12,27,0.4444444444444444,36,25
v2_baseline_s4,v2,baseline,4,random_regular,100,4,475,117,3.137527474461756,42,117,0.358974358974359,41,25
v2_baseline_s4,v2,baseline,4,random_regular,100,4,476,7,1.3862943611158909,4,7,0.5714285714285714,21,60
v2_baseline_s4,v2,baseline,4,random_regular,100,4,477,31,2.61563057701355,15,31,0.4838709677419355,57,60
v2_baseline_s4,v2,baseline,4,random_regular,100,4,478,60,3.176082814634593,29,60,0.48333333333333334,50,60
v2_baseline_s4,v2,baseline,4,random_regular,100,4,479,44,2.639057329601259,14,44,0.3181818181818182,91,73
v2_baseline_s4,v2,baseline,4,random_regular,100,4,480,16,2.302585092984045,10,16,0.625,36,46
v2_baseline_s4,v2,baseline,4,random_regular,100,4,481,28,2.302585092984045,10,28,0.35714285714285715,12,60
v2_baseline_s4,v2,baseline,4,random_regular,100,4,482,91,3.5065025850265608,36,91,0.3956043956043956,38,60
v2_baseline_s4,v2,baseline,4,random_regular,100,4,483,97,3.3445488585774434,31,97,0.31958762886597936,12,63
v2_baseline_s4,v2,baseline,4,random_regular,100,4,484,5,-1.000088900581841e-12,1,5,0.2,96,73
v2_baseline_s4,v2,baseline,4,random_regular,100,4,485,11,1.6094379124291005,5,11,0.45454545454545453,41,60
v2_baseline_s4,v2,baseline,4,random_regular,100,4,486,7,-1.000088900581841e-12,1,7,0.14285714285714285,80,25
v2_baseline_s4,v2,baseline,4,random_regular,100,4,487,18,1.893788232384138,11,18,0.6111111111111112,21,60
v2_baseline_s4,v2,baseline,4,random_regular,100,4,488,0,0.0,0,0,,25,25
v2_baseline_s4,v2,baseline,4,random_regular,100,4,489,57,2.865235252429845,25,57,0.43859649122807015,98,25
v2_baseline_s4,v2,baseline,4,random_regular,100,4,490,19,1.9061547465328492,8,19,0.42105263157894735,36,60
v2_baseline_s4,v2,baseline,4,random_regular,100,4,491,59,3.367295829957475,29,59,0.4915254237288136,0,25
v2_baseline_s4,v2,baseline,4,random_regular,100,4,492,8,1.791759469222055,6,8,0.75,21,60
v2_baseline_s4,v2,baseline,4,random_regular,100,4,493,18,1.9061547465328492,8,18,0.4444444444444444,34,63
v2_baseline_s4,v2,baseline,4,random_regular,100,4,494,38,2.5649493574485365,13,38,0.34210526315789475,22,46
v2_baseline_s4,v2,baseline,4,random_regular,100,4,495,82,3.43652283050428,35,82,0.4268292682926829,28,46
v2_baseline_s4,v2,baseline,4,random_regular,100,4,496,19,2.302585092984045,10,19,0.5263157894736842,33,25
v2_baseline_s4,v2,baseline,4,random_regular,100,4,497,75,3.118626888968664,34,75,0.4533333333333333,68,63
v2_baseline_s4,v2,baseline,4,random_regular,100,4,498,5,0.6931471805579453,2,5,0.4,37,73
v2_baseline_s4,v2,baseline,4,random_regular,100,4,499,46,2.2429732264281474,14,46,0.30434782608695654,38,63
v2_baseline_s4,v2,baseline,4,random_regular,100,4,500,98,3.4941622689244696,42,98,0.42857142857142855,20,73
v2_baseline_s4,v2,baseline,4,random_regular,100,4,501,47,2.912494403312053,21,47,0.44680851063829785,3,63
v2_baseline_s4,v2,baseline,4,random_regular,100,4,502,189,4.090578778971805,81,189,0.42857142857142855,10,63
v2_baseline_s4,v2,baseline,4,random_regular,100,4,503,16,1.9459101490483133,7,16,0.4375,88,63
v2_baseline_s4,v2,baseline,4,random_regular,100,4,504,47,2.9785084205072385,21,47,0.44680851063829785,8,46
v2_baseline_s4,v2,baseline,4,random_regular,100,4,505,37,2.813355404483615,18,37,0.4864864864864865,67,46
v2_baseline_s4,v2,baseline,4,random_regular,100,4,506,48,2.871476118036867,19,48,0.3958333333333333,16,63
v2_baseline_s4,v2,baseline,4,random_regular,100,4,507,27,2.484906649776,12,27,0.4444444444444444,56,73
v2_baseline_s4,v2,baseline,4,random_regular,100,4,508,9,1.791759469222055,6,9,0.6666666666666666,40,73
v2_baseline_s4,v2,baseline,4,random_regular,100,4,509,17,1.7478680974607577,7,17,0.4117647058823529,75,46
v2_baseline_s4,v2,baseline,4,random_regular,100,4,510,41,2.912494403312053,21,41,0.5121951219512195,26,25
v2_baseline_s4,v2,baseline,4,random_regular,100,4,511,32,2.3978952727873706,11,32,0.34375,7,46
v2_baseline_s4,v2,baseline,4,random_regular,100,4,512,260,4.256091199983435,103,260,0.39615384615384613,77,73
v2_baseline_s4,v2,baseline,4,random_regular,100,4,513,0,0.0,0,0,,46,46
v2_baseline_s4,v2,baseline,4,random_regular,100,4,514,100,3.311178591292005,37,100,0.37,70,46
v2_baseline_s4,v2,baseline,4,random_regular,100,4,515,159,3.965337303985853,69,159,0.4339622641509434,54,25
v2_baseline_s4,v2,baseline,4,random_regular,100,4,516,36,2.685945324654788,16,36,0.4444444444444444,22,46
v2_baseline_s4,v2,baseline,4,random_regular,100,4,517,81,3.485587161020812,34,81,0.41975308641975306,44,46
v2_baseline_s4,v2,baseline,4,random_regular,100,4,518,5,-1.000088900581841e-12,1,5,0.2,15,63
v2_baseline_s4,v2,baseline,4,random_regular,100,4,519,41,2.9957322735339904,20,41,0.4878048780487805,52,46
v2_baseline_s4,v2,baseline,4,random_regular,100,4,520,119,3.951186258269278,59,119,0.4957983193277311,91,63
v2_baseline_s4,v2,baseline,4,random_regular,100,4,521,30,2.6701198897918164,17,30,0.5666666666666667,3,63
v2_baseline_s4,v2,baseline,4,random_regular,100,4,522,9,1.3862943611158909,4,9,0.4444444444444444,85,25
v2_baseline_s4,v2,baseline,4,random_regular,100,4,523,0,0.0,0,0,,60,60
v2_baseline_s4,v2,baseline,4,random_regular,100,4,524,16,1.5607104090364068,6,16,0.375,32,25
v2_baseline_s4,v2,baseline,4,random_regular,100,4,525,258,4.264675248471431,102,258,0.3953488372093023,17,46
v2_baseline_s4,v2,baseline,4,random_regular,100,4,526,46,2.7184734013140126,20,46,0.43478260869565216,11,25
v2_baseline_s4,v2,baseline,4,random_regular,100,4,527,22,2.197224577327219,9,22,0.4090909090909091,58,73
v2_baseline_s4,v2,baseline,4,random_regular,100,4,528,25,2.0253262207620675,10,25,0.4,24,73
v2_baseline_s4,v2,baseline,4,random_regular,100,4,529,49,2.947004770141297,24,49,0.4897959183673469,83,63
v2_baseline_s4,v2,baseline,4,random_regular,100,4,530,13,1.9459101490483133,7,13,0.5384615384615384,11,60
v2_baseline_s4,v2,baseline,4,random_regular,100,4,531,44,2.9444389791474395,19,44,0.4318181818181818,97,60
v2_baseline_s4,v2,baseline,4,random_regular,100,4,532,140,3.7328402393505193,57,140,0.40714285714285714,71,46
v2_baseline_s4,v2,baseline,4,random_regular,100,4,533,27,2.5649493574485365,13,27,0.48148148148148145,45,46
v2_baseline_s4,v2,baseline,4,random_regular,100,4,534,14,1.9459101490483133,7,14,0.5,90,73
v2_baseline_s4,v2,baseline,4,random_regular,100,4,535,101,3.3985393782638447,40,101,0.39603960396039606,94,46
v2_baseline_s4,v2,baseline,4,random_regular,100,4,536,0,0.0,0,0,,60,60
v2_baseline_s4,v2,baseline,4,random_regular,100,4,537,177,3.997254850961267,74,177,0.4180790960451977,22,63
v2_baseline_s4,v2,baseline,4,random_regular,100,4,538,12,-1.000088900581841e-12,1,12,0.08333333333333333,93,46
v2_baseline_s4,v2,baseline,4,random_regular,100,4,539,23,1.6094379124291005,5,23,0.21739130434782608,47,63
v2_baseline_s4,v2,baseline,4,random_regular,100,4,540,106,3.6266561837520017,44,106,0.41509433962264153,84,73
v2_baseline_s4,v2,baseline,4,random_regular,100,4,541,33,2.4583113296710835,13,33,0.3939393939393939,34,60
v2_baseline_s4,v2,baseline,4,random_regular,100,4,542,91,3.4858315997982245,39,91,0.42857142857142855,80,63
v2_baseline_s4,v2,baseline,4,random_regular,100,4,543,118,3.5369546858113585,45,118,0.3813559322033898,41,46
v2_baseline_s4,v2,baseline,4,random_regular,100,4,544,3,1.0986122886651095,3,3,1.0,5,60
v2_baseline_s4,v2,baseline,4,random_regular,100,4,545,2,-1.000088900581841e-12,1,2,0.5,59,46
v2_baseline_s4,v2,baseline,4,random_regular,100,4,546,15,1.5607104090364068,6,15,0.4,44,63
v2_baseline_s4,v2,baseline,4,random_regular,100,4,547,23,2.253857589591352,12,23,0.5217391304347826,23,63
v2_baseline_s4,v2,baseline,4,random_regular,100,4,548,28,2.3978952727873706,11,28,0.39285714285714285,68,73
v2_baseline_s4,v2,baseline,4,random_regular,100,4,549,10,1.3862943611158909,4,10,0.4,33,63
v2_baseline_s4,v2,baseline,4,random_regular,100,4,550,132,3.7220699681345786,49,132,0.3712121212121212,1,73
v2_baseline_s4,v2,baseline,4,random_regular,100,4,551,19,1.9061547465328492,8,19,0.42105263157894735,95,73
v2_baseline_s4,v2,baseline,4,random_regular,100,4,552,8,1.3862943611158909,4,8,0.5,71,46
v2_baseline_s4,v2,baseline,4,random_regular,100,4,553,19,2.302585092984045,10,19,0.5263157894736842,21,60
v2_baseline_s4,v2,baseline,4,random_regular,100,4,554,5,-1.000088900581841e-12,1,5,0.2,64,46
v2_baseline_s4,v2,baseline,4,random_regular,100,4,555,6,1.0986122886651095,3,6,0.5,96,73
v2_baseline_s4,v2,baseline,4,random_regular,100,4,556,86,3.498515667114017,37,86,0.43023255813953487,15,46
v2_baseline_s4,v2,baseline,4,random_regular,100,4,557,58,2.947004770141297,24,58,0.41379310344827586,80,63
v2_baseline_s4,v2,baseline,4,random_regular,100,4,558,1,-1.000088900581841e-12,1,1,1.0,21,60
v2_baseline_s4,v2,baseline,4,random_regular,100,4,559,15,1.6094379124291005,5,15,0.3333333333333333,9,60
v2_baseline_s4,v2,baseline,4,random_regular,100,4,560,21,2.197224577327219,9,21,0.42857142857142855,15,25
v2_baseline_s4,v2,baseline,4,random_regular,100,4,561,63,3.2826939972510645,28,63,0.4444444444444444,83,63
v2_baseline_s4,v2,baseline,4,random_regular,100,4,562,41,2.6980110198281126,19,41,0.4634146341463415,62,63
v2_baseline_s4,v2,baseline,4,random_regular,100,4,563,147,3.819580788510806,62,147,0.4217687074829932,83,46
v2_baseline_s4,v2,baseline,4,random_regular,100,4,564,31,2.441015278014703,14,31,0.45161290322580644,44,63
v2_baseline_s4,v2,baseline,4,random_regular,100,4,565,52,2.736339051089065,18,52,0.34615384615384615,9,63
v2_baseline_s4,v2,baseline,4,random_regular,100,4,566,40,2.4583113296710835,13,40,0.325,77,46
v2_baseline_s4,v2,baseline,4,random_regular,100,4,567,14,1.3862943611158909,4,14,0.2857142857142857,6,63
v2_baseline_s4,v2,baseline,4,random_regular,100,4,568,6,1.3862943611158909,4,6,0.6666666666666666,54,60
v2_baseline_s4,v2,baseline,4,random_regular,100,4,569,189,3.95640109197121,67,189,0.3544973544973545,77,73
v2_baseline_s4,v2,baseline,4,random_regular,100,4,570,22,2.302585092984045,10,22,0.45454545454545453,83,25
v2_baseline_s4,v2,baseline,4,random_regular,100,4,571,89,3.3324877677623777,34,89,0.38202247191011235,95,73
v2_baseline_s4,v2,baseline,4,random_regular,100,4,572,33,2.61563057701355,15,33,0.45454545454545453,12,60
v2_baseline_s4,v2,baseline,4,random_regular,100,4,573,253,4.421052379193302,104,253,0.41106719367588934,0,73
v2_baseline_s4,v2,baseline,4,random_regular,100,4,574,16,1.6094379124291005,5,16,0.3125,80,63
v2_baseline_s4,v2,baseline,4,random_regular,100,4,575,132,3.5677636931747174,43,132,0.32575757575757575,65,60
v2_baseline_s4,v2,baseline,4,random_regular,100,4,576,34,2.3034884952082693,15,34,0.4411764705882353,56,25
v2_baseline_s4,v2,baseline,4,random_regular,100,4,577,2,-1.000088900581841e-12,1,2,0.5,78,73
v2_baseline_s4,v2,baseline,4,random_regular,100,4,578,19,1.9459101490483133,7,19,0.3684210526315789,96,46
v2_baseline_s4,v2,baseline,4,random_regular,100,4,579,4,0.6931471805579453,2,4,0.5,70,46
v2_baseline_s4,v2,baseline,4,random_regular,100,4,580,0,0.0,0,0,,60,60
v2_baseline_s4,v2,baseline,4,random_regular,100,4,581,328,4.5955520586894,143,328,0.43597560975609756,77,63
v2_baseline_s4,v2,baseline,4,random_regular,100,4,582,7,0.6931471805579453,2,7,0.2857142857142857,77,60
v2_baseline_s4,v2,baseline,4,random_regular,100,4,583,87,3.342356062906156,35,87,0.40229885057471265,11,73
v2_baseline_s4,v2,baseline,4,random_regular,100,4,584,36,2.341994252221425,14,36,0.3888888888888889,57,73
v2_baseline_s4,v2,baseline,4,random_regular,100,4,585,64,3.062529300232621,24,64,0.375,82,60
v2_baseline_s4,v2,baseline,4,random_regular,100,4,586,79,3.555348061454413,35,79,0.4430379746835443,90,60
v2_baseline_s4,v2,baseline,4,random_regular,100,4,587,244,4.088879456409746,98,244,0.4016393442622951,44,60
v2_baseline_s4,v2,baseline,4,random_regular,100,4,588,37,2.5649493574485365,13,37,0.35135135135135137,72,63
v2_baseline_s4,v2,baseline,4,random_regular,100,4,589,90,2.9781974765243566,37,90,0.4111111111111111,39,73
v2_baseline_s4,v2,baseline,4,random_regular,100,4,590,15,0.6931471805579453,2,15,0.13333333333333333,12,60
v2_baseline_s4,v2,baseline,4,random_regular,100,4,591,368,4.461411245357614,148,368,0.40217391304347827,99,63
v2_baseline_s4,v2,baseline,4,random_regular,100,4,592,94,3.731290168531232,51,94,0.5425531914893617,22,60
v2_baseline_s4,v2,baseline,4,random_regular,100,4,593,59,2.8184119474799374,28,59,0.4745762711864407,43,46
v2_baseline_s4,v2,baseline,4,random_regular,100,4,594,1,-1.000088900581841e-12,1,1,1.0,47,25
v2_baseline_s4,v2,baseline,4,random_regular,100,4,595,17,1.9459101490483133,7,17,0.4117647058823529,13,46
v2_baseline_s4,v2,baseline,4,random_regular,100,4,596,0,0.0,0,0,,73,73
v2_baseline_s4,v2,baseline,4,random_regular,100,4,597,0,0.0,0,0,,46,46
v2_baseline_s4,v2,baseline,4,random_regular,100,4,598,3,-1.000088900581841e-12,1,3,0.3333333333333333,64,46
v2_baseline_s4,v2,baseline,4,random_regular,100,4,599,12,1.6094379124291005,5,12,0.4166666666666667,2,25
v2_baseline_s4,v2,baseline,4,random_regular,100,4,600,43,2.170048346450164,17,43,0.3953488372093023,82,73
v2_baseline_s4,v2,baseline,4,random_regular,100,4,601,202,4.18092750282161,89,202,0.4405940594059406,48,63
v2_baseline_s4,v2,baseline,4,random_regular,100,4,602,90,3.328471881301735,33,90,0.36666666666666664,37,46
v2_baseline_s4,v2,baseline,4,random_regular,100,4,603,62,2.894399544411038,23,62,0.3709677419354839,77,46
v2_baseline_s4,v2,baseline,4,random_regular,100,4,604,48,3.031590575761233,25,48,0.5208333333333334,61,60
v2_baseline_s4,v2,baseline,4,random_regular,100,4,605,8,1.3862943611158909,4,8,0.5,37,73
v2_baseline_s4,v2,baseline,4,random_regular,100,4,606,34,2.197224577327219,9,34,0.2647058823529412,61,63
v2_baseline_s4,v2,baseline,4,random_regular,100,4,607,254,4.1750838512299175,113,254,0.4448818897637795,37,46
v2_baseline_s4,v2,baseline,4,random_regular,100,4,608,34,2.441015278014703,14,34,0.4117647058823529,58,60
v2_baseline_s4,v2,baseline,4,random_regular,100,4,609,39,2.871476118036867,19,39,0.48717948717948717,14,60
v2_baseline_s4,v2,baseline,4,random_regular,100,4,610,0,0.0,0,0,,46,46
v2_baseline_s4,v2,baseline,4,random_regular,100,4,611,66,3.1282795608038727,29,66,0.4393939393939394,99,63
v2_baseline_s4,v2,baseline,4,random_regular,100,4,612,51,2.8152049266019468,22,51,0.43137254901960786,11,73
v2_baseline_s4,v2,baseline,4,random_regular,100,4,613,54,2.925202764151108,24,54,0.4444444444444444,61,63
v2_baseline_s4,v2,baseline,4,random_regular,100,4,614,114,3.5346599717214846,46,114,0.40350877192982454,87,25
v2_baseline_s4,v2,baseline,4,random_regular,100,4,615,22,2.079441541671836,8,22,0.36363636363636365,67,60
v2_baseline_s4,v2,baseline,4,random_regular,100,4,616,42,2.5232109529398907,15,42,0.35714285714285715,19,73
v2_baseline_s4,v2,baseline,4,random_regular,100,4,617,110,3.6509079749829216,47,110,0.42727272727272725,24,46
v2_baseline_s4,v2,baseline,4,random_regular,100,4,618,55,3.044522437702424,21,55,0.38181818181818183,8,46
v2_baseline_s4,v2,baseline,4,random_regular,100,4,619,60,2.6980110198281126,19,60,0.31666666666666665,51,46
v2_baseline_s4,v2,baseline,4,random_regular,100,4,620,237,4.259050394930997,107,237,0.45147679324894513,15,63
v2_baseline_s4,v2,baseline,4,random_regular,100,4,621,2,0.6931471805579453,2,2,1.0,32,25
v2_baseline_s4,v2,baseline,4,random_regular,100,4,622,41,2.8341258765372603,23,41,0.5609756097560976,17,46
v2_baseline_s4,v2,baseline,4,random_regular,100,4,623,8,0.6931471805579453,2,8,0.25,17,25
v2_baseline_s4,v2,baseline,4,random_regular,100,4,624,79,3.0246955538362474,26,79,0.3291139240506329,11,60
v2_baseline_s4,v2,baseline,4,random_regular,100,4,625,2,-1.000088900581841e-12,1,2,0.5,93,46
v2_baseline_s4,v2,baseline,4,random_regular,100,4,626,244,4.281449032974203,94,244,0.38524590163934425,76,63
v2_baseline_s4,v2,baseline,4,random_regular,100,4,627,39,2.369382119683676,12,39,0.3076923076923077,95,60
v2_baseline_s4,v2,baseline,4,random_regular,100,4,628,11,0.6931471805579453,2,11,0.18181818181818182,70,60
v2_baseline_s4,v2,baseline,4,random_regular,100,4,629,150,3.903855276368687,71,150,0.47333333333333333,61,60
v2_baseline_s4,v2,baseline,4,random_regular,100,4,630,195,4.13126812299455,81,195,0.4153846153846154,13,63
v2_baseline_s4,v2,baseline,4,random_regular,100,4,631,40,2.441015278014703,14,40,0.35,35,73
v2_baseline_s4,v2,baseline,4,random_regular,100,4,632,13,1.9459101490483133,7,13,0.5384615384615384,64,60
v2_baseline_s4,v2,baseline,4,random_regular,100,4,633,79,3.3549875695958247,30,79,0.379746835443038,49,25
v2_baseline_s4,v2,baseline,4,random_regular,100,4,634,85,3.1766333950033863,31,85,0.36470588235294116,18,25
v2_baseline_s4,v2,baseline,4,random_regular,100,4,635,0,0.0,0,0,,60,60
v2_baseline_s4,v2,baseline,4,random_regular,100,4,636,16,1.0986122886651095,3,16,0.1875,42,73
v2_baseline_s4,v2,baseline,4,random_regular,100,4,637,53,3.10797227595561,25,53,0.4716981132075472,81,63
v2_baseline_s4,v2,baseline,4,random_regular,100,4,638,24,2.639057329601259,14,24,0.5833333333333334,78,73
v2_baseline_s4,v2,baseline,4,random_regular,100,4,639,80,2.8231230300639223,30,80,0.375,7,25
v2_baseline_s4,v2,baseline,4,random_regular,100,4,640,43,2.857102837424001,20,43,0.46511627906976744,85,73
v2_baseline_s4,v2,baseline,4,random_regular,100,4,641,110,3.4502855905397403,39,110,0.35454545454545455,26,46
v2_baseline_s4,v2,baseline,4,random_regular,100,4,642,25,2.302585092984045,10,25,0.4,66,46
v2_baseline_s4,v2,baseline,4,random_regular,100,4,643,27,2.3978952727873706,11,27,0.4074074074074074,40,60
v2_baseline_s4,v2,baseline,4,random_regular,100,4,644,44,2.7985132569262934,19,44,0.4318181818181818,23,25
v2_baseline_s4,v2,baseline,4,random_regular,100,4,645,14,1.791759469222055,6,14,0.42857142857142855,86,63
v2_baseline_s4,v2,baseline,4,random_regular,100,4,646,46,2.931923292990705,23,46,0.5,81,60
v2_baseline_s4,v2,baseline,4,random_regular,100,4,647,2,-1.000088900581841e-12,1,2,0.5,51,63
v2_baseline_s4,v2,baseline,4,random_regular,100,4,648,132,3.770971414388315,55,132,0.4166666666666667,0,60
v2_baseline_s4,v2,baseline,4,random_regular,100,4,649,6,-1.000088900581841e-12,1,6,0.16666666666666666,50,60
v2_baseline_s4,v2,baseline,4,random_regular,100,4,650,102,3.658162873776453,44,102,0.43137254901960786,24,63
v2_baseline_s4,v2,baseline,4,random_regular,100,4,651,27,2.484906649776,12,27,0.4444444444444444,86,73
v2_baseline_s4,v2,baseline,4,random_regular,100,4,652,29,2.484906649776,12,29,0.41379310344827586,22,73
v2_baseline_s4,v2,baseline,4,random_regular,100,4,653,137,3.480450910325072,57,137,0.41605839416058393,13,60
v2_baseline_s4,v2,baseline,4,random_regular,100,4,654,0,0.0,0,0,,46,46
v2_baseline_s4,v2,baseline,4,random_regular,100,4,655,40,2.912494403312053,21,40,0.525,24,46
v2_baseline_s4,v2,baseline,4,random_regular,100,4,656,5,1.3862943611158909,4,5,0.8,92,63
v2_baseline_s4,v2,baseline,4,random_regular,100,4,657,111,3.71424286565366,45,111,0.40540540540540543,74,60
v2_baseline_s4,v2,baseline,4,random_regular,100,4,658,274,4.3328897811442095,118,274,0.4306569343065693,58,46
v2_baseline_s4,v2,baseline,4,random_regular,100,4,659,72,2.787876228069594,24,72,0.3333333333333333,10,25
v2_baseline_s4,v2,baseline,4,random_regular,100,4,660,164,3.9207967452542536,71,164,0.4329268292682927,17,63
v2_baseline_s4,v2,baseline,4,random_regular,100,4,661,4,1.0986122886651095,3,4,0.75,64,60
v2_baseline_s4,v2,baseline,4,random_regular,100,4,662,171,4.029249537224177,73,171,0.4269005847953216,20,73
v2_baseline_s4,v2,baseline,4,random_regular,100,4,663,18,1.9061547465328492,8,18,0.4444444444444444,32,46
v2_baseline_s4,v2,baseline,4,random_regular,100,4,664,77,3.146132506787109,32,77,0.4155844155844156,8,25
v2_baseline_s4,v2,baseline,4,random_regular,100,4,665,26,2.3978952727873706,11,26,0.4230769230769231,74,46
v2_baseline_s4,v2,baseline,4,random_regular,100,4,666,11,-1.000088900581841e-12,1,11,0.09090909090909091,78,73
v2_baseline_s4,v2,baseline,4,random_regular,100,4,667,66,3.2826939972510645,28,66,0.42424242424242425,3,46
v2_baseline_s4,v2,baseline,4,random_regular,100,4,668,118,3.6987960187140354,61,118,0.5169491525423728,78,73
v2_baseline_s4,v2,baseline,4,random_regular,100,4,669,34,2.2718685126865625,11,34,0.3235294117647059,12,63
v2_baseline_s4,v2,baseline,4,random_regular,100,4,670,13,1.3862943611158909,4,13,0.3076923076923077,57,60
v2_baseline_s4,v2,baseline,4,random_regular,100,4,671,33,2.3978952727873706,11,33,0.3333333333333333,24,60
v2_baseline_s4,v2,baseline,4,random_regular,100,4,672,130,3.7545647056209694,52,130,0.4,99,63
v2_baseline_s4,v2,baseline,4,random_regular,100,4,673,32,2.441015278014703,14,32,0.4375,18,60
v2_baseline_s4,v2,baseline,4,random_regular,100,4,674,87,3.1931483947852626,27,87,0.3103448275862069,27,73
v2_baseline_s4,v2,baseline,4,random_regular,100,4,675,13,1.5607104090364066,6,13,0.46153846153846156,68,60
v2_baseline_s4,v2,baseline,4,random_regular,100,4,676,108,3.658132080208479,48,108,0.4444444444444444,15,60
v2_baseline_s4,v2,baseline,4,random_regular,100,4,677,40,2.4260151319478083,16,40,0.4,22,63
v2_baseline_s4,v2,baseline,4,random_regular,100,4,678,42,3.0047670351869598,24,42,0.5714285714285714,0,25
v2_baseline_s4,v2,baseline,4,random_regular,100,4,679,62,3.158039775194436,29,62,0.46774193548387094,34,46
v2_baseline_s4,v2,baseline,4,random_regular,100,4,680,192,3.777764832684,66,192,0.34375,97,63
v2_baseline_s4,v2,baseline,4,random_regular,100,4,681,11,1.6094379124291005,5,11,0.45454545454545453,69,63
v2_baseline_s4,v2,baseline,4,random_regular,100,4,682,28,2.5126585295168016,16,28,0.5714285714285714,55,63
v2_baseline_s4,v2,baseline,4,random_regular,100,4,683,104,3.340487701139938,45,104,0.4326923076923077,50,73
v2_baseline_s4,v2,baseline,4,random_regular,100,4,684,78,3.1282795608038727,29,78,0.3717948717948718,74,25
v2_baseline_s4,v2,baseline,4,random_regular,100,4,685,196,3.953057122685801,80,196,0.40816326530612246,10,73
v2_baseline_s4,v2,baseline,4,random_regular,100,4,686,82,3.200173616091364,34,82,0.4146341463414634,8,73
v2_baseline_s4,v2,baseline,4,random_regular,100,4,687,178,3.974861089238645,76,178,0.42696629213483145,98,73
v2_baseline_s4,v2,baseline,4,random_regular,100,4,688,76,3.2163581334868363,30,76,0.39473684210526316,35,63
v2_baseline_s4,v2,baseline,4,random_regular,100,4,689,1,-1.000088900581841e-12,1,1,1.0,47,25
v2_baseline_s4,v2,baseline,4,random_regular,100,4,690,169,3.817618837929556,64,169,0.378698224852071,19,46
v2_baseline_s4,v2,baseline,4,random_regular,100,4,691,73,3.286462961268799,33,73,0.4520547945205479,97,25
v2_baseline_s4,v2,baseline,4,random_regular,100,4,692,24,2.2718685126865625,11,24,0.4583333333333333,33,63
v2_baseline_s4,v2,baseline,4,random_regular,100,4,693,0,0.0,0,0,,73,73
v2_baseline_s4,v2,baseline,4,random_regular,100,4,694,92,3.032518914925761,32,92,0.34782608695652173,76,73
v2_baseline_s4,v2,baseline,4,random_regular,100,4,695,4,1.0986122886651095,3,4,0.75,39,46
v2_baseline_s4,v2,baseline,4,random_regular,100,4,696,0,0.0,0,0,,60,60
v2_baseline_s4,v2,baseline,4,random_regular,100,4,697,79,3.1282795608038727,29,79,0.3670886075949367,95,63
v2_baseline_s4,v2,baseline,4,random_regular,100,4,698,55,2.724906399111217,26,55,0.4727272727272727,54,73
v2_baseline_s4,v2,baseline,4,random_regular,100,4,699,32,2.61563057701355,15,32,0.46875,35,63
v2_baseline_s4,v2,baseline,4,random_regular,100,4,700,57,2.926417555478996,20,57,0.3508771929824561,84,60
v2_baseline_s4,v2,baseline,4,random_regular,100,4,701,22,1.8891591637470213,9,22,0.4090909090909091,45,46
v2_baseline_s4,v2,baseline,4,random_regular,100,4,702,5,1.0986122886651095,3,5,0.6,10,46
v2_baseline_s4,v2,baseline,4,random_regular,100,4,703,115,3.541641104661316,49,115,0.4260869565217391,74,63
v2_baseline_s4,v2,baseline,4,random_regular,100,4,704,4,0.6931471805579453,2,4,0.5,89,73
v2_baseline_s4,v2,baseline,4,random_regular,100,4,705,158,3.752636289756061,64,158,0.4050632911392405,84,63
v2_baseline_s4,v2,baseline,4,random_regular,100,4,706,7,1.0986122886651095,3,7,0.42857142857142855,80,25
v2_baseline_s4,v2,baseline,4,random_regular,100,4,707,101,3.556923618315194,39,101,0.38613861386138615,74,60
v2_baseline_s4,v2,baseline,4,random_regular,100,4,708,34,2.1458417525857545,11,34,0.3235294117647059,0,60
v2_baseline_s4,v2,baseline,4,random_regular,100,4,709,36,2.685945324654788,16,36,0.4444444444444444,95,60
v2_baseline_s4,v2,baseline,4,random_regular,100,4,710,15,2.197224577327219,9,15,0.6,38,25
v2_baseline_s4,v2,baseline,4,random_regular,100,4,711,21,2.3978952727873706,11,21,0.5238095238095238,64,25
v2_baseline_s4,v2,baseline,4,random_regular,100,4,712,15,1.0986122886651095,3,15,0.2,4,73
v2_baseline_s4,v2,baseline,4,random_regular,100,4,713,71,3.5213776090567093,39,71,0.5492957746478874,14,46
v2_baseline_s4,v2,baseline,4,random_regular,100,4,714,51,2.725550395815721,19,51,0.37254901960784315,71,73
v2_baseline_s4,v2,baseline,4,random_regular,100,4,715,201,4.226545602614133,84,201,0.417910447761194,55,63
v2_baseline_s4,v2,baseline,4,random_regular,100,4,716,144,3.591198494431443,55,144,0.3819444444444444,50,60
v2_baseline_s4,v2,baseline,4,random_regular,100,4,717,185,4.231277884326845,82,185,0.44324324324324327,71,60
v2_baseline_s4,v2,baseline,4,random_regular,100,4,718,45,2.857102837424001,20,45,0.4444444444444444,95,46
v2_baseline_s4,v2,baseline,4,random_regular,100,4,719,70,3.10797227595561,25,70,0.35714285714285715,35,73
v2_baseline_s4,v2,baseline,4,random_regular,100,4,720,66,2.912494403312053,21,66,0.3181818181818182,30,60
v2_baseline_s4,v2,baseline,4,random_regular,100,4,721,179,3.908290522690893,72,179,0.4022346368715084,7,46
v2_baseline_s4,v2,baseline,4,random_regular,100,4,722,2,-1.000088900581841e-12,1,2,0.5,80,25
v2_baseline_s4,v2,baseline,4,random_regular,100,4,723,4,-1.000088900581841e-12,1,4,0.25,47,25
v2_baseline_s4,v2,baseline,4,random_regular,100,4,724,299,4.265684803789724,114,299,0.38127090301003347,43,46
v2_baseline_s4,v2,baseline,4,random_regular,100,4,725,0,0.0,0,0,,25,25
v2_baseline_s4,v2,baseline,4,random_regular,100,4,726,311,4.64267070399135,141,311,0.4533762057877814,89,63
v2_baseline_s4,v2,baseline,4,random_regular,100,4,727,195,3.929494514349802,86,195,0.441025641025641,55,46
v2_baseline_s4,v2,baseline,4,random_regular,100,4,728,98,3.6436782287373086,47,98,0.47959183673469385,7,73
v2_baseline_s4,v2,baseline,4,random_regular,100,4,729,0,0.0,0,0,,60,60
v2_baseline_s4,v2,baseline,4,random_regular,100,4,730,157,3.809279221927659,54,157,0.34394904458598724,30,73
v2_baseline_s4,v2,baseline,4,random_regular,100,4,731,176,4.145763370199128,77,176,0.4375,61,73
v2_baseline_s4,v2,baseline,4,random_regular,100,4,732,34,2.3516733018936304,13,34,0.38235294117647056,1,46
v2_baseline_s4,v2,baseline,4,random_regular,100,4,733,1,-1.000088900581841e-12,1,1,1.0,15,63
v2_baseline_s4,v2,baseline,4,random_regular,100,4,734,10,1.0986122886651095,3,10,0.3,96,73
v2_baseline_s4,v2,baseline,4,random_regular,100,4,735,58,3.244492630381296,27,58,0.46551724137931033,55,46
v2_baseline_s4,v2,baseline,4,random_regular,100,4,736,37,2.639057329601259,14,37,0.3783783783783784,5,60
v2_baseline_s4,v2,baseline,4,random_regular,100,4,737,14,1.6094379124291005,5,14,0.35714285714285715,31,63
v2_baseline_s4,v2,baseline,4,random_regular,100,4,738,107,3.544511778726858,41,107,0.38317757009345793,16,73
v2_baseline_s4,v2,baseline,4,random_regular,100,4,739,213,4.182153595021012,93,213,0.43661971830985913,64,60
v2_baseline_s4,v2,baseline,4,random_regular,100,4,740,4,1.0986122886651095,3,4,0.75,91,60
v2_baseline_s4,v2,baseline,4,random_regular,100,4,741,83,3.3549875695958247,30,83,0.3614457831325301,70,46
v2_baseline_s4,v2,baseline,4,random_regular,100,4,742,187,4.211515583408678,79,187,0.42245989304812837,76,60
v2_baseline_s4,v2,baseline,4,random_regular,100,4,743,131,3.7609415152935313,62,131,0.4732824427480916,69,46
v2_baseline_s4,v2,baseline,4,random_regular,100,4,744,54,3.135494215906149,23,54,0.42592592592592593,62,60
v2_baseline_s4,v2,baseline,4,random_regular,100,4,745,106,3.510699721139568,41,106,0.3867924528301887,23,25
v2_baseline_s4,v2,baseline,4,random_regular,100,4,746,20,1.6094379124291005,5,20,0.25,10,60
v2_baseline_s4,v2,baseline,4,random_regular,100,4,747,55,2.689178166502139,22,55,0.4,54,25
v2_baseline_s4,v2,baseline,4,random_regular,100,4,748,61,2.8647385121715674,26,61,0.4262295081967213,59,46
v2_baseline_s4,v2,baseline,4,random_regular,100,4,749,27,2.302585092984045,10,27,0.37037037037037035,1,73
v2_baseline_s4,v2,baseline,4,random_regular,100,4,750,5,1.039720770836918,4,5,0.8,7,46
v2_baseline_s4,v2,baseline,4,random_regular,100,4,751,205,4.126343917816786,80,205,0.3902439024390244,56,60
v2_baseline_s4,v2,baseline,4,random_regular,100,4,752,37,2.20478541690352,13,37,0.35135135135135137,75,60
v2_baseline_s4,v2,baseline,4,random_regular,100,4,753,1,-1.000088900581841e-12,1,1,1.0,51,63
v2_baseline_s4,v2,baseline,4,random_regular,100,4,754,1,-1.000088900581841e-12,1,1,1.0,42,73
v2_baseline_s4,v2,baseline,4,random_regular,100,4,755,47,2.926417555478996,20,47,0.425531914893617,12,63
v2_baseline_s4,v2,baseline,4,random_regular,100,4,756,27,1.054920167983144,5,27,0.18518518518518517,91,60
v2_baseline_s4,v2,baseline,4,random_regular,100,4,757,28,2.772588722223781,16,28,0.5714285714285714,61,60
v2_baseline_s4,v2,baseline,4,random_regular,100,4,758,210,4.059576995716055,83,210,0.3952380952380952,15,46
v2_baseline_s4,v2,baseline,4,random_regular,100,4,759,6,0.6931471805579453,2,6,0.3333333333333333,79,73
v2_baseline_s4,v2,baseline,4,random_regular,100,4,760,158,3.831103935075733,64,158,0.4050632911392405,35,60
v2_baseline_s4,v2,baseline,4,random_regular,100,4,761,130,3.726795348248236,48,130,0.36923076923076925,54,73
v2_baseline_s4,v2,baseline,4,random_regular,100,4,762,21,2.079441541671836,8,21,0.38095238095238093,72,60
v2_baseline_s4,v2,baseline,4,random_regular,100,4,763,7,1.3862943611158909,4,7,0.5714285714285714,34,60
v2_baseline_s4,v2,baseline,4,random_regular,100,4,764,4,-1.000088900581841e-12,1,4,0.25,21,60
v2_baseline_s4,v2,baseline,4,random_regular,100,4,765,93,3.3071040554882205,34,93,0.3655913978494624,4,63
v2_baseline_s4,v2,baseline,4,random_regular,100,4,766,75,3.2994270308825606,36,75,0.48,29,25
v2_baseline_s4,v2,baseline,4,random_regular,100,4,767,80,3.485587161020812,34,80,0.425,87,73
v2_baseline_s4,v2,baseline,4,random_regular,100,4,768,83,3.2451263407310145,30,83,0.3614457831325301,30,60
v2_baseline_s4,v2,baseline,4,random_regular,100,4,769,0,0.0,0,0,,73,73
v2_baseline_s4,v2,baseline,4,random_regular,100,4,770,19,2.4583113296710835,13,19,0.6842105263157895,51,60
v2_baseline_s4,v2,baseline,4,random_regular,100,4,771,23,2.2718685126865625,11,23,0.4782608695652174,9,63
v2_baseline_s4,v2,baseline,4,random_regular,100,4,772,45,2.902002313186603,22,45,0.4888888888888889,22,25
v2_baseline_s4,v2,baseline,4,random_regular,100,4,773,18,1.6094379124291005,5,18,0.2777777777777778,64,25
v2_baseline_s4,v2,baseline,4,random_regular,100,4,774,3,0.6931471805579453,2,3,0.6666666666666666,17,25
v2_baseline_s4,v2,baseline,4,random_regular,100,4,775,116,3.817965922245654,56,116,0.4827586206896552,76,63
v2_baseline_s4,v2,baseline,4,random_regular,100,4,776,30,2.369382119683676,12,30,0.4,0,63
v2_baseline_s4,v2,baseline,4,random_regular,100,4,777,113,3.666665916258637,51,113,0.45132743362831856,84,63
v2_baseline_s4,v2,baseline,4,random_regular,100,4,778,29,2.772588722223781,16,29,0.5517241379310345,85,46
v2_baseline_s4,v2,baseline,4,random_regular,100,4,779,61,2.838988933136699,22,61,0.36065573770491804,90,73
v2_baseline_s4,v2,baseline,4,random_regular,100,4,780,3,0.6931471805579453,2,3,0.6666666666666666,99,60
v2_baseline_s4,v2,baseline,4,random_regular,100,4,781,12,2.079441541671836,8,12,0.6666666666666666,71,46
v2_baseline_s4,v2,baseline,4,random_regular,100,4,782,53,2.7284075400172907,22,53,0.41509433962264153,90,60
v2_baseline_s4,v2,baseline,4,random_regular,100,4,783,178,3.913254099411064,76,178,0.42696629213483145,72,46
v2_baseline_s4,v2,baseline,4,random_regular,100,4,784,18,2.3978952727873706,11,18,0.6111111111111112,27,73
v2_baseline_s4,v2,baseline,4,random_regular,100,4,785,64,3.052520501511814,25,64,0.390625,18,25
v2_baseline_s4,v2,baseline,4,random_regular,100,4,786,135,3.652025057510275,50,135,0.37037037037037035,0,60
v2_baseline_s4,v2,baseline,4,random_regular,100,4,787,119,3.6600032089343273,51,119,0.42857142857142855,53,46
v2_baseline_s4,v2,baseline,4,random_regular,100,4,788,31,2.4583113296710835,13,31,0.41935483870967744,19,73
v2_baseline_s4,v2,baseline,4,random_regular,100,4,789,48,2.912494403312053,21,48,0.4375,4,63
v2_baseline_s4,v2,baseline,4,random_regular,100,4,790,46,2.9650156932365066,22,46,0.4782608695652174,98,63
v2_baseline_s4,v2,baseline,4,random_regular,100,4,791,60,2.7985132569262934,19,60,0.31666666666666665,66,25
v2_baseline_s4,v2,baseline,4,random_regular,100,4,792,76,3.308777757559495,30,76,0.39473684210526316,43,73
v2_baseline_s4,v2,baseline,4,random_regular,100,4,793,52,2.871476118036867,19,52,0.36538461538461536,28,60
v2_baseline_s4,v2,baseline,4,random_regular,100,4,794,38,2.083766037476648,15,38,0.39473684210526316,49,73
v2_baseline_s4,v2,baseline,4,random_regular,100,4,795,10,1.3862943611158909,4,10,0.4,93,73
v2_baseline_s4,v2,baseline,4,random_regular,100,4,796,69,3.233183484354926,28,69,0.4057971014492754,71,46
v2_baseline_s4,v2,baseline,4,random_regular,100,4,797,82,3.2551105127007407,31,82,0.3780487804878049,30,73
v2_baseline_s4,v2,baseline,4,random_regular,100,4,798,26,2.369382119683676,12,26,0.46153846153846156,65,25
v2_baseline_s4,v2,baseline,4,random_regular,100,4,799,6,1.6094379124291005,5,6,0.8333333333333334,97,63
v2_baseline_s4,v2,baseline,4,random_regular,100,4,800,280,4.362106548330382,109,280,0.3892857142857143,80,25
v2_baseline_s4,v2,baseline,4,random_regular,100,4,801,2,-1.000088900581841e-12,1,2,0.5,96,73
v2_baseline_s4,v2,baseline,4,random_regular,100,4,802,230,4.082059279092511,84,230,0.3652173913043478,16,25
v2_baseline_s4,v2,baseline,4,random_regular,100,4,803,343,4.485632977602538,122,343,0.3556851311953353,44,63
v2_baseline_s4,v2,baseline,4,random_regular,100,4,804,60,2.648438334531311,21,60,0.35,77,25
v2_baseline_s4,v2,baseline,4,random_regular,100,4,805,28,1.7351264569569227,9,28,0.32142857142857145,58,25
v2_baseline_s4,v2,baseline,4,random_regular,100,4,806,7,1.3862943611158909,4,7,0.5714285714285714,92,63
v2_baseline_s4,v2,baseline,4,random_regular,100,4,807,22,2.5400363038079807,14,22,0.6363636363636364,81,25
v2_baseline_s4,v2,baseline,4,random_regular,100,4,808,86,3.3161151335072865,41,86,0.47674418604651164,41,63
v2_baseline_s4,v2,baseline,4,random_regular,100,4,809,28,2.3978952727873706,11,28,0.39285714285714285,54,60
v2_baseline_s4,v2,baseline,4,random_regular,100,4,810,8,0.6931471805579453,2,8,0.25,32,25
v2_baseline_s4,v2,baseline,4,random_regular,100,4,811,31,2.8903717578781647,18,31,0.5806451612903226,78,73
v2_baseline_s4,v2,baseline,4,random_regular,100,4,812,6,1.0986122886651095,3,6,0.5,96,73
v2_baseline_s4,v2,baseline,4,random_regular,100,4,813,8,-1.000088900581841e-12,1,8,0.125,45,46
v2_baseline_s4,v2,baseline,4,random_regular,100,4,814,3,-1.000088900581841e-12,1,3,0.3333333333333333,31,63
v2_baseline_s4,v2,baseline,4,random_regular,100,4,815,48,3.0280290732864104,22,48,0.4583333333333333,42,73
v2_baseline_s4,v2,baseline,4,random_regular,100,4,816,77,3.062529300232621,24,77,0.3116883116883117,15,63
v2_baseline_s4,v2,baseline,4,random_regular,100,4,817,63,2.6593226976945163,18,63,0.2857142857142857,27,25
v2_baseline_s4,v2,baseline,4,random_regular,100,4,818,12,1.3321790402061222,5,12,0.4166666666666667,14,73
v2_baseline_s4,v2,baseline,4,random_regular,100,4,819,53,3.0047670351869598,24,53,0.4528301886792453,78,25
v2_baseline_s4,v2,baseline,4,random_regular,100,4,820,44,3.044522437702424,21,44,0.4772727272727273,0,63
v2_baseline_s4,v2,baseline,4,random_regular,100,4,821,23,2.1639556568730565,10,23,0.43478260869565216,86,63
v2_baseline_s4,v2,baseline,4,random_regular,100,4,822,26,2.245035274116177,13,26,0.5,82,63
v2_baseline_s4,v2,baseline,4,random_regular,100,4,823,27,2.685945324654788,16,27,0.5925925925925926,87,73
v2_baseline_s4,v2,baseline,4,random_regular,100,4,824,27,2.4583113296710835,13,27,0.48148148148148145,29,25
v2_baseline_s4,v2,baseline,4,random_regular,100,4,825,81,3.062529300232621,24,81,0.2962962962962963,35,60
v2_baseline_s4,v2,baseline,4,random_regular,100,4,826,70,3.2706069569122977,33,70,0.4714285714285714,94,25
v2_baseline_s4,v2,baseline,4,random_regular,100,4,827,19,2.302585092984045,10,19,0.5263157894736842,6,60
v2_baseline_s4,v2,baseline,4,random_regular,100,4,828,17,1.0986122886651095,3,17,0.17647058823529413,90,63
v2_baseline_s4,v2,baseline,4,random_regular,100,4,829,45,2.9650156932365066,22,45,0.4888888888888889,81,60
v2_baseline_s4,v2,baseline,4,random_regular,100,4,830,92,2.863599184433927,31,92,0.33695652173913043,27,46
v2_baseline_s4,v2,baseline,4,random_regular,100,4,831,121,3.4611552603273767,42,121,0.34710743801652894,14,25
v2_baseline_s4,v2,baseline,4,random_regular,100,4,832,4,0.6931471805579453,2,4,0.5,30,60
v2_baseline_s4,v2,baseline,4,random_regular,100,4,833,14,1.3321790402061222,5,14,0.35714285714285715,86,60
v2_baseline_s4,v2,baseline,4,random_regular,100,4,834,57,3.176082814634593,29,57,0.5087719298245614,34,63
v2_baseline_s4,v2,baseline,4,random_regular,100,4,835,0,0.0,0,0,,60,60
v2_baseline_s4,v2,baseline,4,random_regular,100,4,836,129,3.6745861847901296,52,129,0.40310077519379844,29,25
v2_baseline_s4,v2,baseline,4,random_regular,100,4,837,13,2.197224577327219,9,13,0.6923076923076923,57,25
v2_baseline_s4,v2,baseline,4,random_regular,100,4,838,43,2.4799555205315174,16,43,0.37209302325581395,79,63
v2_baseline_s4,v2,baseline,4,random_regular,100,4,839,19,2.0253262207620675,10,19,0.5263157894736842,66,25
v2_baseline_s4,v2,baseline,4,random_regular,100,4,840,30,2.3978952727873706,11,30,0.36666666666666664,55,25
v2_baseline_s4,v2,baseline,4,random_regular,100,4,841,0,0.0,0,0,,63,63
v2_baseline_s4,v2,baseline,4,random_regular,100,4,842,39,2.8332133440392155,17,39,0.4358974358974359,72,46
v2_baseline_s4,v2,baseline,4,random_regular,100,4,843,74,3.233183484354926,28,74,0.3783783783783784,11,63
v2_baseline_s4,v2,baseline,4,random_regular,100,4,844,2,0.6931471805579453,2,2,1.0,79,73
v2_baseline_s4,v2,baseline,4,random_regular,100,4,845,0,0.0,0,0,,46,46
v2_baseline_s4,v2,baseline,4,random_regular,100,4,846,21,1.9061547465328492,8,21,0.38095238095238093,35,46
v2_baseline_s4,v2,baseline,4,random_regular,100,4,847,101,3.6322425006666657,43,101,0.42574257425742573,83,46
v2_baseline_s4,v2,baseline,4,random_regular,100,4,848,66,3.135494215906149,23,66,0.3484848484848485,55,60
v2_baseline_s4,v2,baseline,4,random_regular,100,4,849,87,3.3861134216208097,37,87,0.42528735632183906,77,25
v2_baseline_s4,v2,baseline,4,random_regular,100,4,850,3,0.6931471805579453,2,3,0.6666666666666666,17,25
v2_baseline_s4,v2,baseline,4,random_regular,100,4,851,4,-1.000088900581841e-12,1,4,0.25,42,73
v2_baseline_s4,v2,baseline,4,random_regular,100,4,852,8,1.3862943611158909,4,8,0.5,30,63
v2_baseline_s4,v2,baseline,4,random_regular,100,4,853,112,3.28148609758874,40,112,0.35714285714285715,27,60
v2_baseline_s4,v2,baseline,4,random_regular,100,4,854,111,3.635866954262392,54,111,0.4864864864864865,32,73
v2_baseline_s4,v2,baseline,4,random_regular,100,4,855,1,-1.000088900581841e-12,1,1,1.0,80,25
v2_baseline_s4,v2,baseline,4,random_regular,100,4,856,45,2.540036303807981,14,45,0.3111111111111111,37,60
v2_baseline_s4,v2,baseline,4,random_regular,100,4,857,68,3.5157396511377024,35,68,0.5147058823529411,83,63
v2_baseline_s4,v2,baseline,4,random_regular,100,4,858,15,2.302585092984045,10,15,0.6666666666666666,78,46
v2_baseline_s4,v2,baseline,4,random_regular,100,4,859,108,3.7379676629805214,52,108,0.48148148148148145,38,60
v2_baseline_s4,v2,baseline,4,random_regular,100,4,860,18,2.197224577327219,9,18,0.5,89,46
v2_baseline_s4,v2,baseline,4,random_regular,100,4,861,2,-1.000088900581841e-12,1,2,0.5,5,60
v2_baseline_s4,v2,baseline,4,random_regular,100,4,862,39,2.736339051089065,18,39,0.46153846153846156,5,46
v2_baseline_s4,v2,baseline,4,random_regular,100,4,863,3,0.6931471805579453,2,3,0.6666666666666666,94,63
v2_baseline_s4,v2,baseline,4,random_regular,100,4,864,74,3.098139496330803,26,74,0.35135135135135137,59,60
v2_baseline_s4,v2,baseline,4,random_regular,100,4,865,112,3.791286676867748,52,112,0.4642857142857143,54,46
v2_baseline_s4,v2,baseline,4,random_regular,100,4,866,31,2.5649493574485365,13,31,0.41935483870967744,57,46
v2_baseline_s4,v2,baseline,4,random_regular,100,4,867,31,2.2718685126865625,11,31,0.3548387096774194,82,63
v2_baseline_s4,v2,baseline,4,random_regular,100,4,868,56,3.1418041591892294,27,56,0.48214285714285715,30,73
v2_baseline_s4,v2,baseline,4,random_regular,100,4,869,177,3.9550614022764776,71,177,0.4011299435028249,44,25
v2_baseline_s4,v2,baseline,4,random_regular,100,4,870,45,2.3046193848096714,14,45,0.3111111111111111,41,25
v2_baseline_s4,v2,baseline,4,random_regular,100,4,871,41,2.751666616915516,17,41,0.4146341463414634,19,60
v2_baseline_s4,v2,baseline,4,random_regular,100,4,872,36,2.302585092984045,10,36,0.2777777777777778,10,25
v2_baseline_s4,v2,baseline,4,random_regular,100,4,873,0,0.0,0,0,,46,46
v2_baseline_s4,v2,baseline,4,random_regular,100,4,874,14,1.7328679513938632,8,14,0.5714285714285714,62,63
v2_baseline_s4,v2,baseline,4,random_regular,100,4,875,576,4.812380707127355,221,576,0.3836805555555556,77,73
v2_baseline_s4,v2,baseline,4,random_regular,100,4,876,68,3.1836729714587872,28,68,0.4117647058823529,16,25
v2_baseline_s4,v2,baseline,4,random_regular,100,4,877,292,4.467441562962679,119,292,0.4075342465753425,50,60
v2_baseline_s4,v2,baseline,4,random_regular,100,4,878,6,-1.000088900581841e-12,1,6,0.16666666666666666,13,25
v2_baseline_s4,v2,baseline,4,random_regular,100,4,879,8,1.6094379124291005,5,8,0.625,21,25
v2_baseline_s4,v2,baseline,4,random_regular,100,4,880,134,3.9469943236600353,60,134,0.44776119402985076,33,60
v2_baseline_s4,v2,baseline,4,random_regular,100,4,881,55,2.5520852976069666,19,55,0.34545454545454546,83,25
v2_baseline_s4,v2,baseline,4,random_regular,100,4,882,16,1.6094379124291005,5,16,0.3125,42,73
v2_baseline_s4,v2,baseline,4,random_regular,100,4,883,167,4.028332743442937,68,167,0.40718562874251496,65,63
v2_baseline_s4,v2,baseline,4,random_regular,100,4,884,50,2.926417555478996,20,50,0.4,55,73
v2_baseline_s4,v2,baseline,4,random_regular,100,4,885,240,4.339963095195116,90,240,0.375,22,63
v2_baseline_s4,v2,baseline,4,random_regular,100,4,886,75,3.044522437702424,21,75,0.28,49,25
v2_baseline_s4,v2,baseline,4,random_regular,100,4,887,91,3.4502855905397403,39,91,0.42857142857142855,52,46
v2_baseline_s4,v2,baseline,4,random_regular,100,4,888,32,2.61563057701355,15,32,0.46875,59,46
v2_baseline_s4,v2,baseline,4,random_regular,100,4,889,0,0.0,0,0,,73,73
v2_baseline_s4,v2,baseline,4,random_regular,100,4,890,3,0.6931471805579453,2,3,0.6666666666666666,85,46
v2_baseline_s4,v2,baseline,4,random_regular,100,4,891,311,4.368165720466879,114,311,0.3665594855305466,76,25
v2_baseline_s4,v2,baseline,4,random_regular,100,4,892,143,3.79722120204213,62,143,0.43356643356643354,71,73
v2_baseline_s4,v2,baseline,4,random_regular,100,4,893,163,3.776539179139306,60,163,0.36809815950920244,55,73
v2_baseline_s4,v2,baseline,4,random_regular,100,4,894,61,3.244492630381296,27,61,0.4426229508196721,71,46
v2_baseline_s4,v2,baseline,4,random_regular,100,4,895,170,4.12096411688994,77,170,0.45294117647058824,7,25
v2_baseline_s4,v2,baseline,4,random_regular,100,4,896,0,0.0,0,0,,46,46
v2_baseline_s4,v2,baseline,4,random_regular,100,4,897,93,3.379092505199735,32,93,0.34408602150537637,6,63
v2_baseline_s4,v2,baseline,4,random_regular,100,4,898,10,1.0986122886651095,3,10,0.3,92,73
v2_baseline_s4,v2,baseline,4,random_regular,100,4,899,37,2.5649493574485365,13,37,0.35135135135135137,76,46
v2_baseline_s4,v2,baseline,4,random_regular,100,4,900,17,2.1639556568730565,10,17,0.5882352941176471,30,63
v2_baseline_s4,v2,baseline,4,random_regular,100,4,901,58,3.2238860684653137,29,58,0.5,20,63
v2_baseline_s4,v2,baseline,4,random_regular,100,4,902,57,3.367295829957475,29,57,0.5087719298245614,85,25
v2_baseline_s4,v2,baseline,4,random_regular,100,4,903,51,2.9650156932365066,22,51,0.43137254901960786,19,73
v2_baseline_s4,v2,baseline,4,random_regular,100,4,904,30,2.4583113296710835,13,30,0.43333333333333335,56,63
v2_baseline_s4,v2,baseline,4,random_regular,100,4,905,137,3.860208475449459,58,137,0.4233576642335766,45,46
v2_baseline_s4,v2,baseline,4,random_regular,100,4,906,844,5.117799785325543,336,844,0.3981042654028436,7,25
v2_baseline_s4,v2,baseline,4,random_regular,100,4,907,78,3.16897247467461,35,78,0.44871794871794873,68,25
v2_baseline_s4,v2,baseline,4,random_regular,100,4,908,57,3.163424050399405,25,57,0.43859649122807015,40,60
v2_baseline_s4,v2,baseline,4,random_regular,100,4,909,33,2.0431918705371204,9,33,0.2727272727272727,9,73
v2_baseline_s4,v2,baseline,4,random_regular,100,4,910,10,1.9459101490483133,7,10,0.7,68,46
v2_baseline_s4,v2,baseline,4,random_regular,100,4,911,20,2.197224577327219,9,20,0.45,20,73
v2_baseline_s4,v2,baseline,4,random_regular,100,4,912,1,-1.000088900581841e-12,1,1,1.0,5,60
v2_baseline_s4,v2,baseline,4,random_regular,100,4,913,10,1.791759469222055,6,10,0.6,36,73
v2_baseline_s4,v2,baseline,4,random_regular,100,4,914,64,3.2924491076317413,32,64,0.5,17,60
v2_baseline_s4,v2,baseline,4,random_regular,100,4,915,118,3.626656183752001,44,118,0.3728813559322034,1,25
v2_baseline_s4,v2,baseline,4,random_regular,100,4,916,171,4.110404453166564,65,171,0.38011695906432746,94,46
v2_baseline_s4,v2,baseline,4,random_regular,100,4,917,42,3.0752205480323718,23,42,0.5476190476190477,92,46
v2_baseline_s4,v2,baseline,4,random_regular,100,4,918,16,1.0114042647043515,6,16,0.375,20,46
v2_baseline_s4,v2,baseline,4,random_regular,100,4,919,149,3.838373243625214,65,149,0.436241610738255,79,25
v2_baseline_s4,v2,baseline,4,random_regular,100,4,920,114,3.501545383637408,54,114,0.47368421052631576,38,60
v2_baseline_s4,v2,baseline,4,random_regular,100,4,921,5,0.6931471805579453,2,5,0.4,49,60
v2_baseline_s4,v2,baseline,4,random_regular,100,4,922,113,3.414739581281256,39,113,0.34513274336283184,87,25
v2_baseline_s4,v2,baseline,4,random_regular,100,4,923,0,0.0,0,0,,63,63
v2_baseline_s4,v2,baseline,4,random_regular,100,4,924,24,2.245035274116177,13,24,0.5416666666666666,42,46
v2_baseline_s4,v2,baseline,4,random_regular,100,4,925,38,2.8903717578781647,18,38,0.47368421052631576,65,63
v2_baseline_s4,v2,baseline,4,random_regular,100,4,926,21,2.302585092984045,10,21,0.47619047619047616,2,73
v2_baseline_s4,v2,baseline,4,random_regular,100,4,927,52,2.8332133440392155,17,52,0.3269230769230769,50,46
v2_baseline_s4,v2,baseline,4,random_regular,100,4,928,21,2.0431918705371204,9,21,0.42857142857142855,57,60
v2_baseline_s4,v2,baseline,4,random_regular,100,4,929,158,4.046421636502493,65,158,0.41139240506329117,28,73
v2_baseline_s4,v2,baseline,4,random_regular,100,4,930,130,3.675018539949934,57,130,0.43846153846153846,30,73
v2_baseline_s4,v2,baseline,4,random_regular,100,4,931,146,4.113559168784704,69,146,0.4726027397260274,2,46
v2_baseline_s4,v2,baseline,4,random_regular,100,4,932,7,1.3862943611158909,4,7,0.5714285714285714,38,46
v2_baseline_s4,v2,baseline,4,random_regular,100,4,933,44,2.507026435544418,17,44,0.38636363636363635,67,60
v2_baseline_s4,v2,baseline,4,random_regular,100,4,934,101,3.587834535437795,43,101,0.42574257425742573,93,63
v2_baseline_s4,v2,baseline,4,random_regular,100,4,935,103,3.454772892723726,40,103,0.3883495145631068,33,63
v2_baseline_s4,v2,baseline,4,random_regular,100,4,936,52,2.8903717578781647,18,52,0.34615384615384615,74,63
v2_baseline_s4,v2,baseline,4,random_regular,100,4,937,94,3.488737420385817,44,94,0.46808510638297873,12,25
v2_baseline_s4,v2,baseline,4,random_regular,100,4,938,165,3.908668759573589,66,165,0.4,43,60
v2_baseline_s4,v2,baseline,4,random_regular,100,4,939,68,3.3071040554882205,34,68,0.5,0,63
v2_baseline_s4,v2,baseline,4,random_regular,100,4,940,2,0.6931471805579453,2,2,1.0,79,25
v2_baseline_s4,v2,baseline,4,random_regular,100,4,941,105,3.5440584153972394,47,105,0.44761904761904764,61,25
v2_baseline_s4,v2,baseline,4,random_regular,100,4,942,56,3.10797227595561,25,56,0.44642857142857145,87,63
v2_baseline_s4,v2,baseline,4,random_regular,100,4,943,38,2.639057329601259,14,38,0.3684210526315789,58,46
v2_baseline_s4,v2,baseline,4,random_regular,100,4,944,3,-1.000088900581841e-12,1,3,0.3333333333333333,45,46
v2_baseline_s4,v2,baseline,4,random_regular,100,4,945,237,4.012556970125889,93,237,0.3924050632911392,41,63
v2_baseline_s4,v2,baseline,4,random_regular,100,4,946,30,2.302585092984045,10,30,0.3333333333333333,12,60
v2_baseline_s4,v2,baseline,4,random_regular,100,4,947,28,2.302585092984045,10,28,0.35714285714285715,22,25
v2_baseline_s4,v2,baseline,4,random_regular,100,4,948,19,1.9459101490483133,7,19,0.3684210526315789,87,63
v2_baseline_s4,v2,baseline,4,random_regular,100,4,949,47,3.120291565278284,24,47,0.5106382978723404,90,73
v2_baseline_s4,v2,baseline,4,random_regular,100,4,950,34,2.772588722223781,16,34,0.47058823529411764,33,46
v2_baseline_s4,v2,baseline,4,random_regular,100,4,951,61,2.954673212284816,23,61,0.3770491803278688,1,73
v2_baseline_s4,v2,baseline,4,random_regular,100,4,952,8,1.3296613488507585,6,8,0.75,38,63
v2_baseline_s4,v2,baseline,4,random_regular,100,4,953,35,2.685945324654788,16,35,0.45714285714285713,66,63
v2_baseline_s4,v2,baseline,4,random_regular,100,4,954,104,3.601104729133599,38,104,0.36538461538461536,33,73
v2_baseline_s4,v2,baseline,4,random_regular,100,4,955,61,2.886609894081954,28,61,0.45901639344262296,17,46
v2_baseline_s4,v2,baseline,4,random_regular,100,4,956,136,3.872804591857546,57,136,0.41911764705882354,86,60
v2_baseline_s4,v2,baseline,4,random_regular,100,4,957,31,2.3978952727873706,11,31,0.3548387096774194,30,60
v2_baseline_s4,v2,baseline,4,random_regular,100,4,958,77,2.9295686187566004,28,77,0.36363636363636365,62,46
v2_baseline_s4,v2,baseline,4,random_regular,100,4,959,4,0.6931471805579453,2,4,0.5,4,46
v2_baseline_s4,v2,baseline,4,random_regular,100,4,960,140,3.600639628118684,53,140,0.37857142857142856,3,60
v2_baseline_s4,v2,baseline,4,random_regular,100,4,961,113,3.717941794828361,50,113,0.4424778761061947,80,46
v2_baseline_s4,v2,baseline,4,random_regular,100,4,962,71,3.2163581334868363,30,71,0.4225352112676056,42,25
v2_baseline_s4,v2,baseline,4,random_regular,100,4,963,26,2.302585092984045,10,26,0.38461538461538464,10,60
v2_baseline_s4,v2,baseline,4,random_regular,100,4,964,127,3.839509426606019,53,127,0.41732283464566927,16,46
v2_baseline_s4,v2,baseline,4,random_regular,100,4,965,12,1.6094379124291005,5,12,0.4166666666666667,77,25
v2_baseline_s4,v2,baseline,4,random_regular,100,4,966,7,1.0986122886651095,3,7,0.42857142857142855,50,25
v2_baseline_s4,v2,baseline,4,random_regular,100,4,967,28,1.9061547465328492,8,28,0.2857142857142857,81,46
v2_baseline_s4,v2,baseline,4,random_regular,100,4,968,0,0.0,0,0,,46,46
v2_baseline_s4,v2,baseline,4,random_regular,100,4,969,136,3.8182638090944425,58,136,0.4264705882352941,18,73
v2_baseline_s4,v2,baseline,4,random_regular,100,4,970,39,2.838988933136699,22,39,0.5641025641025641,50,73
v2_baseline_s4,v2,baseline,4,random_regular,100,4,971,45,2.926417555478996,20,45,0.4444444444444444,78,25
v2_baseline_s4,v2,baseline,4,random_regular,100,4,972,30,1.9061547465328492,8,30,0.26666666666666666,98,46
v2_baseline_s4,v2,baseline,4,random_regular,100,4,973,8,1.791759469222055,6,8,0.75,21,60
v2_baseline_s4,v2,baseline,4,random_regular,100,4,974,42,2.61563057701355,15,42,0.35714285714285715,28,25
v2_baseline_s4,v2,baseline,4,random_regular,100,4,975,77,3.342356062906156,35,77,0.45454545454545453,6,63
v2_baseline_s4,v2,baseline,4,random_regular,100,4,976,5,1.0986122886651095,3,5,0.6,90,63
v2_baseline_s4,v2,baseline,4,random_regular,100,4,977,182,4.10495991289071,76,182,0.4175824175824176,66,46
v2_baseline_s4,v2,baseline,4,random_regular,100,4,978,26,2.7080502010872096,15,26,0.5769230769230769,66,60
v2_baseline_s4,v2,baseline,4,random_regular,100,4,979,0,0.0,0,0,,25,25
v2_baseline_s4,v2,baseline,4,random_regular,100,4,980,51,2.8096782340597835,24,51,0.47058823529411764,91,46
v2_baseline_s4,v2,baseline,4,random_regular,100,4,981,127,3.575643357316897,50,127,0.3937007874015748,76,25
v2_baseline_s4,v2,baseline,4,random_regular,100,4,982,92,3.0752205480323718,23,92,0.25,65,25
v2_baseline_s4,v2,baseline,4,random_regular,100,4,983,5,1.3862943611158909,4,5,0.8,37,25
v2_baseline_s4,v2,baseline,4,random_regular,100,4,984,497,4.774430673578372,182,497,0.36619718309859156,15,73
v2_baseline_s4,v2,baseline,4,random_regular,100,4,985,3,-1.000088900581841e-12,1,3,0.3333333333333333,5,60
v2_baseline_s4,v2,baseline,4,random_regular,100,4,986,40,2.787788119369007,20,40,0.5,75,46
v2_baseline_s4,v2,baseline,4,random_regular,100,4,987,89,3.550250017965948,40,89,0.449438202247191,74,25
v2_baseline_s4,v2,baseline,4,random_regular,100,4,988,11,1.9459101490483133,7,11,0.6363636363636364,74,25
v2_baseline_s4,v2,baseline,4,random_regular,100,4,989,321,4.504212988719919,136,321,0.4236760124610592,1,60
v2_baseline_s4,v2,baseline,4,random_regular,100,4,990,2,-1.000088900581841e-12,1,2,0.5,31,63
v2_baseline_s4,v2,baseline,4,random_regular,100,4,991,9,1.3862943611158909,4,9,0.4444444444444444,94,60
v2_baseline_s4,v2,baseline,4,random_regular,100,4,992,52,2.4583113296710835,13,52,0.25,41,25
v2_baseline_s4,v2,baseline,4,random_regular,100,4,993,28,2.685945324654788,16,28,0.5714285714285714,23,46
v2_baseline_s4,v2,baseline,4,random_regular,100,4,994,36,2.8332133440392155,17,36,0.4722222222222222,71,73
v2_baseline_s4,v2,baseline,4,random_regular,100,4,995,139,3.8013814487104,68,139,0.4892086330935252,9,46
v2_baseline_s4,v2,baseline,4,random_regular,100,4,996,12,1.0986122886651095,3,12,0.25,43,60
v2_baseline_s4,v2,baseline,4,random_regular,100,4,997,49,2.8674404991054456,24,49,0.4897959183673469,85,25
v2_baseline_s4,v2,baseline,4,random_regular,100,4,998,112,3.886295575320209,54,112,0.48214285714285715,53,25
v2_baseline_s4,v2,baseline,4,random_regular,100,4,999,24,2.079441541671836,8,24,0.3333333333333333,66,46
