run_id,validation_version,condition,seed,topology,n_nodes,degree,episode_idx,hitting_time,path_entropy,accepted_moves,attempted_moves,accept_rate,start_node,final_node
v2_baseline_s17,v2,baseline,17,random_regular,100,4,0,80,2.8652352524288456,25,80,0.3125,88,87
v2_baseline_s17,v2,baseline,17,random_regular,100,4,1,46,2.751666616915516,17,46,0.3695652173913043,3,42
v2_baseline_s17,v2,baseline,17,random_regular,100,4,2,80,3.131333581612701,26,80,0.325,93,62
v2_baseline_s17,v2,baseline,17,random_regular,100,4,3,63,2.9683918915209624,27,63,0.42857142857142855,77,51
v2_baseline_s17,v2,baseline,17,random_regular,100,4,4,18,1.791759469222055,6,18,0.3333333333333333,20,87
v2_baseline_s17,v2,baseline,17,random_regular,100,4,5,123,3.595149493727549,44,123,0.35772357723577236,83,62
v2_baseline_s17,v2,baseline,17,random_regular,100,4,6,321,4.294838200581322,128,321,0.3987538940809969,71,62
v2_baseline_s17,v2,baseline,17,random_regular,100,4,7,33,2.61563057701355,15,33,0.45454545454545453,82,87
v2_baseline_s17,v2,baseline,17,random_regular,100,4,8,73,3.028029073286411,22,73,0.3013698630136986,85,42
v2_baseline_s17,v2,baseline,17,random_regular,100,4,9,130,3.685929310799093,54,130,0.4153846153846154,74,62
v2_baseline_s17,v2,baseline,17,random_regular,100,4,10,69,2.351080823410604,19,69,0.2753623188405797,8,62
v2_baseline_s17,v2,baseline,17,random_regular,100,4,11,143,3.5953789566597325,51,143,0.35664335664335667,21,42
v2_baseline_s17,v2,baseline,17,random_regular,100,4,12,23,2.253857589591352,12,23,0.5217391304347826,89,51
v2_baseline_s17,v2,baseline,17,random_regular,100,4,13,69,2.6078050343277046,23,69,0.3333333333333333,41,48
v2_baseline_s17,v2,baseline,17,random_regular,100,4,14,58,2.772588722223781,16,58,0.27586206896551724,64,51
v2_baseline_s17,v2,baseline,17,random_regular,100,4,15,329,4.541687894565096,123,329,0.3738601823708207,32,62
v2_baseline_s17,v2,baseline,17,random_regular,100,4,16,51,3.218875824843201,25,51,0.49019607843137253,54,62
v2_baseline_s17,v2,baseline,17,random_regular,100,4,17,55,2.8096782340597835,24,55,0.43636363636363634,34,87
v2_baseline_s17,v2,baseline,17,random_regular,100,4,18,36,2.5649493574485365,13,36,0.3611111111111111,67,48
v2_baseline_s17,v2,baseline,17,random_regular,100,4,19,59,2.941616952624223,25,59,0.423728813559322,19,51
v2_baseline_s17,v2,baseline,17,random_regular,100,4,20,218,4.037783240315683,75,218,0.3440366972477064,1,62
v2_baseline_s17,v2,baseline,17,random_regular,100,4,21,25,2.1458417525857545,11,25,0.44,11,48
v2_baseline_s17,v2,baseline,17,random_regular,100,4,22,0,0.0,0,0,,42,42
v2_baseline_s17,v2,baseline,17,random_regular,100,4,23,29,2.639057329601259,14,29,0.4827586206896552,27,62
v2_baseline_s17,v2,baseline,17,random_regular,100,4,24,126,3.758472410905133,51,126,0.40476190476190477,97,87
v2_baseline_s17,v2,baseline,17,random_regular,100,4,25,101,3.5189874790310265,41,101,0.40594059405940597,1,87
v2_baseline_s17,v2,baseline,17,random_regular,100,4,26,54,2.7985132569262934,19,54,0.35185185185185186,49,51
v2_baseline_s17,v2,baseline,17,random_regular,100,4,27,60,3.308777757559495,30,60,0.5,63,62
v2_baseline_s17,v2,baseline,17,random_regular,100,4,28,17,2.302585092984045,10,17,0.5882352941176471,83,62
v2_baseline_s17,v2,baseline,17,random_regular,100,4,29,23,1.9459101490483133,7,23,0.30434782608695654,25,42
v2_baseline_s17,v2,baseline,17,random_regular,100,4,30,37,2.685945324654788,16,37,0.43243243243243246,41,62
v2_baseline_s17,v2,baseline,17,random_regular,100,4,31,22,1.791759469222055,6,22,0.2727272727272727,14,87
v2_baseline_s17,v2,baseline,17,random_regular,100,4,32,21,2.079441541671836,8,21,0.38095238095238093,56,87
v2_baseline_s17,v2,baseline,17,random_regular,100,4,33,38,2.9444389791474395,19,38,0.5,95,62
v2_baseline_s17,v2,baseline,17,random_regular,100,4,34,6,1.3862943611158909,4,6,0.6666666666666666,52,87
v2_baseline_s17,v2,baseline,17,random_regular,100,4,35,3,-1.000088900581841e-12,1,3,0.3333333333333333,23,87
v2_baseline_s17,v2,baseline,17,random_regular,100,4,36,31,2.20478541690352,13,31,0.41935483870967744,7,62
v2_baseline_s17,v2,baseline,17,random_regular,100,4,37,111,3.726795348248236,48,111,0.43243243243243246,17,48
v2_baseline_s17,v2,baseline,17,random_regular,100,4,38,137,3.764627169924135,52,137,0.3795620437956204,92,62
v2_baseline_s17,v2,baseline,17,random_regular,100,4,39,179,4.029249537224177,73,179,0.40782122905027934,10,51
v2_baseline_s17,v2,baseline,17,random_regular,100,4,40,35,2.8332133440392155,17,35,0.4857142857142857,11,51
v2_baseline_s17,v2,baseline,17,random_regular,100,4,41,7,1.0986122886651095,3,7,0.42857142857142855,7,51
v2_baseline_s17,v2,baseline,17,random_regular,100,4,42,118,3.629250947686148,48,118,0.4067796610169492,78,48
v2_baseline_s17,v2,baseline,17,random_regular,100,4,43,0,0.0,0,0,,51,51
v2_baseline_s17,v2,baseline,17,random_regular,100,4,44,104,3.556923618315194,39,104,0.375,52,51
v2_baseline_s17,v2,baseline,17,random_regular,100,4,45,57,3.120291565278284,24,57,0.42105263157894735,60,62
v2_baseline_s17,v2,baseline,17,random_regular,100,4,46,23,2.369382119683676,12,23,0.5217391304347826,68,62
v2_baseline_s17,v2,baseline,17,random_regular,100,4,47,176,3.959847290635912,71,176,0.4034090909090909,81,51
v2_baseline_s17,v2,baseline,17,random_regular,100,4,48,85,3.2551105127007407,31,85,0.36470588235294116,32,62
v2_baseline_s17,v2,baseline,17,random_regular,100,4,49,104,3.638648592450092,42,104,0.40384615384615385,63,51
v2_baseline_s17,v2,baseline,17,random_regular,100,4,50,118,3.612135893901438,41,118,0.3474576271186441,64,62
v2_baseline_s17,v2,baseline,17,random_regular,100,4,51,49,2.6593226976945163,18,49,0.3673469387755102,90,62
v2_baseline_s17,v2,baseline,17,random_regular,100,4,52,50,3.163424050399405,25,50,0.5,81,62
v2_baseline_s17,v2,baseline,17,random_regular,100,4,53,20,1.8891591637470213,9,20,0.45,75,51
v2_baseline_s17,v2,baseline,17,random_regular,100,4,54,103,3.2509410406396784,34,103,0.3300970873786408,99,51
v2_baseline_s17,v2,baseline,17,random_regular,100,4,55,49,3.039115687997164,27,49,0.5510204081632653,25,51
v2_baseline_s17,v2,baseline,17,random_regular,100,4,56,46,2.441015278014703,14,46,0.30434782608695654,16,51
v2_baseline_s17,v2,baseline,17,random_regular,100,4,57,50,2.3419942522214248,14,50,0.28,53,51
v2_baseline_s17,v2,baseline,17,random_regular,100,4,58,11,1.0986122886651095,3,11,0.2727272727272727,15,51
v2_baseline_s17,v2,baseline,17,random_regular,100,4,59,65,2.7759755530867958,22,65,0.3384615384615385,43,48
v2_baseline_s17,v2,baseline,17,random_regular,100,4,60,39,2.245035274116177,13,39,0.3333333333333333,15,87
v2_baseline_s17,v2,baseline,17,random_regular,100,4,61,58,3.0752205480323718,23,58,0.39655172413793105,96,62
v2_baseline_s17,v2,baseline,17,random_regular,100,4,62,90,3.0602870925856958,30,90,0.3333333333333333,32,42
v2_baseline_s17,v2,baseline,17,random_regular,100,4,63,69,3.019736127116996,27,69,0.391304347826087,49,48
v2_baseline_s17,v2,baseline,17,random_regular,100,4,64,8,0.6931471805579453,2,8,0.25,2,87
v2_baseline_s17,v2,baseline,17,random_regular,100,4,65,9,1.3862943611158909,4,9,0.4444444444444444,24,62
v2_baseline_s17,v2,baseline,17,random_regular,100,4,66,7,-1.000088900581841e-12,1,7,0.14285714285714285,38,42
v2_baseline_s17,v2,baseline,17,random_regular,100,4,67,7,0.6931471805579453,2,7,0.2857142857142857,22,51
v2_baseline_s17,v2,baseline,17,random_regular,100,4,68,70,3.2625679455231658,30,70,0.42857142857142855,2,62
v2_baseline_s17,v2,baseline,17,random_regular,100,4,69,18,2.302585092984045,10,18,0.5555555555555556,45,51
v2_baseline_s17,v2,baseline,17,random_regular,100,4,70,15,1.791759469222055,6,15,0.4,52,48
v2_baseline_s17,v2,baseline,17,random_regular,100,4,71,70,3.2163581334868363,30,70,0.42857142857142855,11,42
v2_baseline_s17,v2,baseline,17,random_regular,100,4,72,3,0.6931471805579453,2,3,0.6666666666666666,57,87
v2_baseline_s17,v2,baseline,17,random_regular,100,4,73,20,1.9459101490483133,7,20,0.35,83,48
v2_baseline_s17,v2,baseline,17,random_regular,100,4,74,126,3.809279221927659,54,126,0.42857142857142855,45,51
v2_baseline_s17,v2,baseline,17,random_regular,100,4,75,139,3.8977607920910886,61,139,0.43884892086330934,21,62
v2_baseline_s17,v2,baseline,17,random_regular,100,4,76,158,3.847455439567375,64,158,0.4050632911392405,94,62
v2_baseline_s17,v2,baseline,17,random_regular,100,4,77,212,4.3223014792158345,91,212,0.42924528301886794,82,51
v2_baseline_s17,v2,baseline,17,random_regular,100,4,78,91,3.461048251949615,37,91,0.4065934065934066,58,62
v2_baseline_s17,v2,baseline,17,random_regular,100,4,79,57,3.1780538303239454,24,57,0.42105263157894735,20,62
v2_baseline_s17,v2,baseline,17,random_regular,100,4,80,5,0.6931471805579453,2,5,0.4,84,48
v2_baseline_s17,v2,baseline,17,random_regular,100,4,81,11,1.6094379124291005,5,11,0.45454545454545453,7,51
v2_baseline_s17,v2,baseline,17,random_regular,100,4,82,33,2.8332133440392155,17,33,0.5151515151515151,85,62
v2_baseline_s17,v2,baseline,17,random_regular,100,4,83,4,-1.000088900581841e-12,1,4,0.25,23,87
v2_baseline_s17,v2,baseline,17,random_regular,100,4,84,4,0.6931471805579453,2,4,0.5,44,48
v2_baseline_s17,v2,baseline,17,random_regular,100,4,85,30,1.9459101490483133,7,30,0.23333333333333334,84,48
v2_baseline_s17,v2,baseline,17,random_regular,100,4,86,47,2.736339051089065,18,47,0.3829787234042553,53,48
v2_baseline_s17,v2,baseline,17,random_regular,100,4,87,67,3.10797227595561,25,67,0.373134328358209,76,62
v2_baseline_s17,v2,baseline,17,random_regular,100,4,88,9,1.791759469222055,6,9,0.6666666666666666,15,51
v2_baseline_s17,v2,baseline,17,random_regular,100,4,89,19,1.791759469222055,6,19,0.3157894736842105,98,51
v2_baseline_s17,v2,baseline,17,random_regular,100,4,90,138,4.018027665426261,69,138,0.5,9,62
v2_baseline_s17,v2,baseline,17,random_regular,100,4,91,34,2.5232109529398907,15,34,0.4411764705882353,38,87
v2_baseline_s17,v2,baseline,17,random_regular,100,4,92,0,0.0,0,0,,62,62
v2_baseline_s17,v2,baseline,17,random_regular,100,4,93,6,0.6931471805579453,2,6,0.3333333333333333,96,62
v2_baseline_s17,v2,baseline,17,random_regular,100,4,94,111,3.5106997211395674,41,111,0.36936936936936937,97,62
v2_baseline_s17,v2,baseline,17,random_regular,100,4,95,68,3.080476306973153,29,68,0.4264705882352941,68,42
v2_baseline_s17,v2,baseline,17,random_regular,100,4,96,19,1.0986122886651095,3,19,0.15789473684210525,95,62
v2_baseline_s17,v2,baseline,17,random_regular,100,4,97,86,3.5155926589389503,40,86,0.46511627906976744,28,87
v2_baseline_s17,v2,baseline,17,random_regular,100,4,98,0,0.0,0,0,,42,42
v2_baseline_s17,v2,baseline,17,random_regular,100,4,99,238,4.185612876174648,100,238,0.42016806722689076,97,42
v2_baseline_s17,v2,baseline,17,random_regular,100,4,100,23,2.079441541671836,8,23,0.34782608695652173,98,42
v2_baseline_s17,v2,baseline,17,random_regular,100,4,101,41,2.6593226976945163,18,41,0.43902439024390244,28,62
v2_baseline_s17,v2,baseline,17,random_regular,100,4,102,115,3.45345973766966,36,115,0.3130434782608696,40,62
v2_baseline_s17,v2,baseline,17,random_regular,100,4,103,40,1.5498260458732018,7,40,0.175,63,62
v2_baseline_s17,v2,baseline,17,random_regular,100,4,104,29,2.4583113296710835,13,29,0.4482758620689655,81,87
v2_baseline_s17,v2,baseline,17,random_regular,100,4,105,44,2.9957322735339904,20,44,0.45454545454545453,61,62
v2_baseline_s17,v2,baseline,17,random_regular,100,4,106,19,1.2148896539451204,9,19,0.47368421052631576,14,62
v2_baseline_s17,v2,baseline,17,random_regular,100,4,107,73,3.4339872044541457,31,73,0.4246575342465753,86,62
v2_baseline_s17,v2,baseline,17,random_regular,100,4,108,42,3.10797227595561,25,42,0.5952380952380952,22,51
v2_baseline_s17,v2,baseline,17,random_regular,100,4,109,136,3.584355737225186,53,136,0.3897058823529412,25,62
v2_baseline_s17,v2,baseline,17,random_regular,100,4,110,179,4.004560964431331,72,179,0.4022346368715084,52,87
v2_baseline_s17,v2,baseline,17,random_regular,100,4,111,62,2.8674404991054456,24,62,0.3870967741935484,17,87
v2_baseline_s17,v2,baseline,17,random_regular,100,4,112,61,2.689178166502139,22,61,0.36065573770491804,81,51
v2_baseline_s17,v2,baseline,17,random_regular,100,4,113,0,0.0,0,0,,62,62
v2_baseline_s17,v2,baseline,17,random_regular,100,4,114,93,3.5646232985788124,38,93,0.40860215053763443,71,51
v2_baseline_s17,v2,baseline,17,random_regular,100,4,115,3,1.0986122886651095,3,3,1.0,16,62
v2_baseline_s17,v2,baseline,17,random_regular,100,4,116,51,2.912494403312053,21,51,0.4117647058823529,14,87
v2_baseline_s17,v2,baseline,17,random_regular,100,4,117,7,0.6931471805579453,2,7,0.2857142857142857,64,62
v2_baseline_s17,v2,baseline,17,random_regular,100,4,118,160,3.9745170417130753,61,160,0.38125,85,87
v2_baseline_s17,v2,baseline,17,random_regular,100,4,119,93,3.4365228305042805,35,93,0.3763440860215054,46,62
v2_baseline_s17,v2,baseline,17,random_regular,100,4,120,24,2.253857589591352,12,24,0.5,39,42
v2_baseline_s17,v2,baseline,17,random_regular,100,4,121,12,0.6931471805579453,2,12,0.16666666666666666,67,51
v2_baseline_s17,v2,baseline,17,random_regular,100,4,122,60,3.218875824843201,25,60,0.4166666666666667,37,48
v2_baseline_s17,v2,baseline,17,random_regular,100,4,123,60,2.61563057701355,15,60,0.25,55,51
v2_baseline_s17,v2,baseline,17,random_regular,100,4,124,31,2.8903717578781647,18,31,0.5806451612903226,75,62
v2_baseline_s17,v2,baseline,17,random_regular,100,4,125,335,4.552879878323954,154,335,0.4597014925373134,19,42
v2_baseline_s17,v2,baseline,17,random_regular,100,4,126,72,3.244492630381296,27,72,0.375,47,51
v2_baseline_s17,v2,baseline,17,random_regular,100,4,127,89,3.3445488585774434,31,89,0.34831460674157305,31,42
v2_baseline_s17,v2,baseline,17,random_regular,100,4,128,70,3.389268031515795,31,70,0.44285714285714284,36,48
v2_baseline_s17,v2,baseline,17,random_regular,100,4,129,14,0.6931471805579453,2,14,0.14285714285714285,85,42
v2_baseline_s17,v2,baseline,17,random_regular,100,4,130,158,3.90839576661716,75,158,0.47468354430379744,82,62
v2_baseline_s17,v2,baseline,17,random_regular,100,4,131,0,0.0,0,0,,62,62
v2_baseline_s17,v2,baseline,17,random_regular,100,4,132,96,3.4049278883658625,38,96,0.3958333333333333,0,42
v2_baseline_s17,v2,baseline,17,random_regular,100,4,133,2,-1.000088900581841e-12,1,2,0.5,61,51
v2_baseline_s17,v2,baseline,17,random_regular,100,4,134,16,2.197224577327219,9,16,0.5625,85,48
v2_baseline_s17,v2,baseline,17,random_regular,100,4,135,80,3.5202441104112685,44,80,0.55,5,48
v2_baseline_s17,v2,baseline,17,random_regular,100,4,136,22,2.3978952727873706,11,22,0.5,78,62
v2_baseline_s17,v2,baseline,17,random_regular,100,4,137,47,2.6895357734519942,21,47,0.44680851063829785,13,62
v2_baseline_s17,v2,baseline,17,random_regular,100,4,138,8,1.3862943611158909,4,8,0.5,45,48
v2_baseline_s17,v2,baseline,17,random_regular,100,4,139,59,2.948256052462477,28,59,0.4745762711864407,71,51
v2_baseline_s17,v2,baseline,17,random_regular,100,4,140,3,-1.000088900581841e-12,1,3,0.3333333333333333,89,48
v2_baseline_s17,v2,baseline,17,random_regular,100,4,141,3,0.6931471805579453,2,3,0.6666666666666666,80,42
v2_baseline_s17,v2,baseline,17,random_regular,100,4,142,30,2.484906649776,12,30,0.4,52,62
v2_baseline_s17,v2,baseline,17,random_regular,100,4,143,25,2.3978952727873706,11,25,0.44,86,87
v2_baseline_s17,v2,baseline,17,random_regular,100,4,144,22,1.893788232384138,11,22,0.5,27,62
v2_baseline_s17,v2,baseline,17,random_regular,100,4,145,2,-1.000088900581841e-12,1,2,0.5,84,51
v2_baseline_s17,v2,baseline,17,random_regular,100,4,146,3,0.6931471805579453,2,3,0.6666666666666666,89,42
v2_baseline_s17,v2,baseline,17,random_regular,100,4,147,241,4.188289381162873,92,241,0.3817427385892116,6,87
v2_baseline_s17,v2,baseline,17,random_regular,100,4,148,44,2.61563057701355,15,44,0.3409090909090909,57,48
v2_baseline_s17,v2,baseline,17,random_regular,100,4,149,43,2.751666616915516,17,43,0.3953488372093023,64,42
v2_baseline_s17,v2,baseline,17,random_regular,100,4,150,77,3.4040404338981127,34,77,0.44155844155844154,89,48
v2_baseline_s17,v2,baseline,17,random_regular,100,4,151,0,0.0,0,0,,51,51
v2_baseline_s17,v2,baseline,17,random_regular,100,4,152,61,3.3549875695958247,30,61,0.4918032786885246,16,48
v2_baseline_s17,v2,baseline,17,random_regular,100,4,153,47,2.7985132569262934,19,47,0.40425531914893614,43,42
v2_baseline_s17,v2,baseline,17,random_regular,100,4,154,7,1.0986122886651095,3,7,0.42857142857142855,89,48
v2_baseline_s17,v2,baseline,17,random_regular,100,4,155,38,2.3393717343788154,16,38,0.42105263157894735,44,51
v2_baseline_s17,v2,baseline,17,random_regular,100,4,156,11,1.6094379124291005,5,11,0.45454545454545453,38,48
v2_baseline_s17,v2,baseline,17,random_regular,100,4,157,81,3.1689724746746104,35,81,0.43209876543209874,45,87
v2_baseline_s17,v2,baseline,17,random_regular,100,4,158,6,1.0986122886651095,3,6,0.5,92,87
v2_baseline_s17,v2,baseline,17,random_regular,100,4,159,9,1.6094379124291005,5,9,0.5555555555555556,39,87
v2_baseline_s17,v2,baseline,17,random_regular,100,4,160,10,1.6094379124291005,5,10,0.5,11,51
v2_baseline_s17,v2,baseline,17,random_regular,100,4,161,74,3.163424050399405,25,74,0.33783783783783783,12,48
v2_baseline_s17,v2,baseline,17,random_regular,100,4,162,37,2.871476118036867,19,37,0.5135135135135135,70,87
v2_baseline_s17,v2,baseline,17,random_regular,100,4,163,0,0.0,0,0,,51,51
v2_baseline_s17,v2,baseline,17,random_regular,100,4,164,58,3.1931483947852626,27,58,0.46551724137931033,65,87
v2_baseline_s17,v2,baseline,17,random_regular,100,4,165,5,1.0986122886651095,3,5,0.6,13,87
v2_baseline_s17,v2,baseline,17,random_regular,100,4,166,57,2.894399544411038,23,57,0.40350877192982454,44,62
v2_baseline_s17,v2,baseline,17,random_regular,100,4,167,45,2.813355404483615,18,45,0.4,12,87
v2_baseline_s17,v2,baseline,17,random_regular,100,4,168,119,3.6401519506812425,48,119,0.40336134453781514,31,51
v2_baseline_s17,v2,baseline,17,random_regular,100,4,169,95,3.1722696170423386,38,95,0.4,60,87
v2_baseline_s17,v2,baseline,17,random_regular,100,4,170,42,2.1383330594990277,12,42,0.2857142857142857,19,51
v2_baseline_s17,v2,baseline,17,random_regular,100,4,171,65,3.319492576126754,29,65,0.4461538461538462,47,48
v2_baseline_s17,v2,baseline,17,random_regular,100,4,172,120,3.662490020385565,50,120,0.4166666666666667,50,42
v2_baseline_s17,v2,baseline,17,random_regular,100,4,173,43,2.540036303807981,14,43,0.32558139534883723,52,51
v2_baseline_s17,v2,baseline,17,random_regular,100,4,174,142,3.9600548708754566,59,142,0.4154929577464789,18,42
v2_baseline_s17,v2,baseline,17,random_regular,100,4,175,22,2.079441541671836,8,22,0.36363636363636365,85,42
v2_baseline_s17,v2,baseline,17,random_regular,100,4,176,109,3.259569334404236,37,109,0.3394495412844037,63,87
v2_baseline_s17,v2,baseline,17,random_regular,100,4,177,61,3.2580965379954825,26,61,0.4262295081967213,37,42
v2_baseline_s17,v2,baseline,17,random_regular,100,4,178,3,-1.000088900581841e-12,1,3,0.3333333333333333,38,42
v2_baseline_s17,v2,baseline,17,random_regular,100,4,179,78,3.299829685639092,31,78,0.3974358974358974,83,62
v2_baseline_s17,v2,baseline,17,random_regular,100,4,180,6,1.791759469222055,6,6,1.0,65,62
v2_baseline_s17,v2,baseline,17,random_regular,100,4,181,43,2.902002313186603,22,43,0.5116279069767442,34,51
v2_baseline_s17,v2,baseline,17,random_regular,100,4,182,70,3.43652283050428,35,70,0.5,46,62
v2_baseline_s17,v2,baseline,17,random_regular,100,4,183,35,2.813355404483615,18,35,0.5142857142857142,65,62
v2_baseline_s17,v2,baseline,17,random_regular,100,4,184,57,2.8652352524298457,25,57,0.43859649122807015,5,87
v2_baseline_s17,v2,baseline,17,random_regular,100,4,185,55,2.752191546552043,22,55,0.4,14,62
v2_baseline_s17,v2,baseline,17,random_regular,100,4,186,276,4.451068538614495,115,276,0.4166666666666667,52,87
v2_baseline_s17,v2,baseline,17,random_regular,100,4,187,35,2.3978952727873706,11,35,0.3142857142857143,28,62
v2_baseline_s17,v2,baseline,17,random_regular,100,4,188,0,0.0,0,0,,87,87
v2_baseline_s17,v2,baseline,17,random_regular,100,4,189,8,1.6094379124291005,5,8,0.625,47,51
v2_baseline_s17,v2,baseline,17,random_regular,100,4,190,29,1.3321790402061222,5,29,0.1724137931034483,29,87
v2_baseline_s17,v2,baseline,17,random_regular,100,4,191,35,2.8903717578781647,18,35,0.5142857142857142,58,51
v2_baseline_s17,v2,baseline,17,random_regular,100,4,192,91,3.508352107143893,44,91,0.4835164835164835,97,62
v2_baseline_s17,v2,baseline,17,random_regular,100,4,193,7,1.3862943611158909,4,7,0.5714285714285714,12,62
v2_baseline_s17,v2,baseline,17,random_regular,100,4,194,34,2.5649493574485365,13,34,0.38235294117647056,50,62
v2_baseline_s17,v2,baseline,17,random_regular,100,4,195,35,2.1639556568730565,10,35,0.2857142857142857,65,48
v2_baseline_s17,v2,baseline,17,random_regular,100,4,196,45,2.871476118036867,19,45,0.4222222222222222,64,87
v2_baseline_s17,v2,baseline,17,random_regular,100,4,197,54,2.9650156932365066,22,54,0.4074074074074074,9,42
v2_baseline_s17,v2,baseline,17,random_regular,100,4,198,69,2.8674404991054456,24,69,0.34782608695652173,43,51
v2_baseline_s17,v2,baseline,17,random_regular,100,4,199,23,2.484906649776,12,23,0.5217391304347826,63,87
v2_baseline_s17,v2,baseline,17,random_regular,100,4,200,14,1.3321790402061222,5,14,0.35714285714285715,39,62
v2_baseline_s17,v2,baseline,17,random_regular,100,4,201,100,3.3684464578110758,38,100,0.38,8,87
v2_baseline_s17,v2,baseline,17,random_regular,100,4,202,52,2.772588722223781,16,52,0.3076923076923077,3,51
v2_baseline_s17,v2,baseline,17,random_regular,100,4,203,56,3.218875824843201,25,56,0.44642857142857145,7,62
v2_baseline_s17,v2,baseline,17,random_regular,100,4,204,83,3.098139496330803,26,83,0.3132530120481928,78,87
v2_baseline_s17,v2,baseline,17,random_regular,100,4,205,53,3.1780538303239454,24,53,0.4528301886792453,19,42
v2_baseline_s17,v2,baseline,17,random_regular,100,4,206,16,1.7328679513938632,8,16,0.5,67,51
v2_baseline_s17,v2,baseline,17,random_regular,100,4,207,28,2.3978952727873706,11,28,0.39285714285714285,2,87
v2_baseline_s17,v2,baseline,17,random_regular,100,4,208,38,2.5993019270857944,16,38,0.42105263157894735,29,42
v2_baseline_s17,v2,baseline,17,random_regular,100,4,209,6,0.6931471805579453,2,6,0.3333333333333333,44,51
v2_baseline_s17,v2,baseline,17,random_regular,100,4,210,84,3.467994408329786,36,84,0.42857142857142855,50,87
v2_baseline_s17,v2,baseline,17,random_regular,100,4,211,26,2.5400363038079807,14,26,0.5384615384615384,73,42
v2_baseline_s17,v2,baseline,17,random_regular,100,4,212,58,3.170148321450507,30,58,0.5172413793103449,34,51
v2_baseline_s17,v2,baseline,17,random_regular,100,4,213,0,0.0,0,0,,51,51
v2_baseline_s17,v2,baseline,17,random_regular,100,4,214,21,2.197224577327219,9,21,0.42857142857142855,60,48
v2_baseline_s17,v2,baseline,17,random_regular,100,4,215,218,4.132884519614843,80,218,0.3669724770642202,41,42
v2_baseline_s17,v2,baseline,17,random_regular,100,4,216,74,3.10797227595561,25,74,0.33783783783783783,5,87
v2_baseline_s17,v2,baseline,17,random_regular,100,4,217,146,3.939818207043936,62,146,0.4246575342465753,14,62
v2_baseline_s17,v2,baseline,17,random_regular,100,4,218,82,3.444813797459462,34,82,0.4146341463414634,92,62
v2_baseline_s17,v2,baseline,17,random_regular,100,4,219,15,2.302585092984045,10,15,0.6666666666666666,55,42
v2_baseline_s17,v2,baseline,17,random_regular,100,4,220,87,3.3071040554882205,34,87,0.39080459770114945,39,51
v2_baseline_s17,v2,baseline,17,random_regular,100,4,221,56,2.902002313186603,22,56,0.39285714285714285,46,51
v2_baseline_s17,v2,baseline,17,random_regular,100,4,222,62,3.10797227595561,25,62,0.4032258064516129,98,62
v2_baseline_s17,v2,baseline,17,random_regular,100,4,223,5,0.6931471805579453,2,5,0.4,84,48
v2_baseline_s17,v2,baseline,17,random_regular,100,4,224,78,3.4124897213676078,33,78,0.4230769230769231,77,48
v2_baseline_s17,v2,baseline,17,random_regular,100,4,225,67,2.750214000876922,28,67,0.417910447761194,88,42
v2_baseline_s17,v2,baseline,17,random_regular,100,4,226,43,2.871476118036867,19,43,0.4418604651162791,29,62
v2_baseline_s17,v2,baseline,17,random_regular,100,4,227,30,2.540036303807981,14,30,0.4666666666666667,36,48
v2_baseline_s17,v2,baseline,17,random_regular,100,4,228,6,0.6931471805579453,2,6,0.3333333333333333,10,62
v2_baseline_s17,v2,baseline,17,random_regular,100,4,229,48,2.772588722223781,16,48,0.3333333333333333,65,48
v2_baseline_s17,v2,baseline,17,random_regular,100,4,230,180,3.945363616243024,75,180,0.4166666666666667,47,62
v2_baseline_s17,v2,baseline,17,random_regular,100,4,231,91,3.110236521363716,29,91,0.31868131868131866,5,62
v2_baseline_s17,v2,baseline,17,random_regular,100,4,232,4,-1.000088900581841e-12,1,4,0.25,70,87
v2_baseline_s17,v2,baseline,17,random_regular,100,4,233,2,-1.000088900581841e-12,1,2,0.5,53,62
v2_baseline_s17,v2,baseline,17,random_regular,100,4,234,2,-1.000088900581841e-12,1,2,0.5,23,87
v2_baseline_s17,v2,baseline,17,random_regular,100,4,235,210,4.218318044864343,85,210,0.40476190476190477,82,48
v2_baseline_s17,v2,baseline,17,random_regular,100,4,236,52,2.6701198897918164,17,52,0.3269230769230769,17,62
v2_baseline_s17,v2,baseline,17,random_regular,100,4,237,49,2.926417555478996,20,49,0.40816326530612246,43,51
v2_baseline_s17,v2,baseline,17,random_regular,100,4,238,15,1.791759469222055,6,15,0.4,36,51
v2_baseline_s17,v2,baseline,17,random_regular,100,4,239,2,-1.000088900581841e-12,1,2,0.5,26,62
v2_baseline_s17,v2,baseline,17,random_regular,100,4,240,13,1.9459101490483133,7,13,0.5384615384615384,65,87
v2_baseline_s17,v2,baseline,17,random_regular,100,4,241,0,0.0,0,0,,42,42
v2_baseline_s17,v2,baseline,17,random_regular,100,4,242,132,3.747981401058508,57,132,0.4318181818181818,95,48
v2_baseline_s17,v2,baseline,17,random_regular,100,4,243,23,2.1458417525857545,11,23,0.4782608695652174,4,62
v2_baseline_s17,v2,baseline,17,random_regular,100,4,244,1,-1.000088900581841e-12,1,1,1.0,94,48
v2_baseline_s17,v2,baseline,17,random_regular,100,4,245,110,3.5440584153972394,47,110,0.42727272727272725,37,42
v2_baseline_s17,v2,baseline,17,random_regular,100,4,246,228,4.155031209675052,87,228,0.3815789473684211,58,51
v2_baseline_s17,v2,baseline,17,random_regular,100,4,247,164,3.9439571911291744,70,164,0.4268292682926829,10,48
v2_baseline_s17,v2,baseline,17,random_regular,100,4,248,22,2.197224577327219,9,22,0.4090909090909091,89,48
v2_baseline_s17,v2,baseline,17,random_regular,100,4,249,0,0.0,0,0,,62,62
v2_baseline_s17,v2,baseline,17,random_regular,100,4,250,14,2.079441541671836,8,14,0.5714285714285714,18,48
v2_baseline_s17,v2,baseline,17,random_regular,100,4,251,212,4.195972595125673,96,212,0.4528301886792453,96,62
v2_baseline_s17,v2,baseline,17,random_regular,100,4,252,39,2.540036303807981,14,39,0.358974358974359,65,48
v2_baseline_s17,v2,baseline,17,random_regular,100,4,253,116,3.595378956660732,51,116,0.4396551724137931,90,42
v2_baseline_s17,v2,baseline,17,random_regular,100,4,254,227,4.17802325916741,88,227,0.3876651982378855,40,62
v2_baseline_s17,v2,baseline,17,random_regular,100,4,255,243,4.279557802165916,85,243,0.3497942386831276,35,42
v2_baseline_s17,v2,baseline,17,random_regular,100,4,256,54,2.902002313186603,22,54,0.4074074074074074,47,62
v2_baseline_s17,v2,baseline,17,random_regular,100,4,257,31,2.0253262207620675,10,31,0.3225806451612903,33,42
v2_baseline_s17,v2,baseline,17,random_regular,100,4,258,18,1.3321790402061222,5,18,0.2777777777777778,73,48
v2_baseline_s17,v2,baseline,17,random_regular,100,4,259,52,2.813355404483615,18,52,0.34615384615384615,92,51
v2_baseline_s17,v2,baseline,17,random_regular,100,4,260,12,1.6094379124291005,5,12,0.4166666666666667,83,62
v2_baseline_s17,v2,baseline,17,random_regular,100,4,261,106,3.220666331373515,40,106,0.37735849056603776,88,62
v2_baseline_s17,v2,baseline,17,random_regular,100,4,262,124,3.936558356281204,59,124,0.47580645161290325,17,87
v2_baseline_s17,v2,baseline,17,random_regular,100,4,263,189,4.099285873617723,83,189,0.43915343915343913,8,62
v2_baseline_s17,v2,baseline,17,random_regular,100,4,264,0,0.0,0,0,,51,51
v2_baseline_s17,v2,baseline,17,random_regular,100,4,265,28,1.9459101490483133,7,28,0.25,94,51
v2_baseline_s17,v2,baseline,17,random_regular,100,4,266,6,1.3862943611158909,4,6,0.6666666666666666,50,87
v2_baseline_s17,v2,baseline,17,random_regular,100,4,267,3,0.6931471805579453,2,3,0.6666666666666666,50,87
v2_baseline_s17,v2,baseline,17,random_regular,100,4,268,34,2.1639556568730565,10,34,0.29411764705882354,54,87
v2_baseline_s17,v2,baseline,17,random_regular,100,4,269,38,2.639057329601259,14,38,0.3684210526315789,99,42
v2_baseline_s17,v2,baseline,17,random_regular,100,4,270,108,3.529403617510341,45,108,0.4166666666666667,37,51
v2_baseline_s17,v2,baseline,17,random_regular,100,4,271,4,0.6931471805579453,2,4,0.5,24,48
v2_baseline_s17,v2,baseline,17,random_regular,100,4,272,17,2.3978952727873706,11,17,0.6470588235294118,12,42
v2_baseline_s17,v2,baseline,17,random_regular,100,4,273,149,3.903538520296335,62,149,0.4161073825503356,77,48
v2_baseline_s17,v2,baseline,17,random_regular,100,4,274,44,2.902002313186603,22,44,0.5,96,87
v2_baseline_s17,v2,baseline,17,random_regular,100,4,275,35,2.007556307428838,14,35,0.4,58,62
v2_baseline_s17,v2,baseline,17,random_regular,100,4,276,43,2.871476118036867,19,43,0.4418604651162791,28,51
v2_baseline_s17,v2,baseline,17,random_regular,100,4,277,17,1.791759469222055,6,17,0.35294117647058826,12,51
v2_baseline_s17,v2,baseline,17,random_regular,100,4,278,72,3.1836729714587872,28,72,0.3888888888888889,79,42
v2_baseline_s17,v2,baseline,17,random_regular,100,4,279,8,0.6931471805579453,2,8,0.25,91,51
v2_baseline_s17,v2,baseline,17,random_regular,100,4,280,23,2.079441541671836,8,23,0.34782608695652173,94,42
v2_baseline_s17,v2,baseline,17,random_regular,100,4,281,38,1.9722469794154416,11,38,0.2894736842105263,56,51
v2_baseline_s17,v2,baseline,17,random_regular,100,4,282,70,3.485587161020812,34,70,0.4857142857142857,41,48
v2_baseline_s17,v2,baseline,17,random_regular,100,4,283,1,-1.000088900581841e-12,1,1,1.0,61,51
v2_baseline_s17,v2,baseline,17,random_regular,100,4,284,62,2.625048158717539,19,62,0.3064516129032258,0,48
v2_baseline_s17,v2,baseline,17,random_regular,100,4,285,151,3.958791821055205,63,151,0.41721854304635764,66,42
v2_baseline_s17,v2,baseline,17,random_regular,100,4,286,59,2.7519159690131216,24,59,0.4067796610169492,82,87
v2_baseline_s17,v2,baseline,17,random_regular,100,4,287,132,3.8352368547526106,49,132,0.3712121212121212,64,87
v2_baseline_s17,v2,baseline,17,random_regular,100,4,288,5,0.6931471805579453,2,5,0.4,13,51
v2_baseline_s17,v2,baseline,17,random_regular,100,4,289,6,1.3862943611158909,4,6,0.6666666666666666,5,51
v2_baseline_s17,v2,baseline,17,random_regular,100,4,290,73,2.8716496251169272,23,73,0.3150684931506849,4,62
v2_baseline_s17,v2,baseline,17,random_regular,100,4,291,134,3.9457674529661193,57,134,0.4253731343283582,45,51
v2_baseline_s17,v2,baseline,17,random_regular,100,4,292,159,3.8252615592850914,54,159,0.33962264150943394,79,42
v2_baseline_s17,v2,baseline,17,random_regular,100,4,293,26,2.484906649776,12,26,0.46153846153846156,6,42
v2_baseline_s17,v2,baseline,17,random_regular,100,4,294,3,-1.000088900581841e-12,1,3,0.3333333333333333,89,48
v2_baseline_s17,v2,baseline,17,random_regular,100,4,295,101,3.749721860593238,58,101,0.5742574257425742,63,48
v2_baseline_s17,v2,baseline,17,random_regular,100,4,296,25,1.7478680974607577,7,25,0.28,35,62
v2_baseline_s17,v2,baseline,17,random_regular,100,4,297,11,1.6094379124291005,5,11,0.45454545454545453,3,51
v2_baseline_s17,v2,baseline,17,random_regular,100,4,298,22,2.1639556568730565,10,22,0.45454545454545453,84,87
v2_baseline_s17,v2,baseline,17,random_regular,100,4,299,72,2.9970687270680187,25,72,0.3472222222222222,54,62
v2_baseline_s17,v2,baseline,17,random_regular,100,4,300,66,3.1836729714587872,28,66,0.42424242424242425,13,87
v2_baseline_s17,v2,baseline,17,random_regular,100,4,301,180,3.945096761193653,79,180,0.4388888888888889,43,62
v2_baseline_s17,v2,baseline,17,random_regular,100,4,302,29,2.8903717578781647,18,29,0.6206896551724138,95,42
v2_baseline_s17,v2,baseline,17,random_regular,100,4,303,0,0.0,0,0,,87,87
v2_baseline_s17,v2,baseline,17,random_regular,100,4,304,203,4.145298946022577,83,203,0.4088669950738916,44,42
v2_baseline_s17,v2,baseline,17,random_regular,100,4,305,19,1.791759469222055,6,19,0.3157894736842105,81,51
v2_baseline_s17,v2,baseline,17,random_regular,100,4,306,19,2.253857589591352,12,19,0.631578947368421,10,87
v2_baseline_s17,v2,baseline,17,random_regular,100,4,307,12,1.6094379124291005,5,12,0.4166666666666667,29,87
v2_baseline_s17,v2,baseline,17,random_regular,100,4,308,70,3.312615876945234,33,70,0.4714285714285714,96,42
v2_baseline_s17,v2,baseline,17,random_regular,100,4,309,162,3.9853068760834423,72,162,0.4444444444444444,47,51
v2_baseline_s17,v2,baseline,17,random_regular,100,4,310,53,3.204777524107256,26,53,0.49056603773584906,88,48
v2_baseline_s17,v2,baseline,17,random_regular,100,4,311,120,3.940934875914119,58,120,0.48333333333333334,35,48
v2_baseline_s17,v2,baseline,17,random_regular,100,4,312,16,1.791759469222055,6,16,0.375,11,51
v2_baseline_s17,v2,baseline,17,random_regular,100,4,313,0,0.0,0,0,,62,62
v2_baseline_s17,v2,baseline,17,random_regular,100,4,314,163,4.069106107003287,68,163,0.4171779141104294,83,62
v2_baseline_s17,v2,baseline,17,random_regular,100,4,315,3,0.6931471805579453,2,3,0.6666666666666666,12,62
v2_baseline_s17,v2,baseline,17,random_regular,100,4,316,24,2.079441541671836,8,24,0.3333333333333333,31,51
v2_baseline_s17,v2,baseline,17,random_regular,100,4,317,68,3.308777757559495,30,68,0.4411764705882353,43,42
v2_baseline_s17,v2,baseline,17,random_regular,100,4,318,82,3.619564736019943,40,82,0.4878048780487805,37,42
v2_baseline_s17,v2,baseline,17,random_regular,100,4,319,20,1.7478680974607577,7,20,0.35,49,87
v2_baseline_s17,v2,baseline,17,random_regular,100,4,320,5,1.0986122886651095,3,5,0.6,75,51
v2_baseline_s17,v2,baseline,17,random_regular,100,4,321,21,2.302585092984045,10,21,0.47619047619047616,72,42
v2_baseline_s17,v2,baseline,17,random_regular,100,4,322,7,1.6094379124291005,5,7,0.7142857142857143,69,48
v2_baseline_s17,v2,baseline,17,random_regular,100,4,323,3,0.6931471805579453,2,3,0.6666666666666666,3,51
v2_baseline_s17,v2,baseline,17,random_regular,100,4,324,68,3.1931483947852626,27,68,0.39705882352941174,10,62
v2_baseline_s17,v2,baseline,17,random_regular,100,4,325,7,1.3862943611158909,4,7,0.5714285714285714,18,62
v2_baseline_s17,v2,baseline,17,random_regular,100,4,326,163,4.052687765730626,71,163,0.43558282208588955,31,48
v2_baseline_s17,v2,baseline,17,random_regular,100,4,327,9,1.6094379124291005,5,9,0.5555555555555556,50,42
v2_baseline_s17,v2,baseline,17,random_regular,100,4,328,18,1.7478680974607577,7,18,0.3888888888888889,1,62
v2_baseline_s17,v2,baseline,17,random_regular,100,4,329,7,1.0986122886651095,3,7,0.42857142857142855,79,62
v2_baseline_s17,v2,baseline,17,random_regular,100,4,330,68,3.151458510219029,26,68,0.38235294117647056,33,51
v2_baseline_s17,v2,baseline,17,random_regular,100,4,331,1,-1.000088900581841e-12,1,1,1.0,38,42
v2_baseline_s17,v2,baseline,17,random_regular,100,4,332,37,2.751666616915516,17,37,0.4594594594594595,31,51
v2_baseline_s17,v2,baseline,17,random_regular,100,4,333,41,2.8903717578781647,18,41,0.43902439024390244,6,42
v2_baseline_s17,v2,baseline,17,random_regular,100,4,334,175,4.090113757179459,78,175,0.44571428571428573,72,62
v2_baseline_s17,v2,baseline,17,random_regular,100,4,335,3,1.0986122886651095,3,3,1.0,63,62
v2_baseline_s17,v2,baseline,17,random_regular,100,4,336,9,0.6931471805579453,2,9,0.2222222222222222,99,62
v2_baseline_s17,v2,baseline,17,random_regular,100,4,337,133,3.977420535916364,64,133,0.48120300751879697,84,87
v2_baseline_s17,v2,baseline,17,random_regular,100,4,338,47,3.1780538303239454,24,47,0.5106382978723404,71,48
v2_baseline_s17,v2,baseline,17,random_regular,100,4,339,192,4.075432585752789,79,192,0.4114583333333333,46,87
v2_baseline_s17,v2,baseline,17,random_regular,100,4,340,6,1.3862943611158909,4,6,0.6666666666666666,12,42
v2_baseline_s17,v2,baseline,17,random_regular,100,4,341,76,3.3071040554882205,34,76,0.4473684210526316,58,48
v2_baseline_s17,v2,baseline,17,random_regular,100,4,342,72,3.232775904355102,32,72,0.4444444444444444,9,42
v2_baseline_s17,v2,baseline,17,random_regular,100,4,343,15,1.9459101490483133,7,15,0.4666666666666667,30,42
v2_baseline_s17,v2,baseline,17,random_regular,100,4,344,23,2.484906649776,12,23,0.5217391304347826,99,62
v2_baseline_s17,v2,baseline,17,random_regular,100,4,345,9,0.6931471805579453,2,9,0.2222222222222222,85,42
v2_baseline_s17,v2,baseline,17,random_regular,100,4,346,65,3.322493706775413,34,65,0.5230769230769231,79,42
v2_baseline_s17,v2,baseline,17,random_regular,100,4,347,20,2.302585092984045,10,20,0.5,3,62
v2_baseline_s17,v2,baseline,17,random_regular,100,4,348,146,3.877461147925525,51,146,0.3493150684931507,84,48
v2_baseline_s17,v2,baseline,17,random_regular,100,4,349,326,4.585924984369965,126,326,0.38650306748466257,4,51
v2_baseline_s17,v2,baseline,17,random_regular,100,4,350,84,3.4502855905397403,39,84,0.4642857142857143,29,42
v2_baseline_s17,v2,baseline,17,random_regular,100,4,351,2,-1.000088900581841e-12,1,2,0.5,70,87
v2_baseline_s17,v2,baseline,17,random_regular,100,4,352,6,0.6931471805579453,2,6,0.3333333333333333,44,51
v2_baseline_s17,v2,baseline,17,random_regular,100,4,353,14,2.1639556568730565,10,14,0.7142857142857143,84,51
v2_baseline_s17,v2,baseline,17,random_regular,100,4,354,38,2.639057329601259,14,38,0.3684210526315789,8,42
v2_baseline_s17,v2,baseline,17,random_regular,100,4,355,30,2.3516733018936304,13,30,0.43333333333333335,77,62
v2_baseline_s17,v2,baseline,17,random_regular,100,4,356,12,1.3862943611158909,4,12,0.3333333333333333,33,87
v2_baseline_s17,v2,baseline,17,random_regular,100,4,357,17,1.7478680974607577,7,17,0.4117647058823529,68,51
v2_baseline_s17,v2,baseline,17,random_regular,100,4,358,15,2.0431918705371204,9,15,0.6,3,48
v2_baseline_s17,v2,baseline,17,random_regular,100,4,359,60,2.736339051089065,18,60,0.3,21,51
v2_baseline_s17,v2,baseline,17,random_regular,100,4,360,58,2.751666616915516,17,58,0.29310344827586204,60,87
v2_baseline_s17,v2,baseline,17,random_regular,100,4,361,46,2.8903717578781647,18,46,0.391304347826087,40,48
v2_baseline_s17,v2,baseline,17,random_regular,100,4,362,28,2.1639556568730565,10,28,0.35714285714285715,69,48
v2_baseline_s17,v2,baseline,17,random_regular,100,4,363,21,1.9459101490483133,7,21,0.3333333333333333,83,62
v2_baseline_s17,v2,baseline,17,random_regular,100,4,364,31,2.1383330594990277,12,31,0.3870967741935484,23,87
v2_baseline_s17,v2,baseline,17,random_regular,100,4,365,79,3.244454041235864,33,79,0.4177215189873418,8,42
v2_baseline_s17,v2,baseline,17,random_regular,100,4,366,27,2.253857589591352,12,27,0.4444444444444444,34,42
v2_baseline_s17,v2,baseline,17,random_regular,100,4,367,64,3.044522437702424,21,64,0.328125,89,42
v2_baseline_s17,v2,baseline,17,random_regular,100,4,368,32,2.369382119683676,12,32,0.375,49,51
v2_baseline_s17,v2,baseline,17,random_regular,100,4,369,3,-1.000088900581841e-12,1,3,0.3333333333333333,26,62
v2_baseline_s17,v2,baseline,17,random_regular,100,4,370,6,1.0986122886651095,3,6,0.5,90,42
v2_baseline_s17,v2,baseline,17,random_regular,100,4,371,28,2.2718685126865625,11,28,0.39285714285714285,82,48
v2_baseline_s17,v2,baseline,17,random_regular,100,4,372,31,2.304619384809672,14,31,0.45161290322580644,72,87
v2_baseline_s17,v2,baseline,17,random_regular,100,4,373,164,4.067427150062021,71,164,0.4329268292682927,9,48
v2_baseline_s17,v2,baseline,17,random_regular,100,4,374,48,2.5993019270857944,16,48,0.3333333333333333,3,87
v2_baseline_s17,v2,baseline,17,random_regular,100,4,375,171,3.896873807331113,70,171,0.4093567251461988,22,42
v2_baseline_s17,v2,baseline,17,random_regular,100,4,376,13,1.3862943611158909,4,13,0.3076923076923077,60,51
v2_baseline_s17,v2,baseline,17,random_regular,100,4,377,20,1.9459101490483133,7,20,0.35,7,51
v2_baseline_s17,v2,baseline,17,random_regular,100,4,378,88,3.1865891168464264,33,88,0.375,72,42
v2_baseline_s17,v2,baseline,17,random_regular,100,4,379,11,1.791759469222055,6,11,0.5454545454545454,34,42
v2_baseline_s17,v2,baseline,17,random_regular,100,4,380,0,0.0,0,0,,51,51
v2_baseline_s17,v2,baseline,17,random_regular,100,4,381,62,3.1780538303239454,24,62,0.3870967741935484,47,42
v2_baseline_s17,v2,baseline,17,random_regular,100,4,382,58,3.10797227595561,25,58,0.43103448275862066,90,51
v2_baseline_s17,v2,baseline,17,random_regular,100,4,383,55,3.2238860684653137,29,55,0.5272727272727272,95,48
v2_baseline_s17,v2,baseline,17,random_regular,100,4,384,131,3.860623457522692,54,131,0.4122137404580153,83,42
v2_baseline_s17,v2,baseline,17,random_regular,100,4,385,18,2.197224577327219,9,18,0.5,80,87
v2_baseline_s17,v2,baseline,17,random_regular,100,4,386,26,2.484906649776,12,26,0.46153846153846156,3,62
v2_baseline_s17,v2,baseline,17,random_regular,100,4,387,198,4.040717956610178,90,198,0.45454545454545453,98,48
v2_baseline_s17,v2,baseline,17,random_regular,100,4,388,192,4.118348415741105,81,192,0.421875,27,42
v2_baseline_s17,v2,baseline,17,random_regular,100,4,389,18,2.1639556568730565,10,18,0.5555555555555556,54,62
v2_baseline_s17,v2,baseline,17,random_regular,100,4,390,27,2.079441541671836,8,27,0.2962962962962963,36,42
v2_baseline_s17,v2,baseline,17,random_regular,100,4,391,243,4.343565411790706,105,243,0.43209876543209874,90,62
v2_baseline_s17,v2,baseline,17,random_regular,100,4,392,9,1.3862943611158909,4,9,0.4444444444444444,1,48
v2_baseline_s17,v2,baseline,17,random_regular,100,4,393,1,-1.000088900581841e-12,1,1,1.0,94,48
v2_baseline_s17,v2,baseline,17,random_regular,100,4,394,0,0.0,0,0,,87,87
v2_baseline_s17,v2,baseline,17,random_regular,100,4,395,77,3.1865891168464264,33,77,0.42857142857142855,14,62
v2_baseline_s17,v2,baseline,17,random_regular,100,4,396,2,0.6931471805579453,2,2,1.0,13,51
v2_baseline_s17,v2,baseline,17,random_regular,100,4,397,26,2.302585092984045,10,26,0.38461538461538464,61,51
v2_baseline_s17,v2,baseline,17,random_regular,100,4,398,8,1.791759469222055,6,8,0.75,11,48
v2_baseline_s17,v2,baseline,17,random_regular,100,4,399,35,2.8332133440392155,17,35,0.4857142857142857,4,62
v2_baseline_s17,v2,baseline,17,random_regular,100,4,400,188,4.1141649405080605,75,188,0.39893617021276595,39,42
v2_baseline_s17,v2,baseline,17,random_regular,100,4,401,157,3.844605690754974,52,157,0.33121019108280253,7,87
v2_baseline_s17,v2,baseline,17,random_regular,100,4,402,220,4.201183565400664,99,220,0.45,60,62
v2_baseline_s17,v2,baseline,17,random_regular,100,4,403,18,2.197224577327219,9,18,0.5,1,62
v2_baseline_s17,v2,baseline,17,random_regular,100,4,404,200,3.992188500522719,78,200,0.39,41,42
v2_baseline_s17,v2,baseline,17,random_regular,100,4,405,75,3.244454041235864,33,75,0.44,95,42
v2_baseline_s17,v2,baseline,17,random_regular,100,4,406,37,2.430791328866232,15,37,0.40540540540540543,60,48
v2_baseline_s17,v2,baseline,17,random_regular,100,4,407,121,3.696721308158614,43,121,0.35537190082644626,32,51
v2_baseline_s17,v2,baseline,17,random_regular,100,4,408,44,1.9521156165313365,17,44,0.38636363636363635,79,42
v2_baseline_s17,v2,baseline,17,random_regular,100,4,409,84,3.485587161020812,34,84,0.40476190476190477,4,42
v2_baseline_s17,v2,baseline,17,random_regular,100,4,410,95,3.5233557279458463,43,95,0.45263157894736844,44,51
v2_baseline_s17,v2,baseline,17,random_regular,100,4,411,95,3.485587161020812,34,95,0.35789473684210527,16,42
v2_baseline_s17,v2,baseline,17,random_regular,100,4,412,119,3.679750944731672,50,119,0.42016806722689076,71,42
v2_baseline_s17,v2,baseline,17,random_regular,100,4,413,11,1.3296613488507585,6,11,0.5454545454545454,84,87
v2_baseline_s17,v2,baseline,17,random_regular,100,4,414,3,1.0986122886651095,3,3,1.0,20,62
v2_baseline_s17,v2,baseline,17,random_regular,100,4,415,2,-1.000088900581841e-12,1,2,0.5,84,51
v2_baseline_s17,v2,baseline,17,random_regular,100,4,416,11,1.6094379124291005,5,11,0.45454545454545453,95,62
v2_baseline_s17,v2,baseline,17,random_regular,100,4,417,12,1.3862943611158909,4,12,0.3333333333333333,84,87
v2_baseline_s17,v2,baseline,17,random_regular,100,4,418,115,3.5878345354377954,43,115,0.3739130434782609,65,51
v2_baseline_s17,v2,baseline,17,random_regular,100,4,419,150,3.5517259240630823,56,150,0.37333333333333335,53,42
v2_baseline_s17,v2,baseline,17,random_regular,100,4,420,53,3.0752205480323718,23,53,0.4339622641509434,46,48
v2_baseline_s17,v2,baseline,17,random_regular,100,4,421,45,2.7080502010872096,15,45,0.3333333333333333,34,42
v2_baseline_s17,v2,baseline,17,random_regular,100,4,422,50,2.7985132569262934,19,50,0.38,97,51
v2_baseline_s17,v2,baseline,17,random_regular,100,4,423,185,3.9422745893806894,64,185,0.34594594594594597,6,62
v2_baseline_s17,v2,baseline,17,random_regular,100,4,424,2,-1.000088900581841e-12,1,2,0.5,24,42
v2_baseline_s17,v2,baseline,17,random_regular,100,4,425,132,3.703193527214857,54,132,0.4090909090909091,71,42
v2_baseline_s17,v2,baseline,17,random_regular,100,4,426,95,3.379092505199735,32,95,0.3368421052631579,12,51
v2_baseline_s17,v2,baseline,17,random_regular,100,4,427,5,1.0986122886651095,3,5,0.6,30,42
v2_baseline_s17,v2,baseline,17,random_regular,100,4,428,2,0.6931471805579453,2,2,1.0,15,87
v2_baseline_s17,v2,baseline,17,random_regular,100,4,429,26,2.253857589591352,12,26,0.46153846153846156,73,48
v2_baseline_s17,v2,baseline,17,random_regular,100,4,430,5,1.6094379124291005,5,5,1.0,8,42
v2_baseline_s17,v2,baseline,17,random_regular,100,4,431,51,2.6593226976945163,18,51,0.35294117647058826,12,62
v2_baseline_s17,v2,baseline,17,random_regular,100,4,432,18,1.039720770836918,4,18,0.2222222222222222,56,87
v2_baseline_s17,v2,baseline,17,random_regular,100,4,433,77,3.0280290732864104,22,77,0.2857142857142857,45,87
v2_baseline_s17,v2,baseline,17,random_regular,100,4,434,205,4.128076675412569,79,205,0.3853658536585366,16,42
v2_baseline_s17,v2,baseline,17,random_regular,100,4,435,28,1.8891591637470213,9,28,0.32142857142857145,94,51
v2_baseline_s17,v2,baseline,17,random_regular,100,4,436,58,3.120291565278284,24,58,0.41379310344827586,18,62
v2_baseline_s17,v2,baseline,17,random_regular,100,4,437,116,3.484845285072492,48,116,0.41379310344827586,77,51
v2_baseline_s17,v2,baseline,17,random_regular,100,4,438,0,0.0,0,0,,42,42
v2_baseline_s17,v2,baseline,17,random_regular,100,4,439,63,3.1514585102190296,26,63,0.4126984126984127,33,62
v2_baseline_s17,v2,baseline,17,random_regular,100,4,440,9,1.3862943611158909,4,9,0.4444444444444444,32,42
v2_baseline_s17,v2,baseline,17,random_regular,100,4,441,93,3.4235808367852125,37,93,0.3978494623655914,24,62
v2_baseline_s17,v2,baseline,17,random_regular,100,4,442,94,3.550250017965948,40,94,0.425531914893617,14,62
v2_baseline_s17,v2,baseline,17,random_regular,100,4,443,103,3.6548079912793474,49,103,0.47572815533980584,98,48
v2_baseline_s17,v2,baseline,17,random_regular,100,4,444,0,0.0,0,0,,51,51
v2_baseline_s17,v2,baseline,17,random_regular,100,4,445,85,3.4224142039837315,32,85,0.3764705882352941,14,48
v2_baseline_s17,v2,baseline,17,random_regular,100,4,446,162,3.9439571911291753,70,162,0.43209876543209874,16,42
v2_baseline_s17,v2,baseline,17,random_regular,100,4,447,68,3.2285980368793616,33,68,0.4852941176470588,67,87
v2_baseline_s17,v2,baseline,17,random_regular,100,4,448,25,2.079441541671836,8,25,0.32,57,51
v2_baseline_s17,v2,baseline,17,random_regular,100,4,449,3,1.0986122886651095,3,3,1.0,63,62
v2_baseline_s17,v2,baseline,17,random_regular,100,4,450,15,1.6094379124291005,5,15,0.3333333333333333,26,62
v2_baseline_s17,v2,baseline,17,random_regular,100,4,451,114,3.6000030969206915,43,114,0.37719298245614036,81,62
v2_baseline_s17,v2,baseline,17,random_regular,100,4,452,0,0.0,0,0,,51,51
v2_baseline_s17,v2,baseline,17,random_regular,100,4,453,14,1.3321790402061222,5,14,0.35714285714285715,75,51
v2_baseline_s17,v2,baseline,17,random_regular,100,4,454,148,3.877679605607041,60,148,0.40540540540540543,63,87
v2_baseline_s17,v2,baseline,17,random_regular,100,4,455,20,1.791759469222055,6,20,0.3,97,51
v2_baseline_s17,v2,baseline,17,random_regular,100,4,456,47,3.098139496330803,26,47,0.5531914893617021,5,62
v2_baseline_s17,v2,baseline,17,random_regular,100,4,457,33,2.61563057701355,15,33,0.45454545454545453,95,42
v2_baseline_s17,v2,baseline,17,random_regular,100,4,458,144,3.706590750737593,54,144,0.375,65,42
v2_baseline_s17,v2,baseline,17,random_regular,100,4,459,7,1.6094379124291005,5,7,0.7142857142857143,39,51
v2_baseline_s17,v2,baseline,17,random_regular,100,4,460,177,3.980587458395682,72,177,0.4067796610169492,26,87
v2_baseline_s17,v2,baseline,17,random_regular,100,4,461,32,2.2429732264281474,14,32,0.4375,6,51
v2_baseline_s17,v2,baseline,17,random_regular,100,4,462,48,2.685945324654788,16,48,0.3333333333333333,77,87
v2_baseline_s17,v2,baseline,17,random_regular,100,4,463,85,3.4334467238276125,44,85,0.5176470588235295,3,48
v2_baseline_s17,v2,baseline,17,random_regular,100,4,464,11,1.0986122886651095,3,11,0.2727272727272727,65,62
v2_baseline_s17,v2,baseline,17,random_regular,100,4,465,116,3.7087269397109175,53,116,0.45689655172413796,59,62
v2_baseline_s17,v2,baseline,17,random_regular,100,4,466,5,-1.000088900581841e-12,1,5,0.2,89,48
v2_baseline_s17,v2,baseline,17,random_regular,100,4,467,68,2.920687026873641,25,68,0.36764705882352944,60,62
v2_baseline_s17,v2,baseline,17,random_regular,100,4,468,6,1.0986122886651095,3,6,0.5,63,48
v2_baseline_s17,v2,baseline,17,random_regular,100,4,469,19,1.6094379124291005,5,19,0.2631578947368421,80,51
v2_baseline_s17,v2,baseline,17,random_regular,100,4,470,18,2.302585092984045,10,18,0.5555555555555556,41,62
v2_baseline_s17,v2,baseline,17,random_regular,100,4,471,32,2.639057329601259,14,32,0.4375,39,87
v2_baseline_s17,v2,baseline,17,random_regular,100,4,472,8,1.791759469222055,6,8,0.75,19,51
v2_baseline_s17,v2,baseline,17,random_regular,100,4,473,40,2.772588722223781,16,40,0.4,4,42
v2_baseline_s17,v2,baseline,17,random_regular,100,4,474,2,-1.000088900581841e-12,1,2,0.5,53,62
v2_baseline_s17,v2,baseline,17,random_regular,100,4,475,122,3.7456676820497594,50,122,0.4098360655737705,21,51
v2_baseline_s17,v2,baseline,17,random_regular,100,4,476,12,1.0986122886651095,3,12,0.25,44,48
v2_baseline_s17,v2,baseline,17,random_regular,100,4,477,46,2.8332133440392155,17,46,0.3695652173913043,53,48
v2_baseline_s17,v2,baseline,17,random_regular,100,4,478,55,3.2551105127007407,31,55,0.5636363636363636,57,42
v2_baseline_s17,v2,baseline,17,random_regular,100,4,479,3,-1.000088900581841e-12,1,3,0.3333333333333333,30,42
v2_baseline_s17,v2,baseline,17,random_regular,100,4,480,23,2.197224577327219,9,23,0.391304347826087,39,51
v2_baseline_s17,v2,baseline,17,random_regular,100,4,481,29,2.484906649776,12,29,0.41379310344827586,3,48
v2_baseline_s17,v2,baseline,17,random_regular,100,4,482,109,3.8446056907549737,52,109,0.47706422018348627,21,87
v2_baseline_s17,v2,baseline,17,random_regular,100,4,483,87,3.5263605245821616,34,87,0.39080459770114945,54,62
v2_baseline_s17,v2,baseline,17,random_regular,100,4,484,13,1.0986122886651095,3,13,0.23076923076923078,13,48
v2_baseline_s17,v2,baseline,17,random_regular,100,4,485,89,3.761660727552022,47,89,0.5280898876404494,78,87
v2_baseline_s17,v2,baseline,17,random_regular,100,4,486,0,0.0,0,0,,51,51
v2_baseline_s17,v2,baseline,17,random_regular,100,4,487,59,3.044820482442576,26,59,0.4406779661016949,65,51
v2_baseline_s17,v2,baseline,17,random_regular,100,4,488,50,2.5070264355444176,17,50,0.34,7,48
v2_baseline_s17,v2,baseline,17,random_regular,100,4,489,153,3.9648365028289794,58,153,0.3790849673202614,88,42
v2_baseline_s17,v2,baseline,17,random_regular,100,4,490,12,1.3862943611158909,4,12,0.3333333333333333,92,51
v2_baseline_s17,v2,baseline,17,random_regular,100,4,491,6,1.3862943611158909,4,6,0.6666666666666666,73,87
v2_baseline_s17,v2,baseline,17,random_regular,100,4,492,28,2.5649493574485365,13,28,0.4642857142857143,7,87
v2_baseline_s17,v2,baseline,17,random_regular,100,4,493,4,0.6931471805579453,2,4,0.5,3,51
v2_baseline_s17,v2,baseline,17,random_regular,100,4,494,95,3.7026694781446654,47,95,0.49473684210526314,67,62
v2_baseline_s17,v2,baseline,17,random_regular,100,4,495,62,3.163424050399405,25,62,0.4032258064516129,89,42
v2_baseline_s17,v2,baseline,17,random_regular,100,4,496,30,2.5649493574485365,13,30,0.43333333333333335,36,87
v2_baseline_s17,v2,baseline,17,random_regular,100,4,497,40,2.61563057701355,15,40,0.375,56,48
v2_baseline_s17,v2,baseline,17,random_regular,100,4,498,5,1.0986122886651095,3,5,0.6,14,48
v2_baseline_s17,v2,baseline,17,random_regular,100,4,499,263,4.277929458023883,103,263,0.3916349809885932,54,51
v2_baseline_s17,v2,baseline,17,random_regular,100,4,500,107,3.6509079749829216,47,107,0.4392523364485981,37,87
v2_baseline_s17,v2,baseline,17,random_regular,100,4,501,50,2.8464803861168675,21,50,0.42,75,51
v2_baseline_s17,v2,baseline,17,random_regular,100,4,502,21,1.6769877743164172,9,21,0.42857142857142855,7,48
v2_baseline_s17,v2,baseline,17,random_regular,100,4,503,10,1.7478680974607577,7,10,0.7,78,42
v2_baseline_s17,v2,baseline,17,random_regular,100,4,504,8,1.0986122886651095,3,8,0.375,8,42
v2_baseline_s17,v2,baseline,17,random_regular,100,4,505,12,1.6094379124291005,5,12,0.4166666666666667,12,51
v2_baseline_s17,v2,baseline,17,random_regular,100,4,506,88,2.829841239675924,31,88,0.3522727272727273,84,51
v2_baseline_s17,v2,baseline,17,random_regular,100,4,507,0,0.0,0,0,,48,48
v2_baseline_s17,v2,baseline,17,random_regular,100,4,508,10,2.0431918705371204,9,10,0.9,56,62
v2_baseline_s17,v2,baseline,17,random_regular,100,4,509,2,0.6931471805579453,2,2,1.0,92,62
v2_baseline_s17,v2,baseline,17,random_regular,100,4,510,240,4.246297132055089,100,240,0.4166666666666667,54,48
v2_baseline_s17,v2,baseline,17,random_regular,100,4,511,11,1.3862943611158909,4,11,0.36363636363636365,67,48
v2_baseline_s17,v2,baseline,17,random_regular,100,4,512,18,2.079441541671836,8,18,0.4444444444444444,59,87
v2_baseline_s17,v2,baseline,17,random_regular,100,4,513,63,3.1931483947852626,27,63,0.42857142857142855,28,87
v2_baseline_s17,v2,baseline,17,random_regular,100,4,514,0,0.0,0,0,,48,48
v2_baseline_s17,v2,baseline,17,random_regular,100,4,515,231,4.17254196410089,96,231,0.4155844155844156,78,87
v2_baseline_s17,v2,baseline,17,random_regular,100,4,516,11,1.6094379124291005,5,11,0.45454545454545453,52,87
v2_baseline_s17,v2,baseline,17,random_regular,100,4,517,90,3.5155926589389503,40,90,0.4444444444444444,41,42
v2_baseline_s17,v2,baseline,17,random_regular,100,4,518,123,3.86645681660218,61,123,0.4959349593495935,77,87
v2_baseline_s17,v2,baseline,17,random_regular,100,4,519,8,1.0986122886651095,3,8,0.375,24,42
v2_baseline_s17,v2,baseline,17,random_regular,100,4,520,5,1.3862943611158909,4,5,0.8,58,87
v2_baseline_s17,v2,baseline,17,random_regular,100,4,521,36,2.5126585295168016,16,36,0.4444444444444444,9,87
v2_baseline_s17,v2,baseline,17,random_regular,100,4,522,13,1.9459101490483133,7,13,0.5384615384615384,9,48
v2_baseline_s17,v2,baseline,17,random_regular,100,4,523,50,3.271689322296034,29,50,0.58,80,42
v2_baseline_s17,v2,baseline,17,random_regular,100,4,524,57,3.1514585102190296,26,57,0.45614035087719296,60,42
v2_baseline_s17,v2,baseline,17,random_regular,100,4,525,82,3.5065025850265608,36,82,0.43902439024390244,83,62
v2_baseline_s17,v2,baseline,17,random_regular,100,4,526,39,2.61563057701355,15,39,0.38461538461538464,74,62
v2_baseline_s17,v2,baseline,17,random_regular,100,4,527,1,-1.000088900581841e-12,1,1,1.0,70,87
v2_baseline_s17,v2,baseline,17,random_regular,100,4,528,62,3.3322045101472035,28,62,0.45161290322580644,40,62
v2_baseline_s17,v2,baseline,17,random_regular,100,4,529,20,2.079441541671836,8,20,0.4,18,42
v2_baseline_s17,v2,baseline,17,random_regular,100,4,530,34,1.9459101490483133,7,34,0.20588235294117646,96,62
v2_baseline_s17,v2,baseline,17,random_regular,100,4,531,47,2.313153678721634,17,47,0.3617021276595745,14,87
v2_baseline_s17,v2,baseline,17,random_regular,100,4,532,14,1.9459101490483133,7,14,0.5,28,42
v2_baseline_s17,v2,baseline,17,random_regular,100,4,533,32,2.197224577327219,9,32,0.28125,74,51
v2_baseline_s17,v2,baseline,17,random_regular,100,4,534,11,1.039720770836918,4,11,0.36363636363636365,44,51
v2_baseline_s17,v2,baseline,17,random_regular,100,4,535,219,4.085412153138038,86,219,0.3926940639269406,88,51
v2_baseline_s17,v2,baseline,17,random_regular,100,4,536,26,2.253857589591352,12,26,0.46153846153846156,29,62
v2_baseline_s17,v2,baseline,17,random_regular,100,4,537,133,3.801119456492554,50,133,0.37593984962406013,36,87
v2_baseline_s17,v2,baseline,17,random_regular,100,4,538,37,2.8332133440392155,17,37,0.4594594594594595,20,87
v2_baseline_s17,v2,baseline,17,random_regular,100,4,539,86,3.578323836314148,41,86,0.47674418604651164,95,87
v2_baseline_s17,v2,baseline,17,random_regular,100,4,540,33,2.1639556568730565,10,33,0.30303030303030304,9,48
v2_baseline_s17,v2,baseline,17,random_regular,100,4,541,108,3.396914420187568,35,108,0.32407407407407407,95,51
v2_baseline_s17,v2,baseline,17,random_regular,100,4,542,90,3.381964473222867,35,90,0.3888888888888889,67,51
v2_baseline_s17,v2,baseline,17,random_regular,100,4,543,0,0.0,0,0,,62,62
v2_baseline_s17,v2,baseline,17,random_regular,100,4,544,63,3.098139496330803,26,63,0.4126984126984127,52,62
v2_baseline_s17,v2,baseline,17,random_regular,100,4,545,14,1.6094379124291005,5,14,0.35714285714285715,76,87
v2_baseline_s17,v2,baseline,17,random_regular,100,4,546,0,0.0,0,0,,48,48
v2_baseline_s17,v2,baseline,17,random_regular,100,4,547,72,3.271689322296034,29,72,0.4027777777777778,18,42
v2_baseline_s17,v2,baseline,17,random_regular,100,4,548,5,1.0986122886651095,3,5,0.6,7,48
v2_baseline_s17,v2,baseline,17,random_regular,100,4,549,2,-1.000088900581841e-12,1,2,0.5,89,48
v2_baseline_s17,v2,baseline,17,random_regular,100,4,550,81,3.2625679455231658,30,81,0.37037037037037035,88,87
v2_baseline_s17,v2,baseline,17,random_regular,100,4,551,35,2.369382119683676,12,35,0.34285714285714286,18,62
v2_baseline_s17,v2,baseline,17,random_regular,100,4,552,51,2.6895357734519942,21,51,0.4117647058823529,25,87
v2_baseline_s17,v2,baseline,17,random_regular,100,4,553,18,2.079441541671836,8,18,0.4444444444444444,58,48
v2_baseline_s17,v2,baseline,17,random_regular,100,4,554,79,3.3176975995541467,35,79,0.4430379746835443,3,62
v2_baseline_s17,v2,baseline,17,random_regular,100,4,555,72,3.422414203983732,32,72,0.4444444444444444,31,87
v2_baseline_s17,v2,baseline,17,random_regular,100,4,556,104,3.4049278883658625,38,104,0.36538461538461536,94,48
v2_baseline_s17,v2,baseline,17,random_regular,100,4,557,121,3.680918632940077,54,121,0.4462809917355372,71,87
v2_baseline_s17,v2,baseline,17,random_regular,100,4,558,111,3.65422209504694,40,111,0.36036036036036034,71,62
v2_baseline_s17,v2,baseline,17,random_regular,100,4,559,111,3.807883719508197,52,111,0.46846846846846846,29,62
v2_baseline_s17,v2,baseline,17,random_regular,100,4,560,47,2.894399544411038,23,47,0.48936170212765956,72,62
v2_baseline_s17,v2,baseline,17,random_regular,100,4,561,2,-1.000088900581841e-12,1,2,0.5,84,51
v2_baseline_s17,v2,baseline,17,random_regular,100,4,562,170,3.9748610892386447,76,170,0.4470588235294118,21,51
v2_baseline_s17,v2,baseline,17,random_regular,100,4,563,137,3.9179789187418814,53,137,0.38686131386861317,39,87
v2_baseline_s17,v2,baseline,17,random_regular,100,4,564,2,-1.000088900581841e-12,1,2,0.5,23,87
v2_baseline_s17,v2,baseline,17,random_regular,100,4,565,8,1.3862943611158909,4,8,0.5,15,62
v2_baseline_s17,v2,baseline,17,random_regular,100,4,566,7,1.0986122886651095,3,7,0.42857142857142855,88,42
v2_baseline_s17,v2,baseline,17,random_regular,100,4,567,180,4.057884555865195,79,180,0.4388888888888889,55,87
v2_baseline_s17,v2,baseline,17,random_regular,100,4,568,13,1.9459101490483133,7,13,0.5384615384615384,2,48
v2_baseline_s17,v2,baseline,17,random_regular,100,4,569,64,3.1931483947852626,27,64,0.421875,22,62
v2_baseline_s17,v2,baseline,17,random_regular,100,4,570,87,3.556923618315194,39,87,0.4482758620689655,82,62
v2_baseline_s17,v2,baseline,17,random_regular,100,4,571,379,4.640626961230548,157,379,0.41424802110817943,6,87
v2_baseline_s17,v2,baseline,17,random_regular,100,4,572,59,2.9785084205072385,21,59,0.3559322033898305,79,42
v2_baseline_s17,v2,baseline,17,random_regular,100,4,573,49,2.8674404991054456,24,49,0.4897959183673469,55,62
v2_baseline_s17,v2,baseline,17,random_regular,100,4,574,36,2.685945324654788,16,36,0.4444444444444444,60,42
v2_baseline_s17,v2,baseline,17,random_regular,100,4,575,106,3.603049664804596,47,106,0.44339622641509435,16,62
v2_baseline_s17,v2,baseline,17,random_regular,100,4,576,82,3.2238860684653137,29,82,0.35365853658536583,79,87
v2_baseline_s17,v2,baseline,17,random_regular,100,4,577,107,3.5065025850265608,36,107,0.3364485981308411,3,48
v2_baseline_s17,v2,baseline,17,random_regular,100,4,578,5,1.0986122886651095,3,5,0.6,50,62
v2_baseline_s17,v2,baseline,17,random_regular,100,4,579,133,3.7838669489451457,56,133,0.42105263157894735,71,62
v2_baseline_s17,v2,baseline,17,random_regular,100,4,580,79,3.2238860684653137,29,79,0.3670886075949367,63,48
v2_baseline_s17,v2,baseline,17,random_regular,100,4,581,78,3.498515667114017,37,78,0.47435897435897434,52,51
v2_baseline_s17,v2,baseline,17,random_regular,100,4,582,4,-1.000088900581841e-12,1,4,0.25,69,87
v2_baseline_s17,v2,baseline,17,random_regular,100,4,583,10,0.6931471805579453,2,10,0.2,0,62
v2_baseline_s17,v2,baseline,17,random_regular,100,4,584,90,3.5924696275736783,39,90,0.43333333333333335,9,48
v2_baseline_s17,v2,baseline,17,random_regular,100,4,585,0,0.0,0,0,,51,51
v2_baseline_s17,v2,baseline,17,random_regular,100,4,586,195,4.1542392526326575,88,195,0.4512820512820513,70,87
v2_baseline_s17,v2,baseline,17,random_regular,100,4,587,26,2.639057329601259,14,26,0.5384615384615384,4,48
v2_baseline_s17,v2,baseline,17,random_regular,100,4,588,12,1.039720770836918,4,12,0.3333333333333333,92,62
v2_baseline_s17,v2,baseline,17,random_regular,100,4,589,46,2.484906649776,12,46,0.2608695652173913,82,87
v2_baseline_s17,v2,baseline,17,random_regular,100,4,590,34,2.306668725393531,16,34,0.47058823529411764,53,87
v2_baseline_s17,v2,baseline,17,random_regular,100,4,591,75,2.920687026873641,25,75,0.3333333333333333,49,62
v2_baseline_s17,v2,baseline,17,random_regular,100,4,592,137,3.906511777100024,55,137,0.40145985401459855,10,42
v2_baseline_s17,v2,baseline,17,random_regular,100,4,593,0,0.0,0,0,,48,48
v2_baseline_s17,v2,baseline,17,random_regular,100,4,594,71,3.019736127116995,27,71,0.38028169014084506,80,42
v2_baseline_s17,v2,baseline,17,random_regular,100,4,595,3,-1.000088900581841e-12,1,3,0.3333333333333333,7,51
v2_baseline_s17,v2,baseline,17,random_regular,100,4,596,102,3.7113914345883634,49,102,0.4803921568627451,92,42
v2_baseline_s17,v2,baseline,17,random_regular,100,4,597,17,1.791759469222055,6,17,0.35294117647058826,44,87
v2_baseline_s17,v2,baseline,17,random_regular,100,4,598,113,3.775855948368099,45,113,0.39823008849557523,66,42
v2_baseline_s17,v2,baseline,17,random_regular,100,4,599,136,3.6742661086394666,56,136,0.4117647058823529,90,48
v2_baseline_s17,v2,baseline,17,random_regular,100,4,600,59,3.122424598309061,27,59,0.4576271186440678,81,62
v2_baseline_s17,v2,baseline,17,random_regular,100,4,601,91,3.592469627573678,39,91,0.42857142857142855,49,87
v2_baseline_s17,v2,baseline,17,random_regular,100,4,602,51,3.233183484354926,28,51,0.5490196078431373,4,51
v2_baseline_s17,v2,baseline,17,random_regular,100,4,603,35,2.441015278014703,14,35,0.4,91,51
v2_baseline_s17,v2,baseline,17,random_regular,100,4,604,61,2.9785084205072385,21,61,0.3442622950819672,72,51
v2_baseline_s17,v2,baseline,17,random_regular,100,4,605,13,1.9459101490483133,7,13,0.5384615384615384,95,48
v2_baseline_s17,v2,baseline,17,random_regular,100,4,606,2,0.6931471805579453,2,2,1.0,0,62
v2_baseline_s17,v2,baseline,17,random_regular,100,4,607,166,3.536314384467452,56,166,0.3373493975903614,23,51
v2_baseline_s17,v2,baseline,17,random_regular,100,4,608,23,2.484906649776,12,23,0.5217391304347826,40,62
v2_baseline_s17,v2,baseline,17,random_regular,100,4,609,15,2.079441541671836,8,15,0.5333333333333333,26,62
v2_baseline_s17,v2,baseline,17,random_regular,100,4,610,286,4.499935250814479,117,286,0.4090909090909091,67,62
v2_baseline_s17,v2,baseline,17,random_regular,100,4,611,44,2.9650156932365066,22,44,0.5,90,62
v2_baseline_s17,v2,baseline,17,random_regular,100,4,612,61,2.466577143591937,21,61,0.3442622950819672,92,51
v2_baseline_s17,v2,baseline,17,random_regular,100,4,613,21,2.3978952727873706,11,21,0.5238095238095238,8,62
v2_baseline_s17,v2,baseline,17,random_regular,100,4,614,49,2.813355404483615,18,49,0.3673469387755102,56,42
v2_baseline_s17,v2,baseline,17,random_regular,100,4,615,0,0.0,0,0,,48,48
v2_baseline_s17,v2,baseline,17,random_regular,100,4,616,192,3.943225872195349,78,192,0.40625,40,62
v2_baseline_s17,v2,baseline,17,random_regular,100,4,617,35,2.341994252221425,14,35,0.4,76,48
v2_baseline_s17,v2,baseline,17,random_regular,100,4,618,143,3.634878839889468,58,143,0.40559440559440557,8,51
v2_baseline_s17,v2,baseline,17,random_regular,100,4,619,27,2.4583113296710835,13,27,0.48148148148148145,32,42
v2_baseline_s17,v2,baseline,17,random_regular,100,4,620,57,2.9444389791474395,19,57,0.3333333333333333,66,42
v2_baseline_s17,v2,baseline,17,random_regular,100,4,621,38,2.7985132569262934,19,38,0.5,80,62
v2_baseline_s17,v2,baseline,17,random_regular,100,4,622,18,1.9459101490483133,7,18,0.3888888888888889,85,42
v2_baseline_s17,v2,baseline,17,random_regular,100,4,623,15,1.5498260458732018,7,15,0.4666666666666667,75,51
v2_baseline_s17,v2,baseline,17,random_regular,100,4,624,45,2.5649493574485365,13,45,0.28888888888888886,83,51
v2_baseline_s17,v2,baseline,17,random_regular,100,4,625,178,4.042978216918453,70,178,0.39325842696629215,36,48
v2_baseline_s17,v2,baseline,17,random_regular,100,4,626,60,3.271689322296034,29,60,0.48333333333333334,17,87
v2_baseline_s17,v2,baseline,17,random_regular,100,4,627,6,-1.000088900581841e-12,1,6,0.16666666666666666,61,51
v2_baseline_s17,v2,baseline,17,random_regular,100,4,628,6,1.0986122886651095,3,6,0.5,95,62
v2_baseline_s17,v2,baseline,17,random_regular,100,4,629,5,-1.000088900581841e-12,1,5,0.2,61,51
v2_baseline_s17,v2,baseline,17,random_regular,100,4,630,0,0.0,0,0,,51,51
v2_baseline_s17,v2,baseline,17,random_regular,100,4,631,15,0.6931471805579453,2,15,0.13333333333333333,57,87
v2_baseline_s17,v2,baseline,17,random_regular,100,4,632,96,3.473613549464628,42,96,0.4375,77,62
v2_baseline_s17,v2,baseline,17,random_regular,100,4,633,3,1.0986122886651095,3,3,1.0,13,87
v2_baseline_s17,v2,baseline,17,random_regular,100,4,634,39,2.61563057701355,15,39,0.38461538461538464,86,42
v2_baseline_s17,v2,baseline,17,random_regular,100,4,635,14,1.5607104090364068,6,14,0.42857142857142855,10,62
v2_baseline_s17,v2,baseline,17,random_regular,100,4,636,45,2.926417555478996,20,45,0.4444444444444444,50,51
v2_baseline_s17,v2,baseline,17,random_regular,100,4,637,103,3.5726345752559063,42,103,0.4077669902912621,8,48
v2_baseline_s17,v2,baseline,17,random_regular,100,4,638,94,3.415689962593033,42,94,0.44680851063829785,73,62
v2_baseline_s17,v2,baseline,17,random_regular,100,4,639,157,3.801381448710399,68,157,0.43312101910828027,61,51
v2_baseline_s17,v2,baseline,17,random_regular,100,4,640,8,1.3862943611158909,4,8,0.5,84,48
v2_baseline_s17,v2,baseline,17,random_regular,100,4,641,52,2.871476118036867,19,52,0.36538461538461536,73,48
v2_baseline_s17,v2,baseline,17,random_regular,100,4,642,31,2.302585092984045,10,31,0.3225806451612903,73,48
v2_baseline_s17,v2,baseline,17,random_regular,100,4,643,5,1.0986122886651095,3,5,0.6,75,51
v2_baseline_s17,v2,baseline,17,random_regular,100,4,644,25,2.2718685126865625,11,25,0.44,25,51
v2_baseline_s17,v2,baseline,17,random_regular,100,4,645,11,1.9459101490483133,7,11,0.6363636363636364,54,48
v2_baseline_s17,v2,baseline,17,random_regular,100,4,646,206,4.14308413026179,92,206,0.44660194174757284,25,42
v2_baseline_s17,v2,baseline,17,random_regular,100,4,647,198,4.157527105084593,73,198,0.3686868686868687,82,62
v2_baseline_s17,v2,baseline,17,random_regular,100,4,648,157,3.7415499360560274,51,157,0.3248407643312102,33,51
v2_baseline_s17,v2,baseline,17,random_regular,100,4,649,0,0.0,0,0,,42,42
v2_baseline_s17,v2,baseline,17,random_regular,100,4,650,3,-1.000088900581841e-12,1,3,0.3333333333333333,84,51
v2_baseline_s17,v2,baseline,17,random_regular,100,4,651,51,2.894399544411038,23,51,0.45098039215686275,83,87
v2_baseline_s17,v2,baseline,17,random_regular,100,4,652,152,3.8642999614481575,62,152,0.40789473684210525,17,42
v2_baseline_s17,v2,baseline,17,random_regular,100,4,653,43,2.5232109529398907,15,43,0.3488372093023256,9,48
v2_baseline_s17,v2,baseline,17,random_regular,100,4,654,239,4.304769970176429,102,239,0.42677824267782427,86,42
v2_baseline_s17,v2,baseline,17,random_regular,100,4,655,59,3.0280290732864104,22,59,0.3728813559322034,71,62
v2_baseline_s17,v2,baseline,17,random_regular,100,4,656,10,1.791759469222055,6,10,0.6,45,51
v2_baseline_s17,v2,baseline,17,random_regular,100,4,657,69,2.987771452401131,27,69,0.391304347826087,60,42
v2_baseline_s17,v2,baseline,17,random_regular,100,4,658,21,2.079441541671836,8,21,0.38095238095238093,20,48
v2_baseline_s17,v2,baseline,17,random_regular,100,4,659,111,3.433446723827612,44,111,0.3963963963963964,35,51
v2_baseline_s17,v2,baseline,17,random_regular,100,4,660,114,3.770971414389315,55,114,0.4824561403508772,31,48
v2_baseline_s17,v2,baseline,17,random_regular,100,4,661,32,2.8332133440392155,17,32,0.53125,28,48
v2_baseline_s17,v2,baseline,17,random_regular,100,4,662,25,1.8866967846510787,10,25,0.4,18,87
v2_baseline_s17,v2,baseline,17,random_regular,100,4,663,31,1.846220219314633,11,31,0.3548387096774194,74,87
v2_baseline_s17,v2,baseline,17,random_regular,100,4,664,28,1.4941751382843085,8,28,0.2857142857142857,1,42
v2_baseline_s17,v2,baseline,17,random_regular,100,4,665,11,1.3321790402061222,5,11,0.45454545454545453,76,51
v2_baseline_s17,v2,baseline,17,random_regular,100,4,666,34,2.61563057701355,15,34,0.4411764705882353,47,42
v2_baseline_s17,v2,baseline,17,random_regular,100,4,667,50,3.052520501511814,25,50,0.5,99,51
v2_baseline_s17,v2,baseline,17,random_regular,100,4,668,17,1.6094379124291005,5,17,0.29411764705882354,14,62
v2_baseline_s17,v2,baseline,17,random_regular,100,4,669,232,4.203799824255928,108,232,0.46551724137931033,29,51
v2_baseline_s17,v2,baseline,17,random_regular,100,4,670,205,3.99199367775668,79,205,0.3853658536585366,74,48
v2_baseline_s17,v2,baseline,17,random_regular,100,4,671,124,3.683099712933856,49,124,0.3951612903225806,3,87
v2_baseline_s17,v2,baseline,17,random_regular,100,4,672,38,2.61563057701355,15,38,0.39473684210526316,89,42
v2_baseline_s17,v2,baseline,17,random_regular,100,4,673,111,3.665486524825563,49,111,0.44144144144144143,11,62
v2_baseline_s17,v2,baseline,17,random_regular,100,4,674,6,1.3862943611158909,4,6,0.6666666666666666,3,62
v2_baseline_s17,v2,baseline,17,random_regular,100,4,675,108,3.5065025850265608,36,108,0.3333333333333333,45,87
v2_baseline_s17,v2,baseline,17,random_regular,100,4,676,32,2.772588722223781,16,32,0.5,95,51
v2_baseline_s17,v2,baseline,17,random_regular,100,4,677,49,3.0149468801585937,23,49,0.46938775510204084,95,62
v2_baseline_s17,v2,baseline,17,random_regular,100,4,678,56,3.0910424533363146,22,56,0.39285714285714285,49,87
v2_baseline_s17,v2,baseline,17,random_regular,100,4,679,79,3.189454205571105,32,79,0.4050632911392405,95,51
v2_baseline_s17,v2,baseline,17,random_regular,100,4,680,7,1.6094379124291005,5,7,0.7142857142857143,97,87
v2_baseline_s17,v2,baseline,17,random_regular,100,4,681,1,-1.000088900581841e-12,1,1,1.0,30,42
v2_baseline_s17,v2,baseline,17,random_regular,100,4,682,44,2.813355404483615,18,44,0.4090909090909091,39,87
v2_baseline_s17,v2,baseline,17,random_regular,100,4,683,84,3.612135893901438,41,84,0.4880952380952381,88,42
v2_baseline_s17,v2,baseline,17,random_regular,100,4,684,6,1.0986122886651095,3,6,0.5,52,62
v2_baseline_s17,v2,baseline,17,random_regular,100,4,685,30,2.302585092984045,10,30,0.3333333333333333,76,87
v2_baseline_s17,v2,baseline,17,random_regular,100,4,686,37,2.0431918705371204,9,37,0.24324324324324326,53,42
v2_baseline_s17,v2,baseline,17,random_regular,100,4,687,39,2.7080502010872096,15,39,0.38461538461538464,37,62
v2_baseline_s17,v2,baseline,17,random_regular,100,4,688,24,2.639057329601259,14,24,0.5833333333333334,60,87
v2_baseline_s17,v2,baseline,17,random_regular,100,4,689,38,2.3516733018936304,13,38,0.34210526315789475,6,87
v2_baseline_s17,v2,baseline,17,random_regular,100,4,690,19,1.791759469222055,6,19,0.3157894736842105,6,42
v2_baseline_s17,v2,baseline,17,random_regular,100,4,691,213,4.187536973890677,92,213,0.431924882629108,98,62
v2_baseline_s17,v2,baseline,17,random_regular,100,4,692,6,1.0986122886651095,3,6,0.5,61,51
v2_baseline_s17,v2,baseline,17,random_regular,100,4,693,29,2.639057329601259,14,29,0.4827586206896552,5,42
v2_baseline_s17,v2,baseline,17,random_regular,100,4,694,16,1.7478680974607577,7,16,0.4375,21,42
v2_baseline_s17,v2,baseline,17,random_regular,100,4,695,11,1.0986122886651095,3,11,0.2727272727272727,14,62
v2_baseline_s17,v2,baseline,17,random_regular,100,4,696,4,-1.000088900581841e-12,1,4,0.25,84,51
v2_baseline_s17,v2,baseline,17,random_regular,100,4,697,28,2.772588722223781,16,28,0.5714285714285714,68,51
v2_baseline_s17,v2,baseline,17,random_regular,100,4,698,8,1.791759469222055,6,8,0.75,96,62
v2_baseline_s17,v2,baseline,17,random_regular,100,4,699,4,0.6931471805579453,2,4,0.5,90,87
v2_baseline_s17,v2,baseline,17,random_regular,100,4,700,52,2.8332133440392155,17,52,0.3269230769230769,1,48
v2_baseline_s17,v2,baseline,17,random_regular,100,4,701,37,2.523210952939891,15,37,0.40540540540540543,1,51
v2_baseline_s17,v2,baseline,17,random_regular,100,4,702,32,2.369382119683676,12,32,0.375,17,42
v2_baseline_s17,v2,baseline,17,random_regular,100,4,703,73,3.4502855905397403,39,73,0.5342465753424658,89,87
v2_baseline_s17,v2,baseline,17,random_regular,100,4,704,28,2.7080502010872096,15,28,0.5357142857142857,98,48
v2_baseline_s17,v2,baseline,17,random_regular,100,4,705,88,2.8674404991054456,24,88,0.2727272727272727,44,48
v2_baseline_s17,v2,baseline,17,random_regular,100,4,706,3,-1.000088900581841e-12,1,3,0.3333333333333333,30,42
v2_baseline_s17,v2,baseline,17,random_regular,100,4,707,118,3.619564736019943,40,118,0.3389830508474576,52,42
v2_baseline_s17,v2,baseline,17,random_regular,100,4,708,97,3.278089189237435,35,97,0.36082474226804123,18,62
v2_baseline_s17,v2,baseline,17,random_regular,100,4,709,111,3.6101955050538983,45,111,0.40540540540540543,38,62
v2_baseline_s17,v2,baseline,17,random_regular,100,4,710,9,1.6094379124291005,5,9,0.5555555555555556,16,42
v2_baseline_s17,v2,baseline,17,random_regular,100,4,711,85,3.0994641704284964,35,85,0.4117647058823529,17,62
v2_baseline_s17,v2,baseline,17,random_regular,100,4,712,149,3.8272853288145208,58,149,0.38926174496644295,45,87
v2_baseline_s17,v2,baseline,17,random_regular,100,4,713,45,3.0910424533363146,22,45,0.4888888888888889,73,87
v2_baseline_s17,v2,baseline,17,random_regular,100,4,714,46,2.8332133440392155,17,46,0.3695652173913043,98,51
v2_baseline_s17,v2,baseline,17,random_regular,100,4,715,38,2.9444389791474395,19,38,0.5,12,87
v2_baseline_s17,v2,baseline,17,random_regular,100,4,716,1,-1.000088900581841e-12,1,1,1.0,89,48
v2_baseline_s17,v2,baseline,17,random_regular,100,4,717,110,3.5953789566617336,51,110,0.4636363636363636,89,87
v2_baseline_s17,v2,baseline,17,random_regular,100,4,718,2,-1.000088900581841e-12,1,2,0.5,70,87
v2_baseline_s17,v2,baseline,17,random_regular,100,4,719,170,3.976090627962535,70,170,0.4117647058823529,17,42
v2_baseline_s17,v2,baseline,17,random_regular,100,4,720,246,4.28256513443763,98,246,0.3983739837398374,25,87
v2_baseline_s17,v2,baseline,17,random_regular,100,4,721,63,3.134162458562648,28,63,0.4444444444444444,82,48
v2_baseline_s17,v2,baseline,17,random_regular,100,4,722,3,-1.000088900581841e-12,1,3,0.3333333333333333,27,62
v2_baseline_s17,v2,baseline,17,random_regular,100,4,723,34,2.8332133440392155,17,34,0.5,70,87
v2_baseline_s17,v2,baseline,17,random_regular,100,4,724,96,3.2848923602224342,36,96,0.375,8,48
v2_baseline_s17,v2,baseline,17,random_regular,100,4,725,67,3.232775904355102,32,67,0.47761194029850745,75,51
v2_baseline_s17,v2,baseline,17,random_regular,100,4,726,191,4.412108028767037,97,191,0.5078534031413613,27,42
v2_baseline_s17,v2,baseline,17,random_regular,100,4,727,35,2.484906649776,12,35,0.34285714285714286,74,62
v2_baseline_s17,v2,baseline,17,random_regular,100,4,728,35,2.5649493574485365,13,35,0.37142857142857144,57,62
v2_baseline_s17,v2,baseline,17,random_regular,100,4,729,49,3.052520501511814,25,49,0.5102040816326531,8,87
v2_baseline_s17,v2,baseline,17,random_regular,100,4,730,197,4.193967553522085,79,197,0.4010152284263959,41,62
v2_baseline_s17,v2,baseline,17,random_regular,100,4,731,28,2.0253262207620675,10,28,0.35714285714285715,63,42
v2_baseline_s17,v2,baseline,17,random_regular,100,4,732,45,2.751666616915516,17,45,0.37777777777777777,31,48
v2_baseline_s17,v2,baseline,17,random_regular,100,4,733,223,4.132690557016202,83,223,0.3721973094170404,34,62
v2_baseline_s17,v2,baseline,17,random_regular,100,4,734,6,1.3862943611158909,4,6,0.6666666666666666,71,42
v2_baseline_s17,v2,baseline,17,random_regular,100,4,735,151,3.982438819838421,65,151,0.4304635761589404,29,87
v2_baseline_s17,v2,baseline,17,random_regular,100,4,736,115,3.5726345752559063,42,115,0.3652173913043478,66,51
v2_baseline_s17,v2,baseline,17,random_regular,100,4,737,0,0.0,0,0,,87,87
v2_baseline_s17,v2,baseline,17,random_regular,100,4,738,29,2.599301927085795,16,29,0.5517241379310345,69,51
v2_baseline_s17,v2,baseline,17,random_regular,100,4,739,157,3.8184582605773336,63,157,0.4012738853503185,1,42
v2_baseline_s17,v2,baseline,17,random_regular,100,4,740,182,4.002740237299594,81,182,0.44505494505494503,8,62
v2_baseline_s17,v2,baseline,17,random_regular,100,4,741,42,2.857102837424001,20,42,0.47619047619047616,81,87
v2_baseline_s17,v2,baseline,17,random_regular,100,4,742,45,2.7080502010872096,15,45,0.3333333333333333,59,62
v2_baseline_s17,v2,baseline,17,random_regular,100,4,743,299,4.340086671029357,123,299,0.411371237458194,55,62
v2_baseline_s17,v2,baseline,17,random_regular,100,4,744,11,1.3862943611158909,4,11,0.36363636363636365,41,42
v2_baseline_s17,v2,baseline,17,random_regular,100,4,745,63,2.9650156932365066,22,63,0.3492063492063492,74,42
v2_baseline_s17,v2,baseline,17,random_regular,100,4,746,0,0.0,0,0,,51,51
v2_baseline_s17,v2,baseline,17,random_regular,100,4,747,41,2.7080502010872096,15,41,0.36585365853658536,78,62
v2_baseline_s17,v2,baseline,17,random_regular,100,4,748,8,-1.000088900581841e-12,1,8,0.125,38,48
v2_baseline_s17,v2,baseline,17,random_regular,100,4,749,15,1.9459101490483133,7,15,0.4666666666666667,80,42
v2_baseline_s17,v2,baseline,17,random_regular,100,4,750,11,1.791759469222055,6,11,0.5454545454545454,91,48
v2_baseline_s17,v2,baseline,17,random_regular,100,4,751,146,3.819075783309944,59,146,0.4041095890410959,2,62
v2_baseline_s17,v2,baseline,17,random_regular,100,4,752,64,3.044522437702424,21,64,0.328125,64,42
v2_baseline_s17,v2,baseline,17,random_regular,100,4,753,147,3.841940374979482,62,147,0.4217687074829932,36,48
v2_baseline_s17,v2,baseline,17,random_regular,100,4,754,0,0.0,0,0,,87,87
v2_baseline_s17,v2,baseline,17,random_regular,100,4,755,124,3.6147641804846256,44,124,0.3548387096774194,13,62
v2_baseline_s17,v2,baseline,17,random_regular,100,4,756,74,2.8456384931152563,24,74,0.32432432432432434,50,87
v2_baseline_s17,v2,baseline,17,random_regular,100,4,757,21,2.3978952727873706,11,21,0.5238095238095238,12,48
v2_baseline_s17,v2,baseline,17,random_regular,100,4,758,43,2.7080502010872096,15,43,0.3488372093023256,29,48
v2_baseline_s17,v2,baseline,17,random_regular,100,4,759,180,3.8642999614481575,62,180,0.34444444444444444,20,87
v2_baseline_s17,v2,baseline,17,random_regular,100,4,760,147,3.9090191343855096,62,147,0.4217687074829932,39,51
v2_baseline_s17,v2,baseline,17,random_regular,100,4,761,70,2.926417555478996,20,70,0.2857142857142857,22,48
v2_baseline_s17,v2,baseline,17,random_regular,100,4,762,128,3.89182242136326,53,128,0.4140625,31,87
v2_baseline_s17,v2,baseline,17,random_regular,100,4,763,120,3.708094060697539,46,120,0.38333333333333336,78,42
v2_baseline_s17,v2,baseline,17,random_regular,100,4,764,24,2.5649493574485365,13,24,0.5416666666666666,58,62
v2_baseline_s17,v2,baseline,17,random_regular,100,4,765,39,2.813355404483615,18,39,0.46153846153846156,14,51
v2_baseline_s17,v2,baseline,17,random_regular,100,4,766,100,3.480935299911953,40,100,0.4,37,62
v2_baseline_s17,v2,baseline,17,random_regular,100,4,767,102,3.662040914211954,47,102,0.46078431372549017,16,51
v2_baseline_s17,v2,baseline,17,random_regular,100,4,768,299,4.523907762255589,124,299,0.41471571906354515,2,87
v2_baseline_s17,v2,baseline,17,random_regular,100,4,769,8,1.791759469222055,6,8,0.75,14,87
v2_baseline_s17,v2,baseline,17,random_regular,100,4,770,76,2.9650156932365066,22,76,0.2894736842105263,60,62
v2_baseline_s17,v2,baseline,17,random_regular,100,4,771,57,2.912494403312053,21,57,0.3684210526315789,32,51
v2_baseline_s17,v2,baseline,17,random_regular,100,4,772,68,3.379092505199735,32,68,0.47058823529411764,88,42
v2_baseline_s17,v2,baseline,17,random_regular,100,4,773,114,3.550250017965948,40,114,0.3508771929824561,35,87
v2_baseline_s17,v2,baseline,17,random_regular,100,4,774,0,0.0,0,0,,51,51
v2_baseline_s17,v2,baseline,17,random_regular,100,4,775,2,0.6931471805579453,2,2,1.0,0,62
v2_baseline_s17,v2,baseline,17,random_regular,100,4,776,20,2.197224577327219,9,20,0.45,79,62
v2_baseline_s17,v2,baseline,17,random_regular,100,4,777,96,3.5398587971683453,44,96,0.4583333333333333,74,48
v2_baseline_s17,v2,baseline,17,random_regular,100,4,778,68,3.218875824843201,25,68,0.36764705882352944,77,87
v2_baseline_s17,v2,baseline,17,random_regular,100,4,779,191,4.282844589146714,93,191,0.4869109947643979,93,87
v2_baseline_s17,v2,baseline,17,random_regular,100,4,780,46,2.954673212284816,23,46,0.5,59,48
v2_baseline_s17,v2,baseline,17,random_regular,100,4,781,125,3.807097847479481,59,125,0.472,93,42
v2_baseline_s17,v2,baseline,17,random_regular,100,4,782,141,3.770971414389315,55,141,0.3900709219858156,86,42
v2_baseline_s17,v2,baseline,17,random_regular,100,4,783,113,3.510699721139568,41,113,0.36283185840707965,19,42
v2_baseline_s17,v2,baseline,17,random_regular,100,4,784,115,3.7113914345883634,49,115,0.4260869565217391,28,62
v2_baseline_s17,v2,baseline,17,random_regular,100,4,785,141,3.7456676820497594,50,141,0.3546099290780142,6,48
v2_baseline_s17,v2,baseline,17,random_regular,100,4,786,182,3.952716514936182,74,182,0.4065934065934066,84,51
v2_baseline_s17,v2,baseline,17,random_regular,100,4,787,21,2.0431918705371204,9,21,0.42857142857142855,96,87
v2_baseline_s17,v2,baseline,17,random_regular,100,4,788,0,0.0,0,0,,48,48
v2_baseline_s17,v2,baseline,17,random_regular,100,4,789,141,3.9482576932336864,62,141,0.4397163120567376,6,87
v2_baseline_s17,v2,baseline,17,random_regular,100,4,790,9,1.0986122886651095,3,9,0.3333333333333333,26,51
v2_baseline_s17,v2,baseline,17,random_regular,100,4,791,7,1.0986122886651095,3,7,0.42857142857142855,70,87
v2_baseline_s17,v2,baseline,17,random_regular,100,4,792,85,3.485587161020812,34,85,0.4,27,42
v2_baseline_s17,v2,baseline,17,random_regular,100,4,793,125,3.817946183811361,52,125,0.416,8,87
v2_baseline_s17,v2,baseline,17,random_regular,100,4,794,39,2.813355404483615,18,39,0.46153846153846156,31,62
v2_baseline_s17,v2,baseline,17,random_regular,100,4,795,133,3.850933677082608,54,133,0.40601503759398494,17,62
v2_baseline_s17,v2,baseline,17,random_regular,100,4,796,8,-1.000088900581841e-12,1,8,0.125,55,87
v2_baseline_s17,v2,baseline,17,random_regular,100,4,797,39,2.2718685126865625,11,39,0.28205128205128205,50,62
v2_baseline_s17,v2,baseline,17,random_regular,100,4,798,4,0.6931471805579453,2,4,0.5,92,51
v2_baseline_s17,v2,baseline,17,random_regular,100,4,799,3,0.6931471805579453,2,3,0.6666666666666666,44,48
v2_baseline_s17,v2,baseline,17,random_regular,100,4,800,58,3.2826939972510645,28,58,0.4827586206896552,95,62
v2_baseline_s17,v2,baseline,17,random_regular,100,4,801,2,-1.000088900581841e-12,1,2,0.5,13,48
v2_baseline_s17,v2,baseline,17,random_regular,100,4,802,49,3.176082814634593,29,49,0.5918367346938775,52,42
v2_baseline_s17,v2,baseline,17,random_regular,100,4,803,29,2.484906649776,12,29,0.41379310344827586,68,87
v2_baseline_s17,v2,baseline,17,random_regular,100,4,804,21,1.791759469222055,6,21,0.2857142857142857,11,51
v2_baseline_s17,v2,baseline,17,random_regular,100,4,805,79,3.3486460064564074,37,79,0.46835443037974683,29,42
v2_baseline_s17,v2,baseline,17,random_regular,100,4,806,2,-1.000088900581841e-12,1,2,0.5,89,48
v2_baseline_s17,v2,baseline,17,random_regular,100,4,807,118,3.522170135981823,53,118,0.4491525423728814,10,48
v2_baseline_s17,v2,baseline,17,random_regular,100,4,808,167,3.857544463557942,68,167,0.40718562874251496,19,87
v2_baseline_s17,v2,baseline,17,random_regular,100,4,809,77,3.461048251949615,37,77,0.4805194805194805,30,62
v2_baseline_s17,v2,baseline,17,random_regular,100,4,810,2,-1.000088900581841e-12,1,2,0.5,70,87
v2_baseline_s17,v2,baseline,17,random_regular,100,4,811,26,2.3516733018936304,13,26,0.5,43,51
v2_baseline_s17,v2,baseline,17,random_regular,100,4,812,1,-1.000088900581841e-12,1,1,1.0,53,62
v2_baseline_s17,v2,baseline,17,random_regular,100,4,813,0,0.0,0,0,,51,51
v2_baseline_s17,v2,baseline,17,random_regular,100,4,814,26,1.7478680974607577,7,26,0.2692307692307692,11,62
v2_baseline_s17,v2,baseline,17,random_regular,100,4,815,23,2.3046193848096714,14,23,0.6086956521739131,56,87
v2_baseline_s17,v2,baseline,17,random_regular,100,4,816,23,2.2718685126865625,11,23,0.4782608695652174,34,62
v2_baseline_s17,v2,baseline,17,random_regular,100,4,817,23,2.197224577327219,9,23,0.391304347826087,63,48
v2_baseline_s17,v2,baseline,17,random_regular,100,4,818,155,3.906338630513458,61,155,0.3935483870967742,92,51
v2_baseline_s17,v2,baseline,17,random_regular,100,4,819,16,1.9061547465328492,8,16,0.5,94,51
v2_baseline_s17,v2,baseline,17,random_regular,100,4,820,13,1.0986122886651095,3,13,0.23076923076923078,7,51
v2_baseline_s17,v2,baseline,17,random_regular,100,4,821,69,2.787788119369007,20,69,0.2898550724637681,80,48
v2_baseline_s17,v2,baseline,17,random_regular,100,4,822,20,2.0431918705371204,9,20,0.45,38,48
v2_baseline_s17,v2,baseline,17,random_regular,100,4,823,303,4.361575523749351,122,303,0.40264026402640263,13,42
v2_baseline_s17,v2,baseline,17,random_regular,100,4,824,30,2.4583113296710835,13,30,0.43333333333333335,85,51
v2_baseline_s17,v2,baseline,17,random_regular,100,4,825,13,1.7478680974607577,7,13,0.5384615384615384,95,51
v2_baseline_s17,v2,baseline,17,random_regular,100,4,826,38,2.639057329601259,14,38,0.3684210526315789,85,42
v2_baseline_s17,v2,baseline,17,random_regular,100,4,827,63,3.2238860684653137,29,63,0.4603174603174603,29,48
v2_baseline_s17,v2,baseline,17,random_regular,100,4,828,23,1.791759469222055,6,23,0.2608695652173913,64,62
v2_baseline_s17,v2,baseline,17,random_regular,100,4,829,67,3.233183484354926,28,67,0.417910447761194,54,51
v2_baseline_s17,v2,baseline,17,random_regular,100,4,830,30,2.61563057701355,15,30,0.5,40,87
v2_baseline_s17,v2,baseline,17,random_regular,100,4,831,126,3.761660727552022,47,126,0.373015873015873,22,42
v2_baseline_s17,v2,baseline,17,random_regular,100,4,832,9,1.0986122886651095,3,9,0.3333333333333333,73,48
v2_baseline_s17,v2,baseline,17,random_regular,100,4,833,44,2.5823063442999667,18,44,0.4090909090909091,1,51
v2_baseline_s17,v2,baseline,17,random_regular,100,4,834,634,5.015289636154261,257,634,0.40536277602523657,28,51
v2_baseline_s17,v2,baseline,17,random_regular,100,4,835,65,3.1514585102190296,26,65,0.4,34,51
v2_baseline_s17,v2,baseline,17,random_regular,100,4,836,112,3.5445117787268576,41,112,0.36607142857142855,57,62
v2_baseline_s17,v2,baseline,17,random_regular,100,4,837,167,3.838990708341643,75,167,0.4491017964071856,19,51
v2_baseline_s17,v2,baseline,17,random_regular,100,4,838,0,0.0,0,0,,42,42
v2_baseline_s17,v2,baseline,17,random_regular,100,4,839,0,0.0,0,0,,51,51
v2_baseline_s17,v2,baseline,17,random_regular,100,4,840,62,2.857102837424001,20,62,0.3225806451612903,80,42
v2_baseline_s17,v2,baseline,17,random_regular,100,4,841,111,3.563642803703097,44,111,0.3963963963963964,57,42
v2_baseline_s17,v2,baseline,17,random_regular,100,4,842,4,0.6931471805579453,2,4,0.5,12,62
v2_baseline_s17,v2,baseline,17,random_regular,100,4,843,39,2.1458417525857545,11,39,0.28205128205128205,99,48
v2_baseline_s17,v2,baseline,17,random_regular,100,4,844,9,1.6094379124291005,5,9,0.5555555555555556,9,48
v2_baseline_s17,v2,baseline,17,random_regular,100,4,845,123,3.6540228439636064,56,123,0.45528455284552843,59,87
v2_baseline_s17,v2,baseline,17,random_regular,100,4,846,63,3.134162458562648,28,63,0.4444444444444444,5,87
v2_baseline_s17,v2,baseline,17,random_regular,100,4,847,51,2.5993019270857944,16,51,0.3137254901960784,4,48
v2_baseline_s17,v2,baseline,17,random_regular,100,4,848,141,3.587546014424116,49,141,0.3475177304964539,32,48
v2_baseline_s17,v2,baseline,17,random_regular,100,4,849,86,3.455179006914453,38,86,0.4418604651162791,17,42
v2_baseline_s17,v2,baseline,17,random_regular,100,4,850,146,3.956922481138748,55,146,0.3767123287671233,41,48
v2_baseline_s17,v2,baseline,17,random_regular,100,4,851,43,2.3992042961906157,18,43,0.4186046511627907,99,42
v2_baseline_s17,v2,baseline,17,random_regular,100,4,852,93,3.5726345752559063,42,93,0.45161290322580644,60,42
v2_baseline_s17,v2,baseline,17,random_regular,100,4,853,60,3.204777524107256,26,60,0.43333333333333335,22,87
v2_baseline_s17,v2,baseline,17,random_regular,100,4,854,9,1.0986122886651095,3,9,0.3333333333333333,28,42
v2_baseline_s17,v2,baseline,17,random_regular,100,4,855,50,2.7914209200671944,22,50,0.44,19,62
v2_baseline_s17,v2,baseline,17,random_regular,100,4,856,6,1.0986122886651095,3,6,0.5,83,62
v2_baseline_s17,v2,baseline,17,random_regular,100,4,857,16,1.039720770836918,4,16,0.25,45,48
v2_baseline_s17,v2,baseline,17,random_regular,100,4,858,60,2.685945324654788,16,60,0.26666666666666666,96,48
v2_baseline_s17,v2,baseline,17,random_regular,100,4,859,140,3.920613739988191,64,140,0.45714285714285713,53,87
v2_baseline_s17,v2,baseline,17,random_regular,100,4,860,57,3.1931483947852626,27,57,0.47368421052631576,65,48
v2_baseline_s17,v2,baseline,17,random_regular,100,4,861,38,2.857102837424001,20,38,0.5263157894736842,90,51
v2_baseline_s17,v2,baseline,17,random_regular,100,4,862,182,4.053285500912926,69,182,0.3791208791208791,49,87
v2_baseline_s17,v2,baseline,17,random_regular,100,4,863,18,1.5607104090364068,6,18,0.3333333333333333,33,87
v2_baseline_s17,v2,baseline,17,random_regular,100,4,864,29,2.079441541671836,8,29,0.27586206896551724,68,42
v2_baseline_s17,v2,baseline,17,random_regular,100,4,865,42,2.685945324654788,16,42,0.38095238095238093,79,87
v2_baseline_s17,v2,baseline,17,random_regular,100,4,866,43,2.7080502010872096,15,43,0.3488372093023256,33,48
v2_baseline_s17,v2,baseline,17,random_regular,100,4,867,56,2.9957322735339904,20,56,0.35714285714285715,71,48
v2_baseline_s17,v2,baseline,17,random_regular,100,4,868,0,0.0,0,0,,87,87
v2_baseline_s17,v2,baseline,17,random_regular,100,4,869,158,4.005763057476179,66,158,0.4177215189873418,75,87
v2_baseline_s17,v2,baseline,17,random_regular,100,4,870,45,2.4583113296710835,13,45,0.28888888888888886,35,42
v2_baseline_s17,v2,baseline,17,random_regular,100,4,871,15,1.9459101490483133,7,15,0.4666666666666667,3,42
v2_baseline_s17,v2,baseline,17,random_regular,100,4,872,27,2.302585092984045,10,27,0.37037037037037035,40,48
v2_baseline_s17,v2,baseline,17,random_regular,100,4,873,7,1.0986122886651095,3,7,0.42857142857142855,75,51
v2_baseline_s17,v2,baseline,17,random_regular,100,4,874,71,3.233183484354926,28,71,0.39436619718309857,23,87
v2_baseline_s17,v2,baseline,17,random_regular,100,4,875,15,1.9459101490483133,7,15,0.4666666666666667,93,87
v2_baseline_s17,v2,baseline,17,random_regular,100,4,876,154,3.343783878046626,54,154,0.35064935064935066,81,42
v2_baseline_s17,v2,baseline,17,random_regular,100,4,877,243,4.276599467312784,91,243,0.37448559670781895,61,62
v2_baseline_s17,v2,baseline,17,random_regular,100,4,878,11,1.0986122886651095,3,11,0.2727272727272727,23,87
v2_baseline_s17,v2,baseline,17,random_regular,100,4,879,14,1.6094379124291005,5,14,0.35714285714285715,82,42
v2_baseline_s17,v2,baseline,17,random_regular,100,4,880,7,1.039720770836918,4,7,0.5714285714285714,96,62
v2_baseline_s17,v2,baseline,17,random_regular,100,4,881,61,3.0149468801585937,23,61,0.3770491803278688,24,51
v2_baseline_s17,v2,baseline,17,random_regular,100,4,882,19,1.8891591637470213,9,19,0.47368421052631576,70,87
v2_baseline_s17,v2,baseline,17,random_regular,100,4,883,130,3.608903081516547,49,130,0.3769230769230769,26,87
v2_baseline_s17,v2,baseline,17,random_regular,100,4,884,51,2.857102837424001,20,51,0.39215686274509803,21,87
v2_baseline_s17,v2,baseline,17,random_regular,100,4,885,13,1.9459101490483133,7,13,0.5384615384615384,30,62
v2_baseline_s17,v2,baseline,17,random_regular,100,4,886,76,3.205805710063748,32,76,0.42105263157894735,60,48
v2_baseline_s17,v2,baseline,17,random_regular,100,4,887,2,-1.000088900581841e-12,1,2,0.5,94,48
v2_baseline_s17,v2,baseline,17,random_regular,100,4,888,45,2.772588722223781,16,45,0.35555555555555557,46,51
v2_baseline_s17,v2,baseline,17,random_regular,100,4,889,1,-1.000088900581841e-12,1,1,1.0,69,87
v2_baseline_s17,v2,baseline,17,random_regular,100,4,890,124,3.94093487591412,58,124,0.46774193548387094,25,62
v2_baseline_s17,v2,baseline,17,random_regular,100,4,891,60,2.9957322735339904,20,60,0.3333333333333333,86,51
v2_baseline_s17,v2,baseline,17,random_regular,100,4,892,4,1.0986122886651095,3,4,0.75,6,87
v2_baseline_s17,v2,baseline,17,random_regular,100,4,893,0,0.0,0,0,,48,48
v2_baseline_s17,v2,baseline,17,random_regular,100,4,894,28,1.7478680974607577,7,28,0.25,36,62
v2_baseline_s17,v2,baseline,17,random_regular,100,4,895,6,1.3862943611158909,4,6,0.6666666666666666,66,62
v2_baseline_s17,v2,baseline,17,random_regular,100,4,896,22,1.9061547465328492,8,22,0.36363636363636365,63,51
v2_baseline_s17,v2,baseline,17,random_regular,100,4,897,38,2.670119889791816,17,38,0.4473684210526316,23,62
v2_baseline_s17,v2,baseline,17,random_regular,100,4,898,0,0.0,0,0,,62,62
v2_baseline_s17,v2,baseline,17,random_regular,100,4,899,1,-1.000088900581841e-12,1,1,1.0,30,42
v2_baseline_s17,v2,baseline,17,random_regular,100,4,900,125,3.7178427343741927,52,125,0.416,79,48
v2_baseline_s17,v2,baseline,17,random_regular,100,4,901,1,-1.000088900581841e-12,1,1,1.0,61,51
v2_baseline_s17,v2,baseline,17,random_regular,100,4,902,25,2.1639556568730565,10,25,0.4,11,87
v2_baseline_s17,v2,baseline,17,random_regular,100,4,903,18,2.079441541671836,8,18,0.4444444444444444,88,42
v2_baseline_s17,v2,baseline,17,random_regular,100,4,904,7,1.3862943611158909,4,7,0.5714285714285714,84,62
v2_baseline_s17,v2,baseline,17,random_regular,100,4,905,36,2.5649493574485365,13,36,0.3611111111111111,50,48
v2_baseline_s17,v2,baseline,17,random_regular,100,4,906,57,3.0752205480323718,23,57,0.40350877192982454,52,51
v2_baseline_s17,v2,baseline,17,random_regular,100,4,907,165,3.891590149383159,67,165,0.40606060606060607,34,62
v2_baseline_s17,v2,baseline,17,random_regular,100,4,908,82,3.3423560629061564,35,82,0.4268292682926829,10,62
v2_baseline_s17,v2,baseline,17,random_regular,100,4,909,95,3.5355242894287437,43,95,0.45263157894736844,44,48
v2_baseline_s17,v2,baseline,17,random_regular,100,4,910,105,3.3969144201875685,35,105,0.3333333333333333,68,48
v2_baseline_s17,v2,baseline,17,random_regular,100,4,911,19,2.302585092984045,10,19,0.5263157894736842,32,48
v2_baseline_s17,v2,baseline,17,random_regular,100,4,912,32,2.813355404483615,18,32,0.5625,64,87
v2_baseline_s17,v2,baseline,17,random_regular,100,4,913,10,1.9061547465328492,8,10,0.8,14,48
v2_baseline_s17,v2,baseline,17,random_regular,100,4,914,0,0.0,0,0,,42,42
v2_baseline_s17,v2,baseline,17,random_regular,100,4,915,19,1.6094379124291005,5,19,0.2631578947368421,11,62
v2_baseline_s17,v2,baseline,17,random_regular,100,4,916,9,0.6931471805579453,2,9,0.2222222222222222,61,87
v2_baseline_s17,v2,baseline,17,random_regular,100,4,917,75,3.363267070336762,34,75,0.4533333333333333,9,51
v2_baseline_s17,v2,baseline,17,random_regular,100,4,918,33,2.484906649776,12,33,0.36363636363636365,70,42
v2_baseline_s17,v2,baseline,17,random_regular,100,4,919,41,2.9957322735339904,20,41,0.4878048780487805,95,48
v2_baseline_s17,v2,baseline,17,random_regular,100,4,920,173,3.796014154947618,76,173,0.4393063583815029,39,51
v2_baseline_s17,v2,baseline,17,random_regular,100,4,921,50,2.926417555478996,20,50,0.4,23,42
v2_baseline_s17,v2,baseline,17,random_regular,100,4,922,57,3.233183484354926,28,57,0.49122807017543857,6,87
v2_baseline_s17,v2,baseline,17,random_regular,100,4,923,72,3.335770806415738,32,72,0.4444444444444444,85,62
v2_baseline_s17,v2,baseline,17,random_regular,100,4,924,8,1.3862943611158909,4,8,0.5,68,87
v2_baseline_s17,v2,baseline,17,random_regular,100,4,925,88,3.176082814634593,29,88,0.32954545454545453,21,51
v2_baseline_s17,v2,baseline,17,random_regular,100,4,926,40,2.083766037476648,15,40,0.375,73,48
v2_baseline_s17,v2,baseline,17,random_regular,100,4,927,17,1.9061547465328492,8,17,0.47058823529411764,82,51
v2_baseline_s17,v2,baseline,17,random_regular,100,4,928,25,2.1639556568730565,10,25,0.4,80,87
v2_baseline_s17,v2,baseline,17,random_regular,100,4,929,412,4.768046672142349,168,412,0.4077669902912621,33,51
v2_baseline_s17,v2,baseline,17,random_regular,100,4,930,73,3.363267070336762,34,73,0.4657534246575342,40,87
v2_baseline_s17,v2,baseline,17,random_regular,100,4,931,32,2.3978952727873706,11,32,0.34375,64,87
v2_baseline_s17,v2,baseline,17,random_regular,100,4,932,174,4.038349723438345,72,174,0.41379310344827586,29,42
v2_baseline_s17,v2,baseline,17,random_regular,100,4,933,62,3.134162458562648,28,62,0.45161290322580644,63,87
v2_baseline_s17,v2,baseline,17,random_regular,100,4,934,192,3.949033460081581,80,192,0.4166666666666667,85,42
v2_baseline_s17,v2,baseline,17,random_regular,100,4,935,13,1.791759469222055,6,13,0.46153846153846156,79,51
v2_baseline_s17,v2,baseline,17,random_regular,100,4,936,54,2.8903717578781647,18,54,0.3333333333333333,21,62
v2_baseline_s17,v2,baseline,17,random_regular,100,4,937,0,0.0,0,0,,48,48
v2_baseline_s17,v2,baseline,17,random_regular,100,4,938,0,0.0,0,0,,62,62
v2_baseline_s17,v2,baseline,17,random_regular,100,4,939,95,3.1865891168454263,33,95,0.3473684210526316,74,48
v2_baseline_s17,v2,baseline,17,random_regular,100,4,940,61,3.052520501511814,25,61,0.4098360655737705,41,62
v2_baseline_s17,v2,baseline,17,random_regular,100,4,941,122,3.696900970297509,54,122,0.4426229508196721,49,42
v2_baseline_s17,v2,baseline,17,random_regular,100,4,942,8,0.6931471805579453,2,8,0.25,35,62
v2_baseline_s17,v2,baseline,17,random_regular,100,4,943,71,3.4004168903127585,36,71,0.5070422535211268,68,62
v2_baseline_s17,v2,baseline,17,random_regular,100,4,944,57,2.712962173036891,22,57,0.38596491228070173,56,42
v2_baseline_s17,v2,baseline,17,random_regular,100,4,945,116,3.32703465048688,44,116,0.3793103448275862,32,62
v2_baseline_s17,v2,baseline,17,random_regular,100,4,946,5,0.6931471805579453,2,5,0.4,33,87
v2_baseline_s17,v2,baseline,17,random_regular,100,4,947,166,3.8898970232503336,69,166,0.41566265060240964,14,48
v2_baseline_s17,v2,baseline,17,random_regular,100,4,948,43,2.540036303807981,14,43,0.32558139534883723,80,62
v2_baseline_s17,v2,baseline,17,random_regular,100,4,949,0,0.0,0,0,,87,87
v2_baseline_s17,v2,baseline,17,random_regular,100,4,950,187,3.952716514936182,74,187,0.39572192513368987,28,42
v2_baseline_s17,v2,baseline,17,random_regular,100,4,951,63,3.2625679455231658,30,63,0.47619047619047616,63,87
v2_baseline_s17,v2,baseline,17,random_regular,100,4,952,33,2.5993019270857944,16,33,0.48484848484848486,56,62
v2_baseline_s17,v2,baseline,17,random_regular,100,4,953,57,2.5993019270857944,16,57,0.2807017543859649,36,48
v2_baseline_s17,v2,baseline,17,random_regular,100,4,954,60,3.062529300232621,24,60,0.4,58,42
v2_baseline_s17,v2,baseline,17,random_regular,100,4,955,41,2.5649493574485365,13,41,0.3170731707317073,32,87
v2_baseline_s17,v2,baseline,17,random_regular,100,4,956,37,3.0149468801585937,23,37,0.6216216216216216,15,42
v2_baseline_s17,v2,baseline,17,random_regular,100,4,957,7,1.3862943611158909,4,7,0.5714285714285714,97,62
v2_baseline_s17,v2,baseline,17,random_regular,100,4,958,76,2.9977665653586163,28,76,0.3684210526315789,18,42
v2_baseline_s17,v2,baseline,17,random_regular,100,4,959,43,2.639057329601259,14,43,0.32558139534883723,97,87
v2_baseline_s17,v2,baseline,17,random_regular,100,4,960,4,0.6931471805579453,2,4,0.5,67,51
v2_baseline_s17,v2,baseline,17,random_regular,100,4,961,51,2.7804663689216818,21,51,0.4117647058823529,40,51
v2_baseline_s17,v2,baseline,17,random_regular,100,4,962,9,0.6931471805579453,2,9,0.2222222222222222,66,62
v2_baseline_s17,v2,baseline,17,random_regular,100,4,963,84,3.5601762861186548,42,84,0.5,37,42
v2_baseline_s17,v2,baseline,17,random_regular,100,4,964,96,3.308777757559495,30,96,0.3125,55,48
v2_baseline_s17,v2,baseline,17,random_regular,100,4,965,245,4.364942980538979,102,245,0.4163265306122449,83,62
v2_baseline_s17,v2,baseline,17,random_regular,100,4,966,206,3.953057122685801,80,206,0.3883495145631068,30,62
v2_baseline_s17,v2,baseline,17,random_regular,100,4,967,0,0.0,0,0,,42,42
v2_baseline_s17,v2,baseline,17,random_regular,100,4,968,29,2.5649493574485365,13,29,0.4482758620689655,36,62
v2_baseline_s17,v2,baseline,17,random_regular,100,4,969,36,2.8332133440392155,17,36,0.4722222222222222,35,42
v2_baseline_s17,v2,baseline,17,random_regular,100,4,970,153,3.8314697935717112,60,153,0.39215686274509803,69,87
v2_baseline_s17,v2,baseline,17,random_regular,100,4,971,188,4.072742550263582,82,188,0.43617021276595747,70,51
v2_baseline_s17,v2,baseline,17,random_regular,100,4,972,40,2.540036303807981,14,40,0.35,41,62
v2_baseline_s17,v2,baseline,17,random_regular,100,4,973,56,2.9650156932365066,22,56,0.39285714285714285,20,62
v2_baseline_s17,v2,baseline,17,random_regular,100,4,974,65,2.898745539566338,28,65,0.4307692307692308,44,51
v2_baseline_s17,v2,baseline,17,random_regular,100,4,975,29,2.1639556568730565,10,29,0.3448275862068966,0,87
v2_baseline_s17,v2,baseline,17,random_regular,100,4,976,113,3.473613549464628,42,113,0.37168141592920356,91,42
v2_baseline_s17,v2,baseline,17,random_regular,100,4,977,75,3.3324877677623777,34,75,0.4533333333333333,81,48
v2_baseline_s17,v2,baseline,17,random_regular,100,4,978,56,2.733401777791672,25,56,0.44642857142857145,76,51
v2_baseline_s17,v2,baseline,17,random_regular,100,4,979,23,2.079441541671836,8,23,0.34782608695652173,47,51
v2_baseline_s17,v2,baseline,17,random_regular,100,4,980,14,1.6094379124291005,5,14,0.35714285714285715,18,42
v2_baseline_s17,v2,baseline,17,random_regular,100,4,981,20,2.0431918705371204,9,20,0.45,9,42
v2_baseline_s17,v2,baseline,17,random_regular,100,4,982,16,1.8891591637470213,9,16,0.5625,40,48
v2_baseline_s17,v2,baseline,17,random_regular,100,4,983,119,3.6436782287373086,47,119,0.3949579831932773,36,42
v2_baseline_s17,v2,baseline,17,random_regular,100,4,984,3,0.6931471805579453,2,3,0.6666666666666666,67,51
v2_baseline_s17,v2,baseline,17,random_regular,100,4,985,45,2.871476118036867,19,45,0.4222222222222222,66,51
v2_baseline_s17,v2,baseline,17,random_regular,100,4,986,147,3.744062542914029,62,147,0.4217687074829932,20,42
v2_baseline_s17,v2,baseline,17,random_regular,100,4,987,219,4.091496433877485,86,219,0.3926940639269406,32,48
v2_baseline_s17,v2,baseline,17,random_regular,100,4,988,8,1.791759469222055,6,8,0.75,57,42
v2_baseline_s17,v2,baseline,17,random_regular,100,4,989,198,4.074397987441414,73,198,0.3686868686868687,71,51
v2_baseline_s17,v2,baseline,17,random_regular,100,4,990,31,2.8332133440392155,17,31,0.5483870967741935,19,42
v2_baseline_s17,v2,baseline,17,random_regular,100,4,991,25,1.7478680974607577,7,25,0.28,36,87
v2_baseline_s17,v2,baseline,17,random_regular,100,4,992,109,3.5726345752559063,42,109,0.3853211009174312,93,48
v2_baseline_s17,v2,baseline,17,random_regular,100,4,993,39,2.7985132569262934,19,39,0.48717948717948717,14,51
v2_baseline_s17,v2,baseline,17,random_regular,100,4,994,49,2.8782183066518505,22,49,0.4489795918367347,97,42
v2_baseline_s17,v2,baseline,17,random_regular,100,4,995,45,2.670119889791816,17,45,0.37777777777777777,60,62
v2_baseline_s17,v2,baseline,17,random_regular,100,4,996,157,3.984537379981286,62,157,0.39490445859872614,26,87
v2_baseline_s17,v2,baseline,17,random_regular,100,4,997,9,1.791759469222055,6,9,0.6666666666666666,78,48
v2_baseline_s17,v2,baseline,17,random_regular,100,4,998,38,2.6701198897918164,17,38,0.4473684210526316,60,62
v2_baseline_s17,v2,baseline,17,random_regular,100,4,999,193,4.225068489391652,75,193,0.38860103626943004,93,87
