run_id,validation_version,condition,seed,topology,n_nodes,degree,episode_idx,hitting_time,path_entropy,accepted_moves,attempted_moves,accept_rate,start_node,final_node
v2_baseline_s25,v2,baseline,25,random_regular,100,4,0,29,2.5649493574485365,13,29,0.4482758620689655,41,55
v2_baseline_s25,v2,baseline,25,random_regular,100,4,1,15,2.0431918705371204,9,15,0.6,86,65
v2_baseline_s25,v2,baseline,25,random_regular,100,4,2,23,1.9061547465328492,8,23,0.34782608695652173,80,63
v2_baseline_s25,v2,baseline,25,random_regular,100,4,3,33,2.1639556568730565,10,33,0.30303030303030304,21,65
v2_baseline_s25,v2,baseline,25,random_regular,100,4,4,15,1.6094379124291005,5,15,0.3333333333333333,80,63
v2_baseline_s25,v2,baseline,25,random_regular,100,4,5,34,1.9356005054459453,12,34,0.35294117647058826,27,70
v2_baseline_s25,v2,baseline,25,random_regular,100,4,6,45,2.306668725393531,16,45,0.35555555555555557,13,76
v2_baseline_s25,v2,baseline,25,random_regular,100,4,7,61,3.204777524107256,26,61,0.4262295081967213,27,55
v2_baseline_s25,v2,baseline,25,random_regular,100,4,8,3,0.6931471805579453,2,3,0.6666666666666666,57,55
v2_baseline_s25,v2,baseline,25,random_regular,100,4,9,10,1.791759469222055,6,10,0.6,96,70
v2_baseline_s25,v2,baseline,25,random_regular,100,4,10,12,1.791759469222055,6,12,0.5,28,76
v2_baseline_s25,v2,baseline,25,random_regular,100,4,11,43,2.751666616915516,17,43,0.3953488372093023,38,55
v2_baseline_s25,v2,baseline,25,random_regular,100,4,12,150,3.6204681382421655,60,150,0.4,54,65
v2_baseline_s25,v2,baseline,25,random_regular,100,4,13,1,-1.000088900581841e-12,1,1,1.0,91,76
v2_baseline_s25,v2,baseline,25,random_regular,100,4,14,26,2.197224577327219,9,26,0.34615384615384615,79,55
v2_baseline_s25,v2,baseline,25,random_regular,100,4,15,0,0.0,0,0,,76,76
v2_baseline_s25,v2,baseline,25,random_regular,100,4,16,173,3.692963086479422,64,173,0.3699421965317919,7,70
v2_baseline_s25,v2,baseline,25,random_regular,100,4,17,112,3.6526297829392207,45,112,0.4017857142857143,89,63
v2_baseline_s25,v2,baseline,25,random_regular,100,4,18,64,3.218875824843201,25,64,0.390625,96,70
v2_baseline_s25,v2,baseline,25,random_regular,100,4,19,28,1.5498260458732018,7,28,0.25,67,70
v2_baseline_s25,v2,baseline,25,random_regular,100,4,20,50,2.9957322735339904,20,50,0.4,44,70
v2_baseline_s25,v2,baseline,25,random_regular,100,4,21,202,4.005519749233704,69,202,0.3415841584158416,72,70
v2_baseline_s25,v2,baseline,25,random_regular,100,4,22,18,2.079441541671836,8,18,0.4444444444444444,77,65
v2_baseline_s25,v2,baseline,25,random_regular,100,4,23,10,1.3862943611158909,4,10,0.4,69,70
v2_baseline_s25,v2,baseline,25,random_regular,100,4,24,14,1.791759469222055,6,14,0.42857142857142855,95,70
v2_baseline_s25,v2,baseline,25,random_regular,100,4,25,24,2.5649493574485365,13,24,0.5416666666666666,50,70
v2_baseline_s25,v2,baseline,25,random_regular,100,4,26,151,3.5221701359828224,53,151,0.3509933774834437,27,55
v2_baseline_s25,v2,baseline,25,random_regular,100,4,27,0,0.0,0,0,,65,65
v2_baseline_s25,v2,baseline,25,random_regular,100,4,28,8,1.0986122886651095,3,8,0.375,35,55
v2_baseline_s25,v2,baseline,25,random_regular,100,4,29,14,1.0986122886651095,3,14,0.21428571428571427,71,65
v2_baseline_s25,v2,baseline,25,random_regular,100,4,30,84,3.5281418680240257,38,84,0.4523809523809524,41,76
v2_baseline_s25,v2,baseline,25,random_regular,100,4,31,11,1.0986122886651095,3,11,0.2727272727272727,95,63
v2_baseline_s25,v2,baseline,25,random_regular,100,4,32,63,2.725550395815721,19,63,0.30158730158730157,72,70
v2_baseline_s25,v2,baseline,25,random_regular,100,4,33,276,4.403379324924967,118,276,0.427536231884058,44,65
v2_baseline_s25,v2,baseline,25,random_regular,100,4,34,0,0.0,0,0,,65,65
v2_baseline_s25,v2,baseline,25,random_regular,100,4,35,15,1.3862943611158909,4,15,0.26666666666666666,57,65
v2_baseline_s25,v2,baseline,25,random_regular,100,4,36,18,2.079441541671836,8,18,0.4444444444444444,13,70
v2_baseline_s25,v2,baseline,25,random_regular,100,4,37,54,2.8782183066518505,22,54,0.4074074074074074,32,76
v2_baseline_s25,v2,baseline,25,random_regular,100,4,38,8,0.6931471805579453,2,8,0.25,22,76
v2_baseline_s25,v2,baseline,25,random_regular,100,4,39,8,1.791759469222055,6,8,0.75,8,55
v2_baseline_s25,v2,baseline,25,random_regular,100,4,40,9,1.3321790402061222,5,9,0.5555555555555556,28,76
v2_baseline_s25,v2,baseline,25,random_regular,100,4,41,1,-1.000088900581841e-12,1,1,1.0,10,70
v2_baseline_s25,v2,baseline,25,random_regular,100,4,42,27,2.253857589591352,12,27,0.4444444444444444,37,65
v2_baseline_s25,v2,baseline,25,random_regular,100,4,43,143,3.5825490032533454,56,143,0.3916083916083916,17,63
v2_baseline_s25,v2,baseline,25,random_regular,100,4,44,149,3.604713201386142,62,149,0.4161073825503356,97,65
v2_baseline_s25,v2,baseline,25,random_regular,100,4,45,77,2.897668095044761,27,77,0.35064935064935066,92,65
v2_baseline_s25,v2,baseline,25,random_regular,100,4,46,87,3.5450107617233355,36,87,0.41379310344827586,39,63
v2_baseline_s25,v2,baseline,25,random_regular,100,4,47,3,1.0986122886651095,3,3,1.0,56,63
v2_baseline_s25,v2,baseline,25,random_regular,100,4,48,70,3.225557328365521,34,70,0.4857142857142857,30,55
v2_baseline_s25,v2,baseline,25,random_regular,100,4,49,4,1.0986122886651095,3,4,0.75,34,65
v2_baseline_s25,v2,baseline,25,random_regular,100,4,50,44,2.484906649776,12,44,0.2727272727272727,9,65
v2_baseline_s25,v2,baseline,25,random_regular,100,4,51,56,2.6491586832590177,20,56,0.35714285714285715,45,63
v2_baseline_s25,v2,baseline,25,random_regular,100,4,52,92,3.5636428037030976,44,92,0.4782608695652174,42,76
v2_baseline_s25,v2,baseline,25,random_regular,100,4,53,115,3.6000030969206915,43,115,0.3739130434782609,56,63
v2_baseline_s25,v2,baseline,25,random_regular,100,4,54,0,0.0,0,0,,63,63
v2_baseline_s25,v2,baseline,25,random_regular,100,4,55,64,2.8332133440392155,17,64,0.265625,4,65
v2_baseline_s25,v2,baseline,25,random_regular,100,4,56,18,2.0431918705371204,9,18,0.5,22,63
v2_baseline_s25,v2,baseline,25,random_regular,100,4,57,6,1.0986122886651095,3,6,0.5,98,63
v2_baseline_s25,v2,baseline,25,random_regular,100,4,58,37,2.430791328866232,15,37,0.40540540540540543,24,76
v2_baseline_s25,v2,baseline,25,random_regular,100,4,59,7,1.6094379124291005,5,7,0.7142857142857143,91,63
v2_baseline_s25,v2,baseline,25,random_regular,100,4,60,188,4.06356980156185,80,188,0.425531914893617,45,55
v2_baseline_s25,v2,baseline,25,random_regular,100,4,61,50,2.6643580804032445,25,50,0.5,53,76
v2_baseline_s25,v2,baseline,25,random_regular,100,4,62,215,3.989672683764933,87,215,0.4046511627906977,92,70
v2_baseline_s25,v2,baseline,25,random_regular,100,4,63,61,2.9957322735339904,20,61,0.32786885245901637,64,65
v2_baseline_s25,v2,baseline,25,random_regular,100,4,64,32,2.3978952727873706,11,32,0.34375,61,55
v2_baseline_s25,v2,baseline,25,random_regular,100,4,65,227,4.270849487710975,91,227,0.4008810572687225,16,65
v2_baseline_s25,v2,baseline,25,random_regular,100,4,66,21,1.8891591637470213,9,21,0.42857142857142855,93,65
v2_baseline_s25,v2,baseline,25,random_regular,100,4,67,8,0.6931471805579453,2,8,0.25,23,55
v2_baseline_s25,v2,baseline,25,random_regular,100,4,68,65,3.2384807789207244,35,65,0.5384615384615384,34,65
v2_baseline_s25,v2,baseline,25,random_regular,100,4,69,155,3.939818207043936,62,155,0.4,3,70
v2_baseline_s25,v2,baseline,25,random_regular,100,4,70,61,3.2958368659773285,27,61,0.4426229508196721,5,63
v2_baseline_s25,v2,baseline,25,random_regular,100,4,71,15,1.9459101490483133,7,15,0.4666666666666667,33,63
v2_baseline_s25,v2,baseline,25,random_regular,100,4,72,103,3.395141243133191,42,103,0.4077669902912621,71,55
v2_baseline_s25,v2,baseline,25,random_regular,100,4,73,18,1.8891591637470213,9,18,0.5,32,63
v2_baseline_s25,v2,baseline,25,random_regular,100,4,74,29,2.3978952727873706,11,29,0.3793103448275862,2,65
v2_baseline_s25,v2,baseline,25,random_regular,100,4,75,130,3.809279221927659,54,130,0.4153846153846154,64,70
v2_baseline_s25,v2,baseline,25,random_regular,100,4,76,82,3.098139496330803,26,82,0.3170731707317073,44,76
v2_baseline_s25,v2,baseline,25,random_regular,100,4,77,16,2.079441541671836,8,16,0.5,3,65
v2_baseline_s25,v2,baseline,25,random_regular,100,4,78,68,3.10797227595561,25,68,0.36764705882352944,87,70
v2_baseline_s25,v2,baseline,25,random_regular,100,4,79,46,2.7080502010872096,15,46,0.32608695652173914,82,55
v2_baseline_s25,v2,baseline,25,random_regular,100,4,80,66,2.8652352524298457,25,66,0.3787878787878788,80,63
v2_baseline_s25,v2,baseline,25,random_regular,100,4,81,61,2.98296502919677,24,61,0.39344262295081966,66,76
v2_baseline_s25,v2,baseline,25,random_regular,100,4,82,119,3.6834363242964407,45,119,0.37815126050420167,10,65
v2_baseline_s25,v2,baseline,25,random_regular,100,4,83,62,2.665394159967387,22,62,0.3548387096774194,62,55
v2_baseline_s25,v2,baseline,25,random_regular,100,4,84,12,1.791759469222055,6,12,0.5,49,70
v2_baseline_s25,v2,baseline,25,random_regular,100,4,85,0,0.0,0,0,,65,65
v2_baseline_s25,v2,baseline,25,random_regular,100,4,86,16,1.3321790402061222,5,16,0.3125,91,76
v2_baseline_s25,v2,baseline,25,random_regular,100,4,87,48,2.505289990905417,18,48,0.375,45,76
v2_baseline_s25,v2,baseline,25,random_regular,100,4,88,90,3.4339872044541457,31,90,0.34444444444444444,46,76
v2_baseline_s25,v2,baseline,25,random_regular,100,4,89,130,3.762928606395865,50,130,0.38461538461538464,30,63
v2_baseline_s25,v2,baseline,25,random_regular,100,4,90,80,3.4761312408209912,35,80,0.4375,97,55
v2_baseline_s25,v2,baseline,25,random_regular,100,4,91,17,1.9459101490483133,7,17,0.4117647058823529,86,65
v2_baseline_s25,v2,baseline,25,random_regular,100,4,92,64,2.912494403312053,21,64,0.328125,74,65
v2_baseline_s25,v2,baseline,25,random_regular,100,4,93,29,2.2718685126865625,11,29,0.3793103448275862,90,65
v2_baseline_s25,v2,baseline,25,random_regular,100,4,94,160,4.042153394968693,77,160,0.48125,4,70
v2_baseline_s25,v2,baseline,25,random_regular,100,4,95,28,2.3978952727873706,11,28,0.39285714285714285,6,70
v2_baseline_s25,v2,baseline,25,random_regular,100,4,96,41,2.9444389791474395,19,41,0.4634146341463415,93,55
v2_baseline_s25,v2,baseline,25,random_regular,100,4,97,83,3.134162458562648,28,83,0.3373493975903614,38,76
v2_baseline_s25,v2,baseline,25,random_regular,100,4,98,44,2.639057329601259,14,44,0.3181818181818182,98,70
v2_baseline_s25,v2,baseline,25,random_regular,100,4,99,46,2.553681558014796,20,46,0.43478260869565216,71,63
v2_baseline_s25,v2,baseline,25,random_regular,100,4,100,2,-1.000088900581841e-12,1,2,0.5,72,76
v2_baseline_s25,v2,baseline,25,random_regular,100,4,101,88,3.4761312408209912,35,88,0.3977272727272727,7,63
v2_baseline_s25,v2,baseline,25,random_regular,100,4,102,37,2.341994252221425,14,37,0.3783783783783784,93,70
v2_baseline_s25,v2,baseline,25,random_regular,100,4,103,56,2.287313879666962,22,56,0.39285714285714285,40,55
v2_baseline_s25,v2,baseline,25,random_regular,100,4,104,154,3.68074666190204,59,154,0.38311688311688313,17,63
v2_baseline_s25,v2,baseline,25,random_regular,100,4,105,17,2.197224577327219,9,17,0.5294117647058824,86,63
v2_baseline_s25,v2,baseline,25,random_regular,100,4,106,27,2.2718685126865625,11,27,0.4074074074074074,52,65
v2_baseline_s25,v2,baseline,25,random_regular,100,4,107,19,1.9459101490483133,7,19,0.3684210526315789,58,55
v2_baseline_s25,v2,baseline,25,random_regular,100,4,108,9,0.6931471805579453,2,9,0.2222222222222222,79,65
v2_baseline_s25,v2,baseline,25,random_regular,100,4,109,27,2.685945324654788,16,27,0.5925925925925926,13,65
v2_baseline_s25,v2,baseline,25,random_regular,100,4,110,117,3.7379676629805214,52,117,0.4444444444444444,14,76
v2_baseline_s25,v2,baseline,25,random_regular,100,4,111,123,3.817946183811361,52,123,0.42276422764227645,31,76
v2_baseline_s25,v2,baseline,25,random_regular,100,4,112,7,1.3862943611158909,4,7,0.5714285714285714,54,76
v2_baseline_s25,v2,baseline,25,random_regular,100,4,113,77,3.5065025850265608,36,77,0.4675324675324675,60,76
v2_baseline_s25,v2,baseline,25,random_regular,100,4,114,15,1.791759469222055,6,15,0.4,99,65
v2_baseline_s25,v2,baseline,25,random_regular,100,4,115,1,-1.000088900581841e-12,1,1,1.0,50,70
v2_baseline_s25,v2,baseline,25,random_regular,100,4,116,26,2.685945324654788,16,26,0.6153846153846154,30,65
v2_baseline_s25,v2,baseline,25,random_regular,100,4,117,3,0.6931471805579453,2,3,0.6666666666666666,51,65
v2_baseline_s25,v2,baseline,25,random_regular,100,4,118,4,0.6931471805579453,2,4,0.5,35,76
v2_baseline_s25,v2,baseline,25,random_regular,100,4,119,60,3.0752205480323718,23,60,0.38333333333333336,99,55
v2_baseline_s25,v2,baseline,25,random_regular,100,4,120,9,1.0986122886651095,3,9,0.3333333333333333,69,63
v2_baseline_s25,v2,baseline,25,random_regular,100,4,121,22,1.039720770836918,4,22,0.18181818181818182,20,70
v2_baseline_s25,v2,baseline,25,random_regular,100,4,122,7,1.6094379124291005,5,7,0.7142857142857143,24,55
v2_baseline_s25,v2,baseline,25,random_regular,100,4,123,38,2.5649493574485365,13,38,0.34210526315789475,92,76
v2_baseline_s25,v2,baseline,25,random_regular,100,4,124,112,3.876820151993732,56,112,0.5,38,55
v2_baseline_s25,v2,baseline,25,random_regular,100,4,125,75,3.154022527709909,35,75,0.4666666666666667,67,65
v2_baseline_s25,v2,baseline,25,random_regular,100,4,126,9,1.0986122886651095,3,9,0.3333333333333333,56,70
v2_baseline_s25,v2,baseline,25,random_regular,100,4,127,174,3.857297884432852,69,174,0.39655172413793105,28,65
v2_baseline_s25,v2,baseline,25,random_regular,100,4,128,3,0.6931471805579453,2,3,0.6666666666666666,62,65
v2_baseline_s25,v2,baseline,25,random_regular,100,4,129,51,2.902002313186603,22,51,0.43137254901960786,74,76
v2_baseline_s25,v2,baseline,25,random_regular,100,4,130,6,1.0986122886651095,3,6,0.5,11,63
v2_baseline_s25,v2,baseline,25,random_regular,100,4,131,11,0.6931471805579453,2,11,0.18181818181818182,37,63
v2_baseline_s25,v2,baseline,25,random_regular,100,4,132,51,2.7804663689216818,21,51,0.4117647058823529,79,70
v2_baseline_s25,v2,baseline,25,random_regular,100,4,133,34,2.9957322735339904,20,34,0.5882352941176471,93,65
v2_baseline_s25,v2,baseline,25,random_regular,100,4,134,33,2.484906649776,12,33,0.36363636363636365,47,76
v2_baseline_s25,v2,baseline,25,random_regular,100,4,135,56,2.871476118036867,19,56,0.3392857142857143,54,76
v2_baseline_s25,v2,baseline,25,random_regular,100,4,136,37,2.540036303807981,14,37,0.3783783783783784,22,65
v2_baseline_s25,v2,baseline,25,random_regular,100,4,137,62,2.938182454666123,26,62,0.41935483870967744,21,70
v2_baseline_s25,v2,baseline,25,random_regular,100,4,138,24,2.5649493574485365,13,24,0.5416666666666666,52,65
v2_baseline_s25,v2,baseline,25,random_regular,100,4,139,39,3.0752205480323718,23,39,0.5897435897435898,10,76
v2_baseline_s25,v2,baseline,25,random_regular,100,4,140,30,2.441015278014703,14,30,0.4666666666666667,8,63
v2_baseline_s25,v2,baseline,25,random_regular,100,4,141,22,1.054920167983144,5,22,0.22727272727272727,96,55
v2_baseline_s25,v2,baseline,25,random_regular,100,4,142,89,3.286462961268799,33,89,0.3707865168539326,13,55
v2_baseline_s25,v2,baseline,25,random_regular,100,4,143,23,2.079441541671836,8,23,0.34782608695652173,71,63
v2_baseline_s25,v2,baseline,25,random_regular,100,4,144,46,2.484906649776,12,46,0.2608695652173913,8,76
v2_baseline_s25,v2,baseline,25,random_regular,100,4,145,2,-1.000088900581841e-12,1,2,0.5,77,76
v2_baseline_s25,v2,baseline,25,random_regular,100,4,146,41,2.751666616915516,17,41,0.4146341463414634,6,70
v2_baseline_s25,v2,baseline,25,random_regular,100,4,147,48,2.9713765399480208,26,48,0.5416666666666666,88,76
v2_baseline_s25,v2,baseline,25,random_regular,100,4,148,114,3.578323836314148,41,114,0.35964912280701755,3,76
v2_baseline_s25,v2,baseline,25,random_regular,100,4,149,105,3.208863971265286,43,105,0.4095238095238095,3,55
v2_baseline_s25,v2,baseline,25,random_regular,100,4,150,94,3.423580836785212,37,94,0.39361702127659576,51,63
v2_baseline_s25,v2,baseline,25,random_regular,100,4,151,72,3.0149468801585937,23,72,0.3194444444444444,15,55
v2_baseline_s25,v2,baseline,25,random_regular,100,4,152,21,2.079441541671836,8,21,0.38095238095238093,31,65
v2_baseline_s25,v2,baseline,25,random_regular,100,4,153,0,0.0,0,0,,55,55
v2_baseline_s25,v2,baseline,25,random_regular,100,4,154,80,3.5924696275736783,39,80,0.4875,48,55
v2_baseline_s25,v2,baseline,25,random_regular,100,4,155,18,1.9459101490483133,7,18,0.3888888888888889,37,65
v2_baseline_s25,v2,baseline,25,random_regular,100,4,156,86,3.3969144201875685,35,86,0.4069767441860465,53,55
v2_baseline_s25,v2,baseline,25,random_regular,100,4,157,23,1.9061547465328492,8,23,0.34782608695652173,86,63
v2_baseline_s25,v2,baseline,25,random_regular,100,4,158,1,-1.000088900581841e-12,1,1,1.0,72,76
v2_baseline_s25,v2,baseline,25,random_regular,100,4,159,14,1.3296613488507585,6,14,0.42857142857142855,11,63
v2_baseline_s25,v2,baseline,25,random_regular,100,4,160,32,2.5232109529398907,15,32,0.46875,97,63
v2_baseline_s25,v2,baseline,25,random_regular,100,4,161,47,3.218875824843201,25,47,0.5319148936170213,61,65
v2_baseline_s25,v2,baseline,25,random_regular,100,4,162,38,2.639057329601259,14,38,0.3684210526315789,45,63
v2_baseline_s25,v2,baseline,25,random_regular,100,4,163,25,1.6094379124291005,5,25,0.2,10,63
v2_baseline_s25,v2,baseline,25,random_regular,100,4,164,22,1.7478680974607577,7,22,0.3181818181818182,29,70
v2_baseline_s25,v2,baseline,25,random_regular,100,4,165,240,4.39199355029746,100,240,0.4166666666666667,11,65
v2_baseline_s25,v2,baseline,25,random_regular,100,4,166,18,2.369382119683676,12,18,0.6666666666666666,41,76
v2_baseline_s25,v2,baseline,25,random_regular,100,4,167,90,3.3549875695958247,30,90,0.3333333333333333,98,70
v2_baseline_s25,v2,baseline,25,random_regular,100,4,168,104,3.539627566658813,42,104,0.40384615384615385,48,70
v2_baseline_s25,v2,baseline,25,random_regular,100,4,169,52,2.912494403312053,21,52,0.40384615384615385,77,76
v2_baseline_s25,v2,baseline,25,random_regular,100,4,170,4,-1.000088900581841e-12,1,4,0.25,91,76
v2_baseline_s25,v2,baseline,25,random_regular,100,4,171,200,3.89444248278444,75,200,0.375,74,65
v2_baseline_s25,v2,baseline,25,random_regular,100,4,172,113,3.541121508622682,50,113,0.4424778761061947,40,55
v2_baseline_s25,v2,baseline,25,random_regular,100,4,173,0,0.0,0,0,,76,76
v2_baseline_s25,v2,baseline,25,random_regular,100,4,174,87,3.510699721139568,41,87,0.47126436781609193,17,55
v2_baseline_s25,v2,baseline,25,random_regular,100,4,175,183,3.9998415467435695,72,183,0.39344262295081966,83,55
v2_baseline_s25,v2,baseline,25,random_regular,100,4,176,79,3.189454205571105,32,79,0.4050632911392405,94,63
v2_baseline_s25,v2,baseline,25,random_regular,100,4,177,81,3.4544986414005443,33,81,0.4074074074074074,81,76
v2_baseline_s25,v2,baseline,25,random_regular,100,4,178,109,3.658162873776453,44,109,0.4036697247706422,16,63
v2_baseline_s25,v2,baseline,25,random_regular,100,4,179,42,2.7080502010872096,15,42,0.35714285714285715,59,63
v2_baseline_s25,v2,baseline,25,random_regular,100,4,180,131,3.402649490532407,60,131,0.4580152671755725,86,76
v2_baseline_s25,v2,baseline,25,random_regular,100,4,181,22,2.484906649776,12,22,0.5454545454545454,30,55
v2_baseline_s25,v2,baseline,25,random_regular,100,4,182,83,3.077728697377846,30,83,0.3614457831325301,5,70
v2_baseline_s25,v2,baseline,25,random_regular,100,4,183,45,2.9957322735339904,20,45,0.4444444444444444,62,70
v2_baseline_s25,v2,baseline,25,random_regular,100,4,184,37,2.007556307429838,14,37,0.3783783783783784,54,70
v2_baseline_s25,v2,baseline,25,random_regular,100,4,185,55,2.787788119369007,20,55,0.36363636363636365,51,76
v2_baseline_s25,v2,baseline,25,random_regular,100,4,186,52,2.838988933136699,22,52,0.4230769230769231,9,55
v2_baseline_s25,v2,baseline,25,random_regular,100,4,187,57,2.941616952624223,25,57,0.43859649122807015,71,63
v2_baseline_s25,v2,baseline,25,random_regular,100,4,188,82,3.6000030969206915,43,82,0.524390243902439,2,63
v2_baseline_s25,v2,baseline,25,random_regular,100,4,189,100,3.556923618315194,39,100,0.39,34,63
v2_baseline_s25,v2,baseline,25,random_regular,100,4,190,80,3.2663306919268704,34,80,0.425,59,65
v2_baseline_s25,v2,baseline,25,random_regular,100,4,191,0,0.0,0,0,,65,65
v2_baseline_s25,v2,baseline,25,random_regular,100,4,192,8,1.039720770836918,4,8,0.5,59,63
v2_baseline_s25,v2,baseline,25,random_regular,100,4,193,31,2.079441541671836,8,31,0.25806451612903225,34,76
v2_baseline_s25,v2,baseline,25,random_regular,100,4,194,69,3.0752205480323718,23,69,0.3333333333333333,88,55
v2_baseline_s25,v2,baseline,25,random_regular,100,4,195,96,3.238231540321239,31,96,0.3229166666666667,48,55
v2_baseline_s25,v2,baseline,25,random_regular,100,4,196,105,3.5398587971683453,44,105,0.41904761904761906,53,55
v2_baseline_s25,v2,baseline,25,random_regular,100,4,197,32,2.61563057701355,15,32,0.46875,74,65
v2_baseline_s25,v2,baseline,25,random_regular,100,4,198,34,2.484906649776,12,34,0.35294117647058826,81,70
v2_baseline_s25,v2,baseline,25,random_regular,100,4,199,146,3.783866948945146,56,146,0.3835616438356164,14,65
v2_baseline_s25,v2,baseline,25,random_regular,100,4,200,3,-1.000088900581841e-12,1,3,0.3333333333333333,96,55
v2_baseline_s25,v2,baseline,25,random_regular,100,4,201,94,3.5355242894287437,43,94,0.4574468085106383,78,70
v2_baseline_s25,v2,baseline,25,random_regular,100,4,202,16,1.9459101490483133,7,16,0.4375,7,63
v2_baseline_s25,v2,baseline,25,random_regular,100,4,203,140,3.759111692497577,56,140,0.4,99,63
v2_baseline_s25,v2,baseline,25,random_regular,100,4,204,42,2.8332133440392155,17,42,0.40476190476190477,87,55
v2_baseline_s25,v2,baseline,25,random_regular,100,4,205,33,2.639057329601259,14,33,0.42424242424242425,66,65
v2_baseline_s25,v2,baseline,25,random_regular,100,4,206,65,3.0280290732864104,22,65,0.3384615384615385,32,55
v2_baseline_s25,v2,baseline,25,random_regular,100,4,207,82,3.382216145804879,38,82,0.4634146341463415,12,55
v2_baseline_s25,v2,baseline,25,random_regular,100,4,208,95,3.4611812938562903,35,95,0.3684210526315789,64,55
v2_baseline_s25,v2,baseline,25,random_regular,100,4,209,56,2.725550395815721,19,56,0.3392857142857143,87,76
v2_baseline_s25,v2,baseline,25,random_regular,100,4,210,51,3.2826939972510645,28,51,0.5490196078431373,82,65
v2_baseline_s25,v2,baseline,25,random_regular,100,4,211,24,2.639057329601259,14,24,0.5833333333333334,94,63
v2_baseline_s25,v2,baseline,25,random_regular,100,4,212,46,3.0752205480323718,23,46,0.5,83,70
v2_baseline_s25,v2,baseline,25,random_regular,100,4,213,65,3.0047670351869598,24,65,0.36923076923076925,34,76
v2_baseline_s25,v2,baseline,25,random_regular,100,4,214,24,2.0431918705371204,9,24,0.375,99,76
v2_baseline_s25,v2,baseline,25,random_regular,100,4,215,87,3.198916528694685,30,87,0.3448275862068966,62,65
v2_baseline_s25,v2,baseline,25,random_regular,100,4,216,85,3.4469064102262488,37,85,0.43529411764705883,53,76
v2_baseline_s25,v2,baseline,25,random_regular,100,4,217,67,3.110236521363716,29,67,0.43283582089552236,20,65
v2_baseline_s25,v2,baseline,25,random_regular,100,4,218,212,4.200321799837831,89,212,0.419811320754717,7,76
v2_baseline_s25,v2,baseline,25,random_regular,100,4,219,34,2.540036303807981,14,34,0.4117647058823529,67,63
v2_baseline_s25,v2,baseline,25,random_regular,100,4,220,120,3.5850203476398828,55,120,0.4583333333333333,3,63
v2_baseline_s25,v2,baseline,25,random_regular,100,4,221,103,3.717941794828361,50,103,0.4854368932038835,83,55
v2_baseline_s25,v2,baseline,25,random_regular,100,4,222,33,1.9459101490483133,7,33,0.21212121212121213,31,55
v2_baseline_s25,v2,baseline,25,random_regular,100,4,223,85,3.3478774190495706,34,85,0.4,54,63
v2_baseline_s25,v2,baseline,25,random_regular,100,4,224,51,3.0149468801585937,23,51,0.45098039215686275,49,63
v2_baseline_s25,v2,baseline,25,random_regular,100,4,225,44,3.163424050399405,25,44,0.5681818181818182,31,55
v2_baseline_s25,v2,baseline,25,random_regular,100,4,226,30,2.685945324654788,16,30,0.5333333333333333,93,76
v2_baseline_s25,v2,baseline,25,random_regular,100,4,227,143,4.076704439702334,66,143,0.46153846153846156,81,63
v2_baseline_s25,v2,baseline,25,random_regular,100,4,228,107,3.633185801640813,41,107,0.38317757009345793,6,76
v2_baseline_s25,v2,baseline,25,random_regular,100,4,229,0,0.0,0,0,,63,63
v2_baseline_s25,v2,baseline,25,random_regular,100,4,230,11,1.0986122886651095,3,11,0.2727272727272727,18,70
v2_baseline_s25,v2,baseline,25,random_regular,100,4,231,22,1.7478680974607577,7,22,0.3181818181818182,52,55
v2_baseline_s25,v2,baseline,25,random_regular,100,4,232,86,3.6888794540739367,40,86,0.46511627906976744,87,55
v2_baseline_s25,v2,baseline,25,random_regular,100,4,233,48,2.4254797084207183,17,48,0.3541666666666667,24,70
v2_baseline_s25,v2,baseline,25,random_regular,100,4,234,73,3.2238860684653137,29,73,0.3972602739726027,47,55
v2_baseline_s25,v2,baseline,25,random_regular,100,4,235,27,2.094729047518648,12,27,0.4444444444444444,26,55
v2_baseline_s25,v2,baseline,25,random_regular,100,4,236,28,2.3978952727873706,11,28,0.39285714285714285,94,63
v2_baseline_s25,v2,baseline,25,random_regular,100,4,237,16,1.5607104090364066,6,16,0.375,38,63
v2_baseline_s25,v2,baseline,25,random_regular,100,4,238,11,1.6094379124291005,5,11,0.45454545454545453,54,63
v2_baseline_s25,v2,baseline,25,random_regular,100,4,239,21,2.639057329601259,14,21,0.6666666666666666,78,55
v2_baseline_s25,v2,baseline,25,random_regular,100,4,240,73,3.0164539990644936,28,73,0.3835616438356164,37,70
v2_baseline_s25,v2,baseline,25,random_regular,100,4,241,30,2.253857589591352,12,30,0.4,96,76
v2_baseline_s25,v2,baseline,25,random_regular,100,4,242,12,1.6094379124291005,5,12,0.4166666666666667,74,65
v2_baseline_s25,v2,baseline,25,random_regular,100,4,243,2,0.6931471805579453,2,2,1.0,84,63
v2_baseline_s25,v2,baseline,25,random_regular,100,4,244,8,1.791759469222055,6,8,0.75,2,76
v2_baseline_s25,v2,baseline,25,random_regular,100,4,245,103,3.498515667114017,37,103,0.3592233009708738,4,63
v2_baseline_s25,v2,baseline,25,random_regular,100,4,246,144,4.002801165850661,63,144,0.4375,3,76
v2_baseline_s25,v2,baseline,25,random_regular,100,4,247,123,3.7871964318487783,53,123,0.43089430894308944,61,65
v2_baseline_s25,v2,baseline,25,random_regular,100,4,248,46,2.7555497906471795,21,46,0.45652173913043476,53,76
v2_baseline_s25,v2,baseline,25,random_regular,100,4,249,14,1.0986122886651095,3,14,0.21428571428571427,93,55
v2_baseline_s25,v2,baseline,25,random_regular,100,4,250,43,2.5993019270857944,16,43,0.37209302325581395,92,70
v2_baseline_s25,v2,baseline,25,random_regular,100,4,251,13,1.3321790402061222,5,13,0.38461538461538464,11,63
v2_baseline_s25,v2,baseline,25,random_regular,100,4,252,10,2.079441541671836,8,10,0.8,27,63
v2_baseline_s25,v2,baseline,25,random_regular,100,4,253,34,2.8332133440392155,17,34,0.5,7,70
v2_baseline_s25,v2,baseline,25,random_regular,100,4,254,51,2.451583060508785,19,51,0.37254901960784315,6,76
v2_baseline_s25,v2,baseline,25,random_regular,100,4,255,8,1.0986122886651095,3,8,0.375,52,63
v2_baseline_s25,v2,baseline,25,random_regular,100,4,256,6,-1.000088900581841e-12,1,6,0.16666666666666666,34,65
v2_baseline_s25,v2,baseline,25,random_regular,100,4,257,151,3.986742255492439,71,151,0.47019867549668876,28,55
v2_baseline_s25,v2,baseline,25,random_regular,100,4,258,106,3.830895721041939,55,106,0.5188679245283019,66,63
v2_baseline_s25,v2,baseline,25,random_regular,100,4,259,3,-1.000088900581841e-12,1,3,0.3333333333333333,40,55
v2_baseline_s25,v2,baseline,25,random_regular,100,4,260,96,3.66448190441264,43,96,0.4479166666666667,88,76
v2_baseline_s25,v2,baseline,25,random_regular,100,4,261,63,2.889242505095635,24,63,0.38095238095238093,10,65
v2_baseline_s25,v2,baseline,25,random_regular,100,4,262,0,0.0,0,0,,65,65
v2_baseline_s25,v2,baseline,25,random_regular,100,4,263,57,3.120291565278284,24,57,0.42105263157894735,23,70
v2_baseline_s25,v2,baseline,25,random_regular,100,4,264,0,0.0,0,0,,76,76
v2_baseline_s25,v2,baseline,25,random_regular,100,4,265,36,2.341994252221425,14,36,0.3888888888888889,8,70
v2_baseline_s25,v2,baseline,25,random_regular,100,4,266,79,3.134162458562648,28,79,0.35443037974683544,0,65
v2_baseline_s25,v2,baseline,25,random_regular,100,4,267,0,0.0,0,0,,55,55
v2_baseline_s25,v2,baseline,25,random_regular,100,4,268,25,2.1639556568730565,10,25,0.4,50,55
v2_baseline_s25,v2,baseline,25,random_regular,100,4,269,148,4.042978216918453,70,148,0.47297297297297297,12,76
v2_baseline_s25,v2,baseline,25,random_regular,100,4,270,28,2.369382119683676,12,28,0.42857142857142855,21,55
v2_baseline_s25,v2,baseline,25,random_regular,100,4,271,223,4.075359119960519,87,223,0.3901345291479821,51,70
v2_baseline_s25,v2,baseline,25,random_regular,100,4,272,14,1.6094379124291005,5,14,0.35714285714285715,17,65
v2_baseline_s25,v2,baseline,25,random_regular,100,4,273,171,4.015699038278246,70,171,0.4093567251461988,50,70
v2_baseline_s25,v2,baseline,25,random_regular,100,4,274,78,3.176082814634593,29,78,0.3717948717948718,44,63
v2_baseline_s25,v2,baseline,25,random_regular,100,4,275,35,2.751666616915516,17,35,0.4857142857142857,11,70
v2_baseline_s25,v2,baseline,25,random_regular,100,4,276,69,3.0140772805493654,30,69,0.43478260869565216,5,70
v2_baseline_s25,v2,baseline,25,random_regular,100,4,277,14,1.6094379124291005,5,14,0.35714285714285715,71,70
v2_baseline_s25,v2,baseline,25,random_regular,100,4,278,75,3.1102365213637158,29,75,0.38666666666666666,19,55
v2_baseline_s25,v2,baseline,25,random_regular,100,4,279,41,2.772588722223781,16,41,0.3902439024390244,27,63
v2_baseline_s25,v2,baseline,25,random_regular,100,4,280,48,2.926417555478996,20,48,0.4166666666666667,12,76
v2_baseline_s25,v2,baseline,25,random_regular,100,4,281,19,2.079441541671836,8,19,0.42105263157894735,53,76
v2_baseline_s25,v2,baseline,25,random_regular,100,4,282,24,2.302585092984045,10,24,0.4166666666666667,39,70
v2_baseline_s25,v2,baseline,25,random_regular,100,4,283,62,2.7737179750043106,24,62,0.3870967741935484,28,70
v2_baseline_s25,v2,baseline,25,random_regular,100,4,284,58,2.831480240049973,24,58,0.41379310344827586,34,63
v2_baseline_s25,v2,baseline,25,random_regular,100,4,285,12,1.6094379124291005,5,12,0.4166666666666667,39,70
v2_baseline_s25,v2,baseline,25,random_regular,100,4,286,46,2.871476118036867,19,46,0.41304347826086957,84,76
v2_baseline_s25,v2,baseline,25,random_regular,100,4,287,1,-1.000088900581841e-12,1,1,1.0,56,65
v2_baseline_s25,v2,baseline,25,random_regular,100,4,288,3,-1.000088900581841e-12,1,3,0.3333333333333333,47,55
v2_baseline_s25,v2,baseline,25,random_regular,100,4,289,7,1.3321790402061222,5,7,0.7142857142857143,48,55
v2_baseline_s25,v2,baseline,25,random_regular,100,4,290,21,1.5607104090364066,6,21,0.2857142857142857,4,65
v2_baseline_s25,v2,baseline,25,random_regular,100,4,291,40,2.4260151319478083,16,40,0.4,89,63
v2_baseline_s25,v2,baseline,25,random_regular,100,4,292,28,2.484906649776,12,28,0.42857142857142855,62,76
v2_baseline_s25,v2,baseline,25,random_regular,100,4,293,10,1.3862943611158909,4,10,0.4,98,63
v2_baseline_s25,v2,baseline,25,random_regular,100,4,294,18,2.1639556568730565,10,18,0.5555555555555556,48,65
v2_baseline_s25,v2,baseline,25,random_regular,100,4,295,72,3.042475876188332,31,72,0.4305555555555556,60,65
v2_baseline_s25,v2,baseline,25,random_regular,100,4,296,38,2.2718685126865625,11,38,0.2894736842105263,21,76
v2_baseline_s25,v2,baseline,25,random_regular,100,4,297,17,1.9459101490483133,7,17,0.4117647058823529,93,63
v2_baseline_s25,v2,baseline,25,random_regular,100,4,298,151,3.566373412153062,59,151,0.39072847682119205,57,76
v2_baseline_s25,v2,baseline,25,random_regular,100,4,299,13,1.6094379124291005,5,13,0.38461538461538464,24,63
v2_baseline_s25,v2,baseline,25,random_regular,100,4,300,4,1.0986122886651095,3,4,0.75,87,70
v2_baseline_s25,v2,baseline,25,random_regular,100,4,301,5,1.0986122886651095,3,5,0.6,40,55
v2_baseline_s25,v2,baseline,25,random_regular,100,4,302,0,0.0,0,0,,55,55
v2_baseline_s25,v2,baseline,25,random_regular,100,4,303,67,2.5232109529398907,15,67,0.22388059701492538,84,70
v2_baseline_s25,v2,baseline,25,random_regular,100,4,304,1,-1.000088900581841e-12,1,1,1.0,19,76
v2_baseline_s25,v2,baseline,25,random_regular,100,4,305,49,2.894399544411038,23,49,0.46938775510204084,3,63
v2_baseline_s25,v2,baseline,25,random_regular,100,4,306,106,3.3638820192358474,40,106,0.37735849056603776,40,76
v2_baseline_s25,v2,baseline,25,random_regular,100,4,307,77,3.2924491076317413,32,77,0.4155844155844156,13,76
v2_baseline_s25,v2,baseline,25,random_regular,100,4,308,43,2.926417555478996,20,43,0.46511627906976744,19,63
v2_baseline_s25,v2,baseline,25,random_regular,100,4,309,101,3.2970367495686386,37,101,0.36633663366336633,37,65
v2_baseline_s25,v2,baseline,25,random_regular,100,4,310,7,1.5607104090364068,6,7,0.8571428571428571,42,55
v2_baseline_s25,v2,baseline,25,random_regular,100,4,311,14,1.791759469222055,6,14,0.42857142857142855,22,76
v2_baseline_s25,v2,baseline,25,random_regular,100,4,312,55,2.9957322735339904,20,55,0.36363636363636365,36,55
v2_baseline_s25,v2,baseline,25,random_regular,100,4,313,53,3.0280290732864104,22,53,0.41509433962264153,40,65
v2_baseline_s25,v2,baseline,25,random_regular,100,4,314,11,1.791759469222055,6,11,0.5454545454545454,20,65
v2_baseline_s25,v2,baseline,25,random_regular,100,4,315,51,2.838988933136699,22,51,0.43137254901960786,54,70
v2_baseline_s25,v2,baseline,25,random_regular,100,4,316,5,0.6931471805579453,2,5,0.4,8,63
v2_baseline_s25,v2,baseline,25,random_regular,100,4,317,45,2.8332133440392155,17,45,0.37777777777777777,0,70
v2_baseline_s25,v2,baseline,25,random_regular,100,4,318,33,2.685945324654788,16,33,0.48484848484848486,23,63
v2_baseline_s25,v2,baseline,25,random_regular,100,4,319,122,3.6979142157259046,48,122,0.39344262295081966,82,55
v2_baseline_s25,v2,baseline,25,random_regular,100,4,320,86,3.4544986414005443,33,86,0.38372093023255816,99,55
v2_baseline_s25,v2,baseline,25,random_regular,100,4,321,135,3.62038484108993,53,135,0.3925925925925926,16,63
v2_baseline_s25,v2,baseline,25,random_regular,100,4,322,0,0.0,0,0,,65,65
v2_baseline_s25,v2,baseline,25,random_regular,100,4,323,37,2.6701198897918164,17,37,0.4594594594594595,80,55
v2_baseline_s25,v2,baseline,25,random_regular,100,4,324,95,3.3638820192358474,40,95,0.42105263157894735,12,63
v2_baseline_s25,v2,baseline,25,random_regular,100,4,325,256,4.201533577126969,101,256,0.39453125,83,70
v2_baseline_s25,v2,baseline,25,random_regular,100,4,326,18,2.0431918705371204,9,18,0.5,2,70
v2_baseline_s25,v2,baseline,25,random_regular,100,4,327,216,4.26415967306846,79,216,0.36574074074074076,19,70
v2_baseline_s25,v2,baseline,25,random_regular,100,4,328,16,2.302585092984045,10,16,0.625,11,76
v2_baseline_s25,v2,baseline,25,random_regular,100,4,329,120,3.741294721497911,53,120,0.44166666666666665,79,55
v2_baseline_s25,v2,baseline,25,random_regular,100,4,330,173,3.744713470726565,60,173,0.3468208092485549,64,63
v2_baseline_s25,v2,baseline,25,random_regular,100,4,331,38,2.725550395815721,19,38,0.5,64,63
v2_baseline_s25,v2,baseline,25,random_regular,100,4,332,49,2.8903717578781647,18,49,0.3673469387755102,92,76
v2_baseline_s25,v2,baseline,25,random_regular,100,4,333,96,3.491660437469239,38,96,0.3958333333333333,64,63
v2_baseline_s25,v2,baseline,25,random_regular,100,4,334,0,0.0,0,0,,55,55
v2_baseline_s25,v2,baseline,25,random_regular,100,4,335,5,1.0986122886651095,3,5,0.6,41,65
v2_baseline_s25,v2,baseline,25,random_regular,100,4,336,0,0.0,0,0,,63,63
v2_baseline_s25,v2,baseline,25,random_regular,100,4,337,4,-1.000088900581841e-12,1,4,0.25,50,70
v2_baseline_s25,v2,baseline,25,random_regular,100,4,338,181,4.1531288152850765,82,181,0.4530386740331492,45,55
v2_baseline_s25,v2,baseline,25,random_regular,100,4,339,66,3.1418041591892294,27,66,0.4090909090909091,89,76
v2_baseline_s25,v2,baseline,25,random_regular,100,4,340,41,2.772588722223781,16,41,0.3902439024390244,46,63
v2_baseline_s25,v2,baseline,25,random_regular,100,4,341,66,3.379092505199735,32,66,0.48484848484848486,0,70
v2_baseline_s25,v2,baseline,25,random_regular,100,4,342,102,3.245722306105547,39,102,0.38235294117647056,43,63
v2_baseline_s25,v2,baseline,25,random_regular,100,4,343,5,0.6931471805579453,2,5,0.4,51,65
v2_baseline_s25,v2,baseline,25,random_regular,100,4,344,31,2.4583113296710835,13,31,0.41935483870967744,49,65
v2_baseline_s25,v2,baseline,25,random_regular,100,4,345,0,0.0,0,0,,70,70
v2_baseline_s25,v2,baseline,25,random_regular,100,4,346,149,3.978820032073776,60,149,0.40268456375838924,51,55
v2_baseline_s25,v2,baseline,25,random_regular,100,4,347,3,-1.000088900581841e-12,1,3,0.3333333333333333,56,65
v2_baseline_s25,v2,baseline,25,random_regular,100,4,348,0,0.0,0,0,,65,65
v2_baseline_s25,v2,baseline,25,random_regular,100,4,349,10,1.6094379124291005,5,10,0.5,98,76
v2_baseline_s25,v2,baseline,25,random_regular,100,4,350,0,0.0,0,0,,76,76
v2_baseline_s25,v2,baseline,25,random_regular,100,4,351,16,2.079441541671836,8,16,0.5,22,65
v2_baseline_s25,v2,baseline,25,random_regular,100,4,352,8,1.0986122886651095,3,8,0.375,95,65
v2_baseline_s25,v2,baseline,25,random_regular,100,4,353,23,2.4583113296710835,13,23,0.5652173913043478,23,55
v2_baseline_s25,v2,baseline,25,random_regular,100,4,354,66,3.4235808367852125,37,66,0.5606060606060606,48,76
v2_baseline_s25,v2,baseline,25,random_regular,100,4,355,25,2.079441541671836,8,25,0.32,0,70
v2_baseline_s25,v2,baseline,25,random_regular,100,4,356,1,-1.000088900581841e-12,1,1,1.0,67,70
v2_baseline_s25,v2,baseline,25,random_regular,100,4,357,130,3.920486929157628,61,130,0.46923076923076923,30,65
v2_baseline_s25,v2,baseline,25,random_regular,100,4,358,86,3.3909780549362365,36,86,0.4186046511627907,89,63
v2_baseline_s25,v2,baseline,25,random_regular,100,4,359,51,3.0149468801585937,23,51,0.45098039215686275,92,70
v2_baseline_s25,v2,baseline,25,random_regular,100,4,360,237,4.248477820217101,99,237,0.4177215189873418,39,63
v2_baseline_s25,v2,baseline,25,random_regular,100,4,361,30,2.61563057701355,15,30,0.5,96,65
v2_baseline_s25,v2,baseline,25,random_regular,100,4,362,177,4.025112207785235,76,177,0.4293785310734463,84,55
v2_baseline_s25,v2,baseline,25,random_regular,100,4,363,33,2.5649493574485365,13,33,0.3939393939393939,93,70
v2_baseline_s25,v2,baseline,25,random_regular,100,4,364,70,3.354987569595825,30,70,0.42857142857142855,18,76
v2_baseline_s25,v2,baseline,25,random_regular,100,4,365,15,1.6094379124291005,5,15,0.3333333333333333,59,76
v2_baseline_s25,v2,baseline,25,random_regular,100,4,366,31,2.61563057701355,15,31,0.4838709677419355,6,63
v2_baseline_s25,v2,baseline,25,random_regular,100,4,367,37,2.61563057701355,15,37,0.40540540540540543,49,55
v2_baseline_s25,v2,baseline,25,random_regular,100,4,368,101,3.2780891892374355,35,101,0.3465346534653465,49,70
v2_baseline_s25,v2,baseline,25,random_regular,100,4,369,87,3.422414203983732,32,87,0.367816091954023,9,76
v2_baseline_s25,v2,baseline,25,random_regular,100,4,370,55,2.9650156932365066,22,55,0.4,29,70
v2_baseline_s25,v2,baseline,25,random_regular,100,4,371,235,4.43179403397103,97,235,0.4127659574468085,80,65
v2_baseline_s25,v2,baseline,25,random_regular,100,4,372,30,2.6701198897918164,17,30,0.5666666666666667,12,55
v2_baseline_s25,v2,baseline,25,random_regular,100,4,373,189,3.978658520770077,86,189,0.455026455026455,34,55
v2_baseline_s25,v2,baseline,25,random_regular,100,4,374,65,3.0246955538362474,26,65,0.4,86,55
v2_baseline_s25,v2,baseline,25,random_regular,100,4,375,199,4.246939111318037,85,199,0.4271356783919598,86,76
v2_baseline_s25,v2,baseline,25,random_regular,100,4,376,15,2.2718685126865625,11,15,0.7333333333333333,45,70
v2_baseline_s25,v2,baseline,25,random_regular,100,4,377,58,2.912494403312053,21,58,0.3620689655172414,82,70
v2_baseline_s25,v2,baseline,25,random_regular,100,4,378,146,3.819075783309944,59,146,0.4041095890410959,29,70
v2_baseline_s25,v2,baseline,25,random_regular,100,4,379,330,4.435995768710231,134,330,0.40606060606060607,66,70
v2_baseline_s25,v2,baseline,25,random_regular,100,4,380,21,1.6094379124291005,5,21,0.23809523809523808,32,63
v2_baseline_s25,v2,baseline,25,random_regular,100,4,381,26,2.302585092984045,10,26,0.38461538461538464,51,76
v2_baseline_s25,v2,baseline,25,random_regular,100,4,382,18,1.7478680974607577,7,18,0.3888888888888889,7,63
v2_baseline_s25,v2,baseline,25,random_regular,100,4,383,80,3.311178591292005,37,80,0.4625,0,76
v2_baseline_s25,v2,baseline,25,random_regular,100,4,384,69,3.319492576126754,29,69,0.42028985507246375,17,55
v2_baseline_s25,v2,baseline,25,random_regular,100,4,385,56,2.736339051089065,18,56,0.32142857142857145,33,76
v2_baseline_s25,v2,baseline,25,random_regular,100,4,386,7,0.6931471805579453,2,7,0.2857142857142857,57,55
v2_baseline_s25,v2,baseline,25,random_regular,100,4,387,95,3.68343632429644,45,95,0.47368421052631576,58,55
v2_baseline_s25,v2,baseline,25,random_regular,100,4,388,107,3.4572307303613647,44,107,0.411214953271028,49,65
v2_baseline_s25,v2,baseline,25,random_regular,100,4,389,73,3.2491274088477446,32,73,0.4383561643835616,20,65
v2_baseline_s25,v2,baseline,25,random_regular,100,4,390,0,0.0,0,0,,70,70
v2_baseline_s25,v2,baseline,25,random_regular,100,4,391,6,1.3321790402061222,5,6,0.8333333333333334,98,63
v2_baseline_s25,v2,baseline,25,random_regular,100,4,392,101,3.4502855905397403,39,101,0.38613861386138615,1,70
v2_baseline_s25,v2,baseline,25,random_regular,100,4,393,84,3.120291565278284,24,84,0.2857142857142857,46,76
v2_baseline_s25,v2,baseline,25,random_regular,100,4,394,117,3.6834363242964407,45,117,0.38461538461538464,92,55
v2_baseline_s25,v2,baseline,25,random_regular,100,4,395,24,2.245035274116177,13,24,0.5416666666666666,97,70
v2_baseline_s25,v2,baseline,25,random_regular,100,4,396,48,2.736339051089065,18,48,0.375,15,63
v2_baseline_s25,v2,baseline,25,random_regular,100,4,397,0,0.0,0,0,,55,55
v2_baseline_s25,v2,baseline,25,random_regular,100,4,398,20,2.2718685126865625,11,20,0.55,36,70
v2_baseline_s25,v2,baseline,25,random_regular,100,4,399,37,2.3959081192819283,15,37,0.40540540540540543,78,55
v2_baseline_s25,v2,baseline,25,random_regular,100,4,400,96,3.4368689714688543,39,96,0.40625,88,70
v2_baseline_s25,v2,baseline,25,random_regular,100,4,401,61,2.725550395815721,19,61,0.3114754098360656,34,65
v2_baseline_s25,v2,baseline,25,random_regular,100,4,402,145,3.9600548708754566,59,145,0.4068965517241379,56,63
v2_baseline_s25,v2,baseline,25,random_regular,100,4,403,7,1.3862943611158909,4,7,0.5714285714285714,83,65
v2_baseline_s25,v2,baseline,25,random_regular,100,4,404,1,-1.000088900581841e-12,1,1,1.0,72,76
v2_baseline_s25,v2,baseline,25,random_regular,100,4,405,151,3.749721860595238,58,151,0.3841059602649007,38,70
v2_baseline_s25,v2,baseline,25,random_regular,100,4,406,4,-1.000088900581841e-12,1,4,0.25,77,76
v2_baseline_s25,v2,baseline,25,random_regular,100,4,407,4,-1.000088900581841e-12,1,4,0.25,43,55
v2_baseline_s25,v2,baseline,25,random_regular,100,4,408,25,2.197224577327219,9,25,0.36,49,70
v2_baseline_s25,v2,baseline,25,random_regular,100,4,409,6,0.6931471805579453,2,6,0.3333333333333333,81,65
v2_baseline_s25,v2,baseline,25,random_regular,100,4,410,44,2.813355404483615,18,44,0.4090909090909091,60,76
v2_baseline_s25,v2,baseline,25,random_regular,100,4,411,1,-1.000088900581841e-12,1,1,1.0,67,70
v2_baseline_s25,v2,baseline,25,random_regular,100,4,412,31,2.540036303807981,14,31,0.45161290322580644,77,70
v2_baseline_s25,v2,baseline,25,random_regular,100,4,413,17,2.0431918705371204,9,17,0.5294117647058824,17,70
v2_baseline_s25,v2,baseline,25,random_regular,100,4,414,0,0.0,0,0,,76,76
v2_baseline_s25,v2,baseline,25,random_regular,100,4,415,14,1.3296613488507585,6,14,0.42857142857142855,81,65
v2_baseline_s25,v2,baseline,25,random_regular,100,4,416,219,4.226891849423981,87,219,0.3972602739726027,47,76
v2_baseline_s25,v2,baseline,25,random_regular,100,4,417,37,2.253857589591352,12,37,0.32432432432432434,40,70
v2_baseline_s25,v2,baseline,25,random_regular,100,4,418,6,1.0986122886651095,3,6,0.5,66,70
v2_baseline_s25,v2,baseline,25,random_regular,100,4,419,159,3.645068235541447,62,159,0.389937106918239,36,65
v2_baseline_s25,v2,baseline,25,random_regular,100,4,420,28,2.302585092984045,10,28,0.35714285714285715,1,55
v2_baseline_s25,v2,baseline,25,random_regular,100,4,421,76,3.233183484354926,28,76,0.3684210526315789,1,70
v2_baseline_s25,v2,baseline,25,random_regular,100,4,422,9,1.0986122886651095,3,9,0.3333333333333333,51,63
v2_baseline_s25,v2,baseline,25,random_regular,100,4,423,58,2.751666616915516,17,58,0.29310344827586204,9,63
v2_baseline_s25,v2,baseline,25,random_regular,100,4,424,48,2.61563057701355,15,48,0.3125,7,55
v2_baseline_s25,v2,baseline,25,random_regular,100,4,425,23,2.197224577327219,9,23,0.391304347826087,23,55
v2_baseline_s25,v2,baseline,25,random_regular,100,4,426,119,3.8400191380268303,51,119,0.42857142857142855,97,76
v2_baseline_s25,v2,baseline,25,random_regular,100,4,427,19,1.9459101490483133,7,19,0.3684210526315789,29,76
v2_baseline_s25,v2,baseline,25,random_regular,100,4,428,31,2.5993019270857944,16,31,0.5161290322580645,54,63
v2_baseline_s25,v2,baseline,25,random_regular,100,4,429,8,1.0986122886651095,3,8,0.375,87,63
v2_baseline_s25,v2,baseline,25,random_regular,100,4,430,50,2.507026435544418,17,50,0.34,16,70
v2_baseline_s25,v2,baseline,25,random_regular,100,4,431,125,3.722573088095025,54,125,0.432,94,70
v2_baseline_s25,v2,baseline,25,random_regular,100,4,432,10,1.6094379124291005,5,10,0.5,86,65
v2_baseline_s25,v2,baseline,25,random_regular,100,4,433,57,2.8456384931152563,24,57,0.42105263157894735,46,76
v2_baseline_s25,v2,baseline,25,random_regular,100,4,434,4,0.6931471805579453,2,4,0.5,94,65
v2_baseline_s25,v2,baseline,25,random_regular,100,4,435,30,2.302585092984045,10,30,0.3333333333333333,58,76
v2_baseline_s25,v2,baseline,25,random_regular,100,4,436,362,4.365596634961332,134,362,0.3701657458563536,17,70
v2_baseline_s25,v2,baseline,25,random_regular,100,4,437,27,2.3978952727873706,11,27,0.4074074074074074,6,70
v2_baseline_s25,v2,baseline,25,random_regular,100,4,438,4,-1.000088900581841e-12,1,4,0.25,72,76
v2_baseline_s25,v2,baseline,25,random_regular,100,4,439,86,3.169394313516978,34,86,0.3953488372093023,18,76
v2_baseline_s25,v2,baseline,25,random_regular,100,4,440,211,4.130085472164505,76,211,0.36018957345971564,59,65
v2_baseline_s25,v2,baseline,25,random_regular,100,4,441,18,1.7328679513938632,8,18,0.4444444444444444,80,55
v2_baseline_s25,v2,baseline,25,random_regular,100,4,442,1,-1.000088900581841e-12,1,1,1.0,56,65
v2_baseline_s25,v2,baseline,25,random_regular,100,4,443,78,3.1836729714587872,28,78,0.358974358974359,99,76
v2_baseline_s25,v2,baseline,25,random_regular,100,4,444,54,2.6525875347051477,19,54,0.35185185185185186,51,65
v2_baseline_s25,v2,baseline,25,random_regular,100,4,445,83,3.5213776090567093,39,83,0.46987951807228917,38,63
v2_baseline_s25,v2,baseline,25,random_regular,100,4,446,59,2.62299627607079,20,59,0.3389830508474576,73,65
v2_baseline_s25,v2,baseline,25,random_regular,100,4,447,54,2.926417555478996,20,54,0.37037037037037035,82,70
v2_baseline_s25,v2,baseline,25,random_regular,100,4,448,3,1.0986122886651095,3,3,1.0,87,70
v2_baseline_s25,v2,baseline,25,random_regular,100,4,449,53,2.926417555478996,20,53,0.37735849056603776,45,63
v2_baseline_s25,v2,baseline,25,random_regular,100,4,450,2,-1.000088900581841e-12,1,2,0.5,32,63
v2_baseline_s25,v2,baseline,25,random_regular,100,4,451,8,1.3862943611158909,4,8,0.5,51,70
v2_baseline_s25,v2,baseline,25,random_regular,100,4,452,84,2.894399544411038,23,84,0.27380952380952384,31,76
v2_baseline_s25,v2,baseline,25,random_regular,100,4,453,92,3.3081015535048026,39,92,0.42391304347826086,35,76
v2_baseline_s25,v2,baseline,25,random_regular,100,4,454,40,2.670119889791816,17,40,0.425,7,63
v2_baseline_s25,v2,baseline,25,random_regular,100,4,455,5,1.3862943611158909,4,5,0.8,88,55
v2_baseline_s25,v2,baseline,25,random_regular,100,4,456,170,4.031355260634598,67,170,0.3941176470588235,44,65
v2_baseline_s25,v2,baseline,25,random_regular,100,4,457,39,2.61563057701355,15,39,0.38461538461538464,81,70
v2_baseline_s25,v2,baseline,25,random_regular,100,4,458,137,3.520191582874101,50,137,0.36496350364963503,69,63
v2_baseline_s25,v2,baseline,25,random_regular,100,4,459,100,3.4124897213676078,33,100,0.33,6,55
v2_baseline_s25,v2,baseline,25,random_regular,100,4,460,12,1.6094379124291005,5,12,0.4166666666666667,32,70
v2_baseline_s25,v2,baseline,25,random_regular,100,4,461,29,2.639057329601259,14,29,0.4827586206896552,20,70
v2_baseline_s25,v2,baseline,25,random_regular,100,4,462,36,2.5649493574485365,13,36,0.3611111111111111,81,55
v2_baseline_s25,v2,baseline,25,random_regular,100,4,463,0,0.0,0,0,,76,76
v2_baseline_s25,v2,baseline,25,random_regular,100,4,464,24,2.253857589591352,12,24,0.5,97,70
v2_baseline_s25,v2,baseline,25,random_regular,100,4,465,51,2.926417555478996,20,51,0.39215686274509803,17,55
v2_baseline_s25,v2,baseline,25,random_regular,100,4,466,0,0.0,0,0,,76,76
v2_baseline_s25,v2,baseline,25,random_regular,100,4,467,35,2.61563057701355,15,35,0.42857142857142855,23,76
v2_baseline_s25,v2,baseline,25,random_regular,100,4,468,52,2.685945324654788,16,52,0.3076923076923077,22,76
v2_baseline_s25,v2,baseline,25,random_regular,100,4,469,18,2.484906649776,12,18,0.6666666666666666,64,63
v2_baseline_s25,v2,baseline,25,random_regular,100,4,470,15,2.197224577327219,9,15,0.6,81,65
v2_baseline_s25,v2,baseline,25,random_regular,100,4,471,219,4.224853727646004,96,219,0.4383561643835616,37,55
v2_baseline_s25,v2,baseline,25,random_regular,100,4,472,66,3.4011973816321546,30,66,0.45454545454545453,17,63
v2_baseline_s25,v2,baseline,25,random_regular,100,4,473,50,3.052520501511814,25,50,0.5,85,63
v2_baseline_s25,v2,baseline,25,random_regular,100,4,474,0,0.0,0,0,,55,55
v2_baseline_s25,v2,baseline,25,random_regular,100,4,475,108,3.693848158632537,51,108,0.4722222222222222,36,65
v2_baseline_s25,v2,baseline,25,random_regular,100,4,476,84,3.367295829957475,29,84,0.34523809523809523,39,55
v2_baseline_s25,v2,baseline,25,random_regular,100,4,477,49,2.5532370029797145,18,49,0.3673469387755102,77,63
v2_baseline_s25,v2,baseline,25,random_regular,100,4,478,38,2.588573162668117,17,38,0.4473684210526316,20,76
v2_baseline_s25,v2,baseline,25,random_regular,100,4,479,0,0.0,0,0,,76,76
v2_baseline_s25,v2,baseline,25,random_regular,100,4,480,144,4.023174011760597,70,144,0.4861111111111111,49,76
v2_baseline_s25,v2,baseline,25,random_regular,100,4,481,2,-1.000088900581841e-12,1,2,0.5,40,55
v2_baseline_s25,v2,baseline,25,random_regular,100,4,482,53,2.846480386116867,21,53,0.39622641509433965,83,55
v2_baseline_s25,v2,baseline,25,random_regular,100,4,483,57,3.204777524107256,26,57,0.45614035087719296,94,63
v2_baseline_s25,v2,baseline,25,random_regular,100,4,484,7,1.0986122886651095,3,7,0.42857142857142855,28,76
v2_baseline_s25,v2,baseline,25,random_regular,100,4,485,12,1.6094379124291005,5,12,0.4166666666666667,88,65
v2_baseline_s25,v2,baseline,25,random_regular,100,4,486,15,2.079441541671836,8,15,0.5333333333333333,21,76
v2_baseline_s25,v2,baseline,25,random_regular,100,4,487,109,3.3726008423914835,46,109,0.42201834862385323,17,65
v2_baseline_s25,v2,baseline,25,random_regular,100,4,488,31,2.639057329601259,14,31,0.45161290322580644,30,70
v2_baseline_s25,v2,baseline,25,random_regular,100,4,489,17,1.9061547465328492,8,17,0.47058823529411764,90,70
v2_baseline_s25,v2,baseline,25,random_regular,100,4,490,5,-1.000088900581841e-12,1,5,0.2,86,65
v2_baseline_s25,v2,baseline,25,random_regular,100,4,491,487,4.783230621224638,204,487,0.4188911704312115,1,55
v2_baseline_s25,v2,baseline,25,random_regular,100,4,492,6,1.3862943611158909,4,6,0.6666666666666666,23,63
v2_baseline_s25,v2,baseline,25,random_regular,100,4,493,51,2.912494403312053,21,51,0.4117647058823529,30,63
v2_baseline_s25,v2,baseline,25,random_regular,100,4,494,127,3.614768017071193,57,127,0.44881889763779526,1,55
v2_baseline_s25,v2,baseline,25,random_regular,100,4,495,137,3.47393422676085,47,137,0.34306569343065696,39,76
v2_baseline_s25,v2,baseline,25,random_regular,100,4,496,65,3.065964511960632,28,65,0.4307692307692308,47,76
v2_baseline_s25,v2,baseline,25,random_regular,100,4,497,110,3.647820392824761,46,110,0.41818181818181815,13,76
v2_baseline_s25,v2,baseline,25,random_regular,100,4,498,90,3.328471881301736,33,90,0.36666666666666664,5,70
v2_baseline_s25,v2,baseline,25,random_regular,100,4,499,0,0.0,0,0,,65,65
v2_baseline_s25,v2,baseline,25,random_regular,100,4,500,69,3.092193481923559,29,69,0.42028985507246375,78,65
v2_baseline_s25,v2,baseline,25,random_regular,100,4,501,3,0.6931471805579453,2,3,0.6666666666666666,94,65
v2_baseline_s25,v2,baseline,25,random_regular,100,4,502,55,3.0752205480323718,23,55,0.41818181818181815,34,55
v2_baseline_s25,v2,baseline,25,random_regular,100,4,503,3,-1.000088900581841e-12,1,3,0.3333333333333333,77,76
v2_baseline_s25,v2,baseline,25,random_regular,100,4,504,232,4.020466343304999,79,232,0.34051724137931033,77,70
v2_baseline_s25,v2,baseline,25,random_regular,100,4,505,8,1.6094379124291005,5,8,0.625,59,63
v2_baseline_s25,v2,baseline,25,random_regular,100,4,506,105,3.50960550402267,49,105,0.4666666666666667,78,76
v2_baseline_s25,v2,baseline,25,random_regular,100,4,507,56,3.0910424533363146,22,56,0.39285714285714285,47,70
v2_baseline_s25,v2,baseline,25,random_regular,100,4,508,47,2.7985132569262934,19,47,0.40425531914893614,58,55
v2_baseline_s25,v2,baseline,25,random_regular,100,4,509,74,3.2491274088477446,32,74,0.43243243243243246,71,70
v2_baseline_s25,v2,baseline,25,random_regular,100,4,510,7,1.3862943611158909,4,7,0.5714285714285714,9,63
v2_baseline_s25,v2,baseline,25,random_regular,100,4,511,7,1.3862943611158909,4,7,0.5714285714285714,69,70
v2_baseline_s25,v2,baseline,25,random_regular,100,4,512,63,2.8716496251169272,23,63,0.36507936507936506,14,76
v2_baseline_s25,v2,baseline,25,random_regular,100,4,513,0,0.0,0,0,,76,76
v2_baseline_s25,v2,baseline,25,random_regular,100,4,514,9,1.3862943611158909,4,9,0.4444444444444444,29,63
v2_baseline_s25,v2,baseline,25,random_regular,100,4,515,104,3.6436782287373086,47,104,0.4519230769230769,89,55
v2_baseline_s25,v2,baseline,25,random_regular,100,4,516,0,0.0,0,0,,55,55
v2_baseline_s25,v2,baseline,25,random_regular,100,4,517,2,-1.000088900581841e-12,1,2,0.5,47,55
v2_baseline_s25,v2,baseline,25,random_regular,100,4,518,11,1.3862943611158909,4,11,0.36363636363636365,54,63
v2_baseline_s25,v2,baseline,25,random_regular,100,4,519,1,-1.000088900581841e-12,1,1,1.0,91,76
v2_baseline_s25,v2,baseline,25,random_regular,100,4,520,55,2.871476118036867,19,55,0.34545454545454546,80,70
v2_baseline_s25,v2,baseline,25,random_regular,100,4,521,7,1.791759469222055,6,7,0.8571428571428571,89,55
v2_baseline_s25,v2,baseline,25,random_regular,100,4,522,33,2.1383972463387244,13,33,0.3939393939393939,5,76
v2_baseline_s25,v2,baseline,25,random_regular,100,4,523,55,3.0149468801585937,23,55,0.41818181818181815,71,65
v2_baseline_s25,v2,baseline,25,random_regular,100,4,524,116,3.761660727552022,47,116,0.4051724137931034,61,63
v2_baseline_s25,v2,baseline,25,random_regular,100,4,525,49,2.991501468554349,26,49,0.5306122448979592,89,70
v2_baseline_s25,v2,baseline,25,random_regular,100,4,526,45,2.813355404483615,18,45,0.4,64,65
v2_baseline_s25,v2,baseline,25,random_regular,100,4,527,75,2.838988933136699,22,75,0.29333333333333333,71,63
v2_baseline_s25,v2,baseline,25,random_regular,100,4,528,33,2.540036303807981,14,33,0.42424242424242425,73,65
v2_baseline_s25,v2,baseline,25,random_regular,100,4,529,107,3.544511778726858,41,107,0.38317757009345793,59,65
v2_baseline_s25,v2,baseline,25,random_regular,100,4,530,20,2.197224577327219,9,20,0.45,3,55
v2_baseline_s25,v2,baseline,25,random_regular,100,4,531,69,2.894399544411038,23,69,0.3333333333333333,78,70
v2_baseline_s25,v2,baseline,25,random_regular,100,4,532,119,3.7632141415152582,59,119,0.4957983193277311,7,63
v2_baseline_s25,v2,baseline,25,random_regular,100,4,533,185,4.226545602614132,84,185,0.4540540540540541,50,65
v2_baseline_s25,v2,baseline,25,random_regular,100,4,534,34,2.685945324654788,16,34,0.47058823529411764,26,55
v2_baseline_s25,v2,baseline,25,random_regular,100,4,535,19,1.791759469222055,6,19,0.3157894736842105,72,76
v2_baseline_s25,v2,baseline,25,random_regular,100,4,536,105,3.507520601924139,51,105,0.4857142857142857,74,70
v2_baseline_s25,v2,baseline,25,random_regular,100,4,537,14,1.9459101490483133,7,14,0.5,54,63
v2_baseline_s25,v2,baseline,25,random_regular,100,4,538,130,3.7482452058925424,54,130,0.4153846153846154,91,55
v2_baseline_s25,v2,baseline,25,random_regular,100,4,539,8,1.3862943611158909,4,8,0.5,73,70
v2_baseline_s25,v2,baseline,25,random_regular,100,4,540,67,3.163424050399405,25,67,0.373134328358209,51,55
v2_baseline_s25,v2,baseline,25,random_regular,100,4,541,43,2.4583113296710835,13,43,0.3023255813953488,26,70
v2_baseline_s25,v2,baseline,25,random_regular,100,4,542,17,1.3862943611158909,4,17,0.23529411764705882,4,63
v2_baseline_s25,v2,baseline,25,random_regular,100,4,543,58,2.926417555478996,20,58,0.3448275862068966,79,70
v2_baseline_s25,v2,baseline,25,random_regular,100,4,544,83,3.128620949954629,34,83,0.40963855421686746,31,70
v2_baseline_s25,v2,baseline,25,random_regular,100,4,545,2,-1.000088900581841e-12,1,2,0.5,10,70
v2_baseline_s25,v2,baseline,25,random_regular,100,4,546,37,2.639057329601259,14,37,0.3783783783783784,68,63
v2_baseline_s25,v2,baseline,25,random_regular,100,4,547,55,3.233183484354926,28,55,0.509090909090909,25,55
v2_baseline_s25,v2,baseline,25,random_regular,100,4,548,184,4.058713166066265,75,184,0.4076086956521739,35,76
v2_baseline_s25,v2,baseline,25,random_regular,100,4,549,133,3.817946183811361,52,133,0.39097744360902253,7,63
v2_baseline_s25,v2,baseline,25,random_regular,100,4,550,33,2.8332133440392155,17,33,0.5151515151515151,37,55
v2_baseline_s25,v2,baseline,25,random_regular,100,4,551,15,1.5607104090364068,6,15,0.4,30,55
v2_baseline_s25,v2,baseline,25,random_regular,100,4,552,22,1.9459101490483133,7,22,0.3181818181818182,17,76
v2_baseline_s25,v2,baseline,25,random_regular,100,4,553,14,1.0986122886651095,3,14,0.21428571428571427,17,65
v2_baseline_s25,v2,baseline,25,random_regular,100,4,554,114,3.4281482517302835,42,114,0.3684210526315789,47,63
v2_baseline_s25,v2,baseline,25,random_regular,100,4,555,38,2.441015278014703,14,38,0.3684210526315789,71,65
v2_baseline_s25,v2,baseline,25,random_regular,100,4,556,19,2.197224577327219,9,19,0.47368421052631576,36,55
v2_baseline_s25,v2,baseline,25,random_regular,100,4,557,11,1.791759469222055,6,11,0.5454545454545454,28,65
v2_baseline_s25,v2,baseline,25,random_regular,100,4,558,7,1.3862943611158909,4,7,0.5714285714285714,56,65
v2_baseline_s25,v2,baseline,25,random_regular,100,4,559,9,1.3862943611158909,4,9,0.4444444444444444,31,70
v2_baseline_s25,v2,baseline,25,random_regular,100,4,560,65,3.0047670351869598,24,65,0.36923076923076925,51,63
v2_baseline_s25,v2,baseline,25,random_regular,100,4,561,35,2.3419942522214248,14,35,0.4,57,65
v2_baseline_s25,v2,baseline,25,random_regular,100,4,562,95,3.544511778726858,41,95,0.43157894736842106,69,76
v2_baseline_s25,v2,baseline,25,random_regular,100,4,563,27,2.302585092984045,10,27,0.37037037037037035,34,70
v2_baseline_s25,v2,baseline,25,random_regular,100,4,564,12,1.9459101490483133,7,12,0.5833333333333334,5,65
v2_baseline_s25,v2,baseline,25,random_regular,100,4,565,75,3.2454274926808697,37,75,0.49333333333333335,36,76
v2_baseline_s25,v2,baseline,25,random_regular,100,4,566,10,1.3862943611158909,4,10,0.4,37,63
v2_baseline_s25,v2,baseline,25,random_regular,100,4,567,50,2.712962173036891,22,50,0.44,27,70
v2_baseline_s25,v2,baseline,25,random_regular,100,4,568,31,2.2718685126865625,11,31,0.3548387096774194,51,55
v2_baseline_s25,v2,baseline,25,random_regular,100,4,569,0,0.0,0,0,,65,65
v2_baseline_s25,v2,baseline,25,random_regular,100,4,570,36,2.079441541671836,8,36,0.2222222222222222,0,65
v2_baseline_s25,v2,baseline,25,random_regular,100,4,571,183,4.222440219070403,79,183,0.43169398907103823,40,70
v2_baseline_s25,v2,baseline,25,random_regular,100,4,572,0,0.0,0,0,,55,55
v2_baseline_s25,v2,baseline,25,random_regular,100,4,573,11,1.5607104090364068,6,11,0.5454545454545454,23,55
v2_baseline_s25,v2,baseline,25,random_regular,100,4,574,65,3.065964511960632,28,65,0.4307692307692308,95,63
v2_baseline_s25,v2,baseline,25,random_regular,100,4,575,27,2.639057329601259,14,27,0.5185185185185185,92,63
v2_baseline_s25,v2,baseline,25,random_regular,100,4,576,26,2.4410152780147034,14,26,0.5384615384615384,56,55
v2_baseline_s25,v2,baseline,25,random_regular,100,4,577,3,-1.000088900581841e-12,1,3,0.3333333333333333,77,76
v2_baseline_s25,v2,baseline,25,random_regular,100,4,578,3,0.6931471805579453,2,3,0.6666666666666666,29,63
v2_baseline_s25,v2,baseline,25,random_regular,100,4,579,4,0.6931471805579453,2,4,0.5,60,63
v2_baseline_s25,v2,baseline,25,random_regular,100,4,580,12,1.3862943611158909,4,12,0.3333333333333333,36,63
v2_baseline_s25,v2,baseline,25,random_regular,100,4,581,5,1.0986122886651095,3,5,0.6,43,55
v2_baseline_s25,v2,baseline,25,random_regular,100,4,582,114,3.362158709215976,43,114,0.37719298245614036,89,63
v2_baseline_s25,v2,baseline,25,random_regular,100,4,583,47,2.588573162668117,17,47,0.3617021276595745,64,55
v2_baseline_s25,v2,baseline,25,random_regular,100,4,584,16,1.6094379124291005,5,16,0.3125,25,55
v2_baseline_s25,v2,baseline,25,random_regular,100,4,585,33,2.871476118036867,19,33,0.5757575757575758,29,65
v2_baseline_s25,v2,baseline,25,random_regular,100,4,586,6,1.3862943611158909,4,6,0.6666666666666666,87,65
v2_baseline_s25,v2,baseline,25,random_regular,100,4,587,2,-1.000088900581841e-12,1,2,0.5,86,65
v2_baseline_s25,v2,baseline,25,random_regular,100,4,588,50,2.9444389791474395,19,50,0.38,18,76
v2_baseline_s25,v2,baseline,25,random_regular,100,4,589,261,4.042796040250735,94,261,0.36015325670498083,79,70
v2_baseline_s25,v2,baseline,25,random_regular,100,4,590,2,0.6931471805579453,2,2,1.0,84,76
v2_baseline_s25,v2,baseline,25,random_regular,100,4,591,239,4.2246270518334015,108,239,0.45188284518828453,13,76
v2_baseline_s25,v2,baseline,25,random_regular,100,4,592,29,2.302585092984045,10,29,0.3448275862068966,81,65
v2_baseline_s25,v2,baseline,25,random_regular,100,4,593,87,3.51118716646295,43,87,0.4942528735632184,19,76
v2_baseline_s25,v2,baseline,25,random_regular,100,4,594,26,2.2718685126865625,11,26,0.4230769230769231,81,65
v2_baseline_s25,v2,baseline,25,random_regular,100,4,595,29,2.7080502010872096,15,29,0.5172413793103449,28,76
v2_baseline_s25,v2,baseline,25,random_regular,100,4,596,15,1.791759469222055,6,15,0.4,94,65
v2_baseline_s25,v2,baseline,25,random_regular,100,4,597,0,0.0,0,0,,55,55
v2_baseline_s25,v2,baseline,25,random_regular,100,4,598,62,3.120291565278284,24,62,0.3870967741935484,21,55
v2_baseline_s25,v2,baseline,25,random_regular,100,4,599,3,-1.000088900581841e-12,1,3,0.3333333333333333,96,55
v2_baseline_s25,v2,baseline,25,random_regular,100,4,600,53,2.857102837424001,20,53,0.37735849056603776,0,76
v2_baseline_s25,v2,baseline,25,random_regular,100,4,601,21,2.484906649776,12,21,0.5714285714285714,80,55
v2_baseline_s25,v2,baseline,25,random_regular,100,4,602,16,1.791759469222055,6,16,0.375,52,76
v2_baseline_s25,v2,baseline,25,random_regular,100,4,603,16,1.3862943611158909,4,16,0.25,28,55
v2_baseline_s25,v2,baseline,25,random_regular,100,4,604,0,0.0,0,0,,70,70
v2_baseline_s25,v2,baseline,25,random_regular,100,4,605,37,2.7080502010872096,15,37,0.40540540540540543,4,76
v2_baseline_s25,v2,baseline,25,random_regular,100,4,606,15,1.3862943611158909,4,15,0.26666666666666666,18,65
v2_baseline_s25,v2,baseline,25,random_regular,100,4,607,0,0.0,0,0,,65,65
v2_baseline_s25,v2,baseline,25,random_regular,100,4,608,109,3.514562790693561,47,109,0.43119266055045874,95,63
v2_baseline_s25,v2,baseline,25,random_regular,100,4,609,0,0.0,0,0,,76,76
v2_baseline_s25,v2,baseline,25,random_regular,100,4,610,111,3.7911563522557006,47,111,0.42342342342342343,42,70
v2_baseline_s25,v2,baseline,25,random_regular,100,4,611,0,0.0,0,0,,76,76
v2_baseline_s25,v2,baseline,25,random_regular,100,4,612,34,2.7985132569262934,19,34,0.5588235294117647,24,63
v2_baseline_s25,v2,baseline,25,random_regular,100,4,613,0,0.0,0,0,,55,55
v2_baseline_s25,v2,baseline,25,random_regular,100,4,614,87,3.4124897213676078,33,87,0.3793103448275862,75,55
v2_baseline_s25,v2,baseline,25,random_regular,100,4,615,19,1.9459101490483133,7,19,0.3684210526315789,45,65
v2_baseline_s25,v2,baseline,25,random_regular,100,4,616,79,3.4040404338981127,34,79,0.43037974683544306,17,65
v2_baseline_s25,v2,baseline,25,random_regular,100,4,617,9,0.6931471805579453,2,9,0.2222222222222222,98,63
v2_baseline_s25,v2,baseline,25,random_regular,100,4,618,51,2.9957322735339904,20,51,0.39215686274509803,41,65
v2_baseline_s25,v2,baseline,25,random_regular,100,4,619,105,3.8352368547526106,49,105,0.4666666666666667,59,76
v2_baseline_s25,v2,baseline,25,random_regular,100,4,620,1,-1.000088900581841e-12,1,1,1.0,47,55
v2_baseline_s25,v2,baseline,25,random_regular,100,4,621,29,2.245035274116177,13,29,0.4482758620689655,3,63
v2_baseline_s25,v2,baseline,25,random_regular,100,4,622,30,1.7478680974607577,7,30,0.23333333333333334,43,55
v2_baseline_s25,v2,baseline,25,random_regular,100,4,623,10,1.3321790402061222,5,10,0.5,48,65
v2_baseline_s25,v2,baseline,25,random_regular,100,4,624,110,3.7786534114435946,49,110,0.44545454545454544,58,65
v2_baseline_s25,v2,baseline,25,random_regular,100,4,625,30,2.484906649776,12,30,0.4,54,70
v2_baseline_s25,v2,baseline,25,random_regular,100,4,626,10,1.791759469222055,6,10,0.6,10,76
v2_baseline_s25,v2,baseline,25,random_regular,100,4,627,16,1.791759469222055,6,16,0.375,98,65
v2_baseline_s25,v2,baseline,25,random_regular,100,4,628,49,2.878218306651851,22,49,0.4489795918367347,74,55
v2_baseline_s25,v2,baseline,25,random_regular,100,4,629,0,0.0,0,0,,70,70
v2_baseline_s25,v2,baseline,25,random_regular,100,4,630,21,2.079441541671836,8,21,0.38095238095238093,73,65
v2_baseline_s25,v2,baseline,25,random_regular,100,4,631,18,2.197224577327219,9,18,0.5,85,70
v2_baseline_s25,v2,baseline,25,random_regular,100,4,632,0,0.0,0,0,,76,76
v2_baseline_s25,v2,baseline,25,random_regular,100,4,633,14,1.3862943611158909,4,14,0.2857142857142857,43,63
v2_baseline_s25,v2,baseline,25,random_regular,100,4,634,197,3.868605750560736,70,197,0.3553299492385787,2,55
v2_baseline_s25,v2,baseline,25,random_regular,100,4,635,0,0.0,0,0,,65,65
v2_baseline_s25,v2,baseline,25,random_regular,100,4,636,98,3.446277940884956,40,98,0.40816326530612246,52,55
v2_baseline_s25,v2,baseline,25,random_regular,100,4,637,41,2.6593226976945163,18,41,0.43902439024390244,81,63
v2_baseline_s25,v2,baseline,25,random_regular,100,4,638,52,2.8113759572431496,23,52,0.4423076923076923,59,63
v2_baseline_s25,v2,baseline,25,random_regular,100,4,639,5,0.6931471805579453,2,5,0.4,87,70
v2_baseline_s25,v2,baseline,25,random_regular,100,4,640,23,2.197224577327219,9,23,0.391304347826087,89,70
v2_baseline_s25,v2,baseline,25,random_regular,100,4,641,151,3.8314697935717112,60,151,0.3973509933774834,31,63
v2_baseline_s25,v2,baseline,25,random_regular,100,4,642,29,2.639057329601259,14,29,0.4827586206896552,92,76
v2_baseline_s25,v2,baseline,25,random_regular,100,4,643,111,3.7220699681345786,49,111,0.44144144144144143,30,63
v2_baseline_s25,v2,baseline,25,random_regular,100,4,644,2,-1.000088900581841e-12,1,2,0.5,40,55
v2_baseline_s25,v2,baseline,25,random_regular,100,4,645,110,3.5025114553448367,40,110,0.36363636363636365,50,70
v2_baseline_s25,v2,baseline,25,random_regular,100,4,646,16,2.3978952727873706,11,16,0.6875,26,76
v2_baseline_s25,v2,baseline,25,random_regular,100,4,647,0,0.0,0,0,,55,55
v2_baseline_s25,v2,baseline,25,random_regular,100,4,648,29,2.253857589591352,12,29,0.41379310344827586,21,65
v2_baseline_s25,v2,baseline,25,random_regular,100,4,649,24,2.484906649776,12,24,0.5,3,76
v2_baseline_s25,v2,baseline,25,random_regular,100,4,650,52,3.0149468801585937,23,52,0.4423076923076923,45,76
v2_baseline_s25,v2,baseline,25,random_regular,100,4,651,8,1.3862943611158909,4,8,0.5,38,65
v2_baseline_s25,v2,baseline,25,random_regular,100,4,652,48,2.3516733018936304,13,48,0.2708333333333333,36,76
v2_baseline_s25,v2,baseline,25,random_regular,100,4,653,113,3.4124897213676078,33,113,0.2920353982300885,14,55
v2_baseline_s25,v2,baseline,25,random_regular,100,4,654,64,3.2625679455231658,30,64,0.46875,74,65
v2_baseline_s25,v2,baseline,25,random_regular,100,4,655,58,3.044522437702424,21,58,0.3620689655172414,10,65
v2_baseline_s25,v2,baseline,25,random_regular,100,4,656,3,0.6931471805579453,2,3,0.6666666666666666,18,55
v2_baseline_s25,v2,baseline,25,random_regular,100,4,657,9,0.6931471805579453,2,9,0.2222222222222222,2,76
v2_baseline_s25,v2,baseline,25,random_regular,100,4,658,5,1.039720770836918,4,5,0.8,68,55
v2_baseline_s25,v2,baseline,25,random_regular,100,4,659,127,3.7456676820497594,50,127,0.3937007874015748,52,76
v2_baseline_s25,v2,baseline,25,random_regular,100,4,660,104,3.5949336395942626,46,104,0.4423076923076923,79,70
v2_baseline_s25,v2,baseline,25,random_regular,100,4,661,103,3.5735540401009183,47,103,0.4563106796116505,91,63
v2_baseline_s25,v2,baseline,25,random_regular,100,4,662,151,3.995894833120391,70,151,0.46357615894039733,10,55
v2_baseline_s25,v2,baseline,25,random_regular,100,4,663,5,1.0986122886651095,3,5,0.6,24,65
v2_baseline_s25,v2,baseline,25,random_regular,100,4,664,18,1.9459101490483133,7,18,0.3888888888888889,13,70
v2_baseline_s25,v2,baseline,25,random_regular,100,4,665,57,2.751666616915516,17,57,0.2982456140350877,18,65
v2_baseline_s25,v2,baseline,25,random_regular,100,4,666,2,0.6931471805579453,2,2,1.0,22,76
v2_baseline_s25,v2,baseline,25,random_regular,100,4,667,14,1.9459101490483133,7,14,0.5,37,70
v2_baseline_s25,v2,baseline,25,random_regular,100,4,668,110,3.472414980727339,39,110,0.35454545454545455,89,65
v2_baseline_s25,v2,baseline,25,random_regular,100,4,669,19,2.197224577327219,9,19,0.47368421052631576,91,76
v2_baseline_s25,v2,baseline,25,random_regular,100,4,670,110,3.567761227168578,45,110,0.4090909090909091,84,76
v2_baseline_s25,v2,baseline,25,random_regular,100,4,671,167,3.849090396387436,71,167,0.4251497005988024,34,63
v2_baseline_s25,v2,baseline,25,random_regular,100,4,672,19,2.079441541671836,8,19,0.42105263157894735,39,55
v2_baseline_s25,v2,baseline,25,random_regular,100,4,673,40,2.7080502010872096,15,40,0.375,0,70
v2_baseline_s25,v2,baseline,25,random_regular,100,4,674,24,2.079441541671836,8,24,0.3333333333333333,87,65
v2_baseline_s25,v2,baseline,25,random_regular,100,4,675,0,0.0,0,0,,63,63
v2_baseline_s25,v2,baseline,25,random_regular,100,4,676,11,1.6094379124291005,5,11,0.45454545454545453,54,55
v2_baseline_s25,v2,baseline,25,random_regular,100,4,677,83,3.302747652589445,35,83,0.42168674698795183,33,63
v2_baseline_s25,v2,baseline,25,random_regular,100,4,678,100,3.184783964804171,34,100,0.34,1,55
v2_baseline_s25,v2,baseline,25,random_regular,100,4,679,101,3.476887663552278,41,101,0.40594059405940597,54,76
v2_baseline_s25,v2,baseline,25,random_regular,100,4,680,24,2.197224577327219,9,24,0.375,10,70
v2_baseline_s25,v2,baseline,25,random_regular,100,4,681,27,2.302585092984045,10,27,0.37037037037037035,82,70
v2_baseline_s25,v2,baseline,25,random_regular,100,4,682,81,3.204777524107256,26,81,0.32098765432098764,57,70
v2_baseline_s25,v2,baseline,25,random_regular,100,4,683,27,2.3978952727873706,11,27,0.4074074074074074,16,63
v2_baseline_s25,v2,baseline,25,random_regular,100,4,684,0,0.0,0,0,,76,76
v2_baseline_s25,v2,baseline,25,random_regular,100,4,685,41,2.6701198897918164,17,41,0.4146341463414634,87,55
v2_baseline_s25,v2,baseline,25,random_regular,100,4,686,192,4.260725878002892,80,192,0.4166666666666667,31,63
v2_baseline_s25,v2,baseline,25,random_regular,100,4,687,9,0.6931471805579453,2,9,0.2222222222222222,57,65
v2_baseline_s25,v2,baseline,25,random_regular,100,4,688,21,2.3978952727873706,11,21,0.5238095238095238,62,70
v2_baseline_s25,v2,baseline,25,random_regular,100,4,689,23,2.0431918705371204,9,23,0.391304347826087,28,55
v2_baseline_s25,v2,baseline,25,random_regular,100,4,690,45,2.857102837424001,20,45,0.4444444444444444,46,65
v2_baseline_s25,v2,baseline,25,random_regular,100,4,691,29,1.8891591637470213,9,29,0.3103448275862069,15,63
v2_baseline_s25,v2,baseline,25,random_regular,100,4,692,211,4.109657096451475,74,211,0.35071090047393366,44,55
v2_baseline_s25,v2,baseline,25,random_regular,100,4,693,9,1.6094379124291005,5,9,0.5555555555555556,79,55
v2_baseline_s25,v2,baseline,25,random_regular,100,4,694,29,2.5993019270857944,16,29,0.5517241379310345,48,65
v2_baseline_s25,v2,baseline,25,random_regular,100,4,695,26,2.197224577327219,9,26,0.34615384615384615,27,55
v2_baseline_s25,v2,baseline,25,random_regular,100,4,696,8,1.3862943611158909,4,8,0.5,30,70
v2_baseline_s25,v2,baseline,25,random_regular,100,4,697,65,3.052520501511814,25,65,0.38461538461538464,68,63
v2_baseline_s25,v2,baseline,25,random_regular,100,4,698,54,2.751666616915516,17,54,0.3148148148148148,41,76
v2_baseline_s25,v2,baseline,25,random_regular,100,4,699,2,0.6931471805579453,2,2,1.0,62,65
v2_baseline_s25,v2,baseline,25,random_regular,100,4,700,18,2.079441541671836,8,18,0.4444444444444444,25,63
v2_baseline_s25,v2,baseline,25,random_regular,100,4,701,33,2.245035274116177,13,33,0.3939393939393939,41,63
v2_baseline_s25,v2,baseline,25,random_regular,100,4,702,65,2.926417555478996,20,65,0.3076923076923077,72,63
v2_baseline_s25,v2,baseline,25,random_regular,100,4,703,8,1.6094379124291005,5,8,0.625,72,63
v2_baseline_s25,v2,baseline,25,random_regular,100,4,704,23,2.0431918705371204,9,23,0.391304347826087,5,76
v2_baseline_s25,v2,baseline,25,random_regular,100,4,705,82,2.998804518835584,38,82,0.4634146341463415,98,70
v2_baseline_s25,v2,baseline,25,random_regular,100,4,706,2,-1.000088900581841e-12,1,2,0.5,40,55
v2_baseline_s25,v2,baseline,25,random_regular,100,4,707,81,2.8351341733298003,29,81,0.35802469135802467,61,55
v2_baseline_s25,v2,baseline,25,random_regular,100,4,708,136,3.953061242841199,65,136,0.47794117647058826,69,63
v2_baseline_s25,v2,baseline,25,random_regular,100,4,709,50,2.846480386116867,21,50,0.42,78,55
v2_baseline_s25,v2,baseline,25,random_regular,100,4,710,64,3.1418041591892294,27,64,0.421875,4,70
v2_baseline_s25,v2,baseline,25,random_regular,100,4,711,203,4.07553156044307,85,203,0.4187192118226601,53,55
v2_baseline_s25,v2,baseline,25,random_regular,100,4,712,64,3.335770806415738,32,64,0.5,29,63
v2_baseline_s25,v2,baseline,25,random_regular,100,4,713,38,2.578596773382729,22,38,0.5789473684210527,29,70
v2_baseline_s25,v2,baseline,25,random_regular,100,4,714,2,0.6931471805579453,2,2,1.0,57,55
v2_baseline_s25,v2,baseline,25,random_regular,100,4,715,85,3.2551105127007407,31,85,0.36470588235294116,71,65
v2_baseline_s25,v2,baseline,25,random_regular,100,4,716,23,1.9459101490483133,7,23,0.30434782608695654,52,65
v2_baseline_s25,v2,baseline,25,random_regular,100,4,717,5,-1.000088900581841e-12,1,5,0.2,82,70
v2_baseline_s25,v2,baseline,25,random_regular,100,4,718,20,2.079441541671836,8,20,0.4,7,65
v2_baseline_s25,v2,baseline,25,random_regular,100,4,719,52,3.044522437702424,21,52,0.40384615384615385,62,76
v2_baseline_s25,v2,baseline,25,random_regular,100,4,720,78,3.337935207579336,36,78,0.46153846153846156,2,76
v2_baseline_s25,v2,baseline,25,random_regular,100,4,721,67,2.8716496251169272,23,67,0.34328358208955223,41,65
v2_baseline_s25,v2,baseline,25,random_regular,100,4,722,56,2.751666616915516,17,56,0.30357142857142855,35,63
v2_baseline_s25,v2,baseline,25,random_regular,100,4,723,16,1.8891591637470213,9,16,0.5625,14,55
v2_baseline_s25,v2,baseline,25,random_regular,100,4,724,121,3.520284037568885,49,121,0.4049586776859504,54,65
v2_baseline_s25,v2,baseline,25,random_regular,100,4,725,0,0.0,0,0,,76,76
v2_baseline_s25,v2,baseline,25,random_regular,100,4,726,19,1.9061547465328492,8,19,0.42105263157894735,79,70
v2_baseline_s25,v2,baseline,25,random_regular,100,4,727,19,2.484906649776,12,19,0.631578947368421,77,76
v2_baseline_s25,v2,baseline,25,random_regular,100,4,728,9,2.079441541671836,8,9,0.8888888888888888,6,55
v2_baseline_s25,v2,baseline,25,random_regular,100,4,729,28,2.2718685126865625,11,28,0.39285714285714285,20,55
v2_baseline_s25,v2,baseline,25,random_regular,100,4,730,15,2.0431918705371204,9,15,0.6,73,55
v2_baseline_s25,v2,baseline,25,random_regular,100,4,731,55,3.0246955538362474,26,55,0.4727272727272727,99,70
v2_baseline_s25,v2,baseline,25,random_regular,100,4,732,18,2.079441541671836,8,18,0.4444444444444444,96,55
v2_baseline_s25,v2,baseline,25,random_regular,100,4,733,183,4.312711916541886,80,183,0.4371584699453552,92,65
v2_baseline_s25,v2,baseline,25,random_regular,100,4,734,1,-1.000088900581841e-12,1,1,1.0,38,63
v2_baseline_s25,v2,baseline,25,random_regular,100,4,735,90,3.4124897213676078,33,90,0.36666666666666664,98,76
v2_baseline_s25,v2,baseline,25,random_regular,100,4,736,30,2.369382119683676,12,30,0.4,37,70
v2_baseline_s25,v2,baseline,25,random_regular,100,4,737,59,3.039115687997164,27,59,0.4576271186440678,42,70
v2_baseline_s25,v2,baseline,25,random_regular,100,4,738,164,3.744713470726565,60,164,0.36585365853658536,46,65
v2_baseline_s25,v2,baseline,25,random_regular,100,4,739,8,1.3862943611158909,4,8,0.5,99,70
v2_baseline_s25,v2,baseline,25,random_regular,100,4,740,49,2.7985132569262934,19,49,0.3877551020408163,67,55
v2_baseline_s25,v2,baseline,25,random_regular,100,4,741,25,2.253857589591352,12,25,0.48,49,65
v2_baseline_s25,v2,baseline,25,random_regular,100,4,742,1,-1.000088900581841e-12,1,1,1.0,67,70
v2_baseline_s25,v2,baseline,25,random_regular,100,4,743,131,3.860623457522692,54,131,0.4122137404580153,31,65
v2_baseline_s25,v2,baseline,25,random_regular,100,4,744,47,2.912494403312053,21,47,0.44680851063829785,12,63
v2_baseline_s25,v2,baseline,25,random_regular,100,4,745,0,0.0,0,0,,63,63
v2_baseline_s25,v2,baseline,25,random_regular,100,4,746,18,1.9459101490483133,7,18,0.3888888888888889,87,65
v2_baseline_s25,v2,baseline,25,random_regular,100,4,747,13,1.791759469222055,6,13,0.46153846153846156,74,55
v2_baseline_s25,v2,baseline,25,random_regular,100,4,748,29,2.3978952727873706,11,29,0.3793103448275862,31,70
v2_baseline_s25,v2,baseline,25,random_regular,100,4,749,22,2.253857589591352,12,22,0.5454545454545454,35,70
v2_baseline_s25,v2,baseline,25,random_regular,100,4,750,16,1.3862943611158909,4,16,0.25,95,70
v2_baseline_s25,v2,baseline,25,random_regular,100,4,751,1,-1.000088900581841e-12,1,1,1.0,75,65
v2_baseline_s25,v2,baseline,25,random_regular,100,4,752,21,1.9459101490483133,7,21,0.3333333333333333,50,63
v2_baseline_s25,v2,baseline,25,random_regular,100,4,753,20,1.6094379124291005,5,20,0.25,68,55
v2_baseline_s25,v2,baseline,25,random_regular,100,4,754,21,1.9459101490483133,7,21,0.3333333333333333,22,76
v2_baseline_s25,v2,baseline,25,random_regular,100,4,755,52,2.902002313186603,22,52,0.4230769230769231,5,63
v2_baseline_s25,v2,baseline,25,random_regular,100,4,756,1,-1.000088900581841e-12,1,1,1.0,56,65
v2_baseline_s25,v2,baseline,25,random_regular,100,4,757,10,1.0986122886651095,3,10,0.3,71,70
v2_baseline_s25,v2,baseline,25,random_regular,100,4,758,58,3.044522437702424,21,58,0.3620689655172414,25,55
v2_baseline_s25,v2,baseline,25,random_regular,100,4,759,62,3.0752205480323718,23,62,0.3709677419354839,43,65
v2_baseline_s25,v2,baseline,25,random_regular,100,4,760,183,3.8556334967650026,74,183,0.40437158469945356,97,70
v2_baseline_s25,v2,baseline,25,random_regular,100,4,761,0,0.0,0,0,,70,70
v2_baseline_s25,v2,baseline,25,random_regular,100,4,762,0,0.0,0,0,,65,65
v2_baseline_s25,v2,baseline,25,random_regular,100,4,763,93,3.4331967372908423,40,93,0.43010752688172044,14,76
v2_baseline_s25,v2,baseline,25,random_regular,100,4,764,31,2.019814992484946,11,31,0.3548387096774194,96,55
v2_baseline_s25,v2,baseline,25,random_regular,100,4,765,31,2.302585092984045,10,31,0.3225806451612903,87,65
v2_baseline_s25,v2,baseline,25,random_regular,100,4,766,20,1.791759469222055,6,20,0.3,6,65
v2_baseline_s25,v2,baseline,25,random_regular,100,4,767,0,0.0,0,0,,65,65
v2_baseline_s25,v2,baseline,25,random_regular,100,4,768,35,2.9444389791474395,19,35,0.5428571428571428,13,63
v2_baseline_s25,v2,baseline,25,random_regular,100,4,769,27,2.5649493574485365,13,27,0.48148148148148145,27,70
v2_baseline_s25,v2,baseline,25,random_regular,100,4,770,16,1.791759469222055,6,16,0.375,28,55
v2_baseline_s25,v2,baseline,25,random_regular,100,4,771,133,3.805660688230881,62,133,0.46616541353383456,25,76
v2_baseline_s25,v2,baseline,25,random_regular,100,4,772,44,2.5649493574485365,13,44,0.29545454545454547,86,63
v2_baseline_s25,v2,baseline,25,random_regular,100,4,773,77,3.370480801334671,33,77,0.42857142857142855,60,63
v2_baseline_s25,v2,baseline,25,random_regular,100,4,774,9,1.039720770836918,4,9,0.4444444444444444,9,70
v2_baseline_s25,v2,baseline,25,random_regular,100,4,775,52,2.751666616915516,17,52,0.3269230769230769,19,55
v2_baseline_s25,v2,baseline,25,random_regular,100,4,776,0,0.0,0,0,,76,76
v2_baseline_s25,v2,baseline,25,random_regular,100,4,777,16,1.9459101490483133,7,16,0.4375,72,76
v2_baseline_s25,v2,baseline,25,random_regular,100,4,778,8,1.0986122886651095,3,8,0.375,49,76
v2_baseline_s25,v2,baseline,25,random_regular,100,4,779,24,2.079441541671836,8,24,0.3333333333333333,83,55
v2_baseline_s25,v2,baseline,25,random_regular,100,4,780,36,2.3959081192819283,15,36,0.4166666666666667,78,55
v2_baseline_s25,v2,baseline,25,random_regular,100,4,781,14,1.6094379124291005,5,14,0.35714285714285715,26,65
v2_baseline_s25,v2,baseline,25,random_regular,100,4,782,27,2.1458417525857545,11,27,0.4074074074074074,30,55
v2_baseline_s25,v2,baseline,25,random_regular,100,4,783,23,2.197224577327219,9,23,0.391304347826087,91,65
v2_baseline_s25,v2,baseline,25,random_regular,100,4,784,105,3.5213776090567093,39,105,0.37142857142857144,36,65
v2_baseline_s25,v2,baseline,25,random_regular,100,4,785,40,2.8903717578781647,18,40,0.45,1,55
v2_baseline_s25,v2,baseline,25,random_regular,100,4,786,10,1.3862943611158909,4,10,0.4,57,55
v2_baseline_s25,v2,baseline,25,random_regular,100,4,787,131,3.761660727552022,47,131,0.35877862595419846,58,65
v2_baseline_s25,v2,baseline,25,random_regular,100,4,788,49,2.8332133440392155,17,49,0.3469387755102041,50,65
v2_baseline_s25,v2,baseline,25,random_regular,100,4,789,13,1.9459101490483133,7,13,0.5384615384615384,56,76
v2_baseline_s25,v2,baseline,25,random_regular,100,4,790,64,3.0752205480323718,23,64,0.359375,48,65
v2_baseline_s25,v2,baseline,25,random_regular,100,4,791,2,0.6931471805579453,2,2,1.0,4,65
v2_baseline_s25,v2,baseline,25,random_regular,100,4,792,0,0.0,0,0,,55,55
v2_baseline_s25,v2,baseline,25,random_regular,100,4,793,44,2.8152049266019468,22,44,0.5,24,76
v2_baseline_s25,v2,baseline,25,random_regular,100,4,794,47,2.5536815580157954,20,47,0.425531914893617,22,70
v2_baseline_s25,v2,baseline,25,random_regular,100,4,795,70,3.485587161020812,34,70,0.4857142857142857,37,63
v2_baseline_s25,v2,baseline,25,random_regular,100,4,796,50,3.098139496330803,26,50,0.52,27,70
v2_baseline_s25,v2,baseline,25,random_regular,100,4,797,18,1.791759469222055,6,18,0.3333333333333333,95,55
v2_baseline_s25,v2,baseline,25,random_regular,100,4,798,77,3.491660437469239,38,77,0.4935064935064935,42,65
v2_baseline_s25,v2,baseline,25,random_regular,100,4,799,11,1.7328679513938632,8,11,0.7272727272727273,68,70
v2_baseline_s25,v2,baseline,25,random_regular,100,4,800,26,2.302585092984045,10,26,0.38461538461538464,58,70
v2_baseline_s25,v2,baseline,25,random_regular,100,4,801,46,2.540036303807981,14,46,0.30434782608695654,27,65
v2_baseline_s25,v2,baseline,25,random_regular,100,4,802,28,2.341994252221425,14,28,0.5,54,63
v2_baseline_s25,v2,baseline,25,random_regular,100,4,803,39,2.6229962760707903,20,39,0.5128205128205128,84,65
v2_baseline_s25,v2,baseline,25,random_regular,100,4,804,111,3.732165102848344,47,111,0.42342342342342343,98,63
v2_baseline_s25,v2,baseline,25,random_regular,100,4,805,11,1.791759469222055,6,11,0.5454545454545454,96,63
v2_baseline_s25,v2,baseline,25,random_regular,100,4,806,80,3.322493706775413,34,80,0.425,66,70
v2_baseline_s25,v2,baseline,25,random_regular,100,4,807,40,2.8903717578781647,18,40,0.45,9,70
v2_baseline_s25,v2,baseline,25,random_regular,100,4,808,28,2.1639556568730565,10,28,0.35714285714285715,59,70
v2_baseline_s25,v2,baseline,25,random_regular,100,4,809,5,0.6931471805579453,2,5,0.4,16,55
v2_baseline_s25,v2,baseline,25,random_regular,100,4,810,41,2.857102837424001,20,41,0.4878048780487805,22,65
v2_baseline_s25,v2,baseline,25,random_regular,100,4,811,9,0.6931471805579453,2,9,0.2222222222222222,69,55
v2_baseline_s25,v2,baseline,25,random_regular,100,4,812,93,3.4486969711901256,42,93,0.45161290322580644,51,63
v2_baseline_s25,v2,baseline,25,random_regular,100,4,813,17,1.9061547465328492,8,17,0.47058823529411764,60,55
v2_baseline_s25,v2,baseline,25,random_regular,100,4,814,15,1.6094379124291005,5,15,0.3333333333333333,89,65
v2_baseline_s25,v2,baseline,25,random_regular,100,4,815,35,2.540036303807981,14,35,0.4,93,63
v2_baseline_s25,v2,baseline,25,random_regular,100,4,816,49,3.0315905757612325,25,49,0.5102040816326531,69,65
v2_baseline_s25,v2,baseline,25,random_regular,100,4,817,96,3.4551790069144523,38,96,0.3958333333333333,31,63
v2_baseline_s25,v2,baseline,25,random_regular,100,4,818,93,3.312615876945234,33,93,0.3548387096774194,86,55
v2_baseline_s25,v2,baseline,25,random_regular,100,4,819,47,2.772588722223781,16,47,0.3404255319148936,33,55
v2_baseline_s25,v2,baseline,25,random_regular,100,4,820,15,2.197224577327219,9,15,0.6,8,63
v2_baseline_s25,v2,baseline,25,random_regular,100,4,821,6,1.039720770836918,4,6,0.6666666666666666,62,65
v2_baseline_s25,v2,baseline,25,random_regular,100,4,822,35,2.484906649776,12,35,0.34285714285714286,99,76
v2_baseline_s25,v2,baseline,25,random_regular,100,4,823,1,-1.000088900581841e-12,1,1,1.0,43,55
v2_baseline_s25,v2,baseline,25,random_regular,100,4,824,88,3.5355242894287437,43,88,0.48863636363636365,29,76
v2_baseline_s25,v2,baseline,25,random_regular,100,4,825,25,2.1639556568730565,10,25,0.4,78,76
v2_baseline_s25,v2,baseline,25,random_regular,100,4,826,0,0.0,0,0,,63,63
v2_baseline_s25,v2,baseline,25,random_regular,100,4,827,174,3.765275509839043,65,174,0.3735632183908046,57,55
v2_baseline_s25,v2,baseline,25,random_regular,100,4,828,4,1.0986122886651095,3,4,0.75,74,63
v2_baseline_s25,v2,baseline,25,random_regular,100,4,829,155,3.980796493452933,63,155,0.4064516129032258,73,65
v2_baseline_s25,v2,baseline,25,random_regular,100,4,830,29,2.2718685126865625,11,29,0.3793103448275862,26,70
v2_baseline_s25,v2,baseline,25,random_regular,100,4,831,122,3.583257490460173,44,122,0.36065573770491804,28,55
v2_baseline_s25,v2,baseline,25,random_regular,100,4,832,6,0.6931471805579453,2,6,0.3333333333333333,30,70
v2_baseline_s25,v2,baseline,25,random_regular,100,4,833,28,2.1639556568730565,10,28,0.35714285714285715,69,55
v2_baseline_s25,v2,baseline,25,random_regular,100,4,834,81,3.35462479697817,33,81,0.4074074074074074,8,76
v2_baseline_s25,v2,baseline,25,random_regular,100,4,835,105,3.467994408329786,36,105,0.34285714285714286,0,70
v2_baseline_s25,v2,baseline,25,random_regular,100,4,836,99,3.5450107617233355,36,99,0.36363636363636365,42,63
v2_baseline_s25,v2,baseline,25,random_regular,100,4,837,89,3.612135893901438,41,89,0.4606741573033708,23,70
v2_baseline_s25,v2,baseline,25,random_regular,100,4,838,10,1.791759469222055,6,10,0.6,46,55
v2_baseline_s25,v2,baseline,25,random_regular,100,4,839,18,1.791759469222055,6,18,0.3333333333333333,80,55
v2_baseline_s25,v2,baseline,25,random_regular,100,4,840,64,3.319492576126754,29,64,0.453125,34,65
v2_baseline_s25,v2,baseline,25,random_regular,100,4,841,2,0.6931471805579453,2,2,1.0,22,76
v2_baseline_s25,v2,baseline,25,random_regular,100,4,842,40,2.7080502010872096,15,40,0.375,88,63
v2_baseline_s25,v2,baseline,25,random_regular,100,4,843,125,3.7379676629805214,52,125,0.416,26,55
v2_baseline_s25,v2,baseline,25,random_regular,100,4,844,63,3.205805710063748,32,63,0.5079365079365079,98,65
v2_baseline_s25,v2,baseline,25,random_regular,100,4,845,31,2.5649493574485365,13,31,0.41935483870967744,19,76
v2_baseline_s25,v2,baseline,25,random_regular,100,4,846,8,0.6931471805579453,2,8,0.25,68,70
v2_baseline_s25,v2,baseline,25,random_regular,100,4,847,26,2.2718685126865625,11,26,0.4230769230769231,17,65
v2_baseline_s25,v2,baseline,25,random_regular,100,4,848,33,2.2718685126865625,11,33,0.3333333333333333,86,65
v2_baseline_s25,v2,baseline,25,random_regular,100,4,849,98,3.638648592450092,42,98,0.42857142857142855,21,55
v2_baseline_s25,v2,baseline,25,random_regular,100,4,850,0,0.0,0,0,,55,55
v2_baseline_s25,v2,baseline,25,random_regular,100,4,851,95,3.6000030969206915,43,95,0.45263157894736844,77,55
v2_baseline_s25,v2,baseline,25,random_regular,100,4,852,75,3.232775904355102,32,75,0.4266666666666667,42,65
v2_baseline_s25,v2,baseline,25,random_regular,100,4,853,33,2.5993019270857944,16,33,0.48484848484848486,68,70
v2_baseline_s25,v2,baseline,25,random_regular,100,4,854,76,3.059354848566834,31,76,0.40789473684210525,29,65
v2_baseline_s25,v2,baseline,25,random_regular,100,4,855,14,2.079441541671836,8,14,0.5714285714285714,28,55
v2_baseline_s25,v2,baseline,25,random_regular,100,4,856,93,3.605641583852999,42,93,0.45161290322580644,58,63
v2_baseline_s25,v2,baseline,25,random_regular,100,4,857,22,1.9459101490483133,7,22,0.3181818181818182,72,55
v2_baseline_s25,v2,baseline,25,random_regular,100,4,858,0,0.0,0,0,,65,65
v2_baseline_s25,v2,baseline,25,random_regular,100,4,859,69,3.299829685639092,31,69,0.4492753623188406,12,76
v2_baseline_s25,v2,baseline,25,random_regular,100,4,860,74,2.585055115033594,23,74,0.3108108108108108,95,65
v2_baseline_s25,v2,baseline,25,random_regular,100,4,861,0,0.0,0,0,,65,65
v2_baseline_s25,v2,baseline,25,random_regular,100,4,862,0,0.0,0,0,,55,55
v2_baseline_s25,v2,baseline,25,random_regular,100,4,863,4,1.3862943611158909,4,4,1.0,54,55
v2_baseline_s25,v2,baseline,25,random_regular,100,4,864,91,3.5646232985788124,38,91,0.4175824175824176,33,70
v2_baseline_s25,v2,baseline,25,random_regular,100,4,865,15,1.9459101490483133,7,15,0.4666666666666667,42,65
v2_baseline_s25,v2,baseline,25,random_regular,100,4,866,158,3.897480329681704,69,158,0.43670886075949367,17,63
v2_baseline_s25,v2,baseline,25,random_regular,100,4,867,23,1.8891591637470213,9,23,0.391304347826087,80,65
v2_baseline_s25,v2,baseline,25,random_regular,100,4,868,4,0.6931471805579453,2,4,0.5,83,76
v2_baseline_s25,v2,baseline,25,random_regular,100,4,869,35,2.484906649776,12,35,0.34285714285714286,37,70
v2_baseline_s25,v2,baseline,25,random_regular,100,4,870,98,3.6745861847901296,52,98,0.5306122448979592,9,55
v2_baseline_s25,v2,baseline,25,random_regular,100,4,871,90,3.387906343139484,39,90,0.43333333333333335,93,65
v2_baseline_s25,v2,baseline,25,random_regular,100,4,872,24,1.7328679513938632,8,24,0.3333333333333333,89,63
v2_baseline_s25,v2,baseline,25,random_regular,100,4,873,77,3.5734504974428223,37,77,0.4805194805194805,48,65
v2_baseline_s25,v2,baseline,25,random_regular,100,4,874,104,3.3288772833542017,41,104,0.3942307692307692,14,55
v2_baseline_s25,v2,baseline,25,random_regular,100,4,875,118,3.5726345752559063,42,118,0.3559322033898305,84,65
v2_baseline_s25,v2,baseline,25,random_regular,100,4,876,169,3.893131622084399,58,169,0.3431952662721893,35,76
v2_baseline_s25,v2,baseline,25,random_regular,100,4,877,15,1.791759469222055,6,15,0.4,71,76
v2_baseline_s25,v2,baseline,25,random_regular,100,4,878,78,3.2491274088477446,32,78,0.41025641025641024,92,70
v2_baseline_s25,v2,baseline,25,random_regular,100,4,879,8,0.6931471805579453,2,8,0.25,11,76
v2_baseline_s25,v2,baseline,25,random_regular,100,4,880,63,3.2238860684653137,29,63,0.4603174603174603,89,63
v2_baseline_s25,v2,baseline,25,random_regular,100,4,881,31,2.540036303807981,14,31,0.45161290322580644,37,63
v2_baseline_s25,v2,baseline,25,random_regular,100,4,882,53,3.218875824843201,25,53,0.4716981132075472,82,63
v2_baseline_s25,v2,baseline,25,random_regular,100,4,883,66,2.931923292990705,23,66,0.3484848484848485,95,65
v2_baseline_s25,v2,baseline,25,random_regular,100,4,884,0,0.0,0,0,,55,55
v2_baseline_s25,v2,baseline,25,random_regular,100,4,885,56,2.7804663689216818,21,56,0.375,14,76
v2_baseline_s25,v2,baseline,25,random_regular,100,4,886,10,1.6094379124291005,5,10,0.5,24,65
v2_baseline_s25,v2,baseline,25,random_regular,100,4,887,77,2.8979325974534653,26,77,0.33766233766233766,94,65
v2_baseline_s25,v2,baseline,25,random_regular,100,4,888,160,3.9716821396224944,66,160,0.4125,85,65
v2_baseline_s25,v2,baseline,25,random_regular,100,4,889,3,-1.000088900581841e-12,1,3,0.3333333333333333,96,55
v2_baseline_s25,v2,baseline,25,random_regular,100,4,890,4,1.0986122886651095,3,4,0.75,89,76
v2_baseline_s25,v2,baseline,25,random_regular,100,4,891,51,3.0149468801585937,23,51,0.45098039215686275,57,76
v2_baseline_s25,v2,baseline,25,random_regular,100,4,892,38,2.736339051089065,18,38,0.47368421052631576,7,76
v2_baseline_s25,v2,baseline,25,random_regular,100,4,893,17,2.197224577327219,9,17,0.5294117647058824,36,63
v2_baseline_s25,v2,baseline,25,random_regular,100,4,894,14,1.7478680974607577,7,14,0.5,94,65
v2_baseline_s25,v2,baseline,25,random_regular,100,4,895,117,3.6979142157259046,48,117,0.41025641025641024,48,70
v2_baseline_s25,v2,baseline,25,random_regular,100,4,896,0,0.0,0,0,,55,55
v2_baseline_s25,v2,baseline,25,random_regular,100,4,897,120,3.6654865248255626,49,120,0.4083333333333333,8,70
v2_baseline_s25,v2,baseline,25,random_regular,100,4,898,0,0.0,0,0,,70,70
v2_baseline_s25,v2,baseline,25,random_regular,100,4,899,32,2.3046193848096714,14,32,0.4375,33,76
v2_baseline_s25,v2,baseline,25,random_regular,100,4,900,7,0.6931471805579453,2,7,0.2857142857142857,85,55
v2_baseline_s25,v2,baseline,25,random_regular,100,4,901,5,-1.000088900581841e-12,1,5,0.2,77,76
v2_baseline_s25,v2,baseline,25,random_regular,100,4,902,31,2.3978952727873706,11,31,0.3548387096774194,81,63
v2_baseline_s25,v2,baseline,25,random_regular,100,4,903,11,1.6094379124291005,5,11,0.45454545454545453,97,76
v2_baseline_s25,v2,baseline,25,random_regular,100,4,904,19,1.3862943611158909,4,19,0.21052631578947367,42,55
v2_baseline_s25,v2,baseline,25,random_regular,100,4,905,149,4.052046221247328,67,149,0.44966442953020136,27,55
v2_baseline_s25,v2,baseline,25,random_regular,100,4,906,20,2.197224577327219,9,20,0.45,69,76
v2_baseline_s25,v2,baseline,25,random_regular,100,4,907,147,3.830895721041939,55,147,0.3741496598639456,68,70
v2_baseline_s25,v2,baseline,25,random_regular,100,4,908,10,1.791759469222055,6,10,0.6,82,76
v2_baseline_s25,v2,baseline,25,random_regular,100,4,909,68,3.204777524107256,26,68,0.38235294117647056,81,76
v2_baseline_s25,v2,baseline,25,random_regular,100,4,910,42,2.787788119369007,20,42,0.47619047619047616,86,63
v2_baseline_s25,v2,baseline,25,random_regular,100,4,911,35,2.3978952727873706,11,35,0.3142857142857143,74,65
v2_baseline_s25,v2,baseline,25,random_regular,100,4,912,7,1.0986122886651095,3,7,0.42857142857142855,40,55
v2_baseline_s25,v2,baseline,25,random_regular,100,4,913,17,2.484906649776,12,17,0.7058823529411765,71,65
v2_baseline_s25,v2,baseline,25,random_regular,100,4,914,9,1.791759469222055,6,9,0.6666666666666666,23,55
v2_baseline_s25,v2,baseline,25,random_regular,100,4,915,108,3.337935207579336,36,108,0.3333333333333333,37,76
v2_baseline_s25,v2,baseline,25,random_regular,100,4,916,10,-1.000088900581841e-12,1,10,0.1,91,76
v2_baseline_s25,v2,baseline,25,random_regular,100,4,917,167,4.112378654867356,73,167,0.437125748502994,44,76
v2_baseline_s25,v2,baseline,25,random_regular,100,4,918,93,3.4365228305042805,35,93,0.3763440860215054,12,55
v2_baseline_s25,v2,baseline,25,random_regular,100,4,919,53,3.204777524107256,26,53,0.49056603773584906,73,65
v2_baseline_s25,v2,baseline,25,random_regular,100,4,920,0,0.0,0,0,,63,63
v2_baseline_s25,v2,baseline,25,random_regular,100,4,921,27,2.4583113296710835,13,27,0.48148148148148145,1,65
v2_baseline_s25,v2,baseline,25,random_regular,100,4,922,82,3.5434265702089243,43,82,0.524390243902439,50,76
v2_baseline_s25,v2,baseline,25,random_regular,100,4,923,167,3.9663388769533583,65,167,0.38922155688622756,2,55
v2_baseline_s25,v2,baseline,25,random_regular,100,4,924,48,2.8332133440392155,17,48,0.3541666666666667,5,76
v2_baseline_s25,v2,baseline,25,random_regular,100,4,925,101,3.404927888365862,38,101,0.37623762376237624,14,63
v2_baseline_s25,v2,baseline,25,random_regular,100,4,926,122,3.881306425080662,55,122,0.45081967213114754,72,70
v2_baseline_s25,v2,baseline,25,random_regular,100,4,927,48,3.135494215906149,23,48,0.4791666666666667,32,55
v2_baseline_s25,v2,baseline,25,random_regular,100,4,928,15,2.079441541671836,8,15,0.5333333333333333,22,63
v2_baseline_s25,v2,baseline,25,random_regular,100,4,929,189,4.038881895779039,76,189,0.4021164021164021,66,65
v2_baseline_s25,v2,baseline,25,random_regular,100,4,930,0,0.0,0,0,,55,55
v2_baseline_s25,v2,baseline,25,random_regular,100,4,931,33,2.245035274116177,13,33,0.3939393939393939,41,76
v2_baseline_s25,v2,baseline,25,random_regular,100,4,932,63,2.692310994125785,20,63,0.31746031746031744,29,63
v2_baseline_s25,v2,baseline,25,random_regular,100,4,933,68,2.9970687270680183,25,68,0.36764705882352944,54,70
v2_baseline_s25,v2,baseline,25,random_regular,100,4,934,2,-1.000088900581841e-12,1,2,0.5,32,63
v2_baseline_s25,v2,baseline,25,random_regular,100,4,935,56,2.9785084205072385,21,56,0.375,35,55
v2_baseline_s25,v2,baseline,25,random_regular,100,4,936,5,1.0986122886651095,3,5,0.6,46,76
v2_baseline_s25,v2,baseline,25,random_regular,100,4,937,19,2.079441541671836,8,19,0.42105263157894735,15,70
v2_baseline_s25,v2,baseline,25,random_regular,100,4,938,75,3.3969144201875685,35,75,0.4666666666666667,48,55
v2_baseline_s25,v2,baseline,25,random_regular,100,4,939,4,0.6931471805579453,2,4,0.5,20,70
v2_baseline_s25,v2,baseline,25,random_regular,100,4,940,9,0.6931471805579453,2,9,0.2222222222222222,39,70
v2_baseline_s25,v2,baseline,25,random_regular,100,4,941,65,3.176082814634593,29,65,0.4461538461538462,91,65
v2_baseline_s25,v2,baseline,25,random_regular,100,4,942,13,1.6094379124291005,5,13,0.38461538461538464,82,63
v2_baseline_s25,v2,baseline,25,random_regular,100,4,943,0,0.0,0,0,,70,70
v2_baseline_s25,v2,baseline,25,random_regular,100,4,944,0,0.0,0,0,,63,63
v2_baseline_s25,v2,baseline,25,random_regular,100,4,945,68,3.444813797459462,34,68,0.5,39,55
v2_baseline_s25,v2,baseline,25,random_regular,100,4,946,41,2.4583113296710835,13,41,0.3170731707317073,75,70
v2_baseline_s25,v2,baseline,25,random_regular,100,4,947,4,-1.000088900581841e-12,1,4,0.25,72,76
v2_baseline_s25,v2,baseline,25,random_regular,100,4,948,38,2.441015278014703,14,38,0.3684210526315789,51,55
v2_baseline_s25,v2,baseline,25,random_regular,100,4,949,55,3.204777524107256,26,55,0.4727272727272727,10,63
v2_baseline_s25,v2,baseline,25,random_regular,100,4,950,268,4.351539974117679,108,268,0.40298507462686567,58,63
v2_baseline_s25,v2,baseline,25,random_regular,100,4,951,5,0.6931471805579453,2,5,0.4,28,55
v2_baseline_s25,v2,baseline,25,random_regular,100,4,952,4,1.0986122886651095,3,4,0.75,78,55
v2_baseline_s25,v2,baseline,25,random_regular,100,4,953,6,0.6931471805579453,2,6,0.3333333333333333,20,63
v2_baseline_s25,v2,baseline,25,random_regular,100,4,954,23,2.079441541671836,8,23,0.34782608695652173,7,63
v2_baseline_s25,v2,baseline,25,random_regular,100,4,955,32,2.685945324654788,16,32,0.5,49,63
v2_baseline_s25,v2,baseline,25,random_regular,100,4,956,34,2.685945324654788,16,34,0.47058823529411764,22,76
v2_baseline_s25,v2,baseline,25,random_regular,100,4,957,24,2.3516733018936304,13,24,0.5416666666666666,13,55
v2_baseline_s25,v2,baseline,25,random_regular,100,4,958,69,2.8861651781804274,25,69,0.36231884057971014,25,55
v2_baseline_s25,v2,baseline,25,random_regular,100,4,959,23,2.0253262207620675,10,23,0.43478260869565216,1,63
v2_baseline_s25,v2,baseline,25,random_regular,100,4,960,104,3.735202719174468,50,104,0.4807692307692308,2,70
v2_baseline_s25,v2,baseline,25,random_regular,100,4,961,13,2.079441541671836,8,13,0.6153846153846154,83,55
v2_baseline_s25,v2,baseline,25,random_regular,100,4,962,26,2.369382119683676,12,26,0.46153846153846156,3,76
v2_baseline_s25,v2,baseline,25,random_regular,100,4,963,168,3.9042622354965486,64,168,0.38095238095238093,21,65
v2_baseline_s25,v2,baseline,25,random_regular,100,4,964,320,4.61558499470421,141,320,0.440625,43,63
v2_baseline_s25,v2,baseline,25,random_regular,100,4,965,8,1.0986122886651095,3,8,0.375,85,65
v2_baseline_s25,v2,baseline,25,random_regular,100,4,966,160,3.9427496774282735,66,160,0.4125,9,65
v2_baseline_s25,v2,baseline,25,random_regular,100,4,967,117,3.455179006914453,38,117,0.3247863247863248,17,55
v2_baseline_s25,v2,baseline,25,random_regular,100,4,968,37,2.8332133440392155,17,37,0.4594594594594595,33,76
v2_baseline_s25,v2,baseline,25,random_regular,100,4,969,11,1.6094379124291005,5,11,0.45454545454545453,7,55
v2_baseline_s25,v2,baseline,25,random_regular,100,4,970,2,0.6931471805579453,2,2,1.0,28,55
v2_baseline_s25,v2,baseline,25,random_regular,100,4,971,9,1.3862943611158909,4,9,0.4444444444444444,18,55
v2_baseline_s25,v2,baseline,25,random_regular,100,4,972,126,3.66448190441264,43,126,0.3412698412698413,25,70
v2_baseline_s25,v2,baseline,25,random_regular,100,4,973,13,0.6931471805579453,2,13,0.15384615384615385,6,63
v2_baseline_s25,v2,baseline,25,random_regular,100,4,974,26,2.019814992484946,11,26,0.4230769230769231,71,63
v2_baseline_s25,v2,baseline,25,random_regular,100,4,975,36,2.670119889791816,17,36,0.4722222222222222,36,65
v2_baseline_s25,v2,baseline,25,random_regular,100,4,976,46,2.9444389791474395,19,46,0.41304347826086957,10,65
v2_baseline_s25,v2,baseline,25,random_regular,100,4,977,32,1.9722469794154411,11,32,0.34375,1,70
v2_baseline_s25,v2,baseline,25,random_regular,100,4,978,116,3.768367728570317,46,116,0.39655172413793105,3,76
v2_baseline_s25,v2,baseline,25,random_regular,100,4,979,74,3.065964511960632,28,74,0.3783783783783784,72,63
v2_baseline_s25,v2,baseline,25,random_regular,100,4,980,13,2.197224577327219,9,13,0.6923076923076923,34,65
v2_baseline_s25,v2,baseline,25,random_regular,100,4,981,70,3.092193481923559,29,70,0.4142857142857143,84,65
v2_baseline_s25,v2,baseline,25,random_regular,100,4,982,0,0.0,0,0,,70,70
v2_baseline_s25,v2,baseline,25,random_regular,100,4,983,34,2.3978952727873706,11,34,0.3235294117647059,66,55
v2_baseline_s25,v2,baseline,25,random_regular,100,4,984,178,3.987559379882587,68,178,0.38202247191011235,19,55
v2_baseline_s25,v2,baseline,25,random_regular,100,4,985,13,1.791759469222055,6,13,0.46153846153846156,84,63
v2_baseline_s25,v2,baseline,25,random_regular,100,4,986,120,3.473944282078397,48,120,0.4,5,76
v2_baseline_s25,v2,baseline,25,random_regular,100,4,987,179,3.8826013861050495,64,179,0.3575418994413408,7,65
v2_baseline_s25,v2,baseline,25,random_regular,100,4,988,34,2.639057329601259,14,34,0.4117647058823529,29,55
v2_baseline_s25,v2,baseline,25,random_regular,100,4,989,13,1.791759469222055,6,13,0.46153846153846156,84,65
v2_baseline_s25,v2,baseline,25,random_regular,100,4,990,69,3.271689322296034,29,69,0.42028985507246375,6,65
v2_baseline_s25,v2,baseline,25,random_regular,100,4,991,236,4.18092750282161,89,236,0.3771186440677966,72,55
v2_baseline_s25,v2,baseline,25,random_regular,100,4,992,1,-1.000088900581841e-12,1,1,1.0,10,70
v2_baseline_s25,v2,baseline,25,random_regular,100,4,993,52,3.1418041591892294,27,52,0.5192307692307693,69,63
v2_baseline_s25,v2,baseline,25,random_regular,100,4,994,124,3.5688473958460807,50,124,0.4032258064516129,53,55
v2_baseline_s25,v2,baseline,25,random_regular,100,4,995,1,-1.000088900581841e-12,1,1,1.0,72,76
v2_baseline_s25,v2,baseline,25,random_regular,100,4,996,0,0.0,0,0,,65,65
v2_baseline_s25,v2,baseline,25,random_regular,100,4,997,15,1.9459101490483133,7,15,0.4666666666666667,41,70
v2_baseline_s25,v2,baseline,25,random_regular,100,4,998,252,4.4132217078782965,106,252,0.42063492063492064,83,63
v2_baseline_s25,v2,baseline,25,random_regular,100,4,999,9,1.791759469222055,6,9,0.6666666666666666,15,63
