run_id,validation_version,condition,seed,topology,n_nodes,degree,episode_idx,hitting_time,path_entropy,accepted_moves,attempted_moves,accept_rate,start_node,final_node
v2_no_evolution_s15,v2,no_evolution,15,random_regular,100,4,0,116,3.498515667114017,37,116,0.31896551724137934,89,81
v2_no_evolution_s15,v2,no_evolution,15,random_regular,100,4,1,60,2.772588722223781,16,60,0.26666666666666666,21,29
v2_no_evolution_s15,v2,no_evolution,15,random_regular,100,4,2,14,1.791759469222055,6,14,0.42857142857142855,4,95
v2_no_evolution_s15,v2,no_evolution,15,random_regular,100,4,3,87,3.4011973816321546,30,87,0.3448275862068966,46,53
v2_no_evolution_s15,v2,no_evolution,15,random_regular,100,4,4,0,0.0,0,0,,81,81
v2_no_evolution_s15,v2,no_evolution,15,random_regular,100,4,5,37,2.445467830395648,17,37,0.4594594594594595,0,29
v2_no_evolution_s15,v2,no_evolution,15,random_regular,100,4,6,148,3.784130106757394,61,148,0.41216216216216217,33,72
v2_no_evolution_s15,v2,no_evolution,15,random_regular,100,4,7,38,2.3978952727873706,11,38,0.2894736842105263,41,95
v2_no_evolution_s15,v2,no_evolution,15,random_regular,100,4,8,16,1.3862943611158909,4,16,0.25,50,95
v2_no_evolution_s15,v2,no_evolution,15,random_regular,100,4,9,9,0.6931471805579453,2,9,0.2222222222222222,67,53
v2_no_evolution_s15,v2,no_evolution,15,random_regular,100,4,10,58,3.0910424533363146,22,58,0.3793103448275862,2,95
v2_no_evolution_s15,v2,no_evolution,15,random_regular,100,4,11,19,2.1639556568730565,10,19,0.5263157894736842,36,95
v2_no_evolution_s15,v2,no_evolution,15,random_regular,100,4,12,426,4.662130510539668,158,426,0.37089201877934275,27,29
v2_no_evolution_s15,v2,no_evolution,15,random_regular,100,4,13,129,3.6654865248255626,49,129,0.3798449612403101,9,29
v2_no_evolution_s15,v2,no_evolution,15,random_regular,100,4,14,9,1.6094379124291005,5,9,0.5555555555555556,68,95
v2_no_evolution_s15,v2,no_evolution,15,random_regular,100,4,15,0,0.0,0,0,,53,53
v2_no_evolution_s15,v2,no_evolution,15,random_regular,100,4,16,39,2.871476118036867,19,39,0.48717948717948717,70,81
v2_no_evolution_s15,v2,no_evolution,15,random_regular,100,4,17,0,0.0,0,0,,95,95
v2_no_evolution_s15,v2,no_evolution,15,random_regular,100,4,18,252,4.242875569212123,92,252,0.36507936507936506,26,95
v2_no_evolution_s15,v2,no_evolution,15,random_regular,100,4,19,16,2.197224577327219,9,16,0.5625,46,53
v2_no_evolution_s15,v2,no_evolution,15,random_regular,100,4,20,33,2.1639556568730565,10,33,0.30303030303030304,20,81
v2_no_evolution_s15,v2,no_evolution,15,random_regular,100,4,21,25,1.8937882323841373,11,25,0.44,92,53
v2_no_evolution_s15,v2,no_evolution,15,random_regular,100,4,22,53,2.7080502010872096,15,53,0.2830188679245283,68,29
v2_no_evolution_s15,v2,no_evolution,15,random_regular,100,4,23,210,4.103379826310587,83,210,0.3952380952380952,30,95
v2_no_evolution_s15,v2,no_evolution,15,random_regular,100,4,24,265,4.322077596905915,94,265,0.35471698113207545,85,53
v2_no_evolution_s15,v2,no_evolution,15,random_regular,100,4,25,0,0.0,0,0,,53,53
v2_no_evolution_s15,v2,no_evolution,15,random_regular,100,4,26,2,-1.000088900581841e-12,1,2,0.5,33,95
v2_no_evolution_s15,v2,no_evolution,15,random_regular,100,4,27,83,3.498515667114017,37,83,0.4457831325301205,84,53
v2_no_evolution_s15,v2,no_evolution,15,random_regular,100,4,28,72,2.751666616915516,17,72,0.2361111111111111,27,29
v2_no_evolution_s15,v2,no_evolution,15,random_regular,100,4,29,90,2.844613583565239,26,90,0.28888888888888886,60,29
v2_no_evolution_s15,v2,no_evolution,15,random_regular,100,4,30,45,2.639057329601259,14,45,0.3111111111111111,9,72
v2_no_evolution_s15,v2,no_evolution,15,random_regular,100,4,31,42,2.5070264355444176,17,42,0.40476190476190477,57,29
v2_no_evolution_s15,v2,no_evolution,15,random_regular,100,4,32,6,0.6931471805579453,2,6,0.3333333333333333,35,72
v2_no_evolution_s15,v2,no_evolution,15,random_regular,100,4,33,16,1.791759469222055,6,16,0.375,14,29
v2_no_evolution_s15,v2,no_evolution,15,random_regular,100,4,34,75,3.065964511960632,28,75,0.37333333333333335,55,53
v2_no_evolution_s15,v2,no_evolution,15,random_regular,100,4,35,92,3.4124897213676078,33,92,0.358695652173913,92,81
v2_no_evolution_s15,v2,no_evolution,15,random_regular,100,4,36,8,1.0986122886651095,3,8,0.375,83,72
v2_no_evolution_s15,v2,no_evolution,15,random_regular,100,4,37,2,0.6931471805579453,2,2,1.0,62,72
v2_no_evolution_s15,v2,no_evolution,15,random_regular,100,4,38,4,1.3862943611158909,4,4,1.0,85,81
v2_no_evolution_s15,v2,no_evolution,15,random_regular,100,4,39,0,0.0,0,0,,81,81
v2_no_evolution_s15,v2,no_evolution,15,random_regular,100,4,40,69,2.902002313186603,22,69,0.3188405797101449,5,72
v2_no_evolution_s15,v2,no_evolution,15,random_regular,100,4,41,50,2.3516733018936304,13,50,0.26,32,29
v2_no_evolution_s15,v2,no_evolution,15,random_regular,100,4,42,65,3.3322045101472035,28,65,0.4307692307692308,25,29
v2_no_evolution_s15,v2,no_evolution,15,random_regular,100,4,43,157,3.785340662459504,58,157,0.36942675159235666,4,95
v2_no_evolution_s15,v2,no_evolution,15,random_regular,100,4,44,17,2.079441541671836,8,17,0.47058823529411764,51,81
v2_no_evolution_s15,v2,no_evolution,15,random_regular,100,4,45,74,3.271689322296034,29,74,0.3918918918918919,54,29
v2_no_evolution_s15,v2,no_evolution,15,random_regular,100,4,46,175,4.031082388109281,72,175,0.4114285714285714,85,53
v2_no_evolution_s15,v2,no_evolution,15,random_regular,100,4,47,61,2.954673212284816,23,61,0.3770491803278688,13,72
v2_no_evolution_s15,v2,no_evolution,15,random_regular,100,4,48,75,2.912494403312053,21,75,0.28,80,81
v2_no_evolution_s15,v2,no_evolution,15,random_regular,100,4,49,16,2.079441541671836,8,16,0.5,13,29
v2_no_evolution_s15,v2,no_evolution,15,random_regular,100,4,50,118,3.504523137785095,46,118,0.3898305084745763,75,81
v2_no_evolution_s15,v2,no_evolution,15,random_regular,100,4,51,44,2.9957322735339904,20,44,0.45454545454545453,91,81
v2_no_evolution_s15,v2,no_evolution,15,random_regular,100,4,52,71,3.271689322296034,29,71,0.4084507042253521,63,29
v2_no_evolution_s15,v2,no_evolution,15,random_regular,100,4,53,158,3.95178304681522,68,158,0.43037974683544306,16,29
v2_no_evolution_s15,v2,no_evolution,15,random_regular,100,4,54,102,3.485587161020812,34,102,0.3333333333333333,19,81
v2_no_evolution_s15,v2,no_evolution,15,random_regular,100,4,55,68,3.0149468801585937,23,68,0.3382352941176471,55,81
v2_no_evolution_s15,v2,no_evolution,15,random_regular,100,4,56,357,4.41963059453285,137,357,0.38375350140056025,60,95
v2_no_evolution_s15,v2,no_evolution,15,random_regular,100,4,57,23,2.253857589591352,12,23,0.5217391304347826,56,29
v2_no_evolution_s15,v2,no_evolution,15,random_regular,100,4,58,9,0.6931471805579453,2,9,0.2222222222222222,4,72
v2_no_evolution_s15,v2,no_evolution,15,random_regular,100,4,59,329,4.384916093315741,114,329,0.3465045592705167,13,29
v2_no_evolution_s15,v2,no_evolution,15,random_regular,100,4,60,87,3.2625679455231658,30,87,0.3448275862068966,33,95
v2_no_evolution_s15,v2,no_evolution,15,random_regular,100,4,61,90,2.985309073304188,30,90,0.3333333333333333,60,53
v2_no_evolution_s15,v2,no_evolution,15,random_regular,100,4,62,1,-1.000088900581841e-12,1,1,1.0,34,53
v2_no_evolution_s15,v2,no_evolution,15,random_regular,100,4,63,196,4.181771015940502,77,196,0.39285714285714285,2,29
v2_no_evolution_s15,v2,no_evolution,15,random_regular,100,4,64,17,1.9061547465328492,8,17,0.47058823529411764,24,53
v2_no_evolution_s15,v2,no_evolution,15,random_regular,100,4,65,23,2.079441541671836,8,23,0.34782608695652173,76,95
v2_no_evolution_s15,v2,no_evolution,15,random_regular,100,4,66,41,2.7080502010872096,15,41,0.36585365853658536,84,81
v2_no_evolution_s15,v2,no_evolution,15,random_regular,100,4,67,30,2.3978952727873706,11,30,0.36666666666666664,78,81
v2_no_evolution_s15,v2,no_evolution,15,random_regular,100,4,68,50,2.7804663689216818,21,50,0.42,69,95
v2_no_evolution_s15,v2,no_evolution,15,random_regular,100,4,69,7,1.3862943611158909,4,7,0.5714285714285714,12,95
v2_no_evolution_s15,v2,no_evolution,15,random_regular,100,4,70,133,3.869229995169538,58,133,0.43609022556390975,75,29
v2_no_evolution_s15,v2,no_evolution,15,random_regular,100,4,71,7,1.3862943611158909,4,7,0.5714285714285714,61,95
v2_no_evolution_s15,v2,no_evolution,15,random_regular,100,4,72,146,3.711047107736691,55,146,0.3767123287671233,1,95
v2_no_evolution_s15,v2,no_evolution,15,random_regular,100,4,73,69,3.1931483947852626,27,69,0.391304347826087,78,81
v2_no_evolution_s15,v2,no_evolution,15,random_regular,100,4,74,17,1.9459101490483133,7,17,0.4117647058823529,89,72
v2_no_evolution_s15,v2,no_evolution,15,random_regular,100,4,75,38,2.4583113296710835,13,38,0.34210526315789475,68,81
v2_no_evolution_s15,v2,no_evolution,15,random_regular,100,4,76,11,1.3862943611158909,4,11,0.36363636363636365,58,81
v2_no_evolution_s15,v2,no_evolution,15,random_regular,100,4,77,66,2.484906649776,12,66,0.18181818181818182,21,29
v2_no_evolution_s15,v2,no_evolution,15,random_regular,100,4,78,48,2.5649493574485365,13,48,0.2708333333333333,66,72
v2_no_evolution_s15,v2,no_evolution,15,random_regular,100,4,79,122,3.550250017965948,40,122,0.32786885245901637,48,72
v2_no_evolution_s15,v2,no_evolution,15,random_regular,100,4,80,247,4.420059758903595,107,247,0.4331983805668016,58,29
v2_no_evolution_s15,v2,no_evolution,15,random_regular,100,4,81,96,3.491660437469239,38,96,0.3958333333333333,30,29
v2_no_evolution_s15,v2,no_evolution,15,random_regular,100,4,82,89,3.2238860684653137,29,89,0.3258426966292135,54,29
v2_no_evolution_s15,v2,no_evolution,15,random_regular,100,4,83,77,3.2409469796527133,34,77,0.44155844155844154,87,81
v2_no_evolution_s15,v2,no_evolution,15,random_regular,100,4,84,118,3.3807521318385856,44,118,0.3728813559322034,31,29
v2_no_evolution_s15,v2,no_evolution,15,random_regular,100,4,85,5,1.0986122886651095,3,5,0.6,32,72
v2_no_evolution_s15,v2,no_evolution,15,random_regular,100,4,86,13,2.079441541671836,8,13,0.6153846153846154,91,95
v2_no_evolution_s15,v2,no_evolution,15,random_regular,100,4,87,10,1.6094379124291005,5,10,0.5,64,95
v2_no_evolution_s15,v2,no_evolution,15,random_regular,100,4,88,185,3.850379861168233,62,185,0.33513513513513515,8,29
v2_no_evolution_s15,v2,no_evolution,15,random_regular,100,4,89,111,3.544511778726858,41,111,0.36936936936936937,48,29
v2_no_evolution_s15,v2,no_evolution,15,random_regular,100,4,90,27,1.9061547465328492,8,27,0.2962962962962963,20,95
v2_no_evolution_s15,v2,no_evolution,15,random_regular,100,4,91,77,3.319419301923096,32,77,0.4155844155844156,89,53
v2_no_evolution_s15,v2,no_evolution,15,random_regular,100,4,92,83,3.0710803627130283,27,83,0.3253012048192771,87,53
v2_no_evolution_s15,v2,no_evolution,15,random_regular,100,4,93,32,2.3978952727873706,11,32,0.34375,20,53
v2_no_evolution_s15,v2,no_evolution,15,random_regular,100,4,94,32,2.3978952727873706,11,32,0.34375,93,29
v2_no_evolution_s15,v2,no_evolution,15,random_regular,100,4,95,5,1.0986122886651095,3,5,0.6,25,95
v2_no_evolution_s15,v2,no_evolution,15,random_regular,100,4,96,5,-1.000088900581841e-12,1,5,0.2,43,72
v2_no_evolution_s15,v2,no_evolution,15,random_regular,100,4,97,24,2.1639556568730565,10,24,0.4166666666666667,58,72
v2_no_evolution_s15,v2,no_evolution,15,random_regular,100,4,98,434,4.572791174153639,158,434,0.3640552995391705,92,53
v2_no_evolution_s15,v2,no_evolution,15,random_regular,100,4,99,344,4.502223454863942,136,344,0.3953488372093023,63,95
v2_no_evolution_s15,v2,no_evolution,15,random_regular,100,4,100,10,1.9459101490483133,7,10,0.7,9,95
v2_no_evolution_s15,v2,no_evolution,15,random_regular,100,4,101,9,1.3862943611158909,4,9,0.4444444444444444,30,81
v2_no_evolution_s15,v2,no_evolution,15,random_regular,100,4,102,51,2.8332133440392155,17,51,0.3333333333333333,45,72
v2_no_evolution_s15,v2,no_evolution,15,random_regular,100,4,103,230,4.103905251301108,79,230,0.34347826086956523,45,29
v2_no_evolution_s15,v2,no_evolution,15,random_regular,100,4,104,207,4.037696039108388,62,207,0.2995169082125604,82,81
v2_no_evolution_s15,v2,no_evolution,15,random_regular,100,4,105,114,3.4124897213676078,33,114,0.2894736842105263,14,53
v2_no_evolution_s15,v2,no_evolution,15,random_regular,100,4,106,132,3.6988543332267927,53,132,0.4015151515151515,56,72
v2_no_evolution_s15,v2,no_evolution,15,random_regular,100,4,107,95,3.446277940884956,40,95,0.42105263157894735,9,72
v2_no_evolution_s15,v2,no_evolution,15,random_regular,100,4,108,59,2.7985132569262934,19,59,0.3220338983050847,3,81
v2_no_evolution_s15,v2,no_evolution,15,random_regular,100,4,109,94,3.422414203983732,32,94,0.3404255319148936,59,72
v2_no_evolution_s15,v2,no_evolution,15,random_regular,100,4,110,0,0.0,0,0,,95,95
v2_no_evolution_s15,v2,no_evolution,15,random_regular,100,4,111,14,1.5607104090364068,6,14,0.42857142857142855,2,53
v2_no_evolution_s15,v2,no_evolution,15,random_regular,100,4,112,15,2.079441541671836,8,15,0.5333333333333333,69,29
v2_no_evolution_s15,v2,no_evolution,15,random_regular,100,4,113,42,2.5649493574485365,13,42,0.30952380952380953,50,95
v2_no_evolution_s15,v2,no_evolution,15,random_regular,100,4,114,28,2.484906649776,12,28,0.42857142857142855,47,29
v2_no_evolution_s15,v2,no_evolution,15,random_regular,100,4,115,10,1.6094379124291005,5,10,0.5,60,29
v2_no_evolution_s15,v2,no_evolution,15,random_regular,100,4,116,98,3.39529715333848,37,98,0.37755102040816324,79,72
v2_no_evolution_s15,v2,no_evolution,15,random_regular,100,4,117,4,-1.000088900581841e-12,1,4,0.25,77,53
v2_no_evolution_s15,v2,no_evolution,15,random_regular,100,4,118,42,2.871476118036867,19,42,0.4523809523809524,69,53
v2_no_evolution_s15,v2,no_evolution,15,random_regular,100,4,119,7,1.3862943611158909,4,7,0.5714285714285714,46,29
v2_no_evolution_s15,v2,no_evolution,15,random_regular,100,4,120,0,0.0,0,0,,81,81
v2_no_evolution_s15,v2,no_evolution,15,random_regular,100,4,121,67,2.736339051089065,18,67,0.26865671641791045,27,95
v2_no_evolution_s15,v2,no_evolution,15,random_regular,100,4,122,32,2.302585092984045,10,32,0.3125,92,95
v2_no_evolution_s15,v2,no_evolution,15,random_regular,100,4,123,64,3.0752205480323718,23,64,0.359375,8,95
v2_no_evolution_s15,v2,no_evolution,15,random_regular,100,4,124,5,1.0986122886651095,3,5,0.6,4,29
v2_no_evolution_s15,v2,no_evolution,15,random_regular,100,4,125,21,1.791759469222055,6,21,0.2857142857142857,62,72
v2_no_evolution_s15,v2,no_evolution,15,random_regular,100,4,126,6,0.6931471805579453,2,6,0.3333333333333333,67,95
v2_no_evolution_s15,v2,no_evolution,15,random_regular,100,4,127,5,0.6931471805579453,2,5,0.4,44,95
v2_no_evolution_s15,v2,no_evolution,15,random_regular,100,4,128,35,2.5993019270857944,16,35,0.45714285714285713,12,29
v2_no_evolution_s15,v2,no_evolution,15,random_regular,100,4,129,212,3.957308380794517,74,212,0.3490566037735849,13,29
v2_no_evolution_s15,v2,no_evolution,15,random_regular,100,4,130,33,2.341994252221425,14,33,0.42424242424242425,39,29
v2_no_evolution_s15,v2,no_evolution,15,random_regular,100,4,131,306,4.366386260225096,110,306,0.35947712418300654,77,95
v2_no_evolution_s15,v2,no_evolution,15,random_regular,100,4,132,51,2.8332133440392155,17,51,0.3333333333333333,15,95
v2_no_evolution_s15,v2,no_evolution,15,random_regular,100,4,133,21,2.079441541671836,8,21,0.38095238095238093,68,53
v2_no_evolution_s15,v2,no_evolution,15,random_regular,100,4,134,29,2.2718685126865625,11,29,0.3793103448275862,23,95
v2_no_evolution_s15,v2,no_evolution,15,random_regular,100,4,135,49,2.639057329601259,14,49,0.2857142857142857,51,29
v2_no_evolution_s15,v2,no_evolution,15,random_regular,100,4,136,4,-1.000088900581841e-12,1,4,0.25,96,81
v2_no_evolution_s15,v2,no_evolution,15,random_regular,100,4,137,4,0.6931471805579453,2,4,0.5,7,95
v2_no_evolution_s15,v2,no_evolution,15,random_regular,100,4,138,50,2.5532370029797145,18,50,0.36,55,81
v2_no_evolution_s15,v2,no_evolution,15,random_regular,100,4,139,53,2.5798439652040237,20,53,0.37735849056603776,90,53
v2_no_evolution_s15,v2,no_evolution,15,random_regular,100,4,140,264,4.26560226890552,95,264,0.35984848484848486,3,72
v2_no_evolution_s15,v2,no_evolution,15,random_regular,100,4,141,1,-1.000088900581841e-12,1,1,1.0,18,72
v2_no_evolution_s15,v2,no_evolution,15,random_regular,100,4,142,7,1.6094379124291005,5,7,0.7142857142857143,58,95
v2_no_evolution_s15,v2,no_evolution,15,random_regular,100,4,143,83,3.170148321450507,30,83,0.3614457831325301,14,53
v2_no_evolution_s15,v2,no_evolution,15,random_regular,100,4,144,36,2.3978952727873706,11,36,0.3055555555555556,5,72
v2_no_evolution_s15,v2,no_evolution,15,random_regular,100,4,145,140,3.796176766408677,55,140,0.39285714285714285,89,72
v2_no_evolution_s15,v2,no_evolution,15,random_regular,100,4,146,20,1.791759469222055,6,20,0.3,97,95
v2_no_evolution_s15,v2,no_evolution,15,random_regular,100,4,147,102,3.382229551479053,43,102,0.4215686274509804,51,29
v2_no_evolution_s15,v2,no_evolution,15,random_regular,100,4,148,8,0.6931471805579453,2,8,0.25,27,53
v2_no_evolution_s15,v2,no_evolution,15,random_regular,100,4,149,316,4.313678542192502,110,316,0.34810126582278483,23,29
v2_no_evolution_s15,v2,no_evolution,15,random_regular,100,4,150,78,3.0752205480323718,23,78,0.2948717948717949,37,95
v2_no_evolution_s15,v2,no_evolution,15,random_regular,100,4,151,6,0.6931471805579453,2,6,0.3333333333333333,27,53
v2_no_evolution_s15,v2,no_evolution,15,random_regular,100,4,152,51,3.098139496330803,26,51,0.5098039215686274,23,95
v2_no_evolution_s15,v2,no_evolution,15,random_regular,100,4,153,24,2.302585092984045,10,24,0.4166666666666667,77,72
v2_no_evolution_s15,v2,no_evolution,15,random_regular,100,4,154,130,3.584522718666359,54,130,0.4153846153846154,90,95
v2_no_evolution_s15,v2,no_evolution,15,random_regular,100,4,155,34,2.5993019270857944,16,34,0.47058823529411764,35,29
v2_no_evolution_s15,v2,no_evolution,15,random_regular,100,4,156,5,0.6931471805579453,2,5,0.4,52,53
v2_no_evolution_s15,v2,no_evolution,15,random_regular,100,4,157,8,1.6094379124291005,5,8,0.625,54,81
v2_no_evolution_s15,v2,no_evolution,15,random_regular,100,4,158,80,3.2924491076317413,32,80,0.4,9,29
v2_no_evolution_s15,v2,no_evolution,15,random_regular,100,4,159,76,3.444813797459462,34,76,0.4473684210526316,47,29
v2_no_evolution_s15,v2,no_evolution,15,random_regular,100,4,160,43,2.540036303807981,14,43,0.32558139534883723,26,53
v2_no_evolution_s15,v2,no_evolution,15,random_regular,100,4,161,59,3.090459923593197,27,59,0.4576271186440678,71,81
v2_no_evolution_s15,v2,no_evolution,15,random_regular,100,4,162,80,3.0149468801585937,23,80,0.2875,12,29
v2_no_evolution_s15,v2,no_evolution,15,random_regular,100,4,163,7,0.6931471805579453,2,7,0.2857142857142857,67,81
v2_no_evolution_s15,v2,no_evolution,15,random_regular,100,4,164,5,1.0986122886651095,3,5,0.6,47,29
v2_no_evolution_s15,v2,no_evolution,15,random_regular,100,4,165,313,4.411326572509356,105,313,0.3354632587859425,88,95
v2_no_evolution_s15,v2,no_evolution,15,random_regular,100,4,166,4,-1.000088900581841e-12,1,4,0.25,41,95
v2_no_evolution_s15,v2,no_evolution,15,random_regular,100,4,167,85,3.2238860684653137,29,85,0.3411764705882353,1,53
v2_no_evolution_s15,v2,no_evolution,15,random_regular,100,4,168,1,-1.000088900581841e-12,1,1,1.0,64,95
v2_no_evolution_s15,v2,no_evolution,15,random_regular,100,4,169,45,2.7804663689216818,21,45,0.4666666666666667,2,72
v2_no_evolution_s15,v2,no_evolution,15,random_regular,100,4,170,14,1.9061547465328492,8,14,0.5714285714285714,75,95
v2_no_evolution_s15,v2,no_evolution,15,random_regular,100,4,171,27,2.441015278014703,14,27,0.5185185185185185,32,53
v2_no_evolution_s15,v2,no_evolution,15,random_regular,100,4,172,79,3.170148321450507,30,79,0.379746835443038,87,72
v2_no_evolution_s15,v2,no_evolution,15,random_regular,100,4,173,32,2.079441541671836,8,32,0.25,20,95
v2_no_evolution_s15,v2,no_evolution,15,random_regular,100,4,174,203,4.132648865321992,75,203,0.3694581280788177,79,53
v2_no_evolution_s15,v2,no_evolution,15,random_regular,100,4,175,37,1.834371970274624,10,37,0.2702702702702703,70,72
v2_no_evolution_s15,v2,no_evolution,15,random_regular,100,4,176,92,3.3478774190495706,34,92,0.3695652173913043,27,95
v2_no_evolution_s15,v2,no_evolution,15,random_regular,100,4,177,87,3.4911163241998726,43,87,0.4942528735632184,87,53
v2_no_evolution_s15,v2,no_evolution,15,random_regular,100,4,178,267,4.365059987710677,107,267,0.40074906367041196,40,53
v2_no_evolution_s15,v2,no_evolution,15,random_regular,100,4,179,134,3.923889417642371,60,134,0.44776119402985076,57,81
v2_no_evolution_s15,v2,no_evolution,15,random_regular,100,4,180,84,3.2706069569122977,33,84,0.39285714285714285,80,29
v2_no_evolution_s15,v2,no_evolution,15,random_regular,100,4,181,266,4.20816455995528,85,266,0.31954887218045114,56,29
v2_no_evolution_s15,v2,no_evolution,15,random_regular,100,4,182,69,2.9785084205072385,21,69,0.30434782608695654,24,81
v2_no_evolution_s15,v2,no_evolution,15,random_regular,100,4,183,46,2.813355404483615,18,46,0.391304347826087,31,29
v2_no_evolution_s15,v2,no_evolution,15,random_regular,100,4,184,138,3.89182242136326,53,138,0.38405797101449274,54,53
v2_no_evolution_s15,v2,no_evolution,15,random_regular,100,4,185,5,1.3862943611158909,4,5,0.8,1,72
v2_no_evolution_s15,v2,no_evolution,15,random_regular,100,4,186,5,1.0986122886651095,3,5,0.6,40,81
v2_no_evolution_s15,v2,no_evolution,15,random_regular,100,4,187,6,0.6931471805579453,2,6,0.3333333333333333,43,29
v2_no_evolution_s15,v2,no_evolution,15,random_regular,100,4,188,300,4.296710995264382,98,300,0.32666666666666666,5,95
v2_no_evolution_s15,v2,no_evolution,15,random_regular,100,4,189,210,4.203048333272078,76,210,0.3619047619047619,52,72
v2_no_evolution_s15,v2,no_evolution,15,random_regular,100,4,190,94,3.042845487793544,30,94,0.3191489361702128,18,72
v2_no_evolution_s15,v2,no_evolution,15,random_regular,100,4,191,192,3.822748991175636,60,192,0.3125,68,29
v2_no_evolution_s15,v2,no_evolution,15,random_regular,100,4,192,86,3.4175513062691563,41,86,0.47674418604651164,80,81
v2_no_evolution_s15,v2,no_evolution,15,random_regular,100,4,193,3,1.0986122886651095,3,3,1.0,63,29
v2_no_evolution_s15,v2,no_evolution,15,random_regular,100,4,194,4,-1.000088900581841e-12,1,4,0.25,96,81
v2_no_evolution_s15,v2,no_evolution,15,random_regular,100,4,195,43,2.369382119683676,12,43,0.27906976744186046,4,29
v2_no_evolution_s15,v2,no_evolution,15,random_regular,100,4,196,107,3.2238860684653137,29,107,0.27102803738317754,74,81
v2_no_evolution_s15,v2,no_evolution,15,random_regular,100,4,197,80,3.319492576126754,29,80,0.3625,13,29
v2_no_evolution_s15,v2,no_evolution,15,random_regular,100,4,198,112,3.584686979329951,47,112,0.41964285714285715,4,72
v2_no_evolution_s15,v2,no_evolution,15,random_regular,100,4,199,44,2.245035274116177,13,44,0.29545454545454547,88,29
v2_no_evolution_s15,v2,no_evolution,15,random_regular,100,4,200,29,2.3516733018936304,13,29,0.4482758620689655,73,53
v2_no_evolution_s15,v2,no_evolution,15,random_regular,100,4,201,39,2.772588722223781,16,39,0.41025641025641024,16,29
v2_no_evolution_s15,v2,no_evolution,15,random_regular,100,4,202,32,2.61563057701355,15,32,0.46875,79,29
v2_no_evolution_s15,v2,no_evolution,15,random_regular,100,4,203,44,2.3701349548703625,18,44,0.4090909090909091,57,95
v2_no_evolution_s15,v2,no_evolution,15,random_regular,100,4,204,267,4.309383119271267,104,267,0.3895131086142322,65,72
v2_no_evolution_s15,v2,no_evolution,15,random_regular,100,4,205,3,1.0986122886651095,3,3,1.0,26,72
v2_no_evolution_s15,v2,no_evolution,15,random_regular,100,4,206,55,3.0910424533363146,22,55,0.4,30,95
v2_no_evolution_s15,v2,no_evolution,15,random_regular,100,4,207,32,2.441015278014703,14,32,0.4375,40,53
v2_no_evolution_s15,v2,no_evolution,15,random_regular,100,4,208,189,3.994111947658137,71,189,0.37566137566137564,0,72
v2_no_evolution_s15,v2,no_evolution,15,random_regular,100,4,209,72,3.204777524107256,26,72,0.3611111111111111,3,95
v2_no_evolution_s15,v2,no_evolution,15,random_regular,100,4,210,35,2.484906649776,12,35,0.34285714285714286,82,81
v2_no_evolution_s15,v2,no_evolution,15,random_regular,100,4,211,8,1.0986122886651095,3,8,0.375,73,29
v2_no_evolution_s15,v2,no_evolution,15,random_regular,100,4,212,157,3.8184582605773336,63,157,0.4012738853503185,35,72
v2_no_evolution_s15,v2,no_evolution,15,random_regular,100,4,213,78,3.0351414327703696,28,78,0.358974358974359,0,95
v2_no_evolution_s15,v2,no_evolution,15,random_regular,100,4,214,119,3.721176253825357,44,119,0.3697478991596639,44,53
v2_no_evolution_s15,v2,no_evolution,15,random_regular,100,4,215,0,0.0,0,0,,72,72
v2_no_evolution_s15,v2,no_evolution,15,random_regular,100,4,216,4,-1.000088900581841e-12,1,4,0.25,77,53
v2_no_evolution_s15,v2,no_evolution,15,random_regular,100,4,217,25,2.197224577327219,9,25,0.36,40,81
v2_no_evolution_s15,v2,no_evolution,15,random_regular,100,4,218,42,2.751666616915516,17,42,0.40476190476190477,65,72
v2_no_evolution_s15,v2,no_evolution,15,random_regular,100,4,219,5,0.6931471805579453,2,5,0.4,37,81
v2_no_evolution_s15,v2,no_evolution,15,random_regular,100,4,220,70,3.098139496330803,26,70,0.37142857142857144,98,53
v2_no_evolution_s15,v2,no_evolution,15,random_regular,100,4,221,91,3.3445488585774434,31,91,0.34065934065934067,3,95
v2_no_evolution_s15,v2,no_evolution,15,random_regular,100,4,222,153,3.967097347146706,63,153,0.4117647058823529,12,29
v2_no_evolution_s15,v2,no_evolution,15,random_regular,100,4,223,35,2.302585092984045,10,35,0.2857142857142857,35,72
v2_no_evolution_s15,v2,no_evolution,15,random_regular,100,4,224,33,2.3978952727873706,11,33,0.3333333333333333,83,81
v2_no_evolution_s15,v2,no_evolution,15,random_regular,100,4,225,0,0.0,0,0,,81,81
v2_no_evolution_s15,v2,no_evolution,15,random_regular,100,4,226,42,2.61563057701355,15,42,0.35714285714285715,42,81
v2_no_evolution_s15,v2,no_evolution,15,random_regular,100,4,227,130,3.481703979787218,42,130,0.3230769230769231,40,81
v2_no_evolution_s15,v2,no_evolution,15,random_regular,100,4,228,341,4.475297815743676,111,341,0.3255131964809384,0,81
v2_no_evolution_s15,v2,no_evolution,15,random_regular,100,4,229,1,-1.000088900581841e-12,1,1,1.0,18,72
v2_no_evolution_s15,v2,no_evolution,15,random_regular,100,4,230,4,0.6931471805579453,2,4,0.5,35,72
v2_no_evolution_s15,v2,no_evolution,15,random_regular,100,4,231,6,1.3862943611158909,4,6,0.6666666666666666,40,53
v2_no_evolution_s15,v2,no_evolution,15,random_regular,100,4,232,14,1.5607104090364068,6,14,0.42857142857142855,9,29
v2_no_evolution_s15,v2,no_evolution,15,random_regular,100,4,233,59,2.7159557099566487,24,59,0.4067796610169492,1,81
v2_no_evolution_s15,v2,no_evolution,15,random_regular,100,4,234,135,3.857200199892269,59,135,0.43703703703703706,86,72
v2_no_evolution_s15,v2,no_evolution,15,random_regular,100,4,235,133,3.830895721041939,55,133,0.41353383458646614,11,53
v2_no_evolution_s15,v2,no_evolution,15,random_regular,100,4,236,108,3.71424286565366,45,108,0.4166666666666667,96,53
v2_no_evolution_s15,v2,no_evolution,15,random_regular,100,4,237,34,2.4583113296710835,13,34,0.38235294117647056,85,29
v2_no_evolution_s15,v2,no_evolution,15,random_regular,100,4,238,12,1.791759469222055,6,12,0.5,21,72
v2_no_evolution_s15,v2,no_evolution,15,random_regular,100,4,239,163,3.9929768661710368,62,163,0.3803680981595092,64,72
v2_no_evolution_s15,v2,no_evolution,15,random_regular,100,4,240,47,2.5649493574485365,13,47,0.2765957446808511,68,95
v2_no_evolution_s15,v2,no_evolution,15,random_regular,100,4,241,104,3.2905908338114545,41,104,0.3942307692307692,32,53
v2_no_evolution_s15,v2,no_evolution,15,random_regular,100,4,242,265,4.321924990706972,99,265,0.37358490566037733,41,29
v2_no_evolution_s15,v2,no_evolution,15,random_regular,100,4,243,124,3.638648592450092,42,124,0.3387096774193548,36,72
v2_no_evolution_s15,v2,no_evolution,15,random_regular,100,4,244,63,3.0752205480323718,23,63,0.36507936507936506,19,81
v2_no_evolution_s15,v2,no_evolution,15,random_regular,100,4,245,24,2.639057329601259,14,24,0.5833333333333334,70,81
v2_no_evolution_s15,v2,no_evolution,15,random_regular,100,4,246,46,2.725550395815721,19,46,0.41304347826086957,42,81
v2_no_evolution_s15,v2,no_evolution,15,random_regular,100,4,247,34,2.5649493574485365,13,34,0.38235294117647056,39,81
v2_no_evolution_s15,v2,no_evolution,15,random_regular,100,4,248,51,3.2826939972510645,28,51,0.5490196078431373,46,81
v2_no_evolution_s15,v2,no_evolution,15,random_regular,100,4,249,103,3.752682943849809,44,103,0.42718446601941745,49,53
v2_no_evolution_s15,v2,no_evolution,15,random_regular,100,4,250,50,2.751666616915516,17,50,0.34,47,72
v2_no_evolution_s15,v2,no_evolution,15,random_regular,100,4,251,1,-1.000088900581841e-12,1,1,1.0,33,95
v2_no_evolution_s15,v2,no_evolution,15,random_regular,100,4,252,13,1.0986122886651095,3,13,0.23076923076923078,38,72
v2_no_evolution_s15,v2,no_evolution,15,random_regular,100,4,253,43,2.751666616915516,17,43,0.3953488372093023,47,81
v2_no_evolution_s15,v2,no_evolution,15,random_regular,100,4,254,35,2.369382119683676,12,35,0.34285714285714286,32,29
v2_no_evolution_s15,v2,no_evolution,15,random_regular,100,4,255,22,2.2718685126865625,11,22,0.5,94,95
v2_no_evolution_s15,v2,no_evolution,15,random_regular,100,4,256,24,2.639057329601259,14,24,0.5833333333333334,75,72
v2_no_evolution_s15,v2,no_evolution,15,random_regular,100,4,257,6,1.0986122886651095,3,6,0.5,59,81
v2_no_evolution_s15,v2,no_evolution,15,random_regular,100,4,258,116,3.472414980727339,39,116,0.33620689655172414,30,53
v2_no_evolution_s15,v2,no_evolution,15,random_regular,100,4,259,35,2.4799555205315174,16,35,0.45714285714285713,43,81
v2_no_evolution_s15,v2,no_evolution,15,random_regular,100,4,260,372,4.495403866744804,132,372,0.3548387096774194,16,95
v2_no_evolution_s15,v2,no_evolution,15,random_regular,100,4,261,206,4.060057457896323,71,206,0.3446601941747573,87,53
v2_no_evolution_s15,v2,no_evolution,15,random_regular,100,4,262,11,1.6094379124291005,5,11,0.45454545454545453,56,29
v2_no_evolution_s15,v2,no_evolution,15,random_regular,100,4,263,228,3.9899733394091386,67,228,0.29385964912280704,99,72
v2_no_evolution_s15,v2,no_evolution,15,random_regular,100,4,264,123,3.223592915917948,39,123,0.3170731707317073,12,95
v2_no_evolution_s15,v2,no_evolution,15,random_regular,100,4,265,282,4.293859277564289,110,282,0.3900709219858156,51,81
v2_no_evolution_s15,v2,no_evolution,15,random_regular,100,4,266,35,2.772588722223781,16,35,0.45714285714285713,49,53
v2_no_evolution_s15,v2,no_evolution,15,random_regular,100,4,267,86,3.232775904355102,32,86,0.37209302325581395,80,95
v2_no_evolution_s15,v2,no_evolution,15,random_regular,100,4,268,124,3.68343632429644,45,124,0.3629032258064516,24,95
v2_no_evolution_s15,v2,no_evolution,15,random_regular,100,4,269,0,0.0,0,0,,95,95
v2_no_evolution_s15,v2,no_evolution,15,random_regular,100,4,270,17,1.9459101490483133,7,17,0.4117647058823529,8,29
v2_no_evolution_s15,v2,no_evolution,15,random_regular,100,4,271,72,2.712962173036891,22,72,0.3055555555555556,97,81
v2_no_evolution_s15,v2,no_evolution,15,random_regular,100,4,272,119,3.6834363242964407,45,119,0.37815126050420167,23,53
v2_no_evolution_s15,v2,no_evolution,15,random_regular,100,4,273,1,-1.000088900581841e-12,1,1,1.0,41,95
v2_no_evolution_s15,v2,no_evolution,15,random_regular,100,4,274,43,2.61563057701355,15,43,0.3488372093023256,65,81
v2_no_evolution_s15,v2,no_evolution,15,random_regular,100,4,275,74,3.4224142039837315,32,74,0.43243243243243246,47,95
v2_no_evolution_s15,v2,no_evolution,15,random_regular,100,4,276,99,3.38611342162081,37,99,0.37373737373737376,73,29
v2_no_evolution_s15,v2,no_evolution,15,random_regular,100,4,277,23,2.441015278014703,14,23,0.6086956521739131,27,95
v2_no_evolution_s15,v2,no_evolution,15,random_regular,100,4,278,244,4.273564522294432,93,244,0.38114754098360654,57,53
v2_no_evolution_s15,v2,no_evolution,15,random_regular,100,4,279,199,4.043352923063129,76,199,0.38190954773869346,37,72
v2_no_evolution_s15,v2,no_evolution,15,random_regular,100,4,280,2,-1.000088900581841e-12,1,2,0.5,64,95
v2_no_evolution_s15,v2,no_evolution,15,random_regular,100,4,281,10,1.9459101490483133,7,10,0.7,19,95
v2_no_evolution_s15,v2,no_evolution,15,random_regular,100,4,282,104,3.5849073769929456,40,104,0.38461538461538464,13,53
v2_no_evolution_s15,v2,no_evolution,15,random_regular,100,4,283,109,2.7738522086634823,23,109,0.21100917431192662,39,29
v2_no_evolution_s15,v2,no_evolution,15,random_regular,100,4,284,3,-1.000088900581841e-12,1,3,0.3333333333333333,34,53
v2_no_evolution_s15,v2,no_evolution,15,random_regular,100,4,285,24,2.4583113296710835,13,24,0.5416666666666666,93,81
v2_no_evolution_s15,v2,no_evolution,15,random_regular,100,4,286,306,4.256842671610829,108,306,0.35294117647058826,57,29
v2_no_evolution_s15,v2,no_evolution,15,random_regular,100,4,287,10,1.0986122886651095,3,10,0.3,96,81
v2_no_evolution_s15,v2,no_evolution,15,random_regular,100,4,288,16,1.054920167983144,5,16,0.3125,18,72
v2_no_evolution_s15,v2,no_evolution,15,random_regular,100,4,289,171,3.895592301736873,66,171,0.38596491228070173,87,81
v2_no_evolution_s15,v2,no_evolution,15,random_regular,100,4,290,45,2.772588722223781,16,45,0.35555555555555557,26,95
v2_no_evolution_s15,v2,no_evolution,15,random_regular,100,4,291,1,-1.000088900581841e-12,1,1,1.0,77,53
v2_no_evolution_s15,v2,no_evolution,15,random_regular,100,4,292,60,2.947004770141297,24,60,0.4,47,95
v2_no_evolution_s15,v2,no_evolution,15,random_regular,100,4,293,0,0.0,0,0,,81,81
v2_no_evolution_s15,v2,no_evolution,15,random_regular,100,4,294,53,2.9970687270680187,25,53,0.4716981132075472,51,29
v2_no_evolution_s15,v2,no_evolution,15,random_regular,100,4,295,44,2.736339051089065,18,44,0.4090909090909091,99,29
v2_no_evolution_s15,v2,no_evolution,15,random_regular,100,4,296,115,3.480935299911953,40,115,0.34782608695652173,10,81
v2_no_evolution_s15,v2,no_evolution,15,random_regular,100,4,297,5,1.0986122886651095,3,5,0.6,2,53
v2_no_evolution_s15,v2,no_evolution,15,random_regular,100,4,298,63,2.9785084205072385,21,63,0.3333333333333333,89,29
v2_no_evolution_s15,v2,no_evolution,15,random_regular,100,4,299,99,3.1064969046220257,30,99,0.30303030303030304,32,29
v2_no_evolution_s15,v2,no_evolution,15,random_regular,100,4,300,154,3.690215907604963,50,154,0.3246753246753247,9,29
v2_no_evolution_s15,v2,no_evolution,15,random_regular,100,4,301,6,1.3862943611158909,4,6,0.6666666666666666,50,29
v2_no_evolution_s15,v2,no_evolution,15,random_regular,100,4,302,295,4.203492546336899,123,295,0.41694915254237286,11,95
v2_no_evolution_s15,v2,no_evolution,15,random_regular,100,4,303,101,3.605641583852999,42,101,0.4158415841584158,60,29
v2_no_evolution_s15,v2,no_evolution,15,random_regular,100,4,304,28,2.197224577327219,9,28,0.32142857142857145,68,53
v2_no_evolution_s15,v2,no_evolution,15,random_regular,100,4,305,152,3.781122728557824,61,152,0.40131578947368424,19,95
v2_no_evolution_s15,v2,no_evolution,15,random_regular,100,4,306,61,2.838988933136699,22,61,0.36065573770491804,30,29
v2_no_evolution_s15,v2,no_evolution,15,random_regular,100,4,307,132,3.71424286565366,45,132,0.3409090909090909,66,95
v2_no_evolution_s15,v2,no_evolution,15,random_regular,100,4,308,162,3.711308156036908,52,162,0.32098765432098764,49,95
v2_no_evolution_s15,v2,no_evolution,15,random_regular,100,4,309,105,3.5065025850265608,36,105,0.34285714285714286,36,29
v2_no_evolution_s15,v2,no_evolution,15,random_regular,100,4,310,27,2.245035274116177,13,27,0.48148148148148145,91,29
v2_no_evolution_s15,v2,no_evolution,15,random_regular,100,4,311,0,0.0,0,0,,53,53
v2_no_evolution_s15,v2,no_evolution,15,random_regular,100,4,312,40,2.302585092984045,10,40,0.25,3,72
v2_no_evolution_s15,v2,no_evolution,15,random_regular,100,4,313,2,0.6931471805579453,2,2,1.0,99,29
v2_no_evolution_s15,v2,no_evolution,15,random_regular,100,4,314,61,3.244492630381296,27,61,0.4426229508196721,7,53
v2_no_evolution_s15,v2,no_evolution,15,random_regular,100,4,315,16,2.197224577327219,9,16,0.5625,15,81
v2_no_evolution_s15,v2,no_evolution,15,random_regular,100,4,316,264,4.098341573272809,93,264,0.3522727272727273,90,81
v2_no_evolution_s15,v2,no_evolution,15,random_regular,100,4,317,23,2.484906649776,12,23,0.5217391304347826,43,29
v2_no_evolution_s15,v2,no_evolution,15,random_regular,100,4,318,58,2.7080502010872096,15,58,0.25862068965517243,8,95
v2_no_evolution_s15,v2,no_evolution,15,random_regular,100,4,319,68,2.7511022893693715,23,68,0.3382352941176471,40,81
v2_no_evolution_s15,v2,no_evolution,15,random_regular,100,4,320,184,4.036417320015472,73,184,0.3967391304347826,8,95
v2_no_evolution_s15,v2,no_evolution,15,random_regular,100,4,321,38,2.369382119683676,12,38,0.3157894736842105,12,53
v2_no_evolution_s15,v2,no_evolution,15,random_regular,100,4,322,312,4.0742608610719895,103,312,0.3301282051282051,31,95
v2_no_evolution_s15,v2,no_evolution,15,random_regular,100,4,323,25,1.4941751382843085,8,25,0.32,97,72
v2_no_evolution_s15,v2,no_evolution,15,random_regular,100,4,324,48,2.5993019270857944,16,48,0.3333333333333333,8,29
v2_no_evolution_s15,v2,no_evolution,15,random_regular,100,4,325,69,3.10797227595561,25,69,0.36231884057971014,47,81
v2_no_evolution_s15,v2,no_evolution,15,random_regular,100,4,326,195,3.9110096832548704,68,195,0.3487179487179487,12,95
v2_no_evolution_s15,v2,no_evolution,15,random_regular,100,4,327,160,3.829582380890472,61,160,0.38125,50,29
v2_no_evolution_s15,v2,no_evolution,15,random_regular,100,4,328,41,2.61563057701355,15,41,0.36585365853658536,0,95
v2_no_evolution_s15,v2,no_evolution,15,random_regular,100,4,329,113,3.68343632429644,45,113,0.39823008849557523,89,29
v2_no_evolution_s15,v2,no_evolution,15,random_regular,100,4,330,27,2.197224577327219,9,27,0.3333333333333333,59,95
v2_no_evolution_s15,v2,no_evolution,15,random_regular,100,4,331,145,3.5213776090567093,39,145,0.2689655172413793,42,72
v2_no_evolution_s15,v2,no_evolution,15,random_regular,100,4,332,132,3.5479174700954985,50,132,0.3787878787878788,60,72
v2_no_evolution_s15,v2,no_evolution,15,random_regular,100,4,333,0,0.0,0,0,,53,53
v2_no_evolution_s15,v2,no_evolution,15,random_regular,100,4,334,4,1.0986122886651095,3,4,0.75,67,53
v2_no_evolution_s15,v2,no_evolution,15,random_regular,100,4,335,2,-1.000088900581841e-12,1,2,0.5,38,72
v2_no_evolution_s15,v2,no_evolution,15,random_regular,100,4,336,35,2.302585092984045,10,35,0.2857142857142857,54,81
v2_no_evolution_s15,v2,no_evolution,15,random_regular,100,4,337,111,3.4761312408209912,35,111,0.3153153153153153,65,95
v2_no_evolution_s15,v2,no_evolution,15,random_regular,100,4,338,62,3.204777524107256,26,62,0.41935483870967744,19,95
v2_no_evolution_s15,v2,no_evolution,15,random_regular,100,4,339,25,1.834371970274624,10,25,0.4,45,29
v2_no_evolution_s15,v2,no_evolution,15,random_regular,100,4,340,6,1.0986122886651095,3,6,0.5,64,95
v2_no_evolution_s15,v2,no_evolution,15,random_regular,100,4,341,101,3.335770806415738,32,101,0.31683168316831684,96,95
v2_no_evolution_s15,v2,no_evolution,15,random_regular,100,4,342,148,3.745766062369954,55,148,0.3716216216216216,14,81
v2_no_evolution_s15,v2,no_evolution,15,random_regular,100,4,343,0,0.0,0,0,,29,29
v2_no_evolution_s15,v2,no_evolution,15,random_regular,100,4,344,13,0.6931471805579453,2,13,0.15384615384615385,31,53
v2_no_evolution_s15,v2,no_evolution,15,random_regular,100,4,345,69,3.1656721668240384,31,69,0.4492753623188406,3,95
v2_no_evolution_s15,v2,no_evolution,15,random_regular,100,4,346,66,3.0624332675329966,29,66,0.4393939393939394,92,29
v2_no_evolution_s15,v2,no_evolution,15,random_regular,100,4,347,201,3.9452460813609274,69,201,0.34328358208955223,0,29
v2_no_evolution_s15,v2,no_evolution,15,random_regular,100,4,348,1,-1.000088900581841e-12,1,1,1.0,77,53
v2_no_evolution_s15,v2,no_evolution,15,random_regular,100,4,349,21,1.9459101490483133,7,21,0.3333333333333333,82,81
v2_no_evolution_s15,v2,no_evolution,15,random_regular,100,4,350,15,1.0986122886651095,3,15,0.2,55,72
v2_no_evolution_s15,v2,no_evolution,15,random_regular,100,4,351,215,4.162001287721817,83,215,0.386046511627907,68,29
v2_no_evolution_s15,v2,no_evolution,15,random_regular,100,4,352,64,2.5986051779823067,21,64,0.328125,20,53
v2_no_evolution_s15,v2,no_evolution,15,random_regular,100,4,353,77,3.1418041591892294,27,77,0.35064935064935066,36,95
v2_no_evolution_s15,v2,no_evolution,15,random_regular,100,4,354,2,-1.000088900581841e-12,1,2,0.5,96,81
v2_no_evolution_s15,v2,no_evolution,15,random_regular,100,4,355,116,3.773393569271156,50,116,0.43103448275862066,11,29
v2_no_evolution_s15,v2,no_evolution,15,random_regular,100,4,356,82,3.313961701542687,36,82,0.43902439024390244,49,72
v2_no_evolution_s15,v2,no_evolution,15,random_regular,100,4,357,6,1.3862943611158909,4,6,0.6666666666666666,45,81
v2_no_evolution_s15,v2,no_evolution,15,random_regular,100,4,358,37,2.079441541671836,8,37,0.21621621621621623,24,53
v2_no_evolution_s15,v2,no_evolution,15,random_regular,100,4,359,72,2.685945324654788,16,72,0.2222222222222222,79,81
v2_no_evolution_s15,v2,no_evolution,15,random_regular,100,4,360,31,2.3978952727873706,11,31,0.3548387096774194,73,81
v2_no_evolution_s15,v2,no_evolution,15,random_regular,100,4,361,7,1.0986122886651095,3,7,0.42857142857142855,0,53
v2_no_evolution_s15,v2,no_evolution,15,random_regular,100,4,362,129,3.617683558888374,46,129,0.35658914728682173,89,72
v2_no_evolution_s15,v2,no_evolution,15,random_regular,100,4,363,79,3.244492630381296,27,79,0.34177215189873417,57,81
v2_no_evolution_s15,v2,no_evolution,15,random_regular,100,4,364,146,3.7684554093505143,56,146,0.3835616438356164,8,95
v2_no_evolution_s15,v2,no_evolution,15,random_regular,100,4,365,209,4.030535581618816,69,209,0.33014354066985646,84,72
v2_no_evolution_s15,v2,no_evolution,15,random_regular,100,4,366,7,1.3862943611158909,4,7,0.5714285714285714,41,53
v2_no_evolution_s15,v2,no_evolution,15,random_regular,100,4,367,144,3.957361364868336,61,144,0.4236111111111111,66,72
v2_no_evolution_s15,v2,no_evolution,15,random_regular,100,4,368,161,3.803383701899661,58,161,0.36024844720496896,1,53
v2_no_evolution_s15,v2,no_evolution,15,random_regular,100,4,369,4,0.6931471805579453,2,4,0.5,77,95
v2_no_evolution_s15,v2,no_evolution,15,random_regular,100,4,370,26,1.5498260458732018,7,26,0.2692307692307692,73,29
v2_no_evolution_s15,v2,no_evolution,15,random_regular,100,4,371,36,2.540036303807981,14,36,0.3888888888888889,97,72
v2_no_evolution_s15,v2,no_evolution,15,random_regular,100,4,372,5,0.6931471805579453,2,5,0.4,23,29
v2_no_evolution_s15,v2,no_evolution,15,random_regular,100,4,373,47,2.9650156932365066,22,47,0.46808510638297873,45,53
v2_no_evolution_s15,v2,no_evolution,15,random_regular,100,4,374,137,3.758472410905133,51,137,0.3722627737226277,2,95
v2_no_evolution_s15,v2,no_evolution,15,random_regular,100,4,375,51,2.813355404483615,18,51,0.35294117647058826,73,81
v2_no_evolution_s15,v2,no_evolution,15,random_regular,100,4,376,41,2.393312122962524,16,41,0.3902439024390244,88,81
v2_no_evolution_s15,v2,no_evolution,15,random_regular,100,4,377,45,2.6593226976945163,18,45,0.4,66,53
v2_no_evolution_s15,v2,no_evolution,15,random_regular,100,4,378,118,3.39529715333848,37,118,0.3135593220338983,44,29
v2_no_evolution_s15,v2,no_evolution,15,random_regular,100,4,379,17,1.9459101490483133,7,17,0.4117647058823529,7,72
v2_no_evolution_s15,v2,no_evolution,15,random_regular,100,4,380,60,3.14180415918923,27,60,0.45,11,53
v2_no_evolution_s15,v2,no_evolution,15,random_regular,100,4,381,29,2.1639556568730565,10,29,0.3448275862068966,61,53
v2_no_evolution_s15,v2,no_evolution,15,random_regular,100,4,382,38,2.5649493574485365,13,38,0.34210526315789475,66,95
v2_no_evolution_s15,v2,no_evolution,15,random_regular,100,4,383,0,0.0,0,0,,72,72
v2_no_evolution_s15,v2,no_evolution,15,random_regular,100,4,384,50,2.5993019270857944,16,50,0.32,75,81
v2_no_evolution_s15,v2,no_evolution,15,random_regular,100,4,385,4,0.6931471805579453,2,4,0.5,67,53
v2_no_evolution_s15,v2,no_evolution,15,random_regular,100,4,386,0,0.0,0,0,,29,29
v2_no_evolution_s15,v2,no_evolution,15,random_regular,100,4,387,40,2.685945324654788,16,40,0.4,85,29
v2_no_evolution_s15,v2,no_evolution,15,random_regular,100,4,388,179,3.99571645395058,65,179,0.36312849162011174,15,95
v2_no_evolution_s15,v2,no_evolution,15,random_regular,100,4,389,268,4.239760181658956,99,268,0.3694029850746269,9,72
v2_no_evolution_s15,v2,no_evolution,15,random_regular,100,4,390,7,0.6931471805579453,2,7,0.2857142857142857,35,53
v2_no_evolution_s15,v2,no_evolution,15,random_regular,100,4,391,190,4.010664300021868,67,190,0.3526315789473684,17,29
v2_no_evolution_s15,v2,no_evolution,15,random_regular,100,4,392,82,2.787788119369007,20,82,0.24390243902439024,86,81
v2_no_evolution_s15,v2,no_evolution,15,random_regular,100,4,393,96,3.414739581281256,39,96,0.40625,20,95
v2_no_evolution_s15,v2,no_evolution,15,random_regular,100,4,394,57,2.61563057701355,15,57,0.2631578947368421,36,29
v2_no_evolution_s15,v2,no_evolution,15,random_regular,100,4,395,22,2.1639556568730565,10,22,0.45454545454545453,12,53
v2_no_evolution_s15,v2,no_evolution,15,random_regular,100,4,396,72,2.9785084205072385,21,72,0.2916666666666667,88,53
v2_no_evolution_s15,v2,no_evolution,15,random_regular,100,4,397,4,1.0986122886651095,3,4,0.75,19,53
v2_no_evolution_s15,v2,no_evolution,15,random_regular,100,4,398,90,3.299829685639092,31,90,0.34444444444444444,28,72
v2_no_evolution_s15,v2,no_evolution,15,random_regular,100,4,399,72,3.110236521363716,29,72,0.4027777777777778,49,95
v2_no_evolution_s15,v2,no_evolution,15,random_regular,100,4,400,0,0.0,0,0,,29,29
v2_no_evolution_s15,v2,no_evolution,15,random_regular,100,4,401,7,1.6094379124291005,5,7,0.7142857142857143,93,72
v2_no_evolution_s15,v2,no_evolution,15,random_regular,100,4,402,158,3.893131622084398,58,158,0.3670886075949367,27,95
v2_no_evolution_s15,v2,no_evolution,15,random_regular,100,4,403,103,3.4049278883658625,38,103,0.36893203883495146,90,72
v2_no_evolution_s15,v2,no_evolution,15,random_regular,100,4,404,47,3.0752205480323718,23,47,0.48936170212765956,8,72
v2_no_evolution_s15,v2,no_evolution,15,random_regular,100,4,405,160,3.844605690754974,52,160,0.325,86,72
v2_no_evolution_s15,v2,no_evolution,15,random_regular,100,4,406,68,2.5986051779823067,21,68,0.3088235294117647,23,95
v2_no_evolution_s15,v2,no_evolution,15,random_regular,100,4,407,61,2.4254797084207183,17,61,0.2786885245901639,91,95
v2_no_evolution_s15,v2,no_evolution,15,random_regular,100,4,408,8,1.0986122886651095,3,8,0.375,42,29
v2_no_evolution_s15,v2,no_evolution,15,random_regular,100,4,409,25,2.1639556568730565,10,25,0.4,28,72
v2_no_evolution_s15,v2,no_evolution,15,random_regular,100,4,410,68,3.335770806415738,32,68,0.47058823529411764,20,72
v2_no_evolution_s15,v2,no_evolution,15,random_regular,100,4,411,61,2.902002313186603,22,61,0.36065573770491804,15,29
v2_no_evolution_s15,v2,no_evolution,15,random_regular,100,4,412,51,2.813355404483615,18,51,0.35294117647058826,48,72
v2_no_evolution_s15,v2,no_evolution,15,random_regular,100,4,413,184,3.6753987526735705,60,184,0.32608695652173914,12,29
v2_no_evolution_s15,v2,no_evolution,15,random_regular,100,4,414,15,1.7478680974607577,7,15,0.4666666666666667,23,95
v2_no_evolution_s15,v2,no_evolution,15,random_regular,100,4,415,32,2.302585092984045,10,32,0.3125,41,29
v2_no_evolution_s15,v2,no_evolution,15,random_regular,100,4,416,31,2.3516733018936304,13,31,0.41935483870967744,36,53
v2_no_evolution_s15,v2,no_evolution,15,random_regular,100,4,417,16,1.9459101490483133,7,16,0.4375,32,29
v2_no_evolution_s15,v2,no_evolution,15,random_regular,100,4,418,129,3.6364454331777054,46,129,0.35658914728682173,55,81
v2_no_evolution_s15,v2,no_evolution,15,random_regular,100,4,419,1,-1.000088900581841e-12,1,1,1.0,52,95
v2_no_evolution_s15,v2,no_evolution,15,random_regular,100,4,420,9,1.6094379124291005,5,9,0.5555555555555556,22,95
v2_no_evolution_s15,v2,no_evolution,15,random_regular,100,4,421,56,2.8903717578781647,18,56,0.32142857142857145,6,81
v2_no_evolution_s15,v2,no_evolution,15,random_regular,100,4,422,14,1.6094379124291005,5,14,0.35714285714285715,92,53
v2_no_evolution_s15,v2,no_evolution,15,random_regular,100,4,423,9,1.3862943611158909,4,9,0.4444444444444444,25,81
v2_no_evolution_s15,v2,no_evolution,15,random_regular,100,4,424,5,-1.000088900581841e-12,1,5,0.2,77,81
v2_no_evolution_s15,v2,no_evolution,15,random_regular,100,4,425,33,2.484906649776,12,33,0.36363636363636365,12,95
v2_no_evolution_s15,v2,no_evolution,15,random_regular,100,4,426,81,3.6121358939014394,41,81,0.5061728395061729,89,29
v2_no_evolution_s15,v2,no_evolution,15,random_regular,100,4,427,54,3.062529300232621,24,54,0.4444444444444444,57,95
v2_no_evolution_s15,v2,no_evolution,15,random_regular,100,4,428,6,1.0986122886651095,3,6,0.5,71,53
v2_no_evolution_s15,v2,no_evolution,15,random_regular,100,4,429,68,3.135494215906149,23,68,0.3382352941176471,52,81
v2_no_evolution_s15,v2,no_evolution,15,random_regular,100,4,430,98,3.4294862316330117,36,98,0.3673469387755102,50,72
v2_no_evolution_s15,v2,no_evolution,15,random_regular,100,4,431,37,2.484906649776,12,37,0.32432432432432434,7,29
v2_no_evolution_s15,v2,no_evolution,15,random_regular,100,4,432,34,2.484906649776,12,34,0.35294117647058826,87,95
v2_no_evolution_s15,v2,no_evolution,15,random_regular,100,4,433,71,2.813355404483615,18,71,0.2535211267605634,41,29
v2_no_evolution_s15,v2,no_evolution,15,random_regular,100,4,434,85,3.446708358971001,43,85,0.5058823529411764,85,81
v2_no_evolution_s15,v2,no_evolution,15,random_regular,100,4,435,47,2.9957322735339904,20,47,0.425531914893617,1,53
v2_no_evolution_s15,v2,no_evolution,15,random_regular,100,4,436,3,0.6931471805579453,2,3,0.6666666666666666,62,72
v2_no_evolution_s15,v2,no_evolution,15,random_regular,100,4,437,25,2.197224577327219,9,25,0.36,16,81
v2_no_evolution_s15,v2,no_evolution,15,random_regular,100,4,438,61,2.9650156932365066,22,61,0.36065573770491804,26,95
v2_no_evolution_s15,v2,no_evolution,15,random_regular,100,4,439,285,4.441392386406486,108,285,0.37894736842105264,4,53
v2_no_evolution_s15,v2,no_evolution,15,random_regular,100,4,440,17,2.302585092984045,10,17,0.5882352941176471,66,95
v2_no_evolution_s15,v2,no_evolution,15,random_regular,100,4,441,236,4.101531855010524,86,236,0.3644067796610169,82,29
v2_no_evolution_s15,v2,no_evolution,15,random_regular,100,4,442,112,3.579388963696679,45,112,0.4017857142857143,15,81
v2_no_evolution_s15,v2,no_evolution,15,random_regular,100,4,443,25,2.639057329601259,14,25,0.56,90,81
v2_no_evolution_s15,v2,no_evolution,15,random_regular,100,4,444,106,3.761660727552022,47,106,0.44339622641509435,96,72
v2_no_evolution_s15,v2,no_evolution,15,random_regular,100,4,445,39,2.5993019270857944,16,39,0.41025641025641024,42,29
v2_no_evolution_s15,v2,no_evolution,15,random_regular,100,4,446,333,4.383928953367547,125,333,0.37537537537537535,13,95
v2_no_evolution_s15,v2,no_evolution,15,random_regular,100,4,447,231,4.088313963289648,81,231,0.35064935064935066,21,72
v2_no_evolution_s15,v2,no_evolution,15,random_regular,100,4,448,80,3.134162458562648,28,80,0.35,96,72
v2_no_evolution_s15,v2,no_evolution,15,random_regular,100,4,449,56,2.857102837424001,20,56,0.35714285714285715,89,81
v2_no_evolution_s15,v2,no_evolution,15,random_regular,100,4,450,76,3.113231298668436,34,76,0.4473684210526316,90,53
v2_no_evolution_s15,v2,no_evolution,15,random_regular,100,4,451,204,3.8856259709807137,68,204,0.3333333333333333,38,53
v2_no_evolution_s15,v2,no_evolution,15,random_regular,100,4,452,0,0.0,0,0,,72,72
v2_no_evolution_s15,v2,no_evolution,15,random_regular,100,4,453,108,3.611270818158912,48,108,0.4444444444444444,86,95
v2_no_evolution_s15,v2,no_evolution,15,random_regular,100,4,454,260,4.286032461717167,98,260,0.3769230769230769,74,72
v2_no_evolution_s15,v2,no_evolution,15,random_regular,100,4,455,38,2.1458417525857545,11,38,0.2894736842105263,7,72
v2_no_evolution_s15,v2,no_evolution,15,random_regular,100,4,456,95,2.954673212284816,23,95,0.24210526315789474,68,29
v2_no_evolution_s15,v2,no_evolution,15,random_regular,100,4,457,71,2.902002313186603,22,71,0.30985915492957744,12,53
v2_no_evolution_s15,v2,no_evolution,15,random_regular,100,4,458,140,3.768732178429927,51,140,0.36428571428571427,23,53
v2_no_evolution_s15,v2,no_evolution,15,random_regular,100,4,459,143,3.6871854513082263,51,143,0.35664335664335667,21,95
v2_no_evolution_s15,v2,no_evolution,15,random_regular,100,4,460,72,2.8307134037366315,25,72,0.3472222222222222,74,29
v2_no_evolution_s15,v2,no_evolution,15,random_regular,100,4,461,19,2.197224577327219,9,19,0.47368421052631576,92,72
v2_no_evolution_s15,v2,no_evolution,15,random_regular,100,4,462,18,1.6094379124291005,5,18,0.2777777777777778,15,81
v2_no_evolution_s15,v2,no_evolution,15,random_regular,100,4,463,77,3.244492630381296,27,77,0.35064935064935066,67,29
v2_no_evolution_s15,v2,no_evolution,15,random_regular,100,4,464,73,3.2551105127007407,31,73,0.4246575342465753,43,72
v2_no_evolution_s15,v2,no_evolution,15,random_regular,100,4,465,85,3.044522437702424,21,85,0.24705882352941178,97,53
v2_no_evolution_s15,v2,no_evolution,15,random_regular,100,4,466,23,1.9459101490483133,7,23,0.30434782608695654,28,72
v2_no_evolution_s15,v2,no_evolution,15,random_regular,100,4,467,83,3.3322045101472035,28,83,0.3373493975903614,8,29
v2_no_evolution_s15,v2,no_evolution,15,random_regular,100,4,468,35,2.484906649776,12,35,0.34285714285714286,93,72
v2_no_evolution_s15,v2,no_evolution,15,random_regular,100,4,469,115,3.4502855905397403,39,115,0.3391304347826087,74,95
v2_no_evolution_s15,v2,no_evolution,15,random_regular,100,4,470,160,3.8920637092286303,60,160,0.375,66,81
v2_no_evolution_s15,v2,no_evolution,15,random_regular,100,4,471,14,2.197224577327219,9,14,0.6428571428571429,62,81
v2_no_evolution_s15,v2,no_evolution,15,random_regular,100,4,472,32,2.369382119683676,12,32,0.375,4,81
v2_no_evolution_s15,v2,no_evolution,15,random_regular,100,4,473,6,1.3862943611158909,4,6,0.6666666666666666,12,29
v2_no_evolution_s15,v2,no_evolution,15,random_regular,100,4,474,99,3.5924696275736783,39,99,0.3939393939393939,50,72
v2_no_evolution_s15,v2,no_evolution,15,random_regular,100,4,475,13,1.0986122886651095,3,13,0.23076923076923078,32,72
v2_no_evolution_s15,v2,no_evolution,15,random_regular,100,4,476,105,3.3092532846953056,38,105,0.3619047619047619,40,72
v2_no_evolution_s15,v2,no_evolution,15,random_regular,100,4,477,146,3.8895653270927,59,146,0.4041095890410959,69,81
v2_no_evolution_s15,v2,no_evolution,15,random_regular,100,4,478,83,3.308777757559495,30,83,0.3614457831325301,73,29
v2_no_evolution_s15,v2,no_evolution,15,random_regular,100,4,479,0,0.0,0,0,,72,72
v2_no_evolution_s15,v2,no_evolution,15,random_regular,100,4,480,136,3.8349513397251753,54,136,0.39705882352941174,62,81
v2_no_evolution_s15,v2,no_evolution,15,random_regular,100,4,481,28,2.1639556568730565,10,28,0.35714285714285715,9,72
v2_no_evolution_s15,v2,no_evolution,15,random_regular,100,4,482,150,3.758472410905133,51,150,0.34,63,72
v2_no_evolution_s15,v2,no_evolution,15,random_regular,100,4,483,39,2.094729047518648,12,39,0.3076923076923077,61,81
v2_no_evolution_s15,v2,no_evolution,15,random_regular,100,4,484,0,0.0,0,0,,29,29
v2_no_evolution_s15,v2,no_evolution,15,random_regular,100,4,485,19,2.302585092984045,10,19,0.5263157894736842,0,29
v2_no_evolution_s15,v2,no_evolution,15,random_regular,100,4,486,96,3.510699721139568,41,96,0.4270833333333333,54,95
v2_no_evolution_s15,v2,no_evolution,15,random_regular,100,4,487,29,2.0431918705371204,9,29,0.3103448275862069,59,29
v2_no_evolution_s15,v2,no_evolution,15,random_regular,100,4,488,35,2.302585092984045,10,35,0.2857142857142857,80,95
v2_no_evolution_s15,v2,no_evolution,15,random_regular,100,4,489,221,3.9051619677260336,83,221,0.3755656108597285,74,81
v2_no_evolution_s15,v2,no_evolution,15,random_regular,100,4,490,377,4.482263933649401,129,377,0.3421750663129973,11,29
v2_no_evolution_s15,v2,no_evolution,15,random_regular,100,4,491,1,-1.000088900581841e-12,1,1,1.0,41,95
v2_no_evolution_s15,v2,no_evolution,15,random_regular,100,4,492,149,3.5411215086246832,50,149,0.33557046979865773,62,95
v2_no_evolution_s15,v2,no_evolution,15,random_regular,100,4,493,198,3.869116288958873,64,198,0.32323232323232326,51,29
v2_no_evolution_s15,v2,no_evolution,15,random_regular,100,4,494,107,3.5445117787268576,41,107,0.38317757009345793,94,29
v2_no_evolution_s15,v2,no_evolution,15,random_regular,100,4,495,134,3.7871964318487783,53,134,0.39552238805970147,40,29
v2_no_evolution_s15,v2,no_evolution,15,random_regular,100,4,496,99,3.233183484354926,28,99,0.2828282828282828,11,53
v2_no_evolution_s15,v2,no_evolution,15,random_regular,100,4,497,21,2.484906649776,12,21,0.5714285714285714,63,53
v2_no_evolution_s15,v2,no_evolution,15,random_regular,100,4,498,88,3.2103913397623893,31,88,0.3522727272727273,23,29
v2_no_evolution_s15,v2,no_evolution,15,random_regular,100,4,499,146,3.829582380891472,61,146,0.4178082191780822,50,29
v2_no_evolution_s15,v2,no_evolution,15,random_regular,100,4,500,114,3.498515667114017,37,114,0.32456140350877194,20,95
v2_no_evolution_s15,v2,no_evolution,15,random_regular,100,4,501,61,2.938182454666123,26,61,0.4262295081967213,74,29
v2_no_evolution_s15,v2,no_evolution,15,random_regular,100,4,502,44,2.6701198897918164,17,44,0.38636363636363635,18,29
v2_no_evolution_s15,v2,no_evolution,15,random_regular,100,4,503,367,4.552847416028385,139,367,0.3787465940054496,3,81
v2_no_evolution_s15,v2,no_evolution,15,random_regular,100,4,504,45,2.685945324654788,16,45,0.35555555555555557,12,29
v2_no_evolution_s15,v2,no_evolution,15,random_regular,100,4,505,30,2.639057329601259,14,30,0.4666666666666667,10,29
v2_no_evolution_s15,v2,no_evolution,15,random_regular,100,4,506,3,0.6931471805579453,2,3,0.6666666666666666,62,72
v2_no_evolution_s15,v2,no_evolution,15,random_regular,100,4,507,26,1.8891591637470213,9,26,0.34615384615384615,3,29
v2_no_evolution_s15,v2,no_evolution,15,random_regular,100,4,508,23,2.197224577327219,9,23,0.391304347826087,74,95
v2_no_evolution_s15,v2,no_evolution,15,random_regular,100,4,509,56,2.540036303807981,14,56,0.25,45,72
v2_no_evolution_s15,v2,no_evolution,15,random_regular,100,4,510,31,2.5649493574485365,13,31,0.41935483870967744,93,72
v2_no_evolution_s15,v2,no_evolution,15,random_regular,100,4,511,56,3.0149468801585937,23,56,0.4107142857142857,20,29
v2_no_evolution_s15,v2,no_evolution,15,random_regular,100,4,512,103,3.287797705624744,35,103,0.33980582524271846,1,29
v2_no_evolution_s15,v2,no_evolution,15,random_regular,100,4,513,2,-1.000088900581841e-12,1,2,0.5,82,29
v2_no_evolution_s15,v2,no_evolution,15,random_regular,100,4,514,112,3.726795348248236,48,112,0.42857142857142855,28,53
v2_no_evolution_s15,v2,no_evolution,15,random_regular,100,4,515,57,2.838988933136699,22,57,0.38596491228070173,3,29
v2_no_evolution_s15,v2,no_evolution,15,random_regular,100,4,516,0,0.0,0,0,,95,95
v2_no_evolution_s15,v2,no_evolution,15,random_regular,100,4,517,14,1.3321790402061222,5,14,0.35714285714285715,5,72
v2_no_evolution_s15,v2,no_evolution,15,random_regular,100,4,518,67,3.10797227595561,25,67,0.373134328358209,23,29
v2_no_evolution_s15,v2,no_evolution,15,random_regular,100,4,519,29,2.3516733018936304,13,29,0.4482758620689655,35,81
v2_no_evolution_s15,v2,no_evolution,15,random_regular,100,4,520,15,1.6094379124291005,5,15,0.3333333333333333,61,29
v2_no_evolution_s15,v2,no_evolution,15,random_regular,100,4,521,173,3.955715126056112,60,173,0.3468208092485549,56,72
v2_no_evolution_s15,v2,no_evolution,15,random_regular,100,4,522,28,2.302585092984045,10,28,0.35714285714285715,42,72
v2_no_evolution_s15,v2,no_evolution,15,random_regular,100,4,523,36,2.4583113296710835,13,36,0.3611111111111111,91,29
v2_no_evolution_s15,v2,no_evolution,15,random_regular,100,4,524,14,1.9459101490483133,7,14,0.5,77,29
v2_no_evolution_s15,v2,no_evolution,15,random_regular,100,4,525,74,2.941616952624223,25,74,0.33783783783783783,40,72
v2_no_evolution_s15,v2,no_evolution,15,random_regular,100,4,526,80,3.3445488585774434,31,80,0.3875,10,29
v2_no_evolution_s15,v2,no_evolution,15,random_regular,100,4,527,73,3.379092505199735,32,73,0.4383561643835616,51,29
v2_no_evolution_s15,v2,no_evolution,15,random_regular,100,4,528,134,3.418697576359666,38,134,0.2835820895522388,79,29
v2_no_evolution_s15,v2,no_evolution,15,random_regular,100,4,529,104,3.3985393782638447,40,104,0.38461538461538464,9,72
v2_no_evolution_s15,v2,no_evolution,15,random_regular,100,4,530,34,2.61563057701355,15,34,0.4411764705882353,67,29
v2_no_evolution_s15,v2,no_evolution,15,random_regular,100,4,531,33,2.5649493574485365,13,33,0.3939393939393939,44,29
v2_no_evolution_s15,v2,no_evolution,15,random_regular,100,4,532,0,0.0,0,0,,29,29
v2_no_evolution_s15,v2,no_evolution,15,random_regular,100,4,533,51,2.9444389791474395,19,51,0.37254901960784315,50,72
v2_no_evolution_s15,v2,no_evolution,15,random_regular,100,4,534,1,-1.000088900581841e-12,1,1,1.0,5,81
v2_no_evolution_s15,v2,no_evolution,15,random_regular,100,4,535,0,0.0,0,0,,81,81
v2_no_evolution_s15,v2,no_evolution,15,random_regular,100,4,536,3,-1.000088900581841e-12,1,3,0.3333333333333333,41,95
v2_no_evolution_s15,v2,no_evolution,15,random_regular,100,4,537,4,0.6931471805579453,2,4,0.5,65,81
v2_no_evolution_s15,v2,no_evolution,15,random_regular,100,4,538,76,3.161308930632395,37,76,0.4868421052631579,34,72
v2_no_evolution_s15,v2,no_evolution,15,random_regular,100,4,539,164,3.774297139146559,64,164,0.3902439024390244,76,53
v2_no_evolution_s15,v2,no_evolution,15,random_regular,100,4,540,58,3.3445488585774434,31,58,0.5344827586206896,64,81
v2_no_evolution_s15,v2,no_evolution,15,random_regular,100,4,541,2,-1.000088900581841e-12,1,2,0.5,5,81
v2_no_evolution_s15,v2,no_evolution,15,random_regular,100,4,542,7,0.6931471805579453,2,7,0.2857142857142857,52,53
v2_no_evolution_s15,v2,no_evolution,15,random_regular,100,4,543,46,2.4583113296710835,13,46,0.2826086956521739,30,53
v2_no_evolution_s15,v2,no_evolution,15,random_regular,100,4,544,56,3.019736127116995,27,56,0.48214285714285715,48,53
v2_no_evolution_s15,v2,no_evolution,15,random_regular,100,4,545,109,3.605641583852999,42,109,0.3853211009174312,36,53
v2_no_evolution_s15,v2,no_evolution,15,random_regular,100,4,546,62,3.062529300232621,24,62,0.3870967741935484,40,81
v2_no_evolution_s15,v2,no_evolution,15,random_regular,100,4,547,5,0.6931471805579453,2,5,0.4,44,95
v2_no_evolution_s15,v2,no_evolution,15,random_regular,100,4,548,18,1.7478680974607577,7,18,0.3888888888888889,47,29
v2_no_evolution_s15,v2,no_evolution,15,random_regular,100,4,549,246,4.306563939138514,87,246,0.35365853658536583,31,29
v2_no_evolution_s15,v2,no_evolution,15,random_regular,100,4,550,117,3.5147109883843104,42,117,0.358974358974359,78,29
v2_no_evolution_s15,v2,no_evolution,15,random_regular,100,4,551,7,1.3862943611158909,4,7,0.5714285714285714,80,72
v2_no_evolution_s15,v2,no_evolution,15,random_regular,100,4,552,15,1.7478680974607577,7,15,0.4666666666666667,79,29
v2_no_evolution_s15,v2,no_evolution,15,random_regular,100,4,553,2,-1.000088900581841e-12,1,2,0.5,98,29
v2_no_evolution_s15,v2,no_evolution,15,random_regular,100,4,554,34,2.3516733018936304,13,34,0.38235294117647056,17,72
v2_no_evolution_s15,v2,no_evolution,15,random_regular,100,4,555,430,4.741512040507739,160,430,0.37209302325581395,91,95
v2_no_evolution_s15,v2,no_evolution,15,random_regular,100,4,556,21,2.079441541671836,8,21,0.38095238095238093,54,95
v2_no_evolution_s15,v2,no_evolution,15,random_regular,100,4,557,8,1.0986122886651095,3,8,0.375,92,95
v2_no_evolution_s15,v2,no_evolution,15,random_regular,100,4,558,31,2.197224577327219,9,31,0.2903225806451613,9,29
v2_no_evolution_s15,v2,no_evolution,15,random_regular,100,4,559,38,2.7080502010872096,15,38,0.39473684210526316,69,53
v2_no_evolution_s15,v2,no_evolution,15,random_regular,100,4,560,14,1.3862943611158909,4,14,0.2857142857142857,97,95
v2_no_evolution_s15,v2,no_evolution,15,random_regular,100,4,561,119,3.5309625711151003,49,119,0.4117647058823529,70,53
v2_no_evolution_s15,v2,no_evolution,15,random_regular,100,4,562,50,2.540036303807981,14,50,0.28,94,53
v2_no_evolution_s15,v2,no_evolution,15,random_regular,100,4,563,36,2.2718685126865625,11,36,0.3055555555555556,86,95
v2_no_evolution_s15,v2,no_evolution,15,random_regular,100,4,564,21,2.197224577327219,9,21,0.42857142857142855,6,29
v2_no_evolution_s15,v2,no_evolution,15,random_regular,100,4,565,84,3.4124897213676078,33,84,0.39285714285714285,71,72
v2_no_evolution_s15,v2,no_evolution,15,random_regular,100,4,566,0,0.0,0,0,,29,29
v2_no_evolution_s15,v2,no_evolution,15,random_regular,100,4,567,15,1.7478680974607577,7,15,0.4666666666666667,66,29
v2_no_evolution_s15,v2,no_evolution,15,random_regular,100,4,568,15,1.791759469222055,6,15,0.4,87,72
v2_no_evolution_s15,v2,no_evolution,15,random_regular,100,4,569,253,4.216502908469792,86,253,0.33992094861660077,85,53
v2_no_evolution_s15,v2,no_evolution,15,random_regular,100,4,570,58,2.670119889791816,17,58,0.29310344827586204,80,72
v2_no_evolution_s15,v2,no_evolution,15,random_regular,100,4,571,37,2.7985132569262934,19,37,0.5135135135135135,47,53
v2_no_evolution_s15,v2,no_evolution,15,random_regular,100,4,572,52,2.523210952939891,15,52,0.28846153846153844,78,29
v2_no_evolution_s15,v2,no_evolution,15,random_regular,100,4,573,0,0.0,0,0,,72,72
v2_no_evolution_s15,v2,no_evolution,15,random_regular,100,4,574,39,2.3516733018936304,13,39,0.3333333333333333,33,29
v2_no_evolution_s15,v2,no_evolution,15,random_regular,100,4,575,16,1.9459101490483133,7,16,0.4375,37,72
v2_no_evolution_s15,v2,no_evolution,15,random_regular,100,4,576,49,2.61563057701355,15,49,0.30612244897959184,90,95
v2_no_evolution_s15,v2,no_evolution,15,random_regular,100,4,577,72,3.222410677489011,36,72,0.5,94,72
v2_no_evolution_s15,v2,no_evolution,15,random_regular,100,4,578,379,4.728023808541126,155,379,0.40897097625329815,54,29
v2_no_evolution_s15,v2,no_evolution,15,random_regular,100,4,579,38,2.0253262207620675,10,38,0.2631578947368421,39,72
v2_no_evolution_s15,v2,no_evolution,15,random_regular,100,4,580,123,3.921446499263261,57,123,0.4634146341463415,82,95
v2_no_evolution_s15,v2,no_evolution,15,random_regular,100,4,581,31,2.4583113296710835,13,31,0.41935483870967744,91,53
v2_no_evolution_s15,v2,no_evolution,15,random_regular,100,4,582,82,3.152706716658355,30,82,0.36585365853658536,45,29
v2_no_evolution_s15,v2,no_evolution,15,random_regular,100,4,583,31,2.2718685126865625,11,31,0.3548387096774194,13,81
v2_no_evolution_s15,v2,no_evolution,15,random_regular,100,4,584,15,1.9459101490483133,7,15,0.4666666666666667,88,95
v2_no_evolution_s15,v2,no_evolution,15,random_regular,100,4,585,219,4.260725878002892,80,219,0.365296803652968,42,53
v2_no_evolution_s15,v2,no_evolution,15,random_regular,100,4,586,3,-1.000088900581841e-12,1,3,0.3333333333333333,41,95
v2_no_evolution_s15,v2,no_evolution,15,random_regular,100,4,587,15,1.9459101490483133,7,15,0.4666666666666667,3,53
v2_no_evolution_s15,v2,no_evolution,15,random_regular,100,4,588,20,2.197224577327219,9,20,0.45,46,53
v2_no_evolution_s15,v2,no_evolution,15,random_regular,100,4,589,2,-1.000088900581841e-12,1,2,0.5,52,95
v2_no_evolution_s15,v2,no_evolution,15,random_regular,100,4,590,5,0.6931471805579453,2,5,0.4,6,81
v2_no_evolution_s15,v2,no_evolution,15,random_regular,100,4,591,159,3.883612493446919,61,159,0.3836477987421384,94,81
v2_no_evolution_s15,v2,no_evolution,15,random_regular,100,4,592,27,1.6094379124291005,5,27,0.18518518518518517,2,72
v2_no_evolution_s15,v2,no_evolution,15,random_regular,100,4,593,20,2.2718685126865625,11,20,0.55,44,95
v2_no_evolution_s15,v2,no_evolution,15,random_regular,100,4,594,1,-1.000088900581841e-12,1,1,1.0,38,72
v2_no_evolution_s15,v2,no_evolution,15,random_regular,100,4,595,0,0.0,0,0,,72,72
v2_no_evolution_s15,v2,no_evolution,15,random_regular,100,4,596,45,2.61563057701355,15,45,0.3333333333333333,57,29
v2_no_evolution_s15,v2,no_evolution,15,random_regular,100,4,597,0,0.0,0,0,,53,53
v2_no_evolution_s15,v2,no_evolution,15,random_regular,100,4,598,194,4.169616714949856,75,194,0.3865979381443299,67,72
v2_no_evolution_s15,v2,no_evolution,15,random_regular,100,4,599,108,3.455179006914453,38,108,0.35185185185185186,71,53
v2_no_evolution_s15,v2,no_evolution,15,random_regular,100,4,600,163,3.8401905959677873,60,163,0.36809815950920244,38,29
v2_no_evolution_s15,v2,no_evolution,15,random_regular,100,4,601,5,0.6931471805579453,2,5,0.4,99,95
v2_no_evolution_s15,v2,no_evolution,15,random_regular,100,4,602,77,3.1154750248567717,28,77,0.36363636363636365,27,95
v2_no_evolution_s15,v2,no_evolution,15,random_regular,100,4,603,6,1.0986122886651095,3,6,0.5,64,29
v2_no_evolution_s15,v2,no_evolution,15,random_regular,100,4,604,298,4.506500109740344,106,298,0.35570469798657717,76,95
v2_no_evolution_s15,v2,no_evolution,15,random_regular,100,4,605,66,2.9650156932365066,22,66,0.3333333333333333,80,29
v2_no_evolution_s15,v2,no_evolution,15,random_regular,100,4,606,111,3.721032163619311,47,111,0.42342342342342343,98,95
v2_no_evolution_s15,v2,no_evolution,15,random_regular,100,4,607,56,3.135494215906149,23,56,0.4107142857142857,43,81
v2_no_evolution_s15,v2,no_evolution,15,random_regular,100,4,608,88,3.427639630926845,38,88,0.4318181818181818,92,81
v2_no_evolution_s15,v2,no_evolution,15,random_regular,100,4,609,44,2.588573162668117,17,44,0.38636363636363635,89,72
v2_no_evolution_s15,v2,no_evolution,15,random_regular,100,4,610,162,4.025094030947803,65,162,0.4012345679012346,59,72
v2_no_evolution_s15,v2,no_evolution,15,random_regular,100,4,611,47,3.044522437702424,21,47,0.44680851063829785,17,29
v2_no_evolution_s15,v2,no_evolution,15,random_regular,100,4,612,3,-1.000088900581841e-12,1,3,0.3333333333333333,98,29
v2_no_evolution_s15,v2,no_evolution,15,random_regular,100,4,613,0,0.0,0,0,,72,72
v2_no_evolution_s15,v2,no_evolution,15,random_regular,100,4,614,51,2.813355404483615,18,51,0.35294117647058826,3,95
v2_no_evolution_s15,v2,no_evolution,15,random_regular,100,4,615,33,2.751666616915516,17,33,0.5151515151515151,44,53
v2_no_evolution_s15,v2,no_evolution,15,random_regular,100,4,616,3,0.6931471805579453,2,3,0.6666666666666666,99,29
v2_no_evolution_s15,v2,no_evolution,15,random_regular,100,4,617,47,3.135494215906149,23,47,0.48936170212765956,36,29
v2_no_evolution_s15,v2,no_evolution,15,random_regular,100,4,618,75,3.4294862316330117,36,75,0.48,1,81
v2_no_evolution_s15,v2,no_evolution,15,random_regular,100,4,619,147,3.632545289507276,47,147,0.3197278911564626,46,72
v2_no_evolution_s15,v2,no_evolution,15,random_regular,100,4,620,40,2.772588722223781,16,40,0.4,11,53
v2_no_evolution_s15,v2,no_evolution,15,random_regular,100,4,621,66,3.204777524107256,26,66,0.3939393939393939,16,81
v2_no_evolution_s15,v2,no_evolution,15,random_regular,100,4,622,32,2.1639556568730565,10,32,0.3125,19,29
v2_no_evolution_s15,v2,no_evolution,15,random_regular,100,4,623,42,2.751666616915516,17,42,0.40476190476190477,67,72
v2_no_evolution_s15,v2,no_evolution,15,random_regular,100,4,624,19,1.791759469222055,6,19,0.3157894736842105,79,95
v2_no_evolution_s15,v2,no_evolution,15,random_regular,100,4,625,8,1.6094379124291005,5,8,0.625,28,53
v2_no_evolution_s15,v2,no_evolution,15,random_regular,100,4,626,56,2.648438334531311,21,56,0.375,70,95
v2_no_evolution_s15,v2,no_evolution,15,random_regular,100,4,627,2,-1.000088900581841e-12,1,2,0.5,5,81
v2_no_evolution_s15,v2,no_evolution,15,random_regular,100,4,628,120,3.647231077213384,48,120,0.4,96,29
v2_no_evolution_s15,v2,no_evolution,15,random_regular,100,4,629,28,2.3978952727873706,11,28,0.39285714285714285,6,72
v2_no_evolution_s15,v2,no_evolution,15,random_regular,100,4,630,10,1.7478680974607577,7,10,0.7,88,29
v2_no_evolution_s15,v2,no_evolution,15,random_regular,100,4,631,1,-1.000088900581841e-12,1,1,1.0,38,72
v2_no_evolution_s15,v2,no_evolution,15,random_regular,100,4,632,8,1.6094379124291005,5,8,0.625,59,72
v2_no_evolution_s15,v2,no_evolution,15,random_regular,100,4,633,58,2.813355404483615,18,58,0.3103448275862069,40,29
v2_no_evolution_s15,v2,no_evolution,15,random_regular,100,4,634,79,3.1514585102190296,26,79,0.3291139240506329,66,72
v2_no_evolution_s15,v2,no_evolution,15,random_regular,100,4,635,51,2.772588722223781,16,51,0.3137254901960784,78,53
v2_no_evolution_s15,v2,no_evolution,15,random_regular,100,4,636,116,3.71424286565366,45,116,0.3879310344827586,17,53
v2_no_evolution_s15,v2,no_evolution,15,random_regular,100,4,637,4,-1.000088900581841e-12,1,4,0.25,25,53
v2_no_evolution_s15,v2,no_evolution,15,random_regular,100,4,638,22,2.369382119683676,12,22,0.5454545454545454,27,53
v2_no_evolution_s15,v2,no_evolution,15,random_regular,100,4,639,55,3.2625679455231658,30,55,0.5454545454545454,36,72
v2_no_evolution_s15,v2,no_evolution,15,random_regular,100,4,640,98,3.225557328365521,34,98,0.3469387755102041,15,72
v2_no_evolution_s15,v2,no_evolution,15,random_regular,100,4,641,303,4.5350882956441225,121,303,0.39933993399339934,80,29
v2_no_evolution_s15,v2,no_evolution,15,random_regular,100,4,642,181,3.6769837835080015,62,181,0.3425414364640884,58,29
v2_no_evolution_s15,v2,no_evolution,15,random_regular,100,4,643,14,1.791759469222055,6,14,0.42857142857142855,39,81
v2_no_evolution_s15,v2,no_evolution,15,random_regular,100,4,644,112,3.044390228092839,29,112,0.25892857142857145,68,72
v2_no_evolution_s15,v2,no_evolution,15,random_regular,100,4,645,41,2.7985132569262934,19,41,0.4634146341463415,71,53
v2_no_evolution_s15,v2,no_evolution,15,random_regular,100,4,646,13,1.0986122886651095,3,13,0.23076923076923078,99,81
v2_no_evolution_s15,v2,no_evolution,15,random_regular,100,4,647,3,0.6931471805579453,2,3,0.6666666666666666,12,95
v2_no_evolution_s15,v2,no_evolution,15,random_regular,100,4,648,9,0.6931471805579453,2,9,0.2222222222222222,4,72
v2_no_evolution_s15,v2,no_evolution,15,random_regular,100,4,649,167,4.033713131754734,79,167,0.47305389221556887,9,95
v2_no_evolution_s15,v2,no_evolution,15,random_regular,100,4,650,5,1.0986122886651095,3,5,0.6,51,95
v2_no_evolution_s15,v2,no_evolution,15,random_regular,100,4,651,10,0.6931471805579453,2,10,0.2,87,53
v2_no_evolution_s15,v2,no_evolution,15,random_regular,100,4,652,25,2.079441541671836,8,25,0.32,75,72
v2_no_evolution_s15,v2,no_evolution,15,random_regular,100,4,653,66,3.0280290732864104,22,66,0.3333333333333333,43,53
v2_no_evolution_s15,v2,no_evolution,15,random_regular,100,4,654,60,2.736339051089065,18,60,0.3,63,95
v2_no_evolution_s15,v2,no_evolution,15,random_regular,100,4,655,110,3.3345041647330413,37,110,0.33636363636363636,24,53
v2_no_evolution_s15,v2,no_evolution,15,random_regular,100,4,656,1,-1.000088900581841e-12,1,1,1.0,5,81
v2_no_evolution_s15,v2,no_evolution,15,random_regular,100,4,657,93,3.316814324622516,39,93,0.41935483870967744,0,53
v2_no_evolution_s15,v2,no_evolution,15,random_regular,100,4,658,67,3.0149468801585937,23,67,0.34328358208955223,21,95
v2_no_evolution_s15,v2,no_evolution,15,random_regular,100,4,659,43,2.369382119683676,12,43,0.27906976744186046,3,29
v2_no_evolution_s15,v2,no_evolution,15,random_regular,100,4,660,4,0.6931471805579453,2,4,0.5,96,53
v2_no_evolution_s15,v2,no_evolution,15,random_regular,100,4,661,10,1.6094379124291005,5,10,0.5,51,29
v2_no_evolution_s15,v2,no_evolution,15,random_regular,100,4,662,27,2.2718685126865625,11,27,0.4074074074074074,21,81
v2_no_evolution_s15,v2,no_evolution,15,random_regular,100,4,663,24,1.8891591637470213,9,24,0.375,59,81
v2_no_evolution_s15,v2,no_evolution,15,random_regular,100,4,664,108,3.062529300232621,24,108,0.2222222222222222,55,29
v2_no_evolution_s15,v2,no_evolution,15,random_regular,100,4,665,470,4.791744060474484,163,470,0.3468085106382979,75,72
v2_no_evolution_s15,v2,no_evolution,15,random_regular,100,4,666,19,1.7478680974607577,7,19,0.3684210526315789,87,81
v2_no_evolution_s15,v2,no_evolution,15,random_regular,100,4,667,17,1.3321790402061222,5,17,0.29411764705882354,55,72
v2_no_evolution_s15,v2,no_evolution,15,random_regular,100,4,668,72,3.090459923593197,27,72,0.375,39,81
v2_no_evolution_s15,v2,no_evolution,15,random_regular,100,4,669,58,2.588573162668117,17,58,0.29310344827586204,31,72
v2_no_evolution_s15,v2,no_evolution,15,random_regular,100,4,670,54,2.871476118036867,19,54,0.35185185185185186,24,29
v2_no_evolution_s15,v2,no_evolution,15,random_regular,100,4,671,46,2.6593226976945163,18,46,0.391304347826087,74,53
v2_no_evolution_s15,v2,no_evolution,15,random_regular,100,4,672,114,3.463043279084303,48,114,0.42105263157894735,21,53
v2_no_evolution_s15,v2,no_evolution,15,random_regular,100,4,673,33,2.3419942522214248,14,33,0.42424242424242425,66,95
v2_no_evolution_s15,v2,no_evolution,15,random_regular,100,4,674,117,3.463011344201651,46,117,0.39316239316239315,96,81
v2_no_evolution_s15,v2,no_evolution,15,random_regular,100,4,675,9,1.791759469222055,6,9,0.6666666666666666,5,29
v2_no_evolution_s15,v2,no_evolution,15,random_regular,100,4,676,29,2.5993019270857944,16,29,0.5517241379310345,90,95
v2_no_evolution_s15,v2,no_evolution,15,random_regular,100,4,677,99,3.176082814634593,29,99,0.29292929292929293,37,72
v2_no_evolution_s15,v2,no_evolution,15,random_regular,100,4,678,123,3.850278905551625,51,123,0.4146341463414634,32,53
v2_no_evolution_s15,v2,no_evolution,15,random_regular,100,4,679,5,1.0986122886651095,3,5,0.6,74,29
v2_no_evolution_s15,v2,no_evolution,15,random_regular,100,4,680,34,2.4583113296710835,13,34,0.38235294117647056,64,72
v2_no_evolution_s15,v2,no_evolution,15,random_regular,100,4,681,30,2.1639556568730565,10,30,0.3333333333333333,15,29
v2_no_evolution_s15,v2,no_evolution,15,random_regular,100,4,682,64,3.10797227595561,25,64,0.390625,66,81
v2_no_evolution_s15,v2,no_evolution,15,random_regular,100,4,683,95,3.202445121202928,33,95,0.3473684210526316,37,29
v2_no_evolution_s15,v2,no_evolution,15,random_regular,100,4,684,0,0.0,0,0,,81,81
v2_no_evolution_s15,v2,no_evolution,15,random_regular,100,4,685,67,3.0752205480323718,23,67,0.34328358208955223,20,53
v2_no_evolution_s15,v2,no_evolution,15,random_regular,100,4,686,245,4.194921112437441,102,245,0.4163265306122449,67,95
v2_no_evolution_s15,v2,no_evolution,15,random_regular,100,4,687,32,1.7351264569569227,9,32,0.28125,59,81
v2_no_evolution_s15,v2,no_evolution,15,random_regular,100,4,688,143,3.7794820749848017,58,143,0.40559440559440557,17,53
v2_no_evolution_s15,v2,no_evolution,15,random_regular,100,4,689,225,4.092980615639383,79,225,0.3511111111111111,94,53
v2_no_evolution_s15,v2,no_evolution,15,random_regular,100,4,690,106,3.414739581281256,39,106,0.36792452830188677,91,95
v2_no_evolution_s15,v2,no_evolution,15,random_regular,100,4,691,5,-1.000088900581841e-12,1,5,0.2,41,95
v2_no_evolution_s15,v2,no_evolution,15,random_regular,100,4,692,58,2.685945324654788,16,58,0.27586206896551724,83,95
v2_no_evolution_s15,v2,no_evolution,15,random_regular,100,4,693,76,3.461048251949615,37,76,0.4868421052631579,46,95
v2_no_evolution_s15,v2,no_evolution,15,random_regular,100,4,694,56,2.639057329601259,14,56,0.25,74,72
v2_no_evolution_s15,v2,no_evolution,15,random_regular,100,4,695,48,2.1873223188392537,16,48,0.3333333333333333,21,81
v2_no_evolution_s15,v2,no_evolution,15,random_regular,100,4,696,27,2.369382119683676,12,27,0.4444444444444444,47,29
v2_no_evolution_s15,v2,no_evolution,15,random_regular,100,4,697,5,1.0986122886651095,3,5,0.6,87,81
v2_no_evolution_s15,v2,no_evolution,15,random_regular,100,4,698,119,3.4911163241998726,43,119,0.36134453781512604,50,53
v2_no_evolution_s15,v2,no_evolution,15,random_regular,100,4,699,95,3.151458510219029,26,95,0.2736842105263158,58,72
v2_no_evolution_s15,v2,no_evolution,15,random_regular,100,4,700,7,1.6094379124291005,5,7,0.7142857142857143,17,81
v2_no_evolution_s15,v2,no_evolution,15,random_regular,100,4,701,36,2.751666616915516,17,36,0.4722222222222222,89,81
v2_no_evolution_s15,v2,no_evolution,15,random_regular,100,4,702,40,2.1458417525857545,11,40,0.275,93,29
v2_no_evolution_s15,v2,no_evolution,15,random_regular,100,4,703,92,3.4040404338981123,34,92,0.3695652173913043,39,53
v2_no_evolution_s15,v2,no_evolution,15,random_regular,100,4,704,74,3.120291565278284,24,74,0.32432432432432434,11,72
v2_no_evolution_s15,v2,no_evolution,15,random_regular,100,4,705,9,1.0986122886651095,3,9,0.3333333333333333,52,95
v2_no_evolution_s15,v2,no_evolution,15,random_regular,100,4,706,142,3.9170332489992585,58,142,0.4084507042253521,13,95
v2_no_evolution_s15,v2,no_evolution,15,random_regular,100,4,707,151,3.8597008491799047,65,151,0.4304635761589404,15,72
v2_no_evolution_s15,v2,no_evolution,15,random_regular,100,4,708,97,3.281268315364031,39,97,0.4020618556701031,42,72
v2_no_evolution_s15,v2,no_evolution,15,random_regular,100,4,709,17,2.197224577327219,9,17,0.5294117647058824,78,81
v2_no_evolution_s15,v2,no_evolution,15,random_regular,100,4,710,26,2.2718685126865625,11,26,0.4230769230769231,26,53
v2_no_evolution_s15,v2,no_evolution,15,random_regular,100,4,711,57,3.1931483947852626,27,57,0.47368421052631576,91,72
v2_no_evolution_s15,v2,no_evolution,15,random_regular,100,4,712,82,3.3549875695958247,30,82,0.36585365853658536,84,95
v2_no_evolution_s15,v2,no_evolution,15,random_regular,100,4,713,27,2.3516733018936304,13,27,0.48148148148148145,98,95
v2_no_evolution_s15,v2,no_evolution,15,random_regular,100,4,714,295,4.408951089559587,110,295,0.3728813559322034,58,81
v2_no_evolution_s15,v2,no_evolution,15,random_regular,100,4,715,40,2.5649493574485365,13,40,0.325,78,72
v2_no_evolution_s15,v2,no_evolution,15,random_regular,100,4,716,164,3.931733637285508,65,164,0.39634146341463417,11,95
v2_no_evolution_s15,v2,no_evolution,15,random_regular,100,4,717,123,3.764627169924135,52,123,0.42276422764227645,58,81
v2_no_evolution_s15,v2,no_evolution,15,random_regular,100,4,718,63,3.282693997251065,28,63,0.4444444444444444,14,72
v2_no_evolution_s15,v2,no_evolution,15,random_regular,100,4,719,75,3.163424050399405,25,75,0.3333333333333333,61,81
v2_no_evolution_s15,v2,no_evolution,15,random_regular,100,4,720,87,3.2551105127007407,31,87,0.3563218390804598,87,53
v2_no_evolution_s15,v2,no_evolution,15,random_regular,100,4,721,232,4.158152547229483,92,232,0.39655172413793105,77,72
v2_no_evolution_s15,v2,no_evolution,15,random_regular,100,4,722,16,1.5498260458732018,7,16,0.4375,64,95
v2_no_evolution_s15,v2,no_evolution,15,random_regular,100,4,723,261,4.220316458045506,84,261,0.3218390804597701,86,29
v2_no_evolution_s15,v2,no_evolution,15,random_regular,100,4,724,256,4.152711500735907,91,256,0.35546875,46,81
v2_no_evolution_s15,v2,no_evolution,15,random_regular,100,4,725,31,2.197224577327219,9,31,0.2903225806451613,42,95
v2_no_evolution_s15,v2,no_evolution,15,random_regular,100,4,726,18,1.6094379124291005,5,18,0.2777777777777778,39,72
v2_no_evolution_s15,v2,no_evolution,15,random_regular,100,4,727,18,1.6094379124291005,5,18,0.2777777777777778,36,53
v2_no_evolution_s15,v2,no_evolution,15,random_regular,100,4,728,0,0.0,0,0,,81,81
v2_no_evolution_s15,v2,no_evolution,15,random_regular,100,4,729,21,2.369382119683676,12,21,0.5714285714285714,68,72
v2_no_evolution_s15,v2,no_evolution,15,random_regular,100,4,730,41,2.5232109529398907,15,41,0.36585365853658536,47,95
v2_no_evolution_s15,v2,no_evolution,15,random_regular,100,4,731,31,2.3516733018936304,13,31,0.41935483870967744,70,53
v2_no_evolution_s15,v2,no_evolution,15,random_regular,100,4,732,7,1.0986122886651095,3,7,0.42857142857142855,11,53
v2_no_evolution_s15,v2,no_evolution,15,random_regular,100,4,733,127,3.7456676820497594,50,127,0.3937007874015748,57,81
v2_no_evolution_s15,v2,no_evolution,15,random_regular,100,4,734,75,2.608982242347732,27,75,0.36,87,53
v2_no_evolution_s15,v2,no_evolution,15,random_regular,100,4,735,165,3.901575408441301,56,165,0.3393939393939394,13,29
v2_no_evolution_s15,v2,no_evolution,15,random_regular,100,4,736,182,3.893131622084399,58,182,0.31868131868131866,37,95
v2_no_evolution_s15,v2,no_evolution,15,random_regular,100,4,737,31,2.772588722223781,16,31,0.5161290322580645,86,29
v2_no_evolution_s15,v2,no_evolution,15,random_regular,100,4,738,182,3.8248350726918394,59,182,0.3241758241758242,85,95
v2_no_evolution_s15,v2,no_evolution,15,random_regular,100,4,739,8,0.6931471805579453,2,8,0.25,65,81
v2_no_evolution_s15,v2,no_evolution,15,random_regular,100,4,740,121,3.66448190441264,43,121,0.35537190082644626,18,81
v2_no_evolution_s15,v2,no_evolution,15,random_regular,100,4,741,5,1.0986122886651095,3,5,0.6,63,29
v2_no_evolution_s15,v2,no_evolution,15,random_regular,100,4,742,73,3.1064969046220257,30,73,0.410958904109589,14,29
v2_no_evolution_s15,v2,no_evolution,15,random_regular,100,4,743,40,2.1639556568730565,10,40,0.25,22,72
v2_no_evolution_s15,v2,no_evolution,15,random_regular,100,4,744,85,3.159263958285301,35,85,0.4117647058823529,84,29
v2_no_evolution_s15,v2,no_evolution,15,random_regular,100,4,745,245,4.282285260076896,84,245,0.34285714285714286,91,81
v2_no_evolution_s15,v2,no_evolution,15,random_regular,100,4,746,67,2.7804663689216818,21,67,0.31343283582089554,40,95
v2_no_evolution_s15,v2,no_evolution,15,random_regular,100,4,747,78,3.3445488585774434,31,78,0.3974358974358974,15,81
v2_no_evolution_s15,v2,no_evolution,15,random_regular,100,4,748,11,1.3862943611158909,4,11,0.36363636363636365,14,72
v2_no_evolution_s15,v2,no_evolution,15,random_regular,100,4,749,38,2.0431918705371204,9,38,0.23684210526315788,71,72
v2_no_evolution_s15,v2,no_evolution,15,random_regular,100,4,750,25,2.197224577327219,9,25,0.36,47,95
v2_no_evolution_s15,v2,no_evolution,15,random_regular,100,4,751,0,0.0,0,0,,53,53
v2_no_evolution_s15,v2,no_evolution,15,random_regular,100,4,752,34,2.685945324654788,16,34,0.47058823529411764,30,29
v2_no_evolution_s15,v2,no_evolution,15,random_regular,100,4,753,4,1.0986122886651095,3,4,0.75,19,95
v2_no_evolution_s15,v2,no_evolution,15,random_regular,100,4,754,21,1.9459101490483133,7,21,0.3333333333333333,62,53
v2_no_evolution_s15,v2,no_evolution,15,random_regular,100,4,755,52,3.044522437702424,21,52,0.40384615384615385,4,29
v2_no_evolution_s15,v2,no_evolution,15,random_regular,100,4,756,11,-1.000088900581841e-12,1,11,0.09090909090909091,96,81
v2_no_evolution_s15,v2,no_evolution,15,random_regular,100,4,757,169,3.963935438772188,64,169,0.378698224852071,24,53
v2_no_evolution_s15,v2,no_evolution,15,random_regular,100,4,758,4,1.0986122886651095,3,4,0.75,74,72
v2_no_evolution_s15,v2,no_evolution,15,random_regular,100,4,759,432,4.74399985302741,159,432,0.3680555555555556,1,95
v2_no_evolution_s15,v2,no_evolution,15,random_regular,100,4,760,61,2.926417555478996,20,61,0.32786885245901637,96,29
v2_no_evolution_s15,v2,no_evolution,15,random_regular,100,4,761,32,2.1639556568730565,10,32,0.3125,68,53
v2_no_evolution_s15,v2,no_evolution,15,random_regular,100,4,762,86,3.30710405548822,34,86,0.3953488372093023,26,29
v2_no_evolution_s15,v2,no_evolution,15,random_regular,100,4,763,117,3.6889817267406695,53,117,0.452991452991453,6,72
v2_no_evolution_s15,v2,no_evolution,15,random_regular,100,4,764,47,2.813355404483615,18,47,0.3829787234042553,71,95
v2_no_evolution_s15,v2,no_evolution,15,random_regular,100,4,765,63,3.0149468801585937,23,63,0.36507936507936506,94,81
v2_no_evolution_s15,v2,no_evolution,15,random_regular,100,4,766,8,1.3862943611158909,4,8,0.5,48,53
v2_no_evolution_s15,v2,no_evolution,15,random_regular,100,4,767,202,4.233488439936477,73,202,0.3613861386138614,96,53
v2_no_evolution_s15,v2,no_evolution,15,random_regular,100,4,768,31,2.2718685126865625,11,31,0.3548387096774194,47,72
v2_no_evolution_s15,v2,no_evolution,15,random_regular,100,4,769,24,1.0986122886651095,3,24,0.125,51,29
v2_no_evolution_s15,v2,no_evolution,15,random_regular,100,4,770,57,3.1780538303239454,24,57,0.42105263157894735,22,53
v2_no_evolution_s15,v2,no_evolution,15,random_regular,100,4,771,22,1.9061547465328492,8,22,0.36363636363636365,20,95
v2_no_evolution_s15,v2,no_evolution,15,random_regular,100,4,772,136,3.5355242894287437,43,136,0.3161764705882353,74,53
v2_no_evolution_s15,v2,no_evolution,15,random_regular,100,4,773,30,2.639057329601259,14,30,0.4666666666666667,22,29
v2_no_evolution_s15,v2,no_evolution,15,random_regular,100,4,774,21,2.302585092984045,10,21,0.47619047619047616,63,72
v2_no_evolution_s15,v2,no_evolution,15,random_regular,100,4,775,57,3.044522437702424,21,57,0.3684210526315789,21,72
v2_no_evolution_s15,v2,no_evolution,15,random_regular,100,4,776,337,4.523396940058229,115,337,0.34124629080118696,84,81
v2_no_evolution_s15,v2,no_evolution,15,random_regular,100,4,777,12,1.3862943611158909,4,12,0.3333333333333333,0,53
v2_no_evolution_s15,v2,no_evolution,15,random_regular,100,4,778,29,2.4410152780147034,14,29,0.4827586206896552,49,53
v2_no_evolution_s15,v2,no_evolution,15,random_regular,100,4,779,158,3.714367693682127,51,158,0.3227848101265823,4,72
v2_no_evolution_s15,v2,no_evolution,15,random_regular,100,4,780,144,3.758472410905133,51,144,0.3541666666666667,63,81
v2_no_evolution_s15,v2,no_evolution,15,random_regular,100,4,781,21,1.0986122886651095,3,21,0.14285714285714285,68,29
v2_no_evolution_s15,v2,no_evolution,15,random_regular,100,4,782,1,-1.000088900581841e-12,1,1,1.0,43,72
v2_no_evolution_s15,v2,no_evolution,15,random_regular,100,4,783,6,0.6931471805579453,2,6,0.3333333333333333,57,81
v2_no_evolution_s15,v2,no_evolution,15,random_regular,100,4,784,57,2.966943486168354,28,57,0.49122807017543857,70,95
v2_no_evolution_s15,v2,no_evolution,15,random_regular,100,4,785,55,2.8113759572431496,23,55,0.41818181818181815,13,95
v2_no_evolution_s15,v2,no_evolution,15,random_regular,100,4,786,185,3.9050636361130735,69,185,0.372972972972973,86,95
v2_no_evolution_s15,v2,no_evolution,15,random_regular,100,4,787,153,4.011106691942162,63,153,0.4117647058823529,48,72
v2_no_evolution_s15,v2,no_evolution,15,random_regular,100,4,788,3,-1.000088900581841e-12,1,3,0.3333333333333333,38,72
v2_no_evolution_s15,v2,no_evolution,15,random_regular,100,4,789,172,4.05057883633818,64,172,0.37209302325581395,23,53
v2_no_evolution_s15,v2,no_evolution,15,random_regular,100,4,790,180,3.528386860050234,63,180,0.35,92,72
v2_no_evolution_s15,v2,no_evolution,15,random_regular,100,4,791,48,2.751666616915516,17,48,0.3541666666666667,1,81
v2_no_evolution_s15,v2,no_evolution,15,random_regular,100,4,792,65,3.163424050399405,25,65,0.38461538461538464,89,81
v2_no_evolution_s15,v2,no_evolution,15,random_regular,100,4,793,63,3.0910424533363146,22,63,0.3492063492063492,9,95
v2_no_evolution_s15,v2,no_evolution,15,random_regular,100,4,794,149,3.8642999614481575,62,149,0.4161073825503356,94,95
v2_no_evolution_s15,v2,no_evolution,15,random_regular,100,4,795,46,2.787788119369007,20,46,0.43478260869565216,10,81
v2_no_evolution_s15,v2,no_evolution,15,random_regular,100,4,796,226,4.156753800924899,80,226,0.35398230088495575,58,81
v2_no_evolution_s15,v2,no_evolution,15,random_regular,100,4,797,67,3.10797227595561,25,67,0.373134328358209,90,29
v2_no_evolution_s15,v2,no_evolution,15,random_regular,100,4,798,86,3.3445488585774434,31,86,0.36046511627906974,90,81
v2_no_evolution_s15,v2,no_evolution,15,random_regular,100,4,799,182,3.9296732195905575,66,182,0.3626373626373626,12,53
v2_no_evolution_s15,v2,no_evolution,15,random_regular,100,4,800,113,3.738230894633928,46,113,0.40707964601769914,71,29
v2_no_evolution_s15,v2,no_evolution,15,random_regular,100,4,801,51,2.9444389791474395,19,51,0.37254901960784315,63,81
v2_no_evolution_s15,v2,no_evolution,15,random_regular,100,4,802,38,2.625048158717539,19,38,0.5,16,95
v2_no_evolution_s15,v2,no_evolution,15,random_regular,100,4,803,13,1.3862943611158909,4,13,0.3076923076923077,74,53
v2_no_evolution_s15,v2,no_evolution,15,random_regular,100,4,804,0,0.0,0,0,,53,53
v2_no_evolution_s15,v2,no_evolution,15,random_regular,100,4,805,242,4.386172824247789,92,242,0.38016528925619836,85,72
v2_no_evolution_s15,v2,no_evolution,15,random_regular,100,4,806,4,0.6931471805579453,2,4,0.5,67,53
v2_no_evolution_s15,v2,no_evolution,15,random_regular,100,4,807,64,3.044522437702424,21,64,0.328125,99,72
v2_no_evolution_s15,v2,no_evolution,15,random_regular,100,4,808,120,3.485067165988883,47,120,0.39166666666666666,13,29
v2_no_evolution_s15,v2,no_evolution,15,random_regular,100,4,809,20,2.079441541671836,8,20,0.4,8,53
v2_no_evolution_s15,v2,no_evolution,15,random_regular,100,4,810,44,2.751666616915516,17,44,0.38636363636363635,94,81
v2_no_evolution_s15,v2,no_evolution,15,random_regular,100,4,811,1,-1.000088900581841e-12,1,1,1.0,83,72
v2_no_evolution_s15,v2,no_evolution,15,random_regular,100,4,812,15,-1.000088900581841e-12,1,15,0.06666666666666667,96,81
v2_no_evolution_s15,v2,no_evolution,15,random_regular,100,4,813,9,1.791759469222055,6,9,0.6666666666666666,67,81
v2_no_evolution_s15,v2,no_evolution,15,random_regular,100,4,814,121,3.4445350617397,45,121,0.371900826446281,6,29
v2_no_evolution_s15,v2,no_evolution,15,random_regular,100,4,815,99,3.721176253825357,44,99,0.4444444444444444,49,81
v2_no_evolution_s15,v2,no_evolution,15,random_regular,100,4,816,45,2.8332133440392155,17,45,0.37777777777777777,46,81
v2_no_evolution_s15,v2,no_evolution,15,random_regular,100,4,817,5,0.6931471805579453,2,5,0.4,37,81
v2_no_evolution_s15,v2,no_evolution,15,random_regular,100,4,818,120,3.5028254146017286,48,120,0.4,2,95
v2_no_evolution_s15,v2,no_evolution,15,random_regular,100,4,819,0,0.0,0,0,,72,72
v2_no_evolution_s15,v2,no_evolution,15,random_regular,100,4,820,58,2.588573162668117,17,58,0.29310344827586204,31,81
v2_no_evolution_s15,v2,no_evolution,15,random_regular,100,4,821,29,2.245035274116177,13,29,0.4482758620689655,83,29
v2_no_evolution_s15,v2,no_evolution,15,random_regular,100,4,822,65,3.183672971458787,28,65,0.4307692307692308,45,29
v2_no_evolution_s15,v2,no_evolution,15,random_regular,100,4,823,42,2.369382119683676,12,42,0.2857142857142857,45,81
v2_no_evolution_s15,v2,no_evolution,15,random_regular,100,4,824,147,3.7739173236900583,54,147,0.3673469387755102,8,72
v2_no_evolution_s15,v2,no_evolution,15,random_regular,100,4,825,69,3.218875824843201,25,69,0.36231884057971014,2,95
v2_no_evolution_s15,v2,no_evolution,15,random_regular,100,4,826,40,2.302585092984045,10,40,0.25,61,29
v2_no_evolution_s15,v2,no_evolution,15,random_regular,100,4,827,7,0.6931471805579453,2,7,0.2857142857142857,7,29
v2_no_evolution_s15,v2,no_evolution,15,random_regular,100,4,828,96,3.4611552603273767,42,96,0.4375,66,29
v2_no_evolution_s15,v2,no_evolution,15,random_regular,100,4,829,0,0.0,0,0,,95,95
v2_no_evolution_s15,v2,no_evolution,15,random_regular,100,4,830,20,1.8891591637470213,9,20,0.45,86,53
v2_no_evolution_s15,v2,no_evolution,15,random_regular,100,4,831,48,2.5993019270857944,16,48,0.3333333333333333,75,81
v2_no_evolution_s15,v2,no_evolution,15,random_regular,100,4,832,20,1.5498260458732018,7,20,0.35,61,29
v2_no_evolution_s15,v2,no_evolution,15,random_regular,100,4,833,8,1.0986122886651095,3,8,0.375,74,29
v2_no_evolution_s15,v2,no_evolution,15,random_regular,100,4,834,134,3.414739581281256,39,134,0.291044776119403,35,95
v2_no_evolution_s15,v2,no_evolution,15,random_regular,100,4,835,112,3.5734504974428223,37,112,0.33035714285714285,54,95
v2_no_evolution_s15,v2,no_evolution,15,random_regular,100,4,836,10,1.6094379124291005,5,10,0.5,11,53
v2_no_evolution_s15,v2,no_evolution,15,random_regular,100,4,837,22,1.9459101490483133,7,22,0.3181818181818182,8,95
v2_no_evolution_s15,v2,no_evolution,15,random_regular,100,4,838,163,3.88411010236432,58,163,0.3558282208588957,87,72
v2_no_evolution_s15,v2,no_evolution,15,random_regular,100,4,839,28,2.7080502010872096,15,28,0.5357142857142857,44,81
v2_no_evolution_s15,v2,no_evolution,15,random_regular,100,4,840,33,2.3978952727873706,11,33,0.3333333333333333,93,29
v2_no_evolution_s15,v2,no_evolution,15,random_regular,100,4,841,119,3.6834363242964407,45,119,0.37815126050420167,76,81
v2_no_evolution_s15,v2,no_evolution,15,random_regular,100,4,842,142,3.8642999614481575,62,142,0.43661971830985913,1,81
v2_no_evolution_s15,v2,no_evolution,15,random_regular,100,4,843,33,2.639057329601259,14,33,0.42424242424242425,51,81
v2_no_evolution_s15,v2,no_evolution,15,random_regular,100,4,844,71,3.2551105127007407,31,71,0.43661971830985913,57,29
v2_no_evolution_s15,v2,no_evolution,15,random_regular,100,4,845,8,1.3862943611158909,4,8,0.5,5,72
v2_no_evolution_s15,v2,no_evolution,15,random_regular,100,4,846,78,3.0904599235931967,27,78,0.34615384615384615,76,72
v2_no_evolution_s15,v2,no_evolution,15,random_regular,100,4,847,72,3.422414203983732,32,72,0.4444444444444444,19,95
v2_no_evolution_s15,v2,no_evolution,15,random_regular,100,4,848,15,1.3862943611158909,4,15,0.26666666666666666,61,81
v2_no_evolution_s15,v2,no_evolution,15,random_regular,100,4,849,113,3.798504562506707,46,113,0.40707964601769914,8,29
v2_no_evolution_s15,v2,no_evolution,15,random_regular,100,4,850,63,2.787876228069594,24,63,0.38095238095238093,37,81
v2_no_evolution_s15,v2,no_evolution,15,random_regular,100,4,851,37,2.7080502010872096,15,37,0.40540540540540543,74,29
v2_no_evolution_s15,v2,no_evolution,15,random_regular,100,4,852,94,3.421572883539579,35,94,0.3723404255319149,77,29
v2_no_evolution_s15,v2,no_evolution,15,random_regular,100,4,853,66,3.0280290732864104,22,66,0.3333333333333333,21,72
v2_no_evolution_s15,v2,no_evolution,15,random_regular,100,4,854,0,0.0,0,0,,53,53
v2_no_evolution_s15,v2,no_evolution,15,random_regular,100,4,855,73,3.319492576126754,29,73,0.3972602739726027,23,81
v2_no_evolution_s15,v2,no_evolution,15,random_regular,100,4,856,66,3.204777524107256,26,66,0.3939393939393939,91,95
v2_no_evolution_s15,v2,no_evolution,15,random_regular,100,4,857,111,3.4124897213676078,33,111,0.2972972972972973,3,81
v2_no_evolution_s15,v2,no_evolution,15,random_regular,100,4,858,4,0.6931471805579453,2,4,0.5,87,53
v2_no_evolution_s15,v2,no_evolution,15,random_regular,100,4,859,16,1.6094379124291005,5,16,0.3125,43,53
v2_no_evolution_s15,v2,no_evolution,15,random_regular,100,4,860,62,3.0149468801585937,23,62,0.3709677419354839,23,29
v2_no_evolution_s15,v2,no_evolution,15,random_regular,100,4,861,16,2.079441541671836,8,16,0.5,9,53
v2_no_evolution_s15,v2,no_evolution,15,random_regular,100,4,862,2,-1.000088900581841e-12,1,2,0.5,83,72
v2_no_evolution_s15,v2,no_evolution,15,random_regular,100,4,863,34,2.302585092984045,10,34,0.29411764705882354,49,53
v2_no_evolution_s15,v2,no_evolution,15,random_regular,100,4,864,123,3.494162268924469,42,123,0.34146341463414637,70,53
v2_no_evolution_s15,v2,no_evolution,15,random_regular,100,4,865,20,1.791759469222055,6,20,0.3,38,95
v2_no_evolution_s15,v2,no_evolution,15,random_regular,100,4,866,144,3.684845923154868,56,144,0.3888888888888889,52,81
v2_no_evolution_s15,v2,no_evolution,15,random_regular,100,4,867,9,1.0986122886651095,3,9,0.3333333333333333,19,81
v2_no_evolution_s15,v2,no_evolution,15,random_regular,100,4,868,3,1.0986122886651095,3,3,1.0,19,53
v2_no_evolution_s15,v2,no_evolution,15,random_regular,100,4,869,34,1.5498260458732018,7,34,0.20588235294117646,82,29
v2_no_evolution_s15,v2,no_evolution,15,random_regular,100,4,870,45,3.044522437702424,21,45,0.4666666666666667,62,53
v2_no_evolution_s15,v2,no_evolution,15,random_regular,100,4,871,5,0.6931471805579453,2,5,0.4,4,72
v2_no_evolution_s15,v2,no_evolution,15,random_regular,100,4,872,85,3.299829685639092,31,85,0.36470588235294116,89,53
v2_no_evolution_s15,v2,no_evolution,15,random_regular,100,4,873,100,2.9564942071584808,32,100,0.32,48,81
v2_no_evolution_s15,v2,no_evolution,15,random_regular,100,4,874,158,3.5440584153972394,47,158,0.2974683544303797,45,72
v2_no_evolution_s15,v2,no_evolution,15,random_regular,100,4,875,347,4.409136151304313,129,347,0.37175792507204614,47,81
v2_no_evolution_s15,v2,no_evolution,15,random_regular,100,4,876,0,0.0,0,0,,53,53
v2_no_evolution_s15,v2,no_evolution,15,random_regular,100,4,877,40,2.4254797084207183,17,40,0.425,76,53
v2_no_evolution_s15,v2,no_evolution,15,random_regular,100,4,878,21,2.079441541671836,8,21,0.38095238095238093,35,81
v2_no_evolution_s15,v2,no_evolution,15,random_regular,100,4,879,26,1.791759469222055,6,26,0.23076923076923078,79,81
v2_no_evolution_s15,v2,no_evolution,15,random_regular,100,4,880,105,3.16936783013111,36,105,0.34285714285714286,36,29
v2_no_evolution_s15,v2,no_evolution,15,random_regular,100,4,881,45,2.736339051089065,18,45,0.4,40,95
v2_no_evolution_s15,v2,no_evolution,15,random_regular,100,4,882,17,1.3862943611158909,4,17,0.23529411764705882,7,95
v2_no_evolution_s15,v2,no_evolution,15,random_regular,100,4,883,78,2.8674404991054456,24,78,0.3076923076923077,66,81
v2_no_evolution_s15,v2,no_evolution,15,random_regular,100,4,884,232,4.126054505737545,90,232,0.3879310344827586,35,72
v2_no_evolution_s15,v2,no_evolution,15,random_regular,100,4,885,117,3.584907376992945,40,117,0.3418803418803419,27,29
v2_no_evolution_s15,v2,no_evolution,15,random_regular,100,4,886,89,3.062529300232621,24,89,0.2696629213483146,55,53
v2_no_evolution_s15,v2,no_evolution,15,random_regular,100,4,887,74,3.0391156879971635,27,74,0.36486486486486486,78,81
v2_no_evolution_s15,v2,no_evolution,15,random_regular,100,4,888,0,0.0,0,0,,81,81
v2_no_evolution_s15,v2,no_evolution,15,random_regular,100,4,889,5,1.0986122886651095,3,5,0.6,88,81
v2_no_evolution_s15,v2,no_evolution,15,random_regular,100,4,890,120,3.5233557279458467,43,120,0.35833333333333334,24,72
v2_no_evolution_s15,v2,no_evolution,15,random_regular,100,4,891,5,0.6931471805579453,2,5,0.4,88,29
v2_no_evolution_s15,v2,no_evolution,15,random_regular,100,4,892,107,3.3985393782638447,40,107,0.37383177570093457,35,29
v2_no_evolution_s15,v2,no_evolution,15,random_regular,100,4,893,20,1.6094379124291005,5,20,0.25,99,53
v2_no_evolution_s15,v2,no_evolution,15,random_regular,100,4,894,104,3.110236521363716,29,104,0.27884615384615385,93,72
v2_no_evolution_s15,v2,no_evolution,15,random_regular,100,4,895,7,1.0986122886651095,3,7,0.42857142857142855,98,95
v2_no_evolution_s15,v2,no_evolution,15,random_regular,100,4,896,90,3.098139496330803,26,90,0.28888888888888886,75,81
v2_no_evolution_s15,v2,no_evolution,15,random_regular,100,4,897,3,0.6931471805579453,2,3,0.6666666666666666,49,81
v2_no_evolution_s15,v2,no_evolution,15,random_regular,100,4,898,50,2.588573162668117,17,50,0.34,9,29
v2_no_evolution_s15,v2,no_evolution,15,random_regular,100,4,899,15,1.9459101490483133,7,15,0.4666666666666667,25,53
v2_no_evolution_s15,v2,no_evolution,15,random_regular,100,4,900,1,-1.000088900581841e-12,1,1,1.0,77,53
v2_no_evolution_s15,v2,no_evolution,15,random_regular,100,4,901,32,2.4583113296710835,13,32,0.40625,3,29
v2_no_evolution_s15,v2,no_evolution,15,random_regular,100,4,902,268,4.14676712531994,94,268,0.35074626865671643,74,29
v2_no_evolution_s15,v2,no_evolution,15,random_regular,100,4,903,78,2.954673212284816,23,78,0.2948717948717949,98,81
v2_no_evolution_s15,v2,no_evolution,15,random_regular,100,4,904,509,4.678684483058992,180,509,0.35363457760314343,44,95
v2_no_evolution_s15,v2,no_evolution,15,random_regular,100,4,905,1,-1.000088900581841e-12,1,1,1.0,43,72
v2_no_evolution_s15,v2,no_evolution,15,random_regular,100,4,906,46,2.926417555478996,20,46,0.43478260869565216,35,81
v2_no_evolution_s15,v2,no_evolution,15,random_regular,100,4,907,6,0.6931471805579453,2,6,0.3333333333333333,82,72
v2_no_evolution_s15,v2,no_evolution,15,random_regular,100,4,908,14,1.9459101490483133,7,14,0.5,45,81
v2_no_evolution_s15,v2,no_evolution,15,random_regular,100,4,909,123,3.7739173236900583,54,123,0.43902439024390244,94,95
v2_no_evolution_s15,v2,no_evolution,15,random_regular,100,4,910,114,3.595149493727549,44,114,0.38596491228070173,62,95
v2_no_evolution_s15,v2,no_evolution,15,random_regular,100,4,911,19,1.791759469222055,6,19,0.3157894736842105,27,29
v2_no_evolution_s15,v2,no_evolution,15,random_regular,100,4,912,112,3.498515667114017,37,112,0.33035714285714285,74,29
v2_no_evolution_s15,v2,no_evolution,15,random_regular,100,4,913,2,-1.000088900581841e-12,1,2,0.5,73,29
v2_no_evolution_s15,v2,no_evolution,15,random_regular,100,4,914,115,3.66448190441264,43,115,0.3739130434782609,71,81
v2_no_evolution_s15,v2,no_evolution,15,random_regular,100,4,915,28,2.302585092984045,10,28,0.35714285714285715,11,72
v2_no_evolution_s15,v2,no_evolution,15,random_regular,100,4,916,90,3.4011973816321546,30,90,0.3333333333333333,0,72
v2_no_evolution_s15,v2,no_evolution,15,random_regular,100,4,917,188,4.047859438386532,78,188,0.4148936170212766,5,53
v2_no_evolution_s15,v2,no_evolution,15,random_regular,100,4,918,1,-1.000088900581841e-12,1,1,1.0,5,81
v2_no_evolution_s15,v2,no_evolution,15,random_regular,100,4,919,177,4.036417320015472,73,177,0.4124293785310734,83,95
v2_no_evolution_s15,v2,no_evolution,15,random_regular,100,4,920,10,1.791759469222055,6,10,0.6,33,29
v2_no_evolution_s15,v2,no_evolution,15,random_regular,100,4,921,34,2.5649493574485365,13,34,0.38235294117647056,3,29
v2_no_evolution_s15,v2,no_evolution,15,random_regular,100,4,922,0,0.0,0,0,,29,29
v2_no_evolution_s15,v2,no_evolution,15,random_regular,100,4,923,82,3.0910424533363146,22,82,0.2682926829268293,1,72
v2_no_evolution_s15,v2,no_evolution,15,random_regular,100,4,924,91,3.370480801334671,33,91,0.3626373626373626,55,95
v2_no_evolution_s15,v2,no_evolution,15,random_regular,100,4,925,181,3.88651853634549,67,181,0.3701657458563536,79,72
v2_no_evolution_s15,v2,no_evolution,15,random_regular,100,4,926,2,-1.000088900581841e-12,1,2,0.5,52,95
v2_no_evolution_s15,v2,no_evolution,15,random_regular,100,4,927,178,3.9457674529661193,57,178,0.3202247191011236,42,53
v2_no_evolution_s15,v2,no_evolution,15,random_regular,100,4,928,54,2.772588722223781,16,54,0.2962962962962963,47,53
v2_no_evolution_s15,v2,no_evolution,15,random_regular,100,4,929,46,2.857102837424001,20,46,0.43478260869565216,58,95
v2_no_evolution_s15,v2,no_evolution,15,random_regular,100,4,930,4,-1.000088900581841e-12,1,4,0.25,33,95
v2_no_evolution_s15,v2,no_evolution,15,random_regular,100,4,931,48,2.4410152780147034,14,48,0.2916666666666667,65,72
v2_no_evolution_s15,v2,no_evolution,15,random_regular,100,4,932,1,-1.000088900581841e-12,1,1,1.0,38,72
v2_no_evolution_s15,v2,no_evolution,15,random_regular,100,4,933,139,3.74504940701088,45,139,0.3237410071942446,84,53
v2_no_evolution_s15,v2,no_evolution,15,random_regular,100,4,934,106,3.2127420325228604,33,106,0.3113207547169811,98,72
v2_no_evolution_s15,v2,no_evolution,15,random_regular,100,4,935,232,4.27703057557015,86,232,0.3706896551724138,9,29
v2_no_evolution_s15,v2,no_evolution,15,random_regular,100,4,936,74,3.044390228092839,29,74,0.3918918918918919,86,72
v2_no_evolution_s15,v2,no_evolution,15,random_regular,100,4,937,4,0.6931471805579453,2,4,0.5,99,95
v2_no_evolution_s15,v2,no_evolution,15,random_regular,100,4,938,154,3.660636403697968,55,154,0.35714285714285715,89,29
v2_no_evolution_s15,v2,no_evolution,15,random_regular,100,4,939,184,4.056414250866708,68,184,0.3695652173913043,58,81
v2_no_evolution_s15,v2,no_evolution,15,random_regular,100,4,940,298,4.2002544581088745,110,298,0.3691275167785235,2,72
v2_no_evolution_s15,v2,no_evolution,15,random_regular,100,4,941,24,2.302585092984045,10,24,0.4166666666666667,57,95
v2_no_evolution_s15,v2,no_evolution,15,random_regular,100,4,942,86,3.3445488585774434,31,86,0.36046511627906974,37,95
v2_no_evolution_s15,v2,no_evolution,15,random_regular,100,4,943,1,-1.000088900581841e-12,1,1,1.0,41,95
v2_no_evolution_s15,v2,no_evolution,15,random_regular,100,4,944,2,0.6931471805579453,2,2,1.0,37,81
v2_no_evolution_s15,v2,no_evolution,15,random_regular,100,4,945,337,4.531809025892951,120,337,0.3560830860534125,92,29
v2_no_evolution_s15,v2,no_evolution,15,random_regular,100,4,946,137,3.777323825362656,53,137,0.38686131386861317,76,53
v2_no_evolution_s15,v2,no_evolution,15,random_regular,100,4,947,41,2.8332133440392155,17,41,0.4146341463414634,48,95
v2_no_evolution_s15,v2,no_evolution,15,random_regular,100,4,948,299,4.319324354340251,108,299,0.3612040133779264,61,81
v2_no_evolution_s15,v2,no_evolution,15,random_regular,100,4,949,51,3.0910424533363146,22,51,0.43137254901960786,90,95
v2_no_evolution_s15,v2,no_evolution,15,random_regular,100,4,950,192,3.829582380891472,61,192,0.3177083333333333,60,95
v2_no_evolution_s15,v2,no_evolution,15,random_regular,100,4,951,88,3.467994408329786,36,88,0.4090909090909091,92,81
v2_no_evolution_s15,v2,no_evolution,15,random_regular,100,4,952,25,1.9459101490483133,7,25,0.28,64,29
v2_no_evolution_s15,v2,no_evolution,15,random_regular,100,4,953,75,2.670119889791817,17,75,0.22666666666666666,68,95
v2_no_evolution_s15,v2,no_evolution,15,random_regular,100,4,954,192,4.033194278289001,69,192,0.359375,77,81
v2_no_evolution_s15,v2,no_evolution,15,random_regular,100,4,955,189,4.038349723439344,72,189,0.38095238095238093,52,81
v2_no_evolution_s15,v2,no_evolution,15,random_regular,100,4,956,60,3.019736127116995,27,60,0.45,36,81
v2_no_evolution_s15,v2,no_evolution,15,random_regular,100,4,957,189,3.9745866749673073,71,189,0.37566137566137564,59,72
v2_no_evolution_s15,v2,no_evolution,15,random_regular,100,4,958,114,3.3319650272562886,38,114,0.3333333333333333,87,72
v2_no_evolution_s15,v2,no_evolution,15,random_regular,100,4,959,79,3.151458510219029,26,79,0.3291139240506329,37,29
v2_no_evolution_s15,v2,no_evolution,15,random_regular,100,4,960,27,1.6094379124291005,5,27,0.18518518518518517,38,81
v2_no_evolution_s15,v2,no_evolution,15,random_regular,100,4,961,2,0.6931471805579453,2,2,1.0,58,95
v2_no_evolution_s15,v2,no_evolution,15,random_regular,100,4,962,362,4.495504030080357,130,362,0.35911602209944754,23,53
v2_no_evolution_s15,v2,no_evolution,15,random_regular,100,4,963,111,3.3969144201875685,35,111,0.3153153153153153,58,81
v2_no_evolution_s15,v2,no_evolution,15,random_regular,100,4,964,38,2.685945324654788,16,38,0.42105263157894735,78,81
v2_no_evolution_s15,v2,no_evolution,15,random_regular,100,4,965,0,0.0,0,0,,72,72
v2_no_evolution_s15,v2,no_evolution,15,random_regular,100,4,966,97,3.5450107617233355,36,97,0.3711340206185567,83,95
v2_no_evolution_s15,v2,no_evolution,15,random_regular,100,4,967,6,1.0986122886651095,3,6,0.5,19,53
v2_no_evolution_s15,v2,no_evolution,15,random_regular,100,4,968,11,1.6094379124291005,5,11,0.45454545454545453,5,95
v2_no_evolution_s15,v2,no_evolution,15,random_regular,100,4,969,8,1.0986122886651095,3,8,0.375,89,95
v2_no_evolution_s15,v2,no_evolution,15,random_regular,100,4,970,5,0.6931471805579453,2,5,0.4,22,81
v2_no_evolution_s15,v2,no_evolution,15,random_regular,100,4,971,170,3.869116288959873,64,170,0.3764705882352941,63,53
v2_no_evolution_s15,v2,no_evolution,15,random_regular,100,4,972,239,4.2753426855315135,101,239,0.4225941422594142,68,53
v2_no_evolution_s15,v2,no_evolution,15,random_regular,100,4,973,21,1.6094379124291005,5,21,0.23809523809523808,82,95
v2_no_evolution_s15,v2,no_evolution,15,random_regular,100,4,974,134,3.4858315997982245,39,134,0.291044776119403,15,95
v2_no_evolution_s15,v2,no_evolution,15,random_regular,100,4,975,55,2.736339051089065,18,55,0.32727272727272727,47,95
v2_no_evolution_s15,v2,no_evolution,15,random_regular,100,4,976,164,3.7128877623128247,60,164,0.36585365853658536,74,53
v2_no_evolution_s15,v2,no_evolution,15,random_regular,100,4,977,89,3.389268031515795,31,89,0.34831460674157305,9,81
v2_no_evolution_s15,v2,no_evolution,15,random_regular,100,4,978,53,2.8716496251169272,23,53,0.4339622641509434,92,72
v2_no_evolution_s15,v2,no_evolution,15,random_regular,100,4,979,33,2.484906649776,12,33,0.36363636363636365,14,53
v2_no_evolution_s15,v2,no_evolution,15,random_regular,100,4,980,2,-1.000088900581841e-12,1,2,0.5,38,72
v2_no_evolution_s15,v2,no_evolution,15,random_regular,100,4,981,39,2.369382119683676,12,39,0.3076923076923077,66,81
v2_no_evolution_s15,v2,no_evolution,15,random_regular,100,4,982,25,1.9459101490483133,7,25,0.28,26,72
v2_no_evolution_s15,v2,no_evolution,15,random_regular,100,4,983,38,2.639057329601259,14,38,0.3684210526315789,55,81
v2_no_evolution_s15,v2,no_evolution,15,random_regular,100,4,984,18,1.791759469222055,6,18,0.3333333333333333,99,95
v2_no_evolution_s15,v2,no_evolution,15,random_regular,100,4,985,12,1.6094379124291005,5,12,0.4166666666666667,70,29
v2_no_evolution_s15,v2,no_evolution,15,random_regular,100,4,986,157,3.9457674529661193,57,157,0.3630573248407643,49,53
v2_no_evolution_s15,v2,no_evolution,15,random_regular,100,4,987,135,3.761660727552022,47,135,0.34814814814814815,93,81
v2_no_evolution_s15,v2,no_evolution,15,random_regular,100,4,988,120,3.856101073061301,55,120,0.4583333333333333,87,29
v2_no_evolution_s15,v2,no_evolution,15,random_regular,100,4,989,16,2.079441541671836,8,16,0.5,98,29
v2_no_evolution_s15,v2,no_evolution,15,random_regular,100,4,990,41,2.772588722223781,16,41,0.3902439024390244,35,72
v2_no_evolution_s15,v2,no_evolution,15,random_regular,100,4,991,76,2.991501468554349,26,76,0.34210526315789475,62,95
v2_no_evolution_s15,v2,no_evolution,15,random_regular,100,4,992,212,4.169692651335137,81,212,0.38207547169811323,91,29
v2_no_evolution_s15,v2,no_evolution,15,random_regular,100,4,993,155,3.831469793571712,60,155,0.3870967741935484,9,95
v2_no_evolution_s15,v2,no_evolution,15,random_regular,100,4,994,105,3.337935207579336,36,105,0.34285714285714286,49,81
v2_no_evolution_s15,v2,no_evolution,15,random_regular,100,4,995,25,2.3978952727873706,11,25,0.44,62,29
v2_no_evolution_s15,v2,no_evolution,15,random_regular,100,4,996,22,2.0431918705371204,9,22,0.4090909090909091,88,95
v2_no_evolution_s15,v2,no_evolution,15,random_regular,100,4,997,28,2.197224577327219,9,28,0.32142857142857145,99,53
v2_no_evolution_s15,v2,no_evolution,15,random_regular,100,4,998,12,1.6094379124291005,5,12,0.4166666666666667,49,95
v2_no_evolution_s15,v2,no_evolution,15,random_regular,100,4,999,180,3.7578378635978753,63,180,0.35,78,72
