run_id,validation_version,condition,seed,topology,n_nodes,degree,episode_idx,hitting_time,path_entropy,accepted_moves,attempted_moves,accept_rate,start_node,final_node
v2_no_evolution_s5,v2,no_evolution,5,random_regular,100,4,0,0,0.0,0,0,,3,3
v2_no_evolution_s5,v2,no_evolution,5,random_regular,100,4,1,6,1.0986122886651095,3,6,0.5,15,97
v2_no_evolution_s5,v2,no_evolution,5,random_regular,100,4,2,118,3.5849073769929456,40,118,0.3389830508474576,1,71
v2_no_evolution_s5,v2,no_evolution,5,random_regular,100,4,3,2,0.6931471805579453,2,2,1.0,98,69
v2_no_evolution_s5,v2,no_evolution,5,random_regular,100,4,4,0,0.0,0,0,,71,71
v2_no_evolution_s5,v2,no_evolution,5,random_regular,100,4,5,83,3.2103913397623893,31,83,0.37349397590361444,58,94
v2_no_evolution_s5,v2,no_evolution,5,random_regular,100,4,6,34,2.1639556568730565,10,34,0.29411764705882354,92,69
v2_no_evolution_s5,v2,no_evolution,5,random_regular,100,4,7,127,3.596573283066479,50,127,0.3937007874015748,13,94
v2_no_evolution_s5,v2,no_evolution,5,random_regular,100,4,8,19,2.079441541671836,8,19,0.42105263157894735,37,71
v2_no_evolution_s5,v2,no_evolution,5,random_regular,100,4,9,31,2.7080502010872096,15,31,0.4838709677419355,54,94
v2_no_evolution_s5,v2,no_evolution,5,random_regular,100,4,10,22,2.2718685126865625,11,22,0.5,40,94
v2_no_evolution_s5,v2,no_evolution,5,random_regular,100,4,11,96,3.465735902767727,32,96,0.3333333333333333,60,69
v2_no_evolution_s5,v2,no_evolution,5,random_regular,100,4,12,33,2.857102837424001,20,33,0.6060606060606061,5,94
v2_no_evolution_s5,v2,no_evolution,5,random_regular,100,4,13,49,2.725550395815721,19,49,0.3877551020408163,74,69
v2_no_evolution_s5,v2,no_evolution,5,random_regular,100,4,14,155,3.7158943452531408,48,155,0.3096774193548387,42,97
v2_no_evolution_s5,v2,no_evolution,5,random_regular,100,4,15,101,3.485587161020812,34,101,0.33663366336633666,32,3
v2_no_evolution_s5,v2,no_evolution,5,random_regular,100,4,16,325,4.529730510499408,118,325,0.3630769230769231,39,71
v2_no_evolution_s5,v2,no_evolution,5,random_regular,100,4,17,129,3.906511777100024,55,129,0.4263565891472868,89,71
v2_no_evolution_s5,v2,no_evolution,5,random_regular,100,4,18,43,3.0280290732864104,22,43,0.5116279069767442,17,71
v2_no_evolution_s5,v2,no_evolution,5,random_regular,100,4,19,27,1.9459101490483133,7,27,0.25925925925925924,1,94
v2_no_evolution_s5,v2,no_evolution,5,random_regular,100,4,20,223,4.054084472893628,81,223,0.3632286995515695,82,94
v2_no_evolution_s5,v2,no_evolution,5,random_regular,100,4,21,87,3.1064969046220257,30,87,0.3448275862068966,92,97
v2_no_evolution_s5,v2,no_evolution,5,random_regular,100,4,22,0,0.0,0,0,,69,69
v2_no_evolution_s5,v2,no_evolution,5,random_regular,100,4,23,1,-1.000088900581841e-12,1,1,1.0,95,71
v2_no_evolution_s5,v2,no_evolution,5,random_regular,100,4,24,1,-1.000088900581841e-12,1,1,1.0,95,71
v2_no_evolution_s5,v2,no_evolution,5,random_regular,100,4,25,50,2.9444389791474395,19,50,0.38,11,71
v2_no_evolution_s5,v2,no_evolution,5,random_regular,100,4,26,654,5.077778643363686,242,654,0.37003058103975534,20,94
v2_no_evolution_s5,v2,no_evolution,5,random_regular,100,4,27,224,4.053361787400879,77,224,0.34375,19,71
v2_no_evolution_s5,v2,no_evolution,5,random_regular,100,4,28,22,2.484906649776,12,22,0.5454545454545454,9,94
v2_no_evolution_s5,v2,no_evolution,5,random_regular,100,4,29,0,0.0,0,0,,71,71
v2_no_evolution_s5,v2,no_evolution,5,random_regular,100,4,30,20,2.0253262207620675,10,20,0.5,80,69
v2_no_evolution_s5,v2,no_evolution,5,random_regular,100,4,31,13,1.3862943611158909,4,13,0.3076923076923077,6,97
v2_no_evolution_s5,v2,no_evolution,5,random_regular,100,4,32,11,1.791759469222055,6,11,0.5454545454545454,73,94
v2_no_evolution_s5,v2,no_evolution,5,random_regular,100,4,33,172,3.787196431848778,53,172,0.3081395348837209,36,3
v2_no_evolution_s5,v2,no_evolution,5,random_regular,100,4,34,171,3.870899188770429,67,171,0.391812865497076,56,97
v2_no_evolution_s5,v2,no_evolution,5,random_regular,100,4,35,34,2.369382119683676,12,34,0.35294117647058826,56,69
v2_no_evolution_s5,v2,no_evolution,5,random_regular,100,4,36,9,1.3862943611158909,4,9,0.4444444444444444,65,94
v2_no_evolution_s5,v2,no_evolution,5,random_regular,100,4,37,1,-1.000088900581841e-12,1,1,1.0,41,94
v2_no_evolution_s5,v2,no_evolution,5,random_regular,100,4,38,214,4.103905251301108,79,214,0.3691588785046729,91,94
v2_no_evolution_s5,v2,no_evolution,5,random_regular,100,4,39,147,3.7415499360560274,51,147,0.3469387755102041,82,94
v2_no_evolution_s5,v2,no_evolution,5,random_regular,100,4,40,217,4.143645301649871,88,217,0.4055299539170507,2,94
v2_no_evolution_s5,v2,no_evolution,5,random_regular,100,4,41,198,4.057884555865195,79,198,0.398989898989899,43,69
v2_no_evolution_s5,v2,no_evolution,5,random_regular,100,4,42,58,2.846480386116867,21,58,0.3620689655172414,5,94
v2_no_evolution_s5,v2,no_evolution,5,random_regular,100,4,43,54,2.912494403312053,21,54,0.3888888888888889,5,94
v2_no_evolution_s5,v2,no_evolution,5,random_regular,100,4,44,32,1.9459101490483133,7,32,0.21875,46,3
v2_no_evolution_s5,v2,no_evolution,5,random_regular,100,4,45,2,-1.000088900581841e-12,1,2,0.5,4,94
v2_no_evolution_s5,v2,no_evolution,5,random_regular,100,4,46,149,3.876820151993731,56,149,0.37583892617449666,72,3
v2_no_evolution_s5,v2,no_evolution,5,random_regular,100,4,47,17,1.5607104090364066,6,17,0.35294117647058826,2,3
v2_no_evolution_s5,v2,no_evolution,5,random_regular,100,4,48,267,4.34032923966227,105,267,0.39325842696629215,27,71
v2_no_evolution_s5,v2,no_evolution,5,random_regular,100,4,49,225,4.054708794343121,76,225,0.3377777777777778,23,71
v2_no_evolution_s5,v2,no_evolution,5,random_regular,100,4,50,138,3.430313456117072,41,138,0.2971014492753623,17,3
v2_no_evolution_s5,v2,no_evolution,5,random_regular,100,4,51,31,2.5649493574485365,13,31,0.41935483870967744,99,94
v2_no_evolution_s5,v2,no_evolution,5,random_regular,100,4,52,0,0.0,0,0,,71,71
v2_no_evolution_s5,v2,no_evolution,5,random_regular,100,4,53,150,3.8133529292274,53,150,0.35333333333333333,96,97
v2_no_evolution_s5,v2,no_evolution,5,random_regular,100,4,54,55,2.775975553086795,22,55,0.4,5,97
v2_no_evolution_s5,v2,no_evolution,5,random_regular,100,4,55,0,0.0,0,0,,3,3
v2_no_evolution_s5,v2,no_evolution,5,random_regular,100,4,56,25,2.685945324654788,16,25,0.64,87,94
v2_no_evolution_s5,v2,no_evolution,5,random_regular,100,4,57,180,4.031355260634598,67,180,0.37222222222222223,12,69
v2_no_evolution_s5,v2,no_evolution,5,random_regular,100,4,58,134,3.6694343835602377,56,134,0.417910447761194,98,97
v2_no_evolution_s5,v2,no_evolution,5,random_regular,100,4,59,217,3.8867054984361182,79,217,0.3640552995391705,51,71
v2_no_evolution_s5,v2,no_evolution,5,random_regular,100,4,60,24,2.0431918705371204,9,24,0.375,1,3
v2_no_evolution_s5,v2,no_evolution,5,random_regular,100,4,61,11,1.054920167983144,5,11,0.45454545454545453,57,97
v2_no_evolution_s5,v2,no_evolution,5,random_regular,100,4,62,42,2.5649493574485365,13,42,0.30952380952380953,25,3
v2_no_evolution_s5,v2,no_evolution,5,random_regular,100,4,63,69,3.2958368659773285,27,69,0.391304347826087,72,94
v2_no_evolution_s5,v2,no_evolution,5,random_regular,100,4,64,189,4.081727731860408,75,189,0.3968253968253968,42,71
v2_no_evolution_s5,v2,no_evolution,5,random_regular,100,4,65,21,2.369382119683676,12,21,0.5714285714285714,88,97
v2_no_evolution_s5,v2,no_evolution,5,random_regular,100,4,66,51,2.685945324654788,16,51,0.3137254901960784,28,3
v2_no_evolution_s5,v2,no_evolution,5,random_regular,100,4,67,7,1.0986122886651095,3,7,0.42857142857142855,47,71
v2_no_evolution_s5,v2,no_evolution,5,random_regular,100,4,68,1,-1.000088900581841e-12,1,1,1.0,16,3
v2_no_evolution_s5,v2,no_evolution,5,random_regular,100,4,69,88,3.4124897213676078,33,88,0.375,9,69
v2_no_evolution_s5,v2,no_evolution,5,random_regular,100,4,70,38,2.4410152780147034,14,38,0.3684210526315789,2,71
v2_no_evolution_s5,v2,no_evolution,5,random_regular,100,4,71,7,1.0986122886651095,3,7,0.42857142857142855,12,94
v2_no_evolution_s5,v2,no_evolution,5,random_regular,100,4,72,1,-1.000088900581841e-12,1,1,1.0,60,69
v2_no_evolution_s5,v2,no_evolution,5,random_regular,100,4,73,145,3.7220699681345786,49,145,0.33793103448275863,63,94
v2_no_evolution_s5,v2,no_evolution,5,random_regular,100,4,74,34,2.540036303807981,14,34,0.4117647058823529,63,3
v2_no_evolution_s5,v2,no_evolution,5,random_regular,100,4,75,4,0.6931471805579453,2,4,0.5,98,97
v2_no_evolution_s5,v2,no_evolution,5,random_regular,100,4,76,78,2.857102837424001,20,78,0.2564102564102564,53,97
v2_no_evolution_s5,v2,no_evolution,5,random_regular,100,4,77,0,0.0,0,0,,3,3
v2_no_evolution_s5,v2,no_evolution,5,random_regular,100,4,78,9,-1.000088900581841e-12,1,9,0.1111111111111111,75,69
v2_no_evolution_s5,v2,no_evolution,5,random_regular,100,4,79,3,0.6931471805579453,2,3,0.6666666666666666,12,71
v2_no_evolution_s5,v2,no_evolution,5,random_regular,100,4,80,514,4.723263935507431,206,514,0.40077821011673154,9,94
v2_no_evolution_s5,v2,no_evolution,5,random_regular,100,4,81,2,-1.000088900581841e-12,1,2,0.5,46,97
v2_no_evolution_s5,v2,no_evolution,5,random_regular,100,4,82,58,2.857102837424001,20,58,0.3448275862068966,56,69
v2_no_evolution_s5,v2,no_evolution,5,random_regular,100,4,83,60,3.367295829957475,29,60,0.48333333333333334,84,71
v2_no_evolution_s5,v2,no_evolution,5,random_regular,100,4,84,88,3.035197296759775,35,88,0.3977272727272727,95,3
v2_no_evolution_s5,v2,no_evolution,5,random_regular,100,4,85,19,1.9459101490483133,7,19,0.3684210526315789,84,3
v2_no_evolution_s5,v2,no_evolution,5,random_regular,100,4,86,26,1.791759469222055,6,26,0.23076923076923078,52,94
v2_no_evolution_s5,v2,no_evolution,5,random_regular,100,4,87,72,3.193512367382888,31,72,0.4305555555555556,85,69
v2_no_evolution_s5,v2,no_evolution,5,random_regular,100,4,88,120,3.7456676820497594,50,120,0.4166666666666667,55,71
v2_no_evolution_s5,v2,no_evolution,5,random_regular,100,4,89,224,4.132648865321992,75,224,0.33482142857142855,87,71
v2_no_evolution_s5,v2,no_evolution,5,random_regular,100,4,90,35,2.639057329601259,14,35,0.4,40,69
v2_no_evolution_s5,v2,no_evolution,5,random_regular,100,4,91,123,3.5155926589389503,40,123,0.3252032520325203,78,94
v2_no_evolution_s5,v2,no_evolution,5,random_regular,100,4,92,59,2.894399544411038,23,59,0.3898305084745763,47,69
v2_no_evolution_s5,v2,no_evolution,5,random_regular,100,4,93,39,2.245035274116177,13,39,0.3333333333333333,58,94
v2_no_evolution_s5,v2,no_evolution,5,random_regular,100,4,94,28,2.302585092984045,10,28,0.35714285714285715,37,94
v2_no_evolution_s5,v2,no_evolution,5,random_regular,100,4,95,120,3.638648592450092,42,120,0.35,62,69
v2_no_evolution_s5,v2,no_evolution,5,random_regular,100,4,96,19,2.197224577327219,9,19,0.47368421052631576,33,3
v2_no_evolution_s5,v2,no_evolution,5,random_regular,100,4,97,6,1.0986122886651095,3,6,0.5,58,3
v2_no_evolution_s5,v2,no_evolution,5,random_regular,100,4,98,51,2.846480386116867,21,51,0.4117647058823529,20,94
v2_no_evolution_s5,v2,no_evolution,5,random_regular,100,4,99,39,2.302585092984045,10,39,0.2564102564102564,24,94
v2_no_evolution_s5,v2,no_evolution,5,random_regular,100,4,100,32,2.197224577327219,9,32,0.28125,5,69
v2_no_evolution_s5,v2,no_evolution,5,random_regular,100,4,101,17,1.9459101490483133,7,17,0.4117647058823529,12,71
v2_no_evolution_s5,v2,no_evolution,5,random_regular,100,4,102,137,3.6364454331777054,46,137,0.3357664233576642,62,71
v2_no_evolution_s5,v2,no_evolution,5,random_regular,100,4,103,4,-1.000088900581841e-12,1,4,0.25,64,97
v2_no_evolution_s5,v2,no_evolution,5,random_regular,100,4,104,18,2.197224577327219,9,18,0.5,18,3
v2_no_evolution_s5,v2,no_evolution,5,random_regular,100,4,105,5,0.6931471805579453,2,5,0.4,92,71
v2_no_evolution_s5,v2,no_evolution,5,random_regular,100,4,106,99,3.461048251949615,37,99,0.37373737373737376,27,97
v2_no_evolution_s5,v2,no_evolution,5,random_regular,100,4,107,100,3.357306009870857,35,100,0.35,89,94
v2_no_evolution_s5,v2,no_evolution,5,random_regular,100,4,108,5,0.6931471805579453,2,5,0.4,23,71
v2_no_evolution_s5,v2,no_evolution,5,random_regular,100,4,109,4,1.0986122886651095,3,4,0.75,15,69
v2_no_evolution_s5,v2,no_evolution,5,random_regular,100,4,110,51,3.0910424533363146,22,51,0.43137254901960786,56,71
v2_no_evolution_s5,v2,no_evolution,5,random_regular,100,4,111,147,3.901575408441301,56,147,0.38095238095238093,2,3
v2_no_evolution_s5,v2,no_evolution,5,random_regular,100,4,112,12,1.0986122886651095,3,12,0.25,95,71
v2_no_evolution_s5,v2,no_evolution,5,random_regular,100,4,113,161,3.875088582644241,58,161,0.36024844720496896,9,71
v2_no_evolution_s5,v2,no_evolution,5,random_regular,100,4,114,57,3.2826939972510645,28,57,0.49122807017543857,74,69
v2_no_evolution_s5,v2,no_evolution,5,random_regular,100,4,115,140,3.98873812974384,58,140,0.4142857142857143,33,71
v2_no_evolution_s5,v2,no_evolution,5,random_regular,100,4,116,14,1.5498260458732018,7,14,0.5,98,3
v2_no_evolution_s5,v2,no_evolution,5,random_regular,100,4,117,34,2.639057329601259,14,34,0.4117647058823529,52,94
v2_no_evolution_s5,v2,no_evolution,5,random_regular,100,4,118,67,3.1418041591892294,27,67,0.40298507462686567,61,97
v2_no_evolution_s5,v2,no_evolution,5,random_regular,100,4,119,49,2.857102837424001,20,49,0.40816326530612246,43,94
v2_no_evolution_s5,v2,no_evolution,5,random_regular,100,4,120,60,2.685945324654788,16,60,0.26666666666666666,78,69
v2_no_evolution_s5,v2,no_evolution,5,random_regular,100,4,121,22,2.079441541671836,8,22,0.36363636363636365,50,71
v2_no_evolution_s5,v2,no_evolution,5,random_regular,100,4,122,127,3.603049664804596,47,127,0.3700787401574803,53,3
v2_no_evolution_s5,v2,no_evolution,5,random_regular,100,4,123,95,3.2509410406396784,34,95,0.35789473684210527,0,71
v2_no_evolution_s5,v2,no_evolution,5,random_regular,100,4,124,70,3.0904599235931967,27,70,0.38571428571428573,6,71
v2_no_evolution_s5,v2,no_evolution,5,random_regular,100,4,125,45,2.772588722223781,16,45,0.35555555555555557,99,3
v2_no_evolution_s5,v2,no_evolution,5,random_regular,100,4,126,1,-1.000088900581841e-12,1,1,1.0,14,71
v2_no_evolution_s5,v2,no_evolution,5,random_regular,100,4,127,97,3.328471881301736,33,97,0.3402061855670103,10,69
v2_no_evolution_s5,v2,no_evolution,5,random_regular,100,4,128,76,3.204777524107256,26,76,0.34210526315789475,39,69
v2_no_evolution_s5,v2,no_evolution,5,random_regular,100,4,129,165,3.780485017003216,55,165,0.3333333333333333,5,94
v2_no_evolution_s5,v2,no_evolution,5,random_regular,100,4,130,200,4.1153660768308935,72,200,0.36,30,3
v2_no_evolution_s5,v2,no_evolution,5,random_regular,100,4,131,6,0.6931471805579453,2,6,0.3333333333333333,43,71
v2_no_evolution_s5,v2,no_evolution,5,random_regular,100,4,132,12,1.0986122886651095,3,12,0.25,95,71
v2_no_evolution_s5,v2,no_evolution,5,random_regular,100,4,133,93,3.4388060781888203,43,93,0.46236559139784944,26,71
v2_no_evolution_s5,v2,no_evolution,5,random_regular,100,4,134,10,1.791759469222055,6,10,0.6,33,71
v2_no_evolution_s5,v2,no_evolution,5,random_regular,100,4,135,57,3.193512367382888,31,57,0.543859649122807,66,97
v2_no_evolution_s5,v2,no_evolution,5,random_regular,100,4,136,122,3.562421100871885,47,122,0.38524590163934425,54,94
v2_no_evolution_s5,v2,no_evolution,5,random_regular,100,4,137,102,3.362741000707093,32,102,0.3137254901960784,82,69
v2_no_evolution_s5,v2,no_evolution,5,random_regular,100,4,138,68,2.9785084205072385,21,68,0.3088235294117647,51,94
v2_no_evolution_s5,v2,no_evolution,5,random_regular,100,4,139,3,-1.000088900581841e-12,1,3,0.3333333333333333,32,71
v2_no_evolution_s5,v2,no_evolution,5,random_regular,100,4,140,29,2.1639556568730565,10,29,0.3448275862068966,14,97
v2_no_evolution_s5,v2,no_evolution,5,random_regular,100,4,141,53,3.0149468801585937,23,53,0.4339622641509434,87,3
v2_no_evolution_s5,v2,no_evolution,5,random_regular,100,4,142,31,1.791759469222055,6,31,0.1935483870967742,98,97
v2_no_evolution_s5,v2,no_evolution,5,random_regular,100,4,143,26,2.197224577327219,9,26,0.34615384615384615,5,94
v2_no_evolution_s5,v2,no_evolution,5,random_regular,100,4,144,0,0.0,0,0,,94,94
v2_no_evolution_s5,v2,no_evolution,5,random_regular,100,4,145,65,3.163424050399405,25,65,0.38461538461538464,89,94
v2_no_evolution_s5,v2,no_evolution,5,random_regular,100,4,146,3,-1.000088900581841e-12,1,3,0.3333333333333333,16,3
v2_no_evolution_s5,v2,no_evolution,5,random_regular,100,4,147,38,1.9722469794154416,11,38,0.2894736842105263,51,71
v2_no_evolution_s5,v2,no_evolution,5,random_regular,100,4,148,0,0.0,0,0,,71,71
v2_no_evolution_s5,v2,no_evolution,5,random_regular,100,4,149,61,2.8716496251169272,23,61,0.3770491803278688,87,3
v2_no_evolution_s5,v2,no_evolution,5,random_regular,100,4,150,3,-1.000088900581841e-12,1,3,0.3333333333333333,70,3
v2_no_evolution_s5,v2,no_evolution,5,random_regular,100,4,151,141,3.726855934986873,46,141,0.3262411347517731,50,3
v2_no_evolution_s5,v2,no_evolution,5,random_regular,100,4,152,61,2.670119889791816,17,61,0.2786885245901639,40,3
v2_no_evolution_s5,v2,no_evolution,5,random_regular,100,4,153,165,3.8252615592850914,54,165,0.32727272727272727,20,94
v2_no_evolution_s5,v2,no_evolution,5,random_regular,100,4,154,123,3.491924411605634,48,123,0.3902439024390244,30,69
v2_no_evolution_s5,v2,no_evolution,5,random_regular,100,4,155,46,2.7080502010872096,15,46,0.32608695652173914,64,69
v2_no_evolution_s5,v2,no_evolution,5,random_regular,100,4,156,7,1.3862943611158909,4,7,0.5714285714285714,81,3
v2_no_evolution_s5,v2,no_evolution,5,random_regular,100,4,157,166,3.730099994202944,61,166,0.3674698795180723,57,71
v2_no_evolution_s5,v2,no_evolution,5,random_regular,100,4,158,66,3.098139496330803,26,66,0.3939393939393939,93,69
v2_no_evolution_s5,v2,no_evolution,5,random_regular,100,4,159,59,2.8332133440392155,17,59,0.288135593220339,50,94
v2_no_evolution_s5,v2,no_evolution,5,random_regular,100,4,160,250,4.377909259145918,93,250,0.372,24,3
v2_no_evolution_s5,v2,no_evolution,5,random_regular,100,4,161,265,4.2379071506461,99,265,0.37358490566037733,34,69
v2_no_evolution_s5,v2,no_evolution,5,random_regular,100,4,162,64,2.6701198897918164,17,64,0.265625,24,94
v2_no_evolution_s5,v2,no_evolution,5,random_regular,100,4,163,80,3.052520501511814,25,80,0.3125,8,69
v2_no_evolution_s5,v2,no_evolution,5,random_regular,100,4,164,178,3.963935438772188,64,178,0.3595505617977528,15,3
v2_no_evolution_s5,v2,no_evolution,5,random_regular,100,4,165,90,3.3909780549362365,36,90,0.4,36,69
v2_no_evolution_s5,v2,no_evolution,5,random_regular,100,4,166,57,3.0280290732864104,22,57,0.38596491228070173,79,94
v2_no_evolution_s5,v2,no_evolution,5,random_regular,100,4,167,66,2.8861651781804274,25,66,0.3787878787878788,47,71
v2_no_evolution_s5,v2,no_evolution,5,random_regular,100,4,168,120,3.708094060697539,46,120,0.38333333333333336,52,71
v2_no_evolution_s5,v2,no_evolution,5,random_regular,100,4,169,199,3.9706172797023616,62,199,0.31155778894472363,88,71
v2_no_evolution_s5,v2,no_evolution,5,random_regular,100,4,170,38,1.8891591637470213,9,38,0.23684210526315788,50,71
v2_no_evolution_s5,v2,no_evolution,5,random_regular,100,4,171,71,3.134162458562648,28,71,0.39436619718309857,1,71
v2_no_evolution_s5,v2,no_evolution,5,random_regular,100,4,172,96,3.3176975995541462,35,96,0.3645833333333333,85,71
v2_no_evolution_s5,v2,no_evolution,5,random_regular,100,4,173,47,2.736339051089065,18,47,0.3829787234042553,18,94
v2_no_evolution_s5,v2,no_evolution,5,random_regular,100,4,174,8,0.6931471805579453,2,8,0.25,33,94
v2_no_evolution_s5,v2,no_evolution,5,random_regular,100,4,175,101,3.423580836785212,37,101,0.36633663366336633,53,94
v2_no_evolution_s5,v2,no_evolution,5,random_regular,100,4,176,163,3.913061841686952,59,163,0.3619631901840491,82,94
v2_no_evolution_s5,v2,no_evolution,5,random_regular,100,4,177,9,1.3862943611158909,4,9,0.4444444444444444,6,97
v2_no_evolution_s5,v2,no_evolution,5,random_regular,100,4,178,222,3.978746889306944,79,222,0.35585585585585583,9,3
v2_no_evolution_s5,v2,no_evolution,5,random_regular,100,4,179,238,3.915854417566431,88,238,0.3697478991596639,26,94
v2_no_evolution_s5,v2,no_evolution,5,random_regular,100,4,180,0,0.0,0,0,,71,71
v2_no_evolution_s5,v2,no_evolution,5,random_regular,100,4,181,51,2.685945324654788,16,51,0.3137254901960784,83,94
v2_no_evolution_s5,v2,no_evolution,5,random_regular,100,4,182,4,0.6931471805579453,2,4,0.5,73,94
v2_no_evolution_s5,v2,no_evolution,5,random_regular,100,4,183,55,2.976138801317437,25,55,0.45454545454545453,34,97
v2_no_evolution_s5,v2,no_evolution,5,random_regular,100,4,184,193,3.816771099996592,68,193,0.35233160621761656,22,69
v2_no_evolution_s5,v2,no_evolution,5,random_regular,100,4,185,44,2.476220649585165,18,44,0.4090909090909091,18,71
v2_no_evolution_s5,v2,no_evolution,5,random_regular,100,4,186,204,3.948591418183679,67,204,0.3284313725490196,96,97
v2_no_evolution_s5,v2,no_evolution,5,random_regular,100,4,187,142,3.491992315914377,49,142,0.34507042253521125,21,3
v2_no_evolution_s5,v2,no_evolution,5,random_regular,100,4,188,60,2.7985132569262934,19,60,0.31666666666666665,79,71
v2_no_evolution_s5,v2,no_evolution,5,random_regular,100,4,189,53,2.787788119369007,20,53,0.37735849056603776,33,69
v2_no_evolution_s5,v2,no_evolution,5,random_regular,100,4,190,57,3.0280290732864104,22,57,0.38596491228070173,52,69
v2_no_evolution_s5,v2,no_evolution,5,random_regular,100,4,191,137,3.417795684495068,49,137,0.35766423357664234,36,3
v2_no_evolution_s5,v2,no_evolution,5,random_regular,100,4,192,13,1.3862943611158909,4,13,0.3076923076923077,50,3
v2_no_evolution_s5,v2,no_evolution,5,random_regular,100,4,193,50,2.7985132569262934,19,50,0.38,79,94
v2_no_evolution_s5,v2,no_evolution,5,random_regular,100,4,194,78,3.1514585102190296,26,78,0.3333333333333333,96,94
v2_no_evolution_s5,v2,no_evolution,5,random_regular,100,4,195,12,1.791759469222055,6,12,0.5,96,94
v2_no_evolution_s5,v2,no_evolution,5,random_regular,100,4,196,20,1.9459101490483133,7,20,0.35,24,97
v2_no_evolution_s5,v2,no_evolution,5,random_regular,100,4,197,165,4.08695242275285,71,165,0.4303030303030303,40,71
v2_no_evolution_s5,v2,no_evolution,5,random_regular,100,4,198,80,3.444813797459462,34,80,0.425,84,69
v2_no_evolution_s5,v2,no_evolution,5,random_regular,100,4,199,43,2.871476118036867,19,43,0.4418604651162791,98,3
v2_no_evolution_s5,v2,no_evolution,5,random_regular,100,4,200,52,3.0280290732864104,22,52,0.4230769230769231,96,69
v2_no_evolution_s5,v2,no_evolution,5,random_regular,100,4,201,4,1.0986122886651095,3,4,0.75,39,69
v2_no_evolution_s5,v2,no_evolution,5,random_regular,100,4,202,68,2.9785084205072385,21,68,0.3088235294117647,61,3
v2_no_evolution_s5,v2,no_evolution,5,random_regular,100,4,203,209,4.073464033773796,81,209,0.3875598086124402,79,69
v2_no_evolution_s5,v2,no_evolution,5,random_regular,100,4,204,7,1.0986122886651095,3,7,0.42857142857142855,39,69
v2_no_evolution_s5,v2,no_evolution,5,random_regular,100,4,205,43,2.902002313186603,22,43,0.5116279069767442,4,71
v2_no_evolution_s5,v2,no_evolution,5,random_regular,100,4,206,51,2.670119889791816,17,51,0.3333333333333333,24,3
v2_no_evolution_s5,v2,no_evolution,5,random_regular,100,4,207,27,2.079441541671836,8,27,0.2962962962962963,83,71
v2_no_evolution_s5,v2,no_evolution,5,random_regular,100,4,208,11,1.3862943611158909,4,11,0.36363636363636365,42,69
v2_no_evolution_s5,v2,no_evolution,5,random_regular,100,4,209,42,2.7985132569262934,19,42,0.4523809523809524,9,94
v2_no_evolution_s5,v2,no_evolution,5,random_regular,100,4,210,110,3.584907376992945,40,110,0.36363636363636365,85,69
v2_no_evolution_s5,v2,no_evolution,5,random_regular,100,4,211,26,2.5649493574485365,13,26,0.5,74,71
v2_no_evolution_s5,v2,no_evolution,5,random_regular,100,4,212,42,2.588573162668117,17,42,0.40476190476190477,7,3
v2_no_evolution_s5,v2,no_evolution,5,random_regular,100,4,213,149,3.635866954262392,54,149,0.3624161073825503,60,3
v2_no_evolution_s5,v2,no_evolution,5,random_regular,100,4,214,62,3.1514585102190296,26,62,0.41935483870967744,46,3
v2_no_evolution_s5,v2,no_evolution,5,random_regular,100,4,215,1,-1.000088900581841e-12,1,1,1.0,16,3
v2_no_evolution_s5,v2,no_evolution,5,random_regular,100,4,216,47,2.428273637510868,18,47,0.3829787234042553,98,69
v2_no_evolution_s5,v2,no_evolution,5,random_regular,100,4,217,5,1.039720770836918,4,5,0.8,26,94
v2_no_evolution_s5,v2,no_evolution,5,random_regular,100,4,218,30,2.197224577327219,9,30,0.3,76,71
v2_no_evolution_s5,v2,no_evolution,5,random_regular,100,4,219,0,0.0,0,0,,69,69
v2_no_evolution_s5,v2,no_evolution,5,random_regular,100,4,220,82,3.151458510219029,26,82,0.3170731707317073,77,71
v2_no_evolution_s5,v2,no_evolution,5,random_regular,100,4,221,19,2.079441541671836,8,19,0.42105263157894735,59,3
v2_no_evolution_s5,v2,no_evolution,5,random_regular,100,4,222,5,0.6931471805579453,2,5,0.4,98,69
v2_no_evolution_s5,v2,no_evolution,5,random_regular,100,4,223,15,2.079441541671836,8,15,0.5333333333333333,86,94
v2_no_evolution_s5,v2,no_evolution,5,random_regular,100,4,224,108,3.550250017965948,40,108,0.37037037037037035,82,69
v2_no_evolution_s5,v2,no_evolution,5,random_regular,100,4,225,260,4.310830739409317,92,260,0.35384615384615387,45,69
v2_no_evolution_s5,v2,no_evolution,5,random_regular,100,4,226,356,4.604156863760816,136,356,0.38202247191011235,50,69
v2_no_evolution_s5,v2,no_evolution,5,random_regular,100,4,227,253,4.266547334118306,98,253,0.38735177865612647,91,3
v2_no_evolution_s5,v2,no_evolution,5,random_regular,100,4,228,10,1.3862943611158909,4,10,0.4,49,97
v2_no_evolution_s5,v2,no_evolution,5,random_regular,100,4,229,12,1.6094379124291005,5,12,0.4166666666666667,93,71
v2_no_evolution_s5,v2,no_evolution,5,random_regular,100,4,230,81,3.422414203983732,32,81,0.3950617283950617,18,97
v2_no_evolution_s5,v2,no_evolution,5,random_regular,100,4,231,3,1.0986122886651095,3,3,1.0,26,69
v2_no_evolution_s5,v2,no_evolution,5,random_regular,100,4,232,3,0.6931471805579453,2,3,0.6666666666666666,44,97
v2_no_evolution_s5,v2,no_evolution,5,random_regular,100,4,233,25,2.484906649776,12,25,0.48,73,71
v2_no_evolution_s5,v2,no_evolution,5,random_regular,100,4,234,117,3.632545289508276,47,117,0.4017094017094017,87,69
v2_no_evolution_s5,v2,no_evolution,5,random_regular,100,4,235,205,4.026362970420521,72,205,0.35121951219512193,68,69
v2_no_evolution_s5,v2,no_evolution,5,random_regular,100,4,236,44,2.8332133440392155,17,44,0.38636363636363635,68,71
v2_no_evolution_s5,v2,no_evolution,5,random_regular,100,4,237,3,-1.000088900581841e-12,1,3,0.3333333333333333,10,71
v2_no_evolution_s5,v2,no_evolution,5,random_regular,100,4,238,30,1.9061547465328492,8,30,0.26666666666666666,26,94
v2_no_evolution_s5,v2,no_evolution,5,random_regular,100,4,239,32,2.441015278014703,14,32,0.4375,99,94
v2_no_evolution_s5,v2,no_evolution,5,random_regular,100,4,240,82,3.2826939972510645,28,82,0.34146341463414637,19,71
v2_no_evolution_s5,v2,no_evolution,5,random_regular,100,4,241,54,2.8903717578781647,18,54,0.3333333333333333,76,94
v2_no_evolution_s5,v2,no_evolution,5,random_regular,100,4,242,1,-1.000088900581841e-12,1,1,1.0,41,94
v2_no_evolution_s5,v2,no_evolution,5,random_regular,100,4,243,46,2.5232109529398907,15,46,0.32608695652173914,28,69
v2_no_evolution_s5,v2,no_evolution,5,random_regular,100,4,244,25,2.0253262207620675,10,25,0.4,9,94
v2_no_evolution_s5,v2,no_evolution,5,random_regular,100,4,245,20,2.0431918705371204,9,20,0.45,31,94
v2_no_evolution_s5,v2,no_evolution,5,random_regular,100,4,246,16,1.791759469222055,6,16,0.375,73,3
v2_no_evolution_s5,v2,no_evolution,5,random_regular,100,4,247,80,3.422414203983732,32,80,0.4,81,97
v2_no_evolution_s5,v2,no_evolution,5,random_regular,100,4,248,96,3.5835189384201103,36,96,0.375,0,3
v2_no_evolution_s5,v2,no_evolution,5,random_regular,100,4,249,82,3.1931483947852626,27,82,0.32926829268292684,80,3
v2_no_evolution_s5,v2,no_evolution,5,random_regular,100,4,250,14,1.6094379124291005,5,14,0.35714285714285715,15,71
v2_no_evolution_s5,v2,no_evolution,5,random_regular,100,4,251,91,3.2285980368793625,33,91,0.3626373626373626,89,3
v2_no_evolution_s5,v2,no_evolution,5,random_regular,100,4,252,0,0.0,0,0,,94,94
v2_no_evolution_s5,v2,no_evolution,5,random_regular,100,4,253,37,2.369382119683676,12,37,0.32432432432432434,51,71
v2_no_evolution_s5,v2,no_evolution,5,random_regular,100,4,254,111,3.335770806415738,32,111,0.2882882882882883,47,69
v2_no_evolution_s5,v2,no_evolution,5,random_regular,100,4,255,68,3.2625679455231658,30,68,0.4411764705882353,19,69
v2_no_evolution_s5,v2,no_evolution,5,random_regular,100,4,256,156,3.8674764351407926,56,156,0.358974358974359,21,97
v2_no_evolution_s5,v2,no_evolution,5,random_regular,100,4,257,36,2.369382119683676,12,36,0.3333333333333333,35,69
v2_no_evolution_s5,v2,no_evolution,5,random_regular,100,4,258,43,2.3978952727873706,11,43,0.2558139534883721,80,3
v2_no_evolution_s5,v2,no_evolution,5,random_regular,100,4,259,3,-1.000088900581841e-12,1,3,0.3333333333333333,14,71
v2_no_evolution_s5,v2,no_evolution,5,random_regular,100,4,260,54,2.6229962760707903,20,54,0.37037037037037035,74,94
v2_no_evolution_s5,v2,no_evolution,5,random_regular,100,4,261,52,3.0149468801585937,23,52,0.4423076923076923,51,3
v2_no_evolution_s5,v2,no_evolution,5,random_regular,100,4,262,10,0.6931471805579453,2,10,0.2,96,3
v2_no_evolution_s5,v2,no_evolution,5,random_regular,100,4,263,0,0.0,0,0,,3,3
v2_no_evolution_s5,v2,no_evolution,5,random_regular,100,4,264,184,3.899399823170689,67,184,0.3641304347826087,86,69
v2_no_evolution_s5,v2,no_evolution,5,random_regular,100,4,265,54,2.8903717578781647,18,54,0.3333333333333333,85,94
v2_no_evolution_s5,v2,no_evolution,5,random_regular,100,4,266,72,3.299829685639092,31,72,0.4305555555555556,75,69
v2_no_evolution_s5,v2,no_evolution,5,random_regular,100,4,267,97,3.4761312408209912,35,97,0.36082474226804123,5,3
v2_no_evolution_s5,v2,no_evolution,5,random_regular,100,4,268,2,-1.000088900581841e-12,1,2,0.5,64,97
v2_no_evolution_s5,v2,no_evolution,5,random_regular,100,4,269,146,3.7511673279840334,53,146,0.363013698630137,22,71
v2_no_evolution_s5,v2,no_evolution,5,random_regular,100,4,270,91,3.4224142039837315,32,91,0.3516483516483517,37,3
v2_no_evolution_s5,v2,no_evolution,5,random_regular,100,4,271,15,1.7478680974607577,7,15,0.4666666666666667,59,94
v2_no_evolution_s5,v2,no_evolution,5,random_regular,100,4,272,108,3.2625679455231658,30,108,0.2777777777777778,53,69
v2_no_evolution_s5,v2,no_evolution,5,random_regular,100,4,273,49,2.6525875347051477,19,49,0.3877551020408163,10,3
v2_no_evolution_s5,v2,no_evolution,5,random_regular,100,4,274,130,3.7786534114435946,49,130,0.3769230769230769,17,71
v2_no_evolution_s5,v2,no_evolution,5,random_regular,100,4,275,39,2.3046193848096714,14,39,0.358974358974359,0,3
v2_no_evolution_s5,v2,no_evolution,5,random_regular,100,4,276,87,3.2580965379954825,26,87,0.2988505747126437,74,71
v2_no_evolution_s5,v2,no_evolution,5,random_regular,100,4,277,38,2.369382119683676,12,38,0.3157894736842105,55,3
v2_no_evolution_s5,v2,no_evolution,5,random_regular,100,4,278,96,3.193512367382888,31,96,0.3229166666666667,51,3
v2_no_evolution_s5,v2,no_evolution,5,random_regular,100,4,279,10,1.6094379124291005,5,10,0.5,59,3
v2_no_evolution_s5,v2,no_evolution,5,random_regular,100,4,280,1,-1.000088900581841e-12,1,1,1.0,95,71
v2_no_evolution_s5,v2,no_evolution,5,random_regular,100,4,281,76,3.363267070336762,34,76,0.4473684210526316,33,97
v2_no_evolution_s5,v2,no_evolution,5,random_regular,100,4,282,34,2.5649493574485365,13,34,0.38235294117647056,59,69
v2_no_evolution_s5,v2,no_evolution,5,random_regular,100,4,283,174,3.946786016322238,68,174,0.39080459770114945,35,97
v2_no_evolution_s5,v2,no_evolution,5,random_regular,100,4,284,118,3.40194003380316,44,118,0.3728813559322034,67,3
v2_no_evolution_s5,v2,no_evolution,5,random_regular,100,4,285,53,2.846480386116867,21,53,0.39622641509433965,39,3
v2_no_evolution_s5,v2,no_evolution,5,random_regular,100,4,286,83,3.098139496330803,26,83,0.3132530120481928,48,94
v2_no_evolution_s5,v2,no_evolution,5,random_regular,100,4,287,8,1.0986122886651095,3,8,0.375,44,94
v2_no_evolution_s5,v2,no_evolution,5,random_regular,100,4,288,431,4.867524320702239,165,431,0.382830626450116,57,71
v2_no_evolution_s5,v2,no_evolution,5,random_regular,100,4,289,1,-1.000088900581841e-12,1,1,1.0,64,97
v2_no_evolution_s5,v2,no_evolution,5,random_regular,100,4,290,266,4.320211676552484,92,266,0.3458646616541353,85,71
v2_no_evolution_s5,v2,no_evolution,5,random_regular,100,4,291,28,2.3978952727873706,11,28,0.39285714285714285,52,94
v2_no_evolution_s5,v2,no_evolution,5,random_regular,100,4,292,207,3.937601221768809,66,207,0.3188405797101449,9,94
v2_no_evolution_s5,v2,no_evolution,5,random_regular,100,4,293,3,0.6931471805579453,2,3,0.6666666666666666,91,71
v2_no_evolution_s5,v2,no_evolution,5,random_regular,100,4,294,61,2.926417555478996,20,61,0.32786885245901637,10,97
v2_no_evolution_s5,v2,no_evolution,5,random_regular,100,4,295,88,3.5155926589389503,40,88,0.45454545454545453,25,69
v2_no_evolution_s5,v2,no_evolution,5,random_regular,100,4,296,83,3.163424050399405,25,83,0.30120481927710846,47,71
v2_no_evolution_s5,v2,no_evolution,5,random_regular,100,4,297,22,2.4583113296710835,13,22,0.5909090909090909,64,94
v2_no_evolution_s5,v2,no_evolution,5,random_regular,100,4,298,9,-1.000088900581841e-12,1,9,0.1111111111111111,88,94
v2_no_evolution_s5,v2,no_evolution,5,random_regular,100,4,299,111,3.5734504974428223,37,111,0.3333333333333333,84,94
v2_no_evolution_s5,v2,no_evolution,5,random_regular,100,4,300,86,3.223530831956023,35,86,0.4069767441860465,93,3
v2_no_evolution_s5,v2,no_evolution,5,random_regular,100,4,301,31,2.3978952727873706,11,31,0.3548387096774194,83,94
v2_no_evolution_s5,v2,no_evolution,5,random_regular,100,4,302,9,1.0986122886651095,3,9,0.3333333333333333,47,3
v2_no_evolution_s5,v2,no_evolution,5,random_regular,100,4,303,105,3.2409469796517136,34,105,0.3238095238095238,82,94
v2_no_evolution_s5,v2,no_evolution,5,random_regular,100,4,304,35,2.5993019270857944,16,35,0.45714285714285713,32,94
v2_no_evolution_s5,v2,no_evolution,5,random_regular,100,4,305,96,3.0904599235931967,27,96,0.28125,82,97
v2_no_evolution_s5,v2,no_evolution,5,random_regular,100,4,306,83,3.019736127116996,27,83,0.3253012048192771,9,3
v2_no_evolution_s5,v2,no_evolution,5,random_regular,100,4,307,2,-1.000088900581841e-12,1,2,0.5,16,3
v2_no_evolution_s5,v2,no_evolution,5,random_regular,100,4,308,0,0.0,0,0,,97,97
v2_no_evolution_s5,v2,no_evolution,5,random_regular,100,4,309,1,-1.000088900581841e-12,1,1,1.0,4,94
v2_no_evolution_s5,v2,no_evolution,5,random_regular,100,4,310,125,3.5079609899858237,39,125,0.312,55,71
v2_no_evolution_s5,v2,no_evolution,5,random_regular,100,4,311,2,-1.000088900581841e-12,1,2,0.5,14,71
v2_no_evolution_s5,v2,no_evolution,5,random_regular,100,4,312,8,1.039720770836918,4,8,0.5,23,71
v2_no_evolution_s5,v2,no_evolution,5,random_regular,100,4,313,36,2.540036303807981,14,36,0.3888888888888889,50,69
v2_no_evolution_s5,v2,no_evolution,5,random_regular,100,4,314,156,3.574483130740064,53,156,0.33974358974358976,80,3
v2_no_evolution_s5,v2,no_evolution,5,random_regular,100,4,315,53,2.639057329601259,14,53,0.2641509433962264,24,94
v2_no_evolution_s5,v2,no_evolution,5,random_regular,100,4,316,86,3.319492576126754,29,86,0.3372093023255814,51,69
v2_no_evolution_s5,v2,no_evolution,5,random_regular,100,4,317,179,3.728865645012374,54,179,0.3016759776536313,10,71
v2_no_evolution_s5,v2,no_evolution,5,random_regular,100,4,318,61,2.997756703249981,31,61,0.5081967213114754,63,3
v2_no_evolution_s5,v2,no_evolution,5,random_regular,100,4,319,20,1.791759469222055,6,20,0.3,15,3
v2_no_evolution_s5,v2,no_evolution,5,random_regular,100,4,320,95,3.0903647013645865,38,95,0.4,76,69
v2_no_evolution_s5,v2,no_evolution,5,random_regular,100,4,321,123,3.7415499360560274,51,123,0.4146341463414634,85,71
v2_no_evolution_s5,v2,no_evolution,5,random_regular,100,4,322,102,3.363267070336762,34,102,0.3333333333333333,30,71
v2_no_evolution_s5,v2,no_evolution,5,random_regular,100,4,323,31,2.5649493574485365,13,31,0.41935483870967744,51,97
v2_no_evolution_s5,v2,no_evolution,5,random_regular,100,4,324,116,3.619564736019943,40,116,0.3448275862068966,22,69
v2_no_evolution_s5,v2,no_evolution,5,random_regular,100,4,325,7,0.6931471805579453,2,7,0.2857142857142857,73,94
v2_no_evolution_s5,v2,no_evolution,5,random_regular,100,4,326,115,3.595149493727549,44,115,0.3826086956521739,49,71
v2_no_evolution_s5,v2,no_evolution,5,random_regular,100,4,327,149,3.928481622565976,63,149,0.4228187919463087,0,94
v2_no_evolution_s5,v2,no_evolution,5,random_regular,100,4,328,259,4.07765907171836,81,259,0.3127413127413127,42,94
v2_no_evolution_s5,v2,no_evolution,5,random_regular,100,4,329,12,1.9459101490483133,7,12,0.5833333333333334,91,97
v2_no_evolution_s5,v2,no_evolution,5,random_regular,100,4,330,223,4.262946741804567,90,223,0.40358744394618834,28,97
v2_no_evolution_s5,v2,no_evolution,5,random_regular,100,4,331,215,3.972278536084264,73,215,0.3395348837209302,20,71
v2_no_evolution_s5,v2,no_evolution,5,random_regular,100,4,332,55,2.2316069515979344,17,55,0.3090909090909091,79,94
v2_no_evolution_s5,v2,no_evolution,5,random_regular,100,4,333,0,0.0,0,0,,97,97
v2_no_evolution_s5,v2,no_evolution,5,random_regular,100,4,334,128,3.4761312408209912,35,128,0.2734375,45,69
v2_no_evolution_s5,v2,no_evolution,5,random_regular,100,4,335,91,3.484373825390651,37,91,0.4065934065934066,41,69
v2_no_evolution_s5,v2,no_evolution,5,random_regular,100,4,336,101,3.263139242272734,35,101,0.3465346534653465,17,71
v2_no_evolution_s5,v2,no_evolution,5,random_regular,100,4,337,65,3.271689322296034,29,65,0.4461538461538462,11,94
v2_no_evolution_s5,v2,no_evolution,5,random_regular,100,4,338,174,3.916678012487969,70,174,0.40229885057471265,80,69
v2_no_evolution_s5,v2,no_evolution,5,random_regular,100,4,339,94,3.3909780549362365,36,94,0.3829787234042553,77,97
v2_no_evolution_s5,v2,no_evolution,5,random_regular,100,4,340,2,0.6931471805579453,2,2,1.0,25,71
v2_no_evolution_s5,v2,no_evolution,5,random_regular,100,4,341,30,2.2718685126865625,11,30,0.36666666666666664,28,3
v2_no_evolution_s5,v2,no_evolution,5,random_regular,100,4,342,2,-1.000088900581841e-12,1,2,0.5,32,71
v2_no_evolution_s5,v2,no_evolution,5,random_regular,100,4,343,54,2.685945324654788,16,54,0.2962962962962963,83,71
v2_no_evolution_s5,v2,no_evolution,5,random_regular,100,4,344,59,2.7214846262282024,29,59,0.4915254237288136,50,3
v2_no_evolution_s5,v2,no_evolution,5,random_regular,100,4,345,7,1.791759469222055,6,7,0.8571428571428571,92,71
v2_no_evolution_s5,v2,no_evolution,5,random_regular,100,4,346,94,3.335770806415738,32,94,0.3404255319148936,25,69
v2_no_evolution_s5,v2,no_evolution,5,random_regular,100,4,347,58,3.098139496330803,26,58,0.4482758620689655,18,94
v2_no_evolution_s5,v2,no_evolution,5,random_regular,100,4,348,47,3.044522437702424,21,47,0.44680851063829785,48,94
v2_no_evolution_s5,v2,no_evolution,5,random_regular,100,4,349,102,3.233183484354926,28,102,0.27450980392156865,22,97
v2_no_evolution_s5,v2,no_evolution,5,random_regular,100,4,350,0,0.0,0,0,,69,69
v2_no_evolution_s5,v2,no_evolution,5,random_regular,100,4,351,93,3.367295829957475,29,93,0.3118279569892473,53,97
v2_no_evolution_s5,v2,no_evolution,5,random_regular,100,4,352,0,0.0,0,0,,3,3
v2_no_evolution_s5,v2,no_evolution,5,random_regular,100,4,353,28,2.484906649776,12,28,0.42857142857142855,39,71
v2_no_evolution_s5,v2,no_evolution,5,random_regular,100,4,354,29,2.369382119683676,12,29,0.41379310344827586,9,69
v2_no_evolution_s5,v2,no_evolution,5,random_regular,100,4,355,4,-1.000088900581841e-12,1,4,0.25,46,97
v2_no_evolution_s5,v2,no_evolution,5,random_regular,100,4,356,52,2.61563057701355,15,52,0.28846153846153844,73,3
v2_no_evolution_s5,v2,no_evolution,5,random_regular,100,4,357,19,1.791759469222055,6,19,0.3157894736842105,84,69
v2_no_evolution_s5,v2,no_evolution,5,random_regular,100,4,358,13,1.0986122886651095,3,13,0.23076923076923078,54,97
v2_no_evolution_s5,v2,no_evolution,5,random_regular,100,4,359,85,3.3549875695958247,30,85,0.35294117647058826,27,71
v2_no_evolution_s5,v2,no_evolution,5,random_regular,100,4,360,118,3.67795722676115,46,118,0.3898305084745763,46,69
v2_no_evolution_s5,v2,no_evolution,5,random_regular,100,4,361,14,1.9459101490483133,7,14,0.5,39,94
v2_no_evolution_s5,v2,no_evolution,5,random_regular,100,4,362,309,4.641453794084775,118,309,0.3818770226537217,2,97
v2_no_evolution_s5,v2,no_evolution,5,random_regular,100,4,363,337,4.462022061679181,121,337,0.3590504451038576,42,94
v2_no_evolution_s5,v2,no_evolution,5,random_regular,100,4,364,43,2.639057329601259,14,43,0.32558139534883723,7,97
v2_no_evolution_s5,v2,no_evolution,5,random_regular,100,4,365,19,1.6094379124291005,5,19,0.2631578947368421,15,69
v2_no_evolution_s5,v2,no_evolution,5,random_regular,100,4,366,135,3.8465874704474,55,135,0.4074074074074074,6,94
v2_no_evolution_s5,v2,no_evolution,5,random_regular,100,4,367,29,2.197224577327219,9,29,0.3103448275862069,47,69
v2_no_evolution_s5,v2,no_evolution,5,random_regular,100,4,368,5,-1.000088900581841e-12,1,5,0.2,46,97
v2_no_evolution_s5,v2,no_evolution,5,random_regular,100,4,369,73,3.308777757559495,30,73,0.410958904109589,24,3
v2_no_evolution_s5,v2,no_evolution,5,random_regular,100,4,370,172,4.062782422076308,70,172,0.4069767441860465,28,71
v2_no_evolution_s5,v2,no_evolution,5,random_regular,100,4,371,0,0.0,0,0,,3,3
v2_no_evolution_s5,v2,no_evolution,5,random_regular,100,4,372,143,3.683099712933856,49,143,0.34265734265734266,0,94
v2_no_evolution_s5,v2,no_evolution,5,random_regular,100,4,373,98,3.5734504974428223,37,98,0.37755102040816324,78,3
v2_no_evolution_s5,v2,no_evolution,5,random_regular,100,4,374,1,-1.000088900581841e-12,1,1,1.0,32,71
v2_no_evolution_s5,v2,no_evolution,5,random_regular,100,4,375,60,2.9957322735339904,20,60,0.3333333333333333,76,3
v2_no_evolution_s5,v2,no_evolution,5,random_regular,100,4,376,70,2.752191546552043,22,70,0.3142857142857143,33,94
v2_no_evolution_s5,v2,no_evolution,5,random_regular,100,4,377,43,2.3046193848096714,14,43,0.32558139534883723,72,69
v2_no_evolution_s5,v2,no_evolution,5,random_regular,100,4,378,293,4.171324587700518,99,293,0.3378839590443686,17,69
v2_no_evolution_s5,v2,no_evolution,5,random_regular,100,4,379,89,3.1839025007912363,36,89,0.4044943820224719,49,97
v2_no_evolution_s5,v2,no_evolution,5,random_regular,100,4,380,5,0.6931471805579453,2,5,0.4,4,69
v2_no_evolution_s5,v2,no_evolution,5,random_regular,100,4,381,83,3.039115687997164,27,83,0.3253012048192771,95,69
v2_no_evolution_s5,v2,no_evolution,5,random_regular,100,4,382,105,3.371971579897444,37,105,0.3523809523809524,68,69
v2_no_evolution_s5,v2,no_evolution,5,random_regular,100,4,383,151,3.8133529292274,53,151,0.3509933774834437,82,3
v2_no_evolution_s5,v2,no_evolution,5,random_regular,100,4,384,89,3.465735902767727,32,89,0.3595505617977528,17,97
v2_no_evolution_s5,v2,no_evolution,5,random_regular,100,4,385,108,3.5355242894287437,43,108,0.39814814814814814,14,71
v2_no_evolution_s5,v2,no_evolution,5,random_regular,100,4,386,20,1.5607104090364068,6,20,0.3,11,94
v2_no_evolution_s5,v2,no_evolution,5,random_regular,100,4,387,15,1.7478680974607577,7,15,0.4666666666666667,49,69
v2_no_evolution_s5,v2,no_evolution,5,random_regular,100,4,388,160,3.966338876953358,65,160,0.40625,17,97
v2_no_evolution_s5,v2,no_evolution,5,random_regular,100,4,389,73,3.389268031515795,31,73,0.4246575342465753,22,69
v2_no_evolution_s5,v2,no_evolution,5,random_regular,100,4,390,33,2.3516733018936304,13,33,0.3939393939393939,58,3
v2_no_evolution_s5,v2,no_evolution,5,random_regular,100,4,391,17,1.3862943611158909,4,17,0.23529411764705882,11,94
v2_no_evolution_s5,v2,no_evolution,5,random_regular,100,4,392,50,2.772588722223781,16,50,0.32,85,3
v2_no_evolution_s5,v2,no_evolution,5,random_regular,100,4,393,68,3.2551105127007407,31,68,0.45588235294117646,27,71
v2_no_evolution_s5,v2,no_evolution,5,random_regular,100,4,394,111,3.48696933962402,45,111,0.40540540540540543,58,94
v2_no_evolution_s5,v2,no_evolution,5,random_regular,100,4,395,23,2.079441541671836,8,23,0.34782608695652173,80,71
v2_no_evolution_s5,v2,no_evolution,5,random_regular,100,4,396,11,1.0986122886651095,3,11,0.2727272727272727,26,69
v2_no_evolution_s5,v2,no_evolution,5,random_regular,100,4,397,18,1.3862943611158909,4,18,0.2222222222222222,72,69
v2_no_evolution_s5,v2,no_evolution,5,random_regular,100,4,398,90,3.16498553775291,28,90,0.3111111111111111,26,94
v2_no_evolution_s5,v2,no_evolution,5,random_regular,100,4,399,107,3.6322425006666657,43,107,0.40186915887850466,32,71
v2_no_evolution_s5,v2,no_evolution,5,random_regular,100,4,400,2,-1.000088900581841e-12,1,2,0.5,4,94
v2_no_evolution_s5,v2,no_evolution,5,random_regular,100,4,401,100,3.4124897213676078,33,100,0.33,34,97
v2_no_evolution_s5,v2,no_evolution,5,random_regular,100,4,402,95,3.5157396511377024,35,95,0.3684210526315789,6,3
v2_no_evolution_s5,v2,no_evolution,5,random_regular,100,4,403,10,0.6931471805579453,2,10,0.2,92,71
v2_no_evolution_s5,v2,no_evolution,5,random_regular,100,4,404,59,3.120291565278284,24,59,0.4067796610169492,66,3
v2_no_evolution_s5,v2,no_evolution,5,random_regular,100,4,405,234,4.199727103786595,81,234,0.34615384615384615,56,3
v2_no_evolution_s5,v2,no_evolution,5,random_regular,100,4,406,74,3.176082814634593,29,74,0.3918918918918919,79,3
v2_no_evolution_s5,v2,no_evolution,5,random_regular,100,4,407,174,3.76321414151526,59,174,0.3390804597701149,86,94
v2_no_evolution_s5,v2,no_evolution,5,random_regular,100,4,408,192,3.850379861169232,62,192,0.3229166666666667,33,3
v2_no_evolution_s5,v2,no_evolution,5,random_regular,100,4,409,105,3.1308596534353352,36,105,0.34285714285714286,53,71
v2_no_evolution_s5,v2,no_evolution,5,random_regular,100,4,410,21,1.791759469222055,6,21,0.2857142857142857,74,3
v2_no_evolution_s5,v2,no_evolution,5,random_regular,100,4,411,123,3.6834363242964407,45,123,0.36585365853658536,46,71
v2_no_evolution_s5,v2,no_evolution,5,random_regular,100,4,412,33,2.2718685126865625,11,33,0.3333333333333333,95,71
v2_no_evolution_s5,v2,no_evolution,5,random_regular,100,4,413,43,2.5520852976069657,19,43,0.4418604651162791,82,94
v2_no_evolution_s5,v2,no_evolution,5,random_regular,100,4,414,1,-1.000088900581841e-12,1,1,1.0,41,94
v2_no_evolution_s5,v2,no_evolution,5,random_regular,100,4,415,33,2.0253262207620675,10,33,0.30303030303030304,38,71
v2_no_evolution_s5,v2,no_evolution,5,random_regular,100,4,416,136,3.801119456492554,50,136,0.36764705882352944,75,69
v2_no_evolution_s5,v2,no_evolution,5,random_regular,100,4,417,108,3.6834363242964407,45,108,0.4166666666666667,53,3
v2_no_evolution_s5,v2,no_evolution,5,random_regular,100,4,418,52,2.83412587653726,23,52,0.4423076923076923,21,94
v2_no_evolution_s5,v2,no_evolution,5,random_regular,100,4,419,196,4.076800932646884,68,196,0.3469387755102041,25,71
v2_no_evolution_s5,v2,no_evolution,5,random_regular,100,4,420,3,1.0986122886651095,3,3,1.0,14,71
v2_no_evolution_s5,v2,no_evolution,5,random_regular,100,4,421,70,3.370480801334671,33,70,0.4714285714285714,37,71
v2_no_evolution_s5,v2,no_evolution,5,random_regular,100,4,422,40,2.540036303807981,14,40,0.35,4,94
v2_no_evolution_s5,v2,no_evolution,5,random_regular,100,4,423,238,3.945577796170936,78,238,0.3277310924369748,17,71
v2_no_evolution_s5,v2,no_evolution,5,random_regular,100,4,424,12,1.3862943611158909,4,12,0.3333333333333333,12,71
v2_no_evolution_s5,v2,no_evolution,5,random_regular,100,4,425,56,2.871476118036867,19,56,0.3392857142857143,8,69
v2_no_evolution_s5,v2,no_evolution,5,random_regular,100,4,426,202,4.141923014565838,81,202,0.400990099009901,51,97
v2_no_evolution_s5,v2,no_evolution,5,random_regular,100,4,427,58,2.846480386116867,21,58,0.3620689655172414,24,97
v2_no_evolution_s5,v2,no_evolution,5,random_regular,100,4,428,80,3.299829685639092,31,80,0.3875,17,94
v2_no_evolution_s5,v2,no_evolution,5,random_regular,100,4,429,35,2.253857589591352,12,35,0.34285714285714286,9,3
v2_no_evolution_s5,v2,no_evolution,5,random_regular,100,4,430,162,3.860945770292196,76,162,0.4691358024691358,45,71
v2_no_evolution_s5,v2,no_evolution,5,random_regular,100,4,431,28,2.341994252221425,14,28,0.5,96,69
v2_no_evolution_s5,v2,no_evolution,5,random_regular,100,4,432,93,3.183922421639312,35,93,0.3763440860215054,88,94
v2_no_evolution_s5,v2,no_evolution,5,random_regular,100,4,433,70,3.1624840112797505,32,70,0.45714285714285713,12,94
v2_no_evolution_s5,v2,no_evolution,5,random_regular,100,4,434,3,-1.000088900581841e-12,1,3,0.3333333333333333,10,71
v2_no_evolution_s5,v2,no_evolution,5,random_regular,100,4,435,0,0.0,0,0,,3,3
v2_no_evolution_s5,v2,no_evolution,5,random_regular,100,4,436,209,4.120964116889941,77,209,0.3684210526315789,65,3
v2_no_evolution_s5,v2,no_evolution,5,random_regular,100,4,437,0,0.0,0,0,,3,3
v2_no_evolution_s5,v2,no_evolution,5,random_regular,100,4,438,38,2.369382119683676,12,38,0.3157894736842105,20,97
v2_no_evolution_s5,v2,no_evolution,5,random_regular,100,4,439,16,2.079441541671836,8,16,0.5,63,94
v2_no_evolution_s5,v2,no_evolution,5,random_regular,100,4,440,51,2.813355404483615,18,51,0.35294117647058826,85,97
v2_no_evolution_s5,v2,no_evolution,5,random_regular,100,4,441,67,3.151458510219029,26,67,0.3880597014925373,15,71
v2_no_evolution_s5,v2,no_evolution,5,random_regular,100,4,442,1,-1.000088900581841e-12,1,1,1.0,4,94
v2_no_evolution_s5,v2,no_evolution,5,random_regular,100,4,443,113,3.5734504974428223,37,113,0.3274336283185841,40,94
v2_no_evolution_s5,v2,no_evolution,5,random_regular,100,4,444,373,4.722626767524302,141,373,0.3780160857908847,82,71
v2_no_evolution_s5,v2,no_evolution,5,random_regular,100,4,445,0,0.0,0,0,,69,69
v2_no_evolution_s5,v2,no_evolution,5,random_regular,100,4,446,93,3.485587161020812,34,93,0.3655913978494624,78,97
v2_no_evolution_s5,v2,no_evolution,5,random_regular,100,4,447,14,1.3296613488507585,6,14,0.42857142857142855,18,69
v2_no_evolution_s5,v2,no_evolution,5,random_regular,100,4,448,17,1.791759469222055,6,17,0.35294117647058826,39,69
v2_no_evolution_s5,v2,no_evolution,5,random_regular,100,4,449,80,3.2580965379954825,26,80,0.325,23,94
v2_no_evolution_s5,v2,no_evolution,5,random_regular,100,4,450,8,1.791759469222055,6,8,0.75,23,71
v2_no_evolution_s5,v2,no_evolution,5,random_regular,100,4,451,225,4.119784697234869,86,225,0.38222222222222224,44,69
v2_no_evolution_s5,v2,no_evolution,5,random_regular,100,4,452,13,1.7478680974607577,7,13,0.5384615384615384,72,97
v2_no_evolution_s5,v2,no_evolution,5,random_regular,100,4,453,19,2.0253262207620675,10,19,0.5263157894736842,77,3
v2_no_evolution_s5,v2,no_evolution,5,random_regular,100,4,454,88,3.0326730531424326,29,88,0.32954545454545453,47,94
v2_no_evolution_s5,v2,no_evolution,5,random_regular,100,4,455,129,3.176082814634593,29,129,0.2248062015503876,46,94
v2_no_evolution_s5,v2,no_evolution,5,random_regular,100,4,456,195,3.974867523746009,68,195,0.3487179487179487,67,69
v2_no_evolution_s5,v2,no_evolution,5,random_regular,100,4,457,101,3.555595131691821,43,101,0.42574257425742573,39,94
v2_no_evolution_s5,v2,no_evolution,5,random_regular,100,4,458,77,3.151458510219029,26,77,0.33766233766233766,79,94
v2_no_evolution_s5,v2,no_evolution,5,random_regular,100,4,459,38,2.685945324654788,16,38,0.42105263157894735,96,94
v2_no_evolution_s5,v2,no_evolution,5,random_regular,100,4,460,26,2.079441541671836,8,26,0.3076923076923077,76,97
v2_no_evolution_s5,v2,no_evolution,5,random_regular,100,4,461,36,2.484906649776,12,36,0.3333333333333333,47,71
v2_no_evolution_s5,v2,no_evolution,5,random_regular,100,4,462,2,-1.000088900581841e-12,1,2,0.5,95,71
v2_no_evolution_s5,v2,no_evolution,5,random_regular,100,4,463,3,0.6931471805579453,2,3,0.6666666666666666,91,71
v2_no_evolution_s5,v2,no_evolution,5,random_regular,100,4,464,0,0.0,0,0,,97,97
v2_no_evolution_s5,v2,no_evolution,5,random_regular,100,4,465,102,3.4979375712916525,41,102,0.4019607843137255,59,3
v2_no_evolution_s5,v2,no_evolution,5,random_regular,100,4,466,120,3.752682943849809,44,120,0.36666666666666664,51,97
v2_no_evolution_s5,v2,no_evolution,5,random_regular,100,4,467,323,4.282430484647259,118,323,0.3653250773993808,36,71
v2_no_evolution_s5,v2,no_evolution,5,random_regular,100,4,468,125,3.54716307618072,49,125,0.392,72,97
v2_no_evolution_s5,v2,no_evolution,5,random_regular,100,4,469,54,3.0280290732864104,22,54,0.4074074074074074,23,69
v2_no_evolution_s5,v2,no_evolution,5,random_regular,100,4,470,21,2.079441541671836,8,21,0.38095238095238093,91,71
v2_no_evolution_s5,v2,no_evolution,5,random_regular,100,4,471,88,3.379092505199735,32,88,0.36363636363636365,73,94
v2_no_evolution_s5,v2,no_evolution,5,random_regular,100,4,472,51,2.8674404991054456,24,51,0.47058823529411764,89,3
v2_no_evolution_s5,v2,no_evolution,5,random_regular,100,4,473,10,1.3862943611158909,4,10,0.4,11,97
v2_no_evolution_s5,v2,no_evolution,5,random_regular,100,4,474,4,-1.000088900581841e-12,1,4,0.25,4,94
v2_no_evolution_s5,v2,no_evolution,5,random_regular,100,4,475,17,2.197224577327219,9,17,0.5294117647058824,27,3
v2_no_evolution_s5,v2,no_evolution,5,random_regular,100,4,476,14,1.6094379124291005,5,14,0.35714285714285715,46,71
v2_no_evolution_s5,v2,no_evolution,5,random_regular,100,4,477,46,2.3516733018936304,13,46,0.2826086956521739,1,94
v2_no_evolution_s5,v2,no_evolution,5,random_regular,100,4,478,13,-1.000088900581841e-12,1,13,0.07692307692307693,12,94
v2_no_evolution_s5,v2,no_evolution,5,random_regular,100,4,479,14,1.0986122886651095,3,14,0.21428571428571427,12,94
v2_no_evolution_s5,v2,no_evolution,5,random_regular,100,4,480,5,0.6931471805579453,2,5,0.4,83,3
v2_no_evolution_s5,v2,no_evolution,5,random_regular,100,4,481,74,3.319492576126754,29,74,0.3918918918918919,17,71
v2_no_evolution_s5,v2,no_evolution,5,random_regular,100,4,482,7,-1.000088900581841e-12,1,7,0.14285714285714285,32,71
v2_no_evolution_s5,v2,no_evolution,5,random_regular,100,4,483,40,2.2718685126865625,11,40,0.275,80,71
v2_no_evolution_s5,v2,no_evolution,5,random_regular,100,4,484,29,2.61563057701355,15,29,0.5172413793103449,36,71
v2_no_evolution_s5,v2,no_evolution,5,random_regular,100,4,485,66,2.813355404483615,18,66,0.2727272727272727,98,97
v2_no_evolution_s5,v2,no_evolution,5,random_regular,100,4,486,90,3.1282795608038727,29,90,0.32222222222222224,44,69
v2_no_evolution_s5,v2,no_evolution,5,random_regular,100,4,487,22,2.0431918705371204,9,22,0.4090909090909091,54,71
v2_no_evolution_s5,v2,no_evolution,5,random_regular,100,4,488,60,2.7985132569262934,19,60,0.31666666666666665,45,3
v2_no_evolution_s5,v2,no_evolution,5,random_regular,100,4,489,29,2.302585092984045,10,29,0.3448275862068966,17,3
v2_no_evolution_s5,v2,no_evolution,5,random_regular,100,4,490,118,3.5359830822784195,37,118,0.3135593220338983,37,69
v2_no_evolution_s5,v2,no_evolution,5,random_regular,100,4,491,12,1.5607104090364066,6,12,0.5,60,3
v2_no_evolution_s5,v2,no_evolution,5,random_regular,100,4,492,2,-1.000088900581841e-12,1,2,0.5,88,94
v2_no_evolution_s5,v2,no_evolution,5,random_regular,100,4,493,224,4.058924133480831,78,224,0.3482142857142857,93,94
v2_no_evolution_s5,v2,no_evolution,5,random_regular,100,4,494,158,3.8206519769593794,47,158,0.2974683544303797,39,3
v2_no_evolution_s5,v2,no_evolution,5,random_regular,100,4,495,186,4.0971876144270585,68,186,0.3655913978494624,26,97
v2_no_evolution_s5,v2,no_evolution,5,random_regular,100,4,496,31,2.484906649776,12,31,0.3870967741935484,23,69
v2_no_evolution_s5,v2,no_evolution,5,random_regular,100,4,497,0,0.0,0,0,,97,97
v2_no_evolution_s5,v2,no_evolution,5,random_regular,100,4,498,134,3.6401519506812425,48,134,0.3582089552238806,25,71
v2_no_evolution_s5,v2,no_evolution,5,random_regular,100,4,499,7,1.3862943611158909,4,7,0.5714285714285714,31,3
v2_no_evolution_s5,v2,no_evolution,5,random_regular,100,4,500,0,0.0,0,0,,3,3
v2_no_evolution_s5,v2,no_evolution,5,random_regular,100,4,501,72,2.894399544411038,23,72,0.3194444444444444,49,3
v2_no_evolution_s5,v2,no_evolution,5,random_regular,100,4,502,125,3.634764133164168,50,125,0.4,19,94
v2_no_evolution_s5,v2,no_evolution,5,random_regular,100,4,503,7,1.0986122886651095,3,7,0.42857142857142855,36,3
v2_no_evolution_s5,v2,no_evolution,5,random_regular,100,4,504,9,1.3862943611158909,4,9,0.4444444444444444,55,69
v2_no_evolution_s5,v2,no_evolution,5,random_regular,100,4,505,0,0.0,0,0,,71,71
v2_no_evolution_s5,v2,no_evolution,5,random_regular,100,4,506,48,2.685945324654788,16,48,0.3333333333333333,57,71
v2_no_evolution_s5,v2,no_evolution,5,random_regular,100,4,507,62,2.6701198897918164,17,62,0.27419354838709675,43,69
v2_no_evolution_s5,v2,no_evolution,5,random_regular,100,4,508,133,3.689669563800905,44,133,0.3308270676691729,58,71
v2_no_evolution_s5,v2,no_evolution,5,random_regular,100,4,509,15,2.079441541671836,8,15,0.5333333333333333,86,71
v2_no_evolution_s5,v2,no_evolution,5,random_regular,100,4,510,13,1.791759469222055,6,13,0.46153846153846156,39,97
v2_no_evolution_s5,v2,no_evolution,5,random_regular,100,4,511,196,3.857073985158064,63,196,0.32142857142857145,91,3
v2_no_evolution_s5,v2,no_evolution,5,random_regular,100,4,512,58,2.965015693236507,22,58,0.3793103448275862,17,3
v2_no_evolution_s5,v2,no_evolution,5,random_regular,100,4,513,25,2.302585092984045,10,25,0.4,63,71
v2_no_evolution_s5,v2,no_evolution,5,random_regular,100,4,514,8,1.0986122886651095,3,8,0.375,7,3
v2_no_evolution_s5,v2,no_evolution,5,random_regular,100,4,515,84,3.0904599235931967,27,84,0.32142857142857145,51,3
v2_no_evolution_s5,v2,no_evolution,5,random_regular,100,4,516,44,2.751666616915516,17,44,0.38636363636363635,76,3
v2_no_evolution_s5,v2,no_evolution,5,random_regular,100,4,517,15,1.6094379124291005,5,15,0.3333333333333333,37,69
v2_no_evolution_s5,v2,no_evolution,5,random_regular,100,4,518,12,1.3862943611158909,4,12,0.3333333333333333,18,71
v2_no_evolution_s5,v2,no_evolution,5,random_regular,100,4,519,59,2.7985132569262934,19,59,0.3220338983050847,53,94
v2_no_evolution_s5,v2,no_evolution,5,random_regular,100,4,520,14,1.7478680974607577,7,14,0.5,15,97
v2_no_evolution_s5,v2,no_evolution,5,random_regular,100,4,521,169,3.7743904269601423,65,169,0.38461538461538464,27,71
v2_no_evolution_s5,v2,no_evolution,5,random_regular,100,4,522,48,2.9444389791474395,19,48,0.3958333333333333,34,3
v2_no_evolution_s5,v2,no_evolution,5,random_regular,100,4,523,15,1.791759469222055,6,15,0.4,29,69
v2_no_evolution_s5,v2,no_evolution,5,random_regular,100,4,524,21,2.484906649776,12,21,0.5714285714285714,95,94
v2_no_evolution_s5,v2,no_evolution,5,random_regular,100,4,525,49,2.7985132569262934,19,49,0.3877551020408163,0,3
v2_no_evolution_s5,v2,no_evolution,5,random_regular,100,4,526,76,3.0315905757612325,25,76,0.32894736842105265,74,3
v2_no_evolution_s5,v2,no_evolution,5,random_regular,100,4,527,0,0.0,0,0,,69,69
v2_no_evolution_s5,v2,no_evolution,5,random_regular,100,4,528,12,1.3862943611158909,4,12,0.3333333333333333,23,3
v2_no_evolution_s5,v2,no_evolution,5,random_regular,100,4,529,33,2.5520852976069666,19,33,0.5757575757575758,65,97
v2_no_evolution_s5,v2,no_evolution,5,random_regular,100,4,530,102,3.467994408329786,36,102,0.35294117647058826,60,3
v2_no_evolution_s5,v2,no_evolution,5,random_regular,100,4,531,26,2.302585092984045,10,26,0.38461538461538464,91,97
v2_no_evolution_s5,v2,no_evolution,5,random_regular,100,4,532,113,3.3985393782638447,40,113,0.35398230088495575,1,97
v2_no_evolution_s5,v2,no_evolution,5,random_regular,100,4,533,137,3.2088639712662856,43,137,0.31386861313868614,79,94
v2_no_evolution_s5,v2,no_evolution,5,random_regular,100,4,534,21,2.369382119683676,12,21,0.5714285714285714,30,97
v2_no_evolution_s5,v2,no_evolution,5,random_regular,100,4,535,68,2.9650156932365066,22,68,0.3235294117647059,26,3
v2_no_evolution_s5,v2,no_evolution,5,random_regular,100,4,536,10,1.7328679513938632,8,10,0.8,44,97
v2_no_evolution_s5,v2,no_evolution,5,random_regular,100,4,537,49,2.9785084205072385,21,49,0.42857142857142855,62,69
v2_no_evolution_s5,v2,no_evolution,5,random_regular,100,4,538,14,1.9459101490483133,7,14,0.5,68,69
v2_no_evolution_s5,v2,no_evolution,5,random_regular,100,4,539,46,2.5993019270857944,16,46,0.34782608695652173,41,94
v2_no_evolution_s5,v2,no_evolution,5,random_regular,100,4,540,58,2.6593226976945163,18,58,0.3103448275862069,90,71
v2_no_evolution_s5,v2,no_evolution,5,random_regular,100,4,541,82,3.244492630381296,27,82,0.32926829268292684,41,69
v2_no_evolution_s5,v2,no_evolution,5,random_regular,100,4,542,96,3.170148321450507,30,96,0.3125,31,71
v2_no_evolution_s5,v2,no_evolution,5,random_regular,100,4,543,6,1.0986122886651095,3,6,0.5,13,97
v2_no_evolution_s5,v2,no_evolution,5,random_regular,100,4,544,3,0.6931471805579453,2,3,0.6666666666666666,61,71
v2_no_evolution_s5,v2,no_evolution,5,random_regular,100,4,545,144,3.693778246480071,49,144,0.3402777777777778,7,97
v2_no_evolution_s5,v2,no_evolution,5,random_regular,100,4,546,62,3.039115687997164,27,62,0.43548387096774194,48,71
v2_no_evolution_s5,v2,no_evolution,5,random_regular,100,4,547,0,0.0,0,0,,71,71
v2_no_evolution_s5,v2,no_evolution,5,random_regular,100,4,548,52,2.926417555478996,20,52,0.38461538461538464,66,97
v2_no_evolution_s5,v2,no_evolution,5,random_regular,100,4,549,78,2.899757101123059,25,78,0.32051282051282054,98,97
v2_no_evolution_s5,v2,no_evolution,5,random_regular,100,4,550,24,2.639057329601259,14,24,0.5833333333333334,7,97
v2_no_evolution_s5,v2,no_evolution,5,random_regular,100,4,551,6,1.0986122886651095,3,6,0.5,0,3
v2_no_evolution_s5,v2,no_evolution,5,random_regular,100,4,552,26,2.3978952727873706,11,26,0.4230769230769231,58,94
v2_no_evolution_s5,v2,no_evolution,5,random_regular,100,4,553,4,1.3862943611158909,4,4,1.0,36,71
v2_no_evolution_s5,v2,no_evolution,5,random_regular,100,4,554,97,3.4215728835395787,35,97,0.36082474226804123,78,69
v2_no_evolution_s5,v2,no_evolution,5,random_regular,100,4,555,10,1.3321790402061222,5,10,0.5,58,3
v2_no_evolution_s5,v2,no_evolution,5,random_regular,100,4,556,180,3.717941794828361,50,180,0.2777777777777778,2,69
v2_no_evolution_s5,v2,no_evolution,5,random_regular,100,4,557,27,2.1006789212702603,16,27,0.5925925925925926,33,94
v2_no_evolution_s5,v2,no_evolution,5,random_regular,100,4,558,30,2.253857589591352,12,30,0.4,11,97
v2_no_evolution_s5,v2,no_evolution,5,random_regular,100,4,559,17,2.0431918705371204,9,17,0.5294117647058824,48,69
v2_no_evolution_s5,v2,no_evolution,5,random_regular,100,4,560,98,3.652629782939221,45,98,0.45918367346938777,78,3
v2_no_evolution_s5,v2,no_evolution,5,random_regular,100,4,561,13,1.3862943611158909,4,13,0.3076923076923077,4,3
v2_no_evolution_s5,v2,no_evolution,5,random_regular,100,4,562,17,2.0431918705371204,9,17,0.5294117647058824,43,69
v2_no_evolution_s5,v2,no_evolution,5,random_regular,100,4,563,18,2.079441541671836,8,18,0.4444444444444444,14,69
v2_no_evolution_s5,v2,no_evolution,5,random_regular,100,4,564,513,4.74843859712165,190,513,0.37037037037037035,75,94
v2_no_evolution_s5,v2,no_evolution,5,random_regular,100,4,565,78,3.244492630381296,27,78,0.34615384615384615,2,71
v2_no_evolution_s5,v2,no_evolution,5,random_regular,100,4,566,86,3.461048251949615,37,86,0.43023255813953487,99,94
v2_no_evolution_s5,v2,no_evolution,5,random_regular,100,4,567,48,2.588573162668117,17,48,0.3541666666666667,35,69
v2_no_evolution_s5,v2,no_evolution,5,random_regular,100,4,568,60,2.9034007581609185,24,60,0.4,82,71
v2_no_evolution_s5,v2,no_evolution,5,random_regular,100,4,569,112,3.5951494937275497,44,112,0.39285714285714285,87,69
v2_no_evolution_s5,v2,no_evolution,5,random_regular,100,4,570,197,4.0956810156941295,75,197,0.38071065989847713,79,3
v2_no_evolution_s5,v2,no_evolution,5,random_regular,100,4,571,71,3.3549875695958247,30,71,0.4225352112676056,74,3
v2_no_evolution_s5,v2,no_evolution,5,random_regular,100,4,572,30,2.5649493574485365,13,30,0.43333333333333335,81,97
v2_no_evolution_s5,v2,no_evolution,5,random_regular,100,4,573,34,2.369382119683676,12,34,0.35294117647058826,93,3
v2_no_evolution_s5,v2,no_evolution,5,random_regular,100,4,574,39,2.8903717578781647,18,39,0.46153846153846156,83,94
v2_no_evolution_s5,v2,no_evolution,5,random_regular,100,4,575,103,3.6322425006666657,43,103,0.4174757281553398,62,69
v2_no_evolution_s5,v2,no_evolution,5,random_regular,100,4,576,255,4.143660831577559,96,255,0.3764705882352941,55,71
v2_no_evolution_s5,v2,no_evolution,5,random_regular,100,4,577,0,0.0,0,0,,97,97
v2_no_evolution_s5,v2,no_evolution,5,random_regular,100,4,578,30,2.1458417525857545,11,30,0.36666666666666664,57,3
v2_no_evolution_s5,v2,no_evolution,5,random_regular,100,4,579,58,3.039115687997164,27,58,0.46551724137931033,67,69
v2_no_evolution_s5,v2,no_evolution,5,random_regular,100,4,580,133,3.522170135980823,53,133,0.39849624060150374,23,97
v2_no_evolution_s5,v2,no_evolution,5,random_regular,100,4,581,191,4.18908262650579,70,191,0.36649214659685864,45,69
v2_no_evolution_s5,v2,no_evolution,5,random_regular,100,4,582,189,4.109879470563637,68,189,0.35978835978835977,51,94
v2_no_evolution_s5,v2,no_evolution,5,random_regular,100,4,583,112,3.4817732184909844,46,112,0.4107142857142857,82,69
v2_no_evolution_s5,v2,no_evolution,5,random_regular,100,4,584,0,0.0,0,0,,69,69
v2_no_evolution_s5,v2,no_evolution,5,random_regular,100,4,585,193,3.816771099997592,68,193,0.35233160621761656,76,3
v2_no_evolution_s5,v2,no_evolution,5,random_regular,100,4,586,8,1.0986122886651095,3,8,0.375,88,94
v2_no_evolution_s5,v2,no_evolution,5,random_regular,100,4,587,26,2.4583113296710835,13,26,0.5,26,3
v2_no_evolution_s5,v2,no_evolution,5,random_regular,100,4,588,0,0.0,0,0,,94,94
v2_no_evolution_s5,v2,no_evolution,5,random_regular,100,4,589,463,4.677807561469327,162,463,0.34989200863930886,11,94
v2_no_evolution_s5,v2,no_evolution,5,random_regular,100,4,590,160,3.906338630513458,61,160,0.38125,53,3
v2_no_evolution_s5,v2,no_evolution,5,random_regular,100,4,591,62,2.926417555478996,20,62,0.3225806451612903,81,97
v2_no_evolution_s5,v2,no_evolution,5,random_regular,100,4,592,64,3.163424050399405,25,64,0.390625,76,94
v2_no_evolution_s5,v2,no_evolution,5,random_regular,100,4,593,73,3.170148321450507,30,73,0.410958904109589,64,3
v2_no_evolution_s5,v2,no_evolution,5,random_regular,100,4,594,58,2.871476118036867,19,58,0.3275862068965517,17,69
v2_no_evolution_s5,v2,no_evolution,5,random_regular,100,4,595,6,1.3862943611158909,4,6,0.6666666666666666,8,71
v2_no_evolution_s5,v2,no_evolution,5,random_regular,100,4,596,81,3.2580965379954825,26,81,0.32098765432098764,37,94
v2_no_evolution_s5,v2,no_evolution,5,random_regular,100,4,597,46,2.894399544411038,23,46,0.5,25,97
v2_no_evolution_s5,v2,no_evolution,5,random_regular,100,4,598,61,3.204777524107256,26,61,0.4262295081967213,76,69
v2_no_evolution_s5,v2,no_evolution,5,random_regular,100,4,599,8,0.6931471805579453,2,8,0.25,20,94
v2_no_evolution_s5,v2,no_evolution,5,random_regular,100,4,600,237,4.157900064548973,94,237,0.39662447257383965,88,69
v2_no_evolution_s5,v2,no_evolution,5,random_regular,100,4,601,130,3.708094060697539,46,130,0.35384615384615387,26,71
v2_no_evolution_s5,v2,no_evolution,5,random_regular,100,4,602,88,3.4040404338981127,34,88,0.38636363636363635,93,3
v2_no_evolution_s5,v2,no_evolution,5,random_regular,100,4,603,47,2.8332133440392155,17,47,0.3617021276595745,36,69
v2_no_evolution_s5,v2,no_evolution,5,random_regular,100,4,604,1,-1.000088900581841e-12,1,1,1.0,10,71
v2_no_evolution_s5,v2,no_evolution,5,random_regular,100,4,605,24,2.4583113296710835,13,24,0.5416666666666666,74,3
v2_no_evolution_s5,v2,no_evolution,5,random_regular,100,4,606,82,3.299829685639092,31,82,0.3780487804878049,39,71
v2_no_evolution_s5,v2,no_evolution,5,random_regular,100,4,607,16,2.079441541671836,8,16,0.5,72,69
v2_no_evolution_s5,v2,no_evolution,5,random_regular,100,4,608,82,3.2238860684653137,29,82,0.35365853658536583,90,97
v2_no_evolution_s5,v2,no_evolution,5,random_regular,100,4,609,20,1.791759469222055,6,20,0.3,96,69
v2_no_evolution_s5,v2,no_evolution,5,random_regular,100,4,610,51,2.9785084205072385,21,51,0.4117647058823529,67,71
v2_no_evolution_s5,v2,no_evolution,5,random_regular,100,4,611,92,3.5157396511377024,35,92,0.3804347826086957,9,97
v2_no_evolution_s5,v2,no_evolution,5,random_regular,100,4,612,22,1.5607104090364066,6,22,0.2727272727272727,63,94
v2_no_evolution_s5,v2,no_evolution,5,random_regular,100,4,613,2,-1.000088900581841e-12,1,2,0.5,88,94
v2_no_evolution_s5,v2,no_evolution,5,random_regular,100,4,614,54,2.9650156932365066,22,54,0.4074074074074074,41,94
v2_no_evolution_s5,v2,no_evolution,5,random_regular,100,4,615,14,1.3862943611158909,4,14,0.2857142857142857,14,94
v2_no_evolution_s5,v2,no_evolution,5,random_regular,100,4,616,156,3.903538520294335,62,156,0.3974358974358974,70,71
v2_no_evolution_s5,v2,no_evolution,5,random_regular,100,4,617,131,3.446277940884956,40,131,0.3053435114503817,76,69
v2_no_evolution_s5,v2,no_evolution,5,random_regular,100,4,618,50,2.8332133440392155,17,50,0.34,58,71
v2_no_evolution_s5,v2,no_evolution,5,random_regular,100,4,619,87,3.2235929159169485,39,87,0.4482758620689655,57,71
v2_no_evolution_s5,v2,no_evolution,5,random_regular,100,4,620,126,3.605641583852999,42,126,0.3333333333333333,85,97
v2_no_evolution_s5,v2,no_evolution,5,random_regular,100,4,621,24,2.197224577327219,9,24,0.375,98,71
v2_no_evolution_s5,v2,no_evolution,5,random_regular,100,4,622,1,-1.000088900581841e-12,1,1,1.0,75,69
v2_no_evolution_s5,v2,no_evolution,5,random_regular,100,4,623,2,0.6931471805579453,2,2,1.0,81,69
v2_no_evolution_s5,v2,no_evolution,5,random_regular,100,4,624,38,2.639057329601259,14,38,0.3684210526315789,66,94
v2_no_evolution_s5,v2,no_evolution,5,random_regular,100,4,625,331,4.604531267872606,129,331,0.38972809667673713,82,97
v2_no_evolution_s5,v2,no_evolution,5,random_regular,100,4,626,5,1.0986122886651095,3,5,0.6,14,97
v2_no_evolution_s5,v2,no_evolution,5,random_regular,100,4,627,8,-1.000088900581841e-12,1,8,0.125,10,71
v2_no_evolution_s5,v2,no_evolution,5,random_regular,100,4,628,20,1.791759469222055,6,20,0.3,42,97
v2_no_evolution_s5,v2,no_evolution,5,random_regular,100,4,629,31,2.3978952727873706,11,31,0.3548387096774194,99,3
v2_no_evolution_s5,v2,no_evolution,5,random_regular,100,4,630,54,2.772588722223781,16,54,0.2962962962962963,61,69
v2_no_evolution_s5,v2,no_evolution,5,random_regular,100,4,631,156,3.7511673279840334,53,156,0.33974358974358976,36,3
v2_no_evolution_s5,v2,no_evolution,5,random_regular,100,4,632,39,2.685945324654788,16,39,0.41025641025641024,78,71
v2_no_evolution_s5,v2,no_evolution,5,random_regular,100,4,633,171,3.939818207042936,62,171,0.36257309941520466,57,94
v2_no_evolution_s5,v2,no_evolution,5,random_regular,100,4,634,0,0.0,0,0,,97,97
v2_no_evolution_s5,v2,no_evolution,5,random_regular,100,4,635,17,2.197224577327219,9,17,0.5294117647058824,70,97
v2_no_evolution_s5,v2,no_evolution,5,random_regular,100,4,636,39,2.813355404483615,18,39,0.46153846153846156,90,94
v2_no_evolution_s5,v2,no_evolution,5,random_regular,100,4,637,47,2.7080502010872096,15,47,0.3191489361702128,76,94
v2_no_evolution_s5,v2,no_evolution,5,random_regular,100,4,638,0,0.0,0,0,,69,69
v2_no_evolution_s5,v2,no_evolution,5,random_regular,100,4,639,22,2.1458417525857545,11,22,0.5,14,97
v2_no_evolution_s5,v2,no_evolution,5,random_regular,100,4,640,128,3.576171765304929,46,128,0.359375,5,3
v2_no_evolution_s5,v2,no_evolution,5,random_regular,100,4,641,69,3.086715272424053,33,69,0.4782608695652174,1,3
v2_no_evolution_s5,v2,no_evolution,5,random_regular,100,4,642,12,1.791759469222055,6,12,0.5,11,94
v2_no_evolution_s5,v2,no_evolution,5,random_regular,100,4,643,37,2.3516733018936304,13,37,0.35135135135135137,66,71
v2_no_evolution_s5,v2,no_evolution,5,random_regular,100,4,644,0,0.0,0,0,,3,3
v2_no_evolution_s5,v2,no_evolution,5,random_regular,100,4,645,24,2.484906649776,12,24,0.5,2,3
v2_no_evolution_s5,v2,no_evolution,5,random_regular,100,4,646,18,1.834371970274624,10,18,0.5555555555555556,24,71
v2_no_evolution_s5,v2,no_evolution,5,random_regular,100,4,647,255,4.028382554127899,83,255,0.3254901960784314,39,69
v2_no_evolution_s5,v2,no_evolution,5,random_regular,100,4,648,4,0.6931471805579453,2,4,0.5,65,69
v2_no_evolution_s5,v2,no_evolution,5,random_regular,100,4,649,21,1.6094379124291005,5,21,0.23809523809523808,58,94
v2_no_evolution_s5,v2,no_evolution,5,random_regular,100,4,650,165,3.679750944731672,50,165,0.30303030303030304,15,94
v2_no_evolution_s5,v2,no_evolution,5,random_regular,100,4,651,1,-1.000088900581841e-12,1,1,1.0,70,3
v2_no_evolution_s5,v2,no_evolution,5,random_regular,100,4,652,33,1.9459101490483133,7,33,0.21212121212121213,86,71
v2_no_evolution_s5,v2,no_evolution,5,random_regular,100,4,653,63,2.889242505095635,24,63,0.38095238095238093,24,94
v2_no_evolution_s5,v2,no_evolution,5,random_regular,100,4,654,79,3.319492576126754,29,79,0.3670886075949367,16,3
v2_no_evolution_s5,v2,no_evolution,5,random_regular,100,4,655,17,2.079441541671836,8,17,0.47058823529411764,11,69
v2_no_evolution_s5,v2,no_evolution,5,random_regular,100,4,656,6,1.0986122886651095,3,6,0.5,86,3
v2_no_evolution_s5,v2,no_evolution,5,random_regular,100,4,657,99,3.1443140113226007,35,99,0.35353535353535354,19,94
v2_no_evolution_s5,v2,no_evolution,5,random_regular,100,4,658,0,0.0,0,0,,97,97
v2_no_evolution_s5,v2,no_evolution,5,random_regular,100,4,659,71,3.271689322296034,29,71,0.4084507042253521,96,69
v2_no_evolution_s5,v2,no_evolution,5,random_regular,100,4,660,15,2.197224577327219,9,15,0.6,81,3
v2_no_evolution_s5,v2,no_evolution,5,random_regular,100,4,661,0,0.0,0,0,,97,97
v2_no_evolution_s5,v2,no_evolution,5,random_regular,100,4,662,16,1.791759469222055,6,16,0.375,39,3
v2_no_evolution_s5,v2,no_evolution,5,random_regular,100,4,663,2,0.6931471805579453,2,2,1.0,4,69
v2_no_evolution_s5,v2,no_evolution,5,random_regular,100,4,664,68,3.319492576126754,29,68,0.4264705882352941,81,97
v2_no_evolution_s5,v2,no_evolution,5,random_regular,100,4,665,15,1.6094379124291005,5,15,0.3333333333333333,16,3
v2_no_evolution_s5,v2,no_evolution,5,random_regular,100,4,666,11,1.791759469222055,6,11,0.5454545454545454,19,97
v2_no_evolution_s5,v2,no_evolution,5,random_regular,100,4,667,42,2.441015278014703,14,42,0.3333333333333333,11,97
v2_no_evolution_s5,v2,no_evolution,5,random_regular,100,4,668,287,4.4146627640581455,109,287,0.3797909407665505,96,71
v2_no_evolution_s5,v2,no_evolution,5,random_regular,100,4,669,53,2.787788119369007,20,53,0.37735849056603776,96,97
v2_no_evolution_s5,v2,no_evolution,5,random_regular,100,4,670,232,3.9757204796144063,86,232,0.3706896551724138,2,3
v2_no_evolution_s5,v2,no_evolution,5,random_regular,100,4,671,68,3.0047670351869598,24,68,0.35294117647058826,13,69
v2_no_evolution_s5,v2,no_evolution,5,random_regular,100,4,672,56,2.7985132569262934,19,56,0.3392857142857143,77,94
v2_no_evolution_s5,v2,no_evolution,5,random_regular,100,4,673,153,3.803768003957365,65,153,0.42483660130718953,53,3
v2_no_evolution_s5,v2,no_evolution,5,random_regular,100,4,674,21,2.1639556568730565,10,21,0.47619047619047616,51,94
v2_no_evolution_s5,v2,no_evolution,5,random_regular,100,4,675,58,3.3445488585774434,31,58,0.5344827586206896,78,94
v2_no_evolution_s5,v2,no_evolution,5,random_regular,100,4,676,56,2.846480386116867,21,56,0.375,7,94
v2_no_evolution_s5,v2,no_evolution,5,random_regular,100,4,677,83,2.8674404991054456,24,83,0.2891566265060241,74,71
v2_no_evolution_s5,v2,no_evolution,5,random_regular,100,4,678,288,4.334752215745434,106,288,0.3680555555555556,95,71
v2_no_evolution_s5,v2,no_evolution,5,random_regular,100,4,679,65,2.8443053266792635,25,65,0.38461538461538464,88,69
v2_no_evolution_s5,v2,no_evolution,5,random_regular,100,4,680,9,-1.000088900581841e-12,1,9,0.1111111111111111,12,94
v2_no_evolution_s5,v2,no_evolution,5,random_regular,100,4,681,32,2.302585092984045,10,32,0.3125,1,71
v2_no_evolution_s5,v2,no_evolution,5,random_regular,100,4,682,275,4.377993103671816,112,275,0.4072727272727273,30,94
v2_no_evolution_s5,v2,no_evolution,5,random_regular,100,4,683,193,4.019095635091457,72,193,0.37305699481865284,17,97
v2_no_evolution_s5,v2,no_evolution,5,random_regular,100,4,684,36,2.484906649776,12,36,0.3333333333333333,6,94
v2_no_evolution_s5,v2,no_evolution,5,random_regular,100,4,685,109,3.6000030969206915,43,109,0.3944954128440367,27,71
v2_no_evolution_s5,v2,no_evolution,5,random_regular,100,4,686,46,3.2238860684653137,29,46,0.6304347826086957,23,94
v2_no_evolution_s5,v2,no_evolution,5,random_regular,100,4,687,159,3.669285981856381,50,159,0.31446540880503143,35,3
v2_no_evolution_s5,v2,no_evolution,5,random_regular,100,4,688,5,0.6931471805579453,2,5,0.4,45,3
v2_no_evolution_s5,v2,no_evolution,5,random_regular,100,4,689,43,2.479122436495393,19,43,0.4418604651162791,80,94
v2_no_evolution_s5,v2,no_evolution,5,random_regular,100,4,690,6,1.3296613488507585,6,6,1.0,98,97
v2_no_evolution_s5,v2,no_evolution,5,random_regular,100,4,691,29,2.484906649776,12,29,0.41379310344827586,65,94
v2_no_evolution_s5,v2,no_evolution,5,random_regular,100,4,692,111,3.445338727093989,44,111,0.3963963963963964,53,97
v2_no_evolution_s5,v2,no_evolution,5,random_regular,100,4,693,174,3.836459760890308,62,174,0.3563218390804598,25,97
v2_no_evolution_s5,v2,no_evolution,5,random_regular,100,4,694,19,1.791759469222055,6,19,0.3157894736842105,70,97
v2_no_evolution_s5,v2,no_evolution,5,random_regular,100,4,695,64,2.7985132569262934,19,64,0.296875,45,94
v2_no_evolution_s5,v2,no_evolution,5,random_regular,100,4,696,50,2.3419942522214248,14,50,0.28,20,69
v2_no_evolution_s5,v2,no_evolution,5,random_regular,100,4,697,160,3.940781744395149,67,160,0.41875,6,97
v2_no_evolution_s5,v2,no_evolution,5,random_regular,100,4,698,56,3.0910424533363146,22,56,0.39285714285714285,64,3
v2_no_evolution_s5,v2,no_evolution,5,random_regular,100,4,699,21,2.197224577327219,9,21,0.42857142857142855,73,69
v2_no_evolution_s5,v2,no_evolution,5,random_regular,100,4,700,38,2.2718685126865625,11,38,0.2894736842105263,23,69
v2_no_evolution_s5,v2,no_evolution,5,random_regular,100,4,701,40,2.871476118036867,19,40,0.475,56,71
v2_no_evolution_s5,v2,no_evolution,5,random_regular,100,4,702,4,0.6931471805579453,2,4,0.5,46,97
v2_no_evolution_s5,v2,no_evolution,5,random_regular,100,4,703,17,1.9459101490483133,7,17,0.4117647058823529,98,3
v2_no_evolution_s5,v2,no_evolution,5,random_regular,100,4,704,119,3.3723769710756173,40,119,0.33613445378151263,56,94
v2_no_evolution_s5,v2,no_evolution,5,random_regular,100,4,705,32,1.8866967846510785,10,32,0.3125,58,71
v2_no_evolution_s5,v2,no_evolution,5,random_regular,100,4,706,30,2.4583113296710835,13,30,0.43333333333333335,72,71
v2_no_evolution_s5,v2,no_evolution,5,random_regular,100,4,707,6,0.6931471805579453,2,6,0.3333333333333333,33,94
v2_no_evolution_s5,v2,no_evolution,5,random_regular,100,4,708,354,4.380916099600909,119,354,0.3361581920903955,68,94
v2_no_evolution_s5,v2,no_evolution,5,random_regular,100,4,709,91,3.45345973766966,36,91,0.3956043956043956,96,94
v2_no_evolution_s5,v2,no_evolution,5,random_regular,100,4,710,146,3.795914420803827,51,146,0.3493150684931507,15,3
v2_no_evolution_s5,v2,no_evolution,5,random_regular,100,4,711,105,3.74504940701088,45,105,0.42857142857142855,7,94
v2_no_evolution_s5,v2,no_evolution,5,random_regular,100,4,712,124,3.436862555268039,46,124,0.3709677419354839,37,3
v2_no_evolution_s5,v2,no_evolution,5,random_regular,100,4,713,50,2.787788119369007,20,50,0.4,84,3
v2_no_evolution_s5,v2,no_evolution,5,random_regular,100,4,714,11,1.0986122886651095,3,11,0.2727272727272727,15,97
v2_no_evolution_s5,v2,no_evolution,5,random_regular,100,4,715,13,1.9459101490483133,7,13,0.5384615384615384,19,71
v2_no_evolution_s5,v2,no_evolution,5,random_regular,100,4,716,103,3.5065025850265608,36,103,0.34951456310679613,35,69
v2_no_evolution_s5,v2,no_evolution,5,random_regular,100,4,717,17,1.3862943611158909,4,17,0.23529411764705882,12,71
v2_no_evolution_s5,v2,no_evolution,5,random_regular,100,4,718,31,2.523210952939891,15,31,0.4838709677419355,79,94
v2_no_evolution_s5,v2,no_evolution,5,random_regular,100,4,719,17,2.302585092984045,10,17,0.5882352941176471,17,97
v2_no_evolution_s5,v2,no_evolution,5,random_regular,100,4,720,1,-1.000088900581841e-12,1,1,1.0,64,97
v2_no_evolution_s5,v2,no_evolution,5,random_regular,100,4,721,28,2.302585092984045,10,28,0.35714285714285715,91,94
v2_no_evolution_s5,v2,no_evolution,5,random_regular,100,4,722,51,2.7985132569262934,19,51,0.37254901960784315,76,71
v2_no_evolution_s5,v2,no_evolution,5,random_regular,100,4,723,126,3.8352368547526106,49,126,0.3888888888888889,31,3
v2_no_evolution_s5,v2,no_evolution,5,random_regular,100,4,724,21,2.0228085294067037,12,21,0.5714285714285714,37,71
v2_no_evolution_s5,v2,no_evolution,5,random_regular,100,4,725,161,4.013103055665074,69,161,0.42857142857142855,33,69
v2_no_evolution_s5,v2,no_evolution,5,random_regular,100,4,726,74,3.3969144201875685,35,74,0.47297297297297297,30,3
v2_no_evolution_s5,v2,no_evolution,5,random_regular,100,4,727,38,2.1458417525857545,11,38,0.2894736842105263,74,94
v2_no_evolution_s5,v2,no_evolution,5,random_regular,100,4,728,20,2.079441541671836,8,20,0.4,85,3
v2_no_evolution_s5,v2,no_evolution,5,random_regular,100,4,729,115,3.50125816641692,49,115,0.4260869565217391,81,3
v2_no_evolution_s5,v2,no_evolution,5,random_regular,100,4,730,7,1.5607104090364066,6,7,0.8571428571428571,65,69
v2_no_evolution_s5,v2,no_evolution,5,random_regular,100,4,731,4,1.0986122886651095,3,4,0.75,64,69
v2_no_evolution_s5,v2,no_evolution,5,random_regular,100,4,732,53,3.039115687997164,27,53,0.5094339622641509,83,69
v2_no_evolution_s5,v2,no_evolution,5,random_regular,100,4,733,39,2.685945324654788,16,39,0.41025641025641024,31,69
v2_no_evolution_s5,v2,no_evolution,5,random_regular,100,4,734,0,0.0,0,0,,3,3
v2_no_evolution_s5,v2,no_evolution,5,random_regular,100,4,735,6,1.3862943611158909,4,6,0.6666666666666666,55,94
v2_no_evolution_s5,v2,no_evolution,5,random_regular,100,4,736,55,3.0246955538362474,26,55,0.4727272727272727,47,94
v2_no_evolution_s5,v2,no_evolution,5,random_regular,100,4,737,100,3.2580965379954825,26,100,0.26,21,97
v2_no_evolution_s5,v2,no_evolution,5,random_regular,100,4,738,456,4.731399603018026,155,456,0.3399122807017544,11,3
v2_no_evolution_s5,v2,no_evolution,5,random_regular,100,4,739,13,1.791759469222055,6,13,0.46153846153846156,79,97
v2_no_evolution_s5,v2,no_evolution,5,random_regular,100,4,740,245,4.202008699440403,85,245,0.3469387755102041,35,71
v2_no_evolution_s5,v2,no_evolution,5,random_regular,100,4,741,2,0.6931471805579453,2,2,1.0,4,69
v2_no_evolution_s5,v2,no_evolution,5,random_regular,100,4,742,23,1.791759469222055,6,23,0.2608695652173913,2,97
v2_no_evolution_s5,v2,no_evolution,5,random_regular,100,4,743,80,3.308777757559495,30,80,0.375,21,69
v2_no_evolution_s5,v2,no_evolution,5,random_regular,100,4,744,7,1.3862943611158909,4,7,0.5714285714285714,83,3
v2_no_evolution_s5,v2,no_evolution,5,random_regular,100,4,745,108,3.3033529836593702,41,108,0.37962962962962965,9,71
v2_no_evolution_s5,v2,no_evolution,5,random_regular,100,4,746,0,0.0,0,0,,97,97
v2_no_evolution_s5,v2,no_evolution,5,random_regular,100,4,747,89,3.4224142039837315,32,89,0.3595505617977528,40,94
v2_no_evolution_s5,v2,no_evolution,5,random_regular,100,4,748,13,1.6094379124291005,5,13,0.38461538461538464,10,3
v2_no_evolution_s5,v2,no_evolution,5,random_regular,100,4,749,60,3.120291565278284,24,60,0.4,90,94
v2_no_evolution_s5,v2,no_evolution,5,random_regular,100,4,750,200,4.0956810156941295,75,200,0.375,49,71
v2_no_evolution_s5,v2,no_evolution,5,random_regular,100,4,751,3,1.0986122886651095,3,3,1.0,7,69
v2_no_evolution_s5,v2,no_evolution,5,random_regular,100,4,752,125,3.7684554093495146,56,125,0.448,80,94
v2_no_evolution_s5,v2,no_evolution,5,random_regular,100,4,753,138,3.783607104130143,54,138,0.391304347826087,64,94
v2_no_evolution_s5,v2,no_evolution,5,random_regular,100,4,754,206,4.130016151995801,78,206,0.3786407766990291,60,3
v2_no_evolution_s5,v2,no_evolution,5,random_regular,100,4,755,0,0.0,0,0,,3,3
v2_no_evolution_s5,v2,no_evolution,5,random_regular,100,4,756,25,1.9459101490483133,7,25,0.28,40,97
v2_no_evolution_s5,v2,no_evolution,5,random_regular,100,4,757,59,2.6229962760707903,20,59,0.3389830508474576,1,3
v2_no_evolution_s5,v2,no_evolution,5,random_regular,100,4,758,8,1.0986122886651095,3,8,0.375,82,69
v2_no_evolution_s5,v2,no_evolution,5,random_regular,100,4,759,24,1.0986122886651095,3,24,0.125,20,94
v2_no_evolution_s5,v2,no_evolution,5,random_regular,100,4,760,24,2.369382119683676,12,24,0.5,63,97
v2_no_evolution_s5,v2,no_evolution,5,random_regular,100,4,761,23,1.0986122886651095,3,23,0.13043478260869565,30,94
v2_no_evolution_s5,v2,no_evolution,5,random_regular,100,4,762,116,3.4294862316330117,36,116,0.3103448275862069,17,71
v2_no_evolution_s5,v2,no_evolution,5,random_regular,100,4,763,164,3.808995666627992,65,164,0.39634146341463417,35,97
v2_no_evolution_s5,v2,no_evolution,5,random_regular,100,4,764,9,1.5607104090364068,6,9,0.6666666666666666,20,94
v2_no_evolution_s5,v2,no_evolution,5,random_regular,100,4,765,139,3.7220699681345786,49,139,0.35251798561151076,39,71
v2_no_evolution_s5,v2,no_evolution,5,random_regular,100,4,766,85,3.4294862316330117,36,85,0.4235294117647059,38,69
v2_no_evolution_s5,v2,no_evolution,5,random_regular,100,4,767,5,0.6931471805579453,2,5,0.4,92,71
v2_no_evolution_s5,v2,no_evolution,5,random_regular,100,4,768,74,3.244492630381296,27,74,0.36486486486486486,65,71
v2_no_evolution_s5,v2,no_evolution,5,random_regular,100,4,769,82,3.370480801334672,33,82,0.4024390243902439,61,94
v2_no_evolution_s5,v2,no_evolution,5,random_regular,100,4,770,231,4.216841848984606,81,231,0.35064935064935066,82,71
v2_no_evolution_s5,v2,no_evolution,5,random_regular,100,4,771,38,2.441015278014703,14,38,0.3684210526315789,37,97
v2_no_evolution_s5,v2,no_evolution,5,random_regular,100,4,772,33,2.557793860093732,17,33,0.5151515151515151,44,97
v2_no_evolution_s5,v2,no_evolution,5,random_regular,100,4,773,48,2.871476118036867,19,48,0.3958333333333333,76,97
v2_no_evolution_s5,v2,no_evolution,5,random_regular,100,4,774,21,1.791759469222055,6,21,0.2857142857142857,37,94
v2_no_evolution_s5,v2,no_evolution,5,random_regular,100,4,775,44,2.484906649776,12,44,0.2727272727272727,18,97
v2_no_evolution_s5,v2,no_evolution,5,random_regular,100,4,776,0,0.0,0,0,,97,97
v2_no_evolution_s5,v2,no_evolution,5,random_regular,100,4,777,88,2.692310994125785,20,88,0.22727272727272727,67,71
v2_no_evolution_s5,v2,no_evolution,5,random_regular,100,4,778,11,1.791759469222055,6,11,0.5454545454545454,20,94
v2_no_evolution_s5,v2,no_evolution,5,random_regular,100,4,779,166,3.8009456951854608,65,166,0.39156626506024095,9,97
v2_no_evolution_s5,v2,no_evolution,5,random_regular,100,4,780,169,3.9326102200384474,60,169,0.35502958579881655,51,97
v2_no_evolution_s5,v2,no_evolution,5,random_regular,100,4,781,204,3.9018982281300727,76,204,0.37254901960784315,17,94
v2_no_evolution_s5,v2,no_evolution,5,random_regular,100,4,782,72,3.2491274088477446,32,72,0.4444444444444444,65,69
v2_no_evolution_s5,v2,no_evolution,5,random_regular,100,4,783,4,0.6931471805579453,2,4,0.5,23,71
v2_no_evolution_s5,v2,no_evolution,5,random_regular,100,4,784,111,3.5646232985788124,38,111,0.34234234234234234,36,71
v2_no_evolution_s5,v2,no_evolution,5,random_regular,100,4,785,6,1.0986122886651095,3,6,0.5,93,3
v2_no_evolution_s5,v2,no_evolution,5,random_regular,100,4,786,2,0.6931471805579453,2,2,1.0,5,3
v2_no_evolution_s5,v2,no_evolution,5,random_regular,100,4,787,142,3.513349383006808,49,142,0.34507042253521125,86,97
v2_no_evolution_s5,v2,no_evolution,5,random_regular,100,4,788,91,3.244492630381296,27,91,0.2967032967032967,58,3
v2_no_evolution_s5,v2,no_evolution,5,random_regular,100,4,789,30,2.079441541671836,8,30,0.26666666666666666,56,97
v2_no_evolution_s5,v2,no_evolution,5,random_regular,100,4,790,261,4.299767716065333,103,261,0.3946360153256705,54,71
v2_no_evolution_s5,v2,no_evolution,5,random_regular,100,4,791,14,1.3862943611158909,4,14,0.2857142857142857,99,71
v2_no_evolution_s5,v2,no_evolution,5,random_regular,100,4,792,161,3.745766062369954,55,161,0.3416149068322981,84,69
v2_no_evolution_s5,v2,no_evolution,5,random_regular,100,4,793,1,-1.000088900581841e-12,1,1,1.0,41,94
v2_no_evolution_s5,v2,no_evolution,5,random_regular,100,4,794,14,1.3862943611158909,4,14,0.2857142857142857,83,71
v2_no_evolution_s5,v2,no_evolution,5,random_regular,100,4,795,74,3.1836729714587872,28,74,0.3783783783783784,76,97
v2_no_evolution_s5,v2,no_evolution,5,random_regular,100,4,796,35,2.441015278014703,14,35,0.4,31,3
v2_no_evolution_s5,v2,no_evolution,5,random_regular,100,4,797,14,2.0431918705371204,9,14,0.6428571428571429,66,97
v2_no_evolution_s5,v2,no_evolution,5,random_regular,100,4,798,58,2.846480386116867,21,58,0.3620689655172414,9,3
v2_no_evolution_s5,v2,no_evolution,5,random_regular,100,4,799,14,1.3321790402061222,5,14,0.35714285714285715,86,97
v2_no_evolution_s5,v2,no_evolution,5,random_regular,100,4,800,0,0.0,0,0,,71,71
v2_no_evolution_s5,v2,no_evolution,5,random_regular,100,4,801,71,3.2238860684653137,29,71,0.4084507042253521,66,69
v2_no_evolution_s5,v2,no_evolution,5,random_regular,100,4,802,186,3.9340941601856594,68,186,0.3655913978494624,26,3
v2_no_evolution_s5,v2,no_evolution,5,random_regular,100,4,803,201,4.033162493039796,71,201,0.35323383084577115,48,3
v2_no_evolution_s5,v2,no_evolution,5,random_regular,100,4,804,129,3.409438995061846,37,129,0.2868217054263566,83,3
v2_no_evolution_s5,v2,no_evolution,5,random_regular,100,4,805,122,3.67795722676115,46,122,0.3770491803278688,48,71
v2_no_evolution_s5,v2,no_evolution,5,random_regular,100,4,806,19,1.9459101490483133,7,19,0.3684210526315789,92,69
v2_no_evolution_s5,v2,no_evolution,5,random_regular,100,4,807,0,0.0,0,0,,69,69
v2_no_evolution_s5,v2,no_evolution,5,random_regular,100,4,808,426,4.7091245231929175,159,426,0.3732394366197183,75,97
v2_no_evolution_s5,v2,no_evolution,5,random_regular,100,4,809,133,3.488737420386817,44,133,0.3308270676691729,27,94
v2_no_evolution_s5,v2,no_evolution,5,random_regular,100,4,810,130,3.6292239063599423,51,130,0.3923076923076923,87,94
v2_no_evolution_s5,v2,no_evolution,5,random_regular,100,4,811,46,2.685945324654788,16,46,0.34782608695652173,48,97
v2_no_evolution_s5,v2,no_evolution,5,random_regular,100,4,812,112,3.755676480770567,48,112,0.42857142857142855,83,71
v2_no_evolution_s5,v2,no_evolution,5,random_regular,100,4,813,59,3.044522437702424,21,59,0.3559322033898305,48,94
v2_no_evolution_s5,v2,no_evolution,5,random_regular,100,4,814,55,2.5879763802098674,25,55,0.45454545454545453,15,94
v2_no_evolution_s5,v2,no_evolution,5,random_regular,100,4,815,46,2.5993019270857944,16,46,0.34782608695652173,59,3
v2_no_evolution_s5,v2,no_evolution,5,random_regular,100,4,816,206,3.984537379981286,62,206,0.30097087378640774,98,3
v2_no_evolution_s5,v2,no_evolution,5,random_regular,100,4,817,227,4.254564988043948,82,227,0.36123348017621143,74,97
v2_no_evolution_s5,v2,no_evolution,5,random_regular,100,4,818,15,1.3862943611158909,4,15,0.26666666666666666,46,97
v2_no_evolution_s5,v2,no_evolution,5,random_regular,100,4,819,19,2.079441541671836,8,19,0.42105263157894735,52,71
v2_no_evolution_s5,v2,no_evolution,5,random_regular,100,4,820,4,0.6931471805579453,2,4,0.5,65,69
v2_no_evolution_s5,v2,no_evolution,5,random_regular,100,4,821,36,2.302585092984045,10,36,0.2777777777777778,90,94
v2_no_evolution_s5,v2,no_evolution,5,random_regular,100,4,822,251,4.259938008681706,92,251,0.3665338645418327,59,71
v2_no_evolution_s5,v2,no_evolution,5,random_regular,100,4,823,71,3.271689322296034,29,71,0.4084507042253521,93,69
v2_no_evolution_s5,v2,no_evolution,5,random_regular,100,4,824,57,2.8903717578781647,18,57,0.3157894736842105,50,97
v2_no_evolution_s5,v2,no_evolution,5,random_regular,100,4,825,16,1.3862943611158909,4,16,0.25,61,71
v2_no_evolution_s5,v2,no_evolution,5,random_regular,100,4,826,81,3.422414203983732,32,81,0.3950617283950617,56,71
v2_no_evolution_s5,v2,no_evolution,5,random_regular,100,4,827,0,0.0,0,0,,71,71
v2_no_evolution_s5,v2,no_evolution,5,random_regular,100,4,828,26,2.197224577327219,9,26,0.34615384615384615,92,71
v2_no_evolution_s5,v2,no_evolution,5,random_regular,100,4,829,40,2.484906649776,12,40,0.3,52,3
v2_no_evolution_s5,v2,no_evolution,5,random_regular,100,4,830,69,2.889242505095635,24,69,0.34782608695652173,44,97
v2_no_evolution_s5,v2,no_evolution,5,random_regular,100,4,831,23,1.5607104090364068,6,23,0.2608695652173913,30,94
v2_no_evolution_s5,v2,no_evolution,5,random_regular,100,4,832,123,3.426637516707924,43,123,0.34959349593495936,73,71
v2_no_evolution_s5,v2,no_evolution,5,random_regular,100,4,833,107,3.580725005578496,42,107,0.3925233644859813,23,97
v2_no_evolution_s5,v2,no_evolution,5,random_regular,100,4,834,103,3.4544986414005443,33,103,0.32038834951456313,52,69
v2_no_evolution_s5,v2,no_evolution,5,random_regular,100,4,835,19,2.0431918705371204,9,19,0.47368421052631576,66,97
v2_no_evolution_s5,v2,no_evolution,5,random_regular,100,4,836,48,2.9444389791474395,19,48,0.3958333333333333,81,3
v2_no_evolution_s5,v2,no_evolution,5,random_regular,100,4,837,9,1.3862943611158909,4,9,0.4444444444444444,38,3
v2_no_evolution_s5,v2,no_evolution,5,random_regular,100,4,838,91,3.151458510219029,26,91,0.2857142857142857,74,3
v2_no_evolution_s5,v2,no_evolution,5,random_regular,100,4,839,121,3.768732178429928,51,121,0.4214876033057851,27,69
v2_no_evolution_s5,v2,no_evolution,5,random_regular,100,4,840,34,2.8332133440392155,17,34,0.5,72,97
v2_no_evolution_s5,v2,no_evolution,5,random_regular,100,4,841,82,2.92519732975178,31,82,0.3780487804878049,15,3
v2_no_evolution_s5,v2,no_evolution,5,random_regular,100,4,842,145,3.7845576132928977,48,145,0.3310344827586207,59,94
v2_no_evolution_s5,v2,no_evolution,5,random_regular,100,4,843,57,2.9444389791474395,19,57,0.3333333333333333,15,3
v2_no_evolution_s5,v2,no_evolution,5,random_regular,100,4,844,9,1.3862943611158909,4,9,0.4444444444444444,64,97
v2_no_evolution_s5,v2,no_evolution,5,random_regular,100,4,845,80,3.414739581281256,39,80,0.4875,42,94
v2_no_evolution_s5,v2,no_evolution,5,random_regular,100,4,846,303,4.495969596116976,114,303,0.37623762376237624,36,69
v2_no_evolution_s5,v2,no_evolution,5,random_regular,100,4,847,47,2.8332133440392155,17,47,0.3617021276595745,31,71
v2_no_evolution_s5,v2,no_evolution,5,random_regular,100,4,848,24,2.369382119683676,12,24,0.5,50,3
v2_no_evolution_s5,v2,no_evolution,5,random_regular,100,4,849,12,1.3862943611158909,4,12,0.3333333333333333,23,71
v2_no_evolution_s5,v2,no_evolution,5,random_regular,100,4,850,98,3.313961701542687,36,98,0.3673469387755102,35,3
v2_no_evolution_s5,v2,no_evolution,5,random_regular,100,4,851,2,-1.000088900581841e-12,1,2,0.5,8,3
v2_no_evolution_s5,v2,no_evolution,5,random_regular,100,4,852,74,3.1418041591892294,27,74,0.36486486486486486,44,94
v2_no_evolution_s5,v2,no_evolution,5,random_regular,100,4,853,136,3.6548079912793474,49,136,0.3602941176470588,34,71
v2_no_evolution_s5,v2,no_evolution,5,random_regular,100,4,854,13,1.6094379124291005,5,13,0.38461538461538464,78,69
v2_no_evolution_s5,v2,no_evolution,5,random_regular,100,4,855,0,0.0,0,0,,69,69
v2_no_evolution_s5,v2,no_evolution,5,random_regular,100,4,856,80,3.3071040554882205,34,80,0.425,47,97
v2_no_evolution_s5,v2,no_evolution,5,random_regular,100,4,857,118,3.3822161458038797,38,118,0.3220338983050847,99,94
v2_no_evolution_s5,v2,no_evolution,5,random_regular,100,4,858,24,1.7328679513938632,8,24,0.3333333333333333,90,69
v2_no_evolution_s5,v2,no_evolution,5,random_regular,100,4,859,32,2.019814992484946,11,32,0.34375,68,97
v2_no_evolution_s5,v2,no_evolution,5,random_regular,100,4,860,37,2.61563057701355,15,37,0.40540540540540543,74,97
v2_no_evolution_s5,v2,no_evolution,5,random_regular,100,4,861,75,3.3322045101472035,28,75,0.37333333333333335,47,71
v2_no_evolution_s5,v2,no_evolution,5,random_regular,100,4,862,111,3.544511778726858,41,111,0.36936936936936937,60,3
v2_no_evolution_s5,v2,no_evolution,5,random_regular,100,4,863,47,2.557793860093732,17,47,0.3617021276595745,78,3
v2_no_evolution_s5,v2,no_evolution,5,random_regular,100,4,864,23,1.791759469222055,6,23,0.2608695652173913,1,3
v2_no_evolution_s5,v2,no_evolution,5,random_regular,100,4,865,12,1.0986122886651095,3,12,0.25,86,69
v2_no_evolution_s5,v2,no_evolution,5,random_regular,100,4,866,128,3.296835610481458,48,128,0.375,50,69
v2_no_evolution_s5,v2,no_evolution,5,random_regular,100,4,867,6,1.0986122886651095,3,6,0.5,98,69
v2_no_evolution_s5,v2,no_evolution,5,random_regular,100,4,868,182,4.019969315846154,61,182,0.33516483516483514,36,69
v2_no_evolution_s5,v2,no_evolution,5,random_regular,100,4,869,108,3.4331967372908423,40,108,0.37037037037037035,90,69
v2_no_evolution_s5,v2,no_evolution,5,random_regular,100,4,870,2,0.6931471805579453,2,2,1.0,77,3
v2_no_evolution_s5,v2,no_evolution,5,random_regular,100,4,871,138,3.728960711904589,43,138,0.3115942028985507,28,94
v2_no_evolution_s5,v2,no_evolution,5,random_regular,100,4,872,96,3.361908713615984,36,96,0.375,2,71
v2_no_evolution_s5,v2,no_evolution,5,random_regular,100,4,873,38,2.7080502010872096,15,38,0.39473684210526316,89,94
v2_no_evolution_s5,v2,no_evolution,5,random_regular,100,4,874,102,3.299697280238104,44,102,0.43137254901960786,26,97
v2_no_evolution_s5,v2,no_evolution,5,random_regular,100,4,875,79,3.062529300232621,24,79,0.3037974683544304,53,71
v2_no_evolution_s5,v2,no_evolution,5,random_regular,100,4,876,38,2.639057329601259,14,38,0.3684210526315789,0,97
v2_no_evolution_s5,v2,no_evolution,5,random_regular,100,4,877,14,1.0986122886651095,3,14,0.21428571428571427,83,94
v2_no_evolution_s5,v2,no_evolution,5,random_regular,100,4,878,0,0.0,0,0,,69,69
v2_no_evolution_s5,v2,no_evolution,5,random_regular,100,4,879,8,1.3862943611158909,4,8,0.5,58,94
v2_no_evolution_s5,v2,no_evolution,5,random_regular,100,4,880,5,-1.000088900581841e-12,1,5,0.2,32,71
v2_no_evolution_s5,v2,no_evolution,5,random_regular,100,4,881,55,3.204777524107256,26,55,0.4727272727272727,37,69
v2_no_evolution_s5,v2,no_evolution,5,random_regular,100,4,882,126,3.6620409142119534,47,126,0.373015873015873,79,3
v2_no_evolution_s5,v2,no_evolution,5,random_regular,100,4,883,87,3.1297810022944663,32,87,0.367816091954023,6,97
v2_no_evolution_s5,v2,no_evolution,5,random_regular,100,4,884,37,2.197224577327219,9,37,0.24324324324324326,11,94
v2_no_evolution_s5,v2,no_evolution,5,random_regular,100,4,885,94,3.4124897213676078,33,94,0.35106382978723405,66,3
v2_no_evolution_s5,v2,no_evolution,5,random_regular,100,4,886,84,3.328471881301735,33,84,0.39285714285714285,1,97
v2_no_evolution_s5,v2,no_evolution,5,random_regular,100,4,887,0,0.0,0,0,,97,97
v2_no_evolution_s5,v2,no_evolution,5,random_regular,100,4,888,91,3.087847586394279,34,91,0.37362637362637363,50,97
v2_no_evolution_s5,v2,no_evolution,5,random_regular,100,4,889,111,3.413832037070536,44,111,0.3963963963963964,83,94
v2_no_evolution_s5,v2,no_evolution,5,random_regular,100,4,890,363,4.474284249554252,127,363,0.349862258953168,62,3
v2_no_evolution_s5,v2,no_evolution,5,random_regular,100,4,891,66,2.9650156932365066,22,66,0.3333333333333333,43,3
v2_no_evolution_s5,v2,no_evolution,5,random_regular,100,4,892,13,1.6094379124291005,5,13,0.38461538461538464,46,97
v2_no_evolution_s5,v2,no_evolution,5,random_regular,100,4,893,10,1.791759469222055,6,10,0.6,64,69
v2_no_evolution_s5,v2,no_evolution,5,random_regular,100,4,894,4,-1.000088900581841e-12,1,4,0.25,46,97
v2_no_evolution_s5,v2,no_evolution,5,random_regular,100,4,895,189,3.997243178779615,61,189,0.32275132275132273,23,94
v2_no_evolution_s5,v2,no_evolution,5,random_regular,100,4,896,111,3.605641583852999,42,111,0.3783783783783784,30,97
v2_no_evolution_s5,v2,no_evolution,5,random_regular,100,4,897,111,3.5281418680240257,38,111,0.34234234234234234,70,94
v2_no_evolution_s5,v2,no_evolution,5,random_regular,100,4,898,82,3.0424758761883326,31,82,0.3780487804878049,31,97
v2_no_evolution_s5,v2,no_evolution,5,random_regular,100,4,899,37,3.044522437702424,21,37,0.5675675675675675,92,97
v2_no_evolution_s5,v2,no_evolution,5,random_regular,100,4,900,12,1.6094379124291005,5,12,0.4166666666666667,59,71
v2_no_evolution_s5,v2,no_evolution,5,random_regular,100,4,901,18,1.791759469222055,6,18,0.3333333333333333,14,94
v2_no_evolution_s5,v2,no_evolution,5,random_regular,100,4,902,68,2.7985132569262934,19,68,0.27941176470588236,67,3
v2_no_evolution_s5,v2,no_evolution,5,random_regular,100,4,903,19,2.079441541671836,8,19,0.42105263157894735,82,71
v2_no_evolution_s5,v2,no_evolution,5,random_regular,100,4,904,49,2.9785084205072385,21,49,0.42857142857142855,28,71
v2_no_evolution_s5,v2,no_evolution,5,random_regular,100,4,905,35,2.5649493574485365,13,35,0.37142857142857144,15,94
v2_no_evolution_s5,v2,no_evolution,5,random_regular,100,4,906,51,2.5993019270857944,16,51,0.3137254901960784,28,71
v2_no_evolution_s5,v2,no_evolution,5,random_regular,100,4,907,57,2.5993019270857944,16,57,0.2807017543859649,15,94
v2_no_evolution_s5,v2,no_evolution,5,random_regular,100,4,908,14,1.3862943611158909,4,14,0.2857142857142857,89,71
v2_no_evolution_s5,v2,no_evolution,5,random_regular,100,4,909,21,1.6094379124291005,5,21,0.23809523809523808,92,94
v2_no_evolution_s5,v2,no_evolution,5,random_regular,100,4,910,180,3.610194836464875,54,180,0.3,77,97
v2_no_evolution_s5,v2,no_evolution,5,random_regular,100,4,911,26,2.197224577327219,9,26,0.34615384615384615,33,69
v2_no_evolution_s5,v2,no_evolution,5,random_regular,100,4,912,3,-1.000088900581841e-12,1,3,0.3333333333333333,46,97
v2_no_evolution_s5,v2,no_evolution,5,random_regular,100,4,913,194,4.021006912513664,71,194,0.36597938144329895,9,94
v2_no_evolution_s5,v2,no_evolution,5,random_regular,100,4,914,246,3.93585508345616,87,246,0.35365853658536583,82,97
v2_no_evolution_s5,v2,no_evolution,5,random_regular,100,4,915,0,0.0,0,0,,71,71
v2_no_evolution_s5,v2,no_evolution,5,random_regular,100,4,916,2,-1.000088900581841e-12,1,2,0.5,10,71
v2_no_evolution_s5,v2,no_evolution,5,random_regular,100,4,917,28,2.1639556568730565,10,28,0.35714285714285715,61,69
v2_no_evolution_s5,v2,no_evolution,5,random_regular,100,4,918,47,3.044522437702424,21,47,0.44680851063829785,63,97
v2_no_evolution_s5,v2,no_evolution,5,random_regular,100,4,919,34,2.540036303807981,14,34,0.4117647058823529,68,69
v2_no_evolution_s5,v2,no_evolution,5,random_regular,100,4,920,57,2.6701198897918164,17,57,0.2982456140350877,22,71
v2_no_evolution_s5,v2,no_evolution,5,random_regular,100,4,921,233,4.097307884382476,87,233,0.37339055793991416,77,71
v2_no_evolution_s5,v2,no_evolution,5,random_regular,100,4,922,129,3.664523720486966,52,129,0.40310077519379844,35,97
v2_no_evolution_s5,v2,no_evolution,5,random_regular,100,4,923,55,2.557793860093732,17,55,0.3090909090909091,44,3
v2_no_evolution_s5,v2,no_evolution,5,random_regular,100,4,924,33,2.685945324654788,16,33,0.48484848484848486,38,71
v2_no_evolution_s5,v2,no_evolution,5,random_regular,100,4,925,109,3.5155926589389503,40,109,0.3669724770642202,93,94
v2_no_evolution_s5,v2,no_evolution,5,random_regular,100,4,926,24,1.6094379124291005,5,24,0.20833333333333334,41,94
v2_no_evolution_s5,v2,no_evolution,5,random_regular,100,4,927,51,2.523210952939891,15,51,0.29411764705882354,14,3
v2_no_evolution_s5,v2,no_evolution,5,random_regular,100,4,928,101,3.5271692775215624,42,101,0.4158415841584158,84,69
v2_no_evolution_s5,v2,no_evolution,5,random_regular,100,4,929,7,1.0986122886651095,3,7,0.42857142857142855,61,69
v2_no_evolution_s5,v2,no_evolution,5,random_regular,100,4,930,130,3.821382118428039,55,130,0.4230769230769231,56,69
v2_no_evolution_s5,v2,no_evolution,5,random_regular,100,4,931,0,0.0,0,0,,69,69
v2_no_evolution_s5,v2,no_evolution,5,random_regular,100,4,932,86,3.5066205580617207,42,86,0.4883720930232558,39,3
v2_no_evolution_s5,v2,no_evolution,5,random_regular,100,4,933,3,-1.000088900581841e-12,1,3,0.3333333333333333,4,94
v2_no_evolution_s5,v2,no_evolution,5,random_regular,100,4,934,65,3.218875824843201,25,65,0.38461538461538464,96,94
v2_no_evolution_s5,v2,no_evolution,5,random_regular,100,4,935,52,2.7080502010872096,15,52,0.28846153846153844,90,97
v2_no_evolution_s5,v2,no_evolution,5,random_regular,100,4,936,20,1.5607104090364068,6,20,0.3,83,3
v2_no_evolution_s5,v2,no_evolution,5,random_regular,100,4,937,113,3.583257490460172,44,113,0.3893805309734513,98,97
v2_no_evolution_s5,v2,no_evolution,5,random_regular,100,4,938,24,2.0431918705371204,9,24,0.375,34,97
v2_no_evolution_s5,v2,no_evolution,5,random_regular,100,4,939,273,4.068459901459658,95,273,0.34798534798534797,77,3
v2_no_evolution_s5,v2,no_evolution,5,random_regular,100,4,940,58,2.7759755530867958,22,58,0.3793103448275862,84,94
v2_no_evolution_s5,v2,no_evolution,5,random_regular,100,4,941,83,3.044820482442576,26,83,0.3132530120481928,58,71
v2_no_evolution_s5,v2,no_evolution,5,random_regular,100,4,942,6,1.3862943611158909,4,6,0.6666666666666666,11,3
v2_no_evolution_s5,v2,no_evolution,5,random_regular,100,4,943,11,1.3862943611158909,4,11,0.36363636363636365,65,97
v2_no_evolution_s5,v2,no_evolution,5,random_regular,100,4,944,143,3.553636848826961,55,143,0.38461538461538464,55,97
v2_no_evolution_s5,v2,no_evolution,5,random_regular,100,4,945,8,1.3862943611158909,4,8,0.5,96,3
v2_no_evolution_s5,v2,no_evolution,5,random_regular,100,4,946,92,3.302747652589445,35,92,0.3804347826086957,1,69
v2_no_evolution_s5,v2,no_evolution,5,random_regular,100,4,947,120,3.379092505199735,32,120,0.26666666666666666,72,69
v2_no_evolution_s5,v2,no_evolution,5,random_regular,100,4,948,62,2.3701349548703625,18,62,0.2903225806451613,18,71
v2_no_evolution_s5,v2,no_evolution,5,random_regular,100,4,949,70,3.1780538303239454,24,70,0.34285714285714286,37,69
v2_no_evolution_s5,v2,no_evolution,5,random_regular,100,4,950,3,-1.000088900581841e-12,1,3,0.3333333333333333,7,97
v2_no_evolution_s5,v2,no_evolution,5,random_regular,100,4,951,25,1.9722469794154416,11,25,0.44,58,94
v2_no_evolution_s5,v2,no_evolution,5,random_regular,100,4,952,70,3.367295829957475,29,70,0.4142857142857143,55,69
v2_no_evolution_s5,v2,no_evolution,5,random_regular,100,4,953,11,1.6094379124291005,5,11,0.45454545454545453,53,69
v2_no_evolution_s5,v2,no_evolution,5,random_regular,100,4,954,1,-1.000088900581841e-12,1,1,1.0,88,94
v2_no_evolution_s5,v2,no_evolution,5,random_regular,100,4,955,125,3.8768201519937313,56,125,0.448,96,94
v2_no_evolution_s5,v2,no_evolution,5,random_regular,100,4,956,131,3.823096663177728,51,131,0.3893129770992366,82,94
v2_no_evolution_s5,v2,no_evolution,5,random_regular,100,4,957,66,2.846480386116867,21,66,0.3181818181818182,57,97
v2_no_evolution_s5,v2,no_evolution,5,random_regular,100,4,958,124,3.610225699657244,55,124,0.4435483870967742,92,97
v2_no_evolution_s5,v2,no_evolution,5,random_regular,100,4,959,90,3.2924491076317413,32,90,0.35555555555555557,18,3
v2_no_evolution_s5,v2,no_evolution,5,random_regular,100,4,960,80,3.135494215906149,23,80,0.2875,63,97
v2_no_evolution_s5,v2,no_evolution,5,random_regular,100,4,961,162,3.7300743129644927,55,162,0.3395061728395062,62,94
v2_no_evolution_s5,v2,no_evolution,5,random_regular,100,4,962,88,3.363267070336762,34,88,0.38636363636363635,30,97
v2_no_evolution_s5,v2,no_evolution,5,random_regular,100,4,963,305,4.328467121815921,103,305,0.3377049180327869,54,94
v2_no_evolution_s5,v2,no_evolution,5,random_regular,100,4,964,15,1.9459101490483133,7,15,0.4666666666666667,87,94
v2_no_evolution_s5,v2,no_evolution,5,random_regular,100,4,965,183,3.806873436085445,69,183,0.3770491803278688,17,97
v2_no_evolution_s5,v2,no_evolution,5,random_regular,100,4,966,17,1.9459101490483133,7,17,0.4117647058823529,45,71
v2_no_evolution_s5,v2,no_evolution,5,random_regular,100,4,967,283,4.187014288572161,103,283,0.36395759717314485,93,97
v2_no_evolution_s5,v2,no_evolution,5,random_regular,100,4,968,98,3.3445488585774434,31,98,0.3163265306122449,53,71
v2_no_evolution_s5,v2,no_evolution,5,random_regular,100,4,969,63,2.7184734013140126,20,63,0.31746031746031744,21,3
v2_no_evolution_s5,v2,no_evolution,5,random_regular,100,4,970,61,2.6701198897918164,17,61,0.2786885245901639,77,71
v2_no_evolution_s5,v2,no_evolution,5,random_regular,100,4,971,50,2.813355404483615,18,50,0.36,92,94
v2_no_evolution_s5,v2,no_evolution,5,random_regular,100,4,972,12,0.6931471805579453,2,12,0.16666666666666666,33,94
v2_no_evolution_s5,v2,no_evolution,5,random_regular,100,4,973,117,3.4376160436032883,44,117,0.37606837606837606,52,94
v2_no_evolution_s5,v2,no_evolution,5,random_regular,100,4,974,6,1.3862943611158909,4,6,0.6666666666666666,25,71
v2_no_evolution_s5,v2,no_evolution,5,random_regular,100,4,975,22,1.846220219314633,11,22,0.5,16,94
v2_no_evolution_s5,v2,no_evolution,5,random_regular,100,4,976,43,2.5993019270857944,16,43,0.37209302325581395,58,94
v2_no_evolution_s5,v2,no_evolution,5,random_regular,100,4,977,116,3.612135893901438,41,116,0.35344827586206895,85,71
v2_no_evolution_s5,v2,no_evolution,5,random_regular,100,4,978,94,3.461048251949615,37,94,0.39361702127659576,38,3
v2_no_evolution_s5,v2,no_evolution,5,random_regular,100,4,979,32,2.302585092984045,10,32,0.3125,34,69
v2_no_evolution_s5,v2,no_evolution,5,random_regular,100,4,980,25,2.2718685126865625,11,25,0.44,38,71
v2_no_evolution_s5,v2,no_evolution,5,random_regular,100,4,981,100,3.092193481923559,29,100,0.29,58,3
v2_no_evolution_s5,v2,no_evolution,5,random_regular,100,4,982,27,2.484906649776,12,27,0.4444444444444444,68,94
v2_no_evolution_s5,v2,no_evolution,5,random_regular,100,4,983,60,2.787788119369007,20,60,0.3333333333333333,1,69
v2_no_evolution_s5,v2,no_evolution,5,random_regular,100,4,984,82,3.3176975995541467,35,82,0.4268292682926829,34,94
v2_no_evolution_s5,v2,no_evolution,5,random_regular,100,4,985,21,2.197224577327219,9,21,0.42857142857142855,18,3
v2_no_evolution_s5,v2,no_evolution,5,random_regular,100,4,986,31,2.197224577327219,9,31,0.2903225806451613,45,71
v2_no_evolution_s5,v2,no_evolution,5,random_regular,100,4,987,63,2.912494403312053,21,63,0.3333333333333333,48,97
v2_no_evolution_s5,v2,no_evolution,5,random_regular,100,4,988,248,4.24262288986093,102,248,0.4112903225806452,52,3
v2_no_evolution_s5,v2,no_evolution,5,random_regular,100,4,989,0,0.0,0,0,,3,3
v2_no_evolution_s5,v2,no_evolution,5,random_regular,100,4,990,53,2.857102837424001,20,53,0.37735849056603776,16,94
v2_no_evolution_s5,v2,no_evolution,5,random_regular,100,4,991,5,-1.000088900581841e-12,1,5,0.2,8,3
v2_no_evolution_s5,v2,no_evolution,5,random_regular,100,4,992,84,3.4235808367852125,37,84,0.44047619047619047,59,97
v2_no_evolution_s5,v2,no_evolution,5,random_regular,100,4,993,304,4.377627284773169,113,304,0.3717105263157895,56,71
v2_no_evolution_s5,v2,no_evolution,5,random_regular,100,4,994,23,2.302585092984045,10,23,0.43478260869565216,67,97
v2_no_evolution_s5,v2,no_evolution,5,random_regular,100,4,995,2,-1.000088900581841e-12,1,2,0.5,32,71
v2_no_evolution_s5,v2,no_evolution,5,random_regular,100,4,996,97,3.371971579897444,37,97,0.38144329896907214,96,71
v2_no_evolution_s5,v2,no_evolution,5,random_regular,100,4,997,0,0.0,0,0,,94,94
v2_no_evolution_s5,v2,no_evolution,5,random_regular,100,4,998,139,3.5851191891369387,51,139,0.3669064748201439,66,69
v2_no_evolution_s5,v2,no_evolution,5,random_regular,100,4,999,31,2.302585092984045,10,31,0.3225806451612903,7,69
