run_id,validation_version,condition,seed,topology,n_nodes,degree,episode_idx,hitting_time,path_entropy,accepted_moves,attempted_moves,accept_rate,start_node,final_node
v2_no_evolution_s9,v2,no_evolution,9,random_regular,100,4,0,61,3.218875824843201,25,61,0.4098360655737705,32,97
v2_no_evolution_s9,v2,no_evolution,9,random_regular,100,4,1,77,2.902002313186603,22,77,0.2857142857142857,5,20
v2_no_evolution_s9,v2,no_evolution,9,random_regular,100,4,2,8,1.0986122886651095,3,8,0.375,64,34
v2_no_evolution_s9,v2,no_evolution,9,random_regular,100,4,3,237,4.081418529206717,88,237,0.37130801687763715,46,34
v2_no_evolution_s9,v2,no_evolution,9,random_regular,100,4,4,59,2.540036303807981,14,59,0.23728813559322035,42,34
v2_no_evolution_s9,v2,no_evolution,9,random_regular,100,4,5,31,2.1639556568730565,10,31,0.3225806451612903,83,20
v2_no_evolution_s9,v2,no_evolution,9,random_regular,100,4,6,24,1.6094379124291005,5,24,0.20833333333333334,26,20
v2_no_evolution_s9,v2,no_evolution,9,random_regular,100,4,7,24,2.302585092984045,10,24,0.4166666666666667,90,20
v2_no_evolution_s9,v2,no_evolution,9,random_regular,100,4,8,110,3.4965075614334804,33,110,0.3,11,15
v2_no_evolution_s9,v2,no_evolution,9,random_regular,100,4,9,30,1.791759469222055,6,30,0.2,16,20
v2_no_evolution_s9,v2,no_evolution,9,random_regular,100,4,10,15,1.9459101490483133,7,15,0.4666666666666667,0,34
v2_no_evolution_s9,v2,no_evolution,9,random_regular,100,4,11,215,4.023815052779218,72,215,0.33488372093023255,54,15
v2_no_evolution_s9,v2,no_evolution,9,random_regular,100,4,12,43,2.751666616915516,17,43,0.3953488372093023,6,97
v2_no_evolution_s9,v2,no_evolution,9,random_regular,100,4,13,29,2.484906649776,12,29,0.41379310344827586,62,20
v2_no_evolution_s9,v2,no_evolution,9,random_regular,100,4,14,191,3.8526491504608966,71,191,0.3717277486910995,30,20
v2_no_evolution_s9,v2,no_evolution,9,random_regular,100,4,15,105,3.850278905551626,51,105,0.4857142857142857,5,34
v2_no_evolution_s9,v2,no_evolution,9,random_regular,100,4,16,43,2.8903717578781647,18,43,0.4186046511627907,86,15
v2_no_evolution_s9,v2,no_evolution,9,random_regular,100,4,17,142,3.983551385469709,59,142,0.4154929577464789,39,34
v2_no_evolution_s9,v2,no_evolution,9,random_regular,100,4,18,7,1.3862943611158909,4,7,0.5714285714285714,8,34
v2_no_evolution_s9,v2,no_evolution,9,random_regular,100,4,19,42,2.7985132569262934,19,42,0.4523809523809524,76,97
v2_no_evolution_s9,v2,no_evolution,9,random_regular,100,4,20,6,1.3862943611158909,4,6,0.6666666666666666,79,20
v2_no_evolution_s9,v2,no_evolution,9,random_regular,100,4,21,141,3.683099712933856,49,141,0.3475177304964539,1,34
v2_no_evolution_s9,v2,no_evolution,9,random_regular,100,4,22,45,2.725550395815721,19,45,0.4222222222222222,24,34
v2_no_evolution_s9,v2,no_evolution,9,random_regular,100,4,23,176,3.5517879554391936,53,176,0.30113636363636365,73,12
v2_no_evolution_s9,v2,no_evolution,9,random_regular,100,4,24,165,3.821004542469102,61,165,0.3696969696969697,75,12
v2_no_evolution_s9,v2,no_evolution,9,random_regular,100,4,25,42,2.484906649776,12,42,0.2857142857142857,43,12
v2_no_evolution_s9,v2,no_evolution,9,random_regular,100,4,26,0,0.0,0,0,,20,20
v2_no_evolution_s9,v2,no_evolution,9,random_regular,100,4,27,7,-1.000088900581841e-12,1,7,0.14285714285714285,60,34
v2_no_evolution_s9,v2,no_evolution,9,random_regular,100,4,28,102,3.5147109883843104,42,102,0.4117647058823529,8,15
v2_no_evolution_s9,v2,no_evolution,9,random_regular,100,4,29,16,1.7478680974607577,7,16,0.4375,72,34
v2_no_evolution_s9,v2,no_evolution,9,random_regular,100,4,30,12,1.5607104090364068,6,12,0.5,90,12
v2_no_evolution_s9,v2,no_evolution,9,random_regular,100,4,31,29,2.5649493574485365,13,29,0.4482758620689655,35,15
v2_no_evolution_s9,v2,no_evolution,9,random_regular,100,4,32,192,4.078161040710067,77,192,0.4010416666666667,87,12
v2_no_evolution_s9,v2,no_evolution,9,random_regular,100,4,33,25,1.9459101490483133,7,25,0.28,45,34
v2_no_evolution_s9,v2,no_evolution,9,random_regular,100,4,34,21,2.197224577327219,9,21,0.42857142857142855,83,20
v2_no_evolution_s9,v2,no_evolution,9,random_regular,100,4,35,44,2.6701198897918164,17,44,0.38636363636363635,40,34
v2_no_evolution_s9,v2,no_evolution,9,random_regular,100,4,36,3,0.6931471805579453,2,3,0.6666666666666666,59,20
v2_no_evolution_s9,v2,no_evolution,9,random_regular,100,4,37,89,3.084651945666508,28,89,0.3146067415730337,68,12
v2_no_evolution_s9,v2,no_evolution,9,random_regular,100,4,38,22,2.302585092984045,10,22,0.45454545454545453,50,97
v2_no_evolution_s9,v2,no_evolution,9,random_regular,100,4,39,36,2.9785084205072385,21,36,0.5833333333333334,84,97
v2_no_evolution_s9,v2,no_evolution,9,random_regular,100,4,40,54,2.7080502010872096,15,54,0.2777777777777778,44,34
v2_no_evolution_s9,v2,no_evolution,9,random_regular,100,4,41,3,0.6931471805579453,2,3,0.6666666666666666,54,97
v2_no_evolution_s9,v2,no_evolution,9,random_regular,100,4,42,142,3.506148144454139,45,142,0.31690140845070425,18,20
v2_no_evolution_s9,v2,no_evolution,9,random_regular,100,4,43,292,4.416299952082389,130,292,0.4452054794520548,70,97
v2_no_evolution_s9,v2,no_evolution,9,random_regular,100,4,44,45,2.902002313186603,22,45,0.4888888888888889,24,20
v2_no_evolution_s9,v2,no_evolution,9,random_regular,100,4,45,209,4.167059902634156,87,209,0.41626794258373206,30,34
v2_no_evolution_s9,v2,no_evolution,9,random_regular,100,4,46,30,2.0253262207620675,10,30,0.3333333333333333,5,34
v2_no_evolution_s9,v2,no_evolution,9,random_regular,100,4,47,3,-1.000088900581841e-12,1,3,0.3333333333333333,99,20
v2_no_evolution_s9,v2,no_evolution,9,random_regular,100,4,48,5,1.0986122886651095,3,5,0.6,66,34
v2_no_evolution_s9,v2,no_evolution,9,random_regular,100,4,49,67,2.857102837424001,20,67,0.29850746268656714,43,15
v2_no_evolution_s9,v2,no_evolution,9,random_regular,100,4,50,39,2.685945324654788,16,39,0.41025641025641024,39,20
v2_no_evolution_s9,v2,no_evolution,9,random_regular,100,4,51,53,2.954673212284816,23,53,0.4339622641509434,46,12
v2_no_evolution_s9,v2,no_evolution,9,random_regular,100,4,52,25,2.245035274116177,13,25,0.52,53,20
v2_no_evolution_s9,v2,no_evolution,9,random_regular,100,4,53,8,1.3321790402061222,5,8,0.625,6,15
v2_no_evolution_s9,v2,no_evolution,9,random_regular,100,4,54,17,1.3862943611158909,4,17,0.23529411764705882,49,20
v2_no_evolution_s9,v2,no_evolution,9,random_regular,100,4,55,123,3.603049664804596,47,123,0.3821138211382114,25,34
v2_no_evolution_s9,v2,no_evolution,9,random_regular,100,4,56,2,-1.000088900581841e-12,1,2,0.5,49,12
v2_no_evolution_s9,v2,no_evolution,9,random_regular,100,4,57,161,3.8058031004600914,57,161,0.35403726708074534,35,15
v2_no_evolution_s9,v2,no_evolution,9,random_regular,100,4,58,22,2.079441541671836,8,22,0.36363636363636365,56,20
v2_no_evolution_s9,v2,no_evolution,9,random_regular,100,4,59,374,4.388467388340572,132,374,0.35294117647058826,8,34
v2_no_evolution_s9,v2,no_evolution,9,random_regular,100,4,60,92,3.1445801968134903,33,92,0.358695652173913,56,34
v2_no_evolution_s9,v2,no_evolution,9,random_regular,100,4,61,50,2.9650156932365066,22,50,0.44,88,97
v2_no_evolution_s9,v2,no_evolution,9,random_regular,100,4,62,17,1.3862943611158909,4,17,0.23529411764705882,98,20
v2_no_evolution_s9,v2,no_evolution,9,random_regular,100,4,63,146,3.4848452850734923,48,146,0.3287671232876712,59,34
v2_no_evolution_s9,v2,no_evolution,9,random_regular,100,4,64,20,1.6094379124291005,5,20,0.25,91,15
v2_no_evolution_s9,v2,no_evolution,9,random_regular,100,4,65,27,2.441015278014703,14,27,0.5185185185185185,64,20
v2_no_evolution_s9,v2,no_evolution,9,random_regular,100,4,66,34,2.4583113296710835,13,34,0.38235294117647056,37,97
v2_no_evolution_s9,v2,no_evolution,9,random_regular,100,4,67,57,2.98296502919677,24,57,0.42105263157894735,16,15
v2_no_evolution_s9,v2,no_evolution,9,random_regular,100,4,68,92,2.9970687270680187,25,92,0.2717391304347826,76,97
v2_no_evolution_s9,v2,no_evolution,9,random_regular,100,4,69,139,3.3428738078286084,53,139,0.381294964028777,25,34
v2_no_evolution_s9,v2,no_evolution,9,random_regular,100,4,70,54,2.630253356374264,18,54,0.3333333333333333,89,20
v2_no_evolution_s9,v2,no_evolution,9,random_regular,100,4,71,29,2.1458417525857545,11,29,0.3793103448275862,83,12
v2_no_evolution_s9,v2,no_evolution,9,random_regular,100,4,72,59,3.062529300232621,24,59,0.4067796610169492,69,12
v2_no_evolution_s9,v2,no_evolution,9,random_regular,100,4,73,24,2.197224577327219,9,24,0.375,64,15
v2_no_evolution_s9,v2,no_evolution,9,random_regular,100,4,74,24,2.253857589591352,12,24,0.5,99,15
v2_no_evolution_s9,v2,no_evolution,9,random_regular,100,4,75,14,1.3862943611158909,4,14,0.2857142857142857,46,34
v2_no_evolution_s9,v2,no_evolution,9,random_regular,100,4,76,113,3.4710454819347945,43,113,0.3805309734513274,19,20
v2_no_evolution_s9,v2,no_evolution,9,random_regular,100,4,77,67,3.1780538303239454,24,67,0.3582089552238806,47,15
v2_no_evolution_s9,v2,no_evolution,9,random_regular,100,4,78,51,2.8903717578781647,18,51,0.35294117647058826,13,15
v2_no_evolution_s9,v2,no_evolution,9,random_regular,100,4,79,87,3.233183484354926,28,87,0.3218390804597701,4,15
v2_no_evolution_s9,v2,no_evolution,9,random_regular,100,4,80,178,3.943213066224167,61,178,0.34269662921348315,78,15
v2_no_evolution_s9,v2,no_evolution,9,random_regular,100,4,81,108,2.932746084430286,39,108,0.3611111111111111,87,15
v2_no_evolution_s9,v2,no_evolution,9,random_regular,100,4,82,0,0.0,0,0,,34,34
v2_no_evolution_s9,v2,no_evolution,9,random_regular,100,4,83,153,3.872804591857546,57,153,0.37254901960784315,83,20
v2_no_evolution_s9,v2,no_evolution,9,random_regular,100,4,84,36,2.484906649776,12,36,0.3333333333333333,84,34
v2_no_evolution_s9,v2,no_evolution,9,random_regular,100,4,85,13,1.6094379124291005,5,13,0.38461538461538464,62,97
v2_no_evolution_s9,v2,no_evolution,9,random_regular,100,4,86,33,2.61563057701355,15,33,0.45454545454545453,1,15
v2_no_evolution_s9,v2,no_evolution,9,random_regular,100,4,87,1,-1.000088900581841e-12,1,1,1.0,85,20
v2_no_evolution_s9,v2,no_evolution,9,random_regular,100,4,88,83,3.031590575761233,25,83,0.30120481927710846,98,34
v2_no_evolution_s9,v2,no_evolution,9,random_regular,100,4,89,0,0.0,0,0,,15,15
v2_no_evolution_s9,v2,no_evolution,9,random_regular,100,4,90,2,-1.000088900581841e-12,1,2,0.5,60,34
v2_no_evolution_s9,v2,no_evolution,9,random_regular,100,4,91,107,3.7376696182413687,42,107,0.3925233644859813,94,34
v2_no_evolution_s9,v2,no_evolution,9,random_regular,100,4,92,0,0.0,0,0,,34,34
v2_no_evolution_s9,v2,no_evolution,9,random_regular,100,4,93,66,2.787788119369007,20,66,0.30303030303030304,64,15
v2_no_evolution_s9,v2,no_evolution,9,random_regular,100,4,94,150,3.4738203419237568,50,150,0.3333333333333333,87,34
v2_no_evolution_s9,v2,no_evolution,9,random_regular,100,4,95,5,1.0986122886651095,3,5,0.6,85,20
v2_no_evolution_s9,v2,no_evolution,9,random_regular,100,4,96,14,2.197224577327219,9,14,0.6428571428571429,18,15
v2_no_evolution_s9,v2,no_evolution,9,random_regular,100,4,97,36,2.302585092984045,10,36,0.2777777777777778,95,20
v2_no_evolution_s9,v2,no_evolution,9,random_regular,100,4,98,119,3.480935299911953,40,119,0.33613445378151263,22,34
v2_no_evolution_s9,v2,no_evolution,9,random_regular,100,4,99,0,0.0,0,0,,20,20
v2_no_evolution_s9,v2,no_evolution,9,random_regular,100,4,100,229,4.199774838811189,77,229,0.33624454148471616,60,34
v2_no_evolution_s9,v2,no_evolution,9,random_regular,100,4,101,1,-1.000088900581841e-12,1,1,1.0,79,34
v2_no_evolution_s9,v2,no_evolution,9,random_regular,100,4,102,74,3.2625679455231658,30,74,0.40540540540540543,63,15
v2_no_evolution_s9,v2,no_evolution,9,random_regular,100,4,103,107,3.4985156671140176,37,107,0.34579439252336447,69,15
v2_no_evolution_s9,v2,no_evolution,9,random_regular,100,4,104,19,1.9459101490483133,7,19,0.3684210526315789,19,12
v2_no_evolution_s9,v2,no_evolution,9,random_regular,100,4,105,7,1.0986122886651095,3,7,0.42857142857142855,75,34
v2_no_evolution_s9,v2,no_evolution,9,random_regular,100,4,106,16,1.6094379124291005,5,16,0.3125,78,34
v2_no_evolution_s9,v2,no_evolution,9,random_regular,100,4,107,60,2.415052121904807,20,60,0.3333333333333333,85,12
v2_no_evolution_s9,v2,no_evolution,9,random_regular,100,4,108,0,0.0,0,0,,12,12
v2_no_evolution_s9,v2,no_evolution,9,random_regular,100,4,109,7,1.0986122886651095,3,7,0.42857142857142855,28,97
v2_no_evolution_s9,v2,no_evolution,9,random_regular,100,4,110,34,2.369382119683676,12,34,0.35294117647058826,46,15
v2_no_evolution_s9,v2,no_evolution,9,random_regular,100,4,111,19,2.0431918705371204,9,19,0.47368421052631576,21,20
v2_no_evolution_s9,v2,no_evolution,9,random_regular,100,4,112,241,4.130615457229766,85,241,0.35269709543568467,64,34
v2_no_evolution_s9,v2,no_evolution,9,random_regular,100,4,113,219,4.034458984410764,77,219,0.3515981735159817,16,20
v2_no_evolution_s9,v2,no_evolution,9,random_regular,100,4,114,45,2.751666616915516,17,45,0.37777777777777777,74,12
v2_no_evolution_s9,v2,no_evolution,9,random_regular,100,4,115,3,0.6931471805579453,2,3,0.6666666666666666,63,12
v2_no_evolution_s9,v2,no_evolution,9,random_regular,100,4,116,19,2.0253262207620675,10,19,0.5263157894736842,5,34
v2_no_evolution_s9,v2,no_evolution,9,random_regular,100,4,117,21,1.3862943611158909,4,21,0.19047619047619047,84,34
v2_no_evolution_s9,v2,no_evolution,9,random_regular,100,4,118,91,3.421572883539579,35,91,0.38461538461538464,57,34
v2_no_evolution_s9,v2,no_evolution,9,random_regular,100,4,119,22,1.4941751382843085,8,22,0.36363636363636365,27,20
v2_no_evolution_s9,v2,no_evolution,9,random_regular,100,4,120,7,1.3862943611158909,4,7,0.5714285714285714,65,97
v2_no_evolution_s9,v2,no_evolution,9,random_regular,100,4,121,1,-1.000088900581841e-12,1,1,1.0,40,15
v2_no_evolution_s9,v2,no_evolution,9,random_regular,100,4,122,172,3.895099034106584,62,172,0.36046511627906974,27,97
v2_no_evolution_s9,v2,no_evolution,9,random_regular,100,4,123,58,3.044820482442576,26,58,0.4482758620689655,63,12
v2_no_evolution_s9,v2,no_evolution,9,random_regular,100,4,124,154,3.8541620792802895,63,154,0.4090909090909091,88,12
v2_no_evolution_s9,v2,no_evolution,9,random_regular,100,4,125,42,2.4260151319478083,16,42,0.38095238095238093,83,12
v2_no_evolution_s9,v2,no_evolution,9,random_regular,100,4,126,1,-1.000088900581841e-12,1,1,1.0,90,97
v2_no_evolution_s9,v2,no_evolution,9,random_regular,100,4,127,108,3.266330691926871,34,108,0.3148148148148148,13,20
v2_no_evolution_s9,v2,no_evolution,9,random_regular,100,4,128,5,0.6931471805579453,2,5,0.4,81,20
v2_no_evolution_s9,v2,no_evolution,9,random_regular,100,4,129,204,3.806856243824933,61,204,0.29901960784313725,72,97
v2_no_evolution_s9,v2,no_evolution,9,random_regular,100,4,130,91,3.2551105127007407,31,91,0.34065934065934067,99,15
v2_no_evolution_s9,v2,no_evolution,9,random_regular,100,4,131,7,1.3862943611158909,4,7,0.5714285714285714,26,97
v2_no_evolution_s9,v2,no_evolution,9,random_regular,100,4,132,38,2.253857589591352,12,38,0.3157894736842105,60,12
v2_no_evolution_s9,v2,no_evolution,9,random_regular,100,4,133,35,2.61563057701355,15,35,0.42857142857142855,84,20
v2_no_evolution_s9,v2,no_evolution,9,random_regular,100,4,134,10,1.0986122886651095,3,10,0.3,64,34
v2_no_evolution_s9,v2,no_evolution,9,random_regular,100,4,135,94,3.062433267532996,29,94,0.30851063829787234,21,20
v2_no_evolution_s9,v2,no_evolution,9,random_regular,100,4,136,72,3.244492630381296,27,72,0.375,8,15
v2_no_evolution_s9,v2,no_evolution,9,random_regular,100,4,137,62,2.8716496251169272,23,62,0.3709677419354839,49,20
v2_no_evolution_s9,v2,no_evolution,9,random_regular,100,4,138,74,2.9699165026901317,31,74,0.4189189189189189,8,20
v2_no_evolution_s9,v2,no_evolution,9,random_regular,100,4,139,143,3.9095053140207816,60,143,0.4195804195804196,43,15
v2_no_evolution_s9,v2,no_evolution,9,random_regular,100,4,140,12,1.791759469222055,6,12,0.5,63,15
v2_no_evolution_s9,v2,no_evolution,9,random_regular,100,4,141,59,2.871476118036867,19,59,0.3220338983050847,44,34
v2_no_evolution_s9,v2,no_evolution,9,random_regular,100,4,142,107,2.9683918915209624,27,107,0.2523364485981308,36,20
v2_no_evolution_s9,v2,no_evolution,9,random_regular,100,4,143,20,2.3978952727873706,11,20,0.55,85,12
v2_no_evolution_s9,v2,no_evolution,9,random_regular,100,4,144,51,2.736339051089065,18,51,0.35294117647058826,5,12
v2_no_evolution_s9,v2,no_evolution,9,random_regular,100,4,145,83,3.4124897213676078,33,83,0.39759036144578314,32,34
v2_no_evolution_s9,v2,no_evolution,9,random_regular,100,4,146,9,0.6931471805579453,2,9,0.2222222222222222,98,20
v2_no_evolution_s9,v2,no_evolution,9,random_regular,100,4,147,62,2.787788119369007,20,62,0.3225806451612903,92,15
v2_no_evolution_s9,v2,no_evolution,9,random_regular,100,4,148,43,2.685945324654788,16,43,0.37209302325581395,42,15
v2_no_evolution_s9,v2,no_evolution,9,random_regular,100,4,149,181,3.9745170417130753,61,181,0.3370165745856354,11,20
v2_no_evolution_s9,v2,no_evolution,9,random_regular,100,4,150,122,3.532136113678645,44,122,0.36065573770491804,56,34
v2_no_evolution_s9,v2,no_evolution,9,random_regular,100,4,151,21,1.6094379124291005,5,21,0.23809523809523808,44,12
v2_no_evolution_s9,v2,no_evolution,9,random_regular,100,4,152,207,4.046385052843687,74,207,0.357487922705314,22,15
v2_no_evolution_s9,v2,no_evolution,9,random_regular,100,4,153,23,2.5649493574485365,13,23,0.5652173913043478,87,97
v2_no_evolution_s9,v2,no_evolution,9,random_regular,100,4,154,7,1.0986122886651095,3,7,0.42857142857142855,89,15
v2_no_evolution_s9,v2,no_evolution,9,random_regular,100,4,155,3,0.6931471805579453,2,3,0.6666666666666666,4,34
v2_no_evolution_s9,v2,no_evolution,9,random_regular,100,4,156,9,1.0986122886651095,3,9,0.3333333333333333,91,20
v2_no_evolution_s9,v2,no_evolution,9,random_regular,100,4,157,63,3.1931483947852626,27,63,0.42857142857142855,30,12
v2_no_evolution_s9,v2,no_evolution,9,random_regular,100,4,158,30,2.484906649776,12,30,0.4,44,20
v2_no_evolution_s9,v2,no_evolution,9,random_regular,100,4,159,15,1.9459101490483133,7,15,0.4666666666666667,47,12
v2_no_evolution_s9,v2,no_evolution,9,random_regular,100,4,160,71,2.889242505095635,24,71,0.3380281690140845,25,15
v2_no_evolution_s9,v2,no_evolution,9,random_regular,100,4,161,17,1.3862943611158909,4,17,0.23529411764705882,87,15
v2_no_evolution_s9,v2,no_evolution,9,random_regular,100,4,162,22,1.7328679513938632,8,22,0.36363636363636365,58,15
v2_no_evolution_s9,v2,no_evolution,9,random_regular,100,4,163,12,1.3862943611158909,4,12,0.3333333333333333,55,12
v2_no_evolution_s9,v2,no_evolution,9,random_regular,100,4,164,10,1.3862943611158909,4,10,0.4,57,97
v2_no_evolution_s9,v2,no_evolution,9,random_regular,100,4,165,53,2.736339051089065,18,53,0.33962264150943394,18,34
v2_no_evolution_s9,v2,no_evolution,9,random_regular,100,4,166,45,2.306668725393531,16,45,0.35555555555555557,88,15
v2_no_evolution_s9,v2,no_evolution,9,random_regular,100,4,167,83,3.10797227595561,25,83,0.30120481927710846,94,20
v2_no_evolution_s9,v2,no_evolution,9,random_regular,100,4,168,152,3.821004542469102,61,152,0.40131578947368424,29,97
v2_no_evolution_s9,v2,no_evolution,9,random_regular,100,4,169,119,3.704662609644276,42,119,0.35294117647058826,11,12
v2_no_evolution_s9,v2,no_evolution,9,random_regular,100,4,170,97,3.382216145804879,38,97,0.3917525773195876,52,15
v2_no_evolution_s9,v2,no_evolution,9,random_regular,100,4,171,12,1.5607104090364068,6,12,0.5,63,97
v2_no_evolution_s9,v2,no_evolution,9,random_regular,100,4,172,126,3.2451263407310145,30,126,0.23809523809523808,88,34
v2_no_evolution_s9,v2,no_evolution,9,random_regular,100,4,173,7,1.3862943611158909,4,7,0.5714285714285714,82,97
v2_no_evolution_s9,v2,no_evolution,9,random_regular,100,4,174,40,2.6593226976945163,18,40,0.45,38,20
v2_no_evolution_s9,v2,no_evolution,9,random_regular,100,4,175,74,3.098139496330803,26,74,0.35135135135135137,24,15
v2_no_evolution_s9,v2,no_evolution,9,random_regular,100,4,176,223,4.137727976621273,81,223,0.3632286995515695,73,12
v2_no_evolution_s9,v2,no_evolution,9,random_regular,100,4,177,285,4.299767716066333,103,285,0.36140350877192984,92,15
v2_no_evolution_s9,v2,no_evolution,9,random_regular,100,4,178,21,1.5498260458732018,7,21,0.3333333333333333,50,12
v2_no_evolution_s9,v2,no_evolution,9,random_regular,100,4,179,192,3.931733637286508,65,192,0.3385416666666667,48,97
v2_no_evolution_s9,v2,no_evolution,9,random_regular,100,4,180,14,0.6931471805579453,2,14,0.14285714285714285,4,12
v2_no_evolution_s9,v2,no_evolution,9,random_regular,100,4,181,2,-1.000088900581841e-12,1,2,0.5,21,20
v2_no_evolution_s9,v2,no_evolution,9,random_regular,100,4,182,38,2.3978952727873706,11,38,0.2894736842105263,0,34
v2_no_evolution_s9,v2,no_evolution,9,random_regular,100,4,183,107,3.689669563800905,44,107,0.411214953271028,38,97
v2_no_evolution_s9,v2,no_evolution,9,random_regular,100,4,184,49,2.787788119369007,20,49,0.40816326530612246,85,20
v2_no_evolution_s9,v2,no_evolution,9,random_regular,100,4,185,93,3.3549875695958247,30,93,0.3225806451612903,80,34
v2_no_evolution_s9,v2,no_evolution,9,random_regular,100,4,186,49,2.61563057701355,15,49,0.30612244897959184,33,12
v2_no_evolution_s9,v2,no_evolution,9,random_regular,100,4,187,42,2.8332133440392155,17,42,0.40476190476190477,23,15
v2_no_evolution_s9,v2,no_evolution,9,random_regular,100,4,188,88,3.4941622689244696,42,88,0.4772727272727273,69,12
v2_no_evolution_s9,v2,no_evolution,9,random_regular,100,4,189,114,3.801119456492554,50,114,0.43859649122807015,73,20
v2_no_evolution_s9,v2,no_evolution,9,random_regular,100,4,190,120,3.3861134216208097,37,120,0.30833333333333335,69,15
v2_no_evolution_s9,v2,no_evolution,9,random_regular,100,4,191,3,0.6931471805579453,2,3,0.6666666666666666,54,97
v2_no_evolution_s9,v2,no_evolution,9,random_regular,100,4,192,227,3.91087692254758,79,227,0.34801762114537443,91,15
v2_no_evolution_s9,v2,no_evolution,9,random_regular,100,4,193,67,2.9970687270680187,25,67,0.373134328358209,6,20
v2_no_evolution_s9,v2,no_evolution,9,random_regular,100,4,194,71,2.912494403312053,21,71,0.29577464788732394,52,34
v2_no_evolution_s9,v2,no_evolution,9,random_regular,100,4,195,139,3.5440584153972394,47,139,0.3381294964028777,72,34
v2_no_evolution_s9,v2,no_evolution,9,random_regular,100,4,196,106,3.671655601047183,42,106,0.39622641509433965,91,12
v2_no_evolution_s9,v2,no_evolution,9,random_regular,100,4,197,21,2.302585092984045,10,21,0.47619047619047616,59,20
v2_no_evolution_s9,v2,no_evolution,9,random_regular,100,4,198,102,3.4502855905397403,39,102,0.38235294117647056,4,12
v2_no_evolution_s9,v2,no_evolution,9,random_regular,100,4,199,39,2.540036303807981,14,39,0.358974358974359,62,97
v2_no_evolution_s9,v2,no_evolution,9,random_regular,100,4,200,170,3.9716821396224944,66,170,0.38823529411764707,49,15
v2_no_evolution_s9,v2,no_evolution,9,random_regular,100,4,201,126,3.7074768319530698,50,126,0.3968253968253968,44,15
v2_no_evolution_s9,v2,no_evolution,9,random_regular,100,4,202,0,0.0,0,0,,15,15
v2_no_evolution_s9,v2,no_evolution,9,random_regular,100,4,203,6,0.6931471805579453,2,6,0.3333333333333333,98,20
v2_no_evolution_s9,v2,no_evolution,9,random_regular,100,4,204,0,0.0,0,0,,97,97
v2_no_evolution_s9,v2,no_evolution,9,random_regular,100,4,205,9,1.0986122886651095,3,9,0.3333333333333333,53,12
v2_no_evolution_s9,v2,no_evolution,9,random_regular,100,4,206,45,2.5232109529398907,15,45,0.3333333333333333,41,34
v2_no_evolution_s9,v2,no_evolution,9,random_regular,100,4,207,9,-1.000088900581841e-12,1,9,0.1111111111111111,35,15
v2_no_evolution_s9,v2,no_evolution,9,random_regular,100,4,208,121,3.539627566658813,42,121,0.34710743801652894,55,20
v2_no_evolution_s9,v2,no_evolution,9,random_regular,100,4,209,8,1.3862943611158909,4,8,0.5,68,97
v2_no_evolution_s9,v2,no_evolution,9,random_regular,100,4,210,56,2.9650156932365066,22,56,0.39285714285714285,5,97
v2_no_evolution_s9,v2,no_evolution,9,random_regular,100,4,211,89,3.2826939972510645,28,89,0.3146067415730337,31,34
v2_no_evolution_s9,v2,no_evolution,9,random_regular,100,4,212,22,2.302585092984045,10,22,0.45454545454545453,65,15
v2_no_evolution_s9,v2,no_evolution,9,random_regular,100,4,213,0,0.0,0,0,,20,20
v2_no_evolution_s9,v2,no_evolution,9,random_regular,100,4,214,55,2.5993019270857944,16,55,0.2909090909090909,4,15
v2_no_evolution_s9,v2,no_evolution,9,random_regular,100,4,215,2,-1.000088900581841e-12,1,2,0.5,99,20
v2_no_evolution_s9,v2,no_evolution,9,random_regular,100,4,216,13,1.9459101490483133,7,13,0.5384615384615384,29,20
v2_no_evolution_s9,v2,no_evolution,9,random_regular,100,4,217,1,-1.000088900581841e-12,1,1,1.0,41,34
v2_no_evolution_s9,v2,no_evolution,9,random_regular,100,4,218,92,3.2463841835256595,36,92,0.391304347826087,71,34
v2_no_evolution_s9,v2,no_evolution,9,random_regular,100,4,219,10,1.3862943611158909,4,10,0.4,56,12
v2_no_evolution_s9,v2,no_evolution,9,random_regular,100,4,220,28,2.5400363038079807,14,28,0.5,13,15
v2_no_evolution_s9,v2,no_evolution,9,random_regular,100,4,221,31,2.1639556568730565,10,31,0.3225806451612903,71,97
v2_no_evolution_s9,v2,no_evolution,9,random_regular,100,4,222,0,0.0,0,0,,20,20
v2_no_evolution_s9,v2,no_evolution,9,random_regular,100,4,223,65,3.3322045101472035,28,65,0.4307692307692308,87,97
v2_no_evolution_s9,v2,no_evolution,9,random_regular,100,4,224,97,3.5106997211395683,41,97,0.422680412371134,28,12
v2_no_evolution_s9,v2,no_evolution,9,random_regular,100,4,225,173,3.9611112142837297,65,173,0.37572254335260113,93,15
v2_no_evolution_s9,v2,no_evolution,9,random_regular,100,4,226,129,3.5875467249519843,46,129,0.35658914728682173,24,20
v2_no_evolution_s9,v2,no_evolution,9,random_regular,100,4,227,51,2.902002313186603,22,51,0.43137254901960786,78,12
v2_no_evolution_s9,v2,no_evolution,9,random_regular,100,4,228,221,3.970824182975817,75,221,0.3393665158371041,17,97
v2_no_evolution_s9,v2,no_evolution,9,random_regular,100,4,229,139,3.5946076639582905,52,139,0.37410071942446044,51,20
v2_no_evolution_s9,v2,no_evolution,9,random_regular,100,4,230,0,0.0,0,0,,20,20
v2_no_evolution_s9,v2,no_evolution,9,random_regular,100,4,231,143,3.714367693682127,51,143,0.35664335664335667,74,97
v2_no_evolution_s9,v2,no_evolution,9,random_regular,100,4,232,21,2.302585092984045,10,21,0.47619047619047616,51,97
v2_no_evolution_s9,v2,no_evolution,9,random_regular,100,4,233,35,2.3978952727873706,11,35,0.3142857142857143,6,12
v2_no_evolution_s9,v2,no_evolution,9,random_regular,100,4,234,17,1.9459101490483133,7,17,0.4117647058823529,86,20
v2_no_evolution_s9,v2,no_evolution,9,random_regular,100,4,235,63,3.135494215906149,23,63,0.36507936507936506,32,15
v2_no_evolution_s9,v2,no_evolution,9,random_regular,100,4,236,44,2.813355404483615,18,44,0.4090909090909091,60,15
v2_no_evolution_s9,v2,no_evolution,9,random_regular,100,4,237,396,4.553561848164324,151,396,0.3813131313131313,96,15
v2_no_evolution_s9,v2,no_evolution,9,random_regular,100,4,238,35,2.685945324654788,16,35,0.45714285714285713,54,34
v2_no_evolution_s9,v2,no_evolution,9,random_regular,100,4,239,153,3.824162684451831,57,153,0.37254901960784315,87,12
v2_no_evolution_s9,v2,no_evolution,9,random_regular,100,4,240,30,1.791759469222055,6,30,0.2,8,20
v2_no_evolution_s9,v2,no_evolution,9,random_regular,100,4,241,24,2.302585092984045,10,24,0.4166666666666667,74,12
v2_no_evolution_s9,v2,no_evolution,9,random_regular,100,4,242,124,3.768732178429928,51,124,0.4112903225806452,32,34
v2_no_evolution_s9,v2,no_evolution,9,random_regular,100,4,243,0,0.0,0,0,,12,12
v2_no_evolution_s9,v2,no_evolution,9,random_regular,100,4,244,69,2.7804663689216818,21,69,0.30434782608695654,5,15
v2_no_evolution_s9,v2,no_evolution,9,random_regular,100,4,245,89,3.491660437469239,38,89,0.42696629213483145,0,20
v2_no_evolution_s9,v2,no_evolution,9,random_regular,100,4,246,235,4.089759550029431,91,235,0.3872340425531915,14,97
v2_no_evolution_s9,v2,no_evolution,9,random_regular,100,4,247,66,3.0280290732864104,22,66,0.3333333333333333,63,20
v2_no_evolution_s9,v2,no_evolution,9,random_regular,100,4,248,140,3.7026694781446654,47,140,0.3357142857142857,65,15
v2_no_evolution_s9,v2,no_evolution,9,random_regular,100,4,249,31,2.670119889791816,17,31,0.5483870967741935,58,15
v2_no_evolution_s9,v2,no_evolution,9,random_regular,100,4,250,24,1.6094379124291005,5,24,0.20833333333333334,71,20
v2_no_evolution_s9,v2,no_evolution,9,random_regular,100,4,251,280,4.2770289596581375,108,280,0.38571428571428573,95,12
v2_no_evolution_s9,v2,no_evolution,9,random_regular,100,4,252,25,2.253857589591352,12,25,0.48,83,34
v2_no_evolution_s9,v2,no_evolution,9,random_regular,100,4,253,119,3.259909942155856,40,119,0.33613445378151263,31,34
v2_no_evolution_s9,v2,no_evolution,9,random_regular,100,4,254,103,3.2625679455231658,30,103,0.2912621359223301,75,15
v2_no_evolution_s9,v2,no_evolution,9,random_regular,100,4,255,33,2.245035274116177,13,33,0.3939393939393939,45,15
v2_no_evolution_s9,v2,no_evolution,9,random_regular,100,4,256,154,3.844605690754974,52,154,0.33766233766233766,84,97
v2_no_evolution_s9,v2,no_evolution,9,random_regular,100,4,257,2,0.6931471805579453,2,2,1.0,74,34
v2_no_evolution_s9,v2,no_evolution,9,random_regular,100,4,258,128,3.50990454113387,48,128,0.375,11,20
v2_no_evolution_s9,v2,no_evolution,9,random_regular,100,4,259,0,0.0,0,0,,20,20
v2_no_evolution_s9,v2,no_evolution,9,random_regular,100,4,260,85,3.2238860684653137,29,85,0.3411764705882353,61,34
v2_no_evolution_s9,v2,no_evolution,9,random_regular,100,4,261,11,1.3862943611158909,4,11,0.36363636363636365,21,34
v2_no_evolution_s9,v2,no_evolution,9,random_regular,100,4,262,19,1.9061547465328492,8,19,0.42105263157894735,85,97
v2_no_evolution_s9,v2,no_evolution,9,random_regular,100,4,263,81,3.5450107617233355,36,81,0.4444444444444444,45,15
v2_no_evolution_s9,v2,no_evolution,9,random_regular,100,4,264,19,1.791759469222055,6,19,0.3157894736842105,41,34
v2_no_evolution_s9,v2,no_evolution,9,random_regular,100,4,265,58,3.204777524107256,26,58,0.4482758620689655,51,20
v2_no_evolution_s9,v2,no_evolution,9,random_regular,100,4,266,98,3.738230894633928,46,98,0.46938775510204084,18,97
v2_no_evolution_s9,v2,no_evolution,9,random_regular,100,4,267,16,1.9061547465328492,8,16,0.5,38,34
v2_no_evolution_s9,v2,no_evolution,9,random_regular,100,4,268,6,1.0986122886651095,3,6,0.5,27,97
v2_no_evolution_s9,v2,no_evolution,9,random_regular,100,4,269,16,1.0986122886651095,3,16,0.1875,87,34
v2_no_evolution_s9,v2,no_evolution,9,random_regular,100,4,270,337,4.496392996250403,121,337,0.3590504451038576,2,20
v2_no_evolution_s9,v2,no_evolution,9,random_regular,100,4,271,150,3.823096663177728,51,150,0.34,72,97
v2_no_evolution_s9,v2,no_evolution,9,random_regular,100,4,272,75,3.0149468801585937,23,75,0.30666666666666664,3,34
v2_no_evolution_s9,v2,no_evolution,9,random_regular,100,4,273,56,2.902002313186603,22,56,0.39285714285714285,13,15
v2_no_evolution_s9,v2,no_evolution,9,random_regular,100,4,274,14,1.6094379124291005,5,14,0.35714285714285715,53,34
v2_no_evolution_s9,v2,no_evolution,9,random_regular,100,4,275,152,3.612301431510837,51,152,0.3355263157894737,25,34
v2_no_evolution_s9,v2,no_evolution,9,random_regular,100,4,276,42,2.639057329601259,14,42,0.3333333333333333,29,15
v2_no_evolution_s9,v2,no_evolution,9,random_regular,100,4,277,127,3.275453524845912,36,127,0.28346456692913385,59,20
v2_no_evolution_s9,v2,no_evolution,9,random_regular,100,4,278,40,2.6593226976945163,18,40,0.45,21,15
v2_no_evolution_s9,v2,no_evolution,9,random_regular,100,4,279,191,3.945011271398667,65,191,0.3403141361256545,95,12
v2_no_evolution_s9,v2,no_evolution,9,random_regular,100,4,280,8,1.6094379124291005,5,8,0.625,91,12
v2_no_evolution_s9,v2,no_evolution,9,random_regular,100,4,281,7,-1.000088900581841e-12,1,7,0.14285714285714285,40,15
v2_no_evolution_s9,v2,no_evolution,9,random_regular,100,4,282,159,3.68387556732436,58,159,0.36477987421383645,86,20
v2_no_evolution_s9,v2,no_evolution,9,random_regular,100,4,283,281,4.29453524617841,87,281,0.3096085409252669,51,20
v2_no_evolution_s9,v2,no_evolution,9,random_regular,100,4,284,8,1.0986122886651095,3,8,0.375,39,20
v2_no_evolution_s9,v2,no_evolution,9,random_regular,100,4,285,23,2.079441541671836,8,23,0.34782608695652173,25,20
v2_no_evolution_s9,v2,no_evolution,9,random_regular,100,4,286,202,3.959847290635912,71,202,0.35148514851485146,27,97
v2_no_evolution_s9,v2,no_evolution,9,random_regular,100,4,287,63,3.0280290732864104,22,63,0.3492063492063492,29,20
v2_no_evolution_s9,v2,no_evolution,9,random_regular,100,4,288,226,4.178978780324171,78,226,0.34513274336283184,51,97
v2_no_evolution_s9,v2,no_evolution,9,random_regular,100,4,289,61,2.912494403312053,21,61,0.3442622950819672,28,97
v2_no_evolution_s9,v2,no_evolution,9,random_regular,100,4,290,12,1.6094379124291005,5,12,0.4166666666666667,80,15
v2_no_evolution_s9,v2,no_evolution,9,random_regular,100,4,291,92,3.370480801334671,33,92,0.358695652173913,94,97
v2_no_evolution_s9,v2,no_evolution,9,random_regular,100,4,292,19,1.3862943611158909,4,19,0.21052631578947367,66,20
v2_no_evolution_s9,v2,no_evolution,9,random_regular,100,4,293,45,2.857102837424001,20,45,0.4444444444444444,61,97
v2_no_evolution_s9,v2,no_evolution,9,random_regular,100,4,294,25,2.253857589591352,12,25,0.48,78,12
v2_no_evolution_s9,v2,no_evolution,9,random_regular,100,4,295,13,1.5607104090364066,6,13,0.46153846153846156,93,15
v2_no_evolution_s9,v2,no_evolution,9,random_regular,100,4,296,2,0.6931471805579453,2,2,1.0,80,15
v2_no_evolution_s9,v2,no_evolution,9,random_regular,100,4,297,74,3.299829685639092,31,74,0.4189189189189189,26,12
v2_no_evolution_s9,v2,no_evolution,9,random_regular,100,4,298,35,2.369382119683676,12,35,0.34285714285714286,22,15
v2_no_evolution_s9,v2,no_evolution,9,random_regular,100,4,299,107,3.67795722676115,46,107,0.42990654205607476,6,97
v2_no_evolution_s9,v2,no_evolution,9,random_regular,100,4,300,286,4.325168111393709,103,286,0.36013986013986016,38,34
v2_no_evolution_s9,v2,no_evolution,9,random_regular,100,4,301,58,2.5052899909054176,18,58,0.3103448275862069,16,34
v2_no_evolution_s9,v2,no_evolution,9,random_regular,100,4,302,32,2.3978952727873706,11,32,0.34375,39,12
v2_no_evolution_s9,v2,no_evolution,9,random_regular,100,4,303,32,2.523210952939891,15,32,0.46875,51,34
v2_no_evolution_s9,v2,no_evolution,9,random_regular,100,4,304,47,2.7184734013140126,20,47,0.425531914893617,54,12
v2_no_evolution_s9,v2,no_evolution,9,random_regular,100,4,305,72,3.0752205480323718,23,72,0.3194444444444444,5,34
v2_no_evolution_s9,v2,no_evolution,9,random_regular,100,4,306,82,3.3322045101472035,28,82,0.34146341463414637,78,15
v2_no_evolution_s9,v2,no_evolution,9,random_regular,100,4,307,37,2.430791328866232,15,37,0.40540540540540543,38,34
v2_no_evolution_s9,v2,no_evolution,9,random_regular,100,4,308,38,2.5993019270857944,16,38,0.42105263157894735,40,34
v2_no_evolution_s9,v2,no_evolution,9,random_regular,100,4,309,38,2.857102837424001,20,38,0.5263157894736842,26,34
v2_no_evolution_s9,v2,no_evolution,9,random_regular,100,4,310,51,2.894399544411038,23,51,0.45098039215686275,73,15
v2_no_evolution_s9,v2,no_evolution,9,random_regular,100,4,311,115,3.696721308158614,43,115,0.3739130434782609,40,34
v2_no_evolution_s9,v2,no_evolution,9,random_regular,100,4,312,89,3.319492576126754,29,89,0.3258426966292135,25,34
v2_no_evolution_s9,v2,no_evolution,9,random_regular,100,4,313,98,3.480935299911953,40,98,0.40816326530612246,44,15
v2_no_evolution_s9,v2,no_evolution,9,random_regular,100,4,314,67,2.931923292990705,23,67,0.34328358208955223,79,15
v2_no_evolution_s9,v2,no_evolution,9,random_regular,100,4,315,7,0.6931471805579453,2,7,0.2857142857142857,26,97
v2_no_evolution_s9,v2,no_evolution,9,random_regular,100,4,316,59,3.1399967357542797,29,59,0.4915254237288136,67,97
v2_no_evolution_s9,v2,no_evolution,9,random_regular,100,4,317,87,3.4965075614334804,33,87,0.3793103448275862,78,97
v2_no_evolution_s9,v2,no_evolution,9,random_regular,100,4,318,138,3.8056903690225776,55,138,0.39855072463768115,64,34
v2_no_evolution_s9,v2,no_evolution,9,random_regular,100,4,319,10,1.6094379124291005,5,10,0.5,33,12
v2_no_evolution_s9,v2,no_evolution,9,random_regular,100,4,320,56,2.947004770141297,24,56,0.42857142857142855,50,34
v2_no_evolution_s9,v2,no_evolution,9,random_regular,100,4,321,127,3.755676480770567,48,127,0.3779527559055118,50,34
v2_no_evolution_s9,v2,no_evolution,9,random_regular,100,4,322,141,3.679750944731672,50,141,0.3546099290780142,91,97
v2_no_evolution_s9,v2,no_evolution,9,random_regular,100,4,323,15,1.791759469222055,6,15,0.4,24,15
v2_no_evolution_s9,v2,no_evolution,9,random_regular,100,4,324,28,2.484906649776,12,28,0.42857142857142855,37,15
v2_no_evolution_s9,v2,no_evolution,9,random_regular,100,4,325,24,1.798652206245129,11,24,0.4583333333333333,3,15
v2_no_evolution_s9,v2,no_evolution,9,random_regular,100,4,326,30,2.197224577327219,9,30,0.3,70,20
v2_no_evolution_s9,v2,no_evolution,9,random_regular,100,4,327,128,3.679750944731672,50,128,0.390625,96,20
v2_no_evolution_s9,v2,no_evolution,9,random_regular,100,4,328,6,0.6931471805579453,2,6,0.3333333333333333,43,34
v2_no_evolution_s9,v2,no_evolution,9,random_regular,100,4,329,40,2.689178166502139,22,40,0.55,49,12
v2_no_evolution_s9,v2,no_evolution,9,random_regular,100,4,330,13,2.079441541671836,8,13,0.6153846153846154,30,15
v2_no_evolution_s9,v2,no_evolution,9,random_regular,100,4,331,9,1.6094379124291005,5,9,0.5555555555555556,61,15
v2_no_evolution_s9,v2,no_evolution,9,random_regular,100,4,332,70,2.704781470505888,26,70,0.37142857142857144,51,20
v2_no_evolution_s9,v2,no_evolution,9,random_regular,100,4,333,50,2.8903717578781647,18,50,0.36,99,20
v2_no_evolution_s9,v2,no_evolution,9,random_regular,100,4,334,389,4.60904831031633,158,389,0.40616966580976865,84,12
v2_no_evolution_s9,v2,no_evolution,9,random_regular,100,4,335,26,2.079441541671836,8,26,0.3076923076923077,54,12
v2_no_evolution_s9,v2,no_evolution,9,random_regular,100,4,336,163,3.844605690754975,52,163,0.31901840490797545,66,20
v2_no_evolution_s9,v2,no_evolution,9,random_regular,100,4,337,259,4.3576968059890815,101,259,0.38996138996138996,71,12
v2_no_evolution_s9,v2,no_evolution,9,random_regular,100,4,338,65,2.7283523700752608,23,65,0.35384615384615387,0,34
v2_no_evolution_s9,v2,no_evolution,9,random_regular,100,4,339,81,3.176082814634593,29,81,0.35802469135802467,37,34
v2_no_evolution_s9,v2,no_evolution,9,random_regular,100,4,340,4,1.3862943611158909,4,4,1.0,11,20
v2_no_evolution_s9,v2,no_evolution,9,random_regular,100,4,341,289,4.419062074391739,113,289,0.39100346020761245,48,34
v2_no_evolution_s9,v2,no_evolution,9,random_regular,100,4,342,112,3.2994270308815605,36,112,0.32142857142857145,6,12
v2_no_evolution_s9,v2,no_evolution,9,random_regular,100,4,343,51,2.639057329601259,14,51,0.27450980392156865,3,20
v2_no_evolution_s9,v2,no_evolution,9,random_regular,100,4,344,45,2.079441541671836,8,45,0.17777777777777778,88,20
v2_no_evolution_s9,v2,no_evolution,9,random_regular,100,4,345,47,2.76162571218078,20,47,0.425531914893617,95,34
v2_no_evolution_s9,v2,no_evolution,9,random_regular,100,4,346,41,2.3978952727873706,11,41,0.2682926829268293,62,97
v2_no_evolution_s9,v2,no_evolution,9,random_regular,100,4,347,18,0.6931471805579453,2,18,0.1111111111111111,37,34
v2_no_evolution_s9,v2,no_evolution,9,random_regular,100,4,348,227,4.215816824845537,79,227,0.34801762114537443,77,20
v2_no_evolution_s9,v2,no_evolution,9,random_regular,100,4,349,85,3.319419301923096,32,85,0.3764705882352941,17,12
v2_no_evolution_s9,v2,no_evolution,9,random_regular,100,4,350,131,3.41372852038248,45,131,0.3435114503816794,10,20
v2_no_evolution_s9,v2,no_evolution,9,random_regular,100,4,351,19,2.302585092984045,10,19,0.5263157894736842,17,34
v2_no_evolution_s9,v2,no_evolution,9,random_regular,100,4,352,162,3.824465925639189,68,162,0.41975308641975306,70,34
v2_no_evolution_s9,v2,no_evolution,9,random_regular,100,4,353,9,1.6094379124291005,5,9,0.5555555555555556,72,34
v2_no_evolution_s9,v2,no_evolution,9,random_regular,100,4,354,59,2.5126585295168016,16,59,0.2711864406779661,13,34
v2_no_evolution_s9,v2,no_evolution,9,random_regular,100,4,355,11,1.3862943611158909,4,11,0.36363636363636365,46,12
v2_no_evolution_s9,v2,no_evolution,9,random_regular,100,4,356,67,2.557793860093732,17,67,0.2537313432835821,76,15
v2_no_evolution_s9,v2,no_evolution,9,random_regular,100,4,357,199,3.958605681784777,66,199,0.3316582914572864,95,97
v2_no_evolution_s9,v2,no_evolution,9,random_regular,100,4,358,6,1.3862943611158909,4,6,0.6666666666666666,49,15
v2_no_evolution_s9,v2,no_evolution,9,random_regular,100,4,359,21,2.079441541671836,8,21,0.38095238095238093,27,15
v2_no_evolution_s9,v2,no_evolution,9,random_regular,100,4,360,144,3.963935438772188,64,144,0.4444444444444444,64,97
v2_no_evolution_s9,v2,no_evolution,9,random_regular,100,4,361,84,3.485587161020812,34,84,0.40476190476190477,87,34
v2_no_evolution_s9,v2,no_evolution,9,random_regular,100,4,362,32,1.9459101490483133,7,32,0.21875,29,12
v2_no_evolution_s9,v2,no_evolution,9,random_regular,100,4,363,46,2.670119889791817,17,46,0.3695652173913043,1,12
v2_no_evolution_s9,v2,no_evolution,9,random_regular,100,4,364,130,3.619564736019943,40,130,0.3076923076923077,11,12
v2_no_evolution_s9,v2,no_evolution,9,random_regular,100,4,365,18,1.9061547465328492,8,18,0.4444444444444444,0,15
v2_no_evolution_s9,v2,no_evolution,9,random_regular,100,4,366,151,3.8772920412061938,64,151,0.423841059602649,91,15
v2_no_evolution_s9,v2,no_evolution,9,random_regular,100,4,367,59,3.1780538303239454,24,59,0.4067796610169492,92,15
v2_no_evolution_s9,v2,no_evolution,9,random_regular,100,4,368,46,2.685945324654788,16,46,0.34782608695652173,91,12
v2_no_evolution_s9,v2,no_evolution,9,random_regular,100,4,369,78,3.3445488585774434,31,78,0.3974358974358974,84,15
v2_no_evolution_s9,v2,no_evolution,9,random_regular,100,4,370,0,0.0,0,0,,15,15
v2_no_evolution_s9,v2,no_evolution,9,random_regular,100,4,371,76,3.379092505199735,32,76,0.42105263157894735,91,12
v2_no_evolution_s9,v2,no_evolution,9,random_regular,100,4,372,44,2.772588722223781,16,44,0.36363636363636365,95,34
v2_no_evolution_s9,v2,no_evolution,9,random_regular,100,4,373,27,1.9061547465328492,8,27,0.2962962962962963,1,15
v2_no_evolution_s9,v2,no_evolution,9,random_regular,100,4,374,64,3.0149468801585937,23,64,0.359375,5,12
v2_no_evolution_s9,v2,no_evolution,9,random_regular,100,4,375,12,1.7478680974607577,7,12,0.5833333333333334,81,97
v2_no_evolution_s9,v2,no_evolution,9,random_regular,100,4,376,8,1.0986122886651095,3,8,0.375,96,34
v2_no_evolution_s9,v2,no_evolution,9,random_regular,100,4,377,74,3.204777524107256,26,74,0.35135135135135137,94,20
v2_no_evolution_s9,v2,no_evolution,9,random_regular,100,4,378,125,3.7376696182413687,42,125,0.336,75,15
v2_no_evolution_s9,v2,no_evolution,9,random_regular,100,4,379,196,3.958605681784777,66,196,0.336734693877551,6,34
v2_no_evolution_s9,v2,no_evolution,9,random_regular,100,4,380,2,-1.000088900581841e-12,1,2,0.5,28,97
v2_no_evolution_s9,v2,no_evolution,9,random_regular,100,4,381,16,1.7478680974607577,7,16,0.4375,24,34
v2_no_evolution_s9,v2,no_evolution,9,random_regular,100,4,382,88,3.2580965379954825,26,88,0.29545454545454547,29,97
v2_no_evolution_s9,v2,no_evolution,9,random_regular,100,4,383,9,1.791759469222055,6,9,0.6666666666666666,55,12
v2_no_evolution_s9,v2,no_evolution,9,random_regular,100,4,384,234,4.303342685574846,90,234,0.38461538461538464,46,97
v2_no_evolution_s9,v2,no_evolution,9,random_regular,100,4,385,25,2.369382119683676,12,25,0.48,67,12
v2_no_evolution_s9,v2,no_evolution,9,random_regular,100,4,386,25,2.302585092984045,10,25,0.4,88,34
v2_no_evolution_s9,v2,no_evolution,9,random_regular,100,4,387,33,2.302585092984045,10,33,0.30303030303030304,95,34
v2_no_evolution_s9,v2,no_evolution,9,random_regular,100,4,388,78,3.204777524107256,26,78,0.3333333333333333,59,20
v2_no_evolution_s9,v2,no_evolution,9,random_regular,100,4,389,125,3.649743441409532,51,125,0.408,57,15
v2_no_evolution_s9,v2,no_evolution,9,random_regular,100,4,390,0,0.0,0,0,,15,15
v2_no_evolution_s9,v2,no_evolution,9,random_regular,100,4,391,34,2.484906649776,12,34,0.35294117647058826,71,97
v2_no_evolution_s9,v2,no_evolution,9,random_regular,100,4,392,19,1.6094379124291005,5,19,0.2631578947368421,8,20
v2_no_evolution_s9,v2,no_evolution,9,random_regular,100,4,393,58,2.954673212284816,23,58,0.39655172413793105,78,20
v2_no_evolution_s9,v2,no_evolution,9,random_regular,100,4,394,83,3.422414203983732,32,83,0.3855421686746988,45,20
v2_no_evolution_s9,v2,no_evolution,9,random_regular,100,4,395,37,2.813355404483615,18,37,0.4864864864864865,70,20
v2_no_evolution_s9,v2,no_evolution,9,random_regular,100,4,396,24,1.9459101490483133,7,24,0.2916666666666667,0,15
v2_no_evolution_s9,v2,no_evolution,9,random_regular,100,4,397,59,2.902002313186603,22,59,0.3728813559322034,68,34
v2_no_evolution_s9,v2,no_evolution,9,random_regular,100,4,398,23,2.079441541671836,8,23,0.34782608695652173,47,20
v2_no_evolution_s9,v2,no_evolution,9,random_regular,100,4,399,107,3.2551105127007407,31,107,0.2897196261682243,26,20
v2_no_evolution_s9,v2,no_evolution,9,random_regular,100,4,400,0,0.0,0,0,,12,12
v2_no_evolution_s9,v2,no_evolution,9,random_regular,100,4,401,99,3.134162458562648,28,99,0.2828282828282828,75,20
v2_no_evolution_s9,v2,no_evolution,9,random_regular,100,4,402,111,3.3524698782394617,36,111,0.32432432432432434,99,97
v2_no_evolution_s9,v2,no_evolution,9,random_regular,100,4,403,0,0.0,0,0,,15,15
v2_no_evolution_s9,v2,no_evolution,9,random_regular,100,4,404,8,1.3862943611158909,4,8,0.5,65,12
v2_no_evolution_s9,v2,no_evolution,9,random_regular,100,4,405,162,3.916986948035932,56,162,0.345679012345679,64,20
v2_no_evolution_s9,v2,no_evolution,9,random_regular,100,4,406,17,1.5607104090364066,6,17,0.35294117647058826,92,97
v2_no_evolution_s9,v2,no_evolution,9,random_regular,100,4,407,25,2.197224577327219,9,25,0.36,59,97
v2_no_evolution_s9,v2,no_evolution,9,random_regular,100,4,408,18,2.197224577327219,9,18,0.5,87,12
v2_no_evolution_s9,v2,no_evolution,9,random_regular,100,4,409,69,3.1282795608038727,29,69,0.42028985507246375,31,12
v2_no_evolution_s9,v2,no_evolution,9,random_regular,100,4,410,70,3.0280290732864104,22,70,0.3142857142857143,22,20
v2_no_evolution_s9,v2,no_evolution,9,random_regular,100,4,411,2,-1.000088900581841e-12,1,2,0.5,22,12
v2_no_evolution_s9,v2,no_evolution,9,random_regular,100,4,412,49,2.772588722223781,16,49,0.32653061224489793,8,15
v2_no_evolution_s9,v2,no_evolution,9,random_regular,100,4,413,6,-1.000088900581841e-12,1,6,0.16666666666666666,28,97
v2_no_evolution_s9,v2,no_evolution,9,random_regular,100,4,414,21,2.079441541671836,8,21,0.38095238095238093,51,15
v2_no_evolution_s9,v2,no_evolution,9,random_regular,100,4,415,56,2.902002313186603,22,56,0.39285714285714285,29,34
v2_no_evolution_s9,v2,no_evolution,9,random_regular,100,4,416,104,3.309253284695306,38,104,0.36538461538461536,45,97
v2_no_evolution_s9,v2,no_evolution,9,random_regular,100,4,417,221,4.295841083394427,89,221,0.40271493212669685,79,34
v2_no_evolution_s9,v2,no_evolution,9,random_regular,100,4,418,15,1.5607104090364066,6,15,0.4,51,15
v2_no_evolution_s9,v2,no_evolution,9,random_regular,100,4,419,21,1.9459101490483133,7,21,0.3333333333333333,92,34
v2_no_evolution_s9,v2,no_evolution,9,random_regular,100,4,420,33,2.1458417525857545,11,33,0.3333333333333333,17,97
v2_no_evolution_s9,v2,no_evolution,9,random_regular,100,4,421,0,0.0,0,0,,15,15
v2_no_evolution_s9,v2,no_evolution,9,random_regular,100,4,422,123,3.4964601038765166,44,123,0.35772357723577236,90,12
v2_no_evolution_s9,v2,no_evolution,9,random_regular,100,4,423,35,2.685945324654788,16,35,0.45714285714285713,65,34
v2_no_evolution_s9,v2,no_evolution,9,random_regular,100,4,424,25,2.0431918705371204,9,25,0.36,58,15
v2_no_evolution_s9,v2,no_evolution,9,random_regular,100,4,425,354,4.609825192994913,140,354,0.3954802259887006,68,34
v2_no_evolution_s9,v2,no_evolution,9,random_regular,100,4,426,22,1.5498260458732018,7,22,0.3181818181818182,41,34
v2_no_evolution_s9,v2,no_evolution,9,random_regular,100,4,427,1,-1.000088900581841e-12,1,1,1.0,90,97
v2_no_evolution_s9,v2,no_evolution,9,random_regular,100,4,428,77,3.2101676770783283,34,77,0.44155844155844154,10,97
v2_no_evolution_s9,v2,no_evolution,9,random_regular,100,4,429,74,3.062529300232621,24,74,0.32432432432432434,87,12
v2_no_evolution_s9,v2,no_evolution,9,random_regular,100,4,430,47,2.821563807842365,21,47,0.44680851063829785,73,34
v2_no_evolution_s9,v2,no_evolution,9,random_regular,100,4,431,56,2.725550395815721,19,56,0.3392857142857143,91,97
v2_no_evolution_s9,v2,no_evolution,9,random_regular,100,4,432,17,1.0986122886651095,3,17,0.17647058823529413,47,12
v2_no_evolution_s9,v2,no_evolution,9,random_regular,100,4,433,14,1.791759469222055,6,14,0.42857142857142855,9,34
v2_no_evolution_s9,v2,no_evolution,9,random_regular,100,4,434,27,2.302585092984045,10,27,0.37037037037037035,47,15
v2_no_evolution_s9,v2,no_evolution,9,random_regular,100,4,435,15,1.9459101490483133,7,15,0.4666666666666667,99,34
v2_no_evolution_s9,v2,no_evolution,9,random_regular,100,4,436,48,3.0910424533363146,22,48,0.4583333333333333,37,20
v2_no_evolution_s9,v2,no_evolution,9,random_regular,100,4,437,8,1.3862943611158909,4,8,0.5,70,34
v2_no_evolution_s9,v2,no_evolution,9,random_regular,100,4,438,14,1.3321790402061222,5,14,0.35714285714285715,91,15
v2_no_evolution_s9,v2,no_evolution,9,random_regular,100,4,439,40,2.197224577327219,9,40,0.225,6,20
v2_no_evolution_s9,v2,no_evolution,9,random_regular,100,4,440,58,2.7985132569262934,19,58,0.3275862068965517,98,34
v2_no_evolution_s9,v2,no_evolution,9,random_regular,100,4,441,51,2.871476118036867,19,51,0.37254901960784315,82,97
v2_no_evolution_s9,v2,no_evolution,9,random_regular,100,4,442,18,1.834371970274624,10,18,0.5555555555555556,73,15
v2_no_evolution_s9,v2,no_evolution,9,random_regular,100,4,443,2,-1.000088900581841e-12,1,2,0.5,3,15
v2_no_evolution_s9,v2,no_evolution,9,random_regular,100,4,444,0,0.0,0,0,,34,34
v2_no_evolution_s9,v2,no_evolution,9,random_regular,100,4,445,18,2.0431918705371204,9,18,0.5,59,15
v2_no_evolution_s9,v2,no_evolution,9,random_regular,100,4,446,172,3.7482452058925424,54,172,0.313953488372093,13,34
v2_no_evolution_s9,v2,no_evolution,9,random_regular,100,4,447,7,-1.000088900581841e-12,1,7,0.14285714285714285,79,34
v2_no_evolution_s9,v2,no_evolution,9,random_regular,100,4,448,80,3.233183484354926,28,80,0.35,11,97
v2_no_evolution_s9,v2,no_evolution,9,random_regular,100,4,449,128,3.5726345752559063,42,128,0.328125,48,12
v2_no_evolution_s9,v2,no_evolution,9,random_regular,100,4,450,80,3.233183484354926,28,80,0.35,60,20
v2_no_evolution_s9,v2,no_evolution,9,random_regular,100,4,451,79,3.2238860684653137,29,79,0.3670886075949367,74,15
v2_no_evolution_s9,v2,no_evolution,9,random_regular,100,4,452,59,2.947004770141297,24,59,0.4067796610169492,73,34
v2_no_evolution_s9,v2,no_evolution,9,random_regular,100,4,453,24,1.9459101490483133,7,24,0.2916666666666667,39,15
v2_no_evolution_s9,v2,no_evolution,9,random_regular,100,4,454,121,3.485587161020812,34,121,0.2809917355371901,99,97
v2_no_evolution_s9,v2,no_evolution,9,random_regular,100,4,455,0,0.0,0,0,,97,97
v2_no_evolution_s9,v2,no_evolution,9,random_regular,100,4,456,22,2.369382119683676,12,22,0.5454545454545454,52,12
v2_no_evolution_s9,v2,no_evolution,9,random_regular,100,4,457,0,0.0,0,0,,15,15
v2_no_evolution_s9,v2,no_evolution,9,random_regular,100,4,458,68,3.044820482442576,26,68,0.38235294117647056,1,12
v2_no_evolution_s9,v2,no_evolution,9,random_regular,100,4,459,18,1.791759469222055,6,18,0.3333333333333333,68,20
v2_no_evolution_s9,v2,no_evolution,9,random_regular,100,4,460,73,2.8674404991054456,24,73,0.3287671232876712,78,15
v2_no_evolution_s9,v2,no_evolution,9,random_regular,100,4,461,29,2.079441541671836,8,29,0.27586206896551724,18,15
v2_no_evolution_s9,v2,no_evolution,9,random_regular,100,4,462,32,2.1458417525857545,11,32,0.34375,2,12
v2_no_evolution_s9,v2,no_evolution,9,random_regular,100,4,463,3,-1.000088900581841e-12,1,3,0.3333333333333333,8,20
v2_no_evolution_s9,v2,no_evolution,9,random_regular,100,4,464,44,2.7080502010872096,15,44,0.3409090909090909,92,20
v2_no_evolution_s9,v2,no_evolution,9,random_regular,100,4,465,165,3.8337036852970168,59,165,0.3575757575757576,86,97
v2_no_evolution_s9,v2,no_evolution,9,random_regular,100,4,466,37,2.639057329601259,14,37,0.3783783783783784,64,97
v2_no_evolution_s9,v2,no_evolution,9,random_regular,100,4,467,2,-1.000088900581841e-12,1,2,0.5,49,12
v2_no_evolution_s9,v2,no_evolution,9,random_regular,100,4,468,9,-1.000088900581841e-12,1,9,0.1111111111111111,40,15
v2_no_evolution_s9,v2,no_evolution,9,random_regular,100,4,469,2,-1.000088900581841e-12,1,2,0.5,40,15
v2_no_evolution_s9,v2,no_evolution,9,random_regular,100,4,470,266,4.371718162194645,105,266,0.39473684210526316,78,20
v2_no_evolution_s9,v2,no_evolution,9,random_regular,100,4,471,83,3.128724192456989,33,83,0.39759036144578314,26,20
v2_no_evolution_s9,v2,no_evolution,9,random_regular,100,4,472,39,2.3978952727873706,11,39,0.28205128205128205,68,34
v2_no_evolution_s9,v2,no_evolution,9,random_regular,100,4,473,20,1.9459101490483133,7,20,0.35,78,12
v2_no_evolution_s9,v2,no_evolution,9,random_regular,100,4,474,15,1.9459101490483133,7,15,0.4666666666666667,63,97
v2_no_evolution_s9,v2,no_evolution,9,random_regular,100,4,475,2,-1.000088900581841e-12,1,2,0.5,85,20
v2_no_evolution_s9,v2,no_evolution,9,random_regular,100,4,476,60,3.044522437702424,21,60,0.35,51,34
v2_no_evolution_s9,v2,no_evolution,9,random_regular,100,4,477,5,1.0986122886651095,3,5,0.6,25,20
v2_no_evolution_s9,v2,no_evolution,9,random_regular,100,4,478,13,1.6094379124291005,5,13,0.38461538461538464,60,34
v2_no_evolution_s9,v2,no_evolution,9,random_regular,100,4,479,20,1.9459101490483133,7,20,0.35,84,12
v2_no_evolution_s9,v2,no_evolution,9,random_regular,100,4,480,0,0.0,0,0,,12,12
v2_no_evolution_s9,v2,no_evolution,9,random_regular,100,4,481,22,2.079441541671836,8,22,0.36363636363636365,26,97
v2_no_evolution_s9,v2,no_evolution,9,random_regular,100,4,482,92,3.5734504974428223,37,92,0.40217391304347827,36,15
v2_no_evolution_s9,v2,no_evolution,9,random_regular,100,4,483,99,3.335770806415738,32,99,0.32323232323232326,66,97
v2_no_evolution_s9,v2,no_evolution,9,random_regular,100,4,484,67,2.954673212284816,23,67,0.34328358208955223,62,97
v2_no_evolution_s9,v2,no_evolution,9,random_regular,100,4,485,42,2.7080502010872096,15,42,0.35714285714285715,22,20
v2_no_evolution_s9,v2,no_evolution,9,random_regular,100,4,486,25,1.6094379124291005,5,25,0.2,68,20
v2_no_evolution_s9,v2,no_evolution,9,random_regular,100,4,487,132,3.606308599241319,46,132,0.3484848484848485,36,20
v2_no_evolution_s9,v2,no_evolution,9,random_regular,100,4,488,82,3.363267070336762,34,82,0.4146341463414634,10,97
v2_no_evolution_s9,v2,no_evolution,9,random_regular,100,4,489,21,2.079441541671836,8,21,0.38095238095238093,64,20
v2_no_evolution_s9,v2,no_evolution,9,random_regular,100,4,490,36,2.0253262207620675,10,36,0.2777777777777778,1,15
v2_no_evolution_s9,v2,no_evolution,9,random_regular,100,4,491,81,3.3345041647330413,37,81,0.4567901234567901,56,97
v2_no_evolution_s9,v2,no_evolution,9,random_regular,100,4,492,45,3.0280290732864104,22,45,0.4888888888888889,66,15
v2_no_evolution_s9,v2,no_evolution,9,random_regular,100,4,493,4,1.0986122886651095,3,4,0.75,63,97
v2_no_evolution_s9,v2,no_evolution,9,random_regular,100,4,494,146,3.897125545560404,57,146,0.3904109589041096,92,34
v2_no_evolution_s9,v2,no_evolution,9,random_regular,100,4,495,4,0.6931471805579453,2,4,0.5,45,34
v2_no_evolution_s9,v2,no_evolution,9,random_regular,100,4,496,23,2.302585092984045,10,23,0.43478260869565216,38,15
v2_no_evolution_s9,v2,no_evolution,9,random_regular,100,4,497,50,2.902002313186603,22,50,0.44,62,12
v2_no_evolution_s9,v2,no_evolution,9,random_regular,100,4,498,78,3.3322045101472035,28,78,0.358974358974359,29,15
v2_no_evolution_s9,v2,no_evolution,9,random_regular,100,4,499,19,2.484906649776,12,19,0.631578947368421,36,34
v2_no_evolution_s9,v2,no_evolution,9,random_regular,100,4,500,137,3.839509426606019,53,137,0.38686131386861317,5,12
v2_no_evolution_s9,v2,no_evolution,9,random_regular,100,4,501,6,1.0986122886651095,3,6,0.5,99,12
v2_no_evolution_s9,v2,no_evolution,9,random_regular,100,4,502,67,3.319492576126754,29,67,0.43283582089552236,92,34
v2_no_evolution_s9,v2,no_evolution,9,random_regular,100,4,503,54,2.7804663689216818,21,54,0.3888888888888889,77,12
v2_no_evolution_s9,v2,no_evolution,9,random_regular,100,4,504,7,1.0986122886651095,3,7,0.42857142857142855,10,12
v2_no_evolution_s9,v2,no_evolution,9,random_regular,100,4,505,0,0.0,0,0,,15,15
v2_no_evolution_s9,v2,no_evolution,9,random_regular,100,4,506,0,0.0,0,0,,34,34
v2_no_evolution_s9,v2,no_evolution,9,random_regular,100,4,507,212,4.299567151424837,90,212,0.42452830188679247,50,12
v2_no_evolution_s9,v2,no_evolution,9,random_regular,100,4,508,9,1.6094379124291005,5,9,0.5555555555555556,83,12
v2_no_evolution_s9,v2,no_evolution,9,random_regular,100,4,509,15,1.9459101490483133,7,15,0.4666666666666667,73,97
v2_no_evolution_s9,v2,no_evolution,9,random_regular,100,4,510,0,0.0,0,0,,20,20
v2_no_evolution_s9,v2,no_evolution,9,random_regular,100,4,511,76,2.9977665653586163,28,76,0.3684210526315789,91,12
v2_no_evolution_s9,v2,no_evolution,9,random_regular,100,4,512,24,1.9459101490483133,7,24,0.2916666666666667,83,20
v2_no_evolution_s9,v2,no_evolution,9,random_regular,100,4,513,64,2.61563057701355,15,64,0.234375,55,20
v2_no_evolution_s9,v2,no_evolution,9,random_regular,100,4,514,42,2.3516733018936304,13,42,0.30952380952380953,42,34
v2_no_evolution_s9,v2,no_evolution,9,random_regular,100,4,515,5,1.0986122886651095,3,5,0.6,28,97
v2_no_evolution_s9,v2,no_evolution,9,random_regular,100,4,516,50,2.7804663689216818,21,50,0.42,71,20
v2_no_evolution_s9,v2,no_evolution,9,random_regular,100,4,517,10,1.6094379124291005,5,10,0.5,55,20
v2_no_evolution_s9,v2,no_evolution,9,random_regular,100,4,518,47,2.9785084205072385,21,47,0.44680851063829785,26,34
v2_no_evolution_s9,v2,no_evolution,9,random_regular,100,4,519,276,4.278088468014762,97,276,0.35144927536231885,95,97
v2_no_evolution_s9,v2,no_evolution,9,random_regular,100,4,520,80,3.193512367382888,31,80,0.3875,77,97
v2_no_evolution_s9,v2,no_evolution,9,random_regular,100,4,521,225,4.262946741804567,90,225,0.4,48,12
v2_no_evolution_s9,v2,no_evolution,9,random_regular,100,4,522,97,3.5734504974428223,37,97,0.38144329896907214,78,20
v2_no_evolution_s9,v2,no_evolution,9,random_regular,100,4,523,17,1.3862943611158909,4,17,0.23529411764705882,8,97
v2_no_evolution_s9,v2,no_evolution,9,random_regular,100,4,524,119,3.5624211008718856,47,119,0.3949579831932773,77,20
v2_no_evolution_s9,v2,no_evolution,9,random_regular,100,4,525,78,3.3445488585774434,31,78,0.3974358974358974,68,12
v2_no_evolution_s9,v2,no_evolution,9,random_regular,100,4,526,18,1.9459101490483133,7,18,0.3888888888888889,10,12
v2_no_evolution_s9,v2,no_evolution,9,random_regular,100,4,527,56,2.5232109529398907,15,56,0.26785714285714285,81,34
v2_no_evolution_s9,v2,no_evolution,9,random_regular,100,4,528,61,3.134162458562648,28,61,0.45901639344262296,93,34
v2_no_evolution_s9,v2,no_evolution,9,random_regular,100,4,529,147,3.673173853440987,47,147,0.3197278911564626,42,12
v2_no_evolution_s9,v2,no_evolution,9,random_regular,100,4,530,57,3.10797227595561,25,57,0.43859649122807015,83,12
v2_no_evolution_s9,v2,no_evolution,9,random_regular,100,4,531,17,2.197224577327219,9,17,0.5294117647058824,81,34
v2_no_evolution_s9,v2,no_evolution,9,random_regular,100,4,532,6,1.3862943611158909,4,6,0.6666666666666666,47,12
v2_no_evolution_s9,v2,no_evolution,9,random_regular,100,4,533,331,4.458573288328628,115,331,0.3474320241691843,82,97
v2_no_evolution_s9,v2,no_evolution,9,random_regular,100,4,534,35,2.0947290475186486,12,35,0.34285714285714286,77,34
v2_no_evolution_s9,v2,no_evolution,9,random_regular,100,4,535,6,0.6931471805579453,2,6,0.3333333333333333,54,97
v2_no_evolution_s9,v2,no_evolution,9,random_regular,100,4,536,96,3.467994408329786,36,96,0.375,31,15
v2_no_evolution_s9,v2,no_evolution,9,random_regular,100,4,537,21,2.484906649776,12,21,0.5714285714285714,81,12
v2_no_evolution_s9,v2,no_evolution,9,random_regular,100,4,538,15,1.791759469222055,6,15,0.4,68,12
v2_no_evolution_s9,v2,no_evolution,9,random_regular,100,4,539,29,1.9459101490483133,7,29,0.2413793103448276,27,97
v2_no_evolution_s9,v2,no_evolution,9,random_regular,100,4,540,78,3.328471881301735,33,78,0.4230769230769231,48,97
v2_no_evolution_s9,v2,no_evolution,9,random_regular,100,4,541,63,2.6885678424953974,28,63,0.4444444444444444,1,34
v2_no_evolution_s9,v2,no_evolution,9,random_regular,100,4,542,29,2.484906649776,12,29,0.41379310344827586,5,20
v2_no_evolution_s9,v2,no_evolution,9,random_regular,100,4,543,20,1.6094379124291005,5,20,0.25,87,12
v2_no_evolution_s9,v2,no_evolution,9,random_regular,100,4,544,54,2.912494403312053,21,54,0.3888888888888889,51,20
v2_no_evolution_s9,v2,no_evolution,9,random_regular,100,4,545,49,2.752191546552043,22,49,0.4489795918367347,63,34
v2_no_evolution_s9,v2,no_evolution,9,random_regular,100,4,546,73,3.047277078254756,28,73,0.3835616438356164,10,34
v2_no_evolution_s9,v2,no_evolution,9,random_regular,100,4,547,2,-1.000088900581841e-12,1,2,0.5,41,34
v2_no_evolution_s9,v2,no_evolution,9,random_regular,100,4,548,1,-1.000088900581841e-12,1,1,1.0,28,97
v2_no_evolution_s9,v2,no_evolution,9,random_regular,100,4,549,14,1.6094379124291005,5,14,0.35714285714285715,67,34
v2_no_evolution_s9,v2,no_evolution,9,random_regular,100,4,550,107,3.370480801334671,33,107,0.308411214953271,28,97
v2_no_evolution_s9,v2,no_evolution,9,random_regular,100,4,551,20,2.61563057701355,15,20,0.75,78,34
v2_no_evolution_s9,v2,no_evolution,9,random_regular,100,4,552,22,2.302585092984045,10,22,0.45454545454545453,13,12
v2_no_evolution_s9,v2,no_evolution,9,random_regular,100,4,553,114,3.467994408329786,36,114,0.3157894736842105,99,15
v2_no_evolution_s9,v2,no_evolution,9,random_regular,100,4,554,3,0.6931471805579453,2,3,0.6666666666666666,63,12
v2_no_evolution_s9,v2,no_evolution,9,random_regular,100,4,555,47,2.685945324654788,16,47,0.3404255319148936,55,20
v2_no_evolution_s9,v2,no_evolution,9,random_regular,100,4,556,4,0.6931471805579453,2,4,0.5,45,34
v2_no_evolution_s9,v2,no_evolution,9,random_regular,100,4,557,11,1.791759469222055,6,11,0.5454545454545454,9,12
v2_no_evolution_s9,v2,no_evolution,9,random_regular,100,4,558,4,0.6931471805579453,2,4,0.5,2,20
v2_no_evolution_s9,v2,no_evolution,9,random_regular,100,4,559,25,2.079441541671836,8,25,0.32,70,97
v2_no_evolution_s9,v2,no_evolution,9,random_regular,100,4,560,28,1.791759469222055,6,28,0.21428571428571427,52,15
v2_no_evolution_s9,v2,no_evolution,9,random_regular,100,4,561,31,2.4583113296710835,13,31,0.41935483870967744,99,34
v2_no_evolution_s9,v2,no_evolution,9,random_regular,100,4,562,153,3.793210665798084,56,153,0.3660130718954248,45,34
v2_no_evolution_s9,v2,no_evolution,9,random_regular,100,4,563,27,1.4941751382843085,8,27,0.2962962962962963,93,20
v2_no_evolution_s9,v2,no_evolution,9,random_regular,100,4,564,11,1.6094379124291005,5,11,0.45454545454545453,99,97
v2_no_evolution_s9,v2,no_evolution,9,random_regular,100,4,565,45,2.3947004058463333,17,45,0.37777777777777777,68,12
v2_no_evolution_s9,v2,no_evolution,9,random_regular,100,4,566,55,2.625048158717539,19,55,0.34545454545454546,17,15
v2_no_evolution_s9,v2,no_evolution,9,random_regular,100,4,567,3,0.6931471805579453,2,3,0.6666666666666666,26,34
v2_no_evolution_s9,v2,no_evolution,9,random_regular,100,4,568,1,-1.000088900581841e-12,1,1,1.0,33,12
v2_no_evolution_s9,v2,no_evolution,9,random_regular,100,4,569,25,1.834371970274624,10,25,0.4,63,12
v2_no_evolution_s9,v2,no_evolution,9,random_regular,100,4,570,47,2.5823063442999667,18,47,0.3829787234042553,30,15
v2_no_evolution_s9,v2,no_evolution,9,random_regular,100,4,571,15,1.6094379124291005,5,15,0.3333333333333333,31,12
v2_no_evolution_s9,v2,no_evolution,9,random_regular,100,4,572,69,3.3445488585774434,31,69,0.4492753623188406,93,97
v2_no_evolution_s9,v2,no_evolution,9,random_regular,100,4,573,38,2.588573162668117,17,38,0.4473684210526316,69,34
v2_no_evolution_s9,v2,no_evolution,9,random_regular,100,4,574,31,2.772588722223781,16,31,0.5161290322580645,14,15
v2_no_evolution_s9,v2,no_evolution,9,random_regular,100,4,575,16,1.3862943611158909,4,16,0.25,93,12
v2_no_evolution_s9,v2,no_evolution,9,random_regular,100,4,576,4,1.0986122886651095,3,4,0.75,64,20
v2_no_evolution_s9,v2,no_evolution,9,random_regular,100,4,577,0,0.0,0,0,,97,97
v2_no_evolution_s9,v2,no_evolution,9,random_regular,100,4,578,43,2.772588722223781,16,43,0.37209302325581395,49,20
v2_no_evolution_s9,v2,no_evolution,9,random_regular,100,4,579,89,3.3071040554882205,34,89,0.38202247191011235,28,20
v2_no_evolution_s9,v2,no_evolution,9,random_regular,100,4,580,25,2.0431918705371204,9,25,0.36,18,12
v2_no_evolution_s9,v2,no_evolution,9,random_regular,100,4,581,35,2.5993019270857944,16,35,0.45714285714285713,10,34
v2_no_evolution_s9,v2,no_evolution,9,random_regular,100,4,582,176,3.91243798774187,64,176,0.36363636363636365,77,97
v2_no_evolution_s9,v2,no_evolution,9,random_regular,100,4,583,2,-1.000088900581841e-12,1,2,0.5,49,12
v2_no_evolution_s9,v2,no_evolution,9,random_regular,100,4,584,0,0.0,0,0,,20,20
v2_no_evolution_s9,v2,no_evolution,9,random_regular,100,4,585,75,3.319492576126754,29,75,0.38666666666666666,55,12
v2_no_evolution_s9,v2,no_evolution,9,random_regular,100,4,586,127,3.71424286565366,45,127,0.3543307086614173,91,12
v2_no_evolution_s9,v2,no_evolution,9,random_regular,100,4,587,20,2.302585092984045,10,20,0.5,31,20
v2_no_evolution_s9,v2,no_evolution,9,random_regular,100,4,588,48,3.0280290732864104,22,48,0.4583333333333333,71,97
v2_no_evolution_s9,v2,no_evolution,9,random_regular,100,4,589,77,3.3445488585774434,31,77,0.4025974025974026,71,20
v2_no_evolution_s9,v2,no_evolution,9,random_regular,100,4,590,115,3.5646232985788124,38,115,0.33043478260869563,69,20
v2_no_evolution_s9,v2,no_evolution,9,random_regular,100,4,591,57,2.441015278014703,14,57,0.24561403508771928,11,20
v2_no_evolution_s9,v2,no_evolution,9,random_regular,100,4,592,19,1.9459101490483133,7,19,0.3684210526315789,25,12
v2_no_evolution_s9,v2,no_evolution,9,random_regular,100,4,593,31,2.302585092984045,10,31,0.3225806451612903,53,12
v2_no_evolution_s9,v2,no_evolution,9,random_regular,100,4,594,63,3.2580965379954825,26,63,0.4126984126984127,6,20
v2_no_evolution_s9,v2,no_evolution,9,random_regular,100,4,595,175,3.881028454734596,65,175,0.37142857142857144,33,15
v2_no_evolution_s9,v2,no_evolution,9,random_regular,100,4,596,9,1.3862943611158909,4,9,0.4444444444444444,81,12
v2_no_evolution_s9,v2,no_evolution,9,random_regular,100,4,597,133,3.844605690754975,52,133,0.39097744360902253,8,15
v2_no_evolution_s9,v2,no_evolution,9,random_regular,100,4,598,109,3.652629782939221,45,109,0.41284403669724773,77,20
v2_no_evolution_s9,v2,no_evolution,9,random_regular,100,4,599,33,2.2718685126865625,11,33,0.3333333333333333,30,34
v2_no_evolution_s9,v2,no_evolution,9,random_regular,100,4,600,93,3.422414203983732,32,93,0.34408602150537637,30,20
v2_no_evolution_s9,v2,no_evolution,9,random_regular,100,4,601,19,1.8891591637470213,9,19,0.47368421052631576,96,20
v2_no_evolution_s9,v2,no_evolution,9,random_regular,100,4,602,240,4.208739839463895,80,240,0.3333333333333333,27,20
v2_no_evolution_s9,v2,no_evolution,9,random_regular,100,4,603,17,1.5607104090364068,6,17,0.35294117647058826,75,15
v2_no_evolution_s9,v2,no_evolution,9,random_regular,100,4,604,92,3.4365228305042805,35,92,0.3804347826086957,18,20
v2_no_evolution_s9,v2,no_evolution,9,random_regular,100,4,605,83,3.271689322296034,29,83,0.3493975903614458,83,20
v2_no_evolution_s9,v2,no_evolution,9,random_regular,100,4,606,199,3.836833185432552,73,199,0.36683417085427134,6,34
v2_no_evolution_s9,v2,no_evolution,9,random_regular,100,4,607,412,4.5820518080189325,156,412,0.3786407766990291,72,20
v2_no_evolution_s9,v2,no_evolution,9,random_regular,100,4,608,2,0.6931471805579453,2,2,1.0,69,12
v2_no_evolution_s9,v2,no_evolution,9,random_regular,100,4,609,75,3.120291565278284,24,75,0.32,58,20
v2_no_evolution_s9,v2,no_evolution,9,random_regular,100,4,610,24,2.484906649776,12,24,0.5,29,34
v2_no_evolution_s9,v2,no_evolution,9,random_regular,100,4,611,12,1.6094379124291005,5,12,0.4166666666666667,21,20
v2_no_evolution_s9,v2,no_evolution,9,random_regular,100,4,612,4,1.0986122886651095,3,4,0.75,41,34
v2_no_evolution_s9,v2,no_evolution,9,random_regular,100,4,613,126,3.4444386020561715,47,126,0.373015873015873,38,20
v2_no_evolution_s9,v2,no_evolution,9,random_regular,100,4,614,15,1.6094379124291005,5,15,0.3333333333333333,63,97
v2_no_evolution_s9,v2,no_evolution,9,random_regular,100,4,615,43,2.772588722223781,16,43,0.37209302325581395,59,15
v2_no_evolution_s9,v2,no_evolution,9,random_regular,100,4,616,162,3.921446499263261,57,162,0.35185185185185186,38,12
v2_no_evolution_s9,v2,no_evolution,9,random_regular,100,4,617,283,4.364267663077063,100,283,0.35335689045936397,1,12
v2_no_evolution_s9,v2,no_evolution,9,random_regular,100,4,618,22,2.197224577327219,9,22,0.4090909090909091,29,20
v2_no_evolution_s9,v2,no_evolution,9,random_regular,100,4,619,11,1.791759469222055,6,11,0.5454545454545454,48,34
v2_no_evolution_s9,v2,no_evolution,9,random_regular,100,4,620,34,2.302585092984045,10,34,0.29411764705882354,51,20
v2_no_evolution_s9,v2,no_evolution,9,random_regular,100,4,621,48,2.5649493574485365,13,48,0.2708333333333333,95,15
v2_no_evolution_s9,v2,no_evolution,9,random_regular,100,4,622,46,2.1458417525857545,11,46,0.2391304347826087,25,15
v2_no_evolution_s9,v2,no_evolution,9,random_regular,100,4,623,24,2.0253262207620675,10,24,0.4166666666666667,3,20
v2_no_evolution_s9,v2,no_evolution,9,random_regular,100,4,624,93,3.5734504974428223,37,93,0.3978494623655914,29,15
v2_no_evolution_s9,v2,no_evolution,9,random_regular,100,4,625,77,3.389268031515795,31,77,0.4025974025974026,78,12
v2_no_evolution_s9,v2,no_evolution,9,random_regular,100,4,626,36,2.813355404483615,18,36,0.5,62,12
v2_no_evolution_s9,v2,no_evolution,9,random_regular,100,4,627,31,2.685945324654788,16,31,0.5161290322580645,64,97
v2_no_evolution_s9,v2,no_evolution,9,random_regular,100,4,628,167,3.813352929227399,53,167,0.31736526946107785,22,12
v2_no_evolution_s9,v2,no_evolution,9,random_regular,100,4,629,128,3.5387856736562013,48,128,0.375,14,20
v2_no_evolution_s9,v2,no_evolution,9,random_regular,100,4,630,97,3.1514585102190296,26,97,0.26804123711340205,83,34
v2_no_evolution_s9,v2,no_evolution,9,random_regular,100,4,631,7,1.3862943611158909,4,7,0.5714285714285714,3,15
v2_no_evolution_s9,v2,no_evolution,9,random_regular,100,4,632,11,1.0986122886651095,3,11,0.2727272727272727,96,34
v2_no_evolution_s9,v2,no_evolution,9,random_regular,100,4,633,4,-1.000088900581841e-12,1,4,0.25,8,20
v2_no_evolution_s9,v2,no_evolution,9,random_regular,100,4,634,272,4.298973685822094,105,272,0.3860294117647059,79,15
v2_no_evolution_s9,v2,no_evolution,9,random_regular,100,4,635,110,3.5317496288789423,41,110,0.37272727272727274,36,34
v2_no_evolution_s9,v2,no_evolution,9,random_regular,100,4,636,20,2.079441541671836,8,20,0.4,41,97
v2_no_evolution_s9,v2,no_evolution,9,random_regular,100,4,637,62,2.6593226976945163,18,62,0.2903225806451613,70,12
v2_no_evolution_s9,v2,no_evolution,9,random_regular,100,4,638,3,1.0986122886651095,3,3,1.0,57,97
v2_no_evolution_s9,v2,no_evolution,9,random_regular,100,4,639,214,4.089648579056727,82,214,0.38317757009345793,17,12
v2_no_evolution_s9,v2,no_evolution,9,random_regular,100,4,640,161,3.958605681784777,66,161,0.40993788819875776,17,20
v2_no_evolution_s9,v2,no_evolution,9,random_regular,100,4,641,72,3.044390228092839,29,72,0.4027777777777778,18,20
v2_no_evolution_s9,v2,no_evolution,9,random_regular,100,4,642,1,-1.000088900581841e-12,1,1,1.0,23,97
v2_no_evolution_s9,v2,no_evolution,9,random_regular,100,4,643,5,0.6931471805579453,2,5,0.4,91,97
v2_no_evolution_s9,v2,no_evolution,9,random_regular,100,4,644,17,1.791759469222055,6,17,0.35294117647058826,24,12
v2_no_evolution_s9,v2,no_evolution,9,random_regular,100,4,645,15,1.8866967846510787,10,15,0.6666666666666666,6,20
v2_no_evolution_s9,v2,no_evolution,9,random_regular,100,4,646,7,1.3862943611158909,4,7,0.5714285714285714,68,97
v2_no_evolution_s9,v2,no_evolution,9,random_regular,100,4,647,6,1.3862943611158909,4,6,0.6666666666666666,90,97
v2_no_evolution_s9,v2,no_evolution,9,random_regular,100,4,648,4,0.6931471805579453,2,4,0.5,45,34
v2_no_evolution_s9,v2,no_evolution,9,random_regular,100,4,649,232,4.221777333600579,89,232,0.38362068965517243,66,97
v2_no_evolution_s9,v2,no_evolution,9,random_regular,100,4,650,261,4.419546060292692,105,261,0.40229885057471265,50,34
v2_no_evolution_s9,v2,no_evolution,9,random_regular,100,4,651,23,2.079441541671836,8,23,0.34782608695652173,19,97
v2_no_evolution_s9,v2,no_evolution,9,random_regular,100,4,652,38,2.7985132569262934,19,38,0.5,33,12
v2_no_evolution_s9,v2,no_evolution,9,random_regular,100,4,653,55,2.7985132569262934,19,55,0.34545454545454546,1,97
v2_no_evolution_s9,v2,no_evolution,9,random_regular,100,4,654,275,4.269191084331688,97,275,0.3527272727272727,64,20
v2_no_evolution_s9,v2,no_evolution,9,random_regular,100,4,655,199,3.9847585974602113,66,199,0.3316582914572864,10,15
v2_no_evolution_s9,v2,no_evolution,9,random_regular,100,4,656,4,-1.000088900581841e-12,1,4,0.25,85,20
v2_no_evolution_s9,v2,no_evolution,9,random_regular,100,4,657,182,3.96483650282898,58,182,0.31868131868131866,44,20
v2_no_evolution_s9,v2,no_evolution,9,random_regular,100,4,658,52,2.653304872913927,23,52,0.4423076923076923,28,97
v2_no_evolution_s9,v2,no_evolution,9,random_regular,100,4,659,188,4.076800932646884,68,188,0.3617021276595745,25,34
v2_no_evolution_s9,v2,no_evolution,9,random_regular,100,4,660,27,2.197224577327219,9,27,0.3333333333333333,18,97
v2_no_evolution_s9,v2,no_evolution,9,random_regular,100,4,661,5,-1.000088900581841e-12,1,5,0.2,28,97
v2_no_evolution_s9,v2,no_evolution,9,random_regular,100,4,662,25,2.484906649776,12,25,0.48,35,20
v2_no_evolution_s9,v2,no_evolution,9,random_regular,100,4,663,171,3.758601555662892,67,171,0.391812865497076,21,34
v2_no_evolution_s9,v2,no_evolution,9,random_regular,100,4,664,0,0.0,0,0,,34,34
v2_no_evolution_s9,v2,no_evolution,9,random_regular,100,4,665,160,4.011106691942162,63,160,0.39375,64,12
v2_no_evolution_s9,v2,no_evolution,9,random_regular,100,4,666,62,2.690828621495594,23,62,0.3709677419354839,17,12
v2_no_evolution_s9,v2,no_evolution,9,random_regular,100,4,667,68,2.5275191508275685,20,68,0.29411764705882354,28,20
v2_no_evolution_s9,v2,no_evolution,9,random_regular,100,4,668,34,2.3978952727873706,11,34,0.3235294117647059,99,15
v2_no_evolution_s9,v2,no_evolution,9,random_regular,100,4,669,130,3.806662489725319,45,130,0.34615384615384615,57,12
v2_no_evolution_s9,v2,no_evolution,9,random_regular,100,4,670,0,0.0,0,0,,34,34
v2_no_evolution_s9,v2,no_evolution,9,random_regular,100,4,671,139,3.6063085992413177,46,139,0.33093525179856115,92,20
v2_no_evolution_s9,v2,no_evolution,9,random_regular,100,4,672,27,2.3978952727873706,11,27,0.4074074074074074,28,20
v2_no_evolution_s9,v2,no_evolution,9,random_regular,100,4,673,0,0.0,0,0,,15,15
v2_no_evolution_s9,v2,no_evolution,9,random_regular,100,4,674,4,1.0986122886651095,3,4,0.75,87,20
v2_no_evolution_s9,v2,no_evolution,9,random_regular,100,4,675,35,2.7080502010872096,15,35,0.42857142857142855,28,15
v2_no_evolution_s9,v2,no_evolution,9,random_regular,100,4,676,194,4.204892189183811,79,194,0.4072164948453608,35,97
v2_no_evolution_s9,v2,no_evolution,9,random_regular,100,4,677,99,3.259002166145715,38,99,0.3838383838383838,42,15
v2_no_evolution_s9,v2,no_evolution,9,random_regular,100,4,678,9,1.7478680974607577,7,9,0.7777777777777778,0,20
v2_no_evolution_s9,v2,no_evolution,9,random_regular,100,4,679,30,2.302585092984045,10,30,0.3333333333333333,81,12
v2_no_evolution_s9,v2,no_evolution,9,random_regular,100,4,680,11,1.0986122886651095,3,11,0.2727272727272727,87,12
v2_no_evolution_s9,v2,no_evolution,9,random_regular,100,4,681,37,2.7080502010872096,15,37,0.40540540540540543,74,15
v2_no_evolution_s9,v2,no_evolution,9,random_regular,100,4,682,163,3.7610399344701584,53,163,0.32515337423312884,28,97
v2_no_evolution_s9,v2,no_evolution,9,random_regular,100,4,683,108,3.5359830822784195,37,108,0.3425925925925926,9,34
v2_no_evolution_s9,v2,no_evolution,9,random_regular,100,4,684,40,2.3419942522214248,14,40,0.35,94,34
v2_no_evolution_s9,v2,no_evolution,9,random_regular,100,4,685,10,1.3862943611158909,4,10,0.4,35,34
v2_no_evolution_s9,v2,no_evolution,9,random_regular,100,4,686,66,2.931923292990705,23,66,0.3484848484848485,63,34
v2_no_evolution_s9,v2,no_evolution,9,random_regular,100,4,687,56,2.7283523700752608,23,56,0.4107142857142857,95,15
v2_no_evolution_s9,v2,no_evolution,9,random_regular,100,4,688,50,2.926417555478996,20,50,0.4,31,20
v2_no_evolution_s9,v2,no_evolution,9,random_regular,100,4,689,0,0.0,0,0,,20,20
v2_no_evolution_s9,v2,no_evolution,9,random_regular,100,4,690,18,1.5607104090364066,6,18,0.3333333333333333,96,97
v2_no_evolution_s9,v2,no_evolution,9,random_regular,100,4,691,12,1.0986122886651095,3,12,0.25,61,15
v2_no_evolution_s9,v2,no_evolution,9,random_regular,100,4,692,10,1.3862943611158909,4,10,0.4,49,15
v2_no_evolution_s9,v2,no_evolution,9,random_regular,100,4,693,219,4.135463160939116,81,219,0.3698630136986301,73,12
v2_no_evolution_s9,v2,no_evolution,9,random_regular,100,4,694,18,1.9459101490483133,7,18,0.3888888888888889,31,15
v2_no_evolution_s9,v2,no_evolution,9,random_regular,100,4,695,8,0.6931471805579453,2,8,0.25,4,34
v2_no_evolution_s9,v2,no_evolution,9,random_regular,100,4,696,92,3.2451263407310145,30,92,0.32608695652173914,62,20
v2_no_evolution_s9,v2,no_evolution,9,random_regular,100,4,697,5,1.0986122886651095,3,5,0.6,88,15
v2_no_evolution_s9,v2,no_evolution,9,random_regular,100,4,698,167,4.129670011032225,70,167,0.41916167664670656,16,20
v2_no_evolution_s9,v2,no_evolution,9,random_regular,100,4,699,11,1.6094379124291005,5,11,0.45454545454545453,87,97
v2_no_evolution_s9,v2,no_evolution,9,random_regular,100,4,700,240,4.032549417754335,82,240,0.3416666666666667,72,34
v2_no_evolution_s9,v2,no_evolution,9,random_regular,100,4,701,205,3.913817215234056,66,205,0.32195121951219513,5,97
v2_no_evolution_s9,v2,no_evolution,9,random_regular,100,4,702,63,2.8652352524298457,25,63,0.3968253968253968,42,12
v2_no_evolution_s9,v2,no_evolution,9,random_regular,100,4,703,11,1.6094379124291005,5,11,0.45454545454545453,23,97
v2_no_evolution_s9,v2,no_evolution,9,random_regular,100,4,704,90,3.2631392422727337,35,90,0.3888888888888889,43,97
v2_no_evolution_s9,v2,no_evolution,9,random_regular,100,4,705,19,2.302585092984045,10,19,0.5263157894736842,39,34
v2_no_evolution_s9,v2,no_evolution,9,random_regular,100,4,706,9,1.0986122886651095,3,9,0.3333333333333333,30,34
v2_no_evolution_s9,v2,no_evolution,9,random_regular,100,4,707,191,3.9857594579118167,77,191,0.4031413612565445,73,12
v2_no_evolution_s9,v2,no_evolution,9,random_regular,100,4,708,0,0.0,0,0,,12,12
v2_no_evolution_s9,v2,no_evolution,9,random_regular,100,4,709,86,3.271689322296034,29,86,0.3372093023255814,73,97
v2_no_evolution_s9,v2,no_evolution,9,random_regular,100,4,710,256,4.212963475531935,102,256,0.3984375,24,97
v2_no_evolution_s9,v2,no_evolution,9,random_regular,100,4,711,210,4.202008699440402,85,210,0.40476190476190477,16,34
v2_no_evolution_s9,v2,no_evolution,9,random_regular,100,4,712,136,3.7871964318487783,53,136,0.3897058823529412,69,20
v2_no_evolution_s9,v2,no_evolution,9,random_regular,100,4,713,0,0.0,0,0,,20,20
v2_no_evolution_s9,v2,no_evolution,9,random_regular,100,4,714,15,1.3321790402061222,5,15,0.3333333333333333,41,20
v2_no_evolution_s9,v2,no_evolution,9,random_regular,100,4,715,59,2.725550395815721,19,59,0.3220338983050847,62,20
v2_no_evolution_s9,v2,no_evolution,9,random_regular,100,4,716,69,2.9957322735339904,20,69,0.2898550724637681,48,97
v2_no_evolution_s9,v2,no_evolution,9,random_regular,100,4,717,2,-1.000088900581841e-12,1,2,0.5,22,12
v2_no_evolution_s9,v2,no_evolution,9,random_regular,100,4,718,35,2.5649493574485365,13,35,0.37142857142857144,53,12
v2_no_evolution_s9,v2,no_evolution,9,random_regular,100,4,719,170,3.895099034106584,62,170,0.36470588235294116,58,34
v2_no_evolution_s9,v2,no_evolution,9,random_regular,100,4,720,48,2.479955520531517,16,48,0.3333333333333333,25,20
v2_no_evolution_s9,v2,no_evolution,9,random_regular,100,4,721,107,3.5155926589389503,40,107,0.37383177570093457,50,97
v2_no_evolution_s9,v2,no_evolution,9,random_regular,100,4,722,137,3.906476950168248,63,137,0.45985401459854014,19,97
v2_no_evolution_s9,v2,no_evolution,9,random_regular,100,4,723,98,3.323400536919209,36,98,0.3673469387755102,59,15
v2_no_evolution_s9,v2,no_evolution,9,random_regular,100,4,724,31,1.9459101490483133,7,31,0.22580645161290322,88,15
v2_no_evolution_s9,v2,no_evolution,9,random_regular,100,4,725,21,1.3862943611158909,4,21,0.19047619047619047,60,12
v2_no_evolution_s9,v2,no_evolution,9,random_regular,100,4,726,112,3.6121358939014394,41,112,0.36607142857142855,95,15
v2_no_evolution_s9,v2,no_evolution,9,random_regular,100,4,727,79,3.2826939972510645,28,79,0.35443037974683544,77,97
v2_no_evolution_s9,v2,no_evolution,9,random_regular,100,4,728,23,1.7478680974607577,7,23,0.30434782608695654,4,20
v2_no_evolution_s9,v2,no_evolution,9,random_regular,100,4,729,27,2.623521756255809,21,27,0.7777777777777778,80,12
v2_no_evolution_s9,v2,no_evolution,9,random_regular,100,4,730,38,2.138397246338724,13,38,0.34210526315789475,8,20
v2_no_evolution_s9,v2,no_evolution,9,random_regular,100,4,731,194,4.079260602149755,74,194,0.38144329896907214,67,12
v2_no_evolution_s9,v2,no_evolution,9,random_regular,100,4,732,30,2.197224577327219,9,30,0.3,94,97
v2_no_evolution_s9,v2,no_evolution,9,random_regular,100,4,733,27,2.484906649776,12,27,0.4444444444444444,81,97
v2_no_evolution_s9,v2,no_evolution,9,random_regular,100,4,734,30,2.3978952727873706,11,30,0.36666666666666664,52,97
v2_no_evolution_s9,v2,no_evolution,9,random_regular,100,4,735,29,2.369382119683676,12,29,0.41379310344827586,92,97
v2_no_evolution_s9,v2,no_evolution,9,random_regular,100,4,736,8,1.0986122886651095,3,8,0.375,29,12
v2_no_evolution_s9,v2,no_evolution,9,random_regular,100,4,737,3,0.6931471805579453,2,3,0.6666666666666666,55,12
v2_no_evolution_s9,v2,no_evolution,9,random_regular,100,4,738,21,2.3978952727873706,11,21,0.5238095238095238,95,15
v2_no_evolution_s9,v2,no_evolution,9,random_regular,100,4,739,247,4.179445463907873,91,247,0.3684210526315789,82,34
v2_no_evolution_s9,v2,no_evolution,9,random_regular,100,4,740,41,3.0280290732864104,22,41,0.5365853658536586,71,34
v2_no_evolution_s9,v2,no_evolution,9,random_regular,100,4,741,129,3.177514020506748,40,129,0.31007751937984496,83,34
v2_no_evolution_s9,v2,no_evolution,9,random_regular,100,4,742,121,3.761660727552022,47,121,0.3884297520661157,62,15
v2_no_evolution_s9,v2,no_evolution,9,random_regular,100,4,743,106,3.170148321450507,30,106,0.2830188679245283,96,97
v2_no_evolution_s9,v2,no_evolution,9,random_regular,100,4,744,19,2.1639556568730565,10,19,0.5263157894736842,21,15
v2_no_evolution_s9,v2,no_evolution,9,random_regular,100,4,745,26,2.4583113296710835,13,26,0.5,91,15
v2_no_evolution_s9,v2,no_evolution,9,random_regular,100,4,746,24,2.197224577327219,9,24,0.375,1,34
v2_no_evolution_s9,v2,no_evolution,9,random_regular,100,4,747,73,3.6121358939014394,41,73,0.5616438356164384,5,20
v2_no_evolution_s9,v2,no_evolution,9,random_regular,100,4,748,6,1.0986122886651095,3,6,0.5,67,20
v2_no_evolution_s9,v2,no_evolution,9,random_regular,100,4,749,110,3.5849073769929456,40,110,0.36363636363636365,96,97
v2_no_evolution_s9,v2,no_evolution,9,random_regular,100,4,750,122,3.5158980974321508,46,122,0.3770491803278688,86,15
v2_no_evolution_s9,v2,no_evolution,9,random_regular,100,4,751,51,2.6593226976945163,18,51,0.35294117647058826,6,20
v2_no_evolution_s9,v2,no_evolution,9,random_regular,100,4,752,140,3.5137264175958234,48,140,0.34285714285714286,28,34
v2_no_evolution_s9,v2,no_evolution,9,random_regular,100,4,753,91,3.198916528694685,30,91,0.32967032967032966,50,15
v2_no_evolution_s9,v2,no_evolution,9,random_regular,100,4,754,115,3.4040404338981127,34,115,0.2956521739130435,21,34
v2_no_evolution_s9,v2,no_evolution,9,random_regular,100,4,755,71,3.10797227595561,25,71,0.352112676056338,7,97
v2_no_evolution_s9,v2,no_evolution,9,random_regular,100,4,756,201,4.026767517492147,66,201,0.3283582089552239,58,97
v2_no_evolution_s9,v2,no_evolution,9,random_regular,100,4,757,126,3.6101955050529,45,126,0.35714285714285715,26,34
v2_no_evolution_s9,v2,no_evolution,9,random_regular,100,4,758,167,3.895099034106584,62,167,0.3712574850299401,77,97
v2_no_evolution_s9,v2,no_evolution,9,random_regular,100,4,759,114,3.396914420187568,35,114,0.30701754385964913,5,34
v2_no_evolution_s9,v2,no_evolution,9,random_regular,100,4,760,80,3.2625679455231658,30,80,0.375,9,12
v2_no_evolution_s9,v2,no_evolution,9,random_regular,100,4,761,4,1.0986122886651095,3,4,0.75,7,34
v2_no_evolution_s9,v2,no_evolution,9,random_regular,100,4,762,149,3.557409891015595,46,149,0.3087248322147651,46,15
v2_no_evolution_s9,v2,no_evolution,9,random_regular,100,4,763,38,2.302585092984045,10,38,0.2631578947368421,72,12
v2_no_evolution_s9,v2,no_evolution,9,random_regular,100,4,764,3,0.6931471805579453,2,3,0.6666666666666666,9,20
v2_no_evolution_s9,v2,no_evolution,9,random_regular,100,4,765,20,2.197224577327219,9,20,0.45,11,20
v2_no_evolution_s9,v2,no_evolution,9,random_regular,100,4,766,149,3.9279004575709497,67,149,0.44966442953020136,26,34
v2_no_evolution_s9,v2,no_evolution,9,random_regular,100,4,767,35,2.1639556568730565,10,35,0.2857142857142857,65,34
v2_no_evolution_s9,v2,no_evolution,9,random_regular,100,4,768,116,3.7158943452531408,48,116,0.41379310344827586,19,15
v2_no_evolution_s9,v2,no_evolution,9,random_regular,100,4,769,106,3.5025114553448367,40,106,0.37735849056603776,1,15
v2_no_evolution_s9,v2,no_evolution,9,random_regular,100,4,770,169,3.7482452058925424,54,169,0.31952662721893493,79,34
v2_no_evolution_s9,v2,no_evolution,9,random_regular,100,4,771,0,0.0,0,0,,12,12
v2_no_evolution_s9,v2,no_evolution,9,random_regular,100,4,772,16,1.3862943611158909,4,16,0.25,49,34
v2_no_evolution_s9,v2,no_evolution,9,random_regular,100,4,773,112,3.3985393782638447,40,112,0.35714285714285715,41,20
v2_no_evolution_s9,v2,no_evolution,9,random_regular,100,4,774,109,3.464953413852065,44,109,0.4036697247706422,68,15
v2_no_evolution_s9,v2,no_evolution,9,random_regular,100,4,775,3,-1.000088900581841e-12,1,3,0.3333333333333333,53,12
v2_no_evolution_s9,v2,no_evolution,9,random_regular,100,4,776,22,2.2718685126865625,11,22,0.5,84,97
v2_no_evolution_s9,v2,no_evolution,9,random_regular,100,4,777,17,1.791759469222055,6,17,0.35294117647058826,30,20
v2_no_evolution_s9,v2,no_evolution,9,random_regular,100,4,778,12,1.6094379124291005,5,12,0.4166666666666667,0,20
v2_no_evolution_s9,v2,no_evolution,9,random_regular,100,4,779,37,2.813355404483615,18,37,0.4864864864864865,55,97
v2_no_evolution_s9,v2,no_evolution,9,random_regular,100,4,780,30,2.302585092984045,10,30,0.3333333333333333,28,34
v2_no_evolution_s9,v2,no_evolution,9,random_regular,100,4,781,27,2.079441541671836,8,27,0.2962962962962963,95,34
v2_no_evolution_s9,v2,no_evolution,9,random_regular,100,4,782,25,1.7478680974607577,7,25,0.28,96,34
v2_no_evolution_s9,v2,no_evolution,9,random_regular,100,4,783,13,1.791759469222055,6,13,0.46153846153846156,55,97
v2_no_evolution_s9,v2,no_evolution,9,random_regular,100,4,784,8,1.0986122886651095,3,8,0.375,51,34
v2_no_evolution_s9,v2,no_evolution,9,random_regular,100,4,785,80,3.2625679455231658,30,80,0.375,76,12
v2_no_evolution_s9,v2,no_evolution,9,random_regular,100,4,786,89,3.1282795608038727,29,89,0.3258426966292135,5,34
v2_no_evolution_s9,v2,no_evolution,9,random_regular,100,4,787,5,1.0986122886651095,3,5,0.6,41,20
v2_no_evolution_s9,v2,no_evolution,9,random_regular,100,4,788,159,3.693848158632537,51,159,0.32075471698113206,82,15
v2_no_evolution_s9,v2,no_evolution,9,random_regular,100,4,789,112,3.319419301923096,32,112,0.2857142857142857,2,97
v2_no_evolution_s9,v2,no_evolution,9,random_regular,100,4,790,118,3.4611552603273767,42,118,0.3559322033898305,16,97
v2_no_evolution_s9,v2,no_evolution,9,random_regular,100,4,791,12,1.791759469222055,6,12,0.5,48,97
v2_no_evolution_s9,v2,no_evolution,9,random_regular,100,4,792,30,2.5649493574485365,13,30,0.43333333333333335,13,15
v2_no_evolution_s9,v2,no_evolution,9,random_regular,100,4,793,241,4.199727103786595,81,241,0.3360995850622407,55,12
v2_no_evolution_s9,v2,no_evolution,9,random_regular,100,4,794,88,3.322493706775413,34,88,0.38636363636363635,71,12
v2_no_evolution_s9,v2,no_evolution,9,random_regular,100,4,795,13,1.791759469222055,6,13,0.46153846153846156,23,34
v2_no_evolution_s9,v2,no_evolution,9,random_regular,100,4,796,113,3.66448190441264,43,113,0.3805309734513274,45,34
v2_no_evolution_s9,v2,no_evolution,9,random_regular,100,4,797,77,3.3478774190495706,34,77,0.44155844155844154,24,97
v2_no_evolution_s9,v2,no_evolution,9,random_regular,100,4,798,30,2.079441541671836,8,30,0.26666666666666666,98,15
v2_no_evolution_s9,v2,no_evolution,9,random_regular,100,4,799,73,3.498515667114017,37,73,0.5068493150684932,90,15
v2_no_evolution_s9,v2,no_evolution,9,random_regular,100,4,800,12,-1.000088900581841e-12,1,12,0.08333333333333333,60,34
v2_no_evolution_s9,v2,no_evolution,9,random_regular,100,4,801,56,3.044522437702424,21,56,0.375,31,15
v2_no_evolution_s9,v2,no_evolution,9,random_regular,100,4,802,145,3.5726345752559063,42,145,0.2896551724137931,9,12
v2_no_evolution_s9,v2,no_evolution,9,random_regular,100,4,803,109,3.3409591939097045,46,109,0.42201834862385323,31,20
v2_no_evolution_s9,v2,no_evolution,9,random_regular,100,4,804,8,0.6931471805579453,2,8,0.25,91,97
v2_no_evolution_s9,v2,no_evolution,9,random_regular,100,4,805,6,1.0986122886651095,3,6,0.5,33,12
v2_no_evolution_s9,v2,no_evolution,9,random_regular,100,4,806,152,3.7687321784299272,51,152,0.3355263157894737,56,34
v2_no_evolution_s9,v2,no_evolution,9,random_regular,100,4,807,22,1.3862943611158909,4,22,0.18181818181818182,51,15
v2_no_evolution_s9,v2,no_evolution,9,random_regular,100,4,808,44,2.666148586937558,20,44,0.45454545454545453,35,97
v2_no_evolution_s9,v2,no_evolution,9,random_regular,100,4,809,2,-1.000088900581841e-12,1,2,0.5,79,34
v2_no_evolution_s9,v2,no_evolution,9,random_regular,100,4,810,68,3.0904599235931967,27,68,0.39705882352941174,49,20
v2_no_evolution_s9,v2,no_evolution,9,random_regular,100,4,811,10,1.6094379124291005,5,10,0.5,55,34
v2_no_evolution_s9,v2,no_evolution,9,random_regular,100,4,812,12,1.3862943611158909,4,12,0.3333333333333333,66,97
v2_no_evolution_s9,v2,no_evolution,9,random_regular,100,4,813,129,3.738555425452458,54,129,0.4186046511627907,51,12
v2_no_evolution_s9,v2,no_evolution,9,random_regular,100,4,814,29,2.484906649776,12,29,0.41379310344827586,86,97
v2_no_evolution_s9,v2,no_evolution,9,random_regular,100,4,815,4,0.6931471805579453,2,4,0.5,46,20
v2_no_evolution_s9,v2,no_evolution,9,random_regular,100,4,816,243,4.2549912526154605,89,243,0.3662551440329218,37,20
v2_no_evolution_s9,v2,no_evolution,9,random_regular,100,4,817,14,1.3862943611158909,4,14,0.2857142857142857,29,15
v2_no_evolution_s9,v2,no_evolution,9,random_regular,100,4,818,0,0.0,0,0,,34,34
v2_no_evolution_s9,v2,no_evolution,9,random_regular,100,4,819,23,2.639057329601259,14,23,0.6086956521739131,87,15
v2_no_evolution_s9,v2,no_evolution,9,random_regular,100,4,820,28,2.2718685126865625,11,28,0.39285714285714285,83,12
v2_no_evolution_s9,v2,no_evolution,9,random_regular,100,4,821,35,2.8332133440392155,17,35,0.4857142857142857,46,12
v2_no_evolution_s9,v2,no_evolution,9,random_regular,100,4,822,70,3.044522437702424,21,70,0.3,28,34
v2_no_evolution_s9,v2,no_evolution,9,random_regular,100,4,823,225,4.067004180147073,81,225,0.36,59,34
v2_no_evolution_s9,v2,no_evolution,9,random_regular,100,4,824,3,-1.000088900581841e-12,1,3,0.3333333333333333,33,12
v2_no_evolution_s9,v2,no_evolution,9,random_regular,100,4,825,131,3.652629782939221,45,131,0.3435114503816794,28,20
v2_no_evolution_s9,v2,no_evolution,9,random_regular,100,4,826,3,-1.000088900581841e-12,1,3,0.3333333333333333,53,12
v2_no_evolution_s9,v2,no_evolution,9,random_regular,100,4,827,4,0.6931471805579453,2,4,0.5,86,12
v2_no_evolution_s9,v2,no_evolution,9,random_regular,100,4,828,3,-1.000088900581841e-12,1,3,0.3333333333333333,21,20
v2_no_evolution_s9,v2,no_evolution,9,random_regular,100,4,829,13,1.3321790402061222,5,13,0.38461538461538464,53,20
v2_no_evolution_s9,v2,no_evolution,9,random_regular,100,4,830,1,-1.000088900581841e-12,1,1,1.0,8,20
v2_no_evolution_s9,v2,no_evolution,9,random_regular,100,4,831,79,3.455179006914453,38,79,0.4810126582278481,96,97
v2_no_evolution_s9,v2,no_evolution,9,random_regular,100,4,832,121,3.8056903690225776,55,121,0.45454545454545453,61,97
v2_no_evolution_s9,v2,no_evolution,9,random_regular,100,4,833,4,1.0986122886651095,3,4,0.75,49,12
v2_no_evolution_s9,v2,no_evolution,9,random_regular,100,4,834,3,1.0986122886651095,3,3,1.0,92,97
v2_no_evolution_s9,v2,no_evolution,9,random_regular,100,4,835,215,4.075432585752789,79,215,0.3674418604651163,11,34
v2_no_evolution_s9,v2,no_evolution,9,random_regular,100,4,836,24,1.9459101490483133,7,24,0.2916666666666667,39,20
v2_no_evolution_s9,v2,no_evolution,9,random_regular,100,4,837,24,2.079441541671836,8,24,0.3333333333333333,55,15
v2_no_evolution_s9,v2,no_evolution,9,random_regular,100,4,838,173,3.7470214150156056,62,173,0.3583815028901734,74,34
v2_no_evolution_s9,v2,no_evolution,9,random_regular,100,4,839,73,2.9490123306407936,27,73,0.3698630136986301,81,12
v2_no_evolution_s9,v2,no_evolution,9,random_regular,100,4,840,73,2.912494403312053,21,73,0.2876712328767123,61,97
v2_no_evolution_s9,v2,no_evolution,9,random_regular,100,4,841,233,3.974633278119685,80,233,0.34334763948497854,22,34
v2_no_evolution_s9,v2,no_evolution,9,random_regular,100,4,842,91,3.299829685639092,31,91,0.34065934065934067,9,12
v2_no_evolution_s9,v2,no_evolution,9,random_regular,100,4,843,124,3.649743441409532,51,124,0.4112903225806452,9,12
v2_no_evolution_s9,v2,no_evolution,9,random_regular,100,4,844,56,2.941616952624223,25,56,0.44642857142857145,23,97
v2_no_evolution_s9,v2,no_evolution,9,random_regular,100,4,845,102,3.248189295308032,35,102,0.3431372549019608,23,34
v2_no_evolution_s9,v2,no_evolution,9,random_regular,100,4,846,132,3.755676480770567,48,132,0.36363636363636365,27,97
v2_no_evolution_s9,v2,no_evolution,9,random_regular,100,4,847,92,3.163424050399405,25,92,0.2717391304347826,0,12
v2_no_evolution_s9,v2,no_evolution,9,random_regular,100,4,848,61,3.0910424533363146,22,61,0.36065573770491804,65,15
v2_no_evolution_s9,v2,no_evolution,9,random_regular,100,4,849,251,4.108013078011335,84,251,0.3346613545816733,90,34
v2_no_evolution_s9,v2,no_evolution,9,random_regular,100,4,850,40,3.0752205480323718,23,40,0.575,49,12
v2_no_evolution_s9,v2,no_evolution,9,random_regular,100,4,851,63,2.7804663689216818,21,63,0.3333333333333333,2,20
v2_no_evolution_s9,v2,no_evolution,9,random_regular,100,4,852,93,3.1514585102190296,26,93,0.27956989247311825,33,20
v2_no_evolution_s9,v2,no_evolution,9,random_regular,100,4,853,0,0.0,0,0,,97,97
v2_no_evolution_s9,v2,no_evolution,9,random_regular,100,4,854,112,3.3638820192358474,40,112,0.35714285714285715,79,20
v2_no_evolution_s9,v2,no_evolution,9,random_regular,100,4,855,0,0.0,0,0,,15,15
v2_no_evolution_s9,v2,no_evolution,9,random_regular,100,4,856,115,3.324638408454507,40,115,0.34782608695652173,48,12
v2_no_evolution_s9,v2,no_evolution,9,random_regular,100,4,857,57,2.4762206495851644,18,57,0.3157894736842105,47,15
v2_no_evolution_s9,v2,no_evolution,9,random_regular,100,4,858,67,2.9512516113416924,26,67,0.3880597014925373,74,20
v2_no_evolution_s9,v2,no_evolution,9,random_regular,100,4,859,0,0.0,0,0,,15,15
v2_no_evolution_s9,v2,no_evolution,9,random_regular,100,4,860,45,2.4583113296710835,13,45,0.28888888888888886,84,12
v2_no_evolution_s9,v2,no_evolution,9,random_regular,100,4,861,39,2.3516733018936304,13,39,0.3333333333333333,47,34
v2_no_evolution_s9,v2,no_evolution,9,random_regular,100,4,862,33,2.2718685126865625,11,33,0.3333333333333333,2,34
v2_no_evolution_s9,v2,no_evolution,9,random_regular,100,4,863,1,-1.000088900581841e-12,1,1,1.0,53,12
v2_no_evolution_s9,v2,no_evolution,9,random_regular,100,4,864,6,0.6931471805579453,2,6,0.3333333333333333,43,20
v2_no_evolution_s9,v2,no_evolution,9,random_regular,100,4,865,0,0.0,0,0,,20,20
v2_no_evolution_s9,v2,no_evolution,9,random_regular,100,4,866,66,3.271689322296034,29,66,0.4393939393939394,45,20
v2_no_evolution_s9,v2,no_evolution,9,random_regular,100,4,867,41,2.540036303807981,14,41,0.34146341463414637,7,97
v2_no_evolution_s9,v2,no_evolution,9,random_regular,100,4,868,27,2.5649493574485365,13,27,0.48148148148148145,44,15
v2_no_evolution_s9,v2,no_evolution,9,random_regular,100,4,869,43,2.2718685126865625,11,43,0.2558139534883721,58,97
v2_no_evolution_s9,v2,no_evolution,9,random_regular,100,4,870,6,0.6931471805579453,2,6,0.3333333333333333,57,97
v2_no_evolution_s9,v2,no_evolution,9,random_regular,100,4,871,23,1.9459101490483133,7,23,0.30434782608695654,8,20
v2_no_evolution_s9,v2,no_evolution,9,random_regular,100,4,872,19,1.7328679513938632,8,19,0.42105263157894735,37,20
v2_no_evolution_s9,v2,no_evolution,9,random_regular,100,4,873,47,2.484906649776,12,47,0.2553191489361702,32,97
v2_no_evolution_s9,v2,no_evolution,9,random_regular,100,4,874,22,1.3862943611158909,4,22,0.18181818181818182,71,12
v2_no_evolution_s9,v2,no_evolution,9,random_regular,100,4,875,60,2.926417555478996,20,60,0.3333333333333333,85,15
v2_no_evolution_s9,v2,no_evolution,9,random_regular,100,4,876,117,3.5106997211395683,41,117,0.3504273504273504,45,15
v2_no_evolution_s9,v2,no_evolution,9,random_regular,100,4,877,114,3.806945133098103,49,114,0.4298245614035088,25,15
v2_no_evolution_s9,v2,no_evolution,9,random_regular,100,4,878,57,3.0910424533363146,22,57,0.38596491228070173,18,15
v2_no_evolution_s9,v2,no_evolution,9,random_regular,100,4,879,6,0.6931471805579453,2,6,0.3333333333333333,49,34
v2_no_evolution_s9,v2,no_evolution,9,random_regular,100,4,880,26,2.5649493574485365,13,26,0.5,50,97
v2_no_evolution_s9,v2,no_evolution,9,random_regular,100,4,881,2,-1.000088900581841e-12,1,2,0.5,35,15
v2_no_evolution_s9,v2,no_evolution,9,random_regular,100,4,882,4,0.6931471805579453,2,4,0.5,98,20
v2_no_evolution_s9,v2,no_evolution,9,random_regular,100,4,883,44,2.772588722223781,16,44,0.36363636363636365,70,12
v2_no_evolution_s9,v2,no_evolution,9,random_regular,100,4,884,39,2.484906649776,12,39,0.3076923076923077,71,12
v2_no_evolution_s9,v2,no_evolution,9,random_regular,100,4,885,188,3.967097347146706,63,188,0.3351063829787234,45,34
v2_no_evolution_s9,v2,no_evolution,9,random_regular,100,4,886,51,2.685945324654788,16,51,0.3137254901960784,72,20
v2_no_evolution_s9,v2,no_evolution,9,random_regular,100,4,887,37,2.369382119683676,12,37,0.32432432432432434,68,15
v2_no_evolution_s9,v2,no_evolution,9,random_regular,100,4,888,26,1.9459101490483133,7,26,0.2692307692307692,66,20
v2_no_evolution_s9,v2,no_evolution,9,random_regular,100,4,889,23,2.484906649776,12,23,0.5217391304347826,71,12
v2_no_evolution_s9,v2,no_evolution,9,random_regular,100,4,890,0,0.0,0,0,,12,12
v2_no_evolution_s9,v2,no_evolution,9,random_regular,100,4,891,92,3.444813797459462,34,92,0.3695652173913043,99,20
v2_no_evolution_s9,v2,no_evolution,9,random_regular,100,4,892,13,1.0986122886651095,3,13,0.23076923076923078,54,34
v2_no_evolution_s9,v2,no_evolution,9,random_regular,100,4,893,28,2.369382119683676,12,28,0.42857142857142855,42,12
v2_no_evolution_s9,v2,no_evolution,9,random_regular,100,4,894,61,3.389268031515795,31,61,0.5081967213114754,45,12
v2_no_evolution_s9,v2,no_evolution,9,random_regular,100,4,895,9,1.3862943611158909,4,9,0.4444444444444444,7,15
v2_no_evolution_s9,v2,no_evolution,9,random_regular,100,4,896,39,2.3978952727873706,11,39,0.28205128205128205,62,20
v2_no_evolution_s9,v2,no_evolution,9,random_regular,100,4,897,110,3.3911582003720584,38,110,0.34545454545454546,29,20
v2_no_evolution_s9,v2,no_evolution,9,random_regular,100,4,898,133,3.741549936056027,51,133,0.38345864661654133,52,20
v2_no_evolution_s9,v2,no_evolution,9,random_regular,100,4,899,164,3.707782856167429,62,164,0.3780487804878049,84,20
v2_no_evolution_s9,v2,no_evolution,9,random_regular,100,4,900,2,-1.000088900581841e-12,1,2,0.5,21,20
v2_no_evolution_s9,v2,no_evolution,9,random_regular,100,4,901,27,2.3978952727873706,11,27,0.4074074074074074,63,20
v2_no_evolution_s9,v2,no_evolution,9,random_regular,100,4,902,0,0.0,0,0,,12,12
v2_no_evolution_s9,v2,no_evolution,9,random_regular,100,4,903,353,4.543622706636268,133,353,0.37677053824362605,98,12
v2_no_evolution_s9,v2,no_evolution,9,random_regular,100,4,904,354,4.557589704280393,112,354,0.3163841807909605,30,34
v2_no_evolution_s9,v2,no_evolution,9,random_regular,100,4,905,49,2.9444389791474395,19,49,0.3877551020408163,92,15
v2_no_evolution_s9,v2,no_evolution,9,random_regular,100,4,906,22,2.302585092984045,10,22,0.45454545454545453,28,12
v2_no_evolution_s9,v2,no_evolution,9,random_regular,100,4,907,24,2.094729047518648,12,24,0.5,16,20
v2_no_evolution_s9,v2,no_evolution,9,random_regular,100,4,908,16,1.791759469222055,6,16,0.375,92,20
v2_no_evolution_s9,v2,no_evolution,9,random_regular,100,4,909,42,2.751666616915516,17,42,0.40476190476190477,21,34
v2_no_evolution_s9,v2,no_evolution,9,random_regular,100,4,910,65,3.3322045101472035,28,65,0.4307692307692308,85,34
v2_no_evolution_s9,v2,no_evolution,9,random_regular,100,4,911,7,1.0986122886651095,3,7,0.42857142857142855,37,12
v2_no_evolution_s9,v2,no_evolution,9,random_regular,100,4,912,31,2.1458417525857545,11,31,0.3548387096774194,42,97
v2_no_evolution_s9,v2,no_evolution,9,random_regular,100,4,913,3,-1.000088900581841e-12,1,3,0.3333333333333333,79,34
v2_no_evolution_s9,v2,no_evolution,9,random_regular,100,4,914,34,2.369382119683676,12,34,0.35294117647058826,66,15
v2_no_evolution_s9,v2,no_evolution,9,random_regular,100,4,915,13,1.0986122886651095,3,13,0.23076923076923078,53,12
v2_no_evolution_s9,v2,no_evolution,9,random_regular,100,4,916,20,2.079441541671836,8,20,0.4,52,34
v2_no_evolution_s9,v2,no_evolution,9,random_regular,100,4,917,144,3.8545746995893766,60,144,0.4166666666666667,17,34
v2_no_evolution_s9,v2,no_evolution,9,random_regular,100,4,918,115,3.5726345752559063,42,115,0.3652173913043478,23,34
v2_no_evolution_s9,v2,no_evolution,9,random_regular,100,4,919,74,3.0710803627130283,27,74,0.36486486486486486,27,20
v2_no_evolution_s9,v2,no_evolution,9,random_regular,100,4,920,53,3.0047670351869598,24,53,0.4528301886792453,83,12
v2_no_evolution_s9,v2,no_evolution,9,random_regular,100,4,921,1,-1.000088900581841e-12,1,1,1.0,33,12
v2_no_evolution_s9,v2,no_evolution,9,random_regular,100,4,922,214,4.128596604323337,83,214,0.3878504672897196,21,97
v2_no_evolution_s9,v2,no_evolution,9,random_regular,100,4,923,2,0.6931471805579453,2,2,1.0,16,15
v2_no_evolution_s9,v2,no_evolution,9,random_regular,100,4,924,354,4.452440997049708,126,354,0.3559322033898305,84,97
v2_no_evolution_s9,v2,no_evolution,9,random_regular,100,4,925,13,1.9061547465328492,8,13,0.6153846153846154,62,12
v2_no_evolution_s9,v2,no_evolution,9,random_regular,100,4,926,65,3.120291565278284,24,65,0.36923076923076925,6,15
v2_no_evolution_s9,v2,no_evolution,9,random_regular,100,4,927,298,4.491029704737501,112,298,0.37583892617449666,22,20
v2_no_evolution_s9,v2,no_evolution,9,random_regular,100,4,928,1,-1.000088900581841e-12,1,1,1.0,89,15
v2_no_evolution_s9,v2,no_evolution,9,random_regular,100,4,929,48,2.736339051089065,18,48,0.375,39,12
v2_no_evolution_s9,v2,no_evolution,9,random_regular,100,4,930,91,3.1624840112797505,32,91,0.3516483516483517,56,34
v2_no_evolution_s9,v2,no_evolution,9,random_regular,100,4,931,29,2.197224577327219,9,29,0.3103448275862069,74,15
v2_no_evolution_s9,v2,no_evolution,9,random_regular,100,4,932,149,3.734356436050007,56,149,0.37583892617449666,10,34
v2_no_evolution_s9,v2,no_evolution,9,random_regular,100,4,933,149,3.7074768319530698,50,149,0.33557046979865773,69,97
v2_no_evolution_s9,v2,no_evolution,9,random_regular,100,4,934,243,4.115988215316962,83,243,0.34156378600823045,21,97
v2_no_evolution_s9,v2,no_evolution,9,random_regular,100,4,935,66,2.9785084205072385,21,66,0.3181818181818182,80,20
v2_no_evolution_s9,v2,no_evolution,9,random_regular,100,4,936,115,3.498515667114017,37,115,0.3217391304347826,70,34
v2_no_evolution_s9,v2,no_evolution,9,random_regular,100,4,937,71,3.1418041591892294,27,71,0.38028169014084506,32,20
v2_no_evolution_s9,v2,no_evolution,9,random_regular,100,4,938,35,2.5232109529398907,15,35,0.42857142857142855,79,97
v2_no_evolution_s9,v2,no_evolution,9,random_regular,100,4,939,129,3.5346599717214846,46,129,0.35658914728682173,89,34
v2_no_evolution_s9,v2,no_evolution,9,random_regular,100,4,940,175,4.007257137555183,64,175,0.3657142857142857,7,12
v2_no_evolution_s9,v2,no_evolution,9,random_regular,100,4,941,119,3.4858315997982245,39,119,0.3277310924369748,6,20
v2_no_evolution_s9,v2,no_evolution,9,random_regular,100,4,942,312,4.331516502149023,112,312,0.358974358974359,40,12
v2_no_evolution_s9,v2,no_evolution,9,random_regular,100,4,943,39,2.523210952939891,15,39,0.38461538461538464,70,97
v2_no_evolution_s9,v2,no_evolution,9,random_regular,100,4,944,191,3.92415298597132,70,191,0.36649214659685864,52,15
v2_no_evolution_s9,v2,no_evolution,9,random_regular,100,4,945,9,1.6094379124291005,5,9,0.5555555555555556,53,97
v2_no_evolution_s9,v2,no_evolution,9,random_regular,100,4,946,17,1.6094379124291005,5,17,0.29411764705882354,95,97
v2_no_evolution_s9,v2,no_evolution,9,random_regular,100,4,947,40,2.393312122962524,16,40,0.4,49,20
v2_no_evolution_s9,v2,no_evolution,9,random_regular,100,4,948,65,3.233183484354926,28,65,0.4307692307692308,47,12
v2_no_evolution_s9,v2,no_evolution,9,random_regular,100,4,949,78,3.152706716658355,30,78,0.38461538461538464,58,20
v2_no_evolution_s9,v2,no_evolution,9,random_regular,100,4,950,110,3.455179006914453,38,110,0.34545454545454546,78,34
v2_no_evolution_s9,v2,no_evolution,9,random_regular,100,4,951,57,2.7144523517264965,21,57,0.3684210526315789,46,97
v2_no_evolution_s9,v2,no_evolution,9,random_regular,100,4,952,66,3.120291565278284,24,66,0.36363636363636365,0,34
v2_no_evolution_s9,v2,no_evolution,9,random_regular,100,4,953,108,3.556923618315194,39,108,0.3611111111111111,1,12
v2_no_evolution_s9,v2,no_evolution,9,random_regular,100,4,954,68,3.163424050399405,25,68,0.36764705882352944,84,34
v2_no_evolution_s9,v2,no_evolution,9,random_regular,100,4,955,5,1.0986122886651095,3,5,0.6,33,12
v2_no_evolution_s9,v2,no_evolution,9,random_regular,100,4,956,58,3.10797227595561,25,58,0.43103448275862066,27,12
v2_no_evolution_s9,v2,no_evolution,9,random_regular,100,4,957,0,0.0,0,0,,20,20
v2_no_evolution_s9,v2,no_evolution,9,random_regular,100,4,958,97,3.2551105127007407,31,97,0.31958762886597936,86,97
v2_no_evolution_s9,v2,no_evolution,9,random_regular,100,4,959,68,2.657020077597294,25,68,0.36764705882352944,48,12
v2_no_evolution_s9,v2,no_evolution,9,random_regular,100,4,960,12,1.0986122886651095,3,12,0.25,41,12
v2_no_evolution_s9,v2,no_evolution,9,random_regular,100,4,961,185,3.877679605607041,60,185,0.32432432432432434,50,34
v2_no_evolution_s9,v2,no_evolution,9,random_regular,100,4,962,84,3.173102701078464,32,84,0.38095238095238093,73,20
v2_no_evolution_s9,v2,no_evolution,9,random_regular,100,4,963,31,2.3978952727873706,11,31,0.3548387096774194,95,34
v2_no_evolution_s9,v2,no_evolution,9,random_regular,100,4,964,62,2.7519159690141213,24,62,0.3870967741935484,10,34
v2_no_evolution_s9,v2,no_evolution,9,random_regular,100,4,965,138,3.208863971265286,43,138,0.3115942028985507,1,20
v2_no_evolution_s9,v2,no_evolution,9,random_regular,100,4,966,59,2.8903717578781647,18,59,0.3050847457627119,55,34
v2_no_evolution_s9,v2,no_evolution,9,random_regular,100,4,967,5,1.0986122886651095,3,5,0.6,33,12
v2_no_evolution_s9,v2,no_evolution,9,random_regular,100,4,968,178,3.841940374979482,62,178,0.34831460674157305,4,20
v2_no_evolution_s9,v2,no_evolution,9,random_regular,100,4,969,0,0.0,0,0,,20,20
v2_no_evolution_s9,v2,no_evolution,9,random_regular,100,4,970,148,3.9614727050088794,67,148,0.4527027027027027,38,97
v2_no_evolution_s9,v2,no_evolution,9,random_regular,100,4,971,55,2.971376539948021,26,55,0.4727272727272727,3,12
v2_no_evolution_s9,v2,no_evolution,9,random_regular,100,4,972,120,3.567763693174718,43,120,0.35833333333333334,42,15
v2_no_evolution_s9,v2,no_evolution,9,random_regular,100,4,973,99,3.5726345752559063,42,99,0.42424242424242425,67,15
v2_no_evolution_s9,v2,no_evolution,9,random_regular,100,4,974,105,3.3292246602098503,40,105,0.38095238095238093,64,15
v2_no_evolution_s9,v2,no_evolution,9,random_regular,100,4,975,56,2.451583060508785,19,56,0.3392857142857143,52,20
v2_no_evolution_s9,v2,no_evolution,9,random_regular,100,4,976,20,2.1458417525857545,11,20,0.55,68,12
v2_no_evolution_s9,v2,no_evolution,9,random_regular,100,4,977,25,1.791759469222055,6,25,0.24,63,12
v2_no_evolution_s9,v2,no_evolution,9,random_regular,100,4,978,29,2.4583113296710835,13,29,0.4482758620689655,81,15
v2_no_evolution_s9,v2,no_evolution,9,random_regular,100,4,979,30,2.484906649776,12,30,0.4,17,15
v2_no_evolution_s9,v2,no_evolution,9,random_regular,100,4,980,44,2.772588722223781,16,44,0.36363636363636365,23,15
v2_no_evolution_s9,v2,no_evolution,9,random_regular,100,4,981,51,2.736339051089065,18,51,0.35294117647058826,67,12
v2_no_evolution_s9,v2,no_evolution,9,random_regular,100,4,982,16,1.9459101490483133,7,16,0.4375,31,12
v2_no_evolution_s9,v2,no_evolution,9,random_regular,100,4,983,16,1.791759469222055,6,16,0.375,49,97
v2_no_evolution_s9,v2,no_evolution,9,random_regular,100,4,984,29,2.302585092984045,10,29,0.3448275862068966,36,12
v2_no_evolution_s9,v2,no_evolution,9,random_regular,100,4,985,40,2.9650156932365066,22,40,0.55,43,15
v2_no_evolution_s9,v2,no_evolution,9,random_regular,100,4,986,118,3.7871964318487783,53,118,0.4491525423728814,76,15
v2_no_evolution_s9,v2,no_evolution,9,random_regular,100,4,987,69,3.16498553775291,28,69,0.4057971014492754,62,20
v2_no_evolution_s9,v2,no_evolution,9,random_regular,100,4,988,60,2.623521756256809,21,60,0.35,16,15
v2_no_evolution_s9,v2,no_evolution,9,random_regular,100,4,989,6,0.6931471805579453,2,6,0.3333333333333333,64,15
v2_no_evolution_s9,v2,no_evolution,9,random_regular,100,4,990,89,3.2491274088477446,32,89,0.3595505617977528,93,34
v2_no_evolution_s9,v2,no_evolution,9,random_regular,100,4,991,90,3.4365228305042805,35,90,0.3888888888888889,32,34
v2_no_evolution_s9,v2,no_evolution,9,random_regular,100,4,992,87,3.1836729714587872,28,87,0.3218390804597701,78,15
v2_no_evolution_s9,v2,no_evolution,9,random_regular,100,4,993,91,3.1865891168454263,33,91,0.3626373626373626,52,34
v2_no_evolution_s9,v2,no_evolution,9,random_regular,100,4,994,10,1.791759469222055,6,10,0.6,13,97
v2_no_evolution_s9,v2,no_evolution,9,random_regular,100,4,995,39,2.302585092984045,10,39,0.2564102564102564,44,20
v2_no_evolution_s9,v2,no_evolution,9,random_regular,100,4,996,87,3.299829685639092,31,87,0.3563218390804598,31,97
v2_no_evolution_s9,v2,no_evolution,9,random_regular,100,4,997,114,3.693778246480071,49,114,0.4298245614035088,18,15
v2_no_evolution_s9,v2,no_evolution,9,random_regular,100,4,998,167,3.970088406668977,57,167,0.3413173652694611,75,15
v2_no_evolution_s9,v2,no_evolution,9,random_regular,100,4,999,17,0.6931471805579453,2,17,0.11764705882352941,36,97
