run_id,validation_version,condition,seed,topology,n_nodes,degree,episode_idx,hitting_time,path_entropy,accepted_moves,attempted_moves,accept_rate,start_node,final_node
v2_no_evolution_s21,v2,no_evolution,21,random_regular,100,4,0,121,3.735202719174468,50,121,0.4132231404958678,43,99
v2_no_evolution_s21,v2,no_evolution,21,random_regular,100,4,1,2,-1.000088900581841e-12,1,2,0.5,83,55
v2_no_evolution_s21,v2,no_evolution,21,random_regular,100,4,2,192,4.150891619306349,82,192,0.4270833333333333,25,48
v2_no_evolution_s21,v2,no_evolution,21,random_regular,100,4,3,194,3.942079281698907,72,194,0.3711340206185567,44,55
v2_no_evolution_s21,v2,no_evolution,21,random_regular,100,4,4,1,-1.000088900581841e-12,1,1,1.0,67,48
v2_no_evolution_s21,v2,no_evolution,21,random_regular,100,4,5,278,4.176912282747525,105,278,0.3776978417266187,72,55
v2_no_evolution_s21,v2,no_evolution,21,random_regular,100,4,6,68,3.244492630381296,27,68,0.39705882352941174,44,48
v2_no_evolution_s21,v2,no_evolution,21,random_regular,100,4,7,2,-1.000088900581841e-12,1,2,0.5,34,48
v2_no_evolution_s21,v2,no_evolution,21,random_regular,100,4,8,401,4.443916578253718,140,401,0.3491271820448878,74,94
v2_no_evolution_s21,v2,no_evolution,21,random_regular,100,4,9,64,2.912494403312053,21,64,0.328125,10,29
v2_no_evolution_s21,v2,no_evolution,21,random_regular,100,4,10,79,3.2255573283655203,34,79,0.43037974683544306,49,29
v2_no_evolution_s21,v2,no_evolution,21,random_regular,100,4,11,12,1.3862943611158909,4,12,0.3333333333333333,47,48
v2_no_evolution_s21,v2,no_evolution,21,random_regular,100,4,12,65,2.9650156932365066,22,65,0.3384615384615385,77,48
v2_no_evolution_s21,v2,no_evolution,21,random_regular,100,4,13,281,4.347955171798292,98,281,0.3487544483985765,19,99
v2_no_evolution_s21,v2,no_evolution,21,random_regular,100,4,14,214,4.210923061505187,90,214,0.4205607476635514,61,29
v2_no_evolution_s21,v2,no_evolution,21,random_regular,100,4,15,57,3.135494215906149,23,57,0.40350877192982454,33,94
v2_no_evolution_s21,v2,no_evolution,21,random_regular,100,4,16,55,2.506661812484001,19,55,0.34545454545454546,96,55
v2_no_evolution_s21,v2,no_evolution,21,random_regular,100,4,17,166,3.8666598395416543,66,166,0.39759036144578314,34,55
v2_no_evolution_s21,v2,no_evolution,21,random_regular,100,4,18,22,2.302585092984045,10,22,0.45454545454545453,38,55
v2_no_evolution_s21,v2,no_evolution,21,random_regular,100,4,19,34,2.61563057701355,15,34,0.4411764705882353,95,99
v2_no_evolution_s21,v2,no_evolution,21,random_regular,100,4,20,1,-1.000088900581841e-12,1,1,1.0,28,94
v2_no_evolution_s21,v2,no_evolution,21,random_regular,100,4,21,320,4.303957001476995,105,320,0.328125,71,99
v2_no_evolution_s21,v2,no_evolution,21,random_regular,100,4,22,38,2.639057329601259,14,38,0.3684210526315789,8,29
v2_no_evolution_s21,v2,no_evolution,21,random_regular,100,4,23,403,4.550932013128942,163,403,0.4044665012406948,7,29
v2_no_evolution_s21,v2,no_evolution,21,random_regular,100,4,24,4,-1.000088900581841e-12,1,4,0.25,58,48
v2_no_evolution_s21,v2,no_evolution,21,random_regular,100,4,25,70,3.044522437702424,21,70,0.3,6,29
v2_no_evolution_s21,v2,no_evolution,21,random_regular,100,4,26,305,4.434730267606275,107,305,0.35081967213114756,37,99
v2_no_evolution_s21,v2,no_evolution,21,random_regular,100,4,27,137,3.319311966997181,44,137,0.32116788321167883,93,55
v2_no_evolution_s21,v2,no_evolution,21,random_regular,100,4,28,146,3.5644202710497974,52,146,0.3561643835616438,47,48
v2_no_evolution_s21,v2,no_evolution,21,random_regular,100,4,29,138,3.5894688121687217,48,138,0.34782608695652173,95,29
v2_no_evolution_s21,v2,no_evolution,21,random_regular,100,4,30,79,3.233183484354926,28,79,0.35443037974683544,20,48
v2_no_evolution_s21,v2,no_evolution,21,random_regular,100,4,31,41,2.6593226976945163,18,41,0.43902439024390244,19,55
v2_no_evolution_s21,v2,no_evolution,21,random_regular,100,4,32,8,1.6094379124291005,5,8,0.625,53,99
v2_no_evolution_s21,v2,no_evolution,21,random_regular,100,4,33,48,2.488327743355588,15,48,0.3125,22,48
v2_no_evolution_s21,v2,no_evolution,21,random_regular,100,4,34,38,2.3978952727873706,11,38,0.2894736842105263,6,55
v2_no_evolution_s21,v2,no_evolution,21,random_regular,100,4,35,20,2.079441541671836,8,20,0.4,15,99
v2_no_evolution_s21,v2,no_evolution,21,random_regular,100,4,36,3,-1.000088900581841e-12,1,3,0.3333333333333333,8,99
v2_no_evolution_s21,v2,no_evolution,21,random_regular,100,4,37,359,4.256835235640825,125,359,0.34818941504178275,27,29
v2_no_evolution_s21,v2,no_evolution,21,random_regular,100,4,38,71,3.2829507132595905,31,71,0.43661971830985913,85,29
v2_no_evolution_s21,v2,no_evolution,21,random_regular,100,4,39,129,3.502930658526994,50,129,0.3875968992248062,84,55
v2_no_evolution_s21,v2,no_evolution,21,random_regular,100,4,40,484,4.973474258256916,193,484,0.3987603305785124,80,94
v2_no_evolution_s21,v2,no_evolution,21,random_regular,100,4,41,19,2.197224577327219,9,19,0.47368421052631576,70,29
v2_no_evolution_s21,v2,no_evolution,21,random_regular,100,4,42,38,2.7080502010872096,15,38,0.39473684210526316,38,99
v2_no_evolution_s21,v2,no_evolution,21,random_regular,100,4,43,175,3.734356436050007,56,175,0.32,11,94
v2_no_evolution_s21,v2,no_evolution,21,random_regular,100,4,44,50,2.8903717578781647,18,50,0.36,40,94
v2_no_evolution_s21,v2,no_evolution,21,random_regular,100,4,45,31,2.4410152780147034,14,31,0.45161290322580644,69,94
v2_no_evolution_s21,v2,no_evolution,21,random_regular,100,4,46,60,3.052520501511814,25,60,0.4166666666666667,82,55
v2_no_evolution_s21,v2,no_evolution,21,random_regular,100,4,47,78,2.8979325974534653,26,78,0.3333333333333333,62,94
v2_no_evolution_s21,v2,no_evolution,21,random_regular,100,4,48,42,3.120291565278284,24,42,0.5714285714285714,9,99
v2_no_evolution_s21,v2,no_evolution,21,random_regular,100,4,49,64,3.0149468801585937,23,64,0.359375,47,99
v2_no_evolution_s21,v2,no_evolution,21,random_regular,100,4,50,29,1.5607104090364066,6,29,0.20689655172413793,72,48
v2_no_evolution_s21,v2,no_evolution,21,random_regular,100,4,51,129,3.59101670022478,45,129,0.3488372093023256,1,48
v2_no_evolution_s21,v2,no_evolution,21,random_regular,100,4,52,70,2.8903717578781647,18,70,0.2571428571428571,73,94
v2_no_evolution_s21,v2,no_evolution,21,random_regular,100,4,53,84,3.2238860684653137,29,84,0.34523809523809523,18,99
v2_no_evolution_s21,v2,no_evolution,21,random_regular,100,4,54,24,1.9722469794154411,11,24,0.4583333333333333,28,55
v2_no_evolution_s21,v2,no_evolution,21,random_regular,100,4,55,133,3.7220699681345786,49,133,0.3684210526315789,84,99
v2_no_evolution_s21,v2,no_evolution,21,random_regular,100,4,56,28,2.484906649776,12,28,0.42857142857142855,85,48
v2_no_evolution_s21,v2,no_evolution,21,random_regular,100,4,57,81,3.335770806415738,32,81,0.3950617283950617,65,48
v2_no_evolution_s21,v2,no_evolution,21,random_regular,100,4,58,165,3.8167229173324673,66,165,0.4,85,94
v2_no_evolution_s21,v2,no_evolution,21,random_regular,100,4,59,11,1.5607104090364068,6,11,0.5454545454545454,9,29
v2_no_evolution_s21,v2,no_evolution,21,random_regular,100,4,60,0,0.0,0,0,,94,94
v2_no_evolution_s21,v2,no_evolution,21,random_regular,100,4,61,48,2.9650156932365066,22,48,0.4583333333333333,77,48
v2_no_evolution_s21,v2,no_evolution,21,random_regular,100,4,62,103,3.488737420386817,44,103,0.42718446601941745,15,48
v2_no_evolution_s21,v2,no_evolution,21,random_regular,100,4,63,17,1.791759469222055,6,17,0.35294117647058826,14,94
v2_no_evolution_s21,v2,no_evolution,21,random_regular,100,4,64,178,3.955715126056112,60,178,0.33707865168539325,73,29
v2_no_evolution_s21,v2,no_evolution,21,random_regular,100,4,65,10,1.0986122886651095,3,10,0.3,25,29
v2_no_evolution_s21,v2,no_evolution,21,random_regular,100,4,66,158,3.808622205392716,56,158,0.35443037974683544,92,48
v2_no_evolution_s21,v2,no_evolution,21,random_regular,100,4,67,183,3.830895721041939,55,183,0.3005464480874317,77,29
v2_no_evolution_s21,v2,no_evolution,21,random_regular,100,4,68,51,3.0910424533363146,22,51,0.43137254901960786,39,99
v2_no_evolution_s21,v2,no_evolution,21,random_regular,100,4,69,167,4.023545586847067,67,167,0.40119760479041916,7,55
v2_no_evolution_s21,v2,no_evolution,21,random_regular,100,4,70,337,4.580811480065568,132,337,0.3916913946587537,63,55
v2_no_evolution_s21,v2,no_evolution,21,random_regular,100,4,71,41,2.2718685126865625,11,41,0.2682926829268293,47,94
v2_no_evolution_s21,v2,no_evolution,21,random_regular,100,4,72,50,3.098139496330803,26,50,0.52,18,29
v2_no_evolution_s21,v2,no_evolution,21,random_regular,100,4,73,0,0.0,0,0,,48,48
v2_no_evolution_s21,v2,no_evolution,21,random_regular,100,4,74,110,3.4761312408209912,35,110,0.3181818181818182,19,94
v2_no_evolution_s21,v2,no_evolution,21,random_regular,100,4,75,68,3.084651945666509,28,68,0.4117647058823529,2,99
v2_no_evolution_s21,v2,no_evolution,21,random_regular,100,4,76,91,3.151458510219029,26,91,0.2857142857142857,9,99
v2_no_evolution_s21,v2,no_evolution,21,random_regular,100,4,77,186,3.8893988338487615,70,186,0.3763440860215054,64,48
v2_no_evolution_s21,v2,no_evolution,21,random_regular,100,4,78,92,3.1514585102190296,26,92,0.2826086956521739,54,29
v2_no_evolution_s21,v2,no_evolution,21,random_regular,100,4,79,299,4.405804370173984,115,299,0.38461538461538464,69,29
v2_no_evolution_s21,v2,no_evolution,21,random_regular,100,4,80,83,2.884863440777896,26,83,0.3132530120481928,39,99
v2_no_evolution_s21,v2,no_evolution,21,random_regular,100,4,81,67,2.6701198897918164,17,67,0.2537313432835821,52,99
v2_no_evolution_s21,v2,no_evolution,21,random_regular,100,4,82,11,1.5607104090364068,6,11,0.5454545454545454,61,29
v2_no_evolution_s21,v2,no_evolution,21,random_regular,100,4,83,69,2.948256052462477,28,69,0.4057971014492754,74,55
v2_no_evolution_s21,v2,no_evolution,21,random_regular,100,4,84,35,2.61563057701355,15,35,0.42857142857142855,57,99
v2_no_evolution_s21,v2,no_evolution,21,random_regular,100,4,85,92,3.3549875695958247,30,92,0.32608695652173914,72,48
v2_no_evolution_s21,v2,no_evolution,21,random_regular,100,4,86,15,1.791759469222055,6,15,0.4,98,29
v2_no_evolution_s21,v2,no_evolution,21,random_regular,100,4,87,70,3.2103913397623893,31,70,0.44285714285714284,71,99
v2_no_evolution_s21,v2,no_evolution,21,random_regular,100,4,88,30,2.484906649776,12,30,0.4,72,48
v2_no_evolution_s21,v2,no_evolution,21,random_regular,100,4,89,140,3.6138342074135856,50,140,0.35714285714285715,70,99
v2_no_evolution_s21,v2,no_evolution,21,random_regular,100,4,90,94,3.3457347152500923,38,94,0.40425531914893614,49,99
v2_no_evolution_s21,v2,no_evolution,21,random_regular,100,4,91,115,3.673173853440987,47,115,0.40869565217391307,7,55
v2_no_evolution_s21,v2,no_evolution,21,random_regular,100,4,92,80,2.9650156932365066,22,80,0.275,98,99
v2_no_evolution_s21,v2,no_evolution,21,random_regular,100,4,93,135,3.850278905551626,51,135,0.37777777777777777,88,29
v2_no_evolution_s21,v2,no_evolution,21,random_regular,100,4,94,39,2.3978952727873706,11,39,0.28205128205128205,32,99
v2_no_evolution_s21,v2,no_evolution,21,random_regular,100,4,95,2,-1.000088900581841e-12,1,2,0.5,35,99
v2_no_evolution_s21,v2,no_evolution,21,random_regular,100,4,96,8,1.0986122886651095,3,8,0.375,23,29
v2_no_evolution_s21,v2,no_evolution,21,random_regular,100,4,97,1,-1.000088900581841e-12,1,1,1.0,9,55
v2_no_evolution_s21,v2,no_evolution,21,random_regular,100,4,98,0,0.0,0,0,,48,48
v2_no_evolution_s21,v2,no_evolution,21,random_regular,100,4,99,26,2.61563057701355,15,26,0.5769230769230769,5,94
v2_no_evolution_s21,v2,no_evolution,21,random_regular,100,4,100,115,3.5147109883843117,42,115,0.3652173913043478,80,99
v2_no_evolution_s21,v2,no_evolution,21,random_regular,100,4,101,75,3.042845487793544,30,75,0.4,87,48
v2_no_evolution_s21,v2,no_evolution,21,random_regular,100,4,102,121,3.6979142157259046,48,121,0.39669421487603307,90,48
v2_no_evolution_s21,v2,no_evolution,21,random_regular,100,4,103,14,1.791759469222055,6,14,0.42857142857142855,6,48
v2_no_evolution_s21,v2,no_evolution,21,random_regular,100,4,104,305,4.378718492265069,127,305,0.4163934426229508,54,29
v2_no_evolution_s21,v2,no_evolution,21,random_regular,100,4,105,41,2.751666616915516,17,41,0.4146341463414634,72,55
v2_no_evolution_s21,v2,no_evolution,21,random_regular,100,4,106,66,2.902002313186603,22,66,0.3333333333333333,43,48
v2_no_evolution_s21,v2,no_evolution,21,random_regular,100,4,107,294,4.433030129823835,125,294,0.42517006802721086,12,29
v2_no_evolution_s21,v2,no_evolution,21,random_regular,100,4,108,329,4.550426362222553,116,329,0.3525835866261398,9,48
v2_no_evolution_s21,v2,no_evolution,21,random_regular,100,4,109,0,0.0,0,0,,48,48
v2_no_evolution_s21,v2,no_evolution,21,random_regular,100,4,110,297,4.472764955698633,113,297,0.38047138047138046,4,94
v2_no_evolution_s21,v2,no_evolution,21,random_regular,100,4,111,220,4.438814862565704,100,220,0.45454545454545453,12,48
v2_no_evolution_s21,v2,no_evolution,21,random_regular,100,4,112,6,0.6931471805579453,2,6,0.3333333333333333,11,55
v2_no_evolution_s21,v2,no_evolution,21,random_regular,100,4,113,120,3.726795348248236,48,120,0.4,60,94
v2_no_evolution_s21,v2,no_evolution,21,random_regular,100,4,114,224,4.058924133480831,78,224,0.3482142857142857,60,99
v2_no_evolution_s21,v2,no_evolution,21,random_regular,100,4,115,75,3.322493706775413,34,75,0.4533333333333333,80,99
v2_no_evolution_s21,v2,no_evolution,21,random_regular,100,4,116,91,3.389268031515795,31,91,0.34065934065934067,58,94
v2_no_evolution_s21,v2,no_evolution,21,random_regular,100,4,117,19,1.3862943611158909,4,19,0.21052631578947367,79,94
v2_no_evolution_s21,v2,no_evolution,21,random_regular,100,4,118,4,1.0986122886651095,3,4,0.75,76,29
v2_no_evolution_s21,v2,no_evolution,21,random_regular,100,4,119,6,-1.000088900581841e-12,1,6,0.16666666666666666,58,48
v2_no_evolution_s21,v2,no_evolution,21,random_regular,100,4,120,38,2.0253262207620675,10,38,0.2631578947368421,77,94
v2_no_evolution_s21,v2,no_evolution,21,random_regular,100,4,121,38,2.5649493574485365,13,38,0.34210526315789475,30,55
v2_no_evolution_s21,v2,no_evolution,21,random_regular,100,4,122,163,3.829582380891472,61,163,0.37423312883435583,64,55
v2_no_evolution_s21,v2,no_evolution,21,random_regular,100,4,123,48,3.044522437702424,21,48,0.4375,15,48
v2_no_evolution_s21,v2,no_evolution,21,random_regular,100,4,124,35,2.341994252221425,14,35,0.4,90,99
v2_no_evolution_s21,v2,no_evolution,21,random_regular,100,4,125,7,1.3862943611158909,4,7,0.5714285714285714,18,29
v2_no_evolution_s21,v2,no_evolution,21,random_regular,100,4,126,94,3.3176975995541462,35,94,0.3723404255319149,39,55
v2_no_evolution_s21,v2,no_evolution,21,random_regular,100,4,127,407,4.464522877726765,141,407,0.3464373464373464,17,48
v2_no_evolution_s21,v2,no_evolution,21,random_regular,100,4,128,218,4.195658635869781,80,218,0.3669724770642202,4,48
v2_no_evolution_s21,v2,no_evolution,21,random_regular,100,4,129,238,4.236819962343552,84,238,0.35294117647058826,21,48
v2_no_evolution_s21,v2,no_evolution,21,random_regular,100,4,130,0,0.0,0,0,,99,99
v2_no_evolution_s21,v2,no_evolution,21,random_regular,100,4,131,37,2.5649493574485365,13,37,0.35135135135135137,97,55
v2_no_evolution_s21,v2,no_evolution,21,random_regular,100,4,132,19,1.9061547465328492,8,19,0.42105263157894735,98,48
v2_no_evolution_s21,v2,no_evolution,21,random_regular,100,4,133,0,0.0,0,0,,48,48
v2_no_evolution_s21,v2,no_evolution,21,random_regular,100,4,134,22,2.0253262207620675,10,22,0.45454545454545453,40,48
v2_no_evolution_s21,v2,no_evolution,21,random_regular,100,4,135,288,4.230123137743387,109,288,0.3784722222222222,24,94
v2_no_evolution_s21,v2,no_evolution,21,random_regular,100,4,136,278,4.131282914359771,94,278,0.3381294964028777,40,94
v2_no_evolution_s21,v2,no_evolution,21,random_regular,100,4,137,23,2.3516733018936304,13,23,0.5652173913043478,86,29
v2_no_evolution_s21,v2,no_evolution,21,random_regular,100,4,138,232,4.097038632597528,81,232,0.34913793103448276,95,48
v2_no_evolution_s21,v2,no_evolution,21,random_regular,100,4,139,22,2.639057329601259,14,22,0.6363636363636364,47,94
v2_no_evolution_s21,v2,no_evolution,21,random_regular,100,4,140,55,2.813355404483615,18,55,0.32727272727272727,14,29
v2_no_evolution_s21,v2,no_evolution,21,random_regular,100,4,141,0,0.0,0,0,,99,99
v2_no_evolution_s21,v2,no_evolution,21,random_regular,100,4,142,0,0.0,0,0,,55,55
v2_no_evolution_s21,v2,no_evolution,21,random_regular,100,4,143,316,4.385203260594411,108,316,0.34177215189873417,61,94
v2_no_evolution_s21,v2,no_evolution,21,random_regular,100,4,144,158,3.6507469498543608,56,158,0.35443037974683544,13,99
v2_no_evolution_s21,v2,no_evolution,21,random_regular,100,4,145,11,1.3862943611158909,4,11,0.36363636363636365,69,99
v2_no_evolution_s21,v2,no_evolution,21,random_regular,100,4,146,117,3.66448190441264,43,117,0.36752136752136755,4,48
v2_no_evolution_s21,v2,no_evolution,21,random_regular,100,4,147,146,3.757934986332627,54,146,0.3698630136986301,54,48
v2_no_evolution_s21,v2,no_evolution,21,random_regular,100,4,148,28,2.2718685126865625,11,28,0.39285714285714285,22,55
v2_no_evolution_s21,v2,no_evolution,21,random_regular,100,4,149,104,3.6478203928247614,46,104,0.4423076923076923,39,99
v2_no_evolution_s21,v2,no_evolution,21,random_regular,100,4,150,12,1.791759469222055,6,12,0.5,77,94
v2_no_evolution_s21,v2,no_evolution,21,random_regular,100,4,151,12,1.3862943611158909,4,12,0.3333333333333333,71,29
v2_no_evolution_s21,v2,no_evolution,21,random_regular,100,4,152,126,3.6654865248255626,49,126,0.3888888888888889,5,29
v2_no_evolution_s21,v2,no_evolution,21,random_regular,100,4,153,61,3.244492630381296,27,61,0.4426229508196721,91,99
v2_no_evolution_s21,v2,no_evolution,21,random_regular,100,4,154,98,3.271689322296034,29,98,0.29591836734693877,86,94
v2_no_evolution_s21,v2,no_evolution,21,random_regular,100,4,155,2,-1.000088900581841e-12,1,2,0.5,86,94
v2_no_evolution_s21,v2,no_evolution,21,random_regular,100,4,156,98,3.3478774190495697,34,98,0.3469387755102041,38,29
v2_no_evolution_s21,v2,no_evolution,21,random_regular,100,4,157,13,1.6094379124291005,5,13,0.38461538461538464,85,48
v2_no_evolution_s21,v2,no_evolution,21,random_regular,100,4,158,135,3.721176253825357,44,135,0.32592592592592595,11,99
v2_no_evolution_s21,v2,no_evolution,21,random_regular,100,4,159,33,1.791759469222055,6,33,0.18181818181818182,81,48
v2_no_evolution_s21,v2,no_evolution,21,random_regular,100,4,160,44,2.7080502010872096,15,44,0.3409090909090909,47,94
v2_no_evolution_s21,v2,no_evolution,21,random_regular,100,4,161,87,3.1656721668240384,31,87,0.3563218390804598,59,29
v2_no_evolution_s21,v2,no_evolution,21,random_regular,100,4,162,173,3.854574699589376,60,173,0.3468208092485549,97,94
v2_no_evolution_s21,v2,no_evolution,21,random_regular,100,4,163,236,3.991950172451944,89,236,0.3771186440677966,82,94
v2_no_evolution_s21,v2,no_evolution,21,random_regular,100,4,164,54,2.5993019270857944,16,54,0.2962962962962963,20,99
v2_no_evolution_s21,v2,no_evolution,21,random_regular,100,4,165,115,3.41372852038248,45,115,0.391304347826087,97,94
v2_no_evolution_s21,v2,no_evolution,21,random_regular,100,4,166,148,3.906511777100024,55,148,0.3716216216216216,50,48
v2_no_evolution_s21,v2,no_evolution,21,random_regular,100,4,167,389,4.643318798757536,135,389,0.34704370179948585,74,99
v2_no_evolution_s21,v2,no_evolution,21,random_regular,100,4,168,150,3.604670128260455,52,150,0.3466666666666667,41,94
v2_no_evolution_s21,v2,no_evolution,21,random_regular,100,4,169,116,3.605641583852999,42,116,0.3620689655172414,33,94
v2_no_evolution_s21,v2,no_evolution,21,random_regular,100,4,170,12,1.3862943611158909,4,12,0.3333333333333333,14,29
v2_no_evolution_s21,v2,no_evolution,21,random_regular,100,4,171,37,2.242973226428147,14,37,0.3783783783783784,32,99
v2_no_evolution_s21,v2,no_evolution,21,random_regular,100,4,172,22,2.079441541671836,8,22,0.36363636363636365,96,48
v2_no_evolution_s21,v2,no_evolution,21,random_regular,100,4,173,135,3.8272853288145208,58,135,0.42962962962962964,35,29
v2_no_evolution_s21,v2,no_evolution,21,random_regular,100,4,174,61,2.954673212284816,23,61,0.3770491803278688,11,94
v2_no_evolution_s21,v2,no_evolution,21,random_regular,100,4,175,3,-1.000088900581841e-12,1,3,0.3333333333333333,78,94
v2_no_evolution_s21,v2,no_evolution,21,random_regular,100,4,176,94,3.446277940884956,40,94,0.425531914893617,87,48
v2_no_evolution_s21,v2,no_evolution,21,random_regular,100,4,177,80,3.128620949955629,34,80,0.425,45,48
v2_no_evolution_s21,v2,no_evolution,21,random_regular,100,4,178,130,3.520191582874101,50,130,0.38461538461538464,56,99
v2_no_evolution_s21,v2,no_evolution,21,random_regular,100,4,179,85,3.389268031515795,31,85,0.36470588235294116,45,99
v2_no_evolution_s21,v2,no_evolution,21,random_regular,100,4,180,0,0.0,0,0,,99,99
v2_no_evolution_s21,v2,no_evolution,21,random_regular,100,4,181,27,2.484906649776,12,27,0.4444444444444444,88,99
v2_no_evolution_s21,v2,no_evolution,21,random_regular,100,4,182,120,3.74504940701088,45,120,0.375,22,29
v2_no_evolution_s21,v2,no_evolution,21,random_regular,100,4,183,4,-1.000088900581841e-12,1,4,0.25,3,99
v2_no_evolution_s21,v2,no_evolution,21,random_regular,100,4,184,215,4.037740432973007,77,215,0.3581395348837209,53,94
v2_no_evolution_s21,v2,no_evolution,21,random_regular,100,4,185,327,4.42901218967001,136,327,0.41590214067278286,95,55
v2_no_evolution_s21,v2,no_evolution,21,random_regular,100,4,186,0,0.0,0,0,,99,99
v2_no_evolution_s21,v2,no_evolution,21,random_regular,100,4,187,123,3.445338727094988,44,123,0.35772357723577236,8,55
v2_no_evolution_s21,v2,no_evolution,21,random_regular,100,4,188,129,3.5512881616428524,47,129,0.3643410852713178,32,99
v2_no_evolution_s21,v2,no_evolution,21,random_regular,100,4,189,16,1.6094379124291005,5,16,0.3125,76,99
v2_no_evolution_s21,v2,no_evolution,21,random_regular,100,4,190,68,3.2238860684653137,29,68,0.4264705882352941,87,99
v2_no_evolution_s21,v2,no_evolution,21,random_regular,100,4,191,56,2.725550395815721,19,56,0.3392857142857143,47,99
v2_no_evolution_s21,v2,no_evolution,21,random_regular,100,4,192,3,-1.000088900581841e-12,1,3,0.3333333333333333,25,29
v2_no_evolution_s21,v2,no_evolution,21,random_regular,100,4,193,90,3.4294862316330117,36,90,0.4,7,55
v2_no_evolution_s21,v2,no_evolution,21,random_regular,100,4,194,116,3.6718085877683393,45,116,0.3879310344827586,18,48
v2_no_evolution_s21,v2,no_evolution,21,random_regular,100,4,195,27,2.197224577327219,9,27,0.3333333333333333,82,48
v2_no_evolution_s21,v2,no_evolution,21,random_regular,100,4,196,120,3.621267170902904,52,120,0.43333333333333335,97,99
v2_no_evolution_s21,v2,no_evolution,21,random_regular,100,4,197,49,2.61563057701355,15,49,0.30612244897959184,63,94
v2_no_evolution_s21,v2,no_evolution,21,random_regular,100,4,198,89,3.370480801334671,33,89,0.3707865168539326,95,94
v2_no_evolution_s21,v2,no_evolution,21,random_regular,100,4,199,2,-1.000088900581841e-12,1,2,0.5,58,48
v2_no_evolution_s21,v2,no_evolution,21,random_regular,100,4,200,318,4.317975719958149,120,318,0.37735849056603776,72,94
v2_no_evolution_s21,v2,no_evolution,21,random_regular,100,4,201,129,3.7225730880950256,54,129,0.4186046511627907,95,29
v2_no_evolution_s21,v2,no_evolution,21,random_regular,100,4,202,21,2.302585092984045,10,21,0.47619047619047616,13,99
v2_no_evolution_s21,v2,no_evolution,21,random_regular,100,4,203,0,0.0,0,0,,99,99
v2_no_evolution_s21,v2,no_evolution,21,random_regular,100,4,204,26,1.7328679513938632,8,26,0.3076923076923077,88,29
v2_no_evolution_s21,v2,no_evolution,21,random_regular,100,4,205,37,2.639057329601259,14,37,0.3783783783783784,80,55
v2_no_evolution_s21,v2,no_evolution,21,random_regular,100,4,206,144,3.491116324199872,43,144,0.2986111111111111,0,99
v2_no_evolution_s21,v2,no_evolution,21,random_regular,100,4,207,133,3.755279664983855,55,133,0.41353383458646614,17,99
v2_no_evolution_s21,v2,no_evolution,21,random_regular,100,4,208,47,2.4665771435919366,21,47,0.44680851063829785,62,55
v2_no_evolution_s21,v2,no_evolution,21,random_regular,100,4,209,0,0.0,0,0,,29,29
v2_no_evolution_s21,v2,no_evolution,21,random_regular,100,4,210,1,-1.000088900581841e-12,1,1,1.0,51,29
v2_no_evolution_s21,v2,no_evolution,21,random_regular,100,4,211,0,0.0,0,0,,48,48
v2_no_evolution_s21,v2,no_evolution,21,random_regular,100,4,212,45,2.751666616915516,17,45,0.37777777777777777,77,29
v2_no_evolution_s21,v2,no_evolution,21,random_regular,100,4,213,142,3.856101073061301,55,142,0.3873239436619718,39,48
v2_no_evolution_s21,v2,no_evolution,21,random_regular,100,4,214,329,4.540194203630554,119,329,0.3617021276595745,77,48
v2_no_evolution_s21,v2,no_evolution,21,random_regular,100,4,215,9,1.9459101490483133,7,9,0.7777777777777778,19,99
v2_no_evolution_s21,v2,no_evolution,21,random_regular,100,4,216,43,2.484906649776,12,43,0.27906976744186046,20,48
v2_no_evolution_s21,v2,no_evolution,21,random_regular,100,4,217,85,3.6888794540739367,40,85,0.47058823529411764,21,94
v2_no_evolution_s21,v2,no_evolution,21,random_regular,100,4,218,10,1.3862943611158909,4,10,0.4,1,99
v2_no_evolution_s21,v2,no_evolution,21,random_regular,100,4,219,172,3.94769171011078,71,172,0.4127906976744186,26,94
v2_no_evolution_s21,v2,no_evolution,21,random_regular,100,4,220,128,3.584686979329951,47,128,0.3671875,79,55
v2_no_evolution_s21,v2,no_evolution,21,random_regular,100,4,221,45,2.540036303807981,14,45,0.3111111111111111,81,94
v2_no_evolution_s21,v2,no_evolution,21,random_regular,100,4,222,110,2.9709304230890545,35,110,0.3181818181818182,19,48
v2_no_evolution_s21,v2,no_evolution,21,random_regular,100,4,223,17,1.0986122886651095,3,17,0.17647058823529413,3,29
v2_no_evolution_s21,v2,no_evolution,21,random_regular,100,4,224,24,2.079441541671836,8,24,0.3333333333333333,56,94
v2_no_evolution_s21,v2,no_evolution,21,random_regular,100,4,225,2,-1.000088900581841e-12,1,2,0.5,67,55
v2_no_evolution_s21,v2,no_evolution,21,random_regular,100,4,226,109,3.5924696275736783,39,109,0.3577981651376147,8,94
v2_no_evolution_s21,v2,no_evolution,21,random_regular,100,4,227,1,-1.000088900581841e-12,1,1,1.0,34,48
v2_no_evolution_s21,v2,no_evolution,21,random_regular,100,4,228,24,2.079441541671836,8,24,0.3333333333333333,79,48
v2_no_evolution_s21,v2,no_evolution,21,random_regular,100,4,229,7,1.0986122886651095,3,7,0.42857142857142855,49,55
v2_no_evolution_s21,v2,no_evolution,21,random_regular,100,4,230,297,4.218426215100262,92,297,0.30976430976430974,20,99
v2_no_evolution_s21,v2,no_evolution,21,random_regular,100,4,231,33,2.772588722223781,16,33,0.48484848484848486,40,94
v2_no_evolution_s21,v2,no_evolution,21,random_regular,100,4,232,180,4.084125235463182,72,180,0.4,9,48
v2_no_evolution_s21,v2,no_evolution,21,random_regular,100,4,233,112,3.68343632429644,45,112,0.4017857142857143,79,55
v2_no_evolution_s21,v2,no_evolution,21,random_regular,100,4,234,57,2.813355404483615,18,57,0.3157894736842105,90,99
v2_no_evolution_s21,v2,no_evolution,21,random_regular,100,4,235,13,1.791759469222055,6,13,0.46153846153846156,95,99
v2_no_evolution_s21,v2,no_evolution,21,random_regular,100,4,236,54,2.8997571011230594,25,54,0.46296296296296297,23,94
v2_no_evolution_s21,v2,no_evolution,21,random_regular,100,4,237,229,4.145298946022577,83,229,0.3624454148471616,60,29
v2_no_evolution_s21,v2,no_evolution,21,random_regular,100,4,238,68,3.060287092585695,30,68,0.4411764705882353,67,55
v2_no_evolution_s21,v2,no_evolution,21,random_regular,100,4,239,145,3.6829839202062256,57,145,0.3931034482758621,24,94
v2_no_evolution_s21,v2,no_evolution,21,random_regular,100,4,240,211,4.151132790135923,75,211,0.35545023696682465,44,29
v2_no_evolution_s21,v2,no_evolution,21,random_regular,100,4,241,10,1.6094379124291005,5,10,0.5,17,94
v2_no_evolution_s21,v2,no_evolution,21,random_regular,100,4,242,0,0.0,0,0,,48,48
v2_no_evolution_s21,v2,no_evolution,21,random_regular,100,4,243,184,3.945246081360926,69,184,0.375,17,99
v2_no_evolution_s21,v2,no_evolution,21,random_regular,100,4,244,1,-1.000088900581841e-12,1,1,1.0,83,55
v2_no_evolution_s21,v2,no_evolution,21,random_regular,100,4,245,183,3.97438884839589,65,183,0.3551912568306011,76,55
v2_no_evolution_s21,v2,no_evolution,21,random_regular,100,4,246,190,3.91243798774287,64,190,0.3368421052631579,89,55
v2_no_evolution_s21,v2,no_evolution,21,random_regular,100,4,247,64,2.954673212284816,23,64,0.359375,50,99
v2_no_evolution_s21,v2,no_evolution,21,random_regular,100,4,248,22,2.484906649776,12,22,0.5454545454545454,24,48
v2_no_evolution_s21,v2,no_evolution,21,random_regular,100,4,249,1,-1.000088900581841e-12,1,1,1.0,3,99
v2_no_evolution_s21,v2,no_evolution,21,random_regular,100,4,250,5,1.0986122886651095,3,5,0.6,79,94
v2_no_evolution_s21,v2,no_evolution,21,random_regular,100,4,251,41,2.685945324654788,16,41,0.3902439024390244,77,29
v2_no_evolution_s21,v2,no_evolution,21,random_regular,100,4,252,37,2.5649493574485365,13,37,0.35135135135135137,65,29
v2_no_evolution_s21,v2,no_evolution,21,random_regular,100,4,253,20,1.3321790402061222,5,20,0.25,0,29
v2_no_evolution_s21,v2,no_evolution,21,random_regular,100,4,254,67,2.6895357734519942,21,67,0.31343283582089554,15,94
v2_no_evolution_s21,v2,no_evolution,21,random_regular,100,4,255,0,0.0,0,0,,48,48
v2_no_evolution_s21,v2,no_evolution,21,random_regular,100,4,256,7,1.0986122886651095,3,7,0.42857142857142855,27,99
v2_no_evolution_s21,v2,no_evolution,21,random_regular,100,4,257,126,3.689669563800905,44,126,0.3492063492063492,83,55
v2_no_evolution_s21,v2,no_evolution,21,random_regular,100,4,258,13,2.1639556568730565,10,13,0.7692307692307693,20,29
v2_no_evolution_s21,v2,no_evolution,21,random_regular,100,4,259,57,2.902002313186603,22,57,0.38596491228070173,69,99
v2_no_evolution_s21,v2,no_evolution,21,random_regular,100,4,260,19,1.0986122886651095,3,19,0.15789473684210525,44,48
v2_no_evolution_s21,v2,no_evolution,21,random_regular,100,4,261,33,2.2718685126865625,11,33,0.3333333333333333,12,48
v2_no_evolution_s21,v2,no_evolution,21,random_regular,100,4,262,28,2.1458417525857545,11,28,0.39285714285714285,27,55
v2_no_evolution_s21,v2,no_evolution,21,random_regular,100,4,263,11,1.791759469222055,6,11,0.5454545454545454,62,55
v2_no_evolution_s21,v2,no_evolution,21,random_regular,100,4,264,42,2.5649493574485365,13,42,0.30952380952380953,77,55
v2_no_evolution_s21,v2,no_evolution,21,random_regular,100,4,265,7,1.0986122886651095,3,7,0.42857142857142855,80,48
v2_no_evolution_s21,v2,no_evolution,21,random_regular,100,4,266,50,2.557793860093732,17,50,0.34,65,48
v2_no_evolution_s21,v2,no_evolution,21,random_regular,100,4,267,62,2.912494403312053,21,62,0.3387096774193548,97,29
v2_no_evolution_s21,v2,no_evolution,21,random_regular,100,4,268,393,4.6474879421155455,154,393,0.39185750636132316,32,29
v2_no_evolution_s21,v2,no_evolution,21,random_regular,100,4,269,281,4.303455560312727,107,281,0.3807829181494662,44,94
v2_no_evolution_s21,v2,no_evolution,21,random_regular,100,4,270,69,2.540036303807981,14,69,0.2028985507246377,93,48
v2_no_evolution_s21,v2,no_evolution,21,random_regular,100,4,271,69,3.271689322296034,29,69,0.42028985507246375,31,94
v2_no_evolution_s21,v2,no_evolution,21,random_regular,100,4,272,45,2.302585092984045,10,45,0.2222222222222222,70,94
v2_no_evolution_s21,v2,no_evolution,21,random_regular,100,4,273,190,3.8707731314642913,63,190,0.33157894736842103,54,99
v2_no_evolution_s21,v2,no_evolution,21,random_regular,100,4,274,72,3.0904599235931967,27,72,0.375,18,48
v2_no_evolution_s21,v2,no_evolution,21,random_regular,100,4,275,211,4.045617058769408,72,211,0.3412322274881517,87,99
v2_no_evolution_s21,v2,no_evolution,21,random_regular,100,4,276,4,0.6931471805579453,2,4,0.5,93,94
v2_no_evolution_s21,v2,no_evolution,21,random_regular,100,4,277,0,0.0,0,0,,99,99
v2_no_evolution_s21,v2,no_evolution,21,random_regular,100,4,278,22,1.9459101490483133,7,22,0.3181818181818182,25,99
v2_no_evolution_s21,v2,no_evolution,21,random_regular,100,4,279,51,2.5649493574485365,13,51,0.2549019607843137,97,55
v2_no_evolution_s21,v2,no_evolution,21,random_regular,100,4,280,210,3.9810690420939534,79,210,0.3761904761904762,40,55
v2_no_evolution_s21,v2,no_evolution,21,random_regular,100,4,281,128,3.3166689368017552,42,128,0.328125,72,94
v2_no_evolution_s21,v2,no_evolution,21,random_regular,100,4,282,34,2.484906649776,12,34,0.35294117647058826,62,55
v2_no_evolution_s21,v2,no_evolution,21,random_regular,100,4,283,180,3.749258464882852,69,180,0.38333333333333336,3,55
v2_no_evolution_s21,v2,no_evolution,21,random_regular,100,4,284,5,1.3862943611158909,4,5,0.8,98,99
v2_no_evolution_s21,v2,no_evolution,21,random_regular,100,4,285,175,3.939818207043936,62,175,0.35428571428571426,67,99
v2_no_evolution_s21,v2,no_evolution,21,random_regular,100,4,286,0,0.0,0,0,,48,48
v2_no_evolution_s21,v2,no_evolution,21,random_regular,100,4,287,9,0.6931471805579453,2,9,0.2222222222222222,57,94
v2_no_evolution_s21,v2,no_evolution,21,random_regular,100,4,288,1,-1.000088900581841e-12,1,1,1.0,9,55
v2_no_evolution_s21,v2,no_evolution,21,random_regular,100,4,289,164,3.9770920525839393,67,164,0.40853658536585363,25,48
v2_no_evolution_s21,v2,no_evolution,21,random_regular,100,4,290,10,1.3862943611158909,4,10,0.4,30,99
v2_no_evolution_s21,v2,no_evolution,21,random_regular,100,4,291,142,3.4641255137043623,41,142,0.2887323943661972,37,99
v2_no_evolution_s21,v2,no_evolution,21,random_regular,100,4,292,79,3.110236521363716,29,79,0.3670886075949367,39,55
v2_no_evolution_s21,v2,no_evolution,21,random_regular,100,4,293,155,4.048719425223112,68,155,0.43870967741935485,88,99
v2_no_evolution_s21,v2,no_evolution,21,random_regular,100,4,294,144,3.576171765304929,46,144,0.3194444444444444,10,99
v2_no_evolution_s21,v2,no_evolution,21,random_regular,100,4,295,111,3.68343632429644,45,111,0.40540540540540543,45,94
v2_no_evolution_s21,v2,no_evolution,21,random_regular,100,4,296,28,2.3978952727873706,11,28,0.39285714285714285,90,94
v2_no_evolution_s21,v2,no_evolution,21,random_regular,100,4,297,66,2.689178166502139,22,66,0.3333333333333333,54,55
v2_no_evolution_s21,v2,no_evolution,21,random_regular,100,4,298,265,4.301548784709796,103,265,0.3886792452830189,33,29
v2_no_evolution_s21,v2,no_evolution,21,random_regular,100,4,299,120,3.5677636931747174,43,120,0.35833333333333334,57,94
v2_no_evolution_s21,v2,no_evolution,21,random_regular,100,4,300,68,3.0280290732864104,22,68,0.3235294117647059,75,94
v2_no_evolution_s21,v2,no_evolution,21,random_regular,100,4,301,56,2.76162571218078,20,56,0.35714285714285715,70,94
v2_no_evolution_s21,v2,no_evolution,21,random_regular,100,4,302,16,1.039720770836918,4,16,0.25,69,48
v2_no_evolution_s21,v2,no_evolution,21,random_regular,100,4,303,136,3.795914420803827,51,136,0.375,41,48
v2_no_evolution_s21,v2,no_evolution,21,random_regular,100,4,304,346,4.494876879966975,121,346,0.34971098265895956,22,94
v2_no_evolution_s21,v2,no_evolution,21,random_regular,100,4,305,49,2.3978952727873706,11,49,0.22448979591836735,26,48
v2_no_evolution_s21,v2,no_evolution,21,random_regular,100,4,306,32,2.7080502010872096,15,32,0.46875,61,99
v2_no_evolution_s21,v2,no_evolution,21,random_regular,100,4,307,74,2.912494403312053,21,74,0.28378378378378377,18,99
v2_no_evolution_s21,v2,no_evolution,21,random_regular,100,4,308,34,2.3978952727873706,11,34,0.3235294117647059,85,29
v2_no_evolution_s21,v2,no_evolution,21,random_regular,100,4,309,22,1.6094379124291005,5,22,0.22727272727272727,43,94
v2_no_evolution_s21,v2,no_evolution,21,random_regular,100,4,310,220,4.079834353616916,76,220,0.34545454545454546,90,99
v2_no_evolution_s21,v2,no_evolution,21,random_regular,100,4,311,6,1.0986122886651095,3,6,0.5,32,94
v2_no_evolution_s21,v2,no_evolution,21,random_regular,100,4,312,99,3.37644338427611,36,99,0.36363636363636365,60,94
v2_no_evolution_s21,v2,no_evolution,21,random_regular,100,4,313,243,4.01369105965443,66,243,0.2716049382716049,46,94
v2_no_evolution_s21,v2,no_evolution,21,random_regular,100,4,314,73,2.954673212284816,23,73,0.3150684931506849,2,48
v2_no_evolution_s21,v2,no_evolution,21,random_regular,100,4,315,2,-1.000088900581841e-12,1,2,0.5,86,94
v2_no_evolution_s21,v2,no_evolution,21,random_regular,100,4,316,131,3.6266561837520017,44,131,0.33587786259541985,22,94
v2_no_evolution_s21,v2,no_evolution,21,random_regular,100,4,317,65,3.1418041591892294,27,65,0.4153846153846154,76,94
v2_no_evolution_s21,v2,no_evolution,21,random_regular,100,4,318,42,2.369382119683676,12,42,0.2857142857142857,44,94
v2_no_evolution_s21,v2,no_evolution,21,random_regular,100,4,319,63,2.9785084205072385,21,63,0.3333333333333333,46,48
v2_no_evolution_s21,v2,no_evolution,21,random_regular,100,4,320,178,3.605274101124111,57,178,0.3202247191011236,58,55
v2_no_evolution_s21,v2,no_evolution,21,random_regular,100,4,321,18,1.6094379124291005,5,18,0.2777777777777778,60,29
v2_no_evolution_s21,v2,no_evolution,21,random_regular,100,4,322,87,3.322493706775413,34,87,0.39080459770114945,40,55
v2_no_evolution_s21,v2,no_evolution,21,random_regular,100,4,323,84,3.104074021506185,31,84,0.36904761904761907,80,48
v2_no_evolution_s21,v2,no_evolution,21,random_regular,100,4,324,0,0.0,0,0,,94,94
v2_no_evolution_s21,v2,no_evolution,21,random_regular,100,4,325,11,1.6094379124291005,5,11,0.45454545454545453,6,48
v2_no_evolution_s21,v2,no_evolution,21,random_regular,100,4,326,108,3.407599532270442,42,108,0.3888888888888889,39,99
v2_no_evolution_s21,v2,no_evolution,21,random_regular,100,4,327,30,2.5649493574485365,13,30,0.43333333333333335,36,48
v2_no_evolution_s21,v2,no_evolution,21,random_regular,100,4,328,89,3.120291565278284,24,89,0.2696629213483146,73,29
v2_no_evolution_s21,v2,no_evolution,21,random_regular,100,4,329,55,3.0280290732864104,22,55,0.4,42,29
v2_no_evolution_s21,v2,no_evolution,21,random_regular,100,4,330,118,3.7545647056209694,52,118,0.4406779661016949,7,94
v2_no_evolution_s21,v2,no_evolution,21,random_regular,100,4,331,57,2.871476118036867,19,57,0.3333333333333333,6,29
v2_no_evolution_s21,v2,no_evolution,21,random_regular,100,4,332,138,3.911967693117725,54,138,0.391304347826087,75,94
v2_no_evolution_s21,v2,no_evolution,21,random_regular,100,4,333,83,3.3445488585774434,31,83,0.37349397590361444,19,99
v2_no_evolution_s21,v2,no_evolution,21,random_regular,100,4,334,0,0.0,0,0,,48,48
v2_no_evolution_s21,v2,no_evolution,21,random_regular,100,4,335,35,2.197224577327219,9,35,0.2571428571428571,57,94
v2_no_evolution_s21,v2,no_evolution,21,random_regular,100,4,336,76,2.857102837424001,20,76,0.2631578947368421,56,99
v2_no_evolution_s21,v2,no_evolution,21,random_regular,100,4,337,15,1.0986122886651095,3,15,0.2,46,48
v2_no_evolution_s21,v2,no_evolution,21,random_regular,100,4,338,0,0.0,0,0,,94,94
v2_no_evolution_s21,v2,no_evolution,21,random_regular,100,4,339,14,1.791759469222055,6,14,0.42857142857142855,82,94
v2_no_evolution_s21,v2,no_evolution,21,random_regular,100,4,340,89,2.9237911981731965,32,89,0.3595505617977528,42,94
v2_no_evolution_s21,v2,no_evolution,21,random_regular,100,4,341,117,3.731290168531232,51,117,0.4358974358974359,60,94
v2_no_evolution_s21,v2,no_evolution,21,random_regular,100,4,342,27,2.3978952727873706,11,27,0.4074074074074074,22,29
v2_no_evolution_s21,v2,no_evolution,21,random_regular,100,4,343,37,2.484906649776,12,37,0.32432432432432434,0,48
v2_no_evolution_s21,v2,no_evolution,21,random_regular,100,4,344,1,-1.000088900581841e-12,1,1,1.0,34,48
v2_no_evolution_s21,v2,no_evolution,21,random_regular,100,4,345,181,4.0457021944815565,69,181,0.3812154696132597,90,55
v2_no_evolution_s21,v2,no_evolution,21,random_regular,100,4,346,181,3.97438884839589,65,181,0.35911602209944754,85,99
v2_no_evolution_s21,v2,no_evolution,21,random_regular,100,4,347,3,0.6931471805579453,2,3,0.6666666666666666,11,29
v2_no_evolution_s21,v2,no_evolution,21,random_regular,100,4,348,32,2.3383717047925727,15,32,0.46875,64,94
v2_no_evolution_s21,v2,no_evolution,21,random_regular,100,4,349,1,-1.000088900581841e-12,1,1,1.0,9,55
v2_no_evolution_s21,v2,no_evolution,21,random_regular,100,4,350,31,2.369382119683676,12,31,0.3870967741935484,0,29
v2_no_evolution_s21,v2,no_evolution,21,random_regular,100,4,351,33,2.7080502010872096,15,33,0.45454545454545453,32,29
v2_no_evolution_s21,v2,no_evolution,21,random_regular,100,4,352,17,1.6094379124291005,5,17,0.29411764705882354,31,55
v2_no_evolution_s21,v2,no_evolution,21,random_regular,100,4,353,22,1.9459101490483133,7,22,0.3181818181818182,58,48
v2_no_evolution_s21,v2,no_evolution,21,random_regular,100,4,354,28,2.369382119683676,12,28,0.42857142857142855,26,48
v2_no_evolution_s21,v2,no_evolution,21,random_regular,100,4,355,296,4.138016435298117,89,296,0.30067567567567566,60,29
v2_no_evolution_s21,v2,no_evolution,21,random_regular,100,4,356,51,2.8152049266019468,22,51,0.43137254901960786,71,29
v2_no_evolution_s21,v2,no_evolution,21,random_regular,100,4,357,48,2.253857589591352,12,48,0.25,24,99
v2_no_evolution_s21,v2,no_evolution,21,random_regular,100,4,358,175,3.692897087045439,58,175,0.3314285714285714,63,29
v2_no_evolution_s21,v2,no_evolution,21,random_regular,100,4,359,7,1.791759469222055,6,7,0.8571428571428571,91,99
v2_no_evolution_s21,v2,no_evolution,21,random_regular,100,4,360,206,3.8810284547335954,65,206,0.3155339805825243,3,94
v2_no_evolution_s21,v2,no_evolution,21,random_regular,100,4,361,221,4.138967939760628,77,221,0.34841628959276016,45,29
v2_no_evolution_s21,v2,no_evolution,21,random_regular,100,4,362,232,4.312176493013794,85,232,0.36637931034482757,98,99
v2_no_evolution_s21,v2,no_evolution,21,random_regular,100,4,363,238,4.205109193242135,90,238,0.37815126050420167,80,29
v2_no_evolution_s21,v2,no_evolution,21,random_regular,100,4,364,442,4.572801432092042,146,442,0.33031674208144796,72,29
v2_no_evolution_s21,v2,no_evolution,21,random_regular,100,4,365,0,0.0,0,0,,29,29
v2_no_evolution_s21,v2,no_evolution,21,random_regular,100,4,366,136,3.675018539949934,57,136,0.41911764705882354,70,29
v2_no_evolution_s21,v2,no_evolution,21,random_regular,100,4,367,0,0.0,0,0,,55,55
v2_no_evolution_s21,v2,no_evolution,21,random_regular,100,4,368,15,1.791759469222055,6,15,0.4,98,99
v2_no_evolution_s21,v2,no_evolution,21,random_regular,100,4,369,65,2.925202764151108,24,65,0.36923076923076925,72,48
v2_no_evolution_s21,v2,no_evolution,21,random_regular,100,4,370,70,3.151458510219029,26,70,0.37142857142857144,20,55
v2_no_evolution_s21,v2,no_evolution,21,random_regular,100,4,371,80,3.2826939972510645,28,80,0.35,91,48
v2_no_evolution_s21,v2,no_evolution,21,random_regular,100,4,372,10,1.3862943611158909,4,10,0.4,18,48
v2_no_evolution_s21,v2,no_evolution,21,random_regular,100,4,373,9,1.6094379124291005,5,9,0.5555555555555556,62,99
v2_no_evolution_s21,v2,no_evolution,21,random_regular,100,4,374,28,2.1639556568730565,10,28,0.35714285714285715,15,48
v2_no_evolution_s21,v2,no_evolution,21,random_regular,100,4,375,72,2.9957322735339904,20,72,0.2777777777777778,79,48
v2_no_evolution_s21,v2,no_evolution,21,random_regular,100,4,376,238,4.16415308600448,76,238,0.31932773109243695,35,29
v2_no_evolution_s21,v2,no_evolution,21,random_regular,100,4,377,10,1.791759469222055,6,10,0.6,91,99
v2_no_evolution_s21,v2,no_evolution,21,random_regular,100,4,378,223,4.276404670982116,88,223,0.39461883408071746,38,99
v2_no_evolution_s21,v2,no_evolution,21,random_regular,100,4,379,78,3.244492630381296,27,78,0.34615384615384615,40,48
v2_no_evolution_s21,v2,no_evolution,21,random_regular,100,4,380,167,4.113559168784705,69,167,0.41317365269461076,82,94
v2_no_evolution_s21,v2,no_evolution,21,random_regular,100,4,381,40,2.772588722223781,16,40,0.4,39,94
v2_no_evolution_s21,v2,no_evolution,21,random_regular,100,4,382,123,3.5006294236541926,44,123,0.35772357723577236,2,99
v2_no_evolution_s21,v2,no_evolution,21,random_regular,100,4,383,3,0.6931471805579453,2,3,0.6666666666666666,24,94
v2_no_evolution_s21,v2,no_evolution,21,random_regular,100,4,384,74,3.2238860684653137,29,74,0.3918918918918919,79,48
v2_no_evolution_s21,v2,no_evolution,21,random_regular,100,4,385,221,4.013103055665074,69,221,0.31221719457013575,96,48
v2_no_evolution_s21,v2,no_evolution,21,random_regular,100,4,386,1,-1.000088900581841e-12,1,1,1.0,58,48
v2_no_evolution_s21,v2,no_evolution,21,random_regular,100,4,387,42,2.369382119683676,12,42,0.2857142857142857,4,29
v2_no_evolution_s21,v2,no_evolution,21,random_regular,100,4,388,25,2.0253262207620675,10,25,0.4,64,55
v2_no_evolution_s21,v2,no_evolution,21,random_regular,100,4,389,0,0.0,0,0,,29,29
v2_no_evolution_s21,v2,no_evolution,21,random_regular,100,4,390,66,3.3322045101472035,28,66,0.42424242424242425,39,29
v2_no_evolution_s21,v2,no_evolution,21,random_regular,100,4,391,106,3.3161434566157366,40,106,0.37735849056603776,79,94
v2_no_evolution_s21,v2,no_evolution,21,random_regular,100,4,392,70,2.7184734013140126,20,70,0.2857142857142857,70,55
v2_no_evolution_s21,v2,no_evolution,21,random_regular,100,4,393,184,4.141441343444496,76,184,0.41304347826086957,43,94
v2_no_evolution_s21,v2,no_evolution,21,random_regular,100,4,394,0,0.0,0,0,,94,94
v2_no_evolution_s21,v2,no_evolution,21,random_regular,100,4,395,58,3.163424050399405,25,58,0.43103448275862066,31,99
v2_no_evolution_s21,v2,no_evolution,21,random_regular,100,4,396,11,1.6094379124291005,5,11,0.45454545454545453,57,55
v2_no_evolution_s21,v2,no_evolution,21,random_regular,100,4,397,34,2.540036303807981,14,34,0.4117647058823529,59,99
v2_no_evolution_s21,v2,no_evolution,21,random_regular,100,4,398,7,1.3862943611158909,4,7,0.5714285714285714,60,99
v2_no_evolution_s21,v2,no_evolution,21,random_regular,100,4,399,6,0.6931471805579453,2,6,0.3333333333333333,11,55
v2_no_evolution_s21,v2,no_evolution,21,random_regular,100,4,400,149,3.7497679756446383,56,149,0.37583892617449666,19,29
v2_no_evolution_s21,v2,no_evolution,21,random_regular,100,4,401,0,0.0,0,0,,29,29
v2_no_evolution_s21,v2,no_evolution,21,random_regular,100,4,402,27,2.197224577327219,9,27,0.3333333333333333,33,99
v2_no_evolution_s21,v2,no_evolution,21,random_regular,100,4,403,84,3.3486460064564074,37,84,0.44047619047619047,61,99
v2_no_evolution_s21,v2,no_evolution,21,random_regular,100,4,404,20,2.3978952727873706,11,20,0.55,61,99
v2_no_evolution_s21,v2,no_evolution,21,random_regular,100,4,405,42,2.639057329601259,14,42,0.3333333333333333,80,99
v2_no_evolution_s21,v2,no_evolution,21,random_regular,100,4,406,76,3.062529300232621,24,76,0.3157894736842105,75,99
v2_no_evolution_s21,v2,no_evolution,21,random_regular,100,4,407,142,3.803383701899661,58,142,0.4084507042253521,32,48
v2_no_evolution_s21,v2,no_evolution,21,random_regular,100,4,408,347,4.398926283923863,129,347,0.37175792507204614,86,29
v2_no_evolution_s21,v2,no_evolution,21,random_regular,100,4,409,10,1.3862943611158909,4,10,0.4,62,29
v2_no_evolution_s21,v2,no_evolution,21,random_regular,100,4,410,20,1.9061547465328492,8,20,0.4,36,99
v2_no_evolution_s21,v2,no_evolution,21,random_regular,100,4,411,0,0.0,0,0,,99,99
v2_no_evolution_s21,v2,no_evolution,21,random_regular,100,4,412,29,2.639057329601259,14,29,0.4827586206896552,0,29
v2_no_evolution_s21,v2,no_evolution,21,random_regular,100,4,413,1,-1.000088900581841e-12,1,1,1.0,58,48
v2_no_evolution_s21,v2,no_evolution,21,random_regular,100,4,414,76,3.4040404338981127,34,76,0.4473684210526316,87,94
v2_no_evolution_s21,v2,no_evolution,21,random_regular,100,4,415,65,3.163424050399405,25,65,0.38461538461538464,1,99
v2_no_evolution_s21,v2,no_evolution,21,random_regular,100,4,416,169,3.881028454734596,65,169,0.38461538461538464,46,29
v2_no_evolution_s21,v2,no_evolution,21,random_regular,100,4,417,132,4.007047900063963,59,132,0.44696969696969696,45,99
v2_no_evolution_s21,v2,no_evolution,21,random_regular,100,4,418,7,0.6931471805579453,2,7,0.2857142857142857,60,99
v2_no_evolution_s21,v2,no_evolution,21,random_regular,100,4,419,318,4.329815912501373,106,318,0.3333333333333333,57,99
v2_no_evolution_s21,v2,no_evolution,21,random_regular,100,4,420,44,2.4583113296710835,13,44,0.29545454545454547,57,99
v2_no_evolution_s21,v2,no_evolution,21,random_regular,100,4,421,193,3.867750820620436,65,193,0.33678756476683935,72,29
v2_no_evolution_s21,v2,no_evolution,21,random_regular,100,4,422,0,0.0,0,0,,94,94
v2_no_evolution_s21,v2,no_evolution,21,random_regular,100,4,423,24,2.484906649776,12,24,0.5,43,94
v2_no_evolution_s21,v2,no_evolution,21,random_regular,100,4,424,110,3.2235308319560225,35,110,0.3181818181818182,68,94
v2_no_evolution_s21,v2,no_evolution,21,random_regular,100,4,425,0,0.0,0,0,,55,55
v2_no_evolution_s21,v2,no_evolution,21,random_regular,100,4,426,123,3.699339493652792,57,123,0.4634146341463415,97,48
v2_no_evolution_s21,v2,no_evolution,21,random_regular,100,4,427,13,1.6094379124291005,5,13,0.38461538461538464,1,94
v2_no_evolution_s21,v2,no_evolution,21,random_regular,100,4,428,44,2.1639556568730565,10,44,0.22727272727272727,12,94
v2_no_evolution_s21,v2,no_evolution,21,random_regular,100,4,429,34,2.5649493574485365,13,34,0.38235294117647056,85,48
v2_no_evolution_s21,v2,no_evolution,21,random_regular,100,4,430,6,-1.000088900581841e-12,1,6,0.16666666666666666,86,94
v2_no_evolution_s21,v2,no_evolution,21,random_regular,100,4,431,6,0.6931471805579453,2,6,0.3333333333333333,24,48
v2_no_evolution_s21,v2,no_evolution,21,random_regular,100,4,432,79,3.370480801334672,33,79,0.4177215189873418,79,94
v2_no_evolution_s21,v2,no_evolution,21,random_regular,100,4,433,45,2.4583113296710835,13,45,0.28888888888888886,89,29
v2_no_evolution_s21,v2,no_evolution,21,random_regular,100,4,434,108,3.5281418680240257,38,108,0.35185185185185186,82,48
v2_no_evolution_s21,v2,no_evolution,21,random_regular,100,4,435,100,3.3909780549362365,36,100,0.36,54,29
v2_no_evolution_s21,v2,no_evolution,21,random_regular,100,4,436,24,2.3516733018936304,13,24,0.5416666666666666,66,99
v2_no_evolution_s21,v2,no_evolution,21,random_regular,100,4,437,137,3.764627169924135,52,137,0.3795620437956204,27,99
v2_no_evolution_s21,v2,no_evolution,21,random_regular,100,4,438,74,3.098139496330803,26,74,0.35135135135135137,76,94
v2_no_evolution_s21,v2,no_evolution,21,random_regular,100,4,439,7,0.6931471805579453,2,7,0.2857142857142857,11,29
v2_no_evolution_s21,v2,no_evolution,21,random_regular,100,4,440,12,2.079441541671836,8,12,0.6666666666666666,96,94
v2_no_evolution_s21,v2,no_evolution,21,random_regular,100,4,441,7,1.3862943611158909,4,7,0.5714285714285714,17,94
v2_no_evolution_s21,v2,no_evolution,21,random_regular,100,4,442,2,-1.000088900581841e-12,1,2,0.5,78,94
v2_no_evolution_s21,v2,no_evolution,21,random_regular,100,4,443,16,1.9459101490483133,7,16,0.4375,67,55
v2_no_evolution_s21,v2,no_evolution,21,random_regular,100,4,444,94,3.5065025850265608,36,94,0.3829787234042553,37,55
v2_no_evolution_s21,v2,no_evolution,21,random_regular,100,4,445,303,4.291210591521878,95,303,0.31353135313531355,54,29
v2_no_evolution_s21,v2,no_evolution,21,random_regular,100,4,446,0,0.0,0,0,,99,99
v2_no_evolution_s21,v2,no_evolution,21,random_regular,100,4,447,16,1.3862943611158909,4,16,0.25,30,55
v2_no_evolution_s21,v2,no_evolution,21,random_regular,100,4,448,150,3.799841730748973,57,150,0.38,79,29
v2_no_evolution_s21,v2,no_evolution,21,random_regular,100,4,449,43,2.670119889791816,17,43,0.3953488372093023,24,29
v2_no_evolution_s21,v2,no_evolution,21,random_regular,100,4,450,77,3.0047670351869598,24,77,0.3116883116883117,43,94
v2_no_evolution_s21,v2,no_evolution,21,random_regular,100,4,451,239,4.193267250159871,81,239,0.3389121338912134,17,48
v2_no_evolution_s21,v2,no_evolution,21,random_regular,100,4,452,3,-1.000088900581841e-12,1,3,0.3333333333333333,13,55
v2_no_evolution_s21,v2,no_evolution,21,random_regular,100,4,453,3,-1.000088900581841e-12,1,3,0.3333333333333333,3,99
v2_no_evolution_s21,v2,no_evolution,21,random_regular,100,4,454,7,1.3862943611158909,4,7,0.5714285714285714,2,94
v2_no_evolution_s21,v2,no_evolution,21,random_regular,100,4,455,201,4.056267165129616,75,201,0.373134328358209,5,94
v2_no_evolution_s21,v2,no_evolution,21,random_regular,100,4,456,48,2.751666616915516,17,48,0.3541666666666667,65,94
v2_no_evolution_s21,v2,no_evolution,21,random_regular,100,4,457,194,4.0216190618326815,66,194,0.3402061855670103,92,29
v2_no_evolution_s21,v2,no_evolution,21,random_regular,100,4,458,26,2.5649493574485365,13,26,0.5,7,29
v2_no_evolution_s21,v2,no_evolution,21,random_regular,100,4,459,191,4.14184415171607,84,191,0.4397905759162304,10,99
v2_no_evolution_s21,v2,no_evolution,21,random_regular,100,4,460,0,0.0,0,0,,55,55
v2_no_evolution_s21,v2,no_evolution,21,random_regular,100,4,461,24,2.197224577327219,9,24,0.375,64,48
v2_no_evolution_s21,v2,no_evolution,21,random_regular,100,4,462,83,3.3445488585774434,31,83,0.37349397590361444,15,55
v2_no_evolution_s21,v2,no_evolution,21,random_regular,100,4,463,36,2.725550395815721,19,36,0.5277777777777778,57,99
v2_no_evolution_s21,v2,no_evolution,21,random_regular,100,4,464,70,3.271689322296034,29,70,0.4142857142857143,2,29
v2_no_evolution_s21,v2,no_evolution,21,random_regular,100,4,465,210,4.093604041609719,76,210,0.3619047619047619,66,94
v2_no_evolution_s21,v2,no_evolution,21,random_regular,100,4,466,116,3.341639433203118,41,116,0.35344827586206895,93,29
v2_no_evolution_s21,v2,no_evolution,21,random_regular,100,4,467,44,2.61563057701355,15,44,0.3409090909090909,90,99
v2_no_evolution_s21,v2,no_evolution,21,random_regular,100,4,468,13,1.6094379124291005,5,13,0.38461538461538464,0,29
v2_no_evolution_s21,v2,no_evolution,21,random_regular,100,4,469,236,4.0041055058271375,91,236,0.3855932203389831,18,99
v2_no_evolution_s21,v2,no_evolution,21,random_regular,100,4,470,145,3.6645237204869656,52,145,0.3586206896551724,79,48
v2_no_evolution_s21,v2,no_evolution,21,random_regular,100,4,471,67,2.926417555478996,20,67,0.29850746268656714,38,48
v2_no_evolution_s21,v2,no_evolution,21,random_regular,100,4,472,14,-1.000088900581841e-12,1,14,0.07142857142857142,13,55
v2_no_evolution_s21,v2,no_evolution,21,random_regular,100,4,473,52,3.044820482442576,26,52,0.5,89,99
v2_no_evolution_s21,v2,no_evolution,21,random_regular,100,4,474,5,1.0986122886651095,3,5,0.6,3,99
v2_no_evolution_s21,v2,no_evolution,21,random_regular,100,4,475,69,3.14180415918923,27,69,0.391304347826087,91,48
v2_no_evolution_s21,v2,no_evolution,21,random_regular,100,4,476,218,3.901728065524267,70,218,0.3211009174311927,21,55
v2_no_evolution_s21,v2,no_evolution,21,random_regular,100,4,477,234,4.179543493501585,85,234,0.36324786324786323,89,99
v2_no_evolution_s21,v2,no_evolution,21,random_regular,100,4,478,146,3.7511673279840334,53,146,0.363013698630137,90,94
v2_no_evolution_s21,v2,no_evolution,21,random_regular,100,4,479,22,2.197224577327219,9,22,0.4090909090909091,69,29
v2_no_evolution_s21,v2,no_evolution,21,random_regular,100,4,480,345,4.441522843788227,123,345,0.3565217391304348,47,55
v2_no_evolution_s21,v2,no_evolution,21,random_regular,100,4,481,82,3.0710803627130283,27,82,0.32926829268292684,70,55
v2_no_evolution_s21,v2,no_evolution,21,random_regular,100,4,482,192,3.802701816131304,62,192,0.3229166666666667,66,29
v2_no_evolution_s21,v2,no_evolution,21,random_regular,100,4,483,22,2.5649493574485365,13,22,0.5909090909090909,63,55
v2_no_evolution_s21,v2,no_evolution,21,random_regular,100,4,484,23,2.5649493574485365,13,23,0.5652173913043478,31,94
v2_no_evolution_s21,v2,no_evolution,21,random_regular,100,4,485,22,1.9459101490483133,7,22,0.3181818181818182,46,99
v2_no_evolution_s21,v2,no_evolution,21,random_regular,100,4,486,227,4.216271242884711,84,227,0.3700440528634361,10,48
v2_no_evolution_s21,v2,no_evolution,21,random_regular,100,4,487,34,2.2055983590163937,14,34,0.4117647058823529,37,29
v2_no_evolution_s21,v2,no_evolution,21,random_regular,100,4,488,14,1.0986122886651095,3,14,0.21428571428571427,93,48
v2_no_evolution_s21,v2,no_evolution,21,random_regular,100,4,489,146,3.67795722676115,46,146,0.3150684931506849,2,55
v2_no_evolution_s21,v2,no_evolution,21,random_regular,100,4,490,0,0.0,0,0,,55,55
v2_no_evolution_s21,v2,no_evolution,21,random_regular,100,4,491,26,2.3978952727873706,11,26,0.4230769230769231,47,94
v2_no_evolution_s21,v2,no_evolution,21,random_regular,100,4,492,9,0.6931471805579453,2,9,0.2222222222222222,51,94
v2_no_evolution_s21,v2,no_evolution,21,random_regular,100,4,493,39,2.6701198897918164,17,39,0.4358974358974359,89,48
v2_no_evolution_s21,v2,no_evolution,21,random_regular,100,4,494,194,4.043429581322339,81,194,0.4175257731958763,2,99
v2_no_evolution_s21,v2,no_evolution,21,random_regular,100,4,495,117,3.4979375712916525,41,117,0.3504273504273504,41,99
v2_no_evolution_s21,v2,no_evolution,21,random_regular,100,4,496,39,2.7985132569262934,19,39,0.48717948717948717,91,99
v2_no_evolution_s21,v2,no_evolution,21,random_regular,100,4,497,165,3.8393804294973055,76,165,0.46060606060606063,66,55
v2_no_evolution_s21,v2,no_evolution,21,random_regular,100,4,498,252,4.276404670982116,88,252,0.3492063492063492,44,29
v2_no_evolution_s21,v2,no_evolution,21,random_regular,100,4,499,195,3.8500044634917807,78,195,0.4,3,99
v2_no_evolution_s21,v2,no_evolution,21,random_regular,100,4,500,267,4.281449032972203,94,267,0.352059925093633,32,94
v2_no_evolution_s21,v2,no_evolution,21,random_regular,100,4,501,47,2.871476118036867,19,47,0.40425531914893614,0,55
v2_no_evolution_s21,v2,no_evolution,21,random_regular,100,4,502,55,2.6701198897918164,17,55,0.3090909090909091,16,94
v2_no_evolution_s21,v2,no_evolution,21,random_regular,100,4,503,110,3.5982245479703314,49,110,0.44545454545454544,17,99
v2_no_evolution_s21,v2,no_evolution,21,random_regular,100,4,504,4,-1.000088900581841e-12,1,4,0.25,8,99
v2_no_evolution_s21,v2,no_evolution,21,random_regular,100,4,505,0,0.0,0,0,,94,94
v2_no_evolution_s21,v2,no_evolution,21,random_regular,100,4,506,184,4.163310698098506,67,184,0.3641304347826087,46,94
v2_no_evolution_s21,v2,no_evolution,21,random_regular,100,4,507,2,-1.000088900581841e-12,1,2,0.5,25,29
v2_no_evolution_s21,v2,no_evolution,21,random_regular,100,4,508,35,2.430791328866232,15,35,0.42857142857142855,11,94
v2_no_evolution_s21,v2,no_evolution,21,random_regular,100,4,509,242,4.288296674249492,88,242,0.36363636363636365,38,29
v2_no_evolution_s21,v2,no_evolution,21,random_regular,100,4,510,57,3.1418041591892294,27,57,0.47368421052631576,21,48
v2_no_evolution_s21,v2,no_evolution,21,random_regular,100,4,511,0,0.0,0,0,,94,94
v2_no_evolution_s21,v2,no_evolution,21,random_regular,100,4,512,60,2.670119889791816,17,60,0.2833333333333333,89,55
v2_no_evolution_s21,v2,no_evolution,21,random_regular,100,4,513,99,3.480935299911953,40,99,0.40404040404040403,6,48
v2_no_evolution_s21,v2,no_evolution,21,random_regular,100,4,514,0,0.0,0,0,,55,55
v2_no_evolution_s21,v2,no_evolution,21,random_regular,100,4,515,29,2.3516733018936304,13,29,0.4482758620689655,73,94
v2_no_evolution_s21,v2,no_evolution,21,random_regular,100,4,516,48,2.9957322735339904,20,48,0.4166666666666667,26,55
v2_no_evolution_s21,v2,no_evolution,21,random_regular,100,4,517,134,3.593183294715748,42,134,0.31343283582089554,38,48
v2_no_evolution_s21,v2,no_evolution,21,random_regular,100,4,518,7,1.0986122886651095,3,7,0.42857142857142855,90,48
v2_no_evolution_s21,v2,no_evolution,21,random_regular,100,4,519,20,2.079441541671836,8,20,0.4,75,55
v2_no_evolution_s21,v2,no_evolution,21,random_regular,100,4,520,52,2.9124944033120523,21,52,0.40384615384615385,7,29
v2_no_evolution_s21,v2,no_evolution,21,random_regular,100,4,521,176,3.887664299557621,66,176,0.375,23,99
v2_no_evolution_s21,v2,no_evolution,21,random_regular,100,4,522,31,2.197224577327219,9,31,0.2903225806451613,20,55
v2_no_evolution_s21,v2,no_evolution,21,random_regular,100,4,523,173,3.906338630513458,61,173,0.35260115606936415,33,94
v2_no_evolution_s21,v2,no_evolution,21,random_regular,100,4,524,109,3.871265197698588,52,109,0.47706422018348627,26,99
v2_no_evolution_s21,v2,no_evolution,21,random_regular,100,4,525,111,3.5849073769929456,40,111,0.36036036036036034,15,48
v2_no_evolution_s21,v2,no_evolution,21,random_regular,100,4,526,26,2.197224577327219,9,26,0.34615384615384615,57,29
v2_no_evolution_s21,v2,no_evolution,21,random_regular,100,4,527,67,2.6593226976945163,18,67,0.26865671641791045,54,48
v2_no_evolution_s21,v2,no_evolution,21,random_regular,100,4,528,11,1.0986122886651095,3,11,0.2727272727272727,75,99
v2_no_evolution_s21,v2,no_evolution,21,random_regular,100,4,529,17,1.791759469222055,6,17,0.35294117647058826,15,48
v2_no_evolution_s21,v2,no_evolution,21,random_regular,100,4,530,46,3.0280290732864104,22,46,0.4782608695652174,63,94
v2_no_evolution_s21,v2,no_evolution,21,random_regular,100,4,531,0,0.0,0,0,,94,94
v2_no_evolution_s21,v2,no_evolution,21,random_regular,100,4,532,57,2.926417555478996,20,57,0.3508771929824561,42,48
v2_no_evolution_s21,v2,no_evolution,21,random_regular,100,4,533,123,3.33108904880904,46,123,0.37398373983739835,56,99
v2_no_evolution_s21,v2,no_evolution,21,random_regular,100,4,534,188,3.824465925640189,68,188,0.3617021276595745,30,94
v2_no_evolution_s21,v2,no_evolution,21,random_regular,100,4,535,7,1.3321790402061222,5,7,0.7142857142857143,34,29
v2_no_evolution_s21,v2,no_evolution,21,random_regular,100,4,536,2,0.6931471805579453,2,2,1.0,26,94
v2_no_evolution_s21,v2,no_evolution,21,random_regular,100,4,537,87,3.3549875695958247,30,87,0.3448275862068966,23,94
v2_no_evolution_s21,v2,no_evolution,21,random_regular,100,4,538,12,1.6094379124291005,5,12,0.4166666666666667,34,99
v2_no_evolution_s21,v2,no_evolution,21,random_regular,100,4,539,208,4.042623521848649,66,208,0.3173076923076923,0,94
v2_no_evolution_s21,v2,no_evolution,21,random_regular,100,4,540,88,3.292449107631741,32,88,0.36363636363636365,12,29
v2_no_evolution_s21,v2,no_evolution,21,random_regular,100,4,541,14,1.9061547465328492,8,14,0.5714285714285714,88,94
v2_no_evolution_s21,v2,no_evolution,21,random_regular,100,4,542,86,3.233183484354926,28,86,0.32558139534883723,93,48
v2_no_evolution_s21,v2,no_evolution,21,random_regular,100,4,543,110,3.062529300232621,24,110,0.21818181818181817,30,48
v2_no_evolution_s21,v2,no_evolution,21,random_regular,100,4,544,15,2.197224577327219,9,15,0.6,86,48
v2_no_evolution_s21,v2,no_evolution,21,random_regular,100,4,545,285,4.286013402862059,110,285,0.38596491228070173,22,99
v2_no_evolution_s21,v2,no_evolution,21,random_regular,100,4,546,102,3.472414980727339,39,102,0.38235294117647056,86,99
v2_no_evolution_s21,v2,no_evolution,21,random_regular,100,4,547,9,1.6094379124291005,5,9,0.5555555555555556,56,94
v2_no_evolution_s21,v2,no_evolution,21,random_regular,100,4,548,150,3.715894345253141,48,150,0.32,17,99
v2_no_evolution_s21,v2,no_evolution,21,random_regular,100,4,549,25,1.791759469222055,6,25,0.24,43,29
v2_no_evolution_s21,v2,no_evolution,21,random_regular,100,4,550,39,2.5400363038079807,14,39,0.358974358974359,67,55
v2_no_evolution_s21,v2,no_evolution,21,random_regular,100,4,551,20,2.197224577327219,9,20,0.45,58,29
v2_no_evolution_s21,v2,no_evolution,21,random_regular,100,4,552,31,2.4583113296710835,13,31,0.41935483870967744,97,99
v2_no_evolution_s21,v2,no_evolution,21,random_regular,100,4,553,166,3.7663409850502463,57,166,0.3433734939759036,13,29
v2_no_evolution_s21,v2,no_evolution,21,random_regular,100,4,554,89,3.120291565278284,24,89,0.2696629213483146,31,29
v2_no_evolution_s21,v2,no_evolution,21,random_regular,100,4,555,81,3.4544986414005443,33,81,0.4074074074074074,23,29
v2_no_evolution_s21,v2,no_evolution,21,random_regular,100,4,556,178,3.731678821155081,58,178,0.3258426966292135,90,48
v2_no_evolution_s21,v2,no_evolution,21,random_regular,100,4,557,53,3.0752205480323718,23,53,0.4339622641509434,65,29
v2_no_evolution_s21,v2,no_evolution,21,random_regular,100,4,558,78,3.205805710063748,32,78,0.41025641025641024,92,55
v2_no_evolution_s21,v2,no_evolution,21,random_regular,100,4,559,42,2.6895357734519942,21,42,0.5,11,55
v2_no_evolution_s21,v2,no_evolution,21,random_regular,100,4,560,270,4.261343894809777,102,270,0.37777777777777777,33,55
v2_no_evolution_s21,v2,no_evolution,21,random_regular,100,4,561,161,3.9258981067650103,62,161,0.38509316770186336,19,99
v2_no_evolution_s21,v2,no_evolution,21,random_regular,100,4,562,80,3.3445488585774434,31,80,0.3875,87,94
v2_no_evolution_s21,v2,no_evolution,21,random_regular,100,4,563,3,-1.000088900581841e-12,1,3,0.3333333333333333,53,94
v2_no_evolution_s21,v2,no_evolution,21,random_regular,100,4,564,250,4.0157816461506295,92,250,0.368,38,99
v2_no_evolution_s21,v2,no_evolution,21,random_regular,100,4,565,117,3.385458174669731,40,117,0.3418803418803419,42,99
v2_no_evolution_s21,v2,no_evolution,21,random_regular,100,4,566,6,-1.000088900581841e-12,1,6,0.16666666666666666,3,99
v2_no_evolution_s21,v2,no_evolution,21,random_regular,100,4,567,17,2.079441541671836,8,17,0.47058823529411764,86,48
v2_no_evolution_s21,v2,no_evolution,21,random_regular,100,4,568,115,3.316115133506286,41,115,0.3565217391304348,37,94
v2_no_evolution_s21,v2,no_evolution,21,random_regular,100,4,569,16,2.197224577327219,9,16,0.5625,53,48
v2_no_evolution_s21,v2,no_evolution,21,random_regular,100,4,570,10,1.6094379124291005,5,10,0.5,6,99
v2_no_evolution_s21,v2,no_evolution,21,random_regular,100,4,571,3,0.6931471805579453,2,3,0.6666666666666666,24,48
v2_no_evolution_s21,v2,no_evolution,21,random_regular,100,4,572,182,3.862222494196037,69,182,0.3791208791208791,96,48
v2_no_evolution_s21,v2,no_evolution,21,random_regular,100,4,573,142,3.7552796649838553,55,142,0.3873239436619718,41,55
v2_no_evolution_s21,v2,no_evolution,21,random_regular,100,4,574,45,2.7080502010872096,15,45,0.3333333333333333,91,99
v2_no_evolution_s21,v2,no_evolution,21,random_regular,100,4,575,78,3.2551105127007407,31,78,0.3974358974358974,65,48
v2_no_evolution_s21,v2,no_evolution,21,random_regular,100,4,576,329,4.325268477130149,122,329,0.3708206686930091,49,29
v2_no_evolution_s21,v2,no_evolution,21,random_regular,100,4,577,56,2.725550395815721,19,56,0.3392857142857143,90,48
v2_no_evolution_s21,v2,no_evolution,21,random_regular,100,4,578,219,3.725714976452312,80,219,0.365296803652968,92,99
v2_no_evolution_s21,v2,no_evolution,21,random_regular,100,4,579,129,3.33368584948707,47,129,0.3643410852713178,38,29
v2_no_evolution_s21,v2,no_evolution,21,random_regular,100,4,580,80,3.233183484354926,28,80,0.35,46,48
v2_no_evolution_s21,v2,no_evolution,21,random_regular,100,4,581,30,1.791759469222055,6,30,0.2,37,48
v2_no_evolution_s21,v2,no_evolution,21,random_regular,100,4,582,7,1.3862943611158909,4,7,0.5714285714285714,0,29
v2_no_evolution_s21,v2,no_evolution,21,random_regular,100,4,583,34,2.2718685126865625,11,34,0.3235294117647059,77,99
v2_no_evolution_s21,v2,no_evolution,21,random_regular,100,4,584,182,3.926879691432093,75,182,0.41208791208791207,62,48
v2_no_evolution_s21,v2,no_evolution,21,random_regular,100,4,585,251,4.098227160588847,80,251,0.3187250996015936,11,99
v2_no_evolution_s21,v2,no_evolution,21,random_regular,100,4,586,79,3.0904599235931967,27,79,0.34177215189873417,7,99
v2_no_evolution_s21,v2,no_evolution,21,random_regular,100,4,587,434,4.480937635650195,132,434,0.30414746543778803,70,29
v2_no_evolution_s21,v2,no_evolution,21,random_regular,100,4,588,72,3.299829685639092,31,72,0.4305555555555556,35,99
v2_no_evolution_s21,v2,no_evolution,21,random_regular,100,4,589,44,2.772588722223781,16,44,0.36363636363636365,63,29
v2_no_evolution_s21,v2,no_evolution,21,random_regular,100,4,590,14,1.9459101490483133,7,14,0.5,76,99
v2_no_evolution_s21,v2,no_evolution,21,random_regular,100,4,591,352,4.503756869479717,129,352,0.3664772727272727,47,29
v2_no_evolution_s21,v2,no_evolution,21,random_regular,100,4,592,96,3.5065025850265608,36,96,0.375,20,48
v2_no_evolution_s21,v2,no_evolution,21,random_regular,100,4,593,96,3.208580884991321,35,96,0.3645833333333333,88,48
v2_no_evolution_s21,v2,no_evolution,21,random_regular,100,4,594,43,3.0047670351869598,24,43,0.5581395348837209,93,94
v2_no_evolution_s21,v2,no_evolution,21,random_regular,100,4,595,31,2.540036303807981,14,31,0.45161290322580644,87,94
v2_no_evolution_s21,v2,no_evolution,21,random_regular,100,4,596,185,4.132648865321992,75,185,0.40540540540540543,88,48
v2_no_evolution_s21,v2,no_evolution,21,random_regular,100,4,597,1,-1.000088900581841e-12,1,1,1.0,51,29
v2_no_evolution_s21,v2,no_evolution,21,random_regular,100,4,598,23,2.5649493574485365,13,23,0.5652173913043478,56,48
v2_no_evolution_s21,v2,no_evolution,21,random_regular,100,4,599,271,4.0974113482562,97,271,0.35793357933579334,58,55
v2_no_evolution_s21,v2,no_evolution,21,random_regular,100,4,600,70,3.044390228092839,29,70,0.4142857142857143,30,29
v2_no_evolution_s21,v2,no_evolution,21,random_regular,100,4,601,155,3.626656183752001,44,155,0.2838709677419355,96,55
v2_no_evolution_s21,v2,no_evolution,21,random_regular,100,4,602,0,0.0,0,0,,48,48
v2_no_evolution_s21,v2,no_evolution,21,random_regular,100,4,603,72,3.1931483947852626,27,72,0.375,98,48
v2_no_evolution_s21,v2,no_evolution,21,random_regular,100,4,604,47,2.1639556568730565,10,47,0.2127659574468085,58,94
v2_no_evolution_s21,v2,no_evolution,21,random_regular,100,4,605,7,1.0986122886651095,3,7,0.42857142857142855,34,29
v2_no_evolution_s21,v2,no_evolution,21,random_regular,100,4,606,94,3.1865891168464264,33,94,0.35106382978723405,0,55
v2_no_evolution_s21,v2,no_evolution,21,random_regular,100,4,607,40,2.772588722223781,16,40,0.4,41,29
v2_no_evolution_s21,v2,no_evolution,21,random_regular,100,4,608,95,3.2163581334868363,30,95,0.3157894736842105,15,94
v2_no_evolution_s21,v2,no_evolution,21,random_regular,100,4,609,185,3.776539179140306,60,185,0.32432432432432434,89,48
v2_no_evolution_s21,v2,no_evolution,21,random_regular,100,4,610,62,2.894399544411038,23,62,0.3709677419354839,44,99
v2_no_evolution_s21,v2,no_evolution,21,random_regular,100,4,611,289,4.396937816985799,106,289,0.36678200692041524,45,99
v2_no_evolution_s21,v2,no_evolution,21,random_regular,100,4,612,89,3.183672971458787,28,89,0.3146067415730337,76,55
v2_no_evolution_s21,v2,no_evolution,21,random_regular,100,4,613,141,3.666665916258637,51,141,0.3617021276595745,76,94
v2_no_evolution_s21,v2,no_evolution,21,random_regular,100,4,614,29,2.341994252221425,14,29,0.4827586206896552,70,99
v2_no_evolution_s21,v2,no_evolution,21,random_regular,100,4,615,17,1.791759469222055,6,17,0.35294117647058826,61,29
v2_no_evolution_s21,v2,no_evolution,21,random_regular,100,4,616,104,3.348646006456408,37,104,0.3557692307692308,75,29
v2_no_evolution_s21,v2,no_evolution,21,random_regular,100,4,617,6,0.6931471805579453,2,6,0.3333333333333333,24,94
v2_no_evolution_s21,v2,no_evolution,21,random_regular,100,4,618,60,2.9650156932365066,22,60,0.36666666666666664,81,55
v2_no_evolution_s21,v2,no_evolution,21,random_regular,100,4,619,0,0.0,0,0,,94,94
v2_no_evolution_s21,v2,no_evolution,21,random_regular,100,4,620,90,3.428148251730284,42,90,0.4666666666666667,85,48
v2_no_evolution_s21,v2,no_evolution,21,random_regular,100,4,621,80,3.5646232985788124,38,80,0.475,36,94
v2_no_evolution_s21,v2,no_evolution,21,random_regular,100,4,622,0,0.0,0,0,,29,29
v2_no_evolution_s21,v2,no_evolution,21,random_regular,100,4,623,48,2.639057329601259,14,48,0.2916666666666667,88,99
v2_no_evolution_s21,v2,no_evolution,21,random_regular,100,4,624,117,3.2546112243985403,37,117,0.3162393162393162,66,48
v2_no_evolution_s21,v2,no_evolution,21,random_regular,100,4,625,21,1.791759469222055,6,21,0.2857142857142857,56,29
v2_no_evolution_s21,v2,no_evolution,21,random_regular,100,4,626,14,1.9459101490483133,7,14,0.5,27,99
v2_no_evolution_s21,v2,no_evolution,21,random_regular,100,4,627,19,1.6094379124291005,5,19,0.2631578947368421,81,94
v2_no_evolution_s21,v2,no_evolution,21,random_regular,100,4,628,0,0.0,0,0,,29,29
v2_no_evolution_s21,v2,no_evolution,21,random_regular,100,4,629,92,3.2103913397623893,31,92,0.33695652173913043,20,94
v2_no_evolution_s21,v2,no_evolution,21,random_regular,100,4,630,106,3.461048251949615,37,106,0.3490566037735849,31,48
v2_no_evolution_s21,v2,no_evolution,21,random_regular,100,4,631,185,3.962177793512612,62,185,0.33513513513513515,10,29
v2_no_evolution_s21,v2,no_evolution,21,random_regular,100,4,632,90,3.430313456117072,41,90,0.45555555555555555,13,48
v2_no_evolution_s21,v2,no_evolution,21,random_regular,100,4,633,87,3.151458510219029,26,87,0.2988505747126437,64,29
v2_no_evolution_s21,v2,no_evolution,21,random_regular,100,4,634,122,3.7786534114435946,49,122,0.4016393442622951,71,55
v2_no_evolution_s21,v2,no_evolution,21,random_regular,100,4,635,13,1.791759469222055,6,13,0.46153846153846156,97,99
v2_no_evolution_s21,v2,no_evolution,21,random_regular,100,4,636,89,3.271689322296034,29,89,0.3258426966292135,83,99
v2_no_evolution_s21,v2,no_evolution,21,random_regular,100,4,637,61,2.947004770141297,24,61,0.39344262295081966,64,99
v2_no_evolution_s21,v2,no_evolution,21,random_regular,100,4,638,1,-1.000088900581841e-12,1,1,1.0,53,94
v2_no_evolution_s21,v2,no_evolution,21,random_regular,100,4,639,156,3.6654865248255626,49,156,0.3141025641025641,92,94
v2_no_evolution_s21,v2,no_evolution,21,random_regular,100,4,640,14,1.6094379124291005,5,14,0.35714285714285715,81,94
v2_no_evolution_s21,v2,no_evolution,21,random_regular,100,4,641,140,3.59101670022478,45,140,0.32142857142857145,64,94
v2_no_evolution_s21,v2,no_evolution,21,random_regular,100,4,642,80,3.308777757559495,30,80,0.375,11,99
v2_no_evolution_s21,v2,no_evolution,21,random_regular,100,4,643,93,3.467994408329786,36,93,0.3870967741935484,22,55
v2_no_evolution_s21,v2,no_evolution,21,random_regular,100,4,644,62,3.1418041591892294,27,62,0.43548387096774194,96,55
v2_no_evolution_s21,v2,no_evolution,21,random_regular,100,4,645,37,2.3978952727873706,11,37,0.2972972972972973,88,99
v2_no_evolution_s21,v2,no_evolution,21,random_regular,100,4,646,29,1.979204517426324,12,29,0.41379310344827586,28,55
v2_no_evolution_s21,v2,no_evolution,21,random_regular,100,4,647,12,1.5498260458732018,7,12,0.5833333333333334,58,94
v2_no_evolution_s21,v2,no_evolution,21,random_regular,100,4,648,45,2.3959081192819283,15,45,0.3333333333333333,64,94
v2_no_evolution_s21,v2,no_evolution,21,random_regular,100,4,649,6,1.3862943611158909,4,6,0.6666666666666666,20,99
v2_no_evolution_s21,v2,no_evolution,21,random_regular,100,4,650,37,2.751666616915516,17,37,0.4594594594594595,25,99
v2_no_evolution_s21,v2,no_evolution,21,random_regular,100,4,651,175,3.886400408003117,60,175,0.34285714285714286,91,48
v2_no_evolution_s21,v2,no_evolution,21,random_regular,100,4,652,43,2.5993019270857944,16,43,0.37209302325581395,0,55
v2_no_evolution_s21,v2,no_evolution,21,random_regular,100,4,653,38,2.639057329601259,14,38,0.3684210526315789,32,29
v2_no_evolution_s21,v2,no_evolution,21,random_regular,100,4,654,169,3.987666482508049,65,169,0.38461538461538464,40,55
v2_no_evolution_s21,v2,no_evolution,21,random_regular,100,4,655,6,1.0986122886651095,3,6,0.5,49,29
v2_no_evolution_s21,v2,no_evolution,21,random_regular,100,4,656,30,2.3978952727873706,11,30,0.36666666666666664,37,99
v2_no_evolution_s21,v2,no_evolution,21,random_regular,100,4,657,86,3.5924696275736783,39,86,0.45348837209302323,77,29
v2_no_evolution_s21,v2,no_evolution,21,random_regular,100,4,658,5,0.6931471805579453,2,5,0.4,98,29
v2_no_evolution_s21,v2,no_evolution,21,random_regular,100,4,659,107,3.521792536939174,47,107,0.4392523364485981,5,29
v2_no_evolution_s21,v2,no_evolution,21,random_regular,100,4,660,67,3.170148321450507,30,67,0.44776119402985076,44,29
v2_no_evolution_s21,v2,no_evolution,21,random_regular,100,4,661,134,3.647820392824761,46,134,0.34328358208955223,17,29
v2_no_evolution_s21,v2,no_evolution,21,random_regular,100,4,662,53,2.9785084205072385,21,53,0.39622641509433965,15,48
v2_no_evolution_s21,v2,no_evolution,21,random_regular,100,4,663,142,3.6888794540739367,40,142,0.28169014084507044,18,29
v2_no_evolution_s21,v2,no_evolution,21,random_regular,100,4,664,86,3.328471881301735,33,86,0.38372093023255816,61,48
v2_no_evolution_s21,v2,no_evolution,21,random_regular,100,4,665,11,-1.000088900581841e-12,1,11,0.09090909090909091,53,94
v2_no_evolution_s21,v2,no_evolution,21,random_regular,100,4,666,261,4.23291634569069,98,261,0.37547892720306514,78,48
v2_no_evolution_s21,v2,no_evolution,21,random_regular,100,4,667,171,4.05057883633818,64,171,0.3742690058479532,68,99
v2_no_evolution_s21,v2,no_evolution,21,random_regular,100,4,668,236,4.041793186986353,74,236,0.3135593220338983,84,94
v2_no_evolution_s21,v2,no_evolution,21,random_regular,100,4,669,0,0.0,0,0,,29,29
v2_no_evolution_s21,v2,no_evolution,21,random_regular,100,4,670,83,3.4985156671140176,37,83,0.4457831325301205,6,29
v2_no_evolution_s21,v2,no_evolution,21,random_regular,100,4,671,15,1.5607104090364068,6,15,0.4,59,99
v2_no_evolution_s21,v2,no_evolution,21,random_regular,100,4,672,129,3.6101955050538983,45,129,0.3488372093023256,32,55
v2_no_evolution_s21,v2,no_evolution,21,random_regular,100,4,673,7,1.0986122886651095,3,7,0.42857142857142855,43,29
v2_no_evolution_s21,v2,no_evolution,21,random_regular,100,4,674,4,0.6931471805579453,2,4,0.5,65,94
v2_no_evolution_s21,v2,no_evolution,21,random_regular,100,4,675,388,4.572991416401193,147,388,0.3788659793814433,46,29
v2_no_evolution_s21,v2,no_evolution,21,random_regular,100,4,676,77,3.299829685639092,31,77,0.4025974025974026,26,48
v2_no_evolution_s21,v2,no_evolution,21,random_regular,100,4,677,106,3.328471881301736,33,106,0.3113207547169811,17,99
v2_no_evolution_s21,v2,no_evolution,21,random_regular,100,4,678,72,3.2551105127007407,31,72,0.4305555555555556,38,94
v2_no_evolution_s21,v2,no_evolution,21,random_regular,100,4,679,30,2.3978952727873706,11,30,0.36666666666666664,18,55
v2_no_evolution_s21,v2,no_evolution,21,random_regular,100,4,680,11,1.6094379124291005,5,11,0.45454545454545453,66,48
v2_no_evolution_s21,v2,no_evolution,21,random_regular,100,4,681,82,3.422414203983732,32,82,0.3902439024390244,70,29
v2_no_evolution_s21,v2,no_evolution,21,random_regular,100,4,682,9,1.0986122886651095,3,9,0.3333333333333333,13,55
v2_no_evolution_s21,v2,no_evolution,21,random_regular,100,4,683,75,3.2625679455231658,30,75,0.4,5,94
v2_no_evolution_s21,v2,no_evolution,21,random_regular,100,4,684,44,2.6491586832590173,20,44,0.45454545454545453,63,94
v2_no_evolution_s21,v2,no_evolution,21,random_regular,100,4,685,189,3.9007407573963375,66,189,0.3492063492063492,40,55
v2_no_evolution_s21,v2,no_evolution,21,random_regular,100,4,686,29,2.3516733018936304,13,29,0.4482758620689655,64,94
v2_no_evolution_s21,v2,no_evolution,21,random_regular,100,4,687,14,1.791759469222055,6,14,0.42857142857142855,15,99
v2_no_evolution_s21,v2,no_evolution,21,random_regular,100,4,688,86,3.2625679455231658,30,86,0.3488372093023256,76,48
v2_no_evolution_s21,v2,no_evolution,21,random_regular,100,4,689,65,2.8215638078423653,21,65,0.3230769230769231,53,29
v2_no_evolution_s21,v2,no_evolution,21,random_regular,100,4,690,9,0.6931471805579453,2,9,0.2222222222222222,91,55
v2_no_evolution_s21,v2,no_evolution,21,random_regular,100,4,691,116,3.626656183752001,44,116,0.3793103448275862,27,29
v2_no_evolution_s21,v2,no_evolution,21,random_regular,100,4,692,1,-1.000088900581841e-12,1,1,1.0,58,48
v2_no_evolution_s21,v2,no_evolution,21,random_regular,100,4,693,75,3.2958368659773285,27,75,0.36,6,94
v2_no_evolution_s21,v2,no_evolution,21,random_regular,100,4,694,108,3.5726345752559063,42,108,0.3888888888888889,19,48
v2_no_evolution_s21,v2,no_evolution,21,random_regular,100,4,695,17,2.079441541671836,8,17,0.47058823529411764,26,94
v2_no_evolution_s21,v2,no_evolution,21,random_regular,100,4,696,33,2.8903717578781647,18,33,0.5454545454545454,12,48
v2_no_evolution_s21,v2,no_evolution,21,random_regular,100,4,697,209,4.043352923063129,76,209,0.36363636363636365,41,29
v2_no_evolution_s21,v2,no_evolution,21,random_regular,100,4,698,282,4.433582381128058,100,282,0.3546099290780142,61,55
v2_no_evolution_s21,v2,no_evolution,21,random_regular,100,4,699,3,0.6931471805579453,2,3,0.6666666666666666,16,29
v2_no_evolution_s21,v2,no_evolution,21,random_regular,100,4,700,370,4.527171629104669,131,370,0.35405405405405405,24,94
v2_no_evolution_s21,v2,no_evolution,21,random_regular,100,4,701,80,3.299829685639092,31,80,0.3875,95,99
v2_no_evolution_s21,v2,no_evolution,21,random_regular,100,4,702,0,0.0,0,0,,94,94
v2_no_evolution_s21,v2,no_evolution,21,random_regular,100,4,703,149,3.683099712933856,49,149,0.3288590604026846,62,94
v2_no_evolution_s21,v2,no_evolution,21,random_regular,100,4,704,302,4.223904177301455,99,302,0.32781456953642385,43,55
v2_no_evolution_s21,v2,no_evolution,21,random_regular,100,4,705,5,1.0986122886651095,3,5,0.6,73,99
v2_no_evolution_s21,v2,no_evolution,21,random_regular,100,4,706,18,1.9459101490483133,7,18,0.3888888888888889,41,55
v2_no_evolution_s21,v2,no_evolution,21,random_regular,100,4,707,91,3.4040404338981127,34,91,0.37362637362637363,37,99
v2_no_evolution_s21,v2,no_evolution,21,random_regular,100,4,708,179,3.997243178779615,61,179,0.3407821229050279,56,99
v2_no_evolution_s21,v2,no_evolution,21,random_regular,100,4,709,10,0.6931471805579453,2,10,0.2,33,99
v2_no_evolution_s21,v2,no_evolution,21,random_regular,100,4,710,86,3.286462961268799,33,86,0.38372093023255816,76,94
v2_no_evolution_s21,v2,no_evolution,21,random_regular,100,4,711,65,2.7985132569262934,19,65,0.2923076923076923,0,48
v2_no_evolution_s21,v2,no_evolution,21,random_regular,100,4,712,146,3.711308156036908,52,146,0.3561643835616438,76,55
v2_no_evolution_s21,v2,no_evolution,21,random_regular,100,4,713,33,2.1383330594990277,12,33,0.36363636363636365,15,99
v2_no_evolution_s21,v2,no_evolution,21,random_regular,100,4,714,164,3.634764133164168,50,164,0.3048780487804878,80,94
v2_no_evolution_s21,v2,no_evolution,21,random_regular,100,4,715,13,1.0986122886651095,3,13,0.23076923076923078,80,99
v2_no_evolution_s21,v2,no_evolution,21,random_regular,100,4,716,29,2.484906649776,12,29,0.41379310344827586,36,29
v2_no_evolution_s21,v2,no_evolution,21,random_regular,100,4,717,44,2.639057329601259,14,44,0.3181818181818182,5,29
v2_no_evolution_s21,v2,no_evolution,21,random_regular,100,4,718,21,1.9459101490483133,7,21,0.3333333333333333,91,48
v2_no_evolution_s21,v2,no_evolution,21,random_regular,100,4,719,174,3.86566592398464,53,174,0.3045977011494253,95,48
v2_no_evolution_s21,v2,no_evolution,21,random_regular,100,4,720,110,3.544511778726858,41,110,0.37272727272727274,96,99
v2_no_evolution_s21,v2,no_evolution,21,random_regular,100,4,721,241,4.189008667058116,87,241,0.36099585062240663,37,99
v2_no_evolution_s21,v2,no_evolution,21,random_regular,100,4,722,0,0.0,0,0,,29,29
v2_no_evolution_s21,v2,no_evolution,21,random_regular,100,4,723,62,3.0149468801585937,23,62,0.3709677419354839,18,94
v2_no_evolution_s21,v2,no_evolution,21,random_regular,100,4,724,74,3.2580965379954825,26,74,0.35135135135135137,95,94
v2_no_evolution_s21,v2,no_evolution,21,random_regular,100,4,725,0,0.0,0,0,,48,48
v2_no_evolution_s21,v2,no_evolution,21,random_regular,100,4,726,259,4.550426362222552,116,259,0.44787644787644787,5,48
v2_no_evolution_s21,v2,no_evolution,21,random_regular,100,4,727,13,1.6094379124291005,5,13,0.38461538461538464,37,55
v2_no_evolution_s21,v2,no_evolution,21,random_regular,100,4,728,192,3.926102799647164,79,192,0.4114583333333333,10,55
v2_no_evolution_s21,v2,no_evolution,21,random_regular,100,4,729,142,3.773393569271157,50,142,0.352112676056338,56,29
v2_no_evolution_s21,v2,no_evolution,21,random_regular,100,4,730,32,2.1639556568730565,10,32,0.3125,18,94
v2_no_evolution_s21,v2,no_evolution,21,random_regular,100,4,731,72,3.10797227595561,25,72,0.3472222222222222,16,99
v2_no_evolution_s21,v2,no_evolution,21,random_regular,100,4,732,46,2.8903717578781647,18,46,0.391304347826087,54,94
v2_no_evolution_s21,v2,no_evolution,21,random_regular,100,4,733,70,2.9785084205072385,21,70,0.3,44,48
v2_no_evolution_s21,v2,no_evolution,21,random_regular,100,4,734,37,2.4583113296710835,13,37,0.35135135135135137,20,29
v2_no_evolution_s21,v2,no_evolution,21,random_regular,100,4,735,54,2.9444389791474395,19,54,0.35185185185185186,88,29
v2_no_evolution_s21,v2,no_evolution,21,random_regular,100,4,736,25,1.6094379124291005,5,25,0.2,0,29
v2_no_evolution_s21,v2,no_evolution,21,random_regular,100,4,737,28,2.1458417525857545,11,28,0.39285714285714285,70,48
v2_no_evolution_s21,v2,no_evolution,21,random_regular,100,4,738,10,1.3862943611158909,4,10,0.4,50,55
v2_no_evolution_s21,v2,no_evolution,21,random_regular,100,4,739,41,2.1639556568730565,10,41,0.24390243902439024,95,99
v2_no_evolution_s21,v2,no_evolution,21,random_regular,100,4,740,39,2.736339051089065,18,39,0.46153846153846156,73,94
v2_no_evolution_s21,v2,no_evolution,21,random_regular,100,4,741,25,2.302585092984045,10,25,0.4,28,94
v2_no_evolution_s21,v2,no_evolution,21,random_regular,100,4,742,0,0.0,0,0,,99,99
v2_no_evolution_s21,v2,no_evolution,21,random_regular,100,4,743,29,2.2718685126865625,11,29,0.3793103448275862,26,29
v2_no_evolution_s21,v2,no_evolution,21,random_regular,100,4,744,44,2.9957322735339904,20,44,0.45454545454545453,90,99
v2_no_evolution_s21,v2,no_evolution,21,random_regular,100,4,745,4,0.6931471805579453,2,4,0.5,16,55
v2_no_evolution_s21,v2,no_evolution,21,random_regular,100,4,746,102,3.342356062906156,35,102,0.3431372549019608,86,94
v2_no_evolution_s21,v2,no_evolution,21,random_regular,100,4,747,324,4.39504259032157,112,324,0.345679012345679,31,94
v2_no_evolution_s21,v2,no_evolution,21,random_regular,100,4,748,266,4.356729762224971,96,266,0.3609022556390977,21,48
v2_no_evolution_s21,v2,no_evolution,21,random_regular,100,4,749,183,3.933856333348953,75,183,0.4098360655737705,73,99
v2_no_evolution_s21,v2,no_evolution,21,random_regular,100,4,750,4,0.6931471805579453,2,4,0.5,36,48
v2_no_evolution_s21,v2,no_evolution,21,random_regular,100,4,751,53,3.218875824843201,25,53,0.4716981132075472,31,55
v2_no_evolution_s21,v2,no_evolution,21,random_regular,100,4,752,191,3.960455985163588,73,191,0.38219895287958117,21,48
v2_no_evolution_s21,v2,no_evolution,21,random_regular,100,4,753,69,3.3445488585774434,31,69,0.4492753623188406,77,99
v2_no_evolution_s21,v2,no_evolution,21,random_regular,100,4,754,191,3.694823769331199,67,191,0.3507853403141361,37,29
v2_no_evolution_s21,v2,no_evolution,21,random_regular,100,4,755,14,1.791759469222055,6,14,0.42857142857142855,76,94
v2_no_evolution_s21,v2,no_evolution,21,random_regular,100,4,756,184,3.895099034106584,62,184,0.33695652173913043,97,29
v2_no_evolution_s21,v2,no_evolution,21,random_regular,100,4,757,12,1.3862943611158909,4,12,0.3333333333333333,22,29
v2_no_evolution_s21,v2,no_evolution,21,random_regular,100,4,758,241,4.11980331602073,80,241,0.33195020746887965,33,99
v2_no_evolution_s21,v2,no_evolution,21,random_regular,100,4,759,32,2.484906649776,12,32,0.375,53,94
v2_no_evolution_s21,v2,no_evolution,21,random_regular,100,4,760,170,3.953738307322861,62,170,0.36470588235294116,66,94
v2_no_evolution_s21,v2,no_evolution,21,random_regular,100,4,761,3,-1.000088900581841e-12,1,3,0.3333333333333333,13,99
v2_no_evolution_s21,v2,no_evolution,21,random_regular,100,4,762,4,1.0986122886651095,3,4,0.75,43,29
v2_no_evolution_s21,v2,no_evolution,21,random_regular,100,4,763,28,2.0431918705371204,9,28,0.32142857142857145,38,29
v2_no_evolution_s21,v2,no_evolution,21,random_regular,100,4,764,14,1.6094379124291005,5,14,0.35714285714285715,88,29
v2_no_evolution_s21,v2,no_evolution,21,random_regular,100,4,765,11,1.0986122886651095,3,11,0.2727272727272727,75,48
v2_no_evolution_s21,v2,no_evolution,21,random_regular,100,4,766,11,1.3862943611158909,4,11,0.36363636363636365,63,29
v2_no_evolution_s21,v2,no_evolution,21,random_regular,100,4,767,9,1.5607104090364068,6,9,0.6666666666666666,62,29
v2_no_evolution_s21,v2,no_evolution,21,random_regular,100,4,768,0,0.0,0,0,,94,94
v2_no_evolution_s21,v2,no_evolution,21,random_regular,100,4,769,18,1.5498260458732018,7,18,0.3888888888888889,53,94
v2_no_evolution_s21,v2,no_evolution,21,random_regular,100,4,770,64,3.0351414327703696,28,64,0.4375,33,94
v2_no_evolution_s21,v2,no_evolution,21,random_regular,100,4,771,73,3.176082814634593,29,73,0.3972602739726027,26,99
v2_no_evolution_s21,v2,no_evolution,21,random_regular,100,4,772,27,2.484906649776,12,27,0.4444444444444444,31,99
v2_no_evolution_s21,v2,no_evolution,21,random_regular,100,4,773,165,3.827285328814521,58,165,0.3515151515151515,65,99
v2_no_evolution_s21,v2,no_evolution,21,random_regular,100,4,774,16,2.079441541671836,8,16,0.5,34,29
v2_no_evolution_s21,v2,no_evolution,21,random_regular,100,4,775,37,2.725550395815721,19,37,0.5135135135135135,81,94
v2_no_evolution_s21,v2,no_evolution,21,random_regular,100,4,776,78,3.1836729714587872,28,78,0.358974358974359,60,94
v2_no_evolution_s21,v2,no_evolution,21,random_regular,100,4,777,0,0.0,0,0,,99,99
v2_no_evolution_s21,v2,no_evolution,21,random_regular,100,4,778,94,3.2314627901591075,38,94,0.40425531914893614,19,99
v2_no_evolution_s21,v2,no_evolution,21,random_regular,100,4,779,31,2.1639556568730565,10,31,0.3225806451612903,87,29
v2_no_evolution_s21,v2,no_evolution,21,random_regular,100,4,780,137,3.617683558888374,46,137,0.3357664233576642,95,48
v2_no_evolution_s21,v2,no_evolution,21,random_regular,100,4,781,102,3.704662609644276,42,102,0.4117647058823529,9,55
v2_no_evolution_s21,v2,no_evolution,21,random_regular,100,4,782,87,3.240946979651713,34,87,0.39080459770114945,87,48
v2_no_evolution_s21,v2,no_evolution,21,random_regular,100,4,783,29,2.3978952727873706,11,29,0.3793103448275862,5,99
v2_no_evolution_s21,v2,no_evolution,21,random_regular,100,4,784,39,2.5649493574485365,13,39,0.3333333333333333,75,29
v2_no_evolution_s21,v2,no_evolution,21,random_regular,100,4,785,442,4.561042948437273,143,442,0.3235294117647059,19,99
v2_no_evolution_s21,v2,no_evolution,21,random_regular,100,4,786,134,3.6520250575102735,50,134,0.373134328358209,22,48
v2_no_evolution_s21,v2,no_evolution,21,random_regular,100,4,787,180,3.6364454331777054,46,180,0.25555555555555554,27,94
v2_no_evolution_s21,v2,no_evolution,21,random_regular,100,4,788,81,3.1352651118662034,30,81,0.37037037037037035,70,94
v2_no_evolution_s21,v2,no_evolution,21,random_regular,100,4,789,6,1.0986122886651095,3,6,0.5,34,55
v2_no_evolution_s21,v2,no_evolution,21,random_regular,100,4,790,278,4.413221707877296,106,278,0.381294964028777,64,99
v2_no_evolution_s21,v2,no_evolution,21,random_regular,100,4,791,80,3.389268031515795,31,80,0.3875,87,48
v2_no_evolution_s21,v2,no_evolution,21,random_regular,100,4,792,47,2.5126585295168016,16,47,0.3404255319148936,88,48
v2_no_evolution_s21,v2,no_evolution,21,random_regular,100,4,793,8,-1.000088900581841e-12,1,8,0.125,67,55
v2_no_evolution_s21,v2,no_evolution,21,random_regular,100,4,794,189,3.989308107789749,75,189,0.3968253968253968,89,99
v2_no_evolution_s21,v2,no_evolution,21,random_regular,100,4,795,179,4.013637220348967,71,179,0.39664804469273746,7,94
v2_no_evolution_s21,v2,no_evolution,21,random_regular,100,4,796,28,2.197224577327219,9,28,0.32142857142857145,45,55
v2_no_evolution_s21,v2,no_evolution,21,random_regular,100,4,797,86,3.3445488585774434,31,86,0.36046511627906974,40,29
v2_no_evolution_s21,v2,no_evolution,21,random_regular,100,4,798,23,2.2718685126865625,11,23,0.4782608695652174,91,55
v2_no_evolution_s21,v2,no_evolution,21,random_regular,100,4,799,114,3.813438745815229,48,114,0.42105263157894735,83,48
v2_no_evolution_s21,v2,no_evolution,21,random_regular,100,4,800,0,0.0,0,0,,99,99
v2_no_evolution_s21,v2,no_evolution,21,random_regular,100,4,801,133,3.726795348248236,48,133,0.3609022556390977,22,94
v2_no_evolution_s21,v2,no_evolution,21,random_regular,100,4,802,12,1.5607104090364066,6,12,0.5,71,55
v2_no_evolution_s21,v2,no_evolution,21,random_regular,100,4,803,134,3.790654493617263,50,134,0.373134328358209,58,99
v2_no_evolution_s21,v2,no_evolution,21,random_regular,100,4,804,75,3.1418041591892294,27,75,0.36,50,99
v2_no_evolution_s21,v2,no_evolution,21,random_regular,100,4,805,2,-1.000088900581841e-12,1,2,0.5,9,55
v2_no_evolution_s21,v2,no_evolution,21,random_regular,100,4,806,291,4.514529298939984,110,291,0.37800687285223367,74,48
v2_no_evolution_s21,v2,no_evolution,21,random_regular,100,4,807,36,2.1458417525857545,11,36,0.3055555555555556,9,29
v2_no_evolution_s21,v2,no_evolution,21,random_regular,100,4,808,285,4.395732021051661,98,285,0.34385964912280703,59,29
v2_no_evolution_s21,v2,no_evolution,21,random_regular,100,4,809,2,-1.000088900581841e-12,1,2,0.5,58,48
v2_no_evolution_s21,v2,no_evolution,21,random_regular,100,4,810,42,2.8903717578781647,18,42,0.42857142857142855,77,48
v2_no_evolution_s21,v2,no_evolution,21,random_regular,100,4,811,219,3.956870899143095,75,219,0.3424657534246575,89,48
v2_no_evolution_s21,v2,no_evolution,21,random_regular,100,4,812,103,3.3193119669951803,44,103,0.42718446601941745,75,29
v2_no_evolution_s21,v2,no_evolution,21,random_regular,100,4,813,15,2.0431918705371204,9,15,0.6,30,48
v2_no_evolution_s21,v2,no_evolution,21,random_regular,100,4,814,34,2.369382119683676,12,34,0.35294117647058826,43,29
v2_no_evolution_s21,v2,no_evolution,21,random_regular,100,4,815,51,2.864738512170568,26,51,0.5098039215686274,86,99
v2_no_evolution_s21,v2,no_evolution,21,random_regular,100,4,816,131,3.6169235190111806,53,131,0.40458015267175573,57,48
v2_no_evolution_s21,v2,no_evolution,21,random_regular,100,4,817,52,2.6701198897918164,17,52,0.3269230769230769,43,94
v2_no_evolution_s21,v2,no_evolution,21,random_regular,100,4,818,44,2.253857589591352,12,44,0.2727272727272727,31,55
v2_no_evolution_s21,v2,no_evolution,21,random_regular,100,4,819,103,3.498515667114017,37,103,0.3592233009708738,72,29
v2_no_evolution_s21,v2,no_evolution,21,random_regular,100,4,820,154,3.772302354761365,57,154,0.37012987012987014,22,55
v2_no_evolution_s21,v2,no_evolution,21,random_regular,100,4,821,30,2.302585092984045,10,30,0.3333333333333333,82,55
v2_no_evolution_s21,v2,no_evolution,21,random_regular,100,4,822,227,4.069831878130836,89,227,0.3920704845814978,3,55
v2_no_evolution_s21,v2,no_evolution,21,random_regular,100,4,823,34,1.9722469794154416,11,34,0.3235294117647059,46,55
v2_no_evolution_s21,v2,no_evolution,21,random_regular,100,4,824,0,0.0,0,0,,55,55
v2_no_evolution_s21,v2,no_evolution,21,random_regular,100,4,825,77,3.328471881301736,33,77,0.42857142857142855,96,29
v2_no_evolution_s21,v2,no_evolution,21,random_regular,100,4,826,36,2.588573162668117,17,36,0.4722222222222222,54,99
v2_no_evolution_s21,v2,no_evolution,21,random_regular,100,4,827,6,1.3862943611158909,4,6,0.6666666666666666,52,94
v2_no_evolution_s21,v2,no_evolution,21,random_regular,100,4,828,4,1.0986122886651095,3,4,0.75,92,99
v2_no_evolution_s21,v2,no_evolution,21,random_regular,100,4,829,65,2.954673212284816,23,65,0.35384615384615387,73,94
v2_no_evolution_s21,v2,no_evolution,21,random_regular,100,4,830,21,2.079441541671836,8,21,0.38095238095238093,89,55
v2_no_evolution_s21,v2,no_evolution,21,random_regular,100,4,831,81,3.158039775194436,29,81,0.35802469135802467,63,55
v2_no_evolution_s21,v2,no_evolution,21,random_regular,100,4,832,113,3.6436782287373086,47,113,0.415929203539823,18,99
v2_no_evolution_s21,v2,no_evolution,21,random_regular,100,4,833,0,0.0,0,0,,48,48
v2_no_evolution_s21,v2,no_evolution,21,random_regular,100,4,834,67,2.864738512170568,26,67,0.3880597014925373,11,94
v2_no_evolution_s21,v2,no_evolution,21,random_regular,100,4,835,48,2.736339051089065,18,48,0.375,95,29
v2_no_evolution_s21,v2,no_evolution,21,random_regular,100,4,836,77,2.920687026873641,25,77,0.3246753246753247,38,29
v2_no_evolution_s21,v2,no_evolution,21,random_regular,100,4,837,31,2.7080502010872096,15,31,0.4838709677419355,27,55
v2_no_evolution_s21,v2,no_evolution,21,random_regular,100,4,838,0,0.0,0,0,,29,29
v2_no_evolution_s21,v2,no_evolution,21,random_regular,100,4,839,17,1.3862943611158909,4,17,0.23529411764705882,14,94
v2_no_evolution_s21,v2,no_evolution,21,random_regular,100,4,840,4,-1.000088900581841e-12,1,4,0.25,67,55
v2_no_evolution_s21,v2,no_evolution,21,random_regular,100,4,841,200,4.010259203511206,73,200,0.365,31,55
v2_no_evolution_s21,v2,no_evolution,21,random_regular,100,4,842,118,3.696721308158614,43,118,0.3644067796610169,92,48
v2_no_evolution_s21,v2,no_evolution,21,random_regular,100,4,843,31,2.3978952727873706,11,31,0.3548387096774194,66,94
v2_no_evolution_s21,v2,no_evolution,21,random_regular,100,4,844,0,0.0,0,0,,55,55
v2_no_evolution_s21,v2,no_evolution,21,random_regular,100,4,845,87,3.193512367382888,31,87,0.3563218390804598,4,48
v2_no_evolution_s21,v2,no_evolution,21,random_regular,100,4,846,38,2.7080502010872096,15,38,0.39473684210526316,86,29
v2_no_evolution_s21,v2,no_evolution,21,random_regular,100,4,847,51,2.912494403312053,21,51,0.4117647058823529,31,94
v2_no_evolution_s21,v2,no_evolution,21,random_regular,100,4,848,0,0.0,0,0,,29,29
v2_no_evolution_s21,v2,no_evolution,21,random_regular,100,4,849,55,3.0752205480323718,23,55,0.41818181818181815,30,48
v2_no_evolution_s21,v2,no_evolution,21,random_regular,100,4,850,120,3.5726345752559063,42,120,0.35,40,29
v2_no_evolution_s21,v2,no_evolution,21,random_regular,100,4,851,193,3.90097196936376,73,193,0.37823834196891193,6,29
v2_no_evolution_s21,v2,no_evolution,21,random_regular,100,4,852,117,3.5006294236541926,44,117,0.37606837606837606,87,29
v2_no_evolution_s21,v2,no_evolution,21,random_regular,100,4,853,0,0.0,0,0,,94,94
v2_no_evolution_s21,v2,no_evolution,21,random_regular,100,4,854,198,3.936787148657477,63,198,0.3181818181818182,47,48
v2_no_evolution_s21,v2,no_evolution,21,random_regular,100,4,855,44,2.341994252221425,14,44,0.3181818181818182,70,99
v2_no_evolution_s21,v2,no_evolution,21,random_regular,100,4,856,194,3.913817215234056,66,194,0.3402061855670103,32,94
v2_no_evolution_s21,v2,no_evolution,21,random_regular,100,4,857,154,3.814982892455961,57,154,0.37012987012987014,91,94
v2_no_evolution_s21,v2,no_evolution,21,random_regular,100,4,858,0,0.0,0,0,,55,55
v2_no_evolution_s21,v2,no_evolution,21,random_regular,100,4,859,10,1.0986122886651095,3,10,0.3,73,29
v2_no_evolution_s21,v2,no_evolution,21,random_regular,100,4,860,141,3.7794820749848017,58,141,0.41134751773049644,37,94
v2_no_evolution_s21,v2,no_evolution,21,random_regular,100,4,861,9,1.6094379124291005,5,9,0.5555555555555556,78,99
v2_no_evolution_s21,v2,no_evolution,21,random_regular,100,4,862,271,4.2992043788061824,99,271,0.36531365313653136,57,48
v2_no_evolution_s21,v2,no_evolution,21,random_regular,100,4,863,60,2.772588722223781,16,60,0.26666666666666666,52,99
v2_no_evolution_s21,v2,no_evolution,21,random_regular,100,4,864,14,1.9459101490483133,7,14,0.5,26,29
v2_no_evolution_s21,v2,no_evolution,21,random_regular,100,4,865,151,3.817965922245655,56,151,0.3708609271523179,86,94
v2_no_evolution_s21,v2,no_evolution,21,random_regular,100,4,866,0,0.0,0,0,,94,94
v2_no_evolution_s21,v2,no_evolution,21,random_regular,100,4,867,26,1.9459101490483133,7,26,0.2692307692307692,22,55
v2_no_evolution_s21,v2,no_evolution,21,random_regular,100,4,868,178,3.8768201519937313,56,178,0.3146067415730337,4,99
v2_no_evolution_s21,v2,no_evolution,21,random_regular,100,4,869,138,3.684648649093295,52,138,0.37681159420289856,87,94
v2_no_evolution_s21,v2,no_evolution,21,random_regular,100,4,870,239,4.300295288545671,95,239,0.39748953974895396,90,29
v2_no_evolution_s21,v2,no_evolution,21,random_regular,100,4,871,111,3.498515667114017,37,111,0.3333333333333333,38,99
v2_no_evolution_s21,v2,no_evolution,21,random_regular,100,4,872,4,1.0986122886651095,3,4,0.75,20,99
v2_no_evolution_s21,v2,no_evolution,21,random_regular,100,4,873,25,1.9459101490483133,7,25,0.28,51,29
v2_no_evolution_s21,v2,no_evolution,21,random_regular,100,4,874,114,3.409438995061846,37,114,0.32456140350877194,56,29
v2_no_evolution_s21,v2,no_evolution,21,random_regular,100,4,875,93,3.098139496330803,26,93,0.27956989247311825,4,48
v2_no_evolution_s21,v2,no_evolution,21,random_regular,100,4,876,9,1.3862943611158909,4,9,0.4444444444444444,51,94
v2_no_evolution_s21,v2,no_evolution,21,random_regular,100,4,877,22,1.9459101490483133,7,22,0.3181818181818182,87,94
v2_no_evolution_s21,v2,no_evolution,21,random_regular,100,4,878,77,3.354676769817271,38,77,0.4935064935064935,76,55
v2_no_evolution_s21,v2,no_evolution,21,random_regular,100,4,879,152,3.98841985963804,70,152,0.4605263157894737,39,94
v2_no_evolution_s21,v2,no_evolution,21,random_regular,100,4,880,6,1.0986122886651095,3,6,0.5,90,29
v2_no_evolution_s21,v2,no_evolution,21,random_regular,100,4,881,22,2.369382119683676,12,22,0.5454545454545454,54,99
v2_no_evolution_s21,v2,no_evolution,21,random_regular,100,4,882,200,4.0006146018167135,66,200,0.33,19,99
v2_no_evolution_s21,v2,no_evolution,21,random_regular,100,4,883,241,4.276599467313783,91,241,0.3775933609958506,61,48
v2_no_evolution_s21,v2,no_evolution,21,random_regular,100,4,884,100,3.693778246480071,49,100,0.49,70,29
v2_no_evolution_s21,v2,no_evolution,21,random_regular,100,4,885,5,-1.000088900581841e-12,1,5,0.2,51,29
v2_no_evolution_s21,v2,no_evolution,21,random_regular,100,4,886,38,2.197224577327219,9,38,0.23684210526315788,5,48
v2_no_evolution_s21,v2,no_evolution,21,random_regular,100,4,887,27,2.079441541671836,8,27,0.2962962962962963,35,55
v2_no_evolution_s21,v2,no_evolution,21,random_regular,100,4,888,1,-1.000088900581841e-12,1,1,1.0,67,55
v2_no_evolution_s21,v2,no_evolution,21,random_regular,100,4,889,68,3.0047670351869598,24,68,0.35294117647058826,74,99
v2_no_evolution_s21,v2,no_evolution,21,random_regular,100,4,890,9,1.791759469222055,6,9,0.6666666666666666,7,99
v2_no_evolution_s21,v2,no_evolution,21,random_regular,100,4,891,26,2.772588722223781,16,26,0.6153846153846154,22,94
v2_no_evolution_s21,v2,no_evolution,21,random_regular,100,4,892,28,1.791759469222055,6,28,0.21428571428571427,51,99
v2_no_evolution_s21,v2,no_evolution,21,random_regular,100,4,893,59,2.751666616915516,17,59,0.288135593220339,60,48
v2_no_evolution_s21,v2,no_evolution,21,random_regular,100,4,894,49,2.6525875347051477,19,49,0.3877551020408163,50,94
v2_no_evolution_s21,v2,no_evolution,21,random_regular,100,4,895,4,-1.000088900581841e-12,1,4,0.25,86,94
v2_no_evolution_s21,v2,no_evolution,21,random_regular,100,4,896,28,2.2718685126865625,11,28,0.39285714285714285,21,48
v2_no_evolution_s21,v2,no_evolution,21,random_regular,100,4,897,22,1.8891591637470213,9,22,0.4090909090909091,93,94
v2_no_evolution_s21,v2,no_evolution,21,random_regular,100,4,898,47,2.639057329601259,14,47,0.2978723404255319,20,99
v2_no_evolution_s21,v2,no_evolution,21,random_regular,100,4,899,1,-1.000088900581841e-12,1,1,1.0,78,94
v2_no_evolution_s21,v2,no_evolution,21,random_regular,100,4,900,68,2.936120406976092,28,68,0.4117647058823529,58,99
v2_no_evolution_s21,v2,no_evolution,21,random_regular,100,4,901,33,2.245035274116177,13,33,0.3939393939393939,97,94
v2_no_evolution_s21,v2,no_evolution,21,random_regular,100,4,902,24,1.6094379124291005,5,24,0.20833333333333334,72,29
v2_no_evolution_s21,v2,no_evolution,21,random_regular,100,4,903,54,2.6078050343277046,23,54,0.42592592592592593,95,29
v2_no_evolution_s21,v2,no_evolution,21,random_regular,100,4,904,61,2.725550395815721,19,61,0.3114754098360656,6,94
v2_no_evolution_s21,v2,no_evolution,21,random_regular,100,4,905,11,1.791759469222055,6,11,0.5454545454545454,22,29
v2_no_evolution_s21,v2,no_evolution,21,random_regular,100,4,906,30,2.2718685126865625,11,30,0.36666666666666664,22,94
v2_no_evolution_s21,v2,no_evolution,21,random_regular,100,4,907,273,4.125908131392972,101,273,0.36996336996337,88,94
v2_no_evolution_s21,v2,no_evolution,21,random_regular,100,4,908,45,2.838988933136699,22,45,0.4888888888888889,7,48
v2_no_evolution_s21,v2,no_evolution,21,random_regular,100,4,909,1,-1.000088900581841e-12,1,1,1.0,86,94
v2_no_evolution_s21,v2,no_evolution,21,random_regular,100,4,910,18,1.9061547465328492,8,18,0.4444444444444444,97,29
v2_no_evolution_s21,v2,no_evolution,21,random_regular,100,4,911,113,3.5734504974428223,37,113,0.3274336283185841,52,99
v2_no_evolution_s21,v2,no_evolution,21,random_regular,100,4,912,54,2.540036303807981,14,54,0.25925925925925924,21,99
v2_no_evolution_s21,v2,no_evolution,21,random_regular,100,4,913,86,3.2826939972510645,28,86,0.32558139534883723,26,29
v2_no_evolution_s21,v2,no_evolution,21,random_regular,100,4,914,85,3.135494215906149,23,85,0.27058823529411763,87,94
v2_no_evolution_s21,v2,no_evolution,21,random_regular,100,4,915,2,-1.000088900581841e-12,1,2,0.5,13,99
v2_no_evolution_s21,v2,no_evolution,21,random_regular,100,4,916,41,2.772588722223781,16,41,0.3902439024390244,88,94
v2_no_evolution_s21,v2,no_evolution,21,random_regular,100,4,917,29,2.5649493574485365,13,29,0.4482758620689655,59,99
v2_no_evolution_s21,v2,no_evolution,21,random_regular,100,4,918,134,3.414942977352493,47,134,0.35074626865671643,98,48
v2_no_evolution_s21,v2,no_evolution,21,random_regular,100,4,919,32,2.5649493574485365,13,32,0.40625,1,29
v2_no_evolution_s21,v2,no_evolution,21,random_regular,100,4,920,64,2.9965869742621187,29,64,0.453125,45,48
v2_no_evolution_s21,v2,no_evolution,21,random_regular,100,4,921,5,0.6931471805579453,2,5,0.4,50,55
v2_no_evolution_s21,v2,no_evolution,21,random_regular,100,4,922,79,3.342356062906156,35,79,0.4430379746835443,16,99
v2_no_evolution_s21,v2,no_evolution,21,random_regular,100,4,923,217,4.1367845097090665,83,217,0.3824884792626728,18,29
v2_no_evolution_s21,v2,no_evolution,21,random_regular,100,4,924,124,3.7220699681345786,49,124,0.3951612903225806,38,55
v2_no_evolution_s21,v2,no_evolution,21,random_regular,100,4,925,13,2.079441541671836,8,13,0.6153846153846154,82,94
v2_no_evolution_s21,v2,no_evolution,21,random_regular,100,4,926,30,2.639057329601259,14,30,0.4666666666666667,12,48
v2_no_evolution_s21,v2,no_evolution,21,random_regular,100,4,927,128,3.738230894633928,46,128,0.359375,61,94
v2_no_evolution_s21,v2,no_evolution,21,random_regular,100,4,928,12,1.3862943611158909,4,12,0.3333333333333333,61,48
v2_no_evolution_s21,v2,no_evolution,21,random_regular,100,4,929,39,2.484906649776,12,39,0.3076923076923077,62,48
v2_no_evolution_s21,v2,no_evolution,21,random_regular,100,4,930,20,1.9459101490483133,7,20,0.35,76,29
v2_no_evolution_s21,v2,no_evolution,21,random_regular,100,4,931,10,1.6094379124291005,5,10,0.5,76,99
v2_no_evolution_s21,v2,no_evolution,21,random_regular,100,4,932,9,1.3862943611158909,4,9,0.4444444444444444,80,99
v2_no_evolution_s21,v2,no_evolution,21,random_regular,100,4,933,112,3.5835189384201103,36,112,0.32142857142857145,41,99
v2_no_evolution_s21,v2,no_evolution,21,random_regular,100,4,934,3,-1.000088900581841e-12,1,3,0.3333333333333333,78,94
v2_no_evolution_s21,v2,no_evolution,21,random_regular,100,4,935,122,3.5035724620142386,51,122,0.4180327868852459,84,48
v2_no_evolution_s21,v2,no_evolution,21,random_regular,100,4,936,196,4.072949509620014,76,196,0.3877551020408163,97,29
v2_no_evolution_s21,v2,no_evolution,21,random_regular,100,4,937,13,1.3862943611158909,4,13,0.3076923076923077,30,55
v2_no_evolution_s21,v2,no_evolution,21,random_regular,100,4,938,68,2.733401777791672,25,68,0.36764705882352944,88,29
v2_no_evolution_s21,v2,no_evolution,21,random_regular,100,4,939,39,2.484906649776,12,39,0.3076923076923077,42,94
v2_no_evolution_s21,v2,no_evolution,21,random_regular,100,4,940,45,2.1383330594990277,12,45,0.26666666666666666,24,99
v2_no_evolution_s21,v2,no_evolution,21,random_regular,100,4,941,38,2.9957322735339904,20,38,0.5263157894736842,4,55
v2_no_evolution_s21,v2,no_evolution,21,random_regular,100,4,942,25,2.4583113296710835,13,25,0.52,54,48
v2_no_evolution_s21,v2,no_evolution,21,random_regular,100,4,943,141,3.808364887553047,60,141,0.425531914893617,78,48
v2_no_evolution_s21,v2,no_evolution,21,random_regular,100,4,944,257,4.144024045345052,100,257,0.38910505836575876,56,55
v2_no_evolution_s21,v2,no_evolution,21,random_regular,100,4,945,124,3.473944282079397,48,124,0.3870967741935484,11,48
v2_no_evolution_s21,v2,no_evolution,21,random_regular,100,4,946,2,-1.000088900581841e-12,1,2,0.5,8,99
v2_no_evolution_s21,v2,no_evolution,21,random_regular,100,4,947,64,3.134162458562648,28,64,0.4375,38,48
v2_no_evolution_s21,v2,no_evolution,21,random_regular,100,4,948,23,1.791759469222055,6,23,0.2608695652173913,81,48
v2_no_evolution_s21,v2,no_evolution,21,random_regular,100,4,949,1,-1.000088900581841e-12,1,1,1.0,67,55
v2_no_evolution_s21,v2,no_evolution,21,random_regular,100,4,950,16,1.5607104090364068,6,16,0.375,96,48
v2_no_evolution_s21,v2,no_evolution,21,random_regular,100,4,951,123,3.761660727552022,47,123,0.3821138211382114,84,48
v2_no_evolution_s21,v2,no_evolution,21,random_regular,100,4,952,0,0.0,0,0,,55,55
v2_no_evolution_s21,v2,no_evolution,21,random_regular,100,4,953,355,4.307203554718841,119,355,0.3352112676056338,30,99
v2_no_evolution_s21,v2,no_evolution,21,random_regular,100,4,954,26,2.079441541671836,8,26,0.3076923076923077,0,94
v2_no_evolution_s21,v2,no_evolution,21,random_regular,100,4,955,14,1.0986122886651095,3,14,0.21428571428571427,49,94
v2_no_evolution_s21,v2,no_evolution,21,random_regular,100,4,956,13,1.7478680974607577,7,13,0.5384615384615384,20,48
v2_no_evolution_s21,v2,no_evolution,21,random_regular,100,4,957,65,3.0752205480323718,23,65,0.35384615384615387,38,99
v2_no_evolution_s21,v2,no_evolution,21,random_regular,100,4,958,17,2.079441541671836,8,17,0.47058823529411764,8,99
v2_no_evolution_s21,v2,no_evolution,21,random_regular,100,4,959,97,3.1418041591892294,27,97,0.27835051546391754,95,48
v2_no_evolution_s21,v2,no_evolution,21,random_regular,100,4,960,60,2.736339051089065,18,60,0.3,79,48
v2_no_evolution_s21,v2,no_evolution,21,random_regular,100,4,961,69,3.1418041591892294,27,69,0.391304347826087,43,99
v2_no_evolution_s21,v2,no_evolution,21,random_regular,100,4,962,109,3.10797227595561,25,109,0.22935779816513763,14,99
v2_no_evolution_s21,v2,no_evolution,21,random_regular,100,4,963,25,2.253857589591352,12,25,0.48,92,99
v2_no_evolution_s21,v2,no_evolution,21,random_regular,100,4,964,21,2.079441541671836,8,21,0.38095238095238093,11,55
v2_no_evolution_s21,v2,no_evolution,21,random_regular,100,4,965,315,4.398189729636286,124,315,0.39365079365079364,87,94
v2_no_evolution_s21,v2,no_evolution,21,random_regular,100,4,966,235,4.344073005209615,95,235,0.40425531914893614,40,48
v2_no_evolution_s21,v2,no_evolution,21,random_regular,100,4,967,74,3.134162458562648,28,74,0.3783783783783784,79,99
v2_no_evolution_s21,v2,no_evolution,21,random_regular,100,4,968,74,3.2103913397623893,31,74,0.4189189189189189,22,94
v2_no_evolution_s21,v2,no_evolution,21,random_regular,100,4,969,12,1.0986122886651095,3,12,0.25,53,99
v2_no_evolution_s21,v2,no_evolution,21,random_regular,100,4,970,109,3.423580836785212,37,109,0.3394495412844037,85,94
v2_no_evolution_s21,v2,no_evolution,21,random_regular,100,4,971,135,3.638648592450092,42,135,0.3111111111111111,31,94
v2_no_evolution_s21,v2,no_evolution,21,random_regular,100,4,972,285,4.465535951618178,109,285,0.3824561403508772,1,29
v2_no_evolution_s21,v2,no_evolution,21,random_regular,100,4,973,13,1.791759469222055,6,13,0.46153846153846156,11,55
v2_no_evolution_s21,v2,no_evolution,21,random_regular,100,4,974,1,-1.000088900581841e-12,1,1,1.0,28,94
v2_no_evolution_s21,v2,no_evolution,21,random_regular,100,4,975,27,2.079441541671836,8,27,0.2962962962962963,47,48
v2_no_evolution_s21,v2,no_evolution,21,random_regular,100,4,976,0,0.0,0,0,,48,48
v2_no_evolution_s21,v2,no_evolution,21,random_regular,100,4,977,115,3.539627566658813,42,115,0.3652173913043478,92,55
v2_no_evolution_s21,v2,no_evolution,21,random_regular,100,4,978,519,4.80889970424044,210,519,0.4046242774566474,90,48
v2_no_evolution_s21,v2,no_evolution,21,random_regular,100,4,979,109,3.3299193054700016,43,109,0.3944954128440367,3,48
v2_no_evolution_s21,v2,no_evolution,21,random_regular,100,4,980,4,1.0986122886651095,3,4,0.75,38,94
v2_no_evolution_s21,v2,no_evolution,21,random_regular,100,4,981,57,2.871476118036867,19,57,0.3333333333333333,69,99
v2_no_evolution_s21,v2,no_evolution,21,random_regular,100,4,982,50,2.772588722223781,16,50,0.32,52,55
v2_no_evolution_s21,v2,no_evolution,21,random_regular,100,4,983,178,3.669061195679801,67,178,0.37640449438202245,22,29
v2_no_evolution_s21,v2,no_evolution,21,random_regular,100,4,984,73,3.0752205480323718,23,73,0.3150684931506849,80,99
v2_no_evolution_s21,v2,no_evolution,21,random_regular,100,4,985,17,1.6094379124291005,5,17,0.29411764705882354,53,29
v2_no_evolution_s21,v2,no_evolution,21,random_regular,100,4,986,0,0.0,0,0,,55,55
v2_no_evolution_s21,v2,no_evolution,21,random_regular,100,4,987,376,4.62370379700711,147,376,0.39095744680851063,80,48
v2_no_evolution_s21,v2,no_evolution,21,random_regular,100,4,988,247,4.181549679832636,97,247,0.39271255060728744,40,48
v2_no_evolution_s21,v2,no_evolution,21,random_regular,100,4,989,83,3.286462961268799,33,83,0.39759036144578314,76,99
v2_no_evolution_s21,v2,no_evolution,21,random_regular,100,4,990,28,2.484906649776,12,28,0.42857142857142855,18,29
v2_no_evolution_s21,v2,no_evolution,21,random_regular,100,4,991,74,3.176082814634593,29,74,0.3918918918918919,43,94
v2_no_evolution_s21,v2,no_evolution,21,random_regular,100,4,992,61,3.062529300232621,24,61,0.39344262295081966,12,29
v2_no_evolution_s21,v2,no_evolution,21,random_regular,100,4,993,34,2.1458417525857545,11,34,0.3235294117647059,77,29
v2_no_evolution_s21,v2,no_evolution,21,random_regular,100,4,994,0,0.0,0,0,,29,29
v2_no_evolution_s21,v2,no_evolution,21,random_regular,100,4,995,50,2.912494403312053,21,50,0.42,20,99
v2_no_evolution_s21,v2,no_evolution,21,random_regular,100,4,996,445,4.743295028667857,170,445,0.38202247191011235,5,48
v2_no_evolution_s21,v2,no_evolution,21,random_regular,100,4,997,103,3.2924491076317413,32,103,0.3106796116504854,11,99
v2_no_evolution_s21,v2,no_evolution,21,random_regular,100,4,998,0,0.0,0,0,,29,29
v2_no_evolution_s21,v2,no_evolution,21,random_regular,100,4,999,18,1.5607104090364068,6,18,0.3333333333333333,8,48
