run_id,validation_version,condition,seed,topology,n_nodes,degree,episode_idx,hitting_time,path_entropy,accepted_moves,attempted_moves,accept_rate,start_node,final_node
v2_random_evolution_s2,v2,random_evolution,2,random_regular,100,4,0,275,4.307031046977782,93,275,0.3381818181818182,92,80
v2_random_evolution_s2,v2,random_evolution,2,random_regular,100,4,1,220,4.195405971120296,83,220,0.37727272727272726,27,89
v2_random_evolution_s2,v2,random_evolution,2,random_regular,100,4,2,109,3.7612001156505626,43,109,0.3944954128440367,24,33
v2_random_evolution_s2,v2,random_evolution,2,random_regular,100,4,3,2,-1.000088900581841e-12,1,2,0.5,2,33
v2_random_evolution_s2,v2,random_evolution,2,random_regular,100,4,4,27,2.369382119683676,12,27,0.4444444444444444,97,80
v2_random_evolution_s2,v2,random_evolution,2,random_regular,100,4,5,61,3.120291565278284,24,61,0.39344262295081966,51,95
v2_random_evolution_s2,v2,random_evolution,2,random_regular,100,4,6,0,0.0,0,0,,80,80
v2_random_evolution_s2,v2,random_evolution,2,random_regular,100,4,7,4,-1.000088900581841e-12,1,4,0.25,47,3
v2_random_evolution_s2,v2,random_evolution,2,random_regular,100,4,8,16,1.9459101490483133,7,16,0.4375,36,3
v2_random_evolution_s2,v2,random_evolution,2,random_regular,100,4,9,48,2.7985132569262934,19,48,0.3958333333333333,68,80
v2_random_evolution_s2,v2,random_evolution,2,random_regular,100,4,10,91,3.4761312408209912,35,91,0.38461538461538464,43,3
v2_random_evolution_s2,v2,random_evolution,2,random_regular,100,4,11,31,2.736339051089065,18,31,0.5806451612903226,97,89
v2_random_evolution_s2,v2,random_evolution,2,random_regular,100,4,12,156,4.033111364339891,63,156,0.40384615384615385,48,89
v2_random_evolution_s2,v2,random_evolution,2,random_regular,100,4,13,7,1.6094379124291005,5,7,0.7142857142857143,11,95
v2_random_evolution_s2,v2,random_evolution,2,random_regular,100,4,14,69,3.163424050399405,25,69,0.36231884057971014,8,80
v2_random_evolution_s2,v2,random_evolution,2,random_regular,100,4,15,72,3.3445488585774434,31,72,0.4305555555555556,4,95
v2_random_evolution_s2,v2,random_evolution,2,random_regular,100,4,16,20,2.1639556568730565,10,20,0.5,5,89
v2_random_evolution_s2,v2,random_evolution,2,random_regular,100,4,17,267,4.3118013605705015,106,267,0.3970037453183521,60,95
v2_random_evolution_s2,v2,random_evolution,2,random_regular,100,4,18,193,4.003091420719911,73,193,0.37823834196891193,10,80
v2_random_evolution_s2,v2,random_evolution,2,random_regular,100,4,19,121,3.734356436050007,56,121,0.4628099173553719,26,89
v2_random_evolution_s2,v2,random_evolution,2,random_regular,100,4,20,92,3.183672971458787,28,92,0.30434782608695654,5,95
v2_random_evolution_s2,v2,random_evolution,2,random_regular,100,4,21,123,3.257097219713876,42,123,0.34146341463414637,12,33
v2_random_evolution_s2,v2,random_evolution,2,random_regular,100,4,22,133,3.4858315997982245,39,133,0.2932330827067669,72,89
v2_random_evolution_s2,v2,random_evolution,2,random_regular,100,4,23,20,1.5607104090364068,6,20,0.3,11,3
v2_random_evolution_s2,v2,random_evolution,2,random_regular,100,4,24,3,0.6931471805579453,2,3,0.6666666666666666,44,3
v2_random_evolution_s2,v2,random_evolution,2,random_regular,100,4,25,33,2.4583113296710835,13,33,0.3939393939393939,13,33
v2_random_evolution_s2,v2,random_evolution,2,random_regular,100,4,26,13,1.791759469222055,6,13,0.46153846153846156,42,80
v2_random_evolution_s2,v2,random_evolution,2,random_regular,100,4,27,5,1.0986122886651095,3,5,0.6,46,80
v2_random_evolution_s2,v2,random_evolution,2,random_regular,100,4,28,311,4.434469416384886,124,311,0.3987138263665595,91,3
v2_random_evolution_s2,v2,random_evolution,2,random_regular,100,4,29,82,3.498515667114017,37,82,0.45121951219512196,55,3
v2_random_evolution_s2,v2,random_evolution,2,random_regular,100,4,30,127,3.387300884510404,48,127,0.3779527559055118,34,3
v2_random_evolution_s2,v2,random_evolution,2,random_regular,100,4,31,41,2.61563057701355,15,41,0.36585365853658536,96,80
v2_random_evolution_s2,v2,random_evolution,2,random_regular,100,4,32,3,-1.000088900581841e-12,1,3,0.3333333333333333,69,80
v2_random_evolution_s2,v2,random_evolution,2,random_regular,100,4,33,81,3.423580836785212,37,81,0.4567901234567901,75,80
v2_random_evolution_s2,v2,random_evolution,2,random_regular,100,4,34,176,3.890623001473696,68,176,0.38636363636363635,94,89
v2_random_evolution_s2,v2,random_evolution,2,random_regular,100,4,35,73,2.8647385121715674,26,73,0.3561643835616438,67,95
v2_random_evolution_s2,v2,random_evolution,2,random_regular,100,4,36,42,2.588573162668117,17,42,0.40476190476190477,9,95
v2_random_evolution_s2,v2,random_evolution,2,random_regular,100,4,37,22,1.6957425341636347,10,22,0.45454545454545453,25,80
v2_random_evolution_s2,v2,random_evolution,2,random_regular,100,4,38,10,1.3862943611158909,4,10,0.4,11,89
v2_random_evolution_s2,v2,random_evolution,2,random_regular,100,4,39,0,0.0,0,0,,89,89
v2_random_evolution_s2,v2,random_evolution,2,random_regular,100,4,40,119,3.7074768319530698,50,119,0.42016806722689076,28,33
v2_random_evolution_s2,v2,random_evolution,2,random_regular,100,4,41,103,3.544511778726858,41,103,0.39805825242718446,69,33
v2_random_evolution_s2,v2,random_evolution,2,random_regular,100,4,42,25,2.3516733018936304,13,25,0.52,32,33
v2_random_evolution_s2,v2,random_evolution,2,random_regular,100,4,43,19,1.791759469222055,6,19,0.3157894736842105,36,89
v2_random_evolution_s2,v2,random_evolution,2,random_regular,100,4,44,115,3.574482735352962,52,115,0.45217391304347826,50,89
v2_random_evolution_s2,v2,random_evolution,2,random_regular,100,4,45,19,2.3978952727873706,11,19,0.5789473684210527,2,95
v2_random_evolution_s2,v2,random_evolution,2,random_regular,100,4,46,2,0.6931471805579453,2,2,1.0,19,33
v2_random_evolution_s2,v2,random_evolution,2,random_regular,100,4,47,91,3.2625679455231658,30,91,0.32967032967032966,27,80
v2_random_evolution_s2,v2,random_evolution,2,random_regular,100,4,48,9,1.0986122886651095,3,9,0.3333333333333333,2,80
v2_random_evolution_s2,v2,random_evolution,2,random_regular,100,4,49,0,0.0,0,0,,33,33
v2_random_evolution_s2,v2,random_evolution,2,random_regular,100,4,50,5,0.6931471805579453,2,5,0.4,38,80
v2_random_evolution_s2,v2,random_evolution,2,random_regular,100,4,51,12,1.6094379124291005,5,12,0.4166666666666667,24,3
v2_random_evolution_s2,v2,random_evolution,2,random_regular,100,4,52,91,3.328471881301736,33,91,0.3626373626373626,8,3
v2_random_evolution_s2,v2,random_evolution,2,random_regular,100,4,53,40,2.484906649776,12,40,0.3,25,80
v2_random_evolution_s2,v2,random_evolution,2,random_regular,100,4,54,1,-1.000088900581841e-12,1,1,1.0,47,3
v2_random_evolution_s2,v2,random_evolution,2,random_regular,100,4,55,0,0.0,0,0,,95,95
v2_random_evolution_s2,v2,random_evolution,2,random_regular,100,4,56,51,2.926417555478996,20,51,0.39215686274509803,54,80
v2_random_evolution_s2,v2,random_evolution,2,random_regular,100,4,57,5,-1.000088900581841e-12,1,5,0.2,8,80
v2_random_evolution_s2,v2,random_evolution,2,random_regular,100,4,58,13,1.0986122886651095,3,13,0.23076923076923078,12,33
v2_random_evolution_s2,v2,random_evolution,2,random_regular,100,4,59,159,3.855279841195368,67,159,0.42138364779874216,99,3
v2_random_evolution_s2,v2,random_evolution,2,random_regular,100,4,60,399,4.584962235422,156,399,0.39097744360902253,97,95
v2_random_evolution_s2,v2,random_evolution,2,random_regular,100,4,61,174,4.011828299761394,72,174,0.41379310344827586,63,3
v2_random_evolution_s2,v2,random_evolution,2,random_regular,100,4,62,14,1.6094379124291005,5,14,0.35714285714285715,81,95
v2_random_evolution_s2,v2,random_evolution,2,random_regular,100,4,63,35,2.5993019270857944,16,35,0.45714285714285713,7,95
v2_random_evolution_s2,v2,random_evolution,2,random_regular,100,4,64,30,2.8332133440392155,17,30,0.5666666666666667,69,33
v2_random_evolution_s2,v2,random_evolution,2,random_regular,100,4,65,68,3.120291565278284,24,68,0.35294117647058826,10,33
v2_random_evolution_s2,v2,random_evolution,2,random_regular,100,4,66,36,2.540036303807981,14,36,0.3888888888888889,96,80
v2_random_evolution_s2,v2,random_evolution,2,random_regular,100,4,67,107,3.6401519506812425,48,107,0.4485981308411215,7,80
v2_random_evolution_s2,v2,random_evolution,2,random_regular,100,4,68,199,3.99571645395058,65,199,0.32663316582914576,6,33
v2_random_evolution_s2,v2,random_evolution,2,random_regular,100,4,69,14,1.0114042647043515,6,14,0.42857142857142855,52,89
v2_random_evolution_s2,v2,random_evolution,2,random_regular,100,4,70,0,0.0,0,0,,80,80
v2_random_evolution_s2,v2,random_evolution,2,random_regular,100,4,71,20,2.2718685126865625,11,20,0.55,41,3
v2_random_evolution_s2,v2,random_evolution,2,random_regular,100,4,72,0,0.0,0,0,,80,80
v2_random_evolution_s2,v2,random_evolution,2,random_regular,100,4,73,4,0.6931471805579453,2,4,0.5,54,95
v2_random_evolution_s2,v2,random_evolution,2,random_regular,100,4,74,40,2.588573162668117,17,40,0.425,63,89
v2_random_evolution_s2,v2,random_evolution,2,random_regular,100,4,75,172,4.0383716650599615,65,172,0.37790697674418605,93,3
v2_random_evolution_s2,v2,random_evolution,2,random_regular,100,4,76,28,2.079441541671836,8,28,0.2857142857142857,66,95
v2_random_evolution_s2,v2,random_evolution,2,random_regular,100,4,77,18,1.9459101490483133,7,18,0.3888888888888889,78,80
v2_random_evolution_s2,v2,random_evolution,2,random_regular,100,4,78,8,1.0986122886651095,3,8,0.375,96,80
v2_random_evolution_s2,v2,random_evolution,2,random_regular,100,4,79,0,0.0,0,0,,95,95
v2_random_evolution_s2,v2,random_evolution,2,random_regular,100,4,80,1,-1.000088900581841e-12,1,1,1.0,20,33
v2_random_evolution_s2,v2,random_evolution,2,random_regular,100,4,81,231,4.258760685309794,87,231,0.37662337662337664,6,33
v2_random_evolution_s2,v2,random_evolution,2,random_regular,100,4,82,28,2.3978952727873706,11,28,0.39285714285714285,91,3
v2_random_evolution_s2,v2,random_evolution,2,random_regular,100,4,83,245,4.201724104822739,95,245,0.3877551020408163,66,95
v2_random_evolution_s2,v2,random_evolution,2,random_regular,100,4,84,28,2.302585092984045,10,28,0.35714285714285715,84,33
v2_random_evolution_s2,v2,random_evolution,2,random_regular,100,4,85,7,1.3862943611158909,4,7,0.5714285714285714,44,3
v2_random_evolution_s2,v2,random_evolution,2,random_regular,100,4,86,5,1.0986122886651095,3,5,0.6,85,95
v2_random_evolution_s2,v2,random_evolution,2,random_regular,100,4,87,142,3.636668731983428,53,142,0.3732394366197183,5,3
v2_random_evolution_s2,v2,random_evolution,2,random_regular,100,4,88,50,3.098139496330803,26,50,0.52,35,33
v2_random_evolution_s2,v2,random_evolution,2,random_regular,100,4,89,29,2.484906649776,12,29,0.41379310344827586,87,33
v2_random_evolution_s2,v2,random_evolution,2,random_regular,100,4,90,32,2.484906649776,12,32,0.375,65,33
v2_random_evolution_s2,v2,random_evolution,2,random_regular,100,4,91,134,3.73226286853511,54,134,0.40298507462686567,76,33
v2_random_evolution_s2,v2,random_evolution,2,random_regular,100,4,92,55,2.8097834779860493,25,55,0.45454545454545453,87,95
v2_random_evolution_s2,v2,random_evolution,2,random_regular,100,4,93,74,2.6363914389227974,24,74,0.32432432432432434,79,89
v2_random_evolution_s2,v2,random_evolution,2,random_regular,100,4,94,79,3.134162458562648,28,79,0.35443037974683544,26,80
v2_random_evolution_s2,v2,random_evolution,2,random_regular,100,4,95,128,3.86645681660218,61,128,0.4765625,22,3
v2_random_evolution_s2,v2,random_evolution,2,random_regular,100,4,96,3,1.0986122886651095,3,3,1.0,74,95
v2_random_evolution_s2,v2,random_evolution,2,random_regular,100,4,97,55,2.6980110198281126,19,55,0.34545454545454546,54,3
v2_random_evolution_s2,v2,random_evolution,2,random_regular,100,4,98,12,1.3862943611158909,4,12,0.3333333333333333,37,95
v2_random_evolution_s2,v2,random_evolution,2,random_regular,100,4,99,22,1.7478680974607577,7,22,0.3181818181818182,60,95
v2_random_evolution_s2,v2,random_evolution,2,random_regular,100,4,100,87,3.4294862316330117,36,87,0.41379310344827586,43,89
v2_random_evolution_s2,v2,random_evolution,2,random_regular,100,4,101,134,3.822748991175636,60,134,0.44776119402985076,13,95
v2_random_evolution_s2,v2,random_evolution,2,random_regular,100,4,102,23,2.3978952727873706,11,23,0.4782608695652174,28,95
v2_random_evolution_s2,v2,random_evolution,2,random_regular,100,4,103,88,3.204777524107256,26,88,0.29545454545454547,46,80
v2_random_evolution_s2,v2,random_evolution,2,random_regular,100,4,104,4,0.6931471805579453,2,4,0.5,68,3
v2_random_evolution_s2,v2,random_evolution,2,random_regular,100,4,105,63,2.871476118036867,19,63,0.30158730158730157,70,33
v2_random_evolution_s2,v2,random_evolution,2,random_regular,100,4,106,188,4.1263439178177865,80,188,0.425531914893617,68,3
v2_random_evolution_s2,v2,random_evolution,2,random_regular,100,4,107,9,1.791759469222055,6,9,0.6666666666666666,4,89
v2_random_evolution_s2,v2,random_evolution,2,random_regular,100,4,108,96,3.595149493727549,44,96,0.4583333333333333,39,33
v2_random_evolution_s2,v2,random_evolution,2,random_regular,100,4,109,83,3.4124897213676078,33,83,0.39759036144578314,4,3
v2_random_evolution_s2,v2,random_evolution,2,random_regular,100,4,110,55,2.991501468554349,26,55,0.4727272727272727,74,33
v2_random_evolution_s2,v2,random_evolution,2,random_regular,100,4,111,3,0.6931471805579453,2,3,0.6666666666666666,38,80
v2_random_evolution_s2,v2,random_evolution,2,random_regular,100,4,112,51,2.751666616915516,17,51,0.3333333333333333,67,95
v2_random_evolution_s2,v2,random_evolution,2,random_regular,100,4,113,138,3.6654865248255626,49,138,0.35507246376811596,45,89
v2_random_evolution_s2,v2,random_evolution,2,random_regular,100,4,114,49,2.920687026873641,25,49,0.5102040816326531,6,89
v2_random_evolution_s2,v2,random_evolution,2,random_regular,100,4,115,1,-1.000088900581841e-12,1,1,1.0,66,3
v2_random_evolution_s2,v2,random_evolution,2,random_regular,100,4,116,9,1.6094379124291005,5,9,0.5555555555555556,38,3
v2_random_evolution_s2,v2,random_evolution,2,random_regular,100,4,117,1,-1.000088900581841e-12,1,1,1.0,15,3
v2_random_evolution_s2,v2,random_evolution,2,random_regular,100,4,118,5,1.3862943611158909,4,5,0.8,87,3
v2_random_evolution_s2,v2,random_evolution,2,random_regular,100,4,119,0,0.0,0,0,,33,33
v2_random_evolution_s2,v2,random_evolution,2,random_regular,100,4,120,19,1.7328679513938632,8,19,0.42105263157894735,11,89
v2_random_evolution_s2,v2,random_evolution,2,random_regular,100,4,121,0,0.0,0,0,,80,80
v2_random_evolution_s2,v2,random_evolution,2,random_regular,100,4,122,65,3.120291565278284,24,65,0.36923076923076925,5,3
v2_random_evolution_s2,v2,random_evolution,2,random_regular,100,4,123,42,2.902002313186603,22,42,0.5238095238095238,21,89
v2_random_evolution_s2,v2,random_evolution,2,random_regular,100,4,124,134,3.886295575320209,54,134,0.40298507462686567,68,3
v2_random_evolution_s2,v2,random_evolution,2,random_regular,100,4,125,112,3.4234523523979687,39,112,0.3482142857142857,10,33
v2_random_evolution_s2,v2,random_evolution,2,random_regular,100,4,126,108,3.605641583852999,42,108,0.3888888888888889,93,3
v2_random_evolution_s2,v2,random_evolution,2,random_regular,100,4,127,19,2.079441541671836,8,19,0.42105263157894735,72,80
v2_random_evolution_s2,v2,random_evolution,2,random_regular,100,4,128,96,3.342305863801964,40,96,0.4166666666666667,13,80
v2_random_evolution_s2,v2,random_evolution,2,random_regular,100,4,129,18,1.6094379124291005,5,18,0.2777777777777778,65,80
v2_random_evolution_s2,v2,random_evolution,2,random_regular,100,4,130,66,3.379092505199735,32,66,0.48484848484848486,83,3
v2_random_evolution_s2,v2,random_evolution,2,random_regular,100,4,131,6,0.6931471805579453,2,6,0.3333333333333333,21,89
v2_random_evolution_s2,v2,random_evolution,2,random_regular,100,4,132,26,1.7201934592138248,11,26,0.4230769230769231,12,80
v2_random_evolution_s2,v2,random_evolution,2,random_regular,100,4,133,74,3.485587161020812,34,74,0.4594594594594595,78,95
v2_random_evolution_s2,v2,random_evolution,2,random_regular,100,4,134,38,2.639057329601259,14,38,0.3684210526315789,48,80
v2_random_evolution_s2,v2,random_evolution,2,random_regular,100,4,135,114,3.4257240403379123,44,114,0.38596491228070173,31,3
v2_random_evolution_s2,v2,random_evolution,2,random_regular,100,4,136,20,2.079441541671836,8,20,0.4,71,3
v2_random_evolution_s2,v2,random_evolution,2,random_regular,100,4,137,151,3.987666482508049,65,151,0.4304635761589404,10,80
v2_random_evolution_s2,v2,random_evolution,2,random_regular,100,4,138,29,2.369382119683676,12,29,0.41379310344827586,26,3
v2_random_evolution_s2,v2,random_evolution,2,random_regular,100,4,139,15,1.9459101490483133,7,15,0.4666666666666667,30,33
v2_random_evolution_s2,v2,random_evolution,2,random_regular,100,4,140,11,0.6931471805579453,2,11,0.18181818181818182,63,80
v2_random_evolution_s2,v2,random_evolution,2,random_regular,100,4,141,134,3.714367693682128,51,134,0.3805970149253731,5,80
v2_random_evolution_s2,v2,random_evolution,2,random_regular,100,4,142,324,4.432864807433951,118,324,0.36419753086419754,36,89
v2_random_evolution_s2,v2,random_evolution,2,random_regular,100,4,143,3,-1.000088900581841e-12,1,3,0.3333333333333333,59,89
v2_random_evolution_s2,v2,random_evolution,2,random_regular,100,4,144,9,1.0986122886651095,3,9,0.3333333333333333,42,89
v2_random_evolution_s2,v2,random_evolution,2,random_regular,100,4,145,56,2.8307134037366315,25,56,0.44642857142857145,91,89
v2_random_evolution_s2,v2,random_evolution,2,random_regular,100,4,146,25,2.079441541671836,8,25,0.32,35,33
v2_random_evolution_s2,v2,random_evolution,2,random_regular,100,4,147,19,2.369382119683676,12,19,0.631578947368421,61,80
v2_random_evolution_s2,v2,random_evolution,2,random_regular,100,4,148,118,3.806945133098103,49,118,0.4152542372881356,44,95
v2_random_evolution_s2,v2,random_evolution,2,random_regular,100,4,149,36,2.6701198897918164,17,36,0.4722222222222222,46,3
v2_random_evolution_s2,v2,random_evolution,2,random_regular,100,4,150,108,3.363267070336762,34,108,0.3148148148148148,77,95
v2_random_evolution_s2,v2,random_evolution,2,random_regular,100,4,151,82,3.5065025850265608,36,82,0.43902439024390244,58,89
v2_random_evolution_s2,v2,random_evolution,2,random_regular,100,4,152,145,3.9276897436750255,59,145,0.4068965517241379,73,89
v2_random_evolution_s2,v2,random_evolution,2,random_regular,100,4,153,197,4.1093365773415815,87,197,0.4416243654822335,1,80
v2_random_evolution_s2,v2,random_evolution,2,random_regular,100,4,154,24,2.0431918705371204,9,24,0.375,4,89
v2_random_evolution_s2,v2,random_evolution,2,random_regular,100,4,155,98,3.728960711904589,43,98,0.4387755102040816,70,95
v2_random_evolution_s2,v2,random_evolution,2,random_regular,100,4,156,9,1.3862943611158909,4,9,0.4444444444444444,5,80
v2_random_evolution_s2,v2,random_evolution,2,random_regular,100,4,157,0,0.0,0,0,,80,80
v2_random_evolution_s2,v2,random_evolution,2,random_regular,100,4,158,66,2.838988933136699,22,66,0.3333333333333333,13,80
v2_random_evolution_s2,v2,random_evolution,2,random_regular,100,4,159,168,3.989102019544434,63,168,0.375,87,89
v2_random_evolution_s2,v2,random_evolution,2,random_regular,100,4,160,114,3.689669563800905,44,114,0.38596491228070173,53,80
v2_random_evolution_s2,v2,random_evolution,2,random_regular,100,4,161,21,1.7328679513938632,8,21,0.38095238095238093,85,80
v2_random_evolution_s2,v2,random_evolution,2,random_regular,100,4,162,13,2.197224577327219,9,13,0.6923076923076923,67,3
v2_random_evolution_s2,v2,random_evolution,2,random_regular,100,4,163,29,2.3034884952082693,15,29,0.5172413793103449,52,89
v2_random_evolution_s2,v2,random_evolution,2,random_regular,100,4,164,1,-1.000088900581841e-12,1,1,1.0,43,95
v2_random_evolution_s2,v2,random_evolution,2,random_regular,100,4,165,9,1.3862943611158909,4,9,0.4444444444444444,74,3
v2_random_evolution_s2,v2,random_evolution,2,random_regular,100,4,166,158,4.034442819315646,78,158,0.4936708860759494,64,3
v2_random_evolution_s2,v2,random_evolution,2,random_regular,100,4,167,19,2.3978952727873706,11,19,0.5789473684210527,94,3
v2_random_evolution_s2,v2,random_evolution,2,random_regular,100,4,168,16,1.791759469222055,6,16,0.375,73,95
v2_random_evolution_s2,v2,random_evolution,2,random_regular,100,4,169,12,2.197224577327219,9,12,0.75,53,95
v2_random_evolution_s2,v2,random_evolution,2,random_regular,100,4,170,15,1.5607104090364068,6,15,0.4,49,80
v2_random_evolution_s2,v2,random_evolution,2,random_regular,100,4,171,1,-1.000088900581841e-12,1,1,1.0,47,3
v2_random_evolution_s2,v2,random_evolution,2,random_regular,100,4,172,34,2.772588722223781,16,34,0.47058823529411764,61,95
v2_random_evolution_s2,v2,random_evolution,2,random_regular,100,4,173,4,-1.000088900581841e-12,1,4,0.25,43,95
v2_random_evolution_s2,v2,random_evolution,2,random_regular,100,4,174,43,2.5520852976069657,19,43,0.4418604651162791,58,80
v2_random_evolution_s2,v2,random_evolution,2,random_regular,100,4,175,223,4.197637945923487,88,223,0.39461883408071746,94,89
v2_random_evolution_s2,v2,random_evolution,2,random_regular,100,4,176,44,3.0752205480323718,23,44,0.5227272727272727,67,80
v2_random_evolution_s2,v2,random_evolution,2,random_regular,100,4,177,8,1.6094379124291005,5,8,0.625,2,95
v2_random_evolution_s2,v2,random_evolution,2,random_regular,100,4,178,26,2.302585092984045,10,26,0.38461538461538464,72,33
v2_random_evolution_s2,v2,random_evolution,2,random_regular,100,4,179,78,3.244492630381296,27,78,0.34615384615384615,61,3
v2_random_evolution_s2,v2,random_evolution,2,random_regular,100,4,180,3,0.6931471805579453,2,3,0.6666666666666666,12,80
v2_random_evolution_s2,v2,random_evolution,2,random_regular,100,4,181,169,3.9126469425434447,69,169,0.40828402366863903,61,3
v2_random_evolution_s2,v2,random_evolution,2,random_regular,100,4,182,83,3.335770806415738,32,83,0.3855421686746988,61,89
v2_random_evolution_s2,v2,random_evolution,2,random_regular,100,4,183,6,0.6931471805579453,2,6,0.3333333333333333,71,3
v2_random_evolution_s2,v2,random_evolution,2,random_regular,100,4,184,134,3.5066205580617207,42,134,0.31343283582089554,9,3
v2_random_evolution_s2,v2,random_evolution,2,random_regular,100,4,185,22,2.079441541671836,8,22,0.36363636363636365,10,80
v2_random_evolution_s2,v2,random_evolution,2,random_regular,100,4,186,519,4.971721532151237,208,519,0.4007707129094412,87,95
v2_random_evolution_s2,v2,random_evolution,2,random_regular,100,4,187,314,4.604870824054645,146,314,0.46496815286624205,51,95
v2_random_evolution_s2,v2,random_evolution,2,random_regular,100,4,188,31,1.9459101490483133,7,31,0.22580645161290322,94,80
v2_random_evolution_s2,v2,random_evolution,2,random_regular,100,4,189,191,4.145763370199129,77,191,0.4031413612565445,42,3
v2_random_evolution_s2,v2,random_evolution,2,random_regular,100,4,190,94,3.600003096920691,43,94,0.4574468085106383,63,95
v2_random_evolution_s2,v2,random_evolution,2,random_regular,100,4,191,6,-1.000088900581841e-12,1,6,0.16666666666666666,61,80
v2_random_evolution_s2,v2,random_evolution,2,random_regular,100,4,192,21,2.3978952727873706,11,21,0.5238095238095238,67,89
v2_random_evolution_s2,v2,random_evolution,2,random_regular,100,4,193,22,2.302585092984045,10,22,0.45454545454545453,60,33
v2_random_evolution_s2,v2,random_evolution,2,random_regular,100,4,194,58,3.134162458562648,28,58,0.4827586206896552,40,3
v2_random_evolution_s2,v2,random_evolution,2,random_regular,100,4,195,25,1.3862943611158909,4,25,0.16,21,80
v2_random_evolution_s2,v2,random_evolution,2,random_regular,100,4,196,1,-1.000088900581841e-12,1,1,1.0,69,80
v2_random_evolution_s2,v2,random_evolution,2,random_regular,100,4,197,34,2.302585092984045,10,34,0.29411764705882354,27,33
v2_random_evolution_s2,v2,random_evolution,2,random_regular,100,4,198,22,2.2718685126865625,11,22,0.5,96,3
v2_random_evolution_s2,v2,random_evolution,2,random_regular,100,4,199,58,3.062529300232621,24,58,0.41379310344827586,52,3
v2_random_evolution_s2,v2,random_evolution,2,random_regular,100,4,200,0,0.0,0,0,,3,3
v2_random_evolution_s2,v2,random_evolution,2,random_regular,100,4,201,40,2.639057329601259,14,40,0.35,36,95
v2_random_evolution_s2,v2,random_evolution,2,random_regular,100,4,202,16,1.6094379124291005,5,16,0.3125,62,89
v2_random_evolution_s2,v2,random_evolution,2,random_regular,100,4,203,71,3.204777524107256,26,71,0.36619718309859156,55,80
v2_random_evolution_s2,v2,random_evolution,2,random_regular,100,4,204,67,3.14180415918923,27,67,0.40298507462686567,1,80
v2_random_evolution_s2,v2,random_evolution,2,random_regular,100,4,205,51,2.912494403312053,21,51,0.4117647058823529,55,33
v2_random_evolution_s2,v2,random_evolution,2,random_regular,100,4,206,38,2.7080502010872096,15,38,0.39473684210526316,4,3
v2_random_evolution_s2,v2,random_evolution,2,random_regular,100,4,207,37,2.1458417525857545,11,37,0.2972972972972973,0,33
v2_random_evolution_s2,v2,random_evolution,2,random_regular,100,4,208,37,2.057897531913409,13,37,0.35135135135135137,45,33
v2_random_evolution_s2,v2,random_evolution,2,random_regular,100,4,209,34,2.4583113296710835,13,34,0.38235294117647056,78,3
v2_random_evolution_s2,v2,random_evolution,2,random_regular,100,4,210,214,4.245501821486684,95,214,0.4439252336448598,70,80
v2_random_evolution_s2,v2,random_evolution,2,random_regular,100,4,211,12,1.6094379124291005,5,12,0.4166666666666667,74,3
v2_random_evolution_s2,v2,random_evolution,2,random_regular,100,4,212,43,2.7985132569262934,19,43,0.4418604651162791,9,95
v2_random_evolution_s2,v2,random_evolution,2,random_regular,100,4,213,80,3.363267070336762,34,80,0.425,17,95
v2_random_evolution_s2,v2,random_evolution,2,random_regular,100,4,214,0,0.0,0,0,,89,89
v2_random_evolution_s2,v2,random_evolution,2,random_regular,100,4,215,1,-1.000088900581841e-12,1,1,1.0,47,3
v2_random_evolution_s2,v2,random_evolution,2,random_regular,100,4,216,84,3.2235308319550224,35,84,0.4166666666666667,71,80
v2_random_evolution_s2,v2,random_evolution,2,random_regular,100,4,217,75,3.444813797459462,34,75,0.4533333333333333,73,95
v2_random_evolution_s2,v2,random_evolution,2,random_regular,100,4,218,24,2.484906649776,12,24,0.5,74,33
v2_random_evolution_s2,v2,random_evolution,2,random_regular,100,4,219,72,3.233183484354926,28,72,0.3888888888888889,53,3
v2_random_evolution_s2,v2,random_evolution,2,random_regular,100,4,220,49,2.8943995444110384,23,49,0.46938775510204084,15,80
v2_random_evolution_s2,v2,random_evolution,2,random_regular,100,4,221,11,1.3862943611158909,4,11,0.36363636363636365,75,33
v2_random_evolution_s2,v2,random_evolution,2,random_regular,100,4,222,1,-1.000088900581841e-12,1,1,1.0,42,89
v2_random_evolution_s2,v2,random_evolution,2,random_regular,100,4,223,18,1.9061547465328492,8,18,0.4444444444444444,23,95
v2_random_evolution_s2,v2,random_evolution,2,random_regular,100,4,224,28,2.9444389791474395,19,28,0.6785714285714286,73,95
v2_random_evolution_s2,v2,random_evolution,2,random_regular,100,4,225,0,0.0,0,0,,89,89
v2_random_evolution_s2,v2,random_evolution,2,random_regular,100,4,226,76,3.128620949954629,34,76,0.4473684210526316,26,80
v2_random_evolution_s2,v2,random_evolution,2,random_regular,100,4,227,28,2.639057329601259,14,28,0.5,97,33
v2_random_evolution_s2,v2,random_evolution,2,random_regular,100,4,228,113,3.666582267114095,46,113,0.40707964601769914,42,3
v2_random_evolution_s2,v2,random_evolution,2,random_regular,100,4,229,0,0.0,0,0,,95,95
v2_random_evolution_s2,v2,random_evolution,2,random_regular,100,4,230,19,2.302585092984045,10,19,0.5263157894736842,49,95
v2_random_evolution_s2,v2,random_evolution,2,random_regular,100,4,231,54,3.163424050399405,25,54,0.46296296296296297,50,3
v2_random_evolution_s2,v2,random_evolution,2,random_regular,100,4,232,4,1.0986122886651095,3,4,0.75,4,95
v2_random_evolution_s2,v2,random_evolution,2,random_regular,100,4,233,313,4.426125760085992,125,313,0.3993610223642173,83,80
v2_random_evolution_s2,v2,random_evolution,2,random_regular,100,4,234,23,2.3978952727873706,11,23,0.4782608695652174,61,89
v2_random_evolution_s2,v2,random_evolution,2,random_regular,100,4,235,138,3.913061841686953,59,138,0.427536231884058,25,3
v2_random_evolution_s2,v2,random_evolution,2,random_regular,100,4,236,95,3.302747652589445,35,95,0.3684210526315789,54,89
v2_random_evolution_s2,v2,random_evolution,2,random_regular,100,4,237,61,3.389268031515795,31,61,0.5081967213114754,69,33
v2_random_evolution_s2,v2,random_evolution,2,random_regular,100,4,238,34,2.8903717578781647,18,34,0.5294117647058824,37,80
v2_random_evolution_s2,v2,random_evolution,2,random_regular,100,4,239,69,3.1836729714587872,28,69,0.4057971014492754,18,3
v2_random_evolution_s2,v2,random_evolution,2,random_regular,100,4,240,43,2.751666616915516,17,43,0.3953488372093023,7,3
v2_random_evolution_s2,v2,random_evolution,2,random_regular,100,4,241,57,2.954673212284816,23,57,0.40350877192982454,82,3
v2_random_evolution_s2,v2,random_evolution,2,random_regular,100,4,242,204,4.172399434917868,83,204,0.4068627450980392,27,95
v2_random_evolution_s2,v2,random_evolution,2,random_regular,100,4,243,68,3.2580965379954825,26,68,0.38235294117647056,8,95
v2_random_evolution_s2,v2,random_evolution,2,random_regular,100,4,244,64,3.044522437702424,21,64,0.328125,18,95
v2_random_evolution_s2,v2,random_evolution,2,random_regular,100,4,245,84,3.2163581334868363,30,84,0.35714285714285715,84,89
v2_random_evolution_s2,v2,random_evolution,2,random_regular,100,4,246,2,0.6931471805579453,2,2,1.0,21,80
v2_random_evolution_s2,v2,random_evolution,2,random_regular,100,4,247,81,3.571826173398832,40,81,0.49382716049382713,83,95
v2_random_evolution_s2,v2,random_evolution,2,random_regular,100,4,248,84,3.292449107631741,32,84,0.38095238095238093,21,80
v2_random_evolution_s2,v2,random_evolution,2,random_regular,100,4,249,1,-1.000088900581841e-12,1,1,1.0,15,3
v2_random_evolution_s2,v2,random_evolution,2,random_regular,100,4,250,35,2.5649493574485365,13,35,0.37142857142857144,11,95
v2_random_evolution_s2,v2,random_evolution,2,random_regular,100,4,251,60,3.1931483947852626,27,60,0.45,32,3
v2_random_evolution_s2,v2,random_evolution,2,random_regular,100,4,252,3,0.6931471805579453,2,3,0.6666666666666666,75,95
v2_random_evolution_s2,v2,random_evolution,2,random_regular,100,4,253,176,4.125377078883626,77,176,0.4375,45,3
v2_random_evolution_s2,v2,random_evolution,2,random_regular,100,4,254,24,2.4583113296710835,13,24,0.5416666666666666,53,95
v2_random_evolution_s2,v2,random_evolution,2,random_regular,100,4,255,126,3.963935438772188,64,126,0.5079365079365079,56,95
v2_random_evolution_s2,v2,random_evolution,2,random_regular,100,4,256,20,2.3978952727873706,11,20,0.55,46,80
v2_random_evolution_s2,v2,random_evolution,2,random_regular,100,4,257,22,2.1639556568730565,10,22,0.45454545454545453,32,33
v2_random_evolution_s2,v2,random_evolution,2,random_regular,100,4,258,110,3.6870132127308097,48,110,0.43636363636363634,84,95
v2_random_evolution_s2,v2,random_evolution,2,random_regular,100,4,259,71,3.098139496330803,26,71,0.36619718309859156,7,33
v2_random_evolution_s2,v2,random_evolution,2,random_regular,100,4,260,6,0.6931471805579453,2,6,0.3333333333333333,74,95
v2_random_evolution_s2,v2,random_evolution,2,random_regular,100,4,261,20,1.7478680974607577,7,20,0.35,54,80
v2_random_evolution_s2,v2,random_evolution,2,random_regular,100,4,262,11,1.791759469222055,6,11,0.5454545454545454,55,95
v2_random_evolution_s2,v2,random_evolution,2,random_regular,100,4,263,42,2.7985132569262934,19,42,0.4523809523809524,7,3
v2_random_evolution_s2,v2,random_evolution,2,random_regular,100,4,264,68,3.110236521363716,29,68,0.4264705882352941,50,80
v2_random_evolution_s2,v2,random_evolution,2,random_regular,100,4,265,99,3.2235929159169485,39,99,0.3939393939393939,46,3
v2_random_evolution_s2,v2,random_evolution,2,random_regular,100,4,266,66,2.445467830395648,17,66,0.25757575757575757,99,89
v2_random_evolution_s2,v2,random_evolution,2,random_regular,100,4,267,110,3.603049664804596,47,110,0.42727272727272725,60,89
v2_random_evolution_s2,v2,random_evolution,2,random_regular,100,4,268,23,1.9459101490483133,7,23,0.30434782608695654,31,89
v2_random_evolution_s2,v2,random_evolution,2,random_regular,100,4,269,10,1.0986122886651095,3,10,0.3,92,80
v2_random_evolution_s2,v2,random_evolution,2,random_regular,100,4,270,32,2.369382119683676,12,32,0.375,27,89
v2_random_evolution_s2,v2,random_evolution,2,random_regular,100,4,271,141,3.703533356858745,56,141,0.3971631205673759,56,95
v2_random_evolution_s2,v2,random_evolution,2,random_regular,100,4,272,352,4.599800469548004,136,352,0.38636363636363635,99,89
v2_random_evolution_s2,v2,random_evolution,2,random_regular,100,4,273,86,3.4294862316330117,36,86,0.4186046511627907,44,33
v2_random_evolution_s2,v2,random_evolution,2,random_regular,100,4,274,6,1.3862943611158909,4,6,0.6666666666666666,69,89
v2_random_evolution_s2,v2,random_evolution,2,random_regular,100,4,275,182,3.967172698102412,68,182,0.37362637362637363,17,3
v2_random_evolution_s2,v2,random_evolution,2,random_regular,100,4,276,36,2.871476118036867,19,36,0.5277777777777778,17,33
v2_random_evolution_s2,v2,random_evolution,2,random_regular,100,4,277,0,0.0,0,0,,80,80
v2_random_evolution_s2,v2,random_evolution,2,random_regular,100,4,278,40,2.772588722223781,16,40,0.4,62,89
v2_random_evolution_s2,v2,random_evolution,2,random_regular,100,4,279,32,2.484906649776,12,32,0.375,14,33
v2_random_evolution_s2,v2,random_evolution,2,random_regular,100,4,280,43,2.813355404483615,18,43,0.4186046511627907,60,89
v2_random_evolution_s2,v2,random_evolution,2,random_regular,100,4,281,10,1.3862943611158909,4,10,0.4,57,80
v2_random_evolution_s2,v2,random_evolution,2,random_regular,100,4,282,52,2.902002313186603,22,52,0.4230769230769231,38,3
v2_random_evolution_s2,v2,random_evolution,2,random_regular,100,4,283,11,1.791759469222055,6,11,0.5454545454545454,39,89
v2_random_evolution_s2,v2,random_evolution,2,random_regular,100,4,284,21,2.0431918705371204,9,21,0.42857142857142855,31,89
v2_random_evolution_s2,v2,random_evolution,2,random_regular,100,4,285,102,3.409438995061846,37,102,0.3627450980392157,60,80
v2_random_evolution_s2,v2,random_evolution,2,random_regular,100,4,286,5,0.6931471805579453,2,5,0.4,4,89
v2_random_evolution_s2,v2,random_evolution,2,random_regular,100,4,287,3,-1.000088900581841e-12,1,3,0.3333333333333333,31,80
v2_random_evolution_s2,v2,random_evolution,2,random_regular,100,4,288,89,2.9970687270680183,25,89,0.2808988764044944,81,95
v2_random_evolution_s2,v2,random_evolution,2,random_regular,100,4,289,30,2.094729047518648,12,30,0.4,59,33
v2_random_evolution_s2,v2,random_evolution,2,random_regular,100,4,290,1,-1.000088900581841e-12,1,1,1.0,62,89
v2_random_evolution_s2,v2,random_evolution,2,random_regular,100,4,291,26,1.6094379124291005,5,26,0.19230769230769232,78,33
v2_random_evolution_s2,v2,random_evolution,2,random_regular,100,4,292,109,3.4572307303623644,44,109,0.4036697247706422,25,80
v2_random_evolution_s2,v2,random_evolution,2,random_regular,100,4,293,67,3.2163581334868363,30,67,0.44776119402985076,69,33
v2_random_evolution_s2,v2,random_evolution,2,random_regular,100,4,294,16,1.791759469222055,6,16,0.375,10,3
v2_random_evolution_s2,v2,random_evolution,2,random_regular,100,4,295,5,1.0986122886651095,3,5,0.6,62,89
v2_random_evolution_s2,v2,random_evolution,2,random_regular,100,4,296,42,2.871476118036867,19,42,0.4523809523809524,23,33
v2_random_evolution_s2,v2,random_evolution,2,random_regular,100,4,297,4,0.6931471805579453,2,4,0.5,71,3
v2_random_evolution_s2,v2,random_evolution,2,random_regular,100,4,298,148,3.829582380891472,61,148,0.41216216216216217,64,95
v2_random_evolution_s2,v2,random_evolution,2,random_regular,100,4,299,7,0.6931471805579453,2,7,0.2857142857142857,71,3
v2_random_evolution_s2,v2,random_evolution,2,random_regular,100,4,300,31,2.369382119683676,12,31,0.3870967741935484,73,3
v2_random_evolution_s2,v2,random_evolution,2,random_regular,100,4,301,52,2.838988933136699,22,52,0.4230769230769231,29,33
v2_random_evolution_s2,v2,random_evolution,2,random_regular,100,4,302,48,2.926417555478996,20,48,0.4166666666666667,26,33
v2_random_evolution_s2,v2,random_evolution,2,random_regular,100,4,303,175,3.9814304541560177,81,175,0.46285714285714286,11,95
v2_random_evolution_s2,v2,random_evolution,2,random_regular,100,4,304,38,2.61563057701355,15,38,0.39473684210526316,0,80
v2_random_evolution_s2,v2,random_evolution,2,random_regular,100,4,305,34,2.813355404483615,18,34,0.5294117647058824,49,3
v2_random_evolution_s2,v2,random_evolution,2,random_regular,100,4,306,86,3.5155926589389503,40,86,0.46511627906976744,55,3
v2_random_evolution_s2,v2,random_evolution,2,random_regular,100,4,307,67,3.3322045101472035,28,67,0.417910447761194,14,80
v2_random_evolution_s2,v2,random_evolution,2,random_regular,100,4,308,1,-1.000088900581841e-12,1,1,1.0,8,80
v2_random_evolution_s2,v2,random_evolution,2,random_regular,100,4,309,6,1.039720770836918,4,6,0.6666666666666666,75,95
v2_random_evolution_s2,v2,random_evolution,2,random_regular,100,4,310,24,2.2718685126865625,11,24,0.4583333333333333,1,33
v2_random_evolution_s2,v2,random_evolution,2,random_regular,100,4,311,17,1.9459101490483133,7,17,0.4117647058823529,31,80
v2_random_evolution_s2,v2,random_evolution,2,random_regular,100,4,312,19,1.7478680974607577,7,19,0.3684210526315789,78,3
v2_random_evolution_s2,v2,random_evolution,2,random_regular,100,4,313,2,0.6931471805579453,2,2,1.0,1,89
v2_random_evolution_s2,v2,random_evolution,2,random_regular,100,4,314,86,3.052520501511814,25,86,0.29069767441860467,79,89
v2_random_evolution_s2,v2,random_evolution,2,random_regular,100,4,315,90,3.476887663551278,41,90,0.45555555555555555,81,80
v2_random_evolution_s2,v2,random_evolution,2,random_regular,100,4,316,48,2.926417555478996,20,48,0.4166666666666667,4,80
v2_random_evolution_s2,v2,random_evolution,2,random_regular,100,4,317,34,2.341994252221425,14,34,0.4117647058823529,26,80
v2_random_evolution_s2,v2,random_evolution,2,random_regular,100,4,318,143,3.6750185399499338,57,143,0.3986013986013986,46,95
v2_random_evolution_s2,v2,random_evolution,2,random_regular,100,4,319,11,1.791759469222055,6,11,0.5454545454545454,71,33
v2_random_evolution_s2,v2,random_evolution,2,random_regular,100,4,320,97,3.43652283050428,35,97,0.36082474226804123,56,89
v2_random_evolution_s2,v2,random_evolution,2,random_regular,100,4,321,5,1.3862943611158909,4,5,0.8,27,33
v2_random_evolution_s2,v2,random_evolution,2,random_regular,100,4,322,108,3.49314817813804,46,108,0.42592592592592593,51,3
v2_random_evolution_s2,v2,random_evolution,2,random_regular,100,4,323,1,-1.000088900581841e-12,1,1,1.0,8,80
v2_random_evolution_s2,v2,random_evolution,2,random_regular,100,4,324,164,3.9198409656301143,74,164,0.45121951219512196,17,3
v2_random_evolution_s2,v2,random_evolution,2,random_regular,100,4,325,42,2.639057329601259,14,42,0.3333333333333333,6,89
v2_random_evolution_s2,v2,random_evolution,2,random_regular,100,4,326,6,1.0986122886651095,3,6,0.5,12,89
v2_random_evolution_s2,v2,random_evolution,2,random_regular,100,4,327,0,0.0,0,0,,95,95
v2_random_evolution_s2,v2,random_evolution,2,random_regular,100,4,328,172,3.9207967452542527,71,172,0.4127906976744186,58,3
v2_random_evolution_s2,v2,random_evolution,2,random_regular,100,4,329,95,3.498515667114017,37,95,0.3894736842105263,48,95
v2_random_evolution_s2,v2,random_evolution,2,random_regular,100,4,330,2,-1.000088900581841e-12,1,2,0.5,16,95
v2_random_evolution_s2,v2,random_evolution,2,random_regular,100,4,331,29,1.9459101490483133,7,29,0.2413793103448276,65,89
v2_random_evolution_s2,v2,random_evolution,2,random_regular,100,4,332,4,0.6931471805579453,2,4,0.5,38,80
v2_random_evolution_s2,v2,random_evolution,2,random_regular,100,4,333,4,1.0986122886651095,3,4,0.75,5,33
v2_random_evolution_s2,v2,random_evolution,2,random_regular,100,4,334,37,2.912494403312053,21,37,0.5675675675675675,12,33
v2_random_evolution_s2,v2,random_evolution,2,random_regular,100,4,335,47,2.7985132569262934,19,47,0.40425531914893614,17,3
v2_random_evolution_s2,v2,random_evolution,2,random_regular,100,4,336,62,3.3969144201875685,35,62,0.5645161290322581,56,89
v2_random_evolution_s2,v2,random_evolution,2,random_regular,100,4,337,137,4.017044059505271,65,137,0.4744525547445255,48,3
v2_random_evolution_s2,v2,random_evolution,2,random_regular,100,4,338,17,1.6094379124291005,5,17,0.29411764705882354,82,95
v2_random_evolution_s2,v2,random_evolution,2,random_regular,100,4,339,66,2.8114194982833407,26,66,0.3939393939393939,0,95
v2_random_evolution_s2,v2,random_evolution,2,random_regular,100,4,340,1,-1.000088900581841e-12,1,1,1.0,16,95
v2_random_evolution_s2,v2,random_evolution,2,random_regular,100,4,341,42,3.0910424533363146,22,42,0.5238095238095238,9,33
v2_random_evolution_s2,v2,random_evolution,2,random_regular,100,4,342,50,3.0910424533363146,22,50,0.44,53,95
v2_random_evolution_s2,v2,random_evolution,2,random_regular,100,4,343,12,2.197224577327219,9,12,0.75,57,3
v2_random_evolution_s2,v2,random_evolution,2,random_regular,100,4,344,8,1.3862943611158909,4,8,0.5,92,33
v2_random_evolution_s2,v2,random_evolution,2,random_regular,100,4,345,31,2.4410152780147034,14,31,0.45161290322580644,88,95
v2_random_evolution_s2,v2,random_evolution,2,random_regular,100,4,346,22,2.4583113296710835,13,22,0.5909090909090909,83,80
v2_random_evolution_s2,v2,random_evolution,2,random_regular,100,4,347,0,0.0,0,0,,33,33
v2_random_evolution_s2,v2,random_evolution,2,random_regular,100,4,348,192,4.065378075534007,85,192,0.4427083333333333,87,95
v2_random_evolution_s2,v2,random_evolution,2,random_regular,100,4,349,21,2.302585092984045,10,21,0.47619047619047616,24,95
v2_random_evolution_s2,v2,random_evolution,2,random_regular,100,4,350,69,3.4124897213676078,33,69,0.4782608695652174,9,3
v2_random_evolution_s2,v2,random_evolution,2,random_regular,100,4,351,52,2.9785084205072385,21,52,0.40384615384615385,20,33
v2_random_evolution_s2,v2,random_evolution,2,random_regular,100,4,352,34,2.2718685126865625,11,34,0.3235294117647059,38,3
v2_random_evolution_s2,v2,random_evolution,2,random_regular,100,4,353,0,0.0,0,0,,3,3
v2_random_evolution_s2,v2,random_evolution,2,random_regular,100,4,354,67,3.019736127116995,27,67,0.40298507462686567,11,95
v2_random_evolution_s2,v2,random_evolution,2,random_regular,100,4,355,26,2.197224577327219,9,26,0.34615384615384615,51,89
v2_random_evolution_s2,v2,random_evolution,2,random_regular,100,4,356,152,3.9488114493223287,70,152,0.4605263157894737,93,80
v2_random_evolution_s2,v2,random_evolution,2,random_regular,100,4,357,65,2.9650156932365066,22,65,0.3384615384615385,5,80
v2_random_evolution_s2,v2,random_evolution,2,random_regular,100,4,358,29,2.2718685126865625,11,29,0.3793103448275862,42,80
v2_random_evolution_s2,v2,random_evolution,2,random_regular,100,4,359,0,0.0,0,0,,80,80
v2_random_evolution_s2,v2,random_evolution,2,random_regular,100,4,360,43,2.787788119369007,20,43,0.46511627906976744,98,95
v2_random_evolution_s2,v2,random_evolution,2,random_regular,100,4,361,8,0.6931471805579453,2,8,0.25,21,89
v2_random_evolution_s2,v2,random_evolution,2,random_regular,100,4,362,56,2.926417555478996,20,56,0.35714285714285715,38,33
v2_random_evolution_s2,v2,random_evolution,2,random_regular,100,4,363,7,1.791759469222055,6,7,0.8571428571428571,96,95
v2_random_evolution_s2,v2,random_evolution,2,random_regular,100,4,364,32,2.7985132569262934,19,32,0.59375,59,33
v2_random_evolution_s2,v2,random_evolution,2,random_regular,100,4,365,334,4.644647219962646,138,334,0.41317365269461076,0,80
v2_random_evolution_s2,v2,random_evolution,2,random_regular,100,4,366,41,2.523210952939891,15,41,0.36585365853658536,91,89
v2_random_evolution_s2,v2,random_evolution,2,random_regular,100,4,367,26,2.079441541671836,8,26,0.3076923076923077,96,3
v2_random_evolution_s2,v2,random_evolution,2,random_regular,100,4,368,191,4.162001287720817,83,191,0.43455497382198954,9,33
v2_random_evolution_s2,v2,random_evolution,2,random_regular,100,4,369,88,3.281713908707698,38,88,0.4318181818181818,87,89
v2_random_evolution_s2,v2,random_evolution,2,random_regular,100,4,370,39,2.7080502010872096,15,39,0.38461538461538464,68,80
v2_random_evolution_s2,v2,random_evolution,2,random_regular,100,4,371,131,3.9120230053781455,50,131,0.3816793893129771,59,33
v2_random_evolution_s2,v2,random_evolution,2,random_regular,100,4,372,67,2.9251973297517795,31,67,0.4626865671641791,0,95
v2_random_evolution_s2,v2,random_evolution,2,random_regular,100,4,373,94,3.5157396511377024,35,94,0.3723404255319149,8,80
v2_random_evolution_s2,v2,random_evolution,2,random_regular,100,4,374,110,3.498515667114017,37,110,0.33636363636363636,18,3
v2_random_evolution_s2,v2,random_evolution,2,random_regular,100,4,375,189,4.088679374202524,79,189,0.41798941798941797,91,80
v2_random_evolution_s2,v2,random_evolution,2,random_regular,100,4,376,156,3.918456003172349,65,156,0.4166666666666667,60,89
v2_random_evolution_s2,v2,random_evolution,2,random_regular,100,4,377,37,2.639057329601259,14,37,0.3783783783783784,39,80
v2_random_evolution_s2,v2,random_evolution,2,random_regular,100,4,378,47,2.666148586937558,20,47,0.425531914893617,21,3
v2_random_evolution_s2,v2,random_evolution,2,random_regular,100,4,379,3,0.6931471805579453,2,3,0.6666666666666666,65,3
v2_random_evolution_s2,v2,random_evolution,2,random_regular,100,4,380,60,3.052520501511814,25,60,0.4166666666666667,14,95
v2_random_evolution_s2,v2,random_evolution,2,random_regular,100,4,381,38,2.639057329601259,14,38,0.3684210526315789,42,89
v2_random_evolution_s2,v2,random_evolution,2,random_regular,100,4,382,31,2.1639556568730565,10,31,0.3225806451612903,8,95
v2_random_evolution_s2,v2,random_evolution,2,random_regular,100,4,383,82,3.299829685639092,31,82,0.3780487804878049,93,3
v2_random_evolution_s2,v2,random_evolution,2,random_regular,100,4,384,6,1.0986122886651095,3,6,0.5,47,95
v2_random_evolution_s2,v2,random_evolution,2,random_regular,100,4,385,26,2.639057329601259,14,26,0.5384615384615384,65,80
v2_random_evolution_s2,v2,random_evolution,2,random_regular,100,4,386,0,0.0,0,0,,95,95
v2_random_evolution_s2,v2,random_evolution,2,random_regular,100,4,387,0,0.0,0,0,,3,3
v2_random_evolution_s2,v2,random_evolution,2,random_regular,100,4,388,0,0.0,0,0,,95,95
v2_random_evolution_s2,v2,random_evolution,2,random_regular,100,4,389,19,1.8891591637470213,9,19,0.47368421052631576,32,33
v2_random_evolution_s2,v2,random_evolution,2,random_regular,100,4,390,37,2.5126585295168016,16,37,0.43243243243243246,54,95
v2_random_evolution_s2,v2,random_evolution,2,random_regular,100,4,391,30,2.302585092984045,10,30,0.3333333333333333,19,89
v2_random_evolution_s2,v2,random_evolution,2,random_regular,100,4,392,109,3.3161434566157366,40,109,0.3669724770642202,44,33
v2_random_evolution_s2,v2,random_evolution,2,random_regular,100,4,393,20,2.197224577327219,9,20,0.45,10,89
v2_random_evolution_s2,v2,random_evolution,2,random_regular,100,4,394,86,3.389268031515795,31,86,0.36046511627906974,10,33
v2_random_evolution_s2,v2,random_evolution,2,random_regular,100,4,395,103,3.426637516707924,43,103,0.4174757281553398,0,3
v2_random_evolution_s2,v2,random_evolution,2,random_regular,100,4,396,64,3.1154750248567717,28,64,0.4375,68,89
v2_random_evolution_s2,v2,random_evolution,2,random_regular,100,4,397,18,1.0986122886651095,3,18,0.16666666666666666,0,3
v2_random_evolution_s2,v2,random_evolution,2,random_regular,100,4,398,147,3.9506776796065255,66,147,0.4489795918367347,26,89
v2_random_evolution_s2,v2,random_evolution,2,random_regular,100,4,399,12,1.9459101490483133,7,12,0.5833333333333334,88,80
v2_random_evolution_s2,v2,random_evolution,2,random_regular,100,4,400,37,2.639057329601259,14,37,0.3783783783783784,63,80
v2_random_evolution_s2,v2,random_evolution,2,random_regular,100,4,401,23,2.302585092984045,10,23,0.43478260869565216,50,80
v2_random_evolution_s2,v2,random_evolution,2,random_regular,100,4,402,60,3.204777524107256,26,60,0.43333333333333335,96,80
v2_random_evolution_s2,v2,random_evolution,2,random_regular,100,4,403,104,3.4388060781908205,43,104,0.41346153846153844,62,3
v2_random_evolution_s2,v2,random_evolution,2,random_regular,100,4,404,22,2.0253262207620675,10,22,0.45454545454545453,23,80
v2_random_evolution_s2,v2,random_evolution,2,random_regular,100,4,405,96,3.532136113678645,44,96,0.4583333333333333,55,33
v2_random_evolution_s2,v2,random_evolution,2,random_regular,100,4,406,18,2.302585092984045,10,18,0.5555555555555556,18,89
v2_random_evolution_s2,v2,random_evolution,2,random_regular,100,4,407,1,-1.000088900581841e-12,1,1,1.0,51,89
v2_random_evolution_s2,v2,random_evolution,2,random_regular,100,4,408,10,0.6931471805579453,2,10,0.2,76,95
v2_random_evolution_s2,v2,random_evolution,2,random_regular,100,4,409,29,2.7080502010872096,15,29,0.5172413793103449,54,89
v2_random_evolution_s2,v2,random_evolution,2,random_regular,100,4,410,1,-1.000088900581841e-12,1,1,1.0,66,3
v2_random_evolution_s2,v2,random_evolution,2,random_regular,100,4,411,87,3.363267070336762,34,87,0.39080459770114945,85,80
v2_random_evolution_s2,v2,random_evolution,2,random_regular,100,4,412,27,2.523210952939891,15,27,0.5555555555555556,71,80
v2_random_evolution_s2,v2,random_evolution,2,random_regular,100,4,413,1,-1.000088900581841e-12,1,1,1.0,61,80
v2_random_evolution_s2,v2,random_evolution,2,random_regular,100,4,414,98,3.4611552603273767,42,98,0.42857142857142855,37,33
v2_random_evolution_s2,v2,random_evolution,2,random_regular,100,4,415,4,1.0986122886651095,3,4,0.75,68,95
v2_random_evolution_s2,v2,random_evolution,2,random_regular,100,4,416,104,3.4116205818579584,40,104,0.38461538461538464,92,89
v2_random_evolution_s2,v2,random_evolution,2,random_regular,100,4,417,34,2.5649493574485365,13,34,0.38235294117647056,67,95
v2_random_evolution_s2,v2,random_evolution,2,random_regular,100,4,418,31,2.2718685126865625,11,31,0.3548387096774194,8,33
v2_random_evolution_s2,v2,random_evolution,2,random_regular,100,4,419,17,1.9459101490483133,7,17,0.4117647058823529,66,89
v2_random_evolution_s2,v2,random_evolution,2,random_regular,100,4,420,3,1.0986122886651095,3,3,1.0,2,95
v2_random_evolution_s2,v2,random_evolution,2,random_regular,100,4,421,32,2.268605285623966,15,32,0.46875,45,33
v2_random_evolution_s2,v2,random_evolution,2,random_regular,100,4,422,56,2.751666616915516,17,56,0.30357142857142855,39,3
v2_random_evolution_s2,v2,random_evolution,2,random_regular,100,4,423,46,2.685945324654788,16,46,0.34782608695652173,12,80
v2_random_evolution_s2,v2,random_evolution,2,random_regular,100,4,424,14,1.6094379124291005,5,14,0.35714285714285715,88,80
v2_random_evolution_s2,v2,random_evolution,2,random_regular,100,4,425,22,2.079441541671836,8,22,0.36363636363636365,11,89
v2_random_evolution_s2,v2,random_evolution,2,random_regular,100,4,426,66,3.10797227595561,25,66,0.3787878787878788,59,95
v2_random_evolution_s2,v2,random_evolution,2,random_regular,100,4,427,88,3.320362323009675,37,88,0.42045454545454547,2,95
v2_random_evolution_s2,v2,random_evolution,2,random_regular,100,4,428,39,2.5649493574485365,13,39,0.3333333333333333,42,80
v2_random_evolution_s2,v2,random_evolution,2,random_regular,100,4,429,6,-1.000088900581841e-12,1,6,0.16666666666666666,42,89
v2_random_evolution_s2,v2,random_evolution,2,random_regular,100,4,430,30,2.0253262207620675,10,30,0.3333333333333333,60,80
v2_random_evolution_s2,v2,random_evolution,2,random_regular,100,4,431,56,3.218875824843201,25,56,0.44642857142857145,53,3
v2_random_evolution_s2,v2,random_evolution,2,random_regular,100,4,432,35,2.813355404483615,18,35,0.5142857142857142,64,33
v2_random_evolution_s2,v2,random_evolution,2,random_regular,100,4,433,28,2.197224577327219,9,28,0.32142857142857145,94,95
v2_random_evolution_s2,v2,random_evolution,2,random_regular,100,4,434,44,2.685945324654788,16,44,0.36363636363636365,21,89
v2_random_evolution_s2,v2,random_evolution,2,random_regular,100,4,435,302,4.586739640322357,120,302,0.3973509933774834,31,33
v2_random_evolution_s2,v2,random_evolution,2,random_regular,100,4,436,47,2.8332133440392155,17,47,0.3617021276595745,27,95
v2_random_evolution_s2,v2,random_evolution,2,random_regular,100,4,437,27,2.3516733018936304,13,27,0.48148148148148145,6,33
v2_random_evolution_s2,v2,random_evolution,2,random_regular,100,4,438,13,1.5607104090364066,6,13,0.46153846153846156,58,33
v2_random_evolution_s2,v2,random_evolution,2,random_regular,100,4,439,75,2.857102837424001,20,75,0.26666666666666666,34,89
v2_random_evolution_s2,v2,random_evolution,2,random_regular,100,4,440,3,-1.000088900581841e-12,1,3,0.3333333333333333,61,80
v2_random_evolution_s2,v2,random_evolution,2,random_regular,100,4,441,0,0.0,0,0,,89,89
v2_random_evolution_s2,v2,random_evolution,2,random_regular,100,4,442,6,-1.000088900581841e-12,1,6,0.16666666666666666,42,89
v2_random_evolution_s2,v2,random_evolution,2,random_regular,100,4,443,9,1.3862943611158909,4,9,0.4444444444444444,51,95
v2_random_evolution_s2,v2,random_evolution,2,random_regular,100,4,444,1,-1.000088900581841e-12,1,1,1.0,47,3
v2_random_evolution_s2,v2,random_evolution,2,random_regular,100,4,445,62,3.2551105127007407,31,62,0.5,93,3
v2_random_evolution_s2,v2,random_evolution,2,random_regular,100,4,446,199,3.9926865996384624,66,199,0.3316582914572864,87,3
v2_random_evolution_s2,v2,random_evolution,2,random_regular,100,4,447,82,3.170148321450507,30,82,0.36585365853658536,57,80
v2_random_evolution_s2,v2,random_evolution,2,random_regular,100,4,448,29,1.9251211907828183,13,29,0.4482758620689655,31,80
v2_random_evolution_s2,v2,random_evolution,2,random_regular,100,4,449,28,2.197224577327219,9,28,0.32142857142857145,29,80
v2_random_evolution_s2,v2,random_evolution,2,random_regular,100,4,450,0,0.0,0,0,,89,89
v2_random_evolution_s2,v2,random_evolution,2,random_regular,100,4,451,120,3.617683558888374,46,120,0.38333333333333336,87,95
v2_random_evolution_s2,v2,random_evolution,2,random_regular,100,4,452,11,1.6094379124291005,5,11,0.45454545454545453,1,33
v2_random_evolution_s2,v2,random_evolution,2,random_regular,100,4,453,3,-1.000088900581841e-12,1,3,0.3333333333333333,47,3
v2_random_evolution_s2,v2,random_evolution,2,random_regular,100,4,454,34,2.3978952727873706,11,34,0.3235294117647059,25,3
v2_random_evolution_s2,v2,random_evolution,2,random_regular,100,4,455,299,4.325830455654945,121,299,0.40468227424749165,30,80
v2_random_evolution_s2,v2,random_evolution,2,random_regular,100,4,456,15,1.791759469222055,6,15,0.4,83,89
v2_random_evolution_s2,v2,random_evolution,2,random_regular,100,4,457,11,1.6094379124291005,5,11,0.45454545454545453,23,95
v2_random_evolution_s2,v2,random_evolution,2,random_regular,100,4,458,12,1.7478680974607577,7,12,0.5833333333333334,45,95
v2_random_evolution_s2,v2,random_evolution,2,random_regular,100,4,459,57,3.062529300232621,24,57,0.42105263157894735,54,3
v2_random_evolution_s2,v2,random_evolution,2,random_regular,100,4,460,128,3.375081550312208,49,128,0.3828125,24,80
v2_random_evolution_s2,v2,random_evolution,2,random_regular,100,4,461,3,1.0986122886651095,3,3,1.0,90,33
v2_random_evolution_s2,v2,random_evolution,2,random_regular,100,4,462,60,3.052520501511814,25,60,0.4166666666666667,39,3
v2_random_evolution_s2,v2,random_evolution,2,random_regular,100,4,463,67,3.4040404338981127,34,67,0.5074626865671642,50,33
v2_random_evolution_s2,v2,random_evolution,2,random_regular,100,4,464,158,3.69535535833123,55,158,0.34810126582278483,70,33
v2_random_evolution_s2,v2,random_evolution,2,random_regular,100,4,465,84,3.1443140113216006,35,84,0.4166666666666667,72,33
v2_random_evolution_s2,v2,random_evolution,2,random_regular,100,4,466,30,2.2718685126865625,11,30,0.36666666666666664,15,3
v2_random_evolution_s2,v2,random_evolution,2,random_regular,100,4,467,42,2.341994252221425,14,42,0.3333333333333333,16,89
v2_random_evolution_s2,v2,random_evolution,2,random_regular,100,4,468,227,4.381068846311272,94,227,0.41409691629955947,53,80
v2_random_evolution_s2,v2,random_evolution,2,random_regular,100,4,469,24,2.5649493574485365,13,24,0.5416666666666666,97,3
v2_random_evolution_s2,v2,random_evolution,2,random_regular,100,4,470,20,2.3978952727873706,11,20,0.55,98,89
v2_random_evolution_s2,v2,random_evolution,2,random_regular,100,4,471,63,3.367295829957475,29,63,0.4603174603174603,27,95
v2_random_evolution_s2,v2,random_evolution,2,random_regular,100,4,472,20,2.197224577327219,9,20,0.45,53,3
v2_random_evolution_s2,v2,random_evolution,2,random_regular,100,4,473,47,2.736339051089065,18,47,0.3829787234042553,58,33
v2_random_evolution_s2,v2,random_evolution,2,random_regular,100,4,474,4,1.0986122886651095,3,4,0.75,74,89
v2_random_evolution_s2,v2,random_evolution,2,random_regular,100,4,475,46,2.61563057701355,15,46,0.32608695652173914,2,80
v2_random_evolution_s2,v2,random_evolution,2,random_regular,100,4,476,24,1.6094379124291005,5,24,0.20833333333333334,73,33
v2_random_evolution_s2,v2,random_evolution,2,random_regular,100,4,477,0,0.0,0,0,,3,3
v2_random_evolution_s2,v2,random_evolution,2,random_regular,100,4,478,5,1.0986122886651095,3,5,0.6,64,33
v2_random_evolution_s2,v2,random_evolution,2,random_regular,100,4,479,236,4.292380162458297,97,236,0.4110169491525424,77,3
v2_random_evolution_s2,v2,random_evolution,2,random_regular,100,4,480,147,3.9745170417130753,61,147,0.41496598639455784,52,80
v2_random_evolution_s2,v2,random_evolution,2,random_regular,100,4,481,136,3.692724597731502,59,136,0.4338235294117647,64,95
v2_random_evolution_s2,v2,random_evolution,2,random_regular,100,4,482,103,3.708094060697539,46,103,0.44660194174757284,23,95
v2_random_evolution_s2,v2,random_evolution,2,random_regular,100,4,483,41,2.5400363038079807,14,41,0.34146341463414637,24,3
v2_random_evolution_s2,v2,random_evolution,2,random_regular,100,4,484,66,2.7985132569262934,19,66,0.2878787878787879,91,33
v2_random_evolution_s2,v2,random_evolution,2,random_regular,100,4,485,123,3.753043869755884,56,123,0.45528455284552843,44,80
v2_random_evolution_s2,v2,random_evolution,2,random_regular,100,4,486,115,3.33758904247049,47,115,0.40869565217391307,5,95
v2_random_evolution_s2,v2,random_evolution,2,random_regular,100,4,487,20,2.302585092984045,10,20,0.5,34,95
v2_random_evolution_s2,v2,random_evolution,2,random_regular,100,4,488,3,0.6931471805579453,2,3,0.6666666666666666,52,89
v2_random_evolution_s2,v2,random_evolution,2,random_regular,100,4,489,40,2.3959081192819283,15,40,0.375,11,3
v2_random_evolution_s2,v2,random_evolution,2,random_regular,100,4,490,15,1.9459101490483133,7,15,0.4666666666666667,18,95
v2_random_evolution_s2,v2,random_evolution,2,random_regular,100,4,491,50,2.871476118036867,19,50,0.38,64,3
v2_random_evolution_s2,v2,random_evolution,2,random_regular,100,4,492,166,3.9217452174123073,66,166,0.39759036144578314,19,80
v2_random_evolution_s2,v2,random_evolution,2,random_regular,100,4,493,56,3.0315905757612325,25,56,0.44642857142857145,18,3
v2_random_evolution_s2,v2,random_evolution,2,random_regular,100,4,494,26,2.3978952727873706,11,26,0.4230769230769231,0,95
v2_random_evolution_s2,v2,random_evolution,2,random_regular,100,4,495,1,-1.000088900581841e-12,1,1,1.0,61,80
v2_random_evolution_s2,v2,random_evolution,2,random_regular,100,4,496,5,1.6094379124291005,5,5,1.0,84,89
v2_random_evolution_s2,v2,random_evolution,2,random_regular,100,4,497,28,2.242973226428147,14,28,0.5,82,80
v2_random_evolution_s2,v2,random_evolution,2,random_regular,100,4,498,17,1.9061547465328492,8,17,0.47058823529411764,7,89
v2_random_evolution_s2,v2,random_evolution,2,random_regular,100,4,499,72,3.3445488585774434,31,72,0.4305555555555556,85,3
v2_random_evolution_s2,v2,random_evolution,2,random_regular,100,4,500,39,2.912494403312053,21,39,0.5384615384615384,39,89
v2_random_evolution_s2,v2,random_evolution,2,random_regular,100,4,501,12,1.3862943611158909,4,12,0.3333333333333333,97,3
v2_random_evolution_s2,v2,random_evolution,2,random_regular,100,4,502,14,1.791759469222055,6,14,0.42857142857142855,86,80
v2_random_evolution_s2,v2,random_evolution,2,random_regular,100,4,503,21,1.9061547465328492,8,21,0.38095238095238093,53,95
v2_random_evolution_s2,v2,random_evolution,2,random_regular,100,4,504,33,2.4583113296710835,13,33,0.3939393939393939,93,80
v2_random_evolution_s2,v2,random_evolution,2,random_regular,100,4,505,217,4.226068518976893,80,217,0.3686635944700461,57,95
v2_random_evolution_s2,v2,random_evolution,2,random_regular,100,4,506,11,1.3862943611158909,4,11,0.36363636363636365,92,89
v2_random_evolution_s2,v2,random_evolution,2,random_regular,100,4,507,72,3.2238860684653137,29,72,0.4027777777777778,85,33
v2_random_evolution_s2,v2,random_evolution,2,random_regular,100,4,508,0,0.0,0,0,,3,3
v2_random_evolution_s2,v2,random_evolution,2,random_regular,100,4,509,37,2.4583113296710835,13,37,0.35135135135135137,1,33
v2_random_evolution_s2,v2,random_evolution,2,random_regular,100,4,510,50,3.10797227595561,25,50,0.5,63,89
v2_random_evolution_s2,v2,random_evolution,2,random_regular,100,4,511,99,3.556923618315194,39,99,0.3939393939393939,54,33
v2_random_evolution_s2,v2,random_evolution,2,random_regular,100,4,512,23,2.3978952727873706,11,23,0.4782608695652174,4,89
v2_random_evolution_s2,v2,random_evolution,2,random_regular,100,4,513,84,3.3985393782628446,40,84,0.47619047619047616,99,89
v2_random_evolution_s2,v2,random_evolution,2,random_regular,100,4,514,37,2.5232109529398907,15,37,0.40540540540540543,4,95
v2_random_evolution_s2,v2,random_evolution,2,random_regular,100,4,515,44,2.7985132569262934,19,44,0.4318181818181818,49,80
v2_random_evolution_s2,v2,random_evolution,2,random_regular,100,4,516,77,3.1487931944445364,31,77,0.4025974025974026,6,95
v2_random_evolution_s2,v2,random_evolution,2,random_regular,100,4,517,12,1.0986122886651095,3,12,0.25,59,89
v2_random_evolution_s2,v2,random_evolution,2,random_regular,100,4,518,112,3.629250947685148,48,112,0.42857142857142855,25,89
v2_random_evolution_s2,v2,random_evolution,2,random_regular,100,4,519,42,2.751666616915516,17,42,0.40476190476190477,53,33
v2_random_evolution_s2,v2,random_evolution,2,random_regular,100,4,520,18,1.3296613488507585,6,18,0.3333333333333333,82,95
v2_random_evolution_s2,v2,random_evolution,2,random_regular,100,4,521,27,2.685945324654788,16,27,0.5925925925925926,79,3
v2_random_evolution_s2,v2,random_evolution,2,random_regular,100,4,522,18,1.5607104090364066,6,18,0.3333333333333333,90,95
v2_random_evolution_s2,v2,random_evolution,2,random_regular,100,4,523,3,0.6931471805579453,2,3,0.6666666666666666,82,95
v2_random_evolution_s2,v2,random_evolution,2,random_regular,100,4,524,65,3.218875824843201,25,65,0.38461538461538464,1,89
v2_random_evolution_s2,v2,random_evolution,2,random_regular,100,4,525,69,3.367295829957475,29,69,0.42028985507246375,81,80
v2_random_evolution_s2,v2,random_evolution,2,random_regular,100,4,526,14,1.8891591637470213,9,14,0.6428571428571429,62,89
v2_random_evolution_s2,v2,random_evolution,2,random_regular,100,4,527,41,2.787788119369007,20,41,0.4878048780487805,30,95
v2_random_evolution_s2,v2,random_evolution,2,random_regular,100,4,528,7,1.0986122886651095,3,7,0.42857142857142855,13,33
v2_random_evolution_s2,v2,random_evolution,2,random_regular,100,4,529,174,3.921745217411307,66,174,0.3793103448275862,70,33
v2_random_evolution_s2,v2,random_evolution,2,random_regular,100,4,530,145,3.7684554093505143,56,145,0.38620689655172413,78,89
v2_random_evolution_s2,v2,random_evolution,2,random_regular,100,4,531,118,3.62038484108993,53,118,0.4491525423728814,62,33
v2_random_evolution_s2,v2,random_evolution,2,random_regular,100,4,532,1,-1.000088900581841e-12,1,1,1.0,20,33
v2_random_evolution_s2,v2,random_evolution,2,random_regular,100,4,533,60,3.1282795608038727,29,60,0.48333333333333334,97,95
v2_random_evolution_s2,v2,random_evolution,2,random_regular,100,4,534,11,1.3321790402061222,5,11,0.45454545454545453,13,33
v2_random_evolution_s2,v2,random_evolution,2,random_regular,100,4,535,44,2.540036303807981,14,44,0.3181818181818182,83,33
v2_random_evolution_s2,v2,random_evolution,2,random_regular,100,4,536,92,3.4761312408209912,35,92,0.3804347826086957,60,80
v2_random_evolution_s2,v2,random_evolution,2,random_regular,100,4,537,25,2.253857589591352,12,25,0.48,59,95
v2_random_evolution_s2,v2,random_evolution,2,random_regular,100,4,538,1,-1.000088900581841e-12,1,1,1.0,47,3
v2_random_evolution_s2,v2,random_evolution,2,random_regular,100,4,539,5,0.6931471805579453,2,5,0.4,21,80
v2_random_evolution_s2,v2,random_evolution,2,random_regular,100,4,540,14,1.9459101490483133,7,14,0.5,58,89
v2_random_evolution_s2,v2,random_evolution,2,random_regular,100,4,541,53,2.553681558015796,20,53,0.37735849056603776,11,33
v2_random_evolution_s2,v2,random_evolution,2,random_regular,100,4,542,4,0.6931471805579453,2,4,0.5,93,80
v2_random_evolution_s2,v2,random_evolution,2,random_regular,100,4,543,4,-1.000088900581841e-12,1,4,0.25,35,3
v2_random_evolution_s2,v2,random_evolution,2,random_regular,100,4,544,90,3.638648592450092,42,90,0.4666666666666667,61,3
v2_random_evolution_s2,v2,random_evolution,2,random_regular,100,4,545,61,3.0280290732864104,22,61,0.36065573770491804,25,80
v2_random_evolution_s2,v2,random_evolution,2,random_regular,100,4,546,88,3.042845487793544,30,88,0.3409090909090909,85,33
v2_random_evolution_s2,v2,random_evolution,2,random_regular,100,4,547,43,2.838988933136699,22,43,0.5116279069767442,40,33
v2_random_evolution_s2,v2,random_evolution,2,random_regular,100,4,548,20,1.9459101490483133,7,20,0.35,38,33
v2_random_evolution_s2,v2,random_evolution,2,random_regular,100,4,549,26,2.302585092984045,10,26,0.38461538461538464,71,80
v2_random_evolution_s2,v2,random_evolution,2,random_regular,100,4,550,1,-1.000088900581841e-12,1,1,1.0,20,33
v2_random_evolution_s2,v2,random_evolution,2,random_regular,100,4,551,107,3.446277940884956,40,107,0.37383177570093457,12,3
v2_random_evolution_s2,v2,random_evolution,2,random_regular,100,4,552,28,2.4583113296710835,13,28,0.4642857142857143,11,3
v2_random_evolution_s2,v2,random_evolution,2,random_regular,100,4,553,67,2.8269442985685598,27,67,0.40298507462686567,34,3
v2_random_evolution_s2,v2,random_evolution,2,random_regular,100,4,554,21,2.197224577327219,9,21,0.42857142857142855,36,33
v2_random_evolution_s2,v2,random_evolution,2,random_regular,100,4,555,172,4.042153394967693,77,172,0.4476744186046512,18,80
v2_random_evolution_s2,v2,random_evolution,2,random_regular,100,4,556,8,1.3862943611158909,4,8,0.5,45,3
v2_random_evolution_s2,v2,random_evolution,2,random_regular,100,4,557,59,2.7985132569262934,19,59,0.3220338983050847,74,33
v2_random_evolution_s2,v2,random_evolution,2,random_regular,100,4,558,112,3.641560094634984,50,112,0.44642857142857145,39,89
v2_random_evolution_s2,v2,random_evolution,2,random_regular,100,4,559,26,2.302585092984045,10,26,0.38461538461538464,10,95
v2_random_evolution_s2,v2,random_evolution,2,random_regular,100,4,560,84,3.2238860684653137,29,84,0.34523809523809523,15,3
v2_random_evolution_s2,v2,random_evolution,2,random_regular,100,4,561,99,3.6266561837520017,44,99,0.4444444444444444,44,95
v2_random_evolution_s2,v2,random_evolution,2,random_regular,100,4,562,81,3.039115687997164,27,81,0.3333333333333333,28,80
v2_random_evolution_s2,v2,random_evolution,2,random_regular,100,4,563,42,2.685945324654788,16,42,0.38095238095238093,31,80
v2_random_evolution_s2,v2,random_evolution,2,random_regular,100,4,564,28,2.61563057701355,15,28,0.5357142857142857,9,33
v2_random_evolution_s2,v2,random_evolution,2,random_regular,100,4,565,76,3.238231540321239,31,76,0.40789473684210525,53,3
v2_random_evolution_s2,v2,random_evolution,2,random_regular,100,4,566,66,3.019736127116996,27,66,0.4090909090909091,0,33
v2_random_evolution_s2,v2,random_evolution,2,random_regular,100,4,567,15,1.6094379124291005,5,15,0.3333333333333333,60,95
v2_random_evolution_s2,v2,random_evolution,2,random_regular,100,4,568,198,4.1818846009117605,88,198,0.4444444444444444,27,3
v2_random_evolution_s2,v2,random_evolution,2,random_regular,100,4,569,81,3.312615876945234,33,81,0.4074074074074074,55,3
v2_random_evolution_s2,v2,random_evolution,2,random_regular,100,4,570,67,3.5646232985788124,38,67,0.5671641791044776,29,89
v2_random_evolution_s2,v2,random_evolution,2,random_regular,100,4,571,11,1.3862943611158909,4,11,0.36363636363636365,62,95
v2_random_evolution_s2,v2,random_evolution,2,random_regular,100,4,572,21,2.1458417525857545,11,21,0.5238095238095238,14,80
v2_random_evolution_s2,v2,random_evolution,2,random_regular,100,4,573,78,3.3176975995541467,35,78,0.44871794871794873,67,89
v2_random_evolution_s2,v2,random_evolution,2,random_regular,100,4,574,4,0.6931471805579453,2,4,0.5,21,80
v2_random_evolution_s2,v2,random_evolution,2,random_regular,100,4,575,114,3.6507469498543608,56,114,0.49122807017543857,79,33
v2_random_evolution_s2,v2,random_evolution,2,random_regular,100,4,576,20,2.079441541671836,8,20,0.4,35,95
v2_random_evolution_s2,v2,random_evolution,2,random_regular,100,4,577,45,2.9444389791474395,19,45,0.4222222222222222,24,95
v2_random_evolution_s2,v2,random_evolution,2,random_regular,100,4,578,16,1.791759469222055,6,16,0.375,2,3
v2_random_evolution_s2,v2,random_evolution,2,random_regular,100,4,579,66,2.725550395815721,19,66,0.2878787878787879,60,33
v2_random_evolution_s2,v2,random_evolution,2,random_regular,100,4,580,183,4.031082388109281,72,183,0.39344262295081966,37,95
v2_random_evolution_s2,v2,random_evolution,2,random_regular,100,4,581,78,3.308777757559495,30,78,0.38461538461538464,52,89
v2_random_evolution_s2,v2,random_evolution,2,random_regular,100,4,582,55,2.954673212284816,23,55,0.41818181818181815,34,89
v2_random_evolution_s2,v2,random_evolution,2,random_regular,100,4,583,123,3.91243798774287,64,123,0.5203252032520326,70,3
v2_random_evolution_s2,v2,random_evolution,2,random_regular,100,4,584,31,2.7080502010872096,15,31,0.4838709677419355,81,80
v2_random_evolution_s2,v2,random_evolution,2,random_regular,100,4,585,0,0.0,0,0,,80,80
v2_random_evolution_s2,v2,random_evolution,2,random_regular,100,4,586,33,2.540036303807981,14,33,0.42424242424242425,44,33
v2_random_evolution_s2,v2,random_evolution,2,random_regular,100,4,587,27,2.079441541671836,8,27,0.2962962962962963,66,80
v2_random_evolution_s2,v2,random_evolution,2,random_regular,100,4,588,25,1.846220219314633,11,25,0.44,91,80
v2_random_evolution_s2,v2,random_evolution,2,random_regular,100,4,589,42,2.8332133440392155,17,42,0.40476190476190477,31,80
v2_random_evolution_s2,v2,random_evolution,2,random_regular,100,4,590,261,4.279076429424096,96,261,0.367816091954023,1,80
v2_random_evolution_s2,v2,random_evolution,2,random_regular,100,4,591,139,3.786710656109511,59,139,0.4244604316546763,10,33
v2_random_evolution_s2,v2,random_evolution,2,random_regular,100,4,592,0,0.0,0,0,,95,95
v2_random_evolution_s2,v2,random_evolution,2,random_regular,100,4,593,88,3.271689322296034,29,88,0.32954545454545453,96,89
v2_random_evolution_s2,v2,random_evolution,2,random_regular,100,4,594,53,2.966943486168354,28,53,0.5283018867924528,21,89
v2_random_evolution_s2,v2,random_evolution,2,random_regular,100,4,595,20,1.6769877743164172,9,20,0.45,54,3
v2_random_evolution_s2,v2,random_evolution,2,random_regular,100,4,596,23,2.1458417525857545,11,23,0.4782608695652174,84,95
v2_random_evolution_s2,v2,random_evolution,2,random_regular,100,4,597,67,3.044820482442576,26,67,0.3880597014925373,50,89
v2_random_evolution_s2,v2,random_evolution,2,random_regular,100,4,598,17,1.791759469222055,6,17,0.35294117647058826,11,89
v2_random_evolution_s2,v2,random_evolution,2,random_regular,100,4,599,121,3.382229551479053,43,121,0.35537190082644626,81,89
v2_random_evolution_s2,v2,random_evolution,2,random_regular,100,4,600,21,1.9459101490483133,7,21,0.3333333333333333,51,89
v2_random_evolution_s2,v2,random_evolution,2,random_regular,100,4,601,87,3.146132506787109,32,87,0.367816091954023,81,80
v2_random_evolution_s2,v2,random_evolution,2,random_regular,100,4,602,99,3.738230894633928,46,99,0.46464646464646464,38,95
v2_random_evolution_s2,v2,random_evolution,2,random_regular,100,4,603,16,1.778233305792707,13,16,0.8125,65,95
v2_random_evolution_s2,v2,random_evolution,2,random_regular,100,4,604,134,3.7610399344701584,53,134,0.39552238805970147,92,95
v2_random_evolution_s2,v2,random_evolution,2,random_regular,100,4,605,60,3.052520501511814,25,60,0.4166666666666667,21,80
v2_random_evolution_s2,v2,random_evolution,2,random_regular,100,4,606,55,3.0752205480323718,23,55,0.41818181818181815,39,33
v2_random_evolution_s2,v2,random_evolution,2,random_regular,100,4,607,214,4.135463160939116,81,214,0.37850467289719625,50,33
v2_random_evolution_s2,v2,random_evolution,2,random_regular,100,4,608,24,1.3862943611158909,4,24,0.16666666666666666,23,3
v2_random_evolution_s2,v2,random_evolution,2,random_regular,100,4,609,19,2.079441541671836,8,19,0.42105263157894735,38,33
v2_random_evolution_s2,v2,random_evolution,2,random_regular,100,4,610,34,2.5232109529398907,15,34,0.4411764705882353,78,3
v2_random_evolution_s2,v2,random_evolution,2,random_regular,100,4,611,90,3.3524698782394617,36,90,0.4,94,95
v2_random_evolution_s2,v2,random_evolution,2,random_regular,100,4,612,15,1.7478680974607577,7,15,0.4666666666666667,65,95
v2_random_evolution_s2,v2,random_evolution,2,random_regular,100,4,613,7,1.0986122886651095,3,7,0.42857142857142855,28,89
v2_random_evolution_s2,v2,random_evolution,2,random_regular,100,4,614,3,0.6931471805579453,2,3,0.6666666666666666,37,95
v2_random_evolution_s2,v2,random_evolution,2,random_regular,100,4,615,5,-1.000088900581841e-12,1,5,0.2,41,95
v2_random_evolution_s2,v2,random_evolution,2,random_regular,100,4,616,77,3.2551105127007407,31,77,0.4025974025974026,96,80
v2_random_evolution_s2,v2,random_evolution,2,random_regular,100,4,617,105,3.6030496648035975,47,105,0.44761904761904764,84,80
v2_random_evolution_s2,v2,random_evolution,2,random_regular,100,4,618,8,1.6094379124291005,5,8,0.625,47,3
v2_random_evolution_s2,v2,random_evolution,2,random_regular,100,4,619,76,3.214496050649049,28,76,0.3684210526315789,62,89
v2_random_evolution_s2,v2,random_evolution,2,random_regular,100,4,620,184,4.138967939760628,77,184,0.41847826086956524,44,89
v2_random_evolution_s2,v2,random_evolution,2,random_regular,100,4,621,161,3.808622205392716,56,161,0.34782608695652173,29,95
v2_random_evolution_s2,v2,random_evolution,2,random_regular,100,4,622,68,3.4544986414005443,33,68,0.4852941176470588,75,80
v2_random_evolution_s2,v2,random_evolution,2,random_regular,100,4,623,24,2.0431918705371204,9,24,0.375,77,95
v2_random_evolution_s2,v2,random_evolution,2,random_regular,100,4,624,20,1.791759469222055,6,20,0.3,81,95
v2_random_evolution_s2,v2,random_evolution,2,random_regular,100,4,625,50,2.7284075400172907,22,50,0.44,75,95
v2_random_evolution_s2,v2,random_evolution,2,random_regular,100,4,626,0,0.0,0,0,,89,89
v2_random_evolution_s2,v2,random_evolution,2,random_regular,100,4,627,37,2.302585092984045,10,37,0.2702702702702703,86,89
v2_random_evolution_s2,v2,random_evolution,2,random_regular,100,4,628,34,2.4260151319478083,16,34,0.47058823529411764,63,80
v2_random_evolution_s2,v2,random_evolution,2,random_regular,100,4,629,166,3.6121106829052767,63,166,0.3795180722891566,20,3
v2_random_evolution_s2,v2,random_evolution,2,random_regular,100,4,630,67,3.0752205480323718,23,67,0.34328358208955223,60,95
v2_random_evolution_s2,v2,random_evolution,2,random_regular,100,4,631,33,2.441015278014703,14,33,0.42424242424242425,13,80
v2_random_evolution_s2,v2,random_evolution,2,random_regular,100,4,632,20,2.5649493574485365,13,20,0.65,64,89
v2_random_evolution_s2,v2,random_evolution,2,random_regular,100,4,633,50,3.062529300232621,24,50,0.48,39,3
v2_random_evolution_s2,v2,random_evolution,2,random_regular,100,4,634,12,1.791759469222055,6,12,0.5,99,89
v2_random_evolution_s2,v2,random_evolution,2,random_regular,100,4,635,37,2.772588722223781,16,37,0.43243243243243246,56,89
v2_random_evolution_s2,v2,random_evolution,2,random_regular,100,4,636,2,-1.000088900581841e-12,1,2,0.5,69,80
v2_random_evolution_s2,v2,random_evolution,2,random_regular,100,4,637,99,3.671655601047183,42,99,0.42424242424242425,51,95
v2_random_evolution_s2,v2,random_evolution,2,random_regular,100,4,638,1,-1.000088900581841e-12,1,1,1.0,47,3
v2_random_evolution_s2,v2,random_evolution,2,random_regular,100,4,639,120,3.704107926157332,51,120,0.425,13,95
v2_random_evolution_s2,v2,random_evolution,2,random_regular,100,4,640,50,2.9970687270680187,25,50,0.5,42,3
v2_random_evolution_s2,v2,random_evolution,2,random_regular,100,4,641,56,3.120291565278284,24,56,0.42857142857142855,44,80
v2_random_evolution_s2,v2,random_evolution,2,random_regular,100,4,642,48,2.912494403312053,21,48,0.4375,60,95
v2_random_evolution_s2,v2,random_evolution,2,random_regular,100,4,643,0,0.0,0,0,,95,95
v2_random_evolution_s2,v2,random_evolution,2,random_regular,100,4,644,31,2.0253262207620675,10,31,0.3225806451612903,12,89
v2_random_evolution_s2,v2,random_evolution,2,random_regular,100,4,645,106,3.550250017965948,40,106,0.37735849056603776,9,3
v2_random_evolution_s2,v2,random_evolution,2,random_regular,100,4,646,26,2.302585092984045,10,26,0.38461538461538464,98,89
v2_random_evolution_s2,v2,random_evolution,2,random_regular,100,4,647,30,2.253857589591352,12,30,0.4,59,95
v2_random_evolution_s2,v2,random_evolution,2,random_regular,100,4,648,36,2.540036303807981,14,36,0.3888888888888889,69,95
v2_random_evolution_s2,v2,random_evolution,2,random_regular,100,4,649,184,4.047901877371191,71,184,0.3858695652173913,39,80
v2_random_evolution_s2,v2,random_evolution,2,random_regular,100,4,650,93,3.318195339262485,38,93,0.40860215053763443,68,89
v2_random_evolution_s2,v2,random_evolution,2,random_regular,100,4,651,25,2.3978952727873706,11,25,0.44,81,89
v2_random_evolution_s2,v2,random_evolution,2,random_regular,100,4,652,13,1.6094379124291005,5,13,0.38461538461538464,77,89
v2_random_evolution_s2,v2,random_evolution,2,random_regular,100,4,653,97,3.579388963696679,45,97,0.4639175257731959,73,33
v2_random_evolution_s2,v2,random_evolution,2,random_regular,100,4,654,69,3.6121358939014376,41,69,0.5942028985507246,99,89
v2_random_evolution_s2,v2,random_evolution,2,random_regular,100,4,655,40,2.4583113296710835,13,40,0.325,76,33
v2_random_evolution_s2,v2,random_evolution,2,random_regular,100,4,656,67,3.135494215906149,23,67,0.34328358208955223,22,80
v2_random_evolution_s2,v2,random_evolution,2,random_regular,100,4,657,8,0.6931471805579453,2,8,0.25,65,3
v2_random_evolution_s2,v2,random_evolution,2,random_regular,100,4,658,0,0.0,0,0,,80,80
v2_random_evolution_s2,v2,random_evolution,2,random_regular,100,4,659,135,3.817085689950123,60,135,0.4444444444444444,16,89
v2_random_evolution_s2,v2,random_evolution,2,random_regular,100,4,660,12,1.6094379124291005,5,12,0.4166666666666667,29,89
v2_random_evolution_s2,v2,random_evolution,2,random_regular,100,4,661,138,3.747981401058508,57,138,0.41304347826086957,92,89
v2_random_evolution_s2,v2,random_evolution,2,random_regular,100,4,662,127,3.673173853440987,47,127,0.3700787401574803,0,3
v2_random_evolution_s2,v2,random_evolution,2,random_regular,100,4,663,60,3.0280290732864104,22,60,0.36666666666666664,63,33
v2_random_evolution_s2,v2,random_evolution,2,random_regular,100,4,664,36,2.1458417525857545,11,36,0.3055555555555556,8,80
v2_random_evolution_s2,v2,random_evolution,2,random_regular,100,4,665,8,0.6931471805579453,2,8,0.25,75,95
v2_random_evolution_s2,v2,random_evolution,2,random_regular,100,4,666,16,1.3862943611158909,4,16,0.25,69,33
v2_random_evolution_s2,v2,random_evolution,2,random_regular,100,4,667,34,2.61563057701355,15,34,0.4411764705882353,44,89
v2_random_evolution_s2,v2,random_evolution,2,random_regular,100,4,668,36,2.2718685126865625,11,36,0.3055555555555556,37,3
v2_random_evolution_s2,v2,random_evolution,2,random_regular,100,4,669,65,3.3549875695958247,30,65,0.46153846153846156,75,33
v2_random_evolution_s2,v2,random_evolution,2,random_regular,100,4,670,32,2.5070264355444176,17,32,0.53125,60,95
v2_random_evolution_s2,v2,random_evolution,2,random_regular,100,4,671,42,2.61563057701355,15,42,0.35714285714285715,41,95
v2_random_evolution_s2,v2,random_evolution,2,random_regular,100,4,672,30,2.3978952727873706,11,30,0.36666666666666664,21,80
v2_random_evolution_s2,v2,random_evolution,2,random_regular,100,4,673,179,4.050488597968736,80,179,0.44692737430167595,21,89
v2_random_evolution_s2,v2,random_evolution,2,random_regular,100,4,674,3,-1.000088900581841e-12,1,3,0.3333333333333333,22,95
v2_random_evolution_s2,v2,random_evolution,2,random_regular,100,4,675,0,0.0,0,0,,89,89
v2_random_evolution_s2,v2,random_evolution,2,random_regular,100,4,676,69,3.1239385094141774,30,69,0.43478260869565216,60,33
v2_random_evolution_s2,v2,random_evolution,2,random_regular,100,4,677,31,2.5649493574485365,13,31,0.41935483870967744,35,89
v2_random_evolution_s2,v2,random_evolution,2,random_regular,100,4,678,0,0.0,0,0,,80,80
v2_random_evolution_s2,v2,random_evolution,2,random_regular,100,4,679,22,2.197224577327219,9,22,0.4090909090909091,54,89
v2_random_evolution_s2,v2,random_evolution,2,random_regular,100,4,680,15,1.5607104090364068,6,15,0.4,40,33
v2_random_evolution_s2,v2,random_evolution,2,random_regular,100,4,681,7,0.6931471805579453,2,7,0.2857142857142857,22,3
v2_random_evolution_s2,v2,random_evolution,2,random_regular,100,4,682,117,3.4588769204538985,43,117,0.36752136752136755,66,89
v2_random_evolution_s2,v2,random_evolution,2,random_regular,100,4,683,96,3.556923618315194,39,96,0.40625,5,89
v2_random_evolution_s2,v2,random_evolution,2,random_regular,100,4,684,57,2.7072697097688128,18,57,0.3157894736842105,45,3
v2_random_evolution_s2,v2,random_evolution,2,random_regular,100,4,685,31,2.479955520531517,16,31,0.5161290322580645,16,3
v2_random_evolution_s2,v2,random_evolution,2,random_regular,100,4,686,10,1.6094379124291005,5,10,0.5,36,33
v2_random_evolution_s2,v2,random_evolution,2,random_regular,100,4,687,140,3.828845343713952,50,140,0.35714285714285715,64,3
v2_random_evolution_s2,v2,random_evolution,2,random_regular,100,4,688,54,3.233183484354926,28,54,0.5185185185185185,20,33
v2_random_evolution_s2,v2,random_evolution,2,random_regular,100,4,689,31,2.7080502010872096,15,31,0.4838709677419355,18,33
v2_random_evolution_s2,v2,random_evolution,2,random_regular,100,4,690,57,3.120291565278284,24,57,0.42105263157894735,16,95
v2_random_evolution_s2,v2,random_evolution,2,random_regular,100,4,691,18,1.791759469222055,6,18,0.3333333333333333,35,33
v2_random_evolution_s2,v2,random_evolution,2,random_regular,100,4,692,7,1.6094379124291005,5,7,0.7142857142857143,17,95
v2_random_evolution_s2,v2,random_evolution,2,random_regular,100,4,693,104,3.5025114553448367,40,104,0.38461538461538464,25,95
v2_random_evolution_s2,v2,random_evolution,2,random_regular,100,4,694,6,0.6931471805579453,2,6,0.3333333333333333,4,89
v2_random_evolution_s2,v2,random_evolution,2,random_regular,100,4,695,0,0.0,0,0,,89,89
v2_random_evolution_s2,v2,random_evolution,2,random_regular,100,4,696,39,2.36060911397724,16,39,0.41025641025641024,46,3
v2_random_evolution_s2,v2,random_evolution,2,random_regular,100,4,697,193,4.082055979977657,79,193,0.40932642487046633,1,33
v2_random_evolution_s2,v2,random_evolution,2,random_regular,100,4,698,43,2.5649493574485365,13,43,0.3023255813953488,45,95
v2_random_evolution_s2,v2,random_evolution,2,random_regular,100,4,699,35,2.3034884952082693,15,35,0.42857142857142855,13,80
v2_random_evolution_s2,v2,random_evolution,2,random_regular,100,4,700,72,2.954673212284816,23,72,0.3194444444444444,78,80
v2_random_evolution_s2,v2,random_evolution,2,random_regular,100,4,701,17,1.8891591637470213,9,17,0.5294117647058824,92,80
v2_random_evolution_s2,v2,random_evolution,2,random_regular,100,4,702,15,1.3862943611158909,4,15,0.26666666666666666,74,95
v2_random_evolution_s2,v2,random_evolution,2,random_regular,100,4,703,70,3.1931483947852626,27,70,0.38571428571428573,25,33
v2_random_evolution_s2,v2,random_evolution,2,random_regular,100,4,704,0,0.0,0,0,,3,3
v2_random_evolution_s2,v2,random_evolution,2,random_regular,100,4,705,97,3.2625679455231658,30,97,0.30927835051546393,78,33
v2_random_evolution_s2,v2,random_evolution,2,random_regular,100,4,706,74,3.16498553775291,28,74,0.3783783783783784,71,80
v2_random_evolution_s2,v2,random_evolution,2,random_regular,100,4,707,140,3.6838559851243233,59,140,0.42142857142857143,58,33
v2_random_evolution_s2,v2,random_evolution,2,random_regular,100,4,708,31,2.484906649776,12,31,0.3870967741935484,6,80
v2_random_evolution_s2,v2,random_evolution,2,random_regular,100,4,709,222,4.2802647422582485,89,222,0.4009009009009009,32,89
v2_random_evolution_s2,v2,random_evolution,2,random_regular,100,4,710,38,2.484906649776,12,38,0.3157894736842105,41,3
v2_random_evolution_s2,v2,random_evolution,2,random_regular,100,4,711,4,0.6931471805579453,2,4,0.5,65,3
v2_random_evolution_s2,v2,random_evolution,2,random_regular,100,4,712,71,3.244492630381296,27,71,0.38028169014084506,49,89
v2_random_evolution_s2,v2,random_evolution,2,random_regular,100,4,713,221,4.282285260076896,84,221,0.38009049773755654,83,80
v2_random_evolution_s2,v2,random_evolution,2,random_regular,100,4,714,1,-1.000088900581841e-12,1,1,1.0,42,89
v2_random_evolution_s2,v2,random_evolution,2,random_regular,100,4,715,170,3.923088002351249,63,170,0.37058823529411766,9,95
v2_random_evolution_s2,v2,random_evolution,2,random_regular,100,4,716,88,3.134162458562648,28,88,0.3181818181818182,45,95
v2_random_evolution_s2,v2,random_evolution,2,random_regular,100,4,717,16,1.5607104090364066,6,16,0.375,48,33
v2_random_evolution_s2,v2,random_evolution,2,random_regular,100,4,718,68,3.0280290732864104,22,68,0.3235294117647059,6,89
v2_random_evolution_s2,v2,random_evolution,2,random_regular,100,4,719,53,2.736339051089065,18,53,0.33962264150943394,37,95
v2_random_evolution_s2,v2,random_evolution,2,random_regular,100,4,720,152,3.883612493446919,61,152,0.40131578947368424,83,3
v2_random_evolution_s2,v2,random_evolution,2,random_regular,100,4,721,57,3.10797227595561,25,57,0.43859649122807015,62,80
v2_random_evolution_s2,v2,random_evolution,2,random_regular,100,4,722,100,3.5426075501191545,48,100,0.48,39,80
v2_random_evolution_s2,v2,random_evolution,2,random_regular,100,4,723,220,4.090578778971806,81,220,0.36818181818181817,99,95
v2_random_evolution_s2,v2,random_evolution,2,random_regular,100,4,724,47,2.176185661550307,15,47,0.3191489361702128,49,3
v2_random_evolution_s2,v2,random_evolution,2,random_regular,100,4,725,50,2.7759755530867958,22,50,0.44,91,95
v2_random_evolution_s2,v2,random_evolution,2,random_regular,100,4,726,67,3.151458510219029,26,67,0.3880597014925373,71,89
v2_random_evolution_s2,v2,random_evolution,2,random_regular,100,4,727,39,2.61563057701355,15,39,0.38461538461538464,75,80
v2_random_evolution_s2,v2,random_evolution,2,random_regular,100,4,728,100,2.906663549421333,35,100,0.35,61,95
v2_random_evolution_s2,v2,random_evolution,2,random_regular,100,4,729,156,4.013637220348966,71,156,0.4551282051282051,91,33
v2_random_evolution_s2,v2,random_evolution,2,random_regular,100,4,730,15,1.791759469222055,6,15,0.4,40,33
v2_random_evolution_s2,v2,random_evolution,2,random_regular,100,4,731,33,1.809514255842282,14,33,0.42424242424242425,74,33
v2_random_evolution_s2,v2,random_evolution,2,random_regular,100,4,732,165,3.886400408003117,60,165,0.36363636363636365,39,89
v2_random_evolution_s2,v2,random_evolution,2,random_regular,100,4,733,14,1.791759469222055,6,14,0.42857142857142855,56,89
v2_random_evolution_s2,v2,random_evolution,2,random_regular,100,4,734,30,2.4583113296710835,13,30,0.43333333333333335,67,80
v2_random_evolution_s2,v2,random_evolution,2,random_regular,100,4,735,62,3.271689322296034,29,62,0.46774193548387094,48,95
v2_random_evolution_s2,v2,random_evolution,2,random_regular,100,4,736,35,3.0910424533363146,22,35,0.6285714285714286,40,89
v2_random_evolution_s2,v2,random_evolution,2,random_regular,100,4,737,4,1.3862943611158909,4,4,1.0,69,80
v2_random_evolution_s2,v2,random_evolution,2,random_regular,100,4,738,87,3.122424598309061,27,87,0.3103448275862069,53,33
v2_random_evolution_s2,v2,random_evolution,2,random_regular,100,4,739,62,3.2958368659773285,27,62,0.43548387096774194,82,33
v2_random_evolution_s2,v2,random_evolution,2,random_regular,100,4,740,9,1.0986122886651095,3,9,0.3333333333333333,63,95
v2_random_evolution_s2,v2,random_evolution,2,random_regular,100,4,741,23,1.9061547465328492,8,23,0.34782608695652173,14,95
v2_random_evolution_s2,v2,random_evolution,2,random_regular,100,4,742,46,2.685945324654788,16,46,0.34782608695652173,61,3
v2_random_evolution_s2,v2,random_evolution,2,random_regular,100,4,743,54,3.044522437702424,21,54,0.3888888888888889,26,3
v2_random_evolution_s2,v2,random_evolution,2,random_regular,100,4,744,65,2.9444389791474395,19,65,0.2923076923076923,22,3
v2_random_evolution_s2,v2,random_evolution,2,random_regular,100,4,745,42,2.61563057701355,15,42,0.35714285714285715,55,3
v2_random_evolution_s2,v2,random_evolution,2,random_regular,100,4,746,5,0.6931471805579453,2,5,0.4,20,33
v2_random_evolution_s2,v2,random_evolution,2,random_regular,100,4,747,1,-1.000088900581841e-12,1,1,1.0,62,89
v2_random_evolution_s2,v2,random_evolution,2,random_regular,100,4,748,151,3.830895721041939,55,151,0.36423841059602646,21,89
v2_random_evolution_s2,v2,random_evolution,2,random_regular,100,4,749,7,0.6931471805579453,2,7,0.2857142857142857,78,89
v2_random_evolution_s2,v2,random_evolution,2,random_regular,100,4,750,103,3.626656183752001,44,103,0.42718446601941745,85,80
v2_random_evolution_s2,v2,random_evolution,2,random_regular,100,4,751,52,2.9970687270680187,25,52,0.4807692307692308,0,3
v2_random_evolution_s2,v2,random_evolution,2,random_regular,100,4,752,6,1.0986122886651095,3,6,0.5,12,80
v2_random_evolution_s2,v2,random_evolution,2,random_regular,100,4,753,11,1.0986122886651095,3,11,0.2727272727272727,81,95
v2_random_evolution_s2,v2,random_evolution,2,random_regular,100,4,754,123,3.727905198677357,52,123,0.42276422764227645,39,3
v2_random_evolution_s2,v2,random_evolution,2,random_regular,100,4,755,211,4.156549340960889,79,211,0.3744075829383886,82,95
v2_random_evolution_s2,v2,random_evolution,2,random_regular,100,4,756,93,3.1814749239025333,30,93,0.3225806451612903,62,89
v2_random_evolution_s2,v2,random_evolution,2,random_regular,100,4,757,17,1.9459101490483133,7,17,0.4117647058823529,26,33
v2_random_evolution_s2,v2,random_evolution,2,random_regular,100,4,758,25,2.0253262207620675,10,25,0.4,96,3
v2_random_evolution_s2,v2,random_evolution,2,random_regular,100,4,759,52,2.9444389791474395,19,52,0.36538461538461536,4,95
v2_random_evolution_s2,v2,random_evolution,2,random_regular,100,4,760,118,3.5982245479703314,49,118,0.4152542372881356,37,89
v2_random_evolution_s2,v2,random_evolution,2,random_regular,100,4,761,24,1.791759469222055,6,24,0.25,23,3
v2_random_evolution_s2,v2,random_evolution,2,random_regular,100,4,762,8,1.3862943611158909,4,8,0.5,36,3
v2_random_evolution_s2,v2,random_evolution,2,random_regular,100,4,763,75,3.1836729714587872,28,75,0.37333333333333335,61,89
v2_random_evolution_s2,v2,random_evolution,2,random_regular,100,4,764,93,3.467994408329786,36,93,0.3870967741935484,54,33
v2_random_evolution_s2,v2,random_evolution,2,random_regular,100,4,765,122,3.067992259811125,39,122,0.319672131147541,56,89
v2_random_evolution_s2,v2,random_evolution,2,random_regular,100,4,766,22,2.079441541671836,8,22,0.36363636363636365,16,89
v2_random_evolution_s2,v2,random_evolution,2,random_regular,100,4,767,3,-1.000088900581841e-12,1,3,0.3333333333333333,61,80
v2_random_evolution_s2,v2,random_evolution,2,random_regular,100,4,768,131,3.806662489725319,45,131,0.3435114503816794,71,80
v2_random_evolution_s2,v2,random_evolution,2,random_regular,100,4,769,5,1.3862943611158909,4,5,0.8,86,95
v2_random_evolution_s2,v2,random_evolution,2,random_regular,100,4,770,106,3.485587161020812,34,106,0.32075471698113206,86,89
v2_random_evolution_s2,v2,random_evolution,2,random_regular,100,4,771,45,3.062529300232621,24,45,0.5333333333333333,17,3
v2_random_evolution_s2,v2,random_evolution,2,random_regular,100,4,772,6,0.6931471805579453,2,6,0.3333333333333333,46,89
v2_random_evolution_s2,v2,random_evolution,2,random_regular,100,4,773,21,1.8891591637470213,9,21,0.42857142857142855,66,89
v2_random_evolution_s2,v2,random_evolution,2,random_regular,100,4,774,36,2.6701198897918164,17,36,0.4722222222222222,57,89
v2_random_evolution_s2,v2,random_evolution,2,random_regular,100,4,775,102,3.5155926589389503,40,102,0.39215686274509803,17,80
v2_random_evolution_s2,v2,random_evolution,2,random_regular,100,4,776,48,2.871476118036867,19,48,0.3958333333333333,28,33
v2_random_evolution_s2,v2,random_evolution,2,random_regular,100,4,777,14,1.3862943611158909,4,14,0.2857142857142857,91,3
v2_random_evolution_s2,v2,random_evolution,2,random_regular,100,4,778,85,3.308777757559495,30,85,0.35294117647058826,99,89
v2_random_evolution_s2,v2,random_evolution,2,random_regular,100,4,779,67,3.028029073286411,22,67,0.3283582089552239,2,89
v2_random_evolution_s2,v2,random_evolution,2,random_regular,100,4,780,13,1.6094379124291005,5,13,0.38461538461538464,20,33
v2_random_evolution_s2,v2,random_evolution,2,random_regular,100,4,781,7,1.3862943611158909,4,7,0.5714285714285714,65,33
v2_random_evolution_s2,v2,random_evolution,2,random_regular,100,4,782,207,4.272849378959209,103,207,0.4975845410628019,54,3
v2_random_evolution_s2,v2,random_evolution,2,random_regular,100,4,783,0,0.0,0,0,,89,89
v2_random_evolution_s2,v2,random_evolution,2,random_regular,100,4,784,188,3.956620373961752,76,188,0.40425531914893614,67,3
v2_random_evolution_s2,v2,random_evolution,2,random_regular,100,4,785,29,2.5649493574485365,13,29,0.4482758620689655,83,33
v2_random_evolution_s2,v2,random_evolution,2,random_regular,100,4,786,31,2.3516733018936304,13,31,0.41935483870967744,9,33
v2_random_evolution_s2,v2,random_evolution,2,random_regular,100,4,787,0,0.0,0,0,,89,89
v2_random_evolution_s2,v2,random_evolution,2,random_regular,100,4,788,82,3.4858315997982245,39,82,0.47560975609756095,7,95
v2_random_evolution_s2,v2,random_evolution,2,random_regular,100,4,789,31,2.484906649776,12,31,0.3870967741935484,81,3
v2_random_evolution_s2,v2,random_evolution,2,random_regular,100,4,790,177,4.049889434949062,81,177,0.4576271186440678,25,80
v2_random_evolution_s2,v2,random_evolution,2,random_regular,100,4,791,1,-1.000088900581841e-12,1,1,1.0,36,33
v2_random_evolution_s2,v2,random_evolution,2,random_regular,100,4,792,1,-1.000088900581841e-12,1,1,1.0,61,80
v2_random_evolution_s2,v2,random_evolution,2,random_regular,100,4,793,46,2.9957322735339904,20,46,0.43478260869565216,67,95
v2_random_evolution_s2,v2,random_evolution,2,random_regular,100,4,794,75,3.319492576126754,29,75,0.38666666666666666,30,80
v2_random_evolution_s2,v2,random_evolution,2,random_regular,100,4,795,194,4.041151128852089,78,194,0.4020618556701031,71,89
v2_random_evolution_s2,v2,random_evolution,2,random_regular,100,4,796,123,3.823096663177728,51,123,0.4146341463414634,26,33
v2_random_evolution_s2,v2,random_evolution,2,random_regular,100,4,797,115,3.0164539990644927,28,115,0.24347826086956523,73,3
v2_random_evolution_s2,v2,random_evolution,2,random_regular,100,4,798,30,2.3419942522214248,14,30,0.4666666666666667,67,3
v2_random_evolution_s2,v2,random_evolution,2,random_regular,100,4,799,71,3.1134294978018247,32,71,0.4507042253521127,65,3
v2_random_evolution_s2,v2,random_evolution,2,random_regular,100,4,800,27,2.1639556568730565,10,27,0.37037037037037035,30,95
v2_random_evolution_s2,v2,random_evolution,2,random_regular,100,4,801,0,0.0,0,0,,80,80
v2_random_evolution_s2,v2,random_evolution,2,random_regular,100,4,802,92,3.404927888365862,38,92,0.41304347826086957,53,95
v2_random_evolution_s2,v2,random_evolution,2,random_regular,100,4,803,79,3.367295829957475,29,79,0.3670886075949367,37,95
v2_random_evolution_s2,v2,random_evolution,2,random_regular,100,4,804,37,2.5649493574485365,13,37,0.35135135135135137,6,33
v2_random_evolution_s2,v2,random_evolution,2,random_regular,100,4,805,100,3.5646232985788124,38,100,0.38,48,3
v2_random_evolution_s2,v2,random_evolution,2,random_regular,100,4,806,6,1.0986122886651095,3,6,0.5,39,80
v2_random_evolution_s2,v2,random_evolution,2,random_regular,100,4,807,16,1.791759469222055,6,16,0.375,48,89
v2_random_evolution_s2,v2,random_evolution,2,random_regular,100,4,808,80,3.3445488585774434,31,80,0.3875,42,80
v2_random_evolution_s2,v2,random_evolution,2,random_regular,100,4,809,1,-1.000088900581841e-12,1,1,1.0,20,33
v2_random_evolution_s2,v2,random_evolution,2,random_regular,100,4,810,18,1.834371970274624,10,18,0.5555555555555556,94,80
v2_random_evolution_s2,v2,random_evolution,2,random_regular,100,4,811,108,3.701245691733744,52,108,0.48148148148148145,65,33
v2_random_evolution_s2,v2,random_evolution,2,random_regular,100,4,812,9,1.3321790402061222,5,9,0.5555555555555556,19,80
v2_random_evolution_s2,v2,random_evolution,2,random_regular,100,4,813,8,1.3862943611158909,4,8,0.5,9,95
v2_random_evolution_s2,v2,random_evolution,2,random_regular,100,4,814,5,0.6931471805579453,2,5,0.4,74,95
v2_random_evolution_s2,v2,random_evolution,2,random_regular,100,4,815,10,1.6094379124291005,5,10,0.5,87,3
v2_random_evolution_s2,v2,random_evolution,2,random_regular,100,4,816,82,3.144010601242821,34,82,0.4146341463414634,88,80
v2_random_evolution_s2,v2,random_evolution,2,random_regular,100,4,817,38,2.639057329601259,14,38,0.3684210526315789,7,3
v2_random_evolution_s2,v2,random_evolution,2,random_regular,100,4,818,19,2.3978952727873706,11,19,0.5789473684210527,52,95
v2_random_evolution_s2,v2,random_evolution,2,random_regular,100,4,819,4,0.6931471805579453,2,4,0.5,63,80
v2_random_evolution_s2,v2,random_evolution,2,random_regular,100,4,820,58,2.775975553086795,22,58,0.3793103448275862,7,33
v2_random_evolution_s2,v2,random_evolution,2,random_regular,100,4,821,11,1.6094379124291005,5,11,0.45454545454545453,35,3
v2_random_evolution_s2,v2,random_evolution,2,random_regular,100,4,822,12,1.9459101490483133,7,12,0.5833333333333334,50,80
v2_random_evolution_s2,v2,random_evolution,2,random_regular,100,4,823,69,2.864738512170568,26,69,0.37681159420289856,10,80
v2_random_evolution_s2,v2,random_evolution,2,random_regular,100,4,824,19,2.0253262207620675,10,19,0.5263157894736842,40,33
v2_random_evolution_s2,v2,random_evolution,2,random_regular,100,4,825,20,2.484906649776,12,20,0.6,19,33
v2_random_evolution_s2,v2,random_evolution,2,random_regular,100,4,826,62,3.135494215906149,23,62,0.3709677419354839,70,33
v2_random_evolution_s2,v2,random_evolution,2,random_regular,100,4,827,26,2.302585092984045,10,26,0.38461538461538464,84,3
v2_random_evolution_s2,v2,random_evolution,2,random_regular,100,4,828,2,-1.000088900581841e-12,1,2,0.5,59,89
v2_random_evolution_s2,v2,random_evolution,2,random_regular,100,4,829,0,0.0,0,0,,80,80
v2_random_evolution_s2,v2,random_evolution,2,random_regular,100,4,830,292,4.355990217874652,115,292,0.3938356164383562,18,95
v2_random_evolution_s2,v2,random_evolution,2,random_regular,100,4,831,35,2.5993019270857944,16,35,0.45714285714285713,75,3
v2_random_evolution_s2,v2,random_evolution,2,random_regular,100,4,832,23,2.079441541671836,8,23,0.34782608695652173,30,80
v2_random_evolution_s2,v2,random_evolution,2,random_regular,100,4,833,108,3.4124897213676078,33,108,0.3055555555555556,26,80
v2_random_evolution_s2,v2,random_evolution,2,random_regular,100,4,834,93,3.422414203983732,32,93,0.34408602150537637,27,33
v2_random_evolution_s2,v2,random_evolution,2,random_regular,100,4,835,68,3.2663306919268704,34,68,0.5,36,33
v2_random_evolution_s2,v2,random_evolution,2,random_regular,100,4,836,37,2.9444389791474395,19,37,0.5135135135135135,97,3
v2_random_evolution_s2,v2,random_evolution,2,random_regular,100,4,837,21,1.9459101490483133,7,21,0.3333333333333333,81,3
v2_random_evolution_s2,v2,random_evolution,2,random_regular,100,4,838,62,2.857102837424001,20,62,0.3225806451612903,98,80
v2_random_evolution_s2,v2,random_evolution,2,random_regular,100,4,839,147,3.783607104129144,54,147,0.3673469387755102,84,95
v2_random_evolution_s2,v2,random_evolution,2,random_regular,100,4,840,4,0.6931471805579453,2,4,0.5,85,80
v2_random_evolution_s2,v2,random_evolution,2,random_regular,100,4,841,35,2.3516733018936304,13,35,0.37142857142857144,58,80
v2_random_evolution_s2,v2,random_evolution,2,random_regular,100,4,842,145,3.829799375170184,66,145,0.45517241379310347,59,80
v2_random_evolution_s2,v2,random_evolution,2,random_regular,100,4,843,11,1.3862943611158909,4,11,0.36363636363636365,30,3
v2_random_evolution_s2,v2,random_evolution,2,random_regular,100,4,844,139,3.866068812498448,59,139,0.4244604316546763,48,3
v2_random_evolution_s2,v2,random_evolution,2,random_regular,100,4,845,304,4.637833761794857,134,304,0.4407894736842105,88,95
v2_random_evolution_s2,v2,random_evolution,2,random_regular,100,4,846,16,1.9459101490483133,7,16,0.4375,81,89
v2_random_evolution_s2,v2,random_evolution,2,random_regular,100,4,847,71,3.2625679455231658,30,71,0.4225352112676056,73,95
v2_random_evolution_s2,v2,random_evolution,2,random_regular,100,4,848,55,3.1418041591892294,27,55,0.4909090909090909,56,3
v2_random_evolution_s2,v2,random_evolution,2,random_regular,100,4,849,178,3.9427496774282735,66,178,0.3707865168539326,64,3
v2_random_evolution_s2,v2,random_evolution,2,random_regular,100,4,850,37,2.7985132569262934,19,37,0.5135135135135135,50,95
v2_random_evolution_s2,v2,random_evolution,2,random_regular,100,4,851,46,2.813355404483615,18,46,0.391304347826087,17,95
v2_random_evolution_s2,v2,random_evolution,2,random_regular,100,4,852,265,4.364942980538979,102,265,0.3849056603773585,77,3
v2_random_evolution_s2,v2,random_evolution,2,random_regular,100,4,853,16,1.9459101490483133,7,16,0.4375,96,80
v2_random_evolution_s2,v2,random_evolution,2,random_regular,100,4,854,143,3.720560710350592,55,143,0.38461538461538464,62,89
v2_random_evolution_s2,v2,random_evolution,2,random_regular,100,4,855,145,3.8768201519937313,56,145,0.38620689655172413,90,3
v2_random_evolution_s2,v2,random_evolution,2,random_regular,100,4,856,73,3.328471881301735,33,73,0.4520547945205479,30,33
v2_random_evolution_s2,v2,random_evolution,2,random_regular,100,4,857,73,3.1836729714587872,28,73,0.3835616438356164,83,3
v2_random_evolution_s2,v2,random_evolution,2,random_regular,100,4,858,135,3.8636247998616766,57,135,0.4222222222222222,55,95
v2_random_evolution_s2,v2,random_evolution,2,random_regular,100,4,859,199,4.3031856985736745,86,199,0.4321608040201005,43,3
v2_random_evolution_s2,v2,random_evolution,2,random_regular,100,4,860,102,3.38611342162081,37,102,0.3627450980392157,69,33
v2_random_evolution_s2,v2,random_evolution,2,random_regular,100,4,861,169,4.077120709135348,63,169,0.3727810650887574,6,33
v2_random_evolution_s2,v2,random_evolution,2,random_regular,100,4,862,2,-1.000088900581841e-12,1,2,0.5,2,33
v2_random_evolution_s2,v2,random_evolution,2,random_regular,100,4,863,6,1.0986122886651095,3,6,0.5,92,3
v2_random_evolution_s2,v2,random_evolution,2,random_regular,100,4,864,55,2.8456384931152563,24,55,0.43636363636363634,97,3
v2_random_evolution_s2,v2,random_evolution,2,random_regular,100,4,865,123,3.6548079912793474,49,123,0.3983739837398374,25,89
v2_random_evolution_s2,v2,random_evolution,2,random_regular,100,4,866,153,4.084632441880585,66,153,0.43137254901960786,31,33
v2_random_evolution_s2,v2,random_evolution,2,random_regular,100,4,867,48,2.846480386116867,21,48,0.4375,81,89
v2_random_evolution_s2,v2,random_evolution,2,random_regular,100,4,868,25,2.302585092984045,10,25,0.4,37,95
v2_random_evolution_s2,v2,random_evolution,2,random_regular,100,4,869,59,3.098139496330803,26,59,0.4406779661016949,84,89
v2_random_evolution_s2,v2,random_evolution,2,random_regular,100,4,870,17,2.197224577327219,9,17,0.5294117647058824,52,89
v2_random_evolution_s2,v2,random_evolution,2,random_regular,100,4,871,38,2.736339051089065,18,38,0.47368421052631576,50,89
v2_random_evolution_s2,v2,random_evolution,2,random_regular,100,4,872,22,2.079441541671836,8,22,0.36363636363636365,48,95
v2_random_evolution_s2,v2,random_evolution,2,random_regular,100,4,873,5,1.3862943611158909,4,5,0.8,47,95
v2_random_evolution_s2,v2,random_evolution,2,random_regular,100,4,874,19,2.197224577327219,9,19,0.47368421052631576,12,80
v2_random_evolution_s2,v2,random_evolution,2,random_regular,100,4,875,22,2.0431918705371204,9,22,0.4090909090909091,74,80
v2_random_evolution_s2,v2,random_evolution,2,random_regular,100,4,876,490,4.821412948259006,187,490,0.3816326530612245,19,89
v2_random_evolution_s2,v2,random_evolution,2,random_regular,100,4,877,29,2.4583113296710835,13,29,0.4482758620689655,39,3
v2_random_evolution_s2,v2,random_evolution,2,random_regular,100,4,878,40,2.4260151319478083,16,40,0.4,10,80
v2_random_evolution_s2,v2,random_evolution,2,random_regular,100,4,879,42,2.9444389791474395,19,42,0.4523809523809524,53,89
v2_random_evolution_s2,v2,random_evolution,2,random_regular,100,4,880,29,2.5232109529398907,15,29,0.5172413793103449,47,33
v2_random_evolution_s2,v2,random_evolution,2,random_regular,100,4,881,0,0.0,0,0,,3,3
v2_random_evolution_s2,v2,random_evolution,2,random_regular,100,4,882,56,2.46419711098997,25,56,0.44642857142857145,18,33
v2_random_evolution_s2,v2,random_evolution,2,random_regular,100,4,883,22,2.302585092984045,10,22,0.45454545454545453,64,33
v2_random_evolution_s2,v2,random_evolution,2,random_regular,100,4,884,164,3.923683665843976,65,164,0.39634146341463417,58,89
v2_random_evolution_s2,v2,random_evolution,2,random_regular,100,4,885,39,2.2718685126865625,11,39,0.28205128205128205,50,89
v2_random_evolution_s2,v2,random_evolution,2,random_regular,100,4,886,62,2.6593226976945163,18,62,0.2903225806451613,50,95
v2_random_evolution_s2,v2,random_evolution,2,random_regular,100,4,887,1,-1.000088900581841e-12,1,1,1.0,41,95
v2_random_evolution_s2,v2,random_evolution,2,random_regular,100,4,888,82,3.3573060098708574,35,82,0.4268292682926829,97,89
v2_random_evolution_s2,v2,random_evolution,2,random_regular,100,4,889,21,2.253857589591352,12,21,0.5714285714285714,32,3
v2_random_evolution_s2,v2,random_evolution,2,random_regular,100,4,890,119,3.6266561837520017,44,119,0.3697478991596639,1,89
v2_random_evolution_s2,v2,random_evolution,2,random_regular,100,4,891,24,2.253857589591352,12,24,0.5,30,3
v2_random_evolution_s2,v2,random_evolution,2,random_regular,100,4,892,4,-1.000088900581841e-12,1,4,0.25,59,89
v2_random_evolution_s2,v2,random_evolution,2,random_regular,100,4,893,281,4.242551442194952,106,281,0.37722419928825623,71,33
v2_random_evolution_s2,v2,random_evolution,2,random_regular,100,4,894,51,2.9034007581609185,24,51,0.47058823529411764,63,80
v2_random_evolution_s2,v2,random_evolution,2,random_regular,100,4,895,38,2.341994252221425,14,38,0.3684210526315789,75,89
v2_random_evolution_s2,v2,random_evolution,2,random_regular,100,4,896,4,-1.000088900581841e-12,1,4,0.25,20,33
v2_random_evolution_s2,v2,random_evolution,2,random_regular,100,4,897,13,1.9459101490483133,7,13,0.5384615384615384,31,89
v2_random_evolution_s2,v2,random_evolution,2,random_regular,100,4,898,43,2.6491586832590177,20,43,0.46511627906976744,69,89
v2_random_evolution_s2,v2,random_evolution,2,random_regular,100,4,899,83,3.0149468801585937,23,83,0.27710843373493976,55,3
v2_random_evolution_s2,v2,random_evolution,2,random_regular,100,4,900,100,3.382229551479053,43,100,0.43,60,33
v2_random_evolution_s2,v2,random_evolution,2,random_regular,100,4,901,18,2.2718685126865625,11,18,0.6111111111111112,77,95
v2_random_evolution_s2,v2,random_evolution,2,random_regular,100,4,902,6,0.6931471805579453,2,6,0.3333333333333333,57,80
v2_random_evolution_s2,v2,random_evolution,2,random_regular,100,4,903,44,2.639057329601259,14,44,0.3181818181818182,10,3
v2_random_evolution_s2,v2,random_evolution,2,random_regular,100,4,904,93,3.354676769817271,38,93,0.40860215053763443,92,33
v2_random_evolution_s2,v2,random_evolution,2,random_regular,100,4,905,49,3.0149468801585937,23,49,0.46938775510204084,52,95
v2_random_evolution_s2,v2,random_evolution,2,random_regular,100,4,906,5,0.6931471805579453,2,5,0.4,16,95
v2_random_evolution_s2,v2,random_evolution,2,random_regular,100,4,907,48,2.9957322735339904,20,48,0.4166666666666667,47,3
v2_random_evolution_s2,v2,random_evolution,2,random_regular,100,4,908,230,4.166131255900034,88,230,0.3826086956521739,27,95
v2_random_evolution_s2,v2,random_evolution,2,random_regular,100,4,909,99,3.5157396511377024,35,99,0.35353535353535354,56,80
v2_random_evolution_s2,v2,random_evolution,2,random_regular,100,4,910,175,4.104647383099309,78,175,0.44571428571428573,79,33
v2_random_evolution_s2,v2,random_evolution,2,random_regular,100,4,911,71,3.135494215906149,23,71,0.323943661971831,88,33
v2_random_evolution_s2,v2,random_evolution,2,random_regular,100,4,912,177,4.056414250866708,68,177,0.384180790960452,15,3
v2_random_evolution_s2,v2,random_evolution,2,random_regular,100,4,913,13,1.6094379124291005,5,13,0.38461538461538464,78,33
v2_random_evolution_s2,v2,random_evolution,2,random_regular,100,4,914,5,-1.000088900581841e-12,1,5,0.2,43,95
v2_random_evolution_s2,v2,random_evolution,2,random_regular,100,4,915,19,2.197224577327219,9,19,0.47368421052631576,28,3
v2_random_evolution_s2,v2,random_evolution,2,random_regular,100,4,916,25,1.9459101490483133,7,25,0.28,26,89
v2_random_evolution_s2,v2,random_evolution,2,random_regular,100,4,917,132,3.82416268445183,57,132,0.4318181818181818,79,80
v2_random_evolution_s2,v2,random_evolution,2,random_regular,100,4,918,0,0.0,0,0,,3,3
v2_random_evolution_s2,v2,random_evolution,2,random_regular,100,4,919,41,2.736339051089065,18,41,0.43902439024390244,17,95
v2_random_evolution_s2,v2,random_evolution,2,random_regular,100,4,920,49,3.218875824843201,25,49,0.5102040816326531,45,89
v2_random_evolution_s2,v2,random_evolution,2,random_regular,100,4,921,11,1.9459101490483133,7,11,0.6363636363636364,43,33
v2_random_evolution_s2,v2,random_evolution,2,random_regular,100,4,922,4,1.0986122886651095,3,4,0.75,90,33
v2_random_evolution_s2,v2,random_evolution,2,random_regular,100,4,923,219,4.246131459379083,91,219,0.4155251141552511,34,95
v2_random_evolution_s2,v2,random_evolution,2,random_regular,100,4,924,43,3.120291565278284,24,43,0.5581395348837209,26,89
v2_random_evolution_s2,v2,random_evolution,2,random_regular,100,4,925,220,4.246131459378083,91,220,0.41363636363636364,44,89
v2_random_evolution_s2,v2,random_evolution,2,random_regular,100,4,926,69,3.1836729714587872,28,69,0.4057971014492754,77,80
v2_random_evolution_s2,v2,random_evolution,2,random_regular,100,4,927,263,4.350436220257096,109,263,0.4144486692015209,46,3
v2_random_evolution_s2,v2,random_evolution,2,random_regular,100,4,928,30,2.639057329601259,14,30,0.4666666666666667,97,80
v2_random_evolution_s2,v2,random_evolution,2,random_regular,100,4,929,298,4.282433685748537,107,298,0.35906040268456374,21,80
v2_random_evolution_s2,v2,random_evolution,2,random_regular,100,4,930,149,3.823096663177727,51,149,0.3422818791946309,24,33
v2_random_evolution_s2,v2,random_evolution,2,random_regular,100,4,931,22,1.5607104090364066,6,22,0.2727272727272727,66,80
v2_random_evolution_s2,v2,random_evolution,2,random_regular,100,4,932,27,2.441015278014703,14,27,0.5185185185185185,38,89
v2_random_evolution_s2,v2,random_evolution,2,random_regular,100,4,933,40,2.3992042961906157,18,40,0.45,8,95
v2_random_evolution_s2,v2,random_evolution,2,random_regular,100,4,934,135,3.856101073061301,55,135,0.4074074074074074,42,95
v2_random_evolution_s2,v2,random_evolution,2,random_regular,100,4,935,122,3.652629782939221,45,122,0.36885245901639346,31,33
v2_random_evolution_s2,v2,random_evolution,2,random_regular,100,4,936,118,3.6292239063599423,51,118,0.4322033898305085,27,3
v2_random_evolution_s2,v2,random_evolution,2,random_regular,100,4,937,84,3.2163581334868363,30,84,0.35714285714285715,15,3
v2_random_evolution_s2,v2,random_evolution,2,random_regular,100,4,938,256,4.388750281840539,119,256,0.46484375,0,89
v2_random_evolution_s2,v2,random_evolution,2,random_regular,100,4,939,53,2.7985132569262934,19,53,0.3584905660377358,58,89
v2_random_evolution_s2,v2,random_evolution,2,random_regular,100,4,940,11,1.3862943611158909,4,11,0.36363636363636365,59,95
v2_random_evolution_s2,v2,random_evolution,2,random_regular,100,4,941,164,3.858017901945229,67,164,0.40853658536585363,44,95
v2_random_evolution_s2,v2,random_evolution,2,random_regular,100,4,942,30,2.2429732264281474,14,30,0.4666666666666667,57,80
v2_random_evolution_s2,v2,random_evolution,2,random_regular,100,4,943,6,0.6931471805579453,2,6,0.3333333333333333,44,3
v2_random_evolution_s2,v2,random_evolution,2,random_regular,100,4,944,19,2.079441541671836,8,19,0.42105263157894735,66,33
v2_random_evolution_s2,v2,random_evolution,2,random_regular,100,4,945,89,3.28148609758774,40,89,0.449438202247191,78,89
v2_random_evolution_s2,v2,random_evolution,2,random_regular,100,4,946,0,0.0,0,0,,95,95
v2_random_evolution_s2,v2,random_evolution,2,random_regular,100,4,947,85,3.3478774190495706,34,85,0.4,7,95
v2_random_evolution_s2,v2,random_evolution,2,random_regular,100,4,948,119,3.871265197698588,52,119,0.4369747899159664,43,80
v2_random_evolution_s2,v2,random_evolution,2,random_regular,100,4,949,94,3.3524698782394617,36,94,0.3829787234042553,81,89
v2_random_evolution_s2,v2,random_evolution,2,random_regular,100,4,950,22,2.197224577327219,9,22,0.4090909090909091,46,95
v2_random_evolution_s2,v2,random_evolution,2,random_regular,100,4,951,204,4.149016863195,87,204,0.4264705882352941,71,3
v2_random_evolution_s2,v2,random_evolution,2,random_regular,100,4,952,61,2.8716496251169272,23,61,0.3770491803278688,69,33
v2_random_evolution_s2,v2,random_evolution,2,random_regular,100,4,953,39,2.176185661550307,15,39,0.38461538461538464,19,33
v2_random_evolution_s2,v2,random_evolution,2,random_regular,100,4,954,6,0.6931471805579453,2,6,0.3333333333333333,49,95
v2_random_evolution_s2,v2,random_evolution,2,random_regular,100,4,955,64,3.0149468801585937,23,64,0.359375,40,89
v2_random_evolution_s2,v2,random_evolution,2,random_regular,100,4,956,62,3.098139496330803,26,62,0.41935483870967744,37,80
v2_random_evolution_s2,v2,random_evolution,2,random_regular,100,4,957,52,2.8152049266019468,22,52,0.4230769230769231,66,33
v2_random_evolution_s2,v2,random_evolution,2,random_regular,100,4,958,131,3.790654493617263,50,131,0.3816793893129771,12,33
v2_random_evolution_s2,v2,random_evolution,2,random_regular,100,4,959,110,3.5756433573168964,50,110,0.45454545454545453,14,80
v2_random_evolution_s2,v2,random_evolution,2,random_regular,100,4,960,21,1.6769877743164172,9,21,0.42857142857142855,67,3
v2_random_evolution_s2,v2,random_evolution,2,random_regular,100,4,961,107,3.727905198677357,52,107,0.48598130841121495,65,89
v2_random_evolution_s2,v2,random_evolution,2,random_regular,100,4,962,2,-1.000088900581841e-12,1,2,0.5,42,89
v2_random_evolution_s2,v2,random_evolution,2,random_regular,100,4,963,20,1.791759469222055,6,20,0.3,17,3
v2_random_evolution_s2,v2,random_evolution,2,random_regular,100,4,964,104,3.4047891564212405,41,104,0.3942307692307692,13,3
v2_random_evolution_s2,v2,random_evolution,2,random_regular,100,4,965,82,2.9530375303116294,31,82,0.3780487804878049,14,3
v2_random_evolution_s2,v2,random_evolution,2,random_regular,100,4,966,80,3.404927888365862,38,80,0.475,99,95
v2_random_evolution_s2,v2,random_evolution,2,random_regular,100,4,967,85,3.379092505199735,32,85,0.3764705882352941,63,3
v2_random_evolution_s2,v2,random_evolution,2,random_regular,100,4,968,333,4.525249805309034,129,333,0.38738738738738737,57,33
v2_random_evolution_s2,v2,random_evolution,2,random_regular,100,4,969,9,1.0986122886651095,3,9,0.3333333333333333,62,89
v2_random_evolution_s2,v2,random_evolution,2,random_regular,100,4,970,161,3.827285328814521,58,161,0.36024844720496896,88,33
v2_random_evolution_s2,v2,random_evolution,2,random_regular,100,4,971,9,1.0986122886651095,3,9,0.3333333333333333,79,89
v2_random_evolution_s2,v2,random_evolution,2,random_regular,100,4,972,64,3.1931483947852626,27,64,0.421875,22,95
v2_random_evolution_s2,v2,random_evolution,2,random_regular,100,4,973,48,2.685945324654788,16,48,0.3333333333333333,51,3
v2_random_evolution_s2,v2,random_evolution,2,random_regular,100,4,974,18,1.9459101490483133,7,18,0.3888888888888889,19,80
v2_random_evolution_s2,v2,random_evolution,2,random_regular,100,4,975,38,2.751666616915516,17,38,0.4473684210526316,74,89
v2_random_evolution_s2,v2,random_evolution,2,random_regular,100,4,976,20,1.9061547465328492,8,20,0.4,31,89
v2_random_evolution_s2,v2,random_evolution,2,random_regular,100,4,977,141,3.639195445934788,61,141,0.4326241134751773,77,95
v2_random_evolution_s2,v2,random_evolution,2,random_regular,100,4,978,15,1.7478680974607577,7,15,0.4666666666666667,10,89
v2_random_evolution_s2,v2,random_evolution,2,random_regular,100,4,979,154,3.752502029103781,62,154,0.4025974025974026,88,33
v2_random_evolution_s2,v2,random_evolution,2,random_regular,100,4,980,18,2.0253262207620675,10,18,0.5555555555555556,45,3
v2_random_evolution_s2,v2,random_evolution,2,random_regular,100,4,981,1,-1.000088900581841e-12,1,1,1.0,51,89
v2_random_evolution_s2,v2,random_evolution,2,random_regular,100,4,982,17,1.9459101490483133,7,17,0.4117647058823529,22,33
v2_random_evolution_s2,v2,random_evolution,2,random_regular,100,4,983,35,2.441015278014703,14,35,0.4,69,33
v2_random_evolution_s2,v2,random_evolution,2,random_regular,100,4,984,6,0.6931471805579453,2,6,0.3333333333333333,23,3
v2_random_evolution_s2,v2,random_evolution,2,random_regular,100,4,985,32,2.2718685126865625,11,32,0.34375,43,89
v2_random_evolution_s2,v2,random_evolution,2,random_regular,100,4,986,60,3.044820482442576,26,60,0.43333333333333335,42,95
v2_random_evolution_s2,v2,random_evolution,2,random_regular,100,4,987,37,2.5649493574485365,13,37,0.35135135135135137,29,33
v2_random_evolution_s2,v2,random_evolution,2,random_regular,100,4,988,115,3.7679748778973794,49,115,0.4260869565217391,67,3
v2_random_evolution_s2,v2,random_evolution,2,random_regular,100,4,989,4,1.0986122886651095,3,4,0.75,16,3
v2_random_evolution_s2,v2,random_evolution,2,random_regular,100,4,990,10,1.791759469222055,6,10,0.6,1,95
v2_random_evolution_s2,v2,random_evolution,2,random_regular,100,4,991,306,4.474594042097352,133,306,0.434640522875817,74,33
v2_random_evolution_s2,v2,random_evolution,2,random_regular,100,4,992,108,3.415689962593033,42,108,0.3888888888888889,32,80
v2_random_evolution_s2,v2,random_evolution,2,random_regular,100,4,993,95,3.2409469796527133,34,95,0.35789473684210527,24,89
v2_random_evolution_s2,v2,random_evolution,2,random_regular,100,4,994,12,2.079441541671836,8,12,0.6666666666666666,86,89
v2_random_evolution_s2,v2,random_evolution,2,random_regular,100,4,995,110,3.7679748778973794,49,110,0.44545454545454544,8,95
v2_random_evolution_s2,v2,random_evolution,2,random_regular,100,4,996,82,3.2163581334868363,30,82,0.36585365853658536,1,33
v2_random_evolution_s2,v2,random_evolution,2,random_regular,100,4,997,91,3.4911163241998726,43,91,0.4725274725274725,50,80
v2_random_evolution_s2,v2,random_evolution,2,random_regular,100,4,998,4,0.6931471805579453,2,4,0.5,70,33
v2_random_evolution_s2,v2,random_evolution,2,random_regular,100,4,999,15,1.791759469222055,6,15,0.4,10,95
