run_id,validation_version,condition,seed,topology,n_nodes,degree,episode_idx,hitting_time,path_entropy,accepted_moves,attempted_moves,accept_rate,start_node,final_node
v2_random_evolution_s30,v2,random_evolution,30,random_regular,100,4,0,153,3.8314697935717112,60,153,0.39215686274509803,68,89
v2_random_evolution_s30,v2,random_evolution,30,random_regular,100,4,1,105,3.382325347046084,44,105,0.41904761904761906,23,96
v2_random_evolution_s30,v2,random_evolution,30,random_regular,100,4,2,4,1.0986122886651095,3,4,0.75,11,84
v2_random_evolution_s30,v2,random_evolution,30,random_regular,100,4,3,158,3.953288202372293,73,158,0.4620253164556962,32,29
v2_random_evolution_s30,v2,random_evolution,30,random_regular,100,4,4,17,1.791759469222055,6,17,0.35294117647058826,94,56
v2_random_evolution_s30,v2,random_evolution,30,random_regular,100,4,5,144,3.8453283682546777,58,144,0.4027777777777778,90,84
v2_random_evolution_s30,v2,random_evolution,30,random_regular,100,4,6,226,4.212108312819535,83,226,0.3672566371681416,73,84
v2_random_evolution_s30,v2,random_evolution,30,random_regular,100,4,7,13,2.1639556568730565,10,13,0.7692307692307693,32,84
v2_random_evolution_s30,v2,random_evolution,30,random_regular,100,4,8,73,3.2625679455231658,30,73,0.410958904109589,88,84
v2_random_evolution_s30,v2,random_evolution,30,random_regular,100,4,9,95,3.451363363856446,41,95,0.43157894736842106,50,89
v2_random_evolution_s30,v2,random_evolution,30,random_regular,100,4,10,308,4.43106736818267,110,308,0.35714285714285715,12,84
v2_random_evolution_s30,v2,random_evolution,30,random_regular,100,4,11,18,1.791759469222055,6,18,0.3333333333333333,60,84
v2_random_evolution_s30,v2,random_evolution,30,random_regular,100,4,12,395,4.775168586869247,162,395,0.41012658227848103,27,84
v2_random_evolution_s30,v2,random_evolution,30,random_regular,100,4,13,201,4.064507950090063,79,201,0.39303482587064675,58,56
v2_random_evolution_s30,v2,random_evolution,30,random_regular,100,4,14,42,2.5993019270857944,16,42,0.38095238095238093,37,96
v2_random_evolution_s30,v2,random_evolution,30,random_regular,100,4,15,6,0.6931471805579453,2,6,0.3333333333333333,41,96
v2_random_evolution_s30,v2,random_evolution,30,random_regular,100,4,16,199,3.9297174957478855,77,199,0.3869346733668342,95,84
v2_random_evolution_s30,v2,random_evolution,30,random_regular,100,4,17,11,1.791759469222055,6,11,0.5454545454545454,92,29
v2_random_evolution_s30,v2,random_evolution,30,random_regular,100,4,18,74,3.233183484354926,28,74,0.3783783783783784,51,56
v2_random_evolution_s30,v2,random_evolution,30,random_regular,100,4,19,135,3.913061841686953,59,135,0.43703703703703706,91,89
v2_random_evolution_s30,v2,random_evolution,30,random_regular,100,4,20,71,3.444813797459462,34,71,0.4788732394366197,26,56
v2_random_evolution_s30,v2,random_evolution,30,random_regular,100,4,21,26,2.302585092984045,10,26,0.38461538461538464,20,96
v2_random_evolution_s30,v2,random_evolution,30,random_regular,100,4,22,13,1.3862943611158909,4,13,0.3076923076923077,27,29
v2_random_evolution_s30,v2,random_evolution,30,random_regular,100,4,23,0,0.0,0,0,,96,96
v2_random_evolution_s30,v2,random_evolution,30,random_regular,100,4,24,104,3.446087406150576,49,104,0.47115384615384615,49,84
v2_random_evolution_s30,v2,random_evolution,30,random_regular,100,4,25,168,4.184807617995184,76,168,0.4523809523809524,54,56
v2_random_evolution_s30,v2,random_evolution,30,random_regular,100,4,26,55,2.9785084205072385,21,55,0.38181818181818183,48,89
v2_random_evolution_s30,v2,random_evolution,30,random_regular,100,4,27,2,0.6931471805579453,2,2,1.0,70,84
v2_random_evolution_s30,v2,random_evolution,30,random_regular,100,4,28,57,2.685945324654788,16,57,0.2807017543859649,76,29
v2_random_evolution_s30,v2,random_evolution,30,random_regular,100,4,29,55,2.523210952939891,15,55,0.2727272727272727,90,96
v2_random_evolution_s30,v2,random_evolution,30,random_regular,100,4,30,2,0.6931471805579453,2,2,1.0,59,84
v2_random_evolution_s30,v2,random_evolution,30,random_regular,100,4,31,57,2.8903717578781647,18,57,0.3157894736842105,40,29
v2_random_evolution_s30,v2,random_evolution,30,random_regular,100,4,32,97,3.286462961268799,33,97,0.3402061855670103,1,56
v2_random_evolution_s30,v2,random_evolution,30,random_regular,100,4,33,106,3.638648592450092,42,106,0.39622641509433965,62,96
v2_random_evolution_s30,v2,random_evolution,30,random_regular,100,4,34,98,3.5636428037030976,44,98,0.4489795918367347,91,89
v2_random_evolution_s30,v2,random_evolution,30,random_regular,100,4,35,140,3.7998417307489736,57,140,0.40714285714285714,91,84
v2_random_evolution_s30,v2,random_evolution,30,random_regular,100,4,36,59,2.7804663689216818,21,59,0.3559322033898305,9,29
v2_random_evolution_s30,v2,random_evolution,30,random_regular,100,4,37,235,4.1809275028206105,89,235,0.37872340425531914,51,84
v2_random_evolution_s30,v2,random_evolution,30,random_regular,100,4,38,14,1.9061547465328492,8,14,0.5714285714285714,76,29
v2_random_evolution_s30,v2,random_evolution,30,random_regular,100,4,39,1,-1.000088900581841e-12,1,1,1.0,18,84
v2_random_evolution_s30,v2,random_evolution,30,random_regular,100,4,40,10,1.0986122886651095,3,10,0.3,48,89
v2_random_evolution_s30,v2,random_evolution,30,random_regular,100,4,41,41,2.484906649776,12,41,0.2926829268292683,73,29
v2_random_evolution_s30,v2,random_evolution,30,random_regular,100,4,42,82,2.8428806152971333,32,82,0.3902439024390244,33,29
v2_random_evolution_s30,v2,random_evolution,30,random_regular,100,4,43,82,3.370480801334671,33,82,0.4024390243902439,47,96
v2_random_evolution_s30,v2,random_evolution,30,random_regular,100,4,44,26,2.3978952727873706,11,26,0.4230769230769231,62,29
v2_random_evolution_s30,v2,random_evolution,30,random_regular,100,4,45,60,3.151458510219029,26,60,0.43333333333333335,36,56
v2_random_evolution_s30,v2,random_evolution,30,random_regular,100,4,46,67,3.10797227595561,25,67,0.373134328358209,10,56
v2_random_evolution_s30,v2,random_evolution,30,random_regular,100,4,47,31,2.302585092984045,10,31,0.3225806451612903,22,96
v2_random_evolution_s30,v2,random_evolution,30,random_regular,100,4,48,105,3.489430251750723,40,105,0.38095238095238093,47,96
v2_random_evolution_s30,v2,random_evolution,30,random_regular,100,4,49,58,2.8215638078423653,21,58,0.3620689655172414,8,29
v2_random_evolution_s30,v2,random_evolution,30,random_regular,100,4,50,15,1.791759469222055,6,15,0.4,22,56
v2_random_evolution_s30,v2,random_evolution,30,random_regular,100,4,51,46,2.813355404483615,18,46,0.391304347826087,8,56
v2_random_evolution_s30,v2,random_evolution,30,random_regular,100,4,52,24,2.484906649776,12,24,0.5,31,84
v2_random_evolution_s30,v2,random_evolution,30,random_regular,100,4,53,110,3.567948157015677,52,110,0.4727272727272727,40,29
v2_random_evolution_s30,v2,random_evolution,30,random_regular,100,4,54,434,4.667954301597359,169,434,0.38940092165898615,71,96
v2_random_evolution_s30,v2,random_evolution,30,random_regular,100,4,55,6,1.0986122886651095,3,6,0.5,52,84
v2_random_evolution_s30,v2,random_evolution,30,random_regular,100,4,56,24,2.019814992484946,11,24,0.4583333333333333,5,56
v2_random_evolution_s30,v2,random_evolution,30,random_regular,100,4,57,26,2.484906649776,12,26,0.46153846153846156,0,89
v2_random_evolution_s30,v2,random_evolution,30,random_regular,100,4,58,137,3.9600548708754566,59,137,0.4306569343065693,19,29
v2_random_evolution_s30,v2,random_evolution,30,random_regular,100,4,59,4,0.6931471805579453,2,4,0.5,4,29
v2_random_evolution_s30,v2,random_evolution,30,random_regular,100,4,60,51,2.692310994125785,20,51,0.39215686274509803,21,84
v2_random_evolution_s30,v2,random_evolution,30,random_regular,100,4,61,33,2.479122436495393,19,33,0.5757575757575758,80,56
v2_random_evolution_s30,v2,random_evolution,30,random_regular,100,4,62,38,2.5649493574485365,13,38,0.34210526315789475,19,84
v2_random_evolution_s30,v2,random_evolution,30,random_regular,100,4,63,0,0.0,0,0,,96,96
v2_random_evolution_s30,v2,random_evolution,30,random_regular,100,4,64,45,3.135494215906149,23,45,0.5111111111111111,17,84
v2_random_evolution_s30,v2,random_evolution,30,random_regular,100,4,65,320,4.539339910911271,141,320,0.440625,76,89
v2_random_evolution_s30,v2,random_evolution,30,random_regular,100,4,66,44,2.540036303807981,14,44,0.3181818181818182,50,84
v2_random_evolution_s30,v2,random_evolution,30,random_regular,100,4,67,143,3.478346339409297,55,143,0.38461538461538464,69,89
v2_random_evolution_s30,v2,random_evolution,30,random_regular,100,4,68,63,3.089055299829874,30,63,0.47619047619047616,20,84
v2_random_evolution_s30,v2,random_evolution,30,random_regular,100,4,69,16,2.079441541671836,8,16,0.5,70,96
v2_random_evolution_s30,v2,random_evolution,30,random_regular,100,4,70,77,3.4502855905397403,39,77,0.5064935064935064,79,89
v2_random_evolution_s30,v2,random_evolution,30,random_regular,100,4,71,79,3.2625679455231658,30,79,0.379746835443038,7,56
v2_random_evolution_s30,v2,random_evolution,30,random_regular,100,4,72,22,1.9459101490483133,7,22,0.3181818181818182,9,56
v2_random_evolution_s30,v2,random_evolution,30,random_regular,100,4,73,0,0.0,0,0,,89,89
v2_random_evolution_s30,v2,random_evolution,30,random_regular,100,4,74,17,2.2718685126865625,11,17,0.6470588235294118,42,56
v2_random_evolution_s30,v2,random_evolution,30,random_regular,100,4,75,76,2.8647385121715674,26,76,0.34210526315789475,28,56
v2_random_evolution_s30,v2,random_evolution,30,random_regular,100,4,76,133,3.833703685298017,59,133,0.44360902255639095,35,29
v2_random_evolution_s30,v2,random_evolution,30,random_regular,100,4,77,16,2.079441541671836,8,16,0.5,21,29
v2_random_evolution_s30,v2,random_evolution,30,random_regular,100,4,78,64,3.4011973816321546,30,64,0.46875,24,84
v2_random_evolution_s30,v2,random_evolution,30,random_regular,100,4,79,0,0.0,0,0,,89,89
v2_random_evolution_s30,v2,random_evolution,30,random_regular,100,4,80,40,2.369382119683676,12,40,0.3,31,29
v2_random_evolution_s30,v2,random_evolution,30,random_regular,100,4,81,2,-1.000088900581841e-12,1,2,0.5,18,84
v2_random_evolution_s30,v2,random_evolution,30,random_regular,100,4,82,122,3.741294721497911,53,122,0.4344262295081967,28,89
v2_random_evolution_s30,v2,random_evolution,30,random_regular,100,4,83,226,4.190708354427697,95,226,0.42035398230088494,86,84
v2_random_evolution_s30,v2,random_evolution,30,random_regular,100,4,84,329,4.509752296911885,142,329,0.4316109422492401,26,84
v2_random_evolution_s30,v2,random_evolution,30,random_regular,100,4,85,7,1.6094379124291005,5,7,0.7142857142857143,43,56
v2_random_evolution_s30,v2,random_evolution,30,random_regular,100,4,86,12,2.079441541671836,8,12,0.6666666666666666,22,96
v2_random_evolution_s30,v2,random_evolution,30,random_regular,100,4,87,102,3.4175513062691563,41,102,0.4019607843137255,49,96
v2_random_evolution_s30,v2,random_evolution,30,random_regular,100,4,88,28,2.4583113296710835,13,28,0.4642857142857143,54,56
v2_random_evolution_s30,v2,random_evolution,30,random_regular,100,4,89,62,3.120291565278284,24,62,0.3870967741935484,76,29
v2_random_evolution_s30,v2,random_evolution,30,random_regular,100,4,90,29,1.9061547465328492,8,29,0.27586206896551724,74,56
v2_random_evolution_s30,v2,random_evolution,30,random_regular,100,4,91,78,3.4040404338981127,34,78,0.4358974358974359,16,96
v2_random_evolution_s30,v2,random_evolution,30,random_regular,100,4,92,0,0.0,0,0,,89,89
v2_random_evolution_s30,v2,random_evolution,30,random_regular,100,4,93,177,4.2780545575158895,80,177,0.4519774011299435,0,84
v2_random_evolution_s30,v2,random_evolution,30,random_regular,100,4,94,81,3.389268031515795,31,81,0.38271604938271603,21,84
v2_random_evolution_s30,v2,random_evolution,30,random_regular,100,4,95,21,2.0431918705371204,9,21,0.42857142857142855,10,89
v2_random_evolution_s30,v2,random_evolution,30,random_regular,100,4,96,69,3.019736127116995,27,69,0.391304347826087,69,84
v2_random_evolution_s30,v2,random_evolution,30,random_regular,100,4,97,44,2.8332133440392155,17,44,0.38636363636363635,31,56
v2_random_evolution_s30,v2,random_evolution,30,random_regular,100,4,98,178,4.097994309731456,74,178,0.4157303370786517,44,56
v2_random_evolution_s30,v2,random_evolution,30,random_regular,100,4,99,121,3.808622205392716,56,121,0.4628099173553719,19,84
v2_random_evolution_s30,v2,random_evolution,30,random_regular,100,4,100,23,2.1639556568730565,10,23,0.43478260869565216,15,89
v2_random_evolution_s30,v2,random_evolution,30,random_regular,100,4,101,32,2.302585092984045,10,32,0.3125,93,96
v2_random_evolution_s30,v2,random_evolution,30,random_regular,100,4,102,246,4.32102296610312,108,246,0.43902439024390244,71,84
v2_random_evolution_s30,v2,random_evolution,30,random_regular,100,4,103,15,1.3862943611158909,4,15,0.26666666666666666,31,56
v2_random_evolution_s30,v2,random_evolution,30,random_regular,100,4,104,29,2.3978952727873706,11,29,0.3793103448275862,39,84
v2_random_evolution_s30,v2,random_evolution,30,random_regular,100,4,105,19,1.791759469222055,6,19,0.3157894736842105,80,56
v2_random_evolution_s30,v2,random_evolution,30,random_regular,100,4,106,15,1.791759469222055,6,15,0.4,25,84
v2_random_evolution_s30,v2,random_evolution,30,random_regular,100,4,107,115,3.5065025850265608,36,115,0.3130434782608696,40,84
v2_random_evolution_s30,v2,random_evolution,30,random_regular,100,4,108,90,3.385458174669731,40,90,0.4444444444444444,12,89
v2_random_evolution_s30,v2,random_evolution,30,random_regular,100,4,109,34,2.4260151319478083,16,34,0.47058823529411764,45,29
v2_random_evolution_s30,v2,random_evolution,30,random_regular,100,4,110,10,1.6094379124291005,5,10,0.5,65,89
v2_random_evolution_s30,v2,random_evolution,30,random_regular,100,4,111,20,2.302585092984045,10,20,0.5,7,29
v2_random_evolution_s30,v2,random_evolution,30,random_regular,100,4,112,146,3.951790904646536,61,146,0.4178082191780822,44,56
v2_random_evolution_s30,v2,random_evolution,30,random_regular,100,4,113,157,3.8895653270927,59,157,0.37579617834394907,30,89
v2_random_evolution_s30,v2,random_evolution,30,random_regular,100,4,114,3,0.6931471805579453,2,3,0.6666666666666666,53,84
v2_random_evolution_s30,v2,random_evolution,30,random_regular,100,4,115,22,2.197224577327219,9,22,0.4090909090909091,27,84
v2_random_evolution_s30,v2,random_evolution,30,random_regular,100,4,116,7,0.6931471805579453,2,7,0.2857142857142857,2,84
v2_random_evolution_s30,v2,random_evolution,30,random_regular,100,4,117,94,3.387906343139484,39,94,0.4148936170212766,82,84
v2_random_evolution_s30,v2,random_evolution,30,random_regular,100,4,118,422,4.662053944300766,183,422,0.43364928909952605,17,96
v2_random_evolution_s30,v2,random_evolution,30,random_regular,100,4,119,73,2.966826759871555,29,73,0.3972602739726027,71,56
v2_random_evolution_s30,v2,random_evolution,30,random_regular,100,4,120,36,2.4583113296710835,13,36,0.3611111111111111,87,29
v2_random_evolution_s30,v2,random_evolution,30,random_regular,100,4,121,92,3.3445488585774434,31,92,0.33695652173913043,74,89
v2_random_evolution_s30,v2,random_evolution,30,random_regular,100,4,122,108,3.414739581281256,39,108,0.3611111111111111,88,96
v2_random_evolution_s30,v2,random_evolution,30,random_regular,100,4,123,79,3.286462961268799,33,79,0.4177215189873418,27,84
v2_random_evolution_s30,v2,random_evolution,30,random_regular,100,4,124,59,3.0904599235931967,27,59,0.4576271186440678,73,84
v2_random_evolution_s30,v2,random_evolution,30,random_regular,100,4,125,99,3.2663306919268704,34,99,0.3434343434343434,22,84
v2_random_evolution_s30,v2,random_evolution,30,random_regular,100,4,126,47,2.871476118036867,19,47,0.40425531914893614,41,84
v2_random_evolution_s30,v2,random_evolution,30,random_regular,100,4,127,198,4.09168655879179,80,198,0.40404040404040403,31,84
v2_random_evolution_s30,v2,random_evolution,30,random_regular,100,4,128,36,2.282374376148249,17,36,0.4722222222222222,36,56
v2_random_evolution_s30,v2,random_evolution,30,random_regular,100,4,129,138,3.7711617482614193,52,138,0.37681159420289856,9,96
v2_random_evolution_s30,v2,random_evolution,30,random_regular,100,4,130,6,1.3862943611158909,4,6,0.6666666666666666,86,89
v2_random_evolution_s30,v2,random_evolution,30,random_regular,100,4,131,23,2.1383972463387244,13,23,0.5652173913043478,69,89
v2_random_evolution_s30,v2,random_evolution,30,random_regular,100,4,132,87,3.5734504974428223,37,87,0.42528735632183906,82,96
v2_random_evolution_s30,v2,random_evolution,30,random_regular,100,4,133,73,3.2625679455231658,30,73,0.410958904109589,55,89
v2_random_evolution_s30,v2,random_evolution,30,random_regular,100,4,134,199,4.172077257533722,88,199,0.44221105527638194,99,84
v2_random_evolution_s30,v2,random_evolution,30,random_regular,100,4,135,180,3.760763171378148,69,180,0.38333333333333336,50,84
v2_random_evolution_s30,v2,random_evolution,30,random_regular,100,4,136,11,1.6094379124291005,5,11,0.45454545454545453,3,89
v2_random_evolution_s30,v2,random_evolution,30,random_regular,100,4,137,33,2.7080502010872096,15,33,0.45454545454545453,4,96
v2_random_evolution_s30,v2,random_evolution,30,random_regular,100,4,138,346,4.407038658246795,129,346,0.37283236994219654,12,96
v2_random_evolution_s30,v2,random_evolution,30,random_regular,100,4,139,51,3.0910424533363146,22,51,0.43137254901960786,49,56
v2_random_evolution_s30,v2,random_evolution,30,random_regular,100,4,140,10,1.3862943611158909,4,10,0.4,78,89
v2_random_evolution_s30,v2,random_evolution,30,random_regular,100,4,141,56,3.2580965379954825,26,56,0.4642857142857143,42,56
v2_random_evolution_s30,v2,random_evolution,30,random_regular,100,4,142,0,0.0,0,0,,56,56
v2_random_evolution_s30,v2,random_evolution,30,random_regular,100,4,143,42,2.9650156932365066,22,42,0.5238095238095238,88,56
v2_random_evolution_s30,v2,random_evolution,30,random_regular,100,4,144,89,3.738230894633928,46,89,0.5168539325842697,90,29
v2_random_evolution_s30,v2,random_evolution,30,random_regular,100,4,145,33,2.430791328866232,15,33,0.45454545454545453,81,84
v2_random_evolution_s30,v2,random_evolution,30,random_regular,100,4,146,28,2.197224577327219,9,28,0.32142857142857145,51,56
v2_random_evolution_s30,v2,random_evolution,30,random_regular,100,4,147,83,3.322493706775413,34,83,0.40963855421686746,39,96
v2_random_evolution_s30,v2,random_evolution,30,random_regular,100,4,148,14,1.3862943611158909,4,14,0.2857142857142857,33,29
v2_random_evolution_s30,v2,random_evolution,30,random_regular,100,4,149,71,3.389268031515795,31,71,0.43661971830985913,48,56
v2_random_evolution_s30,v2,random_evolution,30,random_regular,100,4,150,5,0.6931471805579453,2,5,0.4,70,84
v2_random_evolution_s30,v2,random_evolution,30,random_regular,100,4,151,2,0.6931471805579453,2,2,1.0,2,84
v2_random_evolution_s30,v2,random_evolution,30,random_regular,100,4,152,164,3.73284023935152,57,164,0.3475609756097561,15,84
v2_random_evolution_s30,v2,random_evolution,30,random_regular,100,4,153,56,2.9444389791474395,19,56,0.3392857142857143,59,84
v2_random_evolution_s30,v2,random_evolution,30,random_regular,100,4,154,89,3.414739581281256,39,89,0.43820224719101125,10,89
v2_random_evolution_s30,v2,random_evolution,30,random_regular,100,4,155,136,3.6988543332267927,53,136,0.3897058823529412,8,84
v2_random_evolution_s30,v2,random_evolution,30,random_regular,100,4,156,137,3.860623457522692,54,137,0.39416058394160586,34,89
v2_random_evolution_s30,v2,random_evolution,30,random_regular,100,4,157,149,4.019095635090458,72,149,0.48322147651006714,38,96
v2_random_evolution_s30,v2,random_evolution,30,random_regular,100,4,158,202,4.141887500508844,72,202,0.3564356435643564,43,56
v2_random_evolution_s30,v2,random_evolution,30,random_regular,100,4,159,2,-1.000088900581841e-12,1,2,0.5,45,56
v2_random_evolution_s30,v2,random_evolution,30,random_regular,100,4,160,20,2.302585092984045,10,20,0.5,11,56
v2_random_evolution_s30,v2,random_evolution,30,random_regular,100,4,161,46,2.685945324654788,16,46,0.34782608695652173,43,96
v2_random_evolution_s30,v2,random_evolution,30,random_regular,100,4,162,65,3.1418041591892294,27,65,0.4153846153846154,55,84
v2_random_evolution_s30,v2,random_evolution,30,random_regular,100,4,163,374,4.65138356480651,159,374,0.42513368983957217,73,96
v2_random_evolution_s30,v2,random_evolution,30,random_regular,100,4,164,97,3.337935207579336,36,97,0.3711340206185567,81,89
v2_random_evolution_s30,v2,random_evolution,30,random_regular,100,4,165,38,2.8903717578781647,18,38,0.47368421052631576,77,56
v2_random_evolution_s30,v2,random_evolution,30,random_regular,100,4,166,14,1.9061547465328492,8,14,0.5714285714285714,15,56
v2_random_evolution_s30,v2,random_evolution,30,random_regular,100,4,167,12,1.9459101490483133,7,12,0.5833333333333334,60,89
v2_random_evolution_s30,v2,random_evolution,30,random_regular,100,4,168,92,3.550250017965948,40,92,0.43478260869565216,68,56
v2_random_evolution_s30,v2,random_evolution,30,random_regular,100,4,169,15,1.3862943611158909,4,15,0.26666666666666666,59,89
v2_random_evolution_s30,v2,random_evolution,30,random_regular,100,4,170,21,2.302585092984045,10,21,0.47619047619047616,21,56
v2_random_evolution_s30,v2,random_evolution,30,random_regular,100,4,171,18,2.2718685126865625,11,18,0.6111111111111112,7,84
v2_random_evolution_s30,v2,random_evolution,30,random_regular,100,4,172,91,3.446277940884956,40,91,0.43956043956043955,83,56
v2_random_evolution_s30,v2,random_evolution,30,random_regular,100,4,173,163,3.903538520296335,62,163,0.3803680981595092,78,89
v2_random_evolution_s30,v2,random_evolution,30,random_regular,100,4,174,49,2.724906399111217,26,49,0.5306122448979592,37,56
v2_random_evolution_s30,v2,random_evolution,30,random_regular,100,4,175,528,4.849932580728089,192,528,0.36363636363636365,61,29
v2_random_evolution_s30,v2,random_evolution,30,random_regular,100,4,176,1,-1.000088900581841e-12,1,1,1.0,51,89
v2_random_evolution_s30,v2,random_evolution,30,random_regular,100,4,177,124,3.594533950252784,55,124,0.4435483870967742,99,29
v2_random_evolution_s30,v2,random_evolution,30,random_regular,100,4,178,263,4.169005170088423,107,263,0.4068441064638783,46,96
v2_random_evolution_s30,v2,random_evolution,30,random_regular,100,4,179,50,3.0752205480323718,23,50,0.46,8,96
v2_random_evolution_s30,v2,random_evolution,30,random_regular,100,4,180,144,3.75250202910378,62,144,0.4305555555555556,65,29
v2_random_evolution_s30,v2,random_evolution,30,random_regular,100,4,181,1,-1.000088900581841e-12,1,1,1.0,52,84
v2_random_evolution_s30,v2,random_evolution,30,random_regular,100,4,182,16,1.3862943611158909,4,16,0.25,54,56
v2_random_evolution_s30,v2,random_evolution,30,random_regular,100,4,183,104,3.801119456492554,50,104,0.4807692307692308,67,56
v2_random_evolution_s30,v2,random_evolution,30,random_regular,100,4,184,69,3.233183484354926,28,69,0.4057971014492754,90,84
v2_random_evolution_s30,v2,random_evolution,30,random_regular,100,4,185,33,2.588573162668117,17,33,0.5151515151515151,44,96
v2_random_evolution_s30,v2,random_evolution,30,random_regular,100,4,186,3,-1.000088900581841e-12,1,3,0.3333333333333333,16,56
v2_random_evolution_s30,v2,random_evolution,30,random_regular,100,4,187,17,1.5498260458732018,7,17,0.4117647058823529,90,29
v2_random_evolution_s30,v2,random_evolution,30,random_regular,100,4,188,133,3.8102071707037646,59,133,0.44360902255639095,24,56
v2_random_evolution_s30,v2,random_evolution,30,random_regular,100,4,189,89,3.202445121202928,33,89,0.3707865168539326,77,56
v2_random_evolution_s30,v2,random_evolution,30,random_regular,100,4,190,259,4.488040109987108,113,259,0.4362934362934363,65,89
v2_random_evolution_s30,v2,random_evolution,30,random_regular,100,4,191,8,1.0986122886651095,3,8,0.375,79,89
v2_random_evolution_s30,v2,random_evolution,30,random_regular,100,4,192,217,4.199727103786594,81,217,0.37327188940092165,99,84
v2_random_evolution_s30,v2,random_evolution,30,random_regular,100,4,193,52,3.062529300232621,24,52,0.46153846153846156,31,84
v2_random_evolution_s30,v2,random_evolution,30,random_regular,100,4,194,127,4.011106691942162,63,127,0.49606299212598426,93,56
v2_random_evolution_s30,v2,random_evolution,30,random_regular,100,4,195,7,1.6094379124291005,5,7,0.7142857142857143,4,89
v2_random_evolution_s30,v2,random_evolution,30,random_regular,100,4,196,9,1.3862943611158909,4,9,0.4444444444444444,78,96
v2_random_evolution_s30,v2,random_evolution,30,random_regular,100,4,197,92,3.4761312408209912,35,92,0.3804347826086957,8,96
v2_random_evolution_s30,v2,random_evolution,30,random_regular,100,4,198,12,1.7328679513938632,8,12,0.6666666666666666,20,84
v2_random_evolution_s30,v2,random_evolution,30,random_regular,100,4,199,31,2.1458417525857545,11,31,0.3548387096774194,18,84
v2_random_evolution_s30,v2,random_evolution,30,random_regular,100,4,200,0,0.0,0,0,,96,96
v2_random_evolution_s30,v2,random_evolution,30,random_regular,100,4,201,57,3.170148321450507,30,57,0.5263157894736842,80,56
v2_random_evolution_s30,v2,random_evolution,30,random_regular,100,4,202,70,3.363267070336762,34,70,0.4857142857142857,43,89
v2_random_evolution_s30,v2,random_evolution,30,random_regular,100,4,203,166,4.134556499447594,76,166,0.4578313253012048,69,29
v2_random_evolution_s30,v2,random_evolution,30,random_regular,100,4,204,167,4.008851331988533,71,167,0.4251497005988024,94,84
v2_random_evolution_s30,v2,random_evolution,30,random_regular,100,4,205,39,2.772588722223781,16,39,0.41025641025641024,65,29
v2_random_evolution_s30,v2,random_evolution,30,random_regular,100,4,206,104,3.726795348248236,48,104,0.46153846153846156,72,29
v2_random_evolution_s30,v2,random_evolution,30,random_regular,100,4,207,13,1.9459101490483133,7,13,0.5384615384615384,79,84
v2_random_evolution_s30,v2,random_evolution,30,random_regular,100,4,208,215,4.157380340870037,96,215,0.44651162790697674,19,29
v2_random_evolution_s30,v2,random_evolution,30,random_regular,100,4,209,54,2.540036303807981,14,54,0.25925925925925924,49,56
v2_random_evolution_s30,v2,random_evolution,30,random_regular,100,4,210,46,3.0910424533363146,22,46,0.4782608695652174,35,56
v2_random_evolution_s30,v2,random_evolution,30,random_regular,100,4,211,5,1.0986122886651095,3,5,0.6,60,96
v2_random_evolution_s30,v2,random_evolution,30,random_regular,100,4,212,85,3.3111785912920046,37,85,0.43529411764705883,69,89
v2_random_evolution_s30,v2,random_evolution,30,random_regular,100,4,213,100,3.560176286118655,42,100,0.42,46,29
v2_random_evolution_s30,v2,random_evolution,30,random_regular,100,4,214,21,2.639057329601259,14,21,0.6666666666666666,77,29
v2_random_evolution_s30,v2,random_evolution,30,random_regular,100,4,215,39,2.751666616915516,17,39,0.4358974358974359,49,96
v2_random_evolution_s30,v2,random_evolution,30,random_regular,100,4,216,55,2.588573162668117,17,55,0.3090909090909091,46,89
v2_random_evolution_s30,v2,random_evolution,30,random_regular,100,4,217,14,1.0986122886651095,3,14,0.21428571428571427,52,84
v2_random_evolution_s30,v2,random_evolution,30,random_regular,100,4,218,20,2.3978952727873706,11,20,0.55,77,56
v2_random_evolution_s30,v2,random_evolution,30,random_regular,100,4,219,66,3.0752205480323718,23,66,0.3484848484848485,75,84
v2_random_evolution_s30,v2,random_evolution,30,random_regular,100,4,220,125,3.745476916302901,59,125,0.472,55,96
v2_random_evolution_s30,v2,random_evolution,30,random_regular,100,4,221,22,2.197224577327219,9,22,0.4090909090909091,62,56
v2_random_evolution_s30,v2,random_evolution,30,random_regular,100,4,222,5,1.3862943611158909,4,5,0.8,94,89
v2_random_evolution_s30,v2,random_evolution,30,random_regular,100,4,223,157,3.773393569271156,50,157,0.3184713375796178,68,96
v2_random_evolution_s30,v2,random_evolution,30,random_regular,100,4,224,0,0.0,0,0,,29,29
v2_random_evolution_s30,v2,random_evolution,30,random_regular,100,4,225,220,4.221777333600579,89,220,0.40454545454545454,25,89
v2_random_evolution_s30,v2,random_evolution,30,random_regular,100,4,226,58,2.894399544411038,23,58,0.39655172413793105,32,84
v2_random_evolution_s30,v2,random_evolution,30,random_regular,100,4,227,4,1.0986122886651095,3,4,0.75,45,56
v2_random_evolution_s30,v2,random_evolution,30,random_regular,100,4,228,26,2.4583113296710835,13,26,0.5,73,96
v2_random_evolution_s30,v2,random_evolution,30,random_regular,100,4,229,435,4.77411449488404,168,435,0.38620689655172413,66,56
v2_random_evolution_s30,v2,random_evolution,30,random_regular,100,4,230,11,1.6094379124291005,5,11,0.45454545454545453,2,56
v2_random_evolution_s30,v2,random_evolution,30,random_regular,100,4,231,6,1.0986122886651095,3,6,0.5,3,29
v2_random_evolution_s30,v2,random_evolution,30,random_regular,100,4,232,25,1.8891591637470213,9,25,0.36,74,84
v2_random_evolution_s30,v2,random_evolution,30,random_regular,100,4,233,323,4.498807868743826,124,323,0.38390092879256965,40,84
v2_random_evolution_s30,v2,random_evolution,30,random_regular,100,4,234,33,2.772588722223781,16,33,0.48484848484848486,64,96
v2_random_evolution_s30,v2,random_evolution,30,random_regular,100,4,235,110,3.5359830822784195,37,110,0.33636363636363636,80,29
v2_random_evolution_s30,v2,random_evolution,30,random_regular,100,4,236,126,3.943213066224167,61,126,0.48412698412698413,40,89
v2_random_evolution_s30,v2,random_evolution,30,random_regular,100,4,237,181,4.162640073032995,75,181,0.4143646408839779,54,29
v2_random_evolution_s30,v2,random_evolution,30,random_regular,100,4,238,64,2.918057526059794,26,64,0.40625,5,29
v2_random_evolution_s30,v2,random_evolution,30,random_regular,100,4,239,26,2.5993019270857944,16,26,0.6153846153846154,43,56
v2_random_evolution_s30,v2,random_evolution,30,random_regular,100,4,240,270,4.640826858778546,129,270,0.4777777777777778,10,96
v2_random_evolution_s30,v2,random_evolution,30,random_regular,100,4,241,54,2.9957322735339904,20,54,0.37037037037037035,30,96
v2_random_evolution_s30,v2,random_evolution,30,random_regular,100,4,242,34,2.5649493574485365,13,34,0.38235294117647056,78,89
v2_random_evolution_s30,v2,random_evolution,30,random_regular,100,4,243,7,1.6094379124291005,5,7,0.7142857142857143,9,29
v2_random_evolution_s30,v2,random_evolution,30,random_regular,100,4,244,44,2.7080502010872096,15,44,0.3409090909090909,43,89
v2_random_evolution_s30,v2,random_evolution,30,random_regular,100,4,245,120,3.409438995061846,37,120,0.30833333333333335,53,29
v2_random_evolution_s30,v2,random_evolution,30,random_regular,100,4,246,27,2.302585092984045,10,27,0.37037037037037035,49,29
v2_random_evolution_s30,v2,random_evolution,30,random_regular,100,4,247,64,3.302747652589445,35,64,0.546875,40,29
v2_random_evolution_s30,v2,random_evolution,30,random_regular,100,4,248,9,1.3862943611158909,4,9,0.4444444444444444,86,89
v2_random_evolution_s30,v2,random_evolution,30,random_regular,100,4,249,132,3.708094060697539,46,132,0.3484848484848485,36,84
v2_random_evolution_s30,v2,random_evolution,30,random_regular,100,4,250,14,2.302585092984045,10,14,0.7142857142857143,25,84
v2_random_evolution_s30,v2,random_evolution,30,random_regular,100,4,251,47,3.044522437702424,21,47,0.44680851063829785,50,84
v2_random_evolution_s30,v2,random_evolution,30,random_regular,100,4,252,6,1.0986122886651095,3,6,0.5,42,56
v2_random_evolution_s30,v2,random_evolution,30,random_regular,100,4,253,23,2.3516733018936304,13,23,0.5652173913043478,47,89
v2_random_evolution_s30,v2,random_evolution,30,random_regular,100,4,254,165,3.955715126056111,60,165,0.36363636363636365,58,84
v2_random_evolution_s30,v2,random_evolution,30,random_regular,100,4,255,36,2.5241676616594617,18,36,0.5,39,96
v2_random_evolution_s30,v2,random_evolution,30,random_regular,100,4,256,19,1.791759469222055,6,19,0.3157894736842105,23,29
v2_random_evolution_s30,v2,random_evolution,30,random_regular,100,4,257,176,3.9926865996384624,66,176,0.375,65,56
v2_random_evolution_s30,v2,random_evolution,30,random_regular,100,4,258,4,0.6931471805579453,2,4,0.5,63,56
v2_random_evolution_s30,v2,random_evolution,30,random_regular,100,4,259,41,2.751666616915516,17,41,0.4146341463414634,39,29
v2_random_evolution_s30,v2,random_evolution,30,random_regular,100,4,260,111,3.5953789566597325,51,111,0.4594594594594595,9,84
v2_random_evolution_s30,v2,random_evolution,30,random_regular,100,4,261,157,3.600639628118684,53,157,0.3375796178343949,73,29
v2_random_evolution_s30,v2,random_evolution,30,random_regular,100,4,262,37,2.5649493574485365,13,37,0.35135135135135137,88,56
v2_random_evolution_s30,v2,random_evolution,30,random_regular,100,4,263,18,2.0431918705371204,9,18,0.5,92,56
v2_random_evolution_s30,v2,random_evolution,30,random_regular,100,4,264,7,1.0986122886651095,3,7,0.42857142857142855,37,56
v2_random_evolution_s30,v2,random_evolution,30,random_regular,100,4,265,54,2.9650156932365066,22,54,0.4074074074074074,57,89
v2_random_evolution_s30,v2,random_evolution,30,random_regular,100,4,266,0,0.0,0,0,,56,56
v2_random_evolution_s30,v2,random_evolution,30,random_regular,100,4,267,32,2.4583113296710835,13,32,0.40625,78,84
v2_random_evolution_s30,v2,random_evolution,30,random_regular,100,4,268,99,3.4294862316330117,36,99,0.36363636363636365,0,84
v2_random_evolution_s30,v2,random_evolution,30,random_regular,100,4,269,68,2.704781470505888,26,68,0.38235294117647056,21,56
v2_random_evolution_s30,v2,random_evolution,30,random_regular,100,4,270,92,3.6401519506812425,48,92,0.5217391304347826,25,84
v2_random_evolution_s30,v2,random_evolution,30,random_regular,100,4,271,8,0.6931471805579453,2,8,0.25,7,96
v2_random_evolution_s30,v2,random_evolution,30,random_regular,100,4,272,34,2.639057329601259,14,34,0.4117647058823529,12,84
v2_random_evolution_s30,v2,random_evolution,30,random_regular,100,4,273,108,3.626656183752001,44,108,0.4074074074074074,20,96
v2_random_evolution_s30,v2,random_evolution,30,random_regular,100,4,274,99,3.467994408329786,36,99,0.36363636363636365,37,84
v2_random_evolution_s30,v2,random_evolution,30,random_regular,100,4,275,91,3.414468955225028,43,91,0.4725274725274725,62,96
v2_random_evolution_s30,v2,random_evolution,30,random_regular,100,4,276,85,3.510699721139568,41,85,0.4823529411764706,49,96
v2_random_evolution_s30,v2,random_evolution,30,random_regular,100,4,277,9,1.3862943611158909,4,9,0.4444444444444444,47,96
v2_random_evolution_s30,v2,random_evolution,30,random_regular,100,4,278,104,3.6101955050538983,45,104,0.4326923076923077,74,89
v2_random_evolution_s30,v2,random_evolution,30,random_regular,100,4,279,41,2.670119889791816,17,41,0.4146341463414634,36,56
v2_random_evolution_s30,v2,random_evolution,30,random_regular,100,4,280,279,4.603553212238763,130,279,0.4659498207885305,74,84
v2_random_evolution_s30,v2,random_evolution,30,random_regular,100,4,281,129,3.7739173236900583,54,129,0.4186046511627907,18,96
v2_random_evolution_s30,v2,random_evolution,30,random_regular,100,4,282,63,3.2663306919268704,34,63,0.5396825396825397,25,56
v2_random_evolution_s30,v2,random_evolution,30,random_regular,100,4,283,15,1.9061547465328492,8,15,0.5333333333333333,86,96
v2_random_evolution_s30,v2,random_evolution,30,random_regular,100,4,284,1,-1.000088900581841e-12,1,1,1.0,62,29
v2_random_evolution_s30,v2,random_evolution,30,random_regular,100,4,285,3,-1.000088900581841e-12,1,3,0.3333333333333333,45,56
v2_random_evolution_s30,v2,random_evolution,30,random_regular,100,4,286,39,2.6491586832590177,20,39,0.5128205128205128,87,96
v2_random_evolution_s30,v2,random_evolution,30,random_regular,100,4,287,24,2.079441541671836,8,24,0.3333333333333333,87,84
v2_random_evolution_s30,v2,random_evolution,30,random_regular,100,4,288,85,3.2864629612688,33,85,0.38823529411764707,76,89
v2_random_evolution_s30,v2,random_evolution,30,random_regular,100,4,289,19,2.7080502010872096,15,19,0.7894736842105263,70,96
v2_random_evolution_s30,v2,random_evolution,30,random_regular,100,4,290,32,2.588573162668117,17,32,0.53125,21,96
v2_random_evolution_s30,v2,random_evolution,30,random_regular,100,4,291,65,3.0280290732864104,22,65,0.3384615384615385,1,29
v2_random_evolution_s30,v2,random_evolution,30,random_regular,100,4,292,23,2.3978952727873706,11,23,0.4782608695652174,58,89
v2_random_evolution_s30,v2,random_evolution,30,random_regular,100,4,293,37,2.393312122962524,16,37,0.43243243243243246,39,56
v2_random_evolution_s30,v2,random_evolution,30,random_regular,100,4,294,6,1.3862943611158909,4,6,0.6666666666666666,0,96
v2_random_evolution_s30,v2,random_evolution,30,random_regular,100,4,295,25,2.1639556568730565,10,25,0.4,60,29
v2_random_evolution_s30,v2,random_evolution,30,random_regular,100,4,296,184,4.083852468008089,74,184,0.40217391304347827,74,96
v2_random_evolution_s30,v2,random_evolution,30,random_regular,100,4,297,140,3.546324393309904,58,140,0.4142857142857143,67,89
v2_random_evolution_s30,v2,random_evolution,30,random_regular,100,4,298,252,4.300295288545671,95,252,0.376984126984127,34,89
v2_random_evolution_s30,v2,random_evolution,30,random_regular,100,4,299,42,2.912494403312053,21,42,0.5,23,96
v2_random_evolution_s30,v2,random_evolution,30,random_regular,100,4,300,121,3.823096663177728,51,121,0.4214876033057851,87,84
v2_random_evolution_s30,v2,random_evolution,30,random_regular,100,4,301,105,3.2384807789207244,35,105,0.3333333333333333,98,84
v2_random_evolution_s30,v2,random_evolution,30,random_regular,100,4,302,191,4.0601572178383805,77,191,0.4031413612565445,85,84
v2_random_evolution_s30,v2,random_evolution,30,random_regular,100,4,303,30,2.484906649776,12,30,0.4,16,96
v2_random_evolution_s30,v2,random_evolution,30,random_regular,100,4,304,47,2.523210952939891,15,47,0.3191489361702128,63,29
v2_random_evolution_s30,v2,random_evolution,30,random_regular,100,4,305,49,3.1418041591892294,27,49,0.5510204081632653,72,84
v2_random_evolution_s30,v2,random_evolution,30,random_regular,100,4,306,93,3.5317496288789423,41,93,0.44086021505376344,65,56
v2_random_evolution_s30,v2,random_evolution,30,random_regular,100,4,307,344,4.696622394910543,144,344,0.4186046511627907,8,96
v2_random_evolution_s30,v2,random_evolution,30,random_regular,100,4,308,127,3.5602101588675605,45,127,0.3543307086614173,40,56
v2_random_evolution_s30,v2,random_evolution,30,random_regular,100,4,309,25,2.540036303807981,14,25,0.56,81,89
v2_random_evolution_s30,v2,random_evolution,30,random_regular,100,4,310,200,4.195852838925525,85,200,0.425,22,89
v2_random_evolution_s30,v2,random_evolution,30,random_regular,100,4,311,174,3.857297884432852,69,174,0.39655172413793105,17,89
v2_random_evolution_s30,v2,random_evolution,30,random_regular,100,4,312,170,3.958605681784776,66,170,0.38823529411764707,91,56
v2_random_evolution_s30,v2,random_evolution,30,random_regular,100,4,313,68,2.9444389791474395,19,68,0.27941176470588236,76,84
v2_random_evolution_s30,v2,random_evolution,30,random_regular,100,4,314,132,3.3621342345361,42,132,0.3181818181818182,53,84
v2_random_evolution_s30,v2,random_evolution,30,random_regular,100,4,315,191,4.226068518976893,80,191,0.418848167539267,18,96
v2_random_evolution_s30,v2,random_evolution,30,random_regular,100,4,316,29,1.7478680974607577,7,29,0.2413793103448276,73,56
v2_random_evolution_s30,v2,random_evolution,30,random_regular,100,4,317,2,-1.000088900581841e-12,1,2,0.5,18,84
v2_random_evolution_s30,v2,random_evolution,30,random_regular,100,4,318,9,1.0986122886651095,3,9,0.3333333333333333,81,56
v2_random_evolution_s30,v2,random_evolution,30,random_regular,100,4,319,41,2.857102837424001,20,41,0.4878048780487805,94,29
v2_random_evolution_s30,v2,random_evolution,30,random_regular,100,4,320,107,3.5806113598620386,49,107,0.45794392523364486,70,56
v2_random_evolution_s30,v2,random_evolution,30,random_regular,100,4,321,128,3.793980783931458,60,128,0.46875,5,96
v2_random_evolution_s30,v2,random_evolution,30,random_regular,100,4,322,133,3.936787148657477,63,133,0.47368421052631576,17,89
v2_random_evolution_s30,v2,random_evolution,30,random_regular,100,4,323,26,2.0431918705371204,9,26,0.34615384615384615,18,96
v2_random_evolution_s30,v2,random_evolution,30,random_regular,100,4,324,1,-1.000088900581841e-12,1,1,1.0,3,56
v2_random_evolution_s30,v2,random_evolution,30,random_regular,100,4,325,23,1.9459101490483133,7,23,0.30434782608695654,4,96
v2_random_evolution_s30,v2,random_evolution,30,random_regular,100,4,326,37,2.685945324654788,16,37,0.43243243243243246,61,84
v2_random_evolution_s30,v2,random_evolution,30,random_regular,100,4,327,22,2.0431918705371204,9,22,0.4090909090909091,90,29
v2_random_evolution_s30,v2,random_evolution,30,random_regular,100,4,328,14,1.6094379124291005,5,14,0.35714285714285715,51,89
v2_random_evolution_s30,v2,random_evolution,30,random_regular,100,4,329,0,0.0,0,0,,56,56
v2_random_evolution_s30,v2,random_evolution,30,random_regular,100,4,330,51,3.044522437702424,21,51,0.4117647058823529,35,96
v2_random_evolution_s30,v2,random_evolution,30,random_regular,100,4,331,0,0.0,0,0,,89,89
v2_random_evolution_s30,v2,random_evolution,30,random_regular,100,4,332,18,1.5498260458732018,7,18,0.3888888888888889,73,84
v2_random_evolution_s30,v2,random_evolution,30,random_regular,100,4,333,25,1.7328679513938632,8,25,0.32,13,84
v2_random_evolution_s30,v2,random_evolution,30,random_regular,100,4,334,53,2.954673212284816,23,53,0.4339622641509434,72,89
v2_random_evolution_s30,v2,random_evolution,30,random_regular,100,4,335,23,2.4583113296710835,13,23,0.5652173913043478,90,89
v2_random_evolution_s30,v2,random_evolution,30,random_regular,100,4,336,18,2.079441541671836,8,18,0.4444444444444444,85,56
v2_random_evolution_s30,v2,random_evolution,30,random_regular,100,4,337,9,1.6094379124291005,5,9,0.5555555555555556,9,96
v2_random_evolution_s30,v2,random_evolution,30,random_regular,100,4,338,152,3.776539179139306,60,152,0.39473684210526316,57,84
v2_random_evolution_s30,v2,random_evolution,30,random_regular,100,4,339,110,3.8969981744861233,55,110,0.5,2,56
v2_random_evolution_s30,v2,random_evolution,30,random_regular,100,4,340,14,1.791759469222055,6,14,0.42857142857142855,17,84
v2_random_evolution_s30,v2,random_evolution,30,random_regular,100,4,341,29,2.253857589591352,12,29,0.41379310344827586,88,96
v2_random_evolution_s30,v2,random_evolution,30,random_regular,100,4,342,52,2.8782183066518505,22,52,0.4230769230769231,78,96
v2_random_evolution_s30,v2,random_evolution,30,random_regular,100,4,343,47,2.625048158717539,19,47,0.40425531914893614,20,84
v2_random_evolution_s30,v2,random_evolution,30,random_regular,100,4,344,61,2.8351341733298003,29,61,0.47540983606557374,17,89
v2_random_evolution_s30,v2,random_evolution,30,random_regular,100,4,345,190,3.9748675237440088,68,190,0.35789473684210527,40,29
v2_random_evolution_s30,v2,random_evolution,30,random_regular,100,4,346,170,4.084632441880585,66,170,0.38823529411764707,24,56
v2_random_evolution_s30,v2,random_evolution,30,random_regular,100,4,347,134,3.5688473958460807,50,134,0.373134328358209,55,84
v2_random_evolution_s30,v2,random_evolution,30,random_regular,100,4,348,34,2.441015278014703,14,34,0.4117647058823529,20,84
v2_random_evolution_s30,v2,random_evolution,30,random_regular,100,4,349,12,0.6931471805579453,2,12,0.16666666666666666,49,84
v2_random_evolution_s30,v2,random_evolution,30,random_regular,100,4,350,190,4.167059902634156,87,190,0.45789473684210524,42,56
v2_random_evolution_s30,v2,random_evolution,30,random_regular,100,4,351,27,2.9444389791474395,19,27,0.7037037037037037,20,96
v2_random_evolution_s30,v2,random_evolution,30,random_regular,100,4,352,21,2.2718685126865625,11,21,0.5238095238095238,47,89
v2_random_evolution_s30,v2,random_evolution,30,random_regular,100,4,353,129,3.6755022063019305,56,129,0.43410852713178294,77,96
v2_random_evolution_s30,v2,random_evolution,30,random_regular,100,4,354,0,0.0,0,0,,96,96
v2_random_evolution_s30,v2,random_evolution,30,random_regular,100,4,355,55,2.5520852976069666,19,55,0.34545454545454546,43,29
v2_random_evolution_s30,v2,random_evolution,30,random_regular,100,4,356,53,3.0904599235931967,27,53,0.5094339622641509,95,56
v2_random_evolution_s30,v2,random_evolution,30,random_regular,100,4,357,11,2.0431918705371204,9,11,0.8181818181818182,36,29
v2_random_evolution_s30,v2,random_evolution,30,random_regular,100,4,358,192,4.056349288575785,81,192,0.421875,9,84
v2_random_evolution_s30,v2,random_evolution,30,random_regular,100,4,359,1,-1.000088900581841e-12,1,1,1.0,93,96
v2_random_evolution_s30,v2,random_evolution,30,random_regular,100,4,360,65,3.1836729714587872,28,65,0.4307692307692308,1,56
v2_random_evolution_s30,v2,random_evolution,30,random_regular,100,4,361,218,4.155697093218629,83,218,0.38073394495412843,83,84
v2_random_evolution_s30,v2,random_evolution,30,random_regular,100,4,362,170,4.084368618946586,71,170,0.4176470588235294,39,96
v2_random_evolution_s30,v2,random_evolution,30,random_regular,100,4,363,67,3.1836729714587872,28,67,0.417910447761194,11,56
v2_random_evolution_s30,v2,random_evolution,30,random_regular,100,4,364,16,1.9459101490483133,7,16,0.4375,13,84
v2_random_evolution_s30,v2,random_evolution,30,random_regular,100,4,365,188,4.129820118365908,86,188,0.4574468085106383,70,56
v2_random_evolution_s30,v2,random_evolution,30,random_regular,100,4,366,95,3.761660727552022,47,95,0.49473684210526314,98,96
v2_random_evolution_s30,v2,random_evolution,30,random_regular,100,4,367,53,3.044522437702424,21,53,0.39622641509433965,34,89
v2_random_evolution_s30,v2,random_evolution,30,random_regular,100,4,368,12,1.791759469222055,6,12,0.5,85,84
v2_random_evolution_s30,v2,random_evolution,30,random_regular,100,4,369,50,2.588573162668117,17,50,0.34,3,84
v2_random_evolution_s30,v2,random_evolution,30,random_regular,100,4,370,176,3.982438819838421,65,176,0.3693181818181818,64,84
v2_random_evolution_s30,v2,random_evolution,30,random_regular,100,4,371,11,1.791759469222055,6,11,0.5454545454545454,73,56
v2_random_evolution_s30,v2,random_evolution,30,random_regular,100,4,372,13,1.6094379124291005,5,13,0.38461538461538464,52,96
v2_random_evolution_s30,v2,random_evolution,30,random_regular,100,4,373,10,1.791759469222055,6,10,0.6,14,96
v2_random_evolution_s30,v2,random_evolution,30,random_regular,100,4,374,29,2.639057329601259,14,29,0.4827586206896552,71,96
v2_random_evolution_s30,v2,random_evolution,30,random_regular,100,4,375,100,3.473613549464628,42,100,0.42,14,89
v2_random_evolution_s30,v2,random_evolution,30,random_regular,100,4,376,342,4.564282329468945,138,342,0.40350877192982454,80,56
v2_random_evolution_s30,v2,random_evolution,30,random_regular,100,4,377,92,3.286462961268799,33,92,0.358695652173913,60,84
v2_random_evolution_s30,v2,random_evolution,30,random_regular,100,4,378,0,0.0,0,0,,89,89
v2_random_evolution_s30,v2,random_evolution,30,random_regular,100,4,379,139,3.39138764908872,53,139,0.381294964028777,78,89
v2_random_evolution_s30,v2,random_evolution,30,random_regular,100,4,380,155,3.9621777935126112,62,155,0.4,85,29
v2_random_evolution_s30,v2,random_evolution,30,random_regular,100,4,381,145,3.931396365035046,68,145,0.4689655172413793,12,56
v2_random_evolution_s30,v2,random_evolution,30,random_regular,100,4,382,5,1.0986122886651095,3,5,0.6,45,56
v2_random_evolution_s30,v2,random_evolution,30,random_regular,100,4,383,29,2.540036303807981,14,29,0.4827586206896552,47,96
v2_random_evolution_s30,v2,random_evolution,30,random_regular,100,4,384,6,1.3862943611158909,4,6,0.6666666666666666,19,29
v2_random_evolution_s30,v2,random_evolution,30,random_regular,100,4,385,24,2.0431918705371204,9,24,0.375,42,89
v2_random_evolution_s30,v2,random_evolution,30,random_regular,100,4,386,207,4.384330407947523,104,207,0.5024154589371981,95,84
v2_random_evolution_s30,v2,random_evolution,30,random_regular,100,4,387,144,3.917033248999259,58,144,0.4027777777777778,14,29
v2_random_evolution_s30,v2,random_evolution,30,random_regular,100,4,388,234,4.16753348437365,92,234,0.39316239316239315,42,56
v2_random_evolution_s30,v2,random_evolution,30,random_regular,100,4,389,65,3.1487931944445364,31,65,0.47692307692307695,1,89
v2_random_evolution_s30,v2,random_evolution,30,random_regular,100,4,390,11,1.791759469222055,6,11,0.5454545454545454,70,89
v2_random_evolution_s30,v2,random_evolution,30,random_regular,100,4,391,0,0.0,0,0,,29,29
v2_random_evolution_s30,v2,random_evolution,30,random_regular,100,4,392,12,1.791759469222055,6,12,0.5,8,56
v2_random_evolution_s30,v2,random_evolution,30,random_regular,100,4,393,92,3.66448190441264,43,92,0.4673913043478261,72,29
v2_random_evolution_s30,v2,random_evolution,30,random_regular,100,4,394,212,4.185699354016462,85,212,0.4009433962264151,87,84
v2_random_evolution_s30,v2,random_evolution,30,random_regular,100,4,395,9,1.0986122886651095,3,9,0.3333333333333333,4,84
v2_random_evolution_s30,v2,random_evolution,30,random_regular,100,4,396,47,3.098139496330803,26,47,0.5531914893617021,39,56
v2_random_evolution_s30,v2,random_evolution,30,random_regular,100,4,397,31,2.4583113296710835,13,31,0.41935483870967744,92,96
v2_random_evolution_s30,v2,random_evolution,30,random_regular,100,4,398,4,0.6931471805579453,2,4,0.5,63,56
v2_random_evolution_s30,v2,random_evolution,30,random_regular,100,4,399,147,3.692724597732503,59,147,0.4013605442176871,11,84
v2_random_evolution_s30,v2,random_evolution,30,random_regular,100,4,400,5,1.0986122886651095,3,5,0.6,52,84
v2_random_evolution_s30,v2,random_evolution,30,random_regular,100,4,401,0,0.0,0,0,,56,56
v2_random_evolution_s30,v2,random_evolution,30,random_regular,100,4,402,6,0.6931471805579453,2,6,0.3333333333333333,47,96
v2_random_evolution_s30,v2,random_evolution,30,random_regular,100,4,403,79,3.2285980368793616,33,79,0.4177215189873418,90,29
v2_random_evolution_s30,v2,random_evolution,30,random_regular,100,4,404,85,3.299829685639092,31,85,0.36470588235294116,8,56
v2_random_evolution_s30,v2,random_evolution,30,random_regular,100,4,405,40,2.685945324654788,16,40,0.4,62,96
v2_random_evolution_s30,v2,random_evolution,30,random_regular,100,4,406,198,3.967707186359534,78,198,0.3939393939393939,24,84
v2_random_evolution_s30,v2,random_evolution,30,random_regular,100,4,407,18,1.5607104090364068,6,18,0.3333333333333333,97,89
v2_random_evolution_s30,v2,random_evolution,30,random_regular,100,4,408,204,3.946120419580997,73,204,0.35784313725490197,7,96
v2_random_evolution_s30,v2,random_evolution,30,random_regular,100,4,409,71,3.2103913397623893,31,71,0.43661971830985913,10,56
v2_random_evolution_s30,v2,random_evolution,30,random_regular,100,4,410,112,3.6690330832035736,48,112,0.42857142857142855,97,56
v2_random_evolution_s30,v2,random_evolution,30,random_regular,100,4,411,79,3.1282795608038727,29,79,0.3670886075949367,21,96
v2_random_evolution_s30,v2,random_evolution,30,random_regular,100,4,412,130,3.644679127112669,56,130,0.4307692307692308,72,56
v2_random_evolution_s30,v2,random_evolution,30,random_regular,100,4,413,107,3.8412438966425233,54,107,0.5046728971962616,90,89
v2_random_evolution_s30,v2,random_evolution,30,random_regular,100,4,414,11,1.791759469222055,6,11,0.5454545454545454,46,56
v2_random_evolution_s30,v2,random_evolution,30,random_regular,100,4,415,88,3.4040404338981127,34,88,0.38636363636363635,66,29
v2_random_evolution_s30,v2,random_evolution,30,random_regular,100,4,416,49,3.120291565278284,24,49,0.4897959183673469,76,96
v2_random_evolution_s30,v2,random_evolution,30,random_regular,100,4,417,47,2.857102837424001,20,47,0.425531914893617,71,56
v2_random_evolution_s30,v2,random_evolution,30,random_regular,100,4,418,1,-1.000088900581841e-12,1,1,1.0,45,56
v2_random_evolution_s30,v2,random_evolution,30,random_regular,100,4,419,8,1.3862943611158909,4,8,0.5,7,96
v2_random_evolution_s30,v2,random_evolution,30,random_regular,100,4,420,27,2.1639556568730565,10,27,0.37037037037037035,77,56
v2_random_evolution_s30,v2,random_evolution,30,random_regular,100,4,421,4,-1.000088900581841e-12,1,4,0.25,51,89
v2_random_evolution_s30,v2,random_evolution,30,random_regular,100,4,422,15,1.5607104090364066,6,15,0.4,27,96
v2_random_evolution_s30,v2,random_evolution,30,random_regular,100,4,423,20,2.197224577327219,9,20,0.45,57,89
v2_random_evolution_s30,v2,random_evolution,30,random_regular,100,4,424,199,3.9692823787964087,67,199,0.33668341708542715,61,89
v2_random_evolution_s30,v2,random_evolution,30,random_regular,100,4,425,19,2.2718685126865625,11,19,0.5789473684210527,83,96
v2_random_evolution_s30,v2,random_evolution,30,random_regular,100,4,426,76,3.1836729714587872,28,76,0.3684210526315789,43,29
v2_random_evolution_s30,v2,random_evolution,30,random_regular,100,4,427,63,3.1780538303239454,24,63,0.38095238095238093,12,89
v2_random_evolution_s30,v2,random_evolution,30,random_regular,100,4,428,19,1.3862943611158909,4,19,0.21052631578947367,7,96
v2_random_evolution_s30,v2,random_evolution,30,random_regular,100,4,429,226,4.112378654867356,73,226,0.3230088495575221,98,29
v2_random_evolution_s30,v2,random_evolution,30,random_regular,100,4,430,102,3.6322425006666657,43,102,0.4215686274509804,92,89
v2_random_evolution_s30,v2,random_evolution,30,random_regular,100,4,431,95,3.467994408329786,36,95,0.37894736842105264,98,84
v2_random_evolution_s30,v2,random_evolution,30,random_regular,100,4,432,12,1.0986122886651095,3,12,0.25,87,29
v2_random_evolution_s30,v2,random_evolution,30,random_regular,100,4,433,16,1.5607104090364068,6,16,0.375,78,96
v2_random_evolution_s30,v2,random_evolution,30,random_regular,100,4,434,164,3.75434552890908,59,164,0.3597560975609756,99,84
v2_random_evolution_s30,v2,random_evolution,30,random_regular,100,4,435,30,2.197224577327219,9,30,0.3,20,56
v2_random_evolution_s30,v2,random_evolution,30,random_regular,100,4,436,0,0.0,0,0,,84,84
v2_random_evolution_s30,v2,random_evolution,30,random_regular,100,4,437,11,1.6094379124291005,5,11,0.45454545454545453,35,29
v2_random_evolution_s30,v2,random_evolution,30,random_regular,100,4,438,0,0.0,0,0,,96,96
v2_random_evolution_s30,v2,random_evolution,30,random_regular,100,4,439,77,3.3445488585774434,31,77,0.4025974025974026,25,96
v2_random_evolution_s30,v2,random_evolution,30,random_regular,100,4,440,28,2.441015278014703,14,28,0.5,53,84
v2_random_evolution_s30,v2,random_evolution,30,random_regular,100,4,441,76,3.1836729714587872,28,76,0.3684210526315789,14,96
v2_random_evolution_s30,v2,random_evolution,30,random_regular,100,4,442,96,3.617683558888374,46,96,0.4791666666666667,53,96
v2_random_evolution_s30,v2,random_evolution,30,random_regular,100,4,443,0,0.0,0,0,,84,84
v2_random_evolution_s30,v2,random_evolution,30,random_regular,100,4,444,129,3.86088635638038,61,129,0.4728682170542636,72,96
v2_random_evolution_s30,v2,random_evolution,30,random_regular,100,4,445,52,2.7985132569262934,19,52,0.36538461538461536,0,96
v2_random_evolution_s30,v2,random_evolution,30,random_regular,100,4,446,39,2.9444389791474395,19,39,0.48717948717948717,37,84
v2_random_evolution_s30,v2,random_evolution,30,random_regular,100,4,447,111,3.671655601047183,42,111,0.3783783783783784,9,89
v2_random_evolution_s30,v2,random_evolution,30,random_regular,100,4,448,116,3.5355242894287437,43,116,0.3706896551724138,59,84
v2_random_evolution_s30,v2,random_evolution,30,random_regular,100,4,449,0,0.0,0,0,,84,84
v2_random_evolution_s30,v2,random_evolution,30,random_regular,100,4,450,60,3.151458510219029,26,60,0.43333333333333335,7,96
v2_random_evolution_s30,v2,random_evolution,30,random_regular,100,4,451,37,2.540036303807981,14,37,0.3783783783783784,78,89
v2_random_evolution_s30,v2,random_evolution,30,random_regular,100,4,452,175,4.166566902718292,76,175,0.4342857142857143,78,56
v2_random_evolution_s30,v2,random_evolution,30,random_regular,100,4,453,45,2.3516733018936304,13,45,0.28888888888888886,40,89
v2_random_evolution_s30,v2,random_evolution,30,random_regular,100,4,454,0,0.0,0,0,,29,29
v2_random_evolution_s30,v2,random_evolution,30,random_regular,100,4,455,25,1.9459101490483133,7,25,0.28,16,96
v2_random_evolution_s30,v2,random_evolution,30,random_regular,100,4,456,73,3.1836729714587872,28,73,0.3835616438356164,24,96
v2_random_evolution_s30,v2,random_evolution,30,random_regular,100,4,457,112,3.6635616460906473,39,112,0.3482142857142857,80,29
v2_random_evolution_s30,v2,random_evolution,30,random_regular,100,4,458,0,0.0,0,0,,89,89
v2_random_evolution_s30,v2,random_evolution,30,random_regular,100,4,459,30,1.9792045174263244,12,30,0.4,86,89
v2_random_evolution_s30,v2,random_evolution,30,random_regular,100,4,460,16,1.6094379124291005,5,16,0.3125,36,96
v2_random_evolution_s30,v2,random_evolution,30,random_regular,100,4,461,130,3.7911563522557006,47,130,0.36153846153846153,36,89
v2_random_evolution_s30,v2,random_evolution,30,random_regular,100,4,462,232,4.307957561944427,96,232,0.41379310344827586,82,84
v2_random_evolution_s30,v2,random_evolution,30,random_regular,100,4,463,92,3.6011047291335987,38,92,0.41304347826086957,15,84
v2_random_evolution_s30,v2,random_evolution,30,random_regular,100,4,464,155,4.113559168784704,69,155,0.44516129032258067,13,56
v2_random_evolution_s30,v2,random_evolution,30,random_regular,100,4,465,14,1.9459101490483133,7,14,0.5,45,56
v2_random_evolution_s30,v2,random_evolution,30,random_regular,100,4,466,26,2.197224577327219,9,26,0.34615384615384615,85,56
v2_random_evolution_s30,v2,random_evolution,30,random_regular,100,4,467,133,3.8453283682546777,58,133,0.43609022556390975,60,89
v2_random_evolution_s30,v2,random_evolution,30,random_regular,100,4,468,137,3.812405221619739,58,137,0.4233576642335766,17,84
v2_random_evolution_s30,v2,random_evolution,30,random_regular,100,4,469,70,3.1707331124899243,33,70,0.4714285714285714,2,56
v2_random_evolution_s30,v2,random_evolution,30,random_regular,100,4,470,52,2.894399544411038,23,52,0.4423076923076923,28,84
v2_random_evolution_s30,v2,random_evolution,30,random_regular,100,4,471,4,1.0986122886651095,3,4,0.75,16,56
v2_random_evolution_s30,v2,random_evolution,30,random_regular,100,4,472,196,3.9857594579118167,77,196,0.39285714285714285,33,56
v2_random_evolution_s30,v2,random_evolution,30,random_regular,100,4,473,1,-1.000088900581841e-12,1,1,1.0,52,84
v2_random_evolution_s30,v2,random_evolution,30,random_regular,100,4,474,102,3.3524698782394617,36,102,0.35294117647058826,68,89
v2_random_evolution_s30,v2,random_evolution,30,random_regular,100,4,475,236,4.176155369071178,97,236,0.4110169491525424,67,96
v2_random_evolution_s30,v2,random_evolution,30,random_regular,100,4,476,107,3.6266561837520017,44,107,0.411214953271028,18,56
v2_random_evolution_s30,v2,random_evolution,30,random_regular,100,4,477,101,3.423580836785212,37,101,0.36633663366336633,9,96
v2_random_evolution_s30,v2,random_evolution,30,random_regular,100,4,478,17,1.7478680974607577,7,17,0.4117647058823529,55,89
v2_random_evolution_s30,v2,random_evolution,30,random_regular,100,4,479,86,3.2817203432140625,34,86,0.3953488372093023,49,29
v2_random_evolution_s30,v2,random_evolution,30,random_regular,100,4,480,96,3.371971579897444,37,96,0.3854166666666667,19,84
v2_random_evolution_s30,v2,random_evolution,30,random_regular,100,4,481,54,3.098139496330803,26,54,0.48148148148148145,23,29
v2_random_evolution_s30,v2,random_evolution,30,random_regular,100,4,482,178,4.125672223405132,75,178,0.42134831460674155,85,96
v2_random_evolution_s30,v2,random_evolution,30,random_regular,100,4,483,67,3.335770806415738,32,67,0.47761194029850745,82,89
v2_random_evolution_s30,v2,random_evolution,30,random_regular,100,4,484,69,3.158039775194436,29,69,0.42028985507246375,0,84
v2_random_evolution_s30,v2,random_evolution,30,random_regular,100,4,485,33,2.369382119683676,12,33,0.36363636363636365,66,89
v2_random_evolution_s30,v2,random_evolution,30,random_regular,100,4,486,309,4.508051283665955,111,309,0.3592233009708738,78,56
v2_random_evolution_s30,v2,random_evolution,30,random_regular,100,4,487,26,2.3978952727873706,11,26,0.4230769230769231,35,56
v2_random_evolution_s30,v2,random_evolution,30,random_regular,100,4,488,50,3.0149468801585937,23,50,0.46,7,89
v2_random_evolution_s30,v2,random_evolution,30,random_regular,100,4,489,198,4.193967553522085,79,198,0.398989898989899,2,96
v2_random_evolution_s30,v2,random_evolution,30,random_regular,100,4,490,44,2.9957322735339904,20,44,0.45454545454545453,51,96
v2_random_evolution_s30,v2,random_evolution,30,random_regular,100,4,491,14,1.9459101490483133,7,14,0.5,20,29
v2_random_evolution_s30,v2,random_evolution,30,random_regular,100,4,492,51,3.1931483947852626,27,51,0.5294117647058824,16,96
v2_random_evolution_s30,v2,random_evolution,30,random_regular,100,4,493,36,2.523210952939891,15,36,0.4166666666666667,79,84
v2_random_evolution_s30,v2,random_evolution,30,random_regular,100,4,494,30,2.0431918705371204,9,30,0.3,33,89
v2_random_evolution_s30,v2,random_evolution,30,random_regular,100,4,495,89,3.612135893901438,41,89,0.4606741573033708,30,89
v2_random_evolution_s30,v2,random_evolution,30,random_regular,100,4,496,113,3.696721308158614,43,113,0.3805309734513274,13,84
v2_random_evolution_s30,v2,random_evolution,30,random_regular,100,4,497,30,2.3516733018936304,13,30,0.43333333333333335,28,84
v2_random_evolution_s30,v2,random_evolution,30,random_regular,100,4,498,77,3.367295829957475,29,77,0.37662337662337664,72,29
v2_random_evolution_s30,v2,random_evolution,30,random_regular,100,4,499,2,-1.000088900581841e-12,1,2,0.5,18,84
v2_random_evolution_s30,v2,random_evolution,30,random_regular,100,4,500,10,0.6931471805579453,2,10,0.2,68,89
v2_random_evolution_s30,v2,random_evolution,30,random_regular,100,4,501,65,3.444813797459462,34,65,0.5230769230769231,65,89
v2_random_evolution_s30,v2,random_evolution,30,random_regular,100,4,502,4,-1.000088900581841e-12,1,4,0.25,87,56
v2_random_evolution_s30,v2,random_evolution,30,random_regular,100,4,503,190,4.091751901587068,77,190,0.4052631578947368,42,84
v2_random_evolution_s30,v2,random_evolution,30,random_regular,100,4,504,57,3.062529300232621,24,57,0.42105263157894735,55,89
v2_random_evolution_s30,v2,random_evolution,30,random_regular,100,4,505,29,2.5232109529398907,15,29,0.5172413793103449,80,84
v2_random_evolution_s30,v2,random_evolution,30,random_regular,100,4,506,28,1.8891591637470213,9,28,0.32142857142857145,51,89
v2_random_evolution_s30,v2,random_evolution,30,random_regular,100,4,507,108,2.985309073303187,30,108,0.2777777777777778,27,56
v2_random_evolution_s30,v2,random_evolution,30,random_regular,100,4,508,85,3.6030496648045967,47,85,0.5529411764705883,98,29
v2_random_evolution_s30,v2,random_evolution,30,random_regular,100,4,509,4,0.6931471805579453,2,4,0.5,88,96
v2_random_evolution_s30,v2,random_evolution,30,random_regular,100,4,510,19,1.6094379124291005,5,19,0.2631578947368421,81,84
v2_random_evolution_s30,v2,random_evolution,30,random_regular,100,4,511,39,2.685945324654788,16,39,0.41025641025641024,95,96
v2_random_evolution_s30,v2,random_evolution,30,random_regular,100,4,512,40,2.5400363038079807,14,40,0.35,60,56
v2_random_evolution_s30,v2,random_evolution,30,random_regular,100,4,513,11,1.054920167983144,5,11,0.45454545454545453,77,96
v2_random_evolution_s30,v2,random_evolution,30,random_regular,100,4,514,53,2.912494403312053,21,53,0.39622641509433965,97,89
v2_random_evolution_s30,v2,random_evolution,30,random_regular,100,4,515,28,2.2718685126865625,11,28,0.39285714285714285,37,96
v2_random_evolution_s30,v2,random_evolution,30,random_regular,100,4,516,2,-1.000088900581841e-12,1,2,0.5,3,29
v2_random_evolution_s30,v2,random_evolution,30,random_regular,100,4,517,54,2.9785084205072385,21,54,0.3888888888888889,21,96
v2_random_evolution_s30,v2,random_evolution,30,random_regular,100,4,518,66,3.2058430290251567,29,66,0.4393939393939394,19,29
v2_random_evolution_s30,v2,random_evolution,30,random_regular,100,4,519,206,3.862991301937818,73,206,0.35436893203883496,22,84
v2_random_evolution_s30,v2,random_evolution,30,random_regular,100,4,520,102,3.578323836314148,41,102,0.4019607843137255,73,56
v2_random_evolution_s30,v2,random_evolution,30,random_regular,100,4,521,44,2.7985132569262934,19,44,0.4318181818181818,38,29
v2_random_evolution_s30,v2,random_evolution,30,random_regular,100,4,522,46,3.0752205480323718,23,46,0.5,57,56
v2_random_evolution_s30,v2,random_evolution,30,random_regular,100,4,523,34,2.61563057701355,15,34,0.4411764705882353,47,29
v2_random_evolution_s30,v2,random_evolution,30,random_regular,100,4,524,113,3.823096663177728,51,113,0.45132743362831856,2,29
v2_random_evolution_s30,v2,random_evolution,30,random_regular,100,4,525,0,0.0,0,0,,29,29
v2_random_evolution_s30,v2,random_evolution,30,random_regular,100,4,526,109,3.624299170288877,50,109,0.45871559633027525,76,56
v2_random_evolution_s30,v2,random_evolution,30,random_regular,100,4,527,54,2.912494403312053,21,54,0.3888888888888889,24,96
v2_random_evolution_s30,v2,random_evolution,30,random_regular,100,4,528,147,3.833703685298017,59,147,0.4013605442176871,69,84
v2_random_evolution_s30,v2,random_evolution,30,random_regular,100,4,529,50,2.476220649585165,18,50,0.36,51,56
v2_random_evolution_s30,v2,random_evolution,30,random_regular,100,4,530,145,3.9427496774282735,66,145,0.45517241379310347,9,29
v2_random_evolution_s30,v2,random_evolution,30,random_regular,100,4,531,58,2.978508420507238,21,58,0.3620689655172414,47,56
v2_random_evolution_s30,v2,random_evolution,30,random_regular,100,4,532,0,0.0,0,0,,96,96
v2_random_evolution_s30,v2,random_evolution,30,random_regular,100,4,533,165,4.036027569086533,68,165,0.4121212121212121,37,29
v2_random_evolution_s30,v2,random_evolution,30,random_regular,100,4,534,51,3.2625679455231658,30,51,0.5882352941176471,58,29
v2_random_evolution_s30,v2,random_evolution,30,random_regular,100,4,535,80,3.299829685639092,31,80,0.3875,65,89
v2_random_evolution_s30,v2,random_evolution,30,random_regular,100,4,536,67,2.985630919874231,28,67,0.417910447761194,47,96
v2_random_evolution_s30,v2,random_evolution,30,random_regular,100,4,537,0,0.0,0,0,,56,56
v2_random_evolution_s30,v2,random_evolution,30,random_regular,100,4,538,216,3.842981765262517,90,216,0.4166666666666667,37,96
v2_random_evolution_s30,v2,random_evolution,30,random_regular,100,4,539,558,4.925243878168493,240,558,0.43010752688172044,38,29
v2_random_evolution_s30,v2,random_evolution,30,random_regular,100,4,540,128,3.750361689789087,49,128,0.3828125,94,84
v2_random_evolution_s30,v2,random_evolution,30,random_regular,100,4,541,25,2.3978952727873706,11,25,0.44,1,56
v2_random_evolution_s30,v2,random_evolution,30,random_regular,100,4,542,221,4.053361787400879,77,221,0.34841628959276016,97,89
v2_random_evolution_s30,v2,random_evolution,30,random_regular,100,4,543,214,3.9729426167515776,87,214,0.40654205607476634,49,84
v2_random_evolution_s30,v2,random_evolution,30,random_regular,100,4,544,20,2.484906649776,12,20,0.6,51,56
v2_random_evolution_s30,v2,random_evolution,30,random_regular,100,4,545,23,2.079441541671836,8,23,0.34782608695652173,4,96
v2_random_evolution_s30,v2,random_evolution,30,random_regular,100,4,546,242,4.261994576367026,100,242,0.4132231404958678,48,89
v2_random_evolution_s30,v2,random_evolution,30,random_regular,100,4,547,226,4.154302440853321,84,226,0.37168141592920356,88,56
v2_random_evolution_s30,v2,random_evolution,30,random_regular,100,4,548,226,4.2570925962271,85,226,0.37610619469026546,68,56
v2_random_evolution_s30,v2,random_evolution,30,random_regular,100,4,549,2,-1.000088900581841e-12,1,2,0.5,4,84
v2_random_evolution_s30,v2,random_evolution,30,random_regular,100,4,550,37,2.4583113296710835,13,37,0.35135135135135137,40,29
v2_random_evolution_s30,v2,random_evolution,30,random_regular,100,4,551,13,1.3862943611158909,4,13,0.3076923076923077,50,96
v2_random_evolution_s30,v2,random_evolution,30,random_regular,100,4,552,64,2.882937427160521,29,64,0.453125,10,84
v2_random_evolution_s30,v2,random_evolution,30,random_regular,100,4,553,275,4.625781566117672,126,275,0.4581818181818182,34,56
v2_random_evolution_s30,v2,random_evolution,30,random_regular,100,4,554,46,2.751666616915516,17,46,0.3695652173913043,0,29
v2_random_evolution_s30,v2,random_evolution,30,random_regular,100,4,555,465,4.897855481709438,200,465,0.43010752688172044,23,84
v2_random_evolution_s30,v2,random_evolution,30,random_regular,100,4,556,59,3.367295829957475,29,59,0.4915254237288136,23,56
v2_random_evolution_s30,v2,random_evolution,30,random_regular,100,4,557,23,2.1383330594990277,12,23,0.5217391304347826,63,56
v2_random_evolution_s30,v2,random_evolution,30,random_regular,100,4,558,39,2.926417555478996,20,39,0.5128205128205128,37,96
v2_random_evolution_s30,v2,random_evolution,30,random_regular,100,4,559,40,3.052520501511814,25,40,0.625,35,84
v2_random_evolution_s30,v2,random_evolution,30,random_regular,100,4,560,88,2.920687026873641,25,88,0.2840909090909091,67,84
v2_random_evolution_s30,v2,random_evolution,30,random_regular,100,4,561,76,3.6635616460906473,39,76,0.5131578947368421,10,29
v2_random_evolution_s30,v2,random_evolution,30,random_regular,100,4,562,27,2.1458417525857545,11,27,0.4074074074074074,10,89
v2_random_evolution_s30,v2,random_evolution,30,random_regular,100,4,563,145,3.770971414389315,55,145,0.3793103448275862,77,29
v2_random_evolution_s30,v2,random_evolution,30,random_regular,100,4,564,0,0.0,0,0,,96,96
v2_random_evolution_s30,v2,random_evolution,30,random_regular,100,4,565,6,1.3862943611158909,4,6,0.6666666666666666,94,56
v2_random_evolution_s30,v2,random_evolution,30,random_regular,100,4,566,99,3.6000030969206915,43,99,0.43434343434343436,39,84
v2_random_evolution_s30,v2,random_evolution,30,random_regular,100,4,567,76,3.4551790069144523,38,76,0.5,94,56
v2_random_evolution_s30,v2,random_evolution,30,random_regular,100,4,568,161,4.011106691942162,63,161,0.391304347826087,85,56
v2_random_evolution_s30,v2,random_evolution,30,random_regular,100,4,569,209,4.033713131754735,79,209,0.37799043062200954,49,56
v2_random_evolution_s30,v2,random_evolution,30,random_regular,100,4,570,40,2.8782183066518505,22,40,0.55,30,96
v2_random_evolution_s30,v2,random_evolution,30,random_regular,100,4,571,97,3.4502855905397403,39,97,0.4020618556701031,92,84
v2_random_evolution_s30,v2,random_evolution,30,random_regular,100,4,572,193,4.148073296284696,84,193,0.43523316062176165,55,84
v2_random_evolution_s30,v2,random_evolution,30,random_regular,100,4,573,121,3.921446499263261,57,121,0.47107438016528924,78,96
v2_random_evolution_s30,v2,random_evolution,30,random_regular,100,4,574,0,0.0,0,0,,29,29
v2_random_evolution_s30,v2,random_evolution,30,random_regular,100,4,575,13,1.791759469222055,6,13,0.46153846153846156,19,29
v2_random_evolution_s30,v2,random_evolution,30,random_regular,100,4,576,77,3.244492630381296,27,77,0.35064935064935066,9,96
v2_random_evolution_s30,v2,random_evolution,30,random_regular,100,4,577,20,2.197224577327219,9,20,0.45,12,56
v2_random_evolution_s30,v2,random_evolution,30,random_regular,100,4,578,278,4.4409683515142655,105,278,0.3776978417266187,12,96
v2_random_evolution_s30,v2,random_evolution,30,random_regular,100,4,579,81,3.363267070336762,34,81,0.41975308641975306,94,96
v2_random_evolution_s30,v2,random_evolution,30,random_regular,100,4,580,90,3.1154750248567717,28,90,0.3111111111111111,41,29
v2_random_evolution_s30,v2,random_evolution,30,random_regular,100,4,581,67,3.0280290732864104,22,67,0.3283582089552239,4,56
v2_random_evolution_s30,v2,random_evolution,30,random_regular,100,4,582,161,3.8977607920910886,61,161,0.37888198757763975,18,89
v2_random_evolution_s30,v2,random_evolution,30,random_regular,100,4,583,348,4.545460806070819,141,348,0.4051724137931034,95,84
v2_random_evolution_s30,v2,random_evolution,30,random_regular,100,4,584,3,-1.000088900581841e-12,1,3,0.3333333333333333,51,89
v2_random_evolution_s30,v2,random_evolution,30,random_regular,100,4,585,98,3.5849073769929456,40,98,0.40816326530612246,7,89
v2_random_evolution_s30,v2,random_evolution,30,random_regular,100,4,586,163,3.796176766408677,55,163,0.3374233128834356,72,29
v2_random_evolution_s30,v2,random_evolution,30,random_regular,100,4,587,14,2.079441541671836,8,14,0.5714285714285714,17,84
v2_random_evolution_s30,v2,random_evolution,30,random_regular,100,4,588,4,-1.000088900581841e-12,1,4,0.25,4,84
v2_random_evolution_s30,v2,random_evolution,30,random_regular,100,4,589,7,1.3862943611158909,4,7,0.5714285714285714,53,96
v2_random_evolution_s30,v2,random_evolution,30,random_regular,100,4,590,61,2.9650156932365066,22,61,0.36065573770491804,61,96
v2_random_evolution_s30,v2,random_evolution,30,random_regular,100,4,591,22,2.3978952727873706,11,22,0.5,63,96
v2_random_evolution_s30,v2,random_evolution,30,random_regular,100,4,592,27,1.9061547465328492,8,27,0.2962962962962963,18,89
v2_random_evolution_s30,v2,random_evolution,30,random_regular,100,4,593,82,2.967867468512036,30,82,0.36585365853658536,76,96
v2_random_evolution_s30,v2,random_evolution,30,random_regular,100,4,594,9,0.6931471805579453,2,9,0.2222222222222222,83,96
v2_random_evolution_s30,v2,random_evolution,30,random_regular,100,4,595,123,3.750361689789087,49,123,0.3983739837398374,17,56
v2_random_evolution_s30,v2,random_evolution,30,random_regular,100,4,596,389,4.670916831163645,156,389,0.40102827763496146,35,84
v2_random_evolution_s30,v2,random_evolution,30,random_regular,100,4,597,13,1.9459101490483133,7,13,0.5384615384615384,62,56
v2_random_evolution_s30,v2,random_evolution,30,random_regular,100,4,598,148,3.808364887554047,60,148,0.40540540540540543,59,89
v2_random_evolution_s30,v2,random_evolution,30,random_regular,100,4,599,95,3.658162873776453,44,95,0.4631578947368421,2,84
v2_random_evolution_s30,v2,random_evolution,30,random_regular,100,4,600,83,3.102571276779554,33,83,0.39759036144578314,15,84
v2_random_evolution_s30,v2,random_evolution,30,random_regular,100,4,601,1,-1.000088900581841e-12,1,1,1.0,52,96
v2_random_evolution_s30,v2,random_evolution,30,random_regular,100,4,602,9,1.3862943611158909,4,9,0.4444444444444444,75,56
v2_random_evolution_s30,v2,random_evolution,30,random_regular,100,4,603,84,3.422414203983732,32,84,0.38095238095238093,9,29
v2_random_evolution_s30,v2,random_evolution,30,random_regular,100,4,604,14,1.9459101490483133,7,14,0.5,24,84
v2_random_evolution_s30,v2,random_evolution,30,random_regular,100,4,605,203,4.059980400416666,82,203,0.4039408866995074,26,89
v2_random_evolution_s30,v2,random_evolution,30,random_regular,100,4,606,5,1.3862943611158909,4,5,0.8,41,96
v2_random_evolution_s30,v2,random_evolution,30,random_regular,100,4,607,273,4.413309119890117,115,273,0.42124542124542125,64,84
v2_random_evolution_s30,v2,random_evolution,30,random_regular,100,4,608,91,3.5025114553448367,40,91,0.43956043956043955,70,29
v2_random_evolution_s30,v2,random_evolution,30,random_regular,100,4,609,198,3.869805800627408,69,198,0.3484848484848485,51,84
v2_random_evolution_s30,v2,random_evolution,30,random_regular,100,4,610,46,2.3959081192819287,15,46,0.32608695652173914,76,56
v2_random_evolution_s30,v2,random_evolution,30,random_regular,100,4,611,39,2.505289990905417,18,39,0.46153846153846156,58,56
v2_random_evolution_s30,v2,random_evolution,30,random_regular,100,4,612,63,3.10797227595561,25,63,0.3968253968253968,55,84
v2_random_evolution_s30,v2,random_evolution,30,random_regular,100,4,613,69,2.8113759572431496,23,69,0.3333333333333333,17,84
v2_random_evolution_s30,v2,random_evolution,30,random_regular,100,4,614,121,3.715669002344131,56,121,0.4628099173553719,18,96
v2_random_evolution_s30,v2,random_evolution,30,random_regular,100,4,615,104,3.3573060098708574,35,104,0.33653846153846156,17,96
v2_random_evolution_s30,v2,random_evolution,30,random_regular,100,4,616,29,2.639057329601259,14,29,0.4827586206896552,16,96
v2_random_evolution_s30,v2,random_evolution,30,random_regular,100,4,617,56,3.062529300232621,24,56,0.42857142857142855,41,29
v2_random_evolution_s30,v2,random_evolution,30,random_regular,100,4,618,34,2.484906649776,12,34,0.35294117647058826,58,56
v2_random_evolution_s30,v2,random_evolution,30,random_regular,100,4,619,20,1.9459101490483133,7,20,0.35,81,96
v2_random_evolution_s30,v2,random_evolution,30,random_regular,100,4,620,12,1.6094379124291005,5,12,0.4166666666666667,79,96
v2_random_evolution_s30,v2,random_evolution,30,random_regular,100,4,621,582,4.9130922307407126,228,582,0.3917525773195876,43,56
v2_random_evolution_s30,v2,random_evolution,30,random_regular,100,4,622,14,1.7478680974607577,7,14,0.5,13,89
v2_random_evolution_s30,v2,random_evolution,30,random_regular,100,4,623,61,3.0752205480323718,23,61,0.3770491803278688,43,29
v2_random_evolution_s30,v2,random_evolution,30,random_regular,100,4,624,87,3.2924491076317413,32,87,0.367816091954023,4,56
v2_random_evolution_s30,v2,random_evolution,30,random_regular,100,4,625,70,3.044820482442576,26,70,0.37142857142857144,45,84
v2_random_evolution_s30,v2,random_evolution,30,random_regular,100,4,626,189,3.995254205526183,68,189,0.35978835978835977,57,84
v2_random_evolution_s30,v2,random_evolution,30,random_regular,100,4,627,13,1.6094379124291005,5,13,0.38461538461538464,54,89
v2_random_evolution_s30,v2,random_evolution,30,random_regular,100,4,628,30,2.079441541671836,8,30,0.26666666666666666,73,29
v2_random_evolution_s30,v2,random_evolution,30,random_regular,100,4,629,24,2.197224577327219,9,24,0.375,37,29
v2_random_evolution_s30,v2,random_evolution,30,random_regular,100,4,630,228,4.174851160312162,84,228,0.3684210526315789,53,56
v2_random_evolution_s30,v2,random_evolution,30,random_regular,100,4,631,59,3.1780538303239454,24,59,0.4067796610169492,15,84
v2_random_evolution_s30,v2,random_evolution,30,random_regular,100,4,632,220,4.069486163853356,90,220,0.4090909090909091,33,96
v2_random_evolution_s30,v2,random_evolution,30,random_regular,100,4,633,7,1.791759469222055,6,7,0.8571428571428571,55,56
v2_random_evolution_s30,v2,random_evolution,30,random_regular,100,4,634,52,3.0149468801585937,23,52,0.4423076923076923,57,96
v2_random_evolution_s30,v2,random_evolution,30,random_regular,100,4,635,45,2.8332133440392155,17,45,0.37777777777777777,51,56
v2_random_evolution_s30,v2,random_evolution,30,random_regular,100,4,636,278,4.39766016141883,104,278,0.37410071942446044,7,89
v2_random_evolution_s30,v2,random_evolution,30,random_regular,100,4,637,162,4.084632441880585,66,162,0.4074074074074074,52,84
v2_random_evolution_s30,v2,random_evolution,30,random_regular,100,4,638,13,1.791759469222055,6,13,0.46153846153846156,98,89
v2_random_evolution_s30,v2,random_evolution,30,random_regular,100,4,639,4,0.6931471805579453,2,4,0.5,4,29
v2_random_evolution_s30,v2,random_evolution,30,random_regular,100,4,640,62,3.0047670351869598,24,62,0.3870967741935484,88,96
v2_random_evolution_s30,v2,random_evolution,30,random_regular,100,4,641,121,3.7739173236900583,54,121,0.4462809917355372,99,29
v2_random_evolution_s30,v2,random_evolution,30,random_regular,100,4,642,86,3.498515667114017,37,86,0.43023255813953487,25,84
v2_random_evolution_s30,v2,random_evolution,30,random_regular,100,4,643,35,2.484906649776,12,35,0.34285714285714286,42,89
v2_random_evolution_s30,v2,random_evolution,30,random_regular,100,4,644,15,1.0986122886651095,3,15,0.2,74,84
v2_random_evolution_s30,v2,random_evolution,30,random_regular,100,4,645,52,3.163424050399405,25,52,0.4807692307692308,23,96
v2_random_evolution_s30,v2,random_evolution,30,random_regular,100,4,646,32,2.341994252221425,14,32,0.4375,98,56
v2_random_evolution_s30,v2,random_evolution,30,random_regular,100,4,647,40,2.725550395815721,19,40,0.475,55,29
v2_random_evolution_s30,v2,random_evolution,30,random_regular,100,4,648,84,3.379092505199735,32,84,0.38095238095238093,43,96
v2_random_evolution_s30,v2,random_evolution,30,random_regular,100,4,649,76,3.1780538303239454,24,76,0.3157894736842105,28,84
v2_random_evolution_s30,v2,random_evolution,30,random_regular,100,4,650,14,1.6094379124291005,5,14,0.35714285714285715,75,56
v2_random_evolution_s30,v2,random_evolution,30,random_regular,100,4,651,304,4.512992455728575,116,304,0.3815789473684211,97,96
v2_random_evolution_s30,v2,random_evolution,30,random_regular,100,4,652,50,2.9957322735339904,20,50,0.4,1,96
v2_random_evolution_s30,v2,random_evolution,30,random_regular,100,4,653,0,0.0,0,0,,56,56
v2_random_evolution_s30,v2,random_evolution,30,random_regular,100,4,654,109,3.4911163241998726,43,109,0.3944954128440367,74,56
v2_random_evolution_s30,v2,random_evolution,30,random_regular,100,4,655,51,2.926417555478996,20,51,0.39215686274509803,70,84
v2_random_evolution_s30,v2,random_evolution,30,random_regular,100,4,656,59,3.233183484354926,28,59,0.4745762711864407,26,96
v2_random_evolution_s30,v2,random_evolution,30,random_regular,100,4,657,10,1.6094379124291005,5,10,0.5,64,56
v2_random_evolution_s30,v2,random_evolution,30,random_regular,100,4,658,100,3.461048251949615,37,100,0.37,27,56
v2_random_evolution_s30,v2,random_evolution,30,random_regular,100,4,659,146,3.803480322741276,53,146,0.363013698630137,94,96
v2_random_evolution_s30,v2,random_evolution,30,random_regular,100,4,660,58,2.9785084205072385,21,58,0.3620689655172414,50,29
v2_random_evolution_s30,v2,random_evolution,30,random_regular,100,4,661,85,3.337935207579336,36,85,0.4235294117647059,4,56
v2_random_evolution_s30,v2,random_evolution,30,random_regular,100,4,662,1,-1.000088900581841e-12,1,1,1.0,81,96
v2_random_evolution_s30,v2,random_evolution,30,random_regular,100,4,663,182,4.138536771371622,73,182,0.4010989010989011,55,89
v2_random_evolution_s30,v2,random_evolution,30,random_regular,100,4,664,52,2.685945324654788,16,52,0.3076923076923077,27,96
v2_random_evolution_s30,v2,random_evolution,30,random_regular,100,4,665,69,3.118427281137056,33,69,0.4782608695652174,11,89
v2_random_evolution_s30,v2,random_evolution,30,random_regular,100,4,666,55,3.1514585102190296,26,55,0.4727272727272727,15,89
v2_random_evolution_s30,v2,random_evolution,30,random_regular,100,4,667,135,3.6511228010840666,55,135,0.4074074074074074,48,96
v2_random_evolution_s30,v2,random_evolution,30,random_regular,100,4,668,29,2.4583113296710835,13,29,0.4482758620689655,68,84
v2_random_evolution_s30,v2,random_evolution,30,random_regular,100,4,669,74,3.422414203983732,32,74,0.43243243243243246,46,96
v2_random_evolution_s30,v2,random_evolution,30,random_regular,100,4,670,14,1.6094379124291005,5,14,0.35714285714285715,8,56
v2_random_evolution_s30,v2,random_evolution,30,random_regular,100,4,671,6,1.0986122886651095,3,6,0.5,4,84
v2_random_evolution_s30,v2,random_evolution,30,random_regular,100,4,672,214,4.277218265020213,93,214,0.43457943925233644,74,29
v2_random_evolution_s30,v2,random_evolution,30,random_regular,100,4,673,172,3.9600548708754566,59,172,0.3430232558139535,74,96
v2_random_evolution_s30,v2,random_evolution,30,random_regular,100,4,674,4,0.6931471805579453,2,4,0.5,70,84
v2_random_evolution_s30,v2,random_evolution,30,random_regular,100,4,675,31,2.197224577327219,9,31,0.2903225806451613,73,56
v2_random_evolution_s30,v2,random_evolution,30,random_regular,100,4,676,125,3.8213821184280383,55,125,0.44,33,56
v2_random_evolution_s30,v2,random_evolution,30,random_regular,100,4,677,19,2.302585092984045,10,19,0.5263157894736842,45,29
v2_random_evolution_s30,v2,random_evolution,30,random_regular,100,4,678,146,3.7456676820497594,50,146,0.3424657534246575,31,96
v2_random_evolution_s30,v2,random_evolution,30,random_regular,100,4,679,5,0.6931471805579453,2,5,0.4,53,29
v2_random_evolution_s30,v2,random_evolution,30,random_regular,100,4,680,1,-1.000088900581841e-12,1,1,1.0,62,29
v2_random_evolution_s30,v2,random_evolution,30,random_regular,100,4,681,18,1.5607104090364068,6,18,0.3333333333333333,73,89
v2_random_evolution_s30,v2,random_evolution,30,random_regular,100,4,682,147,3.575245082848189,56,147,0.38095238095238093,45,96
v2_random_evolution_s30,v2,random_evolution,30,random_regular,100,4,683,52,2.685945324654788,16,52,0.3076923076923077,75,29
v2_random_evolution_s30,v2,random_evolution,30,random_regular,100,4,684,78,3.098139496330803,26,78,0.3333333333333333,25,96
v2_random_evolution_s30,v2,random_evolution,30,random_regular,100,4,685,17,2.079441541671836,8,17,0.47058823529411764,73,56
v2_random_evolution_s30,v2,random_evolution,30,random_regular,100,4,686,354,4.5491022198782485,140,354,0.3954802259887006,83,84
v2_random_evolution_s30,v2,random_evolution,30,random_regular,100,4,687,40,2.639057329601259,14,40,0.35,80,96
v2_random_evolution_s30,v2,random_evolution,30,random_regular,100,4,688,57,2.7985132569262934,19,57,0.3333333333333333,58,56
v2_random_evolution_s30,v2,random_evolution,30,random_regular,100,4,689,18,1.6094379124291005,5,18,0.2777777777777778,93,96
v2_random_evolution_s30,v2,random_evolution,30,random_regular,100,4,690,100,3.319492576126754,29,100,0.29,71,56
v2_random_evolution_s30,v2,random_evolution,30,random_regular,100,4,691,69,3.183672971458787,28,69,0.4057971014492754,2,29
v2_random_evolution_s30,v2,random_evolution,30,random_regular,100,4,692,51,2.8215638078423653,21,51,0.4117647058823529,63,96
v2_random_evolution_s30,v2,random_evolution,30,random_regular,100,4,693,146,3.606308599241318,46,146,0.3150684931506849,57,89
v2_random_evolution_s30,v2,random_evolution,30,random_regular,100,4,694,223,4.156190459609248,96,223,0.4304932735426009,6,56
v2_random_evolution_s30,v2,random_evolution,30,random_regular,100,4,695,77,3.370480801334671,33,77,0.42857142857142855,6,96
v2_random_evolution_s30,v2,random_evolution,30,random_regular,100,4,696,32,1.791759469222055,6,32,0.1875,61,89
v2_random_evolution_s30,v2,random_evolution,30,random_regular,100,4,697,0,0.0,0,0,,29,29
v2_random_evolution_s30,v2,random_evolution,30,random_regular,100,4,698,136,3.629250947685148,48,136,0.35294117647058826,58,96
v2_random_evolution_s30,v2,random_evolution,30,random_regular,100,4,699,35,2.441015278014703,14,35,0.4,63,56
v2_random_evolution_s30,v2,random_evolution,30,random_regular,100,4,700,145,3.775552268336022,61,145,0.4206896551724138,44,29
v2_random_evolution_s30,v2,random_evolution,30,random_regular,100,4,701,20,2.3978952727873706,11,20,0.55,67,56
v2_random_evolution_s30,v2,random_evolution,30,random_regular,100,4,702,96,3.6000030969206915,43,96,0.4479166666666667,85,96
v2_random_evolution_s30,v2,random_evolution,30,random_regular,100,4,703,4,-1.000088900581841e-12,1,4,0.25,45,56
v2_random_evolution_s30,v2,random_evolution,30,random_regular,100,4,704,69,3.0280290732864104,22,69,0.3188405797101449,6,89
v2_random_evolution_s30,v2,random_evolution,30,random_regular,100,4,705,87,3.3719715798974432,37,87,0.42528735632183906,8,29
v2_random_evolution_s30,v2,random_evolution,30,random_regular,100,4,706,143,3.9929768661710368,62,143,0.43356643356643354,57,89
v2_random_evolution_s30,v2,random_evolution,30,random_regular,100,4,707,273,4.387383875096844,103,273,0.3772893772893773,35,56
v2_random_evolution_s30,v2,random_evolution,30,random_regular,100,4,708,161,3.8826013861050495,64,161,0.39751552795031053,72,96
v2_random_evolution_s30,v2,random_evolution,30,random_regular,100,4,709,186,3.8552476753359928,72,186,0.3870967741935484,58,96
v2_random_evolution_s30,v2,random_evolution,30,random_regular,100,4,710,10,1.6094379124291005,5,10,0.5,18,96
v2_random_evolution_s30,v2,random_evolution,30,random_regular,100,4,711,176,4.0216190618326815,66,176,0.375,28,84
v2_random_evolution_s30,v2,random_evolution,30,random_regular,100,4,712,31,2.4410152780147034,14,31,0.45161290322580644,85,96
v2_random_evolution_s30,v2,random_evolution,30,random_regular,100,4,713,132,3.844605690754974,52,132,0.3939393939393939,37,56
v2_random_evolution_s30,v2,random_evolution,30,random_regular,100,4,714,3,-1.000088900581841e-12,1,3,0.3333333333333333,3,29
v2_random_evolution_s30,v2,random_evolution,30,random_regular,100,4,715,151,4.055116036737619,63,151,0.41721854304635764,12,84
v2_random_evolution_s30,v2,random_evolution,30,random_regular,100,4,716,11,1.3862943611158909,4,11,0.36363636363636365,58,56
v2_random_evolution_s30,v2,random_evolution,30,random_regular,100,4,717,140,3.8349513397251753,54,140,0.38571428571428573,9,89
v2_random_evolution_s30,v2,random_evolution,30,random_regular,100,4,718,92,3.4040404338981123,34,92,0.3695652173913043,33,84
v2_random_evolution_s30,v2,random_evolution,30,random_regular,100,4,719,50,3.2580965379954825,26,50,0.52,15,56
v2_random_evolution_s30,v2,random_evolution,30,random_regular,100,4,720,92,3.423580836785212,37,92,0.40217391304347827,9,89
v2_random_evolution_s30,v2,random_evolution,30,random_regular,100,4,721,121,3.839509426606019,53,121,0.4380165289256198,10,89
v2_random_evolution_s30,v2,random_evolution,30,random_regular,100,4,722,12,1.0986122886651095,3,12,0.25,90,29
v2_random_evolution_s30,v2,random_evolution,30,random_regular,100,4,723,70,3.422414203983732,32,70,0.45714285714285713,36,56
v2_random_evolution_s30,v2,random_evolution,30,random_regular,100,4,724,21,1.3862943611158909,4,21,0.19047619047619047,12,96
v2_random_evolution_s30,v2,random_evolution,30,random_regular,100,4,725,24,2.3978952727873706,11,24,0.4583333333333333,21,56
v2_random_evolution_s30,v2,random_evolution,30,random_regular,100,4,726,10,1.9459101490483133,7,10,0.7,73,56
v2_random_evolution_s30,v2,random_evolution,30,random_regular,100,4,727,329,4.505906096753288,132,329,0.4012158054711246,72,56
v2_random_evolution_s30,v2,random_evolution,30,random_regular,100,4,728,114,3.446277940884956,40,114,0.3508771929824561,25,56
v2_random_evolution_s30,v2,random_evolution,30,random_regular,100,4,729,62,2.8979325974534653,26,62,0.41935483870967744,9,84
v2_random_evolution_s30,v2,random_evolution,30,random_regular,100,4,730,125,3.720560710350592,55,125,0.44,7,29
v2_random_evolution_s30,v2,random_evolution,30,random_regular,100,4,731,15,1.7478680974607577,7,15,0.4666666666666667,9,96
v2_random_evolution_s30,v2,random_evolution,30,random_regular,100,4,732,11,1.3862943611158909,4,11,0.36363636363636365,79,84
v2_random_evolution_s30,v2,random_evolution,30,random_regular,100,4,733,17,2.3978952727873706,11,17,0.6470588235294118,6,96
v2_random_evolution_s30,v2,random_evolution,30,random_regular,100,4,734,205,4.331258939641737,94,205,0.4585365853658537,37,56
v2_random_evolution_s30,v2,random_evolution,30,random_regular,100,4,735,25,1.6769877743164172,9,25,0.36,54,56
v2_random_evolution_s30,v2,random_evolution,30,random_regular,100,4,736,137,3.8393038461588183,57,137,0.41605839416058393,85,29
v2_random_evolution_s30,v2,random_evolution,30,random_regular,100,4,737,88,3.6718085877683393,45,88,0.5113636363636364,95,56
v2_random_evolution_s30,v2,random_evolution,30,random_regular,100,4,738,18,1.3862943611158909,4,18,0.2222222222222222,40,89
v2_random_evolution_s30,v2,random_evolution,30,random_regular,100,4,739,97,3.5734504974428223,37,97,0.38144329896907214,78,29
v2_random_evolution_s30,v2,random_evolution,30,random_regular,100,4,740,1,-1.000088900581841e-12,1,1,1.0,48,89
v2_random_evolution_s30,v2,random_evolution,30,random_regular,100,4,741,0,0.0,0,0,,96,96
v2_random_evolution_s30,v2,random_evolution,30,random_regular,100,4,742,76,3.146132506787109,32,76,0.42105263157894735,94,56
v2_random_evolution_s30,v2,random_evolution,30,random_regular,100,4,743,0,0.0,0,0,,29,29
v2_random_evolution_s30,v2,random_evolution,30,random_regular,100,4,744,231,4.156622407596872,99,231,0.42857142857142855,42,56
v2_random_evolution_s30,v2,random_evolution,30,random_regular,100,4,745,60,3.120291565278284,24,60,0.4,62,96
v2_random_evolution_s30,v2,random_evolution,30,random_regular,100,4,746,168,4.005519749233704,69,168,0.4107142857142857,60,96
v2_random_evolution_s30,v2,random_evolution,30,random_regular,100,4,747,45,2.639057329601259,14,45,0.3111111111111111,17,29
v2_random_evolution_s30,v2,random_evolution,30,random_regular,100,4,748,95,3.2163581334868363,30,95,0.3157894736842105,63,29
v2_random_evolution_s30,v2,random_evolution,30,random_regular,100,4,749,76,2.889242505095635,24,76,0.3157894736842105,65,84
v2_random_evolution_s30,v2,random_evolution,30,random_regular,100,4,750,150,3.826763786668834,63,150,0.42,0,29
v2_random_evolution_s30,v2,random_evolution,30,random_regular,100,4,751,241,4.261134751008347,94,241,0.3900414937759336,77,56
v2_random_evolution_s30,v2,random_evolution,30,random_regular,100,4,752,40,2.61563057701355,15,40,0.375,31,96
v2_random_evolution_s30,v2,random_evolution,30,random_regular,100,4,753,56,3.084651945666508,28,56,0.5,36,96
v2_random_evolution_s30,v2,random_evolution,30,random_regular,100,4,754,114,3.3508008156427342,40,114,0.3508771929824561,23,84
v2_random_evolution_s30,v2,random_evolution,30,random_regular,100,4,755,5,1.0986122886651095,3,5,0.6,16,56
v2_random_evolution_s30,v2,random_evolution,30,random_regular,100,4,756,185,4.046385052843688,74,185,0.4,33,84
v2_random_evolution_s30,v2,random_evolution,30,random_regular,100,4,757,0,0.0,0,0,,29,29
v2_random_evolution_s30,v2,random_evolution,30,random_regular,100,4,758,209,4.180559797947409,82,209,0.3923444976076555,14,89
v2_random_evolution_s30,v2,random_evolution,30,random_regular,100,4,759,94,3.4641255137043623,41,94,0.43617021276595747,78,84
v2_random_evolution_s30,v2,random_evolution,30,random_regular,100,4,760,158,3.914782476259748,63,158,0.3987341772151899,40,29
v2_random_evolution_s30,v2,random_evolution,30,random_regular,100,4,761,31,1.6094379124291005,5,31,0.16129032258064516,52,29
v2_random_evolution_s30,v2,random_evolution,30,random_regular,100,4,762,334,4.595277711162177,132,334,0.39520958083832336,35,96
v2_random_evolution_s30,v2,random_evolution,30,random_regular,100,4,763,178,3.987559379882587,68,178,0.38202247191011235,39,84
v2_random_evolution_s30,v2,random_evolution,30,random_regular,100,4,764,87,3.308777757559495,30,87,0.3448275862068966,37,84
v2_random_evolution_s30,v2,random_evolution,30,random_regular,100,4,765,19,1.3321790402061222,5,19,0.2631578947368421,10,89
v2_random_evolution_s30,v2,random_evolution,30,random_regular,100,4,766,37,2.21106887113461,15,37,0.40540540540540543,58,29
v2_random_evolution_s30,v2,random_evolution,30,random_regular,100,4,767,59,3.16498553775291,28,59,0.4745762711864407,70,84
v2_random_evolution_s30,v2,random_evolution,30,random_regular,100,4,768,75,3.0246955538362474,26,75,0.3466666666666667,15,56
v2_random_evolution_s30,v2,random_evolution,30,random_regular,100,4,769,12,1.3862943611158909,4,12,0.3333333333333333,24,96
v2_random_evolution_s30,v2,random_evolution,30,random_regular,100,4,770,81,3.286462961268799,33,81,0.4074074074074074,65,84
v2_random_evolution_s30,v2,random_evolution,30,random_regular,100,4,771,1,-1.000088900581841e-12,1,1,1.0,52,96
v2_random_evolution_s30,v2,random_evolution,30,random_regular,100,4,772,21,2.341994252221425,14,21,0.6666666666666666,88,56
v2_random_evolution_s30,v2,random_evolution,30,random_regular,100,4,773,32,2.019814992484946,11,32,0.34375,90,84
v2_random_evolution_s30,v2,random_evolution,30,random_regular,100,4,774,294,4.441438660851344,126,294,0.42857142857142855,63,96
v2_random_evolution_s30,v2,random_evolution,30,random_regular,100,4,775,174,4.067817277481735,80,174,0.45977011494252873,63,96
v2_random_evolution_s30,v2,random_evolution,30,random_regular,100,4,776,0,0.0,0,0,,29,29
v2_random_evolution_s30,v2,random_evolution,30,random_regular,100,4,777,105,3.6011047291335987,38,105,0.3619047619047619,67,56
v2_random_evolution_s30,v2,random_evolution,30,random_regular,100,4,778,38,2.8903717578781647,18,38,0.47368421052631576,43,56
v2_random_evolution_s30,v2,random_evolution,30,random_regular,100,4,779,208,4.229801174746317,92,208,0.4423076923076923,20,96
v2_random_evolution_s30,v2,random_evolution,30,random_regular,100,4,780,6,0.6931471805579453,2,6,0.3333333333333333,62,84
v2_random_evolution_s30,v2,random_evolution,30,random_regular,100,4,781,3,-1.000088900581841e-12,1,3,0.3333333333333333,48,89
v2_random_evolution_s30,v2,random_evolution,30,random_regular,100,4,782,78,2.3661692824326845,25,78,0.32051282051282054,12,89
v2_random_evolution_s30,v2,random_evolution,30,random_regular,100,4,783,114,3.6690330832035736,48,114,0.42105263157894735,9,29
v2_random_evolution_s30,v2,random_evolution,30,random_regular,100,4,784,20,2.0431918705371204,9,20,0.45,81,56
v2_random_evolution_s30,v2,random_evolution,30,random_regular,100,4,785,55,2.7985132569262934,19,55,0.34545454545454546,43,84
v2_random_evolution_s30,v2,random_evolution,30,random_regular,100,4,786,135,3.732165102848344,47,135,0.34814814814814815,38,96
v2_random_evolution_s30,v2,random_evolution,30,random_regular,100,4,787,31,2.7080502010872096,15,31,0.4838709677419355,17,96
v2_random_evolution_s30,v2,random_evolution,30,random_regular,100,4,788,186,3.96376139628703,70,186,0.3763440860215054,10,96
v2_random_evolution_s30,v2,random_evolution,30,random_regular,100,4,789,69,3.01616741043412,32,69,0.463768115942029,18,89
v2_random_evolution_s30,v2,random_evolution,30,random_regular,100,4,790,117,3.662490020385565,50,117,0.42735042735042733,22,96
v2_random_evolution_s30,v2,random_evolution,30,random_regular,100,4,791,38,2.751666616915516,17,38,0.4473684210526316,82,56
v2_random_evolution_s30,v2,random_evolution,30,random_regular,100,4,792,115,3.652629782939221,45,115,0.391304347826087,19,96
v2_random_evolution_s30,v2,random_evolution,30,random_regular,100,4,793,0,0.0,0,0,,56,56
v2_random_evolution_s30,v2,random_evolution,30,random_regular,100,4,794,48,3.204777524107256,26,48,0.5416666666666666,0,96
v2_random_evolution_s30,v2,random_evolution,30,random_regular,100,4,795,13,1.6094379124291005,5,13,0.38461538461538464,11,89
v2_random_evolution_s30,v2,random_evolution,30,random_regular,100,4,796,108,3.5371688143718343,40,108,0.37037037037037035,20,96
v2_random_evolution_s30,v2,random_evolution,30,random_regular,100,4,797,13,1.3862943611158909,4,13,0.3076923076923077,26,56
v2_random_evolution_s30,v2,random_evolution,30,random_regular,100,4,798,40,2.736339051089065,18,40,0.45,15,56
v2_random_evolution_s30,v2,random_evolution,30,random_regular,100,4,799,96,3.491660437469239,38,96,0.3958333333333333,21,84
v2_random_evolution_s30,v2,random_evolution,30,random_regular,100,4,800,82,3.044820482442576,26,82,0.3170731707317073,8,89
v2_random_evolution_s30,v2,random_evolution,30,random_regular,100,4,801,82,3.3445488585774434,31,82,0.3780487804878049,41,89
v2_random_evolution_s30,v2,random_evolution,30,random_regular,100,4,802,151,3.6690330832035736,48,151,0.31788079470198677,17,56
v2_random_evolution_s30,v2,random_evolution,30,random_regular,100,4,803,38,1.9701814400180844,14,38,0.3684210526315789,11,89
v2_random_evolution_s30,v2,random_evolution,30,random_regular,100,4,804,116,3.7220699681345786,49,116,0.4224137931034483,46,96
v2_random_evolution_s30,v2,random_evolution,30,random_regular,100,4,805,9,1.3862943611158909,4,9,0.4444444444444444,61,56
v2_random_evolution_s30,v2,random_evolution,30,random_regular,100,4,806,65,3.2826939972510645,28,65,0.4307692307692308,76,56
v2_random_evolution_s30,v2,random_evolution,30,random_regular,100,4,807,28,2.7080502010872096,15,28,0.5357142857142857,50,96
v2_random_evolution_s30,v2,random_evolution,30,random_regular,100,4,808,12,1.791759469222055,6,12,0.5,37,56
v2_random_evolution_s30,v2,random_evolution,30,random_regular,100,4,809,49,2.685945324654788,16,49,0.32653061224489793,75,84
v2_random_evolution_s30,v2,random_evolution,30,random_regular,100,4,810,1,-1.000088900581841e-12,1,1,1.0,66,89
v2_random_evolution_s30,v2,random_evolution,30,random_regular,100,4,811,157,3.9855962881636846,64,157,0.40764331210191085,73,29
v2_random_evolution_s30,v2,random_evolution,30,random_regular,100,4,812,39,2.639057329601259,14,39,0.358974358974359,97,96
v2_random_evolution_s30,v2,random_evolution,30,random_regular,100,4,813,75,3.367295829957475,29,75,0.38666666666666666,58,29
v2_random_evolution_s30,v2,random_evolution,30,random_regular,100,4,814,9,1.3862943611158909,4,9,0.4444444444444444,22,56
v2_random_evolution_s30,v2,random_evolution,30,random_regular,100,4,815,0,0.0,0,0,,56,56
v2_random_evolution_s30,v2,random_evolution,30,random_regular,100,4,816,212,4.271471016837093,82,212,0.3867924528301887,61,29
v2_random_evolution_s30,v2,random_evolution,30,random_regular,100,4,817,7,1.3862943611158909,4,7,0.5714285714285714,80,29
v2_random_evolution_s30,v2,random_evolution,30,random_regular,100,4,818,16,2.079441541671836,8,16,0.5,19,96
v2_random_evolution_s30,v2,random_evolution,30,random_regular,100,4,819,10,1.6094379124291005,5,10,0.5,9,84
v2_random_evolution_s30,v2,random_evolution,30,random_regular,100,4,820,22,2.2718685126865625,11,22,0.5,0,96
v2_random_evolution_s30,v2,random_evolution,30,random_regular,100,4,821,22,2.079441541671836,8,22,0.36363636363636365,71,56
v2_random_evolution_s30,v2,random_evolution,30,random_regular,100,4,822,70,3.4761312408209912,35,70,0.5,32,56
v2_random_evolution_s30,v2,random_evolution,30,random_regular,100,4,823,252,4.158314882821573,103,252,0.4087301587301587,22,96
v2_random_evolution_s30,v2,random_evolution,30,random_regular,100,4,824,36,2.61563057701355,15,36,0.4166666666666667,54,29
v2_random_evolution_s30,v2,random_evolution,30,random_regular,100,4,825,68,2.8979325974534653,26,68,0.38235294117647056,50,56
v2_random_evolution_s30,v2,random_evolution,30,random_regular,100,4,826,164,3.926399334542064,68,164,0.4146341463414634,86,96
v2_random_evolution_s30,v2,random_evolution,30,random_regular,100,4,827,52,3.044522437702424,21,52,0.40384615384615385,91,96
v2_random_evolution_s30,v2,random_evolution,30,random_regular,100,4,828,4,-1.000088900581841e-12,1,4,0.25,3,29
v2_random_evolution_s30,v2,random_evolution,30,random_regular,100,4,829,128,3.7379676629805214,52,128,0.40625,72,96
v2_random_evolution_s30,v2,random_evolution,30,random_regular,100,4,830,8,1.3862943611158909,4,8,0.5,60,29
v2_random_evolution_s30,v2,random_evolution,30,random_regular,100,4,831,22,2.3516733018936304,13,22,0.5909090909090909,33,89
v2_random_evolution_s30,v2,random_evolution,30,random_regular,100,4,832,336,4.485684185905564,136,336,0.40476190476190477,67,84
v2_random_evolution_s30,v2,random_evolution,30,random_regular,100,4,833,0,0.0,0,0,,89,89
v2_random_evolution_s30,v2,random_evolution,30,random_regular,100,4,834,20,1.9459101490483133,7,20,0.35,98,29
v2_random_evolution_s30,v2,random_evolution,30,random_regular,100,4,835,111,3.463713866568818,45,111,0.40540540540540543,93,56
v2_random_evolution_s30,v2,random_evolution,30,random_regular,100,4,836,115,3.9706172797023616,62,115,0.5391304347826087,2,56
v2_random_evolution_s30,v2,random_evolution,30,random_regular,100,4,837,173,3.965337303984852,69,173,0.3988439306358382,28,84
v2_random_evolution_s30,v2,random_evolution,30,random_regular,100,4,838,339,4.558417246790708,132,339,0.3893805309734513,82,84
v2_random_evolution_s30,v2,random_evolution,30,random_regular,100,4,839,127,3.801119456492554,50,127,0.3937007874015748,15,96
v2_random_evolution_s30,v2,random_evolution,30,random_regular,100,4,840,11,1.3862943611158909,4,11,0.36363636363636365,7,96
v2_random_evolution_s30,v2,random_evolution,30,random_regular,100,4,841,0,0.0,0,0,,89,89
v2_random_evolution_s30,v2,random_evolution,30,random_regular,100,4,842,83,3.233183484354926,28,83,0.3373493975903614,98,56
v2_random_evolution_s30,v2,random_evolution,30,random_regular,100,4,843,41,2.5649493574485365,13,41,0.3170731707317073,9,56
v2_random_evolution_s30,v2,random_evolution,30,random_regular,100,4,844,328,4.556873015409115,130,328,0.39634146341463417,99,29
v2_random_evolution_s30,v2,random_evolution,30,random_regular,100,4,845,24,2.1639556568730565,10,24,0.4166666666666667,32,84
v2_random_evolution_s30,v2,random_evolution,30,random_regular,100,4,846,187,4.036027569086533,68,187,0.36363636363636365,0,89
v2_random_evolution_s30,v2,random_evolution,30,random_regular,100,4,847,40,2.871476118036867,19,40,0.475,44,96
v2_random_evolution_s30,v2,random_evolution,30,random_regular,100,4,848,153,4.161141588856731,72,153,0.47058823529411764,49,56
v2_random_evolution_s30,v2,random_evolution,30,random_regular,100,4,849,99,3.385458174669731,40,99,0.40404040404040403,53,96
v2_random_evolution_s30,v2,random_evolution,30,random_regular,100,4,850,0,0.0,0,0,,89,89
v2_random_evolution_s30,v2,random_evolution,30,random_regular,100,4,851,122,3.850278905551626,51,122,0.4180327868852459,20,96
v2_random_evolution_s30,v2,random_evolution,30,random_regular,100,4,852,364,4.551491099775584,133,364,0.36538461538461536,94,89
v2_random_evolution_s30,v2,random_evolution,30,random_regular,100,4,853,155,3.881178933827659,62,155,0.4,21,96
v2_random_evolution_s30,v2,random_evolution,30,random_regular,100,4,854,96,3.5636428037030963,44,96,0.4583333333333333,8,29
v2_random_evolution_s30,v2,random_evolution,30,random_regular,100,4,855,30,2.057897531913409,13,30,0.43333333333333335,34,84
v2_random_evolution_s30,v2,random_evolution,30,random_regular,100,4,856,59,3.0246955538362474,26,59,0.4406779661016949,63,96
v2_random_evolution_s30,v2,random_evolution,30,random_regular,100,4,857,103,3.6322425006666657,43,103,0.4174757281553398,65,29
v2_random_evolution_s30,v2,random_evolution,30,random_regular,100,4,858,0,0.0,0,0,,89,89
v2_random_evolution_s30,v2,random_evolution,30,random_regular,100,4,859,149,3.8483315872860895,59,149,0.3959731543624161,67,56
v2_random_evolution_s30,v2,random_evolution,30,random_regular,100,4,860,18,2.3978952727873706,11,18,0.6111111111111112,2,56
v2_random_evolution_s30,v2,random_evolution,30,random_regular,100,4,861,14,2.197224577327219,9,14,0.6428571428571429,46,84
v2_random_evolution_s30,v2,random_evolution,30,random_regular,100,4,862,73,3.198916528694685,30,73,0.410958904109589,38,56
v2_random_evolution_s30,v2,random_evolution,30,random_regular,100,4,863,62,2.8113759572431496,23,62,0.3709677419354839,68,89
v2_random_evolution_s30,v2,random_evolution,30,random_regular,100,4,864,24,1.9459101490483133,7,24,0.2916666666666667,65,56
v2_random_evolution_s30,v2,random_evolution,30,random_regular,100,4,865,194,4.172270470788729,78,194,0.4020618556701031,11,89
v2_random_evolution_s30,v2,random_evolution,30,random_regular,100,4,866,3,-1.000088900581841e-12,1,3,0.3333333333333333,62,29
v2_random_evolution_s30,v2,random_evolution,30,random_regular,100,4,867,36,2.7080502010872096,15,36,0.4166666666666667,53,96
v2_random_evolution_s30,v2,random_evolution,30,random_regular,100,4,868,34,2.772588722223781,16,34,0.47058823529411764,59,96
v2_random_evolution_s30,v2,random_evolution,30,random_regular,100,4,869,18,2.1639556568730565,10,18,0.5555555555555556,36,84
v2_random_evolution_s30,v2,random_evolution,30,random_regular,100,4,870,38,2.670119889791816,17,38,0.4473684210526316,99,89
v2_random_evolution_s30,v2,random_evolution,30,random_regular,100,4,871,179,3.955715126056112,60,179,0.33519553072625696,46,84
v2_random_evolution_s30,v2,random_evolution,30,random_regular,100,4,872,162,4.1226334121609565,72,162,0.4444444444444444,81,84
v2_random_evolution_s30,v2,random_evolution,30,random_regular,100,4,873,46,2.9957322735339904,20,46,0.43478260869565216,80,96
v2_random_evolution_s30,v2,random_evolution,30,random_regular,100,4,874,127,3.676069881646496,61,127,0.48031496062992124,80,29
v2_random_evolution_s30,v2,random_evolution,30,random_regular,100,4,875,39,2.484906649776,12,39,0.3076923076923077,10,84
v2_random_evolution_s30,v2,random_evolution,30,random_regular,100,4,876,15,1.9459101490483133,7,15,0.4666666666666667,0,96
v2_random_evolution_s30,v2,random_evolution,30,random_regular,100,4,877,48,2.6701198897918164,17,48,0.3541666666666667,64,29
v2_random_evolution_s30,v2,random_evolution,30,random_regular,100,4,878,334,4.4125223561923885,117,334,0.3502994011976048,28,89
v2_random_evolution_s30,v2,random_evolution,30,random_regular,100,4,879,35,2.4583113296710835,13,35,0.37142857142857144,39,89
v2_random_evolution_s30,v2,random_evolution,30,random_regular,100,4,880,20,2.079441541671836,8,20,0.4,80,96
v2_random_evolution_s30,v2,random_evolution,30,random_regular,100,4,881,11,1.6094379124291005,5,11,0.45454545454545453,3,56
v2_random_evolution_s30,v2,random_evolution,30,random_regular,100,4,882,88,3.3909780549362365,36,88,0.4090909090909091,68,89
v2_random_evolution_s30,v2,random_evolution,30,random_regular,100,4,883,25,2.245035274116177,13,25,0.52,35,56
v2_random_evolution_s30,v2,random_evolution,30,random_regular,100,4,884,23,1.820075975353621,12,23,0.5217391304347826,74,89
v2_random_evolution_s30,v2,random_evolution,30,random_regular,100,4,885,48,2.912494403312053,21,48,0.4375,39,84
v2_random_evolution_s30,v2,random_evolution,30,random_regular,100,4,886,72,3.052520501511814,25,72,0.3472222222222222,14,29
v2_random_evolution_s30,v2,random_evolution,30,random_regular,100,4,887,107,3.584907376992945,40,107,0.37383177570093457,45,56
v2_random_evolution_s30,v2,random_evolution,30,random_regular,100,4,888,87,3.5646232985788124,38,87,0.4367816091954023,28,56
v2_random_evolution_s30,v2,random_evolution,30,random_regular,100,4,889,167,3.8497904235330513,70,167,0.41916167664670656,45,56
v2_random_evolution_s30,v2,random_evolution,30,random_regular,100,4,890,168,4.1153660768308935,72,168,0.42857142857142855,34,96
v2_random_evolution_s30,v2,random_evolution,30,random_regular,100,4,891,73,3.1064969046220257,30,73,0.410958904109589,41,96
v2_random_evolution_s30,v2,random_evolution,30,random_regular,100,4,892,263,4.416284495807627,120,263,0.45627376425855515,8,56
v2_random_evolution_s30,v2,random_evolution,30,random_regular,100,4,893,68,3.244454041235864,33,68,0.4852941176470588,55,84
v2_random_evolution_s30,v2,random_evolution,30,random_regular,100,4,894,166,3.7270926160023743,61,166,0.3674698795180723,90,96
v2_random_evolution_s30,v2,random_evolution,30,random_regular,100,4,895,5,-1.000088900581841e-12,1,5,0.2,51,89
v2_random_evolution_s30,v2,random_evolution,30,random_regular,100,4,896,24,2.0431918705371204,9,24,0.375,28,96
v2_random_evolution_s30,v2,random_evolution,30,random_regular,100,4,897,52,2.639057329601259,14,52,0.2692307692307692,55,89
v2_random_evolution_s30,v2,random_evolution,30,random_regular,100,4,898,59,3.0752205480323718,23,59,0.3898305084745763,94,89
v2_random_evolution_s30,v2,random_evolution,30,random_regular,100,4,899,2,-1.000088900581841e-12,1,2,0.5,52,96
v2_random_evolution_s30,v2,random_evolution,30,random_regular,100,4,900,69,3.062529300232621,24,69,0.34782608695652173,22,89
v2_random_evolution_s30,v2,random_evolution,30,random_regular,100,4,901,138,3.866068812498448,59,138,0.427536231884058,19,96
v2_random_evolution_s30,v2,random_evolution,30,random_regular,100,4,902,1,-1.000088900581841e-12,1,1,1.0,77,96
v2_random_evolution_s30,v2,random_evolution,30,random_regular,100,4,903,132,3.629250947686148,48,132,0.36363636363636365,79,56
v2_random_evolution_s30,v2,random_evolution,30,random_regular,100,4,904,54,3.1931483947852626,27,54,0.5,40,96
v2_random_evolution_s30,v2,random_evolution,30,random_regular,100,4,905,80,3.498515667114017,37,80,0.4625,62,96
v2_random_evolution_s30,v2,random_evolution,30,random_regular,100,4,906,254,4.370072864301376,102,254,0.4015748031496063,47,56
v2_random_evolution_s30,v2,random_evolution,30,random_regular,100,4,907,20,1.791759469222055,6,20,0.3,53,29
v2_random_evolution_s30,v2,random_evolution,30,random_regular,100,4,908,0,0.0,0,0,,56,56
v2_random_evolution_s30,v2,random_evolution,30,random_regular,100,4,909,75,3.389268031515795,31,75,0.41333333333333333,73,29
v2_random_evolution_s30,v2,random_evolution,30,random_regular,100,4,910,65,2.7738522086634823,23,65,0.35384615384615387,87,96
v2_random_evolution_s30,v2,random_evolution,30,random_regular,100,4,911,56,2.9957322735339904,20,56,0.35714285714285715,50,89
v2_random_evolution_s30,v2,random_evolution,30,random_regular,100,4,912,139,3.684647720069866,61,139,0.43884892086330934,77,84
v2_random_evolution_s30,v2,random_evolution,30,random_regular,100,4,913,40,2.7144523517264965,21,40,0.525,68,84
v2_random_evolution_s30,v2,random_evolution,30,random_regular,100,4,914,59,2.886165178180427,25,59,0.423728813559322,3,56
v2_random_evolution_s30,v2,random_evolution,30,random_regular,100,4,915,101,3.6280156368321625,39,101,0.38613861386138615,74,96
v2_random_evolution_s30,v2,random_evolution,30,random_regular,100,4,916,78,3.396633717011105,33,78,0.4230769230769231,58,56
v2_random_evolution_s30,v2,random_evolution,30,random_regular,100,4,917,175,3.9042622354965486,64,175,0.3657142857142857,17,96
v2_random_evolution_s30,v2,random_evolution,30,random_regular,100,4,918,4,0.6931471805579453,2,4,0.5,13,89
v2_random_evolution_s30,v2,random_evolution,30,random_regular,100,4,919,182,3.9527165149361823,74,182,0.4065934065934066,60,96
v2_random_evolution_s30,v2,random_evolution,30,random_regular,100,4,920,25,2.540036303807981,14,25,0.56,98,29
v2_random_evolution_s30,v2,random_evolution,30,random_regular,100,4,921,38,2.670119889791816,17,38,0.4473684210526316,92,96
v2_random_evolution_s30,v2,random_evolution,30,random_regular,100,4,922,36,2.5993019270857944,16,36,0.4444444444444444,87,84
v2_random_evolution_s30,v2,random_evolution,30,random_regular,100,4,923,228,4.431114843496466,104,228,0.45614035087719296,16,84
v2_random_evolution_s30,v2,random_evolution,30,random_regular,100,4,924,78,3.151458510219029,26,78,0.3333333333333333,39,29
v2_random_evolution_s30,v2,random_evolution,30,random_regular,100,4,925,160,3.8977607920910886,61,160,0.38125,34,56
v2_random_evolution_s30,v2,random_evolution,30,random_regular,100,4,926,52,2.665394159967387,22,52,0.4230769230769231,38,29
v2_random_evolution_s30,v2,random_evolution,30,random_regular,100,4,927,76,3.189454205571105,32,76,0.42105263157894735,64,96
v2_random_evolution_s30,v2,random_evolution,30,random_regular,100,4,928,6,0.6931471805579453,2,6,0.3333333333333333,11,89
v2_random_evolution_s30,v2,random_evolution,30,random_regular,100,4,929,3,0.6931471805579453,2,3,0.6666666666666666,69,84
v2_random_evolution_s30,v2,random_evolution,30,random_regular,100,4,930,78,3.3445488585774434,31,78,0.3974358974358974,57,56
v2_random_evolution_s30,v2,random_evolution,30,random_regular,100,4,931,81,3.104074021505185,31,81,0.38271604938271603,81,96
v2_random_evolution_s30,v2,random_evolution,30,random_regular,100,4,932,25,2.302585092984045,10,25,0.4,71,96
v2_random_evolution_s30,v2,random_evolution,30,random_regular,100,4,933,0,0.0,0,0,,96,96
v2_random_evolution_s30,v2,random_evolution,30,random_regular,100,4,934,1,-1.000088900581841e-12,1,1,1.0,86,29
v2_random_evolution_s30,v2,random_evolution,30,random_regular,100,4,935,182,4.072189681288071,74,182,0.4065934065934066,36,84
v2_random_evolution_s30,v2,random_evolution,30,random_regular,100,4,936,10,0.6931471805579453,2,10,0.2,62,84
v2_random_evolution_s30,v2,random_evolution,30,random_regular,100,4,937,5,0.6931471805579453,2,5,0.4,62,84
v2_random_evolution_s30,v2,random_evolution,30,random_regular,100,4,938,229,4.225147475809925,91,229,0.39737991266375544,50,96
v2_random_evolution_s30,v2,random_evolution,30,random_regular,100,4,939,5,1.039720770836918,4,5,0.8,59,84
v2_random_evolution_s30,v2,random_evolution,30,random_regular,100,4,940,131,3.753434273122641,60,131,0.4580152671755725,7,56
v2_random_evolution_s30,v2,random_evolution,30,random_regular,100,4,941,128,3.6745861847901296,52,128,0.40625,8,96
v2_random_evolution_s30,v2,random_evolution,30,random_regular,100,4,942,112,3.503284885682769,43,112,0.38392857142857145,38,96
v2_random_evolution_s30,v2,random_evolution,30,random_regular,100,4,943,16,1.6094379124291005,5,16,0.3125,50,84
v2_random_evolution_s30,v2,random_evolution,30,random_regular,100,4,944,8,-1.000088900581841e-12,1,8,0.125,93,96
v2_random_evolution_s30,v2,random_evolution,30,random_regular,100,4,945,75,3.2924491076317413,32,75,0.4266666666666667,5,56
v2_random_evolution_s30,v2,random_evolution,30,random_regular,100,4,946,103,3.612301431509837,51,103,0.49514563106796117,10,96
v2_random_evolution_s30,v2,random_evolution,30,random_regular,100,4,947,20,2.079441541671836,8,20,0.4,97,56
v2_random_evolution_s30,v2,random_evolution,30,random_regular,100,4,948,177,3.951790904646536,61,177,0.3446327683615819,32,29
v2_random_evolution_s30,v2,random_evolution,30,random_regular,100,4,949,181,4.260725878002892,80,181,0.4419889502762431,33,29
v2_random_evolution_s30,v2,random_evolution,30,random_regular,100,4,950,56,2.9444389791474395,19,56,0.3392857142857143,48,56
v2_random_evolution_s30,v2,random_evolution,30,random_regular,100,4,951,79,3.1239385094141774,30,79,0.379746835443038,42,96
v2_random_evolution_s30,v2,random_evolution,30,random_regular,100,4,952,160,3.958791821055205,63,160,0.39375,1,89
v2_random_evolution_s30,v2,random_evolution,30,random_regular,100,4,953,97,3.6109179126072246,37,97,0.38144329896907214,78,84
v2_random_evolution_s30,v2,random_evolution,30,random_regular,100,4,954,252,4.2428755692121225,92,252,0.36507936507936506,73,96
v2_random_evolution_s30,v2,random_evolution,30,random_regular,100,4,955,108,3.5445117787268576,41,108,0.37962962962962965,50,84
v2_random_evolution_s30,v2,random_evolution,30,random_regular,100,4,956,11,1.0986122886651095,3,11,0.2727272727272727,66,89
v2_random_evolution_s30,v2,random_evolution,30,random_regular,100,4,957,47,2.918057526059794,26,47,0.5531914893617021,94,96
v2_random_evolution_s30,v2,random_evolution,30,random_regular,100,4,958,53,2.912494403312053,21,53,0.39622641509433965,18,56
v2_random_evolution_s30,v2,random_evolution,30,random_regular,100,4,959,43,3.1780538303239454,24,43,0.5581395348837209,40,84
v2_random_evolution_s30,v2,random_evolution,30,random_regular,100,4,960,50,2.6525875347051477,19,50,0.38,75,56
v2_random_evolution_s30,v2,random_evolution,30,random_regular,100,4,961,33,2.341994252221425,14,33,0.42424242424242425,26,89
v2_random_evolution_s30,v2,random_evolution,30,random_regular,100,4,962,8,1.6094379124291005,5,8,0.625,53,29
v2_random_evolution_s30,v2,random_evolution,30,random_regular,100,4,963,91,3.370480801334671,33,91,0.3626373626373626,9,89
v2_random_evolution_s30,v2,random_evolution,30,random_regular,100,4,964,288,4.393297223044026,117,288,0.40625,69,84
v2_random_evolution_s30,v2,random_evolution,30,random_regular,100,4,965,28,2.540036303807981,14,28,0.5,95,89
v2_random_evolution_s30,v2,random_evolution,30,random_regular,100,4,966,16,2.079441541671836,8,16,0.5,95,56
v2_random_evolution_s30,v2,random_evolution,30,random_regular,100,4,967,33,2.5232109529398907,15,33,0.45454545454545453,9,96
v2_random_evolution_s30,v2,random_evolution,30,random_regular,100,4,968,170,4.150213199127842,80,170,0.47058823529411764,76,96
v2_random_evolution_s30,v2,random_evolution,30,random_regular,100,4,969,4,0.6931471805579453,2,4,0.5,70,96
v2_random_evolution_s30,v2,random_evolution,30,random_regular,100,4,970,78,3.5646232985788124,38,78,0.48717948717948717,62,84
v2_random_evolution_s30,v2,random_evolution,30,random_regular,100,4,971,118,3.6690330832035736,48,118,0.4067796610169492,7,96
v2_random_evolution_s30,v2,random_evolution,30,random_regular,100,4,972,134,3.789700566979193,61,134,0.4552238805970149,95,96
v2_random_evolution_s30,v2,random_evolution,30,random_regular,100,4,973,57,2.9957322735339904,20,57,0.3508771929824561,5,56
v2_random_evolution_s30,v2,random_evolution,30,random_regular,100,4,974,11,1.6094379124291005,5,11,0.45454545454545453,93,96
v2_random_evolution_s30,v2,random_evolution,30,random_regular,100,4,975,13,1.0986122886651095,3,13,0.23076923076923078,79,96
v2_random_evolution_s30,v2,random_evolution,30,random_regular,100,4,976,202,3.964081138322145,82,202,0.40594059405940597,49,96
v2_random_evolution_s30,v2,random_evolution,30,random_regular,100,4,977,151,4.101237816260317,67,151,0.44370860927152317,32,29
v2_random_evolution_s30,v2,random_evolution,30,random_regular,100,4,978,6,1.3862943611158909,4,6,0.6666666666666666,74,29
v2_random_evolution_s30,v2,random_evolution,30,random_regular,100,4,979,12,1.791759469222055,6,12,0.5,17,84
v2_random_evolution_s30,v2,random_evolution,30,random_regular,100,4,980,72,3.1514585102190296,26,72,0.3611111111111111,94,29
v2_random_evolution_s30,v2,random_evolution,30,random_regular,100,4,981,132,3.4850576613513,49,132,0.3712121212121212,69,56
v2_random_evolution_s30,v2,random_evolution,30,random_regular,100,4,982,56,3.163424050399405,25,56,0.44642857142857145,85,84
v2_random_evolution_s30,v2,random_evolution,30,random_regular,100,4,983,152,3.99571645395058,65,152,0.4276315789473684,11,96
v2_random_evolution_s30,v2,random_evolution,30,random_regular,100,4,984,49,2.8332133440392155,17,49,0.3469387755102041,26,96
v2_random_evolution_s30,v2,random_evolution,30,random_regular,100,4,985,69,2.985630919874231,28,69,0.4057971014492754,87,84
v2_random_evolution_s30,v2,random_evolution,30,random_regular,100,4,986,138,3.895099034106584,62,138,0.4492753623188406,16,84
v2_random_evolution_s30,v2,random_evolution,30,random_regular,100,4,987,102,3.6654865248255626,49,102,0.4803921568627451,57,84
v2_random_evolution_s30,v2,random_evolution,30,random_regular,100,4,988,75,3.104074021506185,31,75,0.41333333333333333,35,29
v2_random_evolution_s30,v2,random_evolution,30,random_regular,100,4,989,91,3.2491274088477446,32,91,0.3516483516483517,44,84
v2_random_evolution_s30,v2,random_evolution,30,random_regular,100,4,990,115,3.4768876635522776,41,115,0.3565217391304348,0,96
v2_random_evolution_s30,v2,random_evolution,30,random_regular,100,4,991,56,3.163424050399405,25,56,0.44642857142857145,94,96
v2_random_evolution_s30,v2,random_evolution,30,random_regular,100,4,992,39,2.1639556568730565,10,39,0.2564102564102564,92,96
v2_random_evolution_s30,v2,random_evolution,30,random_regular,100,4,993,66,3.204777524107256,26,66,0.3939393939393939,61,84
v2_random_evolution_s30,v2,random_evolution,30,random_regular,100,4,994,92,3.5677636931747174,43,92,0.4673913043478261,37,84
v2_random_evolution_s30,v2,random_evolution,30,random_regular,100,4,995,34,2.61563057701355,15,34,0.4411764705882353,48,56
v2_random_evolution_s30,v2,random_evolution,30,random_regular,100,4,996,46,2.7555497906471795,21,46,0.45652173913043476,35,89
v2_random_evolution_s30,v2,random_evolution,30,random_regular,100,4,997,35,2.8332133440392155,17,35,0.4857142857142857,64,96
v2_random_evolution_s30,v2,random_evolution,30,random_regular,100,4,998,8,1.6094379124291005,5,8,0.625,41,56
v2_random_evolution_s30,v2,random_evolution,30,random_regular,100,4,999,20,2.484906649776,12,20,0.6,9,56
