run_id,validation_version,condition,seed,topology,n_nodes,degree,episode_idx,hitting_time,path_entropy,accepted_moves,attempted_moves,accept_rate,start_node,final_node
v2_random_evolution_s8,v2,random_evolution,8,random_regular,100,4,0,153,3.920486929157628,61,153,0.39869281045751637,4,28
v2_random_evolution_s8,v2,random_evolution,8,random_regular,100,4,1,19,2.079441541671836,8,19,0.42105263157894735,61,47
v2_random_evolution_s8,v2,random_evolution,8,random_regular,100,4,2,17,1.7478680974607577,7,17,0.4117647058823529,25,28
v2_random_evolution_s8,v2,random_evolution,8,random_regular,100,4,3,4,1.0986122886651095,3,4,0.75,60,8
v2_random_evolution_s8,v2,random_evolution,8,random_regular,100,4,4,52,3.0149468801585937,23,52,0.4423076923076923,70,81
v2_random_evolution_s8,v2,random_evolution,8,random_regular,100,4,5,69,3.299829685639092,31,69,0.4492753623188406,33,8
v2_random_evolution_s8,v2,random_evolution,8,random_regular,100,4,6,224,4.090923388869773,74,224,0.33035714285714285,95,28
v2_random_evolution_s8,v2,random_evolution,8,random_regular,100,4,7,37,2.484906649776,12,37,0.32432432432432434,91,81
v2_random_evolution_s8,v2,random_evolution,8,random_regular,100,4,8,129,3.5147109883843117,42,129,0.32558139534883723,24,8
v2_random_evolution_s8,v2,random_evolution,8,random_regular,100,4,9,50,2.5520852976069666,19,50,0.38,40,8
v2_random_evolution_s8,v2,random_evolution,8,random_regular,100,4,10,40,2.61563057701355,15,40,0.375,69,47
v2_random_evolution_s8,v2,random_evolution,8,random_regular,100,4,11,112,3.423580836785212,37,112,0.33035714285714285,49,47
v2_random_evolution_s8,v2,random_evolution,8,random_regular,100,4,12,38,2.505289990905417,18,38,0.47368421052631576,57,38
v2_random_evolution_s8,v2,random_evolution,8,random_regular,100,4,13,25,2.484906649776,12,25,0.48,0,28
v2_random_evolution_s8,v2,random_evolution,8,random_regular,100,4,14,102,3.673173853440987,47,102,0.46078431372549017,6,81
v2_random_evolution_s8,v2,random_evolution,8,random_regular,100,4,15,1,-1.000088900581841e-12,1,1,1.0,60,8
v2_random_evolution_s8,v2,random_evolution,8,random_regular,100,4,16,361,4.632757155301935,150,361,0.4155124653739612,30,28
v2_random_evolution_s8,v2,random_evolution,8,random_regular,100,4,17,5,0.6931471805579453,2,5,0.4,96,8
v2_random_evolution_s8,v2,random_evolution,8,random_regular,100,4,18,105,3.4414093189206487,38,105,0.3619047619047619,39,28
v2_random_evolution_s8,v2,random_evolution,8,random_regular,100,4,19,11,1.9459101490483133,7,11,0.6363636363636364,1,47
v2_random_evolution_s8,v2,random_evolution,8,random_regular,100,4,20,46,2.9957322735339904,20,46,0.43478260869565216,92,38
v2_random_evolution_s8,v2,random_evolution,8,random_regular,100,4,21,0,0.0,0,0,,47,47
v2_random_evolution_s8,v2,random_evolution,8,random_regular,100,4,22,16,1.791759469222055,6,16,0.375,93,8
v2_random_evolution_s8,v2,random_evolution,8,random_regular,100,4,23,41,2.813355404483615,18,41,0.43902439024390244,19,8
v2_random_evolution_s8,v2,random_evolution,8,random_regular,100,4,24,125,3.555595131691821,43,125,0.344,61,81
v2_random_evolution_s8,v2,random_evolution,8,random_regular,100,4,25,62,3.1836729714587872,28,62,0.45161290322580644,17,8
v2_random_evolution_s8,v2,random_evolution,8,random_regular,100,4,26,48,2.871476118036867,19,48,0.3958333333333333,45,47
v2_random_evolution_s8,v2,random_evolution,8,random_regular,100,4,27,18,1.3862943611158909,4,18,0.2222222222222222,41,38
v2_random_evolution_s8,v2,random_evolution,8,random_regular,100,4,28,90,3.370480801334672,33,90,0.36666666666666664,11,81
v2_random_evolution_s8,v2,random_evolution,8,random_regular,100,4,29,70,3.335770806415738,32,70,0.45714285714285713,43,38
v2_random_evolution_s8,v2,random_evolution,8,random_regular,100,4,30,97,3.2370095349868344,39,97,0.4020618556701031,54,81
v2_random_evolution_s8,v2,random_evolution,8,random_regular,100,4,31,0,0.0,0,0,,8,8
v2_random_evolution_s8,v2,random_evolution,8,random_regular,100,4,32,124,3.5982245479693318,49,124,0.3951612903225806,45,47
v2_random_evolution_s8,v2,random_evolution,8,random_regular,100,4,33,4,-1.000088900581841e-12,1,4,0.25,22,47
v2_random_evolution_s8,v2,random_evolution,8,random_regular,100,4,34,195,3.925923084888047,64,195,0.3282051282051282,3,28
v2_random_evolution_s8,v2,random_evolution,8,random_regular,100,4,35,54,3.0149468801585937,23,54,0.42592592592592593,5,28
v2_random_evolution_s8,v2,random_evolution,8,random_regular,100,4,36,181,3.753062821405451,65,181,0.35911602209944754,33,81
v2_random_evolution_s8,v2,random_evolution,8,random_regular,100,4,37,6,-1.000088900581841e-12,1,6,0.16666666666666666,40,38
v2_random_evolution_s8,v2,random_evolution,8,random_regular,100,4,38,22,2.3978952727873706,11,22,0.5,18,47
v2_random_evolution_s8,v2,random_evolution,8,random_regular,100,4,39,56,2.7985132569262934,19,56,0.3392857142857143,73,47
v2_random_evolution_s8,v2,random_evolution,8,random_regular,100,4,40,27,2.079441541671836,8,27,0.2962962962962963,96,8
v2_random_evolution_s8,v2,random_evolution,8,random_regular,100,4,41,127,3.874376507706896,71,127,0.5590551181102362,66,8
v2_random_evolution_s8,v2,random_evolution,8,random_regular,100,4,42,270,4.195898230614164,99,270,0.36666666666666664,45,47
v2_random_evolution_s8,v2,random_evolution,8,random_regular,100,4,43,17,1.3862943611158909,4,17,0.23529411764705882,79,28
v2_random_evolution_s8,v2,random_evolution,8,random_regular,100,4,44,77,3.060287092585695,30,77,0.38961038961038963,77,47
v2_random_evolution_s8,v2,random_evolution,8,random_regular,100,4,45,19,2.302585092984045,10,19,0.5263157894736842,70,81
v2_random_evolution_s8,v2,random_evolution,8,random_regular,100,4,46,41,2.736339051089065,18,41,0.43902439024390244,50,28
v2_random_evolution_s8,v2,random_evolution,8,random_regular,100,4,47,153,3.662825229362048,53,153,0.3464052287581699,70,81
v2_random_evolution_s8,v2,random_evolution,8,random_regular,100,4,48,85,3.050147243723477,35,85,0.4117647058823529,4,28
v2_random_evolution_s8,v2,random_evolution,8,random_regular,100,4,49,104,3.578323836314148,41,104,0.3942307692307692,73,47
v2_random_evolution_s8,v2,random_evolution,8,random_regular,100,4,50,50,3.044820482442576,26,50,0.52,46,47
v2_random_evolution_s8,v2,random_evolution,8,random_regular,100,4,51,0,0.0,0,0,,8,8
v2_random_evolution_s8,v2,random_evolution,8,random_regular,100,4,52,148,3.787782236292736,64,148,0.43243243243243246,16,8
v2_random_evolution_s8,v2,random_evolution,8,random_regular,100,4,53,5,0.6931471805579453,2,5,0.4,70,38
v2_random_evolution_s8,v2,random_evolution,8,random_regular,100,4,54,6,1.0986122886651095,3,6,0.5,73,8
v2_random_evolution_s8,v2,random_evolution,8,random_regular,100,4,55,35,2.2718685126865625,11,35,0.3142857142857143,50,38
v2_random_evolution_s8,v2,random_evolution,8,random_regular,100,4,56,86,3.5281418680240257,38,86,0.4418604651162791,67,38
v2_random_evolution_s8,v2,random_evolution,8,random_regular,100,4,57,220,4.245501821486684,95,220,0.4318181818181818,40,81
v2_random_evolution_s8,v2,random_evolution,8,random_regular,100,4,58,91,3.537168814371834,40,91,0.43956043956043955,13,28
v2_random_evolution_s8,v2,random_evolution,8,random_regular,100,4,59,42,2.751666616915516,17,42,0.40476190476190477,64,8
v2_random_evolution_s8,v2,random_evolution,8,random_regular,100,4,60,18,2.079441541671836,8,18,0.4444444444444444,34,81
v2_random_evolution_s8,v2,random_evolution,8,random_regular,100,4,61,54,3.1780538303239454,24,54,0.4444444444444444,48,81
v2_random_evolution_s8,v2,random_evolution,8,random_regular,100,4,62,48,2.787788119369007,20,48,0.4166666666666667,95,28
v2_random_evolution_s8,v2,random_evolution,8,random_regular,100,4,63,0,0.0,0,0,,81,81
v2_random_evolution_s8,v2,random_evolution,8,random_regular,100,4,64,73,3.2551105127007407,31,73,0.4246575342465753,45,28
v2_random_evolution_s8,v2,random_evolution,8,random_regular,100,4,65,51,3.0280290732864104,22,51,0.43137254901960786,34,28
v2_random_evolution_s8,v2,random_evolution,8,random_regular,100,4,66,9,1.6094379124291005,5,9,0.5555555555555556,65,28
v2_random_evolution_s8,v2,random_evolution,8,random_regular,100,4,67,16,2.079441541671836,8,16,0.5,35,38
v2_random_evolution_s8,v2,random_evolution,8,random_regular,100,4,68,50,2.865235252429845,25,50,0.5,4,8
v2_random_evolution_s8,v2,random_evolution,8,random_regular,100,4,69,38,2.430791328866232,15,38,0.39473684210526316,57,81
v2_random_evolution_s8,v2,random_evolution,8,random_regular,100,4,70,27,2.197224577327219,9,27,0.3333333333333333,85,8
v2_random_evolution_s8,v2,random_evolution,8,random_regular,100,4,71,7,1.3321790402061222,5,7,0.7142857142857143,97,28
v2_random_evolution_s8,v2,random_evolution,8,random_regular,100,4,72,332,4.604033904338301,139,332,0.4186746987951807,66,47
v2_random_evolution_s8,v2,random_evolution,8,random_regular,100,4,73,67,2.787788119369007,20,67,0.29850746268656714,98,47
v2_random_evolution_s8,v2,random_evolution,8,random_regular,100,4,74,1,-1.000088900581841e-12,1,1,1.0,40,38
v2_random_evolution_s8,v2,random_evolution,8,random_regular,100,4,75,3,0.6931471805579453,2,3,0.6666666666666666,96,81
v2_random_evolution_s8,v2,random_evolution,8,random_regular,100,4,76,101,3.070107799017828,32,101,0.31683168316831684,67,81
v2_random_evolution_s8,v2,random_evolution,8,random_regular,100,4,77,92,3.5677636931747174,43,92,0.4673913043478261,23,47
v2_random_evolution_s8,v2,random_evolution,8,random_regular,100,4,78,9,1.791759469222055,6,9,0.6666666666666666,5,47
v2_random_evolution_s8,v2,random_evolution,8,random_regular,100,4,79,58,2.7519159690141213,24,58,0.41379310344827586,30,38
v2_random_evolution_s8,v2,random_evolution,8,random_regular,100,4,80,4,0.6931471805579453,2,4,0.5,40,38
v2_random_evolution_s8,v2,random_evolution,8,random_regular,100,4,81,40,2.787788119369007,20,40,0.5,72,47
v2_random_evolution_s8,v2,random_evolution,8,random_regular,100,4,82,32,2.3978952727873706,11,32,0.34375,29,47
v2_random_evolution_s8,v2,random_evolution,8,random_regular,100,4,83,12,1.791759469222055,6,12,0.5,84,47
v2_random_evolution_s8,v2,random_evolution,8,random_regular,100,4,84,75,3.098139496330803,26,75,0.3466666666666667,29,47
v2_random_evolution_s8,v2,random_evolution,8,random_regular,100,4,85,56,3.044820482442576,26,56,0.4642857142857143,40,38
v2_random_evolution_s8,v2,random_evolution,8,random_regular,100,4,86,102,3.527169277521562,42,102,0.4117647058823529,92,81
v2_random_evolution_s8,v2,random_evolution,8,random_regular,100,4,87,73,3.044820482442576,26,73,0.3561643835616438,15,47
v2_random_evolution_s8,v2,random_evolution,8,random_regular,100,4,88,22,2.197224577327219,9,22,0.4090909090909091,17,28
v2_random_evolution_s8,v2,random_evolution,8,random_regular,100,4,89,7,1.3321790402061222,5,7,0.7142857142857143,93,81
v2_random_evolution_s8,v2,random_evolution,8,random_regular,100,4,90,315,4.587617594803438,136,315,0.43174603174603177,29,8
v2_random_evolution_s8,v2,random_evolution,8,random_regular,100,4,91,19,1.6094379124291005,5,19,0.2631578947368421,17,28
v2_random_evolution_s8,v2,random_evolution,8,random_regular,100,4,92,34,2.430791328866232,15,34,0.4411764705882353,14,38
v2_random_evolution_s8,v2,random_evolution,8,random_regular,100,4,93,87,3.491660437469239,38,87,0.4367816091954023,23,28
v2_random_evolution_s8,v2,random_evolution,8,random_regular,100,4,94,1,-1.000088900581841e-12,1,1,1.0,88,28
v2_random_evolution_s8,v2,random_evolution,8,random_regular,100,4,95,159,3.982163665621608,67,159,0.42138364779874216,65,81
v2_random_evolution_s8,v2,random_evolution,8,random_regular,100,4,96,3,-1.000088900581841e-12,1,3,0.3333333333333333,40,38
v2_random_evolution_s8,v2,random_evolution,8,random_regular,100,4,97,2,0.6931471805579453,2,2,1.0,79,28
v2_random_evolution_s8,v2,random_evolution,8,random_regular,100,4,98,158,3.923088002351249,63,158,0.3987341772151899,33,38
v2_random_evolution_s8,v2,random_evolution,8,random_regular,100,4,99,54,3.2826939972510645,28,54,0.5185185185185185,16,28
v2_random_evolution_s8,v2,random_evolution,8,random_regular,100,4,100,88,3.2663306919268704,34,88,0.38636363636363635,63,28
v2_random_evolution_s8,v2,random_evolution,8,random_regular,100,4,101,126,3.732165102848344,47,126,0.373015873015873,57,8
v2_random_evolution_s8,v2,random_evolution,8,random_regular,100,4,102,23,2.0431918705371204,9,23,0.391304347826087,24,38
v2_random_evolution_s8,v2,random_evolution,8,random_regular,100,4,103,68,2.690828621495594,23,68,0.3382352941176471,89,8
v2_random_evolution_s8,v2,random_evolution,8,random_regular,100,4,104,59,2.8861651781804274,25,59,0.423728813559322,43,8
v2_random_evolution_s8,v2,random_evolution,8,random_regular,100,4,105,3,1.0986122886651095,3,3,1.0,80,28
v2_random_evolution_s8,v2,random_evolution,8,random_regular,100,4,106,127,3.6063085992413177,46,127,0.36220472440944884,48,28
v2_random_evolution_s8,v2,random_evolution,8,random_regular,100,4,107,50,2.926417555478996,20,50,0.4,19,47
v2_random_evolution_s8,v2,random_evolution,8,random_regular,100,4,108,45,2.369382119683676,12,45,0.26666666666666666,89,28
v2_random_evolution_s8,v2,random_evolution,8,random_regular,100,4,109,0,0.0,0,0,,38,38
v2_random_evolution_s8,v2,random_evolution,8,random_regular,100,4,110,74,3.2924491076317413,32,74,0.43243243243243246,26,81
v2_random_evolution_s8,v2,random_evolution,8,random_regular,100,4,111,0,0.0,0,0,,38,38
v2_random_evolution_s8,v2,random_evolution,8,random_regular,100,4,112,5,1.0986122886651095,3,5,0.6,35,28
v2_random_evolution_s8,v2,random_evolution,8,random_regular,100,4,113,61,3.0752205480323718,23,61,0.3770491803278688,40,38
v2_random_evolution_s8,v2,random_evolution,8,random_regular,100,4,114,353,4.521103450668482,142,353,0.40226628895184136,10,81
v2_random_evolution_s8,v2,random_evolution,8,random_regular,100,4,115,2,0.6931471805579453,2,2,1.0,59,8
v2_random_evolution_s8,v2,random_evolution,8,random_regular,100,4,116,75,3.271689322296034,29,75,0.38666666666666666,33,8
v2_random_evolution_s8,v2,random_evolution,8,random_regular,100,4,117,124,3.689669563800905,44,124,0.3548387096774194,7,47
v2_random_evolution_s8,v2,random_evolution,8,random_regular,100,4,118,29,2.302585092984045,10,29,0.3448275862068966,95,28
v2_random_evolution_s8,v2,random_evolution,8,random_regular,100,4,119,10,1.9459101490483133,7,10,0.7,90,38
v2_random_evolution_s8,v2,random_evolution,8,random_regular,100,4,120,35,2.8332133440392155,17,35,0.4857142857142857,48,38
v2_random_evolution_s8,v2,random_evolution,8,random_regular,100,4,121,1,-1.000088900581841e-12,1,1,1.0,86,81
v2_random_evolution_s8,v2,random_evolution,8,random_regular,100,4,122,74,3.1836729714587872,28,74,0.3783783783783784,16,47
v2_random_evolution_s8,v2,random_evolution,8,random_regular,100,4,123,90,3.7113914345883634,49,90,0.5444444444444444,51,8
v2_random_evolution_s8,v2,random_evolution,8,random_regular,100,4,124,108,3.817965922245655,56,108,0.5185185185185185,0,8
v2_random_evolution_s8,v2,random_evolution,8,random_regular,100,4,125,15,1.791759469222055,6,15,0.4,27,28
v2_random_evolution_s8,v2,random_evolution,8,random_regular,100,4,126,81,3.1064969046220257,30,81,0.37037037037037035,39,28
v2_random_evolution_s8,v2,random_evolution,8,random_regular,100,4,127,2,-1.000088900581841e-12,1,2,0.5,68,47
v2_random_evolution_s8,v2,random_evolution,8,random_regular,100,4,128,3,0.6931471805579453,2,3,0.6666666666666666,70,28
v2_random_evolution_s8,v2,random_evolution,8,random_regular,100,4,129,34,2.772588722223781,16,34,0.47058823529411764,1,28
v2_random_evolution_s8,v2,random_evolution,8,random_regular,100,4,130,34,2.430791328866232,15,34,0.4411764705882353,23,8
v2_random_evolution_s8,v2,random_evolution,8,random_regular,100,4,131,41,2.5126585295168016,16,41,0.3902439024390244,97,28
v2_random_evolution_s8,v2,random_evolution,8,random_regular,100,4,132,83,3.4215728835395787,35,83,0.42168674698795183,59,28
v2_random_evolution_s8,v2,random_evolution,8,random_regular,100,4,133,55,2.912494403312053,21,55,0.38181818181818183,68,47
v2_random_evolution_s8,v2,random_evolution,8,random_regular,100,4,134,99,3.0993067559337657,38,99,0.3838383838383838,98,28
v2_random_evolution_s8,v2,random_evolution,8,random_regular,100,4,135,46,2.588573162668117,17,46,0.3695652173913043,16,81
v2_random_evolution_s8,v2,random_evolution,8,random_regular,100,4,136,113,3.696900970296509,54,113,0.4778761061946903,79,8
v2_random_evolution_s8,v2,random_evolution,8,random_regular,100,4,137,6,1.3862943611158909,4,6,0.6666666666666666,56,28
v2_random_evolution_s8,v2,random_evolution,8,random_regular,100,4,138,7,1.3862943611158909,4,7,0.5714285714285714,2,28
v2_random_evolution_s8,v2,random_evolution,8,random_regular,100,4,139,13,1.6094379124291005,5,13,0.38461538461538464,72,47
v2_random_evolution_s8,v2,random_evolution,8,random_regular,100,4,140,170,3.8787088625579593,67,170,0.3941176470588235,23,47
v2_random_evolution_s8,v2,random_evolution,8,random_regular,100,4,141,0,0.0,0,0,,8,8
v2_random_evolution_s8,v2,random_evolution,8,random_regular,100,4,142,2,-1.000088900581841e-12,1,2,0.5,84,38
v2_random_evolution_s8,v2,random_evolution,8,random_regular,100,4,143,208,4.106227404089118,79,208,0.3798076923076923,43,8
v2_random_evolution_s8,v2,random_evolution,8,random_regular,100,4,144,51,2.772588722223781,16,51,0.3137254901960784,43,28
v2_random_evolution_s8,v2,random_evolution,8,random_regular,100,4,145,3,0.6931471805579453,2,3,0.6666666666666666,69,28
v2_random_evolution_s8,v2,random_evolution,8,random_regular,100,4,146,3,0.6931471805579453,2,3,0.6666666666666666,14,38
v2_random_evolution_s8,v2,random_evolution,8,random_regular,100,4,147,25,2.3978952727873706,11,25,0.44,21,81
v2_random_evolution_s8,v2,random_evolution,8,random_regular,100,4,148,63,3.0910424533363146,22,63,0.3492063492063492,27,47
v2_random_evolution_s8,v2,random_evolution,8,random_regular,100,4,149,375,4.623853651170963,137,375,0.36533333333333334,94,81
v2_random_evolution_s8,v2,random_evolution,8,random_regular,100,4,150,222,4.299567151424837,90,222,0.40540540540540543,66,8
v2_random_evolution_s8,v2,random_evolution,8,random_regular,100,4,151,30,2.484906649776,12,30,0.4,21,38
v2_random_evolution_s8,v2,random_evolution,8,random_regular,100,4,152,3,1.0986122886651095,3,3,1.0,72,47
v2_random_evolution_s8,v2,random_evolution,8,random_regular,100,4,153,25,2.3516733018936304,13,25,0.52,0,8
v2_random_evolution_s8,v2,random_evolution,8,random_regular,100,4,154,73,3.389268031515795,31,73,0.4246575342465753,51,47
v2_random_evolution_s8,v2,random_evolution,8,random_regular,100,4,155,34,2.6593226976945163,18,34,0.5294117647058824,11,81
v2_random_evolution_s8,v2,random_evolution,8,random_regular,100,4,156,177,3.819075783309944,59,177,0.3333333333333333,12,38
v2_random_evolution_s8,v2,random_evolution,8,random_regular,100,4,157,189,4.109865805874369,70,189,0.37037037037037035,31,38
v2_random_evolution_s8,v2,random_evolution,8,random_regular,100,4,158,65,2.894399544411038,23,65,0.35384615384615387,75,47
v2_random_evolution_s8,v2,random_evolution,8,random_regular,100,4,159,97,3.638648592450092,42,97,0.4329896907216495,35,8
v2_random_evolution_s8,v2,random_evolution,8,random_regular,100,4,160,25,2.3978952727873706,11,25,0.44,75,8
v2_random_evolution_s8,v2,random_evolution,8,random_regular,100,4,161,112,3.3499271910945763,41,112,0.36607142857142855,48,8
v2_random_evolution_s8,v2,random_evolution,8,random_regular,100,4,162,88,3.4365228305042805,35,88,0.3977272727272727,41,81
v2_random_evolution_s8,v2,random_evolution,8,random_regular,100,4,163,6,1.0986122886651095,3,6,0.5,85,8
v2_random_evolution_s8,v2,random_evolution,8,random_regular,100,4,164,250,4.394026611963042,109,250,0.436,13,8
v2_random_evolution_s8,v2,random_evolution,8,random_regular,100,4,165,21,2.639057329601259,14,21,0.6666666666666666,52,81
v2_random_evolution_s8,v2,random_evolution,8,random_regular,100,4,166,119,3.602041663986042,51,119,0.42857142857142855,3,47
v2_random_evolution_s8,v2,random_evolution,8,random_regular,100,4,167,41,2.094729047518648,12,41,0.2926829268292683,44,38
v2_random_evolution_s8,v2,random_evolution,8,random_regular,100,4,168,80,3.4858315997982245,39,80,0.4875,48,28
v2_random_evolution_s8,v2,random_evolution,8,random_regular,100,4,169,20,1.9459101490483133,7,20,0.35,26,81
v2_random_evolution_s8,v2,random_evolution,8,random_regular,100,4,170,59,3.0047670351869598,24,59,0.4067796610169492,23,81
v2_random_evolution_s8,v2,random_evolution,8,random_regular,100,4,171,18,1.9459101490483133,7,18,0.3888888888888889,18,81
v2_random_evolution_s8,v2,random_evolution,8,random_regular,100,4,172,33,2.3516733018936304,13,33,0.3939393939393939,50,47
v2_random_evolution_s8,v2,random_evolution,8,random_regular,100,4,173,0,0.0,0,0,,8,8
v2_random_evolution_s8,v2,random_evolution,8,random_regular,100,4,174,103,3.491660437469239,38,103,0.36893203883495146,34,81
v2_random_evolution_s8,v2,random_evolution,8,random_regular,100,4,175,0,0.0,0,0,,38,38
v2_random_evolution_s8,v2,random_evolution,8,random_regular,100,4,176,42,2.685945324654788,16,42,0.38095238095238093,46,47
v2_random_evolution_s8,v2,random_evolution,8,random_regular,100,4,177,24,2.369382119683676,12,24,0.5,61,81
v2_random_evolution_s8,v2,random_evolution,8,random_regular,100,4,178,146,3.929064767579997,61,146,0.4178082191780822,0,28
v2_random_evolution_s8,v2,random_evolution,8,random_regular,100,4,179,27,1.820075975353621,12,27,0.4444444444444444,83,81
v2_random_evolution_s8,v2,random_evolution,8,random_regular,100,4,180,301,4.324021168540032,118,301,0.3920265780730897,22,81
v2_random_evolution_s8,v2,random_evolution,8,random_regular,100,4,181,34,2.5649493574485365,13,34,0.38235294117647056,12,47
v2_random_evolution_s8,v2,random_evolution,8,random_regular,100,4,182,57,3.0752205480323718,23,57,0.40350877192982454,19,28
v2_random_evolution_s8,v2,random_evolution,8,random_regular,100,4,183,1,-1.000088900581841e-12,1,1,1.0,73,8
v2_random_evolution_s8,v2,random_evolution,8,random_regular,100,4,184,174,4.134556499447594,76,174,0.4367816091954023,80,81
v2_random_evolution_s8,v2,random_evolution,8,random_regular,100,4,185,43,2.523210952939891,15,43,0.3488372093023256,35,47
v2_random_evolution_s8,v2,random_evolution,8,random_regular,100,4,186,37,2.685945324654788,16,37,0.43243243243243246,50,38
v2_random_evolution_s8,v2,random_evolution,8,random_regular,100,4,187,6,1.0986122886651095,3,6,0.5,90,8
v2_random_evolution_s8,v2,random_evolution,8,random_regular,100,4,188,70,3.052520501511814,25,70,0.35714285714285715,76,47
v2_random_evolution_s8,v2,random_evolution,8,random_regular,100,4,189,34,2.8332133440392155,17,34,0.5,35,47
v2_random_evolution_s8,v2,random_evolution,8,random_regular,100,4,190,180,3.982438819838421,65,180,0.3611111111111111,99,81
v2_random_evolution_s8,v2,random_evolution,8,random_regular,100,4,191,32,2.3978952727873706,11,32,0.34375,15,81
v2_random_evolution_s8,v2,random_evolution,8,random_regular,100,4,192,86,3.2078760068288847,36,86,0.4186046511627907,25,8
v2_random_evolution_s8,v2,random_evolution,8,random_regular,100,4,193,32,2.685945324654788,16,32,0.5,9,38
v2_random_evolution_s8,v2,random_evolution,8,random_regular,100,4,194,1,-1.000088900581841e-12,1,1,1.0,88,28
v2_random_evolution_s8,v2,random_evolution,8,random_regular,100,4,195,70,3.151458510219029,26,70,0.37142857142857144,50,28
v2_random_evolution_s8,v2,random_evolution,8,random_regular,100,4,196,71,3.382216145804879,38,71,0.5352112676056338,90,81
v2_random_evolution_s8,v2,random_evolution,8,random_regular,100,4,197,20,2.079441541671836,8,20,0.4,4,81
v2_random_evolution_s8,v2,random_evolution,8,random_regular,100,4,198,48,2.5993019270857944,16,48,0.3333333333333333,65,28
v2_random_evolution_s8,v2,random_evolution,8,random_regular,100,4,199,60,3.2238860684653137,29,60,0.48333333333333334,27,8
v2_random_evolution_s8,v2,random_evolution,8,random_regular,100,4,200,18,2.079441541671836,8,18,0.4444444444444444,64,28
v2_random_evolution_s8,v2,random_evolution,8,random_regular,100,4,201,39,2.260233853163673,19,39,0.48717948717948717,85,38
v2_random_evolution_s8,v2,random_evolution,8,random_regular,100,4,202,6,1.0986122886651095,3,6,0.5,55,81
v2_random_evolution_s8,v2,random_evolution,8,random_regular,100,4,203,42,2.7184734013140126,20,42,0.47619047619047616,66,38
v2_random_evolution_s8,v2,random_evolution,8,random_regular,100,4,204,244,4.2252832942025895,88,244,0.36065573770491804,0,81
v2_random_evolution_s8,v2,random_evolution,8,random_regular,100,4,205,4,0.6931471805579453,2,4,0.5,14,81
v2_random_evolution_s8,v2,random_evolution,8,random_regular,100,4,206,28,2.7080502010872096,15,28,0.5357142857142857,51,47
v2_random_evolution_s8,v2,random_evolution,8,random_regular,100,4,207,47,2.5649493574485365,13,47,0.2765957446808511,7,28
v2_random_evolution_s8,v2,random_evolution,8,random_regular,100,4,208,77,3.1154750248567717,28,77,0.36363636363636365,27,47
v2_random_evolution_s8,v2,random_evolution,8,random_regular,100,4,209,0,0.0,0,0,,28,28
v2_random_evolution_s8,v2,random_evolution,8,random_regular,100,4,210,42,2.8332133440392155,17,42,0.40476190476190477,49,38
v2_random_evolution_s8,v2,random_evolution,8,random_regular,100,4,211,20,2.197224577327219,9,20,0.45,25,28
v2_random_evolution_s8,v2,random_evolution,8,random_regular,100,4,212,140,3.921446499263261,57,140,0.40714285714285714,68,47
v2_random_evolution_s8,v2,random_evolution,8,random_regular,100,4,213,9,1.3862943611158909,4,9,0.4444444444444444,42,28
v2_random_evolution_s8,v2,random_evolution,8,random_regular,100,4,214,9,1.6094379124291005,5,9,0.5555555555555556,52,38
v2_random_evolution_s8,v2,random_evolution,8,random_regular,100,4,215,217,4.088288423661137,84,217,0.3870967741935484,77,47
v2_random_evolution_s8,v2,random_evolution,8,random_regular,100,4,216,56,2.9713765399480208,26,56,0.4642857142857143,83,38
v2_random_evolution_s8,v2,random_evolution,8,random_regular,100,4,217,90,3.444813797459462,34,90,0.37777777777777777,51,38
v2_random_evolution_s8,v2,random_evolution,8,random_regular,100,4,218,117,3.361225882745428,46,117,0.39316239316239315,88,81
v2_random_evolution_s8,v2,random_evolution,8,random_regular,100,4,219,6,1.0986122886651095,3,6,0.5,56,28
v2_random_evolution_s8,v2,random_evolution,8,random_regular,100,4,220,44,2.3393717343778158,16,44,0.36363636363636365,98,47
v2_random_evolution_s8,v2,random_evolution,8,random_regular,100,4,221,1,-1.000088900581841e-12,1,1,1.0,53,28
v2_random_evolution_s8,v2,random_evolution,8,random_regular,100,4,222,136,3.683609825491405,56,136,0.4117647058823529,33,81
v2_random_evolution_s8,v2,random_evolution,8,random_regular,100,4,223,19,1.9459101490483133,7,19,0.3684210526315789,96,8
v2_random_evolution_s8,v2,random_evolution,8,random_regular,100,4,224,18,1.791759469222055,6,18,0.3333333333333333,63,38
v2_random_evolution_s8,v2,random_evolution,8,random_regular,100,4,225,27,1.834371970274624,10,27,0.37037037037037035,13,81
v2_random_evolution_s8,v2,random_evolution,8,random_regular,100,4,226,64,2.685945324654788,16,64,0.25,44,47
v2_random_evolution_s8,v2,random_evolution,8,random_regular,100,4,227,13,2.0253262207620675,10,13,0.7692307692307693,70,28
v2_random_evolution_s8,v2,random_evolution,8,random_regular,100,4,228,20,1.6094379124291005,5,20,0.25,29,38
v2_random_evolution_s8,v2,random_evolution,8,random_regular,100,4,229,101,3.385458174669731,40,101,0.39603960396039606,54,28
v2_random_evolution_s8,v2,random_evolution,8,random_regular,100,4,230,36,2.3516733018936304,13,36,0.3611111111111111,16,47
v2_random_evolution_s8,v2,random_evolution,8,random_regular,100,4,231,105,3.5106997211395683,41,105,0.3904761904761905,31,81
v2_random_evolution_s8,v2,random_evolution,8,random_regular,100,4,232,1,-1.000088900581841e-12,1,1,1.0,12,38
v2_random_evolution_s8,v2,random_evolution,8,random_regular,100,4,233,56,2.7804663689216818,21,56,0.375,1,38
v2_random_evolution_s8,v2,random_evolution,8,random_regular,100,4,234,2,-1.000088900581841e-12,1,2,0.5,39,81
v2_random_evolution_s8,v2,random_evolution,8,random_regular,100,4,235,160,3.967172698101412,68,160,0.425,58,38
v2_random_evolution_s8,v2,random_evolution,8,random_regular,100,4,236,27,2.61563057701355,15,27,0.5555555555555556,23,47
v2_random_evolution_s8,v2,random_evolution,8,random_regular,100,4,237,23,2.197224577327219,9,23,0.391304347826087,75,8
v2_random_evolution_s8,v2,random_evolution,8,random_regular,100,4,238,3,0.6931471805579453,2,3,0.6666666666666666,44,38
v2_random_evolution_s8,v2,random_evolution,8,random_regular,100,4,239,56,2.8215638078423653,21,56,0.375,21,81
v2_random_evolution_s8,v2,random_evolution,8,random_regular,100,4,240,6,1.0986122886651095,3,6,0.5,12,38
v2_random_evolution_s8,v2,random_evolution,8,random_regular,100,4,241,34,2.057897531913409,13,34,0.38235294117647056,55,28
v2_random_evolution_s8,v2,random_evolution,8,random_regular,100,4,242,30,2.2718685126865625,11,30,0.36666666666666664,78,28
v2_random_evolution_s8,v2,random_evolution,8,random_regular,100,4,243,8,1.0986122886651095,3,8,0.375,20,38
v2_random_evolution_s8,v2,random_evolution,8,random_regular,100,4,244,12,1.6094379124291005,5,12,0.4166666666666667,73,8
v2_random_evolution_s8,v2,random_evolution,8,random_regular,100,4,245,17,1.0986122886651095,3,17,0.17647058823529413,53,28
v2_random_evolution_s8,v2,random_evolution,8,random_regular,100,4,246,137,3.717699077643531,57,137,0.41605839416058393,91,38
v2_random_evolution_s8,v2,random_evolution,8,random_regular,100,4,247,0,0.0,0,0,,47,47
v2_random_evolution_s8,v2,random_evolution,8,random_regular,100,4,248,73,3.2058430290251567,29,73,0.3972602739726027,72,47
v2_random_evolution_s8,v2,random_evolution,8,random_regular,100,4,249,64,3.019736127116996,27,64,0.421875,44,38
v2_random_evolution_s8,v2,random_evolution,8,random_regular,100,4,250,27,2.079441541671836,8,27,0.2962962962962963,65,47
v2_random_evolution_s8,v2,random_evolution,8,random_regular,100,4,251,93,3.721176253825357,44,93,0.4731182795698925,16,81
v2_random_evolution_s8,v2,random_evolution,8,random_regular,100,4,252,62,2.9650156932365066,22,62,0.3548387096774194,17,38
v2_random_evolution_s8,v2,random_evolution,8,random_regular,100,4,253,110,3.5213776090567093,39,110,0.35454545454545455,32,8
v2_random_evolution_s8,v2,random_evolution,8,random_regular,100,4,254,52,3.0047670351869598,24,52,0.46153846153846156,3,47
v2_random_evolution_s8,v2,random_evolution,8,random_regular,100,4,255,1,-1.000088900581841e-12,1,1,1.0,40,38
v2_random_evolution_s8,v2,random_evolution,8,random_regular,100,4,256,53,2.9957322735339904,20,53,0.37735849056603776,5,47
v2_random_evolution_s8,v2,random_evolution,8,random_regular,100,4,257,2,-1.000088900581841e-12,1,2,0.5,73,8
v2_random_evolution_s8,v2,random_evolution,8,random_regular,100,4,258,157,4.0971876144270585,68,157,0.43312101910828027,95,28
v2_random_evolution_s8,v2,random_evolution,8,random_regular,100,4,259,74,2.78733091949908,29,74,0.3918918918918919,45,47
v2_random_evolution_s8,v2,random_evolution,8,random_regular,100,4,260,43,2.912494403312053,21,43,0.4883720930232558,73,38
v2_random_evolution_s8,v2,random_evolution,8,random_regular,100,4,261,150,3.331203970263557,44,150,0.29333333333333333,98,47
v2_random_evolution_s8,v2,random_evolution,8,random_regular,100,4,262,0,0.0,0,0,,8,8
v2_random_evolution_s8,v2,random_evolution,8,random_regular,100,4,263,67,3.2580965379954825,26,67,0.3880597014925373,65,81
v2_random_evolution_s8,v2,random_evolution,8,random_regular,100,4,264,70,3.379092505199735,32,70,0.45714285714285713,14,28
v2_random_evolution_s8,v2,random_evolution,8,random_regular,100,4,265,45,2.664619195177492,21,45,0.4666666666666667,2,47
v2_random_evolution_s8,v2,random_evolution,8,random_regular,100,4,266,101,3.621823241582,45,101,0.44554455445544555,34,81
v2_random_evolution_s8,v2,random_evolution,8,random_regular,100,4,267,26,2.197224577327219,9,26,0.34615384615384615,80,8
v2_random_evolution_s8,v2,random_evolution,8,random_regular,100,4,268,11,1.3862943611158909,4,11,0.36363636363636365,82,81
v2_random_evolution_s8,v2,random_evolution,8,random_regular,100,4,269,36,2.484906649776,12,36,0.3333333333333333,59,47
v2_random_evolution_s8,v2,random_evolution,8,random_regular,100,4,270,81,3.328471881301736,33,81,0.4074074074074074,62,8
v2_random_evolution_s8,v2,random_evolution,8,random_regular,100,4,271,29,2.369382119683676,12,29,0.41379310344827586,90,81
v2_random_evolution_s8,v2,random_evolution,8,random_regular,100,4,272,149,3.716798713959299,58,149,0.38926174496644295,4,47
v2_random_evolution_s8,v2,random_evolution,8,random_regular,100,4,273,56,2.305657338287639,19,56,0.3392857142857143,88,28
v2_random_evolution_s8,v2,random_evolution,8,random_regular,100,4,274,51,2.751666616915516,17,51,0.3333333333333333,77,81
v2_random_evolution_s8,v2,random_evolution,8,random_regular,100,4,275,10,1.0986122886651095,3,10,0.3,71,38
v2_random_evolution_s8,v2,random_evolution,8,random_regular,100,4,276,235,4.167081407284795,94,235,0.4,90,38
v2_random_evolution_s8,v2,random_evolution,8,random_regular,100,4,277,28,1.9061547465328492,8,28,0.2857142857142857,40,38
v2_random_evolution_s8,v2,random_evolution,8,random_regular,100,4,278,24,1.8866967846510785,10,24,0.4166666666666667,22,47
v2_random_evolution_s8,v2,random_evolution,8,random_regular,100,4,279,22,2.197224577327219,9,22,0.4090909090909091,14,38
v2_random_evolution_s8,v2,random_evolution,8,random_regular,100,4,280,66,3.154877108133423,33,66,0.5,92,81
v2_random_evolution_s8,v2,random_evolution,8,random_regular,100,4,281,140,3.799841730748973,57,140,0.40714285714285714,36,81
v2_random_evolution_s8,v2,random_evolution,8,random_regular,100,4,282,43,2.5126585295168016,16,43,0.37209302325581395,42,8
v2_random_evolution_s8,v2,random_evolution,8,random_regular,100,4,283,9,1.3321790402061222,5,9,0.5555555555555556,26,81
v2_random_evolution_s8,v2,random_evolution,8,random_regular,100,4,284,0,0.0,0,0,,81,81
v2_random_evolution_s8,v2,random_evolution,8,random_regular,100,4,285,67,3.204777524107256,26,67,0.3880597014925373,59,47
v2_random_evolution_s8,v2,random_evolution,8,random_regular,100,4,286,223,4.2637967735712285,97,223,0.4349775784753363,75,8
v2_random_evolution_s8,v2,random_evolution,8,random_regular,100,4,287,0,0.0,0,0,,81,81
v2_random_evolution_s8,v2,random_evolution,8,random_regular,100,4,288,10,1.9459101490483133,7,10,0.7,95,8
v2_random_evolution_s8,v2,random_evolution,8,random_regular,100,4,289,7,1.0986122886651095,3,7,0.42857142857142855,22,47
v2_random_evolution_s8,v2,random_evolution,8,random_regular,100,4,290,41,2.9785084205072385,21,41,0.5121951219512195,98,8
v2_random_evolution_s8,v2,random_evolution,8,random_regular,100,4,291,27,2.079441541671836,8,27,0.2962962962962963,11,81
v2_random_evolution_s8,v2,random_evolution,8,random_regular,100,4,292,36,1.8891591637470213,9,36,0.25,63,28
v2_random_evolution_s8,v2,random_evolution,8,random_regular,100,4,293,17,1.9061547465328492,8,17,0.47058823529411764,88,38
v2_random_evolution_s8,v2,random_evolution,8,random_regular,100,4,294,3,1.0986122886651095,3,3,1.0,49,81
v2_random_evolution_s8,v2,random_evolution,8,random_regular,100,4,295,7,0.6931471805579453,2,7,0.2857142857142857,56,28
v2_random_evolution_s8,v2,random_evolution,8,random_regular,100,4,296,22,2.3978952727873706,11,22,0.5,51,47
v2_random_evolution_s8,v2,random_evolution,8,random_regular,100,4,297,62,3.120291565278284,24,62,0.3870967741935484,15,8
v2_random_evolution_s8,v2,random_evolution,8,random_regular,100,4,298,5,1.0986122886651095,3,5,0.6,54,38
v2_random_evolution_s8,v2,random_evolution,8,random_regular,100,4,299,7,1.0986122886651095,3,7,0.42857142857142855,13,38
v2_random_evolution_s8,v2,random_evolution,8,random_regular,100,4,300,30,2.685945324654788,16,30,0.5333333333333333,60,28
v2_random_evolution_s8,v2,random_evolution,8,random_regular,100,4,301,171,3.8095321327546303,69,171,0.40350877192982454,92,47
v2_random_evolution_s8,v2,random_evolution,8,random_regular,100,4,302,7,1.0986122886651095,3,7,0.42857142857142855,86,81
v2_random_evolution_s8,v2,random_evolution,8,random_regular,100,4,303,10,1.6094379124291005,5,10,0.5,65,47
v2_random_evolution_s8,v2,random_evolution,8,random_regular,100,4,304,54,2.871476118036867,19,54,0.35185185185185186,35,8
v2_random_evolution_s8,v2,random_evolution,8,random_regular,100,4,305,368,4.340273779085355,128,368,0.34782608695652173,34,81
v2_random_evolution_s8,v2,random_evolution,8,random_regular,100,4,306,9,1.3862943611158909,4,9,0.4444444444444444,49,38
v2_random_evolution_s8,v2,random_evolution,8,random_regular,100,4,307,118,3.3965013985297823,41,118,0.3474576271186441,79,47
v2_random_evolution_s8,v2,random_evolution,8,random_regular,100,4,308,97,3.480935299911953,40,97,0.41237113402061853,5,8
v2_random_evolution_s8,v2,random_evolution,8,random_regular,100,4,309,31,2.7080502010872096,15,31,0.4838709677419355,5,47
v2_random_evolution_s8,v2,random_evolution,8,random_regular,100,4,310,75,3.2826939972510645,28,75,0.37333333333333335,96,38
v2_random_evolution_s8,v2,random_evolution,8,random_regular,100,4,311,14,1.5607104090364068,6,14,0.42857142857142855,1,8
v2_random_evolution_s8,v2,random_evolution,8,random_regular,100,4,312,135,3.827309639098593,56,135,0.4148148148148148,46,47
v2_random_evolution_s8,v2,random_evolution,8,random_regular,100,4,313,59,3.322493706775413,34,59,0.576271186440678,33,47
v2_random_evolution_s8,v2,random_evolution,8,random_regular,100,4,314,170,4.134700069637437,79,170,0.4647058823529412,51,38
v2_random_evolution_s8,v2,random_evolution,8,random_regular,100,4,315,28,2.0431918705371204,9,28,0.32142857142857145,29,47
v2_random_evolution_s8,v2,random_evolution,8,random_regular,100,4,316,8,1.6094379124291005,5,8,0.625,88,28
v2_random_evolution_s8,v2,random_evolution,8,random_regular,100,4,317,2,0.6931471805579453,2,2,1.0,42,81
v2_random_evolution_s8,v2,random_evolution,8,random_regular,100,4,318,7,1.0986122886651095,3,7,0.42857142857142855,61,47
v2_random_evolution_s8,v2,random_evolution,8,random_regular,100,4,319,84,3.2924491076317413,32,84,0.38095238095238093,55,38
v2_random_evolution_s8,v2,random_evolution,8,random_regular,100,4,320,1,-1.000088900581841e-12,1,1,1.0,39,81
v2_random_evolution_s8,v2,random_evolution,8,random_regular,100,4,321,124,3.9706172797023616,62,124,0.5,73,28
v2_random_evolution_s8,v2,random_evolution,8,random_regular,100,4,322,7,1.039720770836918,4,7,0.5714285714285714,93,8
v2_random_evolution_s8,v2,random_evolution,8,random_regular,100,4,323,24,2.4583113296710835,13,24,0.5416666666666666,18,28
v2_random_evolution_s8,v2,random_evolution,8,random_regular,100,4,324,0,0.0,0,0,,28,28
v2_random_evolution_s8,v2,random_evolution,8,random_regular,100,4,325,91,3.4965075614334804,33,91,0.3626373626373626,41,28
v2_random_evolution_s8,v2,random_evolution,8,random_regular,100,4,326,120,3.68343632429644,45,120,0.375,29,28
v2_random_evolution_s8,v2,random_evolution,8,random_regular,100,4,327,40,2.8332133440392155,17,40,0.425,15,81
v2_random_evolution_s8,v2,random_evolution,8,random_regular,100,4,328,39,2.813355404483615,18,39,0.46153846153846156,78,47
v2_random_evolution_s8,v2,random_evolution,8,random_regular,100,4,329,14,1.791759469222055,6,14,0.42857142857142855,5,81
v2_random_evolution_s8,v2,random_evolution,8,random_regular,100,4,330,112,3.71424286565366,45,112,0.4017857142857143,98,81
v2_random_evolution_s8,v2,random_evolution,8,random_regular,100,4,331,79,3.204777524107256,26,79,0.3291139240506329,80,8
v2_random_evolution_s8,v2,random_evolution,8,random_regular,100,4,332,57,3.163424050399405,25,57,0.43859649122807015,72,47
v2_random_evolution_s8,v2,random_evolution,8,random_regular,100,4,333,6,1.3862943611158909,4,6,0.6666666666666666,55,8
v2_random_evolution_s8,v2,random_evolution,8,random_regular,100,4,334,111,3.621823241582,45,111,0.40540540540540543,35,38
v2_random_evolution_s8,v2,random_evolution,8,random_regular,100,4,335,106,3.7739173236900583,54,106,0.5094339622641509,99,81
v2_random_evolution_s8,v2,random_evolution,8,random_regular,100,4,336,2,-1.000088900581841e-12,1,2,0.5,13,38
v2_random_evolution_s8,v2,random_evolution,8,random_regular,100,4,337,28,2.4410152780147034,14,28,0.5,31,38
v2_random_evolution_s8,v2,random_evolution,8,random_regular,100,4,338,11,1.791759469222055,6,11,0.5454545454545454,21,47
v2_random_evolution_s8,v2,random_evolution,8,random_regular,100,4,339,0,0.0,0,0,,81,81
v2_random_evolution_s8,v2,random_evolution,8,random_regular,100,4,340,73,3.299829685639092,31,73,0.4246575342465753,6,38
v2_random_evolution_s8,v2,random_evolution,8,random_regular,100,4,341,34,2.5649493574485365,13,34,0.38235294117647056,96,81
v2_random_evolution_s8,v2,random_evolution,8,random_regular,100,4,342,9,1.6094379124291005,5,9,0.5555555555555556,50,8
v2_random_evolution_s8,v2,random_evolution,8,random_regular,100,4,343,35,2.1639556568730565,10,35,0.2857142857142857,25,28
v2_random_evolution_s8,v2,random_evolution,8,random_regular,100,4,344,12,1.791759469222055,6,12,0.5,66,8
v2_random_evolution_s8,v2,random_evolution,8,random_regular,100,4,345,4,1.0986122886651095,3,4,0.75,91,81
v2_random_evolution_s8,v2,random_evolution,8,random_regular,100,4,346,7,1.3862943611158909,4,7,0.5714285714285714,42,81
v2_random_evolution_s8,v2,random_evolution,8,random_regular,100,4,347,120,3.5894688121687217,48,120,0.4,25,8
v2_random_evolution_s8,v2,random_evolution,8,random_regular,100,4,348,35,2.484906649776,12,35,0.34285714285714286,59,47
v2_random_evolution_s8,v2,random_evolution,8,random_regular,100,4,349,4,-1.000088900581841e-12,1,4,0.25,80,28
v2_random_evolution_s8,v2,random_evolution,8,random_regular,100,4,350,47,2.7080502010872096,15,47,0.3191489361702128,43,28
v2_random_evolution_s8,v2,random_evolution,8,random_regular,100,4,351,63,3.204777524107256,26,63,0.4126984126984127,64,47
v2_random_evolution_s8,v2,random_evolution,8,random_regular,100,4,352,41,3.0910424533363146,22,41,0.5365853658536586,96,81
v2_random_evolution_s8,v2,random_evolution,8,random_regular,100,4,353,7,1.0986122886651095,3,7,0.42857142857142855,29,8
v2_random_evolution_s8,v2,random_evolution,8,random_regular,100,4,354,34,2.0228085294067037,12,34,0.35294117647058826,72,28
v2_random_evolution_s8,v2,random_evolution,8,random_regular,100,4,355,81,3.65422209504694,40,81,0.49382716049382713,73,8
v2_random_evolution_s8,v2,random_evolution,8,random_regular,100,4,356,70,2.987771452401131,27,70,0.38571428571428573,16,38
v2_random_evolution_s8,v2,random_evolution,8,random_regular,100,4,357,51,3.062529300232621,24,51,0.47058823529411764,20,47
v2_random_evolution_s8,v2,random_evolution,8,random_regular,100,4,358,54,3.0280290732864104,22,54,0.4074074074074074,29,28
v2_random_evolution_s8,v2,random_evolution,8,random_regular,100,4,359,28,2.1639556568730565,10,28,0.35714285714285715,65,28
v2_random_evolution_s8,v2,random_evolution,8,random_regular,100,4,360,136,3.881306425080663,55,136,0.40441176470588236,93,81
v2_random_evolution_s8,v2,random_evolution,8,random_regular,100,4,361,50,2.553681558015796,20,50,0.4,11,81
v2_random_evolution_s8,v2,random_evolution,8,random_regular,100,4,362,32,2.484906649776,12,32,0.375,73,8
v2_random_evolution_s8,v2,random_evolution,8,random_regular,100,4,363,6,1.3862943611158909,4,6,0.6666666666666666,3,81
v2_random_evolution_s8,v2,random_evolution,8,random_regular,100,4,364,14,1.9459101490483133,7,14,0.5,59,81
v2_random_evolution_s8,v2,random_evolution,8,random_regular,100,4,365,22,1.9459101490483133,7,22,0.3181818181818182,70,47
v2_random_evolution_s8,v2,random_evolution,8,random_regular,100,4,366,96,3.461048251949615,37,96,0.3854166666666667,92,8
v2_random_evolution_s8,v2,random_evolution,8,random_regular,100,4,367,84,3.3549875695958247,30,84,0.35714285714285715,70,47
v2_random_evolution_s8,v2,random_evolution,8,random_regular,100,4,368,121,3.5106997211395683,41,121,0.33884297520661155,55,28
v2_random_evolution_s8,v2,random_evolution,8,random_regular,100,4,369,13,1.791759469222055,6,13,0.46153846153846156,69,28
v2_random_evolution_s8,v2,random_evolution,8,random_regular,100,4,370,57,2.9957322735339904,20,57,0.3508771929824561,55,8
v2_random_evolution_s8,v2,random_evolution,8,random_regular,100,4,371,14,1.6094379124291005,5,14,0.35714285714285715,1,47
v2_random_evolution_s8,v2,random_evolution,8,random_regular,100,4,372,88,3.0846519456665087,28,88,0.3181818181818182,82,47
v2_random_evolution_s8,v2,random_evolution,8,random_regular,100,4,373,13,2.079441541671836,8,13,0.6153846153846154,94,81
v2_random_evolution_s8,v2,random_evolution,8,random_regular,100,4,374,0,0.0,0,0,,47,47
v2_random_evolution_s8,v2,random_evolution,8,random_regular,100,4,375,7,1.3862943611158909,4,7,0.5714285714285714,11,81
v2_random_evolution_s8,v2,random_evolution,8,random_regular,100,4,376,24,2.3516733018936304,13,24,0.5416666666666666,18,8
v2_random_evolution_s8,v2,random_evolution,8,random_regular,100,4,377,56,2.947004770141297,24,56,0.42857142857142855,76,81
v2_random_evolution_s8,v2,random_evolution,8,random_regular,100,4,378,88,3.362134234536099,42,88,0.4772727272727273,76,28
v2_random_evolution_s8,v2,random_evolution,8,random_regular,100,4,379,42,2.857102837424001,20,42,0.47619047619047616,85,38
v2_random_evolution_s8,v2,random_evolution,8,random_regular,100,4,380,35,2.751666616915516,17,35,0.4857142857142857,26,38
v2_random_evolution_s8,v2,random_evolution,8,random_regular,100,4,381,222,4.252746338829742,87,222,0.3918918918918919,9,81
v2_random_evolution_s8,v2,random_evolution,8,random_regular,100,4,382,6,1.3862943611158909,4,6,0.6666666666666666,11,47
v2_random_evolution_s8,v2,random_evolution,8,random_regular,100,4,383,0,0.0,0,0,,8,8
v2_random_evolution_s8,v2,random_evolution,8,random_regular,100,4,384,132,3.8214267413398177,58,132,0.4393939393939394,22,47
v2_random_evolution_s8,v2,random_evolution,8,random_regular,100,4,385,17,2.1639556568730565,10,17,0.5882352941176471,21,38
v2_random_evolution_s8,v2,random_evolution,8,random_regular,100,4,386,26,2.1639556568730565,10,26,0.38461538461538464,91,8
v2_random_evolution_s8,v2,random_evolution,8,random_regular,100,4,387,58,2.690828621495594,23,58,0.39655172413793105,4,47
v2_random_evolution_s8,v2,random_evolution,8,random_regular,100,4,388,8,1.6094379124291005,5,8,0.625,99,38
v2_random_evolution_s8,v2,random_evolution,8,random_regular,100,4,389,41,2.871476118036867,19,41,0.4634146341463415,77,38
v2_random_evolution_s8,v2,random_evolution,8,random_regular,100,4,390,29,2.197224577327219,9,29,0.3103448275862069,42,8
v2_random_evolution_s8,v2,random_evolution,8,random_regular,100,4,391,23,2.0253262207620675,10,23,0.43478260869565216,39,81
v2_random_evolution_s8,v2,random_evolution,8,random_regular,100,4,392,14,1.791759469222055,6,14,0.42857142857142855,67,47
v2_random_evolution_s8,v2,random_evolution,8,random_regular,100,4,393,98,3.5158980974321503,46,98,0.46938775510204084,51,28
v2_random_evolution_s8,v2,random_evolution,8,random_regular,100,4,394,64,3.233183484354926,28,64,0.4375,40,28
v2_random_evolution_s8,v2,random_evolution,8,random_regular,100,4,395,29,2.7080502010872096,15,29,0.5172413793103449,64,28
v2_random_evolution_s8,v2,random_evolution,8,random_regular,100,4,396,164,4.007257137555183,64,164,0.3902439024390244,16,38
v2_random_evolution_s8,v2,random_evolution,8,random_regular,100,4,397,86,3.1487931944445364,31,86,0.36046511627906974,83,28
v2_random_evolution_s8,v2,random_evolution,8,random_regular,100,4,398,39,2.5649493574485365,13,39,0.3333333333333333,66,81
v2_random_evolution_s8,v2,random_evolution,8,random_regular,100,4,399,15,2.079441541671836,8,15,0.5333333333333333,44,38
v2_random_evolution_s8,v2,random_evolution,8,random_regular,100,4,400,60,2.9683918915199623,27,60,0.45,55,81
v2_random_evolution_s8,v2,random_evolution,8,random_regular,100,4,401,72,3.328471881301735,33,72,0.4583333333333333,56,38
v2_random_evolution_s8,v2,random_evolution,8,random_regular,100,4,402,181,3.916678012488968,70,181,0.3867403314917127,49,81
v2_random_evolution_s8,v2,random_evolution,8,random_regular,100,4,403,48,2.4260151319478083,16,48,0.3333333333333333,33,47
v2_random_evolution_s8,v2,random_evolution,8,random_regular,100,4,404,23,2.079441541671836,8,23,0.34782608695652173,69,81
v2_random_evolution_s8,v2,random_evolution,8,random_regular,100,4,405,21,2.197224577327219,9,21,0.42857142857142855,27,38
v2_random_evolution_s8,v2,random_evolution,8,random_regular,100,4,406,199,4.29453524617841,87,199,0.4371859296482412,77,81
v2_random_evolution_s8,v2,random_evolution,8,random_regular,100,4,407,70,3.2826939972510645,28,70,0.4,72,28
v2_random_evolution_s8,v2,random_evolution,8,random_regular,100,4,408,4,0.6931471805579453,2,4,0.5,44,38
v2_random_evolution_s8,v2,random_evolution,8,random_regular,100,4,409,20,2.079441541671836,8,20,0.4,10,47
v2_random_evolution_s8,v2,random_evolution,8,random_regular,100,4,410,66,3.233183484354926,28,66,0.42424242424242425,13,28
v2_random_evolution_s8,v2,random_evolution,8,random_regular,100,4,411,66,3.039115687997164,27,66,0.4090909090909091,5,28
v2_random_evolution_s8,v2,random_evolution,8,random_regular,100,4,412,16,1.9459101490483133,7,16,0.4375,85,38
v2_random_evolution_s8,v2,random_evolution,8,random_regular,100,4,413,94,3.184783964804171,34,94,0.3617021276595745,18,38
v2_random_evolution_s8,v2,random_evolution,8,random_regular,100,4,414,178,3.963935438772188,64,178,0.3595505617977528,18,28
v2_random_evolution_s8,v2,random_evolution,8,random_regular,100,4,415,144,3.7216085647089,60,144,0.4166666666666667,56,81
v2_random_evolution_s8,v2,random_evolution,8,random_regular,100,4,416,3,-1.000088900581841e-12,1,3,0.3333333333333333,73,8
v2_random_evolution_s8,v2,random_evolution,8,random_regular,100,4,417,16,1.6094379124291005,5,16,0.3125,98,28
v2_random_evolution_s8,v2,random_evolution,8,random_regular,100,4,418,266,4.340978537387757,111,266,0.41729323308270677,53,81
v2_random_evolution_s8,v2,random_evolution,8,random_regular,100,4,419,84,3.3632670703367618,34,84,0.40476190476190477,63,28
v2_random_evolution_s8,v2,random_evolution,8,random_regular,100,4,420,51,2.857102837424001,20,51,0.39215686274509803,86,28
v2_random_evolution_s8,v2,random_evolution,8,random_regular,100,4,421,105,3.5025114553448367,40,105,0.38095238095238093,78,47
v2_random_evolution_s8,v2,random_evolution,8,random_regular,100,4,422,47,2.5126585295168016,16,47,0.3404255319148936,92,8
v2_random_evolution_s8,v2,random_evolution,8,random_regular,100,4,423,42,2.61563057701355,15,42,0.35714285714285715,51,81
v2_random_evolution_s8,v2,random_evolution,8,random_regular,100,4,424,79,3.222520735591929,38,79,0.4810126582278481,58,8
v2_random_evolution_s8,v2,random_evolution,8,random_regular,100,4,425,7,0.6931471805579453,2,7,0.2857142857142857,87,47
v2_random_evolution_s8,v2,random_evolution,8,random_regular,100,4,426,91,3.4276396309268446,38,91,0.4175824175824176,5,81
v2_random_evolution_s8,v2,random_evolution,8,random_regular,100,4,427,27,2.61563057701355,15,27,0.5555555555555556,5,81
v2_random_evolution_s8,v2,random_evolution,8,random_regular,100,4,428,15,1.9459101490483133,7,15,0.4666666666666667,48,81
v2_random_evolution_s8,v2,random_evolution,8,random_regular,100,4,429,0,0.0,0,0,,38,38
v2_random_evolution_s8,v2,random_evolution,8,random_regular,100,4,430,135,3.8393038461588183,57,135,0.4222222222222222,34,47
v2_random_evolution_s8,v2,random_evolution,8,random_regular,100,4,431,69,3.3549875695958247,30,69,0.43478260869565216,61,8
v2_random_evolution_s8,v2,random_evolution,8,random_regular,100,4,432,6,0.6931471805579453,2,6,0.3333333333333333,42,81
v2_random_evolution_s8,v2,random_evolution,8,random_regular,100,4,433,19,1.9459101490483133,7,19,0.3684210526315789,53,28
v2_random_evolution_s8,v2,random_evolution,8,random_regular,100,4,434,10,0.6931471805579453,2,10,0.2,86,47
v2_random_evolution_s8,v2,random_evolution,8,random_regular,100,4,435,57,3.10797227595561,25,57,0.43859649122807015,57,38
v2_random_evolution_s8,v2,random_evolution,8,random_regular,100,4,436,30,2.1383330594990277,12,30,0.4,15,8
v2_random_evolution_s8,v2,random_evolution,8,random_regular,100,4,437,16,2.079441541671836,8,16,0.5,42,8
v2_random_evolution_s8,v2,random_evolution,8,random_regular,100,4,438,1,-1.000088900581841e-12,1,1,1.0,12,38
v2_random_evolution_s8,v2,random_evolution,8,random_regular,100,4,439,324,4.42437102594355,117,324,0.3611111111111111,3,28
v2_random_evolution_s8,v2,random_evolution,8,random_regular,100,4,440,4,1.0986122886651095,3,4,0.75,49,81
v2_random_evolution_s8,v2,random_evolution,8,random_regular,100,4,441,61,2.912494403312053,21,61,0.3442622950819672,97,8
v2_random_evolution_s8,v2,random_evolution,8,random_regular,100,4,442,8,1.039720770836918,4,8,0.5,37,38
v2_random_evolution_s8,v2,random_evolution,8,random_regular,100,4,443,15,1.9459101490483133,7,15,0.4666666666666667,4,38
v2_random_evolution_s8,v2,random_evolution,8,random_regular,100,4,444,54,2.369382119683676,12,54,0.2222222222222222,67,47
v2_random_evolution_s8,v2,random_evolution,8,random_regular,100,4,445,78,3.299829685639092,31,78,0.3974358974358974,32,81
v2_random_evolution_s8,v2,random_evolution,8,random_regular,100,4,446,6,-1.000088900581841e-12,1,6,0.16666666666666666,88,28
v2_random_evolution_s8,v2,random_evolution,8,random_regular,100,4,447,5,0.6931471805579453,2,5,0.4,96,8
v2_random_evolution_s8,v2,random_evolution,8,random_regular,100,4,448,32,2.441015278014703,14,32,0.4375,6,81
v2_random_evolution_s8,v2,random_evolution,8,random_regular,100,4,449,122,3.699339493652792,57,122,0.4672131147540984,87,81
v2_random_evolution_s8,v2,random_evolution,8,random_regular,100,4,450,4,1.3862943611158909,4,4,1.0,4,81
v2_random_evolution_s8,v2,random_evolution,8,random_regular,100,4,451,29,2.302585092984045,10,29,0.3448275862068966,1,28
v2_random_evolution_s8,v2,random_evolution,8,random_regular,100,4,452,4,0.6931471805579453,2,4,0.5,59,28
v2_random_evolution_s8,v2,random_evolution,8,random_regular,100,4,453,8,1.0986122886651095,3,8,0.375,69,28
v2_random_evolution_s8,v2,random_evolution,8,random_regular,100,4,454,5,-1.000088900581841e-12,1,5,0.2,68,47
v2_random_evolution_s8,v2,random_evolution,8,random_regular,100,4,455,23,1.9459101490483133,7,23,0.30434782608695654,29,8
v2_random_evolution_s8,v2,random_evolution,8,random_regular,100,4,456,72,3.2238860684653137,29,72,0.4027777777777778,30,28
v2_random_evolution_s8,v2,random_evolution,8,random_regular,100,4,457,22,2.540036303807981,14,22,0.6363636363636364,23,38
v2_random_evolution_s8,v2,random_evolution,8,random_regular,100,4,458,79,2.842861043269369,33,79,0.4177215189873418,69,47
v2_random_evolution_s8,v2,random_evolution,8,random_regular,100,4,459,16,1.7478680974607577,7,16,0.4375,33,8
v2_random_evolution_s8,v2,random_evolution,8,random_regular,100,4,460,128,3.6526297829392207,45,128,0.3515625,13,38
v2_random_evolution_s8,v2,random_evolution,8,random_regular,100,4,461,49,3.044522437702424,21,49,0.42857142857142855,75,47
v2_random_evolution_s8,v2,random_evolution,8,random_regular,100,4,462,28,2.523210952939891,15,28,0.5357142857142857,17,81
v2_random_evolution_s8,v2,random_evolution,8,random_regular,100,4,463,313,4.438246107949312,108,313,0.3450479233226837,88,38
v2_random_evolution_s8,v2,random_evolution,8,random_regular,100,4,464,31,2.5649493574485365,13,31,0.41935483870967744,19,28
v2_random_evolution_s8,v2,random_evolution,8,random_regular,100,4,465,75,3.1445801968124902,33,75,0.44,86,38
v2_random_evolution_s8,v2,random_evolution,8,random_regular,100,4,466,40,2.8332133440392155,17,40,0.425,71,8
v2_random_evolution_s8,v2,random_evolution,8,random_regular,100,4,467,10,1.6094379124291005,5,10,0.5,27,8
v2_random_evolution_s8,v2,random_evolution,8,random_regular,100,4,468,79,3.2163581334868363,30,79,0.379746835443038,3,28
v2_random_evolution_s8,v2,random_evolution,8,random_regular,100,4,469,3,1.0986122886651095,3,3,1.0,93,81
v2_random_evolution_s8,v2,random_evolution,8,random_regular,100,4,470,15,1.791759469222055,6,15,0.4,1,47
v2_random_evolution_s8,v2,random_evolution,8,random_regular,100,4,471,0,0.0,0,0,,8,8
v2_random_evolution_s8,v2,random_evolution,8,random_regular,100,4,472,110,3.4678540963178395,40,110,0.36363636363636365,83,81
v2_random_evolution_s8,v2,random_evolution,8,random_regular,100,4,473,1,-1.000088900581841e-12,1,1,1.0,68,47
v2_random_evolution_s8,v2,random_evolution,8,random_regular,100,4,474,0,0.0,0,0,,38,38
v2_random_evolution_s8,v2,random_evolution,8,random_regular,100,4,475,29,2.1458417525857545,11,29,0.3793103448275862,40,38
v2_random_evolution_s8,v2,random_evolution,8,random_regular,100,4,476,76,3.170148321450507,30,76,0.39473684210526316,37,47
v2_random_evolution_s8,v2,random_evolution,8,random_regular,100,4,477,5,0.6931471805579453,2,5,0.4,37,38
v2_random_evolution_s8,v2,random_evolution,8,random_regular,100,4,478,0,0.0,0,0,,38,38
v2_random_evolution_s8,v2,random_evolution,8,random_regular,100,4,479,4,0.6931471805579453,2,4,0.5,6,81
v2_random_evolution_s8,v2,random_evolution,8,random_regular,100,4,480,239,4.060134729620224,89,239,0.3723849372384937,95,28
v2_random_evolution_s8,v2,random_evolution,8,random_regular,100,4,481,43,2.5993019270857944,16,43,0.37209302325581395,79,47
v2_random_evolution_s8,v2,random_evolution,8,random_regular,100,4,482,19,2.019814992484946,11,19,0.5789473684210527,25,38
v2_random_evolution_s8,v2,random_evolution,8,random_regular,100,4,483,64,3.0149468801585937,23,64,0.359375,93,8
v2_random_evolution_s8,v2,random_evolution,8,random_regular,100,4,484,29,2.3978952727873706,11,29,0.3793103448275862,6,28
v2_random_evolution_s8,v2,random_evolution,8,random_regular,100,4,485,0,0.0,0,0,,8,8
v2_random_evolution_s8,v2,random_evolution,8,random_regular,100,4,486,47,2.5993019270857944,16,47,0.3404255319148936,63,47
v2_random_evolution_s8,v2,random_evolution,8,random_regular,100,4,487,52,3.1514585102190296,26,52,0.5,50,47
v2_random_evolution_s8,v2,random_evolution,8,random_regular,100,4,488,152,4.1394251214109,80,152,0.5263157894736842,70,47
v2_random_evolution_s8,v2,random_evolution,8,random_regular,100,4,489,142,3.530656545749392,50,142,0.352112676056338,45,38
v2_random_evolution_s8,v2,random_evolution,8,random_regular,100,4,490,157,3.8895653270927,59,157,0.37579617834394907,48,8
v2_random_evolution_s8,v2,random_evolution,8,random_regular,100,4,491,15,1.791759469222055,6,15,0.4,72,47
v2_random_evolution_s8,v2,random_evolution,8,random_regular,100,4,492,0,0.0,0,0,,28,28
v2_random_evolution_s8,v2,random_evolution,8,random_regular,100,4,493,24,2.2718685126865625,11,24,0.4583333333333333,89,28
v2_random_evolution_s8,v2,random_evolution,8,random_regular,100,4,494,14,1.9061547465328492,8,14,0.5714285714285714,72,47
v2_random_evolution_s8,v2,random_evolution,8,random_regular,100,4,495,169,3.8305400739658033,71,169,0.42011834319526625,1,38
v2_random_evolution_s8,v2,random_evolution,8,random_regular,100,4,496,27,1.834371970274624,10,27,0.37037037037037035,95,81
v2_random_evolution_s8,v2,random_evolution,8,random_regular,100,4,497,89,3.363267070336762,34,89,0.38202247191011235,87,38
v2_random_evolution_s8,v2,random_evolution,8,random_regular,100,4,498,97,3.539627566658813,42,97,0.4329896907216495,35,28
v2_random_evolution_s8,v2,random_evolution,8,random_regular,100,4,499,45,2.7080502010872096,15,45,0.3333333333333333,4,28
v2_random_evolution_s8,v2,random_evolution,8,random_regular,100,4,500,93,3.158039775194436,29,93,0.3118279569892473,58,38
v2_random_evolution_s8,v2,random_evolution,8,random_regular,100,4,501,14,1.8891591637470213,9,14,0.6428571428571429,52,38
v2_random_evolution_s8,v2,random_evolution,8,random_regular,100,4,502,42,2.5649493574485365,13,42,0.30952380952380953,11,28
v2_random_evolution_s8,v2,random_evolution,8,random_regular,100,4,503,67,3.233183484354926,28,67,0.417910447761194,70,28
v2_random_evolution_s8,v2,random_evolution,8,random_regular,100,4,504,31,2.3978952727873706,11,31,0.3548387096774194,71,81
v2_random_evolution_s8,v2,random_evolution,8,random_regular,100,4,505,95,3.4186975763596656,38,95,0.4,75,28
v2_random_evolution_s8,v2,random_evolution,8,random_regular,100,4,506,32,1.9459101490483133,7,32,0.21875,30,28
v2_random_evolution_s8,v2,random_evolution,8,random_regular,100,4,507,1,-1.000088900581841e-12,1,1,1.0,45,47
v2_random_evolution_s8,v2,random_evolution,8,random_regular,100,4,508,18,2.079441541671836,8,18,0.4444444444444444,0,81
v2_random_evolution_s8,v2,random_evolution,8,random_regular,100,4,509,31,2.588573162668117,17,31,0.5483870967741935,58,38
v2_random_evolution_s8,v2,random_evolution,8,random_regular,100,4,510,62,2.375646548122249,21,62,0.3387096774193548,26,81
v2_random_evolution_s8,v2,random_evolution,8,random_regular,100,4,511,57,3.0280290732864104,22,57,0.38596491228070173,6,38
v2_random_evolution_s8,v2,random_evolution,8,random_regular,100,4,512,32,2.2429732264281474,14,32,0.4375,45,47
v2_random_evolution_s8,v2,random_evolution,8,random_regular,100,4,513,64,3.244492630381296,27,64,0.421875,51,8
v2_random_evolution_s8,v2,random_evolution,8,random_regular,100,4,514,250,4.307974733707773,101,250,0.404,21,81
v2_random_evolution_s8,v2,random_evolution,8,random_regular,100,4,515,70,3.37644338427611,36,70,0.5142857142857142,18,8
v2_random_evolution_s8,v2,random_evolution,8,random_regular,100,4,516,37,2.5649493574485365,13,37,0.35135135135135137,73,81
v2_random_evolution_s8,v2,random_evolution,8,random_regular,100,4,517,2,-1.000088900581841e-12,1,2,0.5,68,47
v2_random_evolution_s8,v2,random_evolution,8,random_regular,100,4,518,190,4.052215823945388,78,190,0.4105263157894737,0,8
v2_random_evolution_s8,v2,random_evolution,8,random_regular,100,4,519,40,2.751666616915516,17,40,0.425,69,28
v2_random_evolution_s8,v2,random_evolution,8,random_regular,100,4,520,34,2.639057329601259,14,34,0.4117647058823529,90,81
v2_random_evolution_s8,v2,random_evolution,8,random_regular,100,4,521,115,3.937639810915242,54,115,0.46956521739130436,63,81
v2_random_evolution_s8,v2,random_evolution,8,random_regular,100,4,522,27,2.4583113296710835,13,27,0.48148148148148145,78,47
v2_random_evolution_s8,v2,random_evolution,8,random_regular,100,4,523,96,3.485587161020812,34,96,0.3541666666666667,31,47
v2_random_evolution_s8,v2,random_evolution,8,random_regular,100,4,524,25,2.639057329601259,14,25,0.56,4,8
v2_random_evolution_s8,v2,random_evolution,8,random_regular,100,4,525,55,2.8903717578781647,18,55,0.32727272727272727,90,8
v2_random_evolution_s8,v2,random_evolution,8,random_regular,100,4,526,7,0.6931471805579453,2,7,0.2857142857142857,48,47
v2_random_evolution_s8,v2,random_evolution,8,random_regular,100,4,527,43,2.772588722223781,16,43,0.37209302325581395,20,47
v2_random_evolution_s8,v2,random_evolution,8,random_regular,100,4,528,164,3.823096663177728,51,164,0.31097560975609756,7,81
v2_random_evolution_s8,v2,random_evolution,8,random_regular,100,4,529,84,3.328471881301735,33,84,0.39285714285714285,72,81
v2_random_evolution_s8,v2,random_evolution,8,random_regular,100,4,530,89,3.2945673011828536,40,89,0.449438202247191,11,47
v2_random_evolution_s8,v2,random_evolution,8,random_regular,100,4,531,48,3.0752205480323718,23,48,0.4791666666666667,10,8
v2_random_evolution_s8,v2,random_evolution,8,random_regular,100,4,532,33,2.302585092984045,10,33,0.30303030303030304,51,47
v2_random_evolution_s8,v2,random_evolution,8,random_regular,100,4,533,154,3.95108592133644,56,154,0.36363636363636365,27,81
v2_random_evolution_s8,v2,random_evolution,8,random_regular,100,4,534,28,1.7478680974607577,7,28,0.25,82,47
v2_random_evolution_s8,v2,random_evolution,8,random_regular,100,4,535,34,2.772588722223781,16,34,0.47058823529411764,31,38
v2_random_evolution_s8,v2,random_evolution,8,random_regular,100,4,536,164,4.148326187441398,76,164,0.4634146341463415,15,8
v2_random_evolution_s8,v2,random_evolution,8,random_regular,100,4,537,108,3.3837392486818665,41,108,0.37962962962962965,34,28
v2_random_evolution_s8,v2,random_evolution,8,random_regular,100,4,538,9,1.3862943611158909,4,9,0.4444444444444444,69,8
v2_random_evolution_s8,v2,random_evolution,8,random_regular,100,4,539,5,0.6931471805579453,2,5,0.4,14,47
v2_random_evolution_s8,v2,random_evolution,8,random_regular,100,4,540,230,4.147789156624543,78,230,0.3391304347826087,16,38
v2_random_evolution_s8,v2,random_evolution,8,random_regular,100,4,541,31,2.523210952939891,15,31,0.4838709677419355,46,47
v2_random_evolution_s8,v2,random_evolution,8,random_regular,100,4,542,108,3.4331967372908423,40,108,0.37037037037037035,92,8
v2_random_evolution_s8,v2,random_evolution,8,random_regular,100,4,543,158,3.961333370047794,72,158,0.45569620253164556,7,81
v2_random_evolution_s8,v2,random_evolution,8,random_regular,100,4,544,111,3.5646232985788124,38,111,0.34234234234234234,63,38
v2_random_evolution_s8,v2,random_evolution,8,random_regular,100,4,545,118,3.312327174519707,46,118,0.3898305084745763,31,28
v2_random_evolution_s8,v2,random_evolution,8,random_regular,100,4,546,40,2.670119889791816,17,40,0.425,6,28
v2_random_evolution_s8,v2,random_evolution,8,random_regular,100,4,547,1,-1.000088900581841e-12,1,1,1.0,45,47
v2_random_evolution_s8,v2,random_evolution,8,random_regular,100,4,548,22,2.302585092984045,10,22,0.45454545454545453,94,38
v2_random_evolution_s8,v2,random_evolution,8,random_regular,100,4,549,1,-1.000088900581841e-12,1,1,1.0,45,47
v2_random_evolution_s8,v2,random_evolution,8,random_regular,100,4,550,61,3.120291565278284,24,61,0.39344262295081966,55,38
v2_random_evolution_s8,v2,random_evolution,8,random_regular,100,4,551,43,2.736339051089065,18,43,0.4186046511627907,74,38
v2_random_evolution_s8,v2,random_evolution,8,random_regular,100,4,552,211,3.997254850960267,74,211,0.35071090047393366,83,81
v2_random_evolution_s8,v2,random_evolution,8,random_regular,100,4,553,1,-1.000088900581841e-12,1,1,1.0,79,28
v2_random_evolution_s8,v2,random_evolution,8,random_regular,100,4,554,62,3.218875824843201,25,62,0.4032258064516129,43,28
v2_random_evolution_s8,v2,random_evolution,8,random_regular,100,4,555,64,2.947004770141297,24,64,0.375,5,28
v2_random_evolution_s8,v2,random_evolution,8,random_regular,100,4,556,177,4.1059758623533344,69,177,0.3898305084745763,89,28
v2_random_evolution_s8,v2,random_evolution,8,random_regular,100,4,557,1,-1.000088900581841e-12,1,1,1.0,80,28
v2_random_evolution_s8,v2,random_evolution,8,random_regular,100,4,558,47,2.941616952624223,25,47,0.5319148936170213,9,47
v2_random_evolution_s8,v2,random_evolution,8,random_regular,100,4,559,42,2.751666616915516,17,42,0.40476190476190477,89,28
v2_random_evolution_s8,v2,random_evolution,8,random_regular,100,4,560,21,2.079441541671836,8,21,0.38095238095238093,35,47
v2_random_evolution_s8,v2,random_evolution,8,random_regular,100,4,561,4,-1.000088900581841e-12,1,4,0.25,73,8
v2_random_evolution_s8,v2,random_evolution,8,random_regular,100,4,562,55,3.014630013702276,29,55,0.5272727272727272,80,8
v2_random_evolution_s8,v2,random_evolution,8,random_regular,100,4,563,127,4.030544414658215,59,127,0.4645669291338583,70,28
v2_random_evolution_s8,v2,random_evolution,8,random_regular,100,4,564,9,1.791759469222055,6,9,0.6666666666666666,3,28
v2_random_evolution_s8,v2,random_evolution,8,random_regular,100,4,565,45,2.926417555478996,20,45,0.4444444444444444,18,38
v2_random_evolution_s8,v2,random_evolution,8,random_regular,100,4,566,83,3.233183484354926,28,83,0.3373493975903614,43,47
v2_random_evolution_s8,v2,random_evolution,8,random_regular,100,4,567,259,4.346695083898636,108,259,0.416988416988417,86,47
v2_random_evolution_s8,v2,random_evolution,8,random_regular,100,4,568,186,4.109657096451475,74,186,0.3978494623655914,77,81
v2_random_evolution_s8,v2,random_evolution,8,random_regular,100,4,569,25,1.9061547465328492,8,25,0.32,85,81
v2_random_evolution_s8,v2,random_evolution,8,random_regular,100,4,570,32,2.484906649776,12,32,0.375,98,81
v2_random_evolution_s8,v2,random_evolution,8,random_regular,100,4,571,103,3.4678540963178395,40,103,0.3883495145631068,15,8
v2_random_evolution_s8,v2,random_evolution,8,random_regular,100,4,572,39,2.441015278014703,14,39,0.358974358974359,59,47
v2_random_evolution_s8,v2,random_evolution,8,random_regular,100,4,573,86,3.2127420325228604,33,86,0.38372093023255816,80,81
v2_random_evolution_s8,v2,random_evolution,8,random_regular,100,4,574,1,-1.000088900581841e-12,1,1,1.0,50,8
v2_random_evolution_s8,v2,random_evolution,8,random_regular,100,4,575,64,3.062529300232621,24,64,0.375,90,81
v2_random_evolution_s8,v2,random_evolution,8,random_regular,100,4,576,98,3.156350820628699,37,98,0.37755102040816324,22,8
v2_random_evolution_s8,v2,random_evolution,8,random_regular,100,4,577,117,3.66448190441264,43,117,0.36752136752136755,52,47
v2_random_evolution_s8,v2,random_evolution,8,random_regular,100,4,578,97,3.7158943452531408,48,97,0.4948453608247423,92,28
v2_random_evolution_s8,v2,random_evolution,8,random_regular,100,4,579,16,1.9061547465328492,8,16,0.5,57,47
v2_random_evolution_s8,v2,random_evolution,8,random_regular,100,4,580,34,2.857102837424001,20,34,0.5882352941176471,51,28
v2_random_evolution_s8,v2,random_evolution,8,random_regular,100,4,581,117,3.3508186570216325,44,117,0.37606837606837606,90,28
v2_random_evolution_s8,v2,random_evolution,8,random_regular,100,4,582,93,3.3911582003720584,38,93,0.40860215053763443,0,28
v2_random_evolution_s8,v2,random_evolution,8,random_regular,100,4,583,49,3.0752205480323718,23,49,0.46938775510204084,44,28
v2_random_evolution_s8,v2,random_evolution,8,random_regular,100,4,584,39,2.9444389791474395,19,39,0.48717948717948717,68,28
v2_random_evolution_s8,v2,random_evolution,8,random_regular,100,4,585,54,3.052520501511814,25,54,0.46296296296296297,59,28
v2_random_evolution_s8,v2,random_evolution,8,random_regular,100,4,586,18,1.6094379124291005,5,18,0.2777777777777778,6,38
v2_random_evolution_s8,v2,random_evolution,8,random_regular,100,4,587,266,4.3176432840990415,110,266,0.41353383458646614,66,47
v2_random_evolution_s8,v2,random_evolution,8,random_regular,100,4,588,98,3.556923618315194,39,98,0.3979591836734694,3,8
v2_random_evolution_s8,v2,random_evolution,8,random_regular,100,4,589,83,3.335770806415738,32,83,0.3855421686746988,95,38
v2_random_evolution_s8,v2,random_evolution,8,random_regular,100,4,590,9,1.3321790402061222,5,9,0.5555555555555556,43,8
v2_random_evolution_s8,v2,random_evolution,8,random_regular,100,4,591,56,3.1780538303239454,24,56,0.42857142857142855,26,8
v2_random_evolution_s8,v2,random_evolution,8,random_regular,100,4,592,235,4.320211676553483,92,235,0.39148936170212767,4,38
v2_random_evolution_s8,v2,random_evolution,8,random_regular,100,4,593,129,3.848483638154688,57,129,0.4418604651162791,83,38
v2_random_evolution_s8,v2,random_evolution,8,random_regular,100,4,594,107,3.458876920453898,43,107,0.40186915887850466,16,81
v2_random_evolution_s8,v2,random_evolution,8,random_regular,100,4,595,0,0.0,0,0,,28,28
v2_random_evolution_s8,v2,random_evolution,8,random_regular,100,4,596,84,3.5849073769929456,40,84,0.47619047619047616,96,8
v2_random_evolution_s8,v2,random_evolution,8,random_regular,100,4,597,22,1.7478680974607577,7,22,0.3181818181818182,54,38
v2_random_evolution_s8,v2,random_evolution,8,random_regular,100,4,598,8,1.791759469222055,6,8,0.75,14,81
v2_random_evolution_s8,v2,random_evolution,8,random_regular,100,4,599,102,3.603049664804596,47,102,0.46078431372549017,62,38
v2_random_evolution_s8,v2,random_evolution,8,random_regular,100,4,600,36,2.369382119683676,12,36,0.3333333333333333,27,81
v2_random_evolution_s8,v2,random_evolution,8,random_regular,100,4,601,33,2.670119889791816,17,33,0.5151515151515151,31,8
v2_random_evolution_s8,v2,random_evolution,8,random_regular,100,4,602,8,1.3321790402061222,5,8,0.625,6,8
v2_random_evolution_s8,v2,random_evolution,8,random_regular,100,4,603,37,2.1639556568730565,10,37,0.2702702702702703,87,8
v2_random_evolution_s8,v2,random_evolution,8,random_regular,100,4,604,25,2.484906649776,12,25,0.48,70,8
v2_random_evolution_s8,v2,random_evolution,8,random_regular,100,4,605,9,1.6094379124291005,5,9,0.5555555555555556,44,38
v2_random_evolution_s8,v2,random_evolution,8,random_regular,100,4,606,32,2.7080502010872096,15,32,0.46875,27,38
v2_random_evolution_s8,v2,random_evolution,8,random_regular,100,4,607,6,-1.000088900581841e-12,1,6,0.16666666666666666,22,47
v2_random_evolution_s8,v2,random_evolution,8,random_regular,100,4,608,393,4.73734015011033,164,393,0.4173027989821883,75,28
v2_random_evolution_s8,v2,random_evolution,8,random_regular,100,4,609,30,2.2718685126865625,11,30,0.36666666666666664,61,81
v2_random_evolution_s8,v2,random_evolution,8,random_regular,100,4,610,15,2.079441541671836,8,15,0.5333333333333333,30,28
v2_random_evolution_s8,v2,random_evolution,8,random_regular,100,4,611,468,4.609759384057171,168,468,0.358974358974359,65,81
v2_random_evolution_s8,v2,random_evolution,8,random_regular,100,4,612,20,1.6094379124291005,5,20,0.25,35,47
v2_random_evolution_s8,v2,random_evolution,8,random_regular,100,4,613,70,2.889242505095635,24,70,0.34285714285714286,74,47
v2_random_evolution_s8,v2,random_evolution,8,random_regular,100,4,614,2,-1.000088900581841e-12,1,2,0.5,49,81
v2_random_evolution_s8,v2,random_evolution,8,random_regular,100,4,615,0,0.0,0,0,,81,81
v2_random_evolution_s8,v2,random_evolution,8,random_regular,100,4,616,43,2.302585092984045,10,43,0.23255813953488372,66,47
v2_random_evolution_s8,v2,random_evolution,8,random_regular,100,4,617,0,0.0,0,0,,38,38
v2_random_evolution_s8,v2,random_evolution,8,random_regular,100,4,618,108,3.498515667114017,37,108,0.3425925925925926,31,81
v2_random_evolution_s8,v2,random_evolution,8,random_regular,100,4,619,97,3.721176253825357,44,97,0.4536082474226804,85,38
v2_random_evolution_s8,v2,random_evolution,8,random_regular,100,4,620,4,0.6931471805579453,2,4,0.5,48,47
v2_random_evolution_s8,v2,random_evolution,8,random_regular,100,4,621,290,4.476237911310157,117,290,0.40344827586206894,69,81
v2_random_evolution_s8,v2,random_evolution,8,random_regular,100,4,622,46,2.670119889791816,17,46,0.3695652173913043,67,28
v2_random_evolution_s8,v2,random_evolution,8,random_regular,100,4,623,20,1.0986122886651095,3,20,0.15,75,47
v2_random_evolution_s8,v2,random_evolution,8,random_regular,100,4,624,24,1.791759469222055,6,24,0.25,50,81
v2_random_evolution_s8,v2,random_evolution,8,random_regular,100,4,625,140,3.5851191891369387,51,140,0.36428571428571427,68,38
v2_random_evolution_s8,v2,random_evolution,8,random_regular,100,4,626,37,2.369382119683676,12,37,0.32432432432432434,62,47
v2_random_evolution_s8,v2,random_evolution,8,random_regular,100,4,627,0,0.0,0,0,,38,38
v2_random_evolution_s8,v2,random_evolution,8,random_regular,100,4,628,8,1.9459101490483133,7,8,0.875,98,8
v2_random_evolution_s8,v2,random_evolution,8,random_regular,100,4,629,15,1.3862943611158909,4,15,0.26666666666666666,15,38
v2_random_evolution_s8,v2,random_evolution,8,random_regular,100,4,630,89,3.2163581334868363,30,89,0.33707865168539325,67,28
v2_random_evolution_s8,v2,random_evolution,8,random_regular,100,4,631,75,3.367295829957475,29,75,0.38666666666666666,56,81
v2_random_evolution_s8,v2,random_evolution,8,random_regular,100,4,632,645,5.023144032866249,262,645,0.4062015503875969,23,81
v2_random_evolution_s8,v2,random_evolution,8,random_regular,100,4,633,8,1.0986122886651095,3,8,0.375,85,38
v2_random_evolution_s8,v2,random_evolution,8,random_regular,100,4,634,7,0.6931471805579453,2,7,0.2857142857142857,37,38
v2_random_evolution_s8,v2,random_evolution,8,random_regular,100,4,635,146,3.966293541996605,75,146,0.5136986301369864,26,8
v2_random_evolution_s8,v2,random_evolution,8,random_regular,100,4,636,175,3.919903049514231,75,175,0.42857142857142855,10,28
v2_random_evolution_s8,v2,random_evolution,8,random_regular,100,4,637,17,2.079441541671836,8,17,0.47058823529411764,4,47
v2_random_evolution_s8,v2,random_evolution,8,random_regular,100,4,638,33,2.4583113296710835,13,33,0.3939393939393939,93,28
v2_random_evolution_s8,v2,random_evolution,8,random_regular,100,4,639,58,3.0047670351869598,24,58,0.41379310344827586,12,47
v2_random_evolution_s8,v2,random_evolution,8,random_regular,100,4,640,100,3.638648592450092,42,100,0.42,79,38
v2_random_evolution_s8,v2,random_evolution,8,random_regular,100,4,641,113,3.5726345752559063,42,113,0.37168141592920356,77,8
v2_random_evolution_s8,v2,random_evolution,8,random_regular,100,4,642,40,2.751666616915516,17,40,0.425,11,8
v2_random_evolution_s8,v2,random_evolution,8,random_regular,100,4,643,32,2.4583113296710835,13,32,0.40625,6,81
v2_random_evolution_s8,v2,random_evolution,8,random_regular,100,4,644,24,2.2718685126865625,11,24,0.4583333333333333,60,81
v2_random_evolution_s8,v2,random_evolution,8,random_regular,100,4,645,3,0.6931471805579453,2,3,0.6666666666666666,51,47
v2_random_evolution_s8,v2,random_evolution,8,random_regular,100,4,646,29,2.4410152780147034,14,29,0.4827586206896552,66,28
v2_random_evolution_s8,v2,random_evolution,8,random_regular,100,4,647,131,3.5523196382055304,49,131,0.37404580152671757,87,38
v2_random_evolution_s8,v2,random_evolution,8,random_regular,100,4,648,109,3.750361689789087,49,109,0.44954128440366975,98,28
v2_random_evolution_s8,v2,random_evolution,8,random_regular,100,4,649,45,2.871476118036867,19,45,0.4222222222222222,29,81
v2_random_evolution_s8,v2,random_evolution,8,random_regular,100,4,650,93,3.5359830822784195,37,93,0.3978494623655914,55,81
v2_random_evolution_s8,v2,random_evolution,8,random_regular,100,4,651,32,2.61563057701355,15,32,0.46875,31,81
v2_random_evolution_s8,v2,random_evolution,8,random_regular,100,4,652,2,-1.000088900581841e-12,1,2,0.5,45,47
v2_random_evolution_s8,v2,random_evolution,8,random_regular,100,4,653,15,1.791759469222055,6,15,0.4,51,47
v2_random_evolution_s8,v2,random_evolution,8,random_regular,100,4,654,19,2.197224577327219,9,19,0.47368421052631576,6,47
v2_random_evolution_s8,v2,random_evolution,8,random_regular,100,4,655,12,1.5498260458732018,7,12,0.5833333333333334,88,28
v2_random_evolution_s8,v2,random_evolution,8,random_regular,100,4,656,45,2.630253356374264,18,45,0.4,96,81
v2_random_evolution_s8,v2,random_evolution,8,random_regular,100,4,657,77,3.485587161020812,34,77,0.44155844155844154,6,47
v2_random_evolution_s8,v2,random_evolution,8,random_regular,100,4,658,41,2.751666616915516,17,41,0.4146341463414634,4,81
v2_random_evolution_s8,v2,random_evolution,8,random_regular,100,4,659,15,2.0431918705371204,9,15,0.6,55,38
v2_random_evolution_s8,v2,random_evolution,8,random_regular,100,4,660,99,3.5783238363141483,41,99,0.41414141414141414,14,47
v2_random_evolution_s8,v2,random_evolution,8,random_regular,100,4,661,87,3.315020806584469,42,87,0.4827586206896552,49,8
v2_random_evolution_s8,v2,random_evolution,8,random_regular,100,4,662,58,2.8716496251169272,23,58,0.39655172413793105,65,28
v2_random_evolution_s8,v2,random_evolution,8,random_regular,100,4,663,9,1.791759469222055,6,9,0.6666666666666666,71,38
v2_random_evolution_s8,v2,random_evolution,8,random_regular,100,4,664,74,3.169394313516978,34,74,0.4594594594594595,58,8
v2_random_evolution_s8,v2,random_evolution,8,random_regular,100,4,665,15,2.197224577327219,9,15,0.6,71,8
v2_random_evolution_s8,v2,random_evolution,8,random_regular,100,4,666,40,2.476220649585165,18,40,0.45,44,38
v2_random_evolution_s8,v2,random_evolution,8,random_regular,100,4,667,2,-1.000088900581841e-12,1,2,0.5,45,47
v2_random_evolution_s8,v2,random_evolution,8,random_regular,100,4,668,69,3.4544986414005443,33,69,0.4782608695652174,12,28
v2_random_evolution_s8,v2,random_evolution,8,random_regular,100,4,669,30,2.2718685126865625,11,30,0.36666666666666664,75,47
v2_random_evolution_s8,v2,random_evolution,8,random_regular,100,4,670,87,3.498515667114017,37,87,0.42528735632183906,57,47
v2_random_evolution_s8,v2,random_evolution,8,random_regular,100,4,671,225,4.139855539495947,86,225,0.38222222222222224,27,8
v2_random_evolution_s8,v2,random_evolution,8,random_regular,100,4,672,31,2.540036303807981,14,31,0.45161290322580644,75,28
v2_random_evolution_s8,v2,random_evolution,8,random_regular,100,4,673,0,0.0,0,0,,8,8
v2_random_evolution_s8,v2,random_evolution,8,random_regular,100,4,674,112,3.720560710349592,55,112,0.49107142857142855,20,8
v2_random_evolution_s8,v2,random_evolution,8,random_regular,100,4,675,8,1.3862943611158909,4,8,0.5,18,47
v2_random_evolution_s8,v2,random_evolution,8,random_regular,100,4,676,2,0.6931471805579453,2,2,1.0,63,38
v2_random_evolution_s8,v2,random_evolution,8,random_regular,100,4,677,47,2.6593226976945163,18,47,0.3829787234042553,29,8
v2_random_evolution_s8,v2,random_evolution,8,random_regular,100,4,678,32,2.3978952727873706,11,32,0.34375,24,38
v2_random_evolution_s8,v2,random_evolution,8,random_regular,100,4,679,134,3.8252615592850914,54,134,0.40298507462686567,94,38
v2_random_evolution_s8,v2,random_evolution,8,random_regular,100,4,680,18,1.6094379124291005,5,18,0.2777777777777778,39,81
v2_random_evolution_s8,v2,random_evolution,8,random_regular,100,4,681,4,-1.000088900581841e-12,1,4,0.25,80,28
v2_random_evolution_s8,v2,random_evolution,8,random_regular,100,4,682,160,4.046421636502493,65,160,0.40625,9,8
v2_random_evolution_s8,v2,random_evolution,8,random_regular,100,4,683,24,2.2718685126865625,11,24,0.4583333333333333,9,8
v2_random_evolution_s8,v2,random_evolution,8,random_regular,100,4,684,17,2.1639556568730565,10,17,0.5882352941176471,75,47
v2_random_evolution_s8,v2,random_evolution,8,random_regular,100,4,685,132,3.86020847544946,58,132,0.4393939393939394,0,47
v2_random_evolution_s8,v2,random_evolution,8,random_regular,100,4,686,19,1.791759469222055,6,19,0.3157894736842105,49,47
v2_random_evolution_s8,v2,random_evolution,8,random_regular,100,4,687,10,1.6094379124291005,5,10,0.5,93,38
v2_random_evolution_s8,v2,random_evolution,8,random_regular,100,4,688,145,3.898171424076746,63,145,0.43448275862068964,11,28
v2_random_evolution_s8,v2,random_evolution,8,random_regular,100,4,689,5,1.0986122886651095,3,5,0.6,70,38
v2_random_evolution_s8,v2,random_evolution,8,random_regular,100,4,690,4,0.6931471805579453,2,4,0.5,55,38
v2_random_evolution_s8,v2,random_evolution,8,random_regular,100,4,691,118,3.596573283067478,50,118,0.423728813559322,79,81
v2_random_evolution_s8,v2,random_evolution,8,random_regular,100,4,692,0,0.0,0,0,,81,81
v2_random_evolution_s8,v2,random_evolution,8,random_regular,100,4,693,8,-1.000088900581841e-12,1,8,0.125,84,38
v2_random_evolution_s8,v2,random_evolution,8,random_regular,100,4,694,205,3.851168751014142,73,205,0.35609756097560974,56,28
v2_random_evolution_s8,v2,random_evolution,8,random_regular,100,4,695,71,3.35462479697817,33,71,0.4647887323943662,32,81
v2_random_evolution_s8,v2,random_evolution,8,random_regular,100,4,696,12,1.3862943611158909,4,12,0.3333333333333333,73,8
v2_random_evolution_s8,v2,random_evolution,8,random_regular,100,4,697,17,1.3862943611158909,4,17,0.23529411764705882,12,38
v2_random_evolution_s8,v2,random_evolution,8,random_regular,100,4,698,67,3.319492576126754,29,67,0.43283582089552236,20,8
v2_random_evolution_s8,v2,random_evolution,8,random_regular,100,4,699,17,1.6094379124291005,5,17,0.29411764705882354,86,81
v2_random_evolution_s8,v2,random_evolution,8,random_regular,100,4,700,22,2.0431918705371204,9,22,0.4090909090909091,58,47
v2_random_evolution_s8,v2,random_evolution,8,random_regular,100,4,701,66,3.271689322296034,29,66,0.4393939393939394,56,38
v2_random_evolution_s8,v2,random_evolution,8,random_regular,100,4,702,36,2.912494403312053,21,36,0.5833333333333334,40,81
v2_random_evolution_s8,v2,random_evolution,8,random_regular,100,4,703,105,3.5734504974428223,37,105,0.3523809523809524,95,8
v2_random_evolution_s8,v2,random_evolution,8,random_regular,100,4,704,222,4.167059902635156,87,222,0.3918918918918919,13,81
v2_random_evolution_s8,v2,random_evolution,8,random_regular,100,4,705,33,2.639057329601259,14,33,0.42424242424242425,15,38
v2_random_evolution_s8,v2,random_evolution,8,random_regular,100,4,706,172,4.291760683403372,81,172,0.47093023255813954,52,81
v2_random_evolution_s8,v2,random_evolution,8,random_regular,100,4,707,1,-1.000088900581841e-12,1,1,1.0,88,28
v2_random_evolution_s8,v2,random_evolution,8,random_regular,100,4,708,28,2.540036303807981,14,28,0.5,67,47
v2_random_evolution_s8,v2,random_evolution,8,random_regular,100,4,709,68,2.9785084205072385,21,68,0.3088235294117647,87,8
v2_random_evolution_s8,v2,random_evolution,8,random_regular,100,4,710,40,2.685945324654788,16,40,0.4,16,38
v2_random_evolution_s8,v2,random_evolution,8,random_regular,100,4,711,1,-1.000088900581841e-12,1,1,1.0,80,28
v2_random_evolution_s8,v2,random_evolution,8,random_regular,100,4,712,238,4.296196845325543,94,238,0.3949579831932773,61,38
v2_random_evolution_s8,v2,random_evolution,8,random_regular,100,4,713,68,3.120291565278284,24,68,0.35294117647058826,86,8
v2_random_evolution_s8,v2,random_evolution,8,random_regular,100,4,714,68,3.2580965379954825,26,68,0.38235294117647056,61,81
v2_random_evolution_s8,v2,random_evolution,8,random_regular,100,4,715,2,0.6931471805579453,2,2,1.0,71,38
v2_random_evolution_s8,v2,random_evolution,8,random_regular,100,4,716,23,2.3978952727873706,11,23,0.4782608695652174,78,8
v2_random_evolution_s8,v2,random_evolution,8,random_regular,100,4,717,15,1.3862943611158909,4,15,0.26666666666666666,5,8
v2_random_evolution_s8,v2,random_evolution,8,random_regular,100,4,718,85,3.084651945666509,28,85,0.32941176470588235,63,28
v2_random_evolution_s8,v2,random_evolution,8,random_regular,100,4,719,33,2.484906649776,12,33,0.36363636363636365,69,8
v2_random_evolution_s8,v2,random_evolution,8,random_regular,100,4,720,12,1.3862943611158909,4,12,0.3333333333333333,37,28
v2_random_evolution_s8,v2,random_evolution,8,random_regular,100,4,721,87,3.45345973766966,36,87,0.41379310344827586,72,28
v2_random_evolution_s8,v2,random_evolution,8,random_regular,100,4,722,28,2.369382119683676,12,28,0.42857142857142855,88,47
v2_random_evolution_s8,v2,random_evolution,8,random_regular,100,4,723,193,4.069975142912108,83,193,0.43005181347150256,88,38
v2_random_evolution_s8,v2,random_evolution,8,random_regular,100,4,724,71,3.271689322296034,29,71,0.4084507042253521,23,8
v2_random_evolution_s8,v2,random_evolution,8,random_regular,100,4,725,180,4.1059758623533344,69,180,0.38333333333333336,63,47
v2_random_evolution_s8,v2,random_evolution,8,random_regular,100,4,726,12,1.9459101490483133,7,12,0.5833333333333334,95,8
v2_random_evolution_s8,v2,random_evolution,8,random_regular,100,4,727,2,-1.000088900581841e-12,1,2,0.5,40,38
v2_random_evolution_s8,v2,random_evolution,8,random_regular,100,4,728,0,0.0,0,0,,8,8
v2_random_evolution_s8,v2,random_evolution,8,random_regular,100,4,729,181,4.018473973809399,67,181,0.3701657458563536,55,47
v2_random_evolution_s8,v2,random_evolution,8,random_regular,100,4,730,36,3.0910424533363146,22,36,0.6111111111111112,74,8
v2_random_evolution_s8,v2,random_evolution,8,random_regular,100,4,731,10,1.0986122886651095,3,10,0.3,92,38
v2_random_evolution_s8,v2,random_evolution,8,random_regular,100,4,732,0,0.0,0,0,,38,38
v2_random_evolution_s8,v2,random_evolution,8,random_regular,100,4,733,60,3.10797227595561,25,60,0.4166666666666667,36,28
v2_random_evolution_s8,v2,random_evolution,8,random_regular,100,4,734,56,2.670119889791817,17,56,0.30357142857142855,39,38
v2_random_evolution_s8,v2,random_evolution,8,random_regular,100,4,735,29,2.302585092984045,10,29,0.3448275862068966,83,81
v2_random_evolution_s8,v2,random_evolution,8,random_regular,100,4,736,15,1.791759469222055,6,15,0.4,59,81
v2_random_evolution_s8,v2,random_evolution,8,random_regular,100,4,737,101,3.4502855905397403,39,101,0.38613861386138615,56,47
v2_random_evolution_s8,v2,random_evolution,8,random_regular,100,4,738,205,4.223131540971851,91,205,0.44390243902439025,18,47
v2_random_evolution_s8,v2,random_evolution,8,random_regular,100,4,739,3,0.6931471805579453,2,3,0.6666666666666666,82,8
v2_random_evolution_s8,v2,random_evolution,8,random_regular,100,4,740,104,3.4038389001002667,48,104,0.46153846153846156,9,38
v2_random_evolution_s8,v2,random_evolution,8,random_regular,100,4,741,62,2.83412587653726,23,62,0.3709677419354839,50,28
v2_random_evolution_s8,v2,random_evolution,8,random_regular,100,4,742,11,1.6094379124291005,5,11,0.45454545454545453,46,81
v2_random_evolution_s8,v2,random_evolution,8,random_regular,100,4,743,15,1.9459101490483133,7,15,0.4666666666666667,74,47
v2_random_evolution_s8,v2,random_evolution,8,random_regular,100,4,744,84,3.4331967372908423,40,84,0.47619047619047616,46,81
v2_random_evolution_s8,v2,random_evolution,8,random_regular,100,4,745,64,2.788626037949039,23,64,0.359375,98,81
v2_random_evolution_s8,v2,random_evolution,8,random_regular,100,4,746,11,1.6094379124291005,5,11,0.45454545454545453,37,28
v2_random_evolution_s8,v2,random_evolution,8,random_regular,100,4,747,69,3.0910424533363146,22,69,0.3188405797101449,55,38
v2_random_evolution_s8,v2,random_evolution,8,random_regular,100,4,748,72,3.2958368659773285,27,72,0.375,62,8
v2_random_evolution_s8,v2,random_evolution,8,random_regular,100,4,749,26,2.3978952727873706,11,26,0.4230769230769231,59,8
v2_random_evolution_s8,v2,random_evolution,8,random_regular,100,4,750,45,2.4583113296710835,13,45,0.28888888888888886,92,28
v2_random_evolution_s8,v2,random_evolution,8,random_regular,100,4,751,47,3.044522437702424,21,47,0.44680851063829785,85,28
v2_random_evolution_s8,v2,random_evolution,8,random_regular,100,4,752,23,2.197224577327219,9,23,0.391304347826087,68,47
v2_random_evolution_s8,v2,random_evolution,8,random_regular,100,4,753,9,1.0986122886651095,3,9,0.3333333333333333,39,81
v2_random_evolution_s8,v2,random_evolution,8,random_regular,100,4,754,52,2.813355404483615,18,52,0.34615384615384615,59,47
v2_random_evolution_s8,v2,random_evolution,8,random_regular,100,4,755,47,2.8097834779860493,25,47,0.5319148936170213,53,47
v2_random_evolution_s8,v2,random_evolution,8,random_regular,100,4,756,63,3.3445488585774434,31,63,0.49206349206349204,50,28
v2_random_evolution_s8,v2,random_evolution,8,random_regular,100,4,757,31,2.670119889791816,17,31,0.5483870967741935,50,8
v2_random_evolution_s8,v2,random_evolution,8,random_regular,100,4,758,43,2.9785084205072385,21,43,0.4883720930232558,62,47
v2_random_evolution_s8,v2,random_evolution,8,random_regular,100,4,759,94,3.5157396511377024,35,94,0.3723404255319149,52,8
v2_random_evolution_s8,v2,random_evolution,8,random_regular,100,4,760,51,2.736339051089065,18,51,0.35294117647058826,62,28
v2_random_evolution_s8,v2,random_evolution,8,random_regular,100,4,761,59,3.335770806415738,32,59,0.5423728813559322,99,47
v2_random_evolution_s8,v2,random_evolution,8,random_regular,100,4,762,201,3.9573045986056874,80,201,0.39800995024875624,98,28
v2_random_evolution_s8,v2,random_evolution,8,random_regular,100,4,763,146,3.757982643193954,62,146,0.4246575342465753,73,28
v2_random_evolution_s8,v2,random_evolution,8,random_regular,100,4,764,1,-1.000088900581841e-12,1,1,1.0,12,38
v2_random_evolution_s8,v2,random_evolution,8,random_regular,100,4,765,88,3.465735902767727,32,88,0.36363636363636365,43,81
v2_random_evolution_s8,v2,random_evolution,8,random_regular,100,4,766,51,2.6525875347051477,19,51,0.37254901960784315,68,81
v2_random_evolution_s8,v2,random_evolution,8,random_regular,100,4,767,12,1.3862943611158909,4,12,0.3333333333333333,4,81
v2_random_evolution_s8,v2,random_evolution,8,random_regular,100,4,768,98,3.4502855905397403,39,98,0.3979591836734694,70,47
v2_random_evolution_s8,v2,random_evolution,8,random_regular,100,4,769,16,1.6094379124291005,5,16,0.3125,57,38
v2_random_evolution_s8,v2,random_evolution,8,random_regular,100,4,770,13,2.079441541671836,8,13,0.6153846153846154,71,8
v2_random_evolution_s8,v2,random_evolution,8,random_regular,100,4,771,4,0.6931471805579453,2,4,0.5,63,38
v2_random_evolution_s8,v2,random_evolution,8,random_regular,100,4,772,92,3.544511778726858,41,92,0.44565217391304346,13,38
v2_random_evolution_s8,v2,random_evolution,8,random_regular,100,4,773,35,2.5649493574485365,13,35,0.37142857142857144,77,81
v2_random_evolution_s8,v2,random_evolution,8,random_regular,100,4,774,42,2.926417555478996,20,42,0.47619047619047616,51,28
v2_random_evolution_s8,v2,random_evolution,8,random_regular,100,4,775,21,2.079441541671836,8,21,0.38095238095238093,14,47
v2_random_evolution_s8,v2,random_evolution,8,random_regular,100,4,776,55,3.2580965379954825,26,55,0.4727272727272727,89,8
v2_random_evolution_s8,v2,random_evolution,8,random_regular,100,4,777,107,3.4502855905397403,39,107,0.3644859813084112,33,47
v2_random_evolution_s8,v2,random_evolution,8,random_regular,100,4,778,45,2.8332133440392155,17,45,0.37777777777777777,69,8
v2_random_evolution_s8,v2,random_evolution,8,random_regular,100,4,779,37,2.670119889791816,17,37,0.4594594594594595,54,81
v2_random_evolution_s8,v2,random_evolution,8,random_regular,100,4,780,17,2.302585092984045,10,17,0.5882352941176471,17,47
v2_random_evolution_s8,v2,random_evolution,8,random_regular,100,4,781,1,-1.000088900581841e-12,1,1,1.0,80,28
v2_random_evolution_s8,v2,random_evolution,8,random_regular,100,4,782,120,3.506148144454139,45,120,0.375,58,81
v2_random_evolution_s8,v2,random_evolution,8,random_regular,100,4,783,74,3.1418041591892294,27,74,0.36486486486486486,7,8
v2_random_evolution_s8,v2,random_evolution,8,random_regular,100,4,784,14,1.9459101490483133,7,14,0.5,91,28
v2_random_evolution_s8,v2,random_evolution,8,random_regular,100,4,785,2,0.6931471805579453,2,2,1.0,91,47
v2_random_evolution_s8,v2,random_evolution,8,random_regular,100,4,786,40,2.5649493574485365,13,40,0.325,57,47
v2_random_evolution_s8,v2,random_evolution,8,random_regular,100,4,787,26,2.4583113296710835,13,26,0.5,93,81
v2_random_evolution_s8,v2,random_evolution,8,random_regular,100,4,788,108,3.7113914345883634,49,108,0.4537037037037037,72,28
v2_random_evolution_s8,v2,random_evolution,8,random_regular,100,4,789,108,3.539627566658813,42,108,0.3888888888888889,25,81
v2_random_evolution_s8,v2,random_evolution,8,random_regular,100,4,790,7,0.6931471805579453,2,7,0.2857142857142857,64,47
v2_random_evolution_s8,v2,random_evolution,8,random_regular,100,4,791,4,0.6931471805579453,2,4,0.5,11,81
v2_random_evolution_s8,v2,random_evolution,8,random_regular,100,4,792,51,3.0910424533363146,22,51,0.43137254901960786,76,47
v2_random_evolution_s8,v2,random_evolution,8,random_regular,100,4,793,15,1.9459101490483133,7,15,0.4666666666666667,19,8
v2_random_evolution_s8,v2,random_evolution,8,random_regular,100,4,794,57,3.233183484354926,28,57,0.49122807017543857,26,47
v2_random_evolution_s8,v2,random_evolution,8,random_regular,100,4,795,86,3.2491274088477446,32,86,0.37209302325581395,76,47
v2_random_evolution_s8,v2,random_evolution,8,random_regular,100,4,796,94,2.731050274418966,27,94,0.2872340425531915,2,28
v2_random_evolution_s8,v2,random_evolution,8,random_regular,100,4,797,12,1.9459101490483133,7,12,0.5833333333333334,78,8
v2_random_evolution_s8,v2,random_evolution,8,random_regular,100,4,798,10,1.054920167983144,5,10,0.5,80,28
v2_random_evolution_s8,v2,random_evolution,8,random_regular,100,4,799,111,3.636445433177706,46,111,0.4144144144144144,34,28
v2_random_evolution_s8,v2,random_evolution,8,random_regular,100,4,800,76,3.5065025850265608,36,76,0.47368421052631576,25,28
v2_random_evolution_s8,v2,random_evolution,8,random_regular,100,4,801,37,2.772588722223781,16,37,0.43243243243243246,74,47
v2_random_evolution_s8,v2,random_evolution,8,random_regular,100,4,802,143,3.8056903690225776,55,143,0.38461538461538464,15,8
v2_random_evolution_s8,v2,random_evolution,8,random_regular,100,4,803,116,3.5681967142878337,51,116,0.4396551724137931,63,81
v2_random_evolution_s8,v2,random_evolution,8,random_regular,100,4,804,58,3.0246955538362474,26,58,0.4482758620689655,90,28
v2_random_evolution_s8,v2,random_evolution,8,random_regular,100,4,805,7,1.3321790402061222,5,7,0.7142857142857143,49,8
v2_random_evolution_s8,v2,random_evolution,8,random_regular,100,4,806,286,4.48129524260005,126,286,0.4405594405594406,41,28
v2_random_evolution_s8,v2,random_evolution,8,random_regular,100,4,807,2,-1.000088900581841e-12,1,2,0.5,68,47
v2_random_evolution_s8,v2,random_evolution,8,random_regular,100,4,808,89,2.8114194982833407,26,89,0.29213483146067415,63,38
v2_random_evolution_s8,v2,random_evolution,8,random_regular,100,4,809,105,3.543506999244308,39,105,0.37142857142857144,92,8
v2_random_evolution_s8,v2,random_evolution,8,random_regular,100,4,810,13,1.7478680974607577,7,13,0.5384615384615384,63,38
v2_random_evolution_s8,v2,random_evolution,8,random_regular,100,4,811,250,4.319884083122082,101,250,0.404,15,8
v2_random_evolution_s8,v2,random_evolution,8,random_regular,100,4,812,43,2.871476118036867,19,43,0.4418604651162791,82,38
v2_random_evolution_s8,v2,random_evolution,8,random_regular,100,4,813,23,2.3516733018936304,13,23,0.5652173913043478,42,81
v2_random_evolution_s8,v2,random_evolution,8,random_regular,100,4,814,14,1.0986122886651095,3,14,0.21428571428571427,84,8
v2_random_evolution_s8,v2,random_evolution,8,random_regular,100,4,815,54,3.2551105127007407,31,54,0.5740740740740741,44,47
v2_random_evolution_s8,v2,random_evolution,8,random_regular,100,4,816,23,2.4583113296710835,13,23,0.5652173913043478,87,81
v2_random_evolution_s8,v2,random_evolution,8,random_regular,100,4,817,83,3.1984371714503625,36,83,0.43373493975903615,34,47
v2_random_evolution_s8,v2,random_evolution,8,random_regular,100,4,818,20,1.5229550675263184,9,20,0.45,26,81
v2_random_evolution_s8,v2,random_evolution,8,random_regular,100,4,819,120,3.425356256910581,45,120,0.375,57,8
v2_random_evolution_s8,v2,random_evolution,8,random_regular,100,4,820,0,0.0,0,0,,8,8
v2_random_evolution_s8,v2,random_evolution,8,random_regular,100,4,821,24,2.2718685126865625,11,24,0.4583333333333333,82,47
v2_random_evolution_s8,v2,random_evolution,8,random_regular,100,4,822,20,1.9459101490483133,7,20,0.35,96,81
v2_random_evolution_s8,v2,random_evolution,8,random_regular,100,4,823,73,3.4040404338981123,34,73,0.4657534246575342,61,38
v2_random_evolution_s8,v2,random_evolution,8,random_regular,100,4,824,47,2.813355404483615,18,47,0.3829787234042553,75,38
v2_random_evolution_s8,v2,random_evolution,8,random_regular,100,4,825,1,-1.000088900581841e-12,1,1,1.0,13,38
v2_random_evolution_s8,v2,random_evolution,8,random_regular,100,4,826,12,1.791759469222055,6,12,0.5,97,28
v2_random_evolution_s8,v2,random_evolution,8,random_regular,100,4,827,50,3.0752205480323718,23,50,0.46,71,8
v2_random_evolution_s8,v2,random_evolution,8,random_regular,100,4,828,75,3.087195049126684,31,75,0.41333333333333333,99,8
v2_random_evolution_s8,v2,random_evolution,8,random_regular,100,4,829,44,2.8332133440392155,17,44,0.38636363636363635,80,81
v2_random_evolution_s8,v2,random_evolution,8,random_regular,100,4,830,79,3.2625679455231658,30,79,0.379746835443038,42,38
v2_random_evolution_s8,v2,random_evolution,8,random_regular,100,4,831,39,3.0280290732864104,22,39,0.5641025641025641,79,81
v2_random_evolution_s8,v2,random_evolution,8,random_regular,100,4,832,52,2.630554953620816,23,52,0.4423076923076923,86,47
v2_random_evolution_s8,v2,random_evolution,8,random_regular,100,4,833,101,3.289981086480744,39,101,0.38613861386138615,22,38
v2_random_evolution_s8,v2,random_evolution,8,random_regular,100,4,834,4,-1.000088900581841e-12,1,4,0.25,50,8
v2_random_evolution_s8,v2,random_evolution,8,random_regular,100,4,835,179,4.113700416493421,86,179,0.48044692737430167,3,8
v2_random_evolution_s8,v2,random_evolution,8,random_regular,100,4,836,89,3.4414093189206487,38,89,0.42696629213483145,32,47
v2_random_evolution_s8,v2,random_evolution,8,random_regular,100,4,837,52,2.736339051089065,18,52,0.34615384615384615,24,28
v2_random_evolution_s8,v2,random_evolution,8,random_regular,100,4,838,23,2.4583113296710835,13,23,0.5652173913043478,15,38
v2_random_evolution_s8,v2,random_evolution,8,random_regular,100,4,839,78,3.218875824843201,25,78,0.32051282051282054,62,38
v2_random_evolution_s8,v2,random_evolution,8,random_regular,100,4,840,21,2.197224577327219,9,21,0.42857142857142855,39,28
v2_random_evolution_s8,v2,random_evolution,8,random_regular,100,4,841,19,2.1639556568730565,10,19,0.5263157894736842,83,47
v2_random_evolution_s8,v2,random_evolution,8,random_regular,100,4,842,203,4.318283695230782,93,203,0.458128078817734,95,47
v2_random_evolution_s8,v2,random_evolution,8,random_regular,100,4,843,79,3.2238860684653137,29,79,0.3670886075949367,65,81
v2_random_evolution_s8,v2,random_evolution,8,random_regular,100,4,844,43,2.5126585295168016,16,43,0.37209302325581395,20,47
v2_random_evolution_s8,v2,random_evolution,8,random_regular,100,4,845,63,3.379092505199735,32,63,0.5079365079365079,34,38
v2_random_evolution_s8,v2,random_evolution,8,random_regular,100,4,846,85,3.363267070336762,34,85,0.4,22,38
v2_random_evolution_s8,v2,random_evolution,8,random_regular,100,4,847,137,3.850278905551625,51,137,0.3722627737226277,88,47
v2_random_evolution_s8,v2,random_evolution,8,random_regular,100,4,848,45,2.772588722223781,16,45,0.35555555555555557,77,47
v2_random_evolution_s8,v2,random_evolution,8,random_regular,100,4,849,8,1.791759469222055,6,8,0.75,79,47
v2_random_evolution_s8,v2,random_evolution,8,random_regular,100,4,850,34,2.8903717578781647,18,34,0.5294117647058824,24,28
v2_random_evolution_s8,v2,random_evolution,8,random_regular,100,4,851,291,4.274300219457068,112,291,0.3848797250859107,64,81
v2_random_evolution_s8,v2,random_evolution,8,random_regular,100,4,852,62,2.954673212284816,23,62,0.3709677419354839,77,28
v2_random_evolution_s8,v2,random_evolution,8,random_regular,100,4,853,164,4.053285500912926,69,164,0.42073170731707316,51,47
v2_random_evolution_s8,v2,random_evolution,8,random_regular,100,4,854,84,3.5677636931747174,43,84,0.5119047619047619,93,47
v2_random_evolution_s8,v2,random_evolution,8,random_regular,100,4,855,111,3.7220699681345786,49,111,0.44144144144144143,15,81
v2_random_evolution_s8,v2,random_evolution,8,random_regular,100,4,856,58,2.5993019270857944,16,58,0.27586206896551724,22,8
v2_random_evolution_s8,v2,random_evolution,8,random_regular,100,4,857,10,1.0986122886651095,3,10,0.3,0,8
v2_random_evolution_s8,v2,random_evolution,8,random_regular,100,4,858,44,2.7080502010872096,15,44,0.3409090909090909,17,38
v2_random_evolution_s8,v2,random_evolution,8,random_regular,100,4,859,0,0.0,0,0,,47,47
v2_random_evolution_s8,v2,random_evolution,8,random_regular,100,4,860,142,3.629250947686147,48,142,0.3380281690140845,94,81
v2_random_evolution_s8,v2,random_evolution,8,random_regular,100,4,861,4,1.0986122886651095,3,4,0.75,60,38
v2_random_evolution_s8,v2,random_evolution,8,random_regular,100,4,862,0,0.0,0,0,,38,38
v2_random_evolution_s8,v2,random_evolution,8,random_regular,100,4,863,11,0.6931471805579453,2,11,0.18181818181818182,10,81
v2_random_evolution_s8,v2,random_evolution,8,random_regular,100,4,864,115,3.6654865248255626,49,115,0.4260869565217391,88,47
v2_random_evolution_s8,v2,random_evolution,8,random_regular,100,4,865,87,3.3071040554882205,34,87,0.39080459770114945,19,38
v2_random_evolution_s8,v2,random_evolution,8,random_regular,100,4,866,176,3.955715126056111,60,176,0.3409090909090909,83,47
v2_random_evolution_s8,v2,random_evolution,8,random_regular,100,4,867,7,1.0986122886651095,3,7,0.42857142857142855,43,8
v2_random_evolution_s8,v2,random_evolution,8,random_regular,100,4,868,194,3.9912688697982346,73,194,0.37628865979381443,6,28
v2_random_evolution_s8,v2,random_evolution,8,random_regular,100,4,869,255,4.364466076138933,104,255,0.40784313725490196,10,81
v2_random_evolution_s8,v2,random_evolution,8,random_regular,100,4,870,88,3.322493706775413,34,88,0.38636363636363635,58,38
v2_random_evolution_s8,v2,random_evolution,8,random_regular,100,4,871,41,2.393312122962524,16,41,0.3902439024390244,70,38
v2_random_evolution_s8,v2,random_evolution,8,random_regular,100,4,872,136,3.5942124991064426,54,136,0.39705882352941174,69,28
v2_random_evolution_s8,v2,random_evolution,8,random_regular,100,4,873,65,3.233183484354926,28,65,0.4307692307692308,17,8
v2_random_evolution_s8,v2,random_evolution,8,random_regular,100,4,874,203,4.291833471281135,91,203,0.4482758620689655,56,47
v2_random_evolution_s8,v2,random_evolution,8,random_regular,100,4,875,104,3.638648592450092,42,104,0.40384615384615385,94,47
v2_random_evolution_s8,v2,random_evolution,8,random_regular,100,4,876,37,2.4410152780147034,14,37,0.3783783783783784,25,81
v2_random_evolution_s8,v2,random_evolution,8,random_regular,100,4,877,42,2.5232109529398907,15,42,0.35714285714285715,29,81
v2_random_evolution_s8,v2,random_evolution,8,random_regular,100,4,878,131,3.5512881616428524,47,131,0.35877862595419846,36,38
v2_random_evolution_s8,v2,random_evolution,8,random_regular,100,4,879,91,3.5065025850265608,36,91,0.3956043956043956,64,47
v2_random_evolution_s8,v2,random_evolution,8,random_regular,100,4,880,155,3.8250956095130553,65,155,0.41935483870967744,58,8
v2_random_evolution_s8,v2,random_evolution,8,random_regular,100,4,881,18,2.2718685126865625,11,18,0.6111111111111112,51,8
v2_random_evolution_s8,v2,random_evolution,8,random_regular,100,4,882,30,2.5993019270857944,16,30,0.5333333333333333,35,8
v2_random_evolution_s8,v2,random_evolution,8,random_regular,100,4,883,46,2.6004311798653243,24,46,0.5217391304347826,62,28
v2_random_evolution_s8,v2,random_evolution,8,random_regular,100,4,884,56,2.9957322735339904,20,56,0.35714285714285715,75,81
v2_random_evolution_s8,v2,random_evolution,8,random_regular,100,4,885,70,3.189454205571105,32,70,0.45714285714285713,0,38
v2_random_evolution_s8,v2,random_evolution,8,random_regular,100,4,886,97,3.370480801334671,33,97,0.3402061855670103,18,8
v2_random_evolution_s8,v2,random_evolution,8,random_regular,100,4,887,54,2.912494403312053,21,54,0.3888888888888889,36,47
v2_random_evolution_s8,v2,random_evolution,8,random_regular,100,4,888,171,3.959477872458816,68,171,0.39766081871345027,46,38
v2_random_evolution_s8,v2,random_evolution,8,random_regular,100,4,889,27,2.3978952727873706,11,27,0.4074074074074074,83,28
v2_random_evolution_s8,v2,random_evolution,8,random_regular,100,4,890,53,2.772588722223781,16,53,0.3018867924528302,98,81
v2_random_evolution_s8,v2,random_evolution,8,random_regular,100,4,891,25,2.197224577327219,9,25,0.36,83,8
v2_random_evolution_s8,v2,random_evolution,8,random_regular,100,4,892,1,-1.000088900581841e-12,1,1,1.0,10,47
v2_random_evolution_s8,v2,random_evolution,8,random_regular,100,4,893,59,3.0752205480323718,23,59,0.3898305084745763,36,47
v2_random_evolution_s8,v2,random_evolution,8,random_regular,100,4,894,35,2.813355404483615,18,35,0.5142857142857142,48,38
v2_random_evolution_s8,v2,random_evolution,8,random_regular,100,4,895,18,2.3978952727873706,11,18,0.6111111111111112,53,38
v2_random_evolution_s8,v2,random_evolution,8,random_regular,100,4,896,77,3.0593548485668345,31,77,0.4025974025974026,56,28
v2_random_evolution_s8,v2,random_evolution,8,random_regular,100,4,897,28,2.4583113296710835,13,28,0.4642857142857143,56,38
v2_random_evolution_s8,v2,random_evolution,8,random_regular,100,4,898,180,3.899399823170689,67,180,0.37222222222222223,32,47
v2_random_evolution_s8,v2,random_evolution,8,random_regular,100,4,899,60,3.233183484354926,28,60,0.4666666666666667,36,47
v2_random_evolution_s8,v2,random_evolution,8,random_regular,100,4,900,26,2.540036303807981,14,26,0.5384615384615384,51,81
v2_random_evolution_s8,v2,random_evolution,8,random_regular,100,4,901,123,3.741294721497911,53,123,0.43089430894308944,83,28
v2_random_evolution_s8,v2,random_evolution,8,random_regular,100,4,902,22,2.197224577327219,9,22,0.4090909090909091,46,8
v2_random_evolution_s8,v2,random_evolution,8,random_regular,100,4,903,87,3.089755654041188,35,87,0.40229885057471265,25,47
v2_random_evolution_s8,v2,random_evolution,8,random_regular,100,4,904,360,4.524069090479158,146,360,0.40555555555555556,90,81
v2_random_evolution_s8,v2,random_evolution,8,random_regular,100,4,905,325,4.47648419862587,149,325,0.4584615384615385,93,47
v2_random_evolution_s8,v2,random_evolution,8,random_regular,100,4,906,82,3.176082814634593,29,82,0.35365853658536583,57,38
v2_random_evolution_s8,v2,random_evolution,8,random_regular,100,4,907,1,-1.000088900581841e-12,1,1,1.0,39,81
v2_random_evolution_s8,v2,random_evolution,8,random_regular,100,4,908,125,3.595149493727549,44,125,0.352,48,28
v2_random_evolution_s8,v2,random_evolution,8,random_regular,100,4,909,9,0.6931471805579453,2,9,0.2222222222222222,42,81
v2_random_evolution_s8,v2,random_evolution,8,random_regular,100,4,910,5,-1.000088900581841e-12,1,5,0.2,60,8
v2_random_evolution_s8,v2,random_evolution,8,random_regular,100,4,911,198,4.190043475417471,78,198,0.3939393939393939,93,81
v2_random_evolution_s8,v2,random_evolution,8,random_regular,100,4,912,131,3.803480322741276,53,131,0.40458015267175573,14,8
v2_random_evolution_s8,v2,random_evolution,8,random_regular,100,4,913,87,3.1184272811350557,33,87,0.3793103448275862,93,8
v2_random_evolution_s8,v2,random_evolution,8,random_regular,100,4,914,66,3.322493706775413,34,66,0.5151515151515151,5,8
v2_random_evolution_s8,v2,random_evolution,8,random_regular,100,4,915,39,2.9444389791474395,19,39,0.48717948717948717,96,81
v2_random_evolution_s8,v2,random_evolution,8,random_regular,100,4,916,123,3.425356256909581,45,123,0.36585365853658536,39,81
v2_random_evolution_s8,v2,random_evolution,8,random_regular,100,4,917,27,2.197224577327219,9,27,0.3333333333333333,75,8
v2_random_evolution_s8,v2,random_evolution,8,random_regular,100,4,918,19,1.3862943611158909,4,19,0.21052631578947367,78,47
v2_random_evolution_s8,v2,random_evolution,8,random_regular,100,4,919,79,3.3322045101472035,28,79,0.35443037974683544,9,8
v2_random_evolution_s8,v2,random_evolution,8,random_regular,100,4,920,7,1.6094379124291005,5,7,0.7142857142857143,84,8
v2_random_evolution_s8,v2,random_evolution,8,random_regular,100,4,921,17,2.197224577327219,9,17,0.5294117647058824,23,8
v2_random_evolution_s8,v2,random_evolution,8,random_regular,100,4,922,0,0.0,0,0,,28,28
v2_random_evolution_s8,v2,random_evolution,8,random_regular,100,4,923,187,3.890542356850081,76,187,0.40641711229946526,67,38
v2_random_evolution_s8,v2,random_evolution,8,random_regular,100,4,924,20,2.197224577327219,9,20,0.45,11,81
v2_random_evolution_s8,v2,random_evolution,8,random_regular,100,4,925,12,1.0986122886651095,3,12,0.25,63,81
v2_random_evolution_s8,v2,random_evolution,8,random_regular,100,4,926,0,0.0,0,0,,28,28
v2_random_evolution_s8,v2,random_evolution,8,random_regular,100,4,927,0,0.0,0,0,,81,81
v2_random_evolution_s8,v2,random_evolution,8,random_regular,100,4,928,19,2.0431918705371204,9,19,0.47368421052631576,75,38
v2_random_evolution_s8,v2,random_evolution,8,random_regular,100,4,929,154,3.674854047605282,58,154,0.37662337662337664,63,28
v2_random_evolution_s8,v2,random_evolution,8,random_regular,100,4,930,36,2.245035274116177,13,36,0.3611111111111111,82,28
v2_random_evolution_s8,v2,random_evolution,8,random_regular,100,4,931,56,3.0752205480323718,23,56,0.4107142857142857,22,28
v2_random_evolution_s8,v2,random_evolution,8,random_regular,100,4,932,387,4.387094813736773,144,387,0.37209302325581395,20,47
v2_random_evolution_s8,v2,random_evolution,8,random_regular,100,4,933,14,1.6094379124291005,5,14,0.35714285714285715,26,47
v2_random_evolution_s8,v2,random_evolution,8,random_regular,100,4,934,125,3.955715126056111,60,125,0.48,23,8
v2_random_evolution_s8,v2,random_evolution,8,random_regular,100,4,935,9,1.791759469222055,6,9,0.6666666666666666,93,8
v2_random_evolution_s8,v2,random_evolution,8,random_regular,100,4,936,142,3.548326633361444,53,142,0.3732394366197183,13,47
v2_random_evolution_s8,v2,random_evolution,8,random_regular,100,4,937,7,1.6094379124291005,5,7,0.7142857142857143,72,81
v2_random_evolution_s8,v2,random_evolution,8,random_regular,100,4,938,215,4.141441343444496,76,215,0.35348837209302325,51,47
v2_random_evolution_s8,v2,random_evolution,8,random_regular,100,4,939,6,1.3862943611158909,4,6,0.6666666666666666,13,81
v2_random_evolution_s8,v2,random_evolution,8,random_regular,100,4,940,159,3.986742255492439,71,159,0.44654088050314467,89,81
v2_random_evolution_s8,v2,random_evolution,8,random_regular,100,4,941,28,2.302585092984045,10,28,0.35714285714285715,77,28
v2_random_evolution_s8,v2,random_evolution,8,random_regular,100,4,942,29,2.4583113296710835,13,29,0.4482758620689655,55,81
v2_random_evolution_s8,v2,random_evolution,8,random_regular,100,4,943,33,2.6525875347051477,19,33,0.5757575757575758,78,47
v2_random_evolution_s8,v2,random_evolution,8,random_regular,100,4,944,113,3.658162873776453,44,113,0.3893805309734513,92,28
v2_random_evolution_s8,v2,random_evolution,8,random_regular,100,4,945,1,-1.000088900581841e-12,1,1,1.0,88,28
v2_random_evolution_s8,v2,random_evolution,8,random_regular,100,4,946,75,3.122424598309061,27,75,0.36,87,81
v2_random_evolution_s8,v2,random_evolution,8,random_regular,100,4,947,11,1.3862943611158909,4,11,0.36363636363636365,60,81
v2_random_evolution_s8,v2,random_evolution,8,random_regular,100,4,948,239,4.28701550258872,94,239,0.39330543933054396,82,28
v2_random_evolution_s8,v2,random_evolution,8,random_regular,100,4,949,99,3.330230943693402,39,99,0.3939393939393939,75,81
v2_random_evolution_s8,v2,random_evolution,8,random_regular,100,4,950,31,1.5498260458732018,7,31,0.22580645161290322,88,28
v2_random_evolution_s8,v2,random_evolution,8,random_regular,100,4,951,44,2.6593226976945163,18,44,0.4090909090909091,77,81
v2_random_evolution_s8,v2,random_evolution,8,random_regular,100,4,952,33,2.3978952727873706,11,33,0.3333333333333333,51,28
v2_random_evolution_s8,v2,random_evolution,8,random_regular,100,4,953,14,2.0431918705371204,9,14,0.6428571428571429,92,81
v2_random_evolution_s8,v2,random_evolution,8,random_regular,100,4,954,39,2.4254797084207187,17,39,0.4358974358974359,55,8
v2_random_evolution_s8,v2,random_evolution,8,random_regular,100,4,955,46,2.5823063442999667,18,46,0.391304347826087,10,47
v2_random_evolution_s8,v2,random_evolution,8,random_regular,100,4,956,41,3.044522437702424,21,41,0.5121951219512195,9,47
v2_random_evolution_s8,v2,random_evolution,8,random_regular,100,4,957,94,3.726795348248236,48,94,0.5106382978723404,2,47
v2_random_evolution_s8,v2,random_evolution,8,random_regular,100,4,958,50,2.9957322735339904,20,50,0.4,31,8
v2_random_evolution_s8,v2,random_evolution,8,random_regular,100,4,959,20,1.0986122886651095,3,20,0.15,49,81
v2_random_evolution_s8,v2,random_evolution,8,random_regular,100,4,960,18,2.302585092984045,10,18,0.5555555555555556,72,47
v2_random_evolution_s8,v2,random_evolution,8,random_regular,100,4,961,36,2.540036303807981,14,36,0.3888888888888889,67,47
v2_random_evolution_s8,v2,random_evolution,8,random_regular,100,4,962,45,2.813355404483615,18,45,0.4,15,81
v2_random_evolution_s8,v2,random_evolution,8,random_regular,100,4,963,98,3.491660437469239,38,98,0.3877551020408163,36,8
v2_random_evolution_s8,v2,random_evolution,8,random_regular,100,4,964,2,-1.000088900581841e-12,1,2,0.5,40,38
v2_random_evolution_s8,v2,random_evolution,8,random_regular,100,4,965,55,2.9785084205072385,21,55,0.38181818181818183,62,8
v2_random_evolution_s8,v2,random_evolution,8,random_regular,100,4,966,107,3.418697576359666,38,107,0.35514018691588783,9,38
v2_random_evolution_s8,v2,random_evolution,8,random_regular,100,4,967,120,3.828845343713952,50,120,0.4166666666666667,94,38
v2_random_evolution_s8,v2,random_evolution,8,random_regular,100,4,968,3,-1.000088900581841e-12,1,3,0.3333333333333333,39,81
v2_random_evolution_s8,v2,random_evolution,8,random_regular,100,4,969,0,0.0,0,0,,81,81
v2_random_evolution_s8,v2,random_evolution,8,random_regular,100,4,970,110,3.666665916258637,51,110,0.4636363636363636,11,81
v2_random_evolution_s8,v2,random_evolution,8,random_regular,100,4,971,0,0.0,0,0,,81,81
v2_random_evolution_s8,v2,random_evolution,8,random_regular,100,4,972,93,3.5213776090567093,39,93,0.41935483870967744,53,38
v2_random_evolution_s8,v2,random_evolution,8,random_regular,100,4,973,0,0.0,0,0,,8,8
v2_random_evolution_s8,v2,random_evolution,8,random_regular,100,4,974,153,3.797525114424959,58,153,0.3790849673202614,16,47
v2_random_evolution_s8,v2,random_evolution,8,random_regular,100,4,975,6,1.3862943611158909,4,6,0.6666666666666666,6,81
v2_random_evolution_s8,v2,random_evolution,8,random_regular,100,4,976,24,2.197224577327219,9,24,0.375,6,47
v2_random_evolution_s8,v2,random_evolution,8,random_regular,100,4,977,62,2.846480386116867,21,62,0.3387096774193548,79,81
v2_random_evolution_s8,v2,random_evolution,8,random_regular,100,4,978,11,1.3862943611158909,4,11,0.36363636363636365,41,38
v2_random_evolution_s8,v2,random_evolution,8,random_regular,100,4,979,206,4.072742550263582,82,206,0.39805825242718446,53,38
v2_random_evolution_s8,v2,random_evolution,8,random_regular,100,4,980,0,0.0,0,0,,8,8
v2_random_evolution_s8,v2,random_evolution,8,random_regular,100,4,981,0,0.0,0,0,,81,81
v2_random_evolution_s8,v2,random_evolution,8,random_regular,100,4,982,59,2.8307134037366315,25,59,0.423728813559322,76,81
v2_random_evolution_s8,v2,random_evolution,8,random_regular,100,4,983,176,3.9891020195444336,63,176,0.35795454545454547,2,81
v2_random_evolution_s8,v2,random_evolution,8,random_regular,100,4,984,28,2.302585092984045,10,28,0.35714285714285715,32,38
v2_random_evolution_s8,v2,random_evolution,8,random_regular,100,4,985,58,3.135494215906149,23,58,0.39655172413793105,75,28
v2_random_evolution_s8,v2,random_evolution,8,random_regular,100,4,986,32,2.2718685126865625,11,32,0.34375,65,81
v2_random_evolution_s8,v2,random_evolution,8,random_regular,100,4,987,1,-1.000088900581841e-12,1,1,1.0,76,81
v2_random_evolution_s8,v2,random_evolution,8,random_regular,100,4,988,125,3.722573088095026,54,125,0.432,61,8
v2_random_evolution_s8,v2,random_evolution,8,random_regular,100,4,989,256,4.331388192969211,96,256,0.375,48,81
v2_random_evolution_s8,v2,random_evolution,8,random_regular,100,4,990,0,0.0,0,0,,8,8
v2_random_evolution_s8,v2,random_evolution,8,random_regular,100,4,991,25,2.197224577327219,9,25,0.36,1,38
v2_random_evolution_s8,v2,random_evolution,8,random_regular,100,4,992,3,-1.000088900581841e-12,1,3,0.3333333333333333,49,81
v2_random_evolution_s8,v2,random_evolution,8,random_regular,100,4,993,205,3.9925742114135065,72,205,0.35121951219512193,68,81
v2_random_evolution_s8,v2,random_evolution,8,random_regular,100,4,994,28,2.3978952727873706,11,28,0.39285714285714285,97,8
v2_random_evolution_s8,v2,random_evolution,8,random_regular,100,4,995,198,3.934281256506549,81,198,0.4090909090909091,21,38
v2_random_evolution_s8,v2,random_evolution,8,random_regular,100,4,996,49,2.926417555478996,20,49,0.40816326530612246,92,38
v2_random_evolution_s8,v2,random_evolution,8,random_regular,100,4,997,47,2.8782183066518505,22,47,0.46808510638297873,91,81
v2_random_evolution_s8,v2,random_evolution,8,random_regular,100,4,998,0,0.0,0,0,,81,81
v2_random_evolution_s8,v2,random_evolution,8,random_regular,100,4,999,57,2.976138801317437,25,57,0.43859649122807015,30,47
