run_id,validation_version,condition,seed,topology,n_nodes,degree,episode_idx,hitting_time,path_entropy,accepted_moves,attempted_moves,accept_rate,start_node,final_node
v2_random_evolution_s26,v2,random_evolution,26,random_regular,100,4,0,324,4.198313994505719,108,324,0.3333333333333333,68,19
v2_random_evolution_s26,v2,random_evolution,26,random_regular,100,4,1,0,0.0,0,0,,19,19
v2_random_evolution_s26,v2,random_evolution,26,random_regular,100,4,2,44,3.0280290732864104,22,44,0.5,25,3
v2_random_evolution_s26,v2,random_evolution,26,random_regular,100,4,3,17,1.6094379124291005,5,17,0.29411764705882354,84,19
v2_random_evolution_s26,v2,random_evolution,26,random_regular,100,4,4,87,3.461048251949615,37,87,0.42528735632183906,33,3
v2_random_evolution_s26,v2,random_evolution,26,random_regular,100,4,5,28,2.197224577327219,9,28,0.32142857142857145,48,45
v2_random_evolution_s26,v2,random_evolution,26,random_regular,100,4,6,18,2.079441541671836,8,18,0.4444444444444444,64,47
v2_random_evolution_s26,v2,random_evolution,26,random_regular,100,4,7,217,4.247543471126456,90,217,0.4147465437788018,6,72
v2_random_evolution_s26,v2,random_evolution,26,random_regular,100,4,8,32,2.369382119683676,12,32,0.375,26,72
v2_random_evolution_s26,v2,random_evolution,26,random_regular,100,4,9,14,1.9459101490483133,7,14,0.5,49,19
v2_random_evolution_s26,v2,random_evolution,26,random_regular,100,4,10,248,4.367440299398154,98,248,0.3951612903225806,1,19
v2_random_evolution_s26,v2,random_evolution,26,random_regular,100,4,11,43,2.441015278014703,14,43,0.32558139534883723,0,19
v2_random_evolution_s26,v2,random_evolution,26,random_regular,100,4,12,59,3.098139496330803,26,59,0.4406779661016949,23,3
v2_random_evolution_s26,v2,random_evolution,26,random_regular,100,4,13,523,4.756279239623714,199,523,0.38049713193116635,2,47
v2_random_evolution_s26,v2,random_evolution,26,random_regular,100,4,14,13,1.6094379124291005,5,13,0.38461538461538464,31,72
v2_random_evolution_s26,v2,random_evolution,26,random_regular,100,4,15,94,3.248189295308032,35,94,0.3723404255319149,74,45
v2_random_evolution_s26,v2,random_evolution,26,random_regular,100,4,16,100,3.3524698782394617,36,100,0.36,79,47
v2_random_evolution_s26,v2,random_evolution,26,random_regular,100,4,17,84,3.1967596777761766,39,84,0.4642857142857143,59,47
v2_random_evolution_s26,v2,random_evolution,26,random_regular,100,4,18,109,3.352360333881,39,109,0.3577981651376147,69,72
v2_random_evolution_s26,v2,random_evolution,26,random_regular,100,4,19,229,4.2062009924654,89,229,0.388646288209607,23,19
v2_random_evolution_s26,v2,random_evolution,26,random_regular,100,4,20,20,1.9459101490483133,7,20,0.35,88,72
v2_random_evolution_s26,v2,random_evolution,26,random_regular,100,4,21,25,2.197224577327219,9,25,0.36,97,47
v2_random_evolution_s26,v2,random_evolution,26,random_regular,100,4,22,99,3.632545289508276,47,99,0.47474747474747475,60,72
v2_random_evolution_s26,v2,random_evolution,26,random_regular,100,4,23,36,2.540036303807981,14,36,0.3888888888888889,71,47
v2_random_evolution_s26,v2,random_evolution,26,random_regular,100,4,24,61,3.0752205480323718,23,61,0.3770491803278688,9,19
v2_random_evolution_s26,v2,random_evolution,26,random_regular,100,4,25,383,4.638411683183705,152,383,0.3968668407310705,64,72
v2_random_evolution_s26,v2,random_evolution,26,random_regular,100,4,26,176,3.906369255414162,76,176,0.4318181818181818,66,3
v2_random_evolution_s26,v2,random_evolution,26,random_regular,100,4,27,288,4.369599883540705,117,288,0.40625,65,45
v2_random_evolution_s26,v2,random_evolution,26,random_regular,100,4,28,297,4.441968570895851,115,297,0.3872053872053872,12,45
v2_random_evolution_s26,v2,random_evolution,26,random_regular,100,4,29,8,-1.000088900581841e-12,1,8,0.125,28,45
v2_random_evolution_s26,v2,random_evolution,26,random_regular,100,4,30,35,2.245035274116177,13,35,0.37142857142857144,62,19
v2_random_evolution_s26,v2,random_evolution,26,random_regular,100,4,31,71,3.2737111761266027,37,71,0.5211267605633803,22,72
v2_random_evolution_s26,v2,random_evolution,26,random_regular,100,4,32,20,2.0431918705371204,9,20,0.45,52,19
v2_random_evolution_s26,v2,random_evolution,26,random_regular,100,4,33,55,2.670119889791817,17,55,0.3090909090909091,36,3
v2_random_evolution_s26,v2,random_evolution,26,random_regular,100,4,34,36,2.7080502010872096,15,36,0.4166666666666667,11,72
v2_random_evolution_s26,v2,random_evolution,26,random_regular,100,4,35,53,2.8332133440392155,17,53,0.32075471698113206,25,19
v2_random_evolution_s26,v2,random_evolution,26,random_regular,100,4,36,0,0.0,0,0,,72,72
v2_random_evolution_s26,v2,random_evolution,26,random_regular,100,4,37,18,1.3321790402061222,5,18,0.2777777777777778,93,3
v2_random_evolution_s26,v2,random_evolution,26,random_regular,100,4,38,23,1.9722469794154416,11,23,0.4782608695652174,58,19
v2_random_evolution_s26,v2,random_evolution,26,random_regular,100,4,39,6,1.0986122886651095,3,6,0.5,55,3
v2_random_evolution_s26,v2,random_evolution,26,random_regular,100,4,40,21,1.6094379124291005,5,21,0.23809523809523808,10,47
v2_random_evolution_s26,v2,random_evolution,26,random_regular,100,4,41,39,1.9459101490483133,7,39,0.1794871794871795,8,47
v2_random_evolution_s26,v2,random_evolution,26,random_regular,100,4,42,17,1.3862943611158909,4,17,0.23529411764705882,36,19
v2_random_evolution_s26,v2,random_evolution,26,random_regular,100,4,43,90,3.3909780549362365,36,90,0.4,88,3
v2_random_evolution_s26,v2,random_evolution,26,random_regular,100,4,44,63,2.772588722223781,16,63,0.25396825396825395,63,47
v2_random_evolution_s26,v2,random_evolution,26,random_regular,100,4,45,102,3.480935299911953,40,102,0.39215686274509803,43,45
v2_random_evolution_s26,v2,random_evolution,26,random_regular,100,4,46,168,4.040532185205493,71,168,0.4226190476190476,48,47
v2_random_evolution_s26,v2,random_evolution,26,random_regular,100,4,47,18,1.3296613488507585,6,18,0.3333333333333333,81,72
v2_random_evolution_s26,v2,random_evolution,26,random_regular,100,4,48,102,3.4365228305042805,35,102,0.3431372549019608,33,72
v2_random_evolution_s26,v2,random_evolution,26,random_regular,100,4,49,135,3.679750944731672,50,135,0.37037037037037035,82,19
v2_random_evolution_s26,v2,random_evolution,26,random_regular,100,4,50,110,3.640151950681242,48,110,0.43636363636363634,89,72
v2_random_evolution_s26,v2,random_evolution,26,random_regular,100,4,51,45,2.441015278014703,14,45,0.3111111111111111,31,72
v2_random_evolution_s26,v2,random_evolution,26,random_regular,100,4,52,53,2.894399544411038,23,53,0.4339622641509434,37,3
v2_random_evolution_s26,v2,random_evolution,26,random_regular,100,4,53,0,0.0,0,0,,47,47
v2_random_evolution_s26,v2,random_evolution,26,random_regular,100,4,54,4,0.6931471805579453,2,4,0.5,28,19
v2_random_evolution_s26,v2,random_evolution,26,random_regular,100,4,55,39,2.4583113296710835,13,39,0.3333333333333333,20,72
v2_random_evolution_s26,v2,random_evolution,26,random_regular,100,4,56,28,2.253857589591352,12,28,0.42857142857142855,96,72
v2_random_evolution_s26,v2,random_evolution,26,random_regular,100,4,57,128,3.632545289508276,47,128,0.3671875,73,47
v2_random_evolution_s26,v2,random_evolution,26,random_regular,100,4,58,23,2.5649493574485365,13,23,0.5652173913043478,60,47
v2_random_evolution_s26,v2,random_evolution,26,random_regular,100,4,59,26,2.302585092984045,10,26,0.38461538461538464,50,72
v2_random_evolution_s26,v2,random_evolution,26,random_regular,100,4,60,63,3.4124897213676078,33,63,0.5238095238095238,48,47
v2_random_evolution_s26,v2,random_evolution,26,random_regular,100,4,61,0,0.0,0,0,,47,47
v2_random_evolution_s26,v2,random_evolution,26,random_regular,100,4,62,57,2.941616952624223,25,57,0.43859649122807015,64,45
v2_random_evolution_s26,v2,random_evolution,26,random_regular,100,4,63,29,2.3978952727873706,11,29,0.3793103448275862,13,3
v2_random_evolution_s26,v2,random_evolution,26,random_regular,100,4,64,74,2.9444389791474395,19,74,0.25675675675675674,44,47
v2_random_evolution_s26,v2,random_evolution,26,random_regular,100,4,65,23,2.197224577327219,9,23,0.391304347826087,31,45
v2_random_evolution_s26,v2,random_evolution,26,random_regular,100,4,66,11,1.5607104090364066,6,11,0.5454545454545454,52,47
v2_random_evolution_s26,v2,random_evolution,26,random_regular,100,4,67,207,3.90108332995352,63,207,0.30434782608695654,9,45
v2_random_evolution_s26,v2,random_evolution,26,random_regular,100,4,68,44,2.772588722223781,16,44,0.36363636363636365,53,3
v2_random_evolution_s26,v2,random_evolution,26,random_regular,100,4,69,84,3.259746098646457,32,84,0.38095238095238093,18,19
v2_random_evolution_s26,v2,random_evolution,26,random_regular,100,4,70,46,2.639057329601259,14,46,0.30434782608695654,40,3
v2_random_evolution_s26,v2,random_evolution,26,random_regular,100,4,71,5,1.3862943611158909,4,5,0.8,86,3
v2_random_evolution_s26,v2,random_evolution,26,random_regular,100,4,72,10,1.0986122886651095,3,10,0.3,98,47
v2_random_evolution_s26,v2,random_evolution,26,random_regular,100,4,73,55,3.0047670351869598,24,55,0.43636363636363634,18,3
v2_random_evolution_s26,v2,random_evolution,26,random_regular,100,4,74,2,0.6931471805579453,2,2,1.0,79,45
v2_random_evolution_s26,v2,random_evolution,26,random_regular,100,4,75,30,2.685945324654788,16,30,0.5333333333333333,88,47
v2_random_evolution_s26,v2,random_evolution,26,random_regular,100,4,76,7,1.6094379124291005,5,7,0.7142857142857143,52,45
v2_random_evolution_s26,v2,random_evolution,26,random_regular,100,4,77,73,3.084651945666508,28,73,0.3835616438356164,85,72
v2_random_evolution_s26,v2,random_evolution,26,random_regular,100,4,78,62,3.1418041591892294,27,62,0.43548387096774194,0,72
v2_random_evolution_s26,v2,random_evolution,26,random_regular,100,4,79,23,2.1639556568730565,10,23,0.43478260869565216,43,3
v2_random_evolution_s26,v2,random_evolution,26,random_regular,100,4,80,74,3.060287092585695,30,74,0.40540540540540543,94,45
v2_random_evolution_s26,v2,random_evolution,26,random_regular,100,4,81,21,2.3978952727873706,11,21,0.5238095238095238,97,47
v2_random_evolution_s26,v2,random_evolution,26,random_regular,100,4,82,19,2.197224577327219,9,19,0.47368421052631576,29,45
v2_random_evolution_s26,v2,random_evolution,26,random_regular,100,4,83,29,1.8891591637470213,9,29,0.3103448275862069,58,45
v2_random_evolution_s26,v2,random_evolution,26,random_regular,100,4,84,98,3.5951494937275488,44,98,0.4489795918367347,13,3
v2_random_evolution_s26,v2,random_evolution,26,random_regular,100,4,85,10,1.6094379124291005,5,10,0.5,80,45
v2_random_evolution_s26,v2,random_evolution,26,random_regular,100,4,86,89,3.4761312408209912,35,89,0.39325842696629215,32,45
v2_random_evolution_s26,v2,random_evolution,26,random_regular,100,4,87,1,-1.000088900581841e-12,1,1,1.0,96,19
v2_random_evolution_s26,v2,random_evolution,26,random_regular,100,4,88,15,1.6094379124291005,5,15,0.3333333333333333,42,19
v2_random_evolution_s26,v2,random_evolution,26,random_regular,100,4,89,8,0.6931471805579453,2,8,0.25,44,47
v2_random_evolution_s26,v2,random_evolution,26,random_regular,100,4,90,296,4.58229948029284,110,296,0.3716216216216216,82,45
v2_random_evolution_s26,v2,random_evolution,26,random_regular,100,4,91,145,3.5659931424120805,55,145,0.3793103448275862,66,19
v2_random_evolution_s26,v2,random_evolution,26,random_regular,100,4,92,39,2.813355404483615,18,39,0.46153846153846156,60,72
v2_random_evolution_s26,v2,random_evolution,26,random_regular,100,4,93,44,2.8464803861168675,21,44,0.4772727272727273,5,45
v2_random_evolution_s26,v2,random_evolution,26,random_regular,100,4,94,46,2.751666616915516,17,46,0.3695652173913043,86,3
v2_random_evolution_s26,v2,random_evolution,26,random_regular,100,4,95,56,2.5070264355444176,17,56,0.30357142857142855,0,19
v2_random_evolution_s26,v2,random_evolution,26,random_regular,100,4,96,6,1.0986122886651095,3,6,0.5,82,3
v2_random_evolution_s26,v2,random_evolution,26,random_regular,100,4,97,242,4.251953408271525,94,242,0.3884297520661157,70,3
v2_random_evolution_s26,v2,random_evolution,26,random_regular,100,4,98,8,-1.000088900581841e-12,1,8,0.125,99,47
v2_random_evolution_s26,v2,random_evolution,26,random_regular,100,4,99,37,2.639057329601259,14,37,0.3783783783783784,63,72
v2_random_evolution_s26,v2,random_evolution,26,random_regular,100,4,100,21,1.7478680974607577,7,21,0.3333333333333333,71,3
v2_random_evolution_s26,v2,random_evolution,26,random_regular,100,4,101,54,2.787788119369007,20,54,0.37037037037037035,87,72
v2_random_evolution_s26,v2,random_evolution,26,random_regular,100,4,102,138,3.647926677846517,52,138,0.37681159420289856,39,19
v2_random_evolution_s26,v2,random_evolution,26,random_regular,100,4,103,91,3.679760009076018,41,91,0.45054945054945056,51,3
v2_random_evolution_s26,v2,random_evolution,26,random_regular,100,4,104,16,2.079441541671836,8,16,0.5,21,47
v2_random_evolution_s26,v2,random_evolution,26,random_regular,100,4,105,19,2.197224577327219,9,19,0.47368421052631576,33,45
v2_random_evolution_s26,v2,random_evolution,26,random_regular,100,4,106,73,3.271689322296034,29,73,0.3972602739726027,63,3
v2_random_evolution_s26,v2,random_evolution,26,random_regular,100,4,107,116,3.48696933962402,45,116,0.3879310344827586,42,72
v2_random_evolution_s26,v2,random_evolution,26,random_regular,100,4,108,128,3.673173853440987,47,128,0.3671875,80,72
v2_random_evolution_s26,v2,random_evolution,26,random_regular,100,4,109,53,2.692310994125785,20,53,0.37735849056603776,33,72
v2_random_evolution_s26,v2,random_evolution,26,random_regular,100,4,110,99,3.3324877677623777,34,99,0.3434343434343434,0,47
v2_random_evolution_s26,v2,random_evolution,26,random_regular,100,4,111,34,2.540036303807981,14,34,0.4117647058823529,73,72
v2_random_evolution_s26,v2,random_evolution,26,random_regular,100,4,112,81,3.1096996737446267,37,81,0.4567901234567901,33,47
v2_random_evolution_s26,v2,random_evolution,26,random_regular,100,4,113,6,1.0986122886651095,3,6,0.5,70,45
v2_random_evolution_s26,v2,random_evolution,26,random_regular,100,4,114,94,3.387906343139484,39,94,0.4148936170212766,50,3
v2_random_evolution_s26,v2,random_evolution,26,random_regular,100,4,115,38,2.685945324654788,16,38,0.42105263157894735,15,45
v2_random_evolution_s26,v2,random_evolution,26,random_regular,100,4,116,51,3.0910424533363146,22,51,0.43137254901960786,51,72
v2_random_evolution_s26,v2,random_evolution,26,random_regular,100,4,117,12,1.791759469222055,6,12,0.5,93,72
v2_random_evolution_s26,v2,random_evolution,26,random_regular,100,4,118,29,2.0947290475186486,12,29,0.41379310344827586,52,72
v2_random_evolution_s26,v2,random_evolution,26,random_regular,100,4,119,97,3.370480801334672,33,97,0.3402061855670103,76,45
v2_random_evolution_s26,v2,random_evolution,26,random_regular,100,4,120,26,2.197224577327219,9,26,0.34615384615384615,34,45
v2_random_evolution_s26,v2,random_evolution,26,random_regular,100,4,121,43,2.772588722223781,16,43,0.37209302325581395,17,72
v2_random_evolution_s26,v2,random_evolution,26,random_regular,100,4,122,15,1.9459101490483133,7,15,0.4666666666666667,71,47
v2_random_evolution_s26,v2,random_evolution,26,random_regular,100,4,123,36,2.9957322735339904,20,36,0.5555555555555556,48,3
v2_random_evolution_s26,v2,random_evolution,26,random_regular,100,4,124,38,2.0981473891260665,13,38,0.34210526315789475,80,3
v2_random_evolution_s26,v2,random_evolution,26,random_regular,100,4,125,71,3.151458510219029,26,71,0.36619718309859156,14,45
v2_random_evolution_s26,v2,random_evolution,26,random_regular,100,4,126,85,3.3071040554882205,34,85,0.4,71,45
v2_random_evolution_s26,v2,random_evolution,26,random_regular,100,4,127,61,2.871476118036867,19,61,0.3114754098360656,98,45
v2_random_evolution_s26,v2,random_evolution,26,random_regular,100,4,128,4,0.6931471805579453,2,4,0.5,26,72
v2_random_evolution_s26,v2,random_evolution,26,random_regular,100,4,129,9,1.5607104090364068,6,9,0.6666666666666666,5,3
v2_random_evolution_s26,v2,random_evolution,26,random_regular,100,4,130,2,-1.000088900581841e-12,1,2,0.5,74,19
v2_random_evolution_s26,v2,random_evolution,26,random_regular,100,4,131,78,3.2163581334868363,30,78,0.38461538461538464,82,72
v2_random_evolution_s26,v2,random_evolution,26,random_regular,100,4,132,88,3.208580884991321,35,88,0.3977272727272727,85,45
v2_random_evolution_s26,v2,random_evolution,26,random_regular,100,4,133,0,0.0,0,0,,72,72
v2_random_evolution_s26,v2,random_evolution,26,random_regular,100,4,134,98,3.278089189237435,35,98,0.35714285714285715,55,19
v2_random_evolution_s26,v2,random_evolution,26,random_regular,100,4,135,161,3.9653373039848527,69,161,0.42857142857142855,60,72
v2_random_evolution_s26,v2,random_evolution,26,random_regular,100,4,136,107,3.5398587971683444,44,107,0.411214953271028,59,45
v2_random_evolution_s26,v2,random_evolution,26,random_regular,100,4,137,58,3.1931483947852626,27,58,0.46551724137931033,37,19
v2_random_evolution_s26,v2,random_evolution,26,random_regular,100,4,138,8,1.3862943611158909,4,8,0.5,18,19
v2_random_evolution_s26,v2,random_evolution,26,random_regular,100,4,139,214,4.300549592658462,87,214,0.40654205607476634,88,19
v2_random_evolution_s26,v2,random_evolution,26,random_regular,100,4,140,8,1.6094379124291005,5,8,0.625,99,47
v2_random_evolution_s26,v2,random_evolution,26,random_regular,100,4,141,111,3.571488682640485,48,111,0.43243243243243246,79,72
v2_random_evolution_s26,v2,random_evolution,26,random_regular,100,4,142,0,0.0,0,0,,45,45
v2_random_evolution_s26,v2,random_evolution,26,random_regular,100,4,143,31,2.6593226976945163,18,31,0.5806451612903226,7,47
v2_random_evolution_s26,v2,random_evolution,26,random_regular,100,4,144,44,2.7080502010872096,15,44,0.3409090909090909,87,3
v2_random_evolution_s26,v2,random_evolution,26,random_regular,100,4,145,32,2.484906649776,12,32,0.375,79,47
v2_random_evolution_s26,v2,random_evolution,26,random_regular,100,4,146,1,-1.000088900581841e-12,1,1,1.0,99,47
v2_random_evolution_s26,v2,random_evolution,26,random_regular,100,4,147,31,2.4583113296710835,13,31,0.41935483870967744,40,3
v2_random_evolution_s26,v2,random_evolution,26,random_regular,100,4,148,35,2.302585092984045,10,35,0.2857142857142857,42,3
v2_random_evolution_s26,v2,random_evolution,26,random_regular,100,4,149,34,2.484906649776,12,34,0.35294117647058826,65,3
v2_random_evolution_s26,v2,random_evolution,26,random_regular,100,4,150,43,3.135494215906149,23,43,0.5348837209302325,55,72
v2_random_evolution_s26,v2,random_evolution,26,random_regular,100,4,151,35,2.61563057701355,15,35,0.42857142857142855,15,72
v2_random_evolution_s26,v2,random_evolution,26,random_regular,100,4,152,54,2.8943995444110384,23,54,0.42592592592592593,38,45
v2_random_evolution_s26,v2,random_evolution,26,random_regular,100,4,153,38,2.282374376148249,17,38,0.4473684210526316,37,3
v2_random_evolution_s26,v2,random_evolution,26,random_regular,100,4,154,7,1.0986122886651095,3,7,0.42857142857142855,15,47
v2_random_evolution_s26,v2,random_evolution,26,random_regular,100,4,155,0,0.0,0,0,,19,19
v2_random_evolution_s26,v2,random_evolution,26,random_regular,100,4,156,12,2.079441541671836,8,12,0.6666666666666666,84,45
v2_random_evolution_s26,v2,random_evolution,26,random_regular,100,4,157,0,0.0,0,0,,19,19
v2_random_evolution_s26,v2,random_evolution,26,random_regular,100,4,158,5,1.3862943611158909,4,5,0.8,15,19
v2_random_evolution_s26,v2,random_evolution,26,random_regular,100,4,159,59,2.902002313186603,22,59,0.3728813559322034,98,47
v2_random_evolution_s26,v2,random_evolution,26,random_regular,100,4,160,7,1.3862943611158909,4,7,0.5714285714285714,13,3
v2_random_evolution_s26,v2,random_evolution,26,random_regular,100,4,161,121,3.7845576132928977,48,121,0.39669421487603307,0,47
v2_random_evolution_s26,v2,random_evolution,26,random_regular,100,4,162,13,1.3862943611158909,4,13,0.3076923076923077,55,19
v2_random_evolution_s26,v2,random_evolution,26,random_regular,100,4,163,11,1.3862943611158909,4,11,0.36363636363636365,61,19
v2_random_evolution_s26,v2,random_evolution,26,random_regular,100,4,164,89,3.4678540963178395,40,89,0.449438202247191,78,47
v2_random_evolution_s26,v2,random_evolution,26,random_regular,100,4,165,72,3.014077280549365,30,72,0.4166666666666667,86,72
v2_random_evolution_s26,v2,random_evolution,26,random_regular,100,4,166,13,1.791759469222055,6,13,0.46153846153846156,2,72
v2_random_evolution_s26,v2,random_evolution,26,random_regular,100,4,167,138,3.714367693682127,51,138,0.3695652173913043,17,19
v2_random_evolution_s26,v2,random_evolution,26,random_regular,100,4,168,0,0.0,0,0,,19,19
v2_random_evolution_s26,v2,random_evolution,26,random_regular,100,4,169,4,-1.000088900581841e-12,1,4,0.25,28,45
v2_random_evolution_s26,v2,random_evolution,26,random_regular,100,4,170,35,2.3516733018936304,13,35,0.37142857142857144,42,47
v2_random_evolution_s26,v2,random_evolution,26,random_regular,100,4,171,214,4.247543471126457,90,214,0.4205607476635514,69,19
v2_random_evolution_s26,v2,random_evolution,26,random_regular,100,4,172,64,3.1780538303239454,24,64,0.375,33,3
v2_random_evolution_s26,v2,random_evolution,26,random_regular,100,4,173,209,4.065517311082014,82,209,0.3923444976076555,71,19
v2_random_evolution_s26,v2,random_evolution,26,random_regular,100,4,174,11,1.791759469222055,6,11,0.5454545454545454,35,19
v2_random_evolution_s26,v2,random_evolution,26,random_regular,100,4,175,105,3.856101073061301,55,105,0.5238095238095238,36,3
v2_random_evolution_s26,v2,random_evolution,26,random_regular,100,4,176,67,3.389268031515795,31,67,0.4626865671641791,36,47
v2_random_evolution_s26,v2,random_evolution,26,random_regular,100,4,177,1,-1.000088900581841e-12,1,1,1.0,6,72
v2_random_evolution_s26,v2,random_evolution,26,random_regular,100,4,178,47,2.978508420507238,21,47,0.44680851063829785,98,45
v2_random_evolution_s26,v2,random_evolution,26,random_regular,100,4,179,39,2.871476118036867,19,39,0.48717948717948717,88,3
v2_random_evolution_s26,v2,random_evolution,26,random_regular,100,4,180,144,3.684198331945804,57,144,0.3958333333333333,75,3
v2_random_evolution_s26,v2,random_evolution,26,random_regular,100,4,181,0,0.0,0,0,,3,3
v2_random_evolution_s26,v2,random_evolution,26,random_regular,100,4,182,49,3.098139496330803,26,49,0.5306122448979592,57,19
v2_random_evolution_s26,v2,random_evolution,26,random_regular,100,4,183,58,3.163424050399405,25,58,0.43103448275862066,43,3
v2_random_evolution_s26,v2,random_evolution,26,random_regular,100,4,184,15,1.9459101490483133,7,15,0.4666666666666667,49,72
v2_random_evolution_s26,v2,random_evolution,26,random_regular,100,4,185,13,1.791759469222055,6,13,0.46153846153846156,68,3
v2_random_evolution_s26,v2,random_evolution,26,random_regular,100,4,186,8,0.6931471805579453,2,8,0.25,5,47
v2_random_evolution_s26,v2,random_evolution,26,random_regular,100,4,187,28,2.639057329601259,14,28,0.5,98,19
v2_random_evolution_s26,v2,random_evolution,26,random_regular,100,4,188,3,0.6931471805579453,2,3,0.6666666666666666,81,72
v2_random_evolution_s26,v2,random_evolution,26,random_regular,100,4,189,3,0.6931471805579453,2,3,0.6666666666666666,15,47
v2_random_evolution_s26,v2,random_evolution,26,random_regular,100,4,190,46,2.7080502010872096,15,46,0.32608695652173914,35,47
v2_random_evolution_s26,v2,random_evolution,26,random_regular,100,4,191,121,3.6138342074125855,50,121,0.4132231404958678,14,3
v2_random_evolution_s26,v2,random_evolution,26,random_regular,100,4,192,2,-1.000088900581841e-12,1,2,0.5,40,47
v2_random_evolution_s26,v2,random_evolution,26,random_regular,100,4,193,39,2.7080502010872096,15,39,0.38461538461538464,66,47
v2_random_evolution_s26,v2,random_evolution,26,random_regular,100,4,194,4,0.6931471805579453,2,4,0.5,1,45
v2_random_evolution_s26,v2,random_evolution,26,random_regular,100,4,195,79,3.204777524107256,26,79,0.3291139240506329,24,19
v2_random_evolution_s26,v2,random_evolution,26,random_regular,100,4,196,41,2.772588722223781,16,41,0.3902439024390244,55,47
v2_random_evolution_s26,v2,random_evolution,26,random_regular,100,4,197,86,3.4469064102262483,37,86,0.43023255813953487,42,45
v2_random_evolution_s26,v2,random_evolution,26,random_regular,100,4,198,107,3.658162873776453,44,107,0.411214953271028,6,3
v2_random_evolution_s26,v2,random_evolution,26,random_regular,100,4,199,115,3.626656183752001,44,115,0.3826086956521739,73,3
v2_random_evolution_s26,v2,random_evolution,26,random_regular,100,4,200,48,2.926417555478996,20,48,0.4166666666666667,24,19
v2_random_evolution_s26,v2,random_evolution,26,random_regular,100,4,201,21,1.9459101490483133,7,21,0.3333333333333333,18,45
v2_random_evolution_s26,v2,random_evolution,26,random_regular,100,4,202,157,3.87870886255796,67,157,0.4267515923566879,22,72
v2_random_evolution_s26,v2,random_evolution,26,random_regular,100,4,203,252,4.428556327509228,108,252,0.42857142857142855,7,47
v2_random_evolution_s26,v2,random_evolution,26,random_regular,100,4,204,10,1.9459101490483133,7,10,0.7,90,47
v2_random_evolution_s26,v2,random_evolution,26,random_regular,100,4,205,0,0.0,0,0,,72,72
v2_random_evolution_s26,v2,random_evolution,26,random_regular,100,4,206,31,2.0253262207620675,10,31,0.3225806451612903,82,19
v2_random_evolution_s26,v2,random_evolution,26,random_regular,100,4,207,8,1.3862943611158909,4,8,0.5,92,72
v2_random_evolution_s26,v2,random_evolution,26,random_regular,100,4,208,54,2.6895357734519942,21,54,0.3888888888888889,81,72
v2_random_evolution_s26,v2,random_evolution,26,random_regular,100,4,209,142,3.7482452058925424,54,142,0.38028169014084506,87,19
v2_random_evolution_s26,v2,random_evolution,26,random_regular,100,4,210,52,2.926417555478996,20,52,0.38461538461538464,79,19
v2_random_evolution_s26,v2,random_evolution,26,random_regular,100,4,211,148,3.7814821467572335,57,148,0.38513513513513514,91,72
v2_random_evolution_s26,v2,random_evolution,26,random_regular,100,4,212,95,3.647820392824761,46,95,0.4842105263157895,86,19
v2_random_evolution_s26,v2,random_evolution,26,random_regular,100,4,213,1,-1.000088900581841e-12,1,1,1.0,65,45
v2_random_evolution_s26,v2,random_evolution,26,random_regular,100,4,214,0,0.0,0,0,,72,72
v2_random_evolution_s26,v2,random_evolution,26,random_regular,100,4,215,147,3.94769171010978,71,147,0.48299319727891155,53,3
v2_random_evolution_s26,v2,random_evolution,26,random_regular,100,4,216,145,3.852064895546162,56,145,0.38620689655172413,73,3
v2_random_evolution_s26,v2,random_evolution,26,random_regular,100,4,217,14,1.9459101490483133,7,14,0.5,27,3
v2_random_evolution_s26,v2,random_evolution,26,random_regular,100,4,218,67,3.14180415918923,27,67,0.40298507462686567,44,19
v2_random_evolution_s26,v2,random_evolution,26,random_regular,100,4,219,0,0.0,0,0,,47,47
v2_random_evolution_s26,v2,random_evolution,26,random_regular,100,4,220,43,2.3959081192819283,15,43,0.3488372093023256,25,3
v2_random_evolution_s26,v2,random_evolution,26,random_regular,100,4,221,0,0.0,0,0,,3,3
v2_random_evolution_s26,v2,random_evolution,26,random_regular,100,4,222,11,1.3862943611158909,4,11,0.36363636363636365,49,45
v2_random_evolution_s26,v2,random_evolution,26,random_regular,100,4,223,1,-1.000088900581841e-12,1,1,1.0,30,72
v2_random_evolution_s26,v2,random_evolution,26,random_regular,100,4,224,4,0.6931471805579453,2,4,0.5,8,72
v2_random_evolution_s26,v2,random_evolution,26,random_regular,100,4,225,0,0.0,0,0,,3,3
v2_random_evolution_s26,v2,random_evolution,26,random_regular,100,4,226,28,2.3978952727873706,11,28,0.39285714285714285,34,19
v2_random_evolution_s26,v2,random_evolution,26,random_regular,100,4,227,46,2.787788119369007,20,46,0.43478260869565216,62,19
v2_random_evolution_s26,v2,random_evolution,26,random_regular,100,4,228,112,3.54405841539724,47,112,0.41964285714285715,95,19
v2_random_evolution_s26,v2,random_evolution,26,random_regular,100,4,229,52,3.016453999064493,28,52,0.5384615384615384,56,72
v2_random_evolution_s26,v2,random_evolution,26,random_regular,100,4,230,87,3.379092505199735,32,87,0.367816091954023,90,72
v2_random_evolution_s26,v2,random_evolution,26,random_regular,100,4,231,45,2.9957322735339904,20,45,0.4444444444444444,32,19
v2_random_evolution_s26,v2,random_evolution,26,random_regular,100,4,232,114,3.571826173398832,40,114,0.3508771929824561,51,47
v2_random_evolution_s26,v2,random_evolution,26,random_regular,100,4,233,59,3.1656721668240384,31,59,0.5254237288135594,51,45
v2_random_evolution_s26,v2,random_evolution,26,random_regular,100,4,234,18,2.302585092984045,10,18,0.5555555555555556,93,19
v2_random_evolution_s26,v2,random_evolution,26,random_regular,100,4,235,58,2.736339051089065,18,58,0.3103448275862069,86,72
v2_random_evolution_s26,v2,random_evolution,26,random_regular,100,4,236,61,2.857102837424001,20,61,0.32786885245901637,96,47
v2_random_evolution_s26,v2,random_evolution,26,random_regular,100,4,237,0,0.0,0,0,,19,19
v2_random_evolution_s26,v2,random_evolution,26,random_regular,100,4,238,3,-1.000088900581841e-12,1,3,0.3333333333333333,49,19
v2_random_evolution_s26,v2,random_evolution,26,random_regular,100,4,239,60,3.3445488585774434,31,60,0.5166666666666667,49,45
v2_random_evolution_s26,v2,random_evolution,26,random_regular,100,4,240,44,2.9957322735339904,20,44,0.45454545454545453,24,47
v2_random_evolution_s26,v2,random_evolution,26,random_regular,100,4,241,60,2.8850829812080647,27,60,0.45,14,72
v2_random_evolution_s26,v2,random_evolution,26,random_regular,100,4,242,93,3.0904599235931967,27,93,0.2903225806451613,99,47
v2_random_evolution_s26,v2,random_evolution,26,random_regular,100,4,243,95,3.328471881301735,33,95,0.3473684210526316,54,45
v2_random_evolution_s26,v2,random_evolution,26,random_regular,100,4,244,8,1.791759469222055,6,8,0.75,44,47
v2_random_evolution_s26,v2,random_evolution,26,random_regular,100,4,245,0,0.0,0,0,,45,45
v2_random_evolution_s26,v2,random_evolution,26,random_regular,100,4,246,214,4.015699038278246,70,214,0.32710280373831774,88,47
v2_random_evolution_s26,v2,random_evolution,26,random_regular,100,4,247,4,-1.000088900581841e-12,1,4,0.25,49,19
v2_random_evolution_s26,v2,random_evolution,26,random_regular,100,4,248,0,0.0,0,0,,19,19
v2_random_evolution_s26,v2,random_evolution,26,random_regular,100,4,249,12,2.079441541671836,8,12,0.6666666666666666,77,3
v2_random_evolution_s26,v2,random_evolution,26,random_regular,100,4,250,31,2.61563057701355,15,31,0.4838709677419355,16,47
v2_random_evolution_s26,v2,random_evolution,26,random_regular,100,4,251,52,3.062529300232621,24,52,0.46153846153846156,30,19
v2_random_evolution_s26,v2,random_evolution,26,random_regular,100,4,252,3,0.6931471805579453,2,3,0.6666666666666666,13,47
v2_random_evolution_s26,v2,random_evolution,26,random_regular,100,4,253,20,2.3978952727873706,11,20,0.55,41,3
v2_random_evolution_s26,v2,random_evolution,26,random_regular,100,4,254,139,3.959477872458816,68,139,0.4892086330935252,40,47
v2_random_evolution_s26,v2,random_evolution,26,random_regular,100,4,255,42,2.341994252221425,14,42,0.3333333333333333,20,19
v2_random_evolution_s26,v2,random_evolution,26,random_regular,100,4,256,48,2.484906649776,12,48,0.25,24,72
v2_random_evolution_s26,v2,random_evolution,26,random_regular,100,4,257,34,2.7985132569262934,19,34,0.5588235294117647,40,45
v2_random_evolution_s26,v2,random_evolution,26,random_regular,100,4,258,171,4.097994309730456,74,171,0.4327485380116959,17,19
v2_random_evolution_s26,v2,random_evolution,26,random_regular,100,4,259,13,1.791759469222055,6,13,0.46153846153846156,15,47
v2_random_evolution_s26,v2,random_evolution,26,random_regular,100,4,260,25,2.302585092984045,10,25,0.4,7,3
v2_random_evolution_s26,v2,random_evolution,26,random_regular,100,4,261,51,2.772588722223781,16,51,0.3137254901960784,16,45
v2_random_evolution_s26,v2,random_evolution,26,random_regular,100,4,262,29,2.926417555478996,20,29,0.6896551724137931,51,3
v2_random_evolution_s26,v2,random_evolution,26,random_regular,100,4,263,44,2.9034007581609185,24,44,0.5454545454545454,43,3
v2_random_evolution_s26,v2,random_evolution,26,random_regular,100,4,264,3,0.6931471805579453,2,3,0.6666666666666666,5,47
v2_random_evolution_s26,v2,random_evolution,26,random_regular,100,4,265,136,3.781224212564584,52,136,0.38235294117647056,31,47
v2_random_evolution_s26,v2,random_evolution,26,random_regular,100,4,266,268,4.471962923586827,121,268,0.45149253731343286,96,72
v2_random_evolution_s26,v2,random_evolution,26,random_regular,100,4,267,121,3.735202719174468,50,121,0.4132231404958678,11,3
v2_random_evolution_s26,v2,random_evolution,26,random_regular,100,4,268,18,2.1458417525857545,11,18,0.6111111111111112,84,72
v2_random_evolution_s26,v2,random_evolution,26,random_regular,100,4,269,0,0.0,0,0,,3,3
v2_random_evolution_s26,v2,random_evolution,26,random_regular,100,4,270,81,3.278089189237435,35,81,0.43209876543209874,25,47
v2_random_evolution_s26,v2,random_evolution,26,random_regular,100,4,271,18,2.0431918705371204,9,18,0.5,54,72
v2_random_evolution_s26,v2,random_evolution,26,random_regular,100,4,272,57,3.10797227595561,25,57,0.43859649122807015,87,72
v2_random_evolution_s26,v2,random_evolution,26,random_regular,100,4,273,166,3.931733637286509,65,166,0.39156626506024095,95,47
v2_random_evolution_s26,v2,random_evolution,26,random_regular,100,4,274,92,3.498515667114017,37,92,0.40217391304347827,51,3
v2_random_evolution_s26,v2,random_evolution,26,random_regular,100,4,275,47,2.4260151319478083,16,47,0.3404255319148936,78,3
v2_random_evolution_s26,v2,random_evolution,26,random_regular,100,4,276,76,3.0149468801585937,23,76,0.3026315789473684,50,3
v2_random_evolution_s26,v2,random_evolution,26,random_regular,100,4,277,45,2.430791328866232,15,45,0.3333333333333333,70,19
v2_random_evolution_s26,v2,random_evolution,26,random_regular,100,4,278,142,3.923088002351249,63,142,0.44366197183098594,12,72
v2_random_evolution_s26,v2,random_evolution,26,random_regular,100,4,279,125,3.5369546858113585,45,125,0.36,60,72
v2_random_evolution_s26,v2,random_evolution,26,random_regular,100,4,280,21,2.3978952727873706,11,21,0.5238095238095238,0,47
v2_random_evolution_s26,v2,random_evolution,26,random_regular,100,4,281,263,4.324169244561293,108,263,0.41064638783269963,94,3
v2_random_evolution_s26,v2,random_evolution,26,random_regular,100,4,282,8,-1.000088900581841e-12,1,8,0.125,65,45
v2_random_evolution_s26,v2,random_evolution,26,random_regular,100,4,283,93,3.4116205818579584,40,93,0.43010752688172044,87,72
v2_random_evolution_s26,v2,random_evolution,26,random_regular,100,4,284,60,2.9785084205072385,21,60,0.35,13,3
v2_random_evolution_s26,v2,random_evolution,26,random_regular,100,4,285,153,3.946798699387668,72,153,0.47058823529411764,55,3
v2_random_evolution_s26,v2,random_evolution,26,random_regular,100,4,286,26,2.639057329601259,14,26,0.5384615384615384,8,72
v2_random_evolution_s26,v2,random_evolution,26,random_regular,100,4,287,38,2.61563057701355,15,38,0.39473684210526316,68,47
v2_random_evolution_s26,v2,random_evolution,26,random_regular,100,4,288,0,0.0,0,0,,72,72
v2_random_evolution_s26,v2,random_evolution,26,random_regular,100,4,289,38,2.813355404483615,18,38,0.47368421052631576,70,45
v2_random_evolution_s26,v2,random_evolution,26,random_regular,100,4,290,116,3.5875467249519843,46,116,0.39655172413793105,73,47
v2_random_evolution_s26,v2,random_evolution,26,random_regular,100,4,291,129,3.693778246480071,49,129,0.3798449612403101,98,72
v2_random_evolution_s26,v2,random_evolution,26,random_regular,100,4,292,39,2.5070264355444176,17,39,0.4358974358974359,34,19
v2_random_evolution_s26,v2,random_evolution,26,random_regular,100,4,293,3,-1.000088900581841e-12,1,3,0.3333333333333333,25,19
v2_random_evolution_s26,v2,random_evolution,26,random_regular,100,4,294,79,3.2625679455231658,30,79,0.379746835443038,64,45
v2_random_evolution_s26,v2,random_evolution,26,random_regular,100,4,295,43,2.813355404483615,18,43,0.4186046511627907,8,19
v2_random_evolution_s26,v2,random_evolution,26,random_regular,100,4,296,35,2.3516733018936304,13,35,0.37142857142857144,6,3
v2_random_evolution_s26,v2,random_evolution,26,random_regular,100,4,297,41,2.5070264355444176,17,41,0.4146341463414634,55,45
v2_random_evolution_s26,v2,random_evolution,26,random_regular,100,4,298,6,1.0986122886651095,3,6,0.5,13,47
v2_random_evolution_s26,v2,random_evolution,26,random_regular,100,4,299,28,2.4583113296710835,13,28,0.4642857142857143,62,19
v2_random_evolution_s26,v2,random_evolution,26,random_regular,100,4,300,24,1.6769877743164172,9,24,0.375,20,72
v2_random_evolution_s26,v2,random_evolution,26,random_regular,100,4,301,152,3.656811008165125,58,152,0.3815789473684211,30,72
v2_random_evolution_s26,v2,random_evolution,26,random_regular,100,4,302,50,2.9650156932365066,22,50,0.44,21,47
v2_random_evolution_s26,v2,random_evolution,26,random_regular,100,4,303,6,-1.000088900581841e-12,1,6,0.16666666666666666,6,72
v2_random_evolution_s26,v2,random_evolution,26,random_regular,100,4,304,35,2.926417555478996,20,35,0.5714285714285714,9,47
v2_random_evolution_s26,v2,random_evolution,26,random_regular,100,4,305,120,3.8011194564925535,50,120,0.4166666666666667,39,3
v2_random_evolution_s26,v2,random_evolution,26,random_regular,100,4,306,55,2.9957322735339904,20,55,0.36363636363636365,64,72
v2_random_evolution_s26,v2,random_evolution,26,random_regular,100,4,307,5,1.0986122886651095,3,5,0.6,49,19
v2_random_evolution_s26,v2,random_evolution,26,random_regular,100,4,308,53,3.1931483947852626,27,53,0.5094339622641509,27,3
v2_random_evolution_s26,v2,random_evolution,26,random_regular,100,4,309,0,0.0,0,0,,19,19
v2_random_evolution_s26,v2,random_evolution,26,random_regular,100,4,310,74,3.158039775194436,29,74,0.3918918918918919,79,45
v2_random_evolution_s26,v2,random_evolution,26,random_regular,100,4,311,21,1.8891591637470213,9,21,0.42857142857142855,42,45
v2_random_evolution_s26,v2,random_evolution,26,random_regular,100,4,312,50,2.4583113296710835,13,50,0.26,49,45
v2_random_evolution_s26,v2,random_evolution,26,random_regular,100,4,313,88,3.467854096317839,40,88,0.45454545454545453,7,19
v2_random_evolution_s26,v2,random_evolution,26,random_regular,100,4,314,75,3.089055299829874,30,75,0.4,26,72
v2_random_evolution_s26,v2,random_evolution,26,random_regular,100,4,315,6,1.0986122886651095,3,6,0.5,61,45
v2_random_evolution_s26,v2,random_evolution,26,random_regular,100,4,316,23,1.791759469222055,6,23,0.2608695652173913,83,19
v2_random_evolution_s26,v2,random_evolution,26,random_regular,100,4,317,14,1.7478680974607577,7,14,0.5,0,47
v2_random_evolution_s26,v2,random_evolution,26,random_regular,100,4,318,11,1.791759469222055,6,11,0.5454545454545454,50,47
v2_random_evolution_s26,v2,random_evolution,26,random_regular,100,4,319,145,3.764627169924135,52,145,0.3586206896551724,85,19
v2_random_evolution_s26,v2,random_evolution,26,random_regular,100,4,320,188,4.010664300021868,67,188,0.35638297872340424,40,3
v2_random_evolution_s26,v2,random_evolution,26,random_regular,100,4,321,41,2.9957322735339904,20,41,0.4878048780487805,31,72
v2_random_evolution_s26,v2,random_evolution,26,random_regular,100,4,322,3,-1.000088900581841e-12,1,3,0.3333333333333333,30,72
v2_random_evolution_s26,v2,random_evolution,26,random_regular,100,4,323,133,3.706590750737593,54,133,0.40601503759398494,93,19
v2_random_evolution_s26,v2,random_evolution,26,random_regular,100,4,324,5,1.0986122886651095,3,5,0.6,71,19
v2_random_evolution_s26,v2,random_evolution,26,random_regular,100,4,325,3,-1.000088900581841e-12,1,3,0.3333333333333333,30,72
v2_random_evolution_s26,v2,random_evolution,26,random_regular,100,4,326,59,3.044522437702424,21,59,0.3559322033898305,7,45
v2_random_evolution_s26,v2,random_evolution,26,random_regular,100,4,327,41,2.5649493574485365,13,41,0.3170731707317073,76,19
v2_random_evolution_s26,v2,random_evolution,26,random_regular,100,4,328,13,2.079441541671836,8,13,0.6153846153846154,21,45
v2_random_evolution_s26,v2,random_evolution,26,random_regular,100,4,329,30,2.1639556568730565,10,30,0.3333333333333333,17,3
v2_random_evolution_s26,v2,random_evolution,26,random_regular,100,4,330,121,3.6436782287373086,47,121,0.3884297520661157,17,47
v2_random_evolution_s26,v2,random_evolution,26,random_regular,100,4,331,60,2.926417555478996,20,60,0.3333333333333333,76,72
v2_random_evolution_s26,v2,random_evolution,26,random_regular,100,4,332,140,3.753062821405452,65,140,0.4642857142857143,15,45
v2_random_evolution_s26,v2,random_evolution,26,random_regular,100,4,333,31,2.094729047518648,12,31,0.3870967741935484,13,19
v2_random_evolution_s26,v2,random_evolution,26,random_regular,100,4,334,12,1.6094379124291005,5,12,0.4166666666666667,63,19
v2_random_evolution_s26,v2,random_evolution,26,random_regular,100,4,335,25,2.484906649776,12,25,0.48,26,3
v2_random_evolution_s26,v2,random_evolution,26,random_regular,100,4,336,38,2.1383330594990277,12,38,0.3157894736842105,95,19
v2_random_evolution_s26,v2,random_evolution,26,random_regular,100,4,337,5,0.6931471805579453,2,5,0.4,49,45
v2_random_evolution_s26,v2,random_evolution,26,random_regular,100,4,338,123,3.78719643184778,53,123,0.43089430894308944,43,72
v2_random_evolution_s26,v2,random_evolution,26,random_regular,100,4,339,14,2.1639556568730565,10,14,0.7142857142857143,8,47
v2_random_evolution_s26,v2,random_evolution,26,random_regular,100,4,340,80,3.4124897213676078,33,80,0.4125,40,3
v2_random_evolution_s26,v2,random_evolution,26,random_regular,100,4,341,14,1.6094379124291005,5,14,0.35714285714285715,69,72
v2_random_evolution_s26,v2,random_evolution,26,random_regular,100,4,342,136,3.7002574627494993,56,136,0.4117647058823529,88,47
v2_random_evolution_s26,v2,random_evolution,26,random_regular,100,4,343,2,-1.000088900581841e-12,1,2,0.5,99,47
v2_random_evolution_s26,v2,random_evolution,26,random_regular,100,4,344,22,2.197224577327219,9,22,0.4090909090909091,28,19
v2_random_evolution_s26,v2,random_evolution,26,random_regular,100,4,345,27,2.0431918705371204,9,27,0.3333333333333333,40,45
v2_random_evolution_s26,v2,random_evolution,26,random_regular,100,4,346,144,3.2994474003272614,46,144,0.3194444444444444,16,72
v2_random_evolution_s26,v2,random_evolution,26,random_regular,100,4,347,21,1.6094379124291005,5,21,0.23809523809523808,57,3
v2_random_evolution_s26,v2,random_evolution,26,random_regular,100,4,348,2,-1.000088900581841e-12,1,2,0.5,6,72
v2_random_evolution_s26,v2,random_evolution,26,random_regular,100,4,349,256,4.360754564345417,94,256,0.3671875,65,47
v2_random_evolution_s26,v2,random_evolution,26,random_regular,100,4,350,49,2.9957322735339904,20,49,0.40816326530612246,89,45
v2_random_evolution_s26,v2,random_evolution,26,random_regular,100,4,351,56,2.752191546552043,22,56,0.39285714285714285,31,3
v2_random_evolution_s26,v2,random_evolution,26,random_regular,100,4,352,14,1.3862943611158909,4,14,0.2857142857142857,77,19
v2_random_evolution_s26,v2,random_evolution,26,random_regular,100,4,353,3,0.6931471805579453,2,3,0.6666666666666666,2,3
v2_random_evolution_s26,v2,random_evolution,26,random_regular,100,4,354,55,2.871476118036867,19,55,0.34545454545454546,39,19
v2_random_evolution_s26,v2,random_evolution,26,random_regular,100,4,355,123,3.614182604033629,47,123,0.3821138211382114,17,3
v2_random_evolution_s26,v2,random_evolution,26,random_regular,100,4,356,67,3.080476306973153,29,67,0.43283582089552236,33,45
v2_random_evolution_s26,v2,random_evolution,26,random_regular,100,4,357,56,3.0149468801585937,23,56,0.4107142857142857,70,19
v2_random_evolution_s26,v2,random_evolution,26,random_regular,100,4,358,44,2.61563057701355,15,44,0.3409090909090909,50,72
v2_random_evolution_s26,v2,random_evolution,26,random_regular,100,4,359,3,0.6931471805579453,2,3,0.6666666666666666,44,47
v2_random_evolution_s26,v2,random_evolution,26,random_regular,100,4,360,0,0.0,0,0,,45,45
v2_random_evolution_s26,v2,random_evolution,26,random_regular,100,4,361,30,2.079441541671836,8,30,0.26666666666666666,92,19
v2_random_evolution_s26,v2,random_evolution,26,random_regular,100,4,362,179,4.042978216918453,70,179,0.39106145251396646,59,47
v2_random_evolution_s26,v2,random_evolution,26,random_regular,100,4,363,202,3.9745866749673073,71,202,0.35148514851485146,58,3
v2_random_evolution_s26,v2,random_evolution,26,random_regular,100,4,364,25,2.197224577327219,9,25,0.36,81,19
v2_random_evolution_s26,v2,random_evolution,26,random_regular,100,4,365,36,2.5126585295168016,16,36,0.4444444444444444,69,19
v2_random_evolution_s26,v2,random_evolution,26,random_regular,100,4,366,32,2.61563057701355,15,32,0.46875,37,72
v2_random_evolution_s26,v2,random_evolution,26,random_regular,100,4,367,175,3.742020031347389,57,175,0.32571428571428573,55,47
v2_random_evolution_s26,v2,random_evolution,26,random_regular,100,4,368,15,2.197224577327219,9,15,0.6,66,45
v2_random_evolution_s26,v2,random_evolution,26,random_regular,100,4,369,9,1.3862943611158909,4,9,0.4444444444444444,25,3
v2_random_evolution_s26,v2,random_evolution,26,random_regular,100,4,370,18,1.791759469222055,6,18,0.3333333333333333,23,72
v2_random_evolution_s26,v2,random_evolution,26,random_regular,100,4,371,5,0.6931471805579453,2,5,0.4,27,19
v2_random_evolution_s26,v2,random_evolution,26,random_regular,100,4,372,10,1.6094379124291005,5,10,0.5,15,3
v2_random_evolution_s26,v2,random_evolution,26,random_regular,100,4,373,43,2.6593226976945163,18,43,0.4186046511627907,88,47
v2_random_evolution_s26,v2,random_evolution,26,random_regular,100,4,374,38,2.6593226976945163,18,38,0.47368421052631576,6,47
v2_random_evolution_s26,v2,random_evolution,26,random_regular,100,4,375,36,2.5649493574485365,13,36,0.3611111111111111,1,45
v2_random_evolution_s26,v2,random_evolution,26,random_regular,100,4,376,5,1.0986122886651095,3,5,0.6,28,45
v2_random_evolution_s26,v2,random_evolution,26,random_regular,100,4,377,39,2.61563057701355,15,39,0.38461538461538464,58,47
v2_random_evolution_s26,v2,random_evolution,26,random_regular,100,4,378,6,-1.000088900581841e-12,1,6,0.16666666666666666,49,19
v2_random_evolution_s26,v2,random_evolution,26,random_regular,100,4,379,68,3.271689322296034,29,68,0.4264705882352941,7,19
v2_random_evolution_s26,v2,random_evolution,26,random_regular,100,4,380,39,2.3516733018936304,13,39,0.3333333333333333,33,45
v2_random_evolution_s26,v2,random_evolution,26,random_regular,100,4,381,0,0.0,0,0,,3,3
v2_random_evolution_s26,v2,random_evolution,26,random_regular,100,4,382,6,0.6931471805579453,2,6,0.3333333333333333,23,72
v2_random_evolution_s26,v2,random_evolution,26,random_regular,100,4,383,47,2.751666616915516,17,47,0.3617021276595745,62,3
v2_random_evolution_s26,v2,random_evolution,26,random_regular,100,4,384,46,2.7144523517264965,21,46,0.45652173913043476,12,47
v2_random_evolution_s26,v2,random_evolution,26,random_regular,100,4,385,55,2.772588722223781,16,55,0.2909090909090909,2,45
v2_random_evolution_s26,v2,random_evolution,26,random_regular,100,4,386,68,3.3549875695958247,30,68,0.4411764705882353,93,3
v2_random_evolution_s26,v2,random_evolution,26,random_regular,100,4,387,6,1.0986122886651095,3,6,0.5,25,19
v2_random_evolution_s26,v2,random_evolution,26,random_regular,100,4,388,135,3.8349513397251753,54,135,0.4,57,72
v2_random_evolution_s26,v2,random_evolution,26,random_regular,100,4,389,0,0.0,0,0,,45,45
v2_random_evolution_s26,v2,random_evolution,26,random_regular,100,4,390,77,3.328471881301735,33,77,0.42857142857142855,6,45
v2_random_evolution_s26,v2,random_evolution,26,random_regular,100,4,391,190,4.042978216917453,70,190,0.3684210526315789,96,47
v2_random_evolution_s26,v2,random_evolution,26,random_regular,100,4,392,45,3.044522437702424,21,45,0.4666666666666667,78,3
v2_random_evolution_s26,v2,random_evolution,26,random_regular,100,4,393,15,2.079441541671836,8,15,0.5333333333333333,5,3
v2_random_evolution_s26,v2,random_evolution,26,random_regular,100,4,394,156,3.777842043503332,59,156,0.3782051282051282,63,3
v2_random_evolution_s26,v2,random_evolution,26,random_regular,100,4,395,0,0.0,0,0,,72,72
v2_random_evolution_s26,v2,random_evolution,26,random_regular,100,4,396,41,2.736339051089065,18,41,0.43902439024390244,87,3
v2_random_evolution_s26,v2,random_evolution,26,random_regular,100,4,397,15,1.791759469222055,6,15,0.4,98,19
v2_random_evolution_s26,v2,random_evolution,26,random_regular,100,4,398,66,3.0752205480323718,23,66,0.3484848484848485,11,47
v2_random_evolution_s26,v2,random_evolution,26,random_regular,100,4,399,0,0.0,0,0,,72,72
v2_random_evolution_s26,v2,random_evolution,26,random_regular,100,4,400,17,2.0431918705371204,9,17,0.5294117647058824,66,3
v2_random_evolution_s26,v2,random_evolution,26,random_regular,100,4,401,74,3.14180415918923,27,74,0.36486486486486486,31,19
v2_random_evolution_s26,v2,random_evolution,26,random_regular,100,4,402,75,3.10797227595561,25,75,0.3333333333333333,33,47
v2_random_evolution_s26,v2,random_evolution,26,random_regular,100,4,403,66,3.4544986414005443,33,66,0.5,54,3
v2_random_evolution_s26,v2,random_evolution,26,random_regular,100,4,404,34,2.871476118036867,19,34,0.5588235294117647,56,72
v2_random_evolution_s26,v2,random_evolution,26,random_regular,100,4,405,54,2.9650156932365066,22,54,0.4074074074074074,21,19
v2_random_evolution_s26,v2,random_evolution,26,random_regular,100,4,406,137,3.595149493727549,44,137,0.32116788321167883,89,3
v2_random_evolution_s26,v2,random_evolution,26,random_regular,100,4,407,44,2.9444389791474395,19,44,0.4318181818181818,81,19
v2_random_evolution_s26,v2,random_evolution,26,random_regular,100,4,408,9,1.3862943611158909,4,9,0.4444444444444444,0,3
v2_random_evolution_s26,v2,random_evolution,26,random_regular,100,4,409,47,3.10797227595561,25,47,0.5319148936170213,63,45
v2_random_evolution_s26,v2,random_evolution,26,random_regular,100,4,410,11,1.0986122886651095,3,11,0.2727272727272727,0,72
v2_random_evolution_s26,v2,random_evolution,26,random_regular,100,4,411,41,2.6593226976945163,18,41,0.43902439024390244,6,47
v2_random_evolution_s26,v2,random_evolution,26,random_regular,100,4,412,21,2.079441541671836,8,21,0.38095238095238093,41,19
v2_random_evolution_s26,v2,random_evolution,26,random_regular,100,4,413,23,2.197224577327219,9,23,0.391304347826087,12,3
v2_random_evolution_s26,v2,random_evolution,26,random_regular,100,4,414,77,3.4544986414005443,33,77,0.42857142857142855,14,19
v2_random_evolution_s26,v2,random_evolution,26,random_regular,100,4,415,170,3.9853068760834423,72,170,0.4235294117647059,11,19
v2_random_evolution_s26,v2,random_evolution,26,random_regular,100,4,416,27,2.369382119683676,12,27,0.4444444444444444,28,72
v2_random_evolution_s26,v2,random_evolution,26,random_regular,100,4,417,1,-1.000088900581841e-12,1,1,1.0,96,19
v2_random_evolution_s26,v2,random_evolution,26,random_regular,100,4,418,24,1.9459101490483133,7,24,0.2916666666666667,41,3
v2_random_evolution_s26,v2,random_evolution,26,random_regular,100,4,419,46,2.9650156932365066,22,46,0.4782608695652174,24,47
v2_random_evolution_s26,v2,random_evolution,26,random_regular,100,4,420,13,1.3862943611158909,4,13,0.3076923076923077,69,19
v2_random_evolution_s26,v2,random_evolution,26,random_regular,100,4,421,10,1.6094379124291005,5,10,0.5,26,45
v2_random_evolution_s26,v2,random_evolution,26,random_regular,100,4,422,25,2.3978952727873706,11,25,0.44,83,45
v2_random_evolution_s26,v2,random_evolution,26,random_regular,100,4,423,33,2.302585092984045,10,33,0.30303030303030304,35,45
v2_random_evolution_s26,v2,random_evolution,26,random_regular,100,4,424,43,2.484906649776,12,43,0.27906976744186046,70,45
v2_random_evolution_s26,v2,random_evolution,26,random_regular,100,4,425,49,2.220025327824538,16,49,0.32653061224489793,89,72
v2_random_evolution_s26,v2,random_evolution,26,random_regular,100,4,426,21,1.9061547465328492,8,21,0.38095238095238093,44,47
v2_random_evolution_s26,v2,random_evolution,26,random_regular,100,4,427,54,2.912494403312053,21,54,0.3888888888888889,42,45
v2_random_evolution_s26,v2,random_evolution,26,random_regular,100,4,428,179,4.069590564805056,72,179,0.4022346368715084,54,45
v2_random_evolution_s26,v2,random_evolution,26,random_regular,100,4,429,57,3.044522437702424,21,57,0.3684210526315789,94,72
v2_random_evolution_s26,v2,random_evolution,26,random_regular,100,4,430,107,3.7786534114435946,49,107,0.45794392523364486,90,19
v2_random_evolution_s26,v2,random_evolution,26,random_regular,100,4,431,28,2.3978952727873706,11,28,0.39285714285714285,69,72
v2_random_evolution_s26,v2,random_evolution,26,random_regular,100,4,432,72,3.2826939972510645,28,72,0.3888888888888889,51,72
v2_random_evolution_s26,v2,random_evolution,26,random_regular,100,4,433,56,2.476220649585165,18,56,0.32142857142857145,53,19
v2_random_evolution_s26,v2,random_evolution,26,random_regular,100,4,434,8,1.0986122886651095,3,8,0.375,49,19
v2_random_evolution_s26,v2,random_evolution,26,random_regular,100,4,435,5,1.3862943611158909,4,5,0.8,85,72
v2_random_evolution_s26,v2,random_evolution,26,random_regular,100,4,436,220,3.9365460721877072,81,220,0.36818181818181817,4,3
v2_random_evolution_s26,v2,random_evolution,26,random_regular,100,4,437,193,3.881769099013944,72,193,0.37305699481865284,39,45
v2_random_evolution_s26,v2,random_evolution,26,random_regular,100,4,438,60,3.135494215906149,23,60,0.38333333333333336,86,19
v2_random_evolution_s26,v2,random_evolution,26,random_regular,100,4,439,54,3.0910424533363146,22,54,0.4074074074074074,29,72
v2_random_evolution_s26,v2,random_evolution,26,random_regular,100,4,440,48,3.0149468801585937,23,48,0.4791666666666667,37,72
v2_random_evolution_s26,v2,random_evolution,26,random_regular,100,4,441,15,1.9459101490483133,7,15,0.4666666666666667,53,47
v2_random_evolution_s26,v2,random_evolution,26,random_regular,100,4,442,0,0.0,0,0,,19,19
v2_random_evolution_s26,v2,random_evolution,26,random_regular,100,4,443,213,4.093510764344357,90,213,0.4225352112676056,97,3
v2_random_evolution_s26,v2,random_evolution,26,random_regular,100,4,444,76,3.271689322296034,29,76,0.3815789473684211,4,19
v2_random_evolution_s26,v2,random_evolution,26,random_regular,100,4,445,17,2.079441541671836,8,17,0.47058823529411764,42,47
v2_random_evolution_s26,v2,random_evolution,26,random_regular,100,4,446,2,-1.000088900581841e-12,1,2,0.5,27,3
v2_random_evolution_s26,v2,random_evolution,26,random_regular,100,4,447,68,2.769287880058923,29,68,0.4264705882352941,85,19
v2_random_evolution_s26,v2,random_evolution,26,random_regular,100,4,448,33,2.4260151319478083,16,33,0.48484848484848486,11,72
v2_random_evolution_s26,v2,random_evolution,26,random_regular,100,4,449,43,3.135494215906149,23,43,0.5348837209302325,33,45
v2_random_evolution_s26,v2,random_evolution,26,random_regular,100,4,450,6,0.6931471805579453,2,6,0.3333333333333333,23,3
v2_random_evolution_s26,v2,random_evolution,26,random_regular,100,4,451,158,3.830895721041939,55,158,0.34810126582278483,30,47
v2_random_evolution_s26,v2,random_evolution,26,random_regular,100,4,452,6,1.3862943611158909,4,6,0.6666666666666666,44,47
v2_random_evolution_s26,v2,random_evolution,26,random_regular,100,4,453,1,-1.000088900581841e-12,1,1,1.0,6,72
v2_random_evolution_s26,v2,random_evolution,26,random_regular,100,4,454,77,3.2551105127007407,31,77,0.4025974025974026,95,72
v2_random_evolution_s26,v2,random_evolution,26,random_regular,100,4,455,2,-1.000088900581841e-12,1,2,0.5,11,72
v2_random_evolution_s26,v2,random_evolution,26,random_regular,100,4,456,27,2.1639556568730565,10,27,0.37037037037037035,43,45
v2_random_evolution_s26,v2,random_evolution,26,random_regular,100,4,457,4,0.6931471805579453,2,4,0.5,24,3
v2_random_evolution_s26,v2,random_evolution,26,random_regular,100,4,458,0,0.0,0,0,,3,3
v2_random_evolution_s26,v2,random_evolution,26,random_regular,100,4,459,2,0.6931471805579453,2,2,1.0,50,72
v2_random_evolution_s26,v2,random_evolution,26,random_regular,100,4,460,48,2.751666616915516,17,48,0.3541666666666667,84,47
v2_random_evolution_s26,v2,random_evolution,26,random_regular,100,4,461,13,1.6094379124291005,5,13,0.38461538461538464,29,19
v2_random_evolution_s26,v2,random_evolution,26,random_regular,100,4,462,35,2.8332133440392155,17,35,0.4857142857142857,44,3
v2_random_evolution_s26,v2,random_evolution,26,random_regular,100,4,463,1,-1.000088900581841e-12,1,1,1.0,6,72
v2_random_evolution_s26,v2,random_evolution,26,random_regular,100,4,464,117,3.5137264175958234,48,117,0.41025641025641024,59,45
v2_random_evolution_s26,v2,random_evolution,26,random_regular,100,4,465,138,3.86645681660218,61,138,0.4420289855072464,12,72
v2_random_evolution_s26,v2,random_evolution,26,random_regular,100,4,466,68,2.9650156932365066,22,68,0.3235294117647059,98,3
v2_random_evolution_s26,v2,random_evolution,26,random_regular,100,4,467,67,2.692310994125785,20,67,0.29850746268656714,85,72
v2_random_evolution_s26,v2,random_evolution,26,random_regular,100,4,468,19,2.1639556568730565,10,19,0.5263157894736842,38,72
v2_random_evolution_s26,v2,random_evolution,26,random_regular,100,4,469,3,-1.000088900581841e-12,1,3,0.3333333333333333,52,45
v2_random_evolution_s26,v2,random_evolution,26,random_regular,100,4,470,9,1.5607104090364066,6,9,0.6666666666666666,16,19
v2_random_evolution_s26,v2,random_evolution,26,random_regular,100,4,471,147,3.689669563800905,44,147,0.29931972789115646,6,72
v2_random_evolution_s26,v2,random_evolution,26,random_regular,100,4,472,39,2.5070264355444176,17,39,0.4358974358974359,32,45
v2_random_evolution_s26,v2,random_evolution,26,random_regular,100,4,473,97,3.3909780549362365,36,97,0.3711340206185567,51,45
v2_random_evolution_s26,v2,random_evolution,26,random_regular,100,4,474,94,3.679760009076018,41,94,0.43617021276595747,98,45
v2_random_evolution_s26,v2,random_evolution,26,random_regular,100,4,475,8,1.6094379124291005,5,8,0.625,1,72
v2_random_evolution_s26,v2,random_evolution,26,random_regular,100,4,476,61,3.2551105127007407,31,61,0.5081967213114754,42,45
v2_random_evolution_s26,v2,random_evolution,26,random_regular,100,4,477,13,1.6094379124291005,5,13,0.38461538461538464,12,72
v2_random_evolution_s26,v2,random_evolution,26,random_regular,100,4,478,41,2.313153678722634,17,41,0.4146341463414634,56,45
v2_random_evolution_s26,v2,random_evolution,26,random_regular,100,4,479,78,3.461048251949615,37,78,0.47435897435897434,65,47
v2_random_evolution_s26,v2,random_evolution,26,random_regular,100,4,480,2,-1.000088900581841e-12,1,2,0.5,11,72
v2_random_evolution_s26,v2,random_evolution,26,random_regular,100,4,481,16,1.791759469222055,6,16,0.375,85,19
v2_random_evolution_s26,v2,random_evolution,26,random_regular,100,4,482,133,3.7845576132928977,48,133,0.3609022556390977,10,19
v2_random_evolution_s26,v2,random_evolution,26,random_regular,100,4,483,30,2.1639556568730565,10,30,0.3333333333333333,73,47
v2_random_evolution_s26,v2,random_evolution,26,random_regular,100,4,484,263,4.357909705651715,112,263,0.42585551330798477,87,45
v2_random_evolution_s26,v2,random_evolution,26,random_regular,100,4,485,186,4.054708794343121,76,186,0.40860215053763443,92,3
v2_random_evolution_s26,v2,random_evolution,26,random_regular,100,4,486,97,3.689669563800905,44,97,0.4536082474226804,36,47
v2_random_evolution_s26,v2,random_evolution,26,random_regular,100,4,487,50,3.1836729714587872,28,50,0.56,58,19
v2_random_evolution_s26,v2,random_evolution,26,random_regular,100,4,488,107,3.5317496288789423,41,107,0.38317757009345793,62,3
v2_random_evolution_s26,v2,random_evolution,26,random_regular,100,4,489,0,0.0,0,0,,47,47
v2_random_evolution_s26,v2,random_evolution,26,random_regular,100,4,490,55,2.3814841921181498,23,55,0.41818181818181815,99,72
v2_random_evolution_s26,v2,random_evolution,26,random_regular,100,4,491,130,3.773917323689059,54,130,0.4153846153846154,13,3
v2_random_evolution_s26,v2,random_evolution,26,random_regular,100,4,492,16,1.791759469222055,6,16,0.375,66,47
v2_random_evolution_s26,v2,random_evolution,26,random_regular,100,4,493,50,2.871476118036867,19,50,0.38,67,47
v2_random_evolution_s26,v2,random_evolution,26,random_regular,100,4,494,75,3.098139496330803,26,75,0.3466666666666667,35,3
v2_random_evolution_s26,v2,random_evolution,26,random_regular,100,4,495,57,3.151458510219029,26,57,0.45614035087719296,18,45
v2_random_evolution_s26,v2,random_evolution,26,random_regular,100,4,496,3,0.6931471805579453,2,3,0.6666666666666666,4,47
v2_random_evolution_s26,v2,random_evolution,26,random_regular,100,4,497,15,1.0986122886651095,3,15,0.2,93,72
v2_random_evolution_s26,v2,random_evolution,26,random_regular,100,4,498,56,2.4260151319478083,16,56,0.2857142857142857,69,45
v2_random_evolution_s26,v2,random_evolution,26,random_regular,100,4,499,0,0.0,0,0,,47,47
v2_random_evolution_s26,v2,random_evolution,26,random_regular,100,4,500,8,1.0986122886651095,3,8,0.375,34,19
v2_random_evolution_s26,v2,random_evolution,26,random_regular,100,4,501,22,2.369382119683676,12,22,0.5454545454545454,76,19
v2_random_evolution_s26,v2,random_evolution,26,random_regular,100,4,502,31,2.4583113296710835,13,31,0.41935483870967744,80,3
v2_random_evolution_s26,v2,random_evolution,26,random_regular,100,4,503,52,3.052520501511814,25,52,0.4807692307692308,67,19
v2_random_evolution_s26,v2,random_evolution,26,random_regular,100,4,504,161,3.9745170417130753,61,161,0.37888198757763975,97,19
v2_random_evolution_s26,v2,random_evolution,26,random_regular,100,4,505,0,0.0,0,0,,3,3
v2_random_evolution_s26,v2,random_evolution,26,random_regular,100,4,506,4,-1.000088900581841e-12,1,4,0.25,30,72
v2_random_evolution_s26,v2,random_evolution,26,random_regular,100,4,507,61,2.831544426889669,26,61,0.4262295081967213,78,47
v2_random_evolution_s26,v2,random_evolution,26,random_regular,100,4,508,22,2.079441541671836,8,22,0.36363636363636365,2,47
v2_random_evolution_s26,v2,random_evolution,26,random_regular,100,4,509,0,0.0,0,0,,45,45
v2_random_evolution_s26,v2,random_evolution,26,random_regular,100,4,510,1,-1.000088900581841e-12,1,1,1.0,74,19
v2_random_evolution_s26,v2,random_evolution,26,random_regular,100,4,511,102,3.379092505199735,32,102,0.3137254901960784,68,47
v2_random_evolution_s26,v2,random_evolution,26,random_regular,100,4,512,20,2.302585092984045,10,20,0.5,49,3
v2_random_evolution_s26,v2,random_evolution,26,random_regular,100,4,513,26,2.1458417525857545,11,26,0.4230769230769231,69,19
v2_random_evolution_s26,v2,random_evolution,26,random_regular,100,4,514,41,2.7080502010872096,15,41,0.36585365853658536,11,3
v2_random_evolution_s26,v2,random_evolution,26,random_regular,100,4,515,23,2.3978952727873706,11,23,0.4782608695652174,52,19
v2_random_evolution_s26,v2,random_evolution,26,random_regular,100,4,516,97,3.5849073769929456,40,97,0.41237113402061853,90,47
v2_random_evolution_s26,v2,random_evolution,26,random_regular,100,4,517,9,1.6094379124291005,5,9,0.5555555555555556,54,47
v2_random_evolution_s26,v2,random_evolution,26,random_regular,100,4,518,13,1.3862943611158909,4,13,0.3076923076923077,27,45
v2_random_evolution_s26,v2,random_evolution,26,random_regular,100,4,519,91,3.2235308319560225,35,91,0.38461538461538464,50,47
v2_random_evolution_s26,v2,random_evolution,26,random_regular,100,4,520,31,2.197224577327219,9,31,0.2903225806451613,30,72
v2_random_evolution_s26,v2,random_evolution,26,random_regular,100,4,521,32,2.16822349160464,14,32,0.4375,78,72
v2_random_evolution_s26,v2,random_evolution,26,random_regular,100,4,522,130,3.5434265702089243,43,130,0.33076923076923076,20,45
v2_random_evolution_s26,v2,random_evolution,26,random_regular,100,4,523,345,4.457556167574321,140,345,0.4057971014492754,64,3
v2_random_evolution_s26,v2,random_evolution,26,random_regular,100,4,524,120,3.4869693396250203,45,120,0.375,76,47
v2_random_evolution_s26,v2,random_evolution,26,random_regular,100,4,525,17,1.9459101490483133,7,17,0.4117647058823529,56,47
v2_random_evolution_s26,v2,random_evolution,26,random_regular,100,4,526,56,2.9650156932365066,22,56,0.39285714285714285,79,72
v2_random_evolution_s26,v2,random_evolution,26,random_regular,100,4,527,60,2.8903717578781647,18,60,0.3,24,3
v2_random_evolution_s26,v2,random_evolution,26,random_regular,100,4,528,128,3.576171765304929,46,128,0.359375,25,3
v2_random_evolution_s26,v2,random_evolution,26,random_regular,100,4,529,10,1.7478680974607577,7,10,0.7,96,47
v2_random_evolution_s26,v2,random_evolution,26,random_regular,100,4,530,62,3.308777757559495,30,62,0.4838709677419355,18,19
v2_random_evolution_s26,v2,random_evolution,26,random_regular,100,4,531,10,-1.000088900581841e-12,1,10,0.1,11,72
v2_random_evolution_s26,v2,random_evolution,26,random_regular,100,4,532,50,2.9785084205072385,21,50,0.42,93,19
v2_random_evolution_s26,v2,random_evolution,26,random_regular,100,4,533,7,1.6094379124291005,5,7,0.7142857142857143,83,3
v2_random_evolution_s26,v2,random_evolution,26,random_regular,100,4,534,56,2.954673212284816,23,56,0.4107142857142857,10,72
v2_random_evolution_s26,v2,random_evolution,26,random_regular,100,4,535,5,1.0986122886651095,3,5,0.6,69,3
v2_random_evolution_s26,v2,random_evolution,26,random_regular,100,4,536,22,1.9061547465328492,8,22,0.36363636363636365,41,47
v2_random_evolution_s26,v2,random_evolution,26,random_regular,100,4,537,9,1.0986122886651095,3,9,0.3333333333333333,65,45
v2_random_evolution_s26,v2,random_evolution,26,random_regular,100,4,538,21,2.1639556568730565,10,21,0.47619047619047616,90,19
v2_random_evolution_s26,v2,random_evolution,26,random_regular,100,4,539,16,1.9459101490483133,7,16,0.4375,99,72
v2_random_evolution_s26,v2,random_evolution,26,random_regular,100,4,540,0,0.0,0,0,,47,47
v2_random_evolution_s26,v2,random_evolution,26,random_regular,100,4,541,8,1.0986122886651095,3,8,0.375,42,45
v2_random_evolution_s26,v2,random_evolution,26,random_regular,100,4,542,60,3.0280290732864104,22,60,0.36666666666666664,89,45
v2_random_evolution_s26,v2,random_evolution,26,random_regular,100,4,543,72,2.987771452401131,27,72,0.375,63,72
v2_random_evolution_s26,v2,random_evolution,26,random_regular,100,4,544,46,2.9444389791474395,19,46,0.41304347826086957,37,47
v2_random_evolution_s26,v2,random_evolution,26,random_regular,100,4,545,16,2.1639556568730565,10,16,0.625,98,72
v2_random_evolution_s26,v2,random_evolution,26,random_regular,100,4,546,20,2.079441541671836,8,20,0.4,28,3
v2_random_evolution_s26,v2,random_evolution,26,random_regular,100,4,547,239,4.337535483183186,91,239,0.3807531380753138,39,47
v2_random_evolution_s26,v2,random_evolution,26,random_regular,100,4,548,11,1.3862943611158909,4,11,0.36363636363636365,61,19
v2_random_evolution_s26,v2,random_evolution,26,random_regular,100,4,549,16,1.7478680974607577,7,16,0.4375,83,45
v2_random_evolution_s26,v2,random_evolution,26,random_regular,100,4,550,74,3.354987569595825,30,74,0.40540540540540543,58,72
v2_random_evolution_s26,v2,random_evolution,26,random_regular,100,4,551,54,2.976138801317437,25,54,0.46296296296296297,83,72
v2_random_evolution_s26,v2,random_evolution,26,random_regular,100,4,552,22,2.3978952727873706,11,22,0.5,43,47
v2_random_evolution_s26,v2,random_evolution,26,random_regular,100,4,553,0,0.0,0,0,,3,3
v2_random_evolution_s26,v2,random_evolution,26,random_regular,100,4,554,10,1.3862943611158909,4,10,0.4,93,45
v2_random_evolution_s26,v2,random_evolution,26,random_regular,100,4,555,147,3.91745862057526,62,147,0.4217687074829932,62,45
v2_random_evolution_s26,v2,random_evolution,26,random_regular,100,4,556,189,4.143432771066687,78,189,0.4126984126984127,89,47
v2_random_evolution_s26,v2,random_evolution,26,random_regular,100,4,557,64,2.9957322735339904,20,64,0.3125,89,19
v2_random_evolution_s26,v2,random_evolution,26,random_regular,100,4,558,2,0.6931471805579453,2,2,1.0,68,3
v2_random_evolution_s26,v2,random_evolution,26,random_regular,100,4,559,313,4.475007284490866,139,313,0.4440894568690096,99,45
v2_random_evolution_s26,v2,random_evolution,26,random_regular,100,4,560,20,1.8891591637470213,9,20,0.45,40,47
v2_random_evolution_s26,v2,random_evolution,26,random_regular,100,4,561,96,3.6401519506812425,48,96,0.5,50,47
v2_random_evolution_s26,v2,random_evolution,26,random_regular,100,4,562,0,0.0,0,0,,3,3
v2_random_evolution_s26,v2,random_evolution,26,random_regular,100,4,563,24,2.7080502010872096,15,24,0.625,93,3
v2_random_evolution_s26,v2,random_evolution,26,random_regular,100,4,564,38,2.5232109529398907,15,38,0.39473684210526316,93,3
v2_random_evolution_s26,v2,random_evolution,26,random_regular,100,4,565,115,3.5677636931747174,43,115,0.3739130434782609,95,72
v2_random_evolution_s26,v2,random_evolution,26,random_regular,100,4,566,47,2.9785084205072385,21,47,0.44680851063829785,34,72
v2_random_evolution_s26,v2,random_evolution,26,random_regular,100,4,567,85,3.645947951488728,41,85,0.4823529411764706,20,45
v2_random_evolution_s26,v2,random_evolution,26,random_regular,100,4,568,160,3.675018539949934,57,160,0.35625,53,45
v2_random_evolution_s26,v2,random_evolution,26,random_regular,100,4,569,41,2.242973226428147,14,41,0.34146341463414637,74,3
v2_random_evolution_s26,v2,random_evolution,26,random_regular,100,4,570,21,1.9459101490483133,7,21,0.3333333333333333,58,45
v2_random_evolution_s26,v2,random_evolution,26,random_regular,100,4,571,6,1.3862943611158909,4,6,0.6666666666666666,66,47
v2_random_evolution_s26,v2,random_evolution,26,random_regular,100,4,572,142,3.799589441487576,54,142,0.38028169014084506,23,45
v2_random_evolution_s26,v2,random_evolution,26,random_regular,100,4,573,181,3.881028454734596,65,181,0.35911602209944754,59,45
v2_random_evolution_s26,v2,random_evolution,26,random_regular,100,4,574,113,3.6511228010840666,55,113,0.48672566371681414,58,3
v2_random_evolution_s26,v2,random_evolution,26,random_regular,100,4,575,7,1.6094379124291005,5,7,0.7142857142857143,94,47
v2_random_evolution_s26,v2,random_evolution,26,random_regular,100,4,576,32,2.079441541671836,8,32,0.25,46,47
v2_random_evolution_s26,v2,random_evolution,26,random_regular,100,4,577,5,1.0986122886651095,3,5,0.6,71,72
v2_random_evolution_s26,v2,random_evolution,26,random_regular,100,4,578,15,1.9061547465328492,8,15,0.5333333333333333,49,45
v2_random_evolution_s26,v2,random_evolution,26,random_regular,100,4,579,25,2.0431918705371204,9,25,0.36,42,47
v2_random_evolution_s26,v2,random_evolution,26,random_regular,100,4,580,2,0.6931471805579453,2,2,1.0,99,47
v2_random_evolution_s26,v2,random_evolution,26,random_regular,100,4,581,6,1.3862943611158909,4,6,0.6666666666666666,82,72
v2_random_evolution_s26,v2,random_evolution,26,random_regular,100,4,582,101,3.666582267114095,46,101,0.45544554455445546,71,3
v2_random_evolution_s26,v2,random_evolution,26,random_regular,100,4,583,55,2.787788119369007,20,55,0.36363636363636365,8,3
v2_random_evolution_s26,v2,random_evolution,26,random_regular,100,4,584,7,1.3862943611158909,4,7,0.5714285714285714,58,3
v2_random_evolution_s26,v2,random_evolution,26,random_regular,100,4,585,121,3.876820151993731,56,121,0.4628099173553719,51,45
v2_random_evolution_s26,v2,random_evolution,26,random_regular,100,4,586,58,2.725550395815721,19,58,0.3275862068965517,4,47
v2_random_evolution_s26,v2,random_evolution,26,random_regular,100,4,587,2,-1.000088900581841e-12,1,2,0.5,96,19
v2_random_evolution_s26,v2,random_evolution,26,random_regular,100,4,588,1,-1.000088900581841e-12,1,1,1.0,37,3
v2_random_evolution_s26,v2,random_evolution,26,random_regular,100,4,589,2,-1.000088900581841e-12,1,2,0.5,76,3
v2_random_evolution_s26,v2,random_evolution,26,random_regular,100,4,590,56,3.062529300232621,24,56,0.42857142857142855,38,19
v2_random_evolution_s26,v2,random_evolution,26,random_regular,100,4,591,27,2.302585092984045,10,27,0.37037037037037035,44,72
v2_random_evolution_s26,v2,random_evolution,26,random_regular,100,4,592,40,2.4583113296710835,13,40,0.325,58,72
v2_random_evolution_s26,v2,random_evolution,26,random_regular,100,4,593,2,-1.000088900581841e-12,1,2,0.5,25,19
v2_random_evolution_s26,v2,random_evolution,26,random_regular,100,4,594,62,2.9206870268736407,25,62,0.4032258064516129,39,47
v2_random_evolution_s26,v2,random_evolution,26,random_regular,100,4,595,11,1.0986122886651095,3,11,0.2727272727272727,77,3
v2_random_evolution_s26,v2,random_evolution,26,random_regular,100,4,596,67,2.938182454666123,26,67,0.3880597014925373,50,3
v2_random_evolution_s26,v2,random_evolution,26,random_regular,100,4,597,20,1.9459101490483133,7,20,0.35,68,47
v2_random_evolution_s26,v2,random_evolution,26,random_regular,100,4,598,27,2.2718685126865625,11,27,0.4074074074074074,0,45
v2_random_evolution_s26,v2,random_evolution,26,random_regular,100,4,599,13,1.791759469222055,6,13,0.46153846153846156,13,72
v2_random_evolution_s26,v2,random_evolution,26,random_regular,100,4,600,29,1.9722469794154411,11,29,0.3793103448275862,12,3
v2_random_evolution_s26,v2,random_evolution,26,random_regular,100,4,601,6,1.3862943611158909,4,6,0.6666666666666666,23,19
v2_random_evolution_s26,v2,random_evolution,26,random_regular,100,4,602,101,3.721176253825357,44,101,0.43564356435643564,67,19
v2_random_evolution_s26,v2,random_evolution,26,random_regular,100,4,603,122,3.8750346550245496,61,122,0.5,13,3
v2_random_evolution_s26,v2,random_evolution,26,random_regular,100,4,604,82,3.299829685639092,31,82,0.3780487804878049,31,72
v2_random_evolution_s26,v2,random_evolution,26,random_regular,100,4,605,21,1.6094379124291005,5,21,0.23809523809523808,12,45
v2_random_evolution_s26,v2,random_evolution,26,random_regular,100,4,606,26,2.484906649776,12,26,0.46153846153846156,70,19
v2_random_evolution_s26,v2,random_evolution,26,random_regular,100,4,607,10,0.6931471805579453,2,10,0.2,66,47
v2_random_evolution_s26,v2,random_evolution,26,random_regular,100,4,608,77,3.1931483947852626,27,77,0.35064935064935066,87,3
v2_random_evolution_s26,v2,random_evolution,26,random_regular,100,4,609,15,1.6094379124291005,5,15,0.3333333333333333,65,19
v2_random_evolution_s26,v2,random_evolution,26,random_regular,100,4,610,25,2.369382119683676,12,25,0.48,90,45
v2_random_evolution_s26,v2,random_evolution,26,random_regular,100,4,611,99,3.671655601047183,42,99,0.42424242424242425,94,3
v2_random_evolution_s26,v2,random_evolution,26,random_regular,100,4,612,136,3.9475839342795456,64,136,0.47058823529411764,78,72
v2_random_evolution_s26,v2,random_evolution,26,random_regular,100,4,613,0,0.0,0,0,,45,45
v2_random_evolution_s26,v2,random_evolution,26,random_regular,100,4,614,3,-1.000088900581841e-12,1,3,0.3333333333333333,65,45
v2_random_evolution_s26,v2,random_evolution,26,random_regular,100,4,615,49,3.0280290732864104,22,49,0.4489795918367347,78,47
v2_random_evolution_s26,v2,random_evolution,26,random_regular,100,4,616,146,4.043585102804767,73,146,0.5,95,47
v2_random_evolution_s26,v2,random_evolution,26,random_regular,100,4,617,68,3.2826939972510645,28,68,0.4117647058823529,49,47
v2_random_evolution_s26,v2,random_evolution,26,random_regular,100,4,618,41,2.4583113296710835,13,41,0.3170731707317073,97,72
v2_random_evolution_s26,v2,random_evolution,26,random_regular,100,4,619,101,3.693778246480071,49,101,0.48514851485148514,71,19
v2_random_evolution_s26,v2,random_evolution,26,random_regular,100,4,620,14,1.9459101490483133,7,14,0.5,60,47
v2_random_evolution_s26,v2,random_evolution,26,random_regular,100,4,621,313,4.544798058246318,130,313,0.41533546325878595,50,3
v2_random_evolution_s26,v2,random_evolution,26,random_regular,100,4,622,7,1.3862943611158909,4,7,0.5714285714285714,51,45
v2_random_evolution_s26,v2,random_evolution,26,random_regular,100,4,623,72,3.028029073286411,22,72,0.3055555555555556,88,72
v2_random_evolution_s26,v2,random_evolution,26,random_regular,100,4,624,50,2.926417555478996,20,50,0.4,33,72
v2_random_evolution_s26,v2,random_evolution,26,random_regular,100,4,625,81,3.2663306919268704,34,81,0.41975308641975306,89,19
v2_random_evolution_s26,v2,random_evolution,26,random_regular,100,4,626,0,0.0,0,0,,45,45
v2_random_evolution_s26,v2,random_evolution,26,random_regular,100,4,627,14,1.3862943611158909,4,14,0.2857142857142857,4,3
v2_random_evolution_s26,v2,random_evolution,26,random_regular,100,4,628,36,2.857102837424001,20,36,0.5555555555555556,85,47
v2_random_evolution_s26,v2,random_evolution,26,random_regular,100,4,629,43,2.9444389791474395,19,43,0.4418604651162791,16,3
v2_random_evolution_s26,v2,random_evolution,26,random_regular,100,4,630,24,2.0253262207620675,10,24,0.4166666666666667,88,3
v2_random_evolution_s26,v2,random_evolution,26,random_regular,100,4,631,0,0.0,0,0,,47,47
v2_random_evolution_s26,v2,random_evolution,26,random_regular,100,4,632,103,3.4331967372908423,40,103,0.3883495145631068,68,19
v2_random_evolution_s26,v2,random_evolution,26,random_regular,100,4,633,38,2.5070264355444176,17,38,0.4473684210526316,1,3
v2_random_evolution_s26,v2,random_evolution,26,random_regular,100,4,634,5,1.0986122886651095,3,5,0.6,11,72
v2_random_evolution_s26,v2,random_evolution,26,random_regular,100,4,635,22,2.369382119683676,12,22,0.5454545454545454,17,3
v2_random_evolution_s26,v2,random_evolution,26,random_regular,100,4,636,211,4.118348415741105,81,211,0.38388625592417064,77,3
v2_random_evolution_s26,v2,random_evolution,26,random_regular,100,4,637,38,2.772588722223781,16,38,0.42105263157894735,56,72
v2_random_evolution_s26,v2,random_evolution,26,random_regular,100,4,638,43,2.6701198897918164,17,43,0.3953488372093023,79,19
v2_random_evolution_s26,v2,random_evolution,26,random_regular,100,4,639,78,3.43652283050428,35,78,0.44871794871794873,75,3
v2_random_evolution_s26,v2,random_evolution,26,random_regular,100,4,640,6,1.0986122886651095,3,6,0.5,76,3
v2_random_evolution_s26,v2,random_evolution,26,random_regular,100,4,641,0,0.0,0,0,,3,3
v2_random_evolution_s26,v2,random_evolution,26,random_regular,100,4,642,66,3.244492630381296,27,66,0.4090909090909091,92,3
v2_random_evolution_s26,v2,random_evolution,26,random_regular,100,4,643,3,-1.000088900581841e-12,1,3,0.3333333333333333,65,45
v2_random_evolution_s26,v2,random_evolution,26,random_regular,100,4,644,16,2.1639556568730565,10,16,0.625,46,72
v2_random_evolution_s26,v2,random_evolution,26,random_regular,100,4,645,32,2.441015278014703,14,32,0.4375,63,45
v2_random_evolution_s26,v2,random_evolution,26,random_regular,100,4,646,140,3.6988543332267927,53,140,0.37857142857142856,14,47
v2_random_evolution_s26,v2,random_evolution,26,random_regular,100,4,647,9,2.079441541671836,8,9,0.8888888888888888,30,72
v2_random_evolution_s26,v2,random_evolution,26,random_regular,100,4,648,82,3.423580836785212,37,82,0.45121951219512196,42,3
v2_random_evolution_s26,v2,random_evolution,26,random_regular,100,4,649,69,3.2451263407310145,30,69,0.43478260869565216,85,72
v2_random_evolution_s26,v2,random_evolution,26,random_regular,100,4,650,6,1.0986122886651095,3,6,0.5,20,47
v2_random_evolution_s26,v2,random_evolution,26,random_regular,100,4,651,120,3.6979142157259046,48,120,0.4,57,45
v2_random_evolution_s26,v2,random_evolution,26,random_regular,100,4,652,26,2.369382119683676,12,26,0.46153846153846156,0,19
v2_random_evolution_s26,v2,random_evolution,26,random_regular,100,4,653,6,1.6094379124291005,5,6,0.8333333333333334,49,72
v2_random_evolution_s26,v2,random_evolution,26,random_regular,100,4,654,5,1.3862943611158909,4,5,0.8,39,72
v2_random_evolution_s26,v2,random_evolution,26,random_regular,100,4,655,229,4.128319286789506,89,229,0.388646288209607,43,47
v2_random_evolution_s26,v2,random_evolution,26,random_regular,100,4,656,53,2.6593226976945163,18,53,0.33962264150943394,24,72
v2_random_evolution_s26,v2,random_evolution,26,random_regular,100,4,657,31,2.369382119683676,12,31,0.3870967741935484,6,72
v2_random_evolution_s26,v2,random_evolution,26,random_regular,100,4,658,0,0.0,0,0,,3,3
v2_random_evolution_s26,v2,random_evolution,26,random_regular,100,4,659,38,2.3978952727873706,11,38,0.2894736842105263,20,19
v2_random_evolution_s26,v2,random_evolution,26,random_regular,100,4,660,16,1.791759469222055,6,16,0.375,86,19
v2_random_evolution_s26,v2,random_evolution,26,random_regular,100,4,661,10,1.791759469222055,6,10,0.6,71,45
v2_random_evolution_s26,v2,random_evolution,26,random_regular,100,4,662,0,0.0,0,0,,45,45
v2_random_evolution_s26,v2,random_evolution,26,random_regular,100,4,663,164,4.0174269863025005,73,164,0.4451219512195122,32,72
v2_random_evolution_s26,v2,random_evolution,26,random_regular,100,4,664,41,2.685945324654788,16,41,0.3902439024390244,28,47
v2_random_evolution_s26,v2,random_evolution,26,random_regular,100,4,665,55,2.8152049266019468,22,55,0.4,20,3
v2_random_evolution_s26,v2,random_evolution,26,random_regular,100,4,666,29,2.253857589591352,12,29,0.41379310344827586,17,47
v2_random_evolution_s26,v2,random_evolution,26,random_regular,100,4,667,15,2.079441541671836,8,15,0.5333333333333333,18,3
v2_random_evolution_s26,v2,random_evolution,26,random_regular,100,4,668,9,1.039720770836918,4,9,0.4444444444444444,77,45
v2_random_evolution_s26,v2,random_evolution,26,random_regular,100,4,669,4,0.6931471805579453,2,4,0.5,53,72
v2_random_evolution_s26,v2,random_evolution,26,random_regular,100,4,670,3,-1.000088900581841e-12,1,3,0.3333333333333333,99,47
v2_random_evolution_s26,v2,random_evolution,26,random_regular,100,4,671,4,-1.000088900581841e-12,1,4,0.25,78,47
v2_random_evolution_s26,v2,random_evolution,26,random_regular,100,4,672,16,1.7478680974607577,7,16,0.4375,0,19
v2_random_evolution_s26,v2,random_evolution,26,random_regular,100,4,673,175,3.9736117246971103,71,175,0.4057142857142857,64,72
v2_random_evolution_s26,v2,random_evolution,26,random_regular,100,4,674,33,2.484906649776,12,33,0.36363636363636365,58,3
v2_random_evolution_s26,v2,random_evolution,26,random_regular,100,4,675,165,3.8692299951695377,58,165,0.3515151515151515,16,19
v2_random_evolution_s26,v2,random_evolution,26,random_regular,100,4,676,139,3.871265197698588,52,139,0.37410071942446044,58,45
v2_random_evolution_s26,v2,random_evolution,26,random_regular,100,4,677,63,3.134162458562648,28,63,0.4444444444444444,12,19
v2_random_evolution_s26,v2,random_evolution,26,random_regular,100,4,678,41,2.3978952727873706,11,41,0.2682926829268293,76,47
v2_random_evolution_s26,v2,random_evolution,26,random_regular,100,4,679,3,1.0986122886651095,3,3,1.0,48,72
v2_random_evolution_s26,v2,random_evolution,26,random_regular,100,4,680,14,1.3862943611158909,4,14,0.2857142857142857,46,19
v2_random_evolution_s26,v2,random_evolution,26,random_regular,100,4,681,19,2.0431918705371204,9,19,0.47368421052631576,79,3
v2_random_evolution_s26,v2,random_evolution,26,random_regular,100,4,682,70,3.222410677489011,36,70,0.5142857142857142,64,19
v2_random_evolution_s26,v2,random_evolution,26,random_regular,100,4,683,65,3.10797227595561,25,65,0.38461538461538464,29,3
v2_random_evolution_s26,v2,random_evolution,26,random_regular,100,4,684,29,2.4583113296710835,13,29,0.4482758620689655,26,45
v2_random_evolution_s26,v2,random_evolution,26,random_regular,100,4,685,81,3.318195339262485,38,81,0.4691358024691358,87,45
v2_random_evolution_s26,v2,random_evolution,26,random_regular,100,4,686,0,0.0,0,0,,47,47
v2_random_evolution_s26,v2,random_evolution,26,random_regular,100,4,687,11,1.6094379124291005,5,11,0.45454545454545453,44,47
v2_random_evolution_s26,v2,random_evolution,26,random_regular,100,4,688,155,3.9648365028289794,58,155,0.3741935483870968,39,3
v2_random_evolution_s26,v2,random_evolution,26,random_regular,100,4,689,0,0.0,0,0,,72,72
v2_random_evolution_s26,v2,random_evolution,26,random_regular,100,4,690,13,1.791759469222055,6,13,0.46153846153846156,36,72
v2_random_evolution_s26,v2,random_evolution,26,random_regular,100,4,691,61,3.052520501511814,25,61,0.4098360655737705,65,3
v2_random_evolution_s26,v2,random_evolution,26,random_regular,100,4,692,49,2.751666616915516,17,49,0.3469387755102041,52,19
v2_random_evolution_s26,v2,random_evolution,26,random_regular,100,4,693,0,0.0,0,0,,19,19
v2_random_evolution_s26,v2,random_evolution,26,random_regular,100,4,694,58,3.0149468801585937,23,58,0.39655172413793105,14,19
v2_random_evolution_s26,v2,random_evolution,26,random_regular,100,4,695,124,3.5147109883843117,42,124,0.3387096774193548,6,45
v2_random_evolution_s26,v2,random_evolution,26,random_regular,100,4,696,49,2.8903717578781647,18,49,0.3673469387755102,91,47
v2_random_evolution_s26,v2,random_evolution,26,random_regular,100,4,697,38,2.484906649776,12,38,0.3157894736842105,97,19
v2_random_evolution_s26,v2,random_evolution,26,random_regular,100,4,698,153,3.844605690754975,52,153,0.33986928104575165,81,72
v2_random_evolution_s26,v2,random_evolution,26,random_regular,100,4,699,38,2.242973226428147,14,38,0.3684210526315789,2,45
v2_random_evolution_s26,v2,random_evolution,26,random_regular,100,4,700,100,3.619564736019943,40,100,0.4,14,45
v2_random_evolution_s26,v2,random_evolution,26,random_regular,100,4,701,57,2.857102837424001,20,57,0.3508771929824561,51,47
v2_random_evolution_s26,v2,random_evolution,26,random_regular,100,4,702,7,1.3862943611158909,4,7,0.5714285714285714,95,47
v2_random_evolution_s26,v2,random_evolution,26,random_regular,100,4,703,190,4.227496740555894,81,190,0.4263157894736842,86,3
v2_random_evolution_s26,v2,random_evolution,26,random_regular,100,4,704,120,3.621267170901904,52,120,0.43333333333333335,93,72
v2_random_evolution_s26,v2,random_evolution,26,random_regular,100,4,705,59,3.1836729714587872,28,59,0.4745762711864407,88,72
v2_random_evolution_s26,v2,random_evolution,26,random_regular,100,4,706,19,2.197224577327219,9,19,0.47368421052631576,67,19
v2_random_evolution_s26,v2,random_evolution,26,random_regular,100,4,707,150,4.001481639823835,71,150,0.47333333333333333,51,45
v2_random_evolution_s26,v2,random_evolution,26,random_regular,100,4,708,26,2.079441541671836,8,26,0.3076923076923077,83,72
v2_random_evolution_s26,v2,random_evolution,26,random_regular,100,4,709,17,1.9061547465328492,8,17,0.47058823529411764,70,47
v2_random_evolution_s26,v2,random_evolution,26,random_regular,100,4,710,42,2.772588722223781,16,42,0.38095238095238093,93,45
v2_random_evolution_s26,v2,random_evolution,26,random_regular,100,4,711,54,3.3549875695958247,30,54,0.5555555555555556,99,72
v2_random_evolution_s26,v2,random_evolution,26,random_regular,100,4,712,83,3.4761312408209912,35,83,0.42168674698795183,12,3
v2_random_evolution_s26,v2,random_evolution,26,random_regular,100,4,713,41,2.9785084205072385,21,41,0.5121951219512195,61,3
v2_random_evolution_s26,v2,random_evolution,26,random_regular,100,4,714,0,0.0,0,0,,72,72
v2_random_evolution_s26,v2,random_evolution,26,random_regular,100,4,715,171,3.9909056330625416,64,171,0.3742690058479532,95,47
v2_random_evolution_s26,v2,random_evolution,26,random_regular,100,4,716,40,2.557793860093732,17,40,0.425,24,72
v2_random_evolution_s26,v2,random_evolution,26,random_regular,100,4,717,167,4.120964116889941,77,167,0.46107784431137727,41,45
v2_random_evolution_s26,v2,random_evolution,26,random_regular,100,4,718,6,1.0986122886651095,3,6,0.5,59,45
v2_random_evolution_s26,v2,random_evolution,26,random_regular,100,4,719,36,2.751666616915516,17,36,0.4722222222222222,87,3
v2_random_evolution_s26,v2,random_evolution,26,random_regular,100,4,720,4,-1.000088900581841e-12,1,4,0.25,84,72
v2_random_evolution_s26,v2,random_evolution,26,random_regular,100,4,721,133,3.658132080208479,48,133,0.3609022556390977,75,47
v2_random_evolution_s26,v2,random_evolution,26,random_regular,100,4,722,30,2.1639556568730565,10,30,0.3333333333333333,11,3
v2_random_evolution_s26,v2,random_evolution,26,random_regular,100,4,723,15,1.3862943611158909,4,15,0.26666666666666666,92,72
v2_random_evolution_s26,v2,random_evolution,26,random_regular,100,4,724,18,2.0431918705371204,9,18,0.5,20,47
v2_random_evolution_s26,v2,random_evolution,26,random_regular,100,4,725,298,4.3986857813095455,114,298,0.3825503355704698,12,19
v2_random_evolution_s26,v2,random_evolution,26,random_regular,100,4,726,9,1.6094379124291005,5,9,0.5555555555555556,55,3
v2_random_evolution_s26,v2,random_evolution,26,random_regular,100,4,727,82,3.244492630381296,27,82,0.32926829268292684,70,47
v2_random_evolution_s26,v2,random_evolution,26,random_regular,100,4,728,27,2.197224577327219,9,27,0.3333333333333333,12,72
v2_random_evolution_s26,v2,random_evolution,26,random_regular,100,4,729,78,3.4761312408209912,35,78,0.44871794871794873,36,45
v2_random_evolution_s26,v2,random_evolution,26,random_regular,100,4,730,22,1.6094379124291005,5,22,0.22727272727272727,52,45
v2_random_evolution_s26,v2,random_evolution,26,random_regular,100,4,731,2,0.6931471805579453,2,2,1.0,39,72
v2_random_evolution_s26,v2,random_evolution,26,random_regular,100,4,732,20,2.302585092984045,10,20,0.5,92,19
v2_random_evolution_s26,v2,random_evolution,26,random_regular,100,4,733,38,2.7080502010872096,15,38,0.39473684210526316,58,72
v2_random_evolution_s26,v2,random_evolution,26,random_regular,100,4,734,72,3.098139496330803,26,72,0.3611111111111111,30,3
v2_random_evolution_s26,v2,random_evolution,26,random_regular,100,4,735,171,4.223301702611328,81,171,0.47368421052631576,98,3
v2_random_evolution_s26,v2,random_evolution,26,random_regular,100,4,736,3,-1.000088900581841e-12,1,3,0.3333333333333333,65,45
v2_random_evolution_s26,v2,random_evolution,26,random_regular,100,4,737,7,1.3862943611158909,4,7,0.5714285714285714,68,3
v2_random_evolution_s26,v2,random_evolution,26,random_regular,100,4,738,184,4.005519749233704,69,184,0.375,17,19
v2_random_evolution_s26,v2,random_evolution,26,random_regular,100,4,739,146,3.886400408003117,60,146,0.410958904109589,0,45
v2_random_evolution_s26,v2,random_evolution,26,random_regular,100,4,740,30,2.61563057701355,15,30,0.5,67,72
v2_random_evolution_s26,v2,random_evolution,26,random_regular,100,4,741,0,0.0,0,0,,45,45
v2_random_evolution_s26,v2,random_evolution,26,random_regular,100,4,742,61,3.3322045101472035,28,61,0.45901639344262296,35,3
v2_random_evolution_s26,v2,random_evolution,26,random_regular,100,4,743,163,4.086952422752851,71,163,0.43558282208588955,1,19
v2_random_evolution_s26,v2,random_evolution,26,random_regular,100,4,744,2,0.6931471805579453,2,2,1.0,49,45
v2_random_evolution_s26,v2,random_evolution,26,random_regular,100,4,745,57,3.2580965379954825,26,57,0.45614035087719296,12,72
v2_random_evolution_s26,v2,random_evolution,26,random_regular,100,4,746,52,2.9785084205072385,21,52,0.40384615384615385,25,47
v2_random_evolution_s26,v2,random_evolution,26,random_regular,100,4,747,229,4.34032923966327,105,229,0.4585152838427948,99,72
v2_random_evolution_s26,v2,random_evolution,26,random_regular,100,4,748,9,1.3862943611158909,4,9,0.4444444444444444,4,47
v2_random_evolution_s26,v2,random_evolution,26,random_regular,100,4,749,114,3.6979142157259046,48,114,0.42105263157894735,73,72
v2_random_evolution_s26,v2,random_evolution,26,random_regular,100,4,750,12,1.6094379124291005,5,12,0.4166666666666667,84,72
v2_random_evolution_s26,v2,random_evolution,26,random_regular,100,4,751,0,0.0,0,0,,72,72
v2_random_evolution_s26,v2,random_evolution,26,random_regular,100,4,752,34,2.7080502010872096,15,34,0.4411764705882353,58,19
v2_random_evolution_s26,v2,random_evolution,26,random_regular,100,4,753,5,-1.000088900581841e-12,1,5,0.2,10,47
v2_random_evolution_s26,v2,random_evolution,26,random_regular,100,4,754,0,0.0,0,0,,47,47
v2_random_evolution_s26,v2,random_evolution,26,random_regular,100,4,755,7,1.0986122886651095,3,7,0.42857142857142855,28,45
v2_random_evolution_s26,v2,random_evolution,26,random_regular,100,4,756,71,3.2551105127007407,31,71,0.43661971830985913,73,3
v2_random_evolution_s26,v2,random_evolution,26,random_regular,100,4,757,56,3.204777524107256,26,56,0.4642857142857143,67,47
v2_random_evolution_s26,v2,random_evolution,26,random_regular,100,4,758,1,-1.000088900581841e-12,1,1,1.0,49,19
v2_random_evolution_s26,v2,random_evolution,26,random_regular,100,4,759,40,2.670119889791816,17,40,0.425,46,19
v2_random_evolution_s26,v2,random_evolution,26,random_regular,100,4,760,68,3.098139496330803,26,68,0.38235294117647056,33,47
v2_random_evolution_s26,v2,random_evolution,26,random_regular,100,4,761,28,2.1639556568730565,10,28,0.35714285714285715,13,72
v2_random_evolution_s26,v2,random_evolution,26,random_regular,100,4,762,65,2.694153703967459,24,65,0.36923076923076925,86,72
v2_random_evolution_s26,v2,random_evolution,26,random_regular,100,4,763,4,-1.000088900581841e-12,1,4,0.25,37,3
v2_random_evolution_s26,v2,random_evolution,26,random_regular,100,4,764,103,3.3345041647330413,37,103,0.3592233009708738,61,19
v2_random_evolution_s26,v2,random_evolution,26,random_regular,100,4,765,19,1.791759469222055,6,19,0.3157894736842105,7,45
v2_random_evolution_s26,v2,random_evolution,26,random_regular,100,4,766,143,3.8895653270927,59,143,0.4125874125874126,18,47
v2_random_evolution_s26,v2,random_evolution,26,random_regular,100,4,767,108,3.583257490460173,44,108,0.4074074074074074,98,19
v2_random_evolution_s26,v2,random_evolution,26,random_regular,100,4,768,202,4.068809191527921,79,202,0.3910891089108911,62,19
v2_random_evolution_s26,v2,random_evolution,26,random_regular,100,4,769,0,0.0,0,0,,72,72
v2_random_evolution_s26,v2,random_evolution,26,random_regular,100,4,770,183,4.093388321154385,73,183,0.3989071038251366,76,19
v2_random_evolution_s26,v2,random_evolution,26,random_regular,100,4,771,0,0.0,0,0,,3,3
v2_random_evolution_s26,v2,random_evolution,26,random_regular,100,4,772,5,-1.000088900581841e-12,1,5,0.2,6,72
v2_random_evolution_s26,v2,random_evolution,26,random_regular,100,4,773,147,3.881028454734596,65,147,0.4421768707482993,22,3
v2_random_evolution_s26,v2,random_evolution,26,random_regular,100,4,774,44,2.540036303807981,14,44,0.3181818181818182,17,45
v2_random_evolution_s26,v2,random_evolution,26,random_regular,100,4,775,25,2.369382119683676,12,25,0.48,77,45
v2_random_evolution_s26,v2,random_evolution,26,random_regular,100,4,776,0,0.0,0,0,,72,72
v2_random_evolution_s26,v2,random_evolution,26,random_regular,100,4,777,30,2.787788119369007,20,30,0.6666666666666666,70,72
v2_random_evolution_s26,v2,random_evolution,26,random_regular,100,4,778,8,1.5607104090364068,6,8,0.75,80,3
v2_random_evolution_s26,v2,random_evolution,26,random_regular,100,4,779,87,3.363267070336762,34,87,0.39080459770114945,81,19
v2_random_evolution_s26,v2,random_evolution,26,random_regular,100,4,780,24,2.302585092984045,10,24,0.4166666666666667,69,19
v2_random_evolution_s26,v2,random_evolution,26,random_regular,100,4,781,26,2.0431918705371204,9,26,0.34615384615384615,20,47
v2_random_evolution_s26,v2,random_evolution,26,random_regular,100,4,782,139,3.7663404555186095,65,139,0.4676258992805755,57,72
v2_random_evolution_s26,v2,random_evolution,26,random_regular,100,4,783,69,3.271689322296034,29,69,0.42028985507246375,51,47
v2_random_evolution_s26,v2,random_evolution,26,random_regular,100,4,784,21,2.197224577327219,9,21,0.42857142857142855,85,47
v2_random_evolution_s26,v2,random_evolution,26,random_regular,100,4,785,30,2.079441541671836,8,30,0.26666666666666666,69,19
v2_random_evolution_s26,v2,random_evolution,26,random_regular,100,4,786,17,1.9459101490483133,7,17,0.4117647058823529,93,47
v2_random_evolution_s26,v2,random_evolution,26,random_regular,100,4,787,39,2.685945324654788,16,39,0.41025641025641024,50,3
v2_random_evolution_s26,v2,random_evolution,26,random_regular,100,4,788,20,2.197224577327219,9,20,0.45,13,3
v2_random_evolution_s26,v2,random_evolution,26,random_regular,100,4,789,0,0.0,0,0,,3,3
v2_random_evolution_s26,v2,random_evolution,26,random_regular,100,4,790,45,2.751666616915516,17,45,0.37777777777777777,97,47
v2_random_evolution_s26,v2,random_evolution,26,random_regular,100,4,791,37,2.484906649776,12,37,0.32432432432432434,43,72
v2_random_evolution_s26,v2,random_evolution,26,random_regular,100,4,792,57,3.0752205480323718,23,57,0.40350877192982454,14,45
v2_random_evolution_s26,v2,random_evolution,26,random_regular,100,4,793,88,3.66448190441264,43,88,0.48863636363636365,98,47
v2_random_evolution_s26,v2,random_evolution,26,random_regular,100,4,794,9,1.0986122886651095,3,9,0.3333333333333333,68,47
v2_random_evolution_s26,v2,random_evolution,26,random_regular,100,4,795,225,4.129820118365908,86,225,0.38222222222222224,87,19
v2_random_evolution_s26,v2,random_evolution,26,random_regular,100,4,796,19,2.079441541671836,8,19,0.42105263157894735,44,19
v2_random_evolution_s26,v2,random_evolution,26,random_regular,100,4,797,28,2.7080502010872096,15,28,0.5357142857142857,73,72
v2_random_evolution_s26,v2,random_evolution,26,random_regular,100,4,798,51,2.838988933136699,22,51,0.43137254901960786,49,47
v2_random_evolution_s26,v2,random_evolution,26,random_regular,100,4,799,60,2.871476118036867,19,60,0.31666666666666665,18,72
v2_random_evolution_s26,v2,random_evolution,26,random_regular,100,4,800,0,0.0,0,0,,45,45
v2_random_evolution_s26,v2,random_evolution,26,random_regular,100,4,801,0,0.0,0,0,,3,3
v2_random_evolution_s26,v2,random_evolution,26,random_regular,100,4,802,49,3.14180415918923,27,49,0.5510204081632653,16,45
v2_random_evolution_s26,v2,random_evolution,26,random_regular,100,4,803,76,3.2631392422727337,35,76,0.4605263157894737,94,45
v2_random_evolution_s26,v2,random_evolution,26,random_regular,100,4,804,92,3.271689322296034,29,92,0.31521739130434784,48,72
v2_random_evolution_s26,v2,random_evolution,26,random_regular,100,4,805,19,1.9459101490483133,7,19,0.3684210526315789,11,45
v2_random_evolution_s26,v2,random_evolution,26,random_regular,100,4,806,69,3.10797227595561,25,69,0.36231884057971014,4,72
v2_random_evolution_s26,v2,random_evolution,26,random_regular,100,4,807,17,1.7478680974607577,7,17,0.4117647058823529,71,72
v2_random_evolution_s26,v2,random_evolution,26,random_regular,100,4,808,1,-1.000088900581841e-12,1,1,1.0,28,45
v2_random_evolution_s26,v2,random_evolution,26,random_regular,100,4,809,2,0.6931471805579453,2,2,1.0,25,19
v2_random_evolution_s26,v2,random_evolution,26,random_regular,100,4,810,29,2.540036303807981,14,29,0.4827586206896552,59,47
v2_random_evolution_s26,v2,random_evolution,26,random_regular,100,4,811,10,1.3862943611158909,4,10,0.4,7,3
v2_random_evolution_s26,v2,random_evolution,26,random_regular,100,4,812,84,3.5371688143718343,40,84,0.47619047619047616,16,3
v2_random_evolution_s26,v2,random_evolution,26,random_regular,100,4,813,10,1.5607104090364068,6,10,0.6,78,47
v2_random_evolution_s26,v2,random_evolution,26,random_regular,100,4,814,228,4.238716457606775,97,228,0.42543859649122806,59,45
v2_random_evolution_s26,v2,random_evolution,26,random_regular,100,4,815,59,3.1836729714587872,28,59,0.4745762711864407,9,19
v2_random_evolution_s26,v2,random_evolution,26,random_regular,100,4,816,92,3.3423058638029643,40,92,0.43478260869565216,11,47
v2_random_evolution_s26,v2,random_evolution,26,random_regular,100,4,817,28,2.302585092984045,10,28,0.35714285714285715,31,3
v2_random_evolution_s26,v2,random_evolution,26,random_regular,100,4,818,0,0.0,0,0,,45,45
v2_random_evolution_s26,v2,random_evolution,26,random_regular,100,4,819,98,3.342356062906156,35,98,0.35714285714285715,76,45
v2_random_evolution_s26,v2,random_evolution,26,random_regular,100,4,820,5,-1.000088900581841e-12,1,5,0.2,52,45
v2_random_evolution_s26,v2,random_evolution,26,random_regular,100,4,821,79,3.379092505199735,32,79,0.4050632911392405,2,45
v2_random_evolution_s26,v2,random_evolution,26,random_regular,100,4,822,50,2.725550395815721,19,50,0.38,14,19
v2_random_evolution_s26,v2,random_evolution,26,random_regular,100,4,823,24,1.5498260458732018,7,24,0.2916666666666667,80,19
v2_random_evolution_s26,v2,random_evolution,26,random_regular,100,4,824,57,3.308777757559495,30,57,0.5263157894736842,35,19
v2_random_evolution_s26,v2,random_evolution,26,random_regular,100,4,825,10,1.3862943611158909,4,10,0.4,49,45
v2_random_evolution_s26,v2,random_evolution,26,random_regular,100,4,826,11,1.3862943611158909,4,11,0.36363636363636365,91,19
v2_random_evolution_s26,v2,random_evolution,26,random_regular,100,4,827,19,1.791759469222055,6,19,0.3157894736842105,67,47
v2_random_evolution_s26,v2,random_evolution,26,random_regular,100,4,828,38,2.36060911397724,16,38,0.42105263157894735,51,3
v2_random_evolution_s26,v2,random_evolution,26,random_regular,100,4,829,76,3.000356566236827,27,76,0.35526315789473684,88,19
v2_random_evolution_s26,v2,random_evolution,26,random_regular,100,4,830,10,1.3862943611158909,4,10,0.4,79,45
v2_random_evolution_s26,v2,random_evolution,26,random_regular,100,4,831,49,3.062529300232621,24,49,0.4897959183673469,30,19
v2_random_evolution_s26,v2,random_evolution,26,random_regular,100,4,832,109,3.626656183752001,44,109,0.4036697247706422,59,47
v2_random_evolution_s26,v2,random_evolution,26,random_regular,100,4,833,22,2.0431918705371204,9,22,0.4090909090909091,34,45
v2_random_evolution_s26,v2,random_evolution,26,random_regular,100,4,834,16,1.6094379124291005,5,16,0.3125,26,45
v2_random_evolution_s26,v2,random_evolution,26,random_regular,100,4,835,4,-1.000088900581841e-12,1,4,0.25,28,45
v2_random_evolution_s26,v2,random_evolution,26,random_regular,100,4,836,88,3.5263605245821616,34,88,0.38636363636363635,46,3
v2_random_evolution_s26,v2,random_evolution,26,random_regular,100,4,837,10,1.3862943611158909,4,10,0.4,62,45
v2_random_evolution_s26,v2,random_evolution,26,random_regular,100,4,838,10,1.791759469222055,6,10,0.6,20,47
v2_random_evolution_s26,v2,random_evolution,26,random_regular,100,4,839,8,1.6094379124291005,5,8,0.625,88,3
v2_random_evolution_s26,v2,random_evolution,26,random_regular,100,4,840,293,4.311565228922799,121,293,0.4129692832764505,73,45
v2_random_evolution_s26,v2,random_evolution,26,random_regular,100,4,841,55,2.902002313186603,22,55,0.4,8,47
v2_random_evolution_s26,v2,random_evolution,26,random_regular,100,4,842,5,1.0986122886651095,3,5,0.6,28,45
v2_random_evolution_s26,v2,random_evolution,26,random_regular,100,4,843,88,3.370480801334671,33,88,0.375,68,45
v2_random_evolution_s26,v2,random_evolution,26,random_regular,100,4,844,33,2.540036303807981,14,33,0.42424242424242425,87,72
v2_random_evolution_s26,v2,random_evolution,26,random_regular,100,4,845,33,2.61563057701355,15,33,0.45454545454545453,49,19
v2_random_evolution_s26,v2,random_evolution,26,random_regular,100,4,846,1,-1.000088900581841e-12,1,1,1.0,78,47
v2_random_evolution_s26,v2,random_evolution,26,random_regular,100,4,847,22,2.639057329601259,14,22,0.6363636363636364,89,3
v2_random_evolution_s26,v2,random_evolution,26,random_regular,100,4,848,10,1.3862943611158909,4,10,0.4,91,19
v2_random_evolution_s26,v2,random_evolution,26,random_regular,100,4,849,74,3.37644338427611,36,74,0.4864864864864865,2,72
v2_random_evolution_s26,v2,random_evolution,26,random_regular,100,4,850,112,3.673173853440987,47,112,0.41964285714285715,57,19
v2_random_evolution_s26,v2,random_evolution,26,random_regular,100,4,851,75,3.062529300232621,24,75,0.32,85,45
v2_random_evolution_s26,v2,random_evolution,26,random_regular,100,4,852,31,2.670119889791816,17,31,0.5483870967741935,55,47
v2_random_evolution_s26,v2,random_evolution,26,random_regular,100,4,853,24,1.9722469794154416,11,24,0.4583333333333333,48,3
v2_random_evolution_s26,v2,random_evolution,26,random_regular,100,4,854,8,1.6094379124291005,5,8,0.625,80,19
v2_random_evolution_s26,v2,random_evolution,26,random_regular,100,4,855,94,3.4858315997982245,39,94,0.4148936170212766,11,19
v2_random_evolution_s26,v2,random_evolution,26,random_regular,100,4,856,106,3.498515667114017,37,106,0.3490566037735849,49,72
v2_random_evolution_s26,v2,random_evolution,26,random_regular,100,4,857,0,0.0,0,0,,3,3
v2_random_evolution_s26,v2,random_evolution,26,random_regular,100,4,858,21,2.0431918705371204,9,21,0.42857142857142855,61,45
v2_random_evolution_s26,v2,random_evolution,26,random_regular,100,4,859,114,3.488737420386817,44,114,0.38596491228070173,56,45
v2_random_evolution_s26,v2,random_evolution,26,random_regular,100,4,860,37,2.5993019270857944,16,37,0.43243243243243246,97,45
v2_random_evolution_s26,v2,random_evolution,26,random_regular,100,4,861,9,0.6931471805579453,2,9,0.2222222222222222,24,3
v2_random_evolution_s26,v2,random_evolution,26,random_regular,100,4,862,308,4.217222354746695,133,308,0.4318181818181818,80,72
v2_random_evolution_s26,v2,random_evolution,26,random_regular,100,4,863,201,4.018348178133575,80,201,0.39800995024875624,38,19
v2_random_evolution_s26,v2,random_evolution,26,random_regular,100,4,864,30,2.7080502010872096,15,30,0.5,36,72
v2_random_evolution_s26,v2,random_evolution,26,random_regular,100,4,865,96,3.205805710063748,32,96,0.3333333333333333,12,47
v2_random_evolution_s26,v2,random_evolution,26,random_regular,100,4,866,6,0.6931471805579453,2,6,0.3333333333333333,44,45
v2_random_evolution_s26,v2,random_evolution,26,random_regular,100,4,867,1,-1.000088900581841e-12,1,1,1.0,82,3
v2_random_evolution_s26,v2,random_evolution,26,random_regular,100,4,868,2,0.6931471805579453,2,2,1.0,93,45
v2_random_evolution_s26,v2,random_evolution,26,random_regular,100,4,869,29,2.5649493574485365,13,29,0.4482758620689655,22,3
v2_random_evolution_s26,v2,random_evolution,26,random_regular,100,4,870,137,3.806945133098103,49,137,0.35766423357664234,90,72
v2_random_evolution_s26,v2,random_evolution,26,random_regular,100,4,871,105,3.6121358939014394,41,105,0.3904761904761905,91,45
v2_random_evolution_s26,v2,random_evolution,26,random_regular,100,4,872,73,3.335770806415738,32,73,0.4383561643835616,67,47
v2_random_evolution_s26,v2,random_evolution,26,random_regular,100,4,873,84,3.3524698782394617,36,84,0.42857142857142855,85,72
v2_random_evolution_s26,v2,random_evolution,26,random_regular,100,4,874,99,3.5213776090567093,39,99,0.3939393939393939,46,45
v2_random_evolution_s26,v2,random_evolution,26,random_regular,100,4,875,45,2.670119889791816,17,45,0.37777777777777777,29,3
v2_random_evolution_s26,v2,random_evolution,26,random_regular,100,4,876,37,2.5649493574485365,13,37,0.35135135135135137,37,3
v2_random_evolution_s26,v2,random_evolution,26,random_regular,100,4,877,18,1.791759469222055,6,18,0.3333333333333333,82,19
v2_random_evolution_s26,v2,random_evolution,26,random_regular,100,4,878,2,0.6931471805579453,2,2,1.0,49,45
v2_random_evolution_s26,v2,random_evolution,26,random_regular,100,4,879,72,3.409438995061846,37,72,0.5138888888888888,17,45
v2_random_evolution_s26,v2,random_evolution,26,random_regular,100,4,880,64,2.8716496251169272,23,64,0.359375,70,47
v2_random_evolution_s26,v2,random_evolution,26,random_regular,100,4,881,59,3.0149468801585937,23,59,0.3898305084745763,89,19
v2_random_evolution_s26,v2,random_evolution,26,random_regular,100,4,882,0,0.0,0,0,,47,47
v2_random_evolution_s26,v2,random_evolution,26,random_regular,100,4,883,51,2.7738522086634823,23,51,0.45098039215686275,77,72
v2_random_evolution_s26,v2,random_evolution,26,random_regular,100,4,884,37,2.857102837424001,20,37,0.5405405405405406,57,47
v2_random_evolution_s26,v2,random_evolution,26,random_regular,100,4,885,18,1.3321790402061222,5,18,0.2777777777777778,61,3
v2_random_evolution_s26,v2,random_evolution,26,random_regular,100,4,886,1,-1.000088900581841e-12,1,1,1.0,40,47
v2_random_evolution_s26,v2,random_evolution,26,random_regular,100,4,887,13,2.079441541671836,8,13,0.6153846153846154,31,3
v2_random_evolution_s26,v2,random_evolution,26,random_regular,100,4,888,14,1.791759469222055,6,14,0.42857142857142855,7,3
v2_random_evolution_s26,v2,random_evolution,26,random_regular,100,4,889,19,1.3862943611158909,4,19,0.21052631578947367,16,47
v2_random_evolution_s26,v2,random_evolution,26,random_regular,100,4,890,24,2.2718685126865625,11,24,0.4583333333333333,63,3
v2_random_evolution_s26,v2,random_evolution,26,random_regular,100,4,891,68,3.4040404338981123,34,68,0.5,40,19
v2_random_evolution_s26,v2,random_evolution,26,random_regular,100,4,892,103,3.564796805657873,46,103,0.44660194174757284,49,47
v2_random_evolution_s26,v2,random_evolution,26,random_regular,100,4,893,17,2.197224577327219,9,17,0.5294117647058824,93,45
v2_random_evolution_s26,v2,random_evolution,26,random_regular,100,4,894,44,2.540036303807981,14,44,0.3181818181818182,21,19
v2_random_evolution_s26,v2,random_evolution,26,random_regular,100,4,895,90,3.232775904355102,32,90,0.35555555555555557,24,72
v2_random_evolution_s26,v2,random_evolution,26,random_regular,100,4,896,83,3.446277940884956,40,83,0.4819277108433735,61,47
v2_random_evolution_s26,v2,random_evolution,26,random_regular,100,4,897,6,1.0986122886651095,3,6,0.5,51,19
v2_random_evolution_s26,v2,random_evolution,26,random_regular,100,4,898,24,2.197224577327219,9,24,0.375,70,45
v2_random_evolution_s26,v2,random_evolution,26,random_regular,100,4,899,3,-1.000088900581841e-12,1,3,0.3333333333333333,6,72
v2_random_evolution_s26,v2,random_evolution,26,random_regular,100,4,900,3,-1.000088900581841e-12,1,3,0.3333333333333333,6,72
v2_random_evolution_s26,v2,random_evolution,26,random_regular,100,4,901,3,0.6931471805579453,2,3,0.6666666666666666,84,3
v2_random_evolution_s26,v2,random_evolution,26,random_regular,100,4,902,6,0.6931471805579453,2,6,0.3333333333333333,50,72
v2_random_evolution_s26,v2,random_evolution,26,random_regular,100,4,903,0,0.0,0,0,,47,47
v2_random_evolution_s26,v2,random_evolution,26,random_regular,100,4,904,3,-1.000088900581841e-12,1,3,0.3333333333333333,27,3
v2_random_evolution_s26,v2,random_evolution,26,random_regular,100,4,905,21,2.2718685126865625,11,21,0.5238095238095238,71,47
v2_random_evolution_s26,v2,random_evolution,26,random_regular,100,4,906,24,2.1639556568730565,10,24,0.4166666666666667,15,19
v2_random_evolution_s26,v2,random_evolution,26,random_regular,100,4,907,0,0.0,0,0,,45,45
v2_random_evolution_s26,v2,random_evolution,26,random_regular,100,4,908,66,3.389268031515795,31,66,0.4696969696969697,59,47
v2_random_evolution_s26,v2,random_evolution,26,random_regular,100,4,909,81,3.337935207579336,36,81,0.4444444444444444,99,72
v2_random_evolution_s26,v2,random_evolution,26,random_regular,100,4,910,18,1.5607104090364068,6,18,0.3333333333333333,80,72
v2_random_evolution_s26,v2,random_evolution,26,random_regular,100,4,911,11,1.3296613488507585,6,11,0.5454545454545454,63,47
v2_random_evolution_s26,v2,random_evolution,26,random_regular,100,4,912,15,2.1639556568730565,10,15,0.6666666666666666,33,72
v2_random_evolution_s26,v2,random_evolution,26,random_regular,100,4,913,94,3.3161151335062864,41,94,0.43617021276595747,90,19
v2_random_evolution_s26,v2,random_evolution,26,random_regular,100,4,914,75,3.335770806415738,32,75,0.4266666666666667,88,19
v2_random_evolution_s26,v2,random_evolution,26,random_regular,100,4,915,119,3.5155926589389503,40,119,0.33613445378151263,48,47
v2_random_evolution_s26,v2,random_evolution,26,random_regular,100,4,916,299,4.537762876530758,126,299,0.4214046822742475,69,45
v2_random_evolution_s26,v2,random_evolution,26,random_regular,100,4,917,26,2.3978952727873706,11,26,0.4230769230769231,43,72
v2_random_evolution_s26,v2,random_evolution,26,random_regular,100,4,918,2,-1.000088900581841e-12,1,2,0.5,52,45
v2_random_evolution_s26,v2,random_evolution,26,random_regular,100,4,919,83,3.2950652257669124,41,83,0.4939759036144578,24,3
v2_random_evolution_s26,v2,random_evolution,26,random_regular,100,4,920,0,0.0,0,0,,3,3
v2_random_evolution_s26,v2,random_evolution,26,random_regular,100,4,921,1,-1.000088900581841e-12,1,1,1.0,96,19
v2_random_evolution_s26,v2,random_evolution,26,random_regular,100,4,922,133,3.7786534114435946,49,133,0.3684210526315789,2,45
v2_random_evolution_s26,v2,random_evolution,26,random_regular,100,4,923,56,3.3549875695958247,30,56,0.5357142857142857,80,47
v2_random_evolution_s26,v2,random_evolution,26,random_regular,100,4,924,44,2.954673212284816,23,44,0.5227272727272727,59,19
v2_random_evolution_s26,v2,random_evolution,26,random_regular,100,4,925,3,1.0986122886651095,3,3,1.0,35,72
v2_random_evolution_s26,v2,random_evolution,26,random_regular,100,4,926,50,2.5823063442999667,18,50,0.36,83,72
v2_random_evolution_s26,v2,random_evolution,26,random_regular,100,4,927,47,2.751666616915516,17,47,0.3617021276595745,63,45
v2_random_evolution_s26,v2,random_evolution,26,random_regular,100,4,928,0,0.0,0,0,,3,3
v2_random_evolution_s26,v2,random_evolution,26,random_regular,100,4,929,29,2.639057329601259,14,29,0.4827586206896552,60,19
v2_random_evolution_s26,v2,random_evolution,26,random_regular,100,4,930,33,1.7666900269604684,16,33,0.48484848484848486,30,72
v2_random_evolution_s26,v2,random_evolution,26,random_regular,100,4,931,36,2.8903717578781647,18,36,0.5,1,3
v2_random_evolution_s26,v2,random_evolution,26,random_regular,100,4,932,32,2.4583113296710835,13,32,0.40625,7,72
v2_random_evolution_s26,v2,random_evolution,26,random_regular,100,4,933,27,2.197224577327219,9,27,0.3333333333333333,75,19
v2_random_evolution_s26,v2,random_evolution,26,random_regular,100,4,934,43,2.430791328866232,15,43,0.3488372093023256,80,3
v2_random_evolution_s26,v2,random_evolution,26,random_regular,100,4,935,66,3.0910424533363146,22,66,0.3333333333333333,99,72
v2_random_evolution_s26,v2,random_evolution,26,random_regular,100,4,936,11,1.6094379124291005,5,11,0.45454545454545453,37,47
v2_random_evolution_s26,v2,random_evolution,26,random_regular,100,4,937,26,2.1458417525857545,11,26,0.4230769230769231,57,3
v2_random_evolution_s26,v2,random_evolution,26,random_regular,100,4,938,172,4.01802766542626,69,172,0.4011627906976744,92,45
v2_random_evolution_s26,v2,random_evolution,26,random_regular,100,4,939,1,-1.000088900581841e-12,1,1,1.0,49,19
v2_random_evolution_s26,v2,random_evolution,26,random_regular,100,4,940,16,2.079441541671836,8,16,0.5,21,47
v2_random_evolution_s26,v2,random_evolution,26,random_regular,100,4,941,1,-1.000088900581841e-12,1,1,1.0,6,72
v2_random_evolution_s26,v2,random_evolution,26,random_regular,100,4,942,53,2.846480386116867,21,53,0.39622641509433965,4,47
v2_random_evolution_s26,v2,random_evolution,26,random_regular,100,4,943,3,0.6931471805579453,2,3,0.6666666666666666,23,72
v2_random_evolution_s26,v2,random_evolution,26,random_regular,100,4,944,5,0.6931471805579453,2,5,0.4,12,47
v2_random_evolution_s26,v2,random_evolution,26,random_regular,100,4,945,386,4.716495943992285,169,386,0.4378238341968912,40,72
v2_random_evolution_s26,v2,random_evolution,26,random_regular,100,4,946,57,3.1418041591892294,27,57,0.47368421052631576,64,72
v2_random_evolution_s26,v2,random_evolution,26,random_regular,100,4,947,160,3.914782476259748,63,160,0.39375,80,72
v2_random_evolution_s26,v2,random_evolution,26,random_regular,100,4,948,6,1.3862943611158909,4,6,0.6666666666666666,53,47
v2_random_evolution_s26,v2,random_evolution,26,random_regular,100,4,949,49,3.0752205480323718,23,49,0.46938775510204084,40,72
v2_random_evolution_s26,v2,random_evolution,26,random_regular,100,4,950,83,3.3126158769452347,33,83,0.39759036144578314,26,72
v2_random_evolution_s26,v2,random_evolution,26,random_regular,100,4,951,54,2.912494403312053,21,54,0.3888888888888889,16,45
v2_random_evolution_s26,v2,random_evolution,26,random_regular,100,4,952,32,2.8903717578781647,18,32,0.5625,37,72
v2_random_evolution_s26,v2,random_evolution,26,random_regular,100,4,953,129,3.5602101588675605,45,129,0.3488372093023256,83,72
v2_random_evolution_s26,v2,random_evolution,26,random_regular,100,4,954,104,3.67795722676115,46,104,0.4423076923076923,73,3
v2_random_evolution_s26,v2,random_evolution,26,random_regular,100,4,955,48,2.871476118036867,19,48,0.3958333333333333,61,3
v2_random_evolution_s26,v2,random_evolution,26,random_regular,100,4,956,7,0.6931471805579453,2,7,0.2857142857142857,74,3
v2_random_evolution_s26,v2,random_evolution,26,random_regular,100,4,957,58,2.9444389791474395,19,58,0.3275862068965517,69,45
v2_random_evolution_s26,v2,random_evolution,26,random_regular,100,4,958,14,1.9459101490483133,7,14,0.5,61,72
v2_random_evolution_s26,v2,random_evolution,26,random_regular,100,4,959,238,4.348130111692887,111,238,0.46638655462184875,27,19
v2_random_evolution_s26,v2,random_evolution,26,random_regular,100,4,960,40,2.441015278014703,14,40,0.35,63,72
v2_random_evolution_s26,v2,random_evolution,26,random_regular,100,4,961,134,3.734356436050007,56,134,0.417910447761194,18,72
v2_random_evolution_s26,v2,random_evolution,26,random_regular,100,4,962,59,2.902002313186603,22,59,0.3728813559322034,97,45
v2_random_evolution_s26,v2,random_evolution,26,random_regular,100,4,963,65,3.6280156368321625,39,65,0.6,73,72
v2_random_evolution_s26,v2,random_evolution,26,random_regular,100,4,964,191,3.943166539071151,74,191,0.387434554973822,7,47
v2_random_evolution_s26,v2,random_evolution,26,random_regular,100,4,965,150,3.8971283976186575,65,150,0.43333333333333335,61,47
v2_random_evolution_s26,v2,random_evolution,26,random_regular,100,4,966,58,2.9650156932365066,22,58,0.3793103448275862,73,72
v2_random_evolution_s26,v2,random_evolution,26,random_regular,100,4,967,23,2.253857589591352,12,23,0.5217391304347826,69,45
v2_random_evolution_s26,v2,random_evolution,26,random_regular,100,4,968,31,2.2718685126865625,11,31,0.3548387096774194,22,72
v2_random_evolution_s26,v2,random_evolution,26,random_regular,100,4,969,12,2.079441541671836,8,12,0.6666666666666666,22,19
v2_random_evolution_s26,v2,random_evolution,26,random_regular,100,4,970,18,1.9459101490483133,7,18,0.3888888888888889,16,45
v2_random_evolution_s26,v2,random_evolution,26,random_regular,100,4,971,14,1.6094379124291005,5,14,0.35714285714285715,30,19
v2_random_evolution_s26,v2,random_evolution,26,random_regular,100,4,972,13,1.8891591637470213,9,13,0.6923076923076923,49,72
v2_random_evolution_s26,v2,random_evolution,26,random_regular,100,4,973,78,3.35462479697817,33,78,0.4230769230769231,62,19
v2_random_evolution_s26,v2,random_evolution,26,random_regular,100,4,974,13,1.6094379124291005,5,13,0.38461538461538464,61,19
v2_random_evolution_s26,v2,random_evolution,26,random_regular,100,4,975,77,3.3071040554882205,34,77,0.44155844155844154,90,3
v2_random_evolution_s26,v2,random_evolution,26,random_regular,100,4,976,107,3.382216145804879,38,107,0.35514018691588783,36,3
v2_random_evolution_s26,v2,random_evolution,26,random_regular,100,4,977,31,2.098147389126067,13,31,0.41935483870967744,50,3
v2_random_evolution_s26,v2,random_evolution,26,random_regular,100,4,978,6,1.3862943611158909,4,6,0.6666666666666666,91,47
v2_random_evolution_s26,v2,random_evolution,26,random_regular,100,4,979,142,3.943213066224167,61,142,0.4295774647887324,81,47
v2_random_evolution_s26,v2,random_evolution,26,random_regular,100,4,980,4,1.0986122886651095,3,4,0.75,49,72
v2_random_evolution_s26,v2,random_evolution,26,random_regular,100,4,981,20,2.1639556568730565,10,20,0.5,75,72
v2_random_evolution_s26,v2,random_evolution,26,random_regular,100,4,982,45,2.685945324654788,16,45,0.35555555555555557,74,47
v2_random_evolution_s26,v2,random_evolution,26,random_regular,100,4,983,85,3.1352651118662034,30,85,0.35294117647058826,97,47
v2_random_evolution_s26,v2,random_evolution,26,random_regular,100,4,984,18,2.079441541671836,8,18,0.4444444444444444,71,45
v2_random_evolution_s26,v2,random_evolution,26,random_regular,100,4,985,25,2.079441541671836,8,25,0.32,14,3
v2_random_evolution_s26,v2,random_evolution,26,random_regular,100,4,986,60,3.134162458562648,28,60,0.4666666666666667,90,3
v2_random_evolution_s26,v2,random_evolution,26,random_regular,100,4,987,58,3.062529300232621,24,58,0.41379310344827586,31,19
v2_random_evolution_s26,v2,random_evolution,26,random_regular,100,4,988,74,3.090459923593197,27,74,0.36486486486486486,49,3
v2_random_evolution_s26,v2,random_evolution,26,random_regular,100,4,989,6,-1.000088900581841e-12,1,6,0.16666666666666666,32,45
v2_random_evolution_s26,v2,random_evolution,26,random_regular,100,4,990,18,1.5498260458732018,7,18,0.3888888888888889,96,19
v2_random_evolution_s26,v2,random_evolution,26,random_regular,100,4,991,36,2.3516733018936304,13,36,0.3611111111111111,99,3
v2_random_evolution_s26,v2,random_evolution,26,random_regular,100,4,992,139,3.925923084888047,64,139,0.460431654676259,92,47
v2_random_evolution_s26,v2,random_evolution,26,random_regular,100,4,993,0,0.0,0,0,,3,3
v2_random_evolution_s26,v2,random_evolution,26,random_regular,100,4,994,0,0.0,0,0,,72,72
v2_random_evolution_s26,v2,random_evolution,26,random_regular,100,4,995,78,3.414951560972885,36,78,0.46153846153846156,42,72
v2_random_evolution_s26,v2,random_evolution,26,random_regular,100,4,996,16,2.079441541671836,8,16,0.5,2,45
v2_random_evolution_s26,v2,random_evolution,26,random_regular,100,4,997,174,4.224783227926731,87,174,0.5,85,3
v2_random_evolution_s26,v2,random_evolution,26,random_regular,100,4,998,4,0.6931471805579453,2,4,0.5,79,19
v2_random_evolution_s26,v2,random_evolution,26,random_regular,100,4,999,22,1.9061547465328492,8,22,0.36363636363636365,89,19
