run_id,validation_version,condition,seed,topology,n_nodes,degree,episode_idx,hitting_time,path_entropy,accepted_moves,attempted_moves,accept_rate,start_node,final_node
v2_erdos_renyi_no_evolution_s4,v2,erdos_renyi_no_evolution,4,erdos_renyi,100,4,0,90,3.044390228092839,29,90,0.32222222222222224,21,57
v2_erdos_renyi_no_evolution_s4,v2,erdos_renyi_no_evolution,4,erdos_renyi,100,4,1,167,3.923088002351249,63,167,0.3772455089820359,58,53
v2_erdos_renyi_no_evolution_s4,v2,erdos_renyi_no_evolution,4,erdos_renyi,100,4,2,0,0.0,0,0,,57,57
v2_erdos_renyi_no_evolution_s4,v2,erdos_renyi_no_evolution,4,erdos_renyi,100,4,3,10000,-1.000088900581841e-12,3620,10000,0.362,63,63
v2_erdos_renyi_no_evolution_s4,v2,erdos_renyi_no_evolution,4,erdos_renyi,100,4,4,48,0.8982053397011498,14,48,0.2916666666666667,16,57
v2_erdos_renyi_no_evolution_s4,v2,erdos_renyi_no_evolution,4,erdos_renyi,100,4,5,107,3.020928321550536,36,107,0.3364485981308411,70,55
v2_erdos_renyi_no_evolution_s4,v2,erdos_renyi_no_evolution,4,erdos_renyi,100,4,6,30,2.197224577327219,9,30,0.3,23,82
v2_erdos_renyi_no_evolution_s4,v2,erdos_renyi_no_evolution,4,erdos_renyi,100,4,7,6,0.6931471805579453,2,6,0.3333333333333333,4,82
v2_erdos_renyi_no_evolution_s4,v2,erdos_renyi_no_evolution,4,erdos_renyi,100,4,8,88,3.4761312408209912,35,88,0.3977272727272727,10,28
v2_erdos_renyi_no_evolution_s4,v2,erdos_renyi_no_evolution,4,erdos_renyi,100,4,9,118,3.3168143246225155,39,118,0.3305084745762712,37,55
v2_erdos_renyi_no_evolution_s4,v2,erdos_renyi_no_evolution,4,erdos_renyi,100,4,10,221,4.099285873617722,83,221,0.3755656108597285,43,57
v2_erdos_renyi_no_evolution_s4,v2,erdos_renyi_no_evolution,4,erdos_renyi,100,4,11,180,3.9796101418007455,66,180,0.36666666666666664,83,57
v2_erdos_renyi_no_evolution_s4,v2,erdos_renyi_no_evolution,4,erdos_renyi,100,4,12,383,4.601283138055701,147,383,0.3838120104438642,67,57
v2_erdos_renyi_no_evolution_s4,v2,erdos_renyi_no_evolution,4,erdos_renyi,100,4,13,4,0.6931471805579453,2,4,0.5,16,57
v2_erdos_renyi_no_evolution_s4,v2,erdos_renyi_no_evolution,4,erdos_renyi,100,4,14,175,3.753062821404452,65,175,0.37142857142857144,86,57
v2_erdos_renyi_no_evolution_s4,v2,erdos_renyi_no_evolution,4,erdos_renyi,100,4,15,52,2.9785084205072385,21,52,0.40384615384615385,62,82
v2_erdos_renyi_no_evolution_s4,v2,erdos_renyi_no_evolution,4,erdos_renyi,100,4,16,190,3.958791821055205,63,190,0.33157894736842103,47,82
v2_erdos_renyi_no_evolution_s4,v2,erdos_renyi_no_evolution,4,erdos_renyi,100,4,17,121,3.478947762716976,43,121,0.35537190082644626,83,57
v2_erdos_renyi_no_evolution_s4,v2,erdos_renyi_no_evolution,4,erdos_renyi,100,4,18,18,1.791759469222055,6,18,0.3333333333333333,20,55
v2_erdos_renyi_no_evolution_s4,v2,erdos_renyi_no_evolution,4,erdos_renyi,100,4,19,355,4.414678032636461,121,355,0.3408450704225352,78,57
v2_erdos_renyi_no_evolution_s4,v2,erdos_renyi_no_evolution,4,erdos_renyi,100,4,20,185,4.254564988043947,82,185,0.44324324324324327,20,57
v2_erdos_renyi_no_evolution_s4,v2,erdos_renyi_no_evolution,4,erdos_renyi,100,4,21,286,4.2241136949227895,92,286,0.32167832167832167,75,57
v2_erdos_renyi_no_evolution_s4,v2,erdos_renyi_no_evolution,4,erdos_renyi,100,4,22,286,4.413221707877296,106,286,0.3706293706293706,79,55
v2_erdos_renyi_no_evolution_s4,v2,erdos_renyi_no_evolution,4,erdos_renyi,100,4,23,679,4.996713923908144,253,679,0.37260677466863035,29,57
v2_erdos_renyi_no_evolution_s4,v2,erdos_renyi_no_evolution,4,erdos_renyi,100,4,24,0,0.0,0,0,,82,82
v2_erdos_renyi_no_evolution_s4,v2,erdos_renyi_no_evolution,4,erdos_renyi,100,4,25,147,3.844605690754974,52,147,0.35374149659863946,39,82
v2_erdos_renyi_no_evolution_s4,v2,erdos_renyi_no_evolution,4,erdos_renyi,100,4,26,94,3.2826939972510645,28,94,0.2978723404255319,97,53
v2_erdos_renyi_no_evolution_s4,v2,erdos_renyi_no_evolution,4,erdos_renyi,100,4,27,116,3.6121358939014394,41,116,0.35344827586206895,84,82
v2_erdos_renyi_no_evolution_s4,v2,erdos_renyi_no_evolution,4,erdos_renyi,100,4,28,0,0.0,0,0,,53,53
v2_erdos_renyi_no_evolution_s4,v2,erdos_renyi_no_evolution,4,erdos_renyi,100,4,29,204,4.141441343444496,76,204,0.37254901960784315,92,28
v2_erdos_renyi_no_evolution_s4,v2,erdos_renyi_no_evolution,4,erdos_renyi,100,4,30,44,2.4762471329700326,17,44,0.38636363636363635,18,55
v2_erdos_renyi_no_evolution_s4,v2,erdos_renyi_no_evolution,4,erdos_renyi,100,4,31,22,2.0253262207620675,10,22,0.45454545454545453,91,82
v2_erdos_renyi_no_evolution_s4,v2,erdos_renyi_no_evolution,4,erdos_renyi,100,4,32,166,4.073376723536852,69,166,0.41566265060240964,99,82
v2_erdos_renyi_no_evolution_s4,v2,erdos_renyi_no_evolution,4,erdos_renyi,100,4,33,193,3.933856333347952,75,193,0.38860103626943004,67,57
v2_erdos_renyi_no_evolution_s4,v2,erdos_renyi_no_evolution,4,erdos_renyi,100,4,34,8,0.6931471805579453,2,8,0.25,47,53
v2_erdos_renyi_no_evolution_s4,v2,erdos_renyi_no_evolution,4,erdos_renyi,100,4,35,15,2.3978952727873706,11,15,0.7333333333333333,38,82
v2_erdos_renyi_no_evolution_s4,v2,erdos_renyi_no_evolution,4,erdos_renyi,100,4,36,210,4.106554607850872,82,210,0.3904761904761905,90,53
v2_erdos_renyi_no_evolution_s4,v2,erdos_renyi_no_evolution,4,erdos_renyi,100,4,37,88,2.9650156932365066,22,88,0.25,32,82
v2_erdos_renyi_no_evolution_s4,v2,erdos_renyi_no_evolution,4,erdos_renyi,100,4,38,123,3.494520407926037,45,123,0.36585365853658536,39,28
v2_erdos_renyi_no_evolution_s4,v2,erdos_renyi_no_evolution,4,erdos_renyi,100,4,39,181,4.046421636502493,65,181,0.35911602209944754,11,82
v2_erdos_renyi_no_evolution_s4,v2,erdos_renyi_no_evolution,4,erdos_renyi,100,4,40,656,4.922171077806038,245,656,0.37347560975609756,68,82
v2_erdos_renyi_no_evolution_s4,v2,erdos_renyi_no_evolution,4,erdos_renyi,100,4,41,10,1.0986122886651095,3,10,0.3,45,55
v2_erdos_renyi_no_evolution_s4,v2,erdos_renyi_no_evolution,4,erdos_renyi,100,4,42,22,2.079441541671836,8,22,0.36363636363636365,70,55
v2_erdos_renyi_no_evolution_s4,v2,erdos_renyi_no_evolution,4,erdos_renyi,100,4,43,80,3.0904599235931967,27,80,0.3375,12,82
v2_erdos_renyi_no_evolution_s4,v2,erdos_renyi_no_evolution,4,erdos_renyi,100,4,44,284,4.303872110371942,95,284,0.3345070422535211,39,53
v2_erdos_renyi_no_evolution_s4,v2,erdos_renyi_no_evolution,4,erdos_renyi,100,4,45,50,2.787788119369007,20,50,0.4,39,55
v2_erdos_renyi_no_evolution_s4,v2,erdos_renyi_no_evolution,4,erdos_renyi,100,4,46,407,4.708978419440684,160,407,0.3931203931203931,41,28
v2_erdos_renyi_no_evolution_s4,v2,erdos_renyi_no_evolution,4,erdos_renyi,100,4,47,156,3.684648649091295,52,156,0.3333333333333333,70,57
v2_erdos_renyi_no_evolution_s4,v2,erdos_renyi_no_evolution,4,erdos_renyi,100,4,48,142,3.7629286063958656,50,142,0.352112676056338,76,82
v2_erdos_renyi_no_evolution_s4,v2,erdos_renyi_no_evolution,4,erdos_renyi,100,4,49,5,0.6931471805579453,2,5,0.4,37,82
v2_erdos_renyi_no_evolution_s4,v2,erdos_renyi_no_evolution,4,erdos_renyi,100,4,50,111,3.4365228305042805,35,111,0.3153153153153153,44,82
v2_erdos_renyi_no_evolution_s4,v2,erdos_renyi_no_evolution,4,erdos_renyi,100,4,51,1,-1.000088900581841e-12,1,1,1.0,8,57
v2_erdos_renyi_no_evolution_s4,v2,erdos_renyi_no_evolution,4,erdos_renyi,100,4,52,270,4.344624822229558,106,270,0.3925925925925926,0,57
v2_erdos_renyi_no_evolution_s4,v2,erdos_renyi_no_evolution,4,erdos_renyi,100,4,53,92,3.638648592450092,42,92,0.45652173913043476,39,55
v2_erdos_renyi_no_evolution_s4,v2,erdos_renyi_no_evolution,4,erdos_renyi,100,4,54,85,3.584907376992945,40,85,0.47058823529411764,87,82
v2_erdos_renyi_no_evolution_s4,v2,erdos_renyi_no_evolution,4,erdos_renyi,100,4,55,8,1.0986122886651095,3,8,0.375,75,57
v2_erdos_renyi_no_evolution_s4,v2,erdos_renyi_no_evolution,4,erdos_renyi,100,4,56,10000,-1.000088900581841e-12,3765,10000,0.3765,93,93
v2_erdos_renyi_no_evolution_s4,v2,erdos_renyi_no_evolution,4,erdos_renyi,100,4,57,178,4.036417320015472,73,178,0.4101123595505618,27,82
v2_erdos_renyi_no_evolution_s4,v2,erdos_renyi_no_evolution,4,erdos_renyi,100,4,58,20,2.3978952727873706,11,20,0.55,19,53
v2_erdos_renyi_no_evolution_s4,v2,erdos_renyi_no_evolution,4,erdos_renyi,100,4,59,4,1.0986122886651095,3,4,0.75,30,82
v2_erdos_renyi_no_evolution_s4,v2,erdos_renyi_no_evolution,4,erdos_renyi,100,4,60,0,0.0,0,0,,28,28
v2_erdos_renyi_no_evolution_s4,v2,erdos_renyi_no_evolution,4,erdos_renyi,100,4,61,93,3.4339872044541457,31,93,0.3333333333333333,1,82
v2_erdos_renyi_no_evolution_s4,v2,erdos_renyi_no_evolution,4,erdos_renyi,100,4,62,42,2.9444389791474395,19,42,0.4523809523809524,16,82
v2_erdos_renyi_no_evolution_s4,v2,erdos_renyi_no_evolution,4,erdos_renyi,100,4,63,106,3.342356062906156,35,106,0.330188679245283,72,57
v2_erdos_renyi_no_evolution_s4,v2,erdos_renyi_no_evolution,4,erdos_renyi,100,4,64,25,2.079441541671836,8,25,0.32,37,57
v2_erdos_renyi_no_evolution_s4,v2,erdos_renyi_no_evolution,4,erdos_renyi,100,4,65,22,2.079441541671836,8,22,0.36363636363636365,45,55
v2_erdos_renyi_no_evolution_s4,v2,erdos_renyi_no_evolution,4,erdos_renyi,100,4,66,21,2.079441541671836,8,21,0.38095238095238093,30,55
v2_erdos_renyi_no_evolution_s4,v2,erdos_renyi_no_evolution,4,erdos_renyi,100,4,67,38,2.1383330594990277,12,38,0.3157894736842105,48,57
v2_erdos_renyi_no_evolution_s4,v2,erdos_renyi_no_evolution,4,erdos_renyi,100,4,68,144,3.795914420803827,51,144,0.3541666666666667,73,82
v2_erdos_renyi_no_evolution_s4,v2,erdos_renyi_no_evolution,4,erdos_renyi,100,4,69,16,1.6094379124291005,5,16,0.3125,16,82
v2_erdos_renyi_no_evolution_s4,v2,erdos_renyi_no_evolution,4,erdos_renyi,100,4,70,52,2.9650156932365066,22,52,0.4230769230769231,58,82
v2_erdos_renyi_no_evolution_s4,v2,erdos_renyi_no_evolution,4,erdos_renyi,100,4,71,335,4.477140015357783,116,335,0.34626865671641793,9,28
v2_erdos_renyi_no_evolution_s4,v2,erdos_renyi_no_evolution,4,erdos_renyi,100,4,72,10000,-1.000088900581841e-12,3656,10000,0.3656,61,61
v2_erdos_renyi_no_evolution_s4,v2,erdos_renyi_no_evolution,4,erdos_renyi,100,4,73,219,4.08695242275285,71,219,0.3242009132420091,70,57
v2_erdos_renyi_no_evolution_s4,v2,erdos_renyi_no_evolution,4,erdos_renyi,100,4,74,96,3.2970367495676385,37,96,0.3854166666666667,3,55
v2_erdos_renyi_no_evolution_s4,v2,erdos_renyi_no_evolution,4,erdos_renyi,100,4,75,20,1.791759469222055,6,20,0.3,9,57
v2_erdos_renyi_no_evolution_s4,v2,erdos_renyi_no_evolution,4,erdos_renyi,100,4,76,77,3.4040404338981123,34,77,0.44155844155844154,95,82
v2_erdos_renyi_no_evolution_s4,v2,erdos_renyi_no_evolution,4,erdos_renyi,100,4,77,161,3.687211189857425,54,161,0.33540372670807456,5,57
v2_erdos_renyi_no_evolution_s4,v2,erdos_renyi_no_evolution,4,erdos_renyi,100,4,78,95,3.4294862316330117,36,95,0.37894736842105264,38,55
v2_erdos_renyi_no_evolution_s4,v2,erdos_renyi_no_evolution,4,erdos_renyi,100,4,79,65,3.0752205480323718,23,65,0.35384615384615387,56,55
v2_erdos_renyi_no_evolution_s4,v2,erdos_renyi_no_evolution,4,erdos_renyi,100,4,80,104,3.5321361136786447,44,104,0.4230769230769231,16,55
v2_erdos_renyi_no_evolution_s4,v2,erdos_renyi_no_evolution,4,erdos_renyi,100,4,81,10000,-1.000088900581841e-12,3649,10000,0.3649,61,61
v2_erdos_renyi_no_evolution_s4,v2,erdos_renyi_no_evolution,4,erdos_renyi,100,4,82,118,3.3161434566147374,40,118,0.3389830508474576,29,82
v2_erdos_renyi_no_evolution_s4,v2,erdos_renyi_no_evolution,4,erdos_renyi,100,4,83,74,3.1399967357542797,29,74,0.3918918918918919,17,28
v2_erdos_renyi_no_evolution_s4,v2,erdos_renyi_no_evolution,4,erdos_renyi,100,4,84,1,-1.000088900581841e-12,1,1,1.0,85,53
v2_erdos_renyi_no_evolution_s4,v2,erdos_renyi_no_evolution,4,erdos_renyi,100,4,85,82,2.9689526668307127,35,82,0.4268292682926829,2,82
v2_erdos_renyi_no_evolution_s4,v2,erdos_renyi_no_evolution,4,erdos_renyi,100,4,86,0,0.0,0,0,,57,57
v2_erdos_renyi_no_evolution_s4,v2,erdos_renyi_no_evolution,4,erdos_renyi,100,4,87,22,2.197224577327219,9,22,0.4090909090909091,56,82
v2_erdos_renyi_no_evolution_s4,v2,erdos_renyi_no_evolution,4,erdos_renyi,100,4,88,132,3.761660727552022,47,132,0.3560606060606061,1,53
v2_erdos_renyi_no_evolution_s4,v2,erdos_renyi_no_evolution,4,erdos_renyi,100,4,89,142,3.736252459756052,55,142,0.3873239436619718,84,28
v2_erdos_renyi_no_evolution_s4,v2,erdos_renyi_no_evolution,4,erdos_renyi,100,4,90,37,2.751666616915516,17,37,0.4594594594594595,65,82
v2_erdos_renyi_no_evolution_s4,v2,erdos_renyi_no_evolution,4,erdos_renyi,100,4,91,7,0.6931471805579453,2,7,0.2857142857142857,98,82
v2_erdos_renyi_no_evolution_s4,v2,erdos_renyi_no_evolution,4,erdos_renyi,100,4,92,120,3.406566674442846,43,120,0.35833333333333334,91,53
v2_erdos_renyi_no_evolution_s4,v2,erdos_renyi_no_evolution,4,erdos_renyi,100,4,93,219,3.897480329682704,69,219,0.3150684931506849,33,53
v2_erdos_renyi_no_evolution_s4,v2,erdos_renyi_no_evolution,4,erdos_renyi,100,4,94,110,3.638648592450092,42,110,0.38181818181818183,83,82
v2_erdos_renyi_no_evolution_s4,v2,erdos_renyi_no_evolution,4,erdos_renyi,100,4,95,10000,-1.000088900581841e-12,3678,10000,0.3678,93,93
v2_erdos_renyi_no_evolution_s4,v2,erdos_renyi_no_evolution,4,erdos_renyi,100,4,96,36,2.4583113296710835,13,36,0.3611111111111111,47,57
v2_erdos_renyi_no_evolution_s4,v2,erdos_renyi_no_evolution,4,erdos_renyi,100,4,97,64,3.019736127116995,27,64,0.421875,44,57
v2_erdos_renyi_no_evolution_s4,v2,erdos_renyi_no_evolution,4,erdos_renyi,100,4,98,34,2.0253262207620675,10,34,0.29411764705882354,37,57
v2_erdos_renyi_no_evolution_s4,v2,erdos_renyi_no_evolution,4,erdos_renyi,100,4,99,317,4.490543393138777,105,317,0.3312302839116719,26,53
v2_erdos_renyi_no_evolution_s4,v2,erdos_renyi_no_evolution,4,erdos_renyi,100,4,100,10,1.9459101490483133,7,10,0.7,84,57
v2_erdos_renyi_no_evolution_s4,v2,erdos_renyi_no_evolution,4,erdos_renyi,100,4,101,10,1.039720770836918,4,10,0.4,16,57
v2_erdos_renyi_no_evolution_s4,v2,erdos_renyi_no_evolution,4,erdos_renyi,100,4,102,111,3.5647968056578736,46,111,0.4144144144144144,27,82
v2_erdos_renyi_no_evolution_s4,v2,erdos_renyi_no_evolution,4,erdos_renyi,100,4,103,86,3.4339872044541457,31,86,0.36046511627906974,97,57
v2_erdos_renyi_no_evolution_s4,v2,erdos_renyi_no_evolution,4,erdos_renyi,100,4,104,11,1.3862943611158909,4,11,0.36363636363636365,59,82
v2_erdos_renyi_no_evolution_s4,v2,erdos_renyi_no_evolution,4,erdos_renyi,100,4,105,46,2.787788119369007,20,46,0.43478260869565216,79,55
v2_erdos_renyi_no_evolution_s4,v2,erdos_renyi_no_evolution,4,erdos_renyi,100,4,106,87,3.134162458562648,28,87,0.3218390804597701,49,53
v2_erdos_renyi_no_evolution_s4,v2,erdos_renyi_no_evolution,4,erdos_renyi,100,4,107,84,2.66453161329423,26,84,0.30952380952380953,29,55
v2_erdos_renyi_no_evolution_s4,v2,erdos_renyi_no_evolution,4,erdos_renyi,100,4,108,630,4.87487051384972,226,630,0.35873015873015873,81,28
v2_erdos_renyi_no_evolution_s4,v2,erdos_renyi_no_evolution,4,erdos_renyi,100,4,109,23,1.791759469222055,6,23,0.2608695652173913,62,53
v2_erdos_renyi_no_evolution_s4,v2,erdos_renyi_no_evolution,4,erdos_renyi,100,4,110,603,4.654647806022704,197,603,0.32669983416252074,73,82
v2_erdos_renyi_no_evolution_s4,v2,erdos_renyi_no_evolution,4,erdos_renyi,100,4,111,209,4.0495046305527564,87,209,0.41626794258373206,51,55
v2_erdos_renyi_no_evolution_s4,v2,erdos_renyi_no_evolution,4,erdos_renyi,100,4,112,150,3.901575408441301,56,150,0.37333333333333335,83,55
v2_erdos_renyi_no_evolution_s4,v2,erdos_renyi_no_evolution,4,erdos_renyi,100,4,113,220,4.1071882985912005,75,220,0.3409090909090909,78,55
v2_erdos_renyi_no_evolution_s4,v2,erdos_renyi_no_evolution,4,erdos_renyi,100,4,114,5,-1.000088900581841e-12,1,5,0.2,84,55
v2_erdos_renyi_no_evolution_s4,v2,erdos_renyi_no_evolution,4,erdos_renyi,100,4,115,11,1.0986122886651095,3,11,0.2727272727272727,52,55
v2_erdos_renyi_no_evolution_s4,v2,erdos_renyi_no_evolution,4,erdos_renyi,100,4,116,8,1.3862943611158909,4,8,0.5,46,55
v2_erdos_renyi_no_evolution_s4,v2,erdos_renyi_no_evolution,4,erdos_renyi,100,4,117,312,4.334569043207161,113,312,0.36217948717948717,39,57
v2_erdos_renyi_no_evolution_s4,v2,erdos_renyi_no_evolution,4,erdos_renyi,100,4,118,165,3.9326102200384474,60,165,0.36363636363636365,42,82
v2_erdos_renyi_no_evolution_s4,v2,erdos_renyi_no_evolution,4,erdos_renyi,100,4,119,44,3.044522437702424,21,44,0.4772727272727273,27,55
v2_erdos_renyi_no_evolution_s4,v2,erdos_renyi_no_evolution,4,erdos_renyi,100,4,120,122,3.4430756059649883,41,122,0.3360655737704918,76,82
v2_erdos_renyi_no_evolution_s4,v2,erdos_renyi_no_evolution,4,erdos_renyi,100,4,121,63,2.8674404991054456,24,63,0.38095238095238093,52,53
v2_erdos_renyi_no_evolution_s4,v2,erdos_renyi_no_evolution,4,erdos_renyi,100,4,122,208,4.134700069637437,79,208,0.3798076923076923,44,82
v2_erdos_renyi_no_evolution_s4,v2,erdos_renyi_no_evolution,4,erdos_renyi,100,4,123,129,3.7026694781446654,47,129,0.3643410852713178,3,57
v2_erdos_renyi_no_evolution_s4,v2,erdos_renyi_no_evolution,4,erdos_renyi,100,4,124,89,3.3573060098708574,35,89,0.39325842696629215,98,82
v2_erdos_renyi_no_evolution_s4,v2,erdos_renyi_no_evolution,4,erdos_renyi,100,4,125,86,3.062463874119122,34,86,0.3953488372093023,11,57
v2_erdos_renyi_no_evolution_s4,v2,erdos_renyi_no_evolution,4,erdos_renyi,100,4,126,130,3.7845576132928977,48,130,0.36923076923076925,31,82
v2_erdos_renyi_no_evolution_s4,v2,erdos_renyi_no_evolution,4,erdos_renyi,100,4,127,16,2.079441541671836,8,16,0.5,47,57
v2_erdos_renyi_no_evolution_s4,v2,erdos_renyi_no_evolution,4,erdos_renyi,100,4,128,131,3.584522718666358,54,131,0.4122137404580153,89,82
v2_erdos_renyi_no_evolution_s4,v2,erdos_renyi_no_evolution,4,erdos_renyi,100,4,129,14,1.6094379124291005,5,14,0.35714285714285715,6,82
v2_erdos_renyi_no_evolution_s4,v2,erdos_renyi_no_evolution,4,erdos_renyi,100,4,130,451,4.689304227259471,167,451,0.37028824833702884,7,82
v2_erdos_renyi_no_evolution_s4,v2,erdos_renyi_no_evolution,4,erdos_renyi,100,4,131,413,4.801053680736441,168,413,0.4067796610169492,8,82
v2_erdos_renyi_no_evolution_s4,v2,erdos_renyi_no_evolution,4,erdos_renyi,100,4,132,297,4.23770311976215,104,297,0.3501683501683502,25,57
v2_erdos_renyi_no_evolution_s4,v2,erdos_renyi_no_evolution,4,erdos_renyi,100,4,133,16,1.791759469222055,6,16,0.375,37,82
v2_erdos_renyi_no_evolution_s4,v2,erdos_renyi_no_evolution,4,erdos_renyi,100,4,134,222,4.201499287666836,88,222,0.3963963963963964,45,82
v2_erdos_renyi_no_evolution_s4,v2,erdos_renyi_no_evolution,4,erdos_renyi,100,4,135,276,4.390250189048095,94,276,0.34057971014492755,37,55
v2_erdos_renyi_no_evolution_s4,v2,erdos_renyi_no_evolution,4,erdos_renyi,100,4,136,23,1.8866967846510787,10,23,0.43478260869565216,80,28
v2_erdos_renyi_no_evolution_s4,v2,erdos_renyi_no_evolution,4,erdos_renyi,100,4,137,321,4.455792030516293,119,321,0.3707165109034268,18,57
v2_erdos_renyi_no_evolution_s4,v2,erdos_renyi_no_evolution,4,erdos_renyi,100,4,138,121,3.662040914211954,47,121,0.3884297520661157,34,55
v2_erdos_renyi_no_evolution_s4,v2,erdos_renyi_no_evolution,4,erdos_renyi,100,4,139,15,1.9459101490483133,7,15,0.4666666666666667,90,57
v2_erdos_renyi_no_evolution_s4,v2,erdos_renyi_no_evolution,4,erdos_renyi,100,4,140,69,2.7782254129994435,26,69,0.37681159420289856,87,57
v2_erdos_renyi_no_evolution_s4,v2,erdos_renyi_no_evolution,4,erdos_renyi,100,4,141,136,3.639483673884737,51,136,0.375,44,53
v2_erdos_renyi_no_evolution_s4,v2,erdos_renyi_no_evolution,4,erdos_renyi,100,4,142,31,2.2718685126865625,11,31,0.3548387096774194,78,57
v2_erdos_renyi_no_evolution_s4,v2,erdos_renyi_no_evolution,4,erdos_renyi,100,4,143,106,2.7609408234784967,33,106,0.3113207547169811,52,82
v2_erdos_renyi_no_evolution_s4,v2,erdos_renyi_no_evolution,4,erdos_renyi,100,4,144,391,4.617142801182128,134,391,0.34271099744245526,51,82
v2_erdos_renyi_no_evolution_s4,v2,erdos_renyi_no_evolution,4,erdos_renyi,100,4,145,326,4.502390160298836,119,326,0.36503067484662577,96,53
v2_erdos_renyi_no_evolution_s4,v2,erdos_renyi_no_evolution,4,erdos_renyi,100,4,146,12,1.0986122886651095,3,12,0.25,54,57
v2_erdos_renyi_no_evolution_s4,v2,erdos_renyi_no_evolution,4,erdos_renyi,100,4,147,38,2.878218306651851,22,38,0.5789473684210527,38,82
v2_erdos_renyi_no_evolution_s4,v2,erdos_renyi_no_evolution,4,erdos_renyi,100,4,148,42,2.094729047518648,12,42,0.2857142857142857,39,57
v2_erdos_renyi_no_evolution_s4,v2,erdos_renyi_no_evolution,4,erdos_renyi,100,4,149,207,3.957753997554482,69,207,0.3333333333333333,64,53
v2_erdos_renyi_no_evolution_s4,v2,erdos_renyi_no_evolution,4,erdos_renyi,100,4,150,12,1.6094379124291005,5,12,0.4166666666666667,18,53
v2_erdos_renyi_no_evolution_s4,v2,erdos_renyi_no_evolution,4,erdos_renyi,100,4,151,62,2.7184734013140126,20,62,0.3225806451612903,34,82
v2_erdos_renyi_no_evolution_s4,v2,erdos_renyi_no_evolution,4,erdos_renyi,100,4,152,217,4.2745835324757095,91,217,0.41935483870967744,54,82
v2_erdos_renyi_no_evolution_s4,v2,erdos_renyi_no_evolution,4,erdos_renyi,100,4,153,0,0.0,0,0,,55,55
v2_erdos_renyi_no_evolution_s4,v2,erdos_renyi_no_evolution,4,erdos_renyi,100,4,154,20,2.302585092984045,10,20,0.5,12,28
v2_erdos_renyi_no_evolution_s4,v2,erdos_renyi_no_evolution,4,erdos_renyi,100,4,155,97,3.4365228305042805,35,97,0.36082474226804123,30,53
v2_erdos_renyi_no_evolution_s4,v2,erdos_renyi_no_evolution,4,erdos_renyi,100,4,156,375,4.63273374754521,152,375,0.4053333333333333,75,53
v2_erdos_renyi_no_evolution_s4,v2,erdos_renyi_no_evolution,4,erdos_renyi,100,4,157,0,0.0,0,0,,55,55
v2_erdos_renyi_no_evolution_s4,v2,erdos_renyi_no_evolution,4,erdos_renyi,100,4,158,78,2.5993019270857944,16,78,0.20512820512820512,10,82
v2_erdos_renyi_no_evolution_s4,v2,erdos_renyi_no_evolution,4,erdos_renyi,100,4,159,95,3.370480801334671,33,95,0.3473684210526316,77,82
v2_erdos_renyi_no_evolution_s4,v2,erdos_renyi_no_evolution,4,erdos_renyi,100,4,160,124,3.5158980974321508,46,124,0.3709677419354839,74,82
v2_erdos_renyi_no_evolution_s4,v2,erdos_renyi_no_evolution,4,erdos_renyi,100,4,161,49,2.8903717578781647,18,49,0.3673469387755102,7,57
v2_erdos_renyi_no_evolution_s4,v2,erdos_renyi_no_evolution,4,erdos_renyi,100,4,162,0,0.0,0,0,,28,28
v2_erdos_renyi_no_evolution_s4,v2,erdos_renyi_no_evolution,4,erdos_renyi,100,4,163,143,3.6089030815165466,49,143,0.34265734265734266,21,57
v2_erdos_renyi_no_evolution_s4,v2,erdos_renyi_no_evolution,4,erdos_renyi,100,4,164,27,2.253857589591352,12,27,0.4444444444444444,68,57
v2_erdos_renyi_no_evolution_s4,v2,erdos_renyi_no_evolution,4,erdos_renyi,100,4,165,151,3.750361689789087,49,151,0.32450331125827814,78,55
v2_erdos_renyi_no_evolution_s4,v2,erdos_renyi_no_evolution,4,erdos_renyi,100,4,166,10000,-1.000088900581841e-12,3656,10000,0.3656,61,61
v2_erdos_renyi_no_evolution_s4,v2,erdos_renyi_no_evolution,4,erdos_renyi,100,4,167,90,2.918057526059794,26,90,0.28888888888888886,73,57
v2_erdos_renyi_no_evolution_s4,v2,erdos_renyi_no_evolution,4,erdos_renyi,100,4,168,74,3.379092505199735,32,74,0.43243243243243246,77,82
v2_erdos_renyi_no_evolution_s4,v2,erdos_renyi_no_evolution,4,erdos_renyi,100,4,169,80,3.0752205480323718,23,80,0.2875,88,57
v2_erdos_renyi_no_evolution_s4,v2,erdos_renyi_no_evolution,4,erdos_renyi,100,4,170,43,2.8332133440392155,17,43,0.3953488372093023,18,57
v2_erdos_renyi_no_evolution_s4,v2,erdos_renyi_no_evolution,4,erdos_renyi,100,4,171,80,3.308777757559495,30,80,0.375,18,55
v2_erdos_renyi_no_evolution_s4,v2,erdos_renyi_no_evolution,4,erdos_renyi,100,4,172,183,3.6941896400058063,56,183,0.30601092896174864,89,82
v2_erdos_renyi_no_evolution_s4,v2,erdos_renyi_no_evolution,4,erdos_renyi,100,4,173,59,2.8341258765372603,23,59,0.3898305084745763,30,82
v2_erdos_renyi_no_evolution_s4,v2,erdos_renyi_no_evolution,4,erdos_renyi,100,4,174,121,3.615837736078624,49,121,0.4049586776859504,25,55
v2_erdos_renyi_no_evolution_s4,v2,erdos_renyi_no_evolution,4,erdos_renyi,100,4,175,11,1.3862943611158909,4,11,0.36363636363636365,50,55
v2_erdos_renyi_no_evolution_s4,v2,erdos_renyi_no_evolution,4,erdos_renyi,100,4,176,56,2.685945324654788,16,56,0.2857142857142857,74,57
v2_erdos_renyi_no_evolution_s4,v2,erdos_renyi_no_evolution,4,erdos_renyi,100,4,177,116,3.3322045101472035,28,116,0.2413793103448276,10,82
v2_erdos_renyi_no_evolution_s4,v2,erdos_renyi_no_evolution,4,erdos_renyi,100,4,178,53,3.044522437702424,21,53,0.39622641509433965,60,53
v2_erdos_renyi_no_evolution_s4,v2,erdos_renyi_no_evolution,4,erdos_renyi,100,4,179,199,3.9450926747489774,63,199,0.3165829145728643,17,55
v2_erdos_renyi_no_evolution_s4,v2,erdos_renyi_no_evolution,4,erdos_renyi,100,4,180,143,3.646541338469551,53,143,0.3706293706293706,13,53
v2_erdos_renyi_no_evolution_s4,v2,erdos_renyi_no_evolution,4,erdos_renyi,100,4,181,85,3.2553236904005125,40,85,0.47058823529411764,37,57
v2_erdos_renyi_no_evolution_s4,v2,erdos_renyi_no_evolution,4,erdos_renyi,100,4,182,113,3.5734504974428223,37,113,0.3274336283185841,1,55
v2_erdos_renyi_no_evolution_s4,v2,erdos_renyi_no_evolution,4,erdos_renyi,100,4,183,98,3.2337475349666285,40,98,0.40816326530612246,32,57
v2_erdos_renyi_no_evolution_s4,v2,erdos_renyi_no_evolution,4,erdos_renyi,100,4,184,614,4.657177480211108,227,614,0.3697068403908795,95,57
v2_erdos_renyi_no_evolution_s4,v2,erdos_renyi_no_evolution,4,erdos_renyi,100,4,185,61,2.813355404483615,18,61,0.29508196721311475,81,82
v2_erdos_renyi_no_evolution_s4,v2,erdos_renyi_no_evolution,4,erdos_renyi,100,4,186,161,3.946786016322238,68,161,0.422360248447205,47,57
v2_erdos_renyi_no_evolution_s4,v2,erdos_renyi_no_evolution,4,erdos_renyi,100,4,187,172,3.929064767579997,61,172,0.3546511627906977,85,57
v2_erdos_renyi_no_evolution_s4,v2,erdos_renyi_no_evolution,4,erdos_renyi,100,4,188,116,3.5369546858113585,45,116,0.3879310344827586,64,53
v2_erdos_renyi_no_evolution_s4,v2,erdos_renyi_no_evolution,4,erdos_renyi,100,4,189,10,1.3862943611158909,4,10,0.4,69,82
v2_erdos_renyi_no_evolution_s4,v2,erdos_renyi_no_evolution,4,erdos_renyi,100,4,190,53,2.736339051089065,18,53,0.33962264150943394,7,57
v2_erdos_renyi_no_evolution_s4,v2,erdos_renyi_no_evolution,4,erdos_renyi,100,4,191,196,4.027651345262987,74,196,0.37755102040816324,12,57
v2_erdos_renyi_no_evolution_s4,v2,erdos_renyi_no_evolution,4,erdos_renyi,100,4,192,2,-1.000088900581841e-12,1,2,0.5,54,57
v2_erdos_renyi_no_evolution_s4,v2,erdos_renyi_no_evolution,4,erdos_renyi,100,4,193,98,3.2163581334868363,30,98,0.30612244897959184,69,53
v2_erdos_renyi_no_evolution_s4,v2,erdos_renyi_no_evolution,4,erdos_renyi,100,4,194,34,2.197224577327219,9,34,0.2647058823529412,58,57
v2_erdos_renyi_no_evolution_s4,v2,erdos_renyi_no_evolution,4,erdos_renyi,100,4,195,426,4.643238393762669,164,426,0.38497652582159625,34,82
v2_erdos_renyi_no_evolution_s4,v2,erdos_renyi_no_evolution,4,erdos_renyi,100,4,196,224,4.368003491117887,91,224,0.40625,27,28
v2_erdos_renyi_no_evolution_s4,v2,erdos_renyi_no_evolution,4,erdos_renyi,100,4,197,2,-1.000088900581841e-12,1,2,0.5,54,57
v2_erdos_renyi_no_evolution_s4,v2,erdos_renyi_no_evolution,4,erdos_renyi,100,4,198,5,1.0986122886651095,3,5,0.6,48,57
v2_erdos_renyi_no_evolution_s4,v2,erdos_renyi_no_evolution,4,erdos_renyi,100,4,199,71,3.389268031515795,31,71,0.43661971830985913,26,55
v2_erdos_renyi_no_evolution_s4,v2,erdos_renyi_no_evolution,4,erdos_renyi,100,4,200,74,3.2826939972510645,28,74,0.3783783783783784,90,53
v2_erdos_renyi_no_evolution_s4,v2,erdos_renyi_no_evolution,4,erdos_renyi,100,4,201,20,1.9459101490483133,7,20,0.35,91,82
v2_erdos_renyi_no_evolution_s4,v2,erdos_renyi_no_evolution,4,erdos_renyi,100,4,202,7,1.3862943611158909,4,7,0.5714285714285714,78,82
v2_erdos_renyi_no_evolution_s4,v2,erdos_renyi_no_evolution,4,erdos_renyi,100,4,203,366,4.352069724365133,133,366,0.3633879781420765,6,55
v2_erdos_renyi_no_evolution_s4,v2,erdos_renyi_no_evolution,4,erdos_renyi,100,4,204,226,4.005519749232705,69,226,0.3053097345132743,30,53
v2_erdos_renyi_no_evolution_s4,v2,erdos_renyi_no_evolution,4,erdos_renyi,100,4,205,109,3.430313456117072,41,109,0.3761467889908257,77,82
v2_erdos_renyi_no_evolution_s4,v2,erdos_renyi_no_evolution,4,erdos_renyi,100,4,206,76,3.122424598309061,27,76,0.35526315789473684,24,82
v2_erdos_renyi_no_evolution_s4,v2,erdos_renyi_no_evolution,4,erdos_renyi,100,4,207,386,4.515316435171052,148,386,0.38341968911917096,59,82
v2_erdos_renyi_no_evolution_s4,v2,erdos_renyi_no_evolution,4,erdos_renyi,100,4,208,91,3.385458174669731,40,91,0.43956043956043955,58,53
v2_erdos_renyi_no_evolution_s4,v2,erdos_renyi_no_evolution,4,erdos_renyi,100,4,209,37,2.871476118036867,19,37,0.5135135135135135,31,82
v2_erdos_renyi_no_evolution_s4,v2,erdos_renyi_no_evolution,4,erdos_renyi,100,4,210,519,4.645951465150954,170,519,0.32755298651252407,30,53
v2_erdos_renyi_no_evolution_s4,v2,erdos_renyi_no_evolution,4,erdos_renyi,100,4,211,0,0.0,0,0,,55,55
v2_erdos_renyi_no_evolution_s4,v2,erdos_renyi_no_evolution,4,erdos_renyi,100,4,212,34,2.1458417525857545,11,34,0.3235294117647059,18,53
v2_erdos_renyi_no_evolution_s4,v2,erdos_renyi_no_evolution,4,erdos_renyi,100,4,213,71,3.319492576126754,29,71,0.4084507042253521,97,55
v2_erdos_renyi_no_evolution_s4,v2,erdos_renyi_no_evolution,4,erdos_renyi,100,4,214,61,2.224411830674256,24,61,0.39344262295081966,24,53
v2_erdos_renyi_no_evolution_s4,v2,erdos_renyi_no_evolution,4,erdos_renyi,100,4,215,226,3.985370283531812,79,226,0.3495575221238938,51,55
v2_erdos_renyi_no_evolution_s4,v2,erdos_renyi_no_evolution,4,erdos_renyi,100,4,216,146,3.777323825362655,53,146,0.363013698630137,21,57
v2_erdos_renyi_no_evolution_s4,v2,erdos_renyi_no_evolution,4,erdos_renyi,100,4,217,153,3.9119676931177256,54,153,0.35294117647058826,19,55
v2_erdos_renyi_no_evolution_s4,v2,erdos_renyi_no_evolution,4,erdos_renyi,100,4,218,270,4.164211459939523,91,270,0.337037037037037,19,55
v2_erdos_renyi_no_evolution_s4,v2,erdos_renyi_no_evolution,4,erdos_renyi,100,4,219,56,2.479122436496393,19,56,0.3392857142857143,17,82
v2_erdos_renyi_no_evolution_s4,v2,erdos_renyi_no_evolution,4,erdos_renyi,100,4,220,193,4.093467946160779,69,193,0.35751295336787564,36,28
v2_erdos_renyi_no_evolution_s4,v2,erdos_renyi_no_evolution,4,erdos_renyi,100,4,221,169,4.067427150062021,71,169,0.42011834319526625,26,55
v2_erdos_renyi_no_evolution_s4,v2,erdos_renyi_no_evolution,4,erdos_renyi,100,4,222,286,4.362877480679819,101,286,0.3531468531468531,2,57
v2_erdos_renyi_no_evolution_s4,v2,erdos_renyi_no_evolution,4,erdos_renyi,100,4,223,60,2.938182454666123,26,60,0.43333333333333335,23,82
v2_erdos_renyi_no_evolution_s4,v2,erdos_renyi_no_evolution,4,erdos_renyi,100,4,224,61,3.0904599235931967,27,61,0.4426229508196721,15,82
v2_erdos_renyi_no_evolution_s4,v2,erdos_renyi_no_evolution,4,erdos_renyi,100,4,225,262,4.398873866217365,101,262,0.38549618320610685,32,28
v2_erdos_renyi_no_evolution_s4,v2,erdos_renyi_no_evolution,4,erdos_renyi,100,4,226,82,3.2127420325228604,33,82,0.4024390243902439,6,57
v2_erdos_renyi_no_evolution_s4,v2,erdos_renyi_no_evolution,4,erdos_renyi,100,4,227,411,4.609743942257787,132,411,0.32116788321167883,43,82
v2_erdos_renyi_no_evolution_s4,v2,erdos_renyi_no_evolution,4,erdos_renyi,100,4,228,4,0.6931471805579453,2,4,0.5,87,82
v2_erdos_renyi_no_evolution_s4,v2,erdos_renyi_no_evolution,4,erdos_renyi,100,4,229,67,3.120291565278284,24,67,0.3582089552238806,50,82
v2_erdos_renyi_no_evolution_s4,v2,erdos_renyi_no_evolution,4,erdos_renyi,100,4,230,42,2.61563057701355,15,42,0.35714285714285715,99,57
v2_erdos_renyi_no_evolution_s4,v2,erdos_renyi_no_evolution,4,erdos_renyi,100,4,231,58,2.2718685126865625,11,58,0.1896551724137931,36,55
v2_erdos_renyi_no_evolution_s4,v2,erdos_renyi_no_evolution,4,erdos_renyi,100,4,232,9,0.6931471805579453,2,9,0.2222222222222222,84,53
v2_erdos_renyi_no_evolution_s4,v2,erdos_renyi_no_evolution,4,erdos_renyi,100,4,233,95,3.081415990298894,37,95,0.3894736842105263,96,82
v2_erdos_renyi_no_evolution_s4,v2,erdos_renyi_no_evolution,4,erdos_renyi,100,4,234,41,2.813355404483615,18,41,0.43902439024390244,71,82
v2_erdos_renyi_no_evolution_s4,v2,erdos_renyi_no_evolution,4,erdos_renyi,100,4,235,98,3.2362437609612003,37,98,0.37755102040816324,27,55
v2_erdos_renyi_no_evolution_s4,v2,erdos_renyi_no_evolution,4,erdos_renyi,100,4,236,63,3.120291565278284,24,63,0.38095238095238093,39,57
v2_erdos_renyi_no_evolution_s4,v2,erdos_renyi_no_evolution,4,erdos_renyi,100,4,237,54,2.2047854169035195,13,54,0.24074074074074073,73,82
v2_erdos_renyi_no_evolution_s4,v2,erdos_renyi_no_evolution,4,erdos_renyi,100,4,238,328,4.538599123105586,118,328,0.3597560975609756,46,55
v2_erdos_renyi_no_evolution_s4,v2,erdos_renyi_no_evolution,4,erdos_renyi,100,4,239,146,3.559814995620521,55,146,0.3767123287671233,51,57
v2_erdos_renyi_no_evolution_s4,v2,erdos_renyi_no_evolution,4,erdos_renyi,100,4,240,73,3.2580965379954825,26,73,0.3561643835616438,25,82
v2_erdos_renyi_no_evolution_s4,v2,erdos_renyi_no_evolution,4,erdos_renyi,100,4,241,13,1.5607104090364068,6,13,0.46153846153846156,45,53
v2_erdos_renyi_no_evolution_s4,v2,erdos_renyi_no_evolution,4,erdos_renyi,100,4,242,24,2.253857589591352,12,24,0.5,81,82
v2_erdos_renyi_no_evolution_s4,v2,erdos_renyi_no_evolution,4,erdos_renyi,100,4,243,120,3.689669563800905,44,120,0.36666666666666664,15,53
v2_erdos_renyi_no_evolution_s4,v2,erdos_renyi_no_evolution,4,erdos_renyi,100,4,244,328,4.525304587393507,126,328,0.38414634146341464,33,82
v2_erdos_renyi_no_evolution_s4,v2,erdos_renyi_no_evolution,4,erdos_renyi,100,4,245,12,1.6094379124291005,5,12,0.4166666666666667,43,82
v2_erdos_renyi_no_evolution_s4,v2,erdos_renyi_no_evolution,4,erdos_renyi,100,4,246,49,2.902002313186603,22,49,0.4489795918367347,60,55
v2_erdos_renyi_no_evolution_s4,v2,erdos_renyi_no_evolution,4,erdos_renyi,100,4,247,405,4.621392245486085,147,405,0.362962962962963,71,55
v2_erdos_renyi_no_evolution_s4,v2,erdos_renyi_no_evolution,4,erdos_renyi,100,4,248,51,2.725550395815721,19,51,0.37254901960784315,37,57
v2_erdos_renyi_no_evolution_s4,v2,erdos_renyi_no_evolution,4,erdos_renyi,100,4,249,119,3.612135893901438,41,119,0.3445378151260504,92,57
v2_erdos_renyi_no_evolution_s4,v2,erdos_renyi_no_evolution,4,erdos_renyi,100,4,250,49,2.857102837424001,20,49,0.40816326530612246,13,57
v2_erdos_renyi_no_evolution_s4,v2,erdos_renyi_no_evolution,4,erdos_renyi,100,4,251,1,-1.000088900581841e-12,1,1,1.0,85,53
v2_erdos_renyi_no_evolution_s4,v2,erdos_renyi_no_evolution,4,erdos_renyi,100,4,252,253,4.302117258369127,102,253,0.4031620553359684,56,82
v2_erdos_renyi_no_evolution_s4,v2,erdos_renyi_no_evolution,4,erdos_renyi,100,4,253,604,4.901812259420247,227,604,0.3758278145695364,52,82
v2_erdos_renyi_no_evolution_s4,v2,erdos_renyi_no_evolution,4,erdos_renyi,100,4,254,159,3.831469793570712,60,159,0.37735849056603776,99,55
v2_erdos_renyi_no_evolution_s4,v2,erdos_renyi_no_evolution,4,erdos_renyi,100,4,255,240,4.018667327432224,97,240,0.4041666666666667,26,55
v2_erdos_renyi_no_evolution_s4,v2,erdos_renyi_no_evolution,4,erdos_renyi,100,4,256,10000,-1.000088900581841e-12,3688,10000,0.3688,63,63
v2_erdos_renyi_no_evolution_s4,v2,erdos_renyi_no_evolution,4,erdos_renyi,100,4,257,272,4.410395344025807,120,272,0.4411764705882353,41,55
v2_erdos_renyi_no_evolution_s4,v2,erdos_renyi_no_evolution,4,erdos_renyi,100,4,258,0,0.0,0,0,,53,53
v2_erdos_renyi_no_evolution_s4,v2,erdos_renyi_no_evolution,4,erdos_renyi,100,4,259,108,3.458876920452898,43,108,0.39814814814814814,98,55
v2_erdos_renyi_no_evolution_s4,v2,erdos_renyi_no_evolution,4,erdos_renyi,100,4,260,276,4.316000260610823,111,276,0.40217391304347827,16,55
v2_erdos_renyi_no_evolution_s4,v2,erdos_renyi_no_evolution,4,erdos_renyi,100,4,261,127,3.67795722676115,46,127,0.36220472440944884,62,57
v2_erdos_renyi_no_evolution_s4,v2,erdos_renyi_no_evolution,4,erdos_renyi,100,4,262,122,3.55838243297079,50,122,0.4098360655737705,13,82
v2_erdos_renyi_no_evolution_s4,v2,erdos_renyi_no_evolution,4,erdos_renyi,100,4,263,222,3.842154812270749,68,222,0.3063063063063063,16,57
v2_erdos_renyi_no_evolution_s4,v2,erdos_renyi_no_evolution,4,erdos_renyi,100,4,264,170,3.715656116367111,69,170,0.40588235294117647,73,82
v2_erdos_renyi_no_evolution_s4,v2,erdos_renyi_no_evolution,4,erdos_renyi,100,4,265,123,3.521163721464735,52,123,0.42276422764227645,89,55
v2_erdos_renyi_no_evolution_s4,v2,erdos_renyi_no_evolution,4,erdos_renyi,100,4,266,473,4.781431832633006,177,473,0.37420718816067655,97,53
v2_erdos_renyi_no_evolution_s4,v2,erdos_renyi_no_evolution,4,erdos_renyi,100,4,267,230,3.992356285244087,82,230,0.3565217391304348,48,57
v2_erdos_renyi_no_evolution_s4,v2,erdos_renyi_no_evolution,4,erdos_renyi,100,4,268,57,1.9550839066543968,19,57,0.3333333333333333,49,53
v2_erdos_renyi_no_evolution_s4,v2,erdos_renyi_no_evolution,4,erdos_renyi,100,4,269,449,4.769080268220506,164,449,0.36525612472160357,27,82
v2_erdos_renyi_no_evolution_s4,v2,erdos_renyi_no_evolution,4,erdos_renyi,100,4,270,10000,-1.000088900581841e-12,3679,10000,0.3679,93,93
v2_erdos_renyi_no_evolution_s4,v2,erdos_renyi_no_evolution,4,erdos_renyi,100,4,271,271,4.185136875083719,107,271,0.3948339483394834,7,53
v2_erdos_renyi_no_evolution_s4,v2,erdos_renyi_no_evolution,4,erdos_renyi,100,4,272,10,1.0986122886651095,3,10,0.3,59,57
v2_erdos_renyi_no_evolution_s4,v2,erdos_renyi_no_evolution,4,erdos_renyi,100,4,273,328,4.46367527302274,118,328,0.3597560975609756,58,57
v2_erdos_renyi_no_evolution_s4,v2,erdos_renyi_no_evolution,4,erdos_renyi,100,4,274,412,4.411256528567343,144,412,0.34951456310679613,26,82
v2_erdos_renyi_no_evolution_s4,v2,erdos_renyi_no_evolution,4,erdos_renyi,100,4,275,18,2.079441541671836,8,18,0.4444444444444444,65,82
v2_erdos_renyi_no_evolution_s4,v2,erdos_renyi_no_evolution,4,erdos_renyi,100,4,276,344,4.311834330406087,122,344,0.3546511627906977,1,57
v2_erdos_renyi_no_evolution_s4,v2,erdos_renyi_no_evolution,4,erdos_renyi,100,4,277,10000,-1.000088900581841e-12,3638,10000,0.3638,93,93
v2_erdos_renyi_no_evolution_s4,v2,erdos_renyi_no_evolution,4,erdos_renyi,100,4,278,85,3.443075605964988,41,85,0.4823529411764706,39,82
v2_erdos_renyi_no_evolution_s4,v2,erdos_renyi_no_evolution,4,erdos_renyi,100,4,279,41,2.079441541671836,8,41,0.1951219512195122,78,28
v2_erdos_renyi_no_evolution_s4,v2,erdos_renyi_no_evolution,4,erdos_renyi,100,4,280,291,4.406256362161541,114,291,0.3917525773195876,46,53
v2_erdos_renyi_no_evolution_s4,v2,erdos_renyi_no_evolution,4,erdos_renyi,100,4,281,413,4.681535199972172,147,413,0.3559322033898305,77,57
v2_erdos_renyi_no_evolution_s4,v2,erdos_renyi_no_evolution,4,erdos_renyi,100,4,282,9,1.3862943611158909,4,9,0.4444444444444444,27,55
v2_erdos_renyi_no_evolution_s4,v2,erdos_renyi_no_evolution,4,erdos_renyi,100,4,283,180,4.042623521848649,66,180,0.36666666666666664,50,53
v2_erdos_renyi_no_evolution_s4,v2,erdos_renyi_no_evolution,4,erdos_renyi,100,4,284,96,3.2463841835256595,36,96,0.375,49,57
v2_erdos_renyi_no_evolution_s4,v2,erdos_renyi_no_evolution,4,erdos_renyi,100,4,285,130,3.795914420803827,51,130,0.3923076923076923,36,82
v2_erdos_renyi_no_evolution_s4,v2,erdos_renyi_no_evolution,4,erdos_renyi,100,4,286,281,4.297613384327298,101,281,0.3594306049822064,17,55
v2_erdos_renyi_no_evolution_s4,v2,erdos_renyi_no_evolution,4,erdos_renyi,100,4,287,4,1.0986122886651095,3,4,0.75,74,57
v2_erdos_renyi_no_evolution_s4,v2,erdos_renyi_no_evolution,4,erdos_renyi,100,4,288,75,2.7184734013140126,20,75,0.26666666666666666,84,82
v2_erdos_renyi_no_evolution_s4,v2,erdos_renyi_no_evolution,4,erdos_renyi,100,4,289,0,0.0,0,0,,55,55
v2_erdos_renyi_no_evolution_s4,v2,erdos_renyi_no_evolution,4,erdos_renyi,100,4,290,88,3.6280156368321625,39,88,0.4431818181818182,91,55
v2_erdos_renyi_no_evolution_s4,v2,erdos_renyi_no_evolution,4,erdos_renyi,100,4,291,587,4.79466251021466,195,587,0.3321976149914821,52,82
v2_erdos_renyi_no_evolution_s4,v2,erdos_renyi_no_evolution,4,erdos_renyi,100,4,292,226,4.039584559087902,87,226,0.38495575221238937,9,57
v2_erdos_renyi_no_evolution_s4,v2,erdos_renyi_no_evolution,4,erdos_renyi,100,4,293,315,4.274935015996227,102,315,0.3238095238095238,77,55
v2_erdos_renyi_no_evolution_s4,v2,erdos_renyi_no_evolution,4,erdos_renyi,100,4,294,70,3.308777757559496,30,70,0.42857142857142855,81,55
v2_erdos_renyi_no_evolution_s4,v2,erdos_renyi_no_evolution,4,erdos_renyi,100,4,295,489,4.813523650910785,182,489,0.3721881390593047,18,57
v2_erdos_renyi_no_evolution_s4,v2,erdos_renyi_no_evolution,4,erdos_renyi,100,4,296,454,4.806840506387927,183,454,0.40308370044052866,92,82
v2_erdos_renyi_no_evolution_s4,v2,erdos_renyi_no_evolution,4,erdos_renyi,100,4,297,2,-1.000088900581841e-12,1,2,0.5,80,28
v2_erdos_renyi_no_evolution_s4,v2,erdos_renyi_no_evolution,4,erdos_renyi,100,4,298,15,1.6094379124291005,5,15,0.3333333333333333,10,53
v2_erdos_renyi_no_evolution_s4,v2,erdos_renyi_no_evolution,4,erdos_renyi,100,4,299,43,2.639057329601259,14,43,0.32558139534883723,50,57
v2_erdos_renyi_no_evolution_s4,v2,erdos_renyi_no_evolution,4,erdos_renyi,100,4,300,32,2.3978952727873706,11,32,0.34375,70,82
v2_erdos_renyi_no_evolution_s4,v2,erdos_renyi_no_evolution,4,erdos_renyi,100,4,301,292,4.439413364816191,104,292,0.3561643835616438,10,55
v2_erdos_renyi_no_evolution_s4,v2,erdos_renyi_no_evolution,4,erdos_renyi,100,4,302,20,1.791759469222055,6,20,0.3,5,57
v2_erdos_renyi_no_evolution_s4,v2,erdos_renyi_no_evolution,4,erdos_renyi,100,4,303,10000,-1.000088900581841e-12,3688,10000,0.3688,93,93
v2_erdos_renyi_no_evolution_s4,v2,erdos_renyi_no_evolution,4,erdos_renyi,100,4,304,254,3.9329720706086175,67,254,0.2637795275590551,52,82
v2_erdos_renyi_no_evolution_s4,v2,erdos_renyi_no_evolution,4,erdos_renyi,100,4,305,147,3.8520648955461616,56,147,0.38095238095238093,41,55
v2_erdos_renyi_no_evolution_s4,v2,erdos_renyi_no_evolution,4,erdos_renyi,100,4,306,17,1.3862943611158909,4,17,0.23529411764705882,47,53
v2_erdos_renyi_no_evolution_s4,v2,erdos_renyi_no_evolution,4,erdos_renyi,100,4,307,21,1.791759469222055,6,21,0.2857142857142857,50,55
v2_erdos_renyi_no_evolution_s4,v2,erdos_renyi_no_evolution,4,erdos_renyi,100,4,308,157,3.712883307654941,54,157,0.34394904458598724,59,53
v2_erdos_renyi_no_evolution_s4,v2,erdos_renyi_no_evolution,4,erdos_renyi,100,4,309,197,4.161001276843784,80,197,0.40609137055837563,6,55
v2_erdos_renyi_no_evolution_s4,v2,erdos_renyi_no_evolution,4,erdos_renyi,100,4,310,159,3.801847208394333,63,159,0.39622641509433965,35,53
v2_erdos_renyi_no_evolution_s4,v2,erdos_renyi_no_evolution,4,erdos_renyi,100,4,311,121,3.2820137979873785,42,121,0.34710743801652894,81,57
v2_erdos_renyi_no_evolution_s4,v2,erdos_renyi_no_evolution,4,erdos_renyi,100,4,312,105,3.1931483947852626,27,105,0.2571428571428571,31,53
v2_erdos_renyi_no_evolution_s4,v2,erdos_renyi_no_evolution,4,erdos_renyi,100,4,313,128,3.750361689789087,49,128,0.3828125,2,57
v2_erdos_renyi_no_evolution_s4,v2,erdos_renyi_no_evolution,4,erdos_renyi,100,4,314,132,3.622561199035632,51,132,0.38636363636363635,48,57
v2_erdos_renyi_no_evolution_s4,v2,erdos_renyi_no_evolution,4,erdos_renyi,100,4,315,8,1.0986122886651095,3,8,0.375,40,55
v2_erdos_renyi_no_evolution_s4,v2,erdos_renyi_no_evolution,4,erdos_renyi,100,4,316,273,4.155015872398361,103,273,0.3772893772893773,69,55
v2_erdos_renyi_no_evolution_s4,v2,erdos_renyi_no_evolution,4,erdos_renyi,100,4,317,9,1.0986122886651095,3,9,0.3333333333333333,75,57
v2_erdos_renyi_no_evolution_s4,v2,erdos_renyi_no_evolution,4,erdos_renyi,100,4,318,13,1.9459101490483133,7,13,0.5384615384615384,67,82
v2_erdos_renyi_no_evolution_s4,v2,erdos_renyi_no_evolution,4,erdos_renyi,100,4,319,47,2.3419942522214248,14,47,0.2978723404255319,14,55
v2_erdos_renyi_no_evolution_s4,v2,erdos_renyi_no_evolution,4,erdos_renyi,100,4,320,69,3.122424598309061,27,69,0.391304347826087,56,28
v2_erdos_renyi_no_evolution_s4,v2,erdos_renyi_no_evolution,4,erdos_renyi,100,4,321,0,0.0,0,0,,55,55
v2_erdos_renyi_no_evolution_s4,v2,erdos_renyi_no_evolution,4,erdos_renyi,100,4,322,25,2.302585092984045,10,25,0.4,38,57
v2_erdos_renyi_no_evolution_s4,v2,erdos_renyi_no_evolution,4,erdos_renyi,100,4,323,211,4.063219839413316,85,211,0.4028436018957346,5,55
v2_erdos_renyi_no_evolution_s4,v2,erdos_renyi_no_evolution,4,erdos_renyi,100,4,324,7,1.0986122886651095,3,7,0.42857142857142855,81,55
v2_erdos_renyi_no_evolution_s4,v2,erdos_renyi_no_evolution,4,erdos_renyi,100,4,325,86,3.244492630381296,27,86,0.313953488372093,18,82
v2_erdos_renyi_no_evolution_s4,v2,erdos_renyi_no_evolution,4,erdos_renyi,100,4,326,410,4.700453965887882,151,410,0.36829268292682926,1,82
v2_erdos_renyi_no_evolution_s4,v2,erdos_renyi_no_evolution,4,erdos_renyi,100,4,327,242,4.078469195872872,87,242,0.359504132231405,39,53
v2_erdos_renyi_no_evolution_s4,v2,erdos_renyi_no_evolution,4,erdos_renyi,100,4,328,1,-1.000088900581841e-12,1,1,1.0,85,53
v2_erdos_renyi_no_evolution_s4,v2,erdos_renyi_no_evolution,4,erdos_renyi,100,4,329,3,-1.000088900581841e-12,1,3,0.3333333333333333,54,57
v2_erdos_renyi_no_evolution_s4,v2,erdos_renyi_no_evolution,4,erdos_renyi,100,4,330,42,2.588573162668117,17,42,0.40476190476190477,51,57
v2_erdos_renyi_no_evolution_s4,v2,erdos_renyi_no_evolution,4,erdos_renyi,100,4,331,10000,-1.000088900581841e-12,3738,10000,0.3738,61,61
v2_erdos_renyi_no_evolution_s4,v2,erdos_renyi_no_evolution,4,erdos_renyi,100,4,332,136,3.7300743129644927,55,136,0.40441176470588236,32,55
v2_erdos_renyi_no_evolution_s4,v2,erdos_renyi_no_evolution,4,erdos_renyi,100,4,333,0,0.0,0,0,,53,53
v2_erdos_renyi_no_evolution_s4,v2,erdos_renyi_no_evolution,4,erdos_renyi,100,4,334,166,3.753434273122641,60,166,0.3614457831325301,25,55
v2_erdos_renyi_no_evolution_s4,v2,erdos_renyi_no_evolution,4,erdos_renyi,100,4,335,151,3.790923282761896,60,151,0.3973509933774834,0,82
v2_erdos_renyi_no_evolution_s4,v2,erdos_renyi_no_evolution,4,erdos_renyi,100,4,336,10,1.039720770836918,4,10,0.4,60,55
v2_erdos_renyi_no_evolution_s4,v2,erdos_renyi_no_evolution,4,erdos_renyi,100,4,337,170,4.050453190400803,70,170,0.4117647058823529,22,53
v2_erdos_renyi_no_evolution_s4,v2,erdos_renyi_no_evolution,4,erdos_renyi,100,4,338,192,4.059855895034858,67,192,0.3489583333333333,49,57
v2_erdos_renyi_no_evolution_s4,v2,erdos_renyi_no_evolution,4,erdos_renyi,100,4,339,527,4.742275779893326,211,527,0.40037950664136623,76,82
v2_erdos_renyi_no_evolution_s4,v2,erdos_renyi_no_evolution,4,erdos_renyi,100,4,340,78,3.5065025850265608,36,78,0.46153846153846156,52,53
v2_erdos_renyi_no_evolution_s4,v2,erdos_renyi_no_evolution,4,erdos_renyi,100,4,341,138,3.478139180732791,48,138,0.34782608695652173,3,55
v2_erdos_renyi_no_evolution_s4,v2,erdos_renyi_no_evolution,4,erdos_renyi,100,4,342,216,4.135463160939115,81,216,0.375,29,82
v2_erdos_renyi_no_evolution_s4,v2,erdos_renyi_no_evolution,4,erdos_renyi,100,4,343,71,3.120291565278284,24,71,0.3380281690140845,66,82
v2_erdos_renyi_no_evolution_s4,v2,erdos_renyi_no_evolution,4,erdos_renyi,100,4,344,0,0.0,0,0,,53,53
v2_erdos_renyi_no_evolution_s4,v2,erdos_renyi_no_evolution,4,erdos_renyi,100,4,345,93,3.357306009870857,35,93,0.3763440860215054,5,55
v2_erdos_renyi_no_evolution_s4,v2,erdos_renyi_no_evolution,4,erdos_renyi,100,4,346,30,2.4583113296710835,13,30,0.43333333333333335,69,53
v2_erdos_renyi_no_evolution_s4,v2,erdos_renyi_no_evolution,4,erdos_renyi,100,4,347,314,4.4895903435423445,108,314,0.34394904458598724,52,55
v2_erdos_renyi_no_evolution_s4,v2,erdos_renyi_no_evolution,4,erdos_renyi,100,4,348,80,2.954673212284816,23,80,0.2875,87,28
v2_erdos_renyi_no_evolution_s4,v2,erdos_renyi_no_evolution,4,erdos_renyi,100,4,349,33,2.369382119683676,12,33,0.36363636363636365,21,82
v2_erdos_renyi_no_evolution_s4,v2,erdos_renyi_no_evolution,4,erdos_renyi,100,4,350,217,4.086357221414515,79,217,0.3640552995391705,30,57
v2_erdos_renyi_no_evolution_s4,v2,erdos_renyi_no_evolution,4,erdos_renyi,100,4,351,191,3.872978483292064,65,191,0.3403141361256545,83,28
v2_erdos_renyi_no_evolution_s4,v2,erdos_renyi_no_evolution,4,erdos_renyi,100,4,352,77,3.271689322296034,29,77,0.37662337662337664,62,57
v2_erdos_renyi_no_evolution_s4,v2,erdos_renyi_no_evolution,4,erdos_renyi,100,4,353,91,3.550250017965948,40,91,0.43956043956043955,65,82
v2_erdos_renyi_no_evolution_s4,v2,erdos_renyi_no_evolution,4,erdos_renyi,100,4,354,451,4.753388995087417,163,451,0.3614190687361419,21,28
v2_erdos_renyi_no_evolution_s4,v2,erdos_renyi_no_evolution,4,erdos_renyi,100,4,355,25,1.9459101490483133,7,25,0.28,59,57
v2_erdos_renyi_no_evolution_s4,v2,erdos_renyi_no_evolution,4,erdos_renyi,100,4,356,96,3.467994408329786,36,96,0.375,66,55
v2_erdos_renyi_no_evolution_s4,v2,erdos_renyi_no_evolution,4,erdos_renyi,100,4,357,176,3.9703900619545553,76,176,0.4318181818181818,85,82
v2_erdos_renyi_no_evolution_s4,v2,erdos_renyi_no_evolution,4,erdos_renyi,100,4,358,21,1.798652206245129,11,21,0.5238095238095238,85,53
v2_erdos_renyi_no_evolution_s4,v2,erdos_renyi_no_evolution,4,erdos_renyi,100,4,359,3,0.6931471805579453,2,3,0.6666666666666666,86,82
v2_erdos_renyi_no_evolution_s4,v2,erdos_renyi_no_evolution,4,erdos_renyi,100,4,360,133,3.365776952951886,39,133,0.2932330827067669,24,82
v2_erdos_renyi_no_evolution_s4,v2,erdos_renyi_no_evolution,4,erdos_renyi,100,4,361,105,3.565561686466232,41,105,0.3904761904761905,77,55
v2_erdos_renyi_no_evolution_s4,v2,erdos_renyi_no_evolution,4,erdos_renyi,100,4,362,167,3.7226573014350026,58,167,0.3473053892215569,78,82
v2_erdos_renyi_no_evolution_s4,v2,erdos_renyi_no_evolution,4,erdos_renyi,100,4,363,153,3.696719101050484,46,153,0.3006535947712418,97,82
v2_erdos_renyi_no_evolution_s4,v2,erdos_renyi_no_evolution,4,erdos_renyi,100,4,364,66,2.5074547001510705,24,66,0.36363636363636365,85,57
v2_erdos_renyi_no_evolution_s4,v2,erdos_renyi_no_evolution,4,erdos_renyi,100,4,365,31,2.2718685126865625,11,31,0.3548387096774194,46,55
v2_erdos_renyi_no_evolution_s4,v2,erdos_renyi_no_evolution,4,erdos_renyi,100,4,366,10000,-1.000088900581841e-12,3700,10000,0.37,93,93
v2_erdos_renyi_no_evolution_s4,v2,erdos_renyi_no_evolution,4,erdos_renyi,100,4,367,82,3.379092505199735,32,82,0.3902439024390244,15,55
v2_erdos_renyi_no_evolution_s4,v2,erdos_renyi_no_evolution,4,erdos_renyi,100,4,368,289,4.489323946921624,110,289,0.3806228373702422,26,82
v2_erdos_renyi_no_evolution_s4,v2,erdos_renyi_no_evolution,4,erdos_renyi,100,4,369,126,3.666582267114095,46,126,0.36507936507936506,36,82
v2_erdos_renyi_no_evolution_s4,v2,erdos_renyi_no_evolution,4,erdos_renyi,100,4,370,10000,-1.000088900581841e-12,3619,10000,0.3619,63,63
v2_erdos_renyi_no_evolution_s4,v2,erdos_renyi_no_evolution,4,erdos_renyi,100,4,371,16,2.079441541671836,8,16,0.5,30,57
v2_erdos_renyi_no_evolution_s4,v2,erdos_renyi_no_evolution,4,erdos_renyi,100,4,372,132,3.73226286853511,54,132,0.4090909090909091,85,55
v2_erdos_renyi_no_evolution_s4,v2,erdos_renyi_no_evolution,4,erdos_renyi,100,4,373,280,4.350404719466865,100,280,0.35714285714285715,81,28
v2_erdos_renyi_no_evolution_s4,v2,erdos_renyi_no_evolution,4,erdos_renyi,100,4,374,10000,-1.000088900581841e-12,3693,10000,0.3693,93,93
v2_erdos_renyi_no_evolution_s4,v2,erdos_renyi_no_evolution,4,erdos_renyi,100,4,375,3,-1.000088900581841e-12,1,3,0.3333333333333333,80,28
v2_erdos_renyi_no_evolution_s4,v2,erdos_renyi_no_evolution,4,erdos_renyi,100,4,376,105,3.3524698782394617,36,105,0.34285714285714286,85,55
v2_erdos_renyi_no_evolution_s4,v2,erdos_renyi_no_evolution,4,erdos_renyi,100,4,377,280,4.316484010601369,87,280,0.3107142857142857,60,82
v2_erdos_renyi_no_evolution_s4,v2,erdos_renyi_no_evolution,4,erdos_renyi,100,4,378,70,3.1418041591892294,27,70,0.38571428571428573,3,55
v2_erdos_renyi_no_evolution_s4,v2,erdos_renyi_no_evolution,4,erdos_renyi,100,4,379,197,4.0592222150181305,85,197,0.43147208121827413,31,55
v2_erdos_renyi_no_evolution_s4,v2,erdos_renyi_no_evolution,4,erdos_renyi,100,4,380,15,1.791759469222055,6,15,0.4,52,82
v2_erdos_renyi_no_evolution_s4,v2,erdos_renyi_no_evolution,4,erdos_renyi,100,4,381,86,3.299829685639092,31,86,0.36046511627906974,92,57
v2_erdos_renyi_no_evolution_s4,v2,erdos_renyi_no_evolution,4,erdos_renyi,100,4,382,97,3.4513633638564465,41,97,0.422680412371134,44,57
v2_erdos_renyi_no_evolution_s4,v2,erdos_renyi_no_evolution,4,erdos_renyi,100,4,383,7,-1.000088900581841e-12,1,7,0.14285714285714285,54,57
v2_erdos_renyi_no_evolution_s4,v2,erdos_renyi_no_evolution,4,erdos_renyi,100,4,384,113,3.65422209504694,40,113,0.35398230088495575,5,55
v2_erdos_renyi_no_evolution_s4,v2,erdos_renyi_no_evolution,4,erdos_renyi,100,4,385,280,4.338816410336067,93,280,0.33214285714285713,0,57
v2_erdos_renyi_no_evolution_s4,v2,erdos_renyi_no_evolution,4,erdos_renyi,100,4,386,10,1.791759469222055,6,10,0.6,52,53
v2_erdos_renyi_no_evolution_s4,v2,erdos_renyi_no_evolution,4,erdos_renyi,100,4,387,11,1.039720770836918,4,11,0.36363636363636365,16,57
v2_erdos_renyi_no_evolution_s4,v2,erdos_renyi_no_evolution,4,erdos_renyi,100,4,388,85,3.0431376047264744,32,85,0.3764705882352941,39,57
v2_erdos_renyi_no_evolution_s4,v2,erdos_renyi_no_evolution,4,erdos_renyi,100,4,389,377,4.386417565580838,132,377,0.35013262599469497,72,53
v2_erdos_renyi_no_evolution_s4,v2,erdos_renyi_no_evolution,4,erdos_renyi,100,4,390,31,2.540036303807981,14,31,0.45161290322580644,32,57
v2_erdos_renyi_no_evolution_s4,v2,erdos_renyi_no_evolution,4,erdos_renyi,100,4,391,90,2.507454677046478,29,90,0.32222222222222224,45,57
v2_erdos_renyi_no_evolution_s4,v2,erdos_renyi_no_evolution,4,erdos_renyi,100,4,392,64,2.7184734013140126,20,64,0.3125,90,57
v2_erdos_renyi_no_evolution_s4,v2,erdos_renyi_no_evolution,4,erdos_renyi,100,4,393,26,2.197224577327219,9,26,0.34615384615384615,68,82
v2_erdos_renyi_no_evolution_s4,v2,erdos_renyi_no_evolution,4,erdos_renyi,100,4,394,48,2.094729047518648,12,48,0.25,50,82
v2_erdos_renyi_no_evolution_s4,v2,erdos_renyi_no_evolution,4,erdos_renyi,100,4,395,14,1.9459101490483133,7,14,0.5,2,57
v2_erdos_renyi_no_evolution_s4,v2,erdos_renyi_no_evolution,4,erdos_renyi,100,4,396,113,3.222410677488011,36,113,0.3185840707964602,6,82
v2_erdos_renyi_no_evolution_s4,v2,erdos_renyi_no_evolution,4,erdos_renyi,100,4,397,45,2.772588722223781,16,45,0.35555555555555557,91,57
v2_erdos_renyi_no_evolution_s4,v2,erdos_renyi_no_evolution,4,erdos_renyi,100,4,398,101,3.3909780549362365,36,101,0.3564356435643564,65,82
v2_erdos_renyi_no_evolution_s4,v2,erdos_renyi_no_evolution,4,erdos_renyi,100,4,399,366,4.49936786783493,132,366,0.36065573770491804,49,55
v2_erdos_renyi_no_evolution_s4,v2,erdos_renyi_no_evolution,4,erdos_renyi,100,4,400,180,3.8349513397251753,54,180,0.3,30,82
v2_erdos_renyi_no_evolution_s4,v2,erdos_renyi_no_evolution,4,erdos_renyi,100,4,401,152,3.8728045918575456,57,152,0.375,38,57
v2_erdos_renyi_no_evolution_s4,v2,erdos_renyi_no_evolution,4,erdos_renyi,100,4,402,115,3.4768454171194407,44,115,0.3826086956521739,31,55
v2_erdos_renyi_no_evolution_s4,v2,erdos_renyi_no_evolution,4,erdos_renyi,100,4,403,392,4.551809642844853,153,392,0.3903061224489796,24,53
v2_erdos_renyi_no_evolution_s4,v2,erdos_renyi_no_evolution,4,erdos_renyi,100,4,404,99,3.3969144201875685,35,99,0.35353535353535354,15,82
v2_erdos_renyi_no_evolution_s4,v2,erdos_renyi_no_evolution,4,erdos_renyi,100,4,405,122,3.605641583852999,42,122,0.3442622950819672,81,82
v2_erdos_renyi_no_evolution_s4,v2,erdos_renyi_no_evolution,4,erdos_renyi,100,4,406,0,0.0,0,0,,55,55
v2_erdos_renyi_no_evolution_s4,v2,erdos_renyi_no_evolution,4,erdos_renyi,100,4,407,29,2.685945324654788,16,29,0.5517241379310345,24,82
v2_erdos_renyi_no_evolution_s4,v2,erdos_renyi_no_evolution,4,erdos_renyi,100,4,408,272,4.10974927610183,86,272,0.3161764705882353,60,82
v2_erdos_renyi_no_evolution_s4,v2,erdos_renyi_no_evolution,4,erdos_renyi,100,4,409,52,2.363921103271948,17,52,0.3269230769230769,67,55
v2_erdos_renyi_no_evolution_s4,v2,erdos_renyi_no_evolution,4,erdos_renyi,100,4,410,449,4.632456052375312,169,449,0.37639198218262804,24,82
v2_erdos_renyi_no_evolution_s4,v2,erdos_renyi_no_evolution,4,erdos_renyi,100,4,411,209,4.132884519613843,80,209,0.3827751196172249,25,57
v2_erdos_renyi_no_evolution_s4,v2,erdos_renyi_no_evolution,4,erdos_renyi,100,4,412,6,0.6931471805579453,2,6,0.3333333333333333,97,82
v2_erdos_renyi_no_evolution_s4,v2,erdos_renyi_no_evolution,4,erdos_renyi,100,4,413,164,4.021619061832681,66,164,0.4024390243902439,94,82
v2_erdos_renyi_no_evolution_s4,v2,erdos_renyi_no_evolution,4,erdos_renyi,100,4,414,85,3.2706069569122977,33,85,0.38823529411764707,42,82
v2_erdos_renyi_no_evolution_s4,v2,erdos_renyi_no_evolution,4,erdos_renyi,100,4,415,136,3.796176766408677,55,136,0.40441176470588236,86,55
v2_erdos_renyi_no_evolution_s4,v2,erdos_renyi_no_evolution,4,erdos_renyi,100,4,416,57,2.588573162668117,17,57,0.2982456140350877,4,57
v2_erdos_renyi_no_evolution_s4,v2,erdos_renyi_no_evolution,4,erdos_renyi,100,4,417,153,3.578323836314148,41,153,0.2679738562091503,3,82
v2_erdos_renyi_no_evolution_s4,v2,erdos_renyi_no_evolution,4,erdos_renyi,100,4,418,20,2.079441541671836,8,20,0.4,94,82
v2_erdos_renyi_no_evolution_s4,v2,erdos_renyi_no_evolution,4,erdos_renyi,100,4,419,53,2.9957322735339904,20,53,0.37735849056603776,35,55
v2_erdos_renyi_no_evolution_s4,v2,erdos_renyi_no_evolution,4,erdos_renyi,100,4,420,182,3.886400408003117,60,182,0.32967032967032966,72,57
v2_erdos_renyi_no_evolution_s4,v2,erdos_renyi_no_evolution,4,erdos_renyi,100,4,421,211,4.008917637681285,74,211,0.35071090047393366,17,53
v2_erdos_renyi_no_evolution_s4,v2,erdos_renyi_no_evolution,4,erdos_renyi,100,4,422,11,1.3862943611158909,4,11,0.36363636363636365,96,82
v2_erdos_renyi_no_evolution_s4,v2,erdos_renyi_no_evolution,4,erdos_renyi,100,4,423,390,4.554087717222496,128,390,0.3282051282051282,79,28
v2_erdos_renyi_no_evolution_s4,v2,erdos_renyi_no_evolution,4,erdos_renyi,100,4,424,1,-1.000088900581841e-12,1,1,1.0,85,53
v2_erdos_renyi_no_evolution_s4,v2,erdos_renyi_no_evolution,4,erdos_renyi,100,4,425,169,3.842154812270749,68,169,0.40236686390532544,1,28
v2_erdos_renyi_no_evolution_s4,v2,erdos_renyi_no_evolution,4,erdos_renyi,100,4,426,3,-1.000088900581841e-12,1,3,0.3333333333333333,85,53
v2_erdos_renyi_no_evolution_s4,v2,erdos_renyi_no_evolution,4,erdos_renyi,100,4,427,10000,-1.000088900581841e-12,3691,10000,0.3691,63,63
v2_erdos_renyi_no_evolution_s4,v2,erdos_renyi_no_evolution,4,erdos_renyi,100,4,428,382,4.646279124894974,136,382,0.35602094240837695,99,55
v2_erdos_renyi_no_evolution_s4,v2,erdos_renyi_no_evolution,4,erdos_renyi,100,4,429,125,3.605641583852999,42,125,0.336,43,82
v2_erdos_renyi_no_evolution_s4,v2,erdos_renyi_no_evolution,4,erdos_renyi,100,4,430,99,3.361908713615984,36,99,0.36363636363636365,1,55
v2_erdos_renyi_no_evolution_s4,v2,erdos_renyi_no_evolution,4,erdos_renyi,100,4,431,34,2.685945324654788,16,34,0.47058823529411764,74,55
v2_erdos_renyi_no_evolution_s4,v2,erdos_renyi_no_evolution,4,erdos_renyi,100,4,432,152,3.886400408003117,60,152,0.39473684210526316,14,55
v2_erdos_renyi_no_evolution_s4,v2,erdos_renyi_no_evolution,4,erdos_renyi,100,4,433,49,3.120291565278284,24,49,0.4897959183673469,5,82
v2_erdos_renyi_no_evolution_s4,v2,erdos_renyi_no_evolution,4,erdos_renyi,100,4,434,106,3.5155926589389503,40,106,0.37735849056603776,59,57
v2_erdos_renyi_no_evolution_s4,v2,erdos_renyi_no_evolution,4,erdos_renyi,100,4,435,113,3.3684464578110758,38,113,0.336283185840708,97,82
v2_erdos_renyi_no_evolution_s4,v2,erdos_renyi_no_evolution,4,erdos_renyi,100,4,436,179,3.874376507706896,71,179,0.39664804469273746,18,55
v2_erdos_renyi_no_evolution_s4,v2,erdos_renyi_no_evolution,4,erdos_renyi,100,4,437,23,2.0431918705371204,9,23,0.391304347826087,11,28
v2_erdos_renyi_no_evolution_s4,v2,erdos_renyi_no_evolution,4,erdos_renyi,100,4,438,6,1.3862943611158909,4,6,0.6666666666666666,1,82
v2_erdos_renyi_no_evolution_s4,v2,erdos_renyi_no_evolution,4,erdos_renyi,100,4,439,183,3.900784511624706,60,183,0.32786885245901637,47,57
v2_erdos_renyi_no_evolution_s4,v2,erdos_renyi_no_evolution,4,erdos_renyi,100,4,440,10000,-1.000088900581841e-12,3596,10000,0.3596,93,93
v2_erdos_renyi_no_evolution_s4,v2,erdos_renyi_no_evolution,4,erdos_renyi,100,4,441,246,4.290629521195608,87,246,0.35365853658536583,71,82
v2_erdos_renyi_no_evolution_s4,v2,erdos_renyi_no_evolution,4,erdos_renyi,100,4,442,112,3.3684464578110758,38,112,0.3392857142857143,50,57
v2_erdos_renyi_no_evolution_s4,v2,erdos_renyi_no_evolution,4,erdos_renyi,100,4,443,131,3.850933677082608,54,131,0.4122137404580153,87,82
v2_erdos_renyi_no_evolution_s4,v2,erdos_renyi_no_evolution,4,erdos_renyi,100,4,444,1,-1.000088900581841e-12,1,1,1.0,84,55
v2_erdos_renyi_no_evolution_s4,v2,erdos_renyi_no_evolution,4,erdos_renyi,100,4,445,84,3.3322045101472035,28,84,0.3333333333333333,9,55
v2_erdos_renyi_no_evolution_s4,v2,erdos_renyi_no_evolution,4,erdos_renyi,100,4,446,38,2.813355404483615,18,38,0.47368421052631576,51,55
v2_erdos_renyi_no_evolution_s4,v2,erdos_renyi_no_evolution,4,erdos_renyi,100,4,447,107,3.1836729714587872,28,107,0.2616822429906542,54,53
v2_erdos_renyi_no_evolution_s4,v2,erdos_renyi_no_evolution,4,erdos_renyi,100,4,448,239,4.106227404089118,79,239,0.3305439330543933,90,55
v2_erdos_renyi_no_evolution_s4,v2,erdos_renyi_no_evolution,4,erdos_renyi,100,4,449,139,3.7415499360560274,51,139,0.3669064748201439,56,53
v2_erdos_renyi_no_evolution_s4,v2,erdos_renyi_no_evolution,4,erdos_renyi,100,4,450,184,3.896485584201989,71,184,0.3858695652173913,87,57
v2_erdos_renyi_no_evolution_s4,v2,erdos_renyi_no_evolution,4,erdos_renyi,100,4,451,222,3.9703900619545553,76,222,0.34234234234234234,67,57
v2_erdos_renyi_no_evolution_s4,v2,erdos_renyi_no_evolution,4,erdos_renyi,100,4,452,154,3.880696714486522,59,154,0.38311688311688313,22,82
v2_erdos_renyi_no_evolution_s4,v2,erdos_renyi_no_evolution,4,erdos_renyi,100,4,453,0,0.0,0,0,,82,82
v2_erdos_renyi_no_evolution_s4,v2,erdos_renyi_no_evolution,4,erdos_renyi,100,4,454,150,3.679750944731672,50,150,0.3333333333333333,44,55
v2_erdos_renyi_no_evolution_s4,v2,erdos_renyi_no_evolution,4,erdos_renyi,100,4,455,275,4.284163880746727,90,275,0.32727272727272727,12,55
v2_erdos_renyi_no_evolution_s4,v2,erdos_renyi_no_evolution,4,erdos_renyi,100,4,456,0,0.0,0,0,,28,28
v2_erdos_renyi_no_evolution_s4,v2,erdos_renyi_no_evolution,4,erdos_renyi,100,4,457,8,1.3862943611158909,4,8,0.5,40,57
v2_erdos_renyi_no_evolution_s4,v2,erdos_renyi_no_evolution,4,erdos_renyi,100,4,458,98,3.396914420187568,35,98,0.35714285714285715,3,82
v2_erdos_renyi_no_evolution_s4,v2,erdos_renyi_no_evolution,4,erdos_renyi,100,4,459,516,4.797955658555786,186,516,0.36046511627906974,27,82
v2_erdos_renyi_no_evolution_s4,v2,erdos_renyi_no_evolution,4,erdos_renyi,100,4,460,10000,-1.000088900581841e-12,3785,10000,0.3785,63,63
v2_erdos_renyi_no_evolution_s4,v2,erdos_renyi_no_evolution,4,erdos_renyi,100,4,461,41,2.6593226976945163,18,41,0.43902439024390244,32,82
v2_erdos_renyi_no_evolution_s4,v2,erdos_renyi_no_evolution,4,erdos_renyi,100,4,462,364,4.393900773999507,139,364,0.38186813186813184,79,28
v2_erdos_renyi_no_evolution_s4,v2,erdos_renyi_no_evolution,4,erdos_renyi,100,4,463,63,2.9785084205072385,21,63,0.3333333333333333,4,82
v2_erdos_renyi_no_evolution_s4,v2,erdos_renyi_no_evolution,4,erdos_renyi,100,4,464,69,3.176082814634593,29,69,0.42028985507246375,17,28
v2_erdos_renyi_no_evolution_s4,v2,erdos_renyi_no_evolution,4,erdos_renyi,100,4,465,53,3.135494215906149,23,53,0.4339622641509434,70,55
v2_erdos_renyi_no_evolution_s4,v2,erdos_renyi_no_evolution,4,erdos_renyi,100,4,466,92,3.658162873776453,44,92,0.4782608695652174,30,57
v2_erdos_renyi_no_evolution_s4,v2,erdos_renyi_no_evolution,4,erdos_renyi,100,4,467,110,3.54603493136854,46,110,0.41818181818181815,88,82
v2_erdos_renyi_no_evolution_s4,v2,erdos_renyi_no_evolution,4,erdos_renyi,100,4,468,111,3.6834363242964407,45,111,0.40540540540540543,10,82
v2_erdos_renyi_no_evolution_s4,v2,erdos_renyi_no_evolution,4,erdos_renyi,100,4,469,5,1.0986122886651095,3,5,0.6,35,57
v2_erdos_renyi_no_evolution_s4,v2,erdos_renyi_no_evolution,4,erdos_renyi,100,4,470,85,3.244454041235864,33,85,0.38823529411764707,27,57
v2_erdos_renyi_no_evolution_s4,v2,erdos_renyi_no_evolution,4,erdos_renyi,100,4,471,0,0.0,0,0,,53,53
v2_erdos_renyi_no_evolution_s4,v2,erdos_renyi_no_evolution,4,erdos_renyi,100,4,472,77,3.3176975995541462,35,77,0.45454545454545453,30,55
v2_erdos_renyi_no_evolution_s4,v2,erdos_renyi_no_evolution,4,erdos_renyi,100,4,473,1,-1.000088900581841e-12,1,1,1.0,84,55
v2_erdos_renyi_no_evolution_s4,v2,erdos_renyi_no_evolution,4,erdos_renyi,100,4,474,17,1.9459101490483133,7,17,0.4117647058823529,51,82
v2_erdos_renyi_no_evolution_s4,v2,erdos_renyi_no_evolution,4,erdos_renyi,100,4,475,34,2.197224577327219,9,34,0.2647058823529412,42,55
v2_erdos_renyi_no_evolution_s4,v2,erdos_renyi_no_evolution,4,erdos_renyi,100,4,476,99,3.5924696275736783,39,99,0.3939393939393939,75,82
v2_erdos_renyi_no_evolution_s4,v2,erdos_renyi_no_evolution,4,erdos_renyi,100,4,477,17,1.6094379124291005,5,17,0.29411764705882354,96,28
v2_erdos_renyi_no_evolution_s4,v2,erdos_renyi_no_evolution,4,erdos_renyi,100,4,478,23,2.197224577327219,9,23,0.391304347826087,45,55
v2_erdos_renyi_no_evolution_s4,v2,erdos_renyi_no_evolution,4,erdos_renyi,100,4,479,2,-1.000088900581841e-12,1,2,0.5,1,82
v2_erdos_renyi_no_evolution_s4,v2,erdos_renyi_no_evolution,4,erdos_renyi,100,4,480,36,2.61563057701355,15,36,0.4166666666666667,48,82
v2_erdos_renyi_no_evolution_s4,v2,erdos_renyi_no_evolution,4,erdos_renyi,100,4,481,73,3.367295829957475,29,73,0.3972602739726027,95,55
v2_erdos_renyi_no_evolution_s4,v2,erdos_renyi_no_evolution,4,erdos_renyi,100,4,482,282,4.223862344656428,111,282,0.39361702127659576,67,57
v2_erdos_renyi_no_evolution_s4,v2,erdos_renyi_no_evolution,4,erdos_renyi,100,4,483,260,4.278088468014763,97,260,0.3730769230769231,25,82
v2_erdos_renyi_no_evolution_s4,v2,erdos_renyi_no_evolution,4,erdos_renyi,100,4,484,4,0.6931471805579453,2,4,0.5,90,55
v2_erdos_renyi_no_evolution_s4,v2,erdos_renyi_no_evolution,4,erdos_renyi,100,4,485,179,3.951186258269278,59,179,0.329608938547486,96,55
v2_erdos_renyi_no_evolution_s4,v2,erdos_renyi_no_evolution,4,erdos_renyi,100,4,486,22,2.197224577327219,9,22,0.4090909090909091,5,82
v2_erdos_renyi_no_evolution_s4,v2,erdos_renyi_no_evolution,4,erdos_renyi,100,4,487,20,1.6094379124291005,5,20,0.25,92,82
v2_erdos_renyi_no_evolution_s4,v2,erdos_renyi_no_evolution,4,erdos_renyi,100,4,488,94,3.37644338427611,36,94,0.3829787234042553,43,57
v2_erdos_renyi_no_evolution_s4,v2,erdos_renyi_no_evolution,4,erdos_renyi,100,4,489,11,2.079441541671836,8,11,0.7272727272727273,17,57
v2_erdos_renyi_no_evolution_s4,v2,erdos_renyi_no_evolution,4,erdos_renyi,100,4,490,59,3.0910424533363146,22,59,0.3728813559322034,77,28
v2_erdos_renyi_no_evolution_s4,v2,erdos_renyi_no_evolution,4,erdos_renyi,100,4,491,98,3.4294862316330117,36,98,0.3673469387755102,17,57
v2_erdos_renyi_no_evolution_s4,v2,erdos_renyi_no_evolution,4,erdos_renyi,100,4,492,50,2.430791328866232,15,50,0.3,50,55
v2_erdos_renyi_no_evolution_s4,v2,erdos_renyi_no_evolution,4,erdos_renyi,100,4,493,86,3.2238860684653137,29,86,0.3372093023255814,97,57
v2_erdos_renyi_no_evolution_s4,v2,erdos_renyi_no_evolution,4,erdos_renyi,100,4,494,149,3.663772269435967,59,149,0.3959731543624161,40,55
v2_erdos_renyi_no_evolution_s4,v2,erdos_renyi_no_evolution,4,erdos_renyi,100,4,495,114,3.5861083201921877,50,114,0.43859649122807015,87,53
v2_erdos_renyi_no_evolution_s4,v2,erdos_renyi_no_evolution,4,erdos_renyi,100,4,496,169,4.0071088820736325,72,169,0.4260355029585799,22,82
v2_erdos_renyi_no_evolution_s4,v2,erdos_renyi_no_evolution,4,erdos_renyi,100,4,497,209,4.298788764374942,84,209,0.4019138755980861,67,55
v2_erdos_renyi_no_evolution_s4,v2,erdos_renyi_no_evolution,4,erdos_renyi,100,4,498,113,3.430313456117072,41,113,0.36283185840707965,65,53
v2_erdos_renyi_no_evolution_s4,v2,erdos_renyi_no_evolution,4,erdos_renyi,100,4,499,5,0.6931471805579453,2,5,0.4,97,82
v2_erdos_renyi_no_evolution_s4,v2,erdos_renyi_no_evolution,4,erdos_renyi,100,4,500,3,-1.000088900581841e-12,1,3,0.3333333333333333,85,53
v2_erdos_renyi_no_evolution_s4,v2,erdos_renyi_no_evolution,4,erdos_renyi,100,4,501,149,3.7911563522557006,47,149,0.31543624161073824,34,53
v2_erdos_renyi_no_evolution_s4,v2,erdos_renyi_no_evolution,4,erdos_renyi,100,4,502,522,4.799297614365972,182,522,0.3486590038314176,34,57
v2_erdos_renyi_no_evolution_s4,v2,erdos_renyi_no_evolution,4,erdos_renyi,100,4,503,7,0.6931471805579453,2,7,0.2857142857142857,4,82
v2_erdos_renyi_no_evolution_s4,v2,erdos_renyi_no_evolution,4,erdos_renyi,100,4,504,106,3.619564736019943,40,106,0.37735849056603776,59,55
v2_erdos_renyi_no_evolution_s4,v2,erdos_renyi_no_evolution,4,erdos_renyi,100,4,505,230,4.015831238942739,80,230,0.34782608695652173,52,57
v2_erdos_renyi_no_evolution_s4,v2,erdos_renyi_no_evolution,4,erdos_renyi,100,4,506,91,3.4124897213676078,33,91,0.3626373626373626,20,82
v2_erdos_renyi_no_evolution_s4,v2,erdos_renyi_no_evolution,4,erdos_renyi,100,4,507,247,4.282439220990194,106,247,0.4291497975708502,15,82
v2_erdos_renyi_no_evolution_s4,v2,erdos_renyi_no_evolution,4,erdos_renyi,100,4,508,10000,-1.000088900581841e-12,3632,10000,0.3632,61,61
v2_erdos_renyi_no_evolution_s4,v2,erdos_renyi_no_evolution,4,erdos_renyi,100,4,509,26,2.3978952727873706,11,26,0.4230769230769231,6,57
v2_erdos_renyi_no_evolution_s4,v2,erdos_renyi_no_evolution,4,erdos_renyi,100,4,510,95,3.2829507132595905,31,95,0.3263157894736842,30,57
v2_erdos_renyi_no_evolution_s4,v2,erdos_renyi_no_evolution,4,erdos_renyi,100,4,511,5,-1.000088900581841e-12,1,5,0.2,54,57
v2_erdos_renyi_no_evolution_s4,v2,erdos_renyi_no_evolution,4,erdos_renyi,100,4,512,35,2.079441541671836,8,35,0.22857142857142856,27,57
v2_erdos_renyi_no_evolution_s4,v2,erdos_renyi_no_evolution,4,erdos_renyi,100,4,513,261,4.351351859352529,102,261,0.39080459770114945,33,55
v2_erdos_renyi_no_evolution_s4,v2,erdos_renyi_no_evolution,4,erdos_renyi,100,4,514,89,2.846323859448728,27,89,0.30337078651685395,32,57
v2_erdos_renyi_no_evolution_s4,v2,erdos_renyi_no_evolution,4,erdos_renyi,100,4,515,181,3.845853897193301,60,181,0.3314917127071823,9,57
v2_erdos_renyi_no_evolution_s4,v2,erdos_renyi_no_evolution,4,erdos_renyi,100,4,516,40,2.8332133440392155,17,40,0.425,13,28
v2_erdos_renyi_no_evolution_s4,v2,erdos_renyi_no_evolution,4,erdos_renyi,100,4,517,207,4.219527917179836,80,207,0.3864734299516908,2,55
v2_erdos_renyi_no_evolution_s4,v2,erdos_renyi_no_evolution,4,erdos_renyi,100,4,518,135,3.672697835847172,53,135,0.3925925925925926,20,57
v2_erdos_renyi_no_evolution_s4,v2,erdos_renyi_no_evolution,4,erdos_renyi,100,4,519,10000,-1.000088900581841e-12,3727,10000,0.3727,63,63
v2_erdos_renyi_no_evolution_s4,v2,erdos_renyi_no_evolution,4,erdos_renyi,100,4,520,138,3.671655601047183,42,138,0.30434782608695654,74,82
v2_erdos_renyi_no_evolution_s4,v2,erdos_renyi_no_evolution,4,erdos_renyi,100,4,521,124,3.5106997211395683,41,124,0.33064516129032256,10,57
v2_erdos_renyi_no_evolution_s4,v2,erdos_renyi_no_evolution,4,erdos_renyi,100,4,522,20,1.6094379124291005,5,20,0.25,18,28
v2_erdos_renyi_no_evolution_s4,v2,erdos_renyi_no_evolution,4,erdos_renyi,100,4,523,4,0.6931471805579453,2,4,0.5,16,57
v2_erdos_renyi_no_evolution_s4,v2,erdos_renyi_no_evolution,4,erdos_renyi,100,4,524,251,4.273401941651039,85,251,0.3386454183266932,94,57
v2_erdos_renyi_no_evolution_s4,v2,erdos_renyi_no_evolution,4,erdos_renyi,100,4,525,47,2.965015693236507,22,47,0.46808510638297873,37,53
v2_erdos_renyi_no_evolution_s4,v2,erdos_renyi_no_evolution,4,erdos_renyi,100,4,526,25,2.1639556568730565,10,25,0.4,75,82
v2_erdos_renyi_no_evolution_s4,v2,erdos_renyi_no_evolution,4,erdos_renyi,100,4,527,345,4.22338814856114,115,345,0.3333333333333333,25,55
v2_erdos_renyi_no_evolution_s4,v2,erdos_renyi_no_evolution,4,erdos_renyi,100,4,528,145,3.691183227430579,52,145,0.3586206896551724,24,82
v2_erdos_renyi_no_evolution_s4,v2,erdos_renyi_no_evolution,4,erdos_renyi,100,4,529,14,1.6094379124291005,5,14,0.35714285714285715,2,28
v2_erdos_renyi_no_evolution_s4,v2,erdos_renyi_no_evolution,4,erdos_renyi,100,4,530,102,3.2365485002530345,42,102,0.4117647058823529,38,53
v2_erdos_renyi_no_evolution_s4,v2,erdos_renyi_no_evolution,4,erdos_renyi,100,4,531,317,4.37978991509541,99,317,0.31230283911671924,45,53
v2_erdos_renyi_no_evolution_s4,v2,erdos_renyi_no_evolution,4,erdos_renyi,100,4,532,188,4.047859438385532,78,188,0.4148936170212766,18,82
v2_erdos_renyi_no_evolution_s4,v2,erdos_renyi_no_evolution,4,erdos_renyi,100,4,533,49,2.8332133440392155,17,49,0.3469387755102041,50,55
v2_erdos_renyi_no_evolution_s4,v2,erdos_renyi_no_evolution,4,erdos_renyi,100,4,534,71,3.135494215906149,23,71,0.323943661971831,92,57
v2_erdos_renyi_no_evolution_s4,v2,erdos_renyi_no_evolution,4,erdos_renyi,100,4,535,79,3.1931483947852626,27,79,0.34177215189873417,18,82
v2_erdos_renyi_no_evolution_s4,v2,erdos_renyi_no_evolution,4,erdos_renyi,100,4,536,247,4.175626560862839,98,247,0.3967611336032389,6,55
v2_erdos_renyi_no_evolution_s4,v2,erdos_renyi_no_evolution,4,erdos_renyi,100,4,537,88,3.158039775194436,29,88,0.32954545454545453,18,82
v2_erdos_renyi_no_evolution_s4,v2,erdos_renyi_no_evolution,4,erdos_renyi,100,4,538,118,3.0650971906881788,35,118,0.2966101694915254,10,82
v2_erdos_renyi_no_evolution_s4,v2,erdos_renyi_no_evolution,4,erdos_renyi,100,4,539,160,3.768732178429927,51,160,0.31875,43,28
v2_erdos_renyi_no_evolution_s4,v2,erdos_renyi_no_evolution,4,erdos_renyi,100,4,540,18,1.791759469222055,6,18,0.3333333333333333,31,82
v2_erdos_renyi_no_evolution_s4,v2,erdos_renyi_no_evolution,4,erdos_renyi,100,4,541,54,3.0280290732864104,22,54,0.4074074074074074,3,57
v2_erdos_renyi_no_evolution_s4,v2,erdos_renyi_no_evolution,4,erdos_renyi,100,4,542,170,3.734356436050007,56,170,0.32941176470588235,26,57
v2_erdos_renyi_no_evolution_s4,v2,erdos_renyi_no_evolution,4,erdos_renyi,100,4,543,108,3.491660437469239,38,108,0.35185185185185186,76,82
v2_erdos_renyi_no_evolution_s4,v2,erdos_renyi_no_evolution,4,erdos_renyi,100,4,544,36,2.3383717047925723,15,36,0.4166666666666667,24,57
v2_erdos_renyi_no_evolution_s4,v2,erdos_renyi_no_evolution,4,erdos_renyi,100,4,545,27,1.7478680974607577,7,27,0.25925925925925924,83,53
v2_erdos_renyi_no_evolution_s4,v2,erdos_renyi_no_evolution,4,erdos_renyi,100,4,546,288,4.2665944496602535,112,288,0.3888888888888889,24,53
v2_erdos_renyi_no_evolution_s4,v2,erdos_renyi_no_evolution,4,erdos_renyi,100,4,547,318,4.603553212238763,130,318,0.4088050314465409,24,55
v2_erdos_renyi_no_evolution_s4,v2,erdos_renyi_no_evolution,4,erdos_renyi,100,4,548,146,3.704107926157332,51,146,0.3493150684931507,91,57
v2_erdos_renyi_no_evolution_s4,v2,erdos_renyi_no_evolution,4,erdos_renyi,100,4,549,3,-1.000088900581841e-12,1,3,0.3333333333333333,85,53
v2_erdos_renyi_no_evolution_s4,v2,erdos_renyi_no_evolution,4,erdos_renyi,100,4,550,216,4.020580424400303,74,216,0.3425925925925926,12,82
v2_erdos_renyi_no_evolution_s4,v2,erdos_renyi_no_evolution,4,erdos_renyi,100,4,551,26,2.3978952727873706,11,26,0.4230769230769231,46,55
v2_erdos_renyi_no_evolution_s4,v2,erdos_renyi_no_evolution,4,erdos_renyi,100,4,552,251,4.333547200882596,103,251,0.4103585657370518,13,55
v2_erdos_renyi_no_evolution_s4,v2,erdos_renyi_no_evolution,4,erdos_renyi,100,4,553,114,3.744775477775472,48,114,0.42105263157894735,7,57
v2_erdos_renyi_no_evolution_s4,v2,erdos_renyi_no_evolution,4,erdos_renyi,100,4,554,0,0.0,0,0,,53,53
v2_erdos_renyi_no_evolution_s4,v2,erdos_renyi_no_evolution,4,erdos_renyi,100,4,555,89,3.2706069569122977,33,89,0.3707865168539326,6,82
v2_erdos_renyi_no_evolution_s4,v2,erdos_renyi_no_evolution,4,erdos_renyi,100,4,556,184,3.794365519892889,69,184,0.375,29,53
v2_erdos_renyi_no_evolution_s4,v2,erdos_renyi_no_evolution,4,erdos_renyi,100,4,557,23,2.253857589591352,12,23,0.5217391304347826,22,57
v2_erdos_renyi_no_evolution_s4,v2,erdos_renyi_no_evolution,4,erdos_renyi,100,4,558,258,4.3477396974618525,96,258,0.37209302325581395,36,57
v2_erdos_renyi_no_evolution_s4,v2,erdos_renyi_no_evolution,4,erdos_renyi,100,4,559,914,5.0659325671575735,331,914,0.36214442013129106,72,53
v2_erdos_renyi_no_evolution_s4,v2,erdos_renyi_no_evolution,4,erdos_renyi,100,4,560,137,3.481313782368161,49,137,0.35766423357664234,42,53
v2_erdos_renyi_no_evolution_s4,v2,erdos_renyi_no_evolution,4,erdos_renyi,100,4,561,6,1.0986122886651095,3,6,0.5,47,55
v2_erdos_renyi_no_evolution_s4,v2,erdos_renyi_no_evolution,4,erdos_renyi,100,4,562,0,0.0,0,0,,82,82
v2_erdos_renyi_no_evolution_s4,v2,erdos_renyi_no_evolution,4,erdos_renyi,100,4,563,150,3.7379676629805214,52,150,0.3466666666666667,4,82
v2_erdos_renyi_no_evolution_s4,v2,erdos_renyi_no_evolution,4,erdos_renyi,100,4,564,130,3.4641255137043623,41,130,0.3153846153846154,13,82
v2_erdos_renyi_no_evolution_s4,v2,erdos_renyi_no_evolution,4,erdos_renyi,100,4,565,264,4.1706310258689125,96,264,0.36363636363636365,96,82
v2_erdos_renyi_no_evolution_s4,v2,erdos_renyi_no_evolution,4,erdos_renyi,100,4,566,133,3.4858315997982245,39,133,0.2932330827067669,12,82
v2_erdos_renyi_no_evolution_s4,v2,erdos_renyi_no_evolution,4,erdos_renyi,100,4,567,48,2.767923626484886,25,48,0.5208333333333334,87,82
v2_erdos_renyi_no_evolution_s4,v2,erdos_renyi_no_evolution,4,erdos_renyi,100,4,568,97,3.488737420386817,44,97,0.4536082474226804,66,53
v2_erdos_renyi_no_evolution_s4,v2,erdos_renyi_no_evolution,4,erdos_renyi,100,4,569,223,4.102474636507732,80,223,0.35874439461883406,66,55
v2_erdos_renyi_no_evolution_s4,v2,erdos_renyi_no_evolution,4,erdos_renyi,100,4,570,52,2.813355404483615,18,52,0.34615384615384615,83,82
v2_erdos_renyi_no_evolution_s4,v2,erdos_renyi_no_evolution,4,erdos_renyi,100,4,571,57,2.5649493574485365,13,57,0.22807017543859648,91,82
v2_erdos_renyi_no_evolution_s4,v2,erdos_renyi_no_evolution,4,erdos_renyi,100,4,572,317,4.379937649977981,105,317,0.3312302839116719,21,57
v2_erdos_renyi_no_evolution_s4,v2,erdos_renyi_no_evolution,4,erdos_renyi,100,4,573,395,4.608337368136143,159,395,0.40253164556962023,45,55
v2_erdos_renyi_no_evolution_s4,v2,erdos_renyi_no_evolution,4,erdos_renyi,100,4,574,243,3.971769339225815,86,243,0.35390946502057613,65,82
v2_erdos_renyi_no_evolution_s4,v2,erdos_renyi_no_evolution,4,erdos_renyi,100,4,575,211,4.158871493748898,79,211,0.3744075829383886,36,57
v2_erdos_renyi_no_evolution_s4,v2,erdos_renyi_no_evolution,4,erdos_renyi,100,4,576,74,3.000356566236827,27,74,0.36486486486486486,33,82
v2_erdos_renyi_no_evolution_s4,v2,erdos_renyi_no_evolution,4,erdos_renyi,100,4,577,113,3.5155926589389503,40,113,0.35398230088495575,96,57
v2_erdos_renyi_no_evolution_s4,v2,erdos_renyi_no_evolution,4,erdos_renyi,100,4,578,309,4.450262230992615,122,309,0.3948220064724919,34,82
v2_erdos_renyi_no_evolution_s4,v2,erdos_renyi_no_evolution,4,erdos_renyi,100,4,579,0,0.0,0,0,,28,28
v2_erdos_renyi_no_evolution_s4,v2,erdos_renyi_no_evolution,4,erdos_renyi,100,4,580,35,2.197224577327219,9,35,0.2571428571428571,64,53
v2_erdos_renyi_no_evolution_s4,v2,erdos_renyi_no_evolution,4,erdos_renyi,100,4,581,448,4.812502178830633,181,448,0.40401785714285715,56,82
v2_erdos_renyi_no_evolution_s4,v2,erdos_renyi_no_evolution,4,erdos_renyi,100,4,582,37,2.61563057701355,15,37,0.40540540540540543,52,55
v2_erdos_renyi_no_evolution_s4,v2,erdos_renyi_no_evolution,4,erdos_renyi,100,4,583,9,1.3862943611158909,4,9,0.4444444444444444,29,57
v2_erdos_renyi_no_evolution_s4,v2,erdos_renyi_no_evolution,4,erdos_renyi,100,4,584,30,2.3978952727873706,11,30,0.36666666666666664,76,55
v2_erdos_renyi_no_evolution_s4,v2,erdos_renyi_no_evolution,4,erdos_renyi,100,4,585,112,3.65422209504694,40,112,0.35714285714285715,30,57
v2_erdos_renyi_no_evolution_s4,v2,erdos_renyi_no_evolution,4,erdos_renyi,100,4,586,196,4.206186957413317,81,196,0.413265306122449,32,57
v2_erdos_renyi_no_evolution_s4,v2,erdos_renyi_no_evolution,4,erdos_renyi,100,4,587,67,3.204777524107256,26,67,0.3880597014925373,92,82
v2_erdos_renyi_no_evolution_s4,v2,erdos_renyi_no_evolution,4,erdos_renyi,100,4,588,17,1.6094379124291005,5,17,0.29411764705882354,80,82
v2_erdos_renyi_no_evolution_s4,v2,erdos_renyi_no_evolution,4,erdos_renyi,100,4,589,97,3.5677636931747174,43,97,0.44329896907216493,12,82
v2_erdos_renyi_no_evolution_s4,v2,erdos_renyi_no_evolution,4,erdos_renyi,100,4,590,4,-1.000088900581841e-12,1,4,0.25,8,57
v2_erdos_renyi_no_evolution_s4,v2,erdos_renyi_no_evolution,4,erdos_renyi,100,4,591,302,4.389895376463497,113,302,0.3741721854304636,74,82
v2_erdos_renyi_no_evolution_s4,v2,erdos_renyi_no_evolution,4,erdos_renyi,100,4,592,106,3.5157396511377024,35,106,0.330188679245283,9,28
v2_erdos_renyi_no_evolution_s4,v2,erdos_renyi_no_evolution,4,erdos_renyi,100,4,593,108,3.539627566658813,42,108,0.3888888888888889,79,82
v2_erdos_renyi_no_evolution_s4,v2,erdos_renyi_no_evolution,4,erdos_renyi,100,4,594,28,2.302585092984045,10,28,0.35714285714285715,46,55
v2_erdos_renyi_no_evolution_s4,v2,erdos_renyi_no_evolution,4,erdos_renyi,100,4,595,18,2.079441541671836,8,18,0.4444444444444444,26,53
v2_erdos_renyi_no_evolution_s4,v2,erdos_renyi_no_evolution,4,erdos_renyi,100,4,596,234,4.038915245201005,85,234,0.36324786324786323,12,57
v2_erdos_renyi_no_evolution_s4,v2,erdos_renyi_no_evolution,4,erdos_renyi,100,4,597,352,4.52814036707811,139,352,0.39488636363636365,25,57
v2_erdos_renyi_no_evolution_s4,v2,erdos_renyi_no_evolution,4,erdos_renyi,100,4,598,27,2.2718685126865625,11,27,0.4074074074074074,22,57
v2_erdos_renyi_no_evolution_s4,v2,erdos_renyi_no_evolution,4,erdos_renyi,100,4,599,205,4.176517438797563,73,205,0.35609756097560974,81,82
v2_erdos_renyi_no_evolution_s4,v2,erdos_renyi_no_evolution,4,erdos_renyi,100,4,600,141,3.6548079912793474,49,141,0.3475177304964539,25,82
v2_erdos_renyi_no_evolution_s4,v2,erdos_renyi_no_evolution,4,erdos_renyi,100,4,601,461,4.796004645069951,187,461,0.40563991323210413,54,82
v2_erdos_renyi_no_evolution_s4,v2,erdos_renyi_no_evolution,4,erdos_renyi,100,4,602,3,0.6931471805579453,2,3,0.6666666666666666,94,55
v2_erdos_renyi_no_evolution_s4,v2,erdos_renyi_no_evolution,4,erdos_renyi,100,4,603,37,2.094729047518648,12,37,0.32432432432432434,87,57
v2_erdos_renyi_no_evolution_s4,v2,erdos_renyi_no_evolution,4,erdos_renyi,100,4,604,214,4.288377045630237,82,214,0.38317757009345793,66,55
v2_erdos_renyi_no_evolution_s4,v2,erdos_renyi_no_evolution,4,erdos_renyi,100,4,605,78,3.3324877677623777,34,78,0.4358974358974359,3,57
v2_erdos_renyi_no_evolution_s4,v2,erdos_renyi_no_evolution,4,erdos_renyi,100,4,606,12,1.0986122886651095,3,12,0.25,80,82
v2_erdos_renyi_no_evolution_s4,v2,erdos_renyi_no_evolution,4,erdos_renyi,100,4,607,38,2.16822349160464,14,38,0.3684210526315789,75,57
v2_erdos_renyi_no_evolution_s4,v2,erdos_renyi_no_evolution,4,erdos_renyi,100,4,608,125,3.506148144454139,45,125,0.36,65,57
v2_erdos_renyi_no_evolution_s4,v2,erdos_renyi_no_evolution,4,erdos_renyi,100,4,609,382,4.546675090780171,140,382,0.36649214659685864,74,82
v2_erdos_renyi_no_evolution_s4,v2,erdos_renyi_no_evolution,4,erdos_renyi,100,4,610,258,4.202383036583356,89,258,0.3449612403100775,33,53
v2_erdos_renyi_no_evolution_s4,v2,erdos_renyi_no_evolution,4,erdos_renyi,100,4,611,126,3.430313456117072,41,126,0.3253968253968254,80,82
v2_erdos_renyi_no_evolution_s4,v2,erdos_renyi_no_evolution,4,erdos_renyi,100,4,612,48,2.787788119369007,20,48,0.4166666666666667,50,57
v2_erdos_renyi_no_evolution_s4,v2,erdos_renyi_no_evolution,4,erdos_renyi,100,4,613,728,5.092559077416688,276,728,0.3791208791208791,69,55
v2_erdos_renyi_no_evolution_s4,v2,erdos_renyi_no_evolution,4,erdos_renyi,100,4,614,313,4.300720829348559,105,313,0.3354632587859425,58,82
v2_erdos_renyi_no_evolution_s4,v2,erdos_renyi_no_evolution,4,erdos_renyi,100,4,615,186,4.011106691942162,63,186,0.3387096774193548,11,57
v2_erdos_renyi_no_evolution_s4,v2,erdos_renyi_no_evolution,4,erdos_renyi,100,4,616,5,0.6931471805579453,2,5,0.4,97,82
v2_erdos_renyi_no_evolution_s4,v2,erdos_renyi_no_evolution,4,erdos_renyi,100,4,617,11,1.3862943611158909,4,11,0.36363636363636365,42,53
v2_erdos_renyi_no_evolution_s4,v2,erdos_renyi_no_evolution,4,erdos_renyi,100,4,618,67,2.987771452401131,27,67,0.40298507462686567,7,55
v2_erdos_renyi_no_evolution_s4,v2,erdos_renyi_no_evolution,4,erdos_renyi,100,4,619,522,4.755473959408368,192,522,0.367816091954023,12,82
v2_erdos_renyi_no_evolution_s4,v2,erdos_renyi_no_evolution,4,erdos_renyi,100,4,620,120,3.671655601047183,42,120,0.35,21,57
v2_erdos_renyi_no_evolution_s4,v2,erdos_renyi_no_evolution,4,erdos_renyi,100,4,621,182,4.055116036737619,63,182,0.34615384615384615,5,82
v2_erdos_renyi_no_evolution_s4,v2,erdos_renyi_no_evolution,4,erdos_renyi,100,4,622,53,2.871476118036867,19,53,0.3584905660377358,20,55
v2_erdos_renyi_no_evolution_s4,v2,erdos_renyi_no_evolution,4,erdos_renyi,100,4,623,10000,-1.000088900581841e-12,3664,10000,0.3664,61,61
v2_erdos_renyi_no_evolution_s4,v2,erdos_renyi_no_evolution,4,erdos_renyi,100,4,624,233,4.113247964251593,93,233,0.39914163090128757,70,82
v2_erdos_renyi_no_evolution_s4,v2,erdos_renyi_no_evolution,4,erdos_renyi,100,4,625,48,2.8903717578781647,18,48,0.375,91,55
v2_erdos_renyi_no_evolution_s4,v2,erdos_renyi_no_evolution,4,erdos_renyi,100,4,626,2,-1.000088900581841e-12,1,2,0.5,40,55
v2_erdos_renyi_no_evolution_s4,v2,erdos_renyi_no_evolution,4,erdos_renyi,100,4,627,115,3.744502241317806,52,115,0.45217391304347826,27,57
v2_erdos_renyi_no_evolution_s4,v2,erdos_renyi_no_evolution,4,erdos_renyi,100,4,628,9,1.6094379124291005,5,9,0.5555555555555556,16,28
v2_erdos_renyi_no_evolution_s4,v2,erdos_renyi_no_evolution,4,erdos_renyi,100,4,629,3,0.6931471805579453,2,3,0.6666666666666666,60,55
v2_erdos_renyi_no_evolution_s4,v2,erdos_renyi_no_evolution,4,erdos_renyi,100,4,630,106,3.2235308319560225,35,106,0.330188679245283,5,57
v2_erdos_renyi_no_evolution_s4,v2,erdos_renyi_no_evolution,4,erdos_renyi,100,4,631,52,2.926417555478996,20,52,0.38461538461538464,15,82
v2_erdos_renyi_no_evolution_s4,v2,erdos_renyi_no_evolution,4,erdos_renyi,100,4,632,35,2.6701198897918164,17,35,0.4857142857142857,32,82
v2_erdos_renyi_no_evolution_s4,v2,erdos_renyi_no_evolution,4,erdos_renyi,100,4,633,186,4.1141649405080605,75,186,0.4032258064516129,44,55
v2_erdos_renyi_no_evolution_s4,v2,erdos_renyi_no_evolution,4,erdos_renyi,100,4,634,329,4.31089803039681,122,329,0.3708206686930091,87,57
v2_erdos_renyi_no_evolution_s4,v2,erdos_renyi_no_evolution,4,erdos_renyi,100,4,635,71,3.042845487793543,30,71,0.4225352112676056,31,53
v2_erdos_renyi_no_evolution_s4,v2,erdos_renyi_no_evolution,4,erdos_renyi,100,4,636,579,4.896391809496517,207,579,0.35751295336787564,38,55
v2_erdos_renyi_no_evolution_s4,v2,erdos_renyi_no_evolution,4,erdos_renyi,100,4,637,274,4.236417124460891,95,274,0.3467153284671533,52,57
v2_erdos_renyi_no_evolution_s4,v2,erdos_renyi_no_evolution,4,erdos_renyi,100,4,638,267,4.133743452003822,91,267,0.3408239700374532,43,55
v2_erdos_renyi_no_evolution_s4,v2,erdos_renyi_no_evolution,4,erdos_renyi,100,4,639,168,3.9110096832548704,68,168,0.40476190476190477,11,28
v2_erdos_renyi_no_evolution_s4,v2,erdos_renyi_no_evolution,4,erdos_renyi,100,4,640,121,3.693778246480071,49,121,0.4049586776859504,16,55
v2_erdos_renyi_no_evolution_s4,v2,erdos_renyi_no_evolution,4,erdos_renyi,100,4,641,305,4.415976111623123,102,305,0.3344262295081967,51,55
v2_erdos_renyi_no_evolution_s4,v2,erdos_renyi_no_evolution,4,erdos_renyi,100,4,642,38,2.302585092984045,10,38,0.2631578947368421,42,55
v2_erdos_renyi_no_evolution_s4,v2,erdos_renyi_no_evolution,4,erdos_renyi,100,4,643,84,3.208580884991321,35,84,0.4166666666666667,29,82
v2_erdos_renyi_no_evolution_s4,v2,erdos_renyi_no_evolution,4,erdos_renyi,100,4,644,15,1.9061547465328492,8,15,0.5333333333333333,58,82
v2_erdos_renyi_no_evolution_s4,v2,erdos_renyi_no_evolution,4,erdos_renyi,100,4,645,0,0.0,0,0,,55,55
v2_erdos_renyi_no_evolution_s4,v2,erdos_renyi_no_evolution,4,erdos_renyi,100,4,646,407,4.695624264670544,155,407,0.3808353808353808,12,82
v2_erdos_renyi_no_evolution_s4,v2,erdos_renyi_no_evolution,4,erdos_renyi,100,4,647,25,1.9061547465328492,8,25,0.32,62,53
v2_erdos_renyi_no_evolution_s4,v2,erdos_renyi_no_evolution,4,erdos_renyi,100,4,648,49,2.441015278014703,14,49,0.2857142857142857,4,53
v2_erdos_renyi_no_evolution_s4,v2,erdos_renyi_no_evolution,4,erdos_renyi,100,4,649,92,3.379092505199735,32,92,0.34782608695652173,3,82
v2_erdos_renyi_no_evolution_s4,v2,erdos_renyi_no_evolution,4,erdos_renyi,100,4,650,32,2.197224577327219,9,32,0.28125,9,55
v2_erdos_renyi_no_evolution_s4,v2,erdos_renyi_no_evolution,4,erdos_renyi,100,4,651,21,2.484906649776,12,21,0.5714285714285714,15,82
v2_erdos_renyi_no_evolution_s4,v2,erdos_renyi_no_evolution,4,erdos_renyi,100,4,652,6,1.0986122886651095,3,6,0.5,8,57
v2_erdos_renyi_no_evolution_s4,v2,erdos_renyi_no_evolution,4,erdos_renyi,100,4,653,13,1.0986122886651095,3,13,0.23076923076923078,88,82
v2_erdos_renyi_no_evolution_s4,v2,erdos_renyi_no_evolution,4,erdos_renyi,100,4,654,315,4.064084809317965,110,315,0.3492063492063492,34,28
v2_erdos_renyi_no_evolution_s4,v2,erdos_renyi_no_evolution,4,erdos_renyi,100,4,655,335,4.463677230889437,131,335,0.39104477611940297,90,57
v2_erdos_renyi_no_evolution_s4,v2,erdos_renyi_no_evolution,4,erdos_renyi,100,4,656,356,4.349925531000818,129,356,0.36235955056179775,74,55
v2_erdos_renyi_no_evolution_s4,v2,erdos_renyi_no_evolution,4,erdos_renyi,100,4,657,51,2.871476118036867,19,51,0.37254901960784315,13,57
v2_erdos_renyi_no_evolution_s4,v2,erdos_renyi_no_evolution,4,erdos_renyi,100,4,658,202,4.097281857076241,79,202,0.3910891089108911,52,82
v2_erdos_renyi_no_evolution_s4,v2,erdos_renyi_no_evolution,4,erdos_renyi,100,4,659,174,3.829582380891472,61,174,0.3505747126436782,24,53
v2_erdos_renyi_no_evolution_s4,v2,erdos_renyi_no_evolution,4,erdos_renyi,100,4,660,11,2.197224577327219,9,11,0.8181818181818182,74,57
v2_erdos_renyi_no_evolution_s4,v2,erdos_renyi_no_evolution,4,erdos_renyi,100,4,661,260,4.2327747471827575,84,260,0.3230769230769231,94,28
v2_erdos_renyi_no_evolution_s4,v2,erdos_renyi_no_evolution,4,erdos_renyi,100,4,662,275,4.223358011663129,107,275,0.3890909090909091,34,82
v2_erdos_renyi_no_evolution_s4,v2,erdos_renyi_no_evolution,4,erdos_renyi,100,4,663,86,3.004264933709522,34,86,0.3953488372093023,56,28
v2_erdos_renyi_no_evolution_s4,v2,erdos_renyi_no_evolution,4,erdos_renyi,100,4,664,24,2.5649493574485365,13,24,0.5416666666666666,65,55
v2_erdos_renyi_no_evolution_s4,v2,erdos_renyi_no_evolution,4,erdos_renyi,100,4,665,117,3.658162873776453,44,117,0.37606837606837606,18,57
v2_erdos_renyi_no_evolution_s4,v2,erdos_renyi_no_evolution,4,erdos_renyi,100,4,666,169,3.9600548708754566,59,169,0.34911242603550297,30,82
v2_erdos_renyi_no_evolution_s4,v2,erdos_renyi_no_evolution,4,erdos_renyi,100,4,667,11,0.6931471805579453,2,11,0.18181818181818182,70,57
v2_erdos_renyi_no_evolution_s4,v2,erdos_renyi_no_evolution,4,erdos_renyi,100,4,668,412,4.606635628481893,159,412,0.3859223300970874,85,82
v2_erdos_renyi_no_evolution_s4,v2,erdos_renyi_no_evolution,4,erdos_renyi,100,4,669,245,4.219337292568902,88,245,0.35918367346938773,78,55
v2_erdos_renyi_no_evolution_s4,v2,erdos_renyi_no_evolution,4,erdos_renyi,100,4,670,30,2.441015278014703,14,30,0.4666666666666667,97,53
v2_erdos_renyi_no_evolution_s4,v2,erdos_renyi_no_evolution,4,erdos_renyi,100,4,671,548,4.798103022487968,179,548,0.3266423357664234,26,55
v2_erdos_renyi_no_evolution_s4,v2,erdos_renyi_no_evolution,4,erdos_renyi,100,4,672,333,4.54268289467709,125,333,0.37537537537537535,65,57
v2_erdos_renyi_no_evolution_s4,v2,erdos_renyi_no_evolution,4,erdos_renyi,100,4,673,61,2.991501468554349,26,61,0.4262295081967213,94,57
v2_erdos_renyi_no_evolution_s4,v2,erdos_renyi_no_evolution,4,erdos_renyi,100,4,674,85,3.5065025850265608,36,85,0.4235294117647059,0,28
v2_erdos_renyi_no_evolution_s4,v2,erdos_renyi_no_evolution,4,erdos_renyi,100,4,675,223,3.98028352978192,101,223,0.452914798206278,92,57
v2_erdos_renyi_no_evolution_s4,v2,erdos_renyi_no_evolution,4,erdos_renyi,100,4,676,153,3.743700152902946,56,153,0.3660130718954248,76,57
v2_erdos_renyi_no_evolution_s4,v2,erdos_renyi_no_evolution,4,erdos_renyi,100,4,677,105,3.671655601047183,42,105,0.4,95,55
v2_erdos_renyi_no_evolution_s4,v2,erdos_renyi_no_evolution,4,erdos_renyi,100,4,678,332,4.54500203047216,133,332,0.4006024096385542,92,57
v2_erdos_renyi_no_evolution_s4,v2,erdos_renyi_no_evolution,4,erdos_renyi,100,4,679,0,0.0,0,0,,53,53
v2_erdos_renyi_no_evolution_s4,v2,erdos_renyi_no_evolution,4,erdos_renyi,100,4,680,7,1.0986122886651095,3,7,0.42857142857142855,2,82
v2_erdos_renyi_no_evolution_s4,v2,erdos_renyi_no_evolution,4,erdos_renyi,100,4,681,24,2.197224577327219,9,24,0.375,44,82
v2_erdos_renyi_no_evolution_s4,v2,erdos_renyi_no_evolution,4,erdos_renyi,100,4,682,364,4.694875276519963,138,364,0.3791208791208791,96,53
v2_erdos_renyi_no_evolution_s4,v2,erdos_renyi_no_evolution,4,erdos_renyi,100,4,683,20,1.9459101490483133,7,20,0.35,4,55
v2_erdos_renyi_no_evolution_s4,v2,erdos_renyi_no_evolution,4,erdos_renyi,100,4,684,341,4.4329899803340975,124,341,0.36363636363636365,88,53
v2_erdos_renyi_no_evolution_s4,v2,erdos_renyi_no_evolution,4,erdos_renyi,100,4,685,98,3.263139242272734,35,98,0.35714285714285715,79,57
v2_erdos_renyi_no_evolution_s4,v2,erdos_renyi_no_evolution,4,erdos_renyi,100,4,686,132,3.750361689789087,49,132,0.3712121212121212,51,57
v2_erdos_renyi_no_evolution_s4,v2,erdos_renyi_no_evolution,4,erdos_renyi,100,4,687,330,4.3733212452453465,112,330,0.3393939393939394,1,55
v2_erdos_renyi_no_evolution_s4,v2,erdos_renyi_no_evolution,4,erdos_renyi,100,4,688,773,5.049172042137752,279,773,0.36093143596377747,13,55
v2_erdos_renyi_no_evolution_s4,v2,erdos_renyi_no_evolution,4,erdos_renyi,100,4,689,10000,-1.000088900581841e-12,3625,10000,0.3625,61,61
v2_erdos_renyi_no_evolution_s4,v2,erdos_renyi_no_evolution,4,erdos_renyi,100,4,690,271,4.323821430888603,110,271,0.4059040590405904,51,82
v2_erdos_renyi_no_evolution_s4,v2,erdos_renyi_no_evolution,4,erdos_renyi,100,4,691,107,3.4544986414005443,33,107,0.308411214953271,5,57
v2_erdos_renyi_no_evolution_s4,v2,erdos_renyi_no_evolution,4,erdos_renyi,100,4,692,0,0.0,0,0,,53,53
v2_erdos_renyi_no_evolution_s4,v2,erdos_renyi_no_evolution,4,erdos_renyi,100,4,693,10000,-1.000088900581841e-12,3631,10000,0.3631,63,63
v2_erdos_renyi_no_evolution_s4,v2,erdos_renyi_no_evolution,4,erdos_renyi,100,4,694,36,2.5649493574485365,13,36,0.3611111111111111,65,82
v2_erdos_renyi_no_evolution_s4,v2,erdos_renyi_no_evolution,4,erdos_renyi,100,4,695,41,2.61563057701355,15,41,0.36585365853658536,76,28
v2_erdos_renyi_no_evolution_s4,v2,erdos_renyi_no_evolution,4,erdos_renyi,100,4,696,13,1.6094379124291005,5,13,0.38461538461538464,6,28
v2_erdos_renyi_no_evolution_s4,v2,erdos_renyi_no_evolution,4,erdos_renyi,100,4,697,316,4.2706250385395785,100,316,0.31645569620253167,74,82
v2_erdos_renyi_no_evolution_s4,v2,erdos_renyi_no_evolution,4,erdos_renyi,100,4,698,37,2.5649493574485365,13,37,0.35135135135135137,87,55
v2_erdos_renyi_no_evolution_s4,v2,erdos_renyi_no_evolution,4,erdos_renyi,100,4,699,290,4.333859025000379,108,290,0.3724137931034483,67,82
v2_erdos_renyi_no_evolution_s4,v2,erdos_renyi_no_evolution,4,erdos_renyi,100,4,700,2,0.6931471805579453,2,2,1.0,17,57
v2_erdos_renyi_no_evolution_s4,v2,erdos_renyi_no_evolution,4,erdos_renyi,100,4,701,7,0.6931471805579453,2,7,0.2857142857142857,97,82
v2_erdos_renyi_no_evolution_s4,v2,erdos_renyi_no_evolution,4,erdos_renyi,100,4,702,117,3.387906343139484,39,117,0.3333333333333333,3,57
v2_erdos_renyi_no_evolution_s4,v2,erdos_renyi_no_evolution,4,erdos_renyi,100,4,703,251,4.132690557016202,83,251,0.33067729083665337,39,57
v2_erdos_renyi_no_evolution_s4,v2,erdos_renyi_no_evolution,4,erdos_renyi,100,4,704,2,-1.000088900581841e-12,1,2,0.5,75,57
v2_erdos_renyi_no_evolution_s4,v2,erdos_renyi_no_evolution,4,erdos_renyi,100,4,705,29,2.3978952727873706,11,29,0.3793103448275862,8,82
v2_erdos_renyi_no_evolution_s4,v2,erdos_renyi_no_evolution,4,erdos_renyi,100,4,706,0,0.0,0,0,,55,55
v2_erdos_renyi_no_evolution_s4,v2,erdos_renyi_no_evolution,4,erdos_renyi,100,4,707,107,3.539627566658813,42,107,0.3925233644859813,6,55
v2_erdos_renyi_no_evolution_s4,v2,erdos_renyi_no_evolution,4,erdos_renyi,100,4,708,105,3.605641583852999,42,105,0.4,3,82
v2_erdos_renyi_no_evolution_s4,v2,erdos_renyi_no_evolution,4,erdos_renyi,100,4,709,146,3.839509426606019,53,146,0.363013698630137,72,57
v2_erdos_renyi_no_evolution_s4,v2,erdos_renyi_no_evolution,4,erdos_renyi,100,4,710,87,3.461048251949615,37,87,0.42528735632183906,84,55
v2_erdos_renyi_no_evolution_s4,v2,erdos_renyi_no_evolution,4,erdos_renyi,100,4,711,91,3.4011973816321546,30,91,0.32967032967032966,71,82
v2_erdos_renyi_no_evolution_s4,v2,erdos_renyi_no_evolution,4,erdos_renyi,100,4,712,74,3.2580965379954825,26,74,0.35135135135135137,45,57
v2_erdos_renyi_no_evolution_s4,v2,erdos_renyi_no_evolution,4,erdos_renyi,100,4,713,142,3.793210665798084,56,142,0.39436619718309857,43,82
v2_erdos_renyi_no_evolution_s4,v2,erdos_renyi_no_evolution,4,erdos_renyi,100,4,714,152,3.8768201519937313,56,152,0.3684210526315789,54,57
v2_erdos_renyi_no_evolution_s4,v2,erdos_renyi_no_evolution,4,erdos_renyi,100,4,715,358,4.546140454254745,139,358,0.388268156424581,88,82
v2_erdos_renyi_no_evolution_s4,v2,erdos_renyi_no_evolution,4,erdos_renyi,100,4,716,294,4.442600900842557,119,294,0.40476190476190477,11,57
v2_erdos_renyi_no_evolution_s4,v2,erdos_renyi_no_evolution,4,erdos_renyi,100,4,717,23,1.8866967846510787,10,23,0.43478260869565216,11,53
v2_erdos_renyi_no_evolution_s4,v2,erdos_renyi_no_evolution,4,erdos_renyi,100,4,718,16,1.9459101490483133,7,16,0.4375,64,28
v2_erdos_renyi_no_evolution_s4,v2,erdos_renyi_no_evolution,4,erdos_renyi,100,4,719,147,3.951790904646536,61,147,0.41496598639455784,33,82
v2_erdos_renyi_no_evolution_s4,v2,erdos_renyi_no_evolution,4,erdos_renyi,100,4,720,262,4.329610707650981,88,262,0.33587786259541985,14,82
v2_erdos_renyi_no_evolution_s4,v2,erdos_renyi_no_evolution,4,erdos_renyi,100,4,721,5,1.0986122886651095,3,5,0.6,31,57
v2_erdos_renyi_no_evolution_s4,v2,erdos_renyi_no_evolution,4,erdos_renyi,100,4,722,141,3.5146291431264505,52,141,0.36879432624113473,10,57
v2_erdos_renyi_no_evolution_s4,v2,erdos_renyi_no_evolution,4,erdos_renyi,100,4,723,260,4.342289195964305,96,260,0.36923076923076925,46,82
v2_erdos_renyi_no_evolution_s4,v2,erdos_renyi_no_evolution,4,erdos_renyi,100,4,724,26,2.302585092984045,10,26,0.38461538461538464,52,82
v2_erdos_renyi_no_evolution_s4,v2,erdos_renyi_no_evolution,4,erdos_renyi,100,4,725,418,4.546826192048646,154,418,0.3684210526315789,71,82
v2_erdos_renyi_no_evolution_s4,v2,erdos_renyi_no_evolution,4,erdos_renyi,100,4,726,173,3.906338630513458,61,173,0.35260115606936415,34,82
v2_erdos_renyi_no_evolution_s4,v2,erdos_renyi_no_evolution,4,erdos_renyi,100,4,727,18,1.791759469222055,6,18,0.3333333333333333,38,82
v2_erdos_renyi_no_evolution_s4,v2,erdos_renyi_no_evolution,4,erdos_renyi,100,4,728,100,3.322493706775413,34,100,0.34,98,82
v2_erdos_renyi_no_evolution_s4,v2,erdos_renyi_no_evolution,4,erdos_renyi,100,4,729,213,4.009290637144682,80,213,0.3755868544600939,18,82
v2_erdos_renyi_no_evolution_s4,v2,erdos_renyi_no_evolution,4,erdos_renyi,100,4,730,28,2.079441541671836,8,28,0.2857142857142857,59,82
v2_erdos_renyi_no_evolution_s4,v2,erdos_renyi_no_evolution,4,erdos_renyi,100,4,731,5,0.6931471805579453,2,5,0.4,97,82
v2_erdos_renyi_no_evolution_s4,v2,erdos_renyi_no_evolution,4,erdos_renyi,100,4,732,135,3.4450631495570665,48,135,0.35555555555555557,98,57
v2_erdos_renyi_no_evolution_s4,v2,erdos_renyi_no_evolution,4,erdos_renyi,100,4,733,11,1.9459101490483133,7,11,0.6363636363636364,2,82
v2_erdos_renyi_no_evolution_s4,v2,erdos_renyi_no_evolution,4,erdos_renyi,100,4,734,146,3.611270818158912,48,146,0.3287671232876712,26,55
v2_erdos_renyi_no_evolution_s4,v2,erdos_renyi_no_evolution,4,erdos_renyi,100,4,735,260,4.088288423659136,84,260,0.3230769230769231,88,82
v2_erdos_renyi_no_evolution_s4,v2,erdos_renyi_no_evolution,4,erdos_renyi,100,4,736,16,2.302585092984045,10,16,0.625,50,57
v2_erdos_renyi_no_evolution_s4,v2,erdos_renyi_no_evolution,4,erdos_renyi,100,4,737,22,2.079441541671836,8,22,0.36363636363636365,88,57
v2_erdos_renyi_no_evolution_s4,v2,erdos_renyi_no_evolution,4,erdos_renyi,100,4,738,225,4.259552611210225,84,225,0.37333333333333335,68,57
v2_erdos_renyi_no_evolution_s4,v2,erdos_renyi_no_evolution,4,erdos_renyi,100,4,739,26,2.197224577327219,9,26,0.34615384615384615,56,82
v2_erdos_renyi_no_evolution_s4,v2,erdos_renyi_no_evolution,4,erdos_renyi,100,4,740,164,3.750877333943396,68,164,0.4146341463414634,88,53
v2_erdos_renyi_no_evolution_s4,v2,erdos_renyi_no_evolution,4,erdos_renyi,100,4,741,0,0.0,0,0,,53,53
v2_erdos_renyi_no_evolution_s4,v2,erdos_renyi_no_evolution,4,erdos_renyi,100,4,742,46,3.0910424533363146,22,46,0.4782608695652174,27,53
v2_erdos_renyi_no_evolution_s4,v2,erdos_renyi_no_evolution,4,erdos_renyi,100,4,743,113,3.4761312408209912,35,113,0.30973451327433627,12,82
v2_erdos_renyi_no_evolution_s4,v2,erdos_renyi_no_evolution,4,erdos_renyi,100,4,744,239,4.228881520573659,91,239,0.3807531380753138,32,55
v2_erdos_renyi_no_evolution_s4,v2,erdos_renyi_no_evolution,4,erdos_renyi,100,4,745,85,3.3573060098708574,35,85,0.4117647058823529,73,53
v2_erdos_renyi_no_evolution_s4,v2,erdos_renyi_no_evolution,4,erdos_renyi,100,4,746,95,3.5065025850265608,36,95,0.37894736842105264,14,57
v2_erdos_renyi_no_evolution_s4,v2,erdos_renyi_no_evolution,4,erdos_renyi,100,4,747,2,-1.000088900581841e-12,1,2,0.5,85,53
v2_erdos_renyi_no_evolution_s4,v2,erdos_renyi_no_evolution,4,erdos_renyi,100,4,748,86,3.422414203983732,32,86,0.37209302325581395,77,57
v2_erdos_renyi_no_evolution_s4,v2,erdos_renyi_no_evolution,4,erdos_renyi,100,4,749,25,1.7478680974607577,7,25,0.28,3,82
v2_erdos_renyi_no_evolution_s4,v2,erdos_renyi_no_evolution,4,erdos_renyi,100,4,750,217,3.8580179019442298,67,217,0.3087557603686636,10,82
v2_erdos_renyi_no_evolution_s4,v2,erdos_renyi_no_evolution,4,erdos_renyi,100,4,751,446,4.771756671196455,170,446,0.3811659192825112,79,53
v2_erdos_renyi_no_evolution_s4,v2,erdos_renyi_no_evolution,4,erdos_renyi,100,4,752,31,2.5649493574485365,13,31,0.41935483870967744,89,82
v2_erdos_renyi_no_evolution_s4,v2,erdos_renyi_no_evolution,4,erdos_renyi,100,4,753,96,3.381964473222867,35,96,0.3645833333333333,44,82
v2_erdos_renyi_no_evolution_s4,v2,erdos_renyi_no_evolution,4,erdos_renyi,100,4,754,27,2.3978952727873706,11,27,0.4074074074074074,44,57
v2_erdos_renyi_no_evolution_s4,v2,erdos_renyi_no_evolution,4,erdos_renyi,100,4,755,138,3.725010830604414,53,138,0.38405797101449274,50,82
v2_erdos_renyi_no_evolution_s4,v2,erdos_renyi_no_evolution,4,erdos_renyi,100,4,756,90,3.556923618315194,39,90,0.43333333333333335,74,82
v2_erdos_renyi_no_evolution_s4,v2,erdos_renyi_no_evolution,4,erdos_renyi,100,4,757,52,2.813355404483615,18,52,0.34615384615384615,33,82
v2_erdos_renyi_no_evolution_s4,v2,erdos_renyi_no_evolution,4,erdos_renyi,100,4,758,38,2.8903717578781647,18,38,0.47368421052631576,42,53
v2_erdos_renyi_no_evolution_s4,v2,erdos_renyi_no_evolution,4,erdos_renyi,100,4,759,83,3.5849073769929456,40,83,0.4819277108433735,48,82
v2_erdos_renyi_no_evolution_s4,v2,erdos_renyi_no_evolution,4,erdos_renyi,100,4,760,163,3.982438819838421,65,163,0.3987730061349693,25,57
v2_erdos_renyi_no_evolution_s4,v2,erdos_renyi_no_evolution,4,erdos_renyi,100,4,761,12,1.791759469222055,6,12,0.5,98,82
v2_erdos_renyi_no_evolution_s4,v2,erdos_renyi_no_evolution,4,erdos_renyi,100,4,762,954,5.244086392020394,357,954,0.3742138364779874,80,82
v2_erdos_renyi_no_evolution_s4,v2,erdos_renyi_no_evolution,4,erdos_renyi,100,4,763,108,3.444813797459462,34,108,0.3148148148148148,98,82
v2_erdos_renyi_no_evolution_s4,v2,erdos_renyi_no_evolution,4,erdos_renyi,100,4,764,246,4.365545617054395,103,246,0.4186991869918699,58,82
v2_erdos_renyi_no_evolution_s4,v2,erdos_renyi_no_evolution,4,erdos_renyi,100,4,765,73,2.9970687270680187,25,73,0.3424657534246575,2,55
v2_erdos_renyi_no_evolution_s4,v2,erdos_renyi_no_evolution,4,erdos_renyi,100,4,766,49,2.752191546552043,22,49,0.4489795918367347,95,82
v2_erdos_renyi_no_evolution_s4,v2,erdos_renyi_no_evolution,4,erdos_renyi,100,4,767,237,4.354367192967236,87,237,0.3670886075949367,45,82
v2_erdos_renyi_no_evolution_s4,v2,erdos_renyi_no_evolution,4,erdos_renyi,100,4,768,55,2.5520852976069666,19,55,0.34545454545454546,38,55
v2_erdos_renyi_no_evolution_s4,v2,erdos_renyi_no_evolution,4,erdos_renyi,100,4,769,65,2.9785084205072385,21,65,0.3230769230769231,18,55
v2_erdos_renyi_no_evolution_s4,v2,erdos_renyi_no_evolution,4,erdos_renyi,100,4,770,6,1.0986122886651095,3,6,0.5,45,55
v2_erdos_renyi_no_evolution_s4,v2,erdos_renyi_no_evolution,4,erdos_renyi,100,4,771,10,1.791759469222055,6,10,0.6,42,53
v2_erdos_renyi_no_evolution_s4,v2,erdos_renyi_no_evolution,4,erdos_renyi,100,4,772,166,3.844605690754975,52,166,0.3132530120481928,15,57
v2_erdos_renyi_no_evolution_s4,v2,erdos_renyi_no_evolution,4,erdos_renyi,100,4,773,0,0.0,0,0,,28,28
v2_erdos_renyi_no_evolution_s4,v2,erdos_renyi_no_evolution,4,erdos_renyi,100,4,774,367,4.530474121840443,134,367,0.3651226158038147,52,55
v2_erdos_renyi_no_evolution_s4,v2,erdos_renyi_no_evolution,4,erdos_renyi,100,4,775,20,2.302585092984045,10,20,0.5,99,82
v2_erdos_renyi_no_evolution_s4,v2,erdos_renyi_no_evolution,4,erdos_renyi,100,4,776,100,3.39529715333848,37,100,0.37,73,57
v2_erdos_renyi_no_evolution_s4,v2,erdos_renyi_no_evolution,4,erdos_renyi,100,4,777,0,0.0,0,0,,57,57
v2_erdos_renyi_no_evolution_s4,v2,erdos_renyi_no_evolution,4,erdos_renyi,100,4,778,14,1.0986122886651095,3,14,0.21428571428571427,79,55
v2_erdos_renyi_no_evolution_s4,v2,erdos_renyi_no_evolution,4,erdos_renyi,100,4,779,39,2.61563057701355,15,39,0.38461538461538464,65,82
v2_erdos_renyi_no_evolution_s4,v2,erdos_renyi_no_evolution,4,erdos_renyi,100,4,780,19,1.7478680974607577,7,19,0.3684210526315789,59,57
v2_erdos_renyi_no_evolution_s4,v2,erdos_renyi_no_evolution,4,erdos_renyi,100,4,781,303,4.252649250487709,125,303,0.41254125412541254,76,82
v2_erdos_renyi_no_evolution_s4,v2,erdos_renyi_no_evolution,4,erdos_renyi,100,4,782,82,3.299829685639092,31,82,0.3780487804878049,91,82
v2_erdos_renyi_no_evolution_s4,v2,erdos_renyi_no_evolution,4,erdos_renyi,100,4,783,102,3.66448190441264,43,102,0.4215686274509804,65,57
v2_erdos_renyi_no_evolution_s4,v2,erdos_renyi_no_evolution,4,erdos_renyi,100,4,784,215,4.146118052510404,81,215,0.3767441860465116,11,55
v2_erdos_renyi_no_evolution_s4,v2,erdos_renyi_no_evolution,4,erdos_renyi,100,4,785,39,2.813355404483615,18,39,0.46153846153846156,97,53
v2_erdos_renyi_no_evolution_s4,v2,erdos_renyi_no_evolution,4,erdos_renyi,100,4,786,351,4.501973487441184,134,351,0.3817663817663818,22,28
v2_erdos_renyi_no_evolution_s4,v2,erdos_renyi_no_evolution,4,erdos_renyi,100,4,787,134,3.4406065408655357,42,134,0.31343283582089554,96,82
v2_erdos_renyi_no_evolution_s4,v2,erdos_renyi_no_evolution,4,erdos_renyi,100,4,788,107,3.480935299911953,40,107,0.37383177570093457,47,82
v2_erdos_renyi_no_evolution_s4,v2,erdos_renyi_no_evolution,4,erdos_renyi,100,4,789,290,4.27398020510019,111,290,0.38275862068965516,24,82
v2_erdos_renyi_no_evolution_s4,v2,erdos_renyi_no_evolution,4,erdos_renyi,100,4,790,274,4.34044028237956,94,274,0.34306569343065696,8,82
v2_erdos_renyi_no_evolution_s4,v2,erdos_renyi_no_evolution,4,erdos_renyi,100,4,791,56,3.4011973816321546,30,56,0.5357142857142857,29,55
v2_erdos_renyi_no_evolution_s4,v2,erdos_renyi_no_evolution,4,erdos_renyi,100,4,792,149,3.8979247046422008,52,149,0.348993288590604,42,57
v2_erdos_renyi_no_evolution_s4,v2,erdos_renyi_no_evolution,4,erdos_renyi,100,4,793,17,1.6094379124291005,5,17,0.29411764705882354,14,57
v2_erdos_renyi_no_evolution_s4,v2,erdos_renyi_no_evolution,4,erdos_renyi,100,4,794,10,1.0986122886651095,3,10,0.3,22,55
v2_erdos_renyi_no_evolution_s4,v2,erdos_renyi_no_evolution,4,erdos_renyi,100,4,795,0,0.0,0,0,,28,28
v2_erdos_renyi_no_evolution_s4,v2,erdos_renyi_no_evolution,4,erdos_renyi,100,4,796,173,4.076800932646883,68,173,0.3930635838150289,6,57
v2_erdos_renyi_no_evolution_s4,v2,erdos_renyi_no_evolution,4,erdos_renyi,100,4,797,82,3.044390228092839,29,82,0.35365853658536583,62,53
v2_erdos_renyi_no_evolution_s4,v2,erdos_renyi_no_evolution,4,erdos_renyi,100,4,798,10,1.6094379124291005,5,10,0.5,23,57
v2_erdos_renyi_no_evolution_s4,v2,erdos_renyi_no_evolution,4,erdos_renyi,100,4,799,100,3.461048251949615,37,100,0.37,43,55
v2_erdos_renyi_no_evolution_s4,v2,erdos_renyi_no_evolution,4,erdos_renyi,100,4,800,49,2.6593226976945163,18,49,0.3673469387755102,11,82
v2_erdos_renyi_no_evolution_s4,v2,erdos_renyi_no_evolution,4,erdos_renyi,100,4,801,15,2.079441541671836,8,15,0.5333333333333333,46,55
v2_erdos_renyi_no_evolution_s4,v2,erdos_renyi_no_evolution,4,erdos_renyi,100,4,802,291,4.371422492731843,101,291,0.3470790378006873,1,57
v2_erdos_renyi_no_evolution_s4,v2,erdos_renyi_no_evolution,4,erdos_renyi,100,4,803,27,2.079441541671836,8,27,0.2962962962962963,29,55
v2_erdos_renyi_no_evolution_s4,v2,erdos_renyi_no_evolution,4,erdos_renyi,100,4,804,50,2.9970687270680187,25,50,0.5,70,82
v2_erdos_renyi_no_evolution_s4,v2,erdos_renyi_no_evolution,4,erdos_renyi,100,4,805,145,3.777323825362656,53,145,0.36551724137931035,84,82
v2_erdos_renyi_no_evolution_s4,v2,erdos_renyi_no_evolution,4,erdos_renyi,100,4,806,76,2.540036303807981,14,76,0.18421052631578946,76,55
v2_erdos_renyi_no_evolution_s4,v2,erdos_renyi_no_evolution,4,erdos_renyi,100,4,807,211,4.169616714949855,75,211,0.35545023696682465,8,82
v2_erdos_renyi_no_evolution_s4,v2,erdos_renyi_no_evolution,4,erdos_renyi,100,4,808,0,0.0,0,0,,57,57
v2_erdos_renyi_no_evolution_s4,v2,erdos_renyi_no_evolution,4,erdos_renyi,100,4,809,646,4.983391511195903,239,646,0.369969040247678,3,82
v2_erdos_renyi_no_evolution_s4,v2,erdos_renyi_no_evolution,4,erdos_renyi,100,4,810,293,4.307922017364327,99,293,0.3378839590443686,32,55
v2_erdos_renyi_no_evolution_s4,v2,erdos_renyi_no_evolution,4,erdos_renyi,100,4,811,60,3.244492630381296,27,60,0.45,39,28
v2_erdos_renyi_no_evolution_s4,v2,erdos_renyi_no_evolution,4,erdos_renyi,100,4,812,130,3.3839758020395387,46,130,0.35384615384615387,26,57
v2_erdos_renyi_no_evolution_s4,v2,erdos_renyi_no_evolution,4,erdos_renyi,100,4,813,139,3.721176253825357,44,139,0.31654676258992803,0,82
v2_erdos_renyi_no_evolution_s4,v2,erdos_renyi_no_evolution,4,erdos_renyi,100,4,814,95,3.3969144201875685,35,95,0.3684210526315789,37,57
v2_erdos_renyi_no_evolution_s4,v2,erdos_renyi_no_evolution,4,erdos_renyi,100,4,815,57,2.9444389791474395,19,57,0.3333333333333333,45,55
v2_erdos_renyi_no_evolution_s4,v2,erdos_renyi_no_evolution,4,erdos_renyi,100,4,816,104,3.67795722676115,46,104,0.4423076923076923,26,82
v2_erdos_renyi_no_evolution_s4,v2,erdos_renyi_no_evolution,4,erdos_renyi,100,4,817,444,4.7169940962222725,173,444,0.38963963963963966,62,57
v2_erdos_renyi_no_evolution_s4,v2,erdos_renyi_no_evolution,4,erdos_renyi,100,4,818,159,3.79722120204213,62,159,0.389937106918239,42,82
v2_erdos_renyi_no_evolution_s4,v2,erdos_renyi_no_evolution,4,erdos_renyi,100,4,819,37,2.5649493574485365,13,37,0.35135135135135137,38,82
v2_erdos_renyi_no_evolution_s4,v2,erdos_renyi_no_evolution,4,erdos_renyi,100,4,820,68,2.6723516979782698,24,68,0.35294117647058826,67,57
v2_erdos_renyi_no_evolution_s4,v2,erdos_renyi_no_evolution,4,erdos_renyi,100,4,821,29,1.8866967846510787,10,29,0.3448275862068966,51,53
v2_erdos_renyi_no_evolution_s4,v2,erdos_renyi_no_evolution,4,erdos_renyi,100,4,822,248,4.380332631826171,102,248,0.4112903225806452,4,55
v2_erdos_renyi_no_evolution_s4,v2,erdos_renyi_no_evolution,4,erdos_renyi,100,4,823,86,3.363267070336762,34,86,0.3953488372093023,1,28
v2_erdos_renyi_no_evolution_s4,v2,erdos_renyi_no_evolution,4,erdos_renyi,100,4,824,86,3.363267070336762,34,86,0.3953488372093023,68,82
v2_erdos_renyi_no_evolution_s4,v2,erdos_renyi_no_evolution,4,erdos_renyi,100,4,825,0,0.0,0,0,,53,53
v2_erdos_renyi_no_evolution_s4,v2,erdos_renyi_no_evolution,4,erdos_renyi,100,4,826,100,3.671655601047183,42,100,0.42,30,28
v2_erdos_renyi_no_evolution_s4,v2,erdos_renyi_no_evolution,4,erdos_renyi,100,4,827,18,1.791759469222055,6,18,0.3333333333333333,37,55
v2_erdos_renyi_no_evolution_s4,v2,erdos_renyi_no_evolution,4,erdos_renyi,100,4,828,0,0.0,0,0,,57,57
v2_erdos_renyi_no_evolution_s4,v2,erdos_renyi_no_evolution,4,erdos_renyi,100,4,829,22,1.9061547465328492,8,22,0.36363636363636365,78,82
v2_erdos_renyi_no_evolution_s4,v2,erdos_renyi_no_evolution,4,erdos_renyi,100,4,830,127,3.232514580409523,44,127,0.3464566929133858,5,57
v2_erdos_renyi_no_evolution_s4,v2,erdos_renyi_no_evolution,4,erdos_renyi,100,4,831,6,1.0986122886651095,3,6,0.5,78,55
v2_erdos_renyi_no_evolution_s4,v2,erdos_renyi_no_evolution,4,erdos_renyi,100,4,832,543,4.698331287596082,208,543,0.3830570902394107,48,57
v2_erdos_renyi_no_evolution_s4,v2,erdos_renyi_no_evolution,4,erdos_renyi,100,4,833,141,3.801119456492554,50,141,0.3546099290780142,25,28
v2_erdos_renyi_no_evolution_s4,v2,erdos_renyi_no_evolution,4,erdos_renyi,100,4,834,116,3.64100204641112,45,116,0.3879310344827586,22,55
v2_erdos_renyi_no_evolution_s4,v2,erdos_renyi_no_evolution,4,erdos_renyi,100,4,835,210,4.187344159297217,79,210,0.3761904761904762,19,82
v2_erdos_renyi_no_evolution_s4,v2,erdos_renyi_no_evolution,4,erdos_renyi,100,4,836,103,3.4502855905397403,39,103,0.3786407766990291,75,57
v2_erdos_renyi_no_evolution_s4,v2,erdos_renyi_no_evolution,4,erdos_renyi,100,4,837,17,2.079441541671836,8,17,0.47058823529411764,86,82
v2_erdos_renyi_no_evolution_s4,v2,erdos_renyi_no_evolution,4,erdos_renyi,100,4,838,0,0.0,0,0,,55,55
v2_erdos_renyi_no_evolution_s4,v2,erdos_renyi_no_evolution,4,erdos_renyi,100,4,839,202,4.073748078714381,77,202,0.3811881188118812,66,82
v2_erdos_renyi_no_evolution_s4,v2,erdos_renyi_no_evolution,4,erdos_renyi,100,4,840,1,-1.000088900581841e-12,1,1,1.0,77,82
v2_erdos_renyi_no_evolution_s4,v2,erdos_renyi_no_evolution,4,erdos_renyi,100,4,841,58,3.0149468801585937,23,58,0.39655172413793105,10,55
v2_erdos_renyi_no_evolution_s4,v2,erdos_renyi_no_evolution,4,erdos_renyi,100,4,842,72,2.871476118036867,19,72,0.2638888888888889,6,28
v2_erdos_renyi_no_evolution_s4,v2,erdos_renyi_no_evolution,4,erdos_renyi,100,4,843,607,4.994826601948578,244,607,0.40197693574958815,5,82
v2_erdos_renyi_no_evolution_s4,v2,erdos_renyi_no_evolution,4,erdos_renyi,100,4,844,180,3.817618837929556,64,180,0.35555555555555557,96,57
v2_erdos_renyi_no_evolution_s4,v2,erdos_renyi_no_evolution,4,erdos_renyi,100,4,845,129,3.693778246480071,49,129,0.3798449612403101,9,55
v2_erdos_renyi_no_evolution_s4,v2,erdos_renyi_no_evolution,4,erdos_renyi,100,4,846,14,1.7351264569569227,9,14,0.6428571428571429,48,82
v2_erdos_renyi_no_evolution_s4,v2,erdos_renyi_no_evolution,4,erdos_renyi,100,4,847,18,1.791759469222055,6,18,0.3333333333333333,79,55
v2_erdos_renyi_no_evolution_s4,v2,erdos_renyi_no_evolution,4,erdos_renyi,100,4,848,15,1.6094379124291005,5,15,0.3333333333333333,60,82
v2_erdos_renyi_no_evolution_s4,v2,erdos_renyi_no_evolution,4,erdos_renyi,100,4,849,272,4.349151793936058,101,272,0.3713235294117647,2,53
v2_erdos_renyi_no_evolution_s4,v2,erdos_renyi_no_evolution,4,erdos_renyi,100,4,850,9,0.6931471805579453,2,9,0.2222222222222222,47,53
v2_erdos_renyi_no_evolution_s4,v2,erdos_renyi_no_evolution,4,erdos_renyi,100,4,851,1,-1.000088900581841e-12,1,1,1.0,40,55
v2_erdos_renyi_no_evolution_s4,v2,erdos_renyi_no_evolution,4,erdos_renyi,100,4,852,46,2.857102837424001,20,46,0.43478260869565216,23,82
v2_erdos_renyi_no_evolution_s4,v2,erdos_renyi_no_evolution,4,erdos_renyi,100,4,853,81,3.404040433898112,34,81,0.41975308641975306,74,82
v2_erdos_renyi_no_evolution_s4,v2,erdos_renyi_no_evolution,4,erdos_renyi,100,4,854,10000,-1.000088900581841e-12,3678,10000,0.3678,61,61
v2_erdos_renyi_no_evolution_s4,v2,erdos_renyi_no_evolution,4,erdos_renyi,100,4,855,1,-1.000088900581841e-12,1,1,1.0,54,57
v2_erdos_renyi_no_evolution_s4,v2,erdos_renyi_no_evolution,4,erdos_renyi,100,4,856,112,3.7158943452531408,48,112,0.42857142857142855,23,55
v2_erdos_renyi_no_evolution_s4,v2,erdos_renyi_no_evolution,4,erdos_renyi,100,4,857,163,3.906338630513458,61,163,0.37423312883435583,83,55
v2_erdos_renyi_no_evolution_s4,v2,erdos_renyi_no_evolution,4,erdos_renyi,100,4,858,65,2.751666616915516,17,65,0.26153846153846155,38,57
v2_erdos_renyi_no_evolution_s4,v2,erdos_renyi_no_evolution,4,erdos_renyi,100,4,859,165,3.978820032073776,60,165,0.36363636363636365,69,82
v2_erdos_renyi_no_evolution_s4,v2,erdos_renyi_no_evolution,4,erdos_renyi,100,4,860,78,3.052520501511814,25,78,0.32051282051282054,69,82
v2_erdos_renyi_no_evolution_s4,v2,erdos_renyi_no_evolution,4,erdos_renyi,100,4,861,13,0.6931471805579453,2,13,0.15384615384615385,80,82
v2_erdos_renyi_no_evolution_s4,v2,erdos_renyi_no_evolution,4,erdos_renyi,100,4,862,1,-1.000088900581841e-12,1,1,1.0,8,57
v2_erdos_renyi_no_evolution_s4,v2,erdos_renyi_no_evolution,4,erdos_renyi,100,4,863,118,3.357766375721437,42,118,0.3559322033898305,49,82
v2_erdos_renyi_no_evolution_s4,v2,erdos_renyi_no_evolution,4,erdos_renyi,100,4,864,140,3.5579369467630384,51,140,0.36428571428571427,36,57
v2_erdos_renyi_no_evolution_s4,v2,erdos_renyi_no_evolution,4,erdos_renyi,100,4,865,163,3.944135416120502,53,163,0.32515337423312884,56,53
v2_erdos_renyi_no_evolution_s4,v2,erdos_renyi_no_evolution,4,erdos_renyi,100,4,866,89,3.308777757559495,30,89,0.33707865168539325,79,55
v2_erdos_renyi_no_evolution_s4,v2,erdos_renyi_no_evolution,4,erdos_renyi,100,4,867,58,3.0517008018328595,27,58,0.46551724137931033,33,82
v2_erdos_renyi_no_evolution_s4,v2,erdos_renyi_no_evolution,4,erdos_renyi,100,4,868,0,0.0,0,0,,82,82
v2_erdos_renyi_no_evolution_s4,v2,erdos_renyi_no_evolution,4,erdos_renyi,100,4,869,79,3.065964511960632,28,79,0.35443037974683544,74,82
v2_erdos_renyi_no_evolution_s4,v2,erdos_renyi_no_evolution,4,erdos_renyi,100,4,870,55,2.947004770141297,24,55,0.43636363636363634,32,53
v2_erdos_renyi_no_evolution_s4,v2,erdos_renyi_no_evolution,4,erdos_renyi,100,4,871,0,0.0,0,0,,28,28
v2_erdos_renyi_no_evolution_s4,v2,erdos_renyi_no_evolution,4,erdos_renyi,100,4,872,203,4.048719425223112,68,203,0.33497536945812806,46,55
v2_erdos_renyi_no_evolution_s4,v2,erdos_renyi_no_evolution,4,erdos_renyi,100,4,873,71,3.1780538303239454,24,71,0.3380281690140845,46,82
v2_erdos_renyi_no_evolution_s4,v2,erdos_renyi_no_evolution,4,erdos_renyi,100,4,874,10000,-1.000088900581841e-12,3637,10000,0.3637,63,63
v2_erdos_renyi_no_evolution_s4,v2,erdos_renyi_no_evolution,4,erdos_renyi,100,4,875,86,3.2580965379954825,26,86,0.3023255813953488,46,28
v2_erdos_renyi_no_evolution_s4,v2,erdos_renyi_no_evolution,4,erdos_renyi,100,4,876,2,-1.000088900581841e-12,1,2,0.5,40,55
v2_erdos_renyi_no_evolution_s4,v2,erdos_renyi_no_evolution,4,erdos_renyi,100,4,877,114,3.4768454171194407,44,114,0.38596491228070173,20,82
v2_erdos_renyi_no_evolution_s4,v2,erdos_renyi_no_evolution,4,erdos_renyi,100,4,878,203,4.0457021944815565,69,203,0.3399014778325123,84,55
v2_erdos_renyi_no_evolution_s4,v2,erdos_renyi_no_evolution,4,erdos_renyi,100,4,879,83,3.204777524107256,26,83,0.3132530120481928,15,82
v2_erdos_renyi_no_evolution_s4,v2,erdos_renyi_no_evolution,4,erdos_renyi,100,4,880,117,3.467994408329786,36,117,0.3076923076923077,7,82
v2_erdos_renyi_no_evolution_s4,v2,erdos_renyi_no_evolution,4,erdos_renyi,100,4,881,140,3.3809866647943583,51,140,0.36428571428571427,7,82
v2_erdos_renyi_no_evolution_s4,v2,erdos_renyi_no_evolution,4,erdos_renyi,100,4,882,179,3.959847290635912,71,179,0.39664804469273746,79,82
v2_erdos_renyi_no_evolution_s4,v2,erdos_renyi_no_evolution,4,erdos_renyi,100,4,883,270,4.361061143350366,101,270,0.37407407407407406,21,82
v2_erdos_renyi_no_evolution_s4,v2,erdos_renyi_no_evolution,4,erdos_renyi,100,4,884,210,4.143432771066687,78,210,0.37142857142857144,79,55
v2_erdos_renyi_no_evolution_s4,v2,erdos_renyi_no_evolution,4,erdos_renyi,100,4,885,87,3.328471881301736,33,87,0.3793103448275862,34,82
v2_erdos_renyi_no_evolution_s4,v2,erdos_renyi_no_evolution,4,erdos_renyi,100,4,886,0,0.0,0,0,,55,55
v2_erdos_renyi_no_evolution_s4,v2,erdos_renyi_no_evolution,4,erdos_renyi,100,4,887,28,1.7328679513938632,8,28,0.2857142857142857,66,28
v2_erdos_renyi_no_evolution_s4,v2,erdos_renyi_no_evolution,4,erdos_renyi,100,4,888,37,2.772588722223781,16,37,0.43243243243243246,79,82
v2_erdos_renyi_no_evolution_s4,v2,erdos_renyi_no_evolution,4,erdos_renyi,100,4,889,228,4.117250217094433,84,228,0.3684210526315789,89,55
v2_erdos_renyi_no_evolution_s4,v2,erdos_renyi_no_evolution,4,erdos_renyi,100,4,890,151,3.839509426606019,53,151,0.3509933774834437,76,57
v2_erdos_renyi_no_evolution_s4,v2,erdos_renyi_no_evolution,4,erdos_renyi,100,4,891,114,3.5359830822784195,37,114,0.32456140350877194,67,57
v2_erdos_renyi_no_evolution_s4,v2,erdos_renyi_no_evolution,4,erdos_renyi,100,4,892,812,5.142166299471514,303,812,0.3731527093596059,10,82
v2_erdos_renyi_no_evolution_s4,v2,erdos_renyi_no_evolution,4,erdos_renyi,100,4,893,307,4.305040608086862,110,307,0.3583061889250814,31,28
v2_erdos_renyi_no_evolution_s4,v2,erdos_renyi_no_evolution,4,erdos_renyi,100,4,894,509,4.805201628802401,192,509,0.37721021611001965,79,55
v2_erdos_renyi_no_evolution_s4,v2,erdos_renyi_no_evolution,4,erdos_renyi,100,4,895,30,2.079441541671836,8,30,0.26666666666666666,77,57
v2_erdos_renyi_no_evolution_s4,v2,erdos_renyi_no_evolution,4,erdos_renyi,100,4,896,75,3.2924491076317413,32,75,0.4266666666666667,26,57
v2_erdos_renyi_no_evolution_s4,v2,erdos_renyi_no_evolution,4,erdos_renyi,100,4,897,83,3.2551105127007407,31,83,0.37349397590361444,11,57
v2_erdos_renyi_no_evolution_s4,v2,erdos_renyi_no_evolution,4,erdos_renyi,100,4,898,154,3.887664299557621,66,154,0.42857142857142855,47,55
v2_erdos_renyi_no_evolution_s4,v2,erdos_renyi_no_evolution,4,erdos_renyi,100,4,899,0,0.0,0,0,,28,28
v2_erdos_renyi_no_evolution_s4,v2,erdos_renyi_no_evolution,4,erdos_renyi,100,4,900,140,3.6266561837520017,44,140,0.3142857142857143,90,55
v2_erdos_renyi_no_evolution_s4,v2,erdos_renyi_no_evolution,4,erdos_renyi,100,4,901,12,1.9459101490483133,7,12,0.5833333333333334,21,82
v2_erdos_renyi_no_evolution_s4,v2,erdos_renyi_no_evolution,4,erdos_renyi,100,4,902,7,0.6931471805579453,2,7,0.2857142857142857,16,57
v2_erdos_renyi_no_evolution_s4,v2,erdos_renyi_no_evolution,4,erdos_renyi,100,4,903,32,2.5649493574485365,13,32,0.40625,44,82
v2_erdos_renyi_no_evolution_s4,v2,erdos_renyi_no_evolution,4,erdos_renyi,100,4,904,60,2.7555497906471795,21,60,0.35,43,82
v2_erdos_renyi_no_evolution_s4,v2,erdos_renyi_no_evolution,4,erdos_renyi,100,4,905,128,3.7786534114435946,49,128,0.3828125,78,82
v2_erdos_renyi_no_evolution_s4,v2,erdos_renyi_no_evolution,4,erdos_renyi,100,4,906,52,2.912494403312053,21,52,0.40384615384615385,21,82
v2_erdos_renyi_no_evolution_s4,v2,erdos_renyi_no_evolution,4,erdos_renyi,100,4,907,850,5.194277028219606,318,850,0.37411764705882355,73,28
v2_erdos_renyi_no_evolution_s4,v2,erdos_renyi_no_evolution,4,erdos_renyi,100,4,908,34,2.4583113296710835,13,34,0.38235294117647056,5,57
v2_erdos_renyi_no_evolution_s4,v2,erdos_renyi_no_evolution,4,erdos_renyi,100,4,909,224,4.170965627617958,87,224,0.38839285714285715,72,55
v2_erdos_renyi_no_evolution_s4,v2,erdos_renyi_no_evolution,4,erdos_renyi,100,4,910,35,2.079441541671836,8,35,0.22857142857142856,99,82
v2_erdos_renyi_no_evolution_s4,v2,erdos_renyi_no_evolution,4,erdos_renyi,100,4,911,169,3.952134280613258,77,169,0.4556213017751479,8,57
v2_erdos_renyi_no_evolution_s4,v2,erdos_renyi_no_evolution,4,erdos_renyi,100,4,912,54,3.1780538303239454,24,54,0.4444444444444444,19,82
v2_erdos_renyi_no_evolution_s4,v2,erdos_renyi_no_evolution,4,erdos_renyi,100,4,913,230,4.18487055815384,80,230,0.34782608695652173,34,57
v2_erdos_renyi_no_evolution_s4,v2,erdos_renyi_no_evolution,4,erdos_renyi,100,4,914,0,0.0,0,0,,28,28
v2_erdos_renyi_no_evolution_s4,v2,erdos_renyi_no_evolution,4,erdos_renyi,100,4,915,75,3.2235308319560225,35,75,0.4666666666666667,22,82
v2_erdos_renyi_no_evolution_s4,v2,erdos_renyi_no_evolution,4,erdos_renyi,100,4,916,21,1.791759469222055,6,21,0.2857142857142857,14,82
v2_erdos_renyi_no_evolution_s4,v2,erdos_renyi_no_evolution,4,erdos_renyi,100,4,917,200,4.048948825405194,77,200,0.385,60,28
v2_erdos_renyi_no_evolution_s4,v2,erdos_renyi_no_evolution,4,erdos_renyi,100,4,918,180,3.898317827118293,68,180,0.37777777777777777,6,57
v2_erdos_renyi_no_evolution_s4,v2,erdos_renyi_no_evolution,4,erdos_renyi,100,4,919,85,3.2924491076317413,32,85,0.3764705882352941,59,82
v2_erdos_renyi_no_evolution_s4,v2,erdos_renyi_no_evolution,4,erdos_renyi,100,4,920,177,4.0702573955586585,70,177,0.3954802259887006,31,55
v2_erdos_renyi_no_evolution_s4,v2,erdos_renyi_no_evolution,4,erdos_renyi,100,4,921,286,4.4298400980393815,107,286,0.3741258741258741,67,57
v2_erdos_renyi_no_evolution_s4,v2,erdos_renyi_no_evolution,4,erdos_renyi,100,4,922,10000,-1.000088900581841e-12,3746,10000,0.3746,61,61
v2_erdos_renyi_no_evolution_s4,v2,erdos_renyi_no_evolution,4,erdos_renyi,100,4,923,140,3.2101762968460625,39,140,0.2785714285714286,67,57
v2_erdos_renyi_no_evolution_s4,v2,erdos_renyi_no_evolution,4,erdos_renyi,100,4,924,461,4.756077491409777,165,461,0.3579175704989154,9,82
v2_erdos_renyi_no_evolution_s4,v2,erdos_renyi_no_evolution,4,erdos_renyi,100,4,925,83,3.233183484354926,28,83,0.3373493975903614,73,55
v2_erdos_renyi_no_evolution_s4,v2,erdos_renyi_no_evolution,4,erdos_renyi,100,4,926,0,0.0,0,0,,82,82
v2_erdos_renyi_no_evolution_s4,v2,erdos_renyi_no_evolution,4,erdos_renyi,100,4,927,40,2.736339051089065,18,40,0.45,58,55
v2_erdos_renyi_no_evolution_s4,v2,erdos_renyi_no_evolution,4,erdos_renyi,100,4,928,3,0.6931471805579453,2,3,0.6666666666666666,59,82
v2_erdos_renyi_no_evolution_s4,v2,erdos_renyi_no_evolution,4,erdos_renyi,100,4,929,51,2.813355404483615,18,51,0.35294117647058826,86,57
v2_erdos_renyi_no_evolution_s4,v2,erdos_renyi_no_evolution,4,erdos_renyi,100,4,930,10000,-1.000088900581841e-12,3653,10000,0.3653,93,93
v2_erdos_renyi_no_evolution_s4,v2,erdos_renyi_no_evolution,4,erdos_renyi,100,4,931,708,5.02599528332276,239,708,0.3375706214689266,33,55
v2_erdos_renyi_no_evolution_s4,v2,erdos_renyi_no_evolution,4,erdos_renyi,100,4,932,552,4.903365034188503,216,552,0.391304347826087,40,57
v2_erdos_renyi_no_evolution_s4,v2,erdos_renyi_no_evolution,4,erdos_renyi,100,4,933,5,-1.000088900581841e-12,1,5,0.2,75,57
v2_erdos_renyi_no_evolution_s4,v2,erdos_renyi_no_evolution,4,erdos_renyi,100,4,934,17,2.0431918705371204,9,17,0.5294117647058824,48,82
v2_erdos_renyi_no_evolution_s4,v2,erdos_renyi_no_evolution,4,erdos_renyi,100,4,935,9,1.0986122886651095,3,9,0.3333333333333333,25,57
v2_erdos_renyi_no_evolution_s4,v2,erdos_renyi_no_evolution,4,erdos_renyi,100,4,936,215,4.086719197612817,76,215,0.35348837209302325,97,82
v2_erdos_renyi_no_evolution_s4,v2,erdos_renyi_no_evolution,4,erdos_renyi,100,4,937,16,1.9459101490483133,7,16,0.4375,86,53
v2_erdos_renyi_no_evolution_s4,v2,erdos_renyi_no_evolution,4,erdos_renyi,100,4,938,96,3.4331967372908423,40,96,0.4166666666666667,39,82
v2_erdos_renyi_no_evolution_s4,v2,erdos_renyi_no_evolution,4,erdos_renyi,100,4,939,86,3.3445488585774434,31,86,0.36046511627906974,6,82
v2_erdos_renyi_no_evolution_s4,v2,erdos_renyi_no_evolution,4,erdos_renyi,100,4,940,20,2.079441541671836,8,20,0.4,29,53
v2_erdos_renyi_no_evolution_s4,v2,erdos_renyi_no_evolution,4,erdos_renyi,100,4,941,1,-1.000088900581841e-12,1,1,1.0,77,82
v2_erdos_renyi_no_evolution_s4,v2,erdos_renyi_no_evolution,4,erdos_renyi,100,4,942,25,2.197224577327219,9,25,0.36,60,57
v2_erdos_renyi_no_evolution_s4,v2,erdos_renyi_no_evolution,4,erdos_renyi,100,4,943,126,3.693778246480071,49,126,0.3888888888888889,91,57
v2_erdos_renyi_no_evolution_s4,v2,erdos_renyi_no_evolution,4,erdos_renyi,100,4,944,121,3.876820151993732,56,121,0.4628099173553719,2,53
v2_erdos_renyi_no_evolution_s4,v2,erdos_renyi_no_evolution,4,erdos_renyi,100,4,945,10,0.6931471805579453,2,10,0.2,98,82
v2_erdos_renyi_no_evolution_s4,v2,erdos_renyi_no_evolution,4,erdos_renyi,100,4,946,347,4.49819604968815,135,347,0.38904899135446686,0,82
v2_erdos_renyi_no_evolution_s4,v2,erdos_renyi_no_evolution,4,erdos_renyi,100,4,947,638,4.989303121526094,234,638,0.3667711598746082,78,82
v2_erdos_renyi_no_evolution_s4,v2,erdos_renyi_no_evolution,4,erdos_renyi,100,4,948,36,2.484906649776,12,36,0.3333333333333333,35,55
v2_erdos_renyi_no_evolution_s4,v2,erdos_renyi_no_evolution,4,erdos_renyi,100,4,949,41,2.751666616915516,17,41,0.4146341463414634,22,82
v2_erdos_renyi_no_evolution_s4,v2,erdos_renyi_no_evolution,4,erdos_renyi,100,4,950,2,0.6931471805579453,2,2,1.0,16,57
v2_erdos_renyi_no_evolution_s4,v2,erdos_renyi_no_evolution,4,erdos_renyi,100,4,951,23,2.1458417525857545,11,23,0.4782608695652174,26,53
v2_erdos_renyi_no_evolution_s4,v2,erdos_renyi_no_evolution,4,erdos_renyi,100,4,952,82,3.2625679455231658,30,82,0.36585365853658536,20,82
v2_erdos_renyi_no_evolution_s4,v2,erdos_renyi_no_evolution,4,erdos_renyi,100,4,953,124,3.583257490460173,44,124,0.3548387096774194,85,55
v2_erdos_renyi_no_evolution_s4,v2,erdos_renyi_no_evolution,4,erdos_renyi,100,4,954,59,2.8716496251169272,23,59,0.3898305084745763,17,55
v2_erdos_renyi_no_evolution_s4,v2,erdos_renyi_no_evolution,4,erdos_renyi,100,4,955,143,3.7074768319530698,50,143,0.34965034965034963,24,82
v2_erdos_renyi_no_evolution_s4,v2,erdos_renyi_no_evolution,4,erdos_renyi,100,4,956,23,2.4583113296710835,13,23,0.5652173913043478,34,82
v2_erdos_renyi_no_evolution_s4,v2,erdos_renyi_no_evolution,4,erdos_renyi,100,4,957,49,2.7985132569262934,19,49,0.3877551020408163,24,55
v2_erdos_renyi_no_evolution_s4,v2,erdos_renyi_no_evolution,4,erdos_renyi,100,4,958,524,4.919796821475163,197,524,0.37595419847328243,66,82
v2_erdos_renyi_no_evolution_s4,v2,erdos_renyi_no_evolution,4,erdos_renyi,100,4,959,3,1.0986122886651095,3,3,1.0,54,57
v2_erdos_renyi_no_evolution_s4,v2,erdos_renyi_no_evolution,4,erdos_renyi,100,4,960,351,4.466805806864343,141,351,0.4017094017094017,77,57
v2_erdos_renyi_no_evolution_s4,v2,erdos_renyi_no_evolution,4,erdos_renyi,100,4,961,9,0.6931471805579453,2,9,0.2222222222222222,98,82
v2_erdos_renyi_no_evolution_s4,v2,erdos_renyi_no_evolution,4,erdos_renyi,100,4,962,544,4.612358386151981,199,544,0.36580882352941174,33,28
v2_erdos_renyi_no_evolution_s4,v2,erdos_renyi_no_evolution,4,erdos_renyi,100,4,963,373,4.480534838121647,127,373,0.34048257372654156,72,57
v2_erdos_renyi_no_evolution_s4,v2,erdos_renyi_no_evolution,4,erdos_renyi,100,4,964,118,3.5592542927696083,49,118,0.4152542372881356,40,82
v2_erdos_renyi_no_evolution_s4,v2,erdos_renyi_no_evolution,4,erdos_renyi,100,4,965,83,3.3969144201875685,35,83,0.42168674698795183,77,82
v2_erdos_renyi_no_evolution_s4,v2,erdos_renyi_no_evolution,4,erdos_renyi,100,4,966,131,3.617683558888374,46,131,0.3511450381679389,48,55
v2_erdos_renyi_no_evolution_s4,v2,erdos_renyi_no_evolution,4,erdos_renyi,100,4,967,140,3.687185451308228,51,140,0.36428571428571427,31,53
v2_erdos_renyi_no_evolution_s4,v2,erdos_renyi_no_evolution,4,erdos_renyi,100,4,968,31,1.9915093613486132,13,31,0.41935483870967744,52,57
v2_erdos_renyi_no_evolution_s4,v2,erdos_renyi_no_evolution,4,erdos_renyi,100,4,969,12,1.6094379124291005,5,12,0.4166666666666667,12,53
v2_erdos_renyi_no_evolution_s4,v2,erdos_renyi_no_evolution,4,erdos_renyi,100,4,970,94,3.379092505199735,32,94,0.3404255319148936,15,57
v2_erdos_renyi_no_evolution_s4,v2,erdos_renyi_no_evolution,4,erdos_renyi,100,4,971,109,3.4368689714688543,39,109,0.3577981651376147,26,57
v2_erdos_renyi_no_evolution_s4,v2,erdos_renyi_no_evolution,4,erdos_renyi,100,4,972,112,3.504523137785095,46,112,0.4107142857142857,94,28
v2_erdos_renyi_no_evolution_s4,v2,erdos_renyi_no_evolution,4,erdos_renyi,100,4,973,2,-1.000088900581841e-12,1,2,0.5,64,82
v2_erdos_renyi_no_evolution_s4,v2,erdos_renyi_no_evolution,4,erdos_renyi,100,4,974,16,1.791759469222055,6,16,0.375,83,57
v2_erdos_renyi_no_evolution_s4,v2,erdos_renyi_no_evolution,4,erdos_renyi,100,4,975,142,3.6378642135433528,52,142,0.36619718309859156,36,53
v2_erdos_renyi_no_evolution_s4,v2,erdos_renyi_no_evolution,4,erdos_renyi,100,4,976,206,3.926879691432093,75,206,0.3640776699029126,3,53
v2_erdos_renyi_no_evolution_s4,v2,erdos_renyi_no_evolution,4,erdos_renyi,100,4,977,7,1.0986122886651095,3,7,0.42857142857142855,3,82
v2_erdos_renyi_no_evolution_s4,v2,erdos_renyi_no_evolution,4,erdos_renyi,100,4,978,68,3.052520501511814,25,68,0.36764705882352944,7,82
v2_erdos_renyi_no_evolution_s4,v2,erdos_renyi_no_evolution,4,erdos_renyi,100,4,979,27,2.7080502010872096,15,27,0.5555555555555556,34,55
v2_erdos_renyi_no_evolution_s4,v2,erdos_renyi_no_evolution,4,erdos_renyi,100,4,980,355,4.5655069672740645,131,355,0.36901408450704226,37,82
v2_erdos_renyi_no_evolution_s4,v2,erdos_renyi_no_evolution,4,erdos_renyi,100,4,981,27,2.079441541671836,8,27,0.2962962962962963,37,53
v2_erdos_renyi_no_evolution_s4,v2,erdos_renyi_no_evolution,4,erdos_renyi,100,4,982,147,3.4978165848337257,54,147,0.3673469387755102,20,57
v2_erdos_renyi_no_evolution_s4,v2,erdos_renyi_no_evolution,4,erdos_renyi,100,4,983,18,2.197224577327219,9,18,0.5,34,55
v2_erdos_renyi_no_evolution_s4,v2,erdos_renyi_no_evolution,4,erdos_renyi,100,4,984,118,3.690215907606963,50,118,0.423728813559322,33,57
v2_erdos_renyi_no_evolution_s4,v2,erdos_renyi_no_evolution,4,erdos_renyi,100,4,985,398,4.489105169051003,128,398,0.32160804020100503,15,82
v2_erdos_renyi_no_evolution_s4,v2,erdos_renyi_no_evolution,4,erdos_renyi,100,4,986,67,3.233183484354926,28,67,0.417910447761194,70,82
v2_erdos_renyi_no_evolution_s4,v2,erdos_renyi_no_evolution,4,erdos_renyi,100,4,987,152,3.942180768872204,63,152,0.4144736842105263,24,57
v2_erdos_renyi_no_evolution_s4,v2,erdos_renyi_no_evolution,4,erdos_renyi,100,4,988,74,2.6062453749821675,31,74,0.4189189189189189,35,57
v2_erdos_renyi_no_evolution_s4,v2,erdos_renyi_no_evolution,4,erdos_renyi,100,4,989,106,3.66448190441264,43,106,0.4056603773584906,62,57
v2_erdos_renyi_no_evolution_s4,v2,erdos_renyi_no_evolution,4,erdos_renyi,100,4,990,0,0.0,0,0,,53,53
v2_erdos_renyi_no_evolution_s4,v2,erdos_renyi_no_evolution,4,erdos_renyi,100,4,991,76,2.976138801317437,25,76,0.32894736842105265,79,55
v2_erdos_renyi_no_evolution_s4,v2,erdos_renyi_no_evolution,4,erdos_renyi,100,4,992,253,4.333610844393488,107,253,0.42292490118577075,41,82
v2_erdos_renyi_no_evolution_s4,v2,erdos_renyi_no_evolution,4,erdos_renyi,100,4,993,5,-1.000088900581841e-12,1,5,0.2,85,53
v2_erdos_renyi_no_evolution_s4,v2,erdos_renyi_no_evolution,4,erdos_renyi,100,4,994,3,-1.000088900581841e-12,1,3,0.3333333333333333,64,82
v2_erdos_renyi_no_evolution_s4,v2,erdos_renyi_no_evolution,4,erdos_renyi,100,4,995,49,2.2429732264281474,14,49,0.2857142857142857,96,82
v2_erdos_renyi_no_evolution_s4,v2,erdos_renyi_no_evolution,4,erdos_renyi,100,4,996,238,4.004560964430331,72,238,0.3025210084033613,54,82
v2_erdos_renyi_no_evolution_s4,v2,erdos_renyi_no_evolution,4,erdos_renyi,100,4,997,15,2.079441541671836,8,15,0.5333333333333333,41,53
v2_erdos_renyi_no_evolution_s4,v2,erdos_renyi_no_evolution,4,erdos_renyi,100,4,998,193,3.986742255492439,71,193,0.36787564766839376,83,28
v2_erdos_renyi_no_evolution_s4,v2,erdos_renyi_no_evolution,4,erdos_renyi,100,4,999,30,2.4583113296710835,13,30,0.43333333333333335,66,82
