run_id,validation_version,condition,seed,topology,n_nodes,degree,episode_idx,hitting_time,path_entropy,accepted_moves,attempted_moves,accept_rate,start_node,final_node
v2_erdos_renyi_no_evolution_s2,v2,erdos_renyi_no_evolution,2,erdos_renyi,100,4,0,198,4.109430940173799,76,198,0.3838383838383838,3,36
v2_erdos_renyi_no_evolution_s2,v2,erdos_renyi_no_evolution,2,erdos_renyi,100,4,1,190,3.9926865996384624,66,190,0.3473684210526316,0,9
v2_erdos_renyi_no_evolution_s2,v2,erdos_renyi_no_evolution,2,erdos_renyi,100,4,2,354,4.638390268982212,131,354,0.3700564971751412,48,9
v2_erdos_renyi_no_evolution_s2,v2,erdos_renyi_no_evolution,2,erdos_renyi,100,4,3,5,0.6931471805579453,2,5,0.4,31,23
v2_erdos_renyi_no_evolution_s2,v2,erdos_renyi_no_evolution,2,erdos_renyi,100,4,4,173,4.109657096451475,74,173,0.4277456647398844,85,23
v2_erdos_renyi_no_evolution_s2,v2,erdos_renyi_no_evolution,2,erdos_renyi,100,4,5,121,3.652629782939221,45,121,0.371900826446281,77,23
v2_erdos_renyi_no_evolution_s2,v2,erdos_renyi_no_evolution,2,erdos_renyi,100,4,6,58,2.5126585295168016,16,58,0.27586206896551724,51,23
v2_erdos_renyi_no_evolution_s2,v2,erdos_renyi_no_evolution,2,erdos_renyi,100,4,7,231,4.148326187441398,76,231,0.329004329004329,68,9
v2_erdos_renyi_no_evolution_s2,v2,erdos_renyi_no_evolution,2,erdos_renyi,100,4,8,150,3.897125545560404,57,150,0.38,95,23
v2_erdos_renyi_no_evolution_s2,v2,erdos_renyi_no_evolution,2,erdos_renyi,100,4,9,461,4.7784756284289465,177,461,0.3839479392624729,92,9
v2_erdos_renyi_no_evolution_s2,v2,erdos_renyi_no_evolution,2,erdos_renyi,100,4,10,91,3.3549875695958247,30,91,0.32967032967032966,81,9
v2_erdos_renyi_no_evolution_s2,v2,erdos_renyi_no_evolution,2,erdos_renyi,100,4,11,129,3.4858315997982245,39,129,0.3023255813953488,16,84
v2_erdos_renyi_no_evolution_s2,v2,erdos_renyi_no_evolution,2,erdos_renyi,100,4,12,137,3.844605690754974,52,137,0.3795620437956204,24,23
v2_erdos_renyi_no_evolution_s2,v2,erdos_renyi_no_evolution,2,erdos_renyi,100,4,13,180,3.8465874704474,55,180,0.3055555555555556,2,23
v2_erdos_renyi_no_evolution_s2,v2,erdos_renyi_no_evolution,2,erdos_renyi,100,4,14,20,1.3862943611158909,4,20,0.2,64,23
v2_erdos_renyi_no_evolution_s2,v2,erdos_renyi_no_evolution,2,erdos_renyi,100,4,15,85,3.3445488585774434,31,85,0.36470588235294116,33,23
v2_erdos_renyi_no_evolution_s2,v2,erdos_renyi_no_evolution,2,erdos_renyi,100,4,16,22,1.9061547465328492,8,22,0.36363636363636365,1,84
v2_erdos_renyi_no_evolution_s2,v2,erdos_renyi_no_evolution,2,erdos_renyi,100,4,17,157,3.833970342421197,64,157,0.40764331210191085,35,23
v2_erdos_renyi_no_evolution_s2,v2,erdos_renyi_no_evolution,2,erdos_renyi,100,4,18,85,3.4365228305042805,35,85,0.4117647058823529,98,84
v2_erdos_renyi_no_evolution_s2,v2,erdos_renyi_no_evolution,2,erdos_renyi,100,4,19,161,3.878765961568665,57,161,0.35403726708074534,20,23
v2_erdos_renyi_no_evolution_s2,v2,erdos_renyi_no_evolution,2,erdos_renyi,100,4,20,239,4.392721519450779,91,239,0.3807531380753138,62,23
v2_erdos_renyi_no_evolution_s2,v2,erdos_renyi_no_evolution,2,erdos_renyi,100,4,21,104,3.396633717011105,33,104,0.3173076923076923,8,23
v2_erdos_renyi_no_evolution_s2,v2,erdos_renyi_no_evolution,2,erdos_renyi,100,4,22,564,4.79615353801006,200,564,0.3546099290780142,44,23
v2_erdos_renyi_no_evolution_s2,v2,erdos_renyi_no_evolution,2,erdos_renyi,100,4,23,221,4.100556103945681,73,221,0.33031674208144796,30,23
v2_erdos_renyi_no_evolution_s2,v2,erdos_renyi_no_evolution,2,erdos_renyi,100,4,24,215,3.986742255492439,71,215,0.3302325581395349,61,23
v2_erdos_renyi_no_evolution_s2,v2,erdos_renyi_no_evolution,2,erdos_renyi,100,4,25,69,3.2163581334868363,30,69,0.43478260869565216,25,84
v2_erdos_renyi_no_evolution_s2,v2,erdos_renyi_no_evolution,2,erdos_renyi,100,4,26,110,3.5485824223394595,45,110,0.4090909090909091,45,23
v2_erdos_renyi_no_evolution_s2,v2,erdos_renyi_no_evolution,2,erdos_renyi,100,4,27,236,4.276599467313783,91,236,0.3855932203389831,10,23
v2_erdos_renyi_no_evolution_s2,v2,erdos_renyi_no_evolution,2,erdos_renyi,100,4,28,539,4.904272976801991,186,539,0.3450834879406308,93,84
v2_erdos_renyi_no_evolution_s2,v2,erdos_renyi_no_evolution,2,erdos_renyi,100,4,29,11,1.3862943611158909,4,11,0.36363636363636365,4,9
v2_erdos_renyi_no_evolution_s2,v2,erdos_renyi_no_evolution,2,erdos_renyi,100,4,30,624,5.069129913714685,242,624,0.38782051282051283,1,23
v2_erdos_renyi_no_evolution_s2,v2,erdos_renyi_no_evolution,2,erdos_renyi,100,4,31,47,2.6525875347051464,19,47,0.40425531914893614,90,23
v2_erdos_renyi_no_evolution_s2,v2,erdos_renyi_no_evolution,2,erdos_renyi,100,4,32,677,5.0786776808246055,248,677,0.3663220088626292,77,23
v2_erdos_renyi_no_evolution_s2,v2,erdos_renyi_no_evolution,2,erdos_renyi,100,4,33,0,0.0,0,0,,23,23
v2_erdos_renyi_no_evolution_s2,v2,erdos_renyi_no_evolution,2,erdos_renyi,100,4,34,9,1.0986122886651095,3,9,0.3333333333333333,82,84
v2_erdos_renyi_no_evolution_s2,v2,erdos_renyi_no_evolution,2,erdos_renyi,100,4,35,0,0.0,0,0,,23,23
v2_erdos_renyi_no_evolution_s2,v2,erdos_renyi_no_evolution,2,erdos_renyi,100,4,36,121,3.614182604033629,47,121,0.3884297520661157,39,84
v2_erdos_renyi_no_evolution_s2,v2,erdos_renyi_no_evolution,2,erdos_renyi,100,4,37,122,3.5066205580617207,42,122,0.3442622950819672,32,84
v2_erdos_renyi_no_evolution_s2,v2,erdos_renyi_no_evolution,2,erdos_renyi,100,4,38,12,1.791759469222055,6,12,0.5,12,23
v2_erdos_renyi_no_evolution_s2,v2,erdos_renyi_no_evolution,2,erdos_renyi,100,4,39,33,2.2718685126865625,11,33,0.3333333333333333,46,23
v2_erdos_renyi_no_evolution_s2,v2,erdos_renyi_no_evolution,2,erdos_renyi,100,4,40,85,3.0280290732864104,22,85,0.25882352941176473,81,36
v2_erdos_renyi_no_evolution_s2,v2,erdos_renyi_no_evolution,2,erdos_renyi,100,4,41,11,1.791759469222055,6,11,0.5454545454545454,83,23
v2_erdos_renyi_no_evolution_s2,v2,erdos_renyi_no_evolution,2,erdos_renyi,100,4,42,181,3.90801172927918,58,181,0.32044198895027626,5,9
v2_erdos_renyi_no_evolution_s2,v2,erdos_renyi_no_evolution,2,erdos_renyi,100,4,43,29,2.09827373951625,11,29,0.3793103448275862,55,9
v2_erdos_renyi_no_evolution_s2,v2,erdos_renyi_no_evolution,2,erdos_renyi,100,4,44,139,3.5598149956205205,55,139,0.39568345323741005,92,23
v2_erdos_renyi_no_evolution_s2,v2,erdos_renyi_no_evolution,2,erdos_renyi,100,4,45,86,3.679760009076018,41,86,0.47674418604651164,64,84
v2_erdos_renyi_no_evolution_s2,v2,erdos_renyi_no_evolution,2,erdos_renyi,100,4,46,10000,-1.000088900581841e-12,3640,10000,0.364,59,59
v2_erdos_renyi_no_evolution_s2,v2,erdos_renyi_no_evolution,2,erdos_renyi,100,4,47,80,3.3486460064564074,37,80,0.4625,15,9
v2_erdos_renyi_no_evolution_s2,v2,erdos_renyi_no_evolution,2,erdos_renyi,100,4,48,34,2.484906649776,12,34,0.35294117647058826,91,23
v2_erdos_renyi_no_evolution_s2,v2,erdos_renyi_no_evolution,2,erdos_renyi,100,4,49,3,-1.000088900581841e-12,1,3,0.3333333333333333,95,23
v2_erdos_renyi_no_evolution_s2,v2,erdos_renyi_no_evolution,2,erdos_renyi,100,4,50,192,3.927804791543193,78,192,0.40625,82,84
v2_erdos_renyi_no_evolution_s2,v2,erdos_renyi_no_evolution,2,erdos_renyi,100,4,51,46,3.0910424533363146,22,46,0.4782608695652174,28,23
v2_erdos_renyi_no_evolution_s2,v2,erdos_renyi_no_evolution,2,erdos_renyi,100,4,52,18,2.079441541671836,8,18,0.4444444444444444,97,23
v2_erdos_renyi_no_evolution_s2,v2,erdos_renyi_no_evolution,2,erdos_renyi,100,4,53,20,2.0431918705371204,9,20,0.45,29,84
v2_erdos_renyi_no_evolution_s2,v2,erdos_renyi_no_evolution,2,erdos_renyi,100,4,54,469,4.821358420126304,171,469,0.3646055437100213,20,23
v2_erdos_renyi_no_evolution_s2,v2,erdos_renyi_no_evolution,2,erdos_renyi,100,4,55,66,2.725550395815721,19,66,0.2878787878787879,95,36
v2_erdos_renyi_no_evolution_s2,v2,erdos_renyi_no_evolution,2,erdos_renyi,100,4,56,161,3.74070034087516,58,161,0.36024844720496896,47,23
v2_erdos_renyi_no_evolution_s2,v2,erdos_renyi_no_evolution,2,erdos_renyi,100,4,57,11,1.6094379124291005,5,11,0.45454545454545453,63,84
v2_erdos_renyi_no_evolution_s2,v2,erdos_renyi_no_evolution,2,erdos_renyi,100,4,58,105,3.645947951488728,41,105,0.3904761904761905,92,23
v2_erdos_renyi_no_evolution_s2,v2,erdos_renyi_no_evolution,2,erdos_renyi,100,4,59,11,1.3862943611158909,4,11,0.36363636363636365,99,23
v2_erdos_renyi_no_evolution_s2,v2,erdos_renyi_no_evolution,2,erdos_renyi,100,4,60,611,4.798746369249935,203,611,0.3322422258592471,69,23
v2_erdos_renyi_no_evolution_s2,v2,erdos_renyi_no_evolution,2,erdos_renyi,100,4,61,146,3.886295575320209,54,146,0.3698630136986301,12,23
v2_erdos_renyi_no_evolution_s2,v2,erdos_renyi_no_evolution,2,erdos_renyi,100,4,62,27,2.302585092984045,10,27,0.37037037037037035,90,23
v2_erdos_renyi_no_evolution_s2,v2,erdos_renyi_no_evolution,2,erdos_renyi,100,4,63,0,0.0,0,0,,23,23
v2_erdos_renyi_no_evolution_s2,v2,erdos_renyi_no_evolution,2,erdos_renyi,100,4,64,181,3.813897919969909,67,181,0.3701657458563536,12,84
v2_erdos_renyi_no_evolution_s2,v2,erdos_renyi_no_evolution,2,erdos_renyi,100,4,65,34,2.639057329601259,14,34,0.4117647058823529,76,23
v2_erdos_renyi_no_evolution_s2,v2,erdos_renyi_no_evolution,2,erdos_renyi,100,4,66,173,3.8848526054680574,74,173,0.4277456647398844,87,9
v2_erdos_renyi_no_evolution_s2,v2,erdos_renyi_no_evolution,2,erdos_renyi,100,4,67,91,3.2994270308825606,36,91,0.3956043956043956,55,9
v2_erdos_renyi_no_evolution_s2,v2,erdos_renyi_no_evolution,2,erdos_renyi,100,4,68,231,4.269318945825873,92,231,0.39826839826839827,64,9
v2_erdos_renyi_no_evolution_s2,v2,erdos_renyi_no_evolution,2,erdos_renyi,100,4,69,200,3.801603494938545,93,200,0.465,54,84
v2_erdos_renyi_no_evolution_s2,v2,erdos_renyi_no_evolution,2,erdos_renyi,100,4,70,0,0.0,0,0,,84,84
v2_erdos_renyi_no_evolution_s2,v2,erdos_renyi_no_evolution,2,erdos_renyi,100,4,71,244,4.394392872250688,104,244,0.4262295081967213,4,84
v2_erdos_renyi_no_evolution_s2,v2,erdos_renyi_no_evolution,2,erdos_renyi,100,4,72,452,4.84991375414654,169,452,0.37389380530973454,58,36
v2_erdos_renyi_no_evolution_s2,v2,erdos_renyi_no_evolution,2,erdos_renyi,100,4,73,256,4.385148179474604,101,256,0.39453125,50,23
v2_erdos_renyi_no_evolution_s2,v2,erdos_renyi_no_evolution,2,erdos_renyi,100,4,74,47,2.9957322735339904,20,47,0.425531914893617,27,84
v2_erdos_renyi_no_evolution_s2,v2,erdos_renyi_no_evolution,2,erdos_renyi,100,4,75,16,1.6094379124291005,5,16,0.3125,95,23
v2_erdos_renyi_no_evolution_s2,v2,erdos_renyi_no_evolution,2,erdos_renyi,100,4,76,40,2.369382119683676,12,40,0.3,16,84
v2_erdos_renyi_no_evolution_s2,v2,erdos_renyi_no_evolution,2,erdos_renyi,100,4,77,256,4.494080748228575,110,256,0.4296875,43,23
v2_erdos_renyi_no_evolution_s2,v2,erdos_renyi_no_evolution,2,erdos_renyi,100,4,78,69,3.4011973816321546,30,69,0.43478260869565216,18,9
v2_erdos_renyi_no_evolution_s2,v2,erdos_renyi_no_evolution,2,erdos_renyi,100,4,79,176,4.042623521848649,66,176,0.375,25,9
v2_erdos_renyi_no_evolution_s2,v2,erdos_renyi_no_evolution,2,erdos_renyi,100,4,80,0,0.0,0,0,,84,84
v2_erdos_renyi_no_evolution_s2,v2,erdos_renyi_no_evolution,2,erdos_renyi,100,4,81,158,3.8349513397251753,54,158,0.34177215189873417,97,36
v2_erdos_renyi_no_evolution_s2,v2,erdos_renyi_no_evolution,2,erdos_renyi,100,4,82,2,-1.000088900581841e-12,1,2,0.5,19,23
v2_erdos_renyi_no_evolution_s2,v2,erdos_renyi_no_evolution,2,erdos_renyi,100,4,83,360,4.511151424567978,127,360,0.3527777777777778,40,36
v2_erdos_renyi_no_evolution_s2,v2,erdos_renyi_no_evolution,2,erdos_renyi,100,4,84,201,4.031355260634598,67,201,0.3333333333333333,63,84
v2_erdos_renyi_no_evolution_s2,v2,erdos_renyi_no_evolution,2,erdos_renyi,100,4,85,5,-1.000088900581841e-12,1,5,0.2,52,9
v2_erdos_renyi_no_evolution_s2,v2,erdos_renyi_no_evolution,2,erdos_renyi,100,4,86,180,4.139001311074295,79,180,0.4388888888888889,16,23
v2_erdos_renyi_no_evolution_s2,v2,erdos_renyi_no_evolution,2,erdos_renyi,100,4,87,18,1.791759469222055,6,18,0.3333333333333333,8,84
v2_erdos_renyi_no_evolution_s2,v2,erdos_renyi_no_evolution,2,erdos_renyi,100,4,88,128,3.6548079912793474,49,128,0.3828125,21,9
v2_erdos_renyi_no_evolution_s2,v2,erdos_renyi_no_evolution,2,erdos_renyi,100,4,89,62,3.062529300232621,24,62,0.3870967741935484,33,84
v2_erdos_renyi_no_evolution_s2,v2,erdos_renyi_no_evolution,2,erdos_renyi,100,4,90,79,2.867922460375076,28,79,0.35443037974683544,43,9
v2_erdos_renyi_no_evolution_s2,v2,erdos_renyi_no_evolution,2,erdos_renyi,100,4,91,123,3.904193229080773,59,123,0.4796747967479675,79,36
v2_erdos_renyi_no_evolution_s2,v2,erdos_renyi_no_evolution,2,erdos_renyi,100,4,92,108,3.638648592450092,42,108,0.3888888888888889,88,23
v2_erdos_renyi_no_evolution_s2,v2,erdos_renyi_no_evolution,2,erdos_renyi,100,4,93,51,2.912494403312053,21,51,0.4117647058823529,65,23
v2_erdos_renyi_no_evolution_s2,v2,erdos_renyi_no_evolution,2,erdos_renyi,100,4,94,563,4.971572146844199,210,563,0.37300177619893427,58,9
v2_erdos_renyi_no_evolution_s2,v2,erdos_renyi_no_evolution,2,erdos_renyi,100,4,95,171,3.773393569271156,50,171,0.29239766081871343,27,9
v2_erdos_renyi_no_evolution_s2,v2,erdos_renyi_no_evolution,2,erdos_renyi,100,4,96,0,0.0,0,0,,23,23
v2_erdos_renyi_no_evolution_s2,v2,erdos_renyi_no_evolution,2,erdos_renyi,100,4,97,361,4.510638422944961,123,361,0.3407202216066482,85,84
v2_erdos_renyi_no_evolution_s2,v2,erdos_renyi_no_evolution,2,erdos_renyi,100,4,98,180,4.020742234700361,64,180,0.35555555555555557,39,84
v2_erdos_renyi_no_evolution_s2,v2,erdos_renyi_no_evolution,2,erdos_renyi,100,4,99,115,3.6322425006666657,43,115,0.3739130434782609,86,23
v2_erdos_renyi_no_evolution_s2,v2,erdos_renyi_no_evolution,2,erdos_renyi,100,4,100,171,3.914782476259748,63,171,0.3684210526315789,93,23
v2_erdos_renyi_no_evolution_s2,v2,erdos_renyi_no_evolution,2,erdos_renyi,100,4,101,79,3.4965075614334804,33,79,0.4177215189873418,13,36
v2_erdos_renyi_no_evolution_s2,v2,erdos_renyi_no_evolution,2,erdos_renyi,100,4,102,845,5.204338550806634,307,845,0.3633136094674556,58,23
v2_erdos_renyi_no_evolution_s2,v2,erdos_renyi_no_evolution,2,erdos_renyi,100,4,103,138,3.803480322741275,53,138,0.38405797101449274,65,23
v2_erdos_renyi_no_evolution_s2,v2,erdos_renyi_no_evolution,2,erdos_renyi,100,4,104,125,3.66448190441264,43,125,0.344,72,84
v2_erdos_renyi_no_evolution_s2,v2,erdos_renyi_no_evolution,2,erdos_renyi,100,4,105,35,2.751666616915516,17,35,0.4857142857142857,7,84
v2_erdos_renyi_no_evolution_s2,v2,erdos_renyi_no_evolution,2,erdos_renyi,100,4,106,113,3.5066205580617207,42,113,0.37168141592920356,51,23
v2_erdos_renyi_no_evolution_s2,v2,erdos_renyi_no_evolution,2,erdos_renyi,100,4,107,31,2.639057329601259,14,31,0.45161290322580644,65,9
v2_erdos_renyi_no_evolution_s2,v2,erdos_renyi_no_evolution,2,erdos_renyi,100,4,108,22,1.9459101490483133,7,22,0.3181818181818182,13,84
v2_erdos_renyi_no_evolution_s2,v2,erdos_renyi_no_evolution,2,erdos_renyi,100,4,109,361,4.508508225926876,124,361,0.34349030470914127,41,23
v2_erdos_renyi_no_evolution_s2,v2,erdos_renyi_no_evolution,2,erdos_renyi,100,4,110,129,3.603049664804596,47,129,0.3643410852713178,66,84
v2_erdos_renyi_no_evolution_s2,v2,erdos_renyi_no_evolution,2,erdos_renyi,100,4,111,90,3.299829685639092,31,90,0.34444444444444444,57,23
v2_erdos_renyi_no_evolution_s2,v2,erdos_renyi_no_evolution,2,erdos_renyi,100,4,112,328,4.574008488166233,123,328,0.375,12,9
v2_erdos_renyi_no_evolution_s2,v2,erdos_renyi_no_evolution,2,erdos_renyi,100,4,113,170,3.8272853288145208,58,170,0.3411764705882353,79,84
v2_erdos_renyi_no_evolution_s2,v2,erdos_renyi_no_evolution,2,erdos_renyi,100,4,114,58,3.176082814634593,29,58,0.5,44,36
v2_erdos_renyi_no_evolution_s2,v2,erdos_renyi_no_evolution,2,erdos_renyi,100,4,115,119,3.4857612634957618,46,119,0.3865546218487395,79,84
v2_erdos_renyi_no_evolution_s2,v2,erdos_renyi_no_evolution,2,erdos_renyi,100,4,116,26,2.639057329601259,14,26,0.5384615384615384,86,23
v2_erdos_renyi_no_evolution_s2,v2,erdos_renyi_no_evolution,2,erdos_renyi,100,4,117,28,1.9061547465328492,8,28,0.2857142857142857,12,23
v2_erdos_renyi_no_evolution_s2,v2,erdos_renyi_no_evolution,2,erdos_renyi,100,4,118,53,2.902002313186603,22,53,0.41509433962264153,24,9
v2_erdos_renyi_no_evolution_s2,v2,erdos_renyi_no_evolution,2,erdos_renyi,100,4,119,9,1.6094379124291005,5,9,0.5555555555555556,20,23
v2_erdos_renyi_no_evolution_s2,v2,erdos_renyi_no_evolution,2,erdos_renyi,100,4,120,129,3.683099712933856,49,129,0.3798449612403101,47,84
v2_erdos_renyi_no_evolution_s2,v2,erdos_renyi_no_evolution,2,erdos_renyi,100,4,121,289,4.543366443244444,113,289,0.39100346020761245,30,23
v2_erdos_renyi_no_evolution_s2,v2,erdos_renyi_no_evolution,2,erdos_renyi,100,4,122,58,2.871476118036867,19,58,0.3275862068965517,94,9
v2_erdos_renyi_no_evolution_s2,v2,erdos_renyi_no_evolution,2,erdos_renyi,100,4,123,90,3.2163581334868363,30,90,0.3333333333333333,27,84
v2_erdos_renyi_no_evolution_s2,v2,erdos_renyi_no_evolution,2,erdos_renyi,100,4,124,2,-1.000088900581841e-12,1,2,0.5,53,9
v2_erdos_renyi_no_evolution_s2,v2,erdos_renyi_no_evolution,2,erdos_renyi,100,4,125,215,4.287939414896736,90,215,0.4186046511627907,65,23
v2_erdos_renyi_no_evolution_s2,v2,erdos_renyi_no_evolution,2,erdos_renyi,100,4,126,183,4.196163489275176,76,183,0.41530054644808745,19,84
v2_erdos_renyi_no_evolution_s2,v2,erdos_renyi_no_evolution,2,erdos_renyi,100,4,127,33,2.0228085294067037,12,33,0.36363636363636365,44,36
v2_erdos_renyi_no_evolution_s2,v2,erdos_renyi_no_evolution,2,erdos_renyi,100,4,128,301,4.733221400056856,135,301,0.4485049833887043,25,23
v2_erdos_renyi_no_evolution_s2,v2,erdos_renyi_no_evolution,2,erdos_renyi,100,4,129,6,0.6931471805579453,2,6,0.3333333333333333,2,84
v2_erdos_renyi_no_evolution_s2,v2,erdos_renyi_no_evolution,2,erdos_renyi,100,4,130,27,2.302585092984045,10,27,0.37037037037037035,3,36
v2_erdos_renyi_no_evolution_s2,v2,erdos_renyi_no_evolution,2,erdos_renyi,100,4,131,83,3.205805710063748,32,83,0.3855421686746988,41,84
v2_erdos_renyi_no_evolution_s2,v2,erdos_renyi_no_evolution,2,erdos_renyi,100,4,132,599,4.94622107116651,213,599,0.3555926544240401,31,36
v2_erdos_renyi_no_evolution_s2,v2,erdos_renyi_no_evolution,2,erdos_renyi,100,4,133,98,3.4365228305042805,35,98,0.35714285714285715,83,84
v2_erdos_renyi_no_evolution_s2,v2,erdos_renyi_no_evolution,2,erdos_renyi,100,4,134,43,2.772588722223781,16,43,0.37209302325581395,2,36
v2_erdos_renyi_no_evolution_s2,v2,erdos_renyi_no_evolution,2,erdos_renyi,100,4,135,107,3.728960711904589,43,107,0.40186915887850466,80,23
v2_erdos_renyi_no_evolution_s2,v2,erdos_renyi_no_evolution,2,erdos_renyi,100,4,136,26,2.4583113296710835,13,26,0.5,31,9
v2_erdos_renyi_no_evolution_s2,v2,erdos_renyi_no_evolution,2,erdos_renyi,100,4,137,430,4.740343437604896,155,430,0.36046511627906974,38,84
v2_erdos_renyi_no_evolution_s2,v2,erdos_renyi_no_evolution,2,erdos_renyi,100,4,138,28,1.791759469222055,6,28,0.21428571428571427,63,9
v2_erdos_renyi_no_evolution_s2,v2,erdos_renyi_no_evolution,2,erdos_renyi,100,4,139,33,2.639057329601259,14,33,0.42424242424242425,55,23
v2_erdos_renyi_no_evolution_s2,v2,erdos_renyi_no_evolution,2,erdos_renyi,100,4,140,302,4.497763610852999,104,302,0.3443708609271523,97,9
v2_erdos_renyi_no_evolution_s2,v2,erdos_renyi_no_evolution,2,erdos_renyi,100,4,141,52,3.218875824843201,25,52,0.4807692307692308,96,23
v2_erdos_renyi_no_evolution_s2,v2,erdos_renyi_no_evolution,2,erdos_renyi,100,4,142,180,3.9929768661710368,62,180,0.34444444444444444,75,84
v2_erdos_renyi_no_evolution_s2,v2,erdos_renyi_no_evolution,2,erdos_renyi,100,4,143,13,1.9459101490483133,7,13,0.5384615384615384,88,23
v2_erdos_renyi_no_evolution_s2,v2,erdos_renyi_no_evolution,2,erdos_renyi,100,4,144,13,1.3862943611158909,4,13,0.3076923076923077,24,36
v2_erdos_renyi_no_evolution_s2,v2,erdos_renyi_no_evolution,2,erdos_renyi,100,4,145,376,4.516408326761772,132,376,0.35106382978723405,68,9
v2_erdos_renyi_no_evolution_s2,v2,erdos_renyi_no_evolution,2,erdos_renyi,100,4,146,82,3.3549875695958247,30,82,0.36585365853658536,3,9
v2_erdos_renyi_no_evolution_s2,v2,erdos_renyi_no_evolution,2,erdos_renyi,100,4,147,0,0.0,0,0,,49,49
v2_erdos_renyi_no_evolution_s2,v2,erdos_renyi_no_evolution,2,erdos_renyi,100,4,148,43,2.61563057701355,15,43,0.3488372093023256,22,23
v2_erdos_renyi_no_evolution_s2,v2,erdos_renyi_no_evolution,2,erdos_renyi,100,4,149,214,3.929643100526941,73,214,0.3411214953271028,65,23
v2_erdos_renyi_no_evolution_s2,v2,erdos_renyi_no_evolution,2,erdos_renyi,100,4,150,155,3.9944093603718343,57,155,0.36774193548387096,83,84
v2_erdos_renyi_no_evolution_s2,v2,erdos_renyi_no_evolution,2,erdos_renyi,100,4,151,25,1.6094379124291005,5,25,0.2,80,84
v2_erdos_renyi_no_evolution_s2,v2,erdos_renyi_no_evolution,2,erdos_renyi,100,4,152,116,3.738230894633929,46,116,0.39655172413793105,97,23
v2_erdos_renyi_no_evolution_s2,v2,erdos_renyi_no_evolution,2,erdos_renyi,100,4,153,96,3.2580965379954825,26,96,0.2708333333333333,35,23
v2_erdos_renyi_no_evolution_s2,v2,erdos_renyi_no_evolution,2,erdos_renyi,100,4,154,4,-1.000088900581841e-12,1,4,0.25,53,9
v2_erdos_renyi_no_evolution_s2,v2,erdos_renyi_no_evolution,2,erdos_renyi,100,4,155,139,3.827309639098592,56,139,0.4028776978417266,88,84
v2_erdos_renyi_no_evolution_s2,v2,erdos_renyi_no_evolution,2,erdos_renyi,100,4,156,138,3.7845576132928977,48,138,0.34782608695652173,2,23
v2_erdos_renyi_no_evolution_s2,v2,erdos_renyi_no_evolution,2,erdos_renyi,100,4,157,95,3.335770806415738,32,95,0.3368421052631579,57,9
v2_erdos_renyi_no_evolution_s2,v2,erdos_renyi_no_evolution,2,erdos_renyi,100,4,158,99,3.4040404338981123,34,99,0.3434343434343434,82,23
v2_erdos_renyi_no_evolution_s2,v2,erdos_renyi_no_evolution,2,erdos_renyi,100,4,159,367,4.5991598332668335,136,367,0.37057220708446864,81,84
v2_erdos_renyi_no_evolution_s2,v2,erdos_renyi_no_evolution,2,erdos_renyi,100,4,160,91,3.233183484354926,28,91,0.3076923076923077,22,9
v2_erdos_renyi_no_evolution_s2,v2,erdos_renyi_no_evolution,2,erdos_renyi,100,4,161,81,3.0904599235931967,27,81,0.3333333333333333,60,84
v2_erdos_renyi_no_evolution_s2,v2,erdos_renyi_no_evolution,2,erdos_renyi,100,4,162,124,3.539627566658813,42,124,0.3387096774193548,60,23
v2_erdos_renyi_no_evolution_s2,v2,erdos_renyi_no_evolution,2,erdos_renyi,100,4,163,0,0.0,0,0,,84,84
v2_erdos_renyi_no_evolution_s2,v2,erdos_renyi_no_evolution,2,erdos_renyi,100,4,164,271,4.43106736818167,110,271,0.4059040590405904,8,23
v2_erdos_renyi_no_evolution_s2,v2,erdos_renyi_no_evolution,2,erdos_renyi,100,4,165,545,4.844762530486028,184,545,0.3376146788990826,50,9
v2_erdos_renyi_no_evolution_s2,v2,erdos_renyi_no_evolution,2,erdos_renyi,100,4,166,18,2.197224577327219,9,18,0.5,32,9
v2_erdos_renyi_no_evolution_s2,v2,erdos_renyi_no_evolution,2,erdos_renyi,100,4,167,40,2.5649493574485365,13,40,0.325,82,9
v2_erdos_renyi_no_evolution_s2,v2,erdos_renyi_no_evolution,2,erdos_renyi,100,4,168,103,3.5065025850265608,36,103,0.34951456310679613,52,23
v2_erdos_renyi_no_evolution_s2,v2,erdos_renyi_no_evolution,2,erdos_renyi,100,4,169,620,4.87501567028608,208,620,0.33548387096774196,52,84
v2_erdos_renyi_no_evolution_s2,v2,erdos_renyi_no_evolution,2,erdos_renyi,100,4,170,3,-1.000088900581841e-12,1,3,0.3333333333333333,50,23
v2_erdos_renyi_no_evolution_s2,v2,erdos_renyi_no_evolution,2,erdos_renyi,100,4,171,24,2.197224577327219,9,24,0.375,40,9
v2_erdos_renyi_no_evolution_s2,v2,erdos_renyi_no_evolution,2,erdos_renyi,100,4,172,487,4.862655131168332,180,487,0.36960985626283366,31,23
v2_erdos_renyi_no_evolution_s2,v2,erdos_renyi_no_evolution,2,erdos_renyi,100,4,173,737,5.067000233875594,251,737,0.3405698778833107,63,23
v2_erdos_renyi_no_evolution_s2,v2,erdos_renyi_no_evolution,2,erdos_renyi,100,4,174,171,4.010664300021868,67,171,0.391812865497076,13,36
v2_erdos_renyi_no_evolution_s2,v2,erdos_renyi_no_evolution,2,erdos_renyi,100,4,175,141,3.56884739584608,50,141,0.3546099290780142,65,36
v2_erdos_renyi_no_evolution_s2,v2,erdos_renyi_no_evolution,2,erdos_renyi,100,4,176,829,5.106934824332266,287,829,0.34620024125452353,74,23
v2_erdos_renyi_no_evolution_s2,v2,erdos_renyi_no_evolution,2,erdos_renyi,100,4,177,53,3.044522437702424,21,53,0.39622641509433965,67,23
v2_erdos_renyi_no_evolution_s2,v2,erdos_renyi_no_evolution,2,erdos_renyi,100,4,178,27,2.302585092984045,10,27,0.37037037037037035,98,84
v2_erdos_renyi_no_evolution_s2,v2,erdos_renyi_no_evolution,2,erdos_renyi,100,4,179,92,3.1282795608038727,29,92,0.31521739130434784,21,84
v2_erdos_renyi_no_evolution_s2,v2,erdos_renyi_no_evolution,2,erdos_renyi,100,4,180,333,4.6071542007577975,147,333,0.44144144144144143,44,23
v2_erdos_renyi_no_evolution_s2,v2,erdos_renyi_no_evolution,2,erdos_renyi,100,4,181,206,3.951720155415521,79,206,0.38349514563106796,5,9
v2_erdos_renyi_no_evolution_s2,v2,erdos_renyi_no_evolution,2,erdos_renyi,100,4,182,11,1.6094379124291005,5,11,0.45454545454545453,80,36
v2_erdos_renyi_no_evolution_s2,v2,erdos_renyi_no_evolution,2,erdos_renyi,100,4,183,207,4.0002512360191655,68,207,0.3285024154589372,68,84
v2_erdos_renyi_no_evolution_s2,v2,erdos_renyi_no_evolution,2,erdos_renyi,100,4,184,184,3.747916229011471,68,184,0.3695652173913043,93,23
v2_erdos_renyi_no_evolution_s2,v2,erdos_renyi_no_evolution,2,erdos_renyi,100,4,185,72,3.3892680315157944,31,72,0.4305555555555556,45,84
v2_erdos_renyi_no_evolution_s2,v2,erdos_renyi_no_evolution,2,erdos_renyi,100,4,186,97,3.467994408329786,36,97,0.3711340206185567,28,23
v2_erdos_renyi_no_evolution_s2,v2,erdos_renyi_no_evolution,2,erdos_renyi,100,4,187,55,3.183672971458787,28,55,0.509090909090909,21,23
v2_erdos_renyi_no_evolution_s2,v2,erdos_renyi_no_evolution,2,erdos_renyi,100,4,188,166,4.028917986946682,64,166,0.3855421686746988,64,9
v2_erdos_renyi_no_evolution_s2,v2,erdos_renyi_no_evolution,2,erdos_renyi,100,4,189,457,4.7541266246910645,165,457,0.3610503282275711,3,36
v2_erdos_renyi_no_evolution_s2,v2,erdos_renyi_no_evolution,2,erdos_renyi,100,4,190,162,4.060055625577064,62,162,0.38271604938271603,10,9
v2_erdos_renyi_no_evolution_s2,v2,erdos_renyi_no_evolution,2,erdos_renyi,100,4,191,153,3.803480322741276,53,153,0.3464052287581699,96,9
v2_erdos_renyi_no_evolution_s2,v2,erdos_renyi_no_evolution,2,erdos_renyi,100,4,192,26,1.791759469222055,6,26,0.23076923076923078,1,9
v2_erdos_renyi_no_evolution_s2,v2,erdos_renyi_no_evolution,2,erdos_renyi,100,4,193,373,4.735641742241884,150,373,0.40214477211796246,15,23
v2_erdos_renyi_no_evolution_s2,v2,erdos_renyi_no_evolution,2,erdos_renyi,100,4,194,62,3.2625679455231658,30,62,0.4838709677419355,4,23
v2_erdos_renyi_no_evolution_s2,v2,erdos_renyi_no_evolution,2,erdos_renyi,100,4,195,83,3.337935207579336,36,83,0.43373493975903615,0,23
v2_erdos_renyi_no_evolution_s2,v2,erdos_renyi_no_evolution,2,erdos_renyi,100,4,196,51,2.8332133440392155,17,51,0.3333333333333333,64,36
v2_erdos_renyi_no_evolution_s2,v2,erdos_renyi_no_evolution,2,erdos_renyi,100,4,197,260,4.001192910598055,82,260,0.3153846153846154,10,23
v2_erdos_renyi_no_evolution_s2,v2,erdos_renyi_no_evolution,2,erdos_renyi,100,4,198,35,2.245035274116177,13,35,0.37142857142857144,80,36
v2_erdos_renyi_no_evolution_s2,v2,erdos_renyi_no_evolution,2,erdos_renyi,100,4,199,0,0.0,0,0,,9,9
v2_erdos_renyi_no_evolution_s2,v2,erdos_renyi_no_evolution,2,erdos_renyi,100,4,200,61,2.9957322735339904,20,61,0.32786885245901637,17,9
v2_erdos_renyi_no_evolution_s2,v2,erdos_renyi_no_evolution,2,erdos_renyi,100,4,201,227,4.029249537224177,73,227,0.32158590308370044,50,23
v2_erdos_renyi_no_evolution_s2,v2,erdos_renyi_no_evolution,2,erdos_renyi,100,4,202,400,4.794325632768704,156,400,0.39,0,9
v2_erdos_renyi_no_evolution_s2,v2,erdos_renyi_no_evolution,2,erdos_renyi,100,4,203,113,3.6620409142119534,47,113,0.415929203539823,80,23
v2_erdos_renyi_no_evolution_s2,v2,erdos_renyi_no_evolution,2,erdos_renyi,100,4,204,381,4.505245606294397,119,381,0.3123359580052493,4,84
v2_erdos_renyi_no_evolution_s2,v2,erdos_renyi_no_evolution,2,erdos_renyi,100,4,205,117,3.503284885682769,43,117,0.36752136752136755,8,9
v2_erdos_renyi_no_evolution_s2,v2,erdos_renyi_no_evolution,2,erdos_renyi,100,4,206,37,2.3978952727873706,11,37,0.2972972972972973,88,36
v2_erdos_renyi_no_evolution_s2,v2,erdos_renyi_no_evolution,2,erdos_renyi,100,4,207,2,0.6931471805579453,2,2,1.0,55,9
v2_erdos_renyi_no_evolution_s2,v2,erdos_renyi_no_evolution,2,erdos_renyi,100,4,208,345,4.394680685638735,110,345,0.3188405797101449,32,9
v2_erdos_renyi_no_evolution_s2,v2,erdos_renyi_no_evolution,2,erdos_renyi,100,4,209,10000,-1.000088900581841e-12,3592,10000,0.3592,59,59
v2_erdos_renyi_no_evolution_s2,v2,erdos_renyi_no_evolution,2,erdos_renyi,100,4,210,151,3.632545289508276,47,151,0.31125827814569534,18,23
v2_erdos_renyi_no_evolution_s2,v2,erdos_renyi_no_evolution,2,erdos_renyi,100,4,211,269,4.367733365308075,104,269,0.38661710037174724,76,9
v2_erdos_renyi_no_evolution_s2,v2,erdos_renyi_no_evolution,2,erdos_renyi,100,4,212,123,3.983551385469709,59,123,0.4796747967479675,96,9
v2_erdos_renyi_no_evolution_s2,v2,erdos_renyi_no_evolution,2,erdos_renyi,100,4,213,27,2.484906649776,12,27,0.4444444444444444,25,9
v2_erdos_renyi_no_evolution_s2,v2,erdos_renyi_no_evolution,2,erdos_renyi,100,4,214,1,-1.000088900581841e-12,1,1,1.0,6,84
v2_erdos_renyi_no_evolution_s2,v2,erdos_renyi_no_evolution,2,erdos_renyi,100,4,215,185,3.906338630513458,61,185,0.32972972972972975,53,84
v2_erdos_renyi_no_evolution_s2,v2,erdos_renyi_no_evolution,2,erdos_renyi,100,4,216,48,2.588573162668117,17,48,0.3541666666666667,0,23
v2_erdos_renyi_no_evolution_s2,v2,erdos_renyi_no_evolution,2,erdos_renyi,100,4,217,24,2.1639556568730565,10,24,0.4166666666666667,4,23
v2_erdos_renyi_no_evolution_s2,v2,erdos_renyi_no_evolution,2,erdos_renyi,100,4,218,273,4.367440299398154,98,273,0.358974358974359,2,84
v2_erdos_renyi_no_evolution_s2,v2,erdos_renyi_no_evolution,2,erdos_renyi,100,4,219,161,3.924584211585814,52,161,0.32298136645962733,18,23
v2_erdos_renyi_no_evolution_s2,v2,erdos_renyi_no_evolution,2,erdos_renyi,100,4,220,301,4.401071287824768,98,301,0.32558139534883723,29,23
v2_erdos_renyi_no_evolution_s2,v2,erdos_renyi_no_evolution,2,erdos_renyi,100,4,221,21,2.079441541671836,8,21,0.38095238095238093,35,23
v2_erdos_renyi_no_evolution_s2,v2,erdos_renyi_no_evolution,2,erdos_renyi,100,4,222,0,0.0,0,0,,84,84
v2_erdos_renyi_no_evolution_s2,v2,erdos_renyi_no_evolution,2,erdos_renyi,100,4,223,435,4.534741792714294,142,435,0.3264367816091954,2,84
v2_erdos_renyi_no_evolution_s2,v2,erdos_renyi_no_evolution,2,erdos_renyi,100,4,224,171,3.9170332489992585,58,171,0.3391812865497076,1,9
v2_erdos_renyi_no_evolution_s2,v2,erdos_renyi_no_evolution,2,erdos_renyi,100,4,225,114,3.820651976959379,47,114,0.41228070175438597,41,9
v2_erdos_renyi_no_evolution_s2,v2,erdos_renyi_no_evolution,2,erdos_renyi,100,4,226,164,3.821522366760674,70,164,0.4268292682926829,20,84
v2_erdos_renyi_no_evolution_s2,v2,erdos_renyi_no_evolution,2,erdos_renyi,100,4,227,144,3.7629286063958656,50,144,0.3472222222222222,0,9
v2_erdos_renyi_no_evolution_s2,v2,erdos_renyi_no_evolution,2,erdos_renyi,100,4,228,80,3.389268031515795,31,80,0.3875,97,9
v2_erdos_renyi_no_evolution_s2,v2,erdos_renyi_no_evolution,2,erdos_renyi,100,4,229,66,2.484366839960801,20,66,0.30303030303030304,85,23
v2_erdos_renyi_no_evolution_s2,v2,erdos_renyi_no_evolution,2,erdos_renyi,100,4,230,19,1.9459101490483133,7,19,0.3684210526315789,64,23
v2_erdos_renyi_no_evolution_s2,v2,erdos_renyi_no_evolution,2,erdos_renyi,100,4,231,169,4.067749242057183,65,169,0.38461538461538464,19,9
v2_erdos_renyi_no_evolution_s2,v2,erdos_renyi_no_evolution,2,erdos_renyi,100,4,232,267,4.389361640099105,104,267,0.3895131086142322,4,23
v2_erdos_renyi_no_evolution_s2,v2,erdos_renyi_no_evolution,2,erdos_renyi,100,4,233,0,0.0,0,0,,49,49
v2_erdos_renyi_no_evolution_s2,v2,erdos_renyi_no_evolution,2,erdos_renyi,100,4,234,57,3.163424050399405,25,57,0.43859649122807015,46,9
v2_erdos_renyi_no_evolution_s2,v2,erdos_renyi_no_evolution,2,erdos_renyi,100,4,235,66,3.10797227595561,25,66,0.3787878787878788,3,84
v2_erdos_renyi_no_evolution_s2,v2,erdos_renyi_no_evolution,2,erdos_renyi,100,4,236,498,4.847449621345266,168,498,0.3373493975903614,66,9
v2_erdos_renyi_no_evolution_s2,v2,erdos_renyi_no_evolution,2,erdos_renyi,100,4,237,66,2.846480386116867,21,66,0.3181818181818182,42,23
v2_erdos_renyi_no_evolution_s2,v2,erdos_renyi_no_evolution,2,erdos_renyi,100,4,238,1,-1.000088900581841e-12,1,1,1.0,99,84
v2_erdos_renyi_no_evolution_s2,v2,erdos_renyi_no_evolution,2,erdos_renyi,100,4,239,245,4.191411159950896,80,245,0.32653061224489793,78,36
v2_erdos_renyi_no_evolution_s2,v2,erdos_renyi_no_evolution,2,erdos_renyi,100,4,240,0,0.0,0,0,,49,49
v2_erdos_renyi_no_evolution_s2,v2,erdos_renyi_no_evolution,2,erdos_renyi,100,4,241,7,0.6931471805579453,2,7,0.2857142857142857,73,9
v2_erdos_renyi_no_evolution_s2,v2,erdos_renyi_no_evolution,2,erdos_renyi,100,4,242,112,3.5726345752559063,42,112,0.375,68,36
v2_erdos_renyi_no_evolution_s2,v2,erdos_renyi_no_evolution,2,erdos_renyi,100,4,243,207,4.109684020813775,83,207,0.40096618357487923,61,84
v2_erdos_renyi_no_evolution_s2,v2,erdos_renyi_no_evolution,2,erdos_renyi,100,4,244,103,3.65422209504694,40,103,0.3883495145631068,43,9
v2_erdos_renyi_no_evolution_s2,v2,erdos_renyi_no_evolution,2,erdos_renyi,100,4,245,38,2.9957322735339904,20,38,0.5263157894736842,50,84
v2_erdos_renyi_no_evolution_s2,v2,erdos_renyi_no_evolution,2,erdos_renyi,100,4,246,43,2.8903717578781647,18,43,0.4186046511627907,90,23
v2_erdos_renyi_no_evolution_s2,v2,erdos_renyi_no_evolution,2,erdos_renyi,100,4,247,49,2.7184734013140126,20,49,0.40816326530612246,80,23
v2_erdos_renyi_no_evolution_s2,v2,erdos_renyi_no_evolution,2,erdos_renyi,100,4,248,309,4.5111131027576,112,309,0.36245954692556637,42,23
v2_erdos_renyi_no_evolution_s2,v2,erdos_renyi_no_evolution,2,erdos_renyi,100,4,249,103,3.278089189237435,35,103,0.33980582524271846,92,9
v2_erdos_renyi_no_evolution_s2,v2,erdos_renyi_no_evolution,2,erdos_renyi,100,4,250,366,4.617884114236245,148,366,0.40437158469945356,51,9
v2_erdos_renyi_no_evolution_s2,v2,erdos_renyi_no_evolution,2,erdos_renyi,100,4,251,137,3.768367728570317,46,137,0.3357664233576642,94,36
v2_erdos_renyi_no_evolution_s2,v2,erdos_renyi_no_evolution,2,erdos_renyi,100,4,252,90,3.244454041235864,33,90,0.36666666666666664,39,23
v2_erdos_renyi_no_evolution_s2,v2,erdos_renyi_no_evolution,2,erdos_renyi,100,4,253,180,4.064843346255756,71,180,0.39444444444444443,74,23
v2_erdos_renyi_no_evolution_s2,v2,erdos_renyi_no_evolution,2,erdos_renyi,100,4,254,29,2.302585092984045,10,29,0.3448275862068966,96,9
v2_erdos_renyi_no_evolution_s2,v2,erdos_renyi_no_evolution,2,erdos_renyi,100,4,255,10000,-1.000088900581841e-12,3619,10000,0.3619,59,59
v2_erdos_renyi_no_evolution_s2,v2,erdos_renyi_no_evolution,2,erdos_renyi,100,4,256,201,4.031997051783137,76,201,0.3781094527363184,70,23
v2_erdos_renyi_no_evolution_s2,v2,erdos_renyi_no_evolution,2,erdos_renyi,100,4,257,13,1.0986122886651095,3,13,0.23076923076923078,82,23
v2_erdos_renyi_no_evolution_s2,v2,erdos_renyi_no_evolution,2,erdos_renyi,100,4,258,548,4.862159945617004,174,548,0.3175182481751825,26,23
v2_erdos_renyi_no_evolution_s2,v2,erdos_renyi_no_evolution,2,erdos_renyi,100,4,259,4,-1.000088900581841e-12,1,4,0.25,99,84
v2_erdos_renyi_no_evolution_s2,v2,erdos_renyi_no_evolution,2,erdos_renyi,100,4,260,114,3.2101676770783283,34,114,0.2982456140350877,7,36
v2_erdos_renyi_no_evolution_s2,v2,erdos_renyi_no_evolution,2,erdos_renyi,100,4,261,107,3.638648592450092,42,107,0.3925233644859813,53,23
v2_erdos_renyi_no_evolution_s2,v2,erdos_renyi_no_evolution,2,erdos_renyi,100,4,262,63,2.926417555478996,20,63,0.31746031746031744,14,84
v2_erdos_renyi_no_evolution_s2,v2,erdos_renyi_no_evolution,2,erdos_renyi,100,4,263,262,4.205804118316348,83,262,0.31679389312977096,13,23
v2_erdos_renyi_no_evolution_s2,v2,erdos_renyi_no_evolution,2,erdos_renyi,100,4,264,290,4.296204864631392,114,290,0.3931034482758621,72,9
v2_erdos_renyi_no_evolution_s2,v2,erdos_renyi_no_evolution,2,erdos_renyi,100,4,265,111,3.414739581281256,39,111,0.35135135135135137,68,84
v2_erdos_renyi_no_evolution_s2,v2,erdos_renyi_no_evolution,2,erdos_renyi,100,4,266,89,3.5263605245821616,34,89,0.38202247191011235,85,23
v2_erdos_renyi_no_evolution_s2,v2,erdos_renyi_no_evolution,2,erdos_renyi,100,4,267,57,3.2580965379954825,26,57,0.45614035087719296,21,84
v2_erdos_renyi_no_evolution_s2,v2,erdos_renyi_no_evolution,2,erdos_renyi,100,4,268,47,2.639057329601259,14,47,0.2978723404255319,32,84
v2_erdos_renyi_no_evolution_s2,v2,erdos_renyi_no_evolution,2,erdos_renyi,100,4,269,394,4.577878257292856,139,394,0.35279187817258884,93,36
v2_erdos_renyi_no_evolution_s2,v2,erdos_renyi_no_evolution,2,erdos_renyi,100,4,270,0,0.0,0,0,,84,84
v2_erdos_renyi_no_evolution_s2,v2,erdos_renyi_no_evolution,2,erdos_renyi,100,4,271,34,2.3978952727873706,11,34,0.3235294117647059,60,36
v2_erdos_renyi_no_evolution_s2,v2,erdos_renyi_no_evolution,2,erdos_renyi,100,4,272,557,4.877088180936873,191,557,0.34290843806104127,29,23
v2_erdos_renyi_no_evolution_s2,v2,erdos_renyi_no_evolution,2,erdos_renyi,100,4,273,66,3.0280290732864104,22,66,0.3333333333333333,4,9
v2_erdos_renyi_no_evolution_s2,v2,erdos_renyi_no_evolution,2,erdos_renyi,100,4,274,7,1.0986122886651095,3,7,0.42857142857142855,19,23
v2_erdos_renyi_no_evolution_s2,v2,erdos_renyi_no_evolution,2,erdos_renyi,100,4,275,36,2.5649493574485365,13,36,0.3611111111111111,72,84
v2_erdos_renyi_no_evolution_s2,v2,erdos_renyi_no_evolution,2,erdos_renyi,100,4,276,94,3.498515667114017,37,94,0.39361702127659576,81,23
v2_erdos_renyi_no_evolution_s2,v2,erdos_renyi_no_evolution,2,erdos_renyi,100,4,277,357,4.469154675045754,121,357,0.3389355742296919,25,9
v2_erdos_renyi_no_evolution_s2,v2,erdos_renyi_no_evolution,2,erdos_renyi,100,4,278,145,3.8979247046422008,52,145,0.3586206896551724,27,23
v2_erdos_renyi_no_evolution_s2,v2,erdos_renyi_no_evolution,2,erdos_renyi,100,4,279,12,1.3862943611158909,4,12,0.3333333333333333,51,9
v2_erdos_renyi_no_evolution_s2,v2,erdos_renyi_no_evolution,2,erdos_renyi,100,4,280,32,2.61563057701355,15,32,0.46875,50,9
v2_erdos_renyi_no_evolution_s2,v2,erdos_renyi_no_evolution,2,erdos_renyi,100,4,281,35,2.751666616915516,17,35,0.4857142857142857,10,23
v2_erdos_renyi_no_evolution_s2,v2,erdos_renyi_no_evolution,2,erdos_renyi,100,4,282,13,1.791759469222055,6,13,0.46153846153846156,21,84
v2_erdos_renyi_no_evolution_s2,v2,erdos_renyi_no_evolution,2,erdos_renyi,100,4,283,58,2.912494403312053,21,58,0.3620689655172414,18,23
v2_erdos_renyi_no_evolution_s2,v2,erdos_renyi_no_evolution,2,erdos_renyi,100,4,284,121,3.7026694781446654,47,121,0.3884297520661157,33,23
v2_erdos_renyi_no_evolution_s2,v2,erdos_renyi_no_evolution,2,erdos_renyi,100,4,285,136,3.6364454331777054,46,136,0.3382352941176471,14,84
v2_erdos_renyi_no_evolution_s2,v2,erdos_renyi_no_evolution,2,erdos_renyi,100,4,286,56,2.926417555478996,20,56,0.35714285714285715,52,23
v2_erdos_renyi_no_evolution_s2,v2,erdos_renyi_no_evolution,2,erdos_renyi,100,4,287,148,3.47393422676085,47,148,0.31756756756756754,35,23
v2_erdos_renyi_no_evolution_s2,v2,erdos_renyi_no_evolution,2,erdos_renyi,100,4,288,15,1.9459101490483133,7,15,0.4666666666666667,15,9
v2_erdos_renyi_no_evolution_s2,v2,erdos_renyi_no_evolution,2,erdos_renyi,100,4,289,37,2.484906649776,12,37,0.32432432432432434,8,84
v2_erdos_renyi_no_evolution_s2,v2,erdos_renyi_no_evolution,2,erdos_renyi,100,4,290,218,4.019095635091457,72,218,0.3302752293577982,86,36
v2_erdos_renyi_no_evolution_s2,v2,erdos_renyi_no_evolution,2,erdos_renyi,100,4,291,18,1.0986122886651095,3,18,0.16666666666666666,17,84
v2_erdos_renyi_no_evolution_s2,v2,erdos_renyi_no_evolution,2,erdos_renyi,100,4,292,309,4.471648642414118,114,309,0.36893203883495146,85,84
v2_erdos_renyi_no_evolution_s2,v2,erdos_renyi_no_evolution,2,erdos_renyi,100,4,293,118,3.4365228305042805,35,118,0.2966101694915254,18,84
v2_erdos_renyi_no_evolution_s2,v2,erdos_renyi_no_evolution,2,erdos_renyi,100,4,294,213,4.168488783621866,90,213,0.4225352112676056,15,23
v2_erdos_renyi_no_evolution_s2,v2,erdos_renyi_no_evolution,2,erdos_renyi,100,4,295,67,3.120291565278284,24,67,0.3582089552238806,7,84
v2_erdos_renyi_no_evolution_s2,v2,erdos_renyi_no_evolution,2,erdos_renyi,100,4,296,265,4.255645798397312,96,265,0.3622641509433962,34,9
v2_erdos_renyi_no_evolution_s2,v2,erdos_renyi_no_evolution,2,erdos_renyi,100,4,297,154,3.953738307322861,62,154,0.4025974025974026,13,9
v2_erdos_renyi_no_evolution_s2,v2,erdos_renyi_no_evolution,2,erdos_renyi,100,4,298,168,4.028917986946682,64,168,0.38095238095238093,94,9
v2_erdos_renyi_no_evolution_s2,v2,erdos_renyi_no_evolution,2,erdos_renyi,100,4,299,276,4.461602589864462,112,276,0.4057971014492754,99,84
v2_erdos_renyi_no_evolution_s2,v2,erdos_renyi_no_evolution,2,erdos_renyi,100,4,300,0,0.0,0,0,,49,49
v2_erdos_renyi_no_evolution_s2,v2,erdos_renyi_no_evolution,2,erdos_renyi,100,4,301,75,3.044820482442576,26,75,0.3466666666666667,94,9
v2_erdos_renyi_no_evolution_s2,v2,erdos_renyi_no_evolution,2,erdos_renyi,100,4,302,109,3.4414093189206487,38,109,0.3486238532110092,77,23
v2_erdos_renyi_no_evolution_s2,v2,erdos_renyi_no_evolution,2,erdos_renyi,100,4,303,159,4.05057883633818,64,159,0.4025157232704403,45,84
v2_erdos_renyi_no_evolution_s2,v2,erdos_renyi_no_evolution,2,erdos_renyi,100,4,304,81,3.299829685639092,31,81,0.38271604938271603,83,23
v2_erdos_renyi_no_evolution_s2,v2,erdos_renyi_no_evolution,2,erdos_renyi,100,4,305,91,3.3549875695958247,30,91,0.32967032967032966,68,84
v2_erdos_renyi_no_evolution_s2,v2,erdos_renyi_no_evolution,2,erdos_renyi,100,4,306,10000,-1.000088900581841e-12,3600,10000,0.36,59,59
v2_erdos_renyi_no_evolution_s2,v2,erdos_renyi_no_evolution,2,erdos_renyi,100,4,307,352,4.5253045873935065,126,352,0.35795454545454547,87,23
v2_erdos_renyi_no_evolution_s2,v2,erdos_renyi_no_evolution,2,erdos_renyi,100,4,308,105,3.067274148576528,37,105,0.3523809523809524,51,84
v2_erdos_renyi_no_evolution_s2,v2,erdos_renyi_no_evolution,2,erdos_renyi,100,4,309,110,3.721176253825357,44,110,0.4,10,23
v2_erdos_renyi_no_evolution_s2,v2,erdos_renyi_no_evolution,2,erdos_renyi,100,4,310,79,3.244492630381296,27,79,0.34177215189873417,35,9
v2_erdos_renyi_no_evolution_s2,v2,erdos_renyi_no_evolution,2,erdos_renyi,100,4,311,139,3.805803100460092,57,139,0.41007194244604317,33,84
v2_erdos_renyi_no_evolution_s2,v2,erdos_renyi_no_evolution,2,erdos_renyi,100,4,312,10000,-1.000088900581841e-12,3747,10000,0.3747,59,59
v2_erdos_renyi_no_evolution_s2,v2,erdos_renyi_no_evolution,2,erdos_renyi,100,4,313,132,3.480935299911953,40,132,0.30303030303030304,26,84
v2_erdos_renyi_no_evolution_s2,v2,erdos_renyi_no_evolution,2,erdos_renyi,100,4,314,392,4.450086120700362,149,392,0.38010204081632654,41,84
v2_erdos_renyi_no_evolution_s2,v2,erdos_renyi_no_evolution,2,erdos_renyi,100,4,315,73,3.1780538303239454,24,73,0.3287671232876712,4,84
v2_erdos_renyi_no_evolution_s2,v2,erdos_renyi_no_evolution,2,erdos_renyi,100,4,316,0,0.0,0,0,,36,36
v2_erdos_renyi_no_evolution_s2,v2,erdos_renyi_no_evolution,2,erdos_renyi,100,4,317,177,3.9550614022764776,71,177,0.4011299435028249,1,9
v2_erdos_renyi_no_evolution_s2,v2,erdos_renyi_no_evolution,2,erdos_renyi,100,4,318,154,3.881306425080663,55,154,0.35714285714285715,26,23
v2_erdos_renyi_no_evolution_s2,v2,erdos_renyi_no_evolution,2,erdos_renyi,100,4,319,63,3.0149468801585937,23,63,0.36507936507936506,0,23
v2_erdos_renyi_no_evolution_s2,v2,erdos_renyi_no_evolution,2,erdos_renyi,100,4,320,197,4.177922773998283,76,197,0.38578680203045684,68,9
v2_erdos_renyi_no_evolution_s2,v2,erdos_renyi_no_evolution,2,erdos_renyi,100,4,321,259,4.310174929824451,97,259,0.3745173745173745,46,23
v2_erdos_renyi_no_evolution_s2,v2,erdos_renyi_no_evolution,2,erdos_renyi,100,4,322,49,2.9650156932365066,22,49,0.4489795918367347,81,9
v2_erdos_renyi_no_evolution_s2,v2,erdos_renyi_no_evolution,2,erdos_renyi,100,4,323,612,4.892193579939526,215,612,0.35130718954248363,55,9
v2_erdos_renyi_no_evolution_s2,v2,erdos_renyi_no_evolution,2,erdos_renyi,100,4,324,185,3.920090783782419,67,185,0.3621621621621622,89,84
v2_erdos_renyi_no_evolution_s2,v2,erdos_renyi_no_evolution,2,erdos_renyi,100,4,325,72,3.0280290732864104,22,72,0.3055555555555556,77,9
v2_erdos_renyi_no_evolution_s2,v2,erdos_renyi_no_evolution,2,erdos_renyi,100,4,326,6,1.0986122886651095,3,6,0.5,10,9
v2_erdos_renyi_no_evolution_s2,v2,erdos_renyi_no_evolution,2,erdos_renyi,100,4,327,141,3.871792822466762,55,141,0.3900709219858156,97,84
v2_erdos_renyi_no_evolution_s2,v2,erdos_renyi_no_evolution,2,erdos_renyi,100,4,328,150,3.9648365028289794,58,150,0.38666666666666666,42,36
v2_erdos_renyi_no_evolution_s2,v2,erdos_renyi_no_evolution,2,erdos_renyi,100,4,329,58,2.889242505095635,24,58,0.41379310344827586,63,36
v2_erdos_renyi_no_evolution_s2,v2,erdos_renyi_no_evolution,2,erdos_renyi,100,4,330,208,4.071898386005972,82,208,0.3942307692307692,94,9
v2_erdos_renyi_no_evolution_s2,v2,erdos_renyi_no_evolution,2,erdos_renyi,100,4,331,50,2.954673212284816,23,50,0.46,96,9
v2_erdos_renyi_no_evolution_s2,v2,erdos_renyi_no_evolution,2,erdos_renyi,100,4,332,130,3.641560094634984,50,130,0.38461538461538464,47,9
v2_erdos_renyi_no_evolution_s2,v2,erdos_renyi_no_evolution,2,erdos_renyi,100,4,333,268,4.410846227860725,102,268,0.3805970149253731,73,9
v2_erdos_renyi_no_evolution_s2,v2,erdos_renyi_no_evolution,2,erdos_renyi,100,4,334,263,4.3846837194335775,94,263,0.3574144486692015,5,9
v2_erdos_renyi_no_evolution_s2,v2,erdos_renyi_no_evolution,2,erdos_renyi,100,4,335,45,2.8332133440392155,17,45,0.37777777777777777,37,23
v2_erdos_renyi_no_evolution_s2,v2,erdos_renyi_no_evolution,2,erdos_renyi,100,4,336,0,0.0,0,0,,23,23
v2_erdos_renyi_no_evolution_s2,v2,erdos_renyi_no_evolution,2,erdos_renyi,100,4,337,49,2.540036303807981,14,49,0.2857142857142857,47,84
v2_erdos_renyi_no_evolution_s2,v2,erdos_renyi_no_evolution,2,erdos_renyi,100,4,338,0,0.0,0,0,,36,36
v2_erdos_renyi_no_evolution_s2,v2,erdos_renyi_no_evolution,2,erdos_renyi,100,4,339,116,3.801119456492554,50,116,0.43103448275862066,32,9
v2_erdos_renyi_no_evolution_s2,v2,erdos_renyi_no_evolution,2,erdos_renyi,100,4,340,440,4.645697228155117,167,440,0.3795454545454545,65,9
v2_erdos_renyi_no_evolution_s2,v2,erdos_renyi_no_evolution,2,erdos_renyi,100,4,341,0,0.0,0,0,,9,9
v2_erdos_renyi_no_evolution_s2,v2,erdos_renyi_no_evolution,2,erdos_renyi,100,4,342,88,3.158039775194436,29,88,0.32954545454545453,64,23
v2_erdos_renyi_no_evolution_s2,v2,erdos_renyi_no_evolution,2,erdos_renyi,100,4,343,265,4.545734855806773,106,265,0.4,66,23
v2_erdos_renyi_no_evolution_s2,v2,erdos_renyi_no_evolution,2,erdos_renyi,100,4,344,172,4.109865805874369,70,172,0.4069767441860465,37,9
v2_erdos_renyi_no_evolution_s2,v2,erdos_renyi_no_evolution,2,erdos_renyi,100,4,345,26,1.7478680974607577,7,26,0.2692307692307692,94,36
v2_erdos_renyi_no_evolution_s2,v2,erdos_renyi_no_evolution,2,erdos_renyi,100,4,346,524,4.910459772343459,199,524,0.3797709923664122,68,9
v2_erdos_renyi_no_evolution_s2,v2,erdos_renyi_no_evolution,2,erdos_renyi,100,4,347,102,3.4124897213676078,33,102,0.3235294117647059,60,9
v2_erdos_renyi_no_evolution_s2,v2,erdos_renyi_no_evolution,2,erdos_renyi,100,4,348,30,2.3978952727873706,11,30,0.36666666666666664,58,23
v2_erdos_renyi_no_evolution_s2,v2,erdos_renyi_no_evolution,2,erdos_renyi,100,4,349,42,2.7080502010872096,15,42,0.35714285714285715,98,23
v2_erdos_renyi_no_evolution_s2,v2,erdos_renyi_no_evolution,2,erdos_renyi,100,4,350,18,2.079441541671836,8,18,0.4444444444444444,3,9
v2_erdos_renyi_no_evolution_s2,v2,erdos_renyi_no_evolution,2,erdos_renyi,100,4,351,12,1.3862943611158909,4,12,0.3333333333333333,61,23
v2_erdos_renyi_no_evolution_s2,v2,erdos_renyi_no_evolution,2,erdos_renyi,100,4,352,29,2.197224577327219,9,29,0.3103448275862069,50,23
v2_erdos_renyi_no_evolution_s2,v2,erdos_renyi_no_evolution,2,erdos_renyi,100,4,353,220,4.169616714949856,75,220,0.3409090909090909,38,9
v2_erdos_renyi_no_evolution_s2,v2,erdos_renyi_no_evolution,2,erdos_renyi,100,4,354,4,-1.000088900581841e-12,1,4,0.25,53,9
v2_erdos_renyi_no_evolution_s2,v2,erdos_renyi_no_evolution,2,erdos_renyi,100,4,355,11,1.3862943611158909,4,11,0.36363636363636365,22,9
v2_erdos_renyi_no_evolution_s2,v2,erdos_renyi_no_evolution,2,erdos_renyi,100,4,356,98,3.5155926589389503,40,98,0.40816326530612246,13,36
v2_erdos_renyi_no_evolution_s2,v2,erdos_renyi_no_evolution,2,erdos_renyi,100,4,357,67,3.0280290732864104,22,67,0.3283582089552239,47,23
v2_erdos_renyi_no_evolution_s2,v2,erdos_renyi_no_evolution,2,erdos_renyi,100,4,358,65,3.044522437702424,21,65,0.3230769230769231,85,84
v2_erdos_renyi_no_evolution_s2,v2,erdos_renyi_no_evolution,2,erdos_renyi,100,4,359,0,0.0,0,0,,49,49
v2_erdos_renyi_no_evolution_s2,v2,erdos_renyi_no_evolution,2,erdos_renyi,100,4,360,139,3.7786534114435946,49,139,0.35251798561151076,81,23
v2_erdos_renyi_no_evolution_s2,v2,erdos_renyi_no_evolution,2,erdos_renyi,100,4,361,313,4.488242620854288,123,313,0.3929712460063898,58,9
v2_erdos_renyi_no_evolution_s2,v2,erdos_renyi_no_evolution,2,erdos_renyi,100,4,362,152,3.843600906294842,65,152,0.4276315789473684,42,36
v2_erdos_renyi_no_evolution_s2,v2,erdos_renyi_no_evolution,2,erdos_renyi,100,4,363,87,3.276097603139099,32,87,0.367816091954023,93,23
v2_erdos_renyi_no_evolution_s2,v2,erdos_renyi_no_evolution,2,erdos_renyi,100,4,364,111,3.5450107617233355,36,111,0.32432432432432434,47,9
v2_erdos_renyi_no_evolution_s2,v2,erdos_renyi_no_evolution,2,erdos_renyi,100,4,365,168,3.9469943236600353,60,168,0.35714285714285715,21,84
v2_erdos_renyi_no_evolution_s2,v2,erdos_renyi_no_evolution,2,erdos_renyi,100,4,366,240,4.318283695230782,93,240,0.3875,58,23
v2_erdos_renyi_no_evolution_s2,v2,erdos_renyi_no_evolution,2,erdos_renyi,100,4,367,110,3.370480801334671,33,110,0.3,38,84
v2_erdos_renyi_no_evolution_s2,v2,erdos_renyi_no_evolution,2,erdos_renyi,100,4,368,780,5.1601516341970175,294,780,0.3769230769230769,66,9
v2_erdos_renyi_no_evolution_s2,v2,erdos_renyi_no_evolution,2,erdos_renyi,100,4,369,192,4.044759882232544,75,192,0.390625,96,23
v2_erdos_renyi_no_evolution_s2,v2,erdos_renyi_no_evolution,2,erdos_renyi,100,4,370,85,3.4124897213676078,33,85,0.38823529411764707,26,9
v2_erdos_renyi_no_evolution_s2,v2,erdos_renyi_no_evolution,2,erdos_renyi,100,4,371,86,3.2551105127007407,31,86,0.36046511627906974,89,84
v2_erdos_renyi_no_evolution_s2,v2,erdos_renyi_no_evolution,2,erdos_renyi,100,4,372,54,2.813355404483615,18,54,0.3333333333333333,26,84
v2_erdos_renyi_no_evolution_s2,v2,erdos_renyi_no_evolution,2,erdos_renyi,100,4,373,81,3.204777524107256,26,81,0.32098765432098764,82,23
v2_erdos_renyi_no_evolution_s2,v2,erdos_renyi_no_evolution,2,erdos_renyi,100,4,374,396,4.680189967803088,150,396,0.3787878787878788,56,36
v2_erdos_renyi_no_evolution_s2,v2,erdos_renyi_no_evolution,2,erdos_renyi,100,4,375,1,-1.000088900581841e-12,1,1,1.0,6,84
v2_erdos_renyi_no_evolution_s2,v2,erdos_renyi_no_evolution,2,erdos_renyi,100,4,376,270,4.216502908469792,86,270,0.31851851851851853,52,23
v2_erdos_renyi_no_evolution_s2,v2,erdos_renyi_no_evolution,2,erdos_renyi,100,4,377,39,2.813355404483615,18,39,0.46153846153846156,99,9
v2_erdos_renyi_no_evolution_s2,v2,erdos_renyi_no_evolution,2,erdos_renyi,100,4,378,66,3.204777524107256,26,66,0.3939393939393939,88,9
v2_erdos_renyi_no_evolution_s2,v2,erdos_renyi_no_evolution,2,erdos_renyi,100,4,379,329,4.400924374755165,116,329,0.3525835866261398,63,23
v2_erdos_renyi_no_evolution_s2,v2,erdos_renyi_no_evolution,2,erdos_renyi,100,4,380,333,4.468318265460058,123,333,0.36936936936936937,16,23
v2_erdos_renyi_no_evolution_s2,v2,erdos_renyi_no_evolution,2,erdos_renyi,100,4,381,23,2.197224577327219,9,23,0.391304347826087,3,23
v2_erdos_renyi_no_evolution_s2,v2,erdos_renyi_no_evolution,2,erdos_renyi,100,4,382,45,2.772588722223781,16,45,0.35555555555555557,22,23
v2_erdos_renyi_no_evolution_s2,v2,erdos_renyi_no_evolution,2,erdos_renyi,100,4,383,46,2.685945324654788,16,46,0.34782608695652173,60,9
v2_erdos_renyi_no_evolution_s2,v2,erdos_renyi_no_evolution,2,erdos_renyi,100,4,384,182,4.204104058897827,71,182,0.3901098901098901,1,23
v2_erdos_renyi_no_evolution_s2,v2,erdos_renyi_no_evolution,2,erdos_renyi,100,4,385,152,4.033111364339891,63,152,0.4144736842105263,58,9
v2_erdos_renyi_no_evolution_s2,v2,erdos_renyi_no_evolution,2,erdos_renyi,100,4,386,92,3.5734504974428223,37,92,0.40217391304347827,42,84
v2_erdos_renyi_no_evolution_s2,v2,erdos_renyi_no_evolution,2,erdos_renyi,100,4,387,48,2.670119889791816,17,48,0.3541666666666667,44,84
v2_erdos_renyi_no_evolution_s2,v2,erdos_renyi_no_evolution,2,erdos_renyi,100,4,388,142,3.982163665621608,67,142,0.47183098591549294,58,23
v2_erdos_renyi_no_evolution_s2,v2,erdos_renyi_no_evolution,2,erdos_renyi,100,4,389,316,4.523632590318803,117,316,0.370253164556962,85,84
v2_erdos_renyi_no_evolution_s2,v2,erdos_renyi_no_evolution,2,erdos_renyi,100,4,390,0,0.0,0,0,,84,84
v2_erdos_renyi_no_evolution_s2,v2,erdos_renyi_no_evolution,2,erdos_renyi,100,4,391,203,4.080546855647588,67,203,0.33004926108374383,7,9
v2_erdos_renyi_no_evolution_s2,v2,erdos_renyi_no_evolution,2,erdos_renyi,100,4,392,34,2.430791328866232,15,34,0.4411764705882353,7,23
v2_erdos_renyi_no_evolution_s2,v2,erdos_renyi_no_evolution,2,erdos_renyi,100,4,393,245,4.145298946022577,83,245,0.33877551020408164,11,9
v2_erdos_renyi_no_evolution_s2,v2,erdos_renyi_no_evolution,2,erdos_renyi,100,4,394,295,4.312650408439409,104,295,0.3525423728813559,82,23
v2_erdos_renyi_no_evolution_s2,v2,erdos_renyi_no_evolution,2,erdos_renyi,100,4,395,0,0.0,0,0,,36,36
v2_erdos_renyi_no_evolution_s2,v2,erdos_renyi_no_evolution,2,erdos_renyi,100,4,396,0,0.0,0,0,,23,23
v2_erdos_renyi_no_evolution_s2,v2,erdos_renyi_no_evolution,2,erdos_renyi,100,4,397,174,3.9692447836710434,64,174,0.367816091954023,86,23
v2_erdos_renyi_no_evolution_s2,v2,erdos_renyi_no_evolution,2,erdos_renyi,100,4,398,162,4.018473973809399,67,162,0.41358024691358025,15,84
v2_erdos_renyi_no_evolution_s2,v2,erdos_renyi_no_evolution,2,erdos_renyi,100,4,399,229,4.191855214531339,85,229,0.37117903930131,68,84
v2_erdos_renyi_no_evolution_s2,v2,erdos_renyi_no_evolution,2,erdos_renyi,100,4,400,394,4.777040334795342,146,394,0.37055837563451777,90,23
v2_erdos_renyi_no_evolution_s2,v2,erdos_renyi_no_evolution,2,erdos_renyi,100,4,401,312,4.279710526666347,103,312,0.3301282051282051,25,9
v2_erdos_renyi_no_evolution_s2,v2,erdos_renyi_no_evolution,2,erdos_renyi,100,4,402,10000,-1.000088900581841e-12,3688,10000,0.3688,59,59
v2_erdos_renyi_no_evolution_s2,v2,erdos_renyi_no_evolution,2,erdos_renyi,100,4,403,187,4.132648865321992,75,187,0.40106951871657753,85,9
v2_erdos_renyi_no_evolution_s2,v2,erdos_renyi_no_evolution,2,erdos_renyi,100,4,404,157,4.055116036737619,63,157,0.4012738853503185,70,84
v2_erdos_renyi_no_evolution_s2,v2,erdos_renyi_no_evolution,2,erdos_renyi,100,4,405,112,3.302747652589445,35,112,0.3125,29,36
v2_erdos_renyi_no_evolution_s2,v2,erdos_renyi_no_evolution,2,erdos_renyi,100,4,406,210,4.222440219070403,79,210,0.3761904761904762,71,9
v2_erdos_renyi_no_evolution_s2,v2,erdos_renyi_no_evolution,2,erdos_renyi,100,4,407,72,3.281720343214063,34,72,0.4722222222222222,79,23
v2_erdos_renyi_no_evolution_s2,v2,erdos_renyi_no_evolution,2,erdos_renyi,100,4,408,47,2.5649493574485365,13,47,0.2765957446808511,34,36
v2_erdos_renyi_no_evolution_s2,v2,erdos_renyi_no_evolution,2,erdos_renyi,100,4,409,416,4.6542833725510455,154,416,0.3701923076923077,10,84
v2_erdos_renyi_no_evolution_s2,v2,erdos_renyi_no_evolution,2,erdos_renyi,100,4,410,59,2.8903717578781647,18,59,0.3050847457627119,94,84
v2_erdos_renyi_no_evolution_s2,v2,erdos_renyi_no_evolution,2,erdos_renyi,100,4,411,32,2.441015278014703,14,32,0.4375,74,23
v2_erdos_renyi_no_evolution_s2,v2,erdos_renyi_no_evolution,2,erdos_renyi,100,4,412,300,4.575187187314024,120,300,0.4,88,23
v2_erdos_renyi_no_evolution_s2,v2,erdos_renyi_no_evolution,2,erdos_renyi,100,4,413,12,1.6094379124291005,5,12,0.4166666666666667,99,84
v2_erdos_renyi_no_evolution_s2,v2,erdos_renyi_no_evolution,2,erdos_renyi,100,4,414,351,4.433847521388104,116,351,0.33048433048433046,60,23
v2_erdos_renyi_no_evolution_s2,v2,erdos_renyi_no_evolution,2,erdos_renyi,100,4,415,0,0.0,0,0,,9,9
v2_erdos_renyi_no_evolution_s2,v2,erdos_renyi_no_evolution,2,erdos_renyi,100,4,416,0,0.0,0,0,,49,49
v2_erdos_renyi_no_evolution_s2,v2,erdos_renyi_no_evolution,2,erdos_renyi,100,4,417,7,0.6931471805579453,2,7,0.2857142857142857,55,9
v2_erdos_renyi_no_evolution_s2,v2,erdos_renyi_no_evolution,2,erdos_renyi,100,4,418,58,3.163424050399405,25,58,0.43103448275862066,18,23
v2_erdos_renyi_no_evolution_s2,v2,erdos_renyi_no_evolution,2,erdos_renyi,100,4,419,229,4.37978991509541,99,229,0.43231441048034935,52,23
v2_erdos_renyi_no_evolution_s2,v2,erdos_renyi_no_evolution,2,erdos_renyi,100,4,420,482,4.746565035169417,161,482,0.33402489626556015,62,84
v2_erdos_renyi_no_evolution_s2,v2,erdos_renyi_no_evolution,2,erdos_renyi,100,4,421,405,4.655549513604513,137,405,0.33827160493827163,14,23
v2_erdos_renyi_no_evolution_s2,v2,erdos_renyi_no_evolution,2,erdos_renyi,100,4,422,7,0.6931471805579453,2,7,0.2857142857142857,95,84
v2_erdos_renyi_no_evolution_s2,v2,erdos_renyi_no_evolution,2,erdos_renyi,100,4,423,103,3.5646232985788124,38,103,0.36893203883495146,22,23
v2_erdos_renyi_no_evolution_s2,v2,erdos_renyi_no_evolution,2,erdos_renyi,100,4,424,84,3.444813797459462,34,84,0.40476190476190477,57,84
v2_erdos_renyi_no_evolution_s2,v2,erdos_renyi_no_evolution,2,erdos_renyi,100,4,425,65,3.163424050399405,25,65,0.38461538461538464,68,84
v2_erdos_renyi_no_evolution_s2,v2,erdos_renyi_no_evolution,2,erdos_renyi,100,4,426,361,4.3885744132249584,126,361,0.3490304709141274,19,23
v2_erdos_renyi_no_evolution_s2,v2,erdos_renyi_no_evolution,2,erdos_renyi,100,4,427,327,4.504755867933666,126,327,0.3853211009174312,78,23
v2_erdos_renyi_no_evolution_s2,v2,erdos_renyi_no_evolution,2,erdos_renyi,100,4,428,0,0.0,0,0,,9,9
v2_erdos_renyi_no_evolution_s2,v2,erdos_renyi_no_evolution,2,erdos_renyi,100,4,429,183,4.067230204650119,73,183,0.3989071038251366,53,84
v2_erdos_renyi_no_evolution_s2,v2,erdos_renyi_no_evolution,2,erdos_renyi,100,4,430,621,4.999000244037806,231,621,0.3719806763285024,14,84
v2_erdos_renyi_no_evolution_s2,v2,erdos_renyi_no_evolution,2,erdos_renyi,100,4,431,168,3.8581327182878544,56,168,0.3333333333333333,0,9
v2_erdos_renyi_no_evolution_s2,v2,erdos_renyi_no_evolution,2,erdos_renyi,100,4,432,191,4.14199924270773,70,191,0.36649214659685864,10,23
v2_erdos_renyi_no_evolution_s2,v2,erdos_renyi_no_evolution,2,erdos_renyi,100,4,433,178,3.757161193054377,57,178,0.3202247191011236,45,23
v2_erdos_renyi_no_evolution_s2,v2,erdos_renyi_no_evolution,2,erdos_renyi,100,4,434,271,4.423006735011405,114,271,0.42066420664206644,43,23
v2_erdos_renyi_no_evolution_s2,v2,erdos_renyi_no_evolution,2,erdos_renyi,100,4,435,4,-1.000088900581841e-12,1,4,0.25,6,84
v2_erdos_renyi_no_evolution_s2,v2,erdos_renyi_no_evolution,2,erdos_renyi,100,4,436,123,3.544511778726858,41,123,0.3333333333333333,83,23
v2_erdos_renyi_no_evolution_s2,v2,erdos_renyi_no_evolution,2,erdos_renyi,100,4,437,96,3.66448190441264,43,96,0.4479166666666667,98,23
v2_erdos_renyi_no_evolution_s2,v2,erdos_renyi_no_evolution,2,erdos_renyi,100,4,438,73,3.10797227595561,25,73,0.3424657534246575,71,84
v2_erdos_renyi_no_evolution_s2,v2,erdos_renyi_no_evolution,2,erdos_renyi,100,4,439,134,3.795914420803826,51,134,0.3805970149253731,97,23
v2_erdos_renyi_no_evolution_s2,v2,erdos_renyi_no_evolution,2,erdos_renyi,100,4,440,33,2.61563057701355,15,33,0.45454545454545453,90,23
v2_erdos_renyi_no_evolution_s2,v2,erdos_renyi_no_evolution,2,erdos_renyi,100,4,441,124,3.5066205580617207,42,124,0.3387096774193548,28,23
v2_erdos_renyi_no_evolution_s2,v2,erdos_renyi_no_evolution,2,erdos_renyi,100,4,442,125,3.5761717653049283,46,125,0.368,28,84
v2_erdos_renyi_no_evolution_s2,v2,erdos_renyi_no_evolution,2,erdos_renyi,100,4,443,471,4.892063818029875,179,471,0.38004246284501064,78,84
v2_erdos_renyi_no_evolution_s2,v2,erdos_renyi_no_evolution,2,erdos_renyi,100,4,444,151,3.669285981856381,50,151,0.33112582781456956,87,84
v2_erdos_renyi_no_evolution_s2,v2,erdos_renyi_no_evolution,2,erdos_renyi,100,4,445,4,-1.000088900581841e-12,1,4,0.25,86,84
v2_erdos_renyi_no_evolution_s2,v2,erdos_renyi_no_evolution,2,erdos_renyi,100,4,446,0,0.0,0,0,,23,23
v2_erdos_renyi_no_evolution_s2,v2,erdos_renyi_no_evolution,2,erdos_renyi,100,4,447,6,1.0986122886651095,3,6,0.5,43,23
v2_erdos_renyi_no_evolution_s2,v2,erdos_renyi_no_evolution,2,erdos_renyi,100,4,448,140,3.850933677082608,54,140,0.38571428571428573,88,9
v2_erdos_renyi_no_evolution_s2,v2,erdos_renyi_no_evolution,2,erdos_renyi,100,4,449,64,3.244492630381296,27,64,0.421875,53,9
v2_erdos_renyi_no_evolution_s2,v2,erdos_renyi_no_evolution,2,erdos_renyi,100,4,450,97,3.2826939972510645,28,97,0.28865979381443296,45,23
v2_erdos_renyi_no_evolution_s2,v2,erdos_renyi_no_evolution,2,erdos_renyi,100,4,451,61,3.233183484354926,28,61,0.45901639344262296,24,9
v2_erdos_renyi_no_evolution_s2,v2,erdos_renyi_no_evolution,2,erdos_renyi,100,4,452,212,4.2351148490219614,83,212,0.3915094339622642,20,9
v2_erdos_renyi_no_evolution_s2,v2,erdos_renyi_no_evolution,2,erdos_renyi,100,4,453,0,0.0,0,0,,84,84
v2_erdos_renyi_no_evolution_s2,v2,erdos_renyi_no_evolution,2,erdos_renyi,100,4,454,205,3.934098837134368,64,205,0.3121951219512195,82,23
v2_erdos_renyi_no_evolution_s2,v2,erdos_renyi_no_evolution,2,erdos_renyi,100,4,455,85,3.319492576126754,29,85,0.3411764705882353,50,23
v2_erdos_renyi_no_evolution_s2,v2,erdos_renyi_no_evolution,2,erdos_renyi,100,4,456,92,3.4544986414005443,33,92,0.358695652173913,85,36
v2_erdos_renyi_no_evolution_s2,v2,erdos_renyi_no_evolution,2,erdos_renyi,100,4,457,41,2.751666616915516,17,41,0.4146341463414634,90,36
v2_erdos_renyi_no_evolution_s2,v2,erdos_renyi_no_evolution,2,erdos_renyi,100,4,458,87,3.163424050399405,25,87,0.28735632183908044,18,84
v2_erdos_renyi_no_evolution_s2,v2,erdos_renyi_no_evolution,2,erdos_renyi,100,4,459,41,2.5070264355444176,17,41,0.4146341463414634,67,9
v2_erdos_renyi_no_evolution_s2,v2,erdos_renyi_no_evolution,2,erdos_renyi,100,4,460,188,3.8772920412061938,64,188,0.3404255319148936,75,23
v2_erdos_renyi_no_evolution_s2,v2,erdos_renyi_no_evolution,2,erdos_renyi,100,4,461,76,3.370480801334672,33,76,0.4342105263157895,53,23
v2_erdos_renyi_no_evolution_s2,v2,erdos_renyi_no_evolution,2,erdos_renyi,100,4,462,3,-1.000088900581841e-12,1,3,0.3333333333333333,95,23
v2_erdos_renyi_no_evolution_s2,v2,erdos_renyi_no_evolution,2,erdos_renyi,100,4,463,160,3.857544463556942,68,160,0.425,65,36
v2_erdos_renyi_no_evolution_s2,v2,erdos_renyi_no_evolution,2,erdos_renyi,100,4,464,189,4.028332743442937,68,189,0.35978835978835977,25,23
v2_erdos_renyi_no_evolution_s2,v2,erdos_renyi_no_evolution,2,erdos_renyi,100,4,465,73,3.367295829957475,29,73,0.3972602739726027,70,23
v2_erdos_renyi_no_evolution_s2,v2,erdos_renyi_no_evolution,2,erdos_renyi,100,4,466,0,0.0,0,0,,49,49
v2_erdos_renyi_no_evolution_s2,v2,erdos_renyi_no_evolution,2,erdos_renyi,100,4,467,217,4.054567747920975,78,217,0.35944700460829493,62,84
v2_erdos_renyi_no_evolution_s2,v2,erdos_renyi_no_evolution,2,erdos_renyi,100,4,468,0,0.0,0,0,,49,49
v2_erdos_renyi_no_evolution_s2,v2,erdos_renyi_no_evolution,2,erdos_renyi,100,4,469,181,4.101237816260317,67,181,0.3701657458563536,7,23
v2_erdos_renyi_no_evolution_s2,v2,erdos_renyi_no_evolution,2,erdos_renyi,100,4,470,46,2.484906649776,12,46,0.2608695652173913,30,84
v2_erdos_renyi_no_evolution_s2,v2,erdos_renyi_no_evolution,2,erdos_renyi,100,4,471,7,1.0986122886651095,3,7,0.42857142857142855,2,23
v2_erdos_renyi_no_evolution_s2,v2,erdos_renyi_no_evolution,2,erdos_renyi,100,4,472,110,3.679760009076018,41,110,0.37272727272727274,38,84
v2_erdos_renyi_no_evolution_s2,v2,erdos_renyi_no_evolution,2,erdos_renyi,100,4,473,108,3.245232478152912,38,108,0.35185185185185186,54,36
v2_erdos_renyi_no_evolution_s2,v2,erdos_renyi_no_evolution,2,erdos_renyi,100,4,474,281,4.352769487150536,91,281,0.3238434163701068,57,9
v2_erdos_renyi_no_evolution_s2,v2,erdos_renyi_no_evolution,2,erdos_renyi,100,4,475,32,2.197224577327219,9,32,0.28125,20,23
v2_erdos_renyi_no_evolution_s2,v2,erdos_renyi_no_evolution,2,erdos_renyi,100,4,476,699,5.100686683258484,262,699,0.3748211731044349,69,23
v2_erdos_renyi_no_evolution_s2,v2,erdos_renyi_no_evolution,2,erdos_renyi,100,4,477,73,2.8652352524298457,25,73,0.3424657534246575,98,9
v2_erdos_renyi_no_evolution_s2,v2,erdos_renyi_no_evolution,2,erdos_renyi,100,4,478,83,3.299829685639092,31,83,0.37349397590361444,4,9
v2_erdos_renyi_no_evolution_s2,v2,erdos_renyi_no_evolution,2,erdos_renyi,100,4,479,53,2.926417555478996,20,53,0.37735849056603776,30,84
v2_erdos_renyi_no_evolution_s2,v2,erdos_renyi_no_evolution,2,erdos_renyi,100,4,480,81,3.319492576126754,29,81,0.35802469135802467,32,9
v2_erdos_renyi_no_evolution_s2,v2,erdos_renyi_no_evolution,2,erdos_renyi,100,4,481,6,1.6094379124291005,5,6,0.8333333333333334,94,84
v2_erdos_renyi_no_evolution_s2,v2,erdos_renyi_no_evolution,2,erdos_renyi,100,4,482,191,4.1071882985912005,75,191,0.39267015706806285,76,84
v2_erdos_renyi_no_evolution_s2,v2,erdos_renyi_no_evolution,2,erdos_renyi,100,4,483,212,4.206186957413317,81,212,0.38207547169811323,98,23
v2_erdos_renyi_no_evolution_s2,v2,erdos_renyi_no_evolution,2,erdos_renyi,100,4,484,179,3.923088002350249,63,179,0.35195530726256985,27,9
v2_erdos_renyi_no_evolution_s2,v2,erdos_renyi_no_evolution,2,erdos_renyi,100,4,485,135,3.732165102848344,47,135,0.34814814814814815,71,84
v2_erdos_renyi_no_evolution_s2,v2,erdos_renyi_no_evolution,2,erdos_renyi,100,4,486,136,3.8465874704474,55,136,0.40441176470588236,83,9
v2_erdos_renyi_no_evolution_s2,v2,erdos_renyi_no_evolution,2,erdos_renyi,100,4,487,38,2.7080502010872096,15,38,0.39473684210526316,19,9
v2_erdos_renyi_no_evolution_s2,v2,erdos_renyi_no_evolution,2,erdos_renyi,100,4,488,38,2.751666616915516,17,38,0.4473684210526316,11,36
v2_erdos_renyi_no_evolution_s2,v2,erdos_renyi_no_evolution,2,erdos_renyi,100,4,489,2,-1.000088900581841e-12,1,2,0.5,6,84
v2_erdos_renyi_no_evolution_s2,v2,erdos_renyi_no_evolution,2,erdos_renyi,100,4,490,51,2.9650156932365066,22,51,0.43137254901960786,71,23
v2_erdos_renyi_no_evolution_s2,v2,erdos_renyi_no_evolution,2,erdos_renyi,100,4,491,98,3.5849073769929456,40,98,0.40816326530612246,62,9
v2_erdos_renyi_no_evolution_s2,v2,erdos_renyi_no_evolution,2,erdos_renyi,100,4,492,15,2.302585092984045,10,15,0.6666666666666666,51,36
v2_erdos_renyi_no_evolution_s2,v2,erdos_renyi_no_evolution,2,erdos_renyi,100,4,493,177,3.810207170703765,59,177,0.3333333333333333,30,9
v2_erdos_renyi_no_evolution_s2,v2,erdos_renyi_no_evolution,2,erdos_renyi,100,4,494,88,3.3549875695958247,30,88,0.3409090909090909,40,84
v2_erdos_renyi_no_evolution_s2,v2,erdos_renyi_no_evolution,2,erdos_renyi,100,4,495,13,1.3862943611158909,4,13,0.3076923076923077,21,9
v2_erdos_renyi_no_evolution_s2,v2,erdos_renyi_no_evolution,2,erdos_renyi,100,4,496,126,3.761660727552022,47,126,0.373015873015873,92,36
v2_erdos_renyi_no_evolution_s2,v2,erdos_renyi_no_evolution,2,erdos_renyi,100,4,497,69,2.9650156932365066,22,69,0.3188405797101449,2,23
v2_erdos_renyi_no_evolution_s2,v2,erdos_renyi_no_evolution,2,erdos_renyi,100,4,498,58,3.062529300232621,24,58,0.41379310344827586,66,9
v2_erdos_renyi_no_evolution_s2,v2,erdos_renyi_no_evolution,2,erdos_renyi,100,4,499,143,3.814100174419632,62,143,0.43356643356643354,51,36
v2_erdos_renyi_no_evolution_s2,v2,erdos_renyi_no_evolution,2,erdos_renyi,100,4,500,66,3.0149468801585937,23,66,0.3484848484848485,10,23
v2_erdos_renyi_no_evolution_s2,v2,erdos_renyi_no_evolution,2,erdos_renyi,100,4,501,57,2.926417555478996,20,57,0.3508771929824561,11,23
v2_erdos_renyi_no_evolution_s2,v2,erdos_renyi_no_evolution,2,erdos_renyi,100,4,502,12,1.6094379124291005,5,12,0.4166666666666667,68,84
v2_erdos_renyi_no_evolution_s2,v2,erdos_renyi_no_evolution,2,erdos_renyi,100,4,503,16,1.791759469222055,6,16,0.375,11,84
v2_erdos_renyi_no_evolution_s2,v2,erdos_renyi_no_evolution,2,erdos_renyi,100,4,504,14,1.5498260458732018,7,14,0.5,99,84
v2_erdos_renyi_no_evolution_s2,v2,erdos_renyi_no_evolution,2,erdos_renyi,100,4,505,3,1.0986122886651095,3,3,1.0,8,23
v2_erdos_renyi_no_evolution_s2,v2,erdos_renyi_no_evolution,2,erdos_renyi,100,4,506,442,4.669904196579573,160,442,0.36199095022624433,42,9
v2_erdos_renyi_no_evolution_s2,v2,erdos_renyi_no_evolution,2,erdos_renyi,100,4,507,260,4.34247015306185,93,260,0.3576923076923077,90,84
v2_erdos_renyi_no_evolution_s2,v2,erdos_renyi_no_evolution,2,erdos_renyi,100,4,508,175,4.063627981864617,66,175,0.37714285714285717,96,84
v2_erdos_renyi_no_evolution_s2,v2,erdos_renyi_no_evolution,2,erdos_renyi,100,4,509,177,4.151132790135924,75,177,0.423728813559322,66,84
v2_erdos_renyi_no_evolution_s2,v2,erdos_renyi_no_evolution,2,erdos_renyi,100,4,510,144,3.868958803210965,60,144,0.4166666666666667,22,23
v2_erdos_renyi_no_evolution_s2,v2,erdos_renyi_no_evolution,2,erdos_renyi,100,4,511,0,0.0,0,0,,84,84
v2_erdos_renyi_no_evolution_s2,v2,erdos_renyi_no_evolution,2,erdos_renyi,100,4,512,334,4.447327688713262,114,334,0.3413173652694611,62,23
v2_erdos_renyi_no_evolution_s2,v2,erdos_renyi_no_evolution,2,erdos_renyi,100,4,513,33,2.2718685126865625,11,33,0.3333333333333333,38,9
v2_erdos_renyi_no_evolution_s2,v2,erdos_renyi_no_evolution,2,erdos_renyi,100,4,514,5,1.039720770836918,4,5,0.8,55,9
v2_erdos_renyi_no_evolution_s2,v2,erdos_renyi_no_evolution,2,erdos_renyi,100,4,515,146,3.940934875914119,58,146,0.3972602739726027,11,36
v2_erdos_renyi_no_evolution_s2,v2,erdos_renyi_no_evolution,2,erdos_renyi,100,4,516,8,1.9459101490483133,7,8,0.875,22,84
v2_erdos_renyi_no_evolution_s2,v2,erdos_renyi_no_evolution,2,erdos_renyi,100,4,517,103,3.619564736019943,40,103,0.3883495145631068,93,84
v2_erdos_renyi_no_evolution_s2,v2,erdos_renyi_no_evolution,2,erdos_renyi,100,4,518,282,4.43340121772827,108,282,0.3829787234042553,42,23
v2_erdos_renyi_no_evolution_s2,v2,erdos_renyi_no_evolution,2,erdos_renyi,100,4,519,13,1.0986122886651095,3,13,0.23076923076923078,29,23
v2_erdos_renyi_no_evolution_s2,v2,erdos_renyi_no_evolution,2,erdos_renyi,100,4,520,0,0.0,0,0,,84,84
v2_erdos_renyi_no_evolution_s2,v2,erdos_renyi_no_evolution,2,erdos_renyi,100,4,521,649,5.055338230684502,238,649,0.3667180277349769,74,23
v2_erdos_renyi_no_evolution_s2,v2,erdos_renyi_no_evolution,2,erdos_renyi,100,4,522,32,2.772588722223781,16,32,0.5,34,36
v2_erdos_renyi_no_evolution_s2,v2,erdos_renyi_no_evolution,2,erdos_renyi,100,4,523,48,2.540036303807981,14,48,0.2916666666666667,55,23
v2_erdos_renyi_no_evolution_s2,v2,erdos_renyi_no_evolution,2,erdos_renyi,100,4,524,77,3.204777524107256,26,77,0.33766233766233766,70,9
v2_erdos_renyi_no_evolution_s2,v2,erdos_renyi_no_evolution,2,erdos_renyi,100,4,525,208,3.9745866749673073,71,208,0.34134615384615385,92,23
v2_erdos_renyi_no_evolution_s2,v2,erdos_renyi_no_evolution,2,erdos_renyi,100,4,526,36,2.8332133440392155,17,36,0.4722222222222222,88,23
v2_erdos_renyi_no_evolution_s2,v2,erdos_renyi_no_evolution,2,erdos_renyi,100,4,527,189,4.147789156624543,78,189,0.4126984126984127,26,84
v2_erdos_renyi_no_evolution_s2,v2,erdos_renyi_no_evolution,2,erdos_renyi,100,4,528,251,4.235915734598355,90,251,0.35856573705179284,3,36
v2_erdos_renyi_no_evolution_s2,v2,erdos_renyi_no_evolution,2,erdos_renyi,100,4,529,72,3.044820482442576,26,72,0.3611111111111111,97,84
v2_erdos_renyi_no_evolution_s2,v2,erdos_renyi_no_evolution,2,erdos_renyi,100,4,530,11,1.3862943611158909,4,11,0.36363636363636365,26,9
v2_erdos_renyi_no_evolution_s2,v2,erdos_renyi_no_evolution,2,erdos_renyi,100,4,531,29,2.685945324654788,16,29,0.5517241379310345,81,9
v2_erdos_renyi_no_evolution_s2,v2,erdos_renyi_no_evolution,2,erdos_renyi,100,4,532,86,3.5157396511377024,35,86,0.4069767441860465,35,23
v2_erdos_renyi_no_evolution_s2,v2,erdos_renyi_no_evolution,2,erdos_renyi,100,4,533,142,3.6834363242964407,45,142,0.31690140845070425,75,9
v2_erdos_renyi_no_evolution_s2,v2,erdos_renyi_no_evolution,2,erdos_renyi,100,4,534,210,4.226545602614133,84,210,0.4,90,23
v2_erdos_renyi_no_evolution_s2,v2,erdos_renyi_no_evolution,2,erdos_renyi,100,4,535,103,3.4040404338981127,34,103,0.3300970873786408,78,23
v2_erdos_renyi_no_evolution_s2,v2,erdos_renyi_no_evolution,2,erdos_renyi,100,4,536,178,4.082574002703752,77,178,0.43258426966292135,76,84
v2_erdos_renyi_no_evolution_s2,v2,erdos_renyi_no_evolution,2,erdos_renyi,100,4,537,32,2.253857589591352,12,32,0.375,5,23
v2_erdos_renyi_no_evolution_s2,v2,erdos_renyi_no_evolution,2,erdos_renyi,100,4,538,78,3.089055299829874,30,78,0.38461538461538464,69,9
v2_erdos_renyi_no_evolution_s2,v2,erdos_renyi_no_evolution,2,erdos_renyi,100,4,539,0,0.0,0,0,,84,84
v2_erdos_renyi_no_evolution_s2,v2,erdos_renyi_no_evolution,2,erdos_renyi,100,4,540,393,4.628683310089592,142,393,0.361323155216285,13,23
v2_erdos_renyi_no_evolution_s2,v2,erdos_renyi_no_evolution,2,erdos_renyi,100,4,541,0,0.0,0,0,,49,49
v2_erdos_renyi_no_evolution_s2,v2,erdos_renyi_no_evolution,2,erdos_renyi,100,4,542,0,0.0,0,0,,9,9
v2_erdos_renyi_no_evolution_s2,v2,erdos_renyi_no_evolution,2,erdos_renyi,100,4,543,155,4.080546855647588,67,155,0.432258064516129,48,23
v2_erdos_renyi_no_evolution_s2,v2,erdos_renyi_no_evolution,2,erdos_renyi,100,4,544,70,3.204777524107256,26,70,0.37142857142857144,70,23
v2_erdos_renyi_no_evolution_s2,v2,erdos_renyi_no_evolution,2,erdos_renyi,100,4,545,57,3.120291565278284,24,57,0.42105263157894735,94,23
v2_erdos_renyi_no_evolution_s2,v2,erdos_renyi_no_evolution,2,erdos_renyi,100,4,546,636,4.93524297796978,195,636,0.30660377358490565,0,23
v2_erdos_renyi_no_evolution_s2,v2,erdos_renyi_no_evolution,2,erdos_renyi,100,4,547,188,3.825095609512055,65,188,0.34574468085106386,34,23
v2_erdos_renyi_no_evolution_s2,v2,erdos_renyi_no_evolution,2,erdos_renyi,100,4,548,381,4.644677688167231,135,381,0.3543307086614173,32,9
v2_erdos_renyi_no_evolution_s2,v2,erdos_renyi_no_evolution,2,erdos_renyi,100,4,549,95,3.6011047291335987,38,95,0.4,22,36
v2_erdos_renyi_no_evolution_s2,v2,erdos_renyi_no_evolution,2,erdos_renyi,100,4,550,27,2.2718685126865625,11,27,0.4074074074074074,89,36
v2_erdos_renyi_no_evolution_s2,v2,erdos_renyi_no_evolution,2,erdos_renyi,100,4,551,19,1.9459101490483133,7,19,0.3684210526315789,40,84
v2_erdos_renyi_no_evolution_s2,v2,erdos_renyi_no_evolution,2,erdos_renyi,100,4,552,483,4.758231106778636,155,483,0.32091097308488614,17,23
v2_erdos_renyi_no_evolution_s2,v2,erdos_renyi_no_evolution,2,erdos_renyi,100,4,553,5,1.0986122886651095,3,5,0.6,17,84
v2_erdos_renyi_no_evolution_s2,v2,erdos_renyi_no_evolution,2,erdos_renyi,100,4,554,560,4.945112259018996,192,560,0.34285714285714286,80,9
v2_erdos_renyi_no_evolution_s2,v2,erdos_renyi_no_evolution,2,erdos_renyi,100,4,555,67,2.9444389791474395,19,67,0.2835820895522388,17,36
v2_erdos_renyi_no_evolution_s2,v2,erdos_renyi_no_evolution,2,erdos_renyi,100,4,556,270,4.332495660277973,99,270,0.36666666666666664,14,23
v2_erdos_renyi_no_evolution_s2,v2,erdos_renyi_no_evolution,2,erdos_renyi,100,4,557,10000,-1.000088900581841e-12,3605,10000,0.3605,59,59
v2_erdos_renyi_no_evolution_s2,v2,erdos_renyi_no_evolution,2,erdos_renyi,100,4,558,555,4.873530209136526,196,555,0.35315315315315315,39,84
v2_erdos_renyi_no_evolution_s2,v2,erdos_renyi_no_evolution,2,erdos_renyi,100,4,559,24,2.2718685126865625,11,24,0.4583333333333333,11,23
v2_erdos_renyi_no_evolution_s2,v2,erdos_renyi_no_evolution,2,erdos_renyi,100,4,560,13,1.791759469222055,6,13,0.46153846153846156,21,9
v2_erdos_renyi_no_evolution_s2,v2,erdos_renyi_no_evolution,2,erdos_renyi,100,4,561,44,2.8332133440392155,17,44,0.38636363636363635,92,84
v2_erdos_renyi_no_evolution_s2,v2,erdos_renyi_no_evolution,2,erdos_renyi,100,4,562,192,3.9276897436750255,59,192,0.3072916666666667,53,9
v2_erdos_renyi_no_evolution_s2,v2,erdos_renyi_no_evolution,2,erdos_renyi,100,4,563,125,3.6401519506812425,48,125,0.384,61,23
v2_erdos_renyi_no_evolution_s2,v2,erdos_renyi_no_evolution,2,erdos_renyi,100,4,564,517,4.799024589659819,171,517,0.3307543520309478,45,9
v2_erdos_renyi_no_evolution_s2,v2,erdos_renyi_no_evolution,2,erdos_renyi,100,4,565,165,4.121928776873047,67,165,0.40606060606060607,83,9
v2_erdos_renyi_no_evolution_s2,v2,erdos_renyi_no_evolution,2,erdos_renyi,100,4,566,226,4.12096411688994,77,226,0.3407079646017699,13,23
v2_erdos_renyi_no_evolution_s2,v2,erdos_renyi_no_evolution,2,erdos_renyi,100,4,567,83,3.299829685639092,31,83,0.37349397590361444,81,36
v2_erdos_renyi_no_evolution_s2,v2,erdos_renyi_no_evolution,2,erdos_renyi,100,4,568,29,2.197224577327219,9,29,0.3103448275862069,97,9
v2_erdos_renyi_no_evolution_s2,v2,erdos_renyi_no_evolution,2,erdos_renyi,100,4,569,381,4.615029280168655,135,381,0.3543307086614173,97,9
v2_erdos_renyi_no_evolution_s2,v2,erdos_renyi_no_evolution,2,erdos_renyi,100,4,570,200,4.025094030947803,65,200,0.325,33,36
v2_erdos_renyi_no_evolution_s2,v2,erdos_renyi_no_evolution,2,erdos_renyi,100,4,571,83,3.379092505199735,32,83,0.3855421686746988,32,23
v2_erdos_renyi_no_evolution_s2,v2,erdos_renyi_no_evolution,2,erdos_renyi,100,4,572,36,2.639057329601259,14,36,0.3888888888888889,27,9
v2_erdos_renyi_no_evolution_s2,v2,erdos_renyi_no_evolution,2,erdos_renyi,100,4,573,147,3.9170332489992585,58,147,0.3945578231292517,38,84
v2_erdos_renyi_no_evolution_s2,v2,erdos_renyi_no_evolution,2,erdos_renyi,100,4,574,139,3.823096663177728,51,139,0.3669064748201439,13,84
v2_erdos_renyi_no_evolution_s2,v2,erdos_renyi_no_evolution,2,erdos_renyi,100,4,575,144,3.915168615246295,60,144,0.4166666666666667,28,84
v2_erdos_renyi_no_evolution_s2,v2,erdos_renyi_no_evolution,2,erdos_renyi,100,4,576,229,4.191855214531339,85,229,0.37117903930131,37,84
v2_erdos_renyi_no_evolution_s2,v2,erdos_renyi_no_evolution,2,erdos_renyi,100,4,577,1,-1.000088900581841e-12,1,1,1.0,97,36
v2_erdos_renyi_no_evolution_s2,v2,erdos_renyi_no_evolution,2,erdos_renyi,100,4,578,207,4.15419543247656,74,207,0.357487922705314,52,9
v2_erdos_renyi_no_evolution_s2,v2,erdos_renyi_no_evolution,2,erdos_renyi,100,4,579,20,2.079441541671836,8,20,0.4,72,23
v2_erdos_renyi_no_evolution_s2,v2,erdos_renyi_no_evolution,2,erdos_renyi,100,4,580,151,3.9457674529661193,57,151,0.37748344370860926,33,84
v2_erdos_renyi_no_evolution_s2,v2,erdos_renyi_no_evolution,2,erdos_renyi,100,4,581,11,1.0986122886651095,3,11,0.2727272727272727,40,84
v2_erdos_renyi_no_evolution_s2,v2,erdos_renyi_no_evolution,2,erdos_renyi,100,4,582,93,3.2958368659773285,27,93,0.2903225806451613,17,36
v2_erdos_renyi_no_evolution_s2,v2,erdos_renyi_no_evolution,2,erdos_renyi,100,4,583,91,3.189454205571105,32,91,0.3516483516483517,89,9
v2_erdos_renyi_no_evolution_s2,v2,erdos_renyi_no_evolution,2,erdos_renyi,100,4,584,364,4.671608317346417,135,364,0.3708791208791209,69,84
v2_erdos_renyi_no_evolution_s2,v2,erdos_renyi_no_evolution,2,erdos_renyi,100,4,585,58,2.751666616915516,17,58,0.29310344827586204,47,36
v2_erdos_renyi_no_evolution_s2,v2,erdos_renyi_no_evolution,2,erdos_renyi,100,4,586,115,3.645947951488728,41,115,0.3565217391304348,95,84
v2_erdos_renyi_no_evolution_s2,v2,erdos_renyi_no_evolution,2,erdos_renyi,100,4,587,24,2.302585092984045,10,24,0.4166666666666667,65,84
v2_erdos_renyi_no_evolution_s2,v2,erdos_renyi_no_evolution,2,erdos_renyi,100,4,588,660,5.063498886662581,236,660,0.3575757575757576,62,23
v2_erdos_renyi_no_evolution_s2,v2,erdos_renyi_no_evolution,2,erdos_renyi,100,4,589,286,4.293768299938733,92,286,0.32167832167832167,11,84
v2_erdos_renyi_no_evolution_s2,v2,erdos_renyi_no_evolution,2,erdos_renyi,100,4,590,101,3.342356062906156,35,101,0.3465346534653465,94,84
v2_erdos_renyi_no_evolution_s2,v2,erdos_renyi_no_evolution,2,erdos_renyi,100,4,591,394,4.581887457852968,141,394,0.35786802030456855,45,23
v2_erdos_renyi_no_evolution_s2,v2,erdos_renyi_no_evolution,2,erdos_renyi,100,4,592,357,4.646279124894974,136,357,0.38095238095238093,67,9
v2_erdos_renyi_no_evolution_s2,v2,erdos_renyi_no_evolution,2,erdos_renyi,100,4,593,105,3.601104729133599,38,105,0.3619047619047619,4,9
v2_erdos_renyi_no_evolution_s2,v2,erdos_renyi_no_evolution,2,erdos_renyi,100,4,594,29,2.7080502010872096,15,29,0.5172413793103449,8,23
v2_erdos_renyi_no_evolution_s2,v2,erdos_renyi_no_evolution,2,erdos_renyi,100,4,595,194,4.150359322293298,73,194,0.37628865979381443,81,84
v2_erdos_renyi_no_evolution_s2,v2,erdos_renyi_no_evolution,2,erdos_renyi,100,4,596,210,4.087761833202873,78,210,0.37142857142857144,2,9
v2_erdos_renyi_no_evolution_s2,v2,erdos_renyi_no_evolution,2,erdos_renyi,100,4,597,195,4.023545586847067,67,195,0.3435897435897436,17,84
v2_erdos_renyi_no_evolution_s2,v2,erdos_renyi_no_evolution,2,erdos_renyi,100,4,598,89,3.1836729714587872,28,89,0.3146067415730337,25,23
v2_erdos_renyi_no_evolution_s2,v2,erdos_renyi_no_evolution,2,erdos_renyi,100,4,599,0,0.0,0,0,,84,84
v2_erdos_renyi_no_evolution_s2,v2,erdos_renyi_no_evolution,2,erdos_renyi,100,4,600,8,0.6931471805579453,2,8,0.25,27,84
v2_erdos_renyi_no_evolution_s2,v2,erdos_renyi_no_evolution,2,erdos_renyi,100,4,601,77,3.218875824843201,25,77,0.3246753246753247,70,23
v2_erdos_renyi_no_evolution_s2,v2,erdos_renyi_no_evolution,2,erdos_renyi,100,4,602,93,3.0864593035104697,32,93,0.34408602150537637,74,9
v2_erdos_renyi_no_evolution_s2,v2,erdos_renyi_no_evolution,2,erdos_renyi,100,4,603,8,0.6931471805579453,2,8,0.25,55,9
v2_erdos_renyi_no_evolution_s2,v2,erdos_renyi_no_evolution,2,erdos_renyi,100,4,604,139,3.796176766408677,55,139,0.39568345323741005,88,23
v2_erdos_renyi_no_evolution_s2,v2,erdos_renyi_no_evolution,2,erdos_renyi,100,4,605,308,4.412521143560504,103,308,0.3344155844155844,30,23
v2_erdos_renyi_no_evolution_s2,v2,erdos_renyi_no_evolution,2,erdos_renyi,100,4,606,7,1.0986122886651095,3,7,0.42857142857142855,46,9
v2_erdos_renyi_no_evolution_s2,v2,erdos_renyi_no_evolution,2,erdos_renyi,100,4,607,370,4.650978636093287,119,370,0.3216216216216216,33,36
v2_erdos_renyi_no_evolution_s2,v2,erdos_renyi_no_evolution,2,erdos_renyi,100,4,608,40,2.5993019270857944,16,40,0.4,67,9
v2_erdos_renyi_no_evolution_s2,v2,erdos_renyi_no_evolution,2,erdos_renyi,100,4,609,182,4.01369105965443,66,182,0.3626373626373626,48,84
v2_erdos_renyi_no_evolution_s2,v2,erdos_renyi_no_evolution,2,erdos_renyi,100,4,610,282,4.397532953608234,113,282,0.40070921985815605,40,36
v2_erdos_renyi_no_evolution_s2,v2,erdos_renyi_no_evolution,2,erdos_renyi,100,4,611,88,3.556923618315194,39,88,0.4431818181818182,46,9
v2_erdos_renyi_no_evolution_s2,v2,erdos_renyi_no_evolution,2,erdos_renyi,100,4,612,12,1.3862943611158909,4,12,0.3333333333333333,34,84
v2_erdos_renyi_no_evolution_s2,v2,erdos_renyi_no_evolution,2,erdos_renyi,100,4,613,112,3.4753416030969198,45,112,0.4017857142857143,0,23
v2_erdos_renyi_no_evolution_s2,v2,erdos_renyi_no_evolution,2,erdos_renyi,100,4,614,20,2.197224577327219,9,20,0.45,64,84
v2_erdos_renyi_no_evolution_s2,v2,erdos_renyi_no_evolution,2,erdos_renyi,100,4,615,98,3.498515667114017,37,98,0.37755102040816324,71,84
v2_erdos_renyi_no_evolution_s2,v2,erdos_renyi_no_evolution,2,erdos_renyi,100,4,616,3,1.0986122886651095,3,3,1.0,44,23
v2_erdos_renyi_no_evolution_s2,v2,erdos_renyi_no_evolution,2,erdos_renyi,100,4,617,99,3.389268031515795,31,99,0.31313131313131315,44,9
v2_erdos_renyi_no_evolution_s2,v2,erdos_renyi_no_evolution,2,erdos_renyi,100,4,618,229,4.227656526227146,89,229,0.388646288209607,30,84
v2_erdos_renyi_no_evolution_s2,v2,erdos_renyi_no_evolution,2,erdos_renyi,100,4,619,45,2.838988933136699,22,45,0.4888888888888889,29,23
v2_erdos_renyi_no_evolution_s2,v2,erdos_renyi_no_evolution,2,erdos_renyi,100,4,620,4,0.6931471805579453,2,4,0.5,63,23
v2_erdos_renyi_no_evolution_s2,v2,erdos_renyi_no_evolution,2,erdos_renyi,100,4,621,49,2.772588722223781,16,49,0.32653061224489793,79,84
v2_erdos_renyi_no_evolution_s2,v2,erdos_renyi_no_evolution,2,erdos_renyi,100,4,622,0,0.0,0,0,,84,84
v2_erdos_renyi_no_evolution_s2,v2,erdos_renyi_no_evolution,2,erdos_renyi,100,4,623,218,4.2291302628033645,74,218,0.3394495412844037,90,23
v2_erdos_renyi_no_evolution_s2,v2,erdos_renyi_no_evolution,2,erdos_renyi,100,4,624,494,4.797466621806903,159,494,0.32186234817813764,70,9
v2_erdos_renyi_no_evolution_s2,v2,erdos_renyi_no_evolution,2,erdos_renyi,100,4,625,121,3.708094060697539,46,121,0.38016528925619836,10,23
v2_erdos_renyi_no_evolution_s2,v2,erdos_renyi_no_evolution,2,erdos_renyi,100,4,626,128,3.764627169924135,52,128,0.40625,68,23
v2_erdos_renyi_no_evolution_s2,v2,erdos_renyi_no_evolution,2,erdos_renyi,100,4,627,7,1.3862943611158909,4,7,0.5714285714285714,24,36
v2_erdos_renyi_no_evolution_s2,v2,erdos_renyi_no_evolution,2,erdos_renyi,100,4,628,465,4.659455233789691,157,465,0.33763440860215055,11,23
v2_erdos_renyi_no_evolution_s2,v2,erdos_renyi_no_evolution,2,erdos_renyi,100,4,629,44,2.725550395815721,19,44,0.4318181818181818,38,9
v2_erdos_renyi_no_evolution_s2,v2,erdos_renyi_no_evolution,2,erdos_renyi,100,4,630,206,4.163653769154264,82,206,0.39805825242718446,56,23
v2_erdos_renyi_no_evolution_s2,v2,erdos_renyi_no_evolution,2,erdos_renyi,100,4,631,73,3.0149468801585937,23,73,0.3150684931506849,56,36
v2_erdos_renyi_no_evolution_s2,v2,erdos_renyi_no_evolution,2,erdos_renyi,100,4,632,569,4.912430796048782,187,569,0.3286467486818981,83,23
v2_erdos_renyi_no_evolution_s2,v2,erdos_renyi_no_evolution,2,erdos_renyi,100,4,633,97,3.427639630926845,38,97,0.3917525773195876,83,23
v2_erdos_renyi_no_evolution_s2,v2,erdos_renyi_no_evolution,2,erdos_renyi,100,4,634,46,3.028029073286411,22,46,0.4782608695652174,8,23
v2_erdos_renyi_no_evolution_s2,v2,erdos_renyi_no_evolution,2,erdos_renyi,100,4,635,230,4.160531585420946,84,230,0.3652173913043478,12,9
v2_erdos_renyi_no_evolution_s2,v2,erdos_renyi_no_evolution,2,erdos_renyi,100,4,636,57,3.062529300232621,24,57,0.42105263157894735,50,23
v2_erdos_renyi_no_evolution_s2,v2,erdos_renyi_no_evolution,2,erdos_renyi,100,4,637,413,4.619673391476815,147,413,0.3559322033898305,29,9
v2_erdos_renyi_no_evolution_s2,v2,erdos_renyi_no_evolution,2,erdos_renyi,100,4,638,350,4.612074595700831,123,350,0.3514285714285714,17,23
v2_erdos_renyi_no_evolution_s2,v2,erdos_renyi_no_evolution,2,erdos_renyi,100,4,639,0,0.0,0,0,,36,36
v2_erdos_renyi_no_evolution_s2,v2,erdos_renyi_no_evolution,2,erdos_renyi,100,4,640,88,3.218875824843201,25,88,0.2840909090909091,60,23
v2_erdos_renyi_no_evolution_s2,v2,erdos_renyi_no_evolution,2,erdos_renyi,100,4,641,76,3.1780538303239454,24,76,0.3157894736842105,44,36
v2_erdos_renyi_no_evolution_s2,v2,erdos_renyi_no_evolution,2,erdos_renyi,100,4,642,8,1.791759469222055,6,8,0.75,48,9
v2_erdos_renyi_no_evolution_s2,v2,erdos_renyi_no_evolution,2,erdos_renyi,100,4,643,598,5.0488840359093,227,598,0.3795986622073579,10,84
v2_erdos_renyi_no_evolution_s2,v2,erdos_renyi_no_evolution,2,erdos_renyi,100,4,644,6,1.3862943611158909,4,6,0.6666666666666666,8,23
v2_erdos_renyi_no_evolution_s2,v2,erdos_renyi_no_evolution,2,erdos_renyi,100,4,645,340,4.543622706635268,133,340,0.3911764705882353,52,23
v2_erdos_renyi_no_evolution_s2,v2,erdos_renyi_no_evolution,2,erdos_renyi,100,4,646,64,3.163424050399405,25,64,0.390625,83,23
v2_erdos_renyi_no_evolution_s2,v2,erdos_renyi_no_evolution,2,erdos_renyi,100,4,647,102,3.6000030969206915,43,102,0.4215686274509804,63,84
v2_erdos_renyi_no_evolution_s2,v2,erdos_renyi_no_evolution,2,erdos_renyi,100,4,648,6,1.0986122886651095,3,6,0.5,85,36
v2_erdos_renyi_no_evolution_s2,v2,erdos_renyi_no_evolution,2,erdos_renyi,100,4,649,157,3.833377461840285,56,157,0.35668789808917195,47,36
v2_erdos_renyi_no_evolution_s2,v2,erdos_renyi_no_evolution,2,erdos_renyi,100,4,650,169,4.084632441880585,66,169,0.3905325443786982,69,84
v2_erdos_renyi_no_evolution_s2,v2,erdos_renyi_no_evolution,2,erdos_renyi,100,4,651,1,-1.000088900581841e-12,1,1,1.0,52,9
v2_erdos_renyi_no_evolution_s2,v2,erdos_renyi_no_evolution,2,erdos_renyi,100,4,652,115,3.863528576407119,49,115,0.4260869565217391,79,84
v2_erdos_renyi_no_evolution_s2,v2,erdos_renyi_no_evolution,2,erdos_renyi,100,4,653,186,4.162640073032995,75,186,0.4032258064516129,72,84
v2_erdos_renyi_no_evolution_s2,v2,erdos_renyi_no_evolution,2,erdos_renyi,100,4,654,83,3.299829685639092,31,83,0.37349397590361444,61,23
v2_erdos_renyi_no_evolution_s2,v2,erdos_renyi_no_evolution,2,erdos_renyi,100,4,655,591,4.952251160752661,225,591,0.38071065989847713,81,9
v2_erdos_renyi_no_evolution_s2,v2,erdos_renyi_no_evolution,2,erdos_renyi,100,4,656,151,3.929064767579997,61,151,0.40397350993377484,66,23
v2_erdos_renyi_no_evolution_s2,v2,erdos_renyi_no_evolution,2,erdos_renyi,100,4,657,25,2.639057329601259,14,25,0.56,12,23
v2_erdos_renyi_no_evolution_s2,v2,erdos_renyi_no_evolution,2,erdos_renyi,100,4,658,162,3.931733637286508,65,162,0.4012345679012346,47,84
v2_erdos_renyi_no_evolution_s2,v2,erdos_renyi_no_evolution,2,erdos_renyi,100,4,659,325,4.340256876038172,114,325,0.3507692307692308,32,23
v2_erdos_renyi_no_evolution_s2,v2,erdos_renyi_no_evolution,2,erdos_renyi,100,4,660,173,3.94859141818368,67,173,0.3872832369942196,35,36
v2_erdos_renyi_no_evolution_s2,v2,erdos_renyi_no_evolution,2,erdos_renyi,100,4,661,262,4.299567151423837,90,262,0.3435114503816794,29,9
v2_erdos_renyi_no_evolution_s2,v2,erdos_renyi_no_evolution,2,erdos_renyi,100,4,662,267,4.402884209711711,108,267,0.4044943820224719,6,84
v2_erdos_renyi_no_evolution_s2,v2,erdos_renyi_no_evolution,2,erdos_renyi,100,4,663,69,3.3909780549362365,36,69,0.5217391304347826,6,9
v2_erdos_renyi_no_evolution_s2,v2,erdos_renyi_no_evolution,2,erdos_renyi,100,4,664,39,2.9650156932365066,22,39,0.5641025641025641,92,36
v2_erdos_renyi_no_evolution_s2,v2,erdos_renyi_no_evolution,2,erdos_renyi,100,4,665,0,0.0,0,0,,49,49
v2_erdos_renyi_no_evolution_s2,v2,erdos_renyi_no_evolution,2,erdos_renyi,100,4,666,52,2.751666616915516,17,52,0.3269230769230769,69,23
v2_erdos_renyi_no_evolution_s2,v2,erdos_renyi_no_evolution,2,erdos_renyi,100,4,667,136,3.4140518055129307,49,136,0.3602941176470588,7,9
v2_erdos_renyi_no_evolution_s2,v2,erdos_renyi_no_evolution,2,erdos_renyi,100,4,668,656,5.201601273906113,281,656,0.42835365853658536,85,23
v2_erdos_renyi_no_evolution_s2,v2,erdos_renyi_no_evolution,2,erdos_renyi,100,4,669,95,3.4858315997982245,39,95,0.4105263157894737,76,36
v2_erdos_renyi_no_evolution_s2,v2,erdos_renyi_no_evolution,2,erdos_renyi,100,4,670,790,5.186870563916388,288,790,0.36455696202531646,94,9
v2_erdos_renyi_no_evolution_s2,v2,erdos_renyi_no_evolution,2,erdos_renyi,100,4,671,69,3.052520501511814,25,69,0.36231884057971014,11,84
v2_erdos_renyi_no_evolution_s2,v2,erdos_renyi_no_evolution,2,erdos_renyi,100,4,672,277,4.393140453416218,105,277,0.37906137184115524,68,9
v2_erdos_renyi_no_evolution_s2,v2,erdos_renyi_no_evolution,2,erdos_renyi,100,4,673,117,3.658162873776453,44,117,0.37606837606837606,50,84
v2_erdos_renyi_no_evolution_s2,v2,erdos_renyi_no_evolution,2,erdos_renyi,100,4,674,365,4.457012778162795,117,365,0.32054794520547947,17,9
v2_erdos_renyi_no_evolution_s2,v2,erdos_renyi_no_evolution,2,erdos_renyi,100,4,675,136,3.839509426606019,53,136,0.3897058823529412,3,84
v2_erdos_renyi_no_evolution_s2,v2,erdos_renyi_no_evolution,2,erdos_renyi,100,4,676,61,3.0752205480323718,23,61,0.3770491803278688,28,23
v2_erdos_renyi_no_evolution_s2,v2,erdos_renyi_no_evolution,2,erdos_renyi,100,4,677,19,2.3978952727873706,11,19,0.5789473684210527,3,9
v2_erdos_renyi_no_evolution_s2,v2,erdos_renyi_no_evolution,2,erdos_renyi,100,4,678,183,4.010664300021868,67,183,0.366120218579235,79,23
v2_erdos_renyi_no_evolution_s2,v2,erdos_renyi_no_evolution,2,erdos_renyi,100,4,679,1,-1.000088900581841e-12,1,1,1.0,53,9
v2_erdos_renyi_no_evolution_s2,v2,erdos_renyi_no_evolution,2,erdos_renyi,100,4,680,309,4.763348555840669,134,309,0.4336569579288026,35,84
v2_erdos_renyi_no_evolution_s2,v2,erdos_renyi_no_evolution,2,erdos_renyi,100,4,681,500,4.812739936575351,193,500,0.386,70,23
v2_erdos_renyi_no_evolution_s2,v2,erdos_renyi_no_evolution,2,erdos_renyi,100,4,682,88,3.5065025850265608,36,88,0.4090909090909091,76,84
v2_erdos_renyi_no_evolution_s2,v2,erdos_renyi_no_evolution,2,erdos_renyi,100,4,683,96,3.3909780549362365,36,96,0.375,63,9
v2_erdos_renyi_no_evolution_s2,v2,erdos_renyi_no_evolution,2,erdos_renyi,100,4,684,158,3.823096663177728,51,158,0.3227848101265823,98,23
v2_erdos_renyi_no_evolution_s2,v2,erdos_renyi_no_evolution,2,erdos_renyi,100,4,685,80,3.0047670351869598,24,80,0.3,41,36
v2_erdos_renyi_no_evolution_s2,v2,erdos_renyi_no_evolution,2,erdos_renyi,100,4,686,18,1.3862943611158909,4,18,0.2222222222222222,82,23
v2_erdos_renyi_no_evolution_s2,v2,erdos_renyi_no_evolution,2,erdos_renyi,100,4,687,129,3.430313456117072,41,129,0.3178294573643411,79,23
v2_erdos_renyi_no_evolution_s2,v2,erdos_renyi_no_evolution,2,erdos_renyi,100,4,688,113,3.5783238363141483,41,113,0.36283185840707965,76,23
v2_erdos_renyi_no_evolution_s2,v2,erdos_renyi_no_evolution,2,erdos_renyi,100,4,689,8,1.791759469222055,6,8,0.75,55,9
v2_erdos_renyi_no_evolution_s2,v2,erdos_renyi_no_evolution,2,erdos_renyi,100,4,690,690,5.043791544935413,247,690,0.35797101449275365,96,84
v2_erdos_renyi_no_evolution_s2,v2,erdos_renyi_no_evolution,2,erdos_renyi,100,4,691,93,3.5157396511377024,35,93,0.3763440860215054,33,9
v2_erdos_renyi_no_evolution_s2,v2,erdos_renyi_no_evolution,2,erdos_renyi,100,4,692,9,1.0986122886651095,3,9,0.3333333333333333,16,84
v2_erdos_renyi_no_evolution_s2,v2,erdos_renyi_no_evolution,2,erdos_renyi,100,4,693,74,2.7782254129994435,26,74,0.35135135135135137,88,84
v2_erdos_renyi_no_evolution_s2,v2,erdos_renyi_no_evolution,2,erdos_renyi,100,4,694,304,4.448228772318981,113,304,0.3717105263157895,73,23
v2_erdos_renyi_no_evolution_s2,v2,erdos_renyi_no_evolution,2,erdos_renyi,100,4,695,186,4.0383716650599615,65,186,0.34946236559139787,70,84
v2_erdos_renyi_no_evolution_s2,v2,erdos_renyi_no_evolution,2,erdos_renyi,100,4,696,146,3.978820032073776,60,146,0.410958904109589,46,23
v2_erdos_renyi_no_evolution_s2,v2,erdos_renyi_no_evolution,2,erdos_renyi,100,4,697,166,4.029249537224176,73,166,0.4397590361445783,53,23
v2_erdos_renyi_no_evolution_s2,v2,erdos_renyi_no_evolution,2,erdos_renyi,100,4,698,150,3.5793123587193723,50,150,0.3333333333333333,65,23
v2_erdos_renyi_no_evolution_s2,v2,erdos_renyi_no_evolution,2,erdos_renyi,100,4,699,91,3.4124897213676078,33,91,0.3626373626373626,6,23
v2_erdos_renyi_no_evolution_s2,v2,erdos_renyi_no_evolution,2,erdos_renyi,100,4,700,43,2.5070264355444176,17,43,0.3953488372093023,16,84
v2_erdos_renyi_no_evolution_s2,v2,erdos_renyi_no_evolution,2,erdos_renyi,100,4,701,70,3.062529300232621,24,70,0.34285714285714286,75,23
v2_erdos_renyi_no_evolution_s2,v2,erdos_renyi_no_evolution,2,erdos_renyi,100,4,702,94,3.183672971458787,28,94,0.2978723404255319,98,84
v2_erdos_renyi_no_evolution_s2,v2,erdos_renyi_no_evolution,2,erdos_renyi,100,4,703,40,2.670119889791816,17,40,0.425,27,23
v2_erdos_renyi_no_evolution_s2,v2,erdos_renyi_no_evolution,2,erdos_renyi,100,4,704,278,4.324169616978629,102,278,0.3669064748201439,14,84
v2_erdos_renyi_no_evolution_s2,v2,erdos_renyi_no_evolution,2,erdos_renyi,100,4,705,118,3.5646232985788124,38,118,0.3220338983050847,18,9
v2_erdos_renyi_no_evolution_s2,v2,erdos_renyi_no_evolution,2,erdos_renyi,100,4,706,218,4.19185521453034,85,218,0.38990825688073394,7,9
v2_erdos_renyi_no_evolution_s2,v2,erdos_renyi_no_evolution,2,erdos_renyi,100,4,707,11,1.3862943611158909,4,11,0.36363636363636365,43,84
v2_erdos_renyi_no_evolution_s2,v2,erdos_renyi_no_evolution,2,erdos_renyi,100,4,708,323,4.5680686975363765,124,323,0.38390092879256965,91,36
v2_erdos_renyi_no_evolution_s2,v2,erdos_renyi_no_evolution,2,erdos_renyi,100,4,709,402,4.678090652776012,153,402,0.3805970149253731,39,23
v2_erdos_renyi_no_evolution_s2,v2,erdos_renyi_no_evolution,2,erdos_renyi,100,4,710,63,2.925202764151108,24,63,0.38095238095238093,82,23
v2_erdos_renyi_no_evolution_s2,v2,erdos_renyi_no_evolution,2,erdos_renyi,100,4,711,1,-1.000088900581841e-12,1,1,1.0,86,84
v2_erdos_renyi_no_evolution_s2,v2,erdos_renyi_no_evolution,2,erdos_renyi,100,4,712,47,3.0280290732864104,22,47,0.46808510638297873,91,23
v2_erdos_renyi_no_evolution_s2,v2,erdos_renyi_no_evolution,2,erdos_renyi,100,4,713,44,2.685945324654788,16,44,0.36363636363636365,18,23
v2_erdos_renyi_no_evolution_s2,v2,erdos_renyi_no_evolution,2,erdos_renyi,100,4,714,28,2.5649493574485365,13,28,0.4642857142857143,29,84
v2_erdos_renyi_no_evolution_s2,v2,erdos_renyi_no_evolution,2,erdos_renyi,100,4,715,79,3.4544986414005443,33,79,0.4177215189873418,0,23
v2_erdos_renyi_no_evolution_s2,v2,erdos_renyi_no_evolution,2,erdos_renyi,100,4,716,21,1.791759469222055,6,21,0.2857142857142857,72,9
v2_erdos_renyi_no_evolution_s2,v2,erdos_renyi_no_evolution,2,erdos_renyi,100,4,717,12,1.5607104090364066,6,12,0.5,87,9
v2_erdos_renyi_no_evolution_s2,v2,erdos_renyi_no_evolution,2,erdos_renyi,100,4,718,392,4.703472954082445,143,392,0.3647959183673469,43,84
v2_erdos_renyi_no_evolution_s2,v2,erdos_renyi_no_evolution,2,erdos_renyi,100,4,719,105,3.4365228305042805,35,105,0.3333333333333333,16,9
v2_erdos_renyi_no_evolution_s2,v2,erdos_renyi_no_evolution,2,erdos_renyi,100,4,720,100,3.4365228305042805,35,100,0.35,19,9
v2_erdos_renyi_no_evolution_s2,v2,erdos_renyi_no_evolution,2,erdos_renyi,100,4,721,67,2.9785084205072385,21,67,0.31343283582089554,61,36
v2_erdos_renyi_no_evolution_s2,v2,erdos_renyi_no_evolution,2,erdos_renyi,100,4,722,4,1.0986122886651095,3,4,0.75,33,84
v2_erdos_renyi_no_evolution_s2,v2,erdos_renyi_no_evolution,2,erdos_renyi,100,4,723,408,4.792038658178736,159,408,0.3897058823529412,76,23
v2_erdos_renyi_no_evolution_s2,v2,erdos_renyi_no_evolution,2,erdos_renyi,100,4,724,16,2.302585092984045,10,16,0.625,40,9
v2_erdos_renyi_no_evolution_s2,v2,erdos_renyi_no_evolution,2,erdos_renyi,100,4,725,32,2.7985132569262934,19,32,0.59375,60,84
v2_erdos_renyi_no_evolution_s2,v2,erdos_renyi_no_evolution,2,erdos_renyi,100,4,726,229,4.212108312819535,83,229,0.3624454148471616,91,9
v2_erdos_renyi_no_evolution_s2,v2,erdos_renyi_no_evolution,2,erdos_renyi,100,4,727,38,2.3978952727873706,11,38,0.2894736842105263,62,9
v2_erdos_renyi_no_evolution_s2,v2,erdos_renyi_no_evolution,2,erdos_renyi,100,4,728,11,1.791759469222055,6,11,0.5454545454545454,2,9
v2_erdos_renyi_no_evolution_s2,v2,erdos_renyi_no_evolution,2,erdos_renyi,100,4,729,23,2.1383330594990277,12,23,0.5217391304347826,32,23
v2_erdos_renyi_no_evolution_s2,v2,erdos_renyi_no_evolution,2,erdos_renyi,100,4,730,328,4.588048821770991,121,328,0.36890243902439024,69,9
v2_erdos_renyi_no_evolution_s2,v2,erdos_renyi_no_evolution,2,erdos_renyi,100,4,731,95,3.367295829957475,29,95,0.30526315789473685,92,23
v2_erdos_renyi_no_evolution_s2,v2,erdos_renyi_no_evolution,2,erdos_renyi,100,4,732,57,2.947004770141297,24,57,0.42105263157894735,63,23
v2_erdos_renyi_no_evolution_s2,v2,erdos_renyi_no_evolution,2,erdos_renyi,100,4,733,128,3.691536538915632,47,128,0.3671875,88,9
v2_erdos_renyi_no_evolution_s2,v2,erdos_renyi_no_evolution,2,erdos_renyi,100,4,734,223,4.14184415171607,84,223,0.37668161434977576,8,9
v2_erdos_renyi_no_evolution_s2,v2,erdos_renyi_no_evolution,2,erdos_renyi,100,4,735,21,2.4583113296710835,13,21,0.6190476190476191,26,9
v2_erdos_renyi_no_evolution_s2,v2,erdos_renyi_no_evolution,2,erdos_renyi,100,4,736,15,1.6094379124291005,5,15,0.3333333333333333,31,23
v2_erdos_renyi_no_evolution_s2,v2,erdos_renyi_no_evolution,2,erdos_renyi,100,4,737,71,3.2238860684653137,29,71,0.4084507042253521,63,23
v2_erdos_renyi_no_evolution_s2,v2,erdos_renyi_no_evolution,2,erdos_renyi,100,4,738,35,2.1639556568730565,10,35,0.2857142857142857,88,36
v2_erdos_renyi_no_evolution_s2,v2,erdos_renyi_no_evolution,2,erdos_renyi,100,4,739,245,4.34415262947198,97,245,0.39591836734693875,50,9
v2_erdos_renyi_no_evolution_s2,v2,erdos_renyi_no_evolution,2,erdos_renyi,100,4,740,549,5.003761311079305,224,549,0.4080145719489982,76,23
v2_erdos_renyi_no_evolution_s2,v2,erdos_renyi_no_evolution,2,erdos_renyi,100,4,741,108,3.844605690754974,52,108,0.48148148148148145,56,84
v2_erdos_renyi_no_evolution_s2,v2,erdos_renyi_no_evolution,2,erdos_renyi,100,4,742,141,3.5894688121687217,48,141,0.3404255319148936,72,23
v2_erdos_renyi_no_evolution_s2,v2,erdos_renyi_no_evolution,2,erdos_renyi,100,4,743,231,4.169349656006269,73,231,0.31601731601731603,74,23
v2_erdos_renyi_no_evolution_s2,v2,erdos_renyi_no_evolution,2,erdos_renyi,100,4,744,42,2.8903717578781647,18,42,0.42857142857142855,18,9
v2_erdos_renyi_no_evolution_s2,v2,erdos_renyi_no_evolution,2,erdos_renyi,100,4,745,163,3.633753632713535,59,163,0.3619631901840491,0,84
v2_erdos_renyi_no_evolution_s2,v2,erdos_renyi_no_evolution,2,erdos_renyi,100,4,746,26,2.1458417525857545,11,26,0.4230769230769231,35,9
v2_erdos_renyi_no_evolution_s2,v2,erdos_renyi_no_evolution,2,erdos_renyi,100,4,747,271,4.387873847030402,111,271,0.4095940959409594,70,23
v2_erdos_renyi_no_evolution_s2,v2,erdos_renyi_no_evolution,2,erdos_renyi,100,4,748,89,3.5450107617233355,36,89,0.4044943820224719,10,84
v2_erdos_renyi_no_evolution_s2,v2,erdos_renyi_no_evolution,2,erdos_renyi,100,4,749,63,2.588573162668117,17,63,0.2698412698412698,40,9
v2_erdos_renyi_no_evolution_s2,v2,erdos_renyi_no_evolution,2,erdos_renyi,100,4,750,200,3.958785452405493,72,200,0.36,56,9
v2_erdos_renyi_no_evolution_s2,v2,erdos_renyi_no_evolution,2,erdos_renyi,100,4,751,15,1.3862943611158909,4,15,0.26666666666666666,27,9
v2_erdos_renyi_no_evolution_s2,v2,erdos_renyi_no_evolution,2,erdos_renyi,100,4,752,115,3.6322425006666657,43,115,0.3739130434782609,35,23
v2_erdos_renyi_no_evolution_s2,v2,erdos_renyi_no_evolution,2,erdos_renyi,100,4,753,87,3.276097603139099,32,87,0.367816091954023,76,23
v2_erdos_renyi_no_evolution_s2,v2,erdos_renyi_no_evolution,2,erdos_renyi,100,4,754,0,0.0,0,0,,36,36
v2_erdos_renyi_no_evolution_s2,v2,erdos_renyi_no_evolution,2,erdos_renyi,100,4,755,160,3.799841730748973,57,160,0.35625,78,84
v2_erdos_renyi_no_evolution_s2,v2,erdos_renyi_no_evolution,2,erdos_renyi,100,4,756,32,1.9459101490483133,7,32,0.21875,75,36
v2_erdos_renyi_no_evolution_s2,v2,erdos_renyi_no_evolution,2,erdos_renyi,100,4,757,59,2.9957322735339904,20,59,0.3389830508474576,54,23
v2_erdos_renyi_no_evolution_s2,v2,erdos_renyi_no_evolution,2,erdos_renyi,100,4,758,121,3.4368689714688543,39,121,0.32231404958677684,10,84
v2_erdos_renyi_no_evolution_s2,v2,erdos_renyi_no_evolution,2,erdos_renyi,100,4,759,43,2.787788119369007,20,43,0.46511627906976744,32,36
v2_erdos_renyi_no_evolution_s2,v2,erdos_renyi_no_evolution,2,erdos_renyi,100,4,760,52,2.9444389791474395,19,52,0.36538461538461536,25,9
v2_erdos_renyi_no_evolution_s2,v2,erdos_renyi_no_evolution,2,erdos_renyi,100,4,761,6,1.0986122886651095,3,6,0.5,1,9
v2_erdos_renyi_no_evolution_s2,v2,erdos_renyi_no_evolution,2,erdos_renyi,100,4,762,97,3.485587161020812,34,97,0.35051546391752575,7,84
v2_erdos_renyi_no_evolution_s2,v2,erdos_renyi_no_evolution,2,erdos_renyi,100,4,763,558,4.883864265286832,199,558,0.35663082437275984,69,23
v2_erdos_renyi_no_evolution_s2,v2,erdos_renyi_no_evolution,2,erdos_renyi,100,4,764,101,3.361908713615984,36,101,0.3564356435643564,12,9
v2_erdos_renyi_no_evolution_s2,v2,erdos_renyi_no_evolution,2,erdos_renyi,100,4,765,458,4.778321031870769,168,458,0.36681222707423583,18,23
v2_erdos_renyi_no_evolution_s2,v2,erdos_renyi_no_evolution,2,erdos_renyi,100,4,766,0,0.0,0,0,,84,84
v2_erdos_renyi_no_evolution_s2,v2,erdos_renyi_no_evolution,2,erdos_renyi,100,4,767,21,1.7328679513938632,8,21,0.38095238095238093,31,23
v2_erdos_renyi_no_evolution_s2,v2,erdos_renyi_no_evolution,2,erdos_renyi,100,4,768,116,3.4502855905397403,39,116,0.33620689655172414,37,23
v2_erdos_renyi_no_evolution_s2,v2,erdos_renyi_no_evolution,2,erdos_renyi,100,4,769,107,3.4866499871641343,51,107,0.4766355140186916,72,84
v2_erdos_renyi_no_evolution_s2,v2,erdos_renyi_no_evolution,2,erdos_renyi,100,4,770,10000,-1.000088900581841e-12,3630,10000,0.363,59,59
v2_erdos_renyi_no_evolution_s2,v2,erdos_renyi_no_evolution,2,erdos_renyi,100,4,771,4,1.0986122886651095,3,4,0.75,94,36
v2_erdos_renyi_no_evolution_s2,v2,erdos_renyi_no_evolution,2,erdos_renyi,100,4,772,298,4.449224961640177,112,298,0.37583892617449666,30,23
v2_erdos_renyi_no_evolution_s2,v2,erdos_renyi_no_evolution,2,erdos_renyi,100,4,773,0,0.0,0,0,,84,84
v2_erdos_renyi_no_evolution_s2,v2,erdos_renyi_no_evolution,2,erdos_renyi,100,4,774,191,4.069106107003287,68,191,0.35602094240837695,26,9
v2_erdos_renyi_no_evolution_s2,v2,erdos_renyi_no_evolution,2,erdos_renyi,100,4,775,0,0.0,0,0,,84,84
v2_erdos_renyi_no_evolution_s2,v2,erdos_renyi_no_evolution,2,erdos_renyi,100,4,776,0,0.0,0,0,,9,9
v2_erdos_renyi_no_evolution_s2,v2,erdos_renyi_no_evolution,2,erdos_renyi,100,4,777,9,1.3862943611158909,4,9,0.4444444444444444,28,23
v2_erdos_renyi_no_evolution_s2,v2,erdos_renyi_no_evolution,2,erdos_renyi,100,4,778,11,1.3862943611158909,4,11,0.36363636363636365,82,23
v2_erdos_renyi_no_evolution_s2,v2,erdos_renyi_no_evolution,2,erdos_renyi,100,4,779,270,4.333057254814572,95,270,0.35185185185185186,8,23
v2_erdos_renyi_no_evolution_s2,v2,erdos_renyi_no_evolution,2,erdos_renyi,100,4,780,176,4.132648865321992,75,176,0.42613636363636365,85,9
v2_erdos_renyi_no_evolution_s2,v2,erdos_renyi_no_evolution,2,erdos_renyi,100,4,781,0,0.0,0,0,,36,36
v2_erdos_renyi_no_evolution_s2,v2,erdos_renyi_no_evolution,2,erdos_renyi,100,4,782,267,4.338091834807455,110,267,0.41198501872659177,7,9
v2_erdos_renyi_no_evolution_s2,v2,erdos_renyi_no_evolution,2,erdos_renyi,100,4,783,1,-1.000088900581841e-12,1,1,1.0,6,84
v2_erdos_renyi_no_evolution_s2,v2,erdos_renyi_no_evolution,2,erdos_renyi,100,4,784,101,3.455179006914453,38,101,0.37623762376237624,63,23
v2_erdos_renyi_no_evolution_s2,v2,erdos_renyi_no_evolution,2,erdos_renyi,100,4,785,59,3.218875824843201,25,59,0.423728813559322,52,36
v2_erdos_renyi_no_evolution_s2,v2,erdos_renyi_no_evolution,2,erdos_renyi,100,4,786,411,4.712671199473756,148,411,0.36009732360097324,50,23
v2_erdos_renyi_no_evolution_s2,v2,erdos_renyi_no_evolution,2,erdos_renyi,100,4,787,27,2.639057329601259,14,27,0.5185185185185185,75,23
v2_erdos_renyi_no_evolution_s2,v2,erdos_renyi_no_evolution,2,erdos_renyi,100,4,788,175,4.1476458219284895,66,175,0.37714285714285717,88,84
v2_erdos_renyi_no_evolution_s2,v2,erdos_renyi_no_evolution,2,erdos_renyi,100,4,789,25,2.2718685126865625,11,25,0.44,67,9
v2_erdos_renyi_no_evolution_s2,v2,erdos_renyi_no_evolution,2,erdos_renyi,100,4,790,534,4.853417664204104,195,534,0.3651685393258427,17,36
v2_erdos_renyi_no_evolution_s2,v2,erdos_renyi_no_evolution,2,erdos_renyi,100,4,791,683,5.074628818667806,233,683,0.3411420204978038,64,23
v2_erdos_renyi_no_evolution_s2,v2,erdos_renyi_no_evolution,2,erdos_renyi,100,4,792,63,3.120291565278284,24,63,0.38095238095238093,14,9
v2_erdos_renyi_no_evolution_s2,v2,erdos_renyi_no_evolution,2,erdos_renyi,100,4,793,475,4.851802097800148,175,475,0.3684210526315789,17,84
v2_erdos_renyi_no_evolution_s2,v2,erdos_renyi_no_evolution,2,erdos_renyi,100,4,794,623,4.913652974025926,214,623,0.3434991974317817,39,23
v2_erdos_renyi_no_evolution_s2,v2,erdos_renyi_no_evolution,2,erdos_renyi,100,4,795,102,3.2631392422717336,35,102,0.3431372549019608,15,23
v2_erdos_renyi_no_evolution_s2,v2,erdos_renyi_no_evolution,2,erdos_renyi,100,4,796,55,2.926417555478996,20,55,0.36363636363636365,91,9
v2_erdos_renyi_no_evolution_s2,v2,erdos_renyi_no_evolution,2,erdos_renyi,100,4,797,152,3.7220699681345786,49,152,0.3223684210526316,72,84
v2_erdos_renyi_no_evolution_s2,v2,erdos_renyi_no_evolution,2,erdos_renyi,100,4,798,104,3.5281418680240257,38,104,0.36538461538461536,34,84
v2_erdos_renyi_no_evolution_s2,v2,erdos_renyi_no_evolution,2,erdos_renyi,100,4,799,152,3.7786534114435946,49,152,0.3223684210526316,75,23
v2_erdos_renyi_no_evolution_s2,v2,erdos_renyi_no_evolution,2,erdos_renyi,100,4,800,39,2.772588722223781,16,39,0.41025641025641024,89,36
v2_erdos_renyi_no_evolution_s2,v2,erdos_renyi_no_evolution,2,erdos_renyi,100,4,801,24,2.2718685126865625,11,24,0.4583333333333333,73,84
v2_erdos_renyi_no_evolution_s2,v2,erdos_renyi_no_evolution,2,erdos_renyi,100,4,802,0,0.0,0,0,,36,36
v2_erdos_renyi_no_evolution_s2,v2,erdos_renyi_no_evolution,2,erdos_renyi,100,4,803,170,3.851186955729381,58,170,0.3411764705882353,61,9
v2_erdos_renyi_no_evolution_s2,v2,erdos_renyi_no_evolution,2,erdos_renyi,100,4,804,31,2.3978952727873706,11,31,0.3548387096774194,75,23
v2_erdos_renyi_no_evolution_s2,v2,erdos_renyi_no_evolution,2,erdos_renyi,100,4,805,127,3.863528576407119,49,127,0.3858267716535433,33,84
v2_erdos_renyi_no_evolution_s2,v2,erdos_renyi_no_evolution,2,erdos_renyi,100,4,806,16,1.9459101490483133,7,16,0.4375,26,23
v2_erdos_renyi_no_evolution_s2,v2,erdos_renyi_no_evolution,2,erdos_renyi,100,4,807,222,4.046385052844688,74,222,0.3333333333333333,71,84
v2_erdos_renyi_no_evolution_s2,v2,erdos_renyi_no_evolution,2,erdos_renyi,100,4,808,301,4.508481695868537,116,301,0.3853820598006645,57,36
v2_erdos_renyi_no_evolution_s2,v2,erdos_renyi_no_evolution,2,erdos_renyi,100,4,809,6,1.0986122886651095,3,6,0.5,53,9
v2_erdos_renyi_no_evolution_s2,v2,erdos_renyi_no_evolution,2,erdos_renyi,100,4,810,13,1.6094379124291005,5,13,0.38461538461538464,1,9
v2_erdos_renyi_no_evolution_s2,v2,erdos_renyi_no_evolution,2,erdos_renyi,100,4,811,488,4.739111210289718,167,488,0.3422131147540984,75,84
v2_erdos_renyi_no_evolution_s2,v2,erdos_renyi_no_evolution,2,erdos_renyi,100,4,812,68,3.1780538303239454,24,68,0.35294117647058826,29,84
v2_erdos_renyi_no_evolution_s2,v2,erdos_renyi_no_evolution,2,erdos_renyi,100,4,813,266,4.312657371104282,93,266,0.34962406015037595,68,23
v2_erdos_renyi_no_evolution_s2,v2,erdos_renyi_no_evolution,2,erdos_renyi,100,4,814,472,4.898661798917798,176,472,0.3728813559322034,99,84
v2_erdos_renyi_no_evolution_s2,v2,erdos_renyi_no_evolution,2,erdos_renyi,100,4,815,1,-1.000088900581841e-12,1,1,1.0,52,9
v2_erdos_renyi_no_evolution_s2,v2,erdos_renyi_no_evolution,2,erdos_renyi,100,4,816,19,1.791759469222055,6,19,0.3157894736842105,31,9
v2_erdos_renyi_no_evolution_s2,v2,erdos_renyi_no_evolution,2,erdos_renyi,100,4,817,22,2.197224577327219,9,22,0.4090909090909091,69,36
v2_erdos_renyi_no_evolution_s2,v2,erdos_renyi_no_evolution,2,erdos_renyi,100,4,818,50,2.912494403312053,21,50,0.42,74,84
v2_erdos_renyi_no_evolution_s2,v2,erdos_renyi_no_evolution,2,erdos_renyi,100,4,819,16,1.9459101490483133,7,16,0.4375,51,84
v2_erdos_renyi_no_evolution_s2,v2,erdos_renyi_no_evolution,2,erdos_renyi,100,4,820,1,-1.000088900581841e-12,1,1,1.0,86,84
v2_erdos_renyi_no_evolution_s2,v2,erdos_renyi_no_evolution,2,erdos_renyi,100,4,821,94,3.626656183752001,44,94,0.46808510638297873,56,84
v2_erdos_renyi_no_evolution_s2,v2,erdos_renyi_no_evolution,2,erdos_renyi,100,4,822,142,3.852064895546162,56,142,0.39436619718309857,64,23
v2_erdos_renyi_no_evolution_s2,v2,erdos_renyi_no_evolution,2,erdos_renyi,100,4,823,256,4.398441974251202,93,256,0.36328125,87,36
v2_erdos_renyi_no_evolution_s2,v2,erdos_renyi_no_evolution,2,erdos_renyi,100,4,824,80,3.286462961268799,33,80,0.4125,82,9
v2_erdos_renyi_no_evolution_s2,v2,erdos_renyi_no_evolution,2,erdos_renyi,100,4,825,0,0.0,0,0,,36,36
v2_erdos_renyi_no_evolution_s2,v2,erdos_renyi_no_evolution,2,erdos_renyi,100,4,826,60,3.183672971458787,28,60,0.4666666666666667,38,84
v2_erdos_renyi_no_evolution_s2,v2,erdos_renyi_no_evolution,2,erdos_renyi,100,4,827,37,2.4583113296710835,13,37,0.35135135135135137,28,9
v2_erdos_renyi_no_evolution_s2,v2,erdos_renyi_no_evolution,2,erdos_renyi,100,4,828,140,3.871265197698588,52,140,0.37142857142857144,68,84
v2_erdos_renyi_no_evolution_s2,v2,erdos_renyi_no_evolution,2,erdos_renyi,100,4,829,236,4.258809208497502,89,236,0.3771186440677966,65,23
v2_erdos_renyi_no_evolution_s2,v2,erdos_renyi_no_evolution,2,erdos_renyi,100,4,830,410,4.777229067168353,168,410,0.4097560975609756,73,23
v2_erdos_renyi_no_evolution_s2,v2,erdos_renyi_no_evolution,2,erdos_renyi,100,4,831,7,0.6931471805579453,2,7,0.2857142857142857,55,9
v2_erdos_renyi_no_evolution_s2,v2,erdos_renyi_no_evolution,2,erdos_renyi,100,4,832,10000,-1.000088900581841e-12,3680,10000,0.368,59,59
v2_erdos_renyi_no_evolution_s2,v2,erdos_renyi_no_evolution,2,erdos_renyi,100,4,833,85,3.3549875695958247,30,85,0.35294117647058826,93,84
v2_erdos_renyi_no_evolution_s2,v2,erdos_renyi_no_evolution,2,erdos_renyi,100,4,834,228,4.248183913119989,82,228,0.35964912280701755,26,9
v2_erdos_renyi_no_evolution_s2,v2,erdos_renyi_no_evolution,2,erdos_renyi,100,4,835,156,3.897125545560404,57,156,0.36538461538461536,88,9
v2_erdos_renyi_no_evolution_s2,v2,erdos_renyi_no_evolution,2,erdos_renyi,100,4,836,333,4.527448624694912,120,333,0.36036036036036034,27,84
v2_erdos_renyi_no_evolution_s2,v2,erdos_renyi_no_evolution,2,erdos_renyi,100,4,837,95,3.2848923602224342,36,95,0.37894736842105264,34,23
v2_erdos_renyi_no_evolution_s2,v2,erdos_renyi_no_evolution,2,erdos_renyi,100,4,838,232,4.218412507322723,83,232,0.3577586206896552,72,84
v2_erdos_renyi_no_evolution_s2,v2,erdos_renyi_no_evolution,2,erdos_renyi,100,4,839,0,0.0,0,0,,84,84
v2_erdos_renyi_no_evolution_s2,v2,erdos_renyi_no_evolution,2,erdos_renyi,100,4,840,231,4.262215337917255,83,231,0.3593073593073593,42,84
v2_erdos_renyi_no_evolution_s2,v2,erdos_renyi_no_evolution,2,erdos_renyi,100,4,841,140,3.693778246480071,49,140,0.35,5,23
v2_erdos_renyi_no_evolution_s2,v2,erdos_renyi_no_evolution,2,erdos_renyi,100,4,842,10000,-1.000088900581841e-12,3634,10000,0.3634,59,59
v2_erdos_renyi_no_evolution_s2,v2,erdos_renyi_no_evolution,2,erdos_renyi,100,4,843,45,2.5649493574485365,13,45,0.28888888888888886,28,9
v2_erdos_renyi_no_evolution_s2,v2,erdos_renyi_no_evolution,2,erdos_renyi,100,4,844,29,2.5993019270857944,16,29,0.5517241379310345,82,84
v2_erdos_renyi_no_evolution_s2,v2,erdos_renyi_no_evolution,2,erdos_renyi,100,4,845,505,4.842939216215299,191,505,0.3782178217821782,20,9
v2_erdos_renyi_no_evolution_s2,v2,erdos_renyi_no_evolution,2,erdos_renyi,100,4,846,104,3.3909780549362365,36,104,0.34615384615384615,71,9
v2_erdos_renyi_no_evolution_s2,v2,erdos_renyi_no_evolution,2,erdos_renyi,100,4,847,197,4.042623521848649,66,197,0.3350253807106599,85,84
v2_erdos_renyi_no_evolution_s2,v2,erdos_renyi_no_evolution,2,erdos_renyi,100,4,848,5,1.6094379124291005,5,5,1.0,93,84
v2_erdos_renyi_no_evolution_s2,v2,erdos_renyi_no_evolution,2,erdos_renyi,100,4,849,21,1.9459101490483133,7,21,0.3333333333333333,2,84
v2_erdos_renyi_no_evolution_s2,v2,erdos_renyi_no_evolution,2,erdos_renyi,100,4,850,552,4.95349757027911,205,552,0.3713768115942029,42,23
v2_erdos_renyi_no_evolution_s2,v2,erdos_renyi_no_evolution,2,erdos_renyi,100,4,851,54,3.0910424533363146,22,54,0.4074074074074074,6,23
v2_erdos_renyi_no_evolution_s2,v2,erdos_renyi_no_evolution,2,erdos_renyi,100,4,852,320,4.551467116442708,123,320,0.384375,0,23
v2_erdos_renyi_no_evolution_s2,v2,erdos_renyi_no_evolution,2,erdos_renyi,100,4,853,313,4.2310485944945615,115,313,0.36741214057507987,72,23
v2_erdos_renyi_no_evolution_s2,v2,erdos_renyi_no_evolution,2,erdos_renyi,100,4,854,34,2.484906649776,12,34,0.35294117647058826,64,36
v2_erdos_renyi_no_evolution_s2,v2,erdos_renyi_no_evolution,2,erdos_renyi,100,4,855,477,4.875549634833035,179,477,0.3752620545073375,90,23
v2_erdos_renyi_no_evolution_s2,v2,erdos_renyi_no_evolution,2,erdos_renyi,100,4,856,359,4.504355785062243,127,359,0.35376044568245124,50,84
v2_erdos_renyi_no_evolution_s2,v2,erdos_renyi_no_evolution,2,erdos_renyi,100,4,857,319,4.521292181964695,119,319,0.3730407523510972,54,23
v2_erdos_renyi_no_evolution_s2,v2,erdos_renyi_no_evolution,2,erdos_renyi,100,4,858,33,2.079441541671836,8,33,0.24242424242424243,80,9
v2_erdos_renyi_no_evolution_s2,v2,erdos_renyi_no_evolution,2,erdos_renyi,100,4,859,109,3.3909780549362365,36,109,0.3302752293577982,2,23
v2_erdos_renyi_no_evolution_s2,v2,erdos_renyi_no_evolution,2,erdos_renyi,100,4,860,118,3.5761717653039296,46,118,0.3898305084745763,12,84
v2_erdos_renyi_no_evolution_s2,v2,erdos_renyi_no_evolution,2,erdos_renyi,100,4,861,29,2.5126585295168016,16,29,0.5517241379310345,28,23
v2_erdos_renyi_no_evolution_s2,v2,erdos_renyi_no_evolution,2,erdos_renyi,100,4,862,75,2.9487837204313982,29,75,0.38666666666666666,43,84
v2_erdos_renyi_no_evolution_s2,v2,erdos_renyi_no_evolution,2,erdos_renyi,100,4,863,567,5.042312422563362,230,567,0.4056437389770723,41,84
v2_erdos_renyi_no_evolution_s2,v2,erdos_renyi_no_evolution,2,erdos_renyi,100,4,864,93,3.71424286565366,45,93,0.4838709677419355,11,23
v2_erdos_renyi_no_evolution_s2,v2,erdos_renyi_no_evolution,2,erdos_renyi,100,4,865,118,3.508352107143893,44,118,0.3728813559322034,32,84
v2_erdos_renyi_no_evolution_s2,v2,erdos_renyi_no_evolution,2,erdos_renyi,100,4,866,41,2.736339051089065,18,41,0.43902439024390244,42,36
v2_erdos_renyi_no_evolution_s2,v2,erdos_renyi_no_evolution,2,erdos_renyi,100,4,867,55,2.7080502010872096,15,55,0.2727272727272727,3,23
v2_erdos_renyi_no_evolution_s2,v2,erdos_renyi_no_evolution,2,erdos_renyi,100,4,868,0,0.0,0,0,,84,84
v2_erdos_renyi_no_evolution_s2,v2,erdos_renyi_no_evolution,2,erdos_renyi,100,4,869,24,2.302585092984045,10,24,0.4166666666666667,62,36
v2_erdos_renyi_no_evolution_s2,v2,erdos_renyi_no_evolution,2,erdos_renyi,100,4,870,52,2.787788119369007,20,52,0.38461538461538464,33,9
v2_erdos_renyi_no_evolution_s2,v2,erdos_renyi_no_evolution,2,erdos_renyi,100,4,871,737,5.162978924662746,269,737,0.3649932157394844,26,23
v2_erdos_renyi_no_evolution_s2,v2,erdos_renyi_no_evolution,2,erdos_renyi,100,4,872,157,3.887484571872223,55,157,0.3503184713375796,16,23
v2_erdos_renyi_no_evolution_s2,v2,erdos_renyi_no_evolution,2,erdos_renyi,100,4,873,11,1.791759469222055,6,11,0.5454545454545454,47,9
v2_erdos_renyi_no_evolution_s2,v2,erdos_renyi_no_evolution,2,erdos_renyi,100,4,874,437,4.653129312845882,153,437,0.3501144164759725,22,84
v2_erdos_renyi_no_evolution_s2,v2,erdos_renyi_no_evolution,2,erdos_renyi,100,4,875,49,2.9444389791474395,19,49,0.3877551020408163,7,36
v2_erdos_renyi_no_evolution_s2,v2,erdos_renyi_no_evolution,2,erdos_renyi,100,4,876,80,3.379092505199735,32,80,0.4,39,9
v2_erdos_renyi_no_evolution_s2,v2,erdos_renyi_no_evolution,2,erdos_renyi,100,4,877,120,3.6888794540739367,40,120,0.3333333333333333,3,9
v2_erdos_renyi_no_evolution_s2,v2,erdos_renyi_no_evolution,2,erdos_renyi,100,4,878,49,2.639057329601259,14,49,0.2857142857142857,94,23
v2_erdos_renyi_no_evolution_s2,v2,erdos_renyi_no_evolution,2,erdos_renyi,100,4,879,188,4.119546437658651,73,188,0.3882978723404255,32,36
v2_erdos_renyi_no_evolution_s2,v2,erdos_renyi_no_evolution,2,erdos_renyi,100,4,880,40,2.3978952727873706,11,40,0.275,89,84
v2_erdos_renyi_no_evolution_s2,v2,erdos_renyi_no_evolution,2,erdos_renyi,100,4,881,43,2.61563057701355,15,43,0.3488372093023256,31,23
v2_erdos_renyi_no_evolution_s2,v2,erdos_renyi_no_evolution,2,erdos_renyi,100,4,882,1,-1.000088900581841e-12,1,1,1.0,52,9
v2_erdos_renyi_no_evolution_s2,v2,erdos_renyi_no_evolution,2,erdos_renyi,100,4,883,55,2.9444389791474395,19,55,0.34545454545454546,79,9
v2_erdos_renyi_no_evolution_s2,v2,erdos_renyi_no_evolution,2,erdos_renyi,100,4,884,27,2.0431918705371204,9,27,0.3333333333333333,53,23
v2_erdos_renyi_no_evolution_s2,v2,erdos_renyi_no_evolution,2,erdos_renyi,100,4,885,354,4.7024585829513335,138,354,0.3898305084745763,99,23
v2_erdos_renyi_no_evolution_s2,v2,erdos_renyi_no_evolution,2,erdos_renyi,100,4,886,299,4.429913837322895,115,299,0.38461538461538464,61,84
v2_erdos_renyi_no_evolution_s2,v2,erdos_renyi_no_evolution,2,erdos_renyi,100,4,887,28,2.1639556568730565,10,28,0.35714285714285715,99,9
v2_erdos_renyi_no_evolution_s2,v2,erdos_renyi_no_evolution,2,erdos_renyi,100,4,888,335,4.567536818184961,130,335,0.3880597014925373,61,23
v2_erdos_renyi_no_evolution_s2,v2,erdos_renyi_no_evolution,2,erdos_renyi,100,4,889,0,0.0,0,0,,9,9
v2_erdos_renyi_no_evolution_s2,v2,erdos_renyi_no_evolution,2,erdos_renyi,100,4,890,26,2.4583113296710835,13,26,0.5,43,23
v2_erdos_renyi_no_evolution_s2,v2,erdos_renyi_no_evolution,2,erdos_renyi,100,4,891,205,4.117574296207233,68,205,0.33170731707317075,50,9
v2_erdos_renyi_no_evolution_s2,v2,erdos_renyi_no_evolution,2,erdos_renyi,100,4,892,54,2.540036303807981,14,54,0.25925925925925924,41,9
v2_erdos_renyi_no_evolution_s2,v2,erdos_renyi_no_evolution,2,erdos_renyi,100,4,893,61,2.7804663689216818,21,61,0.3442622950819672,20,9
v2_erdos_renyi_no_evolution_s2,v2,erdos_renyi_no_evolution,2,erdos_renyi,100,4,894,280,4.339095132009671,82,280,0.29285714285714287,88,84
v2_erdos_renyi_no_evolution_s2,v2,erdos_renyi_no_evolution,2,erdos_renyi,100,4,895,111,3.5355242894287437,43,111,0.38738738738738737,68,9
v2_erdos_renyi_no_evolution_s2,v2,erdos_renyi_no_evolution,2,erdos_renyi,100,4,896,52,2.3947004058463333,17,52,0.3269230769230769,27,23
v2_erdos_renyi_no_evolution_s2,v2,erdos_renyi_no_evolution,2,erdos_renyi,100,4,897,89,3.3071040554882205,34,89,0.38202247191011235,63,9
v2_erdos_renyi_no_evolution_s2,v2,erdos_renyi_no_evolution,2,erdos_renyi,100,4,898,433,4.5811740306263165,147,433,0.3394919168591224,61,23
v2_erdos_renyi_no_evolution_s2,v2,erdos_renyi_no_evolution,2,erdos_renyi,100,4,899,41,2.369382119683676,12,41,0.2926829268292683,25,84
v2_erdos_renyi_no_evolution_s2,v2,erdos_renyi_no_evolution,2,erdos_renyi,100,4,900,1,-1.000088900581841e-12,1,1,1.0,86,84
v2_erdos_renyi_no_evolution_s2,v2,erdos_renyi_no_evolution,2,erdos_renyi,100,4,901,211,4.219527917179836,80,211,0.3791469194312796,10,84
v2_erdos_renyi_no_evolution_s2,v2,erdos_renyi_no_evolution,2,erdos_renyi,100,4,902,180,3.94859141818368,67,180,0.37222222222222223,22,9
v2_erdos_renyi_no_evolution_s2,v2,erdos_renyi_no_evolution,2,erdos_renyi,100,4,903,39,2.484906649776,12,39,0.3076923076923077,1,9
v2_erdos_renyi_no_evolution_s2,v2,erdos_renyi_no_evolution,2,erdos_renyi,100,4,904,197,4.24411552454101,91,197,0.4619289340101523,77,84
v2_erdos_renyi_no_evolution_s2,v2,erdos_renyi_no_evolution,2,erdos_renyi,100,4,905,320,4.531809025892951,120,320,0.375,19,23
v2_erdos_renyi_no_evolution_s2,v2,erdos_renyi_no_evolution,2,erdos_renyi,100,4,906,122,3.6526297829392207,45,122,0.36885245901639346,11,84
v2_erdos_renyi_no_evolution_s2,v2,erdos_renyi_no_evolution,2,erdos_renyi,100,4,907,109,3.6121358939014394,41,109,0.3761467889908257,53,84
v2_erdos_renyi_no_evolution_s2,v2,erdos_renyi_no_evolution,2,erdos_renyi,100,4,908,35,1.8891591637470213,9,35,0.2571428571428571,10,84
v2_erdos_renyi_no_evolution_s2,v2,erdos_renyi_no_evolution,2,erdos_renyi,100,4,909,268,4.331309294419021,100,268,0.373134328358209,10,9
v2_erdos_renyi_no_evolution_s2,v2,erdos_renyi_no_evolution,2,erdos_renyi,100,4,910,54,2.813355404483615,18,54,0.3333333333333333,34,9
v2_erdos_renyi_no_evolution_s2,v2,erdos_renyi_no_evolution,2,erdos_renyi,100,4,911,207,4.051261161640328,79,207,0.38164251207729466,12,9
v2_erdos_renyi_no_evolution_s2,v2,erdos_renyi_no_evolution,2,erdos_renyi,100,4,912,504,4.890499494648304,189,504,0.375,35,9
v2_erdos_renyi_no_evolution_s2,v2,erdos_renyi_no_evolution,2,erdos_renyi,100,4,913,0,0.0,0,0,,84,84
v2_erdos_renyi_no_evolution_s2,v2,erdos_renyi_no_evolution,2,erdos_renyi,100,4,914,66,2.926417555478996,20,66,0.30303030303030304,40,9
v2_erdos_renyi_no_evolution_s2,v2,erdos_renyi_no_evolution,2,erdos_renyi,100,4,915,284,4.42254374151371,95,284,0.3345070422535211,64,84
v2_erdos_renyi_no_evolution_s2,v2,erdos_renyi_no_evolution,2,erdos_renyi,100,4,916,1,-1.000088900581841e-12,1,1,1.0,53,9
v2_erdos_renyi_no_evolution_s2,v2,erdos_renyi_no_evolution,2,erdos_renyi,100,4,917,89,3.335770806415738,32,89,0.3595505617977528,0,36
v2_erdos_renyi_no_evolution_s2,v2,erdos_renyi_no_evolution,2,erdos_renyi,100,4,918,28,2.253857589591352,12,28,0.42857142857142855,52,36
v2_erdos_renyi_no_evolution_s2,v2,erdos_renyi_no_evolution,2,erdos_renyi,100,4,919,166,3.8587318373644033,66,166,0.39759036144578314,19,9
v2_erdos_renyi_no_evolution_s2,v2,erdos_renyi_no_evolution,2,erdos_renyi,100,4,920,83,3.225557328365521,34,83,0.40963855421686746,27,9
v2_erdos_renyi_no_evolution_s2,v2,erdos_renyi_no_evolution,2,erdos_renyi,100,4,921,30,2.253857589591352,12,30,0.4,66,9
v2_erdos_renyi_no_evolution_s2,v2,erdos_renyi_no_evolution,2,erdos_renyi,100,4,922,85,3.543506999244308,39,85,0.4588235294117647,92,84
v2_erdos_renyi_no_evolution_s2,v2,erdos_renyi_no_evolution,2,erdos_renyi,100,4,923,194,4.1537416140325565,69,194,0.3556701030927835,60,23
v2_erdos_renyi_no_evolution_s2,v2,erdos_renyi_no_evolution,2,erdos_renyi,100,4,924,532,4.9642573245869865,190,532,0.35714285714285715,65,23
v2_erdos_renyi_no_evolution_s2,v2,erdos_renyi_no_evolution,2,erdos_renyi,100,4,925,390,4.683884349215432,151,390,0.3871794871794872,12,9
v2_erdos_renyi_no_evolution_s2,v2,erdos_renyi_no_evolution,2,erdos_renyi,100,4,926,5,0.6931471805579453,2,5,0.4,73,9
v2_erdos_renyi_no_evolution_s2,v2,erdos_renyi_no_evolution,2,erdos_renyi,100,4,927,914,5.291296434108169,338,914,0.36980306345733044,3,84
v2_erdos_renyi_no_evolution_s2,v2,erdos_renyi_no_evolution,2,erdos_renyi,100,4,928,118,3.316814324622516,39,118,0.3305084745762712,29,84
v2_erdos_renyi_no_evolution_s2,v2,erdos_renyi_no_evolution,2,erdos_renyi,100,4,929,70,3.1780538303239454,24,70,0.34285714285714286,83,9
v2_erdos_renyi_no_evolution_s2,v2,erdos_renyi_no_evolution,2,erdos_renyi,100,4,930,54,2.9785084205072385,21,54,0.3888888888888889,50,9
v2_erdos_renyi_no_evolution_s2,v2,erdos_renyi_no_evolution,2,erdos_renyi,100,4,931,197,4.089369433142252,77,197,0.39086294416243655,89,23
v2_erdos_renyi_no_evolution_s2,v2,erdos_renyi_no_evolution,2,erdos_renyi,100,4,932,245,4.088288423660137,84,245,0.34285714285714286,80,23
v2_erdos_renyi_no_evolution_s2,v2,erdos_renyi_no_evolution,2,erdos_renyi,100,4,933,561,4.911146067725651,209,561,0.37254901960784315,21,23
v2_erdos_renyi_no_evolution_s2,v2,erdos_renyi_no_evolution,2,erdos_renyi,100,4,934,74,3.098139496330803,26,74,0.35135135135135137,14,23
v2_erdos_renyi_no_evolution_s2,v2,erdos_renyi_no_evolution,2,erdos_renyi,100,4,935,597,5.017452332830471,210,597,0.35175879396984927,22,9
v2_erdos_renyi_no_evolution_s2,v2,erdos_renyi_no_evolution,2,erdos_renyi,100,4,936,34,2.736339051089065,18,34,0.5294117647058824,29,84
v2_erdos_renyi_no_evolution_s2,v2,erdos_renyi_no_evolution,2,erdos_renyi,100,4,937,157,3.958791821055205,63,157,0.4012738853503185,4,9
v2_erdos_renyi_no_evolution_s2,v2,erdos_renyi_no_evolution,2,erdos_renyi,100,4,938,188,4.145624705299163,79,188,0.42021276595744683,79,84
v2_erdos_renyi_no_evolution_s2,v2,erdos_renyi_no_evolution,2,erdos_renyi,100,4,939,21,2.079441541671836,8,21,0.38095238095238093,3,9
v2_erdos_renyi_no_evolution_s2,v2,erdos_renyi_no_evolution,2,erdos_renyi,100,4,940,609,4.903588631164016,223,609,0.36617405582922824,42,23
v2_erdos_renyi_no_evolution_s2,v2,erdos_renyi_no_evolution,2,erdos_renyi,100,4,941,523,4.77753198750222,196,523,0.37476099426386233,66,23
v2_erdos_renyi_no_evolution_s2,v2,erdos_renyi_no_evolution,2,erdos_renyi,100,4,942,70,3.244492630381296,27,70,0.38571428571428573,85,84
v2_erdos_renyi_no_evolution_s2,v2,erdos_renyi_no_evolution,2,erdos_renyi,100,4,943,214,4.214498106223506,73,214,0.3411214953271028,48,9
v2_erdos_renyi_no_evolution_s2,v2,erdos_renyi_no_evolution,2,erdos_renyi,100,4,944,9,0.6931471805579453,2,9,0.2222222222222222,27,84
v2_erdos_renyi_no_evolution_s2,v2,erdos_renyi_no_evolution,2,erdos_renyi,100,4,945,3,1.0986122886651095,3,3,1.0,86,84
v2_erdos_renyi_no_evolution_s2,v2,erdos_renyi_no_evolution,2,erdos_renyi,100,4,946,270,4.456749475182473,102,270,0.37777777777777777,44,84
v2_erdos_renyi_no_evolution_s2,v2,erdos_renyi_no_evolution,2,erdos_renyi,100,4,947,262,4.202686310126295,93,262,0.3549618320610687,29,9
v2_erdos_renyi_no_evolution_s2,v2,erdos_renyi_no_evolution,2,erdos_renyi,100,4,948,3,-1.000088900581841e-12,1,3,0.3333333333333333,53,9
v2_erdos_renyi_no_evolution_s2,v2,erdos_renyi_no_evolution,2,erdos_renyi,100,4,949,434,4.728887135714258,164,434,0.3778801843317972,79,84
v2_erdos_renyi_no_evolution_s2,v2,erdos_renyi_no_evolution,2,erdos_renyi,100,4,950,67,3.308777757559495,30,67,0.44776119402985076,77,23
v2_erdos_renyi_no_evolution_s2,v2,erdos_renyi_no_evolution,2,erdos_renyi,100,4,951,290,4.399156405557674,113,290,0.3896551724137931,78,9
v2_erdos_renyi_no_evolution_s2,v2,erdos_renyi_no_evolution,2,erdos_renyi,100,4,952,39,2.3978952727873706,11,39,0.28205128205128205,71,9
v2_erdos_renyi_no_evolution_s2,v2,erdos_renyi_no_evolution,2,erdos_renyi,100,4,953,22,2.197224577327219,9,22,0.4090909090909091,54,84
v2_erdos_renyi_no_evolution_s2,v2,erdos_renyi_no_evolution,2,erdos_renyi,100,4,954,305,4.40776769154897,116,305,0.380327868852459,16,23
v2_erdos_renyi_no_evolution_s2,v2,erdos_renyi_no_evolution,2,erdos_renyi,100,4,955,1,-1.000088900581841e-12,1,1,1.0,86,84
v2_erdos_renyi_no_evolution_s2,v2,erdos_renyi_no_evolution,2,erdos_renyi,100,4,956,62,2.857102837424001,20,62,0.3225806451612903,67,23
v2_erdos_renyi_no_evolution_s2,v2,erdos_renyi_no_evolution,2,erdos_renyi,100,4,957,78,3.10797227595561,25,78,0.32051282051282054,98,23
v2_erdos_renyi_no_evolution_s2,v2,erdos_renyi_no_evolution,2,erdos_renyi,100,4,958,100,3.6280156368321625,39,100,0.39,69,23
v2_erdos_renyi_no_evolution_s2,v2,erdos_renyi_no_evolution,2,erdos_renyi,100,4,959,74,2.9957322735339904,20,74,0.2702702702702703,37,23
v2_erdos_renyi_no_evolution_s2,v2,erdos_renyi_no_evolution,2,erdos_renyi,100,4,960,120,3.564796805657873,46,120,0.38333333333333336,98,23
v2_erdos_renyi_no_evolution_s2,v2,erdos_renyi_no_evolution,2,erdos_renyi,100,4,961,69,2.894399544411038,23,69,0.3333333333333333,46,23
v2_erdos_renyi_no_evolution_s2,v2,erdos_renyi_no_evolution,2,erdos_renyi,100,4,962,39,2.7985132569262934,19,39,0.48717948717948717,38,23
v2_erdos_renyi_no_evolution_s2,v2,erdos_renyi_no_evolution,2,erdos_renyi,100,4,963,80,3.396914420187568,35,80,0.4375,75,9
v2_erdos_renyi_no_evolution_s2,v2,erdos_renyi_no_evolution,2,erdos_renyi,100,4,964,0,0.0,0,0,,23,23
v2_erdos_renyi_no_evolution_s2,v2,erdos_renyi_no_evolution,2,erdos_renyi,100,4,965,1,-1.000088900581841e-12,1,1,1.0,86,84
v2_erdos_renyi_no_evolution_s2,v2,erdos_renyi_no_evolution,2,erdos_renyi,100,4,966,13,1.9459101490483133,7,13,0.5384615384615384,97,84
v2_erdos_renyi_no_evolution_s2,v2,erdos_renyi_no_evolution,2,erdos_renyi,100,4,967,0,0.0,0,0,,49,49
v2_erdos_renyi_no_evolution_s2,v2,erdos_renyi_no_evolution,2,erdos_renyi,100,4,968,88,3.5734504974428223,37,88,0.42045454545454547,43,23
v2_erdos_renyi_no_evolution_s2,v2,erdos_renyi_no_evolution,2,erdos_renyi,100,4,969,98,3.5450107617233355,36,98,0.3673469387755102,31,23
v2_erdos_renyi_no_evolution_s2,v2,erdos_renyi_no_evolution,2,erdos_renyi,100,4,970,18,2.197224577327219,9,18,0.5,68,23
v2_erdos_renyi_no_evolution_s2,v2,erdos_renyi_no_evolution,2,erdos_renyi,100,4,971,61,3.0517008018328595,27,61,0.4426229508196721,42,9
v2_erdos_renyi_no_evolution_s2,v2,erdos_renyi_no_evolution,2,erdos_renyi,100,4,972,118,3.4486969711901247,42,118,0.3559322033898305,69,84
v2_erdos_renyi_no_evolution_s2,v2,erdos_renyi_no_evolution,2,erdos_renyi,100,4,973,122,3.4778907494754354,38,122,0.3114754098360656,75,23
v2_erdos_renyi_no_evolution_s2,v2,erdos_renyi_no_evolution,2,erdos_renyi,100,4,974,13,1.0986122886651095,3,13,0.23076923076923078,16,84
v2_erdos_renyi_no_evolution_s2,v2,erdos_renyi_no_evolution,2,erdos_renyi,100,4,975,173,3.823096663177728,51,173,0.2947976878612717,22,23
v2_erdos_renyi_no_evolution_s2,v2,erdos_renyi_no_evolution,2,erdos_renyi,100,4,976,271,4.40585649390766,100,271,0.36900369003690037,79,84
v2_erdos_renyi_no_evolution_s2,v2,erdos_renyi_no_evolution,2,erdos_renyi,100,4,977,107,3.752682943849809,44,107,0.411214953271028,63,9
v2_erdos_renyi_no_evolution_s2,v2,erdos_renyi_no_evolution,2,erdos_renyi,100,4,978,169,4.025094030947802,65,169,0.38461538461538464,76,9
v2_erdos_renyi_no_evolution_s2,v2,erdos_renyi_no_evolution,2,erdos_renyi,100,4,979,75,3.4011973816321546,30,75,0.4,7,84
v2_erdos_renyi_no_evolution_s2,v2,erdos_renyi_no_evolution,2,erdos_renyi,100,4,980,54,2.7080502010872096,15,54,0.2777777777777778,85,23
v2_erdos_renyi_no_evolution_s2,v2,erdos_renyi_no_evolution,2,erdos_renyi,100,4,981,156,3.86566592398464,53,156,0.33974358974358976,73,84
v2_erdos_renyi_no_evolution_s2,v2,erdos_renyi_no_evolution,2,erdos_renyi,100,4,982,0,0.0,0,0,,9,9
v2_erdos_renyi_no_evolution_s2,v2,erdos_renyi_no_evolution,2,erdos_renyi,100,4,983,41,2.772588722223781,16,41,0.3902439024390244,30,9
v2_erdos_renyi_no_evolution_s2,v2,erdos_renyi_no_evolution,2,erdos_renyi,100,4,984,196,4.026275957418612,75,196,0.3826530612244898,3,84
v2_erdos_renyi_no_evolution_s2,v2,erdos_renyi_no_evolution,2,erdos_renyi,100,4,985,152,3.970088406668977,57,152,0.375,48,84
v2_erdos_renyi_no_evolution_s2,v2,erdos_renyi_no_evolution,2,erdos_renyi,100,4,986,45,2.7080502010872096,15,45,0.3333333333333333,31,36
v2_erdos_renyi_no_evolution_s2,v2,erdos_renyi_no_evolution,2,erdos_renyi,100,4,987,108,3.7456676820497594,50,108,0.46296296296296297,76,84
v2_erdos_renyi_no_evolution_s2,v2,erdos_renyi_no_evolution,2,erdos_renyi,100,4,988,185,4.169278421347936,70,185,0.3783783783783784,71,23
v2_erdos_renyi_no_evolution_s2,v2,erdos_renyi_no_evolution,2,erdos_renyi,100,4,989,82,3.5263605245821616,34,82,0.4146341463414634,16,9
v2_erdos_renyi_no_evolution_s2,v2,erdos_renyi_no_evolution,2,erdos_renyi,100,4,990,2,-1.000088900581841e-12,1,2,0.5,53,9
v2_erdos_renyi_no_evolution_s2,v2,erdos_renyi_no_evolution,2,erdos_renyi,100,4,991,200,4.214524789581656,78,200,0.39,87,9
v2_erdos_renyi_no_evolution_s2,v2,erdos_renyi_no_evolution,2,erdos_renyi,100,4,992,95,3.3524698782394617,36,95,0.37894736842105264,83,84
v2_erdos_renyi_no_evolution_s2,v2,erdos_renyi_no_evolution,2,erdos_renyi,100,4,993,22,1.791759469222055,6,22,0.2727272727272727,85,23
v2_erdos_renyi_no_evolution_s2,v2,erdos_renyi_no_evolution,2,erdos_renyi,100,4,994,10000,-1.000088900581841e-12,3706,10000,0.3706,59,59
v2_erdos_renyi_no_evolution_s2,v2,erdos_renyi_no_evolution,2,erdos_renyi,100,4,995,69,3.062529300232621,24,69,0.34782608695652173,65,23
v2_erdos_renyi_no_evolution_s2,v2,erdos_renyi_no_evolution,2,erdos_renyi,100,4,996,131,3.671655601047183,42,131,0.32061068702290074,37,9
v2_erdos_renyi_no_evolution_s2,v2,erdos_renyi_no_evolution,2,erdos_renyi,100,4,997,161,3.940934875914119,58,161,0.36024844720496896,69,23
v2_erdos_renyi_no_evolution_s2,v2,erdos_renyi_no_evolution,2,erdos_renyi,100,4,998,23,1.6094379124291005,5,23,0.21739130434782608,28,84
v2_erdos_renyi_no_evolution_s2,v2,erdos_renyi_no_evolution,2,erdos_renyi,100,4,999,262,4.429363009478276,98,262,0.37404580152671757,50,84
