run_id,validation_version,condition,seed,topology,n_nodes,degree,episode_idx,hitting_time,path_entropy,accepted_moves,attempted_moves,accept_rate,start_node,final_node
v2_target_relocation_s15,v2,target_relocation,15,random_regular,100,4,0,116,3.498515667114017,37,116,0.31896551724137934,89,81
v2_target_relocation_s15,v2,target_relocation,15,random_regular,100,4,1,95,3.308777757559495,30,95,0.3157894736842105,21,53
v2_target_relocation_s15,v2,target_relocation,15,random_regular,100,4,2,12,1.3862943611158909,4,12,0.3333333333333333,61,95
v2_target_relocation_s15,v2,target_relocation,15,random_regular,100,4,3,93,3.24542749268087,37,93,0.3978494623655914,37,29
v2_target_relocation_s15,v2,target_relocation,15,random_regular,100,4,4,114,3.731290168531232,51,114,0.4473684210526316,33,29
v2_target_relocation_s15,v2,target_relocation,15,random_regular,100,4,5,71,2.309632530927064,21,71,0.29577464788732394,79,29
v2_target_relocation_s15,v2,target_relocation,15,random_regular,100,4,6,145,3.345485938735852,53,145,0.36551724137931035,66,72
v2_target_relocation_s15,v2,target_relocation,15,random_regular,100,4,7,130,3.634764133164168,50,130,0.38461538461538464,61,95
v2_target_relocation_s15,v2,target_relocation,15,random_regular,100,4,8,173,4.038349723439344,72,173,0.4161849710982659,87,72
v2_target_relocation_s15,v2,target_relocation,15,random_regular,100,4,9,65,3.052520501511814,25,65,0.38461538461538464,82,53
v2_target_relocation_s15,v2,target_relocation,15,random_regular,100,4,10,209,4.195519790827076,90,209,0.430622009569378,88,81
v2_target_relocation_s15,v2,target_relocation,15,random_regular,100,4,11,250,4.28701550258872,94,250,0.376,36,29
v2_target_relocation_s15,v2,target_relocation,15,random_regular,100,4,12,118,3.457230730361365,44,118,0.3728813559322034,44,29
v2_target_relocation_s15,v2,target_relocation,15,random_regular,100,4,13,210,4.22258718921124,86,210,0.4095238095238095,30,95
v2_target_relocation_s15,v2,target_relocation,15,random_regular,100,4,14,103,3.379193572022772,39,103,0.3786407766990291,85,72
v2_target_relocation_s15,v2,target_relocation,15,random_regular,100,4,15,39,2.3516733018936304,13,39,0.3333333333333333,4,53
v2_target_relocation_s15,v2,target_relocation,15,random_regular,100,4,16,102,3.3969144201875685,35,102,0.3431372549019608,60,29
v2_target_relocation_s15,v2,target_relocation,15,random_regular,100,4,17,141,3.906338630513458,61,141,0.4326241134751773,58,81
v2_target_relocation_s15,v2,target_relocation,15,random_regular,100,4,18,38,2.197224577327219,9,38,0.23684210526315788,74,29
v2_target_relocation_s15,v2,target_relocation,15,random_regular,100,4,19,122,3.612135893901438,41,122,0.3360655737704918,60,53
v2_target_relocation_s15,v2,target_relocation,15,random_regular,100,4,20,44,2.540036303807981,14,44,0.3181818181818182,32,95
v2_target_relocation_s15,v2,target_relocation,15,random_regular,100,4,21,104,3.587834535437795,43,104,0.41346153846153844,32,81
v2_target_relocation_s15,v2,target_relocation,15,random_regular,100,4,22,24,2.079441541671836,8,24,0.3333333333333333,93,72
v2_target_relocation_s15,v2,target_relocation,15,random_regular,100,4,23,84,3.302747652589445,35,84,0.4166666666666667,36,53
v2_target_relocation_s15,v2,target_relocation,15,random_regular,100,4,24,2,0.6931471805579453,2,2,1.0,99,95
v2_target_relocation_s15,v2,target_relocation,15,random_regular,100,4,25,53,2.751666616915516,17,53,0.32075471698113206,36,72
v2_target_relocation_s15,v2,target_relocation,15,random_regular,100,4,26,166,3.934098837133368,64,166,0.3855421686746988,46,95
v2_target_relocation_s15,v2,target_relocation,15,random_regular,100,4,27,69,3.1399967357542797,29,69,0.42028985507246375,12,72
v2_target_relocation_s15,v2,target_relocation,15,random_regular,100,4,28,3,-1.000088900581841e-12,1,3,0.3333333333333333,38,72
v2_target_relocation_s15,v2,target_relocation,15,random_regular,100,4,29,168,4.007257137555183,64,168,0.38095238095238093,19,95
v2_target_relocation_s15,v2,target_relocation,15,random_regular,100,4,30,8,1.3862943611158909,4,8,0.5,88,29
v2_target_relocation_s15,v2,target_relocation,15,random_regular,100,4,31,142,3.623825124380899,62,142,0.43661971830985913,46,53
v2_target_relocation_s15,v2,target_relocation,15,random_regular,100,4,32,53,2.846480386116867,21,53,0.39622641509433965,13,95
v2_target_relocation_s15,v2,target_relocation,15,random_regular,100,4,33,164,3.959477872458816,68,164,0.4146341463414634,43,72
v2_target_relocation_s15,v2,target_relocation,15,random_regular,100,4,34,47,2.61563057701355,15,47,0.3191489361702128,62,72
v2_target_relocation_s15,v2,target_relocation,15,random_regular,100,4,35,34,2.8903717578781647,18,34,0.5294117647058824,86,81
v2_target_relocation_s15,v2,target_relocation,15,random_regular,100,4,36,85,3.2924491076317413,32,85,0.3764705882352941,38,53
v2_target_relocation_s15,v2,target_relocation,15,random_regular,100,4,37,74,3.259138925175433,39,74,0.527027027027027,16,29
v2_target_relocation_s15,v2,target_relocation,15,random_regular,100,4,38,19,2.079441541671836,8,19,0.42105263157894735,24,95
v2_target_relocation_s15,v2,target_relocation,15,random_regular,100,4,39,25,2.3978952727873706,11,25,0.44,70,72
v2_target_relocation_s15,v2,target_relocation,15,random_regular,100,4,40,38,2.6701198897918164,17,38,0.4473684210526316,20,29
v2_target_relocation_s15,v2,target_relocation,15,random_regular,100,4,41,153,3.61174733584509,60,153,0.39215686274509803,19,72
v2_target_relocation_s15,v2,target_relocation,15,random_regular,100,4,42,56,3.120291565278284,24,56,0.42857142857142855,41,81
v2_target_relocation_s15,v2,target_relocation,15,random_regular,100,4,43,229,4.295883235380915,97,229,0.42358078602620086,47,53
v2_target_relocation_s15,v2,target_relocation,15,random_regular,100,4,44,56,3.0904599235931967,27,56,0.48214285714285715,12,81
v2_target_relocation_s15,v2,target_relocation,15,random_regular,100,4,45,34,2.725550395815721,19,34,0.5588235294117647,6,53
v2_target_relocation_s15,v2,target_relocation,15,random_regular,100,4,46,20,2.302585092984045,10,20,0.5,47,72
v2_target_relocation_s15,v2,target_relocation,15,random_regular,100,4,47,138,3.650952420689421,58,138,0.42028985507246375,51,72
v2_target_relocation_s15,v2,target_relocation,15,random_regular,100,4,48,145,3.5592542927696083,49,145,0.33793103448275863,79,95
v2_target_relocation_s15,v2,target_relocation,15,random_regular,100,4,49,27,2.079441541671836,8,27,0.2962962962962963,36,29
v2_target_relocation_s15,v2,target_relocation,15,random_regular,100,4,50,111,3.67795722676115,46,111,0.4144144144144144,59,53
v2_target_relocation_s15,v2,target_relocation,15,random_regular,100,4,51,63,2.8152049266019468,22,63,0.3492063492063492,56,81
v2_target_relocation_s15,v2,target_relocation,15,random_regular,100,4,52,0,0.0,0,0,,81,81
v2_target_relocation_s15,v2,target_relocation,15,random_regular,100,4,53,144,4.099108003277982,71,144,0.4930555555555556,14,95
v2_target_relocation_s15,v2,target_relocation,15,random_regular,100,4,54,53,2.7804663689216818,21,53,0.39622641509433965,94,29
v2_target_relocation_s15,v2,target_relocation,15,random_regular,100,4,55,53,2.857102837424001,20,53,0.37735849056603776,54,53
v2_target_relocation_s15,v2,target_relocation,15,random_regular,100,4,56,121,3.8918202980616265,49,121,0.4049586776859504,43,95
v2_target_relocation_s15,v2,target_relocation,15,random_regular,100,4,57,23,2.1639556568730565,10,23,0.43478260869565216,15,81
v2_target_relocation_s15,v2,target_relocation,15,random_regular,100,4,58,21,2.3978952727873706,11,21,0.5238095238095238,1,95
v2_target_relocation_s15,v2,target_relocation,15,random_regular,100,4,59,70,3.2103913397623893,31,70,0.44285714285714284,75,72
v2_target_relocation_s15,v2,target_relocation,15,random_regular,100,4,60,58,3.389268031515795,31,58,0.5344827586206896,69,29
v2_target_relocation_s15,v2,target_relocation,15,random_regular,100,4,61,1,-1.000088900581841e-12,1,1,1.0,41,95
v2_target_relocation_s15,v2,target_relocation,15,random_regular,100,4,62,45,2.3221879427950656,18,45,0.4,51,53
v2_target_relocation_s15,v2,target_relocation,15,random_regular,100,4,63,21,1.3862943611158909,4,21,0.19047619047619047,25,81
v2_target_relocation_s15,v2,target_relocation,15,random_regular,100,4,64,33,2.4583113296710835,13,33,0.3939393939393939,30,95
v2_target_relocation_s15,v2,target_relocation,15,random_regular,100,4,65,45,3.028029073286411,22,45,0.4888888888888889,36,29
v2_target_relocation_s15,v2,target_relocation,15,random_regular,100,4,66,63,3.0149468801585937,23,63,0.36507936507936506,2,53
v2_target_relocation_s15,v2,target_relocation,15,random_regular,100,4,67,17,1.9459101490483133,7,17,0.4117647058823529,89,72
v2_target_relocation_s15,v2,target_relocation,15,random_regular,100,4,68,205,3.939783608729039,65,205,0.3170731707317073,68,53
v2_target_relocation_s15,v2,target_relocation,15,random_regular,100,4,69,66,2.9785084205072385,21,66,0.3181818181818182,19,53
v2_target_relocation_s15,v2,target_relocation,15,random_regular,100,4,70,44,2.871476118036867,19,44,0.4318181818181818,30,29
v2_target_relocation_s15,v2,target_relocation,15,random_regular,100,4,71,51,3.134162458562648,28,51,0.5490196078431373,44,29
v2_target_relocation_s15,v2,target_relocation,15,random_regular,100,4,72,186,4.026619316657681,80,186,0.43010752688172044,45,29
v2_target_relocation_s15,v2,target_relocation,15,random_regular,100,4,73,205,4.121159347401707,88,205,0.4292682926829268,42,53
v2_target_relocation_s15,v2,target_relocation,15,random_regular,100,4,74,38,2.7144523517264965,21,38,0.5526315789473685,3,81
v2_target_relocation_s15,v2,target_relocation,15,random_regular,100,4,75,43,2.450396282943756,21,43,0.4883720930232558,31,72
v2_target_relocation_s15,v2,target_relocation,15,random_regular,100,4,76,11,1.6094379124291005,5,11,0.45454545454545453,43,29
v2_target_relocation_s15,v2,target_relocation,15,random_regular,100,4,77,75,3.299829685639092,31,75,0.41333333333333333,7,81
v2_target_relocation_s15,v2,target_relocation,15,random_regular,100,4,78,55,3.044522437702424,21,55,0.38181818181818183,56,95
v2_target_relocation_s15,v2,target_relocation,15,random_regular,100,4,79,89,3.0703160767471824,31,89,0.34831460674157305,24,81
v2_target_relocation_s15,v2,target_relocation,15,random_regular,100,4,80,32,2.725550395815721,19,32,0.59375,31,29
v2_target_relocation_s15,v2,target_relocation,15,random_regular,100,4,81,127,3.755676480770567,48,127,0.3779527559055118,64,72
v2_target_relocation_s15,v2,target_relocation,15,random_regular,100,4,82,39,2.5649493574485365,13,39,0.3333333333333333,23,95
v2_target_relocation_s15,v2,target_relocation,15,random_regular,100,4,83,168,3.9033148576112735,68,168,0.40476190476190477,89,53
v2_target_relocation_s15,v2,target_relocation,15,random_regular,100,4,84,203,3.867339443369515,89,203,0.43842364532019706,86,95
v2_target_relocation_s15,v2,target_relocation,15,random_regular,100,4,85,8,1.6094379124291005,5,8,0.625,73,29
v2_target_relocation_s15,v2,target_relocation,15,random_regular,100,4,86,115,3.74504940701088,45,115,0.391304347826087,89,72
v2_target_relocation_s15,v2,target_relocation,15,random_regular,100,4,87,88,3.491660437469239,38,88,0.4318181818181818,94,72
v2_target_relocation_s15,v2,target_relocation,15,random_regular,100,4,88,42,2.6895357734519942,21,42,0.5,26,72
v2_target_relocation_s15,v2,target_relocation,15,random_regular,100,4,89,167,4.002854626234337,67,167,0.40119760479041916,49,81
v2_target_relocation_s15,v2,target_relocation,15,random_regular,100,4,90,35,2.588573162668117,17,35,0.4857142857142857,76,72
v2_target_relocation_s15,v2,target_relocation,15,random_regular,100,4,91,22,2.3516733018936304,13,22,0.5909090909090909,79,81
v2_target_relocation_s15,v2,target_relocation,15,random_regular,100,4,92,519,4.770816369394299,212,519,0.40847784200385356,39,29
v2_target_relocation_s15,v2,target_relocation,15,random_regular,100,4,93,82,3.271689322296034,29,82,0.35365853658536583,32,81
v2_target_relocation_s15,v2,target_relocation,15,random_regular,100,4,94,438,4.747386500065437,172,438,0.3926940639269406,24,95
v2_target_relocation_s15,v2,target_relocation,15,random_regular,100,4,95,0,0.0,0,0,,53,53
v2_target_relocation_s15,v2,target_relocation,15,random_regular,100,4,96,39,2.639057329601259,14,39,0.358974358974359,34,72
v2_target_relocation_s15,v2,target_relocation,15,random_regular,100,4,97,185,3.914596448727707,72,185,0.3891891891891892,47,53
v2_target_relocation_s15,v2,target_relocation,15,random_regular,100,4,98,13,1.3862943611158909,4,13,0.3076923076923077,88,72
v2_target_relocation_s15,v2,target_relocation,15,random_regular,100,4,99,186,4.22447390537922,85,186,0.45698924731182794,0,72
v2_target_relocation_s15,v2,target_relocation,15,random_regular,100,4,100,131,3.683099712933856,49,131,0.37404580152671757,86,81
v2_target_relocation_s15,v2,target_relocation,15,random_regular,100,4,101,93,3.612135893901438,41,93,0.44086021505376344,16,95
v2_target_relocation_s15,v2,target_relocation,15,random_regular,100,4,102,0,0.0,0,0,,72,72
v2_target_relocation_s15,v2,target_relocation,15,random_regular,100,4,103,4,0.6931471805579453,2,4,0.5,99,95
v2_target_relocation_s15,v2,target_relocation,15,random_regular,100,4,104,38,2.5993019270857944,16,38,0.42105263157894735,13,29
v2_target_relocation_s15,v2,target_relocation,15,random_regular,100,4,105,1,-1.000088900581841e-12,1,1,1.0,18,72
v2_target_relocation_s15,v2,target_relocation,15,random_regular,100,4,106,109,3.7113914345883634,49,109,0.44954128440366975,13,72
v2_target_relocation_s15,v2,target_relocation,15,random_regular,100,4,107,27,1.9459101490483133,7,27,0.25925925925925924,46,53
v2_target_relocation_s15,v2,target_relocation,15,random_regular,100,4,108,133,3.833703685298017,59,133,0.44360902255639095,97,29
v2_target_relocation_s15,v2,target_relocation,15,random_regular,100,4,109,67,2.991501468554349,26,67,0.3880597014925373,38,81
v2_target_relocation_s15,v2,target_relocation,15,random_regular,100,4,110,123,3.731290168531232,51,123,0.4146341463414634,69,29
v2_target_relocation_s15,v2,target_relocation,15,random_regular,100,4,111,22,2.3978952727873706,11,22,0.5,58,81
v2_target_relocation_s15,v2,target_relocation,15,random_regular,100,4,112,42,2.540036303807981,14,42,0.3333333333333333,85,29
v2_target_relocation_s15,v2,target_relocation,15,random_regular,100,4,113,18,1.9459101490483133,7,18,0.3888888888888889,7,29
v2_target_relocation_s15,v2,target_relocation,15,random_regular,100,4,114,17,2.079441541671836,8,17,0.47058823529411764,71,29
v2_target_relocation_s15,v2,target_relocation,15,random_regular,100,4,115,52,3.062529300232621,24,52,0.46153846153846156,71,95
v2_target_relocation_s15,v2,target_relocation,15,random_regular,100,4,116,49,2.639057329601259,14,49,0.2857142857142857,51,29
v2_target_relocation_s15,v2,target_relocation,15,random_regular,100,4,117,4,-1.000088900581841e-12,1,4,0.25,96,81
v2_target_relocation_s15,v2,target_relocation,15,random_regular,100,4,118,4,0.6931471805579453,2,4,0.5,7,95
v2_target_relocation_s15,v2,target_relocation,15,random_regular,100,4,119,20,2.302585092984045,10,20,0.5,55,72
v2_target_relocation_s15,v2,target_relocation,15,random_regular,100,4,120,88,3.491660437469239,38,88,0.4318181818181818,0,53
v2_target_relocation_s15,v2,target_relocation,15,random_regular,100,4,121,54,2.62299627607079,20,54,0.37037037037037035,41,72
v2_target_relocation_s15,v2,target_relocation,15,random_regular,100,4,122,65,3.292449107631741,32,65,0.49230769230769234,28,53
v2_target_relocation_s15,v2,target_relocation,15,random_regular,100,4,123,99,3.4502855905397403,39,99,0.3939393939393939,36,72
v2_target_relocation_s15,v2,target_relocation,15,random_regular,100,4,124,0,0.0,0,0,,95,95
v2_target_relocation_s15,v2,target_relocation,15,random_regular,100,4,125,20,2.1639556568730565,10,20,0.5,89,72
v2_target_relocation_s15,v2,target_relocation,15,random_regular,100,4,126,23,2.197224577327219,9,23,0.391304347826087,16,53
v2_target_relocation_s15,v2,target_relocation,15,random_regular,100,4,127,53,2.871476118036867,19,53,0.3584905660377358,37,81
v2_target_relocation_s15,v2,target_relocation,15,random_regular,100,4,128,28,2.302585092984045,10,28,0.35714285714285715,0,53
v2_target_relocation_s15,v2,target_relocation,15,random_regular,100,4,129,5,1.0986122886651095,3,5,0.6,0,53
v2_target_relocation_s15,v2,target_relocation,15,random_regular,100,4,130,14,1.9459101490483133,7,14,0.5,5,72
v2_target_relocation_s15,v2,target_relocation,15,random_regular,100,4,131,0,0.0,0,0,,95,95
v2_target_relocation_s15,v2,target_relocation,15,random_regular,100,4,132,10,1.3862943611158909,4,10,0.4,65,72
v2_target_relocation_s15,v2,target_relocation,15,random_regular,100,4,133,31,2.253857589591352,12,31,0.3870967741935484,28,29
v2_target_relocation_s15,v2,target_relocation,15,random_regular,100,4,134,38,1.9061547465328492,8,38,0.21052631578947367,63,29
v2_target_relocation_s15,v2,target_relocation,15,random_regular,100,4,135,136,3.6896152745082182,59,136,0.4338235294117647,78,95
v2_target_relocation_s15,v2,target_relocation,15,random_regular,100,4,136,12,1.6094379124291005,5,12,0.4166666666666667,36,53
v2_target_relocation_s15,v2,target_relocation,15,random_regular,100,4,137,14,1.9061547465328492,8,14,0.5714285714285714,57,95
v2_target_relocation_s15,v2,target_relocation,15,random_regular,100,4,138,0,0.0,0,0,,53,53
v2_target_relocation_s15,v2,target_relocation,15,random_regular,100,4,139,1,-1.000088900581841e-12,1,1,1.0,96,81
v2_target_relocation_s15,v2,target_relocation,15,random_regular,100,4,140,27,2.3978952727873706,11,27,0.4074074074074074,97,95
v2_target_relocation_s15,v2,target_relocation,15,random_regular,100,4,141,7,0.6931471805579453,2,7,0.2857142857142857,77,95
v2_target_relocation_s15,v2,target_relocation,15,random_regular,100,4,142,82,3.1656721668230383,31,82,0.3780487804878049,3,53
v2_target_relocation_s15,v2,target_relocation,15,random_regular,100,4,143,126,3.437590926033939,51,126,0.40476190476190477,13,29
v2_target_relocation_s15,v2,target_relocation,15,random_regular,100,4,144,22,2.302585092984045,10,22,0.45454545454545453,68,72
v2_target_relocation_s15,v2,target_relocation,15,random_regular,100,4,145,28,2.5649493574485365,13,28,0.4642857142857143,41,29
v2_target_relocation_s15,v2,target_relocation,15,random_regular,100,4,146,3,-1.000088900581841e-12,1,3,0.3333333333333333,64,95
v2_target_relocation_s15,v2,target_relocation,15,random_regular,100,4,147,5,1.0986122886651095,3,5,0.6,38,81
v2_target_relocation_s15,v2,target_relocation,15,random_regular,100,4,148,73,3.0752205480323718,23,73,0.3150684931506849,0,72
v2_target_relocation_s15,v2,target_relocation,15,random_regular,100,4,149,15,1.9459101490483133,7,15,0.4666666666666667,66,72
v2_target_relocation_s15,v2,target_relocation,15,random_regular,100,4,150,7,0.6931471805579453,2,7,0.2857142857142857,99,95
v2_target_relocation_s15,v2,target_relocation,15,random_regular,100,4,151,16,1.3862943611158909,4,16,0.25,73,29
v2_target_relocation_s15,v2,target_relocation,15,random_regular,100,4,152,16,1.791759469222055,6,16,0.375,39,72
v2_target_relocation_s15,v2,target_relocation,15,random_regular,100,4,153,34,2.61563057701355,15,34,0.4411764705882353,78,81
v2_target_relocation_s15,v2,target_relocation,15,random_regular,100,4,154,0,0.0,0,0,,95,95
v2_target_relocation_s15,v2,target_relocation,15,random_regular,100,4,155,58,3.1040740215051854,31,58,0.5344827586206896,33,81
v2_target_relocation_s15,v2,target_relocation,15,random_regular,100,4,156,489,4.948938766004181,223,489,0.4560327198364008,16,53
v2_target_relocation_s15,v2,target_relocation,15,random_regular,100,4,157,9,1.0986122886651095,3,9,0.3333333333333333,64,29
v2_target_relocation_s15,v2,target_relocation,15,random_regular,100,4,158,60,2.751666616915516,17,60,0.2833333333333333,35,81
v2_target_relocation_s15,v2,target_relocation,15,random_regular,100,4,159,31,2.484906649776,12,31,0.3870967741935484,52,53
v2_target_relocation_s15,v2,target_relocation,15,random_regular,100,4,160,26,2.5649493574485365,13,26,0.5,71,81
v2_target_relocation_s15,v2,target_relocation,15,random_regular,100,4,161,97,3.423580836785212,37,97,0.38144329896907214,70,72
v2_target_relocation_s15,v2,target_relocation,15,random_regular,100,4,162,46,2.341994252221425,14,46,0.30434782608695654,46,53
v2_target_relocation_s15,v2,target_relocation,15,random_regular,100,4,163,50,3.0280290732864104,22,50,0.44,30,53
v2_target_relocation_s15,v2,target_relocation,15,random_regular,100,4,164,40,2.5232109529398907,15,40,0.375,63,95
v2_target_relocation_s15,v2,target_relocation,15,random_regular,100,4,165,4,-1.000088900581841e-12,1,4,0.25,41,95
v2_target_relocation_s15,v2,target_relocation,15,random_regular,100,4,166,44,2.341994252221425,14,44,0.3181818181818182,1,72
v2_target_relocation_s15,v2,target_relocation,15,random_regular,100,4,167,39,2.7985132569262934,19,39,0.48717948717948717,20,72
v2_target_relocation_s15,v2,target_relocation,15,random_regular,100,4,168,161,4.086357221414515,79,161,0.4906832298136646,65,81
v2_target_relocation_s15,v2,target_relocation,15,random_regular,100,4,169,8,1.0986122886651095,3,8,0.375,18,72
v2_target_relocation_s15,v2,target_relocation,15,random_regular,100,4,170,56,2.8332133440392155,17,56,0.30357142857142855,76,29
v2_target_relocation_s15,v2,target_relocation,15,random_regular,100,4,171,50,3.0280290732864104,22,50,0.44,15,95
v2_target_relocation_s15,v2,target_relocation,15,random_regular,100,4,172,35,2.079441541671836,8,35,0.22857142857142856,42,72
v2_target_relocation_s15,v2,target_relocation,15,random_regular,100,4,173,92,3.404927888365862,38,92,0.41304347826086957,58,53
v2_target_relocation_s15,v2,target_relocation,15,random_regular,100,4,174,40,2.3046193848096714,14,40,0.35,70,72
v2_target_relocation_s15,v2,target_relocation,15,random_regular,100,4,175,137,3.76460196779002,58,137,0.4233576642335766,92,29
v2_target_relocation_s15,v2,target_relocation,15,random_regular,100,4,176,104,3.548326633360442,53,104,0.5096153846153846,90,81
v2_target_relocation_s15,v2,target_relocation,15,random_regular,100,4,177,13,1.6094379124291005,5,13,0.38461538461538464,66,81
v2_target_relocation_s15,v2,target_relocation,15,random_regular,100,4,178,104,3.4513633638564465,41,104,0.3942307692307692,6,95
v2_target_relocation_s15,v2,target_relocation,15,random_regular,100,4,179,25,2.1458417525857545,11,25,0.44,94,53
v2_target_relocation_s15,v2,target_relocation,15,random_regular,100,4,180,13,1.791759469222055,6,13,0.46153846153846156,66,81
v2_target_relocation_s15,v2,target_relocation,15,random_regular,100,4,181,30,2.3034884952082693,15,30,0.5,82,95
v2_target_relocation_s15,v2,target_relocation,15,random_regular,100,4,182,11,2.079441541671836,8,11,0.7272727272727273,93,95
v2_target_relocation_s15,v2,target_relocation,15,random_regular,100,4,183,25,2.4583113296710835,13,25,0.52,79,95
v2_target_relocation_s15,v2,target_relocation,15,random_regular,100,4,184,26,2.7080502010872096,15,26,0.5769230769230769,36,81
v2_target_relocation_s15,v2,target_relocation,15,random_regular,100,4,185,0,0.0,0,0,,72,72
v2_target_relocation_s15,v2,target_relocation,15,random_regular,100,4,186,16,1.3296613488507585,6,16,0.375,93,72
v2_target_relocation_s15,v2,target_relocation,15,random_regular,100,4,187,416,4.685937641049052,162,416,0.3894230769230769,87,95
v2_target_relocation_s15,v2,target_relocation,15,random_regular,100,4,188,167,4.067749242057183,65,167,0.38922155688622756,5,81
v2_target_relocation_s15,v2,target_relocation,15,random_regular,100,4,189,101,3.775855948368099,45,101,0.44554455445544555,84,29
v2_target_relocation_s15,v2,target_relocation,15,random_regular,100,4,190,5,1.0986122886651095,3,5,0.6,40,81
v2_target_relocation_s15,v2,target_relocation,15,random_regular,100,4,191,6,0.6931471805579453,2,6,0.3333333333333333,43,29
v2_target_relocation_s15,v2,target_relocation,15,random_regular,100,4,192,200,4.034722266123669,74,200,0.37,5,72
v2_target_relocation_s15,v2,target_relocation,15,random_regular,100,4,193,15,1.791759469222055,6,15,0.4,60,95
v2_target_relocation_s15,v2,target_relocation,15,random_regular,100,4,194,82,3.4040404338981127,34,82,0.4146341463414634,84,53
v2_target_relocation_s15,v2,target_relocation,15,random_regular,100,4,195,1,-1.000088900581841e-12,1,1,1.0,43,72
v2_target_relocation_s15,v2,target_relocation,15,random_regular,100,4,196,202,3.921781971215665,80,202,0.39603960396039606,52,81
v2_target_relocation_s15,v2,target_relocation,15,random_regular,100,4,197,2,0.6931471805579453,2,2,1.0,37,53
v2_target_relocation_s15,v2,target_relocation,15,random_regular,100,4,198,122,3.66448190441264,43,122,0.3524590163934426,47,29
v2_target_relocation_s15,v2,target_relocation,15,random_regular,100,4,199,42,2.1458417525857545,11,42,0.2619047619047619,48,53
v2_target_relocation_s15,v2,target_relocation,15,random_regular,100,4,200,1,-1.000088900581841e-12,1,1,1.0,33,95
v2_target_relocation_s15,v2,target_relocation,15,random_regular,100,4,201,60,2.9650156932365066,22,60,0.36666666666666664,67,53
v2_target_relocation_s15,v2,target_relocation,15,random_regular,100,4,202,65,2.9957322735339904,20,65,0.3076923076923077,89,29
v2_target_relocation_s15,v2,target_relocation,15,random_regular,100,4,203,6,1.791759469222055,6,6,1.0,80,53
v2_target_relocation_s15,v2,target_relocation,15,random_regular,100,4,204,0,0.0,0,0,,72,72
v2_target_relocation_s15,v2,target_relocation,15,random_regular,100,4,205,9,1.9459101490483133,7,9,0.7777777777777778,79,95
v2_target_relocation_s15,v2,target_relocation,15,random_regular,100,4,206,26,2.484906649776,12,26,0.46153846153846156,28,81
v2_target_relocation_s15,v2,target_relocation,15,random_regular,100,4,207,30,2.3516733018936304,13,30,0.43333333333333335,94,81
v2_target_relocation_s15,v2,target_relocation,15,random_regular,100,4,208,10,1.3862943611158909,4,10,0.4,35,72
v2_target_relocation_s15,v2,target_relocation,15,random_regular,100,4,209,41,2.5993019270857944,16,41,0.3902439024390244,85,81
v2_target_relocation_s15,v2,target_relocation,15,random_regular,100,4,210,146,3.689669563800905,44,146,0.3013698630136986,64,72
v2_target_relocation_s15,v2,target_relocation,15,random_regular,100,4,211,4,-1.000088900581841e-12,1,4,0.25,96,81
v2_target_relocation_s15,v2,target_relocation,15,random_regular,100,4,212,74,3.5065025850265608,36,74,0.4864864864864865,65,81
v2_target_relocation_s15,v2,target_relocation,15,random_regular,100,4,213,89,3.4678540963178395,40,89,0.449438202247191,36,95
v2_target_relocation_s15,v2,target_relocation,15,random_regular,100,4,214,44,2.245035274116177,13,44,0.29545454545454547,88,29
v2_target_relocation_s15,v2,target_relocation,15,random_regular,100,4,215,29,2.268605285623966,15,29,0.5172413793103449,73,53
v2_target_relocation_s15,v2,target_relocation,15,random_regular,100,4,216,21,2.079441541671836,8,21,0.38095238095238093,16,53
v2_target_relocation_s15,v2,target_relocation,15,random_regular,100,4,217,18,1.8891591637470213,9,18,0.5,16,81
v2_target_relocation_s15,v2,target_relocation,15,random_regular,100,4,218,32,2.61563057701355,15,32,0.46875,79,29
v2_target_relocation_s15,v2,target_relocation,15,random_regular,100,4,219,42,2.692310994125785,20,42,0.47619047619047616,57,53
v2_target_relocation_s15,v2,target_relocation,15,random_regular,100,4,220,47,3.163424050399405,25,47,0.5319148936170213,18,72
v2_target_relocation_s15,v2,target_relocation,15,random_regular,100,4,221,6,1.3862943611158909,4,6,0.6666666666666666,58,72
v2_target_relocation_s15,v2,target_relocation,15,random_regular,100,4,222,91,3.3709770988339507,41,91,0.45054945054945056,88,95
v2_target_relocation_s15,v2,target_relocation,15,random_regular,100,4,223,146,3.674854047605282,58,146,0.3972602739726027,41,95
v2_target_relocation_s15,v2,target_relocation,15,random_regular,100,4,224,103,3.795914420803827,51,103,0.49514563106796117,83,29
v2_target_relocation_s15,v2,target_relocation,15,random_regular,100,4,225,18,1.9459101490483133,7,18,0.3888888888888889,4,29
v2_target_relocation_s15,v2,target_relocation,15,random_regular,100,4,226,25,2.079441541671836,8,25,0.32,76,29
v2_target_relocation_s15,v2,target_relocation,15,random_regular,100,4,227,27,2.1639556568730565,10,27,0.37037037037037035,26,72
v2_target_relocation_s15,v2,target_relocation,15,random_regular,100,4,228,84,3.550250017965948,40,84,0.47619047619047616,22,72
v2_target_relocation_s15,v2,target_relocation,15,random_regular,100,4,229,10,1.6094379124291005,5,10,0.5,3,53
v2_target_relocation_s15,v2,target_relocation,15,random_regular,100,4,230,116,3.689669563800905,44,116,0.3793103448275862,25,95
v2_target_relocation_s15,v2,target_relocation,15,random_regular,100,4,231,5,0.6931471805579453,2,5,0.4,12,95
v2_target_relocation_s15,v2,target_relocation,15,random_regular,100,4,232,28,2.2718685126865625,11,28,0.39285714285714285,33,95
v2_target_relocation_s15,v2,target_relocation,15,random_regular,100,4,233,0,0.0,0,0,,81,81
v2_target_relocation_s15,v2,target_relocation,15,random_regular,100,4,234,187,4.090578778971806,81,187,0.43315508021390375,58,29
v2_target_relocation_s15,v2,target_relocation,15,random_regular,100,4,235,123,3.6548079912793474,49,123,0.3983739837398374,84,53
v2_target_relocation_s15,v2,target_relocation,15,random_regular,100,4,236,0,0.0,0,0,,72,72
v2_target_relocation_s15,v2,target_relocation,15,random_regular,100,4,237,4,-1.000088900581841e-12,1,4,0.25,77,53
v2_target_relocation_s15,v2,target_relocation,15,random_regular,100,4,238,34,2.61563057701355,15,34,0.4411764705882353,40,53
v2_target_relocation_s15,v2,target_relocation,15,random_regular,100,4,239,28,2.302585092984045,10,28,0.35714285714285715,28,29
v2_target_relocation_s15,v2,target_relocation,15,random_regular,100,4,240,4,1.0986122886651095,3,4,0.75,22,53
v2_target_relocation_s15,v2,target_relocation,15,random_regular,100,4,241,5,0.6931471805579453,2,5,0.4,37,81
v2_target_relocation_s15,v2,target_relocation,15,random_regular,100,4,242,95,3.6011047291335987,38,95,0.4,98,53
v2_target_relocation_s15,v2,target_relocation,15,random_regular,100,4,243,112,3.6138342074135856,50,112,0.44642857142857145,79,72
v2_target_relocation_s15,v2,target_relocation,15,random_regular,100,4,244,57,2.7283523700752608,23,57,0.40350877192982454,99,72
v2_target_relocation_s15,v2,target_relocation,15,random_regular,100,4,245,33,2.3959081192819283,15,33,0.45454545454545453,10,95
v2_target_relocation_s15,v2,target_relocation,15,random_regular,100,4,246,61,3.0752205480323718,23,61,0.3770491803278688,48,53
v2_target_relocation_s15,v2,target_relocation,15,random_regular,100,4,247,0,0.0,0,0,,29,29
v2_target_relocation_s15,v2,target_relocation,15,random_regular,100,4,248,157,3.4822918797986038,56,157,0.35668789808917195,65,95
v2_target_relocation_s15,v2,target_relocation,15,random_regular,100,4,249,235,4.263080006836767,98,235,0.41702127659574467,39,53
v2_target_relocation_s15,v2,target_relocation,15,random_regular,100,4,250,72,2.8097834779860498,25,72,0.3472222222222222,9,53
v2_target_relocation_s15,v2,target_relocation,15,random_regular,100,4,251,11,1.3862943611158909,4,11,0.36363636363636365,39,81
v2_target_relocation_s15,v2,target_relocation,15,random_regular,100,4,252,42,2.772588722223781,16,42,0.38095238095238093,12,29
v2_target_relocation_s15,v2,target_relocation,15,random_regular,100,4,253,9,1.791759469222055,6,9,0.6666666666666666,36,29
v2_target_relocation_s15,v2,target_relocation,15,random_regular,100,4,254,32,2.3947004058463333,17,32,0.53125,88,72
v2_target_relocation_s15,v2,target_relocation,15,random_regular,100,4,255,39,2.7985132569262934,19,39,0.48717948717948717,13,72
v2_target_relocation_s15,v2,target_relocation,15,random_regular,100,4,256,41,2.7985132569262934,19,41,0.4634146341463415,85,95
v2_target_relocation_s15,v2,target_relocation,15,random_regular,100,4,257,3,0.6931471805579453,2,3,0.6666666666666666,99,29
v2_target_relocation_s15,v2,target_relocation,15,random_regular,100,4,258,96,3.350818657021632,44,96,0.4583333333333333,13,29
v2_target_relocation_s15,v2,target_relocation,15,random_regular,100,4,259,15,1.6094379124291005,5,15,0.3333333333333333,0,53
v2_target_relocation_s15,v2,target_relocation,15,random_regular,100,4,260,37,2.5649493574485365,13,37,0.35135135135135137,28,29
v2_target_relocation_s15,v2,target_relocation,15,random_regular,100,4,261,42,2.751666616915516,17,42,0.40476190476190477,43,72
v2_target_relocation_s15,v2,target_relocation,15,random_regular,100,4,262,11,1.6094379124291005,5,11,0.45454545454545453,16,95
v2_target_relocation_s15,v2,target_relocation,15,random_regular,100,4,263,24,2.484906649776,12,24,0.5,56,81
v2_target_relocation_s15,v2,target_relocation,15,random_regular,100,4,264,67,3.370480801334671,33,67,0.4925373134328358,15,29
v2_target_relocation_s15,v2,target_relocation,15,random_regular,100,4,265,34,2.3516733018936304,13,34,0.38235294117647056,17,95
v2_target_relocation_s15,v2,target_relocation,15,random_regular,100,4,266,22,2.079441541671836,8,22,0.36363636363636365,94,95
v2_target_relocation_s15,v2,target_relocation,15,random_regular,100,4,267,44,3.044522437702424,21,44,0.4772727272727273,8,81
v2_target_relocation_s15,v2,target_relocation,15,random_regular,100,4,268,7,1.0986122886651095,3,7,0.42857142857142855,18,72
v2_target_relocation_s15,v2,target_relocation,15,random_regular,100,4,269,21,2.1639556568730565,10,21,0.47619047619047616,64,81
v2_target_relocation_s15,v2,target_relocation,15,random_regular,100,4,270,96,3.5849073769929456,40,96,0.4166666666666667,51,53
v2_target_relocation_s15,v2,target_relocation,15,random_regular,100,4,271,50,2.9650156932365066,22,50,0.44,46,53
v2_target_relocation_s15,v2,target_relocation,15,random_regular,100,4,272,20,2.0431918705371204,9,20,0.45,58,95
v2_target_relocation_s15,v2,target_relocation,15,random_regular,100,4,273,3,-1.000088900581841e-12,1,3,0.3333333333333333,83,72
v2_target_relocation_s15,v2,target_relocation,15,random_regular,100,4,274,48,2.9957322735339904,20,48,0.4166666666666667,64,95
v2_target_relocation_s15,v2,target_relocation,15,random_regular,100,4,275,6,1.3862943611158909,4,6,0.6666666666666666,49,81
v2_target_relocation_s15,v2,target_relocation,15,random_regular,100,4,276,8,1.3862943611158909,4,8,0.5,50,95
v2_target_relocation_s15,v2,target_relocation,15,random_regular,100,4,277,133,3.7415499360560274,51,133,0.38345864661654133,45,81
v2_target_relocation_s15,v2,target_relocation,15,random_regular,100,4,278,28,2.639057329601259,14,28,0.5,86,53
v2_target_relocation_s15,v2,target_relocation,15,random_regular,100,4,279,116,3.5369546858113585,45,116,0.3879310344827586,47,53
v2_target_relocation_s15,v2,target_relocation,15,random_regular,100,4,280,104,3.6520250575102735,50,104,0.4807692307692308,60,72
v2_target_relocation_s15,v2,target_relocation,15,random_regular,100,4,281,56,2.8332133440392155,17,56,0.30357142857142855,21,72
v2_target_relocation_s15,v2,target_relocation,15,random_regular,100,4,282,51,2.736339051089065,18,51,0.35294117647058826,91,53
v2_target_relocation_s15,v2,target_relocation,15,random_regular,100,4,283,49,3.233183484354926,28,49,0.5714285714285714,38,72
v2_target_relocation_s15,v2,target_relocation,15,random_regular,100,4,284,59,3.135494215906149,23,59,0.3898305084745763,76,29
v2_target_relocation_s15,v2,target_relocation,15,random_regular,100,4,285,63,3.2238860684653137,29,63,0.4603174603174603,42,53
v2_target_relocation_s15,v2,target_relocation,15,random_regular,100,4,286,9,1.9459101490483133,7,9,0.7777777777777778,26,81
v2_target_relocation_s15,v2,target_relocation,15,random_regular,100,4,287,80,3.472414980727339,39,80,0.4875,49,72
v2_target_relocation_s15,v2,target_relocation,15,random_regular,100,4,288,227,4.358684469346256,103,227,0.45374449339207046,93,53
v2_target_relocation_s15,v2,target_relocation,15,random_regular,100,4,289,118,3.721176253825357,44,118,0.3728813559322034,36,81
v2_target_relocation_s15,v2,target_relocation,15,random_regular,100,4,290,54,2.8943995444110384,23,54,0.42592592592592593,10,53
v2_target_relocation_s15,v2,target_relocation,15,random_regular,100,4,291,4,1.0986122886651095,3,4,0.75,12,72
v2_target_relocation_s15,v2,target_relocation,15,random_regular,100,4,292,68,3.10797227595561,25,68,0.36764705882352944,86,81
v2_target_relocation_s15,v2,target_relocation,15,random_regular,100,4,293,12,2.079441541671836,8,12,0.6666666666666666,42,29
v2_target_relocation_s15,v2,target_relocation,15,random_regular,100,4,294,93,3.578323836314148,41,93,0.44086021505376344,93,53
v2_target_relocation_s15,v2,target_relocation,15,random_regular,100,4,295,45,2.8332133440392155,17,45,0.37777777777777777,93,81
v2_target_relocation_s15,v2,target_relocation,15,random_regular,100,4,296,157,3.893131622084398,58,157,0.36942675159235666,86,95
v2_target_relocation_s15,v2,target_relocation,15,random_regular,100,4,297,34,2.7080502010872096,15,34,0.4411764705882353,70,29
v2_target_relocation_s15,v2,target_relocation,15,random_regular,100,4,298,48,2.9785084205072385,21,48,0.4375,92,72
v2_target_relocation_s15,v2,target_relocation,15,random_regular,100,4,299,3,-1.000088900581841e-12,1,3,0.3333333333333333,64,95
v2_target_relocation_s15,v2,target_relocation,15,random_regular,100,4,300,6,0.6931471805579453,2,6,0.3333333333333333,37,53
v2_target_relocation_s15,v2,target_relocation,15,random_regular,100,4,301,88,3.455179006914453,38,88,0.4318181818181818,48,29
v2_target_relocation_s15,v2,target_relocation,15,random_regular,100,4,302,160,3.983551385469709,59,160,0.36875,99,72
v2_target_relocation_s15,v2,target_relocation,15,random_regular,100,4,303,13,0.6931471805579453,2,13,0.15384615384615385,31,72
v2_target_relocation_s15,v2,target_relocation,15,random_regular,100,4,304,178,3.684647720067866,61,178,0.34269662921348315,32,29
v2_target_relocation_s15,v2,target_relocation,15,random_regular,100,4,305,62,2.969916502690131,31,62,0.5,51,72
v2_target_relocation_s15,v2,target_relocation,15,random_regular,100,4,306,99,3.4294862316330117,36,99,0.36363636363636365,45,81
v2_target_relocation_s15,v2,target_relocation,15,random_regular,100,4,307,31,2.751666616915516,17,31,0.5483870967741935,92,29
v2_target_relocation_s15,v2,target_relocation,15,random_regular,100,4,308,34,2.484906649776,12,34,0.35294117647058826,98,53
v2_target_relocation_s15,v2,target_relocation,15,random_regular,100,4,309,0,0.0,0,0,,72,72
v2_target_relocation_s15,v2,target_relocation,15,random_regular,100,4,310,55,3.052520501511814,25,55,0.45454545454545453,8,53
v2_target_relocation_s15,v2,target_relocation,15,random_regular,100,4,311,13,2.079441541671836,8,13,0.6153846153846154,49,81
v2_target_relocation_s15,v2,target_relocation,15,random_regular,100,4,312,139,3.669057170238815,57,139,0.41007194244604317,71,72
v2_target_relocation_s15,v2,target_relocation,15,random_regular,100,4,313,9,1.3862943611158909,4,9,0.4444444444444444,46,29
v2_target_relocation_s15,v2,target_relocation,15,random_regular,100,4,314,24,1.7328679513938632,8,24,0.3333333333333333,31,72
v2_target_relocation_s15,v2,target_relocation,15,random_regular,100,4,315,34,2.4410152780147034,14,34,0.4117647058823529,5,81
v2_target_relocation_s15,v2,target_relocation,15,random_regular,100,4,316,0,0.0,0,0,,72,72
v2_target_relocation_s15,v2,target_relocation,15,random_regular,100,4,317,11,1.0986122886651095,3,11,0.2727272727272727,48,29
v2_target_relocation_s15,v2,target_relocation,15,random_regular,100,4,318,159,3.733872138266852,67,159,0.42138364779874216,8,95
v2_target_relocation_s15,v2,target_relocation,15,random_regular,100,4,319,24,2.3516733018936304,13,24,0.5416666666666666,20,29
v2_target_relocation_s15,v2,target_relocation,15,random_regular,100,4,320,84,3.370480801334672,33,84,0.39285714285714285,37,81
v2_target_relocation_s15,v2,target_relocation,15,random_regular,100,4,321,73,3.4544986414005443,33,73,0.4520547945205479,47,72
v2_target_relocation_s15,v2,target_relocation,15,random_regular,100,4,322,37,2.5993019270857944,16,37,0.43243243243243246,2,29
v2_target_relocation_s15,v2,target_relocation,15,random_regular,100,4,323,25,2.0431918705371204,9,25,0.36,71,72
v2_target_relocation_s15,v2,target_relocation,15,random_regular,100,4,324,37,2.441015278014703,14,37,0.3783783783783784,41,29
v2_target_relocation_s15,v2,target_relocation,15,random_regular,100,4,325,23,2.441015278014703,14,23,0.6086956521739131,27,95
v2_target_relocation_s15,v2,target_relocation,15,random_regular,100,4,326,50,2.8332133440392155,17,50,0.34,57,81
v2_target_relocation_s15,v2,target_relocation,15,random_regular,100,4,327,124,3.7279051986773566,52,124,0.41935483870967744,56,81
v2_target_relocation_s15,v2,target_relocation,15,random_regular,100,4,328,43,2.9444389791474395,19,43,0.4418604651162791,22,81
v2_target_relocation_s15,v2,target_relocation,15,random_regular,100,4,329,11,1.3862943611158909,4,11,0.36363636363636365,8,53
v2_target_relocation_s15,v2,target_relocation,15,random_regular,100,4,330,21,2.2718685126865625,11,21,0.5238095238095238,71,95
v2_target_relocation_s15,v2,target_relocation,15,random_regular,100,4,331,65,3.2551105127007407,31,65,0.47692307692307695,96,29
v2_target_relocation_s15,v2,target_relocation,15,random_regular,100,4,332,7,0.6931471805579453,2,7,0.2857142857142857,52,81
v2_target_relocation_s15,v2,target_relocation,15,random_regular,100,4,333,93,3.3969144201875685,35,93,0.3763440860215054,58,95
v2_target_relocation_s15,v2,target_relocation,15,random_regular,100,4,334,20,2.302585092984045,10,20,0.5,19,81
v2_target_relocation_s15,v2,target_relocation,15,random_regular,100,4,335,1,-1.000088900581841e-12,1,1,1.0,18,72
v2_target_relocation_s15,v2,target_relocation,15,random_regular,100,4,336,16,2.2718685126865625,11,16,0.6875,99,95
v2_target_relocation_s15,v2,target_relocation,15,random_regular,100,4,337,59,2.985630919874231,28,59,0.4745762711864407,13,95
v2_target_relocation_s15,v2,target_relocation,15,random_regular,100,4,338,32,2.484906649776,12,32,0.375,20,72
v2_target_relocation_s15,v2,target_relocation,15,random_regular,100,4,339,0,0.0,0,0,,29,29
v2_target_relocation_s15,v2,target_relocation,15,random_regular,100,4,340,71,2.8215638078423653,21,71,0.29577464788732394,50,95
v2_target_relocation_s15,v2,target_relocation,15,random_regular,100,4,341,131,3.644129457733132,49,131,0.37404580152671757,15,95
v2_target_relocation_s15,v2,target_relocation,15,random_regular,100,4,342,25,2.302585092984045,10,25,0.4,18,72
v2_target_relocation_s15,v2,target_relocation,15,random_regular,100,4,343,40,2.4583113296710835,13,40,0.325,99,95
v2_target_relocation_s15,v2,target_relocation,15,random_regular,100,4,344,187,3.974445647869086,79,187,0.42245989304812837,27,29
v2_target_relocation_s15,v2,target_relocation,15,random_regular,100,4,345,10,1.0986122886651095,3,10,0.3,96,81
v2_target_relocation_s15,v2,target_relocation,15,random_regular,100,4,346,16,1.054920167983144,5,16,0.3125,18,72
v2_target_relocation_s15,v2,target_relocation,15,random_regular,100,4,347,40,2.751666616915516,17,40,0.425,87,29
v2_target_relocation_s15,v2,target_relocation,15,random_regular,100,4,348,5,0.6931471805579453,2,5,0.4,1,29
v2_target_relocation_s15,v2,target_relocation,15,random_regular,100,4,349,67,3.2238860684653137,29,67,0.43283582089552236,84,95
v2_target_relocation_s15,v2,target_relocation,15,random_regular,100,4,350,39,2.772588722223781,16,39,0.41025641025641024,40,81
v2_target_relocation_s15,v2,target_relocation,15,random_regular,100,4,351,88,3.4761312408209912,35,88,0.3977272727272727,91,81
v2_target_relocation_s15,v2,target_relocation,15,random_regular,100,4,352,75,3.4124897213676078,33,75,0.44,16,81
v2_target_relocation_s15,v2,target_relocation,15,random_regular,100,4,353,9,1.3862943611158909,4,9,0.4444444444444444,50,95
v2_target_relocation_s15,v2,target_relocation,15,random_regular,100,4,354,79,3.485587161020812,34,79,0.43037974683544306,85,95
v2_target_relocation_s15,v2,target_relocation,15,random_regular,100,4,355,14,2.079441541671836,8,14,0.5714285714285714,54,72
v2_target_relocation_s15,v2,target_relocation,15,random_regular,100,4,356,44,2.690828621495594,23,44,0.5227272727272727,70,95
v2_target_relocation_s15,v2,target_relocation,15,random_regular,100,4,357,84,3.423580836785212,37,84,0.44047619047619047,79,29
v2_target_relocation_s15,v2,target_relocation,15,random_regular,100,4,358,77,3.2238860684653137,29,77,0.37662337662337664,28,81
v2_target_relocation_s15,v2,target_relocation,15,random_regular,100,4,359,15,1.791759469222055,6,15,0.4,54,29
v2_target_relocation_s15,v2,target_relocation,15,random_regular,100,4,360,46,2.268605285623966,15,46,0.32608695652173914,79,72
v2_target_relocation_s15,v2,target_relocation,15,random_regular,100,4,361,144,3.732840239351519,57,144,0.3958333333333333,80,53
v2_target_relocation_s15,v2,target_relocation,15,random_regular,100,4,362,7,1.3862943611158909,4,7,0.5714285714285714,15,72
v2_target_relocation_s15,v2,target_relocation,15,random_regular,100,4,363,20,2.302585092984045,10,20,0.5,46,53
v2_target_relocation_s15,v2,target_relocation,15,random_regular,100,4,364,16,2.1639556568730565,10,16,0.625,48,81
v2_target_relocation_s15,v2,target_relocation,15,random_regular,100,4,365,12,1.6094379124291005,5,12,0.4166666666666667,66,53
v2_target_relocation_s15,v2,target_relocation,15,random_regular,100,4,366,0,0.0,0,0,,72,72
v2_target_relocation_s15,v2,target_relocation,15,random_regular,100,4,367,83,3.087195049126684,31,83,0.37349397590361444,40,53
v2_target_relocation_s15,v2,target_relocation,15,random_regular,100,4,368,30,1.9722469794154411,11,30,0.36666666666666664,12,72
v2_target_relocation_s15,v2,target_relocation,15,random_regular,100,4,369,21,2.197224577327219,9,21,0.42857142857142855,58,95
v2_target_relocation_s15,v2,target_relocation,15,random_regular,100,4,370,49,3.299829685639092,31,49,0.6326530612244898,57,95
v2_target_relocation_s15,v2,target_relocation,15,random_regular,100,4,371,36,2.639057329601259,14,36,0.3888888888888889,80,72
v2_target_relocation_s15,v2,target_relocation,15,random_regular,100,4,372,7,1.0986122886651095,3,7,0.42857142857142855,59,29
v2_target_relocation_s15,v2,target_relocation,15,random_regular,100,4,373,64,3.2491274088477446,32,64,0.5,85,53
v2_target_relocation_s15,v2,target_relocation,15,random_regular,100,4,374,28,2.5649493574485365,13,28,0.4642857142857143,27,53
v2_target_relocation_s15,v2,target_relocation,15,random_regular,100,4,375,0,0.0,0,0,,29,29
v2_target_relocation_s15,v2,target_relocation,15,random_regular,100,4,376,84,3.371971579897444,37,84,0.44047619047619047,92,95
v2_target_relocation_s15,v2,target_relocation,15,random_regular,100,4,377,107,3.652629782939221,45,107,0.4205607476635514,4,95
v2_target_relocation_s15,v2,target_relocation,15,random_regular,100,4,378,41,2.9444389791474395,19,41,0.4634146341463415,71,72
v2_target_relocation_s15,v2,target_relocation,15,random_regular,100,4,379,16,1.791759469222055,6,16,0.375,89,29
v2_target_relocation_s15,v2,target_relocation,15,random_regular,100,4,380,0,0.0,0,0,,95,95
v2_target_relocation_s15,v2,target_relocation,15,random_regular,100,4,381,66,3.0752205480323718,23,66,0.3484848484848485,93,29
v2_target_relocation_s15,v2,target_relocation,15,random_regular,100,4,382,7,1.0986122886651095,3,7,0.42857142857142855,25,95
v2_target_relocation_s15,v2,target_relocation,15,random_regular,100,4,383,24,2.484906649776,12,24,0.5,12,95
v2_target_relocation_s15,v2,target_relocation,15,random_regular,100,4,384,27,2.302585092984045,10,27,0.37037037037037035,74,72
v2_target_relocation_s15,v2,target_relocation,15,random_regular,100,4,385,9,1.6094379124291005,5,9,0.5555555555555556,4,72
v2_target_relocation_s15,v2,target_relocation,15,random_regular,100,4,386,209,4.0841189253450825,81,209,0.3875598086124402,49,81
v2_target_relocation_s15,v2,target_relocation,15,random_regular,100,4,387,190,4.099285873617723,83,190,0.4368421052631579,11,53
v2_target_relocation_s15,v2,target_relocation,15,random_regular,100,4,388,62,3.1418041591892294,27,62,0.43548387096774194,15,95
v2_target_relocation_s15,v2,target_relocation,15,random_regular,100,4,389,60,2.991501468554349,26,60,0.43333333333333335,97,53
v2_target_relocation_s15,v2,target_relocation,15,random_regular,100,4,390,166,3.9042622354965486,64,166,0.3855421686746988,0,81
v2_target_relocation_s15,v2,target_relocation,15,random_regular,100,4,391,3,0.6931471805579453,2,3,0.6666666666666666,59,29
v2_target_relocation_s15,v2,target_relocation,15,random_regular,100,4,392,35,2.8332133440392155,17,35,0.4857142857142857,65,72
v2_target_relocation_s15,v2,target_relocation,15,random_regular,100,4,393,126,3.7911563522557006,47,126,0.373015873015873,7,81
v2_target_relocation_s15,v2,target_relocation,15,random_regular,100,4,394,46,2.926417555478996,20,46,0.43478260869565216,2,95
v2_target_relocation_s15,v2,target_relocation,15,random_regular,100,4,395,8,1.0986122886651095,3,8,0.375,67,53
v2_target_relocation_s15,v2,target_relocation,15,random_regular,100,4,396,64,3.152706716658355,30,64,0.46875,25,29
v2_target_relocation_s15,v2,target_relocation,15,random_regular,100,4,397,29,2.484906649776,12,29,0.41379310344827586,79,53
v2_target_relocation_s15,v2,target_relocation,15,random_regular,100,4,398,15,1.9459101490483133,7,15,0.4666666666666667,60,72
v2_target_relocation_s15,v2,target_relocation,15,random_regular,100,4,399,54,3.0752205480323718,23,54,0.42592592592592593,33,53
v2_target_relocation_s15,v2,target_relocation,15,random_regular,100,4,400,48,2.751666616915516,17,48,0.3541666666666667,33,29
v2_target_relocation_s15,v2,target_relocation,15,random_regular,100,4,401,3,0.6931471805579453,2,3,0.6666666666666666,12,95
v2_target_relocation_s15,v2,target_relocation,15,random_regular,100,4,402,175,3.93571013135748,67,175,0.38285714285714284,78,53
v2_target_relocation_s15,v2,target_relocation,15,random_regular,100,4,403,208,4.030968766779129,86,208,0.41346153846153844,11,81
v2_target_relocation_s15,v2,target_relocation,15,random_regular,100,4,404,231,4.164211459937523,91,231,0.3939393939393939,12,72
v2_target_relocation_s15,v2,target_relocation,15,random_regular,100,4,405,8,0.6931471805579453,2,8,0.25,88,29
v2_target_relocation_s15,v2,target_relocation,15,random_regular,100,4,406,39,2.56315140640133,22,39,0.5641025641025641,99,29
v2_target_relocation_s15,v2,target_relocation,15,random_regular,100,4,407,15,1.7478680974607577,7,15,0.4666666666666667,11,29
v2_target_relocation_s15,v2,target_relocation,15,random_regular,100,4,408,172,4.008851331989533,71,172,0.4127906976744186,89,81
v2_target_relocation_s15,v2,target_relocation,15,random_regular,100,4,409,43,2.813355404483615,18,43,0.4186046511627907,3,72
v2_target_relocation_s15,v2,target_relocation,15,random_regular,100,4,410,138,3.41372852038248,45,138,0.32608695652173914,90,81
v2_target_relocation_s15,v2,target_relocation,15,random_regular,100,4,411,72,3.244454041235864,33,72,0.4583333333333333,16,81
v2_target_relocation_s15,v2,target_relocation,15,random_regular,100,4,412,14,1.0986122886651095,3,14,0.21428571428571427,38,29
v2_target_relocation_s15,v2,target_relocation,15,random_regular,100,4,413,324,4.466943559110178,127,324,0.39197530864197533,83,29
v2_target_relocation_s15,v2,target_relocation,15,random_regular,100,4,414,6,1.0986122886651095,3,6,0.5,64,95
v2_target_relocation_s15,v2,target_relocation,15,random_regular,100,4,415,7,1.0986122886651095,3,7,0.42857142857142855,96,81
v2_target_relocation_s15,v2,target_relocation,15,random_regular,100,4,416,125,3.701245691733744,52,125,0.416,65,53
v2_target_relocation_s15,v2,target_relocation,15,random_regular,100,4,417,111,3.485067165988883,47,111,0.42342342342342343,59,81
v2_target_relocation_s15,v2,target_relocation,15,random_regular,100,4,418,39,2.61563057701355,15,39,0.38461538461538464,89,53
v2_target_relocation_s15,v2,target_relocation,15,random_regular,100,4,419,26,1.9061547465328492,8,26,0.3076923076923077,67,29
v2_target_relocation_s15,v2,target_relocation,15,random_regular,100,4,420,61,3.335770806415738,32,61,0.5245901639344263,49,81
v2_target_relocation_s15,v2,target_relocation,15,random_regular,100,4,421,30,2.6701198897918164,17,30,0.5666666666666667,36,72
v2_target_relocation_s15,v2,target_relocation,15,random_regular,100,4,422,1,-1.000088900581841e-12,1,1,1.0,64,95
v2_target_relocation_s15,v2,target_relocation,15,random_regular,100,4,423,2,0.6931471805579453,2,2,1.0,4,72
v2_target_relocation_s15,v2,target_relocation,15,random_regular,100,4,424,30,2.484906649776,12,30,0.4,77,29
v2_target_relocation_s15,v2,target_relocation,15,random_regular,100,4,425,50,2.8332133440392155,17,50,0.34,54,72
v2_target_relocation_s15,v2,target_relocation,15,random_regular,100,4,426,80,3.4124897213676078,33,80,0.4125,35,95
v2_target_relocation_s15,v2,target_relocation,15,random_regular,100,4,427,1,-1.000088900581841e-12,1,1,1.0,33,95
v2_target_relocation_s15,v2,target_relocation,15,random_regular,100,4,428,58,3.0752205480323718,23,58,0.39655172413793105,98,81
v2_target_relocation_s15,v2,target_relocation,15,random_regular,100,4,429,63,3.10797227595561,25,63,0.3968253968253968,55,53
v2_target_relocation_s15,v2,target_relocation,15,random_regular,100,4,430,10,1.6094379124291005,5,10,0.5,63,29
v2_target_relocation_s15,v2,target_relocation,15,random_regular,100,4,431,10,2.079441541671836,8,10,0.8,57,81
v2_target_relocation_s15,v2,target_relocation,15,random_regular,100,4,432,10,1.5607104090364068,6,10,0.6,94,81
v2_target_relocation_s15,v2,target_relocation,15,random_regular,100,4,433,0,0.0,0,0,,53,53
v2_target_relocation_s15,v2,target_relocation,15,random_regular,100,4,434,23,2.079441541671836,8,23,0.34782608695652173,85,95
v2_target_relocation_s15,v2,target_relocation,15,random_regular,100,4,435,41,2.630253356374264,18,41,0.43902439024390244,6,72
v2_target_relocation_s15,v2,target_relocation,15,random_regular,100,4,436,1,-1.000088900581841e-12,1,1,1.0,83,72
v2_target_relocation_s15,v2,target_relocation,15,random_regular,100,4,437,25,2.4583113296710835,13,25,0.52,39,53
v2_target_relocation_s15,v2,target_relocation,15,random_regular,100,4,438,0,0.0,0,0,,53,53
v2_target_relocation_s15,v2,target_relocation,15,random_regular,100,4,439,4,-1.000088900581841e-12,1,4,0.25,42,29
v2_target_relocation_s15,v2,target_relocation,15,random_regular,100,4,440,263,4.27769238017607,104,263,0.39543726235741444,94,29
v2_target_relocation_s15,v2,target_relocation,15,random_regular,100,4,441,153,3.997783013196669,67,153,0.43790849673202614,6,81
v2_target_relocation_s15,v2,target_relocation,15,random_regular,100,4,442,11,1.0986122886651095,3,11,0.2727272727272727,86,53
v2_target_relocation_s15,v2,target_relocation,15,random_regular,100,4,443,22,1.3862943611158909,4,22,0.18181818181818182,79,53
v2_target_relocation_s15,v2,target_relocation,15,random_regular,100,4,444,25,1.8866967846510785,10,25,0.4,6,95
v2_target_relocation_s15,v2,target_relocation,15,random_regular,100,4,445,33,2.2718685126865625,11,33,0.3333333333333333,14,81
v2_target_relocation_s15,v2,target_relocation,15,random_regular,100,4,446,76,3.2580965379954825,26,76,0.34210526315789475,55,29
v2_target_relocation_s15,v2,target_relocation,15,random_regular,100,4,447,63,3.2826939972510645,28,63,0.4444444444444444,41,72
v2_target_relocation_s15,v2,target_relocation,15,random_regular,100,4,448,69,2.833738745611032,27,69,0.391304347826087,16,29
v2_target_relocation_s15,v2,target_relocation,15,random_regular,100,4,449,25,2.3978952727873706,11,25,0.44,54,95
v2_target_relocation_s15,v2,target_relocation,15,random_regular,100,4,450,21,1.7328679513938632,8,21,0.38095238095238093,85,95
v2_target_relocation_s15,v2,target_relocation,15,random_regular,100,4,451,18,1.791759469222055,6,18,0.3333333333333333,24,95
v2_target_relocation_s15,v2,target_relocation,15,random_regular,100,4,452,18,1.6094379124291005,5,18,0.2777777777777778,92,72
v2_target_relocation_s15,v2,target_relocation,15,random_regular,100,4,453,0,0.0,0,0,,72,72
v2_target_relocation_s15,v2,target_relocation,15,random_regular,100,4,454,69,3.2924491076317413,32,69,0.463768115942029,7,95
v2_target_relocation_s15,v2,target_relocation,15,random_regular,100,4,455,214,4.182612358587583,81,214,0.37850467289719625,24,53
v2_target_relocation_s15,v2,target_relocation,15,random_regular,100,4,456,82,3.5646232985788124,38,82,0.4634146341463415,41,81
v2_target_relocation_s15,v2,target_relocation,15,random_regular,100,4,457,38,2.61563057701355,15,38,0.39473684210526316,60,53
v2_target_relocation_s15,v2,target_relocation,15,random_regular,100,4,458,19,2.0431918705371204,9,19,0.47368421052631576,45,95
v2_target_relocation_s15,v2,target_relocation,15,random_regular,100,4,459,258,4.285770882383857,105,258,0.4069767441860465,14,53
v2_target_relocation_s15,v2,target_relocation,15,random_regular,100,4,460,115,3.866068812498448,59,115,0.5130434782608696,31,72
v2_target_relocation_s15,v2,target_relocation,15,random_regular,100,4,461,49,2.6593226976945163,18,49,0.3673469387755102,15,72
v2_target_relocation_s15,v2,target_relocation,15,random_regular,100,4,462,1,-1.000088900581841e-12,1,1,1.0,18,72
v2_target_relocation_s15,v2,target_relocation,15,random_regular,100,4,463,33,2.4583113296710835,13,33,0.3939393939393939,39,53
v2_target_relocation_s15,v2,target_relocation,15,random_regular,100,4,464,33,2.484906649776,12,33,0.36363636363636365,28,29
v2_target_relocation_s15,v2,target_relocation,15,random_regular,100,4,465,3,0.6931471805579453,2,3,0.6666666666666666,12,95
v2_target_relocation_s15,v2,target_relocation,15,random_regular,100,4,466,214,4.07553156044207,85,214,0.397196261682243,88,53
v2_target_relocation_s15,v2,target_relocation,15,random_regular,100,4,467,26,2.1458417525857545,11,26,0.4230769230769231,8,72
v2_target_relocation_s15,v2,target_relocation,15,random_regular,100,4,468,18,2.1458417525857545,11,18,0.6111111111111112,51,29
v2_target_relocation_s15,v2,target_relocation,15,random_regular,100,4,469,5,1.0986122886651095,3,5,0.6,83,72
v2_target_relocation_s15,v2,target_relocation,15,random_regular,100,4,470,9,1.3862943611158909,4,9,0.4444444444444444,99,95
v2_target_relocation_s15,v2,target_relocation,15,random_regular,100,4,471,47,2.725550395815721,19,47,0.40425531914893614,79,29
v2_target_relocation_s15,v2,target_relocation,15,random_regular,100,4,472,51,2.6701198897918164,17,51,0.3333333333333333,2,81
v2_target_relocation_s15,v2,target_relocation,15,random_regular,100,4,473,146,3.925923084888047,64,146,0.4383561643835616,10,29
v2_target_relocation_s15,v2,target_relocation,15,random_regular,100,4,474,40,2.484906649776,12,40,0.3,93,95
v2_target_relocation_s15,v2,target_relocation,15,random_regular,100,4,475,70,2.9329842589287325,30,70,0.42857142857142855,84,81
v2_target_relocation_s15,v2,target_relocation,15,random_regular,100,4,476,4,0.6931471805579453,2,4,0.5,9,95
v2_target_relocation_s15,v2,target_relocation,15,random_regular,100,4,477,63,3.062529300232621,24,63,0.38095238095238093,82,29
v2_target_relocation_s15,v2,target_relocation,15,random_regular,100,4,478,13,1.9061547465328492,8,13,0.6153846153846154,34,95
v2_target_relocation_s15,v2,target_relocation,15,random_regular,100,4,479,27,2.540036303807981,14,27,0.5185185185185185,47,29
v2_target_relocation_s15,v2,target_relocation,15,random_regular,100,4,480,52,2.7283523700752608,23,52,0.4423076923076923,42,95
v2_target_relocation_s15,v2,target_relocation,15,random_regular,100,4,481,19,2.079441541671836,8,19,0.42105263157894735,91,72
v2_target_relocation_s15,v2,target_relocation,15,random_regular,100,4,482,66,3.1780538303239454,24,66,0.36363636363636365,40,53
v2_target_relocation_s15,v2,target_relocation,15,random_regular,100,4,483,68,3.0904599235931967,27,68,0.39705882352941174,30,29
v2_target_relocation_s15,v2,target_relocation,15,random_regular,100,4,484,2,0.6931471805579453,2,2,1.0,9,29
v2_target_relocation_s15,v2,target_relocation,15,random_regular,100,4,485,79,3.4011973816321546,30,79,0.379746835443038,70,81
v2_target_relocation_s15,v2,target_relocation,15,random_regular,100,4,486,0,0.0,0,0,,95,95
v2_target_relocation_s15,v2,target_relocation,15,random_regular,100,4,487,128,3.4911163241998726,43,128,0.3359375,83,29
v2_target_relocation_s15,v2,target_relocation,15,random_regular,100,4,488,1,-1.000088900581841e-12,1,1,1.0,77,81
v2_target_relocation_s15,v2,target_relocation,15,random_regular,100,4,489,2,-1.000088900581841e-12,1,2,0.5,64,95
v2_target_relocation_s15,v2,target_relocation,15,random_regular,100,4,490,36,2.3383717047925723,15,36,0.4166666666666667,66,81
v2_target_relocation_s15,v2,target_relocation,15,random_regular,100,4,491,44,3.1418041591892294,27,44,0.6136363636363636,35,29
v2_target_relocation_s15,v2,target_relocation,15,random_regular,100,4,492,149,3.860623457522692,54,149,0.3624161073825503,97,95
v2_target_relocation_s15,v2,target_relocation,15,random_regular,100,4,493,36,2.4583113296710835,13,36,0.3611111111111111,2,29
v2_target_relocation_s15,v2,target_relocation,15,random_regular,100,4,494,27,2.540036303807981,14,27,0.5185185185185185,66,95
v2_target_relocation_s15,v2,target_relocation,15,random_regular,100,4,495,131,3.970291913499123,53,131,0.40458015267175573,74,53
v2_target_relocation_s15,v2,target_relocation,15,random_regular,100,4,496,60,3.1282795608038727,29,60,0.48333333333333334,80,29
v2_target_relocation_s15,v2,target_relocation,15,random_regular,100,4,497,3,0.6931471805579453,2,3,0.6666666666666666,62,72
v2_target_relocation_s15,v2,target_relocation,15,random_regular,100,4,498,15,2.197224577327219,9,15,0.6,64,95
v2_target_relocation_s15,v2,target_relocation,15,random_regular,100,4,499,74,3.1418041591892294,27,74,0.36486486486486486,89,53
v2_target_relocation_s15,v2,target_relocation,15,random_regular,100,4,500,30,2.5232109529398907,15,30,0.5,26,89
v2_target_relocation_s15,v2,target_relocation,15,random_regular,100,4,501,22,1.9459101490483133,7,22,0.3181818181818182,40,57
v2_target_relocation_s15,v2,target_relocation,15,random_regular,100,4,502,52,2.8464803861168675,21,52,0.40384615384615385,54,58
v2_target_relocation_s15,v2,target_relocation,15,random_regular,100,4,503,344,4.431930031780821,131,344,0.3808139534883721,42,57
v2_target_relocation_s15,v2,target_relocation,15,random_regular,100,4,504,19,1.3862943611158909,4,19,0.21052631578947367,84,58
v2_target_relocation_s15,v2,target_relocation,15,random_regular,100,4,505,42,2.6701198897918164,17,42,0.40476190476190477,61,89
v2_target_relocation_s15,v2,target_relocation,15,random_regular,100,4,506,73,3.363267070336762,34,73,0.4657534246575342,82,89
v2_target_relocation_s15,v2,target_relocation,15,random_regular,100,4,507,18,2.0431918705371204,9,18,0.5,67,89
v2_target_relocation_s15,v2,target_relocation,15,random_regular,100,4,508,155,3.684198331945803,57,155,0.36774193548387096,38,89
v2_target_relocation_s15,v2,target_relocation,15,random_regular,100,4,509,119,3.573554040099918,47,119,0.3949579831932773,25,58
v2_target_relocation_s15,v2,target_relocation,15,random_regular,100,4,510,281,4.396376625543654,105,281,0.3736654804270463,1,57
v2_target_relocation_s15,v2,target_relocation,15,random_regular,100,4,511,69,3.080476306973153,29,69,0.42028985507246375,69,58
v2_target_relocation_s15,v2,target_relocation,15,random_regular,100,4,512,3,0.6931471805579453,2,3,0.6666666666666666,36,14
v2_target_relocation_s15,v2,target_relocation,15,random_regular,100,4,513,66,3.4124897213676078,33,66,0.5,34,58
v2_target_relocation_s15,v2,target_relocation,15,random_regular,100,4,514,3,0.6931471805579453,2,3,0.6666666666666666,31,14
v2_target_relocation_s15,v2,target_relocation,15,random_regular,100,4,515,36,2.8903717578781647,18,36,0.5,27,57
v2_target_relocation_s15,v2,target_relocation,15,random_regular,100,4,516,172,4.064063933483357,64,172,0.37209302325581395,73,57
v2_target_relocation_s15,v2,target_relocation,15,random_regular,100,4,517,129,3.685841755717329,55,129,0.4263565891472868,68,57
v2_target_relocation_s15,v2,target_relocation,15,random_regular,100,4,518,210,4.399078223224556,99,210,0.4714285714285714,56,14
v2_target_relocation_s15,v2,target_relocation,15,random_regular,100,4,519,53,2.484366839959801,20,53,0.37735849056603776,23,14
v2_target_relocation_s15,v2,target_relocation,15,random_regular,100,4,520,61,3.163424050399405,25,61,0.4098360655737705,27,19
v2_target_relocation_s15,v2,target_relocation,15,random_regular,100,4,521,0,0.0,0,0,,19,19
v2_target_relocation_s15,v2,target_relocation,15,random_regular,100,4,522,66,3.204777524107256,26,66,0.3939393939393939,44,58
v2_target_relocation_s15,v2,target_relocation,15,random_regular,100,4,523,10,1.791759469222055,6,10,0.6,94,19
v2_target_relocation_s15,v2,target_relocation,15,random_regular,100,4,524,228,4.34044028237956,94,228,0.41228070175438597,43,58
v2_target_relocation_s15,v2,target_relocation,15,random_regular,100,4,525,106,3.587834535437795,43,106,0.4056603773584906,0,89
v2_target_relocation_s15,v2,target_relocation,15,random_regular,100,4,526,0,0.0,0,0,,89,89
v2_target_relocation_s15,v2,target_relocation,15,random_regular,100,4,527,257,4.505552402131686,116,257,0.45136186770428016,3,57
v2_target_relocation_s15,v2,target_relocation,15,random_regular,100,4,528,33,2.540036303807981,14,33,0.42424242424242425,71,14
v2_target_relocation_s15,v2,target_relocation,15,random_regular,100,4,529,37,2.7985132569262934,19,37,0.5135135135135135,27,57
v2_target_relocation_s15,v2,target_relocation,15,random_regular,100,4,530,7,0.6931471805579453,2,7,0.2857142857142857,50,58
v2_target_relocation_s15,v2,target_relocation,15,random_regular,100,4,531,36,2.2718685126865625,11,36,0.3055555555555556,22,57
v2_target_relocation_s15,v2,target_relocation,15,random_regular,100,4,532,87,3.485587161020812,34,87,0.39080459770114945,75,89
v2_target_relocation_s15,v2,target_relocation,15,random_regular,100,4,533,2,0.6931471805579453,2,2,1.0,7,14
v2_target_relocation_s15,v2,target_relocation,15,random_regular,100,4,534,1,-1.000088900581841e-12,1,1,1.0,88,58
v2_target_relocation_s15,v2,target_relocation,15,random_regular,100,4,535,118,3.924584211585814,52,118,0.4406779661016949,96,57
v2_target_relocation_s15,v2,target_relocation,15,random_regular,100,4,536,54,3.0149468801585937,23,54,0.42592592592592593,17,14
v2_target_relocation_s15,v2,target_relocation,15,random_regular,100,4,537,11,1.3862943611158909,4,11,0.36363636363636365,84,58
v2_target_relocation_s15,v2,target_relocation,15,random_regular,100,4,538,63,2.9650156932365066,22,63,0.3492063492063492,5,58
v2_target_relocation_s15,v2,target_relocation,15,random_regular,100,4,539,8,1.6094379124291005,5,8,0.625,98,57
v2_target_relocation_s15,v2,target_relocation,15,random_regular,100,4,540,10,1.3862943611158909,4,10,0.4,68,14
v2_target_relocation_s15,v2,target_relocation,15,random_regular,100,4,541,92,3.480935299911953,40,92,0.43478260869565216,72,89
v2_target_relocation_s15,v2,target_relocation,15,random_regular,100,4,542,11,1.5607104090364068,6,11,0.5454545454545454,51,58
v2_target_relocation_s15,v2,target_relocation,15,random_regular,100,4,543,43,2.4583113296710835,13,43,0.3023255813953488,86,57
v2_target_relocation_s15,v2,target_relocation,15,random_regular,100,4,544,24,2.61563057701355,15,24,0.625,81,19
v2_target_relocation_s15,v2,target_relocation,15,random_regular,100,4,545,83,3.286462961268799,33,83,0.39759036144578314,96,89
v2_target_relocation_s15,v2,target_relocation,15,random_regular,100,4,546,184,3.989326059298703,71,184,0.3858695652173913,40,14
v2_target_relocation_s15,v2,target_relocation,15,random_regular,100,4,547,47,2.553237002979714,18,47,0.3829787234042553,73,57
v2_target_relocation_s15,v2,target_relocation,15,random_regular,100,4,548,40,2.61563057701355,15,40,0.375,81,89
v2_target_relocation_s15,v2,target_relocation,15,random_regular,100,4,549,250,4.394525891009086,113,250,0.452,3,58
v2_target_relocation_s15,v2,target_relocation,15,random_regular,100,4,550,36,2.7080502010872096,15,36,0.4166666666666667,21,58
v2_target_relocation_s15,v2,target_relocation,15,random_regular,100,4,551,47,2.926417555478996,20,47,0.425531914893617,38,57
v2_target_relocation_s15,v2,target_relocation,15,random_regular,100,4,552,50,3.0047670351869598,24,50,0.48,96,89
v2_target_relocation_s15,v2,target_relocation,15,random_regular,100,4,553,64,3.044522437702424,21,64,0.328125,12,57
v2_target_relocation_s15,v2,target_relocation,15,random_regular,100,4,554,5,0.6931471805579453,2,5,0.4,9,57
v2_target_relocation_s15,v2,target_relocation,15,random_regular,100,4,555,38,2.3978952727873706,11,38,0.2894736842105263,40,57
v2_target_relocation_s15,v2,target_relocation,15,random_regular,100,4,556,58,2.736339051089065,18,58,0.3103448275862069,48,89
v2_target_relocation_s15,v2,target_relocation,15,random_regular,100,4,557,12,1.791759469222055,6,12,0.5,78,19
v2_target_relocation_s15,v2,target_relocation,15,random_regular,100,4,558,82,3.1282795608038727,29,82,0.35365853658536583,12,58
v2_target_relocation_s15,v2,target_relocation,15,random_regular,100,4,559,22,2.484906649776,12,22,0.5454545454545454,77,14
v2_target_relocation_s15,v2,target_relocation,15,random_regular,100,4,560,53,2.813355404483615,18,53,0.33962264150943394,91,57
v2_target_relocation_s15,v2,target_relocation,15,random_regular,100,4,561,122,3.736252459756052,55,122,0.45081967213114754,90,89
v2_target_relocation_s15,v2,target_relocation,15,random_regular,100,4,562,0,0.0,0,0,,58,58
v2_target_relocation_s15,v2,target_relocation,15,random_regular,100,4,563,29,2.1458417525857545,11,29,0.3793103448275862,10,58
v2_target_relocation_s15,v2,target_relocation,15,random_regular,100,4,564,79,3.0710803627130283,27,79,0.34177215189873417,99,19
v2_target_relocation_s15,v2,target_relocation,15,random_regular,100,4,565,35,2.3516733018936304,13,35,0.37142857142857144,13,14
v2_target_relocation_s15,v2,target_relocation,15,random_regular,100,4,566,14,2.0253262207620675,10,14,0.7142857142857143,78,57
v2_target_relocation_s15,v2,target_relocation,15,random_regular,100,4,567,0,0.0,0,0,,89,89
v2_target_relocation_s15,v2,target_relocation,15,random_regular,100,4,568,22,1.6094379124291005,5,22,0.22727272727272727,68,89
v2_target_relocation_s15,v2,target_relocation,15,random_regular,100,4,569,82,3.3969144201875685,35,82,0.4268292682926829,17,58
v2_target_relocation_s15,v2,target_relocation,15,random_regular,100,4,570,72,3.2551105127007407,31,72,0.4305555555555556,94,58
v2_target_relocation_s15,v2,target_relocation,15,random_regular,100,4,571,377,4.312275755647251,130,377,0.3448275862068966,6,58
v2_target_relocation_s15,v2,target_relocation,15,random_regular,100,4,572,10,1.791759469222055,6,10,0.6,11,58
v2_target_relocation_s15,v2,target_relocation,15,random_regular,100,4,573,3,-1.000088900581841e-12,1,3,0.3333333333333333,50,19
v2_target_relocation_s15,v2,target_relocation,15,random_regular,100,4,574,20,1.9061547465328492,8,20,0.4,91,58
v2_target_relocation_s15,v2,target_relocation,15,random_regular,100,4,575,44,2.9444389791474395,19,44,0.4318181818181818,23,14
v2_target_relocation_s15,v2,target_relocation,15,random_regular,100,4,576,53,3.120291565278284,24,53,0.4528301886792453,83,57
v2_target_relocation_s15,v2,target_relocation,15,random_regular,100,4,577,54,3.120291565278284,24,54,0.4444444444444444,6,14
v2_target_relocation_s15,v2,target_relocation,15,random_regular,100,4,578,24,2.253857589591352,12,24,0.5,1,19
v2_target_relocation_s15,v2,target_relocation,15,random_regular,100,4,579,55,3.0752205480323718,23,55,0.41818181818181815,53,14
v2_target_relocation_s15,v2,target_relocation,15,random_regular,100,4,580,136,3.8213821184280383,55,136,0.40441176470588236,33,19
v2_target_relocation_s15,v2,target_relocation,15,random_regular,100,4,581,9,1.039720770836918,4,9,0.4444444444444444,34,57
v2_target_relocation_s15,v2,target_relocation,15,random_regular,100,4,582,119,3.690215907606963,50,119,0.42016806722689076,38,57
v2_target_relocation_s15,v2,target_relocation,15,random_regular,100,4,583,62,3.052520501511814,25,62,0.4032258064516129,85,89
v2_target_relocation_s15,v2,target_relocation,15,random_regular,100,4,584,148,3.731678821155081,58,148,0.3918918918918919,18,89
v2_target_relocation_s15,v2,target_relocation,15,random_regular,100,4,585,20,2.2718685126865625,11,20,0.55,27,58
v2_target_relocation_s15,v2,target_relocation,15,random_regular,100,4,586,115,3.4857612634947617,46,115,0.4,43,57
v2_target_relocation_s15,v2,target_relocation,15,random_regular,100,4,587,112,3.5355242894287437,43,112,0.38392857142857145,13,57
v2_target_relocation_s15,v2,target_relocation,15,random_regular,100,4,588,56,3.233183484354926,28,56,0.5,97,19
v2_target_relocation_s15,v2,target_relocation,15,random_regular,100,4,589,34,2.4410152780147034,14,34,0.4117647058823529,38,57
v2_target_relocation_s15,v2,target_relocation,15,random_regular,100,4,590,9,1.6094379124291005,5,9,0.5555555555555556,4,58
v2_target_relocation_s15,v2,target_relocation,15,random_regular,100,4,591,56,2.8332133440392155,17,56,0.30357142857142855,27,58
v2_target_relocation_s15,v2,target_relocation,15,random_regular,100,4,592,204,4.169390008591522,85,204,0.4166666666666667,31,14
v2_target_relocation_s15,v2,target_relocation,15,random_regular,100,4,593,86,3.319492576126754,29,86,0.3372093023255814,87,57
v2_target_relocation_s15,v2,target_relocation,15,random_regular,100,4,594,57,3.0904599235931967,27,57,0.47368421052631576,79,14
v2_target_relocation_s15,v2,target_relocation,15,random_regular,100,4,595,188,4.015640887306359,68,188,0.3617021276595745,77,14
v2_target_relocation_s15,v2,target_relocation,15,random_regular,100,4,596,190,3.937644439618829,77,190,0.4052631578947368,99,19
v2_target_relocation_s15,v2,target_relocation,15,random_regular,100,4,597,56,2.9785084205072385,21,56,0.375,21,14
v2_target_relocation_s15,v2,target_relocation,15,random_regular,100,4,598,36,2.484906649776,12,36,0.3333333333333333,71,89
v2_target_relocation_s15,v2,target_relocation,15,random_regular,100,4,599,107,3.302747652589445,35,107,0.32710280373831774,86,19
v2_target_relocation_s15,v2,target_relocation,15,random_regular,100,4,600,2,0.6931471805579453,2,2,1.0,36,19
v2_target_relocation_s15,v2,target_relocation,15,random_regular,100,4,601,188,4.158871493748898,79,188,0.42021276595744683,32,89
v2_target_relocation_s15,v2,target_relocation,15,random_regular,100,4,602,53,3.052520501511814,25,53,0.4716981132075472,29,57
v2_target_relocation_s15,v2,target_relocation,15,random_regular,100,4,603,128,3.476887663552278,41,128,0.3203125,3,57
v2_target_relocation_s15,v2,target_relocation,15,random_regular,100,4,604,28,2.8332133440392155,17,28,0.6071428571428571,52,19
v2_target_relocation_s15,v2,target_relocation,15,random_regular,100,4,605,34,2.7080502010872096,15,34,0.4411764705882353,82,14
v2_target_relocation_s15,v2,target_relocation,15,random_regular,100,4,606,46,2.8903717578781647,18,46,0.391304347826087,42,14
v2_target_relocation_s15,v2,target_relocation,15,random_regular,100,4,607,65,3.3322045101472035,28,65,0.4307692307692308,69,58
v2_target_relocation_s15,v2,target_relocation,15,random_regular,100,4,608,65,2.8269442985685598,27,65,0.4153846153846154,52,58
v2_target_relocation_s15,v2,target_relocation,15,random_regular,100,4,609,96,3.3573060098708574,35,96,0.3645833333333333,46,58
v2_target_relocation_s15,v2,target_relocation,15,random_regular,100,4,610,87,3.128724192456989,33,87,0.3793103448275862,4,19
v2_target_relocation_s15,v2,target_relocation,15,random_regular,100,4,611,52,3.14180415918923,27,52,0.5192307692307693,0,19
v2_target_relocation_s15,v2,target_relocation,15,random_regular,100,4,612,6,0.6931471805579453,2,6,0.3333333333333333,41,19
v2_target_relocation_s15,v2,target_relocation,15,random_regular,100,4,613,60,3.2826939972510645,28,60,0.4666666666666667,32,89
v2_target_relocation_s15,v2,target_relocation,15,random_regular,100,4,614,33,2.484906649776,12,33,0.36363636363636365,10,57
v2_target_relocation_s15,v2,target_relocation,15,random_regular,100,4,615,241,4.315007002773188,106,241,0.43983402489626555,26,57
v2_target_relocation_s15,v2,target_relocation,15,random_regular,100,4,616,10,0.6931471805579453,2,10,0.2,30,57
v2_target_relocation_s15,v2,target_relocation,15,random_regular,100,4,617,24,1.5607104090364066,6,24,0.25,42,58
v2_target_relocation_s15,v2,target_relocation,15,random_regular,100,4,618,14,1.791759469222055,6,14,0.42857142857142855,6,14
v2_target_relocation_s15,v2,target_relocation,15,random_regular,100,4,619,9,1.3862943611158909,4,9,0.4444444444444444,95,58
v2_target_relocation_s15,v2,target_relocation,15,random_regular,100,4,620,133,3.632545289508276,47,133,0.3533834586466165,12,89
v2_target_relocation_s15,v2,target_relocation,15,random_regular,100,4,621,124,3.735202719174468,50,124,0.4032258064516129,72,58
v2_target_relocation_s15,v2,target_relocation,15,random_regular,100,4,622,19,1.7328679513938632,8,19,0.42105263157894735,4,58
v2_target_relocation_s15,v2,target_relocation,15,random_regular,100,4,623,13,-1.000088900581841e-12,1,13,0.07692307692307693,88,58
v2_target_relocation_s15,v2,target_relocation,15,random_regular,100,4,624,285,4.509332814767268,128,285,0.44912280701754387,77,14
v2_target_relocation_s15,v2,target_relocation,15,random_regular,100,4,625,44,2.18083952704762,17,44,0.38636363636363635,96,57
v2_target_relocation_s15,v2,target_relocation,15,random_regular,100,4,626,34,2.5232109529398907,15,34,0.4411764705882353,85,58
v2_target_relocation_s15,v2,target_relocation,15,random_regular,100,4,627,9,1.6094379124291005,5,9,0.5555555555555556,9,57
v2_target_relocation_s15,v2,target_relocation,15,random_regular,100,4,628,21,1.791759469222055,6,21,0.2857142857142857,78,58
v2_target_relocation_s15,v2,target_relocation,15,random_regular,100,4,629,59,2.9650156932365066,22,59,0.3728813559322034,3,89
v2_target_relocation_s15,v2,target_relocation,15,random_regular,100,4,630,3,-1.000088900581841e-12,1,3,0.3333333333333333,88,58
v2_target_relocation_s15,v2,target_relocation,15,random_regular,100,4,631,86,3.3719715798974432,37,86,0.43023255813953487,1,57
v2_target_relocation_s15,v2,target_relocation,15,random_regular,100,4,632,10,1.6094379124291005,5,10,0.5,59,89
v2_target_relocation_s15,v2,target_relocation,15,random_regular,100,4,633,9,0.6931471805579453,2,9,0.2222222222222222,62,19
v2_target_relocation_s15,v2,target_relocation,15,random_regular,100,4,634,8,1.3862943611158909,4,8,0.5,1,89
v2_target_relocation_s15,v2,target_relocation,15,random_regular,100,4,635,17,1.7328679513938632,8,17,0.47058823529411764,63,19
v2_target_relocation_s15,v2,target_relocation,15,random_regular,100,4,636,97,3.309253284695306,38,97,0.3917525773195876,34,57
v2_target_relocation_s15,v2,target_relocation,15,random_regular,100,4,637,217,4.309003628378499,93,217,0.42857142857142855,80,58
v2_target_relocation_s15,v2,target_relocation,15,random_regular,100,4,638,12,0.6931471805579453,2,12,0.16666666666666666,7,58
v2_target_relocation_s15,v2,target_relocation,15,random_regular,100,4,639,78,3.062529300232621,24,78,0.3076923076923077,28,89
v2_target_relocation_s15,v2,target_relocation,15,random_regular,100,4,640,50,3.158039775194436,29,50,0.58,94,57
v2_target_relocation_s15,v2,target_relocation,15,random_regular,100,4,641,235,4.2510328732344576,104,235,0.4425531914893617,61,57
v2_target_relocation_s15,v2,target_relocation,15,random_regular,100,4,642,25,2.7080502010872096,15,25,0.6,2,58
v2_target_relocation_s15,v2,target_relocation,15,random_regular,100,4,643,5,0.6931471805579453,2,5,0.4,45,14
v2_target_relocation_s15,v2,target_relocation,15,random_regular,100,4,644,62,2.9785084205072385,21,62,0.3387096774193548,4,89
v2_target_relocation_s15,v2,target_relocation,15,random_regular,100,4,645,73,3.2163581334868363,30,73,0.410958904109589,34,57
v2_target_relocation_s15,v2,target_relocation,15,random_regular,100,4,646,111,3.6979142157259046,48,111,0.43243243243243246,0,14
v2_target_relocation_s15,v2,target_relocation,15,random_regular,100,4,647,144,4.157527105084593,73,144,0.5069444444444444,72,58
v2_target_relocation_s15,v2,target_relocation,15,random_regular,100,4,648,339,4.590125905340519,138,339,0.40707964601769914,53,58
v2_target_relocation_s15,v2,target_relocation,15,random_regular,100,4,649,3,-1.000088900581841e-12,1,3,0.3333333333333333,84,89
v2_target_relocation_s15,v2,target_relocation,15,random_regular,100,4,650,259,4.106744726417298,105,259,0.40540540540540543,55,89
v2_target_relocation_s15,v2,target_relocation,15,random_regular,100,4,651,208,4.129468887044433,100,208,0.4807692307692308,93,14
v2_target_relocation_s15,v2,target_relocation,15,random_regular,100,4,652,18,2.2718685126865625,11,18,0.6111111111111112,49,14
v2_target_relocation_s15,v2,target_relocation,15,random_regular,100,4,653,370,4.408740429472039,152,370,0.41081081081081083,4,57
v2_target_relocation_s15,v2,target_relocation,15,random_regular,100,4,654,46,2.7080502010872096,15,46,0.32608695652173914,94,14
v2_target_relocation_s15,v2,target_relocation,15,random_regular,100,4,655,22,1.9459101490483133,7,22,0.3181818181818182,67,14
v2_target_relocation_s15,v2,target_relocation,15,random_regular,100,4,656,66,3.271689322296034,29,66,0.4393939393939394,74,57
v2_target_relocation_s15,v2,target_relocation,15,random_regular,100,4,657,57,3.0149468801585937,23,57,0.40350877192982454,0,19
v2_target_relocation_s15,v2,target_relocation,15,random_regular,100,4,658,335,4.534578764601078,133,335,0.3970149253731343,29,58
v2_target_relocation_s15,v2,target_relocation,15,random_regular,100,4,659,10,1.3862943611158909,4,10,0.4,64,58
v2_target_relocation_s15,v2,target_relocation,15,random_regular,100,4,660,41,2.912494403312053,21,41,0.5121951219512195,44,89
v2_target_relocation_s15,v2,target_relocation,15,random_regular,100,4,661,0,0.0,0,0,,89,89
v2_target_relocation_s15,v2,target_relocation,15,random_regular,100,4,662,90,3.2551105127007407,31,90,0.34444444444444444,30,19
v2_target_relocation_s15,v2,target_relocation,15,random_regular,100,4,663,0,0.0,0,0,,14,14
v2_target_relocation_s15,v2,target_relocation,15,random_regular,100,4,664,28,2.0431918705371204,9,28,0.32142857142857145,78,57
v2_target_relocation_s15,v2,target_relocation,15,random_regular,100,4,665,25,2.079441541671836,8,25,0.32,65,58
v2_target_relocation_s15,v2,target_relocation,15,random_regular,100,4,666,13,1.3862943611158909,4,13,0.3076923076923077,17,19
v2_target_relocation_s15,v2,target_relocation,15,random_regular,100,4,667,45,3.233183484354926,28,45,0.6222222222222222,80,14
v2_target_relocation_s15,v2,target_relocation,15,random_regular,100,4,668,39,2.523210952939891,15,39,0.38461538461538464,77,58
v2_target_relocation_s15,v2,target_relocation,15,random_regular,100,4,669,67,3.271689322296034,29,67,0.43283582089552236,71,58
v2_target_relocation_s15,v2,target_relocation,15,random_regular,100,4,670,58,2.5520852976069657,19,58,0.3275862068965517,65,19
v2_target_relocation_s15,v2,target_relocation,15,random_regular,100,4,671,49,3.163424050399405,25,49,0.5102040816326531,61,14
v2_target_relocation_s15,v2,target_relocation,15,random_regular,100,4,672,44,2.9650156932365066,22,44,0.5,22,19
v2_target_relocation_s15,v2,target_relocation,15,random_regular,100,4,673,59,3.1487931944445364,31,59,0.5254237288135594,44,89
v2_target_relocation_s15,v2,target_relocation,15,random_regular,100,4,674,6,0.6931471805579453,2,6,0.3333333333333333,60,19
v2_target_relocation_s15,v2,target_relocation,15,random_regular,100,4,675,15,1.791759469222055,6,15,0.4,10,19
v2_target_relocation_s15,v2,target_relocation,15,random_regular,100,4,676,0,0.0,0,0,,57,57
v2_target_relocation_s15,v2,target_relocation,15,random_regular,100,4,677,164,4.007257137555183,64,164,0.3902439024390244,70,19
v2_target_relocation_s15,v2,target_relocation,15,random_regular,100,4,678,60,3.2238860684653137,29,60,0.48333333333333334,23,19
v2_target_relocation_s15,v2,target_relocation,15,random_regular,100,4,679,43,2.6593226976945163,18,43,0.4186046511627907,23,57
v2_target_relocation_s15,v2,target_relocation,15,random_regular,100,4,680,179,3.8748138528584937,73,179,0.40782122905027934,83,14
v2_target_relocation_s15,v2,target_relocation,15,random_regular,100,4,681,129,3.823096663177728,51,129,0.3953488372093023,59,89
v2_target_relocation_s15,v2,target_relocation,15,random_regular,100,4,682,94,3.7220699681345786,49,94,0.5212765957446809,23,89
v2_target_relocation_s15,v2,target_relocation,15,random_regular,100,4,683,122,3.731290168531232,51,122,0.4180327868852459,98,58
v2_target_relocation_s15,v2,target_relocation,15,random_regular,100,4,684,11,1.6094379124291005,5,11,0.45454545454545453,68,89
v2_target_relocation_s15,v2,target_relocation,15,random_regular,100,4,685,152,3.866068812498448,59,152,0.3881578947368421,2,58
v2_target_relocation_s15,v2,target_relocation,15,random_regular,100,4,686,122,3.8922316915883615,56,122,0.45901639344262296,39,57
v2_target_relocation_s15,v2,target_relocation,15,random_regular,100,4,687,18,1.9459101490483133,7,18,0.3888888888888889,60,14
v2_target_relocation_s15,v2,target_relocation,15,random_regular,100,4,688,127,3.74504940701088,45,127,0.3543307086614173,66,89
v2_target_relocation_s15,v2,target_relocation,15,random_regular,100,4,689,370,4.586819658101834,151,370,0.4081081081081081,21,14
v2_target_relocation_s15,v2,target_relocation,15,random_regular,100,4,690,83,3.4502855905397403,39,83,0.46987951807228917,25,19
v2_target_relocation_s15,v2,target_relocation,15,random_regular,100,4,691,3,-1.000088900581841e-12,1,3,0.3333333333333333,36,58
v2_target_relocation_s15,v2,target_relocation,15,random_regular,100,4,692,70,3.233183484354926,28,70,0.4,6,58
v2_target_relocation_s15,v2,target_relocation,15,random_regular,100,4,693,75,3.233183484354926,28,75,0.37333333333333335,80,14
v2_target_relocation_s15,v2,target_relocation,15,random_regular,100,4,694,0,0.0,0,0,,19,19
v2_target_relocation_s15,v2,target_relocation,15,random_regular,100,4,695,39,2.871476118036867,19,39,0.48717948717948717,68,58
v2_target_relocation_s15,v2,target_relocation,15,random_regular,100,4,696,14,1.9459101490483133,7,14,0.5,64,58
v2_target_relocation_s15,v2,target_relocation,15,random_regular,100,4,697,8,0.6931471805579453,2,8,0.25,62,19
v2_target_relocation_s15,v2,target_relocation,15,random_regular,100,4,698,47,2.6895357734519942,21,47,0.44680851063829785,99,58
v2_target_relocation_s15,v2,target_relocation,15,random_regular,100,4,699,86,3.5359830822784195,37,86,0.43023255813953487,32,58
v2_target_relocation_s15,v2,target_relocation,15,random_regular,100,4,700,25,2.2055983590163937,14,25,0.56,38,58
v2_target_relocation_s15,v2,target_relocation,15,random_regular,100,4,701,0,0.0,0,0,,89,89
v2_target_relocation_s15,v2,target_relocation,15,random_regular,100,4,702,2,0.6931471805579453,2,2,1.0,90,89
v2_target_relocation_s15,v2,target_relocation,15,random_regular,100,4,703,147,3.653343744579957,61,147,0.41496598639455784,69,14
v2_target_relocation_s15,v2,target_relocation,15,random_regular,100,4,704,101,3.658132080208479,48,101,0.4752475247524752,3,19
v2_target_relocation_s15,v2,target_relocation,15,random_regular,100,4,705,178,4.313857362639254,88,178,0.4943820224719101,18,14
v2_target_relocation_s15,v2,target_relocation,15,random_regular,100,4,706,49,2.4061595753848204,19,49,0.3877551020408163,79,58
v2_target_relocation_s15,v2,target_relocation,15,random_regular,100,4,707,22,2.813355404483615,18,22,0.8181818181818182,38,57
v2_target_relocation_s15,v2,target_relocation,15,random_regular,100,4,708,24,1.4941751382843085,8,24,0.3333333333333333,53,14
v2_target_relocation_s15,v2,target_relocation,15,random_regular,100,4,709,84,2.794354822819744,30,84,0.35714285714285715,59,89
v2_target_relocation_s15,v2,target_relocation,15,random_regular,100,4,710,19,1.6094379124291005,5,19,0.2631578947368421,5,57
v2_target_relocation_s15,v2,target_relocation,15,random_regular,100,4,711,37,2.772588722223781,16,37,0.43243243243243246,81,57
v2_target_relocation_s15,v2,target_relocation,15,random_regular,100,4,712,14,1.791759469222055,6,14,0.42857142857142855,30,57
v2_target_relocation_s15,v2,target_relocation,15,random_regular,100,4,713,99,3.671655601047183,42,99,0.42424242424242425,16,14
v2_target_relocation_s15,v2,target_relocation,15,random_regular,100,4,714,167,4.064871147117295,72,167,0.4311377245508982,2,14
v2_target_relocation_s15,v2,target_relocation,15,random_regular,100,4,715,132,3.786710656109511,59,132,0.44696969696969696,56,89
v2_target_relocation_s15,v2,target_relocation,15,random_regular,100,4,716,0,0.0,0,0,,14,14
v2_target_relocation_s15,v2,target_relocation,15,random_regular,100,4,717,77,3.0047670351869598,24,77,0.3116883116883117,92,14
v2_target_relocation_s15,v2,target_relocation,15,random_regular,100,4,718,80,3.1282795608038727,29,80,0.3625,80,19
v2_target_relocation_s15,v2,target_relocation,15,random_regular,100,4,719,28,2.3978952727873706,11,28,0.39285714285714285,26,58
v2_target_relocation_s15,v2,target_relocation,15,random_regular,100,4,720,123,3.701245691733744,52,123,0.42276422764227645,34,19
v2_target_relocation_s15,v2,target_relocation,15,random_regular,100,4,721,77,3.74504940701088,45,77,0.5844155844155844,98,58
v2_target_relocation_s15,v2,target_relocation,15,random_regular,100,4,722,156,4.0702573955586585,70,156,0.44871794871794873,43,14
v2_target_relocation_s15,v2,target_relocation,15,random_regular,100,4,723,24,2.0253262207620675,10,24,0.4166666666666667,56,89
v2_target_relocation_s15,v2,target_relocation,15,random_regular,100,4,724,53,3.0910424533363146,22,53,0.41509433962264153,38,58
v2_target_relocation_s15,v2,target_relocation,15,random_regular,100,4,725,17,1.3862943611158909,4,17,0.23529411764705882,97,19
v2_target_relocation_s15,v2,target_relocation,15,random_regular,100,4,726,26,2.3978952727873706,11,26,0.4230769230769231,62,57
v2_target_relocation_s15,v2,target_relocation,15,random_regular,100,4,727,82,3.455179006914453,38,82,0.4634146341463415,98,58
v2_target_relocation_s15,v2,target_relocation,15,random_regular,100,4,728,98,3.3861134216208097,37,98,0.37755102040816324,83,14
v2_target_relocation_s15,v2,target_relocation,15,random_regular,100,4,729,78,3.1282795608038727,29,78,0.3717948717948718,27,58
v2_target_relocation_s15,v2,target_relocation,15,random_regular,100,4,730,20,2.0431918705371204,9,20,0.45,21,58
v2_target_relocation_s15,v2,target_relocation,15,random_regular,100,4,731,16,1.791759469222055,6,16,0.375,24,89
v2_target_relocation_s15,v2,target_relocation,15,random_regular,100,4,732,170,3.806856243824932,61,170,0.3588235294117647,77,14
v2_target_relocation_s15,v2,target_relocation,15,random_regular,100,4,733,68,3.2058430290251567,29,68,0.4264705882352941,72,57
v2_target_relocation_s15,v2,target_relocation,15,random_regular,100,4,734,83,3.726795348248236,48,83,0.5783132530120482,42,57
v2_target_relocation_s15,v2,target_relocation,15,random_regular,100,4,735,10,1.791759469222055,6,10,0.6,9,58
v2_target_relocation_s15,v2,target_relocation,15,random_regular,100,4,736,157,3.7852599815353822,60,157,0.3821656050955414,85,19
v2_target_relocation_s15,v2,target_relocation,15,random_regular,100,4,737,132,3.574859421612143,51,132,0.38636363636363635,65,58
v2_target_relocation_s15,v2,target_relocation,15,random_regular,100,4,738,36,2.6701198897918164,17,36,0.4722222222222222,64,14
v2_target_relocation_s15,v2,target_relocation,15,random_regular,100,4,739,3,0.6931471805579453,2,3,0.6666666666666666,32,58
v2_target_relocation_s15,v2,target_relocation,15,random_regular,100,4,740,223,4.212080185091968,89,223,0.3991031390134529,77,19
v2_target_relocation_s15,v2,target_relocation,15,random_regular,100,4,741,88,3.379092505199735,32,88,0.36363636363636365,77,19
v2_target_relocation_s15,v2,target_relocation,15,random_regular,100,4,742,57,2.685945324654788,16,57,0.2807017543859649,88,14
v2_target_relocation_s15,v2,target_relocation,15,random_regular,100,4,743,48,2.61563057701355,15,48,0.3125,80,58
v2_target_relocation_s15,v2,target_relocation,15,random_regular,100,4,744,113,3.6745861847901296,52,113,0.46017699115044247,46,19
v2_target_relocation_s15,v2,target_relocation,15,random_regular,100,4,745,40,2.670119889791816,17,40,0.425,46,58
v2_target_relocation_s15,v2,target_relocation,15,random_regular,100,4,746,0,0.0,0,0,,89,89
v2_target_relocation_s15,v2,target_relocation,15,random_regular,100,4,747,5,1.0986122886651095,3,5,0.6,51,57
v2_target_relocation_s15,v2,target_relocation,15,random_regular,100,4,748,64,3.062529300232621,24,64,0.375,82,14
v2_target_relocation_s15,v2,target_relocation,15,random_regular,100,4,749,5,1.3862943611158909,4,5,0.8,85,89
v2_target_relocation_s15,v2,target_relocation,15,random_regular,100,4,750,39,2.7080502010872096,15,39,0.38461538461538464,90,89
v2_target_relocation_s15,v2,target_relocation,15,random_regular,100,4,751,82,2.8679224603750764,28,82,0.34146341463414637,66,19
v2_target_relocation_s15,v2,target_relocation,15,random_regular,100,4,752,8,0.6931471805579453,2,8,0.25,7,58
v2_target_relocation_s15,v2,target_relocation,15,random_regular,100,4,753,100,3.612135893901438,41,100,0.41,77,58
v2_target_relocation_s15,v2,target_relocation,15,random_regular,100,4,754,52,2.9444389791474395,19,52,0.36538461538461536,31,89
v2_target_relocation_s15,v2,target_relocation,15,random_regular,100,4,755,2,-1.000088900581841e-12,1,2,0.5,36,58
v2_target_relocation_s15,v2,target_relocation,15,random_regular,100,4,756,69,3.044820482442576,26,69,0.37681159420289856,88,89
v2_target_relocation_s15,v2,target_relocation,15,random_regular,100,4,757,8,1.3862943611158909,4,8,0.5,54,57
v2_target_relocation_s15,v2,target_relocation,15,random_regular,100,4,758,27,2.1458417525857545,11,27,0.4074074074074074,74,19
v2_target_relocation_s15,v2,target_relocation,15,random_regular,100,4,759,40,2.787788119369007,20,40,0.5,55,57
v2_target_relocation_s15,v2,target_relocation,15,random_regular,100,4,760,70,3.342356062906156,35,70,0.5,78,14
v2_target_relocation_s15,v2,target_relocation,15,random_regular,100,4,761,48,2.787788119369007,20,48,0.4166666666666667,83,14
v2_target_relocation_s15,v2,target_relocation,15,random_regular,100,4,762,42,2.787788119369007,20,42,0.47619047619047616,22,19
v2_target_relocation_s15,v2,target_relocation,15,random_regular,100,4,763,96,3.529403617510341,45,96,0.46875,97,58
v2_target_relocation_s15,v2,target_relocation,15,random_regular,100,4,764,4,1.0986122886651095,3,4,0.75,42,14
v2_target_relocation_s15,v2,target_relocation,15,random_regular,100,4,765,36,1.8018924006508723,15,36,0.4166666666666667,42,19
v2_target_relocation_s15,v2,target_relocation,15,random_regular,100,4,766,20,2.772588722223781,16,20,0.8,6,89
v2_target_relocation_s15,v2,target_relocation,15,random_regular,100,4,767,104,3.2663306919268704,34,104,0.3269230769230769,65,19
v2_target_relocation_s15,v2,target_relocation,15,random_regular,100,4,768,77,3.389268031515795,31,77,0.4025974025974026,82,14
v2_target_relocation_s15,v2,target_relocation,15,random_regular,100,4,769,10,1.0986122886651095,3,10,0.3,0,19
v2_target_relocation_s15,v2,target_relocation,15,random_regular,100,4,770,35,2.685945324654788,16,35,0.45714285714285713,23,58
v2_target_relocation_s15,v2,target_relocation,15,random_regular,100,4,771,12,1.3321790402061222,5,12,0.4166666666666667,46,58
v2_target_relocation_s15,v2,target_relocation,15,random_regular,100,4,772,36,2.540036303807981,14,36,0.3888888888888889,39,89
v2_target_relocation_s15,v2,target_relocation,15,random_regular,100,4,773,130,3.7110471077366913,55,130,0.4230769230769231,22,19
v2_target_relocation_s15,v2,target_relocation,15,random_regular,100,4,774,61,2.7283523700752608,23,61,0.3770491803278688,81,57
v2_target_relocation_s15,v2,target_relocation,15,random_regular,100,4,775,62,3.0315905757612325,25,62,0.4032258064516129,81,19
v2_target_relocation_s15,v2,target_relocation,15,random_regular,100,4,776,8,1.791759469222055,6,8,0.75,30,14
v2_target_relocation_s15,v2,target_relocation,15,random_regular,100,4,777,10,1.9459101490483133,7,10,0.7,10,89
v2_target_relocation_s15,v2,target_relocation,15,random_regular,100,4,778,55,3.218875824843201,25,55,0.45454545454545453,70,14
v2_target_relocation_s15,v2,target_relocation,15,random_regular,100,4,779,81,3.183672971458787,28,81,0.345679012345679,74,89
v2_target_relocation_s15,v2,target_relocation,15,random_regular,100,4,780,68,3.208580884991321,35,68,0.5147058823529411,27,57
v2_target_relocation_s15,v2,target_relocation,15,random_regular,100,4,781,18,2.0431918705371204,9,18,0.5,69,57
v2_target_relocation_s15,v2,target_relocation,15,random_regular,100,4,782,98,3.5065025850265608,36,98,0.3673469387755102,96,57
v2_target_relocation_s15,v2,target_relocation,15,random_regular,100,4,783,2,-1.000088900581841e-12,1,2,0.5,47,89
v2_target_relocation_s15,v2,target_relocation,15,random_regular,100,4,784,13,1.791759469222055,6,13,0.46153846153846156,41,57
v2_target_relocation_s15,v2,target_relocation,15,random_regular,100,4,785,41,2.846480386116867,21,41,0.5121951219512195,62,89
v2_target_relocation_s15,v2,target_relocation,15,random_regular,100,4,786,34,2.7080502010872096,15,34,0.4411764705882353,93,19
v2_target_relocation_s15,v2,target_relocation,15,random_regular,100,4,787,18,2.197224577327219,9,18,0.5,42,58
v2_target_relocation_s15,v2,target_relocation,15,random_regular,100,4,788,73,3.335770806415738,32,73,0.4383561643835616,94,19
v2_target_relocation_s15,v2,target_relocation,15,random_regular,100,4,789,63,2.61563057701355,15,63,0.23809523809523808,27,89
v2_target_relocation_s15,v2,target_relocation,15,random_regular,100,4,790,103,3.6011047291335987,38,103,0.36893203883495146,16,89
v2_target_relocation_s15,v2,target_relocation,15,random_regular,100,4,791,44,2.557793860093732,17,44,0.38636363636363635,56,57
v2_target_relocation_s15,v2,target_relocation,15,random_regular,100,4,792,76,2.631337528011332,26,76,0.34210526315789475,29,58
v2_target_relocation_s15,v2,target_relocation,15,random_regular,100,4,793,71,3.16936783013211,36,71,0.5070422535211268,52,57
v2_target_relocation_s15,v2,target_relocation,15,random_regular,100,4,794,48,2.7080502010872096,15,48,0.3125,7,14
v2_target_relocation_s15,v2,target_relocation,15,random_regular,100,4,795,2,0.6931471805579453,2,2,1.0,51,89
v2_target_relocation_s15,v2,target_relocation,15,random_regular,100,4,796,12,1.3862943611158909,4,12,0.3333333333333333,3,14
v2_target_relocation_s15,v2,target_relocation,15,random_regular,100,4,797,113,3.673173853440987,47,113,0.415929203539823,56,57
v2_target_relocation_s15,v2,target_relocation,15,random_regular,100,4,798,53,2.8716496251169272,23,53,0.4339622641509434,90,89
v2_target_relocation_s15,v2,target_relocation,15,random_regular,100,4,799,74,2.7985132569262934,19,74,0.25675675675675674,22,89
v2_target_relocation_s15,v2,target_relocation,15,random_regular,100,4,800,4,0.6931471805579453,2,4,0.5,95,58
v2_target_relocation_s15,v2,target_relocation,15,random_regular,100,4,801,16,1.9061547465328492,8,16,0.5,3,14
v2_target_relocation_s15,v2,target_relocation,15,random_regular,100,4,802,137,3.557885692711513,52,137,0.3795620437956204,24,14
v2_target_relocation_s15,v2,target_relocation,15,random_regular,100,4,803,157,4.017044059505271,65,157,0.4140127388535032,63,14
v2_target_relocation_s15,v2,target_relocation,15,random_regular,100,4,804,101,3.491660437469239,38,101,0.37623762376237624,61,58
v2_target_relocation_s15,v2,target_relocation,15,random_regular,100,4,805,154,3.985428526609778,69,154,0.44805194805194803,96,57
v2_target_relocation_s15,v2,target_relocation,15,random_regular,100,4,806,41,2.8647385121715674,26,41,0.6341463414634146,24,19
v2_target_relocation_s15,v2,target_relocation,15,random_regular,100,4,807,166,3.99199367775668,79,166,0.4759036144578313,62,57
v2_target_relocation_s15,v2,target_relocation,15,random_regular,100,4,808,2,-1.000088900581841e-12,1,2,0.5,79,57
v2_target_relocation_s15,v2,target_relocation,15,random_regular,100,4,809,71,3.4761312408209912,35,71,0.49295774647887325,90,89
v2_target_relocation_s15,v2,target_relocation,15,random_regular,100,4,810,503,4.841434862829688,209,503,0.415506958250497,32,57
v2_target_relocation_s15,v2,target_relocation,15,random_regular,100,4,811,46,3.0910424533363146,22,46,0.4782608695652174,71,58
v2_target_relocation_s15,v2,target_relocation,15,random_regular,100,4,812,13,1.6094379124291005,5,13,0.38461538461538464,45,58
v2_target_relocation_s15,v2,target_relocation,15,random_regular,100,4,813,78,3.472414980727339,39,78,0.5,94,89
v2_target_relocation_s15,v2,target_relocation,15,random_regular,100,4,814,120,3.913061841686953,59,120,0.49166666666666664,78,57
v2_target_relocation_s15,v2,target_relocation,15,random_regular,100,4,815,74,3.379092505199735,32,74,0.43243243243243246,77,19
v2_target_relocation_s15,v2,target_relocation,15,random_regular,100,4,816,2,-1.000088900581841e-12,1,2,0.5,20,58
v2_target_relocation_s15,v2,target_relocation,15,random_regular,100,4,817,85,3.444813797459462,34,85,0.4,32,58
v2_target_relocation_s15,v2,target_relocation,15,random_regular,100,4,818,17,2.079441541671836,8,17,0.47058823529411764,8,57
v2_target_relocation_s15,v2,target_relocation,15,random_regular,100,4,819,94,3.544511778726858,41,94,0.43617021276595747,40,14
v2_target_relocation_s15,v2,target_relocation,15,random_regular,100,4,820,104,3.5106997211395683,41,104,0.3942307692307692,55,19
v2_target_relocation_s15,v2,target_relocation,15,random_regular,100,4,821,56,2.991501468554349,26,56,0.4642857142857143,72,89
v2_target_relocation_s15,v2,target_relocation,15,random_regular,100,4,822,133,3.755676480770567,48,133,0.3609022556390977,81,19
v2_target_relocation_s15,v2,target_relocation,15,random_regular,100,4,823,48,2.9957322735339904,20,48,0.4166666666666667,2,58
v2_target_relocation_s15,v2,target_relocation,15,random_regular,100,4,824,87,3.34787741904957,34,87,0.39080459770114945,2,19
v2_target_relocation_s15,v2,target_relocation,15,random_regular,100,4,825,6,1.3862943611158909,4,6,0.6666666666666666,88,14
v2_target_relocation_s15,v2,target_relocation,15,random_regular,100,4,826,29,2.20478541690352,13,29,0.4482758620689655,23,58
v2_target_relocation_s15,v2,target_relocation,15,random_regular,100,4,827,82,3.308777757559495,30,82,0.36585365853658536,44,14
v2_target_relocation_s15,v2,target_relocation,15,random_regular,100,4,828,0,0.0,0,0,,57,57
v2_target_relocation_s15,v2,target_relocation,15,random_regular,100,4,829,8,1.6094379124291005,5,8,0.625,72,57
v2_target_relocation_s15,v2,target_relocation,15,random_regular,100,4,830,152,3.8213821184280383,55,152,0.3618421052631579,82,57
v2_target_relocation_s15,v2,target_relocation,15,random_regular,100,4,831,75,3.232775904355102,32,75,0.4266666666666667,0,19
v2_target_relocation_s15,v2,target_relocation,15,random_regular,100,4,832,23,2.197224577327219,9,23,0.391304347826087,54,89
v2_target_relocation_s15,v2,target_relocation,15,random_regular,100,4,833,99,3.4450631495570665,48,99,0.48484848484848486,0,57
v2_target_relocation_s15,v2,target_relocation,15,random_regular,100,4,834,18,2.3978952727873706,11,18,0.6111111111111112,50,89
v2_target_relocation_s15,v2,target_relocation,15,random_regular,100,4,835,65,3.0864593035104697,32,65,0.49230769230769234,17,58
v2_target_relocation_s15,v2,target_relocation,15,random_regular,100,4,836,6,1.3862943611158909,4,6,0.6666666666666666,70,57
v2_target_relocation_s15,v2,target_relocation,15,random_regular,100,4,837,285,4.280719199112401,107,285,0.37543859649122807,82,57
v2_target_relocation_s15,v2,target_relocation,15,random_regular,100,4,838,3,0.6931471805579453,2,3,0.6666666666666666,82,19
v2_target_relocation_s15,v2,target_relocation,15,random_regular,100,4,839,7,0.6931471805579453,2,7,0.2857142857142857,85,89
v2_target_relocation_s15,v2,target_relocation,15,random_regular,100,4,840,97,3.5065025850265608,36,97,0.3711340206185567,76,58
v2_target_relocation_s15,v2,target_relocation,15,random_regular,100,4,841,87,3.4761312408209912,35,87,0.40229885057471265,55,58
v2_target_relocation_s15,v2,target_relocation,15,random_regular,100,4,842,0,0.0,0,0,,57,57
v2_target_relocation_s15,v2,target_relocation,15,random_regular,100,4,843,54,2.692310994125785,20,54,0.37037037037037035,94,19
v2_target_relocation_s15,v2,target_relocation,15,random_regular,100,4,844,82,3.2255573283655203,34,82,0.4146341463414634,85,57
v2_target_relocation_s15,v2,target_relocation,15,random_regular,100,4,845,17,1.6094379124291005,5,17,0.29411764705882354,51,89
v2_target_relocation_s15,v2,target_relocation,15,random_regular,100,4,846,40,2.5126585295168016,16,40,0.4,76,58
v2_target_relocation_s15,v2,target_relocation,15,random_regular,100,4,847,9,1.0986122886651095,3,9,0.3333333333333333,49,89
v2_target_relocation_s15,v2,target_relocation,15,random_regular,100,4,848,65,3.2625679455231658,30,65,0.46153846153846156,30,89
v2_target_relocation_s15,v2,target_relocation,15,random_regular,100,4,849,101,3.2121713795347446,40,101,0.39603960396039606,75,57
v2_target_relocation_s15,v2,target_relocation,15,random_regular,100,4,850,69,3.044820482442576,26,69,0.37681159420289856,71,58
v2_target_relocation_s15,v2,target_relocation,15,random_regular,100,4,851,22,1.7328679513938632,8,22,0.36363636363636365,91,89
v2_target_relocation_s15,v2,target_relocation,15,random_regular,100,4,852,39,2.5232109529398907,15,39,0.38461538461538464,41,57
v2_target_relocation_s15,v2,target_relocation,15,random_regular,100,4,853,0,0.0,0,0,,58,58
v2_target_relocation_s15,v2,target_relocation,15,random_regular,100,4,854,131,3.6745861847901296,52,131,0.3969465648854962,54,19
v2_target_relocation_s15,v2,target_relocation,15,random_regular,100,4,855,108,3.362158709214976,43,108,0.39814814814814814,85,89
v2_target_relocation_s15,v2,target_relocation,15,random_regular,100,4,856,79,3.498515667114017,37,79,0.46835443037974683,91,58
v2_target_relocation_s15,v2,target_relocation,15,random_regular,100,4,857,124,3.6520250575102735,50,124,0.4032258064516129,52,58
v2_target_relocation_s15,v2,target_relocation,15,random_regular,100,4,858,125,3.675018539949934,57,125,0.456,87,14
v2_target_relocation_s15,v2,target_relocation,15,random_regular,100,4,859,100,3.461048251949615,37,100,0.37,82,58
v2_target_relocation_s15,v2,target_relocation,15,random_regular,100,4,860,118,3.531749628878942,41,118,0.3474576271186441,68,89
v2_target_relocation_s15,v2,target_relocation,15,random_regular,100,4,861,132,3.812405221619739,58,132,0.4393939393939394,39,57
v2_target_relocation_s15,v2,target_relocation,15,random_regular,100,4,862,118,3.547677179237244,51,118,0.4322033898305085,53,57
v2_target_relocation_s15,v2,target_relocation,15,random_regular,100,4,863,5,0.6931471805579453,2,5,0.4,6,57
v2_target_relocation_s15,v2,target_relocation,15,random_regular,100,4,864,85,3.322493706775413,34,85,0.4,27,57
v2_target_relocation_s15,v2,target_relocation,15,random_regular,100,4,865,7,1.3862943611158909,4,7,0.5714285714285714,39,57
v2_target_relocation_s15,v2,target_relocation,15,random_regular,100,4,866,43,2.61563057701355,15,43,0.3488372093023256,96,14
v2_target_relocation_s15,v2,target_relocation,15,random_regular,100,4,867,47,2.5993019270857944,16,47,0.3404255319148936,81,14
v2_target_relocation_s15,v2,target_relocation,15,random_regular,100,4,868,37,2.685945324654788,16,37,0.43243243243243246,93,58
v2_target_relocation_s15,v2,target_relocation,15,random_regular,100,4,869,15,1.9459101490483133,7,15,0.4666666666666667,84,58
v2_target_relocation_s15,v2,target_relocation,15,random_regular,100,4,870,2,0.6931471805579453,2,2,1.0,85,57
v2_target_relocation_s15,v2,target_relocation,15,random_regular,100,4,871,143,3.877292041206194,64,143,0.44755244755244755,34,19
v2_target_relocation_s15,v2,target_relocation,15,random_regular,100,4,872,101,3.539627566658813,42,101,0.4158415841584158,6,89
v2_target_relocation_s15,v2,target_relocation,15,random_regular,100,4,873,53,2.931923292990705,23,53,0.4339622641509434,75,57
v2_target_relocation_s15,v2,target_relocation,15,random_regular,100,4,874,15,1.791759469222055,6,15,0.4,91,58
v2_target_relocation_s15,v2,target_relocation,15,random_regular,100,4,875,21,1.9459101490483133,7,21,0.3333333333333333,17,14
v2_target_relocation_s15,v2,target_relocation,15,random_regular,100,4,876,12,1.7478680974607577,7,12,0.5833333333333334,22,14
v2_target_relocation_s15,v2,target_relocation,15,random_regular,100,4,877,84,3.422414203983732,32,84,0.38095238095238093,94,14
v2_target_relocation_s15,v2,target_relocation,15,random_regular,100,4,878,43,2.9444389791474395,19,43,0.4418604651162791,98,89
v2_target_relocation_s15,v2,target_relocation,15,random_regular,100,4,879,1,-1.000088900581841e-12,1,1,1.0,47,89
v2_target_relocation_s15,v2,target_relocation,15,random_regular,100,4,880,3,0.6931471805579453,2,3,0.6666666666666666,47,58
v2_target_relocation_s15,v2,target_relocation,15,random_regular,100,4,881,4,0.6931471805579453,2,4,0.5,70,14
v2_target_relocation_s15,v2,target_relocation,15,random_regular,100,4,882,3,0.6931471805579453,2,3,0.6666666666666666,45,14
v2_target_relocation_s15,v2,target_relocation,15,random_regular,100,4,883,18,1.8891591637470213,9,18,0.5,20,58
v2_target_relocation_s15,v2,target_relocation,15,random_regular,100,4,884,88,3.2491274088477446,32,88,0.36363636363636365,51,58
v2_target_relocation_s15,v2,target_relocation,15,random_regular,100,4,885,55,3.10797227595561,25,55,0.45454545454545453,69,19
v2_target_relocation_s15,v2,target_relocation,15,random_regular,100,4,886,4,-1.000088900581841e-12,1,4,0.25,84,89
v2_target_relocation_s15,v2,target_relocation,15,random_regular,100,4,887,188,3.894102575328986,76,188,0.40425531914893614,56,58
v2_target_relocation_s15,v2,target_relocation,15,random_regular,100,4,888,93,3.3909780549362365,36,93,0.3870967741935484,90,57
v2_target_relocation_s15,v2,target_relocation,15,random_regular,100,4,889,34,2.61563057701355,15,34,0.4411764705882353,55,57
v2_target_relocation_s15,v2,target_relocation,15,random_regular,100,4,890,102,3.578323836314148,41,102,0.4019607843137255,1,57
v2_target_relocation_s15,v2,target_relocation,15,random_regular,100,4,891,110,3.5157396511377024,35,110,0.3181818181818182,71,89
v2_target_relocation_s15,v2,target_relocation,15,random_regular,100,4,892,44,2.9957322735339904,20,44,0.45454545454545453,40,58
v2_target_relocation_s15,v2,target_relocation,15,random_regular,100,4,893,76,3.39529715333848,37,76,0.4868421052631579,40,89
v2_target_relocation_s15,v2,target_relocation,15,random_regular,100,4,894,52,2.685945324654788,16,52,0.3076923076923077,42,58
v2_target_relocation_s15,v2,target_relocation,15,random_regular,100,4,895,5,0.6931471805579453,2,5,0.4,65,57
v2_target_relocation_s15,v2,target_relocation,15,random_regular,100,4,896,54,2.918057526059794,26,54,0.48148148148148145,16,14
v2_target_relocation_s15,v2,target_relocation,15,random_regular,100,4,897,107,3.544511778726858,41,107,0.38317757009345793,93,89
v2_target_relocation_s15,v2,target_relocation,15,random_regular,100,4,898,20,1.6094379124291005,5,20,0.25,54,14
v2_target_relocation_s15,v2,target_relocation,15,random_regular,100,4,899,192,4.005376017922471,83,192,0.4322916666666667,74,89
v2_target_relocation_s15,v2,target_relocation,15,random_regular,100,4,900,51,3.0280290732864104,22,51,0.43137254901960786,3,19
v2_target_relocation_s15,v2,target_relocation,15,random_regular,100,4,901,55,2.7914209200671944,22,55,0.4,60,58
v2_target_relocation_s15,v2,target_relocation,15,random_regular,100,4,902,9,1.3862943611158909,4,9,0.4444444444444444,40,58
v2_target_relocation_s15,v2,target_relocation,15,random_regular,100,4,903,28,1.8636799873340004,12,28,0.42857142857142855,90,89
v2_target_relocation_s15,v2,target_relocation,15,random_regular,100,4,904,60,3.120291565278284,24,60,0.4,93,14
v2_target_relocation_s15,v2,target_relocation,15,random_regular,100,4,905,3,1.0986122886651095,3,3,1.0,48,19
v2_target_relocation_s15,v2,target_relocation,15,random_regular,100,4,906,4,-1.000088900581841e-12,1,4,0.25,37,19
v2_target_relocation_s15,v2,target_relocation,15,random_regular,100,4,907,30,2.484906649776,12,30,0.4,71,89
v2_target_relocation_s15,v2,target_relocation,15,random_regular,100,4,908,7,1.039720770836918,4,7,0.5714285714285714,82,19
v2_target_relocation_s15,v2,target_relocation,15,random_regular,100,4,909,55,3.244492630381296,27,55,0.4909090909090909,33,57
v2_target_relocation_s15,v2,target_relocation,15,random_regular,100,4,910,2,0.6931471805579453,2,2,1.0,69,14
v2_target_relocation_s15,v2,target_relocation,15,random_regular,100,4,911,112,3.51777588098224,45,112,0.4017857142857143,15,19
v2_target_relocation_s15,v2,target_relocation,15,random_regular,100,4,912,21,2.0431918705371204,9,21,0.42857142857142855,0,57
v2_target_relocation_s15,v2,target_relocation,15,random_regular,100,4,913,207,4.049889434949062,81,207,0.391304347826087,71,89
v2_target_relocation_s15,v2,target_relocation,15,random_regular,100,4,914,48,3.062529300232621,24,48,0.5,88,89
v2_target_relocation_s15,v2,target_relocation,15,random_regular,100,4,915,31,2.540036303807981,14,31,0.45161290322580644,48,58
v2_target_relocation_s15,v2,target_relocation,15,random_regular,100,4,916,65,2.871476118036867,19,65,0.2923076923076923,98,58
v2_target_relocation_s15,v2,target_relocation,15,random_regular,100,4,917,30,2.813355404483615,18,30,0.6,52,19
v2_target_relocation_s15,v2,target_relocation,15,random_regular,100,4,918,19,1.791759469222055,6,19,0.3157894736842105,9,58
v2_target_relocation_s15,v2,target_relocation,15,random_regular,100,4,919,14,1.791759469222055,6,14,0.42857142857142855,66,58
v2_target_relocation_s15,v2,target_relocation,15,random_regular,100,4,920,16,2.079441541671836,8,16,0.5,41,19
v2_target_relocation_s15,v2,target_relocation,15,random_regular,100,4,921,21,2.0253262207620675,10,21,0.47619047619047616,82,19
v2_target_relocation_s15,v2,target_relocation,15,random_regular,100,4,922,50,2.787788119369007,20,50,0.4,11,58
v2_target_relocation_s15,v2,target_relocation,15,random_regular,100,4,923,92,3.3499271910945767,41,92,0.44565217391304346,36,89
v2_target_relocation_s15,v2,target_relocation,15,random_regular,100,4,924,71,2.765669184669764,35,71,0.49295774647887325,86,14
v2_target_relocation_s15,v2,target_relocation,15,random_regular,100,4,925,37,2.5649493574485365,13,37,0.35135135135135137,79,89
v2_target_relocation_s15,v2,target_relocation,15,random_regular,100,4,926,89,3.5646232985788124,38,89,0.42696629213483145,31,89
v2_target_relocation_s15,v2,target_relocation,15,random_regular,100,4,927,14,1.9459101490483133,7,14,0.5,63,89
v2_target_relocation_s15,v2,target_relocation,15,random_regular,100,4,928,194,4.1277595473284405,77,194,0.39690721649484534,99,89
v2_target_relocation_s15,v2,target_relocation,15,random_regular,100,4,929,149,3.936787148657477,63,149,0.4228187919463087,21,89
v2_target_relocation_s15,v2,target_relocation,15,random_regular,100,4,930,14,1.791759469222055,6,14,0.42857142857142855,48,89
v2_target_relocation_s15,v2,target_relocation,15,random_regular,100,4,931,11,1.3862943611158909,4,11,0.36363636363636365,7,58
v2_target_relocation_s15,v2,target_relocation,15,random_regular,100,4,932,36,2.7080502010872096,15,36,0.4166666666666667,28,57
v2_target_relocation_s15,v2,target_relocation,15,random_regular,100,4,933,36,2.8332133440392155,17,36,0.4722222222222222,78,58
v2_target_relocation_s15,v2,target_relocation,15,random_regular,100,4,934,47,3.044522437702424,21,47,0.44680851063829785,12,89
v2_target_relocation_s15,v2,target_relocation,15,random_regular,100,4,935,15,2.079441541671836,8,15,0.5333333333333333,65,19
v2_target_relocation_s15,v2,target_relocation,15,random_regular,100,4,936,127,3.730849014314828,59,127,0.4645669291338583,72,19
v2_target_relocation_s15,v2,target_relocation,15,random_regular,100,4,937,64,3.319492576126754,29,64,0.453125,41,57
v2_target_relocation_s15,v2,target_relocation,15,random_regular,100,4,938,51,2.736339051089065,18,51,0.35294117647058826,91,89
v2_target_relocation_s15,v2,target_relocation,15,random_regular,100,4,939,12,1.9459101490483133,7,12,0.5833333333333334,37,19
v2_target_relocation_s15,v2,target_relocation,15,random_regular,100,4,940,11,1.3862943611158909,4,11,0.36363636363636365,36,19
v2_target_relocation_s15,v2,target_relocation,15,random_regular,100,4,941,20,2.639057329601259,14,20,0.7,43,58
v2_target_relocation_s15,v2,target_relocation,15,random_regular,100,4,942,4,1.0986122886651095,3,4,0.75,0,19
v2_target_relocation_s15,v2,target_relocation,15,random_regular,100,4,943,185,3.989308107789749,75,185,0.40540540540540543,85,58
v2_target_relocation_s15,v2,target_relocation,15,random_regular,100,4,944,69,3.0752205480323718,23,69,0.3333333333333333,23,57
v2_target_relocation_s15,v2,target_relocation,15,random_regular,100,4,945,146,4.010664300021868,67,146,0.4589041095890411,67,19
v2_target_relocation_s15,v2,target_relocation,15,random_regular,100,4,946,59,2.985630919874231,28,59,0.4745762711864407,68,14
v2_target_relocation_s15,v2,target_relocation,15,random_regular,100,4,947,4,0.6931471805579453,2,4,0.5,32,89
v2_target_relocation_s15,v2,target_relocation,15,random_regular,100,4,948,193,4.189696978410648,85,193,0.44041450777202074,78,14
v2_target_relocation_s15,v2,target_relocation,15,random_regular,100,4,949,120,3.693848158632537,51,120,0.425,65,57
v2_target_relocation_s15,v2,target_relocation,15,random_regular,100,4,950,26,2.540036303807981,14,26,0.5384615384615384,75,19
v2_target_relocation_s15,v2,target_relocation,15,random_regular,100,4,951,80,3.019736127116995,27,80,0.3375,45,14
v2_target_relocation_s15,v2,target_relocation,15,random_regular,100,4,952,7,0.6931471805579453,2,7,0.2857142857142857,59,89
v2_target_relocation_s15,v2,target_relocation,15,random_regular,100,4,953,71,3.299829685639092,31,71,0.43661971830985913,63,14
v2_target_relocation_s15,v2,target_relocation,15,random_regular,100,4,954,51,3.052520501511814,25,51,0.49019607843137253,25,58
v2_target_relocation_s15,v2,target_relocation,15,random_regular,100,4,955,25,2.484906649776,12,25,0.48,10,89
v2_target_relocation_s15,v2,target_relocation,15,random_regular,100,4,956,144,3.931717129119386,55,144,0.3819444444444444,63,19
v2_target_relocation_s15,v2,target_relocation,15,random_regular,100,4,957,27,2.6593226976945163,18,27,0.6666666666666666,51,57
v2_target_relocation_s15,v2,target_relocation,15,random_regular,100,4,958,172,3.774297139146558,64,172,0.37209302325581395,11,89
v2_target_relocation_s15,v2,target_relocation,15,random_regular,100,4,959,39,2.7080502010872096,15,39,0.38461538461538464,12,57
v2_target_relocation_s15,v2,target_relocation,15,random_regular,100,4,960,1,-1.000088900581841e-12,1,1,1.0,97,89
v2_target_relocation_s15,v2,target_relocation,15,random_regular,100,4,961,4,1.0986122886651095,3,4,0.75,20,89
v2_target_relocation_s15,v2,target_relocation,15,random_regular,100,4,962,266,4.265392557101933,100,266,0.37593984962406013,40,89
v2_target_relocation_s15,v2,target_relocation,15,random_regular,100,4,963,6,1.3862943611158909,4,6,0.6666666666666666,20,89
v2_target_relocation_s15,v2,target_relocation,15,random_regular,100,4,964,4,1.3862943611158909,4,4,1.0,84,89
v2_target_relocation_s15,v2,target_relocation,15,random_regular,100,4,965,46,3.044522437702424,21,46,0.45652173913043476,95,57
v2_target_relocation_s15,v2,target_relocation,15,random_regular,100,4,966,63,3.176082814634593,29,63,0.4603174603174603,94,14
v2_target_relocation_s15,v2,target_relocation,15,random_regular,100,4,967,70,3.4544986414005443,33,70,0.4714285714285714,69,57
v2_target_relocation_s15,v2,target_relocation,15,random_regular,100,4,968,50,3.0910424533363146,22,50,0.44,75,19
v2_target_relocation_s15,v2,target_relocation,15,random_regular,100,4,969,8,1.0986122886651095,3,8,0.375,29,19
v2_target_relocation_s15,v2,target_relocation,15,random_regular,100,4,970,28,2.61563057701355,15,28,0.5357142857142857,0,89
v2_target_relocation_s15,v2,target_relocation,15,random_regular,100,4,971,1,-1.000088900581841e-12,1,1,1.0,12,19
v2_target_relocation_s15,v2,target_relocation,15,random_regular,100,4,972,9,1.3862943611158909,4,9,0.4444444444444444,6,58
v2_target_relocation_s15,v2,target_relocation,15,random_regular,100,4,973,98,3.691536538915632,47,98,0.47959183673469385,78,57
v2_target_relocation_s15,v2,target_relocation,15,random_regular,100,4,974,190,3.900741484108389,83,190,0.4368421052631579,54,19
v2_target_relocation_s15,v2,target_relocation,15,random_regular,100,4,975,87,3.430313456117072,41,87,0.47126436781609193,90,57
v2_target_relocation_s15,v2,target_relocation,15,random_regular,100,4,976,9,0.6931471805579453,2,9,0.2222222222222222,32,58
v2_target_relocation_s15,v2,target_relocation,15,random_regular,100,4,977,9,1.0986122886651095,3,9,0.3333333333333333,7,57
v2_target_relocation_s15,v2,target_relocation,15,random_regular,100,4,978,238,4.246074974716538,101,238,0.42436974789915966,36,89
v2_target_relocation_s15,v2,target_relocation,15,random_regular,100,4,979,41,2.588573162668117,17,41,0.4146341463414634,52,89
v2_target_relocation_s15,v2,target_relocation,15,random_regular,100,4,980,18,2.079441541671836,8,18,0.4444444444444444,92,19
v2_target_relocation_s15,v2,target_relocation,15,random_regular,100,4,981,4,-1.000088900581841e-12,1,4,0.25,12,19
v2_target_relocation_s15,v2,target_relocation,15,random_regular,100,4,982,143,4.003766425393112,65,143,0.45454545454545453,2,58
v2_target_relocation_s15,v2,target_relocation,15,random_regular,100,4,983,157,3.91745862057526,62,157,0.39490445859872614,56,58
v2_target_relocation_s15,v2,target_relocation,15,random_regular,100,4,984,59,3.044522437702424,21,59,0.3559322033898305,43,14
v2_target_relocation_s15,v2,target_relocation,15,random_regular,100,4,985,6,0.6931471805579453,2,6,0.3333333333333333,44,89
v2_target_relocation_s15,v2,target_relocation,15,random_regular,100,4,986,108,3.502670849459592,49,108,0.4537037037037037,97,19
v2_target_relocation_s15,v2,target_relocation,15,random_regular,100,4,987,69,3.233183484354926,28,69,0.4057971014492754,29,14
v2_target_relocation_s15,v2,target_relocation,15,random_regular,100,4,988,137,3.830895721041939,55,137,0.40145985401459855,98,58
v2_target_relocation_s15,v2,target_relocation,15,random_regular,100,4,989,19,2.079441541671836,8,19,0.42105263157894735,51,58
v2_target_relocation_s15,v2,target_relocation,15,random_regular,100,4,990,48,2.61563057701355,15,48,0.3125,0,57
v2_target_relocation_s15,v2,target_relocation,15,random_regular,100,4,991,32,2.926417555478996,20,32,0.625,83,58
v2_target_relocation_s15,v2,target_relocation,15,random_regular,100,4,992,27,2.1639556568730565,10,27,0.37037037037037035,74,14
v2_target_relocation_s15,v2,target_relocation,15,random_regular,100,4,993,50,2.902002313186603,22,50,0.44,4,14
v2_target_relocation_s15,v2,target_relocation,15,random_regular,100,4,994,104,3.225557328365521,34,104,0.3269230769230769,21,14
v2_target_relocation_s15,v2,target_relocation,15,random_regular,100,4,995,39,2.751666616915516,17,39,0.4358974358974359,22,14
v2_target_relocation_s15,v2,target_relocation,15,random_regular,100,4,996,108,3.4911163241998726,43,108,0.39814814814814814,0,19
v2_target_relocation_s15,v2,target_relocation,15,random_regular,100,4,997,49,2.6980110198281126,19,49,0.3877551020408163,72,57
v2_target_relocation_s15,v2,target_relocation,15,random_regular,100,4,998,58,3.135494215906149,23,58,0.39655172413793105,56,89
v2_target_relocation_s15,v2,target_relocation,15,random_regular,100,4,999,1,-1.000088900581841e-12,1,1,1.0,47,89
